Date,Open,High,Low,Close,Volume,AdjClose
2003-04-14,11.1444,11.2222,11.1444,11.2222,93600,7.1993
2003-04-15,11.2911,11.3889,11.2911,11.3556,421200,7.2848
2003-04-16,11.4778,11.5333,11.4778,11.4867,9000,7.3689
2003-04-17,11.5500,11.5722,11.5300,11.5689,17100,7.4217
2003-04-21,11.5822,11.5833,11.5556,11.5644,72900,7.4188
2003-04-22,11.5633,11.6033,11.5278,11.6033,19800,7.4438
2003-04-23,11.6111,11.6578,11.5722,11.6578,31500,7.4787
2003-04-24,11.5667,11.5667,11.4000,11.4278,90000,7.3312
2003-04-25,11.2678,11.2678,11.2222,11.2389,102600,7.2100
2003-04-28,11.2678,11.4244,11.2667,11.4244,91800,7.3290
2003-04-29,11.6011,11.7556,11.6011,11.7500,76500,7.5379
2003-04-30,11.7222,11.7322,11.6867,11.7167,228600,7.5165
2003-05-01,11.6833,11.7300,11.6667,11.6711,234900,7.4873
2003-05-02,11.7089,11.8500,11.7089,11.8500,67500,7.6020
2003-05-05,11.8944,11.9800,11.8944,11.9778,47700,7.6840
2003-05-06,11.9778,12.0533,11.9667,12.0389,109800,7.7232
2003-05-07,11.9889,12.0189,11.9789,12.0167,313200,7.7089
2003-05-08,11.9444,11.9511,11.9000,11.9111,417600,7.6412
2003-05-09,11.9278,12.0600,11.9278,12.0511,63000,7.7310
2003-05-12,12.1056,12.2189,12.1000,12.2189,752400,7.8387
2003-05-13,12.1756,12.1756,12.1167,12.1500,276300,7.7945
2003-05-14,12.1500,12.1500,12.0656,12.0889,206100,7.7553
2003-05-15,12.1133,12.1133,12.0833,12.1133,337500,7.7709
2003-05-16,12.1444,12.1667,12.0889,12.1222,256500,7.7767
2003-05-19,12.0444,12.0444,11.7889,11.8333,128700,7.5913
2003-05-20,11.8611,11.9067,11.8278,11.8922,53100,7.6291
2003-05-21,11.8711,11.9056,11.8089,11.9022,45900,7.6355
2003-05-22,11.9056,12.0100,11.9056,12.0100,84600,7.7047
2003-05-23,12.0944,12.1622,12.0944,12.1333,74700,7.7838
2003-05-27,12.1622,12.5756,12.1622,12.5678,864000,8.0625
2003-05-28,12.5678,12.6400,12.5678,12.6222,396000,8.0974
2003-05-29,12.6111,12.6644,12.5889,12.6389,306900,8.1081
2003-05-30,12.6667,12.7856,12.6411,12.7856,368100,8.2022
2003-06-02,12.8222,13.0222,12.8222,12.8778,587700,8.2614
2003-06-03,12.8889,12.8889,12.6744,12.7800,244800,8.1986
2003-06-04,12.7778,12.9456,12.7778,12.9444,241200,8.3041
2003-06-05,12.9911,12.9911,12.8733,12.9578,509400,8.3127
2003-06-06,13.0278,13.2111,13.0267,13.0789,608400,8.3904
2003-06-09,13.0956,13.0956,12.9256,12.9667,208800,8.3184
2003-06-10,12.9711,13.1000,12.9711,13.1000,233100,8.4039
2003-06-11,13.0944,13.1211,13.0000,13.1111,294300,8.4110
2003-06-12,13.1333,13.2100,13.1233,13.2100,402300,8.4745
2003-06-13,13.1789,13.2167,13.1689,13.2056,694800,8.4716
2003-06-16,13.2444,13.3489,13.2278,13.3478,163800,8.5629
2003-06-17,13.4844,13.6333,13.4844,13.6222,352800,8.7389
2003-06-18,13.5856,13.6489,13.5422,13.5722,171900,8.7069
2003-06-19,13.6833,13.7056,13.5556,13.5722,225900,8.7069
2003-06-20,13.6111,13.6333,13.5333,13.5722,300600,8.7069
2003-06-23,13.5278,13.5278,13.2356,13.2389,332100,8.4930
2003-06-24,13.1833,13.1833,13.0667,13.1411,188100,8.4303
2003-06-25,13.1744,13.3311,13.1744,13.2500,1045800,8.5001
2003-06-26,13.3133,13.4000,13.2900,13.3933,210600,8.5921
2003-06-27,13.4111,13.4167,13.2978,13.3311,373500,8.5522
2003-06-30,13.3689,13.3689,13.3000,13.3222,279900,8.5465
2003-07-01,13.3722,13.4778,13.3333,13.4667,679500,8.6391
2003-07-02,13.6167,13.7933,13.6167,13.7833,1129500,8.8423
2003-07-03,13.8222,13.8289,13.7944,13.8222,110700,8.8672
2003-07-07,13.9667,14.1644,13.9667,14.1644,569700,9.0868
2003-07-08,14.1911,14.2300,14.1389,14.2044,347400,9.1124
2003-07-09,14.1944,14.1944,14.1111,14.1711,472500,9.0911
2003-07-10,14.0933,14.0933,13.8778,13.9222,1603800,8.9314
2003-07-11,13.9222,14.0389,13.9222,14.0389,212400,9.0062
2003-07-14,14.1944,14.3444,14.1944,14.2856,683100,9.1645
2003-07-15,14.3556,14.3556,14.1056,14.1056,2222100,9.0490
2003-07-16,14.0778,14.1556,14.0367,14.1167,828000,9.0561
2003-07-17,14.0278,14.0278,13.7478,13.7478,367200,8.8195
2003-07-18,13.7722,13.9311,13.7722,13.9311,205200,8.9371
2003-07-21,13.8767,13.8767,13.7289,13.7467,2148300,8.8188
2003-07-22,13.7822,13.9289,13.7667,13.9111,1022400,8.9243
2003-07-23,13.8667,13.8667,13.7400,13.8222,904500,8.8672
2003-07-24,13.9167,14.0100,13.8889,13.8889,749700,8.9100
2003-07-25,13.9911,14.1167,13.9722,14.1167,212400,9.0561
2003-07-28,14.2000,14.2389,14.1556,14.1944,1040400,9.1060
2003-07-29,14.2167,14.2233,14.1000,14.1144,805500,9.0547
2003-07-30,14.0811,14.0833,13.9833,14.0111,56700,8.9884
2003-07-31,14.0333,14.1211,14.0333,14.0778,339300,9.0312
2003-08-01,14.1056,14.1333,14.0900,14.1089,441000,9.0511
2003-08-04,14.1278,14.1356,14.0000,14.0467,394200,9.0112
2003-08-05,14.0467,14.0467,13.8956,13.8956,290700,8.9143
2003-08-06,13.8922,13.9078,13.7978,13.8333,371700,8.8744
2003-08-07,13.9333,13.9767,13.9000,13.9344,288900,8.9392
2003-08-08,14.0500,14.0556,13.9933,14.0278,153000,8.9991
2003-08-11,14.1111,14.1389,14.0556,14.0889,665100,9.0383
2003-08-12,14.1144,14.1567,14.0944,14.1444,727200,9.0739
2003-08-13,14.3189,14.3889,14.2533,14.3444,721800,9.2023
2003-08-14,14.3533,14.5433,14.3533,14.5333,404100,9.3234
2003-08-15,14.3889,14.3889,14.3889,14.3889,48600,9.2308
2003-08-18,14.5222,14.6978,14.5078,14.6956,1189800,9.4275
2003-08-19,14.7778,14.7778,14.6778,14.7678,453600,9.4738
2003-08-20,14.7333,14.7700,14.6800,14.7700,1125000,9.4753
2003-08-21,14.8900,15.0467,14.8722,15.0411,1083600,9.6492
2003-08-22,15.2222,15.2222,15.0722,15.1178,1008000,9.6984
2003-08-25,15.0967,15.0967,14.9844,15.0000,391500,9.6228
2003-08-26,14.9389,14.9389,14.7278,14.8167,1186200,9.5052
2003-08-27,14.8400,14.9889,14.7867,14.9889,632700,9.6157
2003-08-28,15.0411,15.0933,14.9522,15.0933,441900,9.6827
2003-08-29,15.1889,15.2333,15.1889,15.2022,417600,9.7525
2003-09-02,15.3333,15.4300,15.3111,15.4278,1471500,9.8972
2003-09-03,15.6389,15.6389,15.5389,15.5500,887400,9.9756
2003-09-04,15.5622,15.6278,15.5456,15.6056,458100,10.0113
2003-09-05,15.6333,15.6333,15.5611,15.5911,532800,10.0020
2003-09-08,15.7456,15.9056,15.7456,15.8867,659700,10.1916
2003-09-09,15.9200,15.9200,15.5867,15.6111,387900,10.0148
2003-09-10,15.5867,15.5867,15.2711,15.3511,569700,9.8481
2003-09-11,15.3567,15.4856,15.3333,15.3333,1097100,9.8366
2003-09-12,15.3833,15.4422,15.2778,15.4422,948600,9.9065
2003-09-15,15.4644,15.4644,15.1667,15.2144,809100,9.7604
2003-09-16,15.3667,15.5278,15.3322,15.5278,1987200,9.9614
2003-09-17,15.5544,15.5689,15.4511,15.4611,982800,9.9186
2003-09-18,15.4989,15.6667,15.4444,15.6389,762300,10.0327
2003-09-19,15.6611,15.6611,15.5322,15.5667,466200,9.9863
2003-09-22,15.4967,15.4967,15.2456,15.3122,4203900,9.8231
2003-09-23,15.3289,15.3611,15.3089,15.3500,453600,9.8473
2003-09-24,15.5467,15.5767,15.3667,15.3778,789300,9.8652
2003-09-25,15.3778,15.3778,15.1500,15.1500,530100,9.7190
2003-09-26,15.1500,15.1500,15.0444,15.0444,2994300,9.6513
2003-09-29,15.0689,15.1644,15.0556,15.1511,1071000,9.7197
2003-09-30,15.2456,15.2456,15.0556,15.1033,2218500,9.6891
2003-10-01,15.3122,15.5044,15.3011,15.5000,1123200,9.9436
2003-10-02,15.6456,15.7500,15.6111,15.7222,1017900,10.0861
2003-10-03,15.9444,15.9478,15.8511,15.8778,2016900,10.1859
2003-10-06,15.9578,15.9733,15.8922,15.9389,356400,10.2251
2003-10-07,15.9889,15.9889,15.8889,15.9222,529200,10.2144
2003-10-08,16.0622,16.0722,16.0211,16.0411,351000,10.2907
2003-10-09,16.2978,16.3889,16.2778,16.3111,987300,10.4639
2003-10-10,16.3978,16.5156,16.3978,16.5111,1278000,10.5922
2003-10-13,16.6111,16.7767,16.6111,16.7611,1638000,10.7526
2003-10-14,16.7133,16.7133,16.4333,16.4411,1341000,10.5473
2003-10-15,16.6389,16.7000,16.6000,16.6400,2833200,10.6749
2003-10-16,16.6400,16.6778,16.6111,16.6356,284400,10.6720
2003-10-17,16.6422,16.6422,16.5000,16.5344,273600,10.6072
2003-10-20,16.6578,16.6767,16.6056,16.6267,448200,10.6663
2003-10-21,16.6656,16.7100,16.6444,16.7100,977400,10.7198
2003-10-22,16.6778,16.6778,16.3967,16.4644,1390500,10.5623
2003-10-23,16.2222,16.2222,16.1133,16.2222,849600,10.4069
2003-10-24,16.1111,16.1367,16.0567,16.1367,1303200,10.3520
2003-10-27,16.2444,16.3333,16.2444,16.3222,1175400,10.4710
2003-10-28,16.5333,16.5656,16.4889,16.5456,625500,10.6143
2003-10-29,16.6000,16.6889,16.5667,16.6833,775800,10.7027
2003-10-30,16.7578,16.7722,16.6222,16.6233,603900,10.6642
2003-10-31,16.6367,16.6467,16.4689,16.4900,305100,10.5787
2003-11-03,16.7778,16.8889,16.7556,16.8833,1420200,10.8310
2003-11-04,16.9967,17.0000,16.9044,16.9300,923400,10.8609
2003-11-05,16.9700,16.9967,16.8956,16.9522,1408500,10.8752
2003-11-06,16.8833,16.8833,16.7456,16.8311,745200,10.7975
2003-11-07,16.8467,16.9100,16.8278,16.8489,659700,10.8089
2003-11-10,16.8122,16.8122,16.6056,16.6167,644400,10.6599
2003-11-11,16.4944,16.4944,16.3444,16.4033,731700,10.5231
2003-11-12,16.5089,16.7156,16.4856,16.6956,657900,10.7105
2003-11-13,16.8144,16.8256,16.6811,16.8244,972900,10.7932
2003-11-14,16.7867,16.8422,16.6811,16.7389,451800,10.7383
2003-11-17,16.6111,16.6111,16.3133,16.4122,1896300,10.5288
2003-11-18,16.5167,16.5611,16.4444,16.4444,1236600,10.5494
2003-11-19,16.3889,16.3889,16.2844,16.3378,1089900,10.4810
2003-11-20,16.1944,16.2167,16.1111,16.1267,505800,10.3456
2003-11-21,16.1822,16.2667,16.1822,16.2667,363600,10.4354
2003-11-24,16.2667,16.4500,16.2389,16.4433,1182600,10.5487
2003-11-25,16.4933,16.5444,16.4444,16.5000,2041200,10.5851
2003-11-26,16.6456,16.6511,16.5611,16.6511,1207800,10.6820
2003-11-28,16.6656,16.8478,16.6444,16.8000,619200,10.7775
2003-12-01,17.0444,17.2811,17.0444,17.2811,1340100,11.0862
2003-12-02,17.2811,17.2811,17.1833,17.2044,2511900,11.0370
2003-12-03,17.2911,17.3056,17.1444,17.1444,824400,10.9985
2003-12-04,17.1444,17.1444,16.9722,17.0267,709200,10.9230
2003-12-05,17.0033,17.0411,16.9089,16.9944,1263600,10.9023
2003-12-08,16.9722,17.0444,16.9622,17.0278,753300,10.9237
2003-12-09,17.1222,17.1500,16.9567,16.9567,1598400,10.8780
2003-12-10,17.0444,17.0556,16.8556,16.8889,561600,10.8346
2003-12-11,17.0389,17.2067,17.0222,17.1967,819000,11.0320
2003-12-12,17.2756,17.2778,17.2233,17.2756,1101600,11.0826
2003-12-15,17.4200,17.4467,17.2444,17.2889,1232100,11.0912
2003-12-16,17.3056,17.3056,17.1356,17.2167,669600,11.0448
2003-12-17,17.1067,17.1067,16.9756,17.0167,1114200,10.9165
2003-12-18,17.0867,17.2911,17.0867,17.2911,657900,11.0926
2003-12-19,17.2500,17.3567,17.2500,17.3333,559800,11.1197
2003-12-22,17.3222,17.5000,17.2833,17.5000,1562400,11.2767
2003-12-23,17.5000,17.5478,17.4633,17.5478,1328400,11.3075
2003-12-24,17.6022,17.6333,17.5667,17.6044,279000,11.3440
2003-12-26,17.6667,17.6667,17.6344,17.6489,216900,11.3726
2003-12-29,17.7778,17.9156,17.7556,17.9156,1450800,11.5445
2003-12-30,18.0211,18.0944,17.9956,18.0011,1374300,11.5996
2003-12-31,18.0889,18.2333,18.0889,18.2144,979200,11.7458
2004-01-02,18.3444,18.7100,18.3444,18.6200,1845000,12.0074
2004-01-05,19.1333,19.2733,19.0000,19.2733,2981700,12.4287
2004-01-06,19.2733,19.2733,19.0278,19.0556,3776400,12.2883
2004-01-07,18.9444,19.1000,18.9444,19.1000,1075500,12.3169
2004-01-08,19.1456,19.2111,19.0089,19.1722,1148400,12.3635
2004-01-09,19.1878,19.2911,19.1278,19.1378,1143900,12.3413
2004-01-12,19.1833,19.2056,19.0478,19.1211,1753200,12.3305
2004-01-13,19.1611,19.1778,18.9500,19.0122,1361700,12.2603
2004-01-14,18.9456,19.0733,18.9389,19.0422,1150200,12.2796
2004-01-15,18.9667,18.9678,18.6278,18.6533,1397700,12.0289
2004-01-16,18.6389,18.7367,18.6111,18.7333,1698300,12.0805
2004-01-20,19.1111,19.2944,19.0744,19.2778,1243800,12.4316
2004-01-21,19.2744,19.3722,19.1667,19.3033,1260000,12.4480
2004-01-22,19.2389,19.3044,19.0978,19.2544,1600200,12.4165
2004-01-23,19.2789,19.2889,19.1778,19.2222,811800,12.3957
2004-01-26,19.2744,19.3500,19.1911,19.3500,1946700,12.4781
2004-01-27,19.3889,19.4478,19.2222,19.2522,2822400,12.4151
2004-01-28,19.3556,19.3844,18.9556,18.9800,2428200,12.2395
2004-01-29,18.9044,18.9433,18.3678,18.6811,3085200,12.0468
2004-01-30,18.5556,18.6589,18.5167,18.6556,1413900,12.0303
2004-02-02,18.6800,18.6844,18.5778,18.6600,1466100,12.0332
2004-02-03,18.6722,18.6722,18.5267,18.5556,941400,11.9658
2004-02-04,18.4556,18.4833,18.3889,18.3889,1133100,11.8583
2004-02-05,18.3344,18.4178,18.3056,18.3833,1764000,11.8548
2004-02-06,18.5744,18.8511,18.5578,18.8022,1868400,12.1249
2004-02-09,19.0000,19.1656,18.8889,19.0733,882000,12.2997
2004-02-10,19.0800,19.0978,19.0122,19.0567,665100,12.2890
2004-02-11,19.1156,19.3767,19.0600,19.3522,2990700,12.4796
2004-02-12,19.4411,19.4411,19.3000,19.3422,2559600,12.4731
2004-02-13,19.5611,19.5722,19.3433,19.3556,1157400,12.4817
2004-02-17,19.6222,19.7444,19.5356,19.7444,2004300,12.7325
2004-02-18,19.7678,19.7678,19.4567,19.4756,894600,12.5591
2004-02-19,19.4789,19.5300,19.3056,19.3056,1216800,12.4495
2004-02-20,19.1111,19.1333,18.9289,19.0889,2828700,12.3097
2004-02-23,19.2000,19.2322,18.8978,18.9222,1368000,12.2023
2004-02-24,18.8800,18.8800,18.7778,18.8222,950400,12.1378
2004-02-25,18.8867,19.0311,18.8600,19.0278,752400,12.2703
2004-02-26,19.1256,19.1256,19.0422,19.1222,1440000,12.3312
2004-02-27,19.3411,19.4344,19.2889,19.3933,2112300,12.5061
2004-03-01,19.5378,19.8544,19.5256,19.8356,1488600,12.7912
2004-03-02,19.8578,19.8578,19.6756,19.6778,1095300,12.6895
2004-03-03,19.5544,19.5700,19.4222,19.5556,2036700,12.6107
2004-03-04,19.6111,19.6944,19.5878,19.6889,837900,12.6967
2004-03-05,19.6889,19.7911,19.6111,19.7611,1043100,12.7432
2004-03-08,19.8444,19.8889,19.5722,19.5722,1356300,12.6214
2004-03-09,19.6333,19.6333,19.3344,19.4444,1146600,12.5390
2004-03-10,19.4667,19.4667,18.9611,19.0000,3870900,12.2524
2004-03-11,18.7556,18.8033,18.5889,18.5889,3832200,11.9873
2004-03-12,18.6111,18.7889,18.6111,18.7444,1795500,12.0876
2004-03-15,18.6000,18.6389,18.3944,18.3944,2127600,11.8619
2004-03-16,18.4889,18.6278,18.4778,18.6222,2355300,12.0088
2004-03-17,18.8333,18.9089,18.7911,18.8778,3899700,12.1736
2004-03-18,18.9311,18.9922,18.8344,18.9889,1188000,12.2453
2004-03-19,19.0633,19.0633,18.7389,18.7389,2424600,12.0840
2004-03-22,18.8678,18.8678,18.3322,18.4389,3333600,11.8906
2004-03-23,18.5544,18.6433,18.5544,18.6244,1305000,12.0102
2004-03-24,18.6967,18.7267,18.6167,18.6389,889200,12.0196
2004-03-25,18.6867,18.8278,18.6667,18.8211,1724400,12.1371
2004-03-26,18.8222,18.8711,18.7833,18.7867,1903500,12.1149
2004-03-29,19.0556,19.0778,19.0189,19.0278,1031400,12.2703
2004-03-30,19.1633,19.2756,19.1389,19.2611,2089800,12.4208
2004-03-31,19.4333,19.5000,19.3911,19.5000,1773900,12.5749
2004-04-01,19.5433,19.6711,19.5411,19.6589,1648800,12.6773
2004-04-02,19.8833,19.9000,19.8144,19.8556,4001400,12.8041
2004-04-05,20.0200,20.0200,19.9556,19.9944,1177200,12.8937
2004-04-06,20.0022,20.1111,19.9944,20.1056,721800,12.9654
2004-04-07,20.2111,20.2178,19.9444,20.0333,1936800,12.9188
2004-04-08,20.2256,20.2333,19.9989,20.0500,802800,12.9295
2004-04-12,20.2000,20.2667,20.1600,20.2044,1048500,13.0291
2004-04-13,20.2167,20.2167,19.9267,19.9689,1538100,12.8772
2004-04-14,19.8200,19.8200,19.6589,19.6744,2323800,12.6873
2004-04-15,19.6833,19.6833,19.3911,19.5111,1017000,12.5820
2004-04-16,19.5722,19.6889,19.4911,19.6556,1371600,12.6752
2004-04-19,19.6533,19.6889,19.5967,19.6889,1085400,12.6967
2004-04-20,19.7756,19.7756,19.4556,19.5167,2962800,12.5856
2004-04-21,19.4933,19.4933,19.3456,19.3722,1021500,12.4925
2004-04-22,19.2000,19.3756,19.1467,19.3667,3693600,12.4889
2004-04-23,19.4444,19.6278,19.4444,19.5111,1196100,12.5820
2004-04-26,19.5167,19.5167,19.2278,19.2333,1556100,12.4029
2004-04-27,19.3278,19.3322,19.1311,19.1311,837000,12.3370
2004-04-28,19.0900,19.0900,18.5578,18.5833,3704400,11.9837
2004-04-29,18.3333,18.3333,17.9200,17.9711,5024700,11.5889
2004-04-30,17.8056,17.9033,17.5656,17.5889,4438800,11.3425
2004-05-03,17.6422,17.7667,17.6200,17.7656,2169900,11.4564
2004-05-04,18.1367,18.2144,17.9700,18.1133,1849500,11.6806
2004-05-05,18.1767,18.2478,18.0700,18.1578,1089900,11.7093
2004-05-06,17.8889,17.9089,17.7422,17.7811,3132000,11.4664
2004-05-07,17.5667,17.5667,17.2544,17.3811,5904900,11.2085
2004-05-10,16.6700,16.7889,16.5289,16.5422,4054500,10.6675
2004-05-11,16.8356,17.0556,16.8278,17.0333,3686400,10.9842
2004-05-12,17.0700,17.1444,16.5778,17.0389,7226100,10.9878
2004-05-13,16.8222,17.0922,16.8000,16.9944,3628800,10.9591
2004-05-14,16.8411,16.8700,16.3767,16.5467,7549200,10.6704
2004-05-17,15.8889,16.3311,15.8833,15.8844,4436100,10.2433
2004-05-18,16.4111,16.4989,16.2056,16.3567,2379600,10.5478
2004-05-19,17.2833,17.2856,16.7900,16.8089,4035600,10.8395
2004-05-20,16.8467,16.8756,16.6744,16.7056,3769200,10.7728
2004-05-21,17.0033,17.1444,16.9800,16.9800,3830400,10.9498
2004-05-24,17.4989,17.4989,17.0944,17.2444,2328300,11.1203
2004-05-25,17.2200,17.6556,17.1111,17.6244,3232800,11.3654
2004-05-26,17.7556,17.7556,17.5233,17.5556,1452600,11.3210
2004-05-27,17.8767,17.9078,17.7344,17.8333,1737000,11.5001
2004-05-28,18.0222,18.0222,17.7333,17.7944,847800,11.4750
2004-06-01,17.8111,17.8111,17.6167,17.6711,2627100,11.3955
2004-06-02,17.6500,17.7200,17.4889,17.6711,2570400,11.3955
2004-06-03,17.3167,17.4011,17.2633,17.2789,2385000,11.1425
2004-06-04,17.4589,17.6044,17.4444,17.5333,2214900,11.3066
2004-06-07,17.8778,18.1611,17.7111,18.1389,2310300,11.6971
2004-06-08,18.0556,18.0556,17.7778,17.8867,3527100,11.5345
2004-06-09,17.7378,17.7378,17.4700,17.4822,1899000,11.2737
2004-06-10,17.4567,17.5333,17.4367,17.5022,1696500,11.2866
2004-06-14,17.0167,17.0211,16.8278,16.8278,3090600,10.8516
2004-06-15,17.1322,17.2778,17.0800,17.1533,1977300,11.0616
2004-06-16,17.1622,17.1622,16.9033,16.9233,2049300,10.9133
2004-06-17,16.9156,17.0922,16.8900,17.0078,2328300,10.9677
2004-06-18,17.1844,17.1844,16.7778,16.9111,2426400,10.9054
2004-06-21,17.2089,17.2089,16.9867,16.9889,876600,10.9555
2004-06-22,17.0744,17.2144,17.0167,17.1689,971100,11.0716
2004-06-23,17.1778,17.4944,17.1000,17.4744,1182600,11.2686
2004-06-24,17.7522,17.7533,17.5422,17.5444,1177200,11.3138
2004-06-25,17.7144,17.7922,17.6978,17.7222,845100,11.4284
2004-06-28,17.9000,17.9000,17.5622,17.5711,1017900,11.3310
2004-06-29,17.5556,17.7222,17.5556,17.7056,727200,11.4177
2004-06-30,17.8389,18.0433,17.6878,17.9589,3212100,11.5810
2004-07-01,17.8344,17.8656,17.6989,17.7344,2195100,11.4363
2004-07-02,17.7778,17.8389,17.7244,17.7333,1892700,11.4356
2004-07-06,17.7889,17.7944,17.5433,17.5433,1564200,11.3131
2004-07-07,17.5778,17.8722,17.5778,17.7722,1983600,11.4607
2004-07-08,17.6667,17.6956,17.5189,17.5189,1692900,11.2973
2004-07-09,17.6111,17.7478,17.5811,17.6122,1484100,11.3575
2004-07-12,17.5656,17.6033,17.4444,17.5667,1049400,11.3281
2004-07-13,17.6489,17.6789,17.5433,17.6467,1014300,11.3797
2004-07-14,17.5578,17.6378,17.4778,17.4778,1017900,11.2708
2004-07-15,17.3922,17.4489,17.3000,17.3867,3766500,11.2120
2004-07-16,17.6400,17.6656,17.5556,17.5778,983700,11.3353
2004-07-19,17.5944,17.6744,17.4622,17.5511,995400,11.3181
2004-07-20,17.5667,17.6256,17.4811,17.6256,1849500,11.3661
2004-07-21,17.7767,17.7767,17.3544,17.4222,1780200,11.2350
2004-07-22,17.2678,17.4222,17.2000,17.4222,3069000,11.2350
2004-07-23,17.3756,17.3756,17.0489,17.1222,1970100,11.0415
2004-07-26,17.0967,17.1689,16.9222,16.9633,1141200,10.9390
2004-07-27,17.0000,17.2867,17.0000,17.2867,1133100,11.1476
2004-07-28,17.2211,17.2833,17.0833,17.2811,1314000,11.1440
2004-07-29,17.2589,17.3889,17.2022,17.3889,2531700,11.2135
2004-07-30,17.3978,17.4211,17.2811,17.3056,2052900,11.1597
2004-08-02,17.2244,17.2511,17.1789,17.2189,2377800,11.1039
2004-08-03,17.2189,17.3544,17.2044,17.2389,2743200,11.1167
2004-08-04,17.2056,17.2556,17.0889,17.2556,2527200,11.1275
2004-08-05,17.5111,17.5222,17.1433,17.1444,2399400,11.0558
2004-08-06,17.1978,17.2000,17.0000,17.0200,1493100,10.9756
2004-08-09,17.2222,17.2778,17.1622,17.1622,726300,11.0673
2004-08-10,17.1500,17.3789,17.1500,17.3556,963900,11.1920
2004-08-11,17.1778,17.2078,17.0256,17.1944,1772100,11.0881
2004-08-12,17.1667,17.1778,17.0022,17.0022,736200,10.9641
2004-08-13,17.2167,17.2200,17.0044,17.0289,1442700,10.9813
2004-08-16,17.0389,17.2889,17.0389,17.2611,1655100,11.1311
2004-08-17,17.3189,17.4244,17.2767,17.3767,1665000,11.2056
2004-08-18,17.3400,17.5833,17.2811,17.5822,1214100,11.3382
2004-08-19,17.7722,17.7722,17.5400,17.6011,1306800,11.3503
2004-08-20,17.6278,17.7711,17.6000,17.6889,1683000,11.4069
2004-08-23,17.7122,17.8356,17.5889,17.7844,2262600,11.4686
2004-08-24,17.7389,17.8189,17.7111,17.7333,881100,11.4356
2004-08-25,17.7778,17.9500,17.7556,17.9444,1098900,11.5717
2004-08-26,18.0111,18.0111,17.9311,17.9689,1036800,11.5875
2004-08-27,18.0167,18.0178,17.9300,17.9356,1988100,11.5660
2004-08-30,17.8778,17.8778,17.8000,17.8389,738900,11.5037
2004-08-31,17.8611,17.9378,17.7844,17.9167,2889000,11.5538
2004-09-01,18.0544,18.0644,17.9222,18.0644,3053700,11.6491
2004-09-02,18.1333,18.3167,18.0533,18.2889,2511900,11.7939
2004-09-03,18.2111,18.2111,18.0444,18.0944,2269800,11.6685
2004-09-07,18.1400,18.2722,18.1389,18.2333,2881800,11.7580
2004-09-08,18.0833,18.3056,18.0833,18.2222,1415700,11.7509
2004-09-09,18.1556,18.3156,18.1556,18.2778,2348100,11.7867
2004-09-10,18.3500,18.5178,18.3333,18.4511,851400,11.8985
2004-09-13,18.5944,18.6889,18.5833,18.6200,1343700,12.0074
2004-09-14,18.7222,18.7222,18.6000,18.6133,1825200,12.0031
2004-09-15,18.6411,18.6500,18.4956,18.5311,1323000,11.9501
2004-09-16,18.7444,18.8222,18.6944,18.7633,1190700,12.0998
2004-09-17,18.7089,18.9889,18.7056,18.8889,1954800,12.1808
2004-09-20,18.9189,18.9444,18.7056,18.9078,1203300,12.1930
2004-09-21,19.0000,19.1978,18.9889,19.1056,2047500,12.3205
2004-09-22,19.0000,19.0189,18.8144,18.8167,1795500,12.1342
2004-09-23,18.7111,18.9056,18.7067,18.9000,1719900,12.1879
2004-09-24,18.8544,18.8667,18.7767,18.8467,1989900,12.1535
2004-09-27,18.8322,18.8322,18.6500,18.7344,2089800,12.0812
2004-09-28,18.7744,18.9978,18.7744,18.9667,1298700,12.2309
2004-09-29,18.9222,19.0778,18.8911,19.0667,530100,12.2954
2004-09-30,19.0889,19.1667,19.0222,19.1667,1413900,12.3599
2004-10-01,19.2867,19.5556,19.2556,19.5333,2111400,12.5964
2004-10-04,19.7333,19.9067,19.6922,19.8667,2671200,12.8113
2004-10-05,19.6733,19.8122,19.6222,19.7200,2332800,12.7167
2004-10-06,19.7444,19.9478,19.7078,19.9478,2286000,12.8636
2004-10-07,19.8667,19.8700,19.7222,19.7778,3072600,12.7540
2004-10-08,19.7556,19.8333,19.5867,19.6333,1929600,12.6608
2004-10-11,19.7267,19.7478,19.6667,19.7356,1278000,12.7268
2004-10-12,19.3889,19.4311,19.2667,19.4244,3061800,12.5261
2004-10-13,19.4011,19.4011,19.0344,19.1611,4212900,12.3563
2004-10-14,19.0833,19.1378,18.8722,18.9000,1920600,12.1879
2004-10-15,18.9178,19.2167,18.9178,19.1522,775800,12.3506
2004-10-18,19.2289,19.3822,19.2000,19.3556,1413900,12.4817
2004-10-19,19.5167,19.6033,19.2622,19.2622,1402200,12.4215
2004-10-20,19.2311,19.2456,19.0689,19.1411,3414600,12.3434
2004-10-21,19.2444,19.4167,19.2222,19.4167,1761300,12.5211
2004-10-22,19.4722,19.4722,19.2556,19.2778,1204200,12.4316
2004-10-25,19.2222,19.3300,19.1200,19.3300,3783600,12.4652
2004-10-26,19.3222,19.4222,19.2878,19.4000,2438100,12.5104
2004-10-27,19.4967,19.7778,19.4578,19.7333,3141000,12.7253
2004-10-28,19.6389,19.7778,19.5300,19.6356,3662100,12.6623
2004-10-29,19.6722,19.7444,19.6289,19.7122,4755600,12.7117
2004-11-01,19.8811,19.8944,19.7633,19.8589,1892700,12.8063
2004-11-02,19.9444,20.0956,19.8889,19.9044,1888200,12.8357
2004-11-03,20.3556,20.3889,20.1733,20.1944,2423700,13.0227
2004-11-04,20.2111,20.5733,20.1844,20.5000,7040700,13.2197
2004-11-05,20.6111,20.6167,20.5222,20.5778,5571000,13.2699
2004-11-08,20.4556,20.4778,20.3344,20.3456,1092600,13.1201
2004-11-09,20.4444,20.4833,20.4133,20.4767,1039500,13.2047
2004-11-10,20.6111,20.6167,20.4856,20.5000,1553400,13.2197
2004-11-11,20.5556,20.7733,20.5267,20.7333,1473300,13.3702
2004-11-12,20.8167,21.1078,20.6911,21.0833,3261600,13.5959
2004-11-15,21.1889,21.1911,21.0111,21.1033,2475900,13.6088
2004-11-16,21.1167,21.1167,20.8444,20.8622,964800,13.4533
2004-11-17,21.2778,21.4533,21.2189,21.3333,4002300,13.7571
2004-11-18,21.2078,21.5122,21.2078,21.3722,1527300,13.7822
2004-11-19,21.3389,21.3444,21.0667,21.0667,1489500,13.5851
2004-11-22,21.0600,21.2111,20.8889,21.1489,2629800,13.6382
2004-11-23,21.1067,21.2722,21.1000,21.1856,2463300,13.6618
2004-11-24,21.4000,21.4356,21.3344,21.4111,2287800,13.8073
2004-11-26,21.5278,21.7822,21.4978,21.7667,1315800,14.0365
2004-11-29,21.7889,21.7900,21.6333,21.6333,5048100,13.9506
2004-11-30,21.8111,21.8111,21.6589,21.6733,3993300,13.9764
2004-12-01,21.8000,21.8722,21.7389,21.8389,6652800,14.0831
2004-12-02,22.0000,22.0000,21.7889,21.8067,2802600,14.0623
2004-12-03,21.7933,21.9111,21.7444,21.9056,1987200,14.1261
2004-12-06,21.8889,21.8889,21.7222,21.8744,1561500,14.1061
2004-12-07,21.8333,21.8333,21.4567,21.5389,2119500,13.8897
2004-12-08,21.4667,21.4667,21.2489,21.4256,2682000,13.8166
2004-12-09,21.0556,21.1956,20.9200,21.0767,3485700,13.5916
2004-12-10,20.9000,21.0722,20.8067,21.0556,2543400,13.5780
2004-12-13,21.2667,21.3756,21.1500,21.3756,2016000,13.7843
2004-12-14,21.4411,21.5889,21.4111,21.5722,2101500,13.9112
2004-12-15,21.7889,21.8711,21.7333,21.8711,2272500,14.1039
2004-12-16,21.9256,21.9256,21.6033,21.7611,1358100,14.0330
2004-12-17,21.8011,21.8500,21.6667,21.7111,2043000,14.0007
2004-12-20,21.9444,21.9967,21.7278,21.9944,1858500,14.1834
2004-12-21,22.0556,22.2078,21.9444,22.2056,2205900,14.3196
2004-12-22,22.2300,22.2667,22.1522,22.2000,3082500,14.3160
2004-12-23,22.1211,22.1211,21.9644,22.0811,2463300,14.4134
2004-12-27,22.1444,22.1622,22.0289,22.0644,1151100,14.4025
2004-12-28,22.1700,22.2189,22.1511,22.1789,1299600,14.4772
2004-12-29,22.2522,22.3011,22.1944,22.3011,1217700,14.5570
2004-12-30,22.3611,22.3789,22.2311,22.2444,2145600,14.5200
2004-12-31,22.4333,22.4333,22.3300,22.4278,1507500,14.6397
2005-01-03,22.4111,22.4944,22.1533,22.1944,4275000,14.4874
2005-01-04,22.1389,22.1500,21.5111,21.5111,4205700,14.0413
2005-01-05,21.4889,21.5300,21.2444,21.2478,3006900,13.8694
2005-01-06,21.3167,21.3467,21.1256,21.2333,2268000,13.8600
2005-01-07,21.3778,21.4178,21.1667,21.2744,4920300,13.8868
2005-01-10,21.4000,21.5122,21.2944,21.3011,2007000,13.9043
2005-01-11,21.4000,21.4056,21.2233,21.2611,2440800,13.8781
2005-01-12,21.4000,21.5233,21.2411,21.5222,3574800,14.0486
2005-01-13,21.5878,21.6000,21.4167,21.4333,2884500,13.9906
2005-01-14,21.6667,21.8167,21.3333,21.8167,4399200,14.2408
2005-01-18,21.8044,21.8044,21.6500,21.7778,2329200,14.2154
2005-01-19,21.8867,21.8867,21.4778,21.4778,2631600,14.0196
2005-01-20,21.5000,21.5244,21.2111,21.2111,4074300,13.8455
2005-01-21,21.6111,21.6389,21.4167,21.5000,3189600,14.0341
2005-01-24,21.7633,21.7667,21.4456,21.4667,4424400,14.0123
2005-01-25,21.6111,21.7889,21.5889,21.6611,2938500,14.1392
2005-01-26,22.0000,22.0000,21.7778,21.9778,3998700,14.3459
2005-01-27,21.9856,22.0278,21.9233,21.9989,2467800,14.3597
2005-01-28,22.0500,22.0722,21.9256,22.0189,1911600,14.3728
2005-01-31,22.2222,22.4167,22.2178,22.3089,3035700,14.5621
2005-02-01,22.4422,22.5444,22.3644,22.5000,4391100,14.6868
2005-02-02,22.5022,22.5711,22.4444,22.5711,2074500,14.7332
2005-02-03,22.5000,22.5700,22.4356,22.5478,1639800,14.7180
2005-02-04,22.6811,22.9333,22.6222,22.9000,2437200,14.9479
2005-02-07,22.9333,23.0078,22.9333,22.9722,3883500,14.9951
2005-02-08,23.0167,23.0500,22.9356,23.0167,3652200,15.0241
2005-02-09,23.0722,23.0867,22.9100,22.9422,1933200,14.9755
2005-02-10,22.8611,23.0544,22.8344,23.0533,1835100,15.0480
2005-02-11,23.1022,23.3867,23.0111,23.2778,3395700,15.1945
2005-02-14,23.4444,23.4922,23.3778,23.4444,2181600,15.3033
2005-02-15,23.5167,23.6111,23.4222,23.5000,2188800,15.3396
2005-02-16,23.5000,23.5078,23.3656,23.4278,2810700,15.2924
2005-02-17,23.5167,23.5478,23.3889,23.3889,2733300,15.2670
2005-02-18,23.5111,23.7089,23.5000,23.6767,2485800,15.4549
2005-02-22,23.8000,23.9333,23.5444,23.5900,3030300,15.3983
2005-02-23,23.8333,23.8333,23.6556,23.6989,3665700,15.4694
2005-02-24,23.9556,24.1067,23.8167,24.0667,4342500,15.7095
2005-02-25,24.2778,24.5611,24.1844,24.5100,3551400,15.9988
2005-02-28,24.7222,24.7256,24.3644,24.4689,3399300,15.9720
2005-03-01,24.5033,24.5556,24.4156,24.5378,2586600,16.0170
2005-03-02,24.3344,24.3633,24.1111,24.1333,4113900,15.7530
2005-03-03,24.3333,24.3333,24.0556,24.2000,3303000,15.7965
2005-03-04,24.4411,24.5411,24.3944,24.4889,2894400,15.9851
2005-03-07,24.5578,24.7111,24.5478,24.6500,6369300,16.0902
2005-03-08,24.6667,24.6667,24.4578,24.4622,4140000,15.9677
2005-03-09,24.5000,24.5889,24.2789,24.3222,9405900,15.8763
2005-03-10,24.1667,24.2778,24.0344,24.0889,6785100,15.7240
2005-03-11,24.1100,24.2778,23.9233,23.9533,7883100,15.6355
2005-03-14,23.8900,24.0167,23.6778,23.7700,5286600,15.5158
2005-03-15,23.7333,23.7333,23.1556,23.1778,10213200,15.1292
2005-03-16,23.0556,23.2756,22.8911,22.9811,9432900,15.0009
2005-03-17,22.9811,23.4278,22.9656,23.4000,5334300,15.2743
2005-03-18,23.5556,23.5556,23.2233,23.2944,3633300,15.2054
2005-03-21,23.3033,23.3067,22.8944,22.9578,7577100,14.9856
2005-03-22,22.9222,23.2144,22.4678,22.5333,9414000,14.7086
2005-03-23,22.2333,22.5767,22.2222,22.2478,9893700,14.5222
2005-03-24,22.3333,22.6111,22.2222,22.2233,7579800,14.5062
2005-03-28,22.5444,22.5444,22.2522,22.3767,4377600,14.6063
2005-03-29,22.2889,22.2889,21.7611,21.7978,9969300,14.2285
2005-03-30,22.1111,22.3889,21.9556,22.2944,7332300,14.5526
2005-03-31,22.2344,22.6111,22.2344,22.5333,8780400,14.7086
2005-04-01,22.6111,23.1911,22.6111,22.6667,16286400,14.7956
2005-04-04,22.7611,22.7611,22.4511,22.7167,6831000,14.8283
2005-04-05,22.7222,22.8889,22.6867,22.7111,6283800,14.8246
2005-04-06,22.8889,23.2878,22.8889,23.0222,7750800,15.0277
2005-04-07,23.1222,23.2778,23.0556,23.2544,7542900,15.1793
2005-04-08,23.2000,23.2256,23.1056,23.1444,4489200,15.1075
2005-04-11,23.0589,23.0767,22.7211,22.9222,4360500,14.9624
2005-04-12,22.9222,23.2111,22.5667,23.2111,9810000,15.1510
2005-04-13,23.0889,23.0889,22.7489,22.7489,8005500,14.8493
2005-04-14,22.6667,22.6667,22.1456,22.1667,11493000,14.4692
2005-04-15,22.0556,22.2011,21.6667,21.7000,10748700,14.1646
2005-04-18,21.5556,21.9567,21.5300,21.9567,8464500,14.3322
2005-04-19,22.0833,22.3322,22.0833,22.3244,10558800,14.5722
2005-04-20,22.3444,22.3444,21.7978,21.7978,5861700,14.2285
2005-04-21,22.0333,22.4367,22.0011,22.4256,8097300,14.6382
2005-04-22,22.3556,22.3822,22.0000,22.1778,3726900,14.4765
2005-04-25,22.3111,22.6211,22.2722,22.5978,5287500,14.7506
2005-04-26,22.4444,22.5867,22.3078,22.3667,7710300,14.5998
2005-04-27,22.2111,22.3078,22.0222,22.1644,5884200,14.4678
2005-04-28,22.0556,22.0556,21.7700,21.8111,5853600,14.2372
2005-04-29,22.0556,22.2978,21.8344,22.2522,8967600,14.5251
2005-05-02,22.3611,22.6667,22.2222,22.4000,8076600,14.6216
2005-05-03,22.3889,22.4744,22.2956,22.3789,4197600,14.6078
2005-05-04,22.4444,23.0633,22.4444,22.9889,13998600,15.0059
2005-05-05,23.0556,23.2622,22.8222,23.1100,8592300,15.0850
2005-05-06,23.0778,23.2611,23.0778,23.1722,5188500,15.1256
2005-05-09,23.0000,23.2589,23.0000,23.1933,2353500,15.1394
2005-05-10,22.9111,22.9867,22.6667,22.6722,11310300,14.7992
2005-05-11,22.7778,22.8022,22.4933,22.7778,4614300,14.8681
2005-05-12,22.7278,22.7889,22.3333,22.3889,7258500,14.6143
2005-05-13,22.4444,22.4511,22.1133,22.1589,14046300,14.4642
2005-05-16,22.2778,22.4222,22.1500,22.4222,6050700,14.6361
2005-05-17,22.2656,22.4978,22.2033,22.4278,5792400,14.6397
2005-05-18,22.5000,23.0000,22.5000,22.8744,9004500,14.9312
2005-05-19,22.9356,23.0111,22.8611,22.9578,4374900,14.9856
2005-05-20,22.8711,22.9111,22.7300,22.9000,3003300,14.9479
2005-05-23,22.8111,23.0222,22.7867,22.9756,4296600,14.9972
2005-05-24,22.8633,22.9089,22.8222,22.9089,2808000,14.9537
2005-05-25,22.8633,22.8633,22.7222,22.7444,2107800,14.8464
2005-05-26,22.8611,23.0544,22.8556,23.0000,2253600,15.0132
2005-05-27,23.1000,23.1856,23.0511,23.1556,1422900,15.1147
2005-05-31,23.1111,23.1111,22.9278,22.9556,2979000,14.9842
2005-06-01,22.8889,23.2444,22.8756,23.2267,12789000,15.1612
2005-06-02,23.2000,23.4100,23.1778,23.4033,4039200,15.2765
2005-06-03,23.4100,23.4989,23.2400,23.2822,5648400,15.1974
2005-06-06,23.3344,23.5211,23.2889,23.5167,3159900,15.3505
2005-06-07,23.4689,23.6156,23.3667,23.4000,5063400,15.2743
2005-06-08,23.4844,23.5467,23.3078,23.3111,3300300,15.2163
2005-06-09,23.3000,23.7000,23.1367,23.4333,2521200,15.2961
2005-06-10,24.0333,24.0333,23.3400,23.5000,1604100,15.3396
2005-06-13,23.5333,23.6667,23.4333,23.5933,2461200,15.4005
2005-06-14,23.6433,23.6933,23.5500,23.6900,3508500,15.4636
2005-06-15,23.6900,23.8667,23.6100,23.8667,4562400,15.5789
2005-06-16,23.8333,24.1167,23.8333,24.0800,7155300,15.7182
2005-06-17,24.1333,24.3933,24.1333,24.3700,9405000,15.9075
2005-06-20,24.1333,24.2133,23.9800,24.1500,3104400,15.7639
2005-06-21,24.1000,24.1000,24.0000,24.0333,1580100,15.6877
2005-06-22,24.3333,24.3433,24.1033,24.2600,1702500,15.8357
2005-06-23,24.2667,24.2667,23.8033,23.8333,3368400,15.5572
2005-06-24,23.8033,23.8500,23.7000,23.7500,2401500,15.5028
2005-06-27,23.7767,24.0333,23.7033,23.9000,2256000,15.6007
2005-06-28,23.9167,24.1167,23.9000,24.0800,2268000,15.7182
2005-06-29,24.1333,24.1333,23.9067,23.9400,2398800,15.6268
2005-06-30,24.3133,24.3133,23.3767,23.8667,6049800,15.5789
2005-07-01,24.0800,24.1033,23.8833,23.9533,3820200,15.6355
2005-07-05,23.8333,24.0600,23.8000,24.0600,4650300,15.7051
2005-07-06,23.8100,24.0667,23.8100,23.9433,3660600,15.6290
2005-07-07,23.6667,24.0167,23.6667,24.0133,2380200,15.6746
2005-07-08,24.0333,24.2800,24.0133,24.2633,3537300,15.8378
2005-07-11,24.3300,24.6333,24.3300,24.6333,4310400,16.0794
2005-07-12,24.7333,24.9633,24.6733,24.9267,2952900,16.2708
2005-07-13,25.0000,25.0000,24.8433,24.9100,9842700,16.2599
2005-07-14,25.3333,25.3333,25.0033,25.0533,9327300,16.3535
2005-07-15,25.1633,25.1633,24.8333,24.9167,2388000,16.2643
2005-07-18,24.9167,24.9167,24.7667,24.8400,3743100,16.2143
2005-07-19,24.9000,25.1300,24.8700,25.1233,5014500,16.3992
2005-07-20,25.0833,25.1833,24.9500,25.1267,5917800,16.4014
2005-07-21,25.1733,25.4500,25.1633,25.4000,4680900,16.5798
2005-07-22,25.4000,25.4100,25.3100,25.3400,2613000,16.5406
2005-07-25,25.4100,25.4833,25.1200,25.1200,4800900,16.3970
2005-07-26,25.1800,25.2633,25.0200,25.2633,5155800,16.4906
2005-07-27,25.2833,25.5500,25.2167,25.4000,5392500,16.5798
2005-07-28,25.5000,25.8000,25.4833,25.7167,7756800,16.7865
2005-07-29,25.7433,25.8033,25.6700,25.7000,4639200,16.7756
2005-08-01,25.9000,26.1200,25.9000,26.1200,5386200,17.0498
2005-08-02,26.4500,26.5833,26.2500,26.5833,4568100,17.3522
2005-08-03,26.6000,26.6233,26.3700,26.5167,3892500,17.3087
2005-08-04,26.4600,26.4967,26.2167,26.2833,5318400,17.1564
2005-08-05,26.2800,26.2833,25.6733,25.8000,7166400,16.8409
2005-08-08,25.8167,26.1333,25.8167,25.9767,6216900,16.9562
2005-08-09,26.0333,26.5300,26.0333,26.5000,3804600,17.2978
2005-08-10,26.7900,26.9267,26.5533,26.7833,6550200,17.4828
2005-08-11,26.8500,26.8500,26.5033,26.6333,4969200,17.3849
2005-08-12,26.6000,26.6000,26.0833,26.3500,4800600,17.1999
2005-08-15,26.5000,26.5967,26.3733,26.5333,4788300,17.3196
2005-08-16,26.5267,26.5300,26.0733,26.0733,4863300,17.0193
2005-08-17,26.1567,26.2133,26.0000,26.0900,5755200,17.0302
2005-08-18,25.7500,25.8167,25.5533,25.6100,7233000,16.7169
2005-08-19,25.7333,25.7667,25.4667,25.5100,3652200,16.6516
2005-08-22,25.9167,26.1000,25.7500,25.8267,6493500,16.8583
2005-08-23,25.8267,25.8267,25.5667,25.5833,8372100,16.6995
2005-08-24,25.6133,25.6133,25.2500,25.2500,6586500,16.4819
2005-08-25,25.4667,25.6333,25.3700,25.5333,5783700,16.6668
2005-08-26,25.6367,25.6667,25.4133,25.5000,6064800,16.6451
2005-08-29,25.4467,25.7833,25.3800,25.7800,6831300,16.8278
2005-08-30,25.7633,25.7667,25.5100,25.5100,7609500,16.6516
2005-08-31,25.6667,26.0567,25.6667,26.0400,5673000,16.9976
2005-09-01,26.1667,26.4367,26.1667,26.4000,3919800,17.2325
2005-09-02,26.4500,26.6667,26.4500,26.6333,3695100,17.3849
2005-09-06,26.8333,27.0500,26.7367,26.9667,5546700,17.6024
2005-09-07,27.1000,27.1000,26.8400,27.0000,5695800,17.6242
2005-09-08,26.7033,27.0467,26.7033,26.9567,3900600,17.5959
2005-09-09,27.0500,27.4033,27.0500,27.3533,4093800,17.8548
2005-09-12,27.6667,27.6667,27.2867,27.3133,3704400,17.8287
2005-09-13,27.1033,27.2900,26.9900,27.0067,3419400,17.6285
2005-09-14,27.1333,27.1333,26.8333,26.9100,4386000,17.5654
2005-09-15,27.1667,27.1933,27.0533,27.0667,3421800,17.6677
2005-09-16,27.2367,27.4900,27.2367,27.4833,2344200,17.9397
2005-09-19,27.5667,27.5833,27.4100,27.4433,2944200,17.9136
2005-09-20,27.7000,27.7433,27.4333,27.5167,5556900,17.9614
2005-09-21,27.7900,27.8000,27.2500,27.7767,7039500,18.1312
2005-09-22,28.0133,28.0133,27.3033,27.5000,13828800,17.9506
2005-09-23,27.4000,27.5267,27.2700,27.4767,3488400,17.9353
2005-09-26,27.4367,27.7600,27.4367,27.7200,5961300,18.0942
2005-09-27,27.7500,27.7500,27.4933,27.5367,5322000,17.9745
2005-09-28,27.6767,27.8600,27.6500,27.8500,2720400,18.1790
2005-09-29,28.0000,28.3800,27.8667,28.3400,5568300,18.4989
2005-09-30,28.3267,28.3333,28.1533,28.2933,5457600,18.4684
2005-10-03,28.4167,28.5400,28.2933,28.4733,11126100,18.5859
2005-10-04,28.6333,28.6400,28.1200,28.2067,5229600,18.4118
2005-10-05,28.0000,28.4367,27.3333,27.3500,9299700,17.8526
2005-10-06,27.1700,27.1700,26.1267,26.3933,16650600,17.2282
2005-10-07,26.6667,27.1600,26.6667,27.0467,11688900,17.6547
2005-10-10,27.0700,27.4933,26.9300,26.9567,6595500,17.5959
2005-10-11,27.3333,27.4667,27.0033,27.0733,7642500,17.6721
2005-10-12,26.9667,27.0333,26.1500,26.2433,18120300,17.1303
2005-10-13,25.9667,26.1000,25.5333,26.0800,10996200,17.0237
2005-10-14,26.1633,26.1833,25.5167,25.9800,8911800,16.9584
2005-10-17,26.0167,26.4333,26.0167,26.2667,10719000,17.1455
2005-10-18,26.2900,26.2900,25.6000,25.6000,7567500,16.7103
2005-10-19,25.0833,26.1433,25.0133,26.1000,15258000,17.0367
2005-10-20,26.0667,26.2300,24.9500,25.0500,8560800,16.3513
2005-10-21,25.4167,25.7833,25.3000,25.7167,5144700,16.7865
2005-10-24,25.8333,26.4333,25.8000,26.4100,11245800,17.2391
2005-10-25,26.3333,26.3667,25.7533,25.8900,8218500,16.8996
2005-10-26,26.2700,26.3633,25.5533,25.9833,6779400,16.9606
2005-10-27,26.0333,26.0667,25.3000,25.3667,8886000,16.5580
2005-10-28,25.6167,26.0600,25.4667,26.0333,12135300,16.9932
2005-10-31,26.1500,26.7333,26.1500,26.5000,15594000,17.2978
2005-11-01,26.5500,26.9933,26.5500,26.9667,12283800,17.6024
2005-11-02,27.0000,27.4833,26.9500,27.3833,8200500,17.8744
2005-11-03,27.5000,27.7833,27.3333,27.4133,11960400,17.8940
2005-11-04,27.4933,27.4933,26.8500,27.3567,7893600,17.8570
2005-11-07,27.3667,27.3833,27.0333,27.3767,4339200,17.8701
2005-11-08,26.9867,27.2933,26.9500,27.1200,5464500,17.7025
2005-11-09,27.1333,27.5633,27.0867,27.5267,6615600,17.9680
2005-11-10,27.5000,27.6167,27.1167,27.5700,10086300,17.9963
2005-11-11,27.5667,27.6567,27.4333,27.6300,3302100,18.0354
2005-11-14,27.5300,27.5800,27.2700,27.5567,3023100,17.9876
2005-11-15,27.5367,27.6633,27.3067,27.4000,6796800,17.8853
2005-11-16,27.4867,27.6333,27.3033,27.6333,5853900,18.0376
2005-11-17,27.8333,28.1267,27.8067,28.0400,10072200,18.3030
2005-11-18,28.0667,28.3567,27.9333,28.1167,9530400,18.3531
2005-11-21,28.1367,28.2333,27.9600,28.1333,7098000,18.3640
2005-11-22,27.7167,28.1333,27.6300,28.1200,4916400,18.3553
2005-11-23,28.2000,28.5500,28.1667,28.4167,5970300,18.5489
2005-11-25,28.4300,28.4833,28.3667,28.3967,1453200,18.5359
2005-11-28,28.4600,28.5767,28.1500,28.2167,6867300,18.4184
2005-11-29,28.3333,28.4467,27.9600,27.9667,9563100,18.2552
2005-11-30,28.0200,28.2833,28.0200,28.0333,7608600,18.2987
2005-12-01,28.2833,28.8333,28.2833,28.7667,7673100,18.7774
2005-12-02,28.8133,28.9667,28.7067,28.7333,7122000,18.7556
2005-12-05,28.9933,29.0167,28.7667,28.9667,4209300,18.9079
2005-12-06,29.1500,29.3500,29.0833,29.2333,6533400,19.0820
2005-12-07,29.4300,29.4667,28.8933,28.9567,7268400,18.9014
2005-12-08,28.8000,29.0600,28.6667,28.7400,6384000,18.7600
2005-12-09,28.8300,29.0533,28.7500,29.0333,2322900,18.9514
2005-12-12,29.0767,29.4467,29.0767,29.2000,4220400,19.0602
2005-12-13,29.3667,29.6100,29.1367,29.5833,9045000,19.3105
2005-12-14,29.6000,29.6000,29.2600,29.3867,6297600,19.1821
2005-12-15,29.5833,29.5833,29.1833,29.2667,6546900,19.1038
2005-12-16,29.1667,29.3333,29.1600,29.1667,4561200,19.0385
2005-12-19,29.4167,29.5133,29.0833,29.1000,8100000,18.9950
2005-12-20,29.3333,29.4000,29.1667,29.3500,4222200,19.1581
2005-12-21,29.5667,29.8500,29.4667,29.8267,9747900,19.4693
2005-12-22,29.7800,29.9667,29.7167,29.8333,5450700,19.4736
2005-12-23,29.6333,29.7700,29.5333,29.6800,2106000,19.5898
2005-12-27,29.5333,30.0000,29.3500,29.3500,3692400,19.3720
2005-12-28,29.5000,29.5000,29.3000,29.4300,3779100,19.4248
2005-12-29,29.6433,29.6433,29.4167,29.4333,4242300,19.4270
2005-12-30,29.4333,29.5267,29.0833,29.4167,5410500,19.4160
2006-01-03,30.0600,30.5833,30.0000,30.5167,20919600,20.1420
2006-01-04,30.6667,30.8867,30.6667,30.7933,9089400,20.3246
2006-01-05,30.6400,30.9500,30.6400,30.9500,4833600,20.4280
2006-01-06,31.3500,31.6567,31.1167,31.5967,6328800,20.8549
2006-01-09,31.8333,31.9700,31.4833,31.9067,6943800,21.0595
2006-01-10,31.5933,31.6667,31.2600,31.5233,6392700,20.8065
2006-01-11,31.6000,31.8967,31.3333,31.8933,7186200,21.0507
2006-01-12,31.9667,31.9667,31.4033,31.4500,8059500,20.7581
2006-01-13,31.5333,31.6500,31.3833,31.4833,5502300,20.7801
2006-01-17,31.1600,31.3333,30.8367,30.9333,16205700,20.4170
2006-01-18,30.4167,31.2300,30.4133,30.9167,16159200,20.4060
2006-01-19,31.3333,31.9600,31.3333,31.9167,13730700,21.0661
2006-01-20,31.9600,32.1167,30.9667,30.9667,17342400,20.4391
2006-01-23,31.3400,31.8667,31.2667,31.8667,13689900,21.0331
2006-01-24,31.8033,32.3700,31.8033,32.3667,10876500,21.3631
2006-01-25,32.6800,32.7800,32.2500,32.3833,7494300,21.3741
2006-01-26,32.5733,33.1500,32.5633,33.1500,7874700,21.8801
2006-01-27,33.3333,33.7967,33.2067,33.5300,11523600,22.1309
2006-01-30,33.2333,33.4833,33.2333,33.3733,8699400,22.0275
2006-01-31,33.4333,33.6300,33.1700,33.5933,10566900,22.1727
2006-02-01,33.6333,33.6667,33.3867,33.5767,9951600,22.1617
2006-02-02,33.3500,33.3900,32.5133,32.7133,14202900,21.5919
2006-02-03,32.1667,32.7133,31.9000,32.2667,13244400,21.2971
2006-02-06,32.7933,33.0333,32.5900,33.0333,7114500,21.8031
2006-02-07,32.6667,32.8000,32.0533,32.1667,12815700,21.2311
2006-02-08,31.8400,32.4633,31.8400,32.2667,13062600,21.2971
2006-02-09,32.5000,32.7800,32.3167,32.3500,9540600,21.3521
2006-02-10,32.7000,32.7000,31.9633,32.3000,10590300,21.3191
2006-02-13,32.0333,32.1067,31.5000,31.5033,13001100,20.7933
2006-02-14,31.8100,32.3333,31.4000,32.3000,14792700,21.3191
2006-02-15,32.2333,32.6667,31.8367,32.1333,18738600,21.2091
2006-02-16,32.4633,32.9733,32.3333,32.9667,10565400,21.7591
2006-02-17,32.9700,33.0600,32.8333,32.9233,6347700,21.7305
2006-02-21,33.2500,33.2500,32.6333,32.6333,9556800,21.5391
2006-02-22,32.9033,33.0700,32.6600,32.8100,8539200,21.6557
2006-02-23,33.0233,33.0667,32.7200,32.8000,8505900,21.6491
2006-02-24,32.8833,33.0500,32.8000,32.8633,7235700,21.6909
2006-02-27,33.1900,33.2733,32.9067,33.1633,5115000,21.8889
2006-02-28,33.0567,33.0567,32.2333,32.3000,20988300,21.3191
2006-03-01,32.6300,33.6067,32.4300,33.1933,9530100,21.9087
2006-03-02,33.0867,33.2500,32.9300,33.2200,10189200,21.9263
2006-03-03,32.8233,33.0667,32.6367,32.6667,15171600,21.5611
2006-03-06,32.9333,32.9333,32.0700,32.1667,13545300,21.2311
2006-03-07,31.6133,31.6500,30.8833,31.0333,32533800,20.4831
2006-03-08,31.0300,31.2700,30.5000,31.2167,32375100,20.6041
2006-03-09,31.4000,31.6833,30.8000,30.9000,20971200,20.3951
2006-03-10,31.4833,31.6633,30.9967,31.5500,18543600,20.8241
2006-03-13,31.6467,31.9667,31.4900,31.5167,19936800,20.8021
2006-03-14,31.4400,32.5000,31.4400,32.5000,20653200,21.4511
2006-03-15,32.4033,32.8767,32.3567,32.8767,14973900,21.6997
2006-03-16,32.8633,32.8933,32.5667,32.5833,17170200,21.5061
2006-03-17,32.8133,33.1800,32.6033,32.8133,5374200,21.6579
2006-03-20,32.9567,33.1433,32.8133,33.0000,8230200,21.7811
2006-03-21,32.9967,32.9967,32.1667,32.3333,17346300,21.3411
2006-03-22,32.0633,32.7667,32.0633,32.6900,11249100,21.5765
2006-03-23,32.6900,32.8767,32.3633,32.3867,10087200,21.3763
2006-03-24,32.3167,32.9100,32.3167,32.6667,7353900,21.5611
2006-03-27,32.6667,32.9133,32.5667,32.8667,7625100,21.6931
2006-03-28,32.5667,32.7667,32.1700,32.2667,15700200,21.2971
2006-03-29,32.5100,32.9233,32.3000,32.8833,11307600,21.7041
2006-03-30,32.9167,33.4633,32.7333,33.0500,16846200,21.8141
2006-03-31,33.1933,33.4800,32.8333,33.0000,18236100,21.7811
2006-04-03,33.4267,34.0667,33.4167,33.9333,17877300,22.3972
2006-04-04,34.2433,34.2433,33.8500,34.1333,12881400,22.5292
2006-04-05,34.1967,34.4833,34.1333,34.4833,12655500,22.7602
2006-04-06,34.3700,34.5333,33.9333,34.3067,21627900,22.6436
2006-04-07,34.4167,34.5000,33.7000,33.7833,12541200,22.2981
2006-04-10,33.9333,34.2667,33.6300,33.6667,10635600,22.2211
2006-04-11,34.0800,34.0800,33.3333,33.3800,17663700,22.0319
2006-04-12,33.4200,33.6000,33.3667,33.5733,7422600,22.1595
2006-04-13,33.8500,33.8500,33.3833,33.7333,9084900,22.2651
2006-04-17,33.9600,34.2767,33.9400,34.1333,12517500,22.5292
2006-04-18,34.5933,35.2933,34.4867,35.2667,22776900,23.2772
2006-04-19,35.3267,35.5167,34.9833,35.4833,11622600,23.4202
2006-04-20,35.6633,35.6667,35.0267,35.3567,12247800,23.3366
2006-04-21,35.9933,35.9933,35.3833,35.6333,7167600,23.5192
2006-04-24,35.4900,35.4900,34.9167,35.1667,9843000,23.2112
2006-04-25,35.0433,35.3200,34.6333,34.6833,12576600,22.8922
2006-04-26,35.0133,35.4167,34.9500,35.3667,10150200,23.3432
2006-04-27,34.6667,35.2333,34.6133,34.8100,12132900,22.9758
2006-04-28,34.8833,35.2033,34.7333,35.1500,8287500,23.2002
2006-05-01,35.3133,35.5400,35.1333,35.1400,7207500,23.1936
2006-05-02,35.5000,35.8267,35.3333,35.7600,8359800,23.6028
2006-05-03,35.9633,35.9833,35.5367,35.8000,9237600,23.6292
2006-05-04,35.8667,36.3300,35.8667,36.1500,8972700,23.8602
2006-05-05,36.4033,36.7333,36.3833,36.7333,9864600,24.2452
2006-05-08,36.7400,37.0833,36.7333,37.0000,9239700,24.4213
2006-05-09,36.9000,37.0767,36.8200,37.0333,4636500,24.4433
2006-05-10,37.0533,37.0533,36.5067,36.6333,11206200,24.1792
2006-05-11,36.7300,36.7333,35.6900,35.7000,17960100,23.5632
2006-05-12,35.6000,35.6300,34.6167,34.7667,22257600,22.9472
2006-05-15,34.3333,34.3333,32.7467,33.9333,24311100,22.3972
2006-05-16,33.9333,34.3833,33.8833,34.1033,15832800,22.5094
2006-05-17,33.5167,34.1667,32.8000,32.9333,30187800,21.7371
2006-05-18,33.1400,33.3433,32.1667,32.3000,28706100,21.3191
2006-05-19,32.7533,32.9967,31.9000,32.9967,27077400,21.7789
2006-05-22,31.6667,31.6933,30.8333,31.4433,36723000,20.7537
2006-05-23,32.0967,32.6000,31.0333,31.1000,23924100,20.5271
2006-05-24,31.3967,31.6167,30.2167,30.8833,40896900,20.3840
2006-05-25,31.3067,32.6667,31.2733,32.1967,27125400,21.2509
2006-05-26,32.4167,32.4333,31.6367,32.1000,21078600,21.1871
2006-05-30,31.9500,31.9667,30.6367,30.7167,21595500,20.2740
2006-05-31,31.0000,31.5333,30.8167,31.2333,21795000,20.6151
2006-06-01,31.3100,31.9333,31.0000,31.8733,21657900,21.0375
2006-06-02,32.3333,32.5233,31.7833,32.2000,21639000,21.2531
2006-06-05,31.8767,32.0000,30.8300,30.8333,21981600,20.3510
2006-06-06,31.0333,31.0633,29.7000,30.6067,32128500,20.2014
2006-06-07,30.3533,30.9667,29.9000,29.9333,25623900,19.7570
2006-06-08,29.1867,29.5500,28.3000,29.4000,53812500,19.4050
2006-06-09,29.6900,29.8633,28.9300,29.0167,17875800,19.1520
2006-06-12,29.0167,29.1433,27.9367,27.9367,23369400,18.4391
2006-06-13,27.3667,27.8867,27.1167,27.3167,39589800,18.0299
2006-06-14,27.7200,28.1000,27.3667,28.1000,36358200,18.5470
2006-06-15,28.6867,29.7533,28.6667,29.7367,41565600,19.6272
2006-06-16,29.4800,29.8000,29.1000,29.5667,28824000,19.5150
2006-06-19,29.6167,29.6667,28.4667,28.4667,20487600,18.7890
2006-06-20,28.7333,29.1167,28.6000,28.8167,19972800,19.0200
2006-06-21,28.7800,29.8600,28.7367,29.7500,21750900,19.6360
2006-06-22,29.5833,29.5833,29.0033,29.2167,10948800,19.2840
2006-06-23,29.2100,29.3267,28.6667,29.1667,12987600,19.2510
2006-06-26,29.1033,29.2967,28.9233,29.1667,6643800,19.2510
2006-06-27,29.3333,29.6367,28.6167,28.6167,17815200,18.8880
2006-06-28,29.2333,29.5233,29.0000,29.5133,16581900,19.4798
2006-06-29,29.8467,31.2667,29.8067,31.2667,36345000,20.6371
2006-06-30,31.3933,31.6000,30.9833,31.3000,16226700,20.6591
2006-07-03,31.8667,32.0300,31.6500,31.9933,9471900,21.1167
2006-07-05,31.5900,31.5967,30.8967,31.0000,14130900,20.4611
2006-07-06,31.2433,31.6500,31.1033,31.6333,13339200,20.8791
2006-07-07,31.3833,31.5333,30.8833,31.0333,14808000,20.4831
2006-07-10,31.2033,31.6333,31.0900,31.2833,14485800,20.6481
2006-07-11,31.0333,31.5000,30.7600,31.4333,19364100,20.7471
2006-07-12,31.1667,31.4300,30.7333,30.7333,13653900,20.2850
2006-07-13,30.1400,30.4800,29.5167,29.5167,29471700,19.4820
2006-07-14,29.7033,29.8333,29.2467,29.6667,26451300,19.5810
2006-07-17,29.6033,29.7167,29.0967,29.2000,14676600,19.2730
2006-07-18,29.5667,29.7500,29.0233,29.6067,28726800,19.5414
2006-07-19,29.8267,31.4333,29.6767,31.4333,45463500,20.7471
2006-07-20,31.4000,31.4000,30.3767,30.5300,26586900,20.1508
2006-07-21,30.6167,30.7667,29.8000,29.9367,17352000,19.7592
2006-07-24,30.6667,31.4167,30.4167,31.2833,29593800,20.6481
2006-07-25,31.0400,31.5533,30.9367,31.3667,24092100,20.7031
2006-07-26,31.1333,31.3600,30.9333,31.2333,21140400,20.6151
2006-07-27,31.5733,32.1833,31.4467,31.6633,26686200,20.8989
2006-07-28,31.8000,32.4233,31.7000,32.3433,19556400,21.3477
2006-07-31,31.9600,32.1533,31.8167,32.0333,12055500,21.1431
2006-08-01,31.9167,31.9167,31.3700,31.5167,12905700,20.8021
2006-08-02,31.8600,32.2000,31.7633,31.9333,11765400,21.0771
2006-08-03,31.6967,32.0067,31.5667,31.9000,20232600,21.0551
2006-08-04,32.3533,32.5867,31.7833,31.9667,13248300,21.0991
2006-08-07,31.9233,32.1867,31.6667,31.7667,10211100,20.9671
2006-08-08,31.9667,32.3833,31.7533,31.7667,21186600,20.9671
2006-08-09,32.4633,32.4967,31.8567,31.8867,16465500,21.0463
2006-08-10,31.8033,32.2133,31.7867,32.2133,16806000,21.2619
2006-08-11,32.0300,32.1133,31.7767,31.8233,10008000,21.0045
2006-08-14,32.1667,32.3600,31.8400,31.9500,13225200,21.0881
2006-08-15,32.4333,32.7500,32.2833,32.7333,15625800,21.6051
2006-08-16,32.9900,33.1433,32.8333,33.0533,16954200,21.8163
2006-08-17,32.9333,33.3333,32.9000,33.1000,14195700,21.8471
2006-08-18,33.0333,33.0333,32.5167,32.7867,15367800,21.6403
2006-08-21,32.5033,32.6167,32.4300,32.6167,8211900,21.5281
2006-08-22,32.6000,32.7833,32.4133,32.6067,13214100,21.5215
2006-08-23,32.6000,32.6800,31.9833,32.0167,16609800,21.1321
2006-08-24,32.2100,32.2100,31.8100,31.9300,19815600,21.0749
2006-08-25,31.9333,32.2500,31.9167,32.0200,15732000,21.1343
2006-08-28,32.0033,32.3833,31.8933,32.3833,12025500,21.3741
2006-08-29,32.4367,32.5167,32.1667,32.4933,13001400,21.4467
2006-08-30,32.4700,32.6667,32.4433,32.6333,9975900,21.5391
2006-08-31,32.6533,32.7100,32.4533,32.5400,6705300,21.4775
2006-09-01,32.6000,32.9933,32.5600,32.9033,10823100,21.7173
2006-09-05,33.0867,33.2000,33.0400,33.0833,11867100,21.8361
2006-09-06,32.8633,32.8633,32.1333,32.1333,15465600,21.2091
2006-09-07,32.0000,32.1267,31.6833,31.7667,22688400,20.9671
2006-09-08,31.9500,32.0833,31.9167,32.0267,10068300,21.1387
2006-09-11,31.6200,31.6667,31.1067,31.3367,28418400,20.6833
2006-09-12,31.5433,31.9633,31.5033,31.8733,17313600,21.0375
2006-09-13,31.8000,32.4400,31.8000,32.3500,17062500,21.3521
2006-09-14,32.3000,32.3000,32.0733,32.0833,13438500,21.1761
2006-09-15,32.3333,32.4400,32.0700,32.2733,17227500,21.3015
2006-09-18,32.4167,32.8900,32.3700,32.6367,17154300,21.5413
2006-09-19,32.6400,32.7100,31.6500,32.1333,35435700,21.2091
2006-09-20,32.3167,32.8667,32.3167,32.7933,39691800,21.6447
2006-09-21,32.6833,32.7500,31.9167,31.9933,40404300,21.1167
2006-09-22,31.7500,31.8067,31.4567,31.5867,25682100,20.8483
2006-09-25,31.7400,31.9533,31.1900,31.9533,29428800,21.0903
2006-09-26,31.8533,32.3367,31.7667,32.3300,23627700,21.3389
2006-09-27,32.3367,32.3667,32.0633,32.2567,30248400,21.2905
2006-09-28,32.3800,32.5167,32.2067,32.5167,17789400,21.4621
2006-09-29,32.3833,32.4833,32.2167,32.2567,14059800,21.2905
2006-10-02,32.1167,32.5900,32.0000,32.2033,14692200,21.2553
2006-10-03,32.0200,32.1033,31.7667,31.7667,26399400,20.9671
2006-10-04,31.6333,32.6667,31.6333,32.6167,32286300,21.5281
2006-10-05,32.6200,33.3433,32.6200,33.0500,23440200,21.8141
2006-10-06,32.9133,33.0467,32.7367,32.9667,22264500,21.7591
2006-10-09,32.6700,33.0467,32.6433,32.8433,14041500,21.6777
2006-10-10,32.8333,33.1400,32.8200,33.1400,10648500,21.8735
2006-10-11,32.9333,33.2233,32.8500,32.9633,14990100,21.7569
2006-10-12,33.0433,33.8333,33.0433,33.7667,29405400,22.2871
2006-10-13,33.8000,34.1167,33.7667,33.9667,20139600,22.4192
2006-10-16,34.0167,34.1567,33.9633,34.0600,12192600,22.4808
2006-10-17,33.7667,33.9133,33.4400,33.6133,22278300,22.1859
2006-10-18,34.0000,35.2667,33.7433,33.9433,13058100,22.4038
2006-10-19,33.9333,34.1233,33.7767,34.0933,17712900,22.5028
2006-10-20,34.2033,34.2033,33.8167,33.9333,8516100,22.3972
2006-10-23,33.8833,34.0000,33.6267,33.9033,10940100,22.3773
2006-10-24,33.9467,34.0967,33.8467,34.0967,13887300,22.5050
2006-10-25,34.1833,34.4933,34.1100,34.4933,13429500,22.7668
2006-10-26,34.6667,34.6767,34.3700,34.5767,14022600,22.8218
2006-10-27,34.3233,34.4500,33.9867,34.0000,16726200,22.4412
2006-10-30,33.8833,33.8833,33.5200,33.8833,13016100,22.3642
2006-10-31,34.1600,34.5333,33.9700,34.5333,15638700,22.7932
2006-11-01,34.6300,34.7767,34.1867,34.1867,21519900,22.5644
2006-11-02,34.1867,34.4133,34.1167,34.2933,11107500,22.6348
2006-11-03,34.4800,35.3333,34.3433,34.4000,14080500,22.7052
2006-11-06,34.6733,35.2500,34.6733,35.2167,17758200,23.2442
2006-11-07,35.2500,35.3933,35.0400,35.0667,17495400,23.1452
2006-11-08,34.8367,35.2867,34.7667,35.1567,13207500,23.2046
2006-11-09,35.3833,35.6667,35.2467,35.2767,13462800,23.2838
2006-11-10,35.4100,35.5000,35.2167,35.3267,7724700,23.3168
2006-11-13,35.2633,35.4633,35.1667,35.4467,7749600,23.3960
2006-11-14,35.6633,36.0367,35.6200,36.0000,13497900,23.7612
2006-11-15,35.9667,36.1033,35.8000,36.0667,9692700,23.8052
2006-11-16,36.1500,36.1667,35.6900,35.7033,18023400,23.5654
2006-11-17,35.5600,35.6633,35.3767,35.6633,16318800,23.5390
2006-11-20,35.4500,35.7400,35.3833,35.5233,19312500,23.4466
2006-11-21,35.6667,36.0900,35.6667,36.0900,19997400,23.8206
2006-11-22,36.2000,36.4567,36.0700,36.3433,18803400,23.9878
2006-11-24,36.1300,36.4400,36.1167,36.3367,6264900,23.9834
2006-11-27,36.6200,36.6200,35.6500,35.6500,26716200,23.5302
2006-11-28,35.6500,35.8567,35.3833,35.8567,28599900,23.6666
2006-11-29,36.0967,36.5900,36.0967,36.4367,22907400,24.0494
2006-11-30,36.5600,36.8567,36.4000,36.6000,13969500,24.1572
2006-12-01,36.7533,36.8467,36.1667,36.4500,29047200,24.0582
2006-12-04,36.6667,37.2900,36.6000,37.2100,16613100,24.5599
2006-12-05,37.3467,37.8800,37.2733,37.8600,32339400,24.9889
2006-12-06,37.5067,37.7767,37.4667,37.6000,11058000,24.8173
2006-12-07,37.6000,37.7500,37.2967,37.4667,15916500,24.7293
2006-12-08,37.3667,37.5733,37.1733,37.3000,11158500,24.6193
2006-12-11,37.3667,37.3933,37.1700,37.3167,6801900,24.6303
2006-12-12,37.0833,37.1333,36.6267,36.8667,17909100,24.3333
2006-12-13,36.9633,37.1167,36.9100,37.0667,9894000,24.4653
2006-12-14,37.2733,37.7267,37.2667,37.7000,11988300,24.8833
2006-12-15,37.9800,37.9833,37.7333,37.8667,11638500,24.9933
2006-12-18,37.9000,38.1200,37.5667,37.6033,12088800,24.8195
2006-12-19,37.2000,37.5033,36.8667,37.3667,31979400,24.6633
2006-12-20,37.2300,37.3233,37.1167,37.2500,12470700,24.9362
2006-12-21,37.2500,37.3333,36.9933,37.1833,14906700,24.8915
2006-12-22,37.3333,37.3667,37.0133,37.3167,9581100,24.9808
2006-12-26,37.3000,37.7133,37.2700,37.6633,5689800,25.2129
2006-12-27,37.9300,38.2000,37.7733,38.2000,16816200,25.5721
2006-12-28,38.2167,38.2667,37.9733,38.1267,8598900,25.5230
2006-12-29,38.1500,38.2600,38.0233,38.0567,8026500,25.4762
2007-01-03,38.6667,38.8033,38.0800,38.3800,38546100,25.6926
2007-01-04,38.0833,38.0933,37.6100,37.8500,26830200,25.3378
2007-01-05,37.4667,37.5500,36.7400,36.7433,33141600,24.5970
2007-01-08,36.9600,37.1467,36.7533,37.0100,23326500,24.7755
2007-01-09,36.7333,36.7833,35.9833,36.1833,43958400,24.2221
2007-01-10,35.8033,36.2533,35.5400,36.1000,58526400,24.1663
2007-01-11,36.3133,37.0500,36.1900,36.5567,47418300,24.4720
2007-01-12,36.8233,37.3000,36.6333,37.3000,25530900,24.9696
2007-01-16,37.4500,37.4833,37.1967,37.4333,25978500,25.0589
2007-01-17,37.3333,37.4933,37.1300,37.2767,20523900,24.9540
2007-01-18,37.6000,37.6333,36.8833,36.8833,31396500,24.6907
2007-01-19,37.0167,37.5467,37.0167,37.5467,18093900,25.1348
2007-01-22,37.6000,37.8433,37.3833,37.5033,20959200,25.1058
2007-01-23,37.5000,38.3567,37.4533,38.3567,28305600,25.6770
2007-01-24,38.3300,38.8333,38.2400,38.6900,20193900,25.9001
2007-01-25,38.4433,38.5000,37.5000,37.5000,28913700,25.1035
2007-01-26,37.6667,37.8267,37.2500,37.7300,27627600,25.2575
2007-01-29,37.5400,37.5667,37.1467,37.2300,29898300,24.9228
2007-01-30,37.3533,37.8067,37.3533,37.8067,20502600,25.3088
2007-01-31,37.4633,38.1000,37.2533,38.1000,31860600,25.5052
2007-02-01,38.2667,38.6000,38.2667,38.5667,34173900,25.8176
2007-02-02,38.5833,38.6600,38.3333,38.4500,20925300,25.7395
2007-02-05,38.3367,38.5267,38.1667,38.4867,16254900,25.7640
2007-02-06,38.7700,38.9467,38.6000,38.8667,17354700,26.0184
2007-02-07,38.9600,38.9867,38.6033,38.7167,16291500,25.9180
2007-02-08,38.5067,38.7167,38.3267,38.5100,19789500,25.7796
2007-02-09,38.6667,38.7533,38.0000,38.0500,31971900,25.4717
2007-02-12,38.1167,38.1167,37.6033,37.7900,27900000,25.2977
2007-02-13,37.9833,38.4667,37.9567,38.3900,30303300,25.6993
2007-02-14,38.4333,39.2933,38.4167,39.2167,37476600,26.2527
2007-02-15,39.2500,39.3500,39.1233,39.2400,14388000,26.2683
2007-02-16,39.0867,39.3300,38.9633,39.3300,14832300,26.3286
2007-02-20,39.0333,39.5000,39.0100,39.4333,15368400,26.3978
2007-02-21,39.1933,39.6267,39.0433,39.5500,14292600,26.4759
2007-02-22,39.7267,39.8600,39.3633,39.4500,23298600,26.4089
2007-02-23,39.4133,39.5500,38.9000,39.1667,27175200,26.2192
2007-02-26,39.3467,39.4100,38.8567,39.1500,14965800,26.2081
2007-02-27,37.6667,37.7133,34.4967,35.9667,89951400,24.0771
2007-02-28,36.5000,37.2733,36.2167,36.8667,63694500,24.6796
2007-03-01,35.6900,36.7167,35.1800,36.3367,58851900,24.3248
2007-03-02,36.0167,36.7900,35.8500,36.0000,59927700,24.0994
2007-03-05,35.1833,35.8667,34.5200,35.0767,54968400,23.4813
2007-03-06,35.6733,36.7033,35.6733,36.6167,49910400,24.5122
2007-03-07,36.3500,36.6800,36.1867,36.3933,31768200,24.3627
2007-03-08,37.0333,37.8133,36.9167,37.3333,36276000,24.9920
2007-03-09,37.5967,37.6000,36.9600,37.4000,26060700,25.0366
2007-03-12,37.4333,37.8533,37.3200,37.5833,25128600,25.1593
2007-03-13,37.2467,37.4967,36.2933,36.4900,44023200,24.4274
2007-03-14,36.4500,36.8600,35.7733,36.7900,49965900,24.6282
2007-03-15,36.5333,37.3367,36.5333,37.0900,30401100,24.8291
2007-03-16,37.1800,37.3467,36.6333,36.7733,22194900,24.6171
2007-03-19,37.2667,37.6333,37.1933,37.5800,24143400,25.1571
2007-03-20,37.5200,37.8667,37.4067,37.8267,15362400,25.3222
2007-03-21,37.9567,39.1100,37.8267,38.9600,42041700,26.0809
2007-03-22,39.0433,39.2100,38.7067,38.7933,21576300,25.9693
2007-03-23,38.9200,39.0800,38.7933,38.9733,16886100,26.0898
2007-03-26,38.9200,39.0667,38.4000,38.9500,22027500,26.0742
2007-03-27,38.9500,38.9500,38.4567,38.7767,18514500,25.9582
2007-03-28,38.3067,38.5000,37.9300,38.0833,22615800,25.4940
2007-03-29,38.6667,38.9300,38.3000,38.8400,23175900,26.0006
2007-03-30,38.9000,39.0667,38.4500,38.8333,28557900,25.9961
2007-04-02,38.9500,39.2200,38.7400,39.1000,18873300,26.1746
2007-04-03,39.5000,39.7867,39.3533,39.7400,24303000,26.6030
2007-04-04,39.8800,40.0267,39.7133,39.9900,20481300,26.7704
2007-04-05,39.9333,40.2333,39.8333,40.0267,20437800,26.7949
2007-04-09,40.2800,40.5867,40.1700,40.2567,21373500,26.9489
2007-04-10,40.2833,40.5000,40.2600,40.4467,15370500,27.0761
2007-04-11,40.6133,40.7500,39.9667,40.0733,28048500,26.8262
2007-04-12,40.1333,40.7700,39.9600,40.7433,23445900,27.2747
2007-04-13,40.8333,40.9900,40.3333,40.9433,11782200,27.4086
2007-04-16,41.1833,41.4633,41.1033,41.4300,20166600,27.7344
2007-04-17,41.3867,41.3867,40.9233,41.2067,26238600,27.5849
2007-04-18,40.8333,41.0600,40.7433,40.9000,16978800,27.3796
2007-04-19,40.2367,40.6200,39.9200,40.5700,30470700,27.1587
2007-04-20,41.1300,41.3167,40.8700,41.0533,15983100,27.4822
2007-04-23,41.0367,41.1567,40.7967,40.8900,14394900,27.3729
2007-04-24,40.8833,41.0100,40.6700,40.8833,18733200,27.3684
2007-04-25,41.1533,41.4300,40.9333,41.3900,17789700,27.7076
2007-04-26,41.3367,41.4500,41.0867,41.2800,20426100,27.6340
2007-04-27,40.8867,41.1133,40.7100,41.0733,24456300,27.4956
2007-04-30,40.8133,40.9300,40.1200,40.2800,27583800,26.9645
2007-05-01,40.4133,40.5933,40.1000,40.4400,28771800,27.0717
2007-05-02,40.6300,41.2867,40.5833,41.2433,26205600,27.6094
2007-05-03,41.3800,41.6600,41.2133,41.5900,15720900,27.8415
2007-05-04,41.7033,41.9833,41.5200,41.5767,15575700,27.8326
2007-05-07,41.7000,41.9967,41.7000,41.8467,10084800,28.0133
2007-05-08,41.6400,41.6400,41.1400,41.3033,27634200,27.6496
2007-05-09,41.4000,42.0433,41.3533,41.9700,22212600,28.0959
2007-05-10,41.7467,41.9700,40.8500,40.9433,36275100,27.4086
2007-05-11,41.1667,42.1500,41.1667,41.9833,21416100,28.1048
2007-05-14,41.9033,42.3333,41.3533,41.5667,28344000,27.8259
2007-05-15,41.5767,42.0067,41.3433,41.6167,27392700,27.8593
2007-05-16,41.8600,42.3300,41.5367,42.2200,18247200,28.2632
2007-05-17,42.0033,42.2333,41.7033,42.0667,17952600,28.1606
2007-05-18,42.1767,42.3233,41.9700,42.2833,16459500,28.3056
2007-05-21,42.2467,42.5967,42.2100,42.3600,33299100,28.3570
2007-05-22,42.4433,42.5733,42.3533,42.3667,23904900,28.3614
2007-05-23,42.6667,42.8000,42.0133,42.3000,41565600,28.3168
2007-05-24,42.2333,42.3667,41.0933,41.2833,52781700,27.6362
2007-05-25,41.7367,42.0000,41.6200,41.9167,20317500,28.0602
2007-05-29,42.0833,42.2000,41.3333,41.7733,20445900,27.9642
2007-05-30,41.0000,42.2000,40.9400,42.2000,35050500,28.2498
2007-05-31,42.2300,42.5000,42.0733,42.3200,23850900,28.3302
2007-06-01,42.5833,43.3767,42.5833,43.3767,24035700,29.0375
2007-06-04,43.0033,43.3300,42.9167,43.1833,26454900,28.9081
2007-06-05,43.0133,43.1400,42.6900,43.0333,27272400,28.8077
2007-06-06,42.7333,42.7333,41.9500,41.9500,40848900,28.0825
2007-06-07,41.9967,42.3133,41.0800,41.3033,66178500,27.6496
2007-06-08,41.4167,42.2000,41.3767,42.0333,42430200,28.1383
2007-06-11,42.0633,42.6500,41.8933,42.3933,22266000,28.3793
2007-06-12,41.9233,42.2733,41.5167,41.6567,31146300,27.8861
2007-06-13,41.9600,42.6467,41.9500,42.4900,31558200,28.4440
2007-06-14,42.6567,43.4033,42.6567,43.1567,22374900,28.8903
2007-06-15,43.6667,44.1400,43.6667,44.1400,45032700,29.5485
2007-06-18,44.2200,44.3833,43.9833,44.1800,14039100,29.5753
2007-06-19,43.9100,44.4167,43.8800,44.2300,20064600,29.6088
2007-06-20,44.5633,44.6433,43.6667,43.8533,31779600,29.3566
2007-06-21,43.9167,44.4900,43.7633,44.4000,26637900,29.7226
2007-06-22,44.0667,44.3533,43.6000,43.8133,22471500,29.3298
2007-06-25,43.7833,43.9600,43.2200,43.4800,29348400,29.1067
2007-06-26,43.6467,43.7467,43.1000,43.1000,29622000,28.8523
2007-06-27,42.9667,43.7367,42.7333,43.7133,31400400,29.2629
2007-06-28,43.4333,44.0000,43.4333,43.7233,22270200,29.2696
2007-06-29,43.9067,44.1667,43.4100,43.8767,39395100,29.3722
2007-07-02,44.0000,44.7667,44.0000,44.7667,30585300,29.9680
2007-07-03,44.8333,45.1233,44.8333,45.1233,13577400,30.2068
2007-07-05,44.8700,45.3800,44.8700,45.3233,25942800,30.3407
2007-07-06,45.5767,46.2867,45.5733,46.1000,31670700,30.8606
2007-07-09,46.4267,46.7000,46.4000,46.5467,28652100,31.1596
2007-07-10,46.0467,46.2067,45.5400,45.6300,40039500,30.5460
2007-07-11,45.8733,46.1533,45.5000,46.0067,25900200,30.7981
2007-07-12,46.3033,47.2133,46.3033,47.0167,29064900,31.4743
2007-07-13,47.3267,47.6333,47.1633,47.6000,24262800,31.8648
2007-07-16,47.2300,47.4000,46.9100,47.1333,23917200,31.5523
2007-07-17,47.2300,47.2667,46.8733,47.0967,21789600,31.5278
2007-07-18,46.5033,46.8467,46.1400,46.5200,34859700,31.1418
2007-07-19,46.8367,47.3067,46.8333,46.9833,24539100,31.4519
2007-07-20,47.2167,47.3833,46.4000,46.6600,48010800,31.2355
2007-07-23,47.6200,48.0333,47.4633,48.0100,35516700,32.1392
2007-07-24,47.6667,47.7633,46.2700,46.3667,53650200,31.0391
2007-07-25,47.0700,47.3333,46.0667,46.6333,45873600,31.2176
2007-07-26,45.6767,45.7200,43.2567,44.2567,99222600,29.6266
2007-07-27,44.5033,44.8133,43.4333,43.6833,64008900,29.2428
2007-07-30,44.1667,45.4900,44.1667,45.1133,50423400,30.2001
2007-07-31,45.7233,45.8800,44.1900,44.1900,63243600,29.5820
2007-08-01,43.6400,44.4100,43.1500,44.0167,106336500,29.4660
2007-08-02,44.0667,44.7667,43.9467,44.5033,46615800,29.7918
2007-08-03,44.4667,44.5000,42.2533,42.5833,64852500,28.5064
2007-08-06,43.0700,43.6367,42.1833,43.3433,72395400,29.0152
2007-08-07,43.1700,44.1367,42.9800,43.6667,54839100,29.2317
2007-08-08,44.5467,45.4900,44.4967,45.1333,50678700,30.2135
2007-08-09,43.7533,44.2667,42.9533,43.2667,78721500,28.9639
2007-08-10,42.3567,43.6867,41.9633,42.5167,82478700,28.4618
2007-08-13,43.5167,43.7867,42.9100,42.9367,39933300,28.7430
2007-08-14,43.1633,43.2500,41.6667,41.8267,50445600,27.9999
2007-08-15,41.3700,41.8100,40.0167,40.1833,77352600,26.8998
2007-08-16,39.3833,39.8967,37.1367,39.5000,140054700,26.4424
2007-08-17,41.0000,42.2933,39.5467,40.7500,99855300,27.2792
2007-08-20,41.2033,41.3567,40.1233,40.8333,64116300,27.3349
2007-08-21,40.6267,41.1667,40.3467,40.6833,43294500,27.2345
2007-08-22,41.3667,42.5333,41.3667,42.4333,57893700,28.4060
2007-08-23,42.8300,42.9933,42.0567,42.6500,46373700,28.5511
2007-08-24,42.6633,43.7600,42.5333,43.6667,52962000,29.2317
2007-08-27,43.6233,44.6000,43.4900,43.8667,28239300,29.3656
2007-08-28,43.3467,43.5033,41.8767,42.0833,56966400,28.1717
2007-08-29,42.8633,43.9633,42.6833,43.7500,42499800,29.2875
2007-08-30,43.2667,44.1400,43.0667,43.5267,29959500,29.1379
2007-08-31,44.6667,45.4000,44.3300,44.6500,53820900,29.8899
2007-09-04,44.2167,45.7267,44.2167,45.4033,33802200,30.3942
2007-09-05,45.0200,45.0200,44.2567,44.7167,38522400,29.9346
2007-09-06,44.9700,45.2900,44.6367,45.0667,20809800,30.1689
2007-09-07,44.2433,44.4267,43.6833,44.0500,48953400,29.4883
2007-09-10,44.6667,44.6867,43.4200,44.0833,32317200,29.5106
2007-09-11,44.6033,45.1500,44.5467,44.9733,32632200,30.1064
2007-09-12,44.7433,45.3300,44.5167,45.1333,29448900,30.2135
2007-09-13,45.4367,45.9633,45.2967,45.6333,22941300,30.5482
2007-09-14,45.4167,45.8733,45.1900,45.7233,17142600,30.6085
2007-09-17,45.3733,45.5267,44.9067,45.4333,22866300,30.4143
2007-09-18,45.5667,47.7167,45.3667,47.6333,68338200,31.8871
2007-09-19,47.7667,48.6267,47.6933,47.8500,63006000,32.0321
2007-09-20,47.9700,48.2767,47.4167,47.7000,34842000,31.9317
2007-09-21,48.2567,48.4800,48.1733,48.3333,30381000,32.3557
2007-09-24,49.3333,49.3333,48.6667,48.9333,31511400,32.7573
2007-09-25,48.5333,48.9500,48.2233,48.7500,28052400,32.6346
2007-09-26,49.4000,49.5500,49.0433,49.4000,27536400,33.0697
2007-09-27,50.1633,50.6667,49.6433,50.1333,32771700,33.5606
2007-09-28,50.2500,50.3967,49.4567,49.8167,40628400,33.3486
2007-10-01,50.2900,51.5900,50.0567,51.3833,38391000,34.3974
2007-10-02,51.8700,52.3300,51.2233,51.7333,40943400,34.6317
2007-10-03,51.5800,51.7533,50.1667,50.1667,49248300,33.5829
2007-10-04,50.3667,50.8233,49.8100,50.6667,23239800,33.9177
2007-10-05,51.2167,52.5900,51.1667,52.3567,64093800,35.0490
2007-10-08,51.6633,51.9500,51.4367,51.8000,32786100,34.6763
2007-10-09,52.1800,52.6467,51.9667,52.6067,30145200,35.2163
2007-10-10,52.4433,52.8567,52.1533,52.6767,36825900,35.2632
2007-10-11,53.3400,53.6000,51.2867,52.2133,71038800,34.9530
2007-10-12,52.4567,53.1667,52.2867,53.1667,27468300,35.5912
2007-10-15,53.2567,53.3833,51.8367,52.5167,40017900,35.1561
2007-10-16,52.1633,52.1900,51.1833,51.5433,60320100,34.5045
2007-10-17,52.7333,52.9700,51.7000,52.7333,67459200,35.3011
2007-10-18,51.8333,53.1167,51.7600,53.0000,55143300,35.4797
2007-10-19,52.5367,52.6600,50.2967,50.7333,82591500,33.9623
2007-10-22,50.2333,51.1033,49.6633,51.1000,60902100,34.2077
2007-10-23,51.7533,52.7133,51.5033,52.5167,55527300,35.1561
2007-10-24,52.0367,52.3433,50.4867,52.1733,49925100,34.9263
2007-10-25,52.8633,52.9833,51.9167,52.8367,43169400,35.3703
2007-10-26,54.0167,54.5700,53.5000,54.3333,44119500,36.3722
2007-10-29,55.2333,55.5833,54.9400,55.5833,38281200,37.2090
2007-10-30,54.7667,54.9000,54.3500,54.5333,36921900,36.5061
2007-10-31,55.0033,55.8267,54.3333,55.7300,63320400,37.3072
2007-11-01,54.1867,54.5567,53.2900,53.4800,56598300,35.8010
2007-11-02,53.8333,54.3100,52.8200,53.7833,59190000,36.0040
2007-11-05,52.3667,52.6300,51.5433,51.9133,43943400,34.7522
2007-11-06,53.4267,54.0900,52.6700,53.8833,40065300,36.0710
2007-11-07,53.0933,53.5533,51.9067,52.1667,46819800,34.9218
2007-11-08,52.4067,52.9667,50.6300,52.4333,83404200,35.1003
2007-11-09,51.4867,52.2000,50.8033,51.2000,52806000,34.2747
2007-11-12,50.4833,50.7967,48.3400,48.3667,69956100,32.3780
2007-11-13,50.3000,51.9733,50.0900,51.7833,74957100,34.6652
2007-11-14,52.7700,53.1000,51.4600,51.8333,47813100,34.6987
2007-11-15,51.2400,51.7733,50.1300,50.6400,55260300,33.8998
2007-11-16,50.8133,51.3600,50.0500,51.2667,60026400,34.3193
2007-11-19,50.3033,50.4033,48.4667,48.9033,52244700,32.7372
2007-11-20,49.4967,50.7300,48.9933,50.2467,83208600,33.6365
2007-11-21,48.5700,48.7633,47.4067,47.7167,77409000,31.9428
2007-11-23,48.5833,49.7333,48.5833,49.1267,24243900,32.8867
2007-11-26,49.3400,49.8200,47.1767,47.1767,72462000,31.5814
2007-11-27,47.9167,49.1967,47.6433,48.9833,75099600,32.7908
2007-11-28,49.5233,51.6667,49.5000,51.6667,100931400,34.5871
2007-11-29,51.0500,51.7500,50.6600,51.0333,62430600,34.1631
2007-11-30,52.4267,52.5667,51.0567,51.4667,64310400,34.4532
2007-12-03,51.3700,51.6467,50.9000,51.0200,41652600,34.1542
2007-12-04,50.8033,51.4967,50.7367,50.8867,32139000,34.0649
2007-12-05,52.1000,53.1500,52.1000,53.1467,46454100,35.5778
2007-12-06,52.8667,54.0500,52.6667,53.9833,49785000,36.1379
2007-12-07,53.7333,53.8000,53.0900,53.3433,47259900,35.7095
2007-12-10,53.3333,53.5767,53.0967,53.3600,30087600,35.7206
2007-12-11,53.5933,53.7400,50.9000,51.1000,67515900,34.2077
2007-12-12,53.4333,53.8800,51.4867,52.6333,72613200,35.2342
2007-12-13,51.1667,51.5933,50.4833,51.1867,75751200,34.2658
2007-12-14,50.1333,50.7900,49.9367,49.9667,52611000,33.4491
2007-12-17,49.1200,49.2033,47.8133,47.8367,62022000,32.0232
2007-12-18,49.3500,49.3867,47.9100,49.1500,69887400,32.9024
2007-12-19,49.3267,49.7733,49.0033,49.4700,56490000,33.1166
2007-12-20,49.7067,49.8600,49.0867,49.7400,45520800,33.2973
2007-12-21,50.4667,51.2400,50.3667,51.2400,56436300,34.3015
2007-12-24,50.6900,51.4533,50.6267,51.4467,18304800,34.8816
2007-12-26,51.0500,51.8267,50.9500,51.7133,23497500,35.0624
2007-12-27,51.2467,51.3433,50.3967,50.5200,30705600,34.2533
2007-12-28,51.0367,51.1800,50.3300,50.7100,37557000,34.3821
2007-12-31,50.8500,50.9633,50.0033,50.1000,26840400,33.9685
2008-01-02,50.4400,50.7533,48.9700,49.2733,68029800,33.4081
2008-01-03,49.8667,50.0567,49.4867,49.7167,47760300,33.7087
2008-01-04,49.2600,49.3500,47.7567,48.2233,83071200,32.6961
2008-01-07,48.6233,48.9333,47.8100,48.5767,54090900,32.9357
2008-01-08,49.1400,49.6567,48.0700,48.2000,88767900,32.6803
2008-01-09,48.9033,49.7800,48.2000,49.7800,85492200,33.7516
2008-01-10,48.9733,50.6500,48.7400,50.3667,84510900,34.1494
2008-01-11,49.3000,49.8833,48.6633,48.9500,78241200,33.1888
2008-01-14,49.6800,49.9167,49.2333,49.6700,70594500,33.6770
2008-01-15,48.7000,48.8900,47.2667,47.4233,90633900,32.1537
2008-01-16,46.7167,46.9200,44.7267,45.4500,141276600,30.8158
2008-01-17,46.1667,46.4933,43.9300,44.1267,133308000,29.9185
2008-01-18,45.4867,45.7533,44.0567,45.1333,119655300,30.6011
2008-01-22,42.3100,45.0333,41.8333,44.0000,153342900,29.8327
2008-01-23,42.0400,44.4300,40.6767,44.2800,173383800,30.0225
2008-01-24,44.2000,45.4467,44.1067,45.1400,93140700,30.6056
2008-01-25,45.9933,46.2733,44.2700,44.4533,65709300,30.1400
2008-01-28,44.3667,45.5533,42.3333,45.5533,61924200,30.8859
2008-01-29,45.4400,45.5367,44.6933,45.3300,42873000,30.7344
2008-01-30,44.6500,46.3600,44.3800,44.7333,90782400,30.3299
2008-01-31,43.8800,45.9333,43.7033,45.6300,91635900,30.9378
2008-02-01,45.8667,46.6967,45.6667,46.5400,66237600,31.5548
2008-02-04,46.8800,47.0000,46.4067,46.6833,47431800,31.6520
2008-02-05,45.6500,45.7500,43.7333,44.1700,81961200,29.9479
2008-02-06,44.5000,45.0367,43.3033,43.4467,94311600,29.4575
2008-02-07,43.3000,44.6100,42.8700,44.1833,81689400,29.9570
2008-02-08,43.6333,44.4100,43.4767,44.1000,64338300,29.9005
2008-02-11,43.9400,44.6633,43.4233,44.6467,62668500,30.2711
2008-02-12,45.0867,46.1367,44.9800,45.3667,95163900,30.7593
2008-02-13,45.8500,46.5200,45.3333,46.3867,80838300,31.4509
2008-02-14,46.8033,46.9467,45.7467,45.7900,77572200,31.0463
2008-02-15,45.9367,46.1467,45.3933,46.1167,40972800,31.2678
2008-02-19,47.3267,47.3700,46.4433,46.7200,60714600,31.6769
2008-02-20,45.9833,47.2867,45.7700,47.1100,67324200,31.9413
2008-02-21,47.4167,47.5200,46.2800,46.4500,47179200,31.4938
2008-02-22,46.9233,47.1500,45.8800,47.0733,58150800,31.9164
2008-02-25,46.9833,48.0133,46.6433,47.9500,62952600,32.5108
2008-02-26,47.5933,48.7667,47.4300,48.5833,62865300,32.9402
2008-02-27,48.2167,49.2833,48.1033,48.9933,59912700,33.2182
2008-02-28,48.4867,48.8767,48.2233,48.4667,52139100,32.8611
2008-02-29,47.9333,47.9500,46.4567,46.5400,69116400,31.5548
2008-03-03,46.5433,47.1133,46.0000,46.7933,85376100,31.7266
2008-03-04,46.0100,46.4400,44.8533,45.7067,95442600,30.9898
2008-03-05,46.2400,46.8667,45.9100,46.6667,63579300,31.6407
2008-03-06,46.4000,46.5500,45.0100,45.0667,57511500,30.5559
2008-03-07,44.6467,45.5100,44.1500,44.4433,70810500,30.1332
2008-03-10,44.7600,44.7600,43.2400,43.6633,70676700,29.6044
2008-03-11,45.5200,46.6333,44.7833,46.6000,100189800,31.5955
2008-03-12,46.1000,46.6667,45.6067,45.7367,59353200,31.0102
2008-03-13,44.4367,45.7767,44.0833,45.3200,85102500,30.7276
2008-03-14,45.3033,45.4167,43.3667,43.7133,94845000,29.6383
2008-03-17,42.0867,43.0067,41.6200,42.6333,104934000,28.9060
2008-03-18,43.5167,44.9300,43.4200,44.8500,82055700,30.4090
2008-03-19,44.3500,44.6333,42.1000,42.1567,98289000,28.5829
2008-03-20,42.1233,42.9833,41.5933,42.8667,83455200,29.0642
2008-03-24,43.4600,44.8467,43.2367,44.5100,63315000,30.1785
2008-03-25,44.5533,45.2700,44.5500,45.1933,49837200,30.6418
2008-03-26,44.9633,45.0267,44.3967,44.8267,46039800,30.3932
2008-03-27,45.2633,45.2900,44.5433,44.6100,45650100,30.2462
2008-03-28,45.0033,45.0833,44.3633,44.5300,42123300,30.1920
2008-03-31,44.6167,44.8400,44.3967,44.7933,51357900,30.3705
2008-04-01,45.2967,46.5500,45.1933,46.5133,59322000,31.5367
2008-04-02,46.5133,46.8933,46.0000,46.5467,48963000,31.5593
2008-04-03,46.3833,47.4133,46.2500,47.1133,49385100,31.9435
2008-04-04,46.8733,47.5433,46.5767,46.9233,48387300,31.8147
2008-04-07,47.7433,48.1833,47.2567,47.5467,48936600,32.2374
2008-04-08,47.1500,47.5300,46.9600,47.2867,37712100,32.0611
2008-04-09,47.1267,47.2933,46.3533,46.5500,38654100,31.5616
2008-04-10,46.8967,47.4200,46.4767,47.2167,38757600,32.0136
2008-04-11,46.7433,46.9967,46.2267,46.4467,45471000,31.4915
2008-04-14,46.2567,46.7267,46.0033,46.3367,43521300,31.4170
2008-04-15,46.8533,46.9767,46.4500,46.8800,34587600,31.7854
2008-04-16,47.4400,48.5333,47.4333,48.2667,52355400,32.7255
2008-04-17,47.8067,48.1233,47.5500,47.9167,35445900,32.4882
2008-04-18,48.5800,48.9000,48.2067,48.6400,43182300,32.9786
2008-04-21,48.4100,48.9567,47.3333,48.8867,39228000,33.1459
2008-04-22,48.7233,48.8033,48.0733,48.4333,45971400,32.8385
2008-04-23,48.9400,49.1600,48.5333,49.1300,38048400,33.3109
2008-04-24,48.9700,49.1500,48.1067,48.5000,38298300,32.8837
2008-04-25,48.9000,48.9433,48.1500,48.8567,36429900,33.1256
2008-04-28,49.0167,49.1467,48.6800,48.7633,28076100,33.0623
2008-04-29,48.6333,48.6333,47.8533,47.9000,43114200,32.4769
2008-04-30,48.2000,49.0400,48.0600,48.8867,56735100,33.1459
2008-05-01,48.8667,49.5067,48.5800,49.4067,36340500,33.4985
2008-05-02,50.0267,50.0900,49.5000,49.8800,36100200,33.8194
2008-05-05,49.8333,50.0600,49.5733,49.8433,22732500,33.7945
2008-05-06,49.6633,50.5167,49.4333,50.4000,36007500,34.1720
2008-05-07,49.9933,50.1167,48.8033,48.9000,52249200,33.1550
2008-05-08,49.1433,49.5967,49.0400,49.4033,34318500,33.4962
2008-05-09,48.9567,49.1633,48.7067,49.0000,33387000,33.2227
2008-05-12,49.0733,49.6500,48.7133,49.6300,31889100,33.6499
2008-05-13,49.7500,49.9700,49.4167,49.8667,24984000,33.8104
2008-05-14,50.2500,50.4900,49.8900,49.9867,27882000,33.8917
2008-05-15,50.2800,51.0800,50.1300,51.0500,41979600,34.6127
2008-05-16,51.3167,51.7333,51.1300,51.7000,30127200,35.0534
2008-05-19,51.7200,52.4867,51.5967,51.7100,45427200,35.0602
2008-05-20,50.9800,51.0000,50.5233,50.8133,44971500,34.4522
2008-05-21,51.0300,51.3900,50.1200,50.2967,47546700,34.1019
2008-05-22,50.5633,50.6433,50.1133,50.4433,26301300,34.2013
2008-05-23,50.0067,50.1167,49.3500,49.5633,31783500,33.6047
2008-05-27,49.4067,49.6133,48.9800,49.4833,35205600,33.5504
2008-05-28,49.6367,50.1500,49.1833,50.1500,31076400,34.0025
2008-05-29,50.1967,50.8333,49.9767,50.2600,36030300,34.0770
2008-05-30,50.5567,50.8400,50.3667,50.4333,29933400,34.1946
2008-06-02,50.3933,50.3933,49.5200,49.8333,39888600,33.7877
2008-06-03,49.8500,49.9267,48.7367,48.9333,44795100,33.1775
2008-06-04,48.6633,49.1067,48.4167,48.5067,46607100,32.8882
2008-06-05,48.9267,50.0500,48.7833,50.0500,36879600,33.9347
2008-06-06,49.3500,49.4500,48.2367,48.2367,48717600,32.7052
2008-06-09,48.4033,48.6033,47.5333,48.1133,49329300,32.6216
2008-06-10,47.3933,47.4167,46.9067,47.0033,67029600,31.8690
2008-06-11,47.1667,47.2900,46.2667,46.3000,72144300,31.3921
2008-06-12,46.6500,47.2533,46.3567,46.5700,59169900,31.5752
2008-06-13,46.6000,47.2300,46.3500,47.0733,42621000,31.9164
2008-06-16,47.0333,47.4067,46.9167,47.2333,34441200,32.0249
2008-06-17,47.7300,47.8600,47.4000,47.4333,38012100,32.1605
2008-06-18,47.3567,47.5633,46.7333,47.2033,48612300,32.0046
2008-06-19,46.9833,47.4267,46.8133,47.2767,52999500,32.0543
2008-06-20,46.5133,46.6233,45.6433,45.7333,94397400,31.0079
2008-06-23,45.9167,46.0700,45.6700,45.8667,50194200,31.0983
2008-06-24,45.6200,46.1833,45.2433,45.6633,55306800,30.9604
2008-06-25,45.4533,46.4300,45.4533,46.0500,64861200,31.5804
2008-06-26,45.3000,45.4233,44.4333,44.4700,69863700,30.4968
2008-06-27,44.6767,45.1233,44.4333,44.9000,54488400,30.7917
2008-06-30,45.2167,45.3933,44.9633,45.2400,52705800,31.0249
2008-07-01,44.2167,44.6100,43.6067,44.4333,88602600,30.4717
2008-07-02,44.6367,44.7733,43.0600,43.1667,77359500,29.6030
2008-07-03,43.6033,43.6033,42.6400,43.0433,51487800,29.5184
2008-07-07,43.4000,43.8533,42.5000,42.8900,84791100,29.4133
2008-07-08,42.8200,43.4500,42.2633,43.4167,91546200,29.7745
2008-07-09,43.6000,43.9533,42.4267,42.5400,89474400,29.1733
2008-07-10,43.0633,43.5233,42.5967,43.3100,82659300,29.7013
2008-07-11,42.9733,43.6500,42.5833,43.0200,74596200,29.5025
2008-07-14,43.6200,43.8467,41.7333,42.9667,48638400,29.4659
2008-07-15,42.3067,43.0133,41.5233,42.2500,108376500,28.9744
2008-07-16,42.2467,43.5833,42.0233,43.4700,72721800,29.8111
2008-07-17,43.7100,44.0733,43.3567,43.6733,88662300,29.9505
2008-07-18,43.3100,43.6767,43.1433,43.2967,50926800,29.6922
2008-07-21,43.5633,43.9667,43.4933,43.8333,42357300,30.0602
2008-07-22,43.2933,43.8667,43.0133,43.8600,47977800,30.0785
2008-07-23,44.0800,44.3533,43.7700,43.9233,142368000,30.1219
2008-07-24,43.6600,44.0000,41.5800,42.3000,33791200,29.0087
2008-07-25,42.6500,42.7500,42.2400,42.5900,26549400,29.2076
2008-07-28,42.6400,42.7400,41.7500,41.8700,22918200,28.7138
2008-07-29,41.9900,44.1900,41.7600,44.1900,28970800,30.3048
2008-07-30,43.4700,44.4000,42.0200,43.7300,38187600,29.9894
2008-07-31,42.8400,43.6900,42.6500,42.7500,65916000,29.3173
2008-08-01,43.2000,43.2000,42.1600,42.4600,36367800,29.1184
2008-08-04,41.9500,42.0800,40.9600,41.1600,55599400,28.2269
2008-08-05,41.2000,41.7900,41.0100,41.6900,42552600,28.5904
2008-08-06,41.6000,42.5200,41.5500,42.5200,34367700,29.1596
2008-08-07,41.7200,41.8000,40.9400,41.0600,38381200,28.1583
2008-08-08,40.5700,41.2900,40.4100,41.1600,51194100,28.2269
2008-08-11,40.9100,41.1400,40.5800,40.7300,43444700,27.9320
2008-08-12,40.4200,40.7100,39.9900,40.3900,39537600,27.6988
2008-08-13,40.0400,40.5200,39.6400,40.3800,52150600,27.6920
2008-08-14,40.3600,41.0700,40.3500,40.9100,34218600,28.0554
2008-08-15,40.7400,40.9500,40.2000,40.2700,37679300,27.6165
2008-08-18,40.4500,40.5000,39.2600,39.5900,34649700,27.1502
2008-08-19,39.1300,39.3900,38.7300,39.2600,58501700,26.9239
2008-08-20,39.7900,40.2900,39.6600,40.2600,39617100,27.6097
2008-08-21,39.7400,40.4400,39.6700,40.2000,26882500,27.5685
2008-08-22,40.4400,40.4600,39.6700,40.1700,19299700,27.5480
2008-08-25,40.0400,40.1000,39.3100,39.3400,30942400,26.9788
2008-08-26,39.4600,39.6600,39.2000,39.4100,25493200,27.0268
2008-08-27,39.7400,40.3500,39.6300,40.2500,31425700,27.6028
2008-08-28,40.3300,40.6100,40.2300,40.5300,29213700,27.7948
2008-08-29,40.4500,40.4800,39.8500,40.0500,26262300,27.4657
2008-09-02,39.3700,39.7100,38.7600,38.8400,43801700,26.6359
2008-09-03,38.7600,38.7600,37.9100,38.2000,58412400,26.1970
2008-09-04,37.7700,37.9100,36.4000,36.4400,70453100,24.9900
2008-09-05,36.4100,37.0300,35.9500,36.9600,58892600,25.3466
2008-09-08,38.5800,38.7500,36.8700,37.4200,64826300,25.6621
2008-09-09,36.7000,36.8800,34.7500,35.3200,71020700,24.2219
2008-09-10,35.9300,36.2100,35.2300,35.8900,74811000,24.6128
2008-09-11,34.6700,35.4500,34.3500,35.3600,103649900,24.2493
2008-09-12,35.2500,36.9900,35.0400,36.5400,83241400,25.0586
2008-09-15,34.3500,35.2600,33.5500,33.6700,108168400,23.0904
2008-09-16,32.1900,34.2500,31.9500,33.9600,115788300,23.2892
2008-09-17,32.8800,33.2400,31.3800,31.5500,153448700,21.6365
2008-09-18,32.7000,34.8000,31.2100,34.2100,155272500,23.4607
2008-09-19,38.7700,39.7500,36.0500,38.4700,157949600,26.3821
2008-09-22,37.7500,37.7500,35.8800,35.9600,112364700,24.6608
2008-09-23,35.6300,36.3100,34.3800,34.8400,75596800,23.8927
2008-09-24,35.4500,35.7400,34.7800,35.2400,64728700,24.1671
2008-09-25,35.7200,37.5000,35.5000,37.0500,98210700,25.4083
2008-09-26,35.1000,36.0700,34.0000,35.7900,56618700,24.5442
2008-09-29,34.1300,34.3300,30.8800,31.6100,126723300,21.6777
2008-09-30,33.2300,34.5300,32.7500,34.1700,77582900,23.4333
2008-10-01,33.8100,34.5800,33.1000,34.5800,69638300,23.7144
2008-10-02,33.2700,33.2800,31.4600,31.5500,81034600,21.6365
2008-10-03,31.9300,33.0800,30.6500,30.7200,83974700,21.0673
2008-10-06,28.4800,28.8800,26.5200,28.4100,155814800,19.4831
2008-10-07,28.8700,29.1100,26.2000,26.2000,115117100,17.9676
2008-10-08,25.6000,27.3800,25.1500,26.2000,133618100,17.9676
2008-10-09,26.8900,27.3000,24.1600,24.2700,129263500,16.6440
2008-10-10,23.1700,25.9900,22.2400,24.5500,181837700,16.8360
2008-10-13,26.7500,30.3700,26.1800,30.1400,177204100,20.6695
2008-10-14,30.1000,31.2500,27.8100,28.6400,154341500,19.6409
2008-10-15,26.8500,26.9500,23.9100,24.0100,153732000,16.4657
2008-10-16,24.6000,25.1900,22.5500,25.1900,182101100,17.2749
2008-10-17,23.9000,25.9000,23.5800,24.4000,121812700,16.7331
2008-10-20,25.1600,26.2100,24.7900,26.1100,84463900,17.9058
2008-10-21,25.0000,25.3500,24.0300,24.0300,86398800,16.4794
2008-10-22,22.9500,23.1100,21.1400,21.5000,157052000,14.7444
2008-10-23,21.4000,22.5300,20.6600,22.1000,153277100,15.1558
2008-10-24,19.3800,20.8100,19.1900,19.8200,170199600,13.5923
2008-10-27,19.3100,20.4400,19.1600,19.3000,142877900,13.2356
2008-10-28,20.6400,24.2400,20.1000,23.3400,219283400,16.0062
2008-10-29,22.2200,24.0100,21.7700,22.6000,159872300,15.4987
2008-10-30,24.5000,25.7500,24.3700,25.6500,186225900,17.5904
2008-10-31,25.0200,25.9500,24.7500,25.4300,162086800,17.4395
2008-11-03,25.6400,25.7600,25.0900,25.2000,90109900,17.2818
2008-11-04,26.4200,27.6300,26.1500,27.5000,138685300,18.8591
2008-11-05,26.1500,26.3800,23.8000,24.0000,153152800,16.4588
2008-11-06,23.9400,24.1800,22.3300,22.7900,158025800,15.6290
2008-11-07,23.8500,24.6800,23.4100,24.6400,152078400,16.8977
2008-11-10,25.7100,25.7100,24.1800,24.8700,96111900,17.0555
2008-11-11,24.0300,24.2800,22.9100,23.3200,128587900,15.9925
2008-11-12,22.8200,22.8400,21.3400,21.5900,182266000,14.8061
2008-11-13,21.9600,24.7300,20.8900,24.5800,241229100,16.8566
2008-11-14,23.2000,23.6600,22.1500,22.2200,180106800,15.2381
2008-11-17,22.0400,22.7900,21.6900,21.8500,118832400,14.9844
2008-11-18,21.5700,21.9700,20.6800,21.5300,111377600,14.7649
2008-11-19,21.1300,21.3600,19.6100,19.6700,155995700,13.4894
2008-11-20,19.4900,20.0700,18.2200,18.2600,244592200,12.5224
2008-11-21,20.0400,20.9900,18.9800,20.8900,248682100,14.3260
2008-11-24,20.8000,22.6500,20.7800,22.1600,188103000,15.1970
2008-11-25,22.5500,22.6000,21.2400,21.7400,133691700,14.9090
2008-11-26,21.6100,23.4400,21.5700,23.4000,120738500,16.0474
2008-11-28,22.8400,23.0800,22.7300,22.9500,36642700,15.7388
2008-12-01,22.1500,22.2000,20.6900,20.7400,138664600,14.2232
2008-12-02,21.6400,22.1300,21.1400,22.0500,112480900,15.1216
2008-12-03,21.2600,22.3700,21.1500,22.2300,93150400,15.2450
2008-12-04,21.6200,22.2000,21.0200,21.2800,117519200,14.5935
2008-12-05,21.1300,22.5500,20.8800,22.5400,96640400,15.4576
2008-12-08,23.4200,24.2100,23.3800,23.9800,122277400,16.4451
2008-12-09,23.6700,24.2900,23.2800,23.6500,103924100,16.2188
2008-12-10,24.3700,25.1200,24.3300,25.0600,100967300,17.1858
2008-12-11,24.8500,25.5800,24.3300,24.4200,112643600,16.7469
2008-12-12,23.8700,24.9700,23.7000,24.7600,98443000,16.9800
2008-12-15,24.8700,24.9100,24.1200,24.4300,67469800,16.7537
2008-12-16,24.8100,26.4600,24.7000,26.3800,146597700,18.0910
2008-12-17,25.7100,26.3300,25.6200,25.9200,97104500,17.7755
2008-12-18,26.0800,26.1700,25.2200,25.3500,92867800,17.3846
2008-12-19,25.6900,26.0000,25.1900,25.4400,56422900,17.4464
2008-12-22,25.2500,25.3200,24.1800,24.4900,73538500,16.7949
2008-12-23,24.1800,24.3300,23.8000,23.9500,70285300,16.6558
2008-12-24,24.1500,24.3000,23.6700,24.1200,29365000,16.7740
2008-12-26,24.1500,24.2200,23.7300,24.0400,24728700,16.7184
2008-12-29,24.3400,24.4000,23.7900,24.0000,36240900,16.6906
2008-12-30,24.2100,24.7100,24.1600,24.6400,50083900,17.1356
2008-12-31,24.4500,25.0700,24.3300,24.9700,44815800,17.3651
2009-01-02,25.2000,26.3700,25.1300,26.1600,69494900,18.1927
2009-01-05,26.0000,26.7600,25.9400,26.5000,64779500,18.4291
2009-01-06,26.8900,27.2800,26.7000,27.1000,67960000,18.8464
2009-01-07,26.3400,26.3600,25.4400,25.5400,83175000,17.7615
2009-01-08,25.0900,25.4900,24.9000,25.4300,56783900,17.6850
2009-01-09,25.2400,25.3400,24.6300,24.8800,103377500,17.3025
2009-01-12,24.6000,24.6200,23.6600,23.8300,65283500,16.5723
2009-01-13,23.6900,24.2300,23.5700,23.9000,55003100,16.6210
2009-01-14,23.3700,23.3800,22.5300,22.7400,103322800,15.8143
2009-01-15,22.7600,23.2800,21.9200,23.0000,109003500,15.9951
2009-01-16,23.6600,23.6800,22.5300,23.2500,79520400,16.1690
2009-01-20,22.5300,22.6000,21.4900,21.5200,126067100,14.9659
2009-01-21,22.0900,22.8000,21.5400,22.6900,103794300,15.7795
2009-01-22,21.9400,22.3600,21.4600,21.9400,83312100,15.2579
2009-01-23,21.1300,22.4300,21.0900,22.2200,77371100,15.4527
2009-01-26,22.4500,23.0800,22.2100,22.4800,67314400,15.6335
2009-01-27,22.7500,23.0600,22.5500,22.8800,72898600,15.9117
2009-01-28,23.6000,24.1800,23.4800,24.0400,93809800,16.7184
2009-01-29,23.2700,23.3600,22.8100,22.8200,59937600,15.8699
2009-01-30,23.0800,23.3200,22.4700,22.6500,99451200,15.7517
2009-02-02,22.2000,22.6200,22.1000,22.4200,47753900,15.5917
2009-02-03,22.6500,23.1600,22.3900,23.0900,53163700,16.0577
2009-02-04,23.3200,23.7900,23.0600,23.2600,65511300,16.1759
2009-02-05,23.1100,24.0200,22.8900,23.7500,95946700,16.5167
2009-02-06,24.1100,25.0400,24.0200,24.9400,79125400,17.3443
2009-02-09,24.9000,25.1100,24.6000,24.8100,53789200,17.2538
2009-02-10,24.6200,24.8500,23.3100,23.3100,92940400,16.2107
2009-02-11,23.9000,24.1700,23.4300,24.0100,66598400,16.6975
2009-02-12,23.2700,23.9100,23.0600,23.8600,69735000,16.5932
2009-02-13,23.9600,24.1400,23.6600,23.9800,58072700,16.6766
2009-02-17,22.5900,22.7100,22.0800,22.4500,115591100,15.6126
2009-02-18,22.4700,22.7000,21.8800,22.2900,83947600,15.5013
2009-02-19,22.7600,22.7800,22.0300,22.0800,59593900,15.3553
2009-02-20,21.4000,21.9500,21.2000,21.5200,102871400,14.9659
2009-02-23,22.1300,22.1800,20.9500,20.9900,103469300,14.5973
2009-02-24,21.1900,22.2000,21.0500,22.1400,99563300,15.3970
2009-02-25,21.9800,22.2200,21.4000,21.7600,81182000,15.1328
2009-02-26,22.0400,22.3000,21.5400,21.5700,56997700,15.0006
2009-02-27,21.0100,21.9500,21.0000,21.2300,74829200,14.7642
2009-03-02,20.6200,20.7600,19.8600,19.9400,97424500,13.8671
2009-03-03,20.4500,20.6100,19.8900,20.2200,85418100,14.0618
2009-03-04,21.2500,21.9500,21.0600,21.6400,102892700,15.0493
2009-03-05,20.8900,21.2100,20.6300,20.7500,101629700,14.4304
2009-03-06,21.1800,21.4600,20.5500,21.1000,76598000,14.6738
2009-03-09,20.8200,21.3200,20.6300,20.6900,67052500,14.3886
2009-03-10,21.5800,22.3900,21.5100,22.3700,92651000,15.5570
2009-03-11,22.5400,22.7000,22.0300,22.3700,73894400,15.5570
2009-03-12,22.2800,23.2800,22.1900,23.2300,77706800,16.1551
2009-03-13,23.4100,23.4900,22.8700,23.3600,67993700,16.2455
2009-03-16,23.7300,24.0000,23.3500,23.3800,58545900,16.2594
2009-03-17,23.3200,23.8900,23.1500,23.8900,61603300,16.6141
2009-03-18,23.6400,24.5100,23.2800,24.3900,80664200,16.9618
2009-03-19,24.6700,24.7400,24.1200,24.2300,95853100,16.8505
2009-03-20,24.1600,24.3600,23.8200,23.9000,68480300,16.6210
2009-03-23,24.9600,26.1500,24.9100,26.1100,135850200,18.1579
2009-03-24,25.4300,25.8000,25.2200,25.3000,101954700,17.5946
2009-03-25,25.5300,26.1300,25.1700,25.6800,111157000,17.8589
2009-03-26,26.2600,26.4800,25.9800,26.3800,76714100,18.3457
2009-03-27,25.8100,25.8400,25.4300,25.6000,98452500,17.8033
2009-03-30,24.5300,24.5400,24.0700,24.2800,78970500,16.8853
2009-03-31,24.9700,25.2000,24.6700,24.8100,83243900,17.2538
2009-04-01,24.8000,25.7100,24.7200,25.6300,62557700,17.8241
2009-04-02,26.5900,27.4100,26.5600,27.0200,106959400,18.7908
2009-04-03,26.8400,27.4200,26.7400,27.3500,75869500,19.0203
2009-04-06,27.0600,27.1100,26.5600,27.0100,71265800,18.7838
2009-04-07,26.5400,26.7200,26.3400,26.3900,45654200,18.3526
2009-04-08,26.6000,27.0000,26.4100,26.7800,48555500,18.6239
2009-04-09,27.6800,27.9700,27.6300,27.9500,90146100,19.4375
2009-04-13,27.8800,28.2600,27.6400,28.1200,52643700,19.5558
2009-04-14,27.9500,28.2200,27.6100,27.6700,59824500,19.2428
2009-04-15,27.7500,28.0800,27.5800,28.0700,54941500,19.5210
2009-04-16,28.2200,28.5000,27.8700,28.3100,81078700,19.6879
2009-04-17,28.2600,28.3400,27.9700,28.1100,53672500,19.5488
2009-04-20,27.3900,27.4000,26.7100,26.7400,81304500,18.5961
2009-04-21,26.6700,27.3800,26.4900,27.3100,78959000,18.9925
2009-04-22,26.9000,27.6000,26.8500,27.0800,49027000,18.8325
2009-04-23,27.4600,27.5600,27.1000,27.5000,60314600,19.1246
2009-04-24,27.9300,28.1700,27.7600,28.0200,55511400,19.4862
2009-04-27,27.2000,27.5000,26.9100,27.0800,63328900,18.8325
2009-04-28,26.5200,27.2400,26.5000,26.9900,47904400,18.7699
2009-04-29,27.7400,28.6600,27.6500,28.4100,74377700,19.7574
2009-04-30,28.9500,29.0300,28.4300,28.6700,98171200,19.9382
2009-05-01,28.7100,29.3100,28.5800,29.0900,57110400,20.2303
2009-05-04,29.9500,32.0500,29.8500,31.1000,98247800,21.6282
2009-05-05,30.8600,30.8900,30.4700,30.8200,68791600,21.4334
2009-05-06,31.2700,31.6000,30.8900,31.3500,73761000,21.8020
2009-05-07,31.7900,31.8100,30.3300,30.5700,75753800,21.2596
2009-05-08,31.2800,31.6900,30.9300,31.5900,75762100,21.9689
2009-05-11,31.0000,31.1600,30.6500,30.8500,58826800,21.4543
2009-05-12,31.3500,31.4200,30.6700,31.0700,49679000,21.6073
2009-05-13,30.3600,30.4400,29.8300,29.9300,67084800,20.8145
2009-05-14,29.8100,30.5500,29.7800,30.3600,44896300,21.1135
2009-05-15,30.3800,30.6300,29.8500,30.0800,53304900,20.9188
2009-05-18,31.0900,31.8600,31.0000,31.7500,74264200,22.0802
2009-05-19,31.8700,32.4500,31.7400,32.1100,73775000,22.3306
2009-05-20,32.4900,32.9100,32.0900,32.2100,77054600,22.4001
2009-05-21,31.6100,31.7900,31.2300,31.6100,63183300,21.9828
2009-05-22,31.6900,32.0800,31.5800,31.7500,44241600,22.0802
2009-05-26,31.2500,32.2000,30.9700,32.1300,67058200,22.3445
2009-05-27,32.4900,32.6300,31.7400,31.7600,98036100,22.0872
2009-05-28,32.2900,32.8300,32.0200,32.7400,69977300,22.7687
2009-05-29,33.2700,33.4100,32.8800,33.2400,70410400,23.1164
2009-06-01,34.2600,34.8900,34.1000,34.6400,75198300,24.0900
2009-06-02,34.2300,34.4600,33.9600,34.1400,100627600,23.7423
2009-06-03,33.6300,33.7500,32.4900,32.9300,108756900,22.9008
2009-06-04,33.1800,33.6500,30.7800,33.5400,71566500,23.3250
2009-06-05,34.1600,34.1700,33.1300,33.6100,71692700,23.3737
2009-06-08,32.8800,33.3700,32.6000,33.0900,64025700,23.0121
2009-06-09,33.3000,33.3500,32.6900,33.1500,62174500,23.0538
2009-06-10,33.9100,33.9500,33.1000,33.5700,60045900,23.3459
2009-06-11,33.7300,34.6000,33.6900,34.2900,68831300,23.8466
2009-06-12,33.8200,33.8700,33.4000,33.7400,55824300,23.4641
2009-06-15,33.0800,33.1000,32.1800,32.5300,75789300,22.6227
2009-06-16,32.7000,32.8800,31.9200,32.0400,71535900,22.2819
2009-06-17,31.7900,32.0100,31.3300,31.6800,94091200,22.0315
2009-06-18,31.5500,31.8800,31.3500,31.5900,62572000,21.9689
2009-06-19,32.0200,32.0700,31.6700,31.7500,60687200,22.0802
2009-06-22,31.3100,31.3900,30.5800,30.6000,80985000,21.2804
2009-06-23,30.5600,30.6500,30.1200,30.5500,87108200,21.4186
2009-06-24,31.3600,31.6900,31.0000,31.2200,80955800,21.8883
2009-06-25,31.0200,32.1500,31.0100,32.1500,83273600,22.5403
2009-06-26,32.1600,32.4800,32.0600,32.3200,64981100,22.6595
2009-06-29,32.6100,32.6600,32.2300,32.5600,52781900,22.8278
2009-06-30,32.5300,32.6700,32.0000,32.2300,92032200,22.5964
2009-07-01,32.9200,33.2000,32.7400,32.8200,83474500,23.0100
2009-07-02,32.2600,32.2800,31.8700,31.9200,59912900,22.3791
2009-07-06,31.4700,31.9000,31.2200,31.8500,52119200,22.3300
2009-07-07,31.8000,31.8700,31.0800,31.1000,68778800,21.8042
2009-07-08,31.2200,31.3100,30.2500,30.7400,92051000,21.5518
2009-07-09,31.3900,31.5500,31.0600,31.2900,64758500,21.9374
2009-07-10,30.8700,31.0600,30.5800,30.9200,74323300,21.6780
2009-07-13,30.7300,31.3000,30.3000,31.1400,70112100,21.8322
2009-07-14,31.5200,31.6400,31.1700,31.4800,41729700,22.0706
2009-07-15,32.4200,33.2100,32.3700,33.1700,91648100,23.2554
2009-07-16,32.9800,33.4600,32.7200,33.2300,63985200,23.2975
2009-07-17,33.3300,33.6500,33.1400,33.5700,56901900,23.5359
2009-07-20,34.3900,34.7700,34.2900,34.7700,68482100,24.3772
2009-07-21,34.9500,34.9700,34.1300,34.6700,68861800,24.3071
2009-07-22,34.1800,34.8900,34.1600,34.5900,69406200,24.2510
2009-07-23,34.8400,35.7800,34.7700,35.5700,79876800,24.9381
2009-07-24,35.2000,35.4300,34.9300,35.4000,49263200,24.8189
2009-07-27,35.5500,35.7500,35.1900,35.7100,42808800,25.0362
2009-07-28,35.4000,35.6500,35.0400,35.5500,53859400,24.9241
2009-07-29,35.1100,35.1300,34.5300,34.7500,53099700,24.3632
2009-07-30,35.7300,36.0200,35.5700,35.6100,90259400,24.9661
2009-07-31,35.8400,36.0500,35.5200,35.7800,119531600,25.0853
2009-08-03,36.7400,37.1900,36.5700,37.1200,78103100,26.0248
2009-08-04,36.5500,36.9900,36.4800,36.7800,53355600,25.7864
2009-08-05,36.4800,36.6200,35.9200,36.4700,47802100,25.5691
2009-08-06,36.6600,36.7100,35.7900,36.1700,53346600,25.3587
2009-08-07,36.5100,36.7500,36.1900,36.5300,57768600,25.6111
2009-08-10,36.2200,36.3300,35.8100,36.1200,61356900,25.3237
2009-08-11,35.8200,35.8400,35.2200,35.4400,70127000,24.8469
2009-08-12,35.3100,36.0000,35.2900,35.7600,64542700,25.0713
2009-08-13,36.3600,36.3900,35.8100,36.3800,67566500,25.5060
2009-08-14,36.3300,36.3700,35.5500,35.7200,52588400,25.0432
2009-08-17,34.4700,34.5400,34.1300,34.3200,105003100,24.0617
2009-08-18,34.7700,35.0900,34.6700,35.0700,67450600,24.5875
2009-08-19,34.3800,35.2500,34.2800,35.1600,67893600,24.6506
2009-08-20,35.2600,35.8400,35.1800,35.7700,71352300,25.0783
2009-08-21,36.1100,36.4300,35.9700,36.3100,81207200,25.4569
2009-08-24,36.7100,36.9100,36.3300,36.4700,58467000,25.5691
2009-08-25,36.7300,37.0000,36.3700,36.3900,61418900,25.5130
2009-08-26,36.2100,36.3800,35.9900,36.2800,57206000,25.4359
2009-08-27,36.0500,36.2800,35.5300,36.2100,59720400,25.3868
2009-08-28,36.4200,36.4800,35.8200,36.0200,51683600,25.2536
2009-08-31,35.4100,35.4400,35.1900,35.3100,72348200,24.7558
2009-09-01,35.4000,35.8700,34.6100,34.6400,95728700,24.2861
2009-09-02,34.6900,35.1600,34.6400,35.0100,68401900,24.5455
2009-09-03,35.5200,35.7400,35.1900,35.7100,53720900,25.0362
2009-09-04,35.9700,36.4400,35.6700,36.4000,58976200,25.5200
2009-09-08,37.0300,37.2100,36.9700,37.1500,59862900,26.0458
2009-09-09,37.3000,37.5900,37.1100,37.3500,67098400,26.1860
2009-09-10,37.3700,37.8700,35.5300,37.8400,58466700,26.5296
2009-09-11,37.9800,38.1700,37.6100,37.8600,45286800,26.5436
2009-09-14,37.3100,37.8000,37.2600,37.7200,36747500,26.4454
2009-09-15,37.7800,38.2000,37.6500,38.1700,61595600,26.7609
2009-09-16,38.7300,42.0000,38.5300,39.1300,80170500,27.4340
2009-09-17,39.0300,39.3500,38.7400,38.9200,76626800,27.2868
2009-09-18,39.1100,39.1500,38.8400,39.0300,66818800,27.3639
2009-09-21,38.5100,38.7700,38.1500,38.6900,78144500,27.1255
2009-09-22,39.2100,39.3600,38.9500,39.2800,46286700,27.5392
2009-09-23,39.2100,39.5100,38.6900,38.6900,72549000,27.1255
2009-09-24,38.8300,38.9000,37.7000,37.9300,93478600,26.5927
2009-09-25,37.9300,38.2800,37.8500,38.0900,61306900,26.7048
2009-09-28,38.1900,38.8300,38.1200,38.5800,52268400,27.0484
2009-09-29,38.7800,38.9000,38.4100,38.6700,42189900,27.1115
2009-09-30,38.9700,39.3200,38.4000,38.9100,147148900,27.2797
2009-10-01,38.8100,38.8700,37.7900,37.8500,107061100,26.5366
2009-10-02,37.3800,37.9800,37.3000,37.8600,73683200,26.5436
2009-10-05,38.2100,38.8500,38.0100,38.7400,73828900,27.1606
2009-10-06,39.1400,39.7800,39.0600,39.3800,80646200,27.6093
2009-10-07,39.2600,39.4100,38.9800,39.3400,51404500,27.5812
2009-10-08,39.6800,39.9600,39.4100,39.8200,62070300,27.9177
2009-10-09,39.8000,39.9600,39.6800,39.8500,54136800,27.9388
2009-10-12,40.1200,40.3800,39.9900,40.1800,38014600,28.1701
2009-10-13,40.1000,40.3300,39.7500,40.2500,58368400,28.2192
2009-10-14,41.0800,41.5500,40.9500,41.5500,96043000,29.1306
2009-10-15,41.1100,41.4200,41.0200,41.3200,72494700,28.9694
2009-10-16,40.6900,40.9200,40.3500,40.7500,72392900,28.5698
2009-10-19,41.0900,41.6000,40.9100,41.5300,60428800,29.1166
2009-10-20,41.3100,41.3200,40.5700,40.9800,84292300,28.7310
2009-10-21,40.7900,41.5500,40.7400,40.7600,74510100,28.5768
2009-10-22,40.7000,41.2400,40.3000,41.1000,71024900,28.8152
2009-10-23,41.3600,41.4300,40.5500,40.7600,73930400,28.5768
2009-10-26,41.1000,41.4300,40.1600,40.2500,79280900,28.2192
2009-10-27,40.2600,40.3200,39.5500,39.5500,95899600,27.7285
2009-10-28,39.1400,39.1400,37.6500,37.7400,169924100,26.4595
2009-10-29,38.4000,39.5200,38.4000,39.4100,99431400,27.6303
2009-10-30,39.0700,39.1000,37.3200,37.5700,222474200,26.3403
2009-11-02,38.1300,38.6900,37.4800,38.1300,137964200,26.7329
2009-11-03,37.4400,38.3200,37.4000,38.1900,71908600,26.7750
2009-11-04,39.0400,39.4000,38.6300,38.9000,95721700,27.2727
2009-11-05,39.1800,39.7100,38.9900,39.7000,75480000,27.8336
2009-11-06,39.3100,39.8700,39.2100,39.6500,58868500,27.7986
2009-11-09,40.3700,41.1600,40.3600,41.1100,106762900,28.8222
2009-11-10,40.6700,41.1300,40.6100,40.9200,62713800,28.6890
2009-11-11,41.4900,41.6300,40.9800,41.2700,69184200,28.9343
2009-11-12,40.9700,41.1800,40.2800,40.3500,75713600,28.2893
2009-11-13,40.6100,41.1700,40.4300,41.0400,70021000,28.7731
2009-11-16,41.6300,42.2400,41.6100,42.0700,101093400,29.4952
2009-11-17,41.6500,41.9200,41.3700,41.9200,49649500,29.3901
2009-11-18,41.9000,41.9700,41.4600,41.5900,46360800,29.1587
2009-11-19,41.1400,41.1400,40.4500,40.8200,119413400,28.6188
2009-11-20,40.6000,40.8200,40.3900,40.6500,66353700,28.4997
2009-11-23,41.5500,41.8600,41.3200,41.5000,62386100,29.0956
2009-11-24,41.2000,41.3100,40.7900,41.2700,71683700,28.9343
2009-11-25,41.4800,41.7900,41.2400,41.7500,56185100,29.2709
2009-11-27,39.7700,40.6500,39.2900,40.1300,105903600,28.1351
2009-11-30,40.4600,40.6200,40.0700,40.5200,102168700,28.4085
2009-12-01,41.3400,41.8300,41.3000,41.6800,88987900,29.2218
2009-12-02,41.7200,42.1600,41.6800,41.8500,64268600,29.3410
2009-12-03,42.0900,42.3100,41.3900,41.4600,65363400,29.0676
2009-12-04,42.2700,42.5200,41.3000,41.8400,108670600,29.3340
2009-12-07,41.5700,41.9100,41.4500,41.4800,78376400,29.0816
2009-12-08,41.0700,41.0900,40.6000,40.7100,76088400,28.5417
2009-12-09,40.7700,41.0000,40.5100,40.9600,62353800,28.7170
2009-12-10,41.1700,41.3500,40.9200,41.2000,43126100,28.8853
2009-12-11,41.4000,41.4400,41.0900,41.3500,41518600,28.9904
2009-12-14,41.5500,41.7000,41.3800,41.6300,54210800,29.1867
2009-12-15,41.1800,41.5700,41.1500,41.2000,47034600,28.8853
2009-12-16,41.5100,41.8400,41.3000,41.4400,45982000,29.0535
2009-12-17,40.7000,40.7700,40.2400,40.2500,77310300,28.2192
2009-12-18,40.3900,40.5000,40.0000,40.3600,61829500,28.2963
2009-12-21,40.4800,40.7300,40.2700,40.3100,54922800,28.2613
2009-12-22,40.1500,40.3900,40.0900,40.3900,61633400,28.5461
2009-12-23,40.6700,40.9600,40.4000,40.7900,48971700,28.8288
2009-12-24,41.1300,41.2300,41.0000,41.2000,19694800,29.1186
2009-12-28,41.4700,41.5100,41.1500,41.3400,27343900,29.2175
2009-12-29,41.4200,41.4400,41.1200,41.1800,31570300,29.1129
2009-12-30,41.2300,41.3700,41.1300,41.3600,30589200,29.2402
2009-12-31,41.6300,41.7600,41.3900,41.5000,36499500,29.3391
2010-01-04,42.1800,42.7400,42.1600,42.7100,70761600,30.1946
2010-01-05,42.9100,43.1700,42.7600,43.0200,50196300,30.4137
2010-01-06,43.0800,43.2900,43.0100,43.1100,50670000,30.4773
2010-01-07,42.8500,42.9800,42.6200,42.8600,41803700,30.3006
2010-01-08,42.8800,43.2200,42.7400,43.2000,41118100,30.5410
2010-01-11,43.4500,43.4700,42.9000,43.1100,42546400,30.4773
2010-01-12,42.6100,42.7000,42.2000,42.4200,65902300,29.9895
2010-01-13,42.5900,42.7000,42.1500,42.5500,48040100,30.0815
2010-01-14,42.5200,42.6200,42.3700,42.4400,52893800,30.0037
2010-01-15,42.3200,42.3800,41.8300,41.9500,76681800,29.6573
2010-01-19,42.0800,42.8000,42.0700,42.8000,57597300,30.2582
2010-01-20,42.1100,42.1100,41.4300,41.7700,78934700,29.5300
2010-01-21,41.5500,41.6800,40.4800,40.5100,116104300,28.6392
2010-01-22,40.2200,40.3500,39.5300,39.6100,108173800,28.0030
2010-01-25,40.1300,40.3200,39.6700,39.9000,86170400,28.2080
2010-01-26,39.1300,39.6000,35.8100,39.0700,89832400,27.6212
2010-01-27,38.7900,39.1200,38.3800,38.9700,91623300,27.5505
2010-01-28,39.3200,39.4800,38.3600,38.7000,98086600,27.3596
2010-01-29,39.1500,39.2600,38.0800,38.2800,151695100,27.0627
2010-02-01,38.6400,39.3500,38.6100,39.3100,81928100,27.7909
2010-02-02,39.3900,39.7100,39.0200,39.6300,86791200,28.0171
2010-02-03,39.6400,39.8200,39.2700,39.4000,64323800,27.8545
2010-02-04,38.7500,38.8000,37.6000,37.6200,131791500,26.5961
2010-02-05,37.2900,37.4000,36.1800,37.2000,165899900,26.2992
2010-02-08,37.1800,37.4800,36.8200,36.8300,78752400,26.0376
2010-02-09,37.7300,38.3700,37.4300,38.0300,133342000,26.8860
2010-02-10,38.0400,38.2900,37.5100,37.9300,84646000,26.8153
2010-02-11,38.1900,38.9700,37.8700,38.9300,90206600,27.5222
2010-02-12,38.1400,38.5800,37.8700,38.4400,63053000,27.1758
2010-02-16,39.0200,39.4600,38.7500,39.4300,73196700,27.8757
2010-02-17,39.7300,39.7600,39.3300,39.5700,63631100,27.9747
2010-02-18,39.2600,39.8600,39.2000,39.7200,61597600,28.0807
2010-02-19,39.2700,39.6300,39.1600,39.3800,77264800,27.8404
2010-02-22,39.6200,39.6400,39.3000,39.4300,56446600,27.8757
2010-02-23,39.2100,39.4300,38.4900,38.5200,103220800,27.2324
2010-02-24,38.7800,39.0700,38.5500,38.8900,73043700,27.4940
2010-02-25,37.9700,38.6400,37.7600,38.5700,73641500,27.2677
2010-02-26,38.6100,39.0400,38.3700,38.9600,65727300,27.5434
2010-03-01,39.4300,39.7300,39.3300,39.6200,73146100,28.0100
2010-03-02,40.0200,40.3000,39.8500,40.0700,66353000,28.3282
2010-03-03,40.2800,40.6200,39.9700,40.1200,68779900,28.3635
2010-03-04,40.1500,40.2000,39.6600,39.9100,61065500,28.2151
2010-03-05,40.4600,40.9500,40.3100,40.9500,78177700,28.9503
2010-03-08,41.0400,41.1900,40.9200,40.9800,56724000,28.9715
2010-03-09,40.8000,41.4000,40.7900,41.2100,66759800,29.1341
2010-03-10,41.3000,41.6700,41.2100,41.5000,73994500,29.3391
2010-03-11,41.2600,41.5500,41.0400,41.5100,42415700,29.3462
2010-03-12,41.7000,41.7100,41.2500,41.3700,48949200,29.2472
2010-03-15,41.1300,41.2400,40.8100,41.0700,43560300,29.0351
2010-03-16,41.2100,41.6200,41.0500,41.6000,58417000,29.4098
2010-03-17,42.0100,42.2500,41.8700,42.0500,72017100,29.7280
2010-03-18,41.9700,42.0300,41.5300,41.7300,73867900,29.5017
2010-03-19,41.1900,41.8700,41.1300,41.1900,65993900,29.1200
2010-03-22,40.7700,41.3800,40.6700,41.3400,57583400,29.2260
2010-03-23,41.3900,41.6600,41.2000,41.6300,50528500,29.4310
2010-03-24,41.1900,41.3600,41.0100,41.0100,65081100,28.9927
2010-03-25,41.3500,41.5000,40.8200,40.9000,72397600,28.9150
2010-03-26,41.2400,41.3900,40.7500,41.1000,69798700,29.0563
2010-03-29,41.5300,41.8600,41.4400,41.8400,57961300,29.5795
2010-03-30,41.9400,42.1200,41.7200,42.0000,50327500,29.6926
2010-03-31,41.8600,42.2300,41.8400,42.1200,52858500,29.7775
2010-04-01,42.7400,43.2200,42.7400,43.2200,96281100,30.5551
2010-04-05,43.4400,43.7500,43.3400,43.6100,63633700,30.8308
2010-04-06,43.4400,43.8400,43.4100,43.7400,42926300,30.9227
2010-04-07,43.5600,43.6700,43.1300,43.3600,55642000,30.6541
2010-04-08,43.0700,43.5600,42.8600,43.5100,52083200,30.7601
2010-04-09,43.6000,46.6600,43.5300,43.7800,46651000,30.9510
2010-04-12,43.4500,43.6700,43.4300,43.4300,43558300,30.7036
2010-04-13,43.3100,43.3900,42.9100,43.3400,47072900,30.6399
2010-04-14,43.7900,44.0200,43.5900,43.9800,42957800,31.0924
2010-04-15,43.7000,43.9800,43.6500,43.7400,43463300,30.9227
2010-04-16,43.2500,43.3200,42.2700,42.4600,142486200,30.0178
2010-04-19,41.9600,42.3800,41.6500,42.2900,89434600,29.8976
2010-04-20,42.6700,42.8600,42.4500,42.7900,63883700,30.2511
2010-04-21,42.7100,42.7700,42.2600,42.6500,64141600,30.1522
2010-04-22,42.2700,42.8700,41.9900,42.8300,72788900,30.2794
2010-04-23,42.6900,43.1100,42.4900,43.0600,64724100,30.4420
2010-04-26,43.3300,43.4000,42.9900,43.0600,46317300,30.4420
2010-04-27,42.5800,42.6800,41.4300,41.5200,132888400,29.3533
2010-04-28,42.0100,42.0600,41.2900,41.8700,68981700,29.6007
2010-04-29,42.2600,42.6100,42.1600,42.5600,69912900,30.0885
2010-04-30,42.5400,42.6900,42.0100,42.0500,77528000,29.7280
2010-05-03,42.1900,42.4200,41.9000,42.2800,47649800,29.8906
2010-05-04,41.3800,41.4100,40.2300,40.3400,159998800,28.5191
2010-05-05,39.5800,40.2600,39.2300,39.6100,131994700,28.0030
2010-05-06,39.3100,39.7600,36.5800,37.9900,225063100,26.8577
2010-05-07,38.3600,38.8400,37.2500,38.1900,191265100,26.9991
2010-05-10,40.6300,41.0300,40.3900,40.9400,187916400,28.9432
2010-05-11,40.0000,40.8000,39.9000,40.2000,119869600,28.4201
2010-05-12,40.5400,40.7700,40.4000,40.7000,73936600,28.7736
2010-05-13,40.7000,40.9300,40.2900,40.3200,71622500,28.5049
2010-05-14,40.0300,40.0600,39.1000,39.4900,113085000,27.9181
2010-05-17,39.4000,39.6700,38.4000,39.2500,101708500,27.7485
2010-05-18,39.6400,39.7900,38.3000,38.4300,113529000,27.1687
2010-05-19,37.9000,38.3000,37.3600,38.0600,129633400,26.9072
2010-05-20,36.6100,37.0600,36.0000,36.1700,174383500,25.5710
2010-05-21,35.7100,37.3800,35.6700,37.3400,169452900,26.3982
2010-05-24,37.3700,37.6300,36.9000,36.9500,90936400,26.1224
2010-05-25,35.4700,36.6100,35.2100,36.5500,144257100,25.8396
2010-05-26,36.9300,37.5200,36.4400,36.5300,128281900,25.8255
2010-05-27,37.9600,38.8100,37.6800,38.7400,147181800,27.3879
2010-05-28,38.5200,38.5900,37.9200,38.1000,113223700,26.9354
2010-06-01,37.7100,38.4300,37.3800,37.4000,91068700,26.4406
2010-06-02,37.8300,38.7400,37.6300,38.7100,103740800,27.3667
2010-06-03,38.9600,39.0100,38.0800,38.5700,70470800,27.2677
2010-06-04,37.7400,38.1200,37.0900,37.2000,108937200,26.2992
2010-06-07,37.3400,37.5000,36.5900,36.6200,82131900,25.8891
2010-06-08,37.0300,37.5100,36.5800,37.4600,108438000,26.4830
2010-06-09,37.6200,38.1200,37.0600,37.2600,87947600,26.3416
2010-06-10,38.0400,38.6100,37.9800,38.5600,92855100,27.2607
2010-06-11,38.0000,38.7900,37.9900,38.7600,66496500,27.4020
2010-06-14,39.2400,39.5000,38.6700,38.7700,83991300,27.4091
2010-06-15,39.2000,39.9900,39.0500,39.9400,96494500,28.2363
2010-06-16,39.5100,40.1200,39.4500,39.9400,63906600,28.2363
2010-06-17,40.0500,40.0600,39.4100,39.7400,68660100,28.0949
2010-06-18,39.9100,40.1300,39.6900,39.9200,64639800,28.2221
2010-06-21,40.9600,41.1300,40.3000,40.6100,96721100,28.7099
2010-06-22,40.5300,40.7300,39.7300,39.8300,100336600,28.1585
2010-06-23,39.8500,39.8800,39.2500,39.6700,93969400,28.2311
2010-06-24,39.4900,39.4900,38.8200,38.9700,82636000,27.7329
2010-06-25,39.0800,39.5300,38.7700,39.4300,60657800,28.0603
2010-06-28,39.4000,39.5000,39.0300,39.1600,36242500,27.8681
2010-06-29,38.1000,38.1400,37.4000,37.5700,120391400,26.7366
2010-06-30,37.7600,38.1000,37.2200,37.3200,84176700,26.5587
2010-07-01,37.5000,37.6400,36.7600,37.5900,113344200,26.7509
2010-07-02,37.7000,37.9600,37.4300,37.7500,63854500,26.8647
2010-07-06,38.7200,39.0400,38.0600,38.4500,76509800,27.3629
2010-07-07,38.4000,39.3100,38.3600,39.3000,68037800,27.9678
2010-07-08,39.3700,39.5300,38.9800,39.4900,60958700,28.1030
2010-07-09,39.5200,40.0100,39.4600,39.9700,43777100,28.4446
2010-07-12,39.8100,40.0400,39.4700,39.6500,53211600,28.2169
2010-07-13,39.9900,40.2400,39.8900,40.1100,52194800,28.5442
2010-07-14,39.8500,40.1400,39.7100,40.0300,46615600,28.4873
2010-07-15,39.8500,39.9300,39.3500,39.8400,66745400,28.3521
2010-07-16,39.5100,39.5100,38.5800,38.6500,99497500,27.5052
2010-07-19,39.0200,39.2500,38.7500,39.1600,46717800,27.8681
2010-07-20,38.9000,40.1400,38.8800,40.0800,92255200,28.5229
2010-07-21,40.2500,40.2800,39.4800,39.6700,66007400,28.2311
2010-07-22,40.3600,40.9400,40.3200,40.8700,74052900,29.0851
2010-07-23,40.7600,41.1900,40.4900,41.1500,65675400,29.2843
2010-07-26,41.0700,41.4700,40.9100,41.4300,64865500,29.4836
2010-07-27,41.6600,41.7100,41.1500,41.3600,63763700,29.4338
2010-07-28,41.1100,41.3800,40.9800,41.1300,43131400,29.2701
2010-07-29,41.5600,41.6500,40.8900,41.2000,49588200,29.3199
2010-07-30,40.8900,41.5300,40.7600,41.4000,54277200,29.4622
2010-08-02,42.1800,42.5900,42.0700,42.4700,69623700,30.2237
2010-08-03,42.1400,42.4300,41.9300,42.2700,60207900,30.0814
2010-08-04,42.2800,42.4300,42.0000,42.3300,55875600,30.1241
2010-08-05,42.0200,42.2000,41.8700,42.1400,43650600,29.9889
2010-08-06,41.8600,42.1900,41.6000,42.0800,65731600,29.9462
2010-08-09,42.3600,42.3900,42.1600,42.3000,27051000,30.1027
2010-08-10,41.5600,41.9900,41.4200,41.7200,68735400,29.6900
2010-08-11,40.8500,40.8500,40.3200,40.3900,92778600,28.7435
2010-08-12,40.0100,40.5800,39.9700,40.4600,43919400,28.7933
2010-08-13,40.6300,40.8200,40.5100,40.6800,28672700,28.9498
2010-08-16,40.6600,41.1000,40.5600,41.0600,34651900,29.2203
2010-08-17,41.4700,41.7200,41.3100,41.4900,39414300,29.5263
2010-08-18,41.4000,41.6700,41.2000,41.4600,38009500,29.5049
2010-08-19,41.4700,41.5900,40.8800,41.1400,56729300,29.2772
2010-08-20,40.9900,41.0500,40.6900,41.0200,54134900,29.1918
2010-08-23,41.1200,41.2600,40.6300,40.6500,44767900,28.9285
2010-08-24,40.1700,40.3300,39.8100,40.1300,80709600,28.5585
2010-08-25,39.7200,40.0300,39.3100,39.8700,89890000,28.3734
2010-08-26,40.0800,40.2500,39.5600,39.6200,59948200,28.1955
2010-08-27,40.0000,40.5000,39.5700,40.4900,77005500,28.8146
2010-08-30,40.2400,40.4200,39.8100,39.8200,48054700,28.3378
2010-08-31,39.8500,40.2200,39.7300,40.0600,72404500,28.5086
2010-09-01,40.7900,41.4900,40.7600,41.4700,83435900,29.5121
2010-09-02,41.3900,41.6200,41.2500,41.5400,47351900,29.5619
2010-09-03,42.0400,42.1700,41.8100,42.0300,48712700,29.9106
2010-09-07,41.7700,41.8000,41.4000,41.4200,45210000,29.4765
2010-09-08,41.7300,42.0400,41.6600,41.8700,40612600,29.7967
2010-09-09,42.3100,42.3400,41.9000,42.1100,34925400,29.9675
2010-09-10,42.1200,42.3400,42.0700,42.2600,33236500,30.0743
2010-09-13,43.0700,43.3200,43.0300,43.2700,63308900,30.7930
2010-09-14,43.1500,43.5300,42.9800,43.2500,65151200,30.7788
2010-09-15,43.0900,43.3400,42.9700,43.3100,41107300,30.8215
2010-09-16,42.9700,43.1700,42.9300,43.0900,36078100,30.6649
2010-09-17,43.2900,43.3100,42.9600,43.0200,40115200,30.6151
2010-09-20,43.3300,43.7500,43.1900,43.7000,53864500,31.0990
2010-09-21,43.7200,43.8200,43.3100,43.5700,54263300,31.0065
2010-09-22,43.6500,43.9100,43.4700,43.6000,45586800,31.0279
2010-09-23,43.3300,43.7700,43.2100,43.3200,62060200,30.8286
2010-09-24,43.8500,44.1500,43.8500,44.1200,57929100,31.3979
2010-09-27,44.0900,44.2200,43.9700,44.0400,40319500,31.3410
2010-09-28,44.1000,44.4400,43.7400,44.3600,50012300,31.5687
2010-09-29,44.3900,44.7100,44.3200,44.5100,58310500,31.6755
2010-09-30,44.8300,44.9900,44.4500,44.7700,60498400,31.8605
2010-10-01,45.2500,45.5000,45.1000,45.4300,69689800,32.3302
2010-10-04,45.4000,45.5100,45.0800,45.2900,49852800,32.2306
2010-10-05,45.6300,46.2000,45.5700,46.1100,76615300,32.8141
2010-10-06,46.1000,46.2300,46.0000,46.0900,50339900,32.7999
2010-10-07,46.1900,46.2000,45.4500,45.6800,49224000,32.5081
2010-10-08,45.6500,46.3000,45.5500,46.2300,54002700,32.8995
2010-10-11,46.1500,46.2900,46.0300,46.2000,32413800,32.8782
2010-10-12,45.7900,46.1100,45.5300,46.0100,63619500,32.7429
2010-10-13,46.5400,47.0100,46.5300,46.8600,69189600,33.3478
2010-10-14,46.8200,46.9900,46.5400,46.7800,50754200,33.2909
2010-10-15,47.0200,47.0300,46.3800,46.7200,83974500,33.2482
2010-10-18,46.3600,46.8000,46.2900,46.7400,51898000,33.2624
2010-10-19,45.6800,45.8300,45.0800,45.2600,90101300,32.2092
2010-10-20,45.6400,46.2800,45.6000,45.9800,62292200,32.7216
2010-10-21,46.2400,46.5000,45.4900,45.9800,85422400,32.7216
2010-10-22,46.1700,46.2100,45.8800,46.0300,42843800,32.7572
2010-10-25,46.5900,46.8900,46.5000,46.5300,53950800,33.1130
2010-10-26,46.2300,46.5600,46.0900,46.4900,36715600,33.0845
2010-10-27,45.8300,45.8300,45.2700,45.7000,70436800,32.5223
2010-10-28,46.1200,46.1600,45.7500,45.9900,45927000,32.7287
2010-10-29,45.9100,46.1300,45.8300,46.1200,38056300,32.8212
2010-11-01,46.5900,46.8700,46.3800,46.6300,47366500,33.1842
2010-11-02,47.0500,47.2500,46.9500,47.2100,48355900,33.5969
2010-11-03,47.3200,47.5300,46.7400,47.5000,94125200,33.8033
2010-11-04,48.2200,48.5800,48.1700,48.5800,83567900,34.5719
2010-11-05,48.3300,48.6000,48.2900,48.4900,53781000,34.5078
2010-11-08,48.1100,48.3300,47.9900,48.2900,37106100,34.3655
2010-11-09,48.5300,48.6200,47.5200,47.6800,55351100,33.9314
2010-11-10,47.9400,48.1100,47.3700,48.0300,66304400,34.1805
2010-11-11,47.5600,47.6000,47.3000,47.5600,48410200,33.8460
2010-11-12,46.8900,47.1300,46.2200,46.4100,88808000,33.0276
2010-11-15,46.6400,46.8800,46.3600,46.3900,48585300,33.0134
2010-11-16,45.9100,45.9600,45.0200,45.1700,136332900,32.1451
2010-11-17,45.3200,45.6400,45.2300,45.4000,80352800,32.3088
2010-11-18,46.2700,46.5700,46.2400,46.4800,77989900,33.0774
2010-11-19,46.2600,46.5500,45.9800,46.5100,48175100,33.0988
2010-11-22,46.2700,46.5800,45.8300,46.3700,46793100,32.9991
2010-11-23,45.1500,45.2400,44.8000,44.9000,86768900,31.9530
2010-11-24,45.6300,45.9600,45.5700,45.9400,63287600,32.6931
2010-11-26,45.0200,45.2500,44.8000,44.8000,60387100,31.8818
2010-11-29,44.9600,45.2300,44.5100,45.1500,80428200,32.1309
2010-11-30,44.6200,45.1500,44.5300,44.7800,78842700,31.8676
2010-12-01,45.9000,46.1600,45.7500,46.0600,81889600,32.7785
2010-12-02,46.2100,46.9800,46.1900,46.9700,72593100,33.4261
2010-12-03,46.5700,47.2100,46.5700,47.1400,44688700,33.5471
2010-12-06,46.8700,47.1300,46.8300,47.0600,44988700,33.4902
2010-12-07,47.5900,47.6100,46.8300,46.8400,64406800,33.3336
2010-12-08,46.7500,46.8700,46.2800,46.5400,48924100,33.1201
2010-12-09,46.7200,46.7600,46.2500,46.3800,63131000,33.0062
2010-12-10,46.4100,46.5900,46.2400,46.5900,44844200,33.1557
2010-12-13,46.8700,47.1200,46.7400,46.8900,49177500,33.3692
2010-12-14,46.9300,47.1400,46.8100,46.9600,53611300,33.4190
2010-12-15,46.6900,46.7600,46.1500,46.2000,69038700,32.8782
2010-12-16,46.2400,46.3900,46.0200,46.3300,55441400,32.9707
2010-12-17,46.2100,46.4200,46.1300,46.4000,43610700,33.0205
2010-12-20,46.3600,46.4100,46.0800,46.1900,48887300,32.8710
2010-12-21,46.3300,46.6600,46.3200,46.5000,59666300,33.3509
2010-12-22,46.4800,46.7100,46.4400,46.6600,24942400,33.4656
2010-12-23,46.5000,46.6300,46.4400,46.6100,27545100,33.4297
2010-12-27,46.4400,46.5500,46.3300,46.4600,29293100,33.3222
2010-12-28,46.5500,46.5800,46.4000,46.5000,30330000,33.3509
2010-12-29,46.8200,47.1000,46.8100,47.0700,30891500,33.7778
2010-12-30,47.3300,47.3900,47.1700,47.3100,28376000,33.9501
2010-12-31,47.4300,47.6800,47.3100,47.6400,34328200,34.1869
2011-01-03,48.0300,48.3100,48.0300,48.1000,40116200,34.5170
2011-01-04,48.2600,48.3200,47.7500,48.3200,45176300,34.6748
2011-01-05,47.9000,48.3000,47.8800,48.2000,47527100,34.5887
2011-01-06,48.0100,48.0400,47.5800,47.6900,43977400,34.2228
2011-01-07,47.5100,47.6200,46.9300,47.2500,57124900,33.9070
2011-01-10,46.8000,46.8500,46.5100,46.7600,62556500,33.5554
2011-01-11,47.2700,47.3900,47.0700,47.2600,53337100,33.9142
2011-01-12,47.9000,48.2100,47.8400,48.2100,67254100,34.5959
2011-01-13,48.1000,48.1100,47.6700,47.7900,53294600,34.2945
2011-01-14,47.6300,47.9400,47.6100,47.9300,38685900,34.3950
2011-01-18,47.8500,47.9600,47.7500,47.8600,30565800,34.3447
2011-01-19,48.0000,48.0100,47.3200,47.4900,64940400,34.0792
2011-01-20,47.1300,47.1400,46.5300,46.9700,75797500,33.7061
2011-01-21,47.0000,47.0700,46.4400,46.4800,87318900,33.3545
2011-01-24,46.4800,46.8500,46.4100,46.8400,61839300,33.6128
2011-01-25,46.6000,46.7000,46.2300,46.5600,63557800,33.4118
2011-01-26,47.0000,47.1500,46.8200,46.9700,66604500,33.7061
2011-01-27,47.0800,47.1500,46.7500,46.8100,80518400,33.5913
2011-01-28,46.6100,46.6200,45.2500,45.3300,185092200,32.5292
2011-01-31,45.7200,45.9800,45.5700,45.8100,97695000,32.8736
2011-02-01,46.2100,46.9800,46.1600,46.9200,105876000,33.6702
2011-02-02,46.7600,47.1400,46.5200,46.5700,68880600,33.4190
2011-02-03,46.6500,46.7600,46.2600,46.5100,56934900,33.3760
2011-02-04,46.5800,46.6600,46.1300,46.5000,76698100,33.3688
2011-02-07,46.4000,46.7600,46.3500,46.5600,60078400,33.4118
2011-02-08,46.4200,46.6100,46.2000,46.5800,74244600,33.4262
2011-02-09,45.9400,46.0400,45.3100,45.5100,105680200,32.6584
2011-02-10,44.8500,45.3000,44.7000,45.0800,114356000,32.3498
2011-02-11,44.7900,45.6900,44.7800,45.6300,126541100,32.7445
2011-02-14,45.7000,45.7200,45.3800,45.4000,79051200,32.5794
2011-02-15,45.4300,45.6500,45.3100,45.4900,57068800,32.6440
2011-02-16,45.5900,45.9400,45.5200,45.8700,64667700,32.9167
2011-02-17,45.7300,46.0800,45.6800,46.0300,55294900,33.0315
2011-02-18,46.1800,46.4300,46.0300,46.3100,50410700,33.2325
2011-02-22,45.3300,45.6700,44.6900,44.8300,107176000,32.1704
2011-02-23,44.9600,45.1800,44.3600,44.8700,91843500,32.1991
2011-02-24,44.8500,45.0600,44.5600,44.9800,71568500,32.2780
2011-02-25,45.3900,45.6000,45.1800,45.5200,62718900,32.6655
2011-02-28,45.7000,45.9400,45.5200,45.7900,54078600,32.8593
2011-03-01,46.0900,46.1400,45.2300,45.3200,69711700,32.5220
2011-03-02,45.4400,46.0200,45.4400,45.9400,60123300,32.9669
2011-03-03,46.5100,46.9300,46.4300,46.8500,61309300,33.6200
2011-03-04,46.9100,47.1500,46.4700,46.9000,66742500,33.6558
2011-03-07,46.9600,47.0100,46.0600,46.2400,47781500,33.1822
2011-03-08,46.6500,47.1300,46.3000,46.8600,63985100,33.6271
2011-03-09,46.8900,47.0800,46.6500,46.9500,47005200,33.6917
2011-03-10,46.0500,46.1200,45.5100,45.5600,91093100,32.6942
2011-03-11,45.2800,46.1800,45.2700,46.0300,75103800,33.0315
2011-03-14,45.8500,46.3200,45.7100,46.3000,59912300,33.2253
2011-03-15,44.5000,45.7700,44.5000,45.5300,103041800,32.6727
2011-03-16,45.5200,46.1800,44.2500,44.6000,106325500,32.0053
2011-03-17,45.2600,45.3800,44.8900,45.1500,68572300,32.4000
2011-03-18,45.6400,45.6900,45.2100,45.2300,81209800,32.4574
2011-03-21,46.0800,46.2500,45.9900,46.1000,49424900,33.0817
2011-03-22,46.2200,46.2800,46.0300,46.2400,38871500,33.1822
2011-03-23,46.3400,46.9500,46.1900,46.8500,53485200,33.6200
2011-03-24,47.0800,47.4500,46.8700,47.3900,53767500,34.0075
2011-03-25,47.4000,47.6400,47.2300,47.3400,44773600,33.9716
2011-03-28,47.2900,47.4100,47.0700,47.1000,36577100,33.7994
2011-03-29,47.3100,47.6500,47.1300,47.6400,56950300,34.1869
2011-03-30,48.0700,48.4000,48.0100,48.2500,70036900,34.6246
2011-03-31,48.5400,48.7500,48.4700,48.6700,73140800,34.9260
2011-04-01,49.2400,49.5600,49.0000,49.4500,82168900,35.4858
2011-04-04,49.6800,49.8900,49.5100,49.8700,45858900,35.7871
2011-04-05,49.6500,50.0300,49.5400,49.7700,69539700,35.7154
2011-04-06,50.2100,50.3000,49.9400,50.0400,69303000,35.9091
2011-04-07,50.0700,50.3000,49.7000,49.9900,48786300,35.8733
2011-04-08,50.2700,50.2800,49.8000,50.0400,54649200,35.9091
2011-04-11,49.9100,49.9800,49.3500,49.4500,52980300,35.4858
2011-04-12,49.0600,49.1400,48.4500,48.5200,72883500,34.8184
2011-04-13,49.3600,49.4500,48.6700,48.9200,53492200,35.1054
2011-04-14,48.8200,49.1600,48.6300,49.0700,57128000,35.2130
2011-04-15,49.0600,49.1500,48.7600,49.1300,54453100,35.2561
2011-04-18,48.1500,48.1900,47.5600,47.9000,93596400,34.3735
2011-04-19,48.3000,48.6100,48.2500,48.5900,50803200,34.8686
2011-04-20,49.6600,49.7600,49.4400,49.7400,49837100,35.6939
2011-04-21,50.0400,50.1900,49.7900,50.1800,30217500,36.0096
2011-04-25,50.1100,50.1500,49.6300,49.7700,33470800,35.7154
2011-04-26,49.9200,50.2300,49.6600,50.2000,39700000,36.0240
2011-04-27,50.1300,50.1700,49.3700,50.1100,60926500,35.9594
2011-04-28,49.6600,49.7700,49.3900,49.7000,45836600,35.6651
2011-04-29,49.7400,50.1400,49.6600,50.0000,38277100,35.8804
2011-05-02,50.2400,50.4300,49.8400,50.0100,50952000,35.8876
2011-05-03,49.3200,49.3500,48.5800,48.9000,83696700,35.0911
2011-05-04,48.7000,48.7400,47.8700,48.0900,82919100,34.5098
2011-05-05,47.7000,48.0900,47.2700,47.6300,79810600,34.1797
2011-05-06,48.3700,48.8600,47.8800,48.2500,92669900,34.6246
2011-05-09,48.2400,48.4600,47.9300,48.3400,48367900,34.6892
2011-05-10,48.4700,48.9100,48.4300,48.9100,54996900,35.0982
2011-05-11,48.5600,48.5800,47.5300,47.8300,82957400,34.3232
2011-05-12,47.4400,48.0600,47.1500,47.9700,71004700,34.4237
2011-05-13,47.7400,47.8400,46.6200,46.9200,83193600,33.6702
2011-05-16,46.7600,47.4200,46.6800,46.8500,72402600,33.6200
2011-05-17,46.5800,47.0300,46.4000,47.0000,60103700,33.7276
2011-05-18,47.3100,47.8400,47.1200,47.7600,49432300,34.2730
2011-05-19,47.6500,47.7100,47.1800,47.4500,37836800,34.0505
2011-05-20,47.3400,47.3800,46.8200,47.0700,60130900,33.7778
2011-05-23,45.9300,46.2000,45.7700,46.0900,59786200,33.0746
2011-05-24,46.5100,46.6900,46.3600,46.5500,46599000,33.4047
2011-05-25,46.2700,46.8100,46.2600,46.6500,43400000,33.4764
2011-05-26,46.8300,47.2800,46.7500,47.2500,47128400,33.9070
2011-05-27,47.5700,47.8700,47.5200,47.7500,38849400,34.2658
2011-05-31,48.5700,48.6000,48.1500,48.5300,58762300,34.8255
2011-06-01,48.4300,48.5600,47.5900,47.6600,55372400,34.2012
2011-06-02,47.9900,48.2000,47.6100,48.1100,38988300,34.5241
2011-06-03,47.5500,48.1200,47.5300,47.8700,42955600,34.3519
2011-06-06,47.8200,47.8200,47.0400,47.1000,51477600,33.7994
2011-06-07,47.7100,47.8600,47.4500,47.4700,58042500,34.0649
2011-06-08,47.3000,47.4300,46.9900,47.1300,63855900,33.8209
2011-06-09,47.1100,47.6400,46.9700,47.5000,40819000,34.0864
2011-06-10,46.9700,46.9700,46.3800,46.4700,61946000,33.3473
2011-06-13,46.6900,46.8100,46.2500,46.3900,37673300,33.2899
2011-06-14,47.0200,47.2700,46.9700,47.0900,46392600,33.7922
2011-06-15,46.4800,46.7200,45.9700,46.0800,66901900,33.0674
2011-06-16,45.7900,46.1400,45.3700,45.7300,66078600,32.8162
2011-06-17,46.0700,46.0900,45.6900,45.7900,61268200,32.8593
2011-06-20,45.5700,45.7900,45.4700,45.7200,40025300,32.8091
2011-06-21,46.1300,46.6200,46.0300,46.5600,48523000,33.4118
2011-06-22,45.7600,46.0800,45.5900,45.6400,40580400,33.0792
2011-06-23,45.0300,45.6000,44.7700,45.5800,63556800,33.0357
2011-06-24,45.8800,45.9000,45.4100,45.5000,44225900,32.9777
2011-06-27,45.4800,46.1300,45.4100,46.0300,53450600,33.3619
2011-06-28,46.0700,46.6700,45.9400,46.6600,45598200,33.8185
2011-06-29,46.7800,47.1900,46.5000,47.0900,55289100,34.1301
2011-06-30,47.3400,47.6200,47.2000,47.6000,46188400,34.4998
2011-07-01,47.5800,48.2900,46.7500,48.1600,44635400,34.9056
2011-07-05,48.2800,48.3200,47.9800,48.1400,51374800,34.8911
2011-07-06,47.9300,48.0200,47.6100,47.8200,56118500,34.6592
2011-07-07,48.3700,48.6300,48.2800,48.4800,49542300,35.1376
2011-07-08,47.9300,48.0100,47.4500,47.9300,50271000,34.7389
2011-07-11,47.1000,47.1800,46.5200,46.5900,58197700,33.7677
2011-07-12,46.2500,46.6000,46.0800,46.1200,46966300,33.4271
2011-07-13,46.5400,47.2700,46.4300,46.8700,59429900,33.9707
2011-07-14,47.1200,47.1700,46.2700,46.3700,53279700,33.6083
2011-07-15,46.8200,46.8400,46.3600,46.6600,35171100,33.8185
2011-07-18,46.2300,46.3300,45.8000,46.1200,46489100,33.4271
2011-07-19,46.5000,46.8400,46.3600,46.7900,37413900,33.9127
2011-07-20,47.0300,47.1000,46.8100,46.9300,29604100,34.0142
2011-07-21,47.1700,47.7700,47.0300,47.6800,45701000,34.5577
2011-07-22,47.6900,47.7800,47.4200,47.6500,31952700,34.5360
2011-07-25,47.3400,47.7400,47.2400,47.5500,32505900,34.4635
2011-07-26,47.8400,47.9800,47.5500,47.7100,29118300,34.5795
2011-07-27,47.5400,47.5400,46.7500,46.8700,54477400,33.9707
2011-07-28,47.0900,47.2700,46.7400,46.9100,44734300,33.9997
2011-07-29,46.5500,47.2500,46.4200,47.1100,48432100,34.1446
2011-08-01,47.6700,47.6900,46.6300,47.0700,48466100,34.1156
2011-08-02,46.6800,46.7600,45.5900,45.6200,73705600,33.0647
2011-08-03,45.6000,45.6300,44.6600,45.4600,73967200,32.9487
2011-08-04,44.2400,44.3600,42.7900,42.8600,139352000,31.0643
2011-08-05,43.1500,43.2600,41.3200,42.5800,154381700,30.8613
2011-08-08,40.7300,41.2400,38.7100,39.0300,175336300,28.2883
2011-08-09,40.0000,41.3400,38.8100,41.3200,191406700,29.9481
2011-08-10,40.0600,40.5400,39.1200,39.1300,122586600,28.3608
2011-08-11,40.0500,41.8000,39.7600,41.2900,121153900,29.9264
2011-08-12,41.3200,41.5600,40.8300,41.2700,64752000,29.9119
2011-08-15,41.9100,42.3300,41.9000,42.2300,65966400,30.6077
2011-08-16,41.7800,42.1700,41.3400,41.8700,61578100,30.3467
2011-08-17,42.1500,42.4800,41.7600,42.1700,45131600,30.5642
2011-08-18,40.6300,40.6900,39.6400,40.1800,106805200,29.1219
2011-08-19,39.6200,40.7400,39.6100,39.6800,72408800,28.7595
2011-08-22,40.3400,40.5100,39.5100,39.6400,51908100,28.7305
2011-08-23,40.1600,41.0700,39.7400,41.0300,73244900,29.7379
2011-08-24,40.3900,40.8700,39.9800,40.6300,48121000,29.4480
2011-08-25,40.6200,40.7800,39.6200,39.8400,57125600,28.8754
2011-08-26,39.8800,40.5400,39.2300,40.5200,74396200,29.3683
2011-08-29,41.2800,41.8400,41.2500,41.8300,46759900,30.3177
2011-08-30,41.5900,42.1500,41.3700,41.8900,51881500,30.3612
2011-08-31,42.6500,42.9300,42.4100,42.7500,74774800,30.9846
2011-09-01,42.8700,43.2700,42.5000,42.5200,76392600,30.8179
2011-09-02,41.8600,42.0700,41.3500,41.5600,69255200,30.1221
2011-09-06,40.1900,41.1600,40.1700,41.1300,66073000,29.8104
2011-09-07,41.8300,42.3800,41.6000,42.3500,49845600,30.6946
2011-09-08,41.6200,42.1100,41.3000,41.4100,59110100,30.0133
2011-09-09,40.7700,41.8300,39.8500,40.0100,76809100,28.9986
2011-09-12,39.2700,39.9700,38.9800,39.9300,69385300,28.9406
2011-09-13,39.7300,40.0400,39.4000,39.9900,68090600,28.9841
2011-09-14,39.7100,40.2200,38.8900,39.8800,82237200,28.9044
2011-09-15,40.3900,40.4700,39.8000,40.4600,62836900,29.3248
2011-09-16,40.6500,40.8200,40.1500,40.5300,46199300,29.3755
2011-09-19,39.1000,39.5300,38.9200,39.3300,67923900,28.5058
2011-09-20,39.4800,39.7600,39.0200,39.0400,53481200,28.2956
2011-09-21,38.8100,39.0500,37.5600,37.5900,105520500,27.2447
2011-09-22,35.8100,36.1000,34.7100,34.9500,159906700,25.3312
2011-09-23,35.3900,35.9300,35.1300,35.8800,102748900,26.0053
2011-09-26,35.5700,36.4700,35.0900,36.4200,94311200,26.3967
2011-09-27,37.6100,38.2400,37.3900,37.5800,112508800,27.2374
2011-09-28,37.4000,37.6600,36.4100,36.4500,80061600,26.4184
2011-09-29,37.4200,37.5400,36.3900,36.9500,74702700,26.7808
2011-09-30,36.0100,36.3600,35.0300,35.1000,102866200,25.4399
2011-10-03,35.0700,35.5900,34.2900,34.3600,107059200,24.9036
2011-10-04,33.9300,34.9400,33.4200,34.8900,111600000,25.2877
2011-10-05,34.7600,35.7500,34.4900,35.7000,81013800,25.8748
2011-10-06,35.7800,36.9100,35.6200,36.8800,140578300,26.7301
2011-10-07,37.1000,37.2400,36.2000,36.4400,76503200,26.4112
2011-10-10,37.4600,38.1300,37.4300,38.0700,69649800,27.5926
2011-10-11,37.5800,38.2800,37.5000,38.0900,72086900,27.6071
2011-10-12,38.8900,39.7200,38.8700,39.1600,101798900,28.3826
2011-10-13,38.8400,39.0100,38.2900,38.8100,57089300,28.1289
2011-10-14,39.4000,39.6100,39.1600,39.5900,72966500,28.6942
2011-10-17,39.1700,39.2600,38.2100,38.2500,63743000,27.7230
2011-10-18,38.3200,39.4600,37.7300,39.2700,85366100,28.4623
2011-10-19,39.0200,39.2100,38.4700,38.5200,52363200,27.9187
2011-10-20,38.2100,38.2200,37.1300,37.7800,83654600,27.3824
2011-10-21,38.3900,38.9000,38.3700,38.8600,69672700,28.1651
2011-10-24,39.3400,40.5000,39.3000,40.3800,87934300,29.2668
2011-10-25,39.9000,40.0200,39.4300,39.5800,76772100,28.6870
2011-10-26,40.3900,40.5100,39.5200,40.3100,62940200,29.2161
2011-10-27,42.0900,43.2200,41.7300,42.7600,156301800,30.9918
2011-10-28,42.0200,42.6600,41.9400,42.4000,59840500,30.7309
2011-10-31,41.6000,41.6800,40.7600,40.8100,69667800,29.5785
2011-11-01,39.2900,40.3100,39.1400,39.8200,91614700,28.8609
2011-11-02,40.9400,41.1400,40.4200,41.0400,64629600,29.7452
2011-11-03,41.2900,41.6300,40.6700,41.4600,58912200,30.0496
2011-11-04,41.1100,41.2600,40.5500,41.1900,50083800,29.8539
2011-11-07,41.1300,41.6300,40.9700,41.5400,44450000,30.1076
2011-11-08,41.6100,42.0800,41.1000,42.0300,70276800,30.4627
2011-11-09,40.4000,40.5600,39.4800,39.5700,111322800,28.6797
2011-11-10,40.1900,40.3000,39.5500,39.8300,48436000,28.8682
2011-11-11,40.3700,40.9000,40.3700,40.7900,48885300,29.5640
2011-11-14,40.5000,40.6000,40.0000,40.2300,47272600,29.1581
2011-11-15,40.1800,40.7000,39.8600,40.4800,45852500,29.3393
2011-11-16,39.7500,40.1700,39.3900,39.3900,64823000,28.5493
2011-11-17,39.6000,39.7000,38.1800,38.3900,102951000,27.8245
2011-11-18,38.9500,38.9600,38.3200,38.5400,51240500,27.9332
2011-11-21,37.5100,37.6600,36.8800,37.3000,59896200,27.0345
2011-11-22,37.4500,37.6600,36.9900,37.4300,46355600,27.1287
2011-11-23,36.7900,36.8200,36.2200,36.2200,65700800,26.2517
2011-11-25,36.2300,36.7300,36.1000,36.1000,30076300,26.1647
2011-11-28,37.7200,37.8600,37.4600,37.8300,79397700,27.4186
2011-11-29,37.7200,38.2200,37.6200,37.6600,52655900,27.2954
2011-11-30,39.5000,40.0700,39.2900,40.0100,92375400,28.9986
2011-12-01,40.0300,40.3500,39.8100,39.8900,46229200,28.9117
2011-12-02,40.3900,40.4300,39.7500,39.7700,47176100,28.8247
2011-12-05,40.5000,40.5900,40.1200,40.4200,59551400,29.2958
2011-12-06,39.8600,40.1700,39.5900,39.8700,43432800,28.8972
2011-12-07,39.7700,40.1600,39.5100,40.0300,73276600,29.0131
2011-12-08,39.4300,39.5600,38.4800,38.5900,86315100,27.9694
2011-12-09,38.7100,39.4800,38.7000,39.3700,51866700,28.5348
2011-12-12,38.2400,38.2900,37.6600,37.8900,82239000,27.4621
2011-12-13,38.2400,38.4500,37.4200,37.5400,59290300,27.2084
2011-12-14,37.4000,37.6000,36.9800,37.0000,66643900,26.8170
2011-12-15,37.7400,37.7500,37.1200,37.2400,82103600,26.9910
2011-12-16,37.6200,37.8400,37.3700,37.5200,64381200,27.1939
2011-12-19,37.2300,37.2800,36.4800,36.5500,56108700,26.4909
2011-12-20,37.1600,37.8000,37.1300,37.7200,71387400,27.6009
2011-12-21,37.6300,37.8500,37.2000,37.8400,47572400,27.6887
2011-12-22,37.8900,38.3700,37.8800,38.3400,58644600,28.0546
2011-12-23,38.3200,38.5000,38.1600,38.4900,21521600,28.1644
2011-12-27,38.1800,38.3000,38.0400,38.1200,26198500,27.8936
2011-12-28,37.9300,37.9800,37.4300,37.4800,39326100,27.4253
2011-12-29,37.6700,37.9600,37.6300,37.9100,32240500,27.7400
2011-12-30,37.8800,38.1400,37.8600,37.9400,33432400,27.7619
2012-01-03,38.9800,39.2700,38.8900,39.1000,72557500,28.6107
2012-01-04,38.7400,38.9700,38.6000,38.8800,46225600,28.4497
2012-01-05,38.6400,38.8300,38.3300,38.7100,54383000,28.3253
2012-01-06,38.6700,38.6700,38.2000,38.2200,50333100,27.9668
2012-01-09,38.5800,38.7000,38.3700,38.6200,45814800,28.2595
2012-01-10,39.5000,39.6800,39.3600,39.4600,59620000,28.8741
2012-01-11,39.2300,39.5100,39.1200,39.4900,47747100,28.8961
2012-01-12,39.6900,39.7500,39.3800,39.6500,43328400,29.0132
2012-01-13,39.3600,39.3800,38.9400,39.2900,57195200,28.7497
2012-01-17,40.1400,40.2500,39.8800,40.0400,70477600,29.2985
2012-01-18,40.2500,41.0700,40.1500,41.0500,72674100,30.0376
2012-01-19,41.2600,41.4800,41.1400,41.4100,68477400,30.3010
2012-01-20,41.3100,41.4900,41.1200,41.3800,43400800,30.2791
2012-01-23,41.5800,41.9800,41.5100,41.7800,62223900,30.5718
2012-01-24,41.4000,41.8400,41.2300,41.8400,39864800,30.6157
2012-01-25,41.5200,42.4200,41.3900,42.3100,64939200,30.9596
2012-01-26,42.6100,42.7600,41.9800,42.1400,68097200,30.8352
2012-01-27,42.1600,42.5100,42.1400,42.3600,51983800,30.9962
2012-01-30,41.5100,41.8900,41.3500,41.7500,43104400,30.5498
2012-01-31,42.2700,42.5500,41.8300,42.1100,69525300,30.8132
2012-02-01,42.7500,43.2500,42.6700,43.0400,82799300,31.4937
2012-02-02,43.2500,43.5500,43.1400,43.1600,71522900,31.5815
2012-02-03,43.7300,43.9400,43.4800,43.8800,72000800,32.1084
2012-02-06,43.2900,43.5100,43.2000,43.5100,40208500,31.8376
2012-02-07,43.3100,43.6800,43.0400,43.6000,47240100,31.9035
2012-02-08,43.8700,44.1000,43.7100,43.9100,53168200,32.1303
2012-02-09,43.9700,44.0000,43.6100,43.8900,44004500,32.1157
2012-02-10,42.9400,43.0000,42.7400,42.9200,62254000,31.4059
2012-02-13,43.6300,43.6700,43.2900,43.6200,47447900,31.9181
2012-02-14,43.3200,43.4500,42.9800,43.2600,42652500,31.6547
2012-02-15,43.7800,43.7900,43.2800,43.3800,51791500,31.7425
2012-02-16,43.2100,43.8800,43.0800,43.8500,52445100,32.0864
2012-02-17,44.0100,44.1000,43.7800,43.9300,50694200,32.1450
2012-02-21,44.0500,44.0800,43.6800,43.7500,46318500,32.0133
2012-02-22,43.8100,43.9000,43.6600,43.8300,40179600,32.0718
2012-02-23,43.7400,43.8500,43.4900,43.7500,36443800,32.0133
2012-02-24,43.9600,44.2600,43.9300,44.1900,37876800,32.3352
2012-02-27,43.5700,43.9100,43.3800,43.7500,42999300,32.0133
2012-02-28,44.0300,44.3700,43.9200,44.3600,40977700,32.4596
2012-02-29,44.6400,44.9100,44.2100,44.3300,72109200,32.4377
2012-03-01,44.4800,44.8700,44.4200,44.7500,51045600,32.7450
2012-03-02,44.6000,44.7500,44.4200,44.6400,32352400,32.6645
2012-03-05,44.2300,44.2400,43.6800,43.8700,50657400,32.1011
2012-03-06,42.7500,42.8000,42.2200,42.4000,103961400,31.0254
2012-03-07,42.7500,42.9500,42.5500,42.9100,45233800,31.3986
2012-03-08,43.5700,43.8900,43.4000,43.8100,40673600,32.0572
2012-03-09,43.8100,44.0400,43.6900,43.7900,36487700,32.0425
2012-03-12,43.4900,43.5500,43.1500,43.3100,31488700,31.6913
2012-03-13,43.7400,44.5300,43.6200,44.4900,61336000,32.5547
2012-03-14,44.2600,44.3700,43.6800,43.7900,59777900,32.0425
2012-03-15,44.0300,44.1800,43.7600,44.1400,35060300,32.2986
2012-03-16,44.0700,44.2500,43.9300,44.0900,36520100,32.2621
2012-03-19,43.7100,44.1000,43.6500,43.9200,30002500,32.1377
2012-03-20,43.1600,43.2700,42.9000,43.1600,53828200,31.5815
2012-03-21,43.1800,43.3400,42.9400,43.2400,49696000,31.6401
2012-03-22,42.8100,42.8400,42.3800,42.5800,73056000,31.1571
2012-03-23,42.6300,42.9500,42.4200,42.9000,31693200,31.3913
2012-03-26,43.1800,43.6700,43.1000,43.6500,67482700,31.9401
2012-03-27,43.6500,43.7000,43.3800,43.4200,35627500,31.7718
2012-03-28,43.2100,43.3000,42.5100,42.6900,55592200,31.2376
2012-03-29,42.2200,42.6800,41.9100,42.6400,53897700,31.2010
2012-03-30,43.0500,43.0600,42.6300,42.9500,48514500,31.4279
2012-04-02,42.9000,43.7300,42.7900,43.5400,62056300,31.8596
2012-04-03,43.6100,43.7500,43.0000,43.2900,58379300,31.6767
2012-04-04,42.5600,42.6300,42.2400,42.5100,49766700,31.1059
2012-04-05,42.5200,43.8500,42.5000,42.7400,45579600,31.2742
2012-04-09,42.0900,42.3100,41.9700,42.1100,42343200,30.8132
2012-04-10,41.9700,42.0900,41.1700,41.2900,81350300,30.2132
2012-04-11,41.8800,42.0000,41.6400,41.7400,45581000,30.5425
2012-04-12,41.9500,42.8200,41.9400,42.8100,64008500,31.3254
2012-04-13,42.5800,42.7000,42.0400,42.1600,64221100,30.8498
2012-04-16,42.4600,42.5100,41.7600,41.9500,62839600,30.6961
2012-04-17,42.1700,42.5300,41.9800,42.4300,51806300,31.0474
2012-04-18,42.0600,42.3500,41.9900,42.2300,40456400,30.9010
2012-04-19,42.1500,42.4800,41.8200,42.0400,42080500,30.7620
2012-04-20,42.3100,42.5500,42.2600,42.3300,43456900,30.9742
2012-04-23,41.5700,41.6100,41.0700,41.5200,63093800,30.3815
2012-04-24,41.6300,41.8800,41.5300,41.6100,50567200,30.4474
2012-04-25,41.9500,42.0100,41.7300,41.9900,45739900,30.7254
2012-04-26,41.8400,42.3100,41.7900,42.2500,35715200,30.9157
2012-04-27,42.2800,42.4000,42.0500,42.3100,40038100,30.9596
2012-04-30,42.3100,42.3200,42.0700,42.2200,39795800,30.8937
2012-05-01,42.2500,42.8800,42.1400,42.5000,37657900,31.0986
2012-05-02,42.3700,42.4900,42.1500,42.4200,35379800,31.0401
2012-05-03,42.4400,42.4700,41.9100,42.1000,45671000,30.8059
2012-05-04,41.8700,41.9400,41.2900,41.3600,58478500,30.2644
2012-05-07,41.2900,41.5700,41.2400,41.5100,44100000,30.3742
2012-05-08,41.1300,41.1400,40.4200,40.8500,66820200,29.8912
2012-05-09,40.1100,40.6000,39.8700,40.3200,86829800,29.5034
2012-05-10,40.7400,40.7400,40.4200,40.4900,48337700,29.6278
2012-05-11,40.0100,40.5200,39.9300,39.9700,56290000,29.2473
2012-05-14,39.2700,39.3400,39.0500,39.0600,63048400,28.5814
2012-05-15,39.0900,39.2300,38.5700,38.7200,61529000,28.3326
2012-05-16,38.5100,38.7500,38.1200,38.1700,82693600,27.9302
2012-05-17,38.1500,38.2300,37.6100,37.6500,74320200,27.5497
2012-05-18,37.7600,37.8600,37.1700,37.2900,75155600,27.2863
2012-05-21,37.5000,38.2400,37.4600,38.1800,62509500,27.9375
2012-05-22,38.1400,38.4100,37.5400,37.7800,52847900,27.6448
2012-05-23,37.3800,37.5500,36.6900,37.5200,72030300,27.4546
2012-05-24,37.6300,37.6400,36.9700,37.3300,57707700,27.3156
2012-05-25,37.1800,37.3700,37.0500,37.1500,47685000,27.1838
2012-05-29,38.1500,38.3600,37.8700,38.2000,71172100,27.9522
2012-05-30,37.4700,37.6500,37.3000,37.5400,80092500,27.4692
2012-05-31,37.6100,37.8900,37.2200,37.7000,66528900,27.5863
2012-06-01,36.9300,37.1200,36.6400,36.6900,79955400,26.8472
2012-06-04,36.7500,36.9900,36.5700,36.8500,57106800,26.9643
2012-06-05,36.8600,37.0500,36.6500,36.9500,58858400,27.0375
2012-06-06,37.3600,38.0800,37.3500,38.0300,55300800,27.8278
2012-06-07,38.8400,38.9200,38.1300,38.2600,49633200,27.9961
2012-06-08,37.6900,37.9900,37.5500,37.9300,39729500,27.7546
2012-06-11,38.2700,38.3100,37.3500,37.3800,51800800,27.3521
2012-06-12,37.9100,38.1900,37.7200,38.1600,54033500,27.9229
2012-06-13,38.1000,38.4600,37.9300,38.0200,43926900,27.8204
2012-06-14,37.9700,38.4200,37.7700,38.2900,46464200,28.0180
2012-06-15,38.4700,39.0000,38.3800,38.9900,63027500,28.5302
2012-06-18,38.7400,39.1700,38.6400,39.0700,37552500,28.5888
2012-06-19,39.4000,39.9500,39.3400,39.7000,50142100,29.0497
2012-06-20,39.7000,39.8200,39.1800,39.5700,58814400,28.9546
2012-06-21,38.8300,38.8800,37.6200,37.6700,58815500,27.8942
2012-06-22,37.9700,37.9900,37.5800,37.7900,33162400,27.9831
2012-06-25,37.2300,37.2400,36.8800,37.0900,44292700,27.4648
2012-06-26,37.3400,37.5600,37.0600,37.4100,35913100,27.7017
2012-06-27,37.6400,37.7800,37.5200,37.6500,28255200,27.8794
2012-06-28,37.3100,37.5100,37.0500,37.4700,34183500,27.7461
2012-06-29,38.6500,39.1900,38.5900,39.1300,78076300,28.9754
2012-07-02,39.0600,39.1900,38.7900,39.1300,38509900,28.9754
2012-07-03,39.5000,39.9200,39.3800,39.9100,36099700,29.5529
2012-07-05,39.5600,39.7400,39.2700,39.4900,33512700,29.2419
2012-07-06,38.9000,38.9900,38.6100,38.7700,49424200,28.7088
2012-07-09,38.6000,38.7000,38.3900,38.6300,34530600,28.6051
2012-07-10,38.9900,39.0200,38.0600,38.2000,48650000,28.2867
2012-07-11,38.3500,38.5800,38.1300,38.4000,37130100,28.4348
2012-07-12,37.6700,37.9900,37.4500,37.7600,45106800,27.9609
2012-07-13,38.0800,38.5300,38.0500,38.4900,37182200,28.5014
2012-07-16,38.2700,38.4900,38.0800,38.4000,26278800,28.4348
2012-07-17,38.6400,38.9500,38.2100,38.9100,40019400,28.8124
2012-07-18,38.3500,38.9100,38.3300,38.8100,47417000,28.7384
2012-07-19,39.0100,39.2400,38.8700,39.1700,44699700,29.0050
2012-07-20,38.6900,38.7900,38.4500,38.5900,43769200,28.5755
2012-07-23,37.4900,37.7700,37.1500,37.5800,55593300,27.8276
2012-07-24,37.7600,37.7700,37.1800,37.4200,46775500,27.7091
2012-07-25,37.6900,37.8400,37.3700,37.6000,34494400,27.8424
2012-07-26,38.1900,38.5100,38.0300,38.4500,50710800,28.4718
2012-07-27,38.8800,39.6000,38.7600,39.5300,50860600,29.2716
2012-07-30,39.2600,39.5100,39.2100,39.3000,41406700,29.1012
2012-07-31,39.4900,39.6500,39.1200,39.1200,58788800,28.9680
2012-08-01,39.5400,40.4500,39.1400,39.1900,49853100,29.0198
2012-08-02,38.7500,39.1000,38.4400,38.7300,50858700,28.6792
2012-08-03,39.5300,40.0200,39.4800,39.9300,60512600,29.5677
2012-08-06,39.9800,40.3600,39.9800,40.1800,37181300,29.7529
2012-08-07,40.2400,40.5800,40.2300,40.2900,43260000,29.8343
2012-08-08,40.1500,40.5400,40.1100,40.3700,36569300,29.8936
2012-08-09,40.5100,40.7800,40.4700,40.5400,34528300,30.0195
2012-08-10,40.3800,40.7800,40.2600,40.7300,32246700,30.1601
2012-08-13,40.4700,40.5900,40.1400,40.3700,40396800,29.8936
2012-08-14,40.6000,40.6600,40.2900,40.3600,26731300,29.8862
2012-08-15,40.2500,40.4000,40.1700,40.3000,18836100,29.8417
2012-08-16,40.4100,40.7400,40.2100,40.6700,37695800,30.1157
2012-08-17,40.4900,40.5200,40.2400,40.4700,46358100,29.9676
2012-08-20,40.2100,40.4700,40.1100,40.4500,28711200,29.9528
2012-08-21,40.6700,40.8400,40.2700,40.3900,27937400,29.9084
2012-08-22,40.1500,40.5000,40.0100,40.4100,36551000,29.9232
2012-08-23,40.3100,40.3700,39.9200,40.0400,39512000,29.6492
2012-08-24,39.8700,40.2100,39.7000,40.0500,34421500,29.6566
2012-08-27,39.8500,39.8900,39.6100,39.6400,23179600,29.3530
2012-08-28,39.5900,39.7400,39.5000,39.5600,24377800,29.2938
2012-08-29,39.6000,39.6200,39.2400,39.3700,31372600,29.1531
2012-08-30,39.1200,39.1200,38.8500,38.9100,36609900,28.8124
2012-08-31,39.2000,39.4600,38.9500,39.2800,41552000,29.0864
2012-09-04,39.3000,39.3000,38.9300,39.0600,32627400,28.9235
2012-09-05,38.9000,38.9700,38.6800,38.8600,33041200,28.7754
2012-09-06,39.0900,39.8500,39.0800,39.7200,47868700,29.4122
2012-09-07,40.2600,40.6600,40.2100,40.6400,59898600,30.0935
2012-09-10,40.4100,40.5400,40.0900,40.1200,37361500,29.7084
2012-09-11,40.3500,40.7200,40.3100,40.6000,32692200,30.0639
2012-09-12,40.8400,40.9300,40.6200,40.7800,44014400,30.1972
2012-09-13,40.6100,42.0100,40.5200,41.8800,95670600,31.0117
2012-09-14,42.3100,42.8400,42.2000,42.3700,85091000,31.3745
2012-09-17,42.1600,42.2400,41.8100,41.9100,47652400,31.0339
2012-09-18,41.9000,42.0600,41.7200,41.9300,37259800,31.0487
2012-09-19,41.9400,42.0000,41.7700,41.9300,39322800,31.0487
2012-09-20,41.4500,41.7100,41.2100,41.6800,46217400,30.8636
2012-09-21,42.0300,42.0500,41.7300,41.7800,49929300,30.9377
2012-09-24,41.6100,41.8000,41.4900,41.7400,29068900,30.9080
2012-09-25,41.8100,41.8700,41.1100,41.1200,49642600,30.4489
2012-09-26,40.9900,41.0600,40.6600,40.9300,44745200,30.3082
2012-09-27,41.4300,41.7200,41.2400,41.5800,40566600,30.7896
2012-09-28,41.4800,41.5200,41.2000,41.3300,55360900,30.6044
2012-10-01,41.6900,42.1000,41.6300,41.7400,40299700,30.9080
2012-10-02,41.9700,42.0200,41.5900,41.8000,36829800,30.9525
2012-10-03,41.8100,41.8300,41.4500,41.5200,41571300,30.7451
2012-10-04,41.6600,41.9800,41.5500,41.9500,44450900,31.0635
2012-10-05,42.1600,42.3300,41.8000,41.9500,53557500,31.0635
2012-10-08,41.4300,41.6400,41.3700,41.5800,33006200,30.7896
2012-10-09,41.5300,41.5600,41.1000,41.2700,44369700,30.5600
2012-10-10,41.3300,41.3400,40.9200,41.0200,51701800,30.3749
2012-10-11,41.4700,41.6200,41.3800,41.4000,41911800,30.6563
2012-10-12,41.3500,41.5700,41.1800,41.2700,35969600,30.5600
2012-10-15,41.3800,41.6200,41.2100,41.5100,35889600,30.7377
2012-10-16,41.7800,42.0600,41.7700,41.9400,54306500,31.0561
2012-10-17,42.0600,42.3600,41.9200,42.2700,58925200,31.3005
2012-10-18,42.0600,42.3500,41.9600,42.1500,48731300,31.2116
2012-10-19,41.8900,41.9000,41.3800,41.5000,49582400,30.7303
2012-10-22,41.8600,42.0500,41.6300,41.9000,42518400,31.0265
2012-10-23,41.2400,41.2400,40.8200,41.0400,58436700,30.3897
2012-10-24,41.4100,41.4800,41.0800,41.0800,35063000,30.4193
2012-10-25,41.6700,41.7400,41.1000,41.5300,41000200,30.7525
2012-10-26,41.2700,41.3800,41.0600,41.2100,36208200,30.5156
2012-10-31,41.3300,41.4200,41.0200,41.1500,58457500,30.4712
2012-11-01,41.5400,41.8900,41.4700,41.8200,63484700,30.9673
2012-11-02,42.0500,42.0500,41.4800,41.6000,53942400,30.8044
2012-11-05,41.5500,41.8400,41.4700,41.8000,33477200,30.9525
2012-11-06,41.9100,42.2600,41.8900,42.1300,48097800,31.1968
2012-11-07,41.7900,41.8100,41.1800,41.4400,65258900,30.6859
2012-11-08,41.4100,41.6700,40.8700,40.9200,73473600,30.3008
2012-11-09,40.9700,41.3300,40.9100,41.0000,60594400,30.3601
2012-11-12,41.1700,41.3100,41.0700,41.1500,43640500,30.4712
2012-11-13,40.6600,40.9800,40.5200,40.7800,56929600,30.1972
2012-11-14,40.8400,40.8800,40.0600,40.1500,65058700,29.7307
2012-11-15,40.2300,40.4100,40.0600,40.2900,56282800,29.8343
2012-11-16,40.2500,40.4400,39.9200,40.4100,55419900,29.9232
2012-11-19,40.7700,41.1400,40.7700,41.1200,60801400,30.4489
2012-11-20,40.7900,41.0400,40.6800,41.0400,49350300,30.3897
2012-11-21,40.8800,41.0400,40.7800,40.9600,49863200,30.3305
2012-11-23,41.4500,41.6800,41.4200,41.6300,38725400,30.8266
2012-11-26,41.4600,41.6400,41.3800,41.6300,38361700,30.8266
2012-11-27,41.5900,41.6500,41.2700,41.2800,39719300,30.5674
2012-11-28,41.0300,41.5500,40.9000,41.5100,45433200,30.7377
2012-11-29,41.7400,41.9500,41.5800,41.8100,60142000,30.9599
2012-11-30,41.9000,41.9200,41.6800,41.7900,60627600,30.9451
2012-12-03,42.0500,42.0500,41.7700,41.7700,47979700,30.9303
2012-12-04,41.9400,42.1200,41.8600,41.8900,48560100,31.0191
2012-12-05,42.3200,42.5800,42.2000,42.3400,60792500,31.3523
2012-12-06,42.4000,42.6900,42.3700,42.6600,45175200,31.5893
2012-12-07,42.7400,42.8200,42.5800,42.7900,33920200,31.6856
2012-12-10,42.7800,43.1100,42.7500,43.0300,52020900,31.8633
2012-12-11,43.0700,43.3200,43.0300,43.2500,55722500,32.0262
2012-12-12,43.3900,43.6500,43.2100,43.3800,57451400,32.1224
2012-12-13,43.3500,43.4700,43.0600,43.1900,55617900,31.9818
2012-12-14,43.2700,43.4600,43.2200,43.3800,39422900,32.1224
2012-12-17,43.2800,43.5100,43.2300,43.4900,55647600,32.2039
2012-12-18,43.1900,43.5700,43.0000,43.5300,61649000,32.4289
2012-12-19,43.5800,43.7300,43.4800,43.5100,50249100,32.4140
2012-12-20,43.5200,43.7800,43.3900,43.7700,57106100,32.6077
2012-12-21,43.0300,43.3000,42.9700,43.2700,66038300,32.2352
2012-12-24,43.2100,43.2500,43.0900,43.1800,18908100,32.1681
2012-12-26,43.4900,43.5800,43.2900,43.3100,25381900,32.2650
2012-12-27,43.5400,43.6500,43.2000,43.5400,41600600,32.4468
2012-12-28,43.5200,43.8500,43.4900,43.7000,42093300,32.5660
2012-12-31,43.7500,44.4200,43.6700,44.3500,49353800,33.0504
2013-01-02,44.9100,45.3300,44.7800,45.2200,101185100,33.6988
2013-01-03,44.9000,45.2800,44.8400,44.9000,66217800,33.4603
2013-01-04,44.6900,45.0100,44.6000,44.9900,51087000,33.5274
2013-01-07,44.6400,44.6900,44.5100,44.6500,50598800,33.2740
2013-01-08,44.4000,44.4500,44.0900,44.2500,48456800,32.9759
2013-01-09,44.3900,44.5500,44.3600,44.4400,38511200,33.1175
2013-01-10,44.7100,44.9200,44.5300,44.8300,44170700,33.4081
2013-01-11,44.4800,44.5100,43.9500,44.4700,54701600,33.1399
2013-01-14,44.6500,44.7200,44.4400,44.6600,63801400,33.2815
2013-01-15,44.3600,44.4900,44.1000,44.4700,55408900,33.1399
2013-01-16,44.1300,44.4500,44.1100,44.4300,32090000,33.1101
2013-01-17,44.6300,44.8500,44.5900,44.6800,39873100,33.2964
2013-01-18,44.6900,44.8000,44.5400,44.7800,51709600,33.3709
2013-01-22,44.6300,44.7100,44.5300,44.7100,46493900,33.3187
2013-01-23,44.5000,44.5400,44.3300,44.4700,32607900,33.1399
2013-01-24,44.4200,44.5800,44.2000,44.3100,38920500,33.0206
2013-01-25,44.2200,44.3000,43.9200,44.1600,52779500,32.9088
2013-01-28,44.0400,44.0400,43.7100,43.8500,56862100,32.6778
2013-01-29,44.1000,44.4500,43.8700,44.3400,46274900,33.0430
2013-01-30,44.1500,44.2800,44.1100,44.1300,47812800,32.8865
2013-01-31,44.1800,44.2700,44.0500,44.2200,51081600,32.9536
2013-02-01,44.4700,44.6400,44.3100,44.5100,50348500,33.1697
2013-02-04,44.1700,44.2100,43.7900,43.9200,48193600,32.7300
2013-02-05,44.1000,44.1900,43.9300,43.9700,41440100,32.7673
2013-02-06,43.7600,43.9200,43.6200,43.9200,52411700,32.7300
2013-02-07,43.8500,43.8600,43.3200,43.5300,47884300,32.4394
2013-02-08,43.6600,43.9200,43.6500,43.8500,36378000,32.6778
2013-02-11,43.7700,43.8800,43.6300,43.8300,25661600,32.6629
2013-02-12,43.8300,44.1300,43.6800,43.9500,40661300,32.7524
2013-02-13,44.2000,44.2800,44.0700,44.1700,32068400,32.9163
2013-02-14,44.0000,44.2100,43.9400,44.1500,28975200,32.9014
2013-02-15,44.1900,44.2100,43.9600,43.9900,42285100,32.7822
2013-02-19,44.0300,44.2200,44.0300,44.0800,55626600,32.8492
2013-02-20,44.2800,44.2800,43.6500,43.6900,47496700,32.5586
2013-02-21,43.3400,43.3600,42.8800,43.0900,78468500,32.1115
2013-02-22,43.3800,43.3800,43.1000,43.2800,73001800,32.2531
2013-02-25,43.6300,43.6700,42.5900,42.7000,81527900,31.8208
2013-02-26,42.9400,43.0700,42.6600,42.9400,69633700,31.9997
2013-02-27,42.9500,43.4600,42.9200,43.4100,45986600,32.3499
2013-02-28,43.3900,43.4800,43.1700,43.2100,43961100,32.2009
2013-03-01,43.0700,43.3500,42.9000,43.3100,52273200,32.2754
2013-03-04,42.8300,42.9600,42.6700,42.9000,43730400,31.9699
2013-03-05,43.3400,43.6400,43.3100,43.4200,49300100,32.3574
2013-03-06,43.6300,43.7100,43.4900,43.6300,42439500,32.5139
2013-03-07,43.6400,43.8000,43.5800,43.7500,44079200,32.6033
2013-03-08,44.0300,44.2300,43.8300,44.1300,61841100,32.8865
2013-03-11,43.9300,43.9400,43.7600,43.8900,44046200,32.7076
2013-03-12,43.6700,43.7300,43.2900,43.3900,50934700,32.3350
2013-03-13,43.3100,43.3200,42.9500,42.9800,80500000,32.0295
2013-03-14,43.1300,43.2800,43.1000,43.1600,40119600,32.1636
2013-03-15,42.9200,42.9700,42.7300,42.7700,61240400,31.8730
2013-03-18,42.2800,42.5200,42.2400,42.2900,69344000,31.5153
2013-03-19,42.3200,42.3400,41.7200,41.9900,81729400,31.2917
2013-03-20,42.3100,42.4100,42.2000,42.2300,53647100,31.4706
2013-03-21,42.0200,42.0900,41.7500,41.8000,50647800,31.1501
2013-03-22,41.9000,42.0100,41.8000,41.9600,41763400,31.2694
2013-03-25,42.2400,42.3000,41.7500,41.9200,46751300,31.2396
2013-03-26,42.2900,42.5400,42.2800,42.5200,55547100,31.6867
2013-03-27,42.2500,42.6900,42.1300,42.6800,42991800,31.8059
2013-03-28,42.5600,42.7800,42.4700,42.7700,43219200,31.8730
2013-04-01,42.7200,42.7400,42.2300,42.3100,48386600,31.5302
2013-04-02,42.5400,42.5400,42.2700,42.3300,39392900,31.5451
2013-04-03,42.2700,42.3400,41.7400,41.8300,66774600,31.1725
2013-04-04,41.7900,41.8800,41.4700,41.7100,72963600,31.0831
2013-04-05,40.9900,41.7600,40.9200,41.6100,93360600,31.0085
2013-04-08,41.4500,41.7400,41.3400,41.6800,46406900,31.0607
2013-04-09,41.7400,42.3600,41.6300,42.0900,77324700,31.3663
2013-04-10,42.3900,42.7900,42.3500,42.4900,49605200,31.6643
2013-04-11,42.5600,42.6400,42.3900,42.5300,46004700,31.6941
2013-04-12,42.0700,42.1100,41.5500,41.8800,109321200,31.2098
2013-04-15,41.5100,41.5200,40.8200,40.8600,69582100,30.4496
2013-04-16,41.6900,41.8000,41.3700,41.7000,51188300,31.0756
2013-04-17,41.3500,41.3500,40.7600,41.0400,87858500,30.5838
2013-04-18,41.2900,41.3200,40.8700,41.0400,47811900,30.5838
2013-04-19,41.6100,41.7300,41.4700,41.6400,50232400,31.0309
2013-04-22,41.7800,41.8400,41.4800,41.8400,33583200,31.1799
2013-04-23,41.7600,42.1300,41.6900,42.0400,64692700,31.3290
2013-04-24,42.1200,42.4500,42.1100,42.2900,51542700,31.5153
2013-04-25,42.5200,42.8300,42.4400,42.6700,41501800,31.7985
2013-04-26,42.4500,42.5100,42.1000,42.2400,51739700,31.4780
2013-04-29,42.6200,42.8300,42.4400,42.6800,43874800,31.8059
2013-04-30,42.8300,43.4100,42.6500,43.2900,80948900,32.2605
2013-05-01,43.2200,43.2400,42.6800,42.8200,64532800,31.9103
2013-05-02,43.0000,43.1800,42.8900,43.1600,46989800,32.1636
2013-05-03,43.4100,43.7700,43.3600,43.5200,57682900,32.4319
2013-05-06,43.5200,43.6100,43.3900,43.5800,31402200,32.4766
2013-05-07,43.7500,43.9700,43.6300,43.8900,38932900,32.7076
2013-05-08,44.0700,44.2700,44.0400,44.2300,47973100,32.9610
2013-05-09,44.1500,44.1900,43.6900,43.9100,40290500,32.7225
2013-05-10,43.6200,43.6800,43.3700,43.5700,44867100,32.4692
2013-05-13,43.3100,43.3400,43.1300,43.1700,51315300,32.1711
2013-05-14,43.3400,43.5600,43.2800,43.3700,39457200,32.3201
2013-05-15,43.2700,43.4500,43.1600,43.3800,54677500,32.3276
2013-05-16,43.3800,43.5400,43.2200,43.2300,34833500,32.2158
2013-05-17,43.3300,43.4800,43.2500,43.4200,37786100,32.3574
2013-05-20,43.4100,43.5800,43.2900,43.5300,33022100,32.4394
2013-05-21,43.4500,43.6500,43.1600,43.4400,39757800,32.3723
2013-05-22,43.5600,43.9600,42.8000,42.9600,95248900,32.0146
2013-05-23,42.2800,42.6800,42.0600,42.6400,84326400,31.7761
2013-05-24,42.2700,42.3000,42.0300,42.2700,70236100,31.5004
2013-05-28,42.7800,42.8700,42.4600,42.5000,51418200,31.6718
2013-05-29,42.2200,42.2900,41.9300,41.9600,71460900,31.2694
2013-05-30,41.9000,42.2400,41.8700,41.9600,57619400,31.2694
2013-05-31,41.6200,41.6800,41.1400,41.2000,109498200,30.7030
2013-06-03,41.4000,41.9500,41.1100,41.8100,103868200,31.1576
2013-06-04,41.7900,41.8300,41.1800,41.3000,61790500,30.7775
2013-06-05,41.2100,41.2800,40.5300,40.5600,88096500,30.2261
2013-06-06,40.5000,40.9400,40.3900,40.9000,79388500,30.4794
2013-06-07,40.6700,40.9700,40.4300,40.6900,83416900,30.3229
2013-06-10,40.3300,40.3300,39.9900,40.1400,94653100,29.9131
2013-06-11,39.3200,39.6700,39.1900,39.3800,91969100,29.3467
2013-06-12,39.7000,39.7200,39.0200,39.1100,110462700,29.1455
2013-06-13,39.0900,39.9500,39.0300,39.9400,109955800,29.7640
2013-06-14,39.8100,39.9000,39.2000,39.3100,101834900,29.2945
2013-06-17,39.7500,39.9300,39.4300,39.6700,59802800,29.5628
2013-06-18,39.5700,39.8700,39.4700,39.8400,57237000,29.6895
2013-06-19,39.5400,39.7200,38.5400,38.6100,106460000,28.7729
2013-06-20,37.6900,37.6900,36.4300,36.8800,151378100,27.4837
2013-06-21,37.4000,37.6400,36.7800,37.4100,122377400,27.8786
2013-06-24,36.4900,37.0400,36.1600,36.6500,105810400,27.3123
2013-06-25,37.2800,37.4700,36.8800,37.4300,81147700,27.8935
2013-06-26,37.7200,38.1700,37.7100,38.0200,79737000,28.3332
2013-06-27,37.9800,38.3400,37.9700,38.2800,95787800,28.9017
2013-06-28,37.9900,38.6000,37.9300,38.5000,92251600,29.0678
2013-07-01,38.6800,38.8800,38.4700,38.6200,64188900,29.1584
2013-07-02,38.5200,38.7800,37.6900,37.9300,91594600,28.6375
2013-07-03,37.4000,37.9100,37.3600,37.5800,51565400,28.3732
2013-07-05,37.6400,37.6900,36.9800,37.3400,94284700,28.1920
2013-07-08,37.3400,37.6800,37.2800,37.3900,63868900,28.2298
2013-07-09,37.8000,37.9300,37.5200,37.8800,68925700,28.5997
2013-07-10,37.7000,37.9500,37.4800,37.5200,72780900,28.3279
2013-07-11,38.9100,39.3900,38.7100,39.3600,99047500,29.7171
2013-07-12,38.9200,39.0100,38.7500,38.9400,48446100,29.4000
2013-07-15,39.1500,39.5500,39.1300,39.3400,78940600,29.7020
2013-07-16,39.4400,39.5400,39.1500,39.5000,59925000,29.8228
2013-07-17,39.8300,39.9000,39.6900,39.8600,64775200,30.0946
2013-07-18,39.6100,39.7300,39.3300,39.3900,63396800,29.7398
2013-07-19,39.3300,39.3400,39.1300,39.2800,56381200,29.6567
2013-07-22,39.3800,39.7400,39.2300,39.6700,60947300,29.9512
2013-07-23,40.0500,40.2400,39.9300,40.1000,69873900,30.2758
2013-07-24,40.1000,40.1100,39.4500,39.6900,73854100,29.9663
2013-07-25,39.5600,39.9600,39.5400,39.9200,45387700,30.1399
2013-07-26,39.7000,39.8800,39.4000,39.8300,37847700,30.0720
2013-07-29,39.5100,39.5600,39.3100,39.3300,50232900,29.6945
2013-07-30,39.5100,39.5400,39.1600,39.2400,38655400,29.6265
2013-07-31,38.9300,39.4800,38.7600,39.0100,81129000,29.4529
2013-08-01,39.4300,39.8600,39.3500,39.7200,81917200,29.9889
2013-08-02,39.6100,39.9400,39.5800,39.7100,46528200,29.9814
2013-08-05,39.5800,39.5900,39.3000,39.4600,41164800,29.7926
2013-08-06,39.3000,39.3000,38.8700,38.9600,51415100,29.4151
2013-08-07,38.5900,38.7600,38.5100,38.5400,54242300,29.0980
2013-08-08,38.9700,39.4500,38.7200,39.2800,75526500,29.6567
2013-08-09,39.2900,39.5900,39.2800,39.3600,56199400,29.7171
2013-08-12,39.5200,39.8800,39.5200,39.7300,61381800,29.9965
2013-08-13,39.9800,40.0900,39.7700,39.9700,61264100,30.1777
2013-08-14,40.1300,40.2000,40.0400,40.1000,48288100,30.2758
2013-08-15,39.5900,39.7200,39.2200,39.6400,59751700,29.9285
2013-08-16,39.6700,39.7400,39.2500,39.3000,72806300,29.6718
2013-08-19,38.9900,39.0300,38.5400,38.5600,53829000,29.1131
2013-08-20,38.3700,38.7300,38.3500,38.4900,53697600,29.0603
2013-08-21,38.0300,38.0800,37.5100,37.5900,108745800,28.3808
2013-08-22,38.0100,38.2800,37.9800,38.2000,57470900,28.8413
2013-08-23,38.5000,38.7200,38.2700,38.6500,57345100,29.1811
2013-08-26,38.7000,38.7300,38.1600,38.2300,42254600,28.8640
2013-08-27,37.6000,37.6700,37.2700,37.3500,89367100,28.1996
2013-08-28,37.2900,37.7900,37.1700,37.4300,69409900,28.2600
2013-08-29,37.8700,38.1600,37.6400,37.7300,63988700,28.4865
2013-08-30,38.1700,38.1900,37.7400,38.0200,104219900,28.7054
2013-09-03,38.5700,38.7100,38.1700,38.2600,62694800,28.8866
2013-09-04,38.4800,38.9500,38.4000,38.9400,60083400,29.4000
2013-09-05,38.9700,39.5000,38.9200,39.4000,59046600,29.7473
2013-09-06,39.9500,40.1400,39.5100,39.9800,75420400,30.1852
2013-09-09,40.3800,41.1100,40.3500,41.0300,116120500,30.9780
2013-09-10,41.2700,41.4300,41.1500,41.3400,80651200,31.2121
2013-09-11,41.1800,41.5000,41.1000,41.3700,73495900,31.2347
2013-09-12,41.2200,41.2600,40.8800,40.8900,58460500,30.8723
2013-09-13,40.9600,41.2100,40.8700,41.1600,44927100,31.0762
2013-09-16,41.8700,41.9000,41.5200,41.6200,68924400,31.4235
2013-09-17,41.6300,41.7000,41.4500,41.5300,46999400,31.3555
2013-09-18,41.4100,43.3200,41.2300,43.2700,113370100,32.6692
2013-09-19,43.1300,43.1700,42.7800,43.0400,100087700,32.4956
2013-09-20,42.8400,42.8400,42.0100,42.0800,77275200,31.7708
2013-09-23,42.1400,42.3800,42.0700,42.2300,61143000,31.8840
2013-09-24,42.0700,42.1700,41.7900,41.8700,43438700,31.6122
2013-09-25,41.8700,41.9000,41.5000,41.5500,56353100,31.3706
2013-09-26,41.7900,41.9400,41.4900,41.7200,54419200,31.4990
2013-09-27,41.3900,41.4700,41.1100,41.2300,69028500,31.1290
2013-09-30,40.5900,40.9200,40.4900,40.7600,93884500,30.7741
2013-10-01,41.0400,41.5900,41.0100,41.5700,62524700,31.3857
2013-10-02,41.3700,41.7500,41.2300,41.7300,46985900,31.5065
2013-10-03,41.9300,42.0200,41.2700,41.5700,51161500,31.3857
2013-10-04,41.6700,42.1500,41.6000,42.1100,36780900,31.7934
2013-10-07,41.5600,41.9300,41.5200,41.7500,51699900,31.5216
2013-10-08,41.9000,41.9600,41.3100,41.3500,66218200,31.2196
2013-10-09,41.6400,41.8400,41.3100,41.6600,67258400,31.4537
2013-10-10,42.1800,42.7200,42.1500,42.6400,99094900,32.1936
2013-10-11,42.4600,42.8800,42.3900,42.8300,42764200,32.3370
2013-10-14,42.4700,43.1800,42.4000,43.0800,43319800,32.5258
2013-10-15,42.8900,43.0300,42.5500,42.6600,54388300,32.2087
2013-10-16,42.8700,43.1700,42.8000,43.0000,64749400,32.4654
2013-10-17,42.9600,43.3100,42.8900,43.2700,58641300,32.6692
2013-10-18,43.4600,43.5100,43.2600,43.3100,55660500,32.6994
2013-10-21,43.3400,43.4100,43.1500,43.2400,44243400,32.6466
2013-10-22,43.5500,43.9100,43.4900,43.6600,74992500,32.9637
2013-10-23,42.9300,42.9800,42.6200,42.6400,69411000,32.1936
2013-10-24,42.8800,42.8800,42.4900,42.5500,57466500,32.1256
2013-10-25,42.5800,42.8300,42.4700,42.7500,45414700,32.2766
2013-10-28,42.8100,43.0700,42.7700,43.0000,44569400,32.4654
2013-10-29,43.1500,43.2200,43.0900,43.1400,32543300,32.5711
2013-10-30,43.3100,43.3100,42.7100,42.9000,55442300,32.3899
2013-10-31,43.0000,43.0100,42.4400,42.4600,68089000,32.0577
2013-11-01,42.6200,42.7100,42.2100,42.4800,83621600,32.0728
2013-11-04,42.5600,42.7600,42.5500,42.7400,35360700,32.2691
2013-11-05,42.1900,42.2500,41.8500,41.8800,73296100,31.6198
2013-11-06,42.1900,42.2400,41.9800,42.0100,61350100,31.7179
2013-11-07,42.0900,42.1100,41.1600,41.2500,94546100,31.1441
2013-11-08,41.0100,41.1800,40.7500,41.1600,79167700,31.0762
2013-11-11,41.1200,41.1900,40.8500,40.9500,58492300,30.9176
2013-11-12,40.9600,41.0100,40.4400,40.7300,81455800,30.7515
2013-11-13,40.3400,40.8900,40.3200,40.8000,69898800,30.8043
2013-11-14,40.8300,41.4700,40.7200,41.4600,87793800,31.3027
2013-11-15,41.9300,42.4300,41.8800,42.2500,94070900,31.8991
2013-11-18,42.8000,43.0900,42.6200,42.6300,80437300,32.1860
2013-11-19,42.7500,42.8100,42.3200,42.3700,59573100,31.9897
2013-11-20,42.4100,42.4700,41.7200,41.7900,62635400,31.5518
2013-11-21,41.6600,41.8200,41.5300,41.7500,51401400,31.5216
2013-11-22,41.7800,42.1000,41.7000,42.0500,49745300,31.7481
2013-11-25,42.0300,42.0400,41.4700,41.5100,59685800,31.3404
2013-11-26,41.5000,41.7800,41.3800,41.6500,37990900,31.4461
2013-11-27,41.8200,42.0100,41.6500,41.9200,45419400,31.6500
2013-11-29,42.2400,42.4600,42.1600,42.3500,41826600,31.9746
2013-12-02,42.1900,42.2600,41.3800,41.4600,67975400,31.3027
2013-12-03,41.3100,41.6200,41.0300,41.3200,108126900,31.1970
2013-12-04,41.0600,41.3800,40.8400,41.2700,62378500,31.1592
2013-12-05,41.1500,41.4100,41.0100,41.0300,56729300,30.9780
2013-12-06,41.7300,42.0900,41.6100,41.9400,75512400,31.6651
2013-12-09,42.0600,42.2400,41.9600,42.0000,56365100,31.7104
2013-12-10,41.7900,42.0600,41.7800,42.0200,44343900,31.7255
2013-12-11,41.7100,41.7100,41.0400,41.0900,74628400,31.0233
2013-12-12,40.9200,41.0000,40.6700,40.8500,62076500,30.8421
2013-12-13,40.9800,41.0500,40.7800,40.9500,62277400,30.9176
2013-12-16,41.2000,41.5100,41.1600,41.2200,59551600,31.1215
2013-12-17,41.1700,41.1700,40.8300,40.8600,53390900,30.8497
2013-12-18,40.7700,41.6800,40.1400,41.3000,107981900,31.4637
2013-12-19,40.5800,40.7000,40.2200,40.5400,70838100,30.8847
2013-12-20,40.5400,40.7500,40.4400,40.4800,86690800,30.8390
2013-12-23,40.8100,40.9700,40.7000,40.7800,56621800,31.0675
2013-12-24,40.9700,41.0800,40.9400,41.0200,18409100,31.2504
2013-12-26,40.8500,40.9100,40.6500,40.6700,24739900,30.9837
2013-12-27,41.0900,41.3100,41.0300,41.3000,35691100,31.4637
2013-12-30,41.3600,41.5400,41.3100,41.4800,39861800,31.6008
2013-12-31,41.5800,41.8500,41.5000,41.8000,38839400,31.8446
2014-01-02,41.0000,41.0100,40.1500,40.1900,138488400,30.6181
2014-01-03,40.3900,40.4000,39.9400,40.1200,83579700,30.5647
2014-01-06,39.9600,39.9600,39.7300,39.7400,55735100,30.2752
2014-01-07,39.9500,40.0900,39.7900,39.9100,57341500,30.4047
2014-01-08,39.9700,40.0100,39.6600,39.7800,63182600,30.3057
2014-01-09,39.6500,39.7200,39.2600,39.5700,74405200,30.1457
2014-01-10,39.8000,40.4200,39.7900,40.2700,110244200,30.6790
2014-01-13,40.3500,40.4000,39.6800,39.7900,62209500,30.3133
2014-01-14,40.0100,40.3400,39.8300,40.2200,75830700,30.6409
2014-01-15,40.1900,40.3100,40.1200,40.2100,47361900,30.6333
2014-01-16,40.1600,40.2600,39.9000,39.9900,56673900,30.4657
2014-01-17,39.9700,39.9800,39.7400,39.7900,61288200,30.3133
2014-01-21,40.0000,40.0500,39.5600,39.7300,46683100,30.2676
2014-01-22,40.0600,40.2700,39.8800,40.2600,56188400,30.6714
2014-01-23,39.7700,39.7700,38.9900,39.2700,109930400,29.9172
2014-01-24,38.7500,38.7800,38.2000,38.2400,127153900,29.1325
2014-01-27,38.2900,38.3700,37.7700,38.0900,118532300,29.0182
2014-01-28,38.3400,38.5000,38.2000,38.3300,86568700,29.2010
2014-01-29,37.8300,38.2000,37.5900,37.7800,142219100,28.7820
2014-01-30,38.3200,38.4100,37.9900,38.1300,84660600,29.0487
2014-01-31,37.6800,38.2700,37.5800,38.1900,102329500,29.0944
2014-02-03,37.8600,37.9200,37.0500,37.1100,123117200,28.2716
2014-02-04,37.7200,38.0900,37.6200,37.8600,138955500,28.8430
2014-02-05,37.7000,37.9600,37.4500,37.7200,86064900,28.7363
2014-02-06,37.9900,38.5700,37.9900,38.5100,99403100,29.3382
2014-02-07,38.8100,38.9200,38.5200,38.7300,80356700,29.5058
2014-02-10,38.5600,38.5900,38.1300,38.3000,68839500,29.1782
2014-02-11,38.5100,39.2200,38.5000,39.1300,93164800,29.8105
2014-02-12,39.3900,39.5800,39.0200,39.1400,68705700,29.8181
2014-02-13,38.5700,39.2100,38.5700,39.1800,50414900,29.8486
2014-02-14,39.4500,39.8700,39.3800,39.6600,69806400,30.2143
2014-02-18,39.6400,39.7200,39.2700,39.2900,69542600,29.9324
2014-02-19,39.1400,39.4600,38.9300,39.0200,101924800,29.7267
2014-02-20,38.9800,39.2500,38.7400,39.1600,71686300,29.8334
2014-02-21,39.3700,39.5900,39.2800,39.4300,66907700,30.0391
2014-02-24,39.3900,39.7800,39.3400,39.4300,58971200,30.0391
2014-02-25,39.3500,39.4400,38.8700,38.9800,77028600,29.6962
2014-02-26,39.2000,39.2800,38.8500,39.0100,59122600,29.7191
2014-02-27,39.3600,39.8200,39.2800,39.7500,67962200,30.2828
2014-02-28,39.7800,39.8400,39.2200,39.4800,88240700,30.0771
2014-03-03,38.7200,38.9400,38.4900,38.7800,98832200,29.5439
2014-03-04,39.5300,39.5900,39.2700,39.4400,63103000,30.0467
2014-03-05,39.3200,39.5300,39.2500,39.4700,42856900,30.0695
2014-03-06,39.8300,40.2200,39.8200,40.0300,86027600,30.4962
2014-03-07,39.8500,39.8700,39.2800,39.5200,66565600,30.1076
2014-03-10,39.2600,39.2700,38.9200,39.2500,57747100,29.9019
2014-03-11,39.3100,39.4300,38.7100,38.8100,72692600,29.5667
2014-03-12,38.5800,38.9300,38.4600,38.8900,56882800,29.6277
2014-03-13,38.9800,39.0000,38.0300,38.1900,79967400,29.0944
2014-03-14,38.2500,38.6200,38.2500,38.4000,64589800,29.2544
2014-03-17,38.7400,38.9600,38.7400,38.8700,57492000,29.6124
2014-03-18,38.9600,39.4300,38.9300,39.4100,68135000,30.0238
2014-03-19,39.1300,39.3100,38.4000,38.5700,95953000,29.3839
2014-03-20,38.3100,38.8200,38.1700,38.7400,60572300,29.5134
2014-03-21,39.0000,39.4500,38.9300,38.9800,86969000,29.6962
2014-03-24,39.3300,39.4500,39.0900,39.3600,54328100,29.9857
2014-03-25,39.7600,39.9600,39.6400,39.8100,93531000,30.3286
2014-03-26,40.1600,40.2900,39.8800,39.9000,91289900,30.3971
2014-03-27,40.0500,40.4800,40.0300,40.4200,73438700,30.7933
2014-03-28,40.7800,41.0200,40.6900,40.7400,67464400,31.0371
2014-03-31,40.9900,41.2500,40.9700,41.0100,75256100,31.2428
2014-04-01,41.4000,41.4900,41.2400,41.4900,65717300,31.6084
2014-04-02,41.3300,41.6100,41.2700,41.5700,44076300,31.6694
2014-04-03,41.3800,41.4400,41.0000,41.4100,84659200,31.5475
2014-04-04,41.8500,42.1300,41.2400,41.3000,127800700,31.4637
2014-04-07,41.3400,41.5900,41.2400,41.4800,60586200,31.6008
2014-04-08,42.0600,42.2600,41.8200,41.9600,107043300,31.9665
2014-04-09,42.0100,42.4700,41.7300,42.2800,71617000,32.2103
2014-04-10,42.2700,42.4200,41.7800,41.8300,74792500,31.8675
2014-04-11,41.5400,41.8900,41.5300,41.8300,76310100,31.8675
2014-04-14,41.9600,41.9700,41.5300,41.7400,44883400,31.7989
2014-04-15,41.4800,41.5100,40.6000,41.1100,155302100,31.3189
2014-04-16,41.3100,41.6700,41.2100,41.6300,64113100,31.7151
2014-04-17,41.6700,42.1500,41.5500,42.0100,69955200,32.0046
2014-04-21,41.9500,41.9600,41.6400,41.7500,29288500,31.8065
2014-04-22,41.8000,41.8600,41.6200,41.6400,43060000,31.7227
2014-04-23,41.4400,41.4600,41.1000,41.3400,58299300,31.4942
2014-04-24,41.3700,41.3900,41.0200,41.3800,39310800,31.5246
2014-04-25,40.8400,40.8500,40.5400,40.8200,72613500,31.0980
2014-04-28,40.8700,41.1600,40.6700,41.0200,64020600,31.2504
2014-04-29,41.2800,41.5700,41.2600,41.4100,71181600,31.5475
2014-04-30,41.0900,41.3300,41.0400,41.3300,49063100,31.4865
2014-05-01,41.2800,41.4800,41.0800,41.3800,31161300,31.5246
2014-05-02,41.3000,41.7300,41.2700,41.6100,63037500,31.6999
2014-05-05,41.3200,41.4200,41.2000,41.3800,26894600,31.5246
2014-05-06,41.4200,41.8100,41.4000,41.5700,41163100,31.6694
2014-05-07,41.4500,41.8000,41.3800,41.7900,43226500,31.8370
2014-05-08,41.9100,42.0400,41.6900,41.6900,49820300,31.7608
2014-05-09,41.7300,41.8300,41.5600,41.6200,43953000,31.7075
2014-05-12,42.2300,42.3500,42.0700,42.3200,63396500,32.2408
2014-05-13,42.3900,42.6600,42.3300,42.4800,53342400,32.3627
2014-05-14,42.7200,42.9200,42.6600,42.7800,57544700,32.5912
2014-05-15,42.7200,42.7300,42.2300,42.3800,56308800,32.2865
2014-05-16,42.7400,43.0000,42.6200,42.9400,70419600,32.7131
2014-05-19,42.8800,43.0000,42.8400,42.9400,32471500,32.7131
2014-05-20,42.7800,42.8800,42.4800,42.5900,63707800,32.4464
2014-05-21,42.8200,42.9400,42.7900,42.9200,50661300,32.6979
2014-05-22,43.1300,43.2200,43.0400,43.2200,51415000,32.9264
2014-05-23,43.1600,43.2900,43.1200,43.1400,55456100,32.8655
2014-05-27,42.9600,43.0300,42.6300,42.7700,40155800,32.5836
2014-05-28,42.9900,43.1100,42.8400,43.0200,45095400,32.7740
2014-05-29,43.1300,43.2100,43.0200,43.1400,28979600,32.8655
2014-05-30,42.8700,42.9200,42.4600,42.5500,72201700,32.4160
2014-06-02,42.7300,42.8200,42.6500,42.6800,33550800,32.5150
2014-06-03,42.7300,43.0400,42.7200,42.9200,38021700,32.6979
2014-06-04,42.6300,42.7600,42.5600,42.6800,25656100,32.5150
2014-06-05,43.0700,43.2000,42.9000,43.1300,41040500,32.8578
2014-06-06,43.4800,43.6600,43.4100,43.5600,45429100,33.1854
2014-06-09,43.5100,43.7800,43.5100,43.7200,38995600,33.3073
2014-06-10,43.7700,43.9800,43.7100,43.9500,31573300,33.4826
2014-06-11,43.6900,43.8800,43.6800,43.8000,44721500,33.3683
2014-06-12,43.8700,43.9100,43.4500,43.5900,40265500,33.2083
2014-06-13,43.4400,43.6500,43.3500,43.6100,27554000,33.2235
2014-06-16,43.4800,43.5200,43.2800,43.4100,32040700,33.0712
2014-06-17,43.3600,43.4400,43.2400,43.4200,35013500,33.0788
2014-06-18,43.3200,43.9300,43.1900,43.9000,62131500,33.4445
2014-06-19,43.7600,43.8400,43.5200,43.6500,48497900,33.2540
2014-06-20,43.5000,43.5900,43.4000,43.5600,36744000,33.1854
2014-06-23,43.5300,43.5500,43.3200,43.4700,27608300,33.1169
2014-06-24,43.5900,43.8900,43.3600,43.4500,49441000,33.1016
2014-06-25,43.1300,43.2400,43.0000,43.2000,35940200,33.1715
2014-06-26,43.3200,43.3200,43.1000,43.2500,21873800,33.2099
2014-06-27,43.2500,43.3800,43.1200,43.3500,21988900,33.2867
2014-06-30,43.3700,43.4200,43.2000,43.2300,34343200,33.1945
2014-07-01,43.5500,43.6800,43.5300,43.6400,42222400,33.5094
2014-07-02,43.8200,43.9200,43.7900,43.9000,35955800,33.7090
2014-07-03,43.8000,44.1900,43.7700,44.1600,26627100,33.9086
2014-07-07,44.0700,44.1600,43.9800,44.1300,26962800,33.8856
2014-07-08,44.1000,44.1300,43.8400,43.9300,29106700,33.7320
2014-07-09,43.9500,44.2300,43.9000,44.1800,29892600,33.9240
2014-07-10,43.5400,43.9600,43.4300,43.9400,43704000,33.7397
2014-07-11,43.7600,43.9700,43.7300,43.8900,32082600,33.7013
2014-07-14,44.1500,44.2400,44.0700,44.2300,23136700,33.9624
2014-07-15,44.2700,44.3200,43.9900,44.2000,38034000,33.9394
2014-07-16,44.4200,44.4700,44.2500,44.3100,26424000,34.0238
2014-07-17,44.0000,44.0800,43.4000,43.4800,66994900,33.3865
2014-07-18,44.1000,44.2600,43.9400,44.1600,51870700,33.9086
2014-07-21,43.9400,44.4000,43.9200,44.3100,56034400,34.0238
2014-07-22,44.8000,44.8300,44.7000,44.7200,43480300,34.3386
2014-07-23,44.8200,44.8200,44.6600,44.7600,29647900,34.3694
2014-07-24,44.8200,45.0000,44.7700,44.9600,31503700,34.5229
2014-07-25,44.7500,44.8300,44.6400,44.7800,34409200,34.3847
2014-07-28,44.8400,45.1100,44.7600,45.0900,38243200,34.6228
2014-07-29,45.1300,45.1300,44.7900,44.8200,35722000,34.4154
2014-07-30,45.0100,45.0500,44.3900,44.6000,54177600,34.2465
2014-07-31,44.0600,44.1500,43.6600,43.8200,88181200,33.6476
2014-08-01,43.9500,44.1800,43.6500,44.0600,108800800,33.8319
2014-08-04,44.2600,44.5700,44.0800,44.4700,43918900,34.1467
2014-08-05,44.0200,44.1400,43.6500,43.7900,67276000,33.6245
2014-08-06,43.5500,43.7300,43.4400,43.4900,63560700,33.3942
2014-08-07,43.5900,43.6200,43.1400,43.3200,77763500,33.2636
2014-08-08,43.5100,43.7800,43.3300,43.7100,53612400,33.5631
2014-08-11,43.9200,44.3100,43.8900,44.2700,49923100,33.9931
2014-08-12,44.0900,44.3300,44.0400,44.3200,36823500,34.0315
2014-08-13,44.6700,44.7800,44.4400,44.5600,49491900,34.2158
2014-08-14,44.5900,44.7100,44.5300,44.6300,33152100,34.2695
2014-08-15,44.7300,44.8300,44.2800,44.5100,66006100,34.1774
2014-08-18,44.7400,44.9400,44.6400,44.9400,38360500,34.5076
2014-08-19,44.9800,45.1700,44.9600,45.1500,33591600,34.6688
2014-08-20,44.9400,45.1400,44.8600,45.0600,30889600,34.5997
2014-08-21,44.9600,45.0400,44.8100,44.8700,35476300,34.4538
2014-08-22,44.9200,44.9900,44.5800,44.7500,45995800,34.3617
2014-08-25,44.8700,45.1000,44.8100,45.0800,31989900,34.6151
2014-08-26,45.1700,45.3800,45.1500,45.3500,45918400,34.8224
2014-08-27,45.4400,45.5800,45.3400,45.5800,34239100,34.9990
2014-08-28,44.9900,45.1800,44.9400,45.1300,38157700,34.6535
2014-08-29,45.1700,45.2400,45.0000,45.0600,39791500,34.5997
2014-09-02,45.0500,45.0600,44.8800,44.9900,48129000,34.5460
2014-09-03,45.7500,45.7900,45.5000,45.5800,51700200,34.9990
2014-09-04,45.7300,45.8300,45.3400,45.4600,41676700,34.9069
2014-09-05,45.5400,45.8500,45.4200,45.8500,53035700,35.2063
2014-09-08,45.6800,45.7200,45.2200,45.3100,50222700,34.7917
2014-09-09,45.0400,45.1400,44.5600,44.7500,85940600,34.3617
2014-09-10,44.3300,44.6400,44.2300,44.5600,57439600,34.2158
2014-09-11,44.2500,44.3300,44.1900,44.2600,70622500,33.9854
2014-09-12,43.9900,44.0000,43.6400,43.7900,85785600,33.6245
2014-09-15,43.6600,43.7100,43.4400,43.5700,68507800,33.4556
2014-09-16,43.5300,44.4400,43.5000,44.1400,97318600,33.8933
2014-09-17,44.2000,44.2700,43.7200,43.7300,76121700,33.5785
2014-09-18,43.8700,43.9500,43.7300,43.7900,50513900,33.6245
2014-09-19,43.9200,43.9700,43.3500,43.4600,88033100,33.3711
2014-09-22,43.0800,43.1300,42.6100,42.8000,83094000,32.8644
2014-09-23,42.7000,42.9000,42.5000,42.5600,82990700,32.6801
2014-09-24,42.8700,43.2600,42.6600,43.1700,55218900,33.1485
2014-09-25,42.5100,42.5300,42.1200,42.2300,68810700,32.4267
2014-09-26,42.2700,42.5700,42.2100,42.4200,54551800,32.5726
2014-09-29,41.3700,41.7700,41.3600,41.5600,74208400,31.9122
2014-09-30,41.4500,41.6400,41.3600,41.5600,87704500,31.9122
2014-10-01,41.3400,41.3800,40.7000,40.7100,109933300,31.2595
2014-10-02,40.8600,41.2200,40.3700,40.9300,92880600,31.4285
2014-10-03,41.0800,41.3900,40.8900,41.2800,61010900,31.6972
2014-10-06,42.1200,42.1600,41.8100,41.8200,84259600,32.1119
2014-10-07,41.7600,41.8700,41.4500,41.4500,41767500,31.8277
2014-10-08,41.5300,42.1500,41.0600,42.0700,90901600,32.3038
2014-10-09,41.9000,41.9500,41.2700,41.4100,82942800,31.7970
2014-10-10,40.9600,41.1000,40.4700,40.5100,104177200,31.1060
2014-10-13,41.2000,41.5000,40.9000,40.9200,89761000,31.4208
2014-10-14,41.0600,41.4200,40.8400,41.1600,71636700,31.6051
2014-10-15,40.6000,40.8100,39.7800,40.6400,122284500,31.2058
2014-10-16,39.7000,40.7200,39.6800,40.2700,101076200,30.9217
2014-10-17,40.7100,41.0000,40.4800,40.7200,73616400,31.2672
2014-10-20,40.6800,40.8900,40.5900,40.8400,50853900,31.3594
2014-10-21,40.7600,41.1700,40.7300,41.0100,49877200,31.4899
2014-10-22,40.9600,41.0400,40.6000,40.7400,50711600,31.2826
2014-10-23,40.8400,40.9700,40.6800,40.7300,43661600,31.2749
2014-10-24,40.7700,41.2200,40.7400,41.0200,43721100,31.4976
2014-10-27,40.3700,40.7600,40.2800,40.7000,44793200,31.2519
2014-10-28,41.1900,41.6400,41.1800,41.5200,73890500,31.8815
2014-10-29,41.9100,42.0200,41.3200,41.5800,75308700,31.9276
2014-10-30,41.6600,42.1400,41.6600,41.9700,54208200,32.2270
2014-10-31,42.1600,42.3300,42.0000,42.1500,108786100,32.3652
2014-11-03,42.0100,42.0400,41.7000,41.8000,59606600,32.0965
2014-11-04,41.8500,41.8800,41.5500,41.8400,41428100,32.1272
2014-11-05,41.5000,41.5500,41.2300,41.4700,48726600,31.8431
2014-11-06,41.3500,41.4100,40.9400,40.9600,52054400,31.4515
2014-11-07,41.0800,41.2800,41.0100,41.2200,42327500,31.6512
2014-11-10,41.6600,41.6900,41.3000,41.3300,45891600,31.7356
2014-11-11,41.2000,41.3600,41.1400,41.2900,28395000,31.7049
2014-11-12,41.3100,41.5000,41.1700,41.2100,25122300,31.6435
2014-11-13,41.3900,41.4100,40.9900,41.1000,30709800,31.5590
2014-11-14,41.0300,41.4600,41.0000,41.4400,47386400,31.8201
2014-11-17,41.0900,41.0900,40.9200,41.0000,38237800,31.4822
2014-11-18,41.0600,41.2500,41.0500,41.2200,23114500,31.6512
2014-11-19,41.0900,41.3600,40.9100,41.2000,49215300,31.6358
2014-11-20,41.1700,41.3200,41.1000,41.1300,28926200,31.5820
2014-11-21,42.1900,42.4600,41.9800,42.4400,111455200,32.5879
2014-11-24,42.2100,42.2300,42.0500,42.0900,38061300,32.3192
2014-11-25,42.1600,42.2000,41.7900,41.8200,43794300,32.1119
2014-11-26,42.1900,42.3800,42.1500,42.3500,30953300,32.5188
2014-11-28,41.8700,41.8800,41.4800,41.5000,49144700,31.8661
2014-12-01,41.0500,41.0600,40.7400,40.7900,75105900,31.3210
2014-12-02,40.9100,40.9500,40.7400,40.7800,47273300,31.3133
2014-12-03,40.8800,41.0600,40.8400,40.8900,37508300,31.3977
2014-12-04,41.0800,41.1000,40.8700,40.9600,31459900,31.4515
2014-12-05,40.7600,41.0000,40.6700,40.8800,32496300,31.3901
2014-12-08,40.6100,40.6200,40.2200,40.2800,43437900,30.9294
2014-12-09,39.8000,39.9300,39.6700,39.9000,54564100,30.6376
2014-12-10,39.7900,39.8000,39.2700,39.3100,55591700,30.1845
2014-12-11,39.1400,39.3500,38.9200,38.9800,65853700,29.9311
2014-12-12,38.9000,38.9100,38.3300,38.3400,79274600,29.4397
2014-12-15,38.4200,38.4500,37.5900,37.7900,93921700,29.0174
2014-12-16,37.3700,38.3200,37.2300,37.7300,117074100,28.9713
2014-12-17,37.3500,38.5500,37.3100,38.0500,119530800,29.6373
2014-12-18,38.6300,38.8700,38.3100,38.5700,70091400,30.0423
2014-12-19,38.6400,39.0200,38.6300,38.8400,61239600,30.2526
2014-12-22,39.3100,39.4500,39.2300,39.3800,47398500,30.6732
2014-12-23,39.0600,39.0900,38.8000,39.0200,52339300,30.3928
2014-12-24,39.0900,39.1600,38.9200,39.1100,21433900,30.4629
2014-12-26,39.4700,39.6300,39.3900,39.4200,28723000,30.7044
2014-12-29,39.4300,39.5100,39.1800,39.1800,38964300,30.5174
2014-12-30,39.1300,39.3400,39.1200,39.2600,32332700,30.5797
2014-12-31,39.4700,39.4900,39.2100,39.2900,34940700,30.6031
2015-01-02,39.1900,39.2100,38.6700,38.7700,65010000,30.1981
2015-01-05,38.5200,38.5200,38.0200,38.0800,83166600,29.6606
2015-01-06,38.0900,38.2600,37.7200,37.9200,52066100,29.5360
2015-01-07,38.5700,38.7700,38.4400,38.7400,64948700,30.1747
2015-01-08,39.3100,39.5800,39.2600,39.4000,55081600,30.6888
2015-01-09,39.5200,39.5400,39.1500,39.2700,38550100,30.5875
2015-01-12,39.1500,39.2000,38.9000,38.9500,55381800,30.3383
2015-01-13,39.4500,39.6500,38.9700,39.2900,55565600,30.6031
2015-01-14,38.8600,39.1600,38.7600,39.0700,83761000,30.4318
2015-01-15,39.5900,39.7300,39.1000,39.1600,57441600,30.5019
2015-01-16,39.1300,39.5400,39.0700,39.4900,72675200,30.7589
2015-01-20,39.4100,39.4600,39.2200,39.4300,57716900,30.7122
2015-01-21,39.7600,40.3400,39.7400,40.3000,74714900,31.3898
2015-01-22,40.5100,41.1100,40.3200,41.0700,95318400,31.9896
2015-01-23,40.8200,40.9600,40.7400,40.7600,52368100,31.7481
2015-01-26,40.6300,40.9100,40.5700,40.7800,47266100,31.7637
2015-01-27,40.3000,40.6600,40.2900,40.5600,42525200,31.5923
2015-01-28,40.4600,40.5000,40.0100,40.1200,56698000,31.2496
2015-01-29,40.0700,40.1500,39.7200,40.1200,53124400,31.2496
2015-01-30,39.3000,39.5500,39.0200,39.0200,103745400,30.3928
2015-02-02,39.5300,39.8700,39.4400,39.7200,50443600,30.9381
2015-02-03,40.1600,40.5200,40.1100,40.4700,48552700,31.5222
2015-02-04,40.4200,40.6400,40.2100,40.2700,34900700,31.3664
2015-02-05,40.1500,40.5400,40.1400,40.5100,32092400,31.5534
2015-02-06,39.9100,40.1200,39.7100,39.8200,64292000,31.0159
2015-02-09,39.6900,39.8900,39.6800,39.7600,35632500,30.9692
2015-02-10,39.6300,39.7200,39.5000,39.6600,46949400,30.8913
2015-02-11,39.3400,39.4900,39.1000,39.3700,44240300,30.6654
2015-02-12,39.8000,40.2700,39.7700,40.2100,55855400,31.3197
2015-02-13,40.4300,40.6900,40.4300,40.6700,44640000,31.6780
2015-02-17,40.5500,40.6000,40.2400,40.5800,30152800,31.6079
2015-02-18,40.3800,40.6400,40.2700,40.5700,36036700,31.6001
2015-02-19,40.2400,40.6100,40.2000,40.4000,38785800,31.4677
2015-02-20,40.2500,40.7300,40.1600,40.6700,32542700,31.6780
2015-02-23,40.4200,40.4600,40.1700,40.2600,34091700,31.3586
2015-02-24,40.4800,40.9600,40.2600,40.8400,64630500,31.8104
2015-02-25,40.7200,40.8700,40.6700,40.7600,28592500,31.7481
2015-02-26,40.8100,40.8700,40.7000,40.7700,25889800,31.7559
2015-02-27,40.6900,41.0000,40.6900,40.7400,43207600,31.7325
2015-03-02,40.6400,40.7100,40.5300,40.6800,36669900,31.6858
2015-03-03,40.4400,40.4900,40.3500,40.3700,40406100,31.4443
2015-03-04,40.0500,40.0700,39.7600,39.9300,51564400,31.1016
2015-03-05,40.0000,40.0700,39.7400,39.8700,33714000,31.0549
2015-03-06,39.5400,39.6200,39.1700,39.2600,72516900,30.5797
2015-03-09,39.2400,39.2700,39.1100,39.1100,34915600,30.4629
2015-03-10,38.5200,38.5500,38.2200,38.2400,84229600,29.7853
2015-03-11,38.4700,38.6000,38.3600,38.5300,47978700,30.0112
2015-03-12,39.0400,39.0800,38.7100,38.7700,46829700,30.1981
2015-03-13,38.4700,38.4700,38.0700,38.3000,69885200,29.8320
2015-03-16,38.6800,38.8000,38.6000,38.7600,50569900,30.1903
2015-03-17,38.8000,39.2300,38.7600,39.2100,53697700,30.5408
2015-03-18,39.1200,40.3000,39.0400,40.1700,101688200,31.2885
2015-03-19,39.8000,39.8100,39.3700,39.4900,64499900,30.7589
2015-03-20,39.8700,40.1700,39.8400,40.0800,67345300,31.2185
2015-03-23,40.1600,40.2700,40.0000,40.2000,35502700,31.3119
2015-03-24,40.2500,40.3800,40.2000,40.3600,45280300,31.4365
2015-03-25,40.3500,40.3900,39.6900,39.7200,49779900,30.9381
2015-03-26,39.5300,39.5700,39.1900,39.3500,76980100,30.6498
2015-03-27,39.3600,39.5000,39.2800,39.4600,42212000,30.7355
2015-03-30,39.9200,40.3000,39.9000,40.2200,51535700,31.3275
2015-03-31,39.9700,40.1900,39.8500,40.1300,47508800,31.2574
2015-04-01,40.4500,40.6800,40.3600,40.6300,56392700,31.6469
2015-04-02,40.9800,41.3400,40.9000,41.2400,62389200,32.1220
2015-04-06,41.6300,42.0000,41.5900,41.7700,54678400,32.5348
2015-04-07,41.6800,41.8000,41.5500,41.5600,33279500,32.3712
2015-04-08,42.5200,42.5900,42.2000,42.4300,65023100,33.0489
2015-04-09,42.6800,42.8700,42.5300,42.8500,52128800,33.3760
2015-04-10,42.6600,42.8900,42.6300,42.8800,49899000,33.3994
2015-04-13,42.9600,43.1100,42.6100,42.6300,55031100,33.2047
2015-04-14,42.7300,42.9100,42.5400,42.8200,42601100,33.3526
2015-04-15,42.8100,43.1400,42.7300,43.1200,40254700,33.5863
2015-04-16,43.2400,43.7100,43.1700,43.4600,55057700,33.8511
2015-04-17,42.5500,42.7700,42.4500,42.7000,76688000,33.2592
2015-04-20,42.6500,42.7900,42.6200,42.6600,28811300,33.2280
2015-04-21,43.0200,43.1100,42.8900,42.9100,33309100,33.4227
2015-04-22,43.2000,43.4100,43.0900,43.3700,29271900,33.7810
2015-04-23,43.2600,43.7900,43.2400,43.6900,32056500,34.0303
2015-04-24,43.8700,43.9000,43.7800,43.8500,44030100,34.1549
2015-04-27,44.0200,44.1200,43.9300,44.0200,41819300,34.2873
2015-04-28,44.0400,44.1900,43.9000,44.0900,32442100,34.3419
2015-04-29,43.6500,43.7700,43.4200,43.5400,45752900,33.9135
2015-04-30,43.1900,43.2000,42.8700,42.8800,98330200,33.3994
2015-05-01,43.0900,43.2600,42.8700,43.1400,44928900,33.6019
2015-05-04,43.1600,43.4600,43.1400,43.3900,31314300,33.7966
2015-05-05,43.1900,43.2500,42.9100,42.9200,38738700,33.4305
2015-05-06,42.9800,43.0200,42.3100,42.3900,52439700,33.0177
2015-05-07,42.1400,42.3400,42.0600,42.3300,44347000,32.9710
2015-05-08,42.8200,43.0700,42.6900,42.8700,56822800,33.3916
2015-05-11,42.8200,42.8900,42.4200,42.4600,34705400,33.0722
2015-05-12,42.1300,42.4300,42.1000,42.3200,38432500,32.9632
2015-05-13,42.7100,42.7900,42.3700,42.4000,41156700,33.0255
2015-05-14,42.6900,42.8900,42.6300,42.8200,37071400,33.3526
2015-05-15,42.7900,43.1600,42.6900,43.1500,40940700,33.6097
2015-05-18,42.9100,42.9300,42.6900,42.7100,35675300,33.2670
2015-05-19,42.8100,42.8400,42.7000,42.7800,32065300,33.3215
2015-05-20,42.6900,42.8700,42.5400,42.7500,37659200,33.2981
2015-05-21,42.4400,42.6300,42.3800,42.6000,27575700,33.1813
2015-05-22,42.8200,42.8700,42.6500,42.7400,37907000,33.2903
2015-05-26,42.4700,42.4800,41.9300,42.0600,51008600,32.7607
2015-05-27,41.7300,42.1000,41.6600,42.0700,35464700,32.7685
2015-05-28,41.4300,41.5700,41.2800,41.5200,42689100,32.3401
2015-05-29,41.4500,41.4900,41.0700,41.1200,59462200,32.0285
2015-06-01,41.1400,41.1600,40.8700,40.9600,52509700,31.9039
2015-06-02,40.9200,41.3000,40.8600,41.1200,42331700,32.0285
2015-06-03,40.9400,41.0600,40.8100,40.9100,39291400,31.8649
2015-06-04,40.5500,40.6800,40.2700,40.2900,46637300,31.3820
2015-06-05,39.9800,40.3100,39.9100,40.1100,51982800,31.2418
2015-06-08,40.1700,40.2200,40.0600,40.1000,34008200,31.2340
2015-06-09,39.9400,39.9700,39.8100,39.8600,33384100,31.0471
2015-06-10,40.2400,40.4900,40.2200,40.4400,64828100,31.4989
2015-06-11,40.3400,40.3500,40.1300,40.2400,33808000,31.3431
2015-06-12,40.2500,40.2900,40.1200,40.2400,40975900,31.3431
2015-06-15,39.7600,39.8400,39.6700,39.7900,34097000,30.9926
2015-06-16,39.6500,39.8600,39.5700,39.8000,33605900,31.0004
2015-06-17,39.8100,40.2700,39.5800,40.0400,70505900,31.1873
2015-06-18,40.3500,40.5600,40.2800,40.4100,60019000,31.4755
2015-06-19,40.2200,40.3600,40.0600,40.0600,55891700,31.2029
2015-06-22,40.7500,40.7700,40.5900,40.6400,45009800,31.6546
2015-06-23,40.8000,41.0600,40.7900,41.0400,40579100,31.9662
2015-06-24,41.0000,41.0700,40.7500,40.7500,56107100,31.7403
2015-06-25,40.5000,40.5200,40.2800,40.3100,33663800,31.6312
2015-06-26,39.9500,40.1500,39.8900,39.9300,34721500,31.3331
2015-06-29,39.2900,39.4400,39.0300,39.0400,59610800,30.6347
2015-06-30,39.7400,39.7600,39.4800,39.6200,61266600,31.0898
2015-07-01,39.8400,39.8600,39.5000,39.5900,38622300,31.0663
2015-07-02,39.8300,40.0200,39.7500,39.7800,34085800,31.2154
2015-07-06,38.7200,38.9400,38.5200,38.6700,66892500,30.3443
2015-07-07,37.9400,38.1600,37.4100,38.0900,100698500,29.8892
2015-07-08,37.0800,37.2500,36.7200,36.7800,93899000,28.8613
2015-07-09,37.9000,38.0300,37.4800,37.4900,72889000,29.4184
2015-07-10,38.4300,38.5700,38.1900,38.4400,64726600,30.1639
2015-07-13,38.6900,38.7900,38.6000,38.7000,43846200,30.3679
2015-07-14,38.5200,38.8000,38.4800,38.7700,30252200,30.4228
2015-07-15,38.5300,38.5600,38.2900,38.3300,44039400,30.0775
2015-07-16,38.7600,38.8700,38.6500,38.8100,36217600,30.4542
2015-07-17,38.8700,38.8800,38.6900,38.7600,35714800,30.4150
2015-07-20,38.3900,38.5900,38.2200,38.5100,31707000,30.2188
2015-07-21,38.6800,38.7100,38.4900,38.5200,27625400,30.2266
2015-07-22,38.2000,38.2100,37.9300,37.9700,39326800,29.7950
2015-07-23,37.9500,37.9800,37.5700,37.6000,42787700,29.5047
2015-07-24,37.2900,37.3000,36.8700,37.0600,55194200,29.0810
2015-07-27,36.4400,36.5800,36.2700,36.3600,73051800,28.5317
2015-07-28,36.6400,36.7600,36.4000,36.7300,49701300,28.8220
2015-07-29,36.8200,37.2500,36.7100,37.0900,61119900,29.1045
2015-07-30,36.6800,36.7900,36.4900,36.7200,44051400,28.8142
2015-07-31,37.0700,37.2600,36.9700,37.1200,85020500,29.1280
2015-08-03,36.6700,36.7000,36.3600,36.5000,45674700,28.6415
2015-08-04,36.8100,36.9300,36.5200,36.6300,38618400,28.7435
2015-08-05,36.9800,37.0100,36.5700,36.6400,30785300,28.7514
2015-08-06,36.4500,36.4700,36.2200,36.3200,42182300,28.5003
2015-08-07,36.3200,36.4600,36.2200,36.3000,37027200,28.4846
2015-08-10,36.5200,36.9900,36.4800,36.9100,43071900,28.9633
2015-08-11,36.0400,36.1500,35.7800,36.1000,58642500,28.3276
2015-08-12,35.4500,35.5500,35.2500,35.5400,64540000,27.8882
2015-08-13,35.5500,35.7100,35.4200,35.4800,58165600,27.8411
2015-08-14,35.5700,35.6800,35.4900,35.5300,35715200,27.8804
2015-08-17,35.0200,35.1800,34.9500,35.1400,42609500,27.5743
2015-08-18,34.7500,34.8500,34.6400,34.7600,42639500,27.2762
2015-08-19,34.5000,34.6800,34.0500,34.3300,112308600,26.9387
2015-08-20,33.8700,33.9700,33.7000,33.7900,116628600,26.5150
2015-08-21,33.2900,33.4500,32.7100,32.7500,129140200,25.6989
2015-08-24,30.5300,32.2200,30.0000,31.3200,218802300,24.5768
2015-08-25,33.2600,33.2800,31.7200,31.7200,135001800,24.8907
2015-08-26,32.5100,32.9000,31.9100,32.7700,134618500,25.7146
2015-08-27,33.4100,34.2800,33.4000,34.2200,144856300,26.8524
2015-08-28,33.7000,34.0100,33.5900,33.7800,68659200,26.5072
2015-08-31,33.5300,33.9000,33.2400,33.8400,98538600,26.5542
2015-09-01,32.8100,33.0200,32.3600,32.5300,83635900,25.5263
2015-09-02,33.0400,33.0500,32.6300,33.0000,55551000,25.8951
2015-09-03,33.0600,33.5700,33.0100,33.1300,67468200,25.9971
2015-09-04,32.5100,32.6100,31.9500,32.1400,81962800,25.2202
2015-09-08,33.0200,33.2100,32.8600,33.1600,53584300,26.0206
2015-09-09,33.7800,33.8400,32.9900,32.9900,56389200,25.8872
2015-09-10,33.0800,33.5300,33.0000,33.3300,49745400,26.1541
2015-09-11,33.2400,33.5000,33.1700,33.4600,42195900,26.2561
2015-09-14,33.3500,33.4500,33.1500,33.4100,39313800,26.2168
2015-09-15,33.4000,33.8200,33.3600,33.7300,51913600,26.4679
2015-09-16,34.2800,34.6900,34.2300,34.5500,85209600,27.1114
2015-09-17,34.2800,35.3500,34.2600,34.4700,105902400,27.0486
2015-09-18,34.1300,34.3800,33.6900,33.8300,90964900,26.5464
2015-09-21,33.8400,33.9100,33.6400,33.7700,45318300,26.4993
2015-09-22,33.0400,33.1700,32.8800,33.1400,58874100,26.0050
2015-09-23,32.9900,33.0300,32.6000,32.6100,44721000,25.5891
2015-09-24,32.1000,32.6300,31.9400,32.4700,79880800,25.4792
2015-09-25,32.9400,32.9400,32.3500,32.4000,59861600,25.4243
2015-09-28,32.1400,32.1500,31.6100,31.7100,58659500,24.8828
2015-09-29,31.8200,32.0200,31.6400,31.8600,52829500,25.0005
2015-09-30,32.6900,32.8500,32.4800,32.7800,80422200,25.7225
2015-10-01,33.0500,33.1200,32.7100,32.9600,48402600,25.8637
2015-10-02,32.8100,33.8500,32.6900,33.8400,83904700,26.5542
2015-10-05,34.2300,34.5900,34.1700,34.5700,77869000,27.1271
2015-10-06,34.4500,34.5900,34.3200,34.5100,47313400,27.0800
2015-10-07,35.3600,35.6500,35.1600,35.4300,97905900,27.8019
2015-10-08,35.2200,35.8600,35.1800,35.8100,64163600,28.1001
2015-10-09,36.1700,36.2600,35.7700,35.9400,61563400,28.2021
2015-10-12,36.0000,36.0200,35.6300,35.6700,44030200,27.9902
2015-10-13,35.2500,35.5500,35.0600,35.0900,72241600,27.5351
2015-10-14,35.3400,35.5300,35.2400,35.3600,57724900,27.7470
2015-10-15,35.9400,36.2400,35.7300,36.2200,60410800,28.4218
2015-10-16,36.0900,36.2600,35.9000,36.2500,65003800,28.4454
2015-10-19,35.8700,35.9000,35.7000,35.8800,52354600,28.1550
2015-10-20,35.7900,35.9300,35.7100,35.8700,44212500,28.1472
2015-10-21,35.6400,35.6700,35.3300,35.3500,55037000,27.7391
2015-10-22,35.7200,36.1600,35.7200,36.0800,56963300,28.3120
2015-10-23,36.3500,36.4200,36.1500,36.2900,53727000,28.4768
2015-10-26,36.1100,36.1300,35.9200,35.9600,41789200,28.2178
2015-10-27,35.5800,35.7100,35.4700,35.5500,56392800,27.8961
2015-10-28,35.6300,35.8000,34.9400,35.1400,125416000,27.5743
2015-10-29,34.8000,34.9700,34.7400,34.8100,63886000,27.3154
2015-10-30,35.0700,35.0800,34.8500,34.8700,72076000,27.3625
2015-11-02,35.1700,35.5600,35.1500,35.5600,51896500,27.9039
2015-11-03,35.4600,36.1700,35.4500,36.0300,68335400,28.2727
2015-11-04,36.2500,36.2700,35.6300,35.7400,69243600,28.0452
2015-11-05,35.7100,35.9200,35.5700,35.8000,43303000,28.0922
2015-11-06,35.0100,35.3500,34.8200,35.3000,65547200,27.6999
2015-11-09,34.7900,34.9100,34.3400,34.4200,76448600,27.0094
2015-11-10,34.2700,34.3600,34.1200,34.2700,53876200,26.8917
2015-11-11,34.5400,34.5500,34.2800,34.3400,34433100,26.9466
2015-11-12,34.1900,34.4200,33.9800,34.0100,53097900,26.6876
2015-11-13,33.7800,33.8100,33.4400,33.5400,72046800,26.3188
2015-11-16,33.6400,34.2000,33.5800,34.1900,61895300,26.8289
2015-11-17,34.2400,34.3000,34.0300,34.0900,58447500,26.7504
2015-11-18,34.0500,34.5000,34.0200,34.4600,48166100,27.0408
2015-11-19,34.6800,34.8600,34.6200,34.7700,68973900,27.2840
2015-11-20,35.1100,35.3000,35.0100,35.1200,73122400,27.5587
2015-11-23,34.9700,35.0400,34.7600,34.7900,55352100,27.2997
2015-11-24,34.5600,35.0300,34.5300,34.9700,62017500,27.4410
2015-11-25,34.7500,34.7800,34.5700,34.7000,37938300,27.2291
2015-11-27,34.2400,34.2500,33.9000,33.9400,54817200,26.6327
2015-11-30,33.8500,34.0300,33.7700,33.9900,91134900,26.6719
2015-12-01,34.1600,34.3000,34.0900,34.2500,56692100,26.8760
2015-12-02,34.0500,34.1000,33.7000,33.8400,59091000,26.5542
2015-12-03,33.9700,33.9900,33.5200,33.6500,52692500,26.4051
2015-12-04,33.3700,33.9400,33.3700,33.8800,79516400,26.5856
2015-12-07,33.5600,33.5800,33.2300,33.3200,47613100,26.1462
2015-12-08,32.6400,32.9800,32.5600,32.9500,71352200,25.8559
2015-12-09,32.8500,33.1900,32.6000,32.6800,66422800,25.6440
2015-12-10,32.5900,32.7200,32.3900,32.4600,59281000,25.4714
2015-12-11,31.7900,31.8300,31.5000,31.5500,89806000,24.7573
2015-12-14,31.8800,32.0800,31.5900,32.0600,83798000,25.1575
2015-12-15,32.4600,32.6800,32.4500,32.5500,78124300,25.5420
2015-12-16,32.8000,33.3600,32.6600,33.1900,105082200,26.0442
2015-12-17,33.2100,33.2400,32.7600,32.7600,93646700,25.7068
2015-12-18,32.7700,32.8600,32.5800,32.6500,96868900,25.6204
2015-12-21,32.4600,32.4900,32.1700,32.4000,64002400,25.8205
2015-12-22,32.4100,32.6700,32.3700,32.6600,49664600,26.0277
2015-12-23,32.9100,33.1500,32.9000,33.1200,47464000,26.3943
2015-12-24,32.9300,33.0600,32.9100,33.0000,21532700,26.2986
2015-12-28,32.7400,32.7900,32.6300,32.7700,38299200,26.1153
2015-12-29,32.8600,32.9300,32.7600,32.8000,43931500,26.1392
2015-12-30,32.4800,32.5300,32.2700,32.2900,51320000,25.7328
2015-12-31,32.2900,32.4200,32.1800,32.1900,44184700,25.6531
2016-01-04,31.3500,31.3800,31.0500,31.3100,83489100,24.9518
2016-01-05,31.4500,31.5000,31.3000,31.3800,57773900,25.0076
2016-01-06,30.7900,30.9900,30.6600,30.7800,65835100,24.5295
2016-01-07,29.9900,30.4100,29.8100,29.8300,88974700,23.7724
2016-01-08,30.0300,30.1400,29.5000,29.5100,73528000,23.5174
2016-01-11,29.7900,29.8100,29.2300,29.5000,56225500,23.5094
2016-01-12,29.7100,29.8500,29.3500,29.5600,61357500,23.5572
2016-01-13,29.9000,30.0000,29.1800,29.2500,71788700,23.3101
2016-01-14,29.2800,29.7400,29.0600,29.6300,65521200,23.6130
2016-01-15,28.4700,28.6500,28.0800,28.4600,117573900,22.6806
2016-01-19,29.2000,29.2400,28.6600,28.8800,79535100,23.0153
2016-01-20,28.1700,28.4600,27.6100,28.2500,103223500,22.5132
2016-01-21,28.2400,28.7300,28.0300,28.3600,81845900,22.6009
2016-01-22,29.2600,29.3400,29.0600,29.3300,75886600,23.3739
2016-01-25,29.1300,29.2500,28.8100,28.8300,59623300,22.9754
2016-01-26,28.9900,29.3000,28.9400,29.2500,60020100,23.3101
2016-01-27,29.2400,29.5600,28.9500,29.1500,74020200,23.2305
2016-01-28,29.7200,29.7900,29.3600,29.6100,84739900,23.5970
2016-01-29,30.0800,30.6000,30.0500,30.5700,81973800,24.3621
2016-02-01,30.0600,30.3700,29.9800,30.2800,43254600,24.1310
2016-02-02,29.7800,29.8200,29.2200,29.3000,75516000,23.3500
2016-02-03,29.6100,30.1500,29.1200,30.1300,117143200,24.0114
2016-02-04,30.3600,30.7400,30.1700,30.3600,99923300,24.1947
2016-02-05,30.2400,30.3400,29.8900,30.0100,70370700,23.9158
2016-02-08,29.5500,29.7400,29.2500,29.6000,72716800,23.5891
2016-02-09,29.0400,29.5300,28.8900,29.1900,67275700,23.2623
2016-02-10,29.5200,29.8500,29.3000,29.3100,67192400,23.3580
2016-02-11,28.7200,29.0200,28.6000,28.8200,86795500,22.9675
2016-02-12,29.0700,29.3300,28.9300,29.3200,68436000,23.3659
2016-02-16,29.8700,30.0100,29.7400,29.9700,54396200,23.8839
2016-02-17,30.2400,30.6300,30.2100,30.5600,69297600,24.3541
2016-02-18,30.6700,30.6700,30.3100,30.3800,59141200,24.2107
2016-02-19,30.1900,30.3900,30.0800,30.2400,59069000,24.0991
2016-02-22,30.7500,30.9900,30.7000,30.9900,42673400,24.6968
2016-02-23,30.6400,30.6900,30.2900,30.3300,54666100,24.1708
2016-02-24,29.8400,30.3700,29.6700,30.2600,59334200,24.1150
2016-02-25,30.2200,30.4000,30.0000,30.3600,45895100,24.1947
2016-02-26,30.5600,30.5800,30.0300,30.0600,54635600,23.9557
2016-02-29,30.3600,30.6100,30.2900,30.3200,65543100,24.1629
2016-03-01,30.9000,31.4200,30.8900,31.4000,69324500,25.0235
2016-03-02,31.4400,31.8400,31.3700,31.8200,66977500,25.3583
2016-03-03,31.8500,32.1900,31.8100,32.1800,69856900,25.6451
2016-03-04,32.4900,32.9600,32.4100,32.8200,102487700,26.1552
2016-03-07,32.5000,32.9300,32.4700,32.7700,67816600,26.1153
2016-03-08,32.3700,32.4200,32.0900,32.2100,50510100,25.6691
2016-03-09,32.4200,32.5900,32.3100,32.4100,54890300,25.8284
2016-03-10,32.6000,32.6600,31.9900,32.4600,69716400,25.8683
2016-03-11,32.9500,33.2100,32.9100,33.1400,74998500,26.4102
2016-03-14,33.0300,33.1500,32.8500,32.9400,43838500,26.2508
2016-03-15,32.4400,32.4800,32.2900,32.4700,66967800,25.8763
2016-03-16,32.2100,33.2100,32.2000,33.1200,98218500,26.3943
2016-03-17,33.5700,33.9300,33.4000,33.8500,114746800,26.9760
2016-03-18,34.0200,34.1900,33.9900,34.0300,102194600,27.1195
2016-03-21,33.9900,34.1800,33.9400,34.1000,59921400,27.1753
2016-03-22,33.8000,34.1600,33.7900,34.0200,41960900,27.1115
2016-03-23,33.7400,33.7400,33.4000,33.4400,58628500,26.6493
2016-03-24,33.0800,33.3700,33.0000,33.3600,61479100,26.5855
2016-03-28,33.3800,33.4800,33.3200,33.4700,40595500,26.6732
2016-03-29,33.4700,33.9400,33.2000,33.9300,81638800,27.0398
2016-03-30,34.4400,34.5800,34.2700,34.2800,53128600,27.3187
2016-03-31,34.4000,34.5100,34.1500,34.2500,109595100,27.2948
2016-04-01,33.5200,34.2100,33.4200,34.1500,76178800,27.2151
2016-04-04,34.1300,34.1400,33.7100,33.7400,46429000,26.8884
2016-04-05,33.2100,33.3200,33.0200,33.0800,61660900,26.3624
2016-04-06,32.9900,33.4900,32.9000,33.4800,56608700,26.6812
2016-04-07,33.0400,33.1100,32.7300,32.8100,75406000,26.1472
2016-04-08,33.5300,33.5700,33.2500,33.3800,44785200,26.6015
2016-04-11,33.9300,34.0500,33.7600,33.8100,63972000,26.9441
2016-04-12,33.8100,34.4400,33.7800,34.3300,70261600,27.3585
2016-04-13,34.8800,34.9600,34.7300,34.9400,95376400,27.8447
2016-04-14,34.8800,34.9100,34.7200,34.7700,49781400,27.7092
2016-04-15,34.7300,34.7900,34.5700,34.5700,61733700,27.5498
2016-04-18,34.4500,34.9000,34.3800,34.7300,51810600,27.6773
2016-04-19,35.0700,35.3400,35.0300,35.2600,70368800,28.0997
2016-04-20,34.9800,35.2800,34.8500,35.1000,51670100,27.9722
2016-04-21,35.0100,35.0100,34.6800,34.7500,59286600,27.6933
2016-04-22,34.6100,34.8500,34.5100,34.5400,43727100,27.5259
2016-04-25,34.5200,34.5200,34.2700,34.3200,40116100,27.3506
2016-04-26,34.5800,34.7000,34.4800,34.6900,46394300,27.6454
2016-04-27,34.5500,34.9600,34.4500,34.9000,56192100,27.8128
2016-04-28,34.5500,34.8500,34.4600,34.5400,51718900,27.5259
2016-04-29,34.5400,34.5800,34.1100,34.3900,86482700,27.4064
2016-05-02,34.3900,34.4000,34.1400,34.3000,36887000,27.3346
2016-05-03,33.6500,33.7100,33.3200,33.3300,94755400,26.5616
2016-05-04,33.1200,33.1800,32.7700,32.7900,105838400,26.1313
2016-05-05,33.1100,33.1500,32.6800,32.7800,83029500,26.1233
2016-05-06,32.6700,32.9700,32.6500,32.8300,81640000,26.1632
2016-05-09,32.7600,32.7700,32.3200,32.4100,84074300,25.8284
2016-05-10,32.7700,33.0500,32.7600,33.0300,69384400,26.3225
2016-05-11,33.0000,33.1800,32.8700,32.9500,58600300,26.2588
2016-05-12,33.1400,33.2000,32.7400,32.8600,63469800,26.1871
2016-05-13,32.5800,32.7200,32.2100,32.2700,62246800,25.7169
2016-05-16,32.5900,32.7700,32.5800,32.6600,51206600,26.0277
2016-05-17,32.5900,32.7400,32.4200,32.5100,63616400,25.9081
2016-05-18,32.2900,32.6300,32.0100,32.1900,91541300,25.6531
2016-05-19,31.9200,32.0000,31.7000,31.8900,74455000,25.4140
2016-05-20,32.1900,32.3000,32.1500,32.2100,54928300,25.6691
2016-05-23,32.1400,32.3500,32.1200,32.1500,52648200,25.6212
2016-05-24,32.3200,32.5500,32.2900,32.4800,58219200,25.8842
2016-05-25,32.7900,33.0200,32.7700,32.8700,53340200,26.1950
2016-05-26,33.1300,33.1900,32.9100,33.0900,48215100,26.3703
2016-05-27,33.2100,33.2800,32.9900,33.0800,43342900,26.3624
2016-05-31,33.1600,33.3000,33.0300,33.1200,94760100,26.3943
2016-06-01,32.9900,33.1700,32.9100,33.1000,52115100,26.3783
2016-06-02,33.0700,33.4100,33.0200,33.3700,48252500,26.5935
2016-06-03,33.7800,33.9000,33.5200,33.8800,89424800,26.9999
2016-06-06,34.0100,34.3000,33.9800,34.2400,110069500,27.2868
2016-06-07,34.4600,34.5900,34.4300,34.5500,59934000,27.5339
2016-06-08,34.7800,34.8600,34.6600,34.8000,75850100,27.7331
2016-06-09,34.3300,34.4800,34.2800,34.4000,54934300,27.4143
2016-06-10,33.7000,33.8500,33.4500,33.5300,77417500,26.7210
2016-06-13,33.0900,33.3700,33.0200,33.0600,56865500,26.3465
2016-06-14,32.9600,33.1200,32.6800,32.9500,71023800,26.2588
2016-06-15,33.2900,33.5900,33.1800,33.3000,64707000,26.5377
2016-06-16,32.7000,33.2100,32.4900,33.1800,73981900,26.4421
2016-06-17,33.2400,33.2900,33.0200,33.2700,56740400,26.5138
2016-06-20,33.9000,34.0800,33.8300,33.8600,78204200,26.9840
2016-06-21,34.0200,34.2200,33.8300,34.1200,75173100,27.1912
2016-06-22,34.0800,34.1600,33.8800,33.9400,67273500,27.2603
2016-06-23,34.4000,34.7600,34.2500,34.7600,70159900,27.9189
2016-06-24,32.7600,33.4600,32.5700,32.6500,158566000,26.2242
2016-06-27,32.5000,32.5100,31.8900,32.2300,101826000,25.8868
2016-06-28,33.0000,33.2000,32.8800,33.1800,68332900,26.6498
2016-06-29,33.8200,34.0200,33.7600,34.0200,82587300,27.3245
2016-06-30,34.1700,34.4500,34.0100,34.3600,92761700,27.5976
2016-07-01,34.6200,34.7500,34.5400,34.6900,66514800,27.8627
2016-07-05,34.2100,34.2400,33.9000,33.9500,63420200,27.2683
2016-07-06,33.4900,33.8600,33.3300,33.8600,61084500,27.1960
2016-07-07,34.0200,34.1200,33.6700,33.7700,49586800,27.1237
2016-07-08,34.1500,34.5100,34.1100,34.5000,74907900,27.7101
2016-07-11,34.7900,34.9500,34.7700,34.8300,70202000,27.9751
2016-07-12,35.2900,35.4300,35.1900,35.3200,89275200,28.3687
2016-07-13,35.3300,35.3500,35.0300,35.2600,62034300,28.3205
2016-07-14,35.6500,35.8700,35.5700,35.7700,99969200,28.7301
2016-07-15,35.7400,35.7700,35.5500,35.6900,82124300,28.6658
2016-07-18,35.5800,36.0200,35.5800,36.0100,75861700,28.9229
2016-07-19,35.6900,35.7600,35.5200,35.6400,54832700,28.6257
2016-07-20,35.7200,35.9000,35.6200,35.8200,48091500,28.7703
2016-07-21,35.7400,35.8900,35.6100,35.7100,56354300,28.6819
2016-07-22,35.8300,35.9800,35.7200,35.9700,45498600,28.8907
2016-07-25,35.8400,35.8500,35.5800,35.6100,44174100,28.6016
2016-07-26,35.8100,35.9600,35.7600,35.8900,63593800,28.8265
2016-07-27,35.9500,36.1200,35.6500,36.0100,67888600,28.9229
2016-07-28,35.9500,36.0200,35.7900,36.0200,45590000,28.9309
2016-07-29,36.0300,36.2500,35.8700,36.2100,85265700,29.0835
2016-08-01,36.3000,36.3600,36.0900,36.1400,57794000,29.0273
2016-08-02,36.0800,36.1700,35.6200,35.8800,81854600,28.8185
2016-08-03,35.6300,36.0200,35.5500,36.0000,42844900,28.9148
2016-08-04,36.1000,36.3500,36.0200,36.2000,70532500,29.0755
2016-08-05,36.4600,36.6600,36.3600,36.6200,55760000,29.4128
2016-08-08,36.8600,36.9600,36.8200,36.8800,43636800,29.6216
2016-08-09,37.0200,37.2800,37.0100,37.1300,65823600,29.8224
2016-08-10,37.3200,37.3400,37.0300,37.1400,59111700,29.8305
2016-08-11,37.2900,37.6400,37.2400,37.6200,82544300,30.2160
2016-08-12,37.5000,37.6000,37.3300,37.4800,54790400,30.1036
2016-08-15,37.7600,37.9800,37.7500,37.8700,55160100,30.4168
2016-08-16,37.7900,37.7900,37.5700,37.7000,62084000,30.2803
2016-08-17,37.4100,37.5600,37.1000,37.4600,106432500,30.0875
2016-08-18,37.7000,37.8300,37.6000,37.8100,63045700,30.3686
2016-08-19,37.4000,37.6300,37.2400,37.6000,63995700,30.1999
2016-08-22,37.2500,37.2500,36.9900,37.1000,62902100,29.7983
2016-08-23,37.4200,37.5000,36.9200,36.9500,72475000,29.6779
2016-08-24,36.8900,37.1000,36.8200,37.0500,75080700,29.7582
2016-08-25,36.9100,37.1000,36.9100,37.0800,56434300,29.7823
2016-08-26,37.1600,37.5500,36.4700,36.7600,178796200,29.5253
2016-08-29,36.7600,37.0900,36.7400,37.0400,49578800,29.7502
2016-08-30,37.0900,37.2200,36.8800,36.9400,48196900,29.6698
2016-08-31,36.7500,36.7900,36.4200,36.5300,98943200,29.3405
2016-09-01,36.5700,36.8100,36.4800,36.8100,67120400,29.5654
2016-09-02,37.3100,37.4300,37.1500,37.4100,88393000,30.0473
2016-09-06,37.9100,38.2400,37.8300,38.2100,108573800,30.6899
2016-09-07,38.2200,38.2400,38.0100,38.0900,58618800,30.5935
2016-09-08,38.1000,38.2100,37.9000,37.9900,73367300,30.5132
2016-09-09,37.4000,37.4100,36.6900,36.7100,124082600,29.4851
2016-09-12,36.2100,37.1000,36.1400,36.9600,119811600,29.6859
2016-09-13,36.4100,36.5500,35.8500,36.0300,160782500,28.9389
2016-09-14,36.1500,36.5400,36.1200,36.1400,90163100,29.0273
2016-09-15,36.4000,36.8500,36.2400,36.7600,87331100,29.5253
2016-09-16,36.4600,36.5600,36.1700,36.5100,92612000,29.3245
2016-09-19,36.9700,37.1000,36.7400,36.8000,55874700,29.5574
2016-09-20,37.0900,37.0900,36.8100,36.8200,48531200,29.5735
2016-09-21,37.1800,37.9000,37.0700,37.8500,123874800,30.4007
2016-09-22,38.1800,38.3200,37.9800,38.1200,73865400,30.6176
2016-09-23,37.8100,37.9100,37.6100,37.6300,56201900,30.2240
2016-09-26,37.2900,37.3800,37.0800,37.0800,47253900,29.7823
2016-09-27,37.3500,37.6100,37.1900,37.6100,60877300,30.2080
2016-09-28,37.6700,37.9800,37.3300,37.9500,82411300,30.4811
2016-09-29,37.7500,37.8500,37.1800,37.2900,74659100,29.9510
2016-09-30,37.4600,37.5900,37.2800,37.4500,85539100,30.0795
2016-10-03,37.5300,37.7800,37.3800,37.7100,77690300,30.2883
2016-10-04,37.7300,37.8200,37.1700,37.2900,95339800,29.9510
2016-10-05,37.6700,37.8800,37.5500,37.8300,61950100,30.3847
2016-10-06,37.6300,37.8900,37.5400,37.8600,45429700,30.4088
2016-10-07,37.9100,37.9600,37.4000,37.6900,77792800,30.2722
2016-10-10,37.9400,38.1900,37.8800,38.1000,56113700,30.6015
2016-10-11,37.4400,37.4600,37.0300,37.2200,79646900,29.8947
2016-10-12,37.1000,37.2800,36.9800,37.1500,48482900,29.8385
2016-10-13,36.5800,36.9600,36.3800,36.8200,67497300,29.5735
2016-10-14,37.1300,37.2100,36.8100,36.8800,54235800,29.6216
2016-10-17,36.8300,36.9800,36.8000,36.8400,37742300,29.5895
2016-10-18,37.4700,37.5600,37.3400,37.4900,50174900,30.1116
2016-10-19,37.6700,37.8000,37.5300,37.7200,49171200,30.2963
2016-10-20,37.5900,37.7700,37.4700,37.6100,55283900,30.2080
2016-10-21,37.3900,37.6300,37.3400,37.6000,33058500,30.1999
2016-10-24,37.9000,37.9300,37.6600,37.7600,28142200,30.3284
2016-10-25,37.7300,37.8700,37.6700,37.8000,32233900,30.3606
2016-10-26,37.3800,37.5800,37.2800,37.4000,50715500,30.0393
2016-10-27,37.4300,37.4300,37.0500,37.0800,47287000,29.7823
2016-10-28,37.1200,37.2800,36.7500,36.9300,69558100,29.6618
2016-10-31,37.1000,37.2700,37.0500,37.1400,60365100,29.8305
2016-11-01,37.2800,37.2900,36.5500,36.8400,90113200,29.5895
2016-11-02,36.7000,36.8000,36.2300,36.4000,82319300,29.2361
2016-11-03,36.4400,36.5500,36.1700,36.3000,67403000,29.1558
2016-11-04,36.0100,36.1800,35.8800,35.9300,78558900,28.8586
2016-11-07,36.8100,37.2700,36.7500,37.2300,85341300,29.9028
2016-11-08,37.2300,37.6700,36.9700,37.4700,83963300,30.0955
2016-11-09,36.3400,36.6900,36.0900,36.2500,193443900,29.1156
2016-11-10,35.9200,36.0500,35.0400,35.2200,206490900,28.2883
2016-11-11,34.5500,34.8400,34.1200,34.5500,182114700,27.7502
2016-11-14,34.3200,34.5000,34.0300,34.3000,107881600,27.5494
2016-11-15,34.5700,35.0500,34.5500,34.9900,89937000,28.1036
2016-11-16,34.5800,34.7900,34.5200,34.7000,65387900,27.8707
2016-11-17,34.8200,35.0200,34.6900,34.7500,80829200,27.9108
2016-11-18,34.8200,34.8900,34.5700,34.5900,51490500,27.7823
2016-11-21,34.9000,35.0300,34.8300,34.9300,45251800,28.0554
2016-11-22,35.4400,35.4800,35.2000,35.4600,61503100,28.4811
2016-11-23,34.9600,35.1300,34.8800,35.0800,43495600,28.1759
2016-11-25,35.2800,35.3100,35.2000,35.2500,28572700,28.3124
2016-11-28,35.3900,35.5300,35.3500,35.3900,50953000,28.4249
2016-11-29,35.2800,35.5500,35.2400,35.4400,36457700,28.4650
2016-11-30,35.6000,35.6500,35.4800,35.5000,86930300,28.5132
2016-12-01,35.4000,35.4800,35.0700,35.0800,80947500,28.1759
2016-12-02,35.0800,35.2900,35.0600,35.1200,58727500,28.2080
2016-12-05,35.2900,35.4400,35.2700,35.4100,53275100,28.4410
2016-12-06,35.5200,35.6100,35.4300,35.6000,48356900,28.5936
2016-12-07,35.8200,36.2400,35.7600,36.2000,61773300,29.0755
2016-12-08,36.1000,36.4100,36.0800,36.3600,60291800,29.2040
2016-12-09,36.1400,36.2800,36.0700,36.1700,60173400,29.0514
2016-12-12,35.9700,36.1000,35.8300,35.9300,40766300,28.8586
2016-12-13,36.1400,36.4100,36.1300,36.3300,48943200,29.1799
2016-12-14,36.0400,36.1700,35.2400,35.2500,95190000,28.3124
2016-12-15,35.2700,35.4500,35.1700,35.3100,68897000,28.3606
2016-12-16,35.2300,35.3400,35.0500,35.1500,75471100,28.2321
2016-12-19,35.1700,35.1800,34.9100,34.9100,45241700,28.0394
2016-12-20,35.0100,35.1000,34.9400,35.0300,39157800,28.1357
2016-12-21,34.6900,34.7000,34.4600,34.4900,52040600,28.0188
2016-12-22,34.1200,34.1400,33.9400,34.0800,48802800,27.6857
2016-12-23,34.1100,34.2800,34.0800,34.2800,32062900,27.8482
2016-12-27,34.3600,34.4700,34.3500,34.4300,25959900,27.9700
2016-12-28,34.7200,34.7600,34.6000,34.6900,33745600,28.1812
2016-12-29,35.0400,35.3000,35.0200,35.2600,48465500,28.6443
2016-12-30,35.2500,35.2700,34.9100,35.0100,60515600,28.4412
2017-01-03,35.3900,35.6500,35.3000,35.4300,64483700,28.7824
2017-01-04,35.6300,35.7700,35.6100,35.7000,83072600,29.0017
2017-01-05,35.9600,36.1500,35.9400,36.0900,60303200,29.3186
2017-01-06,35.9700,36.0000,35.8400,35.9400,33132200,29.1967
2017-01-09,35.9200,36.0000,35.8700,35.9100,33950800,29.1723
2017-01-10,36.1300,36.3200,36.1000,36.1200,46621700,29.3429
2017-01-11,36.1900,36.5800,36.0500,36.5500,92509300,29.6922
2017-01-12,36.7000,36.7100,36.5200,36.7100,38318100,29.8222
2017-01-13,36.5700,36.7100,36.5300,36.6800,35242000,29.7979
2017-01-17,36.6000,36.7200,36.5500,36.6600,38367000,29.7816
2017-01-18,36.6800,36.6900,36.3900,36.4600,37054200,29.6191
2017-01-19,36.4700,36.4800,36.2000,36.3500,52877000,29.5298
2017-01-20,36.3900,36.4700,36.2200,36.4200,59295600,29.5866
2017-01-23,36.6700,36.9700,36.6500,36.9600,51401800,30.0253
2017-01-24,37.1200,37.3300,37.1000,37.1900,45519900,30.2122
2017-01-25,37.4500,37.6200,37.3600,37.6000,42660800,30.5452
2017-01-26,37.5900,37.6000,37.4100,37.4400,43300100,30.4153
2017-01-27,37.4400,37.5200,37.3200,37.4700,30457500,30.4396
2017-01-30,37.2000,37.2800,37.1100,37.2700,34712000,30.2772
2017-01-31,37.3100,37.4100,37.2000,37.3400,67258600,30.3340
2017-02-01,37.4900,37.5600,37.2600,37.3600,54321500,30.3503
2017-02-02,37.4800,37.5600,37.4200,37.5200,26814000,30.4803
2017-02-03,37.6800,37.8200,37.6000,37.7500,34305200,30.6671
2017-02-06,37.7100,37.7500,37.6300,37.6600,30250100,30.5940
2017-02-07,37.5800,37.6200,37.4300,37.4700,31693700,30.4396
2017-02-08,37.4900,37.7400,37.4800,37.7000,37862900,30.6265
2017-02-09,37.7000,37.9400,37.7000,37.8700,38286700,30.7646
2017-02-10,37.9600,38.2200,37.9400,38.2200,38798700,31.0489
2017-02-13,38.2200,38.3800,38.2100,38.3400,34007000,31.1464
2017-02-14,38.3400,38.3800,38.0300,38.3800,55327300,31.1789
2017-02-15,38.3900,38.7100,38.3500,38.6900,49527300,31.4307
2017-02-16,38.7300,38.7300,38.5200,38.5500,42986800,31.3170
2017-02-17,38.2500,38.4000,38.2200,38.3900,54880700,31.1870
2017-02-21,38.6300,38.8200,38.5900,38.8100,42603700,31.5282
2017-02-22,38.7500,38.9300,38.7300,38.9300,39083500,31.6257
2017-02-23,39.1300,39.1500,38.8800,38.9400,46763100,31.6338
2017-02-24,38.4700,38.5600,38.4200,38.4800,44575100,31.2601
2017-02-27,38.3700,38.4800,38.2700,38.3600,53625500,31.1627
2017-02-28,38.3200,38.3300,37.9800,37.9900,71508900,30.8621
2017-03-01,38.3000,38.6000,38.2800,38.5800,93966300,31.3414
2017-03-02,38.2000,38.2700,37.8900,37.9000,63518000,30.7889
2017-03-03,38.0800,38.2300,37.9600,38.1900,54969900,31.0245
2017-03-06,38.2500,38.2600,38.0900,38.2100,30455800,31.0408
2017-03-07,38.3300,38.3500,38.1800,38.2500,43470400,31.0733
2017-03-08,38.1600,38.2200,37.8600,37.8900,60587000,30.7808
2017-03-09,37.7000,37.7600,37.3900,37.5900,64159100,30.5371
2017-03-10,37.8900,38.0100,37.8000,38.0100,45184900,30.8783
2017-03-13,38.4100,38.5700,38.3700,38.5400,42405900,31.3089
2017-03-14,38.4200,38.4700,38.2900,38.3200,56600300,31.1302
2017-03-15,38.5200,39.3900,38.4100,39.3200,124080900,31.9425
2017-03-16,39.6000,39.6500,39.4400,39.5600,137911800,32.1375
2017-03-17,39.6000,39.6200,39.4600,39.4900,68267900,32.0806
2017-03-20,39.7400,40.0600,39.6800,39.9500,70310000,32.4543
2017-03-21,40.1500,40.2300,39.4800,39.5100,71712900,32.0969
2017-03-22,39.4800,39.7900,39.3800,39.7000,70134100,32.2512
2017-03-23,39.5600,39.8500,39.5500,39.7100,53877500,32.2593
2017-03-24,39.6800,39.8800,39.6700,39.8100,68871400,32.3406
2017-03-27,39.5500,39.7700,39.4300,39.7000,52896700,32.2512
2017-03-28,39.6700,39.9300,39.6700,39.8100,51799000,32.3406
2017-03-29,39.7200,39.9100,39.6400,39.8800,36857000,32.3975
2017-03-30,39.7200,39.8400,39.6400,39.6700,33282500,32.2269
2017-03-31,39.4200,39.4800,39.3100,39.3900,94971500,31.9994
2017-04-03,39.5100,39.6500,39.3700,39.6100,60048300,32.1781
2017-04-04,39.5300,39.6900,39.4600,39.6300,44136500,32.1944
2017-04-05,39.8000,39.9000,39.4900,39.5100,44099200,32.0969
2017-04-06,39.4700,39.5400,39.3200,39.4400,35544800,32.0400
2017-04-07,39.3600,39.5500,39.3300,39.3700,40355800,31.9831
2017-04-10,39.2200,39.2600,39.0900,39.2100,33853800,31.8532
2017-04-11,39.2000,39.2500,38.8900,39.1200,46002800,31.7800
2017-04-12,39.2900,39.3200,39.0700,39.3100,55149100,31.9344
2017-04-13,39.4000,39.5000,39.1300,39.1400,48182500,31.7963
2017-04-17,39.3200,39.5500,39.2600,39.5500,29862300,32.1294
2017-04-18,39.1000,39.2400,38.9600,39.0500,50889200,31.7232
2017-04-19,39.1500,39.1600,38.7100,38.8100,58751100,31.5282
2017-04-20,39.2300,39.3000,39.1100,39.2900,46722900,31.9182
2017-04-21,39.3000,39.3500,39.2200,39.2900,32949500,31.9182
2017-04-24,39.8700,39.9300,39.7500,39.8500,63549800,32.3731
2017-04-25,40.1400,40.3100,40.1000,40.2000,50957400,32.6574
2017-04-26,40.1300,40.2500,40.0000,40.0500,56452000,32.5356
2017-04-27,40.1300,40.1400,39.8800,40.0000,42298100,32.4949
2017-04-28,40.0400,40.1300,39.9300,40.0600,56635400,32.5437
2017-05-01,40.2400,40.4000,40.1500,40.2900,41171000,32.7305
2017-05-02,40.4600,40.6300,40.4100,40.5800,55325500,32.9661
2017-05-03,40.4100,40.4500,40.2000,40.3100,58336100,32.7468
2017-05-04,40.0900,40.1100,39.8300,39.8600,81078300,32.3812
2017-05-05,39.8000,40.1900,39.7900,40.1900,52581000,32.6493
2017-05-08,40.3000,40.4000,40.1500,40.1800,35951500,32.6412
2017-05-09,40.4900,40.8100,40.4600,40.6900,70127300,33.0555
2017-05-10,40.8100,40.9600,40.7600,40.9600,47629100,33.2748
2017-05-11,41.0100,41.1200,40.8100,41.0500,37366100,33.3479
2017-05-12,41.1100,41.2600,41.1000,41.2200,65418200,33.4860
2017-05-15,41.4300,41.6600,41.4000,41.6400,52561000,33.8272
2017-05-16,41.6100,41.7000,41.5300,41.6800,41936300,33.8597
2017-05-17,41.3200,41.3700,40.9500,40.9700,63287300,33.2829
2017-05-18,39.9800,40.6500,39.8200,40.2900,121234700,32.7305
2017-05-19,40.8800,41.2300,40.8700,41.1500,63742000,33.4292
2017-05-22,41.1900,41.3200,41.1500,41.1900,46357500,33.4617
2017-05-23,41.2200,41.2800,41.1200,41.2300,39495600,33.4942
2017-05-24,41.2400,41.4600,41.2000,41.3900,48549600,33.6241
2017-05-25,41.6100,41.7300,41.5100,41.5900,39606900,33.7866
2017-05-26,41.6700,41.7600,41.6300,41.7400,31372700,33.9085
2017-05-30,41.5100,41.5800,41.4400,41.5200,35122800,33.7297
2017-05-31,41.5200,41.5200,41.1300,41.2000,80159500,33.4698
2017-06-01,41.3100,41.5600,41.2100,41.5500,46802100,33.7541
2017-06-02,41.7000,41.7900,41.6000,41.7600,43699200,33.9247
2017-06-05,41.7500,41.8500,41.6700,41.7100,39245500,33.8841
2017-06-06,41.6600,41.8200,41.6400,41.7300,34184900,33.9003
2017-06-07,41.6000,41.7600,41.4500,41.6800,34745400,33.8597
2017-06-08,41.9600,41.9800,41.7700,41.9300,48941400,34.0628
2017-06-09,41.9600,42.0400,41.3800,41.6100,73660800,33.8029
2017-06-12,41.3700,41.4100,41.1900,41.3900,52374200,33.6241
2017-06-13,41.6100,41.6400,41.4500,41.5900,38327800,33.7866
2017-06-14,41.9000,41.9200,41.4400,41.5800,70500400,33.7785
2017-06-15,41.0800,41.1700,40.9000,41.1500,87660700,33.4292
2017-06-16,41.2400,41.2900,41.0400,41.2200,53875900,33.4860
2017-06-19,41.4700,41.7000,41.4400,41.6300,68181200,33.8191
2017-06-20,41.3200,41.3300,40.9500,40.9800,71372000,33.4453
2017-06-21,41.1700,41.2700,41.0000,41.0700,54840400,33.5188
2017-06-22,41.2900,41.4500,41.1900,41.2800,50400700,33.6902
2017-06-23,41.3500,41.5800,41.3200,41.5000,46141200,33.8697
2017-06-26,41.8900,42.0100,41.7600,41.9000,44381000,34.1962
2017-06-27,41.9000,41.9000,41.4000,41.4100,54898400,33.7962
2017-06-28,41.5300,41.7700,41.4300,41.7300,33600800,34.0574
2017-06-29,41.5300,41.5400,40.9200,41.2000,66218700,33.6249
2017-06-30,41.4500,41.5700,41.3600,41.3900,76054300,33.7799
2017-07-03,41.6200,41.7600,41.5400,41.6300,38427000,33.9758
2017-07-05,41.3900,41.5700,41.1900,41.5500,49491000,33.9105
2017-07-06,41.2500,41.3300,40.9900,41.0500,48464800,33.5024
2017-07-07,41.1600,41.2300,40.9500,41.1300,69254100,33.5677
2017-07-10,41.2700,41.5500,41.2500,41.5200,38230800,33.8860
2017-07-11,41.7400,41.9100,41.6200,41.8600,41916900,34.1635
2017-07-12,42.4500,42.7600,42.4200,42.6700,80106600,34.8246
2017-07-13,42.7400,42.9000,42.7000,42.8800,38698800,34.9960
2017-07-14,43.1700,43.4500,43.1500,43.4200,51171300,35.4367
2017-07-17,43.2500,43.2800,43.1300,43.2200,44288000,35.2735
2017-07-18,43.1400,43.3900,43.0800,43.3500,49195500,35.3796
2017-07-19,43.3500,43.8000,43.3500,43.7100,37949700,35.6734
2017-07-20,43.7500,43.7600,43.5600,43.6600,35990000,35.6326
2017-07-21,43.6700,43.6800,43.5100,43.6300,34217900,35.6081
2017-07-24,43.8200,43.8200,43.6300,43.7600,37613800,35.7142
2017-07-25,43.8100,43.8700,43.6400,43.6500,37103900,35.6244
2017-07-26,43.7200,44.0600,43.6600,44.0100,49001700,35.9182
2017-07-27,44.1500,44.1600,43.4600,43.7700,61916500,35.7223
2017-07-28,43.6100,43.7600,43.5000,43.7500,46072600,35.7060
2017-07-31,43.8400,43.8400,43.6800,43.8000,60833500,35.7468
2017-08-01,44.0000,44.0300,43.8800,43.9300,37138400,35.8529
2017-08-02,44.0100,44.0500,43.7400,43.9700,29234800,35.8856
2017-08-03,43.7600,43.7900,43.5700,43.7900,45351400,35.7387
2017-08-04,43.8900,43.9800,43.6900,43.9500,48442700,35.8692
2017-08-07,44.1100,44.2800,44.0800,44.2500,23791100,36.1141
2017-08-08,44.3700,44.5800,44.2000,44.2600,33793700,36.1222
2017-08-09,43.7500,43.8900,43.6300,43.8600,29007400,35.7958
2017-08-10,43.4900,43.5000,42.8000,42.8200,104326500,34.9470
2017-08-11,42.8700,43.1000,42.7200,42.9200,52964600,35.0286
2017-08-14,43.3900,43.5700,43.3100,43.3600,37340400,35.3877
2017-08-15,43.3300,43.4400,43.2400,43.4100,29467800,35.4285
2017-08-16,43.7700,43.8900,43.7100,43.8600,43356300,35.7958
2017-08-17,43.7600,43.8300,43.2400,43.3000,65838600,35.3388
2017-08-18,43.4700,43.8500,43.2900,43.6700,67014400,35.6407
2017-08-21,43.7700,43.9200,43.6700,43.8300,27756400,35.7713
2017-08-22,44.1400,44.3800,44.1000,44.3200,30935800,36.1712
2017-08-23,44.2400,44.5700,44.2100,44.5300,48383900,36.3426
2017-08-24,44.7300,44.7700,44.5300,44.6700,52141700,36.4569
2017-08-25,44.9200,45.0700,44.8400,44.9300,55530900,36.6691
2017-08-28,44.9100,44.9100,44.6800,44.7700,37424900,36.5385
2017-08-29,44.7700,44.7700,44.2600,44.6900,45507800,36.4732
2017-08-30,44.6300,44.7900,44.6000,44.7600,46687600,36.5303
2017-08-31,44.7700,44.9300,44.7200,44.8300,62118300,36.5874
2017-09-01,45.0100,45.1800,44.9500,45.1600,55195500,36.8568
2017-09-05,44.8100,44.9000,44.3400,44.5700,49130500,36.3753
2017-09-06,44.7400,44.9100,44.6700,44.8600,44733800,36.6119
2017-09-07,45.0800,45.1900,45.0200,45.1900,39114300,36.8813
2017-09-08,45.1200,45.1300,44.8100,44.8900,41973600,36.6364
2017-09-11,45.2600,45.5200,45.2500,45.4900,45287800,37.1261
2017-09-12,45.4900,45.5300,45.3700,45.4400,49495000,37.0853
2017-09-13,45.2600,45.3300,45.1000,45.2000,54758700,36.8894
2017-09-14,45.0900,45.3400,45.0500,45.3200,36057900,36.9874
2017-09-15,45.4000,45.6500,45.3100,45.5900,47816300,37.2077
2017-09-18,45.8800,45.9600,45.6900,45.7500,37633400,37.3383
2017-09-19,45.7800,45.8600,45.6400,45.8500,63741000,37.4199
2017-09-20,45.8700,45.9400,45.2100,45.6400,78810000,37.2485
2017-09-21,45.6400,45.7900,45.5400,45.6400,32668200,37.2485
2017-09-22,45.3900,45.4700,45.3100,45.3800,39264300,37.0363
2017-09-25,45.0000,45.0000,44.4400,44.6100,85660600,36.4079
2017-09-26,44.7000,44.7600,44.4200,44.4900,62892900,36.3100
2017-09-27,44.3600,44.4500,44.0900,44.3300,80084700,36.1794
2017-09-28,44.1000,44.3600,44.0900,44.3000,54957600,36.1549
2017-09-29,44.6400,44.9200,44.5500,44.8100,70546800,36.5711
2017-10-02,44.8100,45.0300,44.7900,44.8200,68124300,36.5793
2017-10-03,45.1800,45.5400,45.1300,45.5300,54087400,37.1587
2017-10-04,45.5100,45.6300,45.4600,45.5200,45574100,37.1506
2017-10-05,45.7100,45.9900,45.7000,45.8600,38759200,37.4281
2017-10-06,45.4400,45.6600,45.3100,45.6300,44870200,37.2404
2017-10-09,45.5100,45.6000,45.4300,45.6000,25022400,37.2159
2017-10-10,45.9500,46.0800,45.8900,46.0500,45691800,37.5831
2017-10-11,46.0400,46.2800,46.0300,46.2600,48802900,37.7545
2017-10-12,46.2800,46.3700,46.2000,46.2400,35546600,37.7382
2017-10-13,46.6600,46.7500,46.6000,46.6600,61902200,38.0810
2017-10-16,46.7800,46.8200,46.6200,46.6300,34089400,38.0565
2017-10-17,46.5100,46.5300,46.3000,46.3900,38828200,37.8606
2017-10-18,46.5500,46.6500,46.4100,46.5000,36187200,37.9504
2017-10-19,46.0200,46.1200,45.8900,46.0900,51487000,37.6158
2017-10-20,46.3200,46.3500,46.1800,46.2600,46370200,37.7545
2017-10-23,46.1800,46.1900,45.8800,45.8900,47564000,37.4526
2017-10-24,45.9800,46.1400,45.8800,45.8900,40213400,37.4526
2017-10-25,46.0700,46.1300,45.4300,45.7900,57309600,37.3709
2017-10-26,45.8200,45.9100,45.4700,45.4800,55320500,37.1179
2017-10-27,45.7200,46.1900,45.5800,46.1400,55225600,37.6566
2017-10-30,45.9900,46.1100,45.7900,45.8500,35732500,37.4199
2017-10-31,46.1300,46.2800,46.0600,46.2800,63902300,37.7708
2017-11-01,46.7000,46.8500,46.4900,46.5200,51926300,37.9667
2017-11-02,46.5900,46.6300,46.3600,46.5800,38024500,38.0157
2017-11-03,46.5400,46.5600,46.0900,46.3400,42909900,37.8198
2017-11-06,46.5600,46.8700,46.5400,46.8600,30828500,38.2442
2017-11-07,46.8100,46.8700,46.4900,46.5600,46904400,37.9994
2017-11-08,46.7000,46.8100,46.6200,46.7800,35006300,38.1789
2017-11-09,46.4600,46.5900,46.1400,46.4900,39894900,37.9422
2017-11-10,46.4300,46.4600,46.1900,46.2900,32484400,37.7790
2017-11-13,46.1300,46.2900,46.0200,46.1900,52239700,37.6974
2017-11-14,46.1100,46.1600,45.8200,45.8800,56682300,37.4444
2017-11-15,45.6500,45.7700,45.4500,45.6400,49000900,37.2485
2017-11-16,46.3100,46.7300,46.3000,46.5900,46316400,38.0238
2017-11-17,46.7300,47.0200,46.7000,46.8200,46258900,38.2116
2017-11-20,46.7700,47.1000,46.7500,47.0600,45493800,38.4074
2017-11-21,47.6300,47.8800,47.6100,47.6900,63587700,38.9216
2017-11-22,47.8400,47.9300,47.6500,47.8100,60764000,39.0195
2017-11-24,47.6600,47.7400,47.6100,47.7100,25838000,38.9379
2017-11-27,47.3100,47.3300,46.9900,47.0100,47853200,38.3666
2017-11-28,47.3900,47.5200,47.1800,47.3600,54357600,38.6523
2017-11-29,47.1700,47.1700,46.5000,46.6100,66269800,38.0402
2017-11-30,46.4700,46.4800,46.0700,46.1000,118059300,37.6239
2017-12-01,45.9800,46.0700,45.6200,45.8400,88358900,37.4117
2017-12-04,46.3500,46.4300,45.8900,45.9300,67381600,37.4852
2017-12-05,45.9600,46.2100,45.8600,45.9000,32126400,37.4607
2017-12-06,45.1200,45.3800,45.0600,45.2800,81862800,36.9547
2017-12-07,45.4000,45.5300,45.0500,45.4100,70820800,37.0608
2017-12-08,45.9200,46.0000,45.7400,45.9400,42794900,37.4934
2017-12-11,46.1900,46.2600,46.1000,46.1700,46795900,37.6811
2017-12-12,45.7400,45.9600,45.6600,45.8600,47157800,37.4281
2017-12-13,46.1500,46.5600,46.1400,46.4100,75946200,37.8769
2017-12-14,46.2600,46.3800,46.0700,46.0700,50968200,37.5994
2017-12-15,46.1600,46.2600,45.9300,46.1700,67881200,37.6811
2017-12-18,46.5700,46.8500,46.5300,46.6900,61186100,38.1055
2017-12-19,46.0700,46.0700,45.6800,45.7500,51306800,37.9041
2017-12-20,45.9600,46.0200,45.8000,45.8100,42832800,37.9538
2017-12-21,46.0000,46.2700,45.9700,46.1100,40602200,38.2024
2017-12-22,46.2900,46.5100,46.2300,46.5000,40032700,38.5255
2017-12-26,46.4200,46.4700,46.2600,46.4600,29614100,38.4924
2017-12-27,46.5200,46.6400,46.4500,46.5800,35373200,38.5918
2017-12-28,47.0100,47.0500,46.7900,46.9000,34284300,38.8569
2017-12-29,47.2800,47.3200,47.0600,47.1200,46485100,39.0392
2018-01-02,47.7800,48.0700,47.7300,48.0100,68969400,39.7766
2018-01-03,48.2900,48.5400,48.2800,48.4700,56228700,40.1577
2018-01-04,48.5900,48.7800,48.5700,48.7100,52154900,40.3565
2018-01-05,48.8200,49.1400,48.7700,49.1300,50026900,40.7045
2018-01-08,49.0600,49.2200,49.0200,49.1300,36998200,40.7045
2018-01-09,49.1200,49.1300,48.8300,49.0500,42131600,40.6382
2018-01-10,48.6800,48.8400,48.5300,48.7400,72183900,40.3814
2018-01-11,48.6700,49.0500,48.6600,49.0400,38720900,40.6299
2018-01-12,49.1400,49.5400,49.0100,49.5100,69358300,41.0193
2018-01-16,49.7000,49.8500,49.2300,49.3200,80418000,40.8619
2018-01-17,49.7000,50.0900,49.6300,49.9700,65863500,41.4004
2018-01-18,49.9600,50.1000,49.8900,50.0300,33947000,41.4501
2018-01-19,50.2800,50.4400,50.1300,50.4400,60503700,41.7898
2018-01-22,50.4100,50.7400,50.3000,50.7300,49191200,42.0301
2018-01-23,50.7300,50.9900,50.6500,50.9700,61277300,42.2289
2018-01-24,51.3000,51.5200,51.0400,51.4000,63963100,42.5852
2018-01-25,51.4500,51.8300,51.2100,51.3700,61533700,42.5603
2018-01-26,51.7300,52.0800,51.6100,52.0800,80566200,43.1486
2018-01-29,51.4500,51.5100,51.2200,51.2900,58884200,42.4941
2018-01-30,50.7400,50.8000,50.3800,50.5900,87601400,41.9141
2018-01-31,51.2800,51.3400,50.6400,51.0300,96654200,42.2786
2018-02-01,50.5700,50.8500,50.3000,50.3400,72143800,41.7070
2018-02-02,49.8200,49.8500,49.0100,49.0500,116832800,40.6382
2018-02-05,48.9800,49.4800,47.3300,47.3300,151202100,39.2132
2018-02-06,47.3200,49.2800,47.1800,48.8700,183650300,40.4891
2018-02-07,48.0000,48.5200,47.3000,47.3300,156301200,39.2132
2018-02-08,47.6300,47.6700,45.6300,45.6900,163250200,37.8544
2018-02-09,46.3100,46.7800,45.0400,46.4200,153419800,38.4592
2018-02-12,47.0800,47.4900,46.6600,47.1500,104447700,39.0640
2018-02-13,47.2200,47.6500,47.1700,47.5100,55739700,39.3623
2018-02-14,47.4100,48.8200,47.3900,48.7000,96491500,40.3482
2018-02-15,49.5600,49.8600,48.9900,49.7000,95168100,41.1767
2018-02-16,49.3400,49.9900,49.3300,49.5400,70876400,41.0442
2018-02-20,48.6600,49.0300,48.5900,48.8600,78660300,40.4808
2018-02-21,49.3000,49.8600,48.7800,48.8200,66591900,40.4476
2018-02-22,48.9700,49.3500,48.8100,48.8500,62436300,40.4725
2018-02-23,49.4500,49.7400,49.2400,49.7200,43623300,41.1933
2018-02-26,49.8500,50.1800,49.5700,50.1800,51742600,41.5744
2018-02-27,49.5300,49.5900,48.7200,48.7200,94671000,40.3648
2018-02-28,48.8300,48.8900,48.0200,48.0200,102169900,39.7848
2018-03-01,48.3700,48.7500,47.5000,47.9300,112694400,39.7103
2018-03-02,47.3500,48.2300,47.1100,48.1300,72756200,39.8760
2018-03-05,47.6100,48.2900,47.5500,48.2000,55905400,39.9340
2018-03-06,49.0100,49.0300,48.5200,48.6500,57199200,40.3068
2018-03-07,48.3400,48.7300,48.1200,48.7000,46554800,40.3482
2018-03-08,48.7900,48.8400,48.4800,48.7100,46733900,40.3565
2018-03-09,49.1100,49.7700,49.0700,49.7500,58818700,41.2182
2018-03-12,49.8100,49.9700,49.6100,49.8700,52944500,41.3176
2018-03-13,50.1000,50.1800,49.2400,49.4200,60376000,40.9448
2018-03-14,49.7900,49.8600,49.2300,49.5000,51067200,41.0110
2018-03-15,49.6600,49.7300,49.1400,49.3200,65778900,40.8619
2018-03-16,49.1400,49.3500,49.1200,49.2100,66155800,40.7708
2018-03-19,48.8900,49.0000,48.3900,48.6800,65394200,40.3317
2018-03-20,49.0900,49.3400,48.9800,49.2200,60101700,40.7790
2018-03-21,49.1600,49.7000,49.0100,49.5100,78575100,41.0193
2018-03-22,48.3700,48.6100,47.7800,47.8600,87622700,39.6523
2018-03-23,47.9400,48.0200,46.8700,46.8900,82908800,38.8486
2018-03-26,48.1000,48.4700,47.5500,48.4100,73320800,40.1080
2018-03-27,48.4500,48.5200,47.4200,47.5300,84232100,39.3789
2018-03-28,47.3800,47.5500,46.9700,47.2900,78140800,39.1800
2018-03-29,47.6300,48.4500,47.5700,48.2800,82685500,40.0003
2018-04-02,47.9500,48.1700,46.9600,47.4100,72405700,39.2795
2018-04-03,47.8400,47.9400,47.4600,47.8800,52874500,39.6689
2018-04-04,46.5900,47.9300,46.5400,47.9000,68352400,39.6854
2018-04-05,48.0900,48.2600,47.8300,48.0200,48247700,39.7848
2018-04-06,47.5400,47.8700,46.8000,47.0800,76156700,39.0060
2018-04-09,47.4200,47.6600,47.1200,47.1300,55352700,39.0475
2018-04-10,47.8200,48.1200,47.6100,48.0500,87142000,39.8097
2018-04-11,47.7500,48.1800,47.7400,48.0700,51569200,39.8263
2018-04-12,47.9700,48.1900,47.8900,48.0500,52968500,39.8097
2018-04-13,48.0100,48.0600,47.4400,47.5700,56518000,39.4120
2018-04-16,47.5000,47.6700,47.3500,47.6300,43005800,39.4617
2018-04-17,47.4200,47.8700,47.4000,47.7300,58168100,39.5446
2018-04-18,47.9100,48.3100,47.8400,48.1400,80289500,39.8843
2018-04-19,48.2600,48.2900,47.7000,47.8600,67581100,39.6523
2018-04-20,47.5900,47.6200,47.0500,47.2600,80997700,39.1552
2018-04-23,47.1700,47.3000,46.7800,46.8800,74337500,38.8403
2018-04-24,47.2600,47.3600,46.4300,46.6600,72196800,38.6581
2018-04-25,46.3100,46.4100,46.0100,46.3000,69106800,38.3598
2018-04-26,46.5700,47.0000,46.5400,46.9700,45047800,38.9149
2018-04-27,47.2400,47.3400,46.9700,47.2600,33545000,39.1552
2018-04-30,47.4300,47.4900,46.9100,46.9200,49179000,38.8735
2018-05-01,46.6400,46.7600,46.1000,46.6900,75839300,38.6829
2018-05-02,46.7400,46.8400,46.2800,46.3200,66837900,38.3764
2018-05-03,46.2900,46.3500,45.6000,46.2200,83449200,38.2935
2018-05-04,45.7700,46.5900,45.7300,46.4300,60099100,38.4675
2018-05-07,46.0500,46.3500,46.0200,46.1600,58886100,38.2438
2018-05-08,46.2700,46.4400,45.9800,46.4200,58783600,38.4592
2018-05-09,46.5600,46.6100,46.2700,46.5100,46129500,38.5338
2018-05-10,47.0700,47.6500,46.9900,47.4800,115804000,39.3375
2018-05-11,47.6800,47.7300,47.2800,47.4000,68838600,39.2712
2018-05-14,47.6600,47.7800,47.3900,47.4600,34353300,39.3209
2018-05-15,46.5800,46.7000,46.2800,46.4800,78379300,38.5089
2018-05-16,46.9200,47.2700,46.9200,47.1800,60004200,39.0889
2018-05-17,46.6700,46.8000,46.3100,46.4600,73014000,38.4924
2018-05-18,46.0500,46.1900,45.9400,46.0700,59258700,38.1693
2018-05-21,46.4500,46.5400,46.1600,46.3500,59330200,38.4012
2018-05-22,46.5500,46.7500,46.4500,46.5100,32584700,38.5338
2018-05-23,45.9600,46.5300,45.9500,46.4900,70687800,38.5172
2018-05-24,46.2400,46.3300,45.7300,46.2400,79762900,38.3101
2018-05-25,46.2300,46.5000,46.1900,46.4300,39374500,38.4675
2018-05-29,45.7400,45.8800,45.1200,45.3500,112089900,37.5727
2018-05-30,45.3600,45.7600,45.1600,45.7100,72813800,37.8710
2018-05-31,45.6500,45.9200,45.4600,45.6900,92066200,37.8544
2018-06-01,46.0600,46.3500,46.0000,46.3300,66762200,38.3847
2018-06-04,46.7200,46.9100,46.7000,46.8000,36302900,38.7741
2018-06-05,46.6600,46.7400,46.4200,46.4400,40092200,38.4758
2018-06-06,46.8400,47.1500,46.7400,47.1400,46801500,39.0557
2018-06-07,46.9700,47.0200,46.1300,46.4200,89752500,38.4592
2018-06-08,46.1700,46.5300,45.9900,46.3300,73944700,38.3847
2018-06-11,46.3800,46.5000,46.2600,46.3300,38323500,38.3847
2018-06-12,46.3100,46.3700,46.0300,46.2100,57189800,38.2852
2018-06-13,46.2900,46.3600,45.6200,45.9000,100698800,38.0284
2018-06-14,45.9000,45.9900,45.5400,45.5900,76094800,37.7716
2018-06-15,45.1700,45.2900,44.9200,45.2300,86066000,37.4733
2018-06-18,44.5900,44.7400,44.3400,44.6800,83532600,37.0176
2018-06-19,43.5700,43.9900,43.4100,43.9000,122657600,36.6090
2018-06-20,44.3000,44.3600,44.0400,44.0900,69822800,36.7675
2018-06-21,43.8200,43.8400,43.4100,43.4700,86214100,36.2504
2018-06-22,44.1000,44.1200,43.7700,43.9200,48711000,36.6257
2018-06-25,43.5100,43.5600,42.9000,43.3300,110854500,36.1337
2018-06-26,43.3500,43.4300,43.0500,43.1600,69228700,35.9919
2018-06-27,43.1000,43.1100,42.2000,42.3300,95340400,35.2998
2018-06-28,42.2900,42.7100,42.1500,42.6900,105345300,35.6000
2018-06-29,43.2400,43.4500,43.2000,43.3300,108877000,36.1337
2018-07-02,42.6200,42.9700,42.5300,42.9000,78848700,35.7751
2018-07-03,43.1800,43.2200,42.8700,42.9300,28637200,35.8001
2018-07-05,43.0500,43.0900,42.6500,42.8200,67394400,35.7084
2018-07-06,42.9500,43.5800,42.9200,43.4100,69933900,36.2004
2018-07-09,44.0100,44.2000,43.7900,44.1900,80552700,36.8508
2018-07-10,44.0500,44.1100,43.7400,44.0900,63808300,36.7675
2018-07-11,43.3700,43.5800,43.0600,43.2300,58679200,36.0503
2018-07-12,43.7600,43.9200,43.6000,43.8200,53833300,36.5423
2018-07-13,43.7700,43.9500,43.6200,43.8500,40515300,36.5673
2018-07-16,43.6400,43.7000,43.4500,43.6100,31717300,36.3672
2018-07-17,43.4400,44.0100,43.3900,43.9300,46911500,36.6340
2018-07-18,43.6900,43.9200,43.5600,43.8800,41182100,36.5923
2018-07-19,43.2000,43.5300,43.0600,43.3400,72549300,36.1420
2018-07-20,43.7700,44.0400,43.7400,43.9600,75114300,36.6590
2018-07-23,43.7600,43.7800,43.5300,43.6700,57679100,36.4172
2018-07-24,44.3900,44.5700,44.1800,44.3100,66639400,36.9509
2018-07-25,44.6000,45.0600,44.4800,45.0300,77820500,37.5513
2018-07-26,44.6500,44.7800,44.5000,44.5300,68705800,37.1344
2018-07-27,44.8600,44.9500,44.4500,44.6900,63743400,37.2678
2018-07-30,44.7900,44.8600,44.4900,44.6200,41541400,37.2094
2018-07-31,44.6200,44.9300,44.5100,44.8600,88217500,37.4096
2018-08-01,44.4700,44.6900,44.3400,44.4600,61755000,37.0760
2018-08-02,43.5500,43.9400,43.4600,43.8700,68678600,36.5840
2018-08-03,44.0200,44.2600,43.9700,44.2100,41043800,36.8675
2018-08-06,43.8900,44.0200,43.7700,43.8700,33153800,36.5840
2018-08-07,44.3800,44.5500,44.3000,44.3200,38719500,36.9593
2018-08-08,44.2300,44.3200,44.0900,44.2600,30610200,36.9092
2018-08-09,44.3200,44.4200,44.1000,44.1300,35013900,36.8008
2018-08-10,43.1400,43.3300,43.0500,43.1900,86629900,36.0169
2018-08-13,42.7900,42.8900,42.3700,42.4800,75183500,35.4248
2018-08-14,42.6400,42.8600,42.5600,42.7400,56724600,35.6417
2018-08-15,41.5400,41.7100,41.1300,41.5100,138633600,34.6159
2018-08-16,41.9200,42.1100,41.7500,41.7700,78123900,34.8328
2018-08-17,41.6200,42.3100,41.5200,42.2100,76030400,35.1997
2018-08-20,42.3100,42.4400,42.1700,42.4000,50762900,35.3581
2018-08-21,42.8300,43.1100,42.8000,42.9400,70462300,35.8084
2018-08-22,42.9800,43.3500,42.9800,43.2800,45602900,36.0920
2018-08-23,43.1300,43.2600,42.5300,42.5800,68878400,35.5082
2018-08-24,43.2200,43.4000,43.0800,43.3700,69304200,36.1670
2018-08-27,43.7700,44.1600,43.7600,43.9900,96574800,36.6841
2018-08-28,44.1100,44.1800,43.7400,43.8300,50093400,36.5506
2018-08-29,43.7300,44.1200,43.6400,44.1000,58165600,36.7758
2018-08-30,43.4200,43.4200,42.8000,42.9500,120206400,35.8168
2018-08-31,42.8900,43.3100,42.8400,43.1700,88660500,36.0002
2018-09-04,42.4900,42.4900,42.2300,42.3300,76724700,35.2998
2018-09-05,41.8400,41.9100,41.5900,41.7200,77835800,34.7911
2018-09-06,41.8000,41.9100,41.4800,41.7600,73104400,34.8244
2018-09-07,41.6300,41.9400,41.3900,41.5500,61590700,34.6493
2018-09-10,41.5400,41.5400,41.0900,41.1400,61116600,34.3074
2018-09-11,40.7400,41.2400,40.6300,41.2300,74608700,34.3825
2018-09-12,41.0400,41.6900,40.8900,41.4400,116612700,34.5576
2018-09-13,42.0600,42.2800,41.8100,42.0000,96306500,35.0246
2018-09-14,42.2300,42.2800,41.7600,41.9600,65202700,34.9912
2018-09-17,41.6500,41.8100,41.5200,41.5800,74603900,34.6743
2018-09-18,41.7800,42.0500,41.7700,41.9800,52000700,35.0079
2018-09-19,42.3300,42.6100,42.3200,42.5600,55892400,35.4916
2018-09-20,42.9300,43.0600,42.6900,43.0300,93427400,35.8835
2018-09-21,43.0900,43.3000,43.0300,43.2300,102750700,36.0503
2018-09-24,42.7300,42.7900,42.5900,42.7400,54411700,35.6417
2018-09-25,42.8100,43.0100,42.7600,42.9100,49467000,35.7834
2018-09-26,42.9800,43.5100,42.9400,43.0000,84080400,35.8585
2018-09-27,43.1300,43.3500,43.0900,43.2100,45547200,36.0336
2018-09-28,42.8900,43.1500,42.7800,42.9200,64732800,35.7918
2018-10-01,43.1300,43.1600,42.8300,42.9300,31030500,35.8001
2018-10-02,42.3700,42.6000,42.2600,42.3900,57719700,35.3498
2018-10-03,42.6900,42.7200,41.9200,42.0400,76571200,35.0579
2018-10-04,41.6100,41.6200,40.8100,40.9900,132360900,34.1823
2018-10-05,41.0100,41.0800,40.4600,40.8400,80578500,34.0572
2018-10-08,40.5600,40.9900,40.4800,40.9000,59744400,34.1073
2018-10-09,40.5700,40.9600,40.4300,40.7500,60976800,33.9822
2018-10-10,40.5400,40.5500,39.5300,39.5400,99036700,32.9731
2018-10-11,39.3200,39.7400,38.7700,39.1400,168923800,32.6396
2018-10-12,40.2600,40.3600,39.7400,40.2900,116892100,33.5986
2018-10-15,39.9400,40.1400,39.7800,39.8600,52651000,33.2400
2018-10-16,40.3600,40.9000,40.2900,40.8600,65949500,34.0739
2018-10-17,40.5500,40.5800,40.1600,40.3600,69718700,33.6569
2018-10-18,39.9300,39.9600,39.1600,39.3000,107005100,32.7730
2018-10-19,39.9100,40.1600,39.5800,39.6700,81176200,33.0815
2018-10-22,40.3400,40.4200,39.9200,40.1000,67724900,33.4401
2018-10-23,39.1500,39.8900,38.9300,39.6600,89864600,33.0732
2018-10-24,39.4600,39.5100,38.3600,38.3800,87632500,32.0058
2018-10-25,38.8200,39.3900,38.7100,39.1200,80961600,32.6229
2018-10-26,38.3100,38.9700,38.1400,38.6700,139198800,32.2476
2018-10-29,39.0100,39.0700,37.5800,38.0000,102322800,31.6889
2018-10-30,38.2300,38.7500,38.1500,38.7400,99881500,32.3060
2018-10-31,39.1600,39.3900,39.0000,39.1600,92768300,32.6562
2018-11-01,39.7800,40.5900,39.5600,40.5600,120482200,33.8237
2018-11-02,41.2500,41.4000,40.4100,40.8200,111324700,34.0405
2018-11-05,40.8100,41.0200,40.7100,40.9300,58319600,34.1323
2018-11-06,40.7300,40.9300,40.6400,40.8600,40847800,34.0739
2018-11-07,41.4100,41.7000,41.1500,41.6300,81011500,34.7160
2018-11-08,41.0900,41.2300,40.4200,40.5500,90610900,33.8154
2018-11-09,39.9300,39.9800,39.4900,39.8000,82943700,33.1900
2018-11-12,39.6700,39.7400,39.1400,39.2400,68569700,32.7230
2018-11-13,39.6200,40.0800,39.4400,39.6900,106305600,33.0982
2018-11-14,40.0600,40.1900,39.5700,39.9300,96621100,33.2984
2018-11-15,40.1400,41.0500,40.0600,40.8200,146475800,34.0405
2018-11-16,40.4900,41.1100,40.3700,40.9000,135075800,34.1073
2018-11-19,40.6200,40.6800,40.2400,40.3500,77777300,33.6486
2018-11-20,39.7200,39.9100,39.3400,39.4800,98272800,32.9231
2018-11-21,40.2100,40.4800,40.1300,40.2100,68104600,33.5318
2018-11-23,39.7400,39.9500,39.7100,39.7400,32048200,33.1399
2018-11-26,40.3000,40.4200,40.0800,40.2300,76320100,33.5485
2018-11-27,40.0900,40.5100,40.0300,40.5100,81069100,33.7820
2018-11-28,40.7900,41.5100,40.4700,41.4800,121010900,34.5909
2018-11-29,41.1900,41.4000,40.9200,41.1200,104239600,34.2907
2018-11-30,40.9600,41.1700,40.8000,41.0800,92961200,34.2574
2018-12-03,42.1300,42.1500,41.7000,41.9100,125024100,34.9495
2018-12-04,41.9500,42.0200,40.9200,41.0200,134758200,34.2073
2018-12-06,39.9300,40.6800,39.6800,40.6400,165155100,33.8904
2018-12-07,40.5800,40.8500,39.7800,39.8800,134304600,33.2567
2018-12-10,39.6100,39.6800,38.9700,39.4600,104465300,32.9064
2018-12-11,40.0200,40.0300,39.4800,39.7600,104014700,33.1566
2018-12-12,40.5000,40.7800,40.3800,40.4100,89712200,33.6986
2018-12-13,40.5600,40.6800,40.3500,40.4000,72445400,33.6903
2018-12-14,39.8900,40.1800,39.8000,39.8300,94915600,33.2150
2018-12-17,39.8900,40.0400,39.3300,39.4600,109276200,32.9064
2018-12-18,39.1700,39.3800,39.0300,39.1400,102509800,33.1299
2018-12-19,39.3300,39.7300,38.1700,38.4900,204046200,32.5797
2018-12-20,38.8800,39.1300,38.4600,38.7900,183908800,32.8336
2018-12-21,38.9000,39.1100,38.3200,38.5200,143673400,32.6051
2018-12-24,38.4400,38.7200,38.1600,38.1600,50709500,32.3004
2018-12-26,38.4100,38.9600,38.0400,38.9200,96347200,32.9437
2018-12-27,38.4000,38.9100,38.2400,38.8700,81792700,32.9013
2018-12-28,39.1900,39.4600,39.0000,39.2400,72869100,33.2145
2018-12-31,39.5000,39.5400,38.9300,39.0600,72972200,33.0622
2019-01-02,38.5900,39.1900,38.5800,39.1600,57198800,33.1468
2019-01-03,38.7300,38.7600,38.3000,38.4500,62767600,32.5458
2019-01-04,39.0100,39.8600,38.9200,39.6900,103055100,33.5954
2019-01-07,39.7200,39.9500,39.4900,39.7800,76597000,33.6716
2019-01-08,39.8000,40.0000,39.5700,39.9300,70518200,33.7986
2019-01-09,40.3400,40.8600,40.3300,40.6400,125118800,34.3995
2019-01-10,40.4200,40.9600,40.4200,40.9300,85207600,34.6450
2019-01-11,40.6000,40.8000,40.5000,40.7300,63136200,34.4757
2019-01-14,40.2100,40.5800,40.1400,40.3900,76217000,34.1879
2019-01-15,40.6200,40.8900,40.5500,40.6700,78913000,34.4249
2019-01-16,40.9600,41.3100,40.9500,41.1700,82543600,34.8482
2019-01-17,40.8400,41.5500,40.8000,41.3500,85522800,35.0005
2019-01-18,41.5200,41.7200,41.4200,41.5500,98168900,35.1698
2019-01-22,41.0600,41.1500,40.6500,40.8300,101294900,34.5604
2019-01-23,41.2100,41.2800,40.9000,41.2500,66625200,34.9159
2019-01-24,41.2800,41.6800,41.2800,41.6500,76076900,35.2545
2019-01-25,42.1000,42.3100,42.0400,42.2000,105779500,35.7200
2019-01-28,41.5700,41.7900,41.4400,41.7600,85543100,35.3476
2019-01-29,41.9700,41.9900,41.7300,41.8300,56518900,35.4068
2019-01-30,42.0800,42.8300,41.8800,42.7400,127796800,36.1771
2019-01-31,42.7900,43.1400,42.7800,43.1000,119929200,36.4818
2019-02-01,42.7800,42.8400,42.6300,42.7600,65766100,36.1940
2019-02-04,42.6300,42.9500,42.5400,42.8300,45770200,36.2533
2019-02-05,43.0300,43.4600,42.9600,43.4200,81720100,36.7527
2019-02-06,43.2200,43.2500,42.7400,42.8300,58194900,36.2533
2019-02-07,42.4900,42.7100,42.0300,42.4000,101061400,35.8893
2019-02-08,42.0900,42.2300,41.8500,42.1600,64212200,35.6861
2019-02-11,42.2400,42.2600,42.0000,42.0200,42213400,35.5676
2019-02-12,42.3700,42.5500,42.3100,42.3700,66073100,35.8639
2019-02-13,42.3900,42.4700,41.9700,42.0700,82318100,35.6100
2019-02-14,41.8200,42.3000,41.7400,42.1500,91302500,35.6777
2019-02-15,42.1300,42.1300,41.9500,42.0900,72362200,35.6269
2019-02-19,41.9300,42.5100,41.9300,42.4200,64391100,35.9062
2019-02-20,42.6500,42.9300,42.5400,42.6600,73694800,36.1094
2019-02-21,42.6300,42.6700,42.3700,42.5700,48092400,36.0332
2019-02-22,42.9300,43.1600,42.8400,43.0400,58022200,36.4310
2019-02-25,43.5200,43.7300,43.4200,43.5200,66533800,36.8373
2019-02-26,43.2200,43.5200,43.1900,43.3700,58330600,36.7103
2019-02-27,43.0900,43.1600,42.8500,43.0000,69471200,36.3972
2019-02-28,42.7200,42.7400,42.4400,42.4400,87434700,35.9231
2019-03-01,42.7800,42.8100,42.4100,42.4900,94263900,35.9655
2019-03-04,42.7200,42.7800,42.1800,42.5500,94168300,36.0163
2019-03-05,42.7500,43.0400,42.6600,42.9700,54576700,36.3718
2019-03-06,42.9900,43.0500,42.6600,42.7300,61237800,36.1686
2019-03-07,42.4800,42.4900,41.8700,41.9400,83415300,35.4999
2019-03-08,41.4400,41.6800,41.3900,41.6400,97742100,35.2460
2019-03-11,42.0100,42.4700,42.0100,42.4200,63002300,35.9062
2019-03-12,42.6400,42.7500,42.5600,42.6400,42726900,36.0924
2019-03-13,42.6600,42.7500,42.5500,42.6900,61450000,36.1348
2019-03-14,42.5200,42.5400,42.2900,42.4600,58460400,35.9401
2019-03-15,42.8500,43.1400,42.8200,43.0800,139870800,36.4649
2019-03-18,43.3900,43.5800,43.3300,43.5600,42149100,36.8712
2019-03-19,43.6100,43.7400,43.4800,43.5800,53192700,36.8881
2019-03-20,43.4400,44.0100,43.1400,43.6500,90678800,36.9473
2019-03-21,43.4200,43.7200,43.3200,43.7100,71400600,36.9981
2019-03-22,43.0500,43.1500,42.3900,42.4300,118616600,35.9147
2019-03-25,42.3400,42.6600,42.3000,42.5300,53285300,35.9993
2019-03-26,42.6700,42.7800,42.4300,42.6600,57145800,36.1094
2019-03-27,42.4400,42.5300,42.0600,42.2000,72804300,35.7200
2019-03-28,42.3400,42.5300,42.1900,42.4800,41052500,35.9570
2019-03-29,42.9500,43.0000,42.7200,42.9200,70439100,36.3294
2019-04-01,43.5000,43.6700,43.4000,43.6300,70455500,36.9304
2019-04-02,43.6700,43.6900,43.3500,43.4900,48692200,36.8119
2019-04-03,43.9100,44.1400,43.7300,43.7900,73639400,37.0658
2019-04-04,43.7800,44.1400,43.7600,44.0600,47028400,37.2944
2019-04-05,44.1800,44.4200,44.1400,44.4000,50360800,37.5822
2019-04-08,44.1800,44.4400,44.1100,44.4000,30209000,37.5822
2019-04-09,44.4300,44.4600,44.2700,44.3100,49530300,37.5060
2019-04-10,44.5000,44.6400,44.4100,44.5200,51143400,37.6838
2019-04-11,44.2000,44.2300,43.9200,44.0400,55153600,37.2775
2019-04-12,44.4800,44.5200,44.2600,44.3600,54695700,37.5483
2019-04-15,44.3200,44.3400,43.9600,44.1300,37957800,37.3536
2019-04-16,44.3200,44.5200,44.3200,44.4600,43860100,37.6330
2019-04-17,44.7700,44.8400,44.4800,44.5900,56935400,37.7430
2019-04-18,44.4300,44.6500,44.3000,44.5600,56639800,37.7176
2019-04-22,44.1400,44.3200,44.0600,44.2700,35929100,37.4721
2019-04-23,44.2000,44.4500,44.1500,44.3700,32829900,37.5568
2019-04-24,44.0700,44.0800,43.6300,43.7700,68961600,37.0489
2019-04-25,43.5000,43.7200,43.3700,43.7100,61168500,36.9981
2019-04-26,43.7800,43.9600,43.6400,43.8800,55441700,37.1420
2019-04-29,44.0000,44.0500,43.8800,43.9700,34398300,37.2182
2019-04-30,43.8500,44.0300,43.6300,43.9300,69577000,37.1844
2019-05-01,44.0100,44.3500,43.5400,43.6000,98629100,36.9050
2019-05-02,43.7000,43.8500,43.4500,43.7000,53101500,36.9897
2019-05-03,44.0200,44.2800,43.9600,44.2200,56642000,37.4298
2019-05-06,42.8400,43.3900,42.7900,43.3100,80977000,36.6596
2019-05-07,42.8600,42.8600,42.2100,42.4600,94189000,35.9401
2019-05-08,42.5800,42.7600,42.3800,42.4000,73548600,35.8893
2019-05-09,41.4500,41.9300,41.1500,41.7300,130849000,35.3222
2019-05-10,41.8500,42.1100,41.3400,41.9800,90343300,35.5338
2019-05-13,40.6800,40.8700,40.3800,40.5800,154670900,34.3488
2019-05-14,41.1300,41.3000,40.9800,41.1500,89406800,34.8312
2019-05-15,40.9000,41.3100,40.8400,41.2300,79039500,34.8990
2019-05-16,41.1700,41.4200,41.0100,41.0300,60101000,34.7297
2019-05-17,40.3500,40.6300,40.2500,40.2900,83972200,34.1033
2019-05-20,40.1700,40.3000,39.9700,40.1200,53810000,33.9594
2019-05-21,40.3900,40.6400,40.2900,40.6300,59832600,34.3911
2019-05-22,40.5800,40.6200,40.3900,40.4300,44117200,34.2218
2019-05-23,39.8800,40.0800,39.7500,39.9100,86731100,33.7816
2019-05-24,40.2200,40.2700,39.9100,39.9500,66379700,33.8155
2019-05-28,40.3700,40.4200,40.0100,40.0900,98395200,33.9340
2019-05-29,39.9300,40.3700,39.8800,40.3500,82060400,34.1541
2019-05-30,40.4800,40.7300,40.4500,40.5700,69626300,34.3403
2019-05-31,40.3800,40.8100,40.3500,40.7100,85220400,34.4588
2019-06-03,41.0500,41.3000,40.9700,41.0800,75619900,34.7720
2019-06-04,40.9100,41.2000,40.8200,41.1700,64141900,34.8482
2019-06-05,41.2200,41.2400,40.7300,40.8400,64072200,34.5688
2019-06-06,40.8400,40.9500,40.6900,40.8600,47722500,34.5858
2019-06-07,41.0800,41.5200,41.0600,41.1800,63584200,34.8566
2019-06-10,41.5600,41.8100,41.4700,41.6100,57245800,35.2206
2019-06-11,42.1500,42.2200,41.9600,42.0800,69040600,35.6184
2019-06-12,41.7800,41.8100,41.5500,41.6300,55120600,35.2375
2019-06-13,41.6900,41.7600,41.4300,41.5600,59717500,35.1783
2019-06-14,41.2900,41.3100,41.0800,41.1000,71468300,34.7889
2019-06-17,40.8200,41.0300,40.8200,40.9500,48715600,34.9262
2019-06-18,41.4000,42.0300,41.3900,41.9400,112482400,35.7706
2019-06-19,42.0200,42.5000,41.9200,42.2900,105746200,36.0691
2019-06-20,43.1800,43.2100,42.7400,42.9100,89200400,36.5979
2019-06-21,42.7400,42.8700,42.6700,42.7700,55544000,36.4785
2019-06-24,42.7500,42.8200,42.6700,42.7100,37025600,36.4273
2019-06-25,42.5400,42.5900,42.2100,42.2700,62167500,36.0521
2019-06-26,42.6000,42.8200,42.5700,42.6700,45126700,36.3932
2019-06-27,42.8500,42.9900,42.7800,42.9700,42358200,36.6491
2019-06-28,42.9700,43.0000,42.7800,42.9100,66235700,36.5979
2019-07-01,43.7000,43.7400,43.2600,43.4200,73169000,37.0329
2019-07-02,43.3800,43.4100,43.1900,43.3100,67518700,36.9391
2019-07-03,43.1100,43.2300,43.0500,43.2300,31218500,36.8708
2019-07-05,42.9300,43.0300,42.7100,42.9300,51678000,36.6150
2019-07-08,42.6300,42.7300,42.5600,42.6700,37679000,36.3932
2019-07-09,42.3300,42.5900,42.3200,42.5400,28227600,36.2823
2019-07-10,42.9700,43.1300,42.8600,42.9000,53673100,36.5894
2019-07-11,43.0500,43.0500,42.7000,42.8200,44486100,36.5211
2019-07-12,42.8600,42.8900,42.6800,42.8500,30512200,36.5467
2019-07-15,43.0300,43.1000,42.9700,43.0100,28026300,36.6832
2019-07-16,43.0600,43.1800,42.9100,42.9500,37093700,36.6320
2019-07-17,42.9300,43.0100,42.7700,42.8200,32865600,36.5211
2019-07-18,42.8000,43.1300,42.7800,43.0800,63374400,36.7429
2019-07-19,43.2000,43.2200,42.8200,42.8600,81774700,36.5553
2019-07-22,42.9700,43.0300,42.8400,42.8700,29826200,36.5638
2019-07-23,42.9200,43.0200,42.7500,42.9200,37246400,36.6064
2019-07-24,42.8700,43.0200,42.8700,42.9900,40358800,36.6661
2019-07-25,42.9000,43.1100,42.5300,42.6100,55327700,36.3420
2019-07-26,42.7800,42.8200,42.5800,42.7000,33068600,36.4188
2019-07-29,42.5600,42.6500,42.4100,42.6200,31912400,36.3506
2019-07-30,42.2900,42.3500,42.1600,42.2900,57335800,36.0691
2019-07-31,42.2700,42.3000,41.2800,41.7700,98764700,35.6256
2019-08-01,41.7800,42.1000,40.8400,40.9500,139325900,34.9262
2019-08-02,40.7900,40.8800,40.4300,40.5500,92796300,34.5851
2019-08-05,39.4300,39.5100,38.8500,39.0500,131194100,33.3057
2019-08-06,39.7200,39.8100,39.3500,39.6100,88071500,33.7833
2019-08-07,39.2100,39.8100,39.0500,39.7900,106772500,33.9369
2019-08-08,40.0400,40.3000,39.9400,40.2800,81187700,34.3548
2019-08-09,40.0300,40.0900,39.7000,39.8700,64704000,34.0051
2019-08-12,39.3700,39.5200,39.2800,39.3900,78559800,33.5957
2019-08-13,39.0900,40.1100,39.0200,39.8900,110271800,34.0221
2019-08-14,39.0900,39.1900,38.7200,38.7400,102911500,33.0413
2019-08-15,39.1000,39.1600,38.8100,39.0000,78018300,33.2631
2019-08-16,39.3600,39.7000,39.3600,39.5400,52047900,33.7236
2019-08-19,40.0400,40.0500,39.6700,39.7000,43330900,33.8601
2019-08-20,39.8300,39.9700,39.7300,39.7800,44920900,33.9283
2019-08-21,40.2000,40.2000,39.9700,40.1600,39677100,34.2524
2019-08-22,39.8600,39.9200,39.5300,39.6400,41603000,33.8089
2019-08-23,39.5500,39.9200,38.9900,39.0500,80560300,33.3057
2019-08-26,39.3300,39.3800,39.1600,39.2600,58145000,33.4848
2019-08-27,39.5300,39.6700,39.3000,39.3300,62899100,33.5445
2019-08-28,39.2600,39.5100,39.1600,39.4400,49483900,33.6383
2019-08-29,39.6900,39.9100,39.5500,39.8800,43359900,34.0136
2019-08-30,40.2100,40.2200,39.9600,40.1900,57071300,34.2780
2019-09-03,39.7300,39.9500,39.7300,39.9400,50339600,34.0648
2019-09-04,40.4900,40.6600,40.4000,40.6100,65958900,34.6362
2019-09-05,41.0900,41.2200,41.0500,41.0700,72704000,35.0286
2019-09-06,41.3000,41.3900,41.2000,41.2500,48716200,35.1821
2019-09-09,41.3600,41.5000,41.2500,41.3800,38554200,35.2930
2019-09-10,41.3400,41.4900,41.1700,41.4100,48449600,35.3186
2019-09-11,41.5600,41.7300,41.4900,41.7000,62563900,35.5659
2019-09-12,41.9700,42.2500,41.8200,42.0000,74590100,35.8218
2019-09-13,42.2500,42.3500,42.1600,42.2400,58403500,36.0265
2019-09-16,41.9100,42.1100,41.8100,41.9100,62905800,35.7450
2019-09-17,41.5300,41.9400,41.5000,41.9100,98835700,35.7450
2019-09-18,41.8400,41.9000,41.4100,41.7400,70984700,35.6000
2019-09-19,41.7400,41.8800,41.5000,41.5700,52527900,35.4550
2019-09-20,41.8800,41.9300,41.4400,41.6100,84880500,35.4891
2019-09-23,41.4100,41.6700,41.4100,41.6500,41828800,35.5233
2019-09-24,41.6300,41.6400,41.1700,41.2100,57006500,35.1480
2019-09-25,40.9400,41.2700,40.7900,41.1800,43393200,35.1224
2019-09-26,41.2500,41.3000,41.0500,41.1700,37645800,35.1139
2019-09-27,41.1700,41.2700,40.4900,40.6400,79236200,34.6618
2019-09-30,40.9800,41.1000,40.8200,40.8700,43961000,34.8580
2019-10-01,40.9000,40.9100,40.5500,40.5800,48520000,34.6107
2019-10-02,40.2800,40.3400,40.0700,40.2700,41806300,34.3463
2019-10-03,40.4100,40.7900,40.3000,40.7900,62287700,34.7898
2019-10-04,40.6700,41.0500,40.6300,40.9700,54314800,34.9433
2019-10-07,40.7200,40.9300,40.6000,40.6300,57065700,34.6533
2019-10-08,40.5500,40.6000,40.3100,40.3400,57784200,34.4060
2019-10-09,40.6700,40.8100,40.6000,40.6500,41122500,34.6704
2019-10-10,40.8000,41.2400,40.7900,41.0700,49289100,35.0286
2019-10-11,41.7000,42.0500,41.6300,41.7300,95248800,35.5915
2019-10-14,41.6800,41.7400,41.5400,41.5500,29228200,35.4380
2019-10-15,41.6700,42.0100,41.6500,41.9200,50663000,35.7535
2019-10-16,41.8800,42.0800,41.7900,42.0400,40768400,35.8559
2019-10-17,42.3700,42.3900,42.1400,42.2000,56380200,35.9924
2019-10-18,42.1100,42.2200,41.8700,41.9800,78858900,35.8047
2019-10-21,42.1600,42.3700,42.1000,42.3600,38432200,36.1288
2019-10-22,42.3900,42.5400,42.3300,42.3900,53409500,36.1544
2019-10-23,42.2200,42.4500,42.1900,42.4000,43342700,36.1629
2019-10-24,42.5800,42.5900,42.3700,42.4000,61391900,36.1629
2019-10-25,42.4000,42.7300,42.3800,42.7000,49443700,36.4188
2019-10-28,42.9000,43.0600,42.8800,42.9500,56279100,36.6320
2019-10-29,42.7300,42.8600,42.6900,42.7300,33949800,36.4444
2019-10-30,42.6300,42.9200,42.4500,42.9200,60881000,36.6064
2019-10-31,42.7600,42.7700,42.3600,42.5800,56057700,36.3165
2019-11-01,43.0300,43.2500,43.0100,43.2200,72772400,36.8623
2019-11-04,43.7700,43.8200,43.5800,43.6500,62191600,37.2291
2019-11-05,43.9100,43.9400,43.7000,43.9000,62354500,37.4423
2019-11-06,43.8700,43.9100,43.6200,43.7600,61670500,37.3229
2019-11-07,44.0900,44.2500,44.0300,44.0800,97598200,37.5958
2019-11-08,43.7300,43.8300,43.5900,43.6800,68666900,37.2546
2019-11-11,43.1400,43.4200,43.1000,43.3700,47092800,36.9902
2019-11-12,43.2600,43.2800,43.0100,43.0900,57453500,36.7514
2019-11-13,42.6600,42.8400,42.6000,42.7600,63134600,36.4700
2019-11-14,42.7200,42.8500,42.5700,42.7900,48737400,36.4956
2019-11-15,43.0700,43.2200,43.0300,43.1300,67670700,36.7855
2019-11-18,43.1400,43.2200,43.0200,43.0600,52545500,36.7258
2019-11-19,43.3800,43.3800,43.0900,43.1500,40853600,36.8026
2019-11-20,43.0000,43.1600,42.7800,42.9600,51991800,36.6406
2019-11-21,42.7900,42.8900,42.6800,42.8700,43842600,36.5638
2019-11-22,42.9500,42.9900,42.7700,42.8700,23519900,36.5638
2019-11-25,43.1400,43.3400,43.1000,43.3000,57048200,36.9305
2019-11-26,43.0600,43.1900,42.8900,43.1700,49571200,36.8197
2019-11-27,43.0900,43.2400,43.0100,43.2200,30402300,36.8623
2019-11-29,42.6400,42.7200,42.5400,42.5400,35476600,36.2823
2019-12-02,42.6700,42.6800,42.3700,42.5300,59762300,36.2738
2019-12-03,42.1600,42.3200,41.9700,42.3100,50471700,36.0862
2019-12-04,42.6300,42.7000,42.5700,42.6300,47026100,36.3591
2019-12-05,42.7200,42.8800,42.6500,42.8200,43346400,36.5211
2019-12-06,43.0700,43.1300,42.9800,43.0700,56766600,36.7344
2019-12-09,43.0300,43.1700,42.8800,42.9000,37622000,36.5894
2019-12-10,42.9900,43.1400,42.9100,43.0500,34791300,36.7173
2019-12-11,43.2900,43.7200,43.2700,43.6800,60083200,37.2546
2019-12-12,43.8100,44.5000,43.7700,44.4400,132196700,37.9028
2019-12-13,44.5500,44.8700,44.3000,44.4200,160526800,37.8858
2019-12-16,43.8900,44.0100,43.8200,43.8600,81828000,38.2072
2019-12-17,44.2000,44.3100,44.1200,44.2600,79046200,38.5557
2019-12-18,44.4600,44.5100,44.3600,44.5000,67065000,38.7647
2019-12-19,44.3600,44.5300,44.3300,44.5200,59364600,38.7822
2019-12-20,44.5700,44.6700,44.5000,44.6100,69295600,38.8606
2019-12-23,44.5900,44.6700,44.5400,44.6700,29479500,38.9128
2019-12-24,44.5800,44.6200,44.4800,44.5700,18951500,38.8257
2019-12-26,44.7400,44.9100,44.7200,44.8900,24947900,39.1045
2019-12-27,45.1800,45.2000,44.9500,45.0700,48407900,39.2613
2019-12-30,45.1800,45.1800,44.7100,44.7700,44522800,39.0000
2019-12-31,44.8000,44.9200,44.6800,44.8700,47292800,39.0871
2020-01-02,45.3600,45.7800,45.3500,45.7800,78570100,39.8798
2020-01-03,45.0300,45.2600,44.9100,44.9300,78998200,39.1393
2020-01-06,44.6000,44.8700,44.5900,44.8200,40085300,39.0435
2020-01-07,44.7900,44.9000,44.6900,44.7900,65705300,39.0174
2020-01-08,44.7300,45.3000,44.6900,45.0500,86913300,39.2439
2020-01-09,45.4800,45.4800,45.2600,45.3500,53199900,39.5052
2020-01-10,45.6400,45.7700,45.5300,45.5900,67573300,39.7143
2020-01-13,45.9100,46.3200,45.8100,46.3000,79593800,40.3328
2020-01-14,46.0300,46.0700,45.8200,46.0400,75746900,40.1063
2020-01-15,45.8700,45.9200,45.6100,45.6800,60620600,39.7927
2020-01-16,45.9800,46.0400,45.8300,45.9700,50712700,40.0453
2020-01-17,46.1200,46.2600,46.0100,46.2300,72382100,40.2718
2020-01-21,45.2700,45.3500,45.0300,45.0600,106662600,39.2526
2020-01-22,45.5600,45.5800,45.3000,45.4300,57584900,39.5749
2020-01-23,44.7200,45.1000,44.4800,44.9600,88714300,39.1655
2020-01-24,45.0200,45.0300,44.3900,44.6000,88654500,38.8519
2020-01-27,42.7400,44.9700,42.6600,43.0600,129321800,37.5103
2020-01-28,43.2200,43.5000,43.0300,43.4200,82396700,37.8239
2020-01-29,43.7600,43.7900,43.5000,43.6300,51814700,38.0069
2020-01-30,42.6600,43.0300,42.4300,42.9800,105864200,37.4406
2020-01-31,42.3000,42.3300,41.8800,42.1100,99532200,36.6828
2020-02-03,42.2700,42.6800,42.2600,42.5800,71309200,37.0922
2020-02-04,43.6800,43.9300,43.6500,43.6800,73939300,38.0504
2020-02-05,44.4600,44.4700,43.9000,43.9300,74350800,38.2682
2020-02-06,44.3300,44.3500,43.9600,43.9700,80118800,38.3031
2020-02-07,43.5300,43.5500,43.2500,43.3600,58449900,37.7717
2020-02-10,43.3800,43.6300,43.3800,43.6000,45350800,37.9807
2020-02-11,44.1400,44.4100,44.0800,44.1700,58708400,38.4773
2020-02-12,44.5900,44.8400,44.5000,44.7700,41641100,39.0000
2020-02-13,44.2900,44.4500,44.1600,44.1800,64757500,38.4860
2020-02-14,44.4600,44.4700,44.0400,44.2000,45095300,38.5034
2020-02-18,43.8900,44.0500,43.8100,43.9100,40176200,38.2508
2020-02-19,44.2500,44.3300,44.1900,44.2300,45651500,38.5295
2020-02-20,43.8800,44.3400,43.4000,43.5400,109316300,37.9285
2020-02-21,43.4400,43.5300,43.2300,43.2900,70553100,37.7107
2020-02-24,41.4600,41.9100,41.4300,41.6700,101505600,36.2995
2020-02-25,42.2800,42.3500,41.3400,41.3400,118601100,36.0120
2020-02-26,41.8300,42.2400,41.6400,41.6700,109411100,36.2995
2020-02-27,41.2100,41.5200,40.6600,40.6700,151063200,35.4284
2020-02-28,39.5500,40.6200,39.2800,40.5200,201191200,35.2977
2020-03-02,40.6400,41.4100,40.4000,41.4000,135152300,36.0643
2020-03-03,41.4100,42.0800,40.8300,41.1200,141798700,35.8204
2020-03-04,41.7400,41.9300,41.5100,41.8500,80064800,36.4563
2020-03-05,41.5200,41.6800,40.8000,40.9700,107474200,35.6897
2020-03-06,40.2700,40.3900,39.8100,40.1300,104006900,34.9580
2020-03-09,37.2300,38.1000,36.6000,37.3900,143376900,32.5711
2020-03-10,38.9500,39.3300,38.1700,39.2900,142773700,34.2262
2020-03-11,38.2000,38.3300,37.2200,37.4600,137795400,32.6321
2020-03-12,34.1300,34.6700,32.8900,33.7100,171341200,29.3654
2020-03-13,36.6100,36.7000,34.3800,36.1400,128272900,31.4822
2020-03-16,32.0000,33.4800,31.5900,31.6300,101553900,27.5535
2020-03-17,32.5600,33.8100,32.0300,33.8100,92310900,29.4525
2020-03-18,30.9100,32.0200,30.1500,30.8900,101136100,26.9088
2020-03-19,30.8100,31.5500,30.2500,31.1300,68919700,27.1179
2020-03-20,32.5900,32.7200,31.2500,31.3600,100290200,27.3183
2020-03-23,31.0600,31.1600,30.1000,30.6100,97832900,26.6649
2020-03-24,32.6100,32.9700,32.3500,32.9100,84450500,28.6685
2020-03-25,33.5100,34.5300,33.1900,34.0700,79588900,29.6790
2020-03-26,34.3600,35.4500,34.2800,35.3600,89991500,30.8027
2020-03-27,33.4500,33.9600,33.1900,33.3500,74103800,29.0518
2020-03-30,33.4700,33.9300,33.2200,33.9000,47544900,29.5309
2020-03-31,33.9800,34.5500,33.9200,34.1300,64131300,29.7313
2020-04-01,33.1000,33.3300,32.6200,32.6700,65580600,28.4594
2020-04-02,33.2900,33.9400,33.2000,33.7700,55784000,29.4177
2020-04-03,33.6900,33.8600,32.9500,33.1300,68672500,28.8601
2020-04-06,34.4400,34.9500,34.3000,34.9400,82394800,30.4369
2020-04-07,36.0900,36.1200,35.0500,35.1200,74322600,30.5937
2020-04-08,35.2100,35.5700,34.9400,35.4800,47112900,30.9073
2020-04-09,35.8600,36.0900,35.2600,35.3500,67239300,30.7940
2020-04-13,35.3400,35.4500,35.0000,35.4000,38193400,30.8376
2020-04-14,36.2100,36.4800,36.0100,36.2100,52817400,31.5432
2020-04-15,35.3500,35.4600,35.1200,35.2800,60775200,30.7330
2020-04-16,35.7800,35.8200,35.3500,35.4700,37215100,30.8986
2020-04-17,36.4300,36.4800,36.0000,36.2600,40870300,31.5867
2020-04-20,35.8800,36.2400,35.7300,35.8000,44402700,31.1860
2020-04-21,34.9800,35.1800,34.7400,34.8100,46166600,30.3236
2020-04-22,35.7800,35.8700,35.6900,35.7600,37455800,31.1512
2020-04-23,36.0400,36.2900,35.6100,35.6300,40733100,31.0379
2020-04-24,35.6900,35.7400,35.2500,35.5800,30553700,30.9944
2020-04-27,36.0500,36.3700,35.9900,36.3000,30617400,31.6216
2020-04-28,36.8200,36.8500,36.3500,36.3700,34463600,31.6826
2020-04-29,36.9900,37.5000,36.9200,37.4300,45483100,32.6059
2020-04-30,37.2400,37.3600,36.4000,36.6400,59181700,31.9178
2020-05-01,35.7500,35.8800,35.2000,35.3200,56829000,30.7679
2020-05-04,35.4600,35.7400,35.3200,35.7000,37036200,31.0989
2020-05-05,36.0600,36.2400,35.8600,35.9000,41772700,31.2731
2020-05-06,36.1200,36.1600,35.7700,35.7900,36584500,31.1773
2020-05-07,36.1300,36.2400,35.9100,36.0800,36883300,31.4299
2020-05-08,36.5400,36.9500,36.5100,36.8400,60613000,32.0920
2020-05-11,36.6200,36.8400,36.5600,36.6000,31053700,31.8829
2020-05-12,36.9000,37.1600,36.4500,36.4600,49641400,31.7610
2020-05-13,36.8700,36.9500,36.1500,36.3900,55002900,31.7000
2020-05-14,35.6900,36.5900,35.5600,36.5300,58633700,31.8219
2020-05-15,35.9600,36.2000,35.8400,36.0300,40402000,31.3864
2020-05-18,36.9200,37.5200,36.9100,37.4400,47487700,32.6147
2020-05-19,37.3800,37.5600,37.1200,37.1400,36152600,32.3533
2020-05-20,37.7300,37.9100,37.4200,37.6300,43140300,32.7802
2020-05-21,37.4000,37.5300,37.0200,37.2000,42845500,32.4056
2020-05-22,36.6200,36.6200,36.3100,36.4300,47355000,31.7348
2020-05-26,37.5800,37.7300,37.1900,37.2300,54511200,32.4317
2020-05-27,37.4000,37.4300,36.9100,37.3500,47182400,32.5363
2020-05-28,37.4700,37.6500,37.0700,37.0900,53388700,32.3098
2020-05-29,37.3500,37.8000,37.0900,37.7300,63616700,32.8673
2020-06-01,38.0800,38.6300,38.0100,38.6000,49360200,33.6251
2020-06-02,39.0700,39.5700,38.9800,39.5200,54010500,34.4266
2020-06-03,40.0500,40.5200,39.9900,40.4400,60769300,35.2280
2020-06-04,39.9100,40.1800,39.6700,39.8700,50969300,34.7315
2020-06-05,40.9000,41.1600,40.8200,40.9200,52467500,35.6461
2020-06-08,40.8000,41.1900,40.5600,41.1700,39777100,35.8639
2020-06-09,40.5800,40.9800,40.4300,40.8900,44389800,35.6200
2020-06-10,41.0100,41.3100,40.6700,41.1900,81172700,35.8813
2020-06-11,39.8600,40.0800,38.9900,39.0400,91271100,34.0084
2020-06-12,40.0200,40.1000,39.2800,39.8700,73779500,34.7315
2020-06-15,38.6200,39.5100,38.5000,39.2800,76868600,34.4160
2020-06-16,40.2700,40.2700,39.2500,39.5300,79638000,34.6351
2020-06-17,39.8700,40.1100,39.7900,39.9100,61471100,34.9680
2020-06-18,39.8100,40.0800,39.8000,39.9300,48131400,34.9856
2020-06-19,40.4700,40.4800,39.7800,39.9200,72411300,34.9768
2020-06-22,40.1900,40.5000,40.1000,40.4100,39024200,35.4061
2020-06-23,40.8900,41.0700,40.7600,40.8000,32995800,35.7478
2020-06-24,40.6400,40.7600,39.9800,40.2600,51150200,35.2747
2020-06-25,40.1200,40.4400,39.9800,40.4300,48199000,35.4236
2020-06-26,40.3100,40.3300,39.7700,39.9400,53901200,34.9943
2020-06-29,39.9500,40.1400,39.7200,40.1200,34712700,35.1520
2020-06-30,40.0500,40.0900,39.7400,39.9900,67644600,35.0381
2020-07-01,40.2100,40.5900,40.1800,40.4400,51766200,35.4324
2020-07-02,41.3100,41.6000,41.1800,41.3600,42240200,36.2385
2020-07-06,42.7800,43.1500,42.7800,43.1400,69159900,37.7981
2020-07-07,42.5900,42.8800,42.4000,42.4200,34004100,37.1672
2020-07-08,43.0000,43.5200,42.9500,43.5200,42278100,38.1310
2020-07-09,43.9000,43.9600,43.1300,43.5200,64950400,38.1310
2020-07-10,43.2300,43.3000,42.9500,43.2400,45293500,37.8857
2020-07-13,43.5400,43.8600,42.8700,42.9500,47039600,37.6316
2020-07-14,42.4500,43.1300,42.3500,43.0100,56528000,37.6842
2020-07-15,43.2700,43.3500,42.9700,43.1400,48309100,37.7981
2020-07-16,42.3100,42.5700,42.2500,42.5300,36512000,37.2636
2020-07-17,42.8400,42.8600,42.5500,42.7700,40913000,37.4739
2020-07-20,43.0100,43.3700,42.8900,43.3200,23319300,37.9558
2020-07-21,44.0000,44.0200,43.7000,43.7200,44420500,38.3063
2020-07-22,43.7100,43.7100,43.2900,43.5300,31232200,38.1398
2020-07-23,43.5000,43.6700,42.9700,43.1800,39243400,37.8331
2020-07-24,42.7200,43.1400,42.6300,43.1400,30184800,37.7981
2020-07-27,43.4400,43.8400,43.3100,43.8100,39112200,38.3851
2020-07-28,43.7300,43.7800,43.4000,43.4500,31219100,38.0697
2020-07-29,43.8500,44.2700,43.8500,44.1500,37830900,38.6830
2020-07-30,43.6300,43.7600,43.1900,43.5900,47900300,38.1924
2020-07-31,43.6300,43.6400,42.9600,43.2900,62457700,37.9295
2020-08-03,43.4500,43.6900,43.4100,43.5900,30603000,38.1924
2020-08-04,43.7800,44.1700,43.7700,44.1700,40597400,38.7005
2020-08-05,44.5600,44.8500,44.5300,44.6500,36768200,39.1211
2020-08-06,44.5200,44.8100,44.3600,44.7900,33523700,39.2438
2020-08-07,43.9900,44.1500,43.6400,43.8700,35759300,38.4377
2020-08-10,43.9400,44.0700,43.6400,43.9800,26964700,38.5341
2020-08-11,44.2700,44.3600,43.8100,43.8600,34166400,38.4289
2020-08-12,44.3100,44.5800,44.2100,44.4500,30740100,38.9459
2020-08-13,44.4000,44.4700,44.1300,44.3200,26509200,38.8320
2020-08-14,44.2100,44.3100,44.1500,44.2400,24593800,38.7619
2020-08-17,44.5700,44.8200,44.5000,44.8000,26422200,39.2525
2020-08-18,44.8000,44.8700,44.4600,44.7500,34464800,39.2087
2020-08-19,44.6100,44.6200,44.1900,44.2000,28391100,38.7268
2020-08-20,43.4600,44.0700,43.3700,44.0600,38399500,38.6041
2020-08-21,43.9800,44.3000,43.7900,44.2800,34657800,38.7969
2020-08-24,44.9400,44.9700,44.6000,44.7700,26576500,39.2262
2020-08-25,44.9200,45.2600,44.8200,45.2200,27608400,39.6205
2020-08-26,45.2300,45.3900,45.1700,45.3400,31465300,39.7256
2020-08-27,45.4600,45.4600,44.7700,44.9600,31947400,39.3927
2020-08-28,45.2400,45.5600,45.1200,45.5500,24151700,39.9096
2020-08-31,44.7100,44.7200,44.2500,44.5400,52790000,39.0247
2020-09-01,44.9600,45.3300,44.9200,45.3000,34212200,39.6906
2020-09-02,45.3600,45.3700,44.7800,45.1800,50638400,39.5855
2020-09-03,44.9400,44.9500,44.0400,44.3200,82433300,38.8320
2020-09-04,44.4200,44.6600,43.5800,44.3400,62284500,38.8495
2020-09-08,43.5600,43.9600,43.4300,43.5700,50051100,38.1748
2020-09-09,44.0100,44.3100,43.9000,44.2200,49010500,38.7443
2020-09-10,44.2700,44.3400,43.5100,43.5100,54276200,38.1223
2020-09-11,44.1100,44.2500,43.7100,43.9300,49400700,38.4903
2020-09-14,44.5100,44.7100,44.4500,44.6400,38892300,39.1123
2020-09-15,45.1900,45.2300,45.0200,45.1100,30541000,39.5241
2020-09-16,45.2500,45.4100,45.0300,45.0500,38179100,39.4716
2020-09-17,44.5100,44.9400,44.4800,44.8700,38231100,39.3139
2020-09-18,44.9100,44.9500,44.4500,44.5200,34270500,39.0072
2020-09-21,43.7700,44.1400,43.3900,44.1100,42901100,38.6480
2020-09-22,43.9500,43.9700,43.4200,43.7800,44884000,38.3588
2020-09-23,43.6500,43.7300,43.0600,43.1000,40837000,37.7630
2020-09-24,42.5000,43.2000,42.4300,42.9000,46493800,37.5878
2020-09-25,42.5400,42.9600,42.2900,42.9400,44165700,37.6228
2020-09-28,43.5100,43.6000,43.2100,43.4200,45528300,38.0434
2020-09-29,43.2900,43.5300,43.2500,43.3900,25333200,38.0171
2020-09-30,43.7300,44.2100,43.7000,44.0900,48674300,38.6304
2020-10-01,44.4200,44.5300,44.1600,44.5000,51521100,38.9897
2020-10-02,43.8300,44.3800,43.7800,43.9900,32647100,38.5428
2020-10-05,44.2300,44.5800,44.2300,44.5800,36059100,39.0598
2020-10-06,44.7200,45.0000,44.5100,44.6600,43464800,39.1299
2020-10-07,45.0700,45.2900,44.9400,45.1500,45691100,39.5592
2020-10-08,45.3100,45.5700,44.9500,45.5200,29669900,39.8834
2020-10-09,45.6300,45.9600,45.5000,45.8300,31901900,40.1550
2020-10-12,46.0800,46.3400,45.9800,46.2300,40037700,40.5054
2020-10-13,46.0700,46.1000,45.8000,46.0400,35585000,40.3390
2020-10-14,46.0200,46.1400,45.7100,45.7300,42300500,40.0674
2020-10-15,45.0700,45.4400,45.0200,45.4000,41119300,39.7782
2020-10-16,45.5600,45.6900,45.4100,45.5600,31611400,39.9184
2020-10-19,45.7000,45.8900,45.3400,45.4300,30869500,39.8045
2020-10-20,45.7100,46.1700,45.6900,45.9300,51631300,40.2426
2020-10-21,46.0000,46.3200,45.9400,46.0600,42909300,40.3565
2020-10-22,46.1400,46.1800,45.8200,46.0500,41884100,40.3477
2020-10-23,46.0900,46.3200,45.8700,46.3200,36931400,40.5843
2020-10-26,45.7700,46.0400,45.3500,45.7200,53574300,40.0586
2020-10-27,45.8500,46.0500,45.7000,45.9200,41828600,40.2338
2020-10-28,45.1900,45.2500,44.7300,44.7700,67047200,39.2262
2020-10-29,44.9400,45.3700,44.7800,45.2200,44763400,39.6205
2020-10-30,44.8500,44.9200,44.4100,44.7100,66155200,39.1737
2020-11-02,45.1800,45.3000,44.9200,45.2800,51001600,39.6731
2020-11-03,45.3600,45.6000,45.1800,45.4800,49744300,39.8483
2020-11-04,46.0900,47.0900,46.0000,46.9100,81110200,41.1012
2020-11-05,47.7100,47.9100,47.3100,47.7100,78029300,41.8022
2020-11-06,47.6700,48.1100,47.5400,47.9300,57353300,41.9949
2020-11-09,49.4800,49.5300,48.2400,48.2600,74889400,42.2841
2020-11-10,48.0700,48.1900,47.5000,47.7100,68735600,41.8022
2020-11-11,47.6400,48.1000,47.5600,48.0200,46272000,42.0738
2020-11-12,48.1400,48.3100,47.5400,47.6600,41292600,41.7584
2020-11-13,48.2400,48.3600,47.9900,48.3300,48143400,42.3454
2020-11-16,48.8500,49.0900,48.7600,48.9300,63565900,42.8711
2020-11-17,48.6300,49.0100,48.5600,48.8800,34661600,42.8273
2020-11-18,49.0900,49.1000,48.7000,48.7100,32343400,42.6784
2020-11-19,48.4800,48.8600,48.3800,48.7900,27524000,42.7484
2020-11-20,48.9000,49.2000,48.8600,49.0600,35259100,42.9850
2020-11-23,49.5900,49.6000,49.0800,49.1900,38979600,43.0989
2020-11-24,49.6000,49.8800,49.3400,49.8500,39275200,43.6772
2020-11-25,49.4000,49.6000,49.2600,49.5700,47358000,43.4319
2020-11-27,49.9500,50.1700,49.9100,50.0400,27040300,43.8437
2020-11-30,49.3100,49.3100,48.7100,48.7300,60622800,42.6959
2020-12-01,49.5900,49.8800,49.3500,49.6900,50376400,43.5370
2020-12-02,49.6100,49.8600,49.4200,49.7600,42826100,43.5983
2020-12-03,50.2300,50.5800,50.1900,50.3300,61408300,44.0978
2020-12-04,50.7200,50.8800,50.6300,50.8500,42230900,44.5534
2020-12-07,50.7800,50.9900,50.6500,50.8500,43115100,44.5534
2020-12-08,50.7900,50.8700,50.6300,50.8700,28632600,44.5709
2020-12-09,51.0300,51.0300,50.1900,50.4300,40762600,44.1854
2020-12-10,50.3700,51.1400,50.3400,51.0800,36032000,44.7549
2020-12-11,50.7600,50.9100,50.6300,50.7200,38034400,44.4395
2020-12-14,50.3200,50.3500,49.9100,49.9400,34407200,44.2084
2020-12-15,50.1600,50.5100,50.0200,50.4800,39345000,44.6864
2020-12-16,50.5800,50.8000,50.4700,50.7200,38243300,44.8989
2020-12-17,51.0500,51.1100,50.8900,51.0500,36323800,45.1910
2020-12-18,50.9500,51.0200,50.7800,50.9900,47662800,45.1379
2020-12-21,49.8600,50.4500,49.8400,50.2400,48558100,44.4740
2020-12-22,50.1100,50.1600,49.7700,49.8400,35229900,44.1199
2020-12-23,50.3200,50.4600,50.2500,50.3500,36469400,44.5714
2020-12-24,50.2100,50.3300,49.8600,50.1300,20689000,44.3766
2020-12-28,50.3700,50.4400,50.1600,50.2700,26906100,44.5005
2020-12-29,50.7200,51.0600,50.6800,51.0200,41965900,45.1645
2020-12-30,51.6400,51.8800,51.5900,51.7000,35759500,45.7664
2020-12-31,51.9900,52.0000,51.3600,51.6700,35680200,45.7399
2021-01-04,52.6200,52.8100,51.8300,52.0000,48201300,46.0320
2021-01-05,52.4900,53.2700,52.4900,53.2500,53358000,47.1385
2021-01-06,52.8500,53.4400,52.6600,52.8000,56418700,46.7402
2021-01-07,53.0800,53.3000,52.8200,53.3000,41031300,47.1828
2021-01-08,54.2500,54.7400,53.9400,54.7100,76024300,48.4310
2021-01-11,53.9900,54.3000,53.9100,53.9700,40816400,47.7759
2021-01-12,54.3100,54.6100,54.1600,54.5000,47570500,48.2451
2021-01-13,54.6000,54.8900,54.2800,54.6200,33561200,48.3513
2021-01-14,55.2200,55.4800,55.0600,55.1300,38837200,48.8028
2021-01-15,54.5600,54.6700,54.2100,54.3500,58519000,48.1123
2021-01-19,55.5000,55.5400,55.1200,55.2500,50429300,48.9090
2021-01-20,56.2000,56.2600,55.9500,56.2200,38832500,49.7677
2021-01-21,56.4100,56.4500,56.1100,56.3200,31457000,49.8562
2021-01-22,55.5400,55.9500,55.4700,55.8300,48223800,49.4224
2021-01-25,56.4500,56.5400,55.7100,56.2500,50793700,49.7942
2021-01-26,55.7900,55.9300,55.5300,55.8400,32283000,49.4313
2021-01-27,54.6600,54.8800,54.2500,54.2900,45279700,48.0592
2021-01-28,54.1900,54.8700,54.0500,54.6700,38055000,48.3956
2021-01-29,53.7200,53.8500,53.0500,53.3100,57657800,47.1916
2021-02-01,54.4200,54.8500,54.1600,54.7500,51427000,48.4664
2021-02-02,55.5500,55.5900,55.2900,55.4600,33172200,49.0949
2021-02-03,55.8300,55.9500,55.5700,55.7400,32363100,49.3428
2021-02-04,55.6800,55.8000,55.3400,55.7600,40161800,49.3604
2021-02-05,56.0100,56.2600,55.8000,56.2400,24242300,49.7854
2021-02-08,56.0400,56.4400,56.0300,56.3400,21606000,49.8739
2021-02-09,56.3500,56.9900,56.3400,56.9400,27200000,50.4050
2021-02-10,57.4500,57.5300,56.8000,57.1400,30531200,50.5821
2021-02-11,57.6500,58.0000,57.5400,57.7500,48875000,51.1221
2021-02-12,57.5000,57.9700,57.4100,57.8000,28400400,51.1663
2021-02-16,58.1300,58.2900,57.7900,57.9400,34954000,51.2903
2021-02-17,57.8400,58.0000,57.5500,57.9600,37789100,51.3080
2021-02-18,57.0200,57.1600,56.5400,57.1600,46118400,50.5998
2021-02-19,57.5000,57.8100,57.3400,57.5300,39809800,50.9273
2021-02-22,56.0000,56.3700,55.7800,55.8400,46924200,49.4313
2021-02-23,55.4800,56.2800,54.7900,56.0900,40316200,49.6526
2021-02-24,55.1600,55.7500,54.8200,55.7300,36631300,49.3339
2021-02-25,55.7600,55.9000,54.3800,54.4600,50895200,48.2097
2021-02-26,54.1100,54.1500,53.3900,53.7300,68933600,47.5634
2021-03-01,54.8200,55.3300,54.7000,55.1700,53421400,48.8382
2021-03-02,54.8700,54.9100,54.4600,54.6300,38533600,48.3601
2021-03-03,55.0400,55.1800,54.3200,54.5200,43013300,48.2628
2021-03-04,54.3000,54.5500,52.9700,53.2500,70653800,47.1385
2021-03-05,54.0100,54.0300,52.8000,53.8300,64018500,47.6520
2021-03-08,52.8800,53.0300,52.2500,52.3800,54120600,46.3684
2021-03-09,53.1500,53.8300,53.0800,53.5300,42450100,47.3864
2021-03-10,53.7700,53.7900,53.0400,53.2900,42853900,47.1739
2021-03-11,54.5100,55.0400,54.2700,54.9700,57247200,48.6611
2021-03-12,53.8400,53.9900,53.5800,53.9900,41559600,47.7936
2021-03-15,53.7300,54.1300,53.5900,54.1200,32447400,47.9087
2021-03-16,54.2900,54.5500,54.1100,54.3500,41261600,48.1123
2021-03-17,53.6500,54.6600,53.5200,54.4200,57032400,48.1742
2021-03-18,53.9300,54.0900,53.3900,53.4200,49205900,47.2890
2021-03-19,53.5000,54.0800,53.3300,54.0800,60265700,47.8733
2021-03-22,53.7400,54.0800,53.5500,53.9200,24860300,47.7316
2021-03-23,53.2200,53.4000,52.8600,52.8900,40356400,46.8198
2021-03-24,52.5500,52.6300,51.6800,51.6800,45315400,45.7487
2021-03-25,51.5600,52.0700,51.5200,51.9200,73684400,45.9612
2021-03-26,52.4000,53.3200,52.1600,53.2700,142402800,47.1562
2021-03-29,52.8400,53.1200,52.6400,52.9000,51309500,46.8287
2021-03-30,52.8800,53.1800,52.7300,53.0700,44414300,46.9792
2021-03-31,53.0100,53.5200,53.0100,53.3400,38807500,47.2182
2021-04-01,54.1200,54.2200,53.8100,53.8600,44592700,47.6785
2021-04-05,54.1900,54.2500,53.9500,54.0700,30891600,47.8644
2021-04-06,54.0800,54.6000,53.9600,54.3700,31509200,48.1300
2021-04-07,53.6100,53.7500,53.3800,53.5700,47888100,47.4218
2021-04-08,54.1200,54.2800,53.9900,54.0100,50373000,47.8113
2021-04-09,53.4900,53.5700,53.3700,53.5500,35808300,47.4041
2021-04-12,53.1800,53.2900,53.0600,53.2300,30045900,47.1208
2021-04-13,53.2400,53.6400,53.1600,53.4500,33697900,47.3156
2021-04-14,53.9300,54.0400,53.6700,53.7200,27449500,47.5546
2021-04-15,54.1600,54.2600,53.9900,54.2100,42622000,47.9883
2021-04-16,54.3500,54.4300,54.1000,54.3500,32031300,48.1123
2021-04-19,54.2400,54.3400,53.9600,54.1500,34318500,47.9352
2021-04-20,54.0900,54.2000,53.5600,53.7100,27732600,47.5457
2021-04-21,53.4600,54.0700,53.3400,54.0400,33407600,47.8379
2021-04-22,54.0800,54.1900,53.6800,53.8500,39452000,47.6697
2021-04-23,54.3800,54.6900,54.3400,54.6300,27062900,48.3601
2021-04-26,54.5400,54.7500,54.4300,54.7000,26805200,48.4221
2021-04-27,54.6900,54.8400,54.5800,54.6700,25563100,48.3956
2021-04-28,54.9300,55.3400,54.7600,55.0800,37381000,48.7585
2021-04-29,55.2600,55.2700,54.5000,54.9500,36617000,48.6434
2021-04-30,54.2700,54.3700,53.8500,53.9800,46299900,47.7847
2021-05-03,53.9400,54.2300,53.7600,53.9800,20628000,47.7847
2021-05-04,53.5800,53.6600,52.9800,53.3700,38634800,47.2448
2021-05-05,53.6300,53.8000,53.4600,53.6200,26062900,47.4661
2021-05-06,53.9000,54.1600,53.7300,54.1300,29454200,47.9175
2021-05-07,54.4600,54.9300,54.3900,54.6900,41590600,48.4133
2021-05-10,54.4700,54.4900,53.6600,53.7100,40686800,47.5457
2021-05-11,52.7000,53.5800,52.6600,53.5600,37374100,47.4129
2021-05-12,52.6800,52.9100,52.0100,52.0800,53632900,46.1028
2021-05-13,52.2400,52.5100,51.7400,52.0100,42935200,46.0408
2021-05-14,52.6100,53.0400,52.4800,52.9500,40363000,46.8730
2021-05-17,52.6100,52.9400,52.5300,52.9000,23169500,46.8287
2021-05-18,53.5900,53.8800,53.5200,53.6100,32405300,47.4572
2021-05-19,52.9500,53.6500,52.9100,53.4500,46284100,47.3156
2021-05-20,53.5300,53.8700,53.5200,53.7600,33273000,47.5900
2021-05-21,53.7400,53.7400,53.0600,53.1400,39110900,47.0412
2021-05-24,53.3900,53.7100,53.2800,53.5800,22436200,47.4307
2021-05-25,54.2700,54.3600,54.0300,54.1100,40993700,47.8998
2021-05-26,54.3200,54.5700,54.3000,54.5100,26984700,48.2539
2021-05-27,54.5600,54.6700,54.4000,54.5200,35598900,48.2628
2021-05-28,54.6600,55.0000,54.6400,54.8700,43730300,48.5726
2021-06-01,56.1400,56.1800,55.8200,56.0000,41656100,49.5729
2021-06-02,55.9200,56.1300,55.7700,56.0900,24532400,49.6526
2021-06-03,55.5100,55.6600,55.3400,55.4900,40790400,49.1215
2021-06-04,55.8800,56.0300,55.8000,55.9900,29038100,49.5641
2021-06-07,55.7100,55.7400,55.4600,55.7100,24830500,49.3162
2021-06-08,55.5200,55.5500,55.2600,55.4400,38113700,49.0772
2021-06-09,55.3800,55.5300,55.2300,55.2800,30916900,48.9355
2021-06-10,55.2400,55.5600,55.1900,55.4800,28571100,49.3276
2021-06-11,55.3400,55.3900,55.1100,55.2900,28375700,49.1587
2021-06-14,55.3300,55.5600,55.2700,55.4400,26421400,49.2921
2021-06-15,55.3000,55.3100,54.9400,55.0600,34121300,48.9542
2021-06-16,54.9500,55.1000,54.0900,54.3100,44138300,48.2874
2021-06-17,54.5400,54.8200,54.4500,54.6100,27846900,48.5541
2021-06-18,54.3800,54.4800,54.1300,54.2300,42443600,48.2163
2021-06-21,54.1700,54.4600,53.9200,54.4600,26977400,48.4208
2021-06-22,54.0000,54.2600,53.8500,54.2100,35862600,48.1985
2021-06-23,54.6000,54.9000,54.5100,54.5400,26049200,48.4919
2021-06-24,54.8600,55.0900,54.8100,55.0400,20096200,48.9364
2021-06-25,55.5200,55.5900,55.2900,55.5000,24992400,49.3454
2021-06-28,55.4800,55.6200,55.4000,55.5500,22644900,49.3899
2021-06-29,55.1600,55.5300,55.0400,55.5100,18308800,49.3543
2021-06-30,55.1200,55.3100,55.0500,55.1500,33223400,49.0342
2021-07-01,55.1800,55.2500,54.5700,54.8400,27478400,48.7586
2021-07-02,54.6200,54.7900,54.4500,54.7800,24289100,48.7053
2021-07-06,54.1200,54.2100,53.6200,53.8200,38126800,47.8517
2021-07-07,54.1300,54.1400,53.5600,53.7600,25651700,47.7984
2021-07-08,52.5900,52.8400,52.4600,52.6400,45146300,46.8026
2021-07-09,53.2300,53.5700,53.0900,53.5500,28860500,47.6117
2021-07-12,53.3800,53.6300,53.2800,53.6000,22116100,47.6561
2021-07-13,53.6900,53.9900,53.6400,53.6500,29025300,47.7006
2021-07-14,54.1300,54.1900,53.7800,53.8800,19739600,47.9051
2021-07-15,54.1000,54.2900,53.8900,54.0100,33310600,48.0207
2021-07-16,54.0800,54.1200,53.4800,53.5900,23386300,47.6472
2021-07-19,52.7500,52.7900,52.4100,52.6900,33737900,46.8470
2021-07-20,52.4500,52.9900,52.3300,52.8600,37946000,46.9982
2021-07-21,52.5800,53.2100,52.5300,53.2000,24101400,47.3005
2021-07-22,53.3500,53.3700,53.0700,53.3000,27160800,47.3894
2021-07-23,52.6900,52.7000,52.2300,52.5100,31210100,46.6870
2021-07-26,51.4100,51.7500,51.3000,51.5100,43701400,45.7979
2021-07-27,50.4100,50.5700,49.8300,50.4700,73640700,44.8732
2021-07-28,51.0800,51.9400,50.9600,51.8400,56446200,46.0913
2021-07-29,52.2500,52.2800,51.8900,52.1000,43339400,46.3225
2021-07-30,51.4500,51.8600,51.4300,51.6000,59797000,45.8779
2021-08-02,52.0500,52.2500,51.9100,51.9700,40234700,46.2069
2021-08-03,51.9000,52.2200,51.6900,52.1900,30589900,46.4025
2021-08-04,52.5800,52.7900,52.3500,52.4600,32586600,46.6425
2021-08-05,52.3800,52.5600,52.3400,52.3800,15941700,46.5714
2021-08-06,52.1700,52.1900,51.7900,51.9400,36049500,46.1802
2021-08-09,52.1700,52.3000,52.0500,52.1100,24062300,46.3313
2021-08-10,52.3300,52.3600,52.1100,52.1800,15222600,46.3936
2021-08-11,52.4900,52.5000,52.0900,52.3200,22374700,46.5181
2021-08-12,51.8800,51.9000,51.6500,51.8600,25726000,46.1091
2021-08-13,51.6400,51.7300,51.3900,51.7300,28396200,45.9935
2021-08-16,51.2900,51.3100,51.0400,51.2600,46222700,45.5756
2021-08-17,50.3300,50.6200,50.1200,50.3200,78463000,44.7398
2021-08-18,50.6900,50.8900,50.3800,50.4000,42994800,44.8110
2021-08-19,49.4100,49.7400,49.3700,49.5400,63275200,44.0463
2021-08-20,49.1300,49.5900,49.1100,49.5000,44682100,44.0108
2021-08-23,49.9700,50.3200,49.8600,50.2500,45453900,44.6776
2021-08-24,51.0000,51.4700,51.0000,51.3900,51292000,45.6912
2021-08-25,51.3300,51.5000,51.2100,51.4500,25272500,45.7445
2021-08-26,51.1300,51.1900,50.9100,50.9600,29030600,45.3089
2021-08-27,51.2600,51.5900,51.1000,51.5900,32971400,45.8690
2021-08-30,51.6600,51.7700,51.4300,51.7000,18518900,45.9668
2021-08-31,52.4700,52.5200,52.3300,52.4100,43226700,46.5981
2021-09-01,52.7300,53.2800,52.7300,53.0800,35980500,47.1938
2021-09-02,53.0200,53.1300,52.7600,52.8400,24988400,46.9804
2021-09-03,52.9500,53.1900,52.9300,53.1200,21311000,47.2293
2021-09-07,53.2900,53.5800,53.2500,53.4300,33509700,47.5050
2021-09-08,53.1100,53.1200,52.5300,52.6500,53397900,46.8115
2021-09-09,52.3900,52.6500,52.3000,52.5500,34707100,46.7226
2021-09-10,52.9500,53.0100,52.4800,52.4900,40329300,46.6692
2021-09-13,52.5600,52.7700,52.3600,52.6300,35318400,46.7937
2021-09-14,52.4900,52.5200,52.0900,52.1900,35994400,46.4025
2021-09-15,52.0100,52.1800,51.8000,52.1800,38735100,46.3936
2021-09-16,51.4300,51.6300,51.2500,51.5900,43721300,45.8690
2021-09-17,51.6100,51.6700,51.2700,51.3700,45481400,45.6734
2021-09-20,50.1500,50.4200,49.5700,49.9900,52798200,44.4464
2021-09-21,50.3600,50.5000,50.1400,50.3600,39347200,44.7754
2021-09-22,50.8300,51.3400,50.8200,50.9900,46189200,45.3356
2021-09-23,51.2300,51.4400,51.1200,51.3900,27138400,45.6912
2021-09-24,50.8500,50.9500,50.7300,50.7800,29743500,45.1488
2021-09-27,50.8300,51.2300,50.6700,51.1100,31181700,45.4422
2021-09-28,50.8600,50.9200,50.2900,50.4500,44156300,44.8554
2021-09-29,50.3200,50.4600,49.9600,49.9800,43140500,44.4375
2021-09-30,50.5600,50.7400,50.2800,50.3800,66460100,44.7932
2021-10-01,50.3700,50.5100,49.8800,50.3300,45259100,44.7487
2021-10-04,49.9100,49.9500,49.2800,49.5900,43597100,44.0908
2021-10-05,49.7300,50.1300,49.6800,49.9400,28761900,44.4020
2021-10-06,49.2000,49.7100,49.1100,49.6600,57466000,44.1530
2021-10-07,50.3700,50.8700,50.3300,50.6300,60345100,45.0155
2021-10-08,50.7600,50.9100,50.6400,50.8200,24990600,45.1844
2021-10-11,51.0700,51.2300,50.7000,50.7200,26808200,45.0955
2021-10-12,50.7500,50.8200,50.4200,50.4600,29309400,44.8643
2021-10-13,50.9300,51.2600,50.7900,51.1600,35305500,45.4867
2021-10-14,51.4300,51.4800,51.1400,51.3200,23980900,45.6290
2021-10-15,51.6300,52.0300,51.5200,51.9400,41223700,46.1802
2021-10-18,51.6100,51.9600,51.5700,51.8100,26239000,46.0646
2021-10-19,52.2100,52.5600,52.1300,52.5000,40639700,46.6781
2021-10-20,52.6200,52.6200,52.3700,52.4900,27540300,46.6692
2021-10-21,52.0900,52.2200,51.9900,52.1500,35404000,46.3669
2021-10-22,52.2100,52.4200,51.8500,52.0400,51231000,46.2691
2021-10-25,52.2800,52.3900,52.0200,52.3100,32479900,46.5092
2021-10-26,52.4400,52.5000,51.9500,52.0400,32195200,46.2691
2021-10-27,51.7200,51.9700,51.5700,51.6200,32422100,45.8957
2021-10-28,51.3900,51.6700,51.2500,51.6700,27363500,45.9401
2021-10-29,50.9900,51.0700,50.6500,50.9200,51488900,45.2733
2021-11-01,50.8900,51.3400,50.8500,51.3200,31197400,45.6290
2021-11-02,50.9500,50.9800,50.7800,50.8600,34098000,45.2200
2021-11-03,50.8000,51.1800,50.6200,51.1000,49350800,45.4333
2021-11-04,51.2100,51.2400,50.8000,50.9800,23722200,45.3267
2021-11-05,51.1600,51.1800,50.7500,50.9200,23969900,45.2733
2021-11-08,51.2800,51.4500,51.2200,51.3900,23735200,45.6912
2021-11-09,51.4200,51.5800,51.1000,51.1900,28482200,45.5134
2021-11-10,51.3100,51.5300,50.8600,50.9800,36032600,45.3267
2021-11-11,51.6500,52.0000,51.6400,51.8600,55636800,46.1091
2021-11-12,51.8500,52.0600,51.7800,52.0000,31956200,46.2335
2021-11-15,52.1200,52.1400,51.7800,51.8300,31610700,46.0824
2021-11-16,51.9100,52.0100,51.7100,51.9000,32898900,46.1446
2021-11-17,51.9600,51.9800,51.4800,51.6300,22601900,45.9046
2021-11-18,51.1200,51.1400,50.7500,51.0000,36719300,45.3444
2021-11-19,51.0600,51.2300,50.8900,50.9200,36975700,45.2733
2021-11-22,50.8500,50.9900,50.4900,50.5100,37116100,44.9088
2021-11-23,50.5200,50.7100,50.2400,50.4600,38638200,44.8643
2021-11-24,50.1400,50.4000,50.0200,50.3900,32810400,44.8021
2021-11-26,49.0700,49.1100,48.5100,48.7000,58023300,43.2995
2021-11-29,49.2100,49.2200,48.7300,48.8900,44405000,43.4684
2021-11-30,48.8900,49.1700,48.3500,48.8400,81647500,43.4240
2021-12-01,49.6100,49.9800,48.9900,49.0200,52613200,43.5840
2021-12-02,49.6100,49.9700,49.3500,49.6200,73971400,44.1175
2021-12-03,49.5600,49.6500,48.7100,48.9200,79115000,43.4951
2021-12-06,48.8800,49.3300,48.6700,49.3000,54871300,43.8330
2021-12-07,49.9100,50.1100,49.8700,50.0800,51825000,44.5265
2021-12-08,50.1000,50.4200,49.9700,50.2800,38176500,44.7043
2021-12-09,50.1200,50.3100,49.9800,50.0400,36476000,44.4909
2021-12-10,50.0300,50.1500,49.9000,50.0800,42011300,44.5265
2021-12-13,48.9800,49.0300,48.4700,48.5900,50773400,43.8203
2021-12-14,48.3100,48.6100,48.2700,48.4800,42023900,43.7211
2021-12-15,48.1600,48.3800,47.6500,48.3400,57129100,43.5949
2021-12-16,48.7200,48.9100,48.3100,48.4000,60401000,43.6490
2021-12-17,48.0400,48.3500,47.9400,48.1600,55420900,43.4325
2021-12-20,47.4900,47.4900,47.1500,47.4400,40091700,42.7832
2021-12-21,47.8300,48.2500,47.8000,48.2400,31786900,43.5047
2021-12-22,48.1000,48.4900,48.0000,48.4700,27630800,43.7121
2021-12-23,48.5400,48.8100,48.4000,48.7200,22174400,43.9376
2021-12-27,48.7300,49.0100,48.7300,48.9400,27011600,44.1360
2021-12-28,48.9600,49.0000,48.7600,48.7800,24529800,43.9917
2021-12-29,48.6900,48.7100,48.3400,48.5600,27939200,43.7933
2021-12-30,48.5000,49.2200,48.5000,49.0900,34900300,44.2950
2021-12-31,48.9800,49.3500,48.8400,48.8500,30439000,44.0784
2022-01-03,49.0800,49.2600,48.7800,49.2000,27572700,44.3942
2022-01-04,49.2600,49.2600,48.9300,49.0300,24579500,44.2408
2022-01-05,48.8000,49.1500,48.2200,48.2300,46425100,43.5190
2022-01-06,48.3600,48.6800,48.1600,48.4500,34288700,43.7175
2022-01-07,48.6900,48.9800,48.5000,48.8900,32640900,44.1145
2022-01-10,48.9400,49.0800,48.5600,48.8900,43581800,44.1145
2022-01-11,49.3100,50.0400,49.1600,50.0200,57536400,45.1341
2022-01-12,50.6400,50.8900,50.4600,50.8500,56499100,45.8830
2022-01-13,50.6400,50.6800,50.0900,50.1300,33229000,45.2334
2022-01-14,49.9900,50.2000,49.8200,50.1100,40642300,45.2153
2022-01-18,49.2100,49.5000,49.1500,49.2200,45012000,44.4123
2022-01-19,49.5900,49.7000,49.3900,49.4300,43998100,44.6017
2022-01-20,50.2600,50.5400,49.6700,49.7200,58279500,44.8634
2022-01-21,49.6200,49.6900,48.9500,49.0000,59673800,44.2138
2022-01-24,48.2300,48.3200,47.1900,48.3100,87752800,43.5911
2022-01-25,48.0300,48.4800,47.7200,48.2200,54804100,43.5099
2022-01-26,48.4900,48.5800,47.5100,47.6100,55516700,42.9595
2022-01-27,47.6000,47.6800,47.0400,47.0600,61062300,42.4632
2022-01-28,47.1600,47.3200,46.6600,47.2900,48799200,42.6708
2022-01-31,47.8900,48.9000,47.8400,48.8400,65614900,44.0694
2022-02-01,49.0200,49.1400,48.6000,49.1400,50158000,44.3401
2022-02-02,49.3300,49.3600,48.7300,49.0600,35128100,44.2679
2022-02-03,48.4500,48.7800,48.3700,48.5400,38246800,43.7987
2022-02-04,48.3200,48.8900,48.2200,48.6600,36644200,43.9070
2022-02-07,48.4500,48.8400,48.4100,48.5600,31917100,43.8167
2022-02-08,48.4800,49.0400,48.4600,49.0300,25562200,44.2408
2022-02-09,49.4400,49.8300,49.3800,49.8000,40082900,44.9356
2022-02-10,49.3900,50.1100,49.3800,49.4700,55440700,44.6378
2022-02-11,49.4900,49.7000,48.6400,48.7200,53838300,43.9611
2022-02-14,48.5100,48.6200,48.1200,48.3800,59439800,43.6543
2022-02-15,49.0300,49.4700,48.9900,49.4300,32938500,44.6017
2022-02-16,49.3700,49.9900,49.3300,49.7900,47236800,44.9266
2022-02-17,49.5600,49.6600,49.1100,49.2100,41245300,44.4032
2022-02-18,49.0300,49.0600,48.6200,48.7200,41312300,43.9611
2022-02-22,48.0200,48.3700,47.7200,48.0300,60704500,43.3385
2022-02-23,48.2400,48.2700,47.3800,47.4700,38873700,42.8332
2022-02-24,45.0400,46.5200,45.0100,46.4900,95679500,41.9489
2022-02-25,46.6900,47.4000,46.4600,47.3500,58887800,42.7249
2022-02-28,46.2500,46.8500,46.1800,46.7300,79366600,42.1655
2022-03-01,46.5000,46.8600,45.8400,46.1100,72297300,41.6060
2022-03-02,46.1500,46.3900,45.7100,46.1900,61858700,41.6782
2022-03-03,46.0100,46.1000,45.4500,45.5400,57514100,41.0917
2022-03-04,44.6400,44.9100,44.3700,44.6200,68351300,40.2616
2022-03-07,43.8600,44.0200,42.9100,42.9500,77557700,38.7547
2022-03-08,43.1700,43.6300,42.7300,43.0900,90831500,38.8810
2022-03-09,43.7700,44.4200,43.6100,44.3100,59840900,39.9819
2022-03-10,43.6200,43.6900,43.2100,43.4800,59158300,39.2329
2022-03-11,43.7300,43.7800,42.5600,42.5700,72846700,38.4118
2022-03-14,42.0700,42.3700,41.4200,41.5400,85651000,37.4824
2022-03-15,40.9600,41.6700,40.8000,41.6000,85987500,37.5366
2022-03-16,43.5300,45.0400,43.3200,44.9500,134225700,40.5594
2022-03-17,44.5600,44.8000,44.1500,44.7200,80743600,40.3518
2022-03-18,44.3500,45.4500,44.2400,45.3600,77755100,40.9293
2022-03-21,44.7000,44.8500,44.3200,44.6600,58558700,40.2977
2022-03-22,45.2800,45.6200,45.2500,45.4700,61380900,41.0286
2022-03-23,45.0300,45.6700,44.9200,45.1700,76986600,40.7579
2022-03-24,45.2000,45.4500,45.0500,45.4100,52016600,40.9744
2022-03-25,45.0000,45.0700,44.7500,45.0500,39294500,40.6496
2022-03-28,45.0900,45.2200,44.8100,45.2000,49757000,40.7849
2022-03-29,45.9800,46.1000,45.7300,45.9700,54088200,41.4797
2022-03-30,45.8900,46.2300,45.7400,45.8400,57717400,41.3624
2022-03-31,45.6300,45.6600,45.1200,45.1500,74448400,40.7398
2022-04-01,46.0100,46.1500,45.6200,45.9000,54193400,41.4166
2022-04-04,46.5000,46.7800,46.3400,46.7100,48057700,42.1474
2022-04-05,46.5200,46.5200,45.7700,45.8500,45058100,41.3714
2022-04-06,45.5500,45.6100,45.0300,45.2500,56877100,40.8300
2022-04-07,44.9900,45.1000,44.6700,44.8900,38954900,40.5052
2022-04-08,45.0200,45.1700,44.8800,44.9300,41263400,40.5413
2022-04-11,44.5400,44.7300,44.3500,44.3700,47878200,40.0360
2022-04-12,44.7300,44.7700,44.1900,44.2300,41815200,39.9097
2022-04-13,44.4700,44.8800,44.4400,44.8100,33529400,40.4330
2022-04-14,44.5700,44.5900,44.2000,44.2300,38915000,39.9097
2022-04-18,44.0000,44.2900,43.8600,44.0800,29106500,39.7743
2022-04-19,43.6200,43.8900,43.4300,43.8600,40066400,39.5758
2022-04-20,43.9100,43.9200,43.5200,43.6000,36373300,39.3412
2022-04-21,43.6100,43.6900,42.6700,42.7600,44857400,38.5833
2022-04-22,42.8400,43.1200,42.3700,42.3800,68371900,38.2404
2022-04-25,41.6800,42.1300,41.5900,42.0700,67643800,37.9607
2022-04-26,41.8000,41.8500,41.1500,41.1500,70774400,37.1305
2022-04-27,41.4600,41.8900,41.4000,41.6300,61594000,37.5636
2022-04-28,41.9700,42.2900,41.5400,42.2300,43763100,38.1050
2022-04-29,43.0300,43.2200,42.3500,42.3800,61703900,38.2404
2022-05-02,42.2600,42.4800,41.8100,42.3200,55015700,38.1862
2022-05-03,42.5900,42.6900,42.4300,42.6300,45593000,38.4660
2022-05-04,42.2000,43.1700,41.9400,43.0900,57175300,38.8810
2022-05-05,42.2000,42.2700,41.1200,41.5000,63268900,37.4463
2022-05-06,41.1100,41.2400,40.6900,40.9300,67425600,36.9320
2022-05-09,40.1900,40.4100,39.7200,39.7500,83251500,35.8673
2022-05-10,40.3500,40.4000,39.5900,39.9400,69865000,36.0387
2022-05-11,40.2100,40.5200,39.6300,39.6600,75198500,35.7861
2022-05-12,39.2500,39.7500,38.9500,39.4000,73481300,35.5515
2022-05-13,39.8400,40.5000,39.8100,40.4900,49196100,36.5350
2022-05-16,40.1900,40.5000,40.1000,40.3300,32425000,36.3906
2022-05-17,41.4000,41.4500,40.9900,41.3200,49516400,37.2839
2022-05-18,41.0300,41.2000,40.2700,40.3300,53296300,36.3906
2022-05-19,40.4900,41.1500,40.4900,40.9700,55163500,36.9681
2022-05-20,41.4100,41.5600,40.5900,41.1400,59025400,37.1215
2022-05-23,41.3900,41.5700,41.1800,41.4500,36619400,37.4012
2022-05-24,40.8100,40.8400,40.3500,40.7300,46400400,36.7516
2022-05-25,40.6200,41.0300,40.5500,40.9300,37863200,36.9320
2022-05-26,40.8600,41.6700,40.8600,41.5700,51355800,37.5095
2022-05-27,41.8600,42.0700,41.7300,42.0500,31262900,37.9426
2022-05-31,43.1300,43.1400,42.6400,42.6400,72069000,38.4750
2022-06-01,42.9100,42.9600,42.1600,42.3400,40495600,38.2043
2022-06-02,42.5100,43.0900,42.4000,43.0700,44322300,38.8630
2022-06-03,42.6600,42.6700,42.2700,42.3700,39337000,38.2314
2022-06-06,43.1300,43.2300,42.4900,42.6000,43126000,38.4389
2022-06-07,42.3400,42.7700,42.2700,42.7300,57455300,38.5562
2022-06-08,42.9400,43.1300,42.7800,42.9600,43591800,38.7637
2022-06-09,42.2200,42.3100,41.5600,41.5900,53116000,37.8465
2022-06-10,41.5000,41.5800,41.0300,41.1300,44176700,37.4279
2022-06-13,40.0600,40.3100,39.5300,39.6900,67647000,36.1175
2022-06-14,40.1000,40.4100,39.9900,40.2400,58868400,36.6180
2022-06-15,40.3800,41.0500,40.1600,40.7700,67577900,37.1003
2022-06-16,39.5500,39.7200,39.2600,39.5200,68035800,35.9628
2022-06-17,39.9500,40.0500,39.4200,39.6700,63646300,36.0993
2022-06-21,40.2400,40.4800,40.1800,40.3100,35943900,36.6817
2022-06-22,39.4800,39.8500,39.4100,39.5900,41337900,36.0265
2022-06-23,39.7100,39.9200,39.3600,39.7100,44261600,36.1357
2022-06-24,40.1700,40.6800,40.1000,40.6500,41176300,36.9911
2022-06-27,40.9200,40.9400,40.6300,40.7000,27076400,37.0366
2022-06-28,41.0300,41.1900,40.4200,40.4500,31095700,36.8091
2022-06-29,40.3600,40.4500,40.1600,40.2900,33969200,36.6635
2022-06-30,39.7500,40.1900,39.5100,40.1000,52233200,36.4906
2022-07-01,39.6200,39.8600,39.3700,39.8500,44010400,36.2631
2022-07-05,39.0300,39.5400,38.8700,39.5400,49452600,35.9810
2022-07-06,39.2500,39.4100,38.9600,39.3000,36060300,35.7626
2022-07-07,39.8400,40.2700,39.8300,40.0900,56831500,36.4815
2022-07-08,39.9600,40.2600,39.8100,40.0900,20993400,36.4815
2022-07-11,39.1800,39.2300,38.8600,39.0200,52682500,35.5078
2022-07-12,38.8600,39.0700,38.6800,38.8700,24669600,35.3713
2022-07-13,38.3000,38.9900,38.3000,38.7800,39435300,35.2894
2022-07-14,38.3700,38.5000,38.0500,38.4300,43245400,34.9709
2022-07-15,38.4500,38.6700,38.1200,38.6300,44468400,35.1529
2022-07-18,39.2400,39.4400,38.8400,38.9000,38982900,35.3986
2022-07-19,39.3500,39.5800,39.2700,39.5400,33006200,35.9810
2022-07-20,39.3900,39.5000,39.1900,39.3700,38969800,35.8263
2022-07-21,39.5000,39.8400,39.4300,39.8200,36814900,36.2358
2022-07-22,39.7300,39.8100,39.2400,39.4200,25611800,35.8718
2022-07-25,39.4900,39.6000,39.3900,39.5600,21653200,35.9992
2022-07-26,39.5700,39.6700,39.1800,39.2500,22891400,35.7171
2022-07-27,39.5700,40.0800,39.4100,39.9800,37678900,36.3814
2022-07-28,40.0400,40.2100,39.5900,40.1500,37796700,36.5361
2022-07-29,39.6300,39.9900,39.4500,39.9600,54050700,36.3632
2022-08-01,39.5500,39.9100,39.3100,39.6200,34808000,36.0538
2022-08-02,39.2700,39.8500,39.1800,39.4300,41014300,35.8809
2022-08-03,39.4900,39.8200,39.3300,39.7400,34939500,36.1630
2022-08-04,40.0000,40.1400,39.8600,40.0200,31865200,36.4178
2022-08-05,39.7700,40.1200,39.7400,40.0600,28488300,36.4542
2022-08-08,40.1300,40.3500,40.0200,40.1100,39087300,36.4997
2022-08-09,40.1500,40.2100,39.8800,39.9600,22828600,36.3632
2022-08-10,40.2300,40.5000,40.0800,40.4600,27028200,36.8182
2022-08-11,40.7900,41.2000,40.5400,40.6200,39235300,36.9638
2022-08-12,40.6200,41.0700,40.6000,41.0500,24877900,37.3551
2022-08-15,40.6900,40.9400,40.6600,40.8600,29734500,37.1822
2022-08-16,40.7600,40.9600,40.7200,40.8500,20907000,37.1731
2022-08-17,40.6500,40.8800,40.5600,40.6800,34206700,37.0184
2022-08-18,40.5300,40.5600,40.2600,40.4500,30611900,36.8091
2022-08-19,40.0800,40.1200,39.7800,39.9000,36042800,36.3086
2022-08-22,39.5800,39.7000,39.5100,39.5500,26934100,35.9901
2022-08-23,39.5900,39.9200,39.5100,39.7600,33028200,36.1812
2022-08-24,39.4400,39.9900,39.4100,39.7500,23561600,36.1721
2022-08-25,40.1800,40.6200,40.1000,40.6100,44653100,36.9547
2022-08-26,40.9200,40.9600,39.9700,40.0100,41080900,36.4087
2022-08-29,39.8300,40.0700,39.7500,39.7600,22689800,36.1812
2022-08-30,39.8900,39.9000,39.1400,39.2900,34508600,35.7535
2022-08-31,39.6700,39.8400,39.4000,39.4300,37142200,35.8809
2022-09-01,39.0500,39.1300,38.7200,39.1200,38353400,35.5988
2022-09-02,39.0500,39.2200,38.6700,38.7600,35916900,35.2712
2022-09-06,38.6200,38.6800,38.2700,38.3000,50091500,34.8526
2022-09-07,38.1200,38.6500,38.0800,38.6400,39074600,35.1620
2022-09-08,38.2400,38.4700,38.1200,38.4300,55415100,34.9709
2022-09-09,38.7800,39.0900,38.7700,39.0000,26119600,35.4896
2022-09-12,39.3700,39.6400,39.2700,39.5800,41791000,36.0174
2022-09-13,38.8100,38.9700,38.2900,38.3600,44191300,34.9072
2022-09-14,38.6000,38.6700,38.3900,38.5500,37146200,35.0801
2022-09-15,38.2700,38.5200,38.0700,38.1400,47618900,34.7070
2022-09-16,37.7800,37.9100,37.6100,37.7900,67125000,34.3885
2022-09-19,37.4800,37.9400,37.4600,37.9100,33531700,34.4977
2022-09-20,37.7300,37.8700,37.5600,37.7000,36967300,34.3066
2022-09-21,37.4800,37.7200,37.0200,37.0700,62370500,33.7333
2022-09-22,37.0500,37.1500,36.8100,36.8900,41989200,33.5695
2022-09-23,36.2100,36.2600,35.8000,35.9800,49807100,32.7414
2022-09-26,35.7600,35.9600,35.4700,35.5400,53011900,32.3410
2022-09-27,35.7800,36.0300,35.3400,35.5000,47114100,32.3046
2022-09-28,35.2700,35.9000,35.1900,35.8100,49946800,32.5867
2022-09-29,35.1800,35.2000,34.7200,35.0100,43114100,31.8587
2022-09-30,34.9200,35.2500,34.8500,34.8800,50082400,31.7404
2022-10-03,35.1200,35.5400,34.9600,35.4500,41489700,32.2591
2022-10-04,36.2000,36.7200,36.1700,36.6100,51598600,33.3147
2022-10-05,36.5100,36.7600,36.2500,36.6300,30037200,33.3329
2022-10-06,36.5100,36.7200,36.3800,36.4100,29747200,33.1327
2022-10-07,36.0700,36.1300,35.5900,35.6500,35957400,32.4411
2022-10-10,35.4200,35.4400,35.0200,35.1500,31109900,31.9861
2022-10-11,34.7600,35.0100,34.4800,34.5900,46679000,31.4765
2022-10-12,34.6200,34.8100,34.5100,34.6300,42471500,31.5129
2022-10-13,33.7500,34.9200,33.6700,34.7300,51431200,31.6039
2022-10-14,34.9500,34.9600,34.1800,34.2100,33384600,31.1307
2022-10-17,34.9100,35.2700,34.9100,35.1500,51122100,31.9861
2022-10-18,35.4900,35.5700,34.9000,35.1600,33911100,31.9952
2022-10-19,34.6100,34.8100,34.3900,34.5200,31393700,31.4128
2022-10-20,34.7700,35.2800,34.7000,34.7400,44240000,31.6130
2022-10-21,34.6600,35.3100,34.5300,35.2700,43879500,32.0953
2022-10-24,33.9700,34.0100,33.4900,33.9300,55046000,30.8759
2022-10-25,33.9800,34.2800,33.9500,34.2100,31871500,31.1307
2022-10-26,34.3100,35.0800,34.3100,34.7700,37973800,31.6403
2022-10-27,34.5300,34.8500,34.4600,34.5000,34227600,31.3946
2022-10-28,34.0300,34.3300,33.9500,34.2900,46296700,31.2035
2022-10-31,33.9200,34.2700,33.9200,34.1900,44107400,31.1125
2022-11-01,35.1000,35.1500,34.7000,34.8200,50932800,31.6858
2022-11-02,34.9000,35.3200,34.5000,34.5300,47639100,31.4219
2022-11-03,34.3000,34.8400,34.2800,34.7300,38319300,31.6039
2022-11-04,36.0300,36.2000,35.6700,36.2000,70533600,32.9416
2022-11-07,36.4300,36.5100,36.0900,36.2200,38404800,32.9598
2022-11-08,36.2900,36.6700,36.1600,36.4800,36282400,33.1964
2022-11-09,36.2100,36.3800,35.8000,35.8500,34148700,32.6231
2022-11-10,36.8200,37.1800,36.6700,37.1500,53986900,33.8061
2022-11-11,37.8700,38.2100,37.7800,38.1600,52270400,34.7252
2022-11-14,37.9500,38.2000,37.7800,37.9300,42158100,34.5159
2022-11-15,39.1200,39.1600,38.5400,38.8000,77069300,35.3076
2022-11-16,38.4700,38.5200,38.1200,38.1800,49376500,34.7434
2022-11-17,37.4900,38.3000,37.4800,38.2500,56473600,34.8071
2022-11-18,38.1400,38.1500,37.8500,38.0300,45040200,34.6069
2022-11-21,37.5400,37.6300,37.3500,37.5500,29250900,34.1701
2022-11-22,37.4600,37.6500,37.3900,37.6400,33677500,34.2520
2022-11-23,37.6900,37.9800,37.6800,37.9500,43490300,34.5341
2022-11-25,37.8400,37.8800,37.7400,37.7700,19986900,34.3703
2022-11-28,37.5900,38.0000,37.5900,37.6000,45015900,34.2156
2022-11-29,38.4000,38.5800,38.3100,38.4100,50909500,34.9527
2022-11-30,39.2400,39.6800,38.9800,39.5200,103403400,35.9628
2022-12-01,39.6300,39.7100,39.2500,39.3900,50195900,35.8445
2022-12-02,39.0100,39.6600,39.0100,39.5400,47593700,35.9810
2022-12-05,39.5300,39.5500,38.9900,39.0900,62268800,35.5715
2022-12-06,39.2400,39.2900,38.9400,39.0400,31558200,35.5260
2022-12-07,38.7500,38.9600,38.6800,38.8100,46263200,35.3167
2022-12-08,39.1900,39.4000,39.0600,39.2800,41138200,35.7444
2022-12-09,39.3500,39.4100,39.0200,39.0200,48742700,35.5078
2022-12-12,38.8800,38.9000,38.5700,38.9000,41524600,35.3986
2022-12-13,39.1100,39.2100,38.5100,38.5900,60886900,35.6517
2022-12-14,38.6000,38.8000,38.3100,38.6100,62300900,35.6702
2022-12-15,38.3200,38.4500,37.6900,37.7200,48081300,34.8480
2022-12-16,37.9000,38.0700,37.7700,37.8300,48065200,34.9496
2022-12-19,38.1100,38.1100,37.7900,37.8600,22995200,34.9773
2022-12-20,37.7300,38.0000,37.6900,37.8500,25688000,34.9681
2022-12-21,37.7900,38.1900,37.7100,38.1900,23607700,35.2822
2022-12-22,38.0800,38.1100,37.5700,37.8500,27011800,34.9681
2022-12-23,37.7900,37.9100,37.6100,37.8000,19543300,34.9219
2022-12-27,38.1300,38.5600,38.0800,38.3600,42338900,35.4392
2022-12-28,38.2600,38.3000,37.7800,37.8000,31813900,34.9219
2022-12-29,38.2300,38.4900,38.1800,38.4300,27088700,35.5039
2022-12-30,38.1400,38.3100,37.7600,37.9000,38297800,35.0143
2023-01-03,38.3400,38.6400,38.1100,38.2200,35557900,35.3099
2023-01-04,38.9000,39.4100,38.6800,39.3700,57044200,36.3723
2023-01-05,38.9900,39.3300,38.9800,39.2500,25175600,36.2615
2023-01-06,39.5000,40.0900,39.2600,40.0700,49058000,37.0190
2023-01-09,40.5500,40.6800,40.3500,40.3700,59967500,37.2962
2023-01-10,40.4800,40.6700,40.2800,40.6600,34936500,37.5641
2023-01-11,40.5900,40.8400,40.5200,40.8300,41854800,37.7212
2023-01-12,40.8900,41.1200,40.5000,41.0300,42088800,37.9059
2023-01-13,40.9800,41.3300,40.9700,41.3000,32838900,38.1554
2023-01-17,41.0200,41.1200,40.9000,41.0700,41016000,37.9429
2023-01-18,41.4300,41.4800,40.7700,40.7900,54860300,37.6842
2023-01-19,40.9600,41.2500,40.9400,41.1000,33834900,37.9706
2023-01-20,41.3900,41.7300,41.2600,41.7300,42854900,38.5526
2023-01-23,41.7900,42.2300,41.7600,42.0300,38252700,38.8298
2023-01-24,41.8700,42.0900,41.8100,42.0600,34713300,38.8575
2023-01-25,41.8400,42.1000,41.6100,42.1000,30325100,38.8945
2023-01-26,42.4400,42.5300,42.2100,42.5000,28722100,39.2640
2023-01-27,42.3600,42.3800,42.1000,42.3000,36989100,39.0792
2023-01-30,41.6300,41.8200,41.4300,41.4500,38598300,38.2940
2023-01-31,41.0900,41.3600,41.0100,41.3600,43197800,38.2108
2023-02-01,41.5500,42.0300,41.2700,41.8700,51809100,38.6820
2023-02-02,41.8700,41.9000,41.4200,41.6200,45943800,38.4510
2023-02-03,41.1100,41.4000,40.7800,40.8800,42341000,37.7674
2023-02-06,40.1500,40.3600,40.0000,40.2800,41471500,37.2131
2023-02-07,40.3400,40.6000,40.0500,40.4400,31941600,37.3609
2023-02-08,40.5400,40.6000,40.2200,40.3900,38255400,37.3147
2023-02-09,40.9600,41.0000,40.4400,40.5800,27083800,37.4902
2023-02-10,40.3500,40.3700,40.0600,40.1900,34463800,37.1299
2023-02-13,40.3300,40.6000,40.2400,40.5200,20906700,37.4348
2023-02-14,40.2300,40.6400,40.1000,40.4500,21664300,37.3701
2023-02-15,39.8400,40.1100,39.7700,40.1100,31114000,37.0560
2023-02-16,39.9200,40.3100,39.8100,40.1200,30045300,37.0652
2023-02-17,39.6700,39.7800,39.5200,39.6800,35131700,36.6587
2023-02-21,39.4000,39.6200,39.1700,39.1800,33984300,36.1968
2023-02-22,39.0700,39.2000,38.8700,38.9900,37035500,36.0213
2023-02-23,39.4900,39.5600,38.9300,39.1800,28551700,36.1968
2023-02-24,38.3100,38.4900,38.1500,38.3000,48596300,35.3838
2023-02-27,38.5300,38.6000,38.4200,38.5000,24344400,35.5686
2023-02-28,38.3600,38.5200,38.1900,38.2300,39670600,35.3191
2023-03-01,39.1700,39.2100,38.9700,39.0500,39597500,36.0767
2023-03-02,38.8700,39.2900,38.8000,39.1900,28952900,36.2060
2023-03-03,39.3200,39.5800,39.2700,39.5400,20682400,36.5294
2023-03-06,39.5100,39.6800,39.3900,39.4000,26014300,36.4001
2023-03-07,39.2400,39.2500,38.7100,38.7400,36382400,35.7903
2023-03-08,38.7500,38.9800,38.7400,38.9000,18795900,35.9381
2023-03-09,38.5100,38.5800,37.9600,38.0400,40118900,35.1436
2023-03-10,38.0200,38.2500,37.8000,37.8400,49329400,34.9588
2023-03-13,37.7300,38.1700,37.6500,37.9000,43071400,35.0143
2023-03-14,37.8400,38.0200,37.7200,37.9200,36333400,35.0327
2023-03-15,37.0900,37.2800,36.9000,37.2700,53217000,34.4322
2023-03-16,37.2100,37.8600,37.1500,37.8400,39880200,34.9588
2023-03-17,37.8100,37.8700,37.4800,37.6100,40165600,34.7463
2023-03-20,37.5300,37.8300,37.4400,37.7500,28310700,34.8757
2023-03-21,38.0400,38.1900,37.8900,38.0900,27670600,35.1898
2023-03-22,38.3700,38.8200,38.2200,38.2400,40375300,35.3284
2023-03-23,38.9700,39.2100,38.5800,38.7700,39622100,35.8180
2023-03-24,38.4600,38.6800,38.3900,38.6700,28044500,35.7256
2023-03-27,38.4000,38.4900,38.2600,38.4600,36646700,35.5316
2023-03-28,38.8000,39.0100,38.7600,39.0100,43707600,36.0397
2023-03-29,39.0000,39.1800,38.9000,39.1200,32173100,36.1414
2023-03-30,39.4600,39.6100,39.3500,39.5100,32982200,36.5017
2023-03-31,39.5100,39.6200,39.3200,39.4600,36174700,36.4555
2023-04-03,39.4400,39.5700,39.3200,39.5400,19637700,36.5294
2023-04-04,39.4700,39.5700,39.3500,39.5400,31518500,36.5294
2023-04-05,39.4600,39.4900,39.0900,39.2300,35785500,36.2430
2023-04-06,39.1400,39.4700,39.0300,39.3900,22277700,36.3908
2023-04-10,39.2700,39.4400,39.2000,39.4300,20271700,36.4278
2023-04-11,39.7700,39.8400,39.6500,39.6700,23177000,36.6495
2023-04-12,39.8000,39.8300,39.3100,39.3900,30341900,36.3908
2023-04-13,39.8500,40.0000,39.8100,39.9300,28752600,36.8897
2023-04-14,39.7500,39.9200,39.5300,39.7200,26673200,36.6957
2023-04-17,39.8800,39.9500,39.7300,39.8900,26173500,36.8527
2023-04-18,39.9600,40.0100,39.7400,39.8400,23990600,36.8065
2023-04-19,39.3800,39.4900,39.3000,39.4400,25851700,36.4370
2023-04-20,39.3900,39.6200,39.2600,39.3800,29763400,36.3816
2023-04-21,39.0400,39.0600,38.7900,39.0100,26632600,36.0397
2023-04-24,38.9200,38.9800,38.7900,38.9200,19963200,35.9566
2023-04-25,38.4000,38.4300,38.1300,38.1900,31095100,35.2822
2023-04-26,38.6600,38.6900,38.3800,38.4100,45521300,35.4854
2023-04-27,38.6300,38.9800,38.5900,38.9300,23496200,35.9658
2023-04-28,38.9400,39.1600,38.9200,39.1300,22481000,36.1506
2023-05-01,38.9700,39.2700,38.9500,39.0000,16797000,36.0305
2023-05-02,38.8500,38.8500,38.4800,38.6200,24041500,35.6794
2023-05-03,38.6600,38.8200,38.5300,38.5600,18827800,35.6240
2023-05-04,38.8800,39.0000,38.7800,38.8700,29417100,35.9104
2023-05-05,39.0500,39.4200,38.9900,39.3900,18248200,36.3908
2023-05-08,39.5300,39.5500,39.3400,39.4100,19721300,36.4093
2023-05-09,39.0100,39.2000,38.9700,39.1700,17294900,36.1876
2023-05-10,39.1300,39.2600,38.9400,39.1500,22410300,36.1691
2023-05-11,38.8100,39.0200,38.7000,39.0100,34620300,36.0397
2023-05-12,38.7400,38.7500,38.4700,38.5500,32789300,35.6148
2023-05-15,38.9600,39.3100,38.8400,39.2600,28911000,36.2707
2023-05-16,38.9900,39.1500,38.9600,38.9800,24887200,36.0120
2023-05-17,38.9800,39.2100,38.9100,39.1600,24358200,36.1783
2023-05-18,39.0100,39.0300,38.7800,38.9500,30378900,35.9843
2023-05-19,39.0500,39.0900,38.9000,38.9800,26847500,36.0120
2023-05-22,39.2600,39.4700,39.2600,39.3000,30254000,36.3077
2023-05-23,38.9500,39.0500,38.6700,38.6900,43844500,35.7441
2023-05-24,38.6500,38.6700,38.3800,38.4000,31559600,35.4762
2023-05-25,38.5100,38.5100,38.2500,38.3200,28492700,35.4023
2023-05-26,38.6600,39.0700,38.6600,39.0000,24941700,36.0305
2023-05-30,38.9000,38.9100,38.4400,38.5500,25536900,35.6148
2023-05-31,38.2400,38.2500,37.9100,38.1900,35917900,35.2822
2023-06-01,38.2500,38.8900,38.2300,38.8700,32875300,35.9104
2023-06-02,39.5000,39.6400,39.4900,39.5400,53717000,36.5294
2023-06-05,39.4300,39.5500,39.3500,39.5300,16947400,36.5202
2023-06-06,39.4500,39.9300,39.4100,39.8800,35447700,36.8435
2023-06-07,39.5600,39.7700,39.3400,39.4000,44313300,36.6852
2023-06-08,39.4300,39.7200,39.4200,39.6800,26886800,36.9459
2023-06-09,39.8300,40.0500,39.8200,39.8600,22199200,37.1135
2023-06-12,39.8800,39.9900,39.8200,39.9400,25267100,37.1880
2023-06-13,40.3700,40.4700,40.2300,40.3400,35053100,37.5605
2023-06-14,40.3500,40.7300,40.3300,40.6400,37898300,37.8398
2023-06-15,40.8400,41.0400,40.7600,41.0200,36328400,38.1936
2023-06-16,41.0900,41.0900,40.7700,40.8800,40001900,38.0632
2023-06-20,40.2900,40.3500,39.9600,40.0800,50477100,37.3184
2023-06-21,39.8600,39.9600,39.7400,39.8900,20771300,37.1415
2023-06-22,39.6400,39.8000,39.5800,39.7500,22804200,37.0111
2023-06-23,39.2300,39.2300,39.0600,39.1700,26321700,36.4711
2023-06-26,39.3300,39.4800,39.2600,39.3000,18302400,36.5921
2023-06-27,39.6200,39.7200,39.5200,39.7000,21799500,36.9646
2023-06-28,39.3900,39.5100,39.3000,39.4600,21628400,36.7411
2023-06-29,39.1600,39.2800,39.1500,39.2500,23278300,36.5456
2023-06-30,39.5600,39.7200,39.4700,39.5600,23366700,36.8342
2023-07-03,40.0100,40.2100,39.9500,40.0000,15417000,37.2439
2023-07-05,39.8300,39.8500,39.6900,39.7600,15853800,37.0204
2023-07-06,39.1700,39.2300,38.8100,38.9500,36352500,36.2662
2023-07-07,39.0800,39.6000,39.0700,39.3900,21518600,36.6759
2023-07-10,39.1500,39.4400,39.1400,39.4200,22273400,36.7038
2023-07-11,39.6600,39.8400,39.4900,39.8200,19616000,37.0763
2023-07-12,40.4300,40.7400,40.4100,40.7100,61015900,37.9050
2023-07-13,40.9300,41.3200,40.9100,41.2400,44062400,38.3984
2023-07-14,41.1400,41.1600,40.9800,41.0100,26724500,38.1843
2023-07-17,40.8400,41.0700,40.6700,41.0600,25782900,38.2308
2023-07-18,40.8300,40.9200,40.6400,40.7600,29377700,37.9515
2023-07-19,40.8200,40.9900,40.6300,40.6800,26941200,37.8770
2023-07-20,40.5000,40.6000,40.3200,40.3800,31226700,37.5977
2023-07-21,40.4900,40.5300,40.2900,40.3200,21620500,37.5418
2023-07-24,40.4600,41.0200,40.4200,40.8700,47123600,38.0539
2023-07-25,41.3700,41.4000,41.1900,41.2100,32437300,38.3705
2023-07-26,41.0300,41.5700,41.0100,41.4500,34963100,38.5940
2023-07-27,41.4800,41.5100,40.9000,40.9400,37548500,38.1191
2023-07-28,41.7400,41.9600,41.6700,41.9300,34529000,39.0409
2023-07-31,41.7900,42.0000,41.7200,41.9500,28029100,39.0595
2023-08-01,41.6100,41.6500,41.3700,41.4200,34635600,38.5660
2023-08-02,40.7500,40.7500,40.3400,40.4300,35588700,37.6442
2023-08-03,40.4800,40.7400,40.4400,40.5900,20893600,37.7932
2023-08-04,40.7000,40.9200,40.4900,40.5400,29249200,37.7467
2023-08-07,40.6500,40.6500,40.3100,40.4800,19419100,37.6908
2023-08-08,39.8700,40.0000,39.6700,39.9900,22600700,37.2346
2023-08-09,40.2500,40.2800,39.9300,40.0900,27936800,37.3277
2023-08-10,40.3800,40.7000,40.0800,40.1500,26321200,37.3835
2023-08-11,39.7000,39.7300,39.4600,39.5600,32303600,36.8342
2023-08-14,39.1800,39.4500,39.0400,39.3700,25510000,36.6573
2023-08-15,39.1800,39.1800,38.8700,38.9200,31837500,36.2383
2023-08-16,38.7000,38.8900,38.5600,38.5700,37596400,35.9124
2023-08-17,39.0500,39.0700,38.6300,38.6600,35544200,35.9962
2023-08-18,38.2600,38.4800,38.2100,38.4000,33913100,35.7541
2023-08-21,38.3400,38.5200,38.2700,38.4900,24331900,35.8379
2023-08-22,38.6400,38.6800,38.3500,38.4100,26689500,35.7634
2023-08-23,38.7000,39.0700,38.6800,39.0200,27643300,36.3314
2023-08-24,39.1600,39.2400,38.8600,38.8700,25776700,36.1917
2023-08-25,38.8800,38.9900,38.5800,38.9100,20154800,36.2290
2023-08-28,39.1900,39.3300,39.1200,39.2900,21426800,36.5828
2023-08-29,39.4000,39.8200,39.2900,39.7900,30243400,37.0483
2023-08-30,39.5700,39.7700,39.5500,39.6600,16164200,36.9273
2023-08-31,39.3700,39.3900,39.1100,39.1700,35424700,36.4711
2023-09-01,39.7100,39.8300,39.5400,39.6300,26152300,36.8994
2023-09-05,39.4200,39.4600,39.2700,39.3100,23571600,36.6014
2023-09-06,39.2200,39.4200,39.0300,39.0900,29118500,36.3966
2023-09-07,38.7000,38.7300,38.5500,38.6300,23907500,35.9683
2023-09-08,38.7400,38.8300,38.6500,38.7100,15126500,36.0428
2023-09-11,39.1400,39.2100,38.9900,39.1900,20748000,36.4897
2023-09-12,38.9000,39.1900,38.8900,39.0700,26259600,36.3780
2023-09-13,39.0300,39.1600,38.9500,39.0200,20707900,36.3314
2023-09-14,39.2500,39.3800,39.1300,39.2800,22611200,36.5735
2023-09-15,39.2900,39.3500,39.0900,39.1300,32981700,36.4338
2023-09-18,39.0100,39.1000,38.9000,39.0800,22967000,36.3873
2023-09-19,38.9100,38.9800,38.7700,38.8500,17394800,36.1731
2023-09-20,38.9600,39.1100,38.6900,38.6900,24521800,36.0241
2023-09-21,38.1000,38.2000,38.0100,38.0200,33915600,35.4003
2023-09-22,38.6400,38.7100,38.4400,38.4700,40006500,35.8193
2023-09-25,38.1500,38.3400,38.1500,38.3000,29050100,35.6610
2023-09-26,37.9200,38.0300,37.7300,37.7600,39426100,35.1582
2023-09-27,37.9500,37.9800,37.6300,37.8200,27723500,35.2141
2023-09-28,37.6500,37.9600,37.5800,37.9200,31425500,35.3072
2023-09-29,38.3300,38.3300,37.8800,37.9500,41783600,35.3351
2023-10-02,37.8800,37.9300,37.6600,37.7600,30529200,35.1582
2023-10-03,37.4000,37.5500,37.2000,37.2600,52953900,34.6927
2023-10-04,37.1900,37.2600,37.0200,37.1500,36174300,34.5903
2023-10-05,37.1600,37.3200,37.0300,37.2900,27725900,34.7206
2023-10-06,37.2800,37.9200,37.2200,37.8300,33737600,35.2234
2023-10-09,37.3200,37.6600,37.2600,37.6500,21799900,35.0558
2023-10-10,37.9000,38.2500,37.8700,38.1900,35189100,35.5586
2023-10-11,38.4700,38.5700,38.2700,38.4300,24577700,35.7821
2023-10-12,38.5100,38.5300,37.9000,38.0000,36022000,35.3817
2023-10-13,38.0300,38.1600,37.7700,37.8600,26187900,35.2513
2023-10-16,37.8600,38.2300,37.8100,38.1400,21117700,35.5120
2023-10-17,37.8300,38.2300,37.8200,38.0400,24251700,35.4189
2023-10-18,37.6800,37.7300,37.4000,37.4600,29849100,34.8789
2023-10-19,37.3500,37.5500,37.2200,37.2400,28401800,34.6740
2023-10-20,36.9200,37.0500,36.7600,36.7900,39070000,34.2551
2023-10-23,36.5200,36.9100,36.3800,36.7600,34568600,34.2271
2023-10-24,36.8900,37.3000,36.8900,37.2300,33962200,34.6647
2023-10-25,36.8500,37.0000,36.7000,36.7400,25267400,34.2085
2023-10-26,36.4700,36.6500,36.4000,36.5600,28415700,34.0409
2023-10-27,36.8900,36.9500,36.4700,36.5300,34216900,34.0130
2023-10-30,37.1000,37.1500,36.7800,36.9100,30506700,34.3668
2023-10-31,36.6100,36.7200,36.4100,36.7000,37734300,34.1713
2023-11-01,36.6900,37.0600,36.6500,37.0400,27879300,34.4878
2023-11-02,37.5900,37.7200,37.4700,37.6900,33661400,35.0930
2023-11-03,38.1900,38.5400,38.1700,38.4600,41736500,35.8100
2023-11-06,38.9600,38.9900,38.7200,38.7700,32347100,36.0986
2023-11-07,38.5300,38.7300,38.3500,38.7000,18218400,36.0334
2023-11-08,38.4700,38.6200,38.3600,38.4400,18963500,35.7914
2023-11-09,38.4200,38.5300,38.0300,38.0800,25631100,35.4562
2023-11-10,38.0800,38.3500,38.0200,38.3500,18540300,35.7076
2023-11-13,38.2200,38.4900,38.1400,38.3400,23437400,35.6983
2023-11-14,38.9200,39.4200,38.9100,39.3600,66042500,36.6480
2023-11-15,39.6900,39.9100,39.6000,39.6900,43281700,36.9552
2023-11-16,39.2400,39.4900,39.1400,39.3100,22868300,36.6014
2023-11-17,39.3200,39.4300,39.2400,39.3600,28460900,36.6480
2023-11-20,39.5400,39.9200,39.5200,39.8500,35801100,37.1042
2023-11-21,39.7500,39.8300,39.5200,39.6000,20929700,36.8714
2023-11-22,39.5500,39.6400,39.3800,39.5200,20006500,36.7970
2023-11-24,39.3600,39.5700,39.3300,39.5400,11365000,36.8156
2023-11-27,39.3700,39.4200,39.2700,39.3800,22925200,36.6666
2023-11-28,39.5600,39.7800,39.4900,39.7100,35006700,36.9739
2023-11-29,39.5100,39.7200,39.4400,39.4800,26049200,36.7597
2023-11-30,39.5700,39.6100,39.2900,39.5600,30482700,36.8342
2023-12-01,39.2900,39.7300,39.2100,39.7300,27140200,36.9925
2023-12-04,39.4200,39.5000,39.1900,39.2800,28074900,36.5735
2023-12-05,38.9300,39.0900,38.8400,39.0400,25462300,36.3500
2023-12-06,39.2800,39.3000,38.9800,38.9900,23069000,36.3035
2023-12-07,39.1200,39.2000,39.0000,39.1800,19735000,36.4804
2023-12-08,38.9300,39.1400,38.8500,39.0100,25195400,36.3221
2023-12-11,39.0100,39.2500,38.9600,39.2400,20426400,36.5362
2023-12-12,39.1200,39.2700,38.9400,39.2500,20278300,36.5456
2023-12-13,39.0200,39.6600,38.8300,39.6400,42607800,36.9087
2023-12-14,39.9000,40.2800,39.9000,40.2200,51998900,37.4487
2023-12-15,40.1800,40.2800,39.9800,39.9800,37110300,37.2253
2023-12-18,39.9500,39.9900,39.7800,39.9600,37419400,37.2066
2023-12-19,40.1300,40.3600,40.1000,40.3000,33688600,37.5232
2023-12-20,39.2900,39.3500,38.7900,38.8400,44766600,36.8477
2023-12-21,39.3800,39.6000,39.3100,39.5700,33402800,37.5403
2023-12-22,39.2600,39.4600,39.2200,39.3800,17082900,37.3600
2023-12-26,39.7000,39.7700,39.5800,39.6900,16173200,37.6541
2023-12-27,39.8900,39.9800,39.8200,39.9200,30120600,37.8723
2023-12-28,40.2800,40.4400,40.2200,40.2300,36660400,38.1664
2023-12-29,40.2000,40.4200,40.1700,40.2100,48758200,38.1475
2024-01-02,39.8300,39.9500,39.6500,39.7400,20839200,37.7016
2024-01-03,39.3300,39.6500,39.3200,39.5200,32220700,37.4928
2024-01-04,39.3900,39.6000,39.3800,39.3900,20922700,37.3695
2024-01-05,39.4500,39.7100,39.3800,39.4400,21875600,37.4170
2024-01-08,39.1700,39.5700,39.1300,39.5500,16208600,37.5213
2024-01-09,38.9800,39.0800,38.9100,38.9900,31344300,36.9900
2024-01-10,38.9400,38.9700,38.8100,38.9000,20149400,36.9046
2024-01-11,39.1100,39.1700,38.7800,39.0600,24682100,37.0564
2024-01-12,39.3400,39.5000,39.1700,39.2000,21605800,37.1893
2024-01-16,38.5100,38.5300,38.1900,38.2500,44484400,36.2880
2024-01-17,37.5000,37.7000,37.4800,37.6800,50591600,35.7472
2024-01-18,37.9700,38.0300,37.8300,37.9900,31884600,36.0413
2024-01-19,38.0800,38.4200,37.9400,38.3900,31372000,36.4208
2024-01-22,37.9500,38.1500,37.9100,38.0500,25753700,36.0982
2024-01-23,38.2100,38.4300,38.1900,38.3800,34710400,36.4113
2024-01-24,39.0700,39.0900,38.7700,38.8100,38215800,36.8193
2024-01-25,38.9700,39.0200,38.7400,38.8600,23157000,36.8667
2024-01-26,38.8200,39.0000,38.7900,38.8900,21031500,36.8952
2024-01-29,39.0000,39.0100,38.7000,38.9100,24133600,36.9141
2024-01-30,38.4900,38.6100,38.4100,38.6000,22928200,36.6200
2024-01-31,38.4600,38.7300,38.2700,38.3900,37689700,36.4208
2024-02-01,38.6200,38.7800,38.5300,38.7600,22048300,36.7718
2024-02-02,38.5900,38.6900,38.4500,38.6500,29803500,36.6675
2024-02-05,38.5500,38.8000,38.4900,38.7000,26934900,36.7149
2024-02-06,39.3100,39.6000,39.2300,39.5800,41288400,37.5498
2024-02-07,39.5000,39.6800,39.4700,39.6300,22270000,37.5972
2024-02-08,39.4600,39.5000,39.3000,39.4100,23485800,37.3885
2024-02-09,39.4600,39.6400,39.2500,39.5800,22416400,37.5498
2024-02-12,39.6400,40.1000,39.6300,39.8900,33026500,37.8439
2024-02-13,39.3800,39.5300,38.9500,39.1400,42252400,37.1323
2024-02-14,39.6100,39.7400,39.5300,39.7000,28923100,37.6636
2024-02-15,39.7300,39.9100,39.7100,39.8900,27273300,37.8439
2024-02-16,40.0500,40.2100,39.9900,40.0800,36729000,38.0241
2024-02-20,40.2400,40.3200,40.0400,40.1400,32493800,38.0810
2024-02-21,40.2200,40.3300,40.0800,40.2100,29069400,38.1475
2024-02-22,40.5700,40.6600,40.4300,40.6200,32548100,38.5364
2024-02-23,40.5900,40.6600,40.4600,40.6000,37973600,38.5174
2024-02-26,40.3800,40.4900,40.3500,40.4200,23804700,38.3467
2024-02-27,40.5300,40.5600,40.4500,40.5000,21206300,38.4226
2024-02-28,40.1200,40.1400,39.9000,39.9700,31288900,37.9198
2024-02-29,40.1800,40.1900,39.9300,39.9900,43973800,37.9387
2024-03-01,40.2800,40.5600,40.2000,40.4800,35477300,38.4036
2024-03-04,40.5400,40.5400,40.3400,40.3900,38144500,38.3182
2024-03-05,40.1900,40.2900,39.9600,40.0300,32915100,37.9767
2024-03-06,40.6400,40.7700,40.5500,40.6100,45875000,38.5269
2024-03-07,40.6700,40.8900,40.5900,40.8600,26916100,38.7641
2024-03-08,40.9900,41.1200,40.7700,40.8200,30341400,38.7262
2024-03-11,40.9000,41.0500,40.8700,40.9100,22761600,38.8115
2024-03-12,41.2500,41.3800,41.0700,41.3600,37392400,39.2385
2024-03-13,41.1900,41.3100,41.1600,41.2300,25742900,39.1151
2024-03-14,41.2600,41.3100,40.9100,41.0200,31566200,38.9159
2024-03-15,40.8400,40.9200,40.7100,40.7700,32816600,38.6787
2024-03-18,41.0100,41.0500,40.7900,40.8400,23107900,38.7451
2024-03-19,40.5800,40.7200,40.4200,40.6400,23851800,38.5554
2024-03-20,40.7200,41.1200,40.6600,41.1000,32308000,38.9918
2024-03-21,41.3800,41.3900,41.1300,41.1500,27655700,39.0392
2024-03-22,40.9000,40.9600,40.7900,40.8600,30355600,38.7641
2024-03-25,40.8000,40.9500,40.8000,40.8900,12894800,38.7926
2024-03-26,40.9900,41.0100,40.8400,40.8600,15363300,38.7641
2024-03-27,40.8400,40.9300,40.7400,40.9300,21819500,38.8305
2024-03-28,41.0200,41.2000,41.0200,41.0800,28296300,38.9728
2024-04-01,41.2600,41.4600,41.0600,41.1500,20857100,39.0392
2024-04-02,41.2900,41.4300,41.2400,41.2800,22346100,39.1626
2024-04-03,41.0900,41.4100,41.0500,41.3100,33272500,39.1910
2024-04-04,41.7200,41.7900,41.1400,41.1600,33317700,39.0487
2024-04-05,41.1100,41.3400,41.0300,41.2500,31564000,39.1341
2024-04-08,41.4700,41.6000,41.4500,41.5200,18452500,39.3903
2024-04-09,41.7900,41.8700,41.6000,41.8000,23963700,39.6559
2024-04-10,41.2900,41.3400,41.0600,41.2300,37281800,39.1151
2024-04-11,41.5300,41.5500,41.2200,41.4800,23648600,39.3523
2024-04-12,40.8900,40.9000,40.4400,40.5300,50234600,38.4510
2024-04-15,40.7700,40.7700,40.2000,40.2700,31290100,38.2044
2024-04-16,39.7300,39.9200,39.6200,39.7400,43707900,37.7016
2024-04-17,39.9500,39.9700,39.5900,39.7100,26019400,37.6731
2024-04-18,39.9000,40.1000,39.7800,39.8700,20581900,37.8249
2024-04-19,39.7100,39.8100,39.5800,39.7100,29537400,37.6731
2024-04-22,39.7900,40.2100,39.7600,40.1400,25738800,38.0810
2024-04-23,40.1800,40.5100,40.1600,40.4700,21907100,38.3941
2024-04-24,40.7200,40.7500,40.4800,40.6100,18118100,38.5269
2024-04-25,40.2700,40.7500,40.2200,40.7000,21962500,38.6123
2024-04-26,41.0800,41.1800,41.0200,41.1700,24407700,39.0582
2024-04-29,41.3700,41.5800,41.3200,41.5700,31041200,39.4377
2024-04-30,41.1800,41.3200,40.9900,40.9900,32748700,38.8874
2024-05-01,41.0600,41.4800,40.9800,41.0300,34489500,38.9254
2024-05-02,41.5800,42.1900,41.4500,42.0900,48855700,39.9310
2024-05-03,42.3400,42.4900,42.1700,42.4700,31815100,40.2915
2024-05-06,42.4700,42.5400,42.4000,42.5100,19706300,40.3295
2024-05-07,42.3100,42.3800,42.2200,42.2700,21316800,40.1018
2024-05-08,42.0000,42.3000,42.0000,42.2800,18933700,40.1113
2024-05-09,42.2500,42.4200,42.1600,42.4100,22204400,40.2346
2024-05-10,42.6900,42.7400,42.4500,42.5000,28056400,40.3200
2024-05-13,42.7900,42.9600,42.7700,42.8200,22233800,40.6236
2024-05-14,42.8600,43.0700,42.8400,43.0500,24295800,40.8418
2024-05-15,43.3600,43.5100,43.1500,43.5100,30011900,41.2782
2024-05-16,43.5500,43.7000,43.4500,43.6000,27395100,41.3636
2024-05-17,43.6300,43.8700,43.5500,43.7900,30865100,41.5438
2024-05-20,43.5300,43.7100,43.5000,43.6300,24234000,41.3920
2024-05-21,43.3600,43.4300,43.2400,43.3600,18470000,41.1359
2024-05-22,43.4000,43.4300,43.1300,43.2200,23030800,41.0031
2024-05-23,43.4400,43.4700,42.8200,42.9000,28607000,40.6995
2024-05-24,42.9700,43.1300,42.9400,43.0200,20986300,40.8133
2024-05-28,43.1600,43.2500,42.8800,42.9600,21179400,40.7564
2024-05-29,42.3600,42.4000,42.2400,42.3200,30803500,40.1492
2024-05-30,42.0400,42.3100,42.0200,42.2000,20741500,40.0354
2024-05-31,41.8000,41.8200,41.4600,41.7900,49609100,39.6464
2024-06-03,42.3800,42.4300,42.0500,42.2300,33839300,40.0638
2024-06-04,41.5600,41.7200,41.4100,41.6400,38401100,39.5041
2024-06-05,42.0600,42.3400,41.9800,42.3100,28092300,40.1397
2024-06-06,42.5100,42.5600,42.3700,42.5200,26450400,40.3390
2024-06-07,42.3600,42.4200,42.0100,42.0400,37626400,39.8836
2024-06-10,42.1100,42.3700,42.0100,42.2900,30846300,40.1208
2024-06-11,41.8000,41.8600,41.6100,41.8600,35763000,39.9870
2024-06-12,42.4100,42.5300,42.2000,42.2800,34679600,40.3882
2024-06-13,42.3300,42.4100,42.0300,42.1800,21553600,40.2927
2024-06-14,42.0900,42.2600,42.0200,42.2300,18813600,40.3405
2024-06-17,42.3400,42.5700,42.2300,42.5000,21037700,40.5984
2024-06-18,42.6000,42.9700,42.6000,42.8900,35675300,40.9709
2024-06-20,43.0800,43.0800,42.6600,42.8200,43438100,40.9041
2024-06-21,42.7300,42.8200,42.6500,42.6700,20232900,40.7608
2024-06-24,42.7500,42.9900,42.6600,42.6700,19840000,40.7608
2024-06-25,42.6000,42.6000,42.4600,42.5700,25337500,40.6653
2024-06-26,42.4600,42.5400,42.3800,42.4800,18961900,40.5793
2024-06-27,42.7000,42.7100,42.4700,42.5100,24041500,40.6079
2024-06-28,42.7800,42.8100,42.5100,42.5900,22614500,40.6844
2024-07-01,42.8600,42.9200,42.6200,42.6900,18805300,40.7799
2024-07-02,42.5400,42.8400,42.5200,42.8200,21593200,40.9041
2024-07-03,43.1000,43.4700,43.1000,43.4500,27233300,41.5059
2024-07-05,43.6200,43.6500,43.3100,43.6300,21337800,41.6778
2024-07-08,43.7400,43.8100,43.6100,43.6400,18685200,41.6874
2024-07-09,43.7300,43.8800,43.6700,43.8200,19364300,41.8593
2024-07-10,43.9800,44.0800,43.8900,44.0700,15332700,42.0981
2024-07-11,44.5400,44.5800,44.2100,44.3300,35650400,42.3465
2024-07-12,44.4700,44.6400,44.4600,44.5100,24799300,42.5185
2024-07-15,44.2700,44.2900,43.9900,44.0400,24174900,42.0695
2024-07-16,44.0600,44.3000,44.0200,44.2900,19234300,42.3083
2024-07-17,43.7500,43.8200,43.5400,43.5700,42630900,41.6205
2024-07-18,43.6500,43.6800,43.0900,43.1600,42400100,41.2289
2024-07-19,43.0100,43.0700,42.7400,42.7400,34590700,40.8277
2024-07-22,43.0200,43.1400,42.9100,43.1000,17057500,41.1715
2024-07-23,42.7800,42.8500,42.6600,42.7200,22891900,40.8085
2024-07-24,42.5300,42.5800,42.0900,42.1000,28113700,40.2163
2024-07-25,41.9200,42.2500,41.7800,41.9300,27940500,40.0539
2024-07-26,42.2800,42.4600,42.1900,42.3600,21393700,40.4647
2024-07-29,42.3200,42.3300,42.0700,42.2200,14299200,40.3309
2024-07-30,42.2500,42.2600,41.8900,42.0300,19193600,40.1494
2024-07-31,42.9500,43.1100,42.8200,42.9500,38600400,41.0283
2024-08-01,42.7900,42.8800,42.0900,42.2000,35497100,40.3118
2024-08-02,41.5300,41.6700,41.3700,41.6000,36857000,39.7387
2024-08-05,39.4100,40.6900,39.3900,40.4200,60439500,38.6115
2024-08-06,40.2800,40.9500,40.2000,40.6500,32540200,38.8312
2024-08-07,41.5600,41.5900,40.8800,40.9000,36654400,39.0700
2024-08-08,41.4500,41.8600,41.3100,41.8300,30021900,39.9584
2024-08-09,41.9300,42.1400,41.7700,42.0600,21142800,40.1781
2024-08-12,42.1600,42.3700,42.0900,42.2000,15042300,40.3118
2024-08-13,42.3100,42.6800,42.2900,42.6700,21073600,40.7608
2024-08-14,42.6100,42.6300,42.2800,42.4400,17537100,40.5411
2024-08-15,42.6500,43.0000,42.5700,42.9100,26914000,40.9900
2024-08-16,43.1600,43.4300,43.1400,43.4100,31457900,41.4677
2024-08-19,43.6300,43.9100,43.5700,43.8300,26716600,41.8689
2024-08-20,43.7000,43.7100,43.3800,43.4900,19230800,41.5441
2024-08-21,43.5100,43.7500,43.5000,43.6600,14644400,41.7065
2024-08-22,43.5400,43.5500,43.0600,43.1200,22515000,41.1906
2024-08-23,43.5500,43.9300,43.4400,43.8400,27848700,41.8784
2024-08-26,43.6100,43.6600,43.4100,43.4700,18429300,41.5250
2024-08-27,43.4700,43.5900,43.3500,43.5300,14424700,41.5823
2024-08-28,43.4200,43.4500,43.1000,43.2600,15443000,41.3244
2024-08-29,43.3400,43.5100,43.2600,43.2800,15497600,41.3435
2024-08-30,43.5000,43.5200,43.1800,43.3700,29450400,41.4295
2024-09-03,42.9600,43.0100,42.4600,42.5100,35293700,40.6079
2024-09-04,42.4000,42.7500,42.4000,42.5000,24895900,40.5984
2024-09-05,42.5200,42.7300,42.4300,42.5600,22513900,40.6557
2024-09-06,42.5400,42.5900,41.7500,41.7800,32436800,39.9106
2024-09-09,42.0300,42.2300,41.9700,42.1300,19917400,40.2449
2024-09-10,42.0500,42.0500,41.6900,41.9700,19700400,40.0921
2024-09-11,41.9000,42.3000,41.5600,42.2800,26253300,40.3882
2024-09-12,42.3700,42.6400,42.2600,42.6300,19993200,40.7226
2024-09-13,42.7700,42.9000,42.7500,42.8300,16882300,40.9136
2024-09-16,42.9900,43.0100,42.7800,42.9700,14733000,41.0474
2024-09-17,43.1900,43.2200,42.9100,43.0200,20623700,41.0951
2024-09-18,43.1000,43.4400,42.8100,42.8700,26010500,40.9518
2024-09-19,43.6200,43.8800,43.3700,43.7800,41025500,41.8211
2024-09-20,43.8100,43.8500,43.5400,43.6900,33038100,41.7351
2024-09-23,43.9200,44.1700,43.8900,44.0300,24891700,42.0599
2024-09-24,45.1600,45.6400,44.9900,45.5300,64472700,43.4928
2024-09-25,45.2500,45.3700,45.0200,45.0500,41967800,43.0343
2024-09-26,46.7200,46.8800,46.3000,46.7000,80876300,44.6105
2024-09-27,46.6700,46.9500,46.5300,46.6100,51540100,44.5245
2024-09-30,46.3500,46.3800,45.7500,45.8600,61400400,43.8080
2024-10-01,46.1000,46.2100,45.5900,46.1900,38648900,44.1233
2024-10-02,47.1000,47.1500,46.7300,47.1000,55790400,44.9926
2024-10-03,46.2500,46.7200,46.2000,46.5400,31198300,44.4576
2024-10-04,46.8800,46.9900,46.6800,46.9700,29476800,44.8684
2024-10-07,47.3000,47.4400,47.0200,47.3600,42198000,45.2409
2024-10-08,46.1400,46.2900,45.7900,46.1900,47817300,44.1233
2024-10-09,45.5800,46.0600,45.5300,45.9400,35395800,43.8845
2024-10-10,46.0200,46.1300,45.6400,46.0300,18052400,43.9704
2024-10-11,45.7500,46.3800,45.7000,46.3600,28389200,44.2857
2024-10-14,46.0100,46.4300,45.8900,46.1700,20415200,44.1042
2024-10-15,45.7500,45.7800,45.0800,45.1900,31270700,43.1680
2024-10-16,45.5100,45.7000,45.4500,45.5400,25111200,43.5024
2024-10-17,45.4000,45.5600,45.2400,45.4700,36885700,43.4355
2024-10-18,46.1700,46.1800,45.8700,45.9200,30391600,43.8654
2024-10-21,45.5400,45.7100,45.3400,45.6000,19614900,43.5597
2024-10-22,45.3800,45.6000,45.3600,45.5000,19243400,43.4642
2024-10-23,45.3400,45.4700,45.0600,45.2300,19822000,43.2062
2024-10-24,45.1800,45.2400,44.9500,45.1600,16257100,43.1394
2024-10-25,45.3100,45.4600,45.0500,45.1200,21428500,43.1012
2024-10-28,45.2200,45.4200,45.1600,45.3200,15169300,43.2922
2024-10-29,45.3000,45.3400,45.1400,45.1800,15439300,43.1585
2024-10-30,44.7200,44.9300,44.6500,44.7400,24149900,42.7382
2024-10-31,44.6000,44.6000,44.1900,44.4500,43988700,42.4611
2024-11-01,44.7800,44.9100,44.4800,44.4900,17525900,42.4993
2024-11-04,44.9400,45.0800,44.7200,44.7400,24674200,42.7382
2024-11-05,45.2300,45.4100,45.1900,45.3500,21398300,43.3209
2024-11-06,44.5300,44.9400,44.3500,44.7900,37143300,42.7859
2024-11-07,45.5500,45.9100,45.5300,45.7800,39247600,43.7316
2024-11-08,45.0100,45.0900,44.4600,44.6500,44833800,42.6522
2024-11-11,44.4800,44.5000,44.1700,44.3100,21342300,42.3274
2024-11-12,43.6900,43.7300,43.3300,43.4700,33946300,41.5250
2024-11-13,43.5200,43.5300,43.1200,43.1900,26586800,41.2575
2024-11-14,43.1300,43.2300,42.9400,42.9500,34443200,41.0283
2024-11-15,43.0900,43.1200,42.8500,42.9500,29127800,41.0283
2024-11-18,43.1600,43.4600,43.1600,43.4400,27765000,41.4963
2024-11-19,43.3000,43.5200,43.2700,43.4100,16624500,41.4677
2024-11-20,43.3500,43.3900,43.1300,43.3600,18358000,41.4199
2024-11-21,43.2200,43.3100,43.0700,43.2700,16086900,41.3339
2024-11-22,43.1100,43.2900,43.1000,43.2800,14104100,41.3435
2024-11-25,43.4600,43.4800,43.1900,43.3100,18855100,41.3721
2024-11-26,43.3100,43.3200,43.0800,43.1300,19119700,41.2002
2024-11-27,43.3900,43.4400,43.0300,43.1900,17922000,41.2575
2024-11-29,42.8100,43.3000,42.8000,43.2600,17372200,41.3244
2024-12-02,43.3600,43.4900,43.2100,43.4300,16508700,41.4868
2024-12-03,43.2600,43.5500,43.1000,43.5200,49462500,41.5728
2024-12-04,43.6600,43.7000,43.4900,43.6300,21339100,41.6778
2024-12-05,43.8500,43.9700,43.8300,43.9200,23736100,41.9548
2024-12-06,44.0300,44.0600,43.7900,43.8500,13142400,41.8880
2024-12-09,44.7900,45.1000,44.7300,44.7500,34841300,42.7477
2024-12-10,44.2800,44.3200,44.0000,44.0300,26979800,42.0599
2024-12-11,44.1300,44.2400,43.9900,44.2100,20405600,42.2319
2024-12-12,44.0600,44.2200,43.9300,43.9900,17662900,42.0217
2024-12-13,44.1000,44.1100,43.8800,44.0300,19381200,42.0599
2024-12-16,43.8300,43.9600,43.7800,43.7900,32259800,41.8307
2024-12-17,42.7200,43.0100,42.6900,42.9600,30224000,41.7306
2024-12-18,42.9000,43.0100,41.8800,41.9600,33249500,40.7592
2024-12-19,42.3700,42.4100,42.1000,42.1000,31146900,40.8952
2024-12-20,41.9600,42.4900,41.9300,42.2700,25512200,41.0604
2024-12-23,42.2800,42.5500,42.2100,42.5100,17955400,41.2935
2024-12-24,42.5100,42.6700,42.4600,42.6400,7066800,41.4198
2024-12-26,42.3600,42.5800,42.3400,42.4900,16152200,41.2741
2024-12-27,42.2300,42.3300,42.1100,42.3000,22672400,41.0895
2024-12-30,42.0400,42.0900,41.8400,41.9600,25055000,40.7592
2024-12-31,41.9400,42.0400,41.7900,41.8200,40524000,40.6232
2025-01-02,41.8700,41.9900,41.6800,41.7600,25287200,40.5650
2025-01-03,42.0900,42.1900,41.9600,42.1500,17706000,40.9438
2025-01-06,42.6000,42.7300,42.2800,42.3000,26200900,41.0895
2025-01-07,42.4600,42.4700,41.9600,42.0000,30912500,40.7981
2025-01-08,41.7400,41.8500,41.6100,41.8000,20257500,40.6038
2025-01-10,41.2700,41.2700,41.0200,41.0900,42204300,39.9141
2025-01-13,40.6300,40.8300,40.6100,40.8100,28154900,39.6421
2025-01-14,41.3400,41.3900,41.1400,41.2700,23438600,40.0890
2025-01-15,41.7100,41.8300,41.6200,41.8100,22557000,40.6135
2025-01-16,41.9400,41.9500,41.7500,41.7600,17711400,40.5650
2025-01-17,41.9600,42.3800,41.9000,42.0900,30692300,40.8855
2025-01-21,42.4600,42.6000,42.2900,42.5400,16728200,41.3226
2025-01-22,42.6000,42.6800,42.4500,42.5700,16894600,41.3518
2025-01-23,42.4800,42.7100,42.4000,42.6700,15212800,41.4489
2025-01-24,42.9100,43.0500,42.7500,42.9500,20962800,41.7209
2025-01-27,42.2000,42.3200,42.0800,42.1700,25964200,40.9632
2025-01-28,42.2400,42.5000,41.9900,42.4800,22438200,41.2644
2025-01-29,42.7300,42.8200,42.4400,42.4900,24922400,41.2741
2025-01-30,42.8200,43.3400,42.8000,43.2100,30450300,41.9735
2025-01-31,43.2200,43.3200,42.6500,42.7200,29974700,41.4975
2025-02-03,42.0200,42.6700,41.9700,42.4100,37505700,41.1964
2025-02-04,42.9400,43.3100,42.8800,43.1700,26992900,41.9346
2025-02-05,43.0100,43.1700,42.9500,43.0600,21829200,41.8278
2025-02-06,43.2000,43.2600,43.1100,43.2400,19365700,42.0026
2025-02-07,43.6200,43.7200,43.1600,43.2000,32804300,41.9637
2025-02-10,43.6200,43.7200,43.5100,43.7200,19596700,42.4689
2025-02-11,43.4200,43.6500,43.3500,43.5500,19596800,42.3037
2025-02-12,43.4900,43.9500,43.3800,43.7900,19986000,42.5369
2025-02-13,43.4900,44.0700,43.4800,44.0700,22841000,42.8088
2025-02-14,44.3600,44.4100,44.1900,44.4100,24329400,43.1391
2025-02-18,44.7600,44.7900,44.5900,44.6900,23037100,43.4111
2025-02-19,44.6500,44.6900,44.5200,44.6200,20275200,43.3431
2025-02-20,44.9500,45.2300,44.8000,45.0300,29210500,43.7414
2025-02-21,45.2600,45.4200,44.7400,44.9000,33974700,43.6151
2025-02-24,44.6500,44.6600,44.1900,44.2100,38307000,42.9448
2025-02-25,44.3500,44.3700,44.0600,44.2400,19955500,42.9740
2025-02-26,44.7500,44.9900,44.5700,44.6800,25171000,43.4014
2025-02-27,44.3000,44.4000,43.7800,43.8100,30518900,42.5563
2025-02-28,43.0500,43.2600,42.8600,43.2100,52402300,41.9735
2025-03-03,43.4600,43.6000,42.6800,42.8300,45587700,41.6043
2025-03-04,42.9800,43.5600,42.7100,43.1900,30082400,41.9540
2025-03-05,43.9600,44.5500,43.8300,44.4800,47763400,43.2071
2025-03-06,44.4500,44.6400,44.1600,44.2000,33544500,42.9351
2025-03-07,44.3400,44.5400,44.0100,44.4200,23474500,43.1488
2025-03-10,43.7500,43.8800,43.0900,43.3600,29502500,42.1192
2025-03-11,43.7300,43.9500,43.4200,43.7200,21184100,42.4689
2025-03-12,43.9100,44.0200,43.6300,43.9600,17731600,42.7020
2025-03-13,43.5200,43.9100,43.4900,43.7800,17870100,42.5271
2025-03-14,44.3100,44.5900,44.2600,44.5800,21858400,43.3043
2025-03-17,44.7400,45.4000,44.7400,45.3400,37712400,44.0425
2025-03-18,45.2500,45.2800,44.9400,45.1100,19974200,43.8191
2025-03-19,45.2900,45.3800,45.0000,45.2200,31657500,43.9259
2025-03-20,44.6000,44.8700,44.5400,44.8000,25180900,43.5180
2025-03-21,44.4400,44.6500,44.4000,44.5800,19403800,43.3043
2025-03-24,44.7500,44.9000,44.6600,44.7800,20479000,43.4985
2025-03-25,44.7400,44.8600,44.6100,44.6500,29535900,43.3723
2025-03-26,44.6200,44.6800,44.3200,44.3800,22002200,43.1100
2025-03-27,44.4200,44.7600,44.4200,44.6000,15749100,43.3237
2025-03-28,44.1700,44.2200,43.7000,43.7700,27866500,42.5174
2025-03-31,43.3100,43.7400,43.1600,43.7000,25638300,42.4494
2025-04-01,43.6500,43.9600,43.5100,43.8400,21530300,42.5854
2025-04-02,43.7200,44.0400,43.7100,43.9000,18068100,42.6437
2025-04-03,42.9800,43.2900,42.9600,42.9700,26997500,41.7403
2025-04-04,41.3500,41.4800,40.1400,40.5800,75853000,39.4187
2025-04-07,38.8400,40.5400,38.5700,39.0700,87724900,37.9519
2025-04-08,40.2200,40.2500,38.1900,38.5200,57879100,37.4177
2025-04-09,38.7400,41.3300,38.4600,41.1900,71100600,40.0113
2025-04-10,40.8300,40.8900,39.8300,40.4800,44475900,39.3216
2025-04-11,41.1200,41.8100,40.9700,41.7500,43956500,40.5552
2025-04-14,42.0300,42.3800,41.8600,42.1300,22549600,40.9244
2025-04-15,42.2000,42.3500,42.0800,42.0900,18077500,40.8855
2025-04-16,41.7900,42.0300,41.4300,41.6000,19984700,40.4095
2025-04-17,42.0600,42.2300,41.8800,41.9200,23264400,40.7204
2025-04-21,42.1700,42.2200,41.6100,41.9100,16440700,40.7107
2025-04-22,42.3800,42.8300,42.3400,42.5400,25716100,41.3226
2025-04-23,43.2900,43.5200,42.9800,43.0300,24787400,41.7986
2025-04-24,43.1500,43.5800,43.1000,43.5300,28843500,42.2843
2025-04-25,43.2200,43.4500,43.1400,43.4500,18363700,42.2066
2025-04-28,43.5100,43.5900,43.3200,43.5300,11002200,42.2843
2025-04-29,43.5900,43.7600,43.5600,43.6500,12809100,42.4009
2025-04-30,43.5900,43.8300,43.4100,43.7600,20928800,42.5077
2025-05-01,43.9300,43.9600,43.7100,43.7500,14740500,42.4980
2025-05-02,45.1500,45.1700,44.8400,45.0000,33945900,43.7122
2025-05-05,45.4600,45.5300,45.3400,45.3400,22661100,44.0425
2025-05-06,45.0000,45.3400,44.9800,45.1600,17418700,43.8677
2025-05-07,44.8200,44.8300,44.5200,44.6400,23390500,43.3625
2025-05-08,44.7900,44.8700,44.5600,44.6100,17573700,43.3334
2025-05-09,45.1000,45.1600,44.8300,44.9100,16091100,43.6248
2025-05-12,46.0200,46.0200,45.7100,45.8800,26843500,44.5671
2025-05-13,45.5700,46.1300,45.5400,45.9600,23970300,44.6448
2025-05-14,46.4100,46.4600,46.2500,46.3100,22561700,44.9848
2025-05-15,46.2300,46.2900,46.0400,46.2900,21682500,44.9653
2025-05-16,46.2100,46.3000,46.0600,46.2600,23296900,44.9362
2025-05-19,45.9400,46.3700,45.9400,46.3600,16823000,45.0333
2025-05-20,46.1700,46.3200,46.1300,46.3100,20233700,44.9848
2025-05-21,46.4900,46.6000,46.1200,46.1900,25570400,44.8682
2025-05-22,45.9700,46.1500,45.9000,46.0400,16773000,44.7225
2025-05-23,45.9100,46.3100,45.8700,46.2300,22018900,44.9070
2025-05-27,46.0700,46.1800,45.9700,46.1200,26278900,44.8002
2025-05-28,46.0000,46.0200,45.8700,45.9100,26970500,44.5962
2025-05-29,46.3200,46.3400,45.9300,46.0800,24291700,44.7613
2025-05-30,45.6600,45.6600,45.2300,45.5200,42291600,44.2174
2025-06-02,45.6900,45.8700,45.5200,45.8500,20576500,44.5379
2025-06-03,45.8400,46.0100,45.7400,45.9600,20943400,44.6448
2025-06-04,46.4000,46.5900,46.3500,46.5300,26497800,45.1985
2025-06-05,46.9300,46.9800,46.6500,46.7700,26292800,45.4316
2025-06-06,46.8100,46.9500,46.7200,46.9200,16629900,45.5773
2025-06-09,47.1700,47.3900,47.1100,47.3200,22715200,45.9658
2025-06-10,47.5500,47.6300,47.3400,47.5900,26583600,46.2281
2025-06-11,47.8400,47.9700,47.7300,47.7900,28230800,46.4224
2025-06-12,47.7300,47.9000,47.6900,47.8700,19734400,46.5001
2025-06-13,47.0000,47.3000,46.9800,47.1100,35198100,45.7619
2025-06-16,47.1800,47.5000,47.1800,47.2300,26995900,46.3229
2025-06-17,46.9100,47.0100,46.5400,46.6100,35176900,45.7148
2025-06-18,46.6200,46.7900,46.4800,46.6000,26286900,45.7050
2025-06-20,46.7800,46.7800,46.2900,46.3300,32783300,45.4402
2025-06-23,46.2500,46.7200,46.1500,46.7100,22233200,45.8129
2025-06-24,47.4400,47.9400,47.4100,47.9200,36113900,46.9996
2025-06-25,47.9000,47.9900,47.8200,47.9600,23739200,47.0388
2025-06-26,48.1800,48.3600,48.0500,48.2800,21962200,47.3527
2025-06-27,48.0400,48.2500,47.9600,48.0900,37593400,47.1664
2025-06-30,48.0000,48.2700,47.9000,48.2400,32966300,47.3135
2025-07-01,48.3500,48.4200,48.1900,48.3300,25393000,47.4017
2025-07-02,48.1700,48.5400,48.1300,48.5400,23950600,47.6077
2025-07-03,48.5800,48.8000,48.5800,48.7600,20080100,47.8235
2025-07-07,48.2800,48.3900,47.9600,48.0700,24462300,47.1467
2025-07-08,48.3700,48.4200,48.2400,48.3700,16316900,47.4410
2025-07-09,48.3800,48.3800,48.1500,48.2900,14846200,47.3625
2025-07-10,48.3800,48.4300,48.2000,48.4200,21892100,47.4900
2025-07-11,48.3400,48.3900,48.2200,48.2600,27338400,47.3331
2025-07-14,48.2700,48.3700,48.2000,48.3300,16882100,47.4017
2025-07-15,48.8400,48.8800,48.6100,48.6800,24890500,47.7450
2025-07-16,48.6600,48.9200,48.4800,48.9100,32620000,47.9706
2025-07-17,48.8500,49.2200,48.8000,49.1900,22323900,48.2452
2025-07-18,49.3300,49.4200,49.0500,49.0800,23408000,48.1373
2025-07-21,49.3300,49.6000,49.2500,49.4000,16861700,48.4512
2025-07-22,49.2600,49.4400,49.0500,49.4300,22316500,48.4806
2025-07-23,49.7400,49.9600,49.6900,49.9300,23744600,48.9710
2025-07-24,49.7800,49.8500,49.6300,49.6600,18948000,48.7062
2025-07-25,49.3800,49.5400,49.3100,49.5100,15605000,48.5591
2025-07-28,49.2900,49.3400,49.0900,49.1800,27703400,48.2354
2025-07-29,49.2900,49.3500,49.1300,49.2000,24742400,48.2550
2025-07-30,49.0400,49.1300,48.7400,48.8400,37855400,47.9019
2025-07-31,48.7300,48.8100,48.4800,48.5600,30587100,47.6273
2025-08-01,48.3800,48.3800,47.9800,48.2000,27234300,47.2742
2025-08-04,48.7400,48.7900,48.5600,48.7000,32920400,47.7646
2025-08-05,48.9600,49.0200,48.7300,48.8400,18709100,47.9019
2025-08-06,48.9000,49.1000,48.8000,49.0700,17094000,48.1275
2025-08-07,49.6000,49.6800,49.3500,49.4800,23378900,48.5297
2025-08-08,49.3300,49.4600,49.2900,49.4400,16926700,48.4904
2025-08-11,49.4000,49.4600,49.2300,49.3000,15176100,48.3531
2025-08-12,49.5100,49.9300,49.4700,49.9000,22908400,48.9416
2025-08-13,50.4500,50.5900,50.4100,50.5000,28585500,49.5301
2025-08-14,49.8700,50.0100,49.7400,49.8800,28016600,48.9220
2025-08-15,50.0300,50.0800,49.8800,49.9400,24042600,48.9808
2025-08-18,50.1600,50.2400,50.1000,50.2300,19212500,49.2653
2025-08-19,50.1000,50.1000,49.7600,49.8200,17226800,48.8631
2025-08-20,49.7300,49.8000,49.4500,49.7500,20299200,48.7945
2025-08-21,49.5800,49.7400,49.5400,49.6400,14428500,48.6866
2025-08-22,49.9300,50.6300,49.8900,50.6300,31264200,49.6576
2025-08-25,50.5400,50.6700,50.3300,50.3400,23701400,49.3731
2025-08-26,50.2900,50.3600,50.1600,50.2100,25684000,49.2456
2025-08-27,49.6300,49.9300,49.5900,49.9100,31452900,48.9514
2025-08-28,49.8600,50.1200,49.8400,50.1000,21353800,49.1377
2025-08-29,49.8100,49.9000,49.6500,49.8600,24867400,48.9024
2025-09-02,49.4100,49.8300,49.3500,49.8200,24343900,48.8631
2025-09-03,49.9700,50.0700,49.8800,50.0100,29035600,49.0495
2025-09-04,49.6900,49.8500,49.5300,49.8500,14791900,48.8925
2025-09-05,50.5300,50.6200,50.1800,50.4500,24805800,49.4810
2025-09-08,50.7100,50.9200,50.6300,50.9100,23345100,49.9322
2025-09-09,51.1100,51.2900,51.1000,51.1900,23818600,50.2068
2025-09-10,51.6000,51.7500,51.5000,51.5400,27152000,50.5501
2025-09-11,51.8900,52.3200,51.8700,52.2900,38948300,51.2857
2025-09-12,52.3300,52.3500,52.1900,52.2600,17773100,51.2563
2025-09-15,52.5800,52.6700,52.4900,52.6400,22076400,51.6290
2025-09-16,52.8800,53.0700,52.7700,53.0300,28614400,52.0115
2025-09-17,53.2500,53.6700,52.9900,53.2600,53353400,52.2371
2025-09-18,52.9100,53.1600,52.7900,53.1300,30544400,52.1096
2025-09-19,53.0700,53.1200,52.9100,53.0100,37385100,51.9919
2025-09-22,53.0500,53.2800,52.9800,53.2700,18357700,52.2469
2025-09-23,53.3200,53.5300,53.2500,53.3000,21298600,52.2763
2025-09-24,53.2600,53.3500,53.0500,53.1200,24947100,52.0997
2025-09-25,52.7800,52.9800,52.6400,52.8100,27611900,51.7957
2025-09-26,52.4400,52.7100,52.3500,52.7100,22608400,51.6976
2025-09-29,53.2400,53.3900,53.1200,53.1900,26754400,52.1684
2025-09-30,53.3400,53.4400,53.2000,53.4000,25165300,52.3744
2025-10-01,53.5900,53.8500,53.5900,53.8200,29971300,52.7863
2025-10-02,54.3500,54.3500,53.9000,54.0700,27872000,53.0315
2025-10-03,54.3300,54.3900,54.0600,54.2300,21836000,53.1884
2025-10-06,54.3500,54.5500,54.3000,54.4800,17890500,53.4336
2025-10-07,54.6800,54.6900,54.0200,54.0600,18605600,53.0217
2025-10-08,54.1300,54.4900,54.1200,54.4900,15391200,53.4434
2025-10-09,54.5200,54.5300,53.8000,53.9300,24685200,52.8942
2025-10-10,53.9600,54.0400,51.8200,51.9400,67908200,50.9424
2025-10-13,53.4400,53.6500,53.2000,53.4500,34717200,52.4234
2025-10-14,52.6100,53.3700,52.5300,52.9700,36062800,51.9526
2025-10-15,53.8500,54.0400,53.5100,53.8400,31145700,52.8059
2025-10-16,54.3400,54.5800,54.0500,54.1900,29782000,53.1492
2025-10-17,53.8300,54.2800,53.8000,54.1800,24373600,53.1394
2025-10-20,54.5600,55.0300,54.5600,54.9200,29450600,53.8652
2025-10-21,54.5900,54.5900,54.3100,54.3100,27091800,53.2669
2025-10-22,54.4300,54.6900,54.0100,54.2600,23595100,53.2178
2025-10-23,54.4800,54.8600,54.4600,54.7400,19655800,53.6886
2025-10-24,55.1800,55.2100,55.0100,55.1000,19506300,54.0417
2025-10-27,55.7200,55.7400,55.5000,55.7100,24016300,54.6400
2025-10-28,55.3800,55.7700,55.3300,55.6900,25911500,54.6204
2025-10-29,56.2200,56.3100,55.7500,56.0100,32924600,54.9342
2025-10-30,55.4500,55.6600,55.3200,55.4300,22532800,54.3654
2025-10-31,55.3400,55.3900,55.0300,55.3000,29316400,54.2379
2025-11-03,55.6900,55.7300,55.3700,55.6500,18735900,54.5812
2025-11-04,54.7300,55.0700,54.6100,54.6300,25655800,53.5807
2025-11-05,54.6400,55.2500,54.6100,55.1200,22362000,54.0613
2025-11-06,55.0700,55.2200,54.5200,54.7100,24880700,53.6592
2025-11-07,54.2100,54.5500,53.8000,54.5500,32432300,53.5023
2025-11-10,55.2800,55.5500,55.1000,55.5100,27712200,54.4438
2025-11-11,55.5100,55.7000,55.3700,55.5700,22791800,54.5027
2025-11-12,55.6600,55.6600,55.4200,55.5800,24137600,54.5125
2025-11-13,55.7000,55.7300,54.8200,54.9300,29877500,53.8750
2025-11-14,54.5300,55.3000,54.4100,54.9600,27660000,53.9044
2025-11-17,54.5200,54.8900,54.1400,54.3100,24765100,53.2669
2025-11-18,53.8800,54.2500,53.6800,54.0400,29360300,53.0021
2025-11-19,53.8400,54.1700,53.6100,53.8500,20897700,52.8157
2025-11-20,54.4300,54.4900,53.0800,53.1100,32026400,52.0899
2025-11-21,52.7100,53.3300,52.3800,53.1000,40328800,52.0801
2025-11-24,53.1200,53.7000,53.1200,53.6600,33650600,52.6294
2025-11-25,53.6300,53.8700,53.2100,53.8500,25248200,52.8157
2025-11-26,54.1000,54.3300,53.9600,54.2400,22161600,53.1982
2025-11-28,54.1600,54.3700,54.1200,54.3200,15057500,53.2767
2025-12-01,54.1500,54.4500,54.1500,54.2800,17854000,53.2375
2025-12-02,54.3600,54.3800,54.0700,54.3000,22523100,53.2571
2025-12-03,54.1400,54.3500,54.0500,54.3400,16750200,53.2963
2025-12-04,54.4100,54.4100,54.1800,54.3300,14443500,53.2865
2025-12-05,54.9300,55.1200,54.6700,54.7400,20114400,53.6886
2025-12-08,54.8700,54.8700,54.4800,54.6200,29055600,53.5709
2025-12-09,54.3000,54.5800,54.2500,54.5300,17789200,53.4827
2025-12-10,54.6500,55.2400,54.5800,55.1400,35022900,54.0809
2025-12-11,54.7000,54.9500,54.4800,54.8800,22013500,53.8259
2025-12-12,54.9100,54.9500,54.1000,54.2400,30590000,53.1982
2025-12-15,54.5500,54.5800,54.0700,54.0800,29137000,53.0413
2025-12-16,52.9600,53.1300,52.7700,52.9800,38180700,52.7060
2025-12-17,53.2600,53.3100,52.5800,52.6000,35740800,52.3280
2025-12-18,53.2700,53.5000,53.1400,53.2000,29985700,52.9249
2025-12-19,53.5400,53.8900,53.5000,53.7200,28831700,53.4422
2025-12-22,53.9700,54.0500,53.8900,54.0100,21645200,53.7307
2025-12-23,53.9900,54.3300,53.9000,54.3100,25319700,54.0292
2025-12-24,54.4100,54.4600,54.3400,54.4200,9565300,54.1386
2025-12-26,54.5700,54.8200,54.5300,54.8000,11352000,54.5166
2025-12-29,54.5200,54.6800,54.4300,54.6600,18816700,54.3774
2025-12-30,54.8700,54.9900,54.8100,54.8800,24643000,54.5962
2025-12-31,54.9000,54.9200,54.6800,54.7100,20000900,54.4271
2026-01-02,55.8900,56.2500,55.8100,56.2400,38255900,55.9492
2026-01-05,56.5900,56.8600,56.3600,56.8600,37082500,56.5660
2026-01-06,57.1700,57.4300,57.1600,57.2800,29801700,56.9838
2026-01-07,57.0300,57.0500,56.8000,56.8500,26931300,56.5560
2026-01-08,56.7500,56.8900,56.6200,56.8700,27719800,56.5759
2026-01-09,56.8800,57.1600,56.7100,57.1400,31540700,56.8445
2026-01-12,57.2400,57.9700,57.2100,57.9400,47304300,57.6404
2026-01-13,57.7700,57.8100,57.3800,57.5100,34414900,57.2126
2026-01-14,57.5800,57.7700,57.4400,57.7500,45156200,57.4514
2026-01-15,58.1500,58.3800,57.9300,58.0900,60438100,57.7896
2026-01-16,57.9700,58.0100,57.5700,57.8700,30624000,57.5708
2026-01-20,57.3500,57.7500,57.2400,57.3100,37026900,57.0137
2026-01-21,57.9900,58.4800,57.9200,58.2600,44193800,57.9587
2026-01-22,58.7000,58.9300,58.5000,58.7000,33731400,58.3965
2026-01-23,58.5600,59.1500,58.4300,59.0700,31584700,58.7646
2026-01-26,59.0400,59.3900,58.9900,59.1700,37945000,58.8640
2026-01-27,59.9700,60.3700,59.8800,60.3400,62222300,60.0280
2026-01-28,60.8700,60.8700,60.3700,60.7500,52067700,60.4359
2026-01-29,60.8600,60.9500,59.5500,60.4400,70851900,60.1275
2026-01-30,59.8100,60.0700,58.8300,59.1000,73861200,58.7944
2026-02-02,58.5800,59.4700,58.5600,59.2800,44512300,58.9735
2026-02-03,59.9300,59.9900,59.0300,59.6000,41132300,59.2918
2026-02-04,59.8900,59.9100,58.5500,58.8000,50852400,58.4960
2026-02-05,58.5500,59.0300,58.2200,58.5300,50880900,58.2273
2026-02-06,59.2400,60.0900,59.2200,60.0700,37534800,59.7594
2026-02-09,59.9700,60.6500,59.9000,60.5100,35324300,60.1971
2026-02-10,60.7200,60.8200,60.4200,60.6000,32247100,60.2866
2026-02-11,61.1800,61.6300,60.7800,61.5600,38158900,61.2417
2026-02-12,61.8400,61.9100,60.6800,60.8600,48070600,60.5453
2026-02-13,60.7200,61.2100,60.1300,61.1200,40091300,60.8040
2026-02-17,60.7200,61.0800,60.1900,60.8700,38127200,60.5552
2026-02-18,61.0300,61.5500,60.9100,61.1900,29966900,60.8736
2026-02-19,60.8300,61.0700,60.5800,61.0400,38043800,60.7244
2026-02-20,61.0100,62.3600,60.9700,62.3400,56421600,62.0176
2026-02-23,62.0200,62.2500,61.5100,61.6500,36573400,61.3312
2026-02-24,62.2400,62.8400,62.1100,62.6200,44407300,62.2962
2026-02-25,63.4200,63.4300,63.0400,63.3100,42201200,62.9826
2026-02-26,63.2800,63.3100,62.0800,62.7100,52083200,62.3857
2026-02-27,62.2000,65.9600,62.1200,62.5800,34830100,62.2564
2026-03-02,60.7900,61.8500,60.7900,61.5000,46879900,61.1820
2026-03-03,57.9700,58.9100,56.7400,58.4200,99942900,58.1179
2026-03-04,58.5500,59.5800,58.2400,59.0500,74073300,58.7447
2026-03-05,58.0200,58.5800,56.8900,57.6300,81396900,57.3320
2026-03-06,56.8300,57.7000,56.5600,57.3200,55731800,57.0236
2026-03-09,56.6600,58.6500,56.2400,58.4500,65072500,58.1478
2026-03-10,58.6600,59.8800,58.3400,58.6800,56415100,58.3766
2026-03-11,58.7000,59.1600,58.3900,58.8300,35658200,58.5258
2026-03-12,57.9900,58.0300,56.8600,56.9500,53035000,56.6555
2026-03-13,57.6200,58.0100,56.6600,56.8000,47897100,56.5063
2026-03-16,58.0500,58.6400,57.9900,58.3800,36204900,58.0781
2026-03-17,58.8800,59.0600,58.5300,58.7500,24929100,58.4462
2026-03-18,58.3800,58.6300,57.5400,57.5600,37207400,57.2624
2026-03-19,56.4400,57.8700,56.2600,57.6200,50957600,57.3221
2026-03-20,56.9500,57.0100,55.4400,55.6400,78534200,55.3523
2026-03-23,56.8900,57.8400,56.5600,57.3100,61193400,57.0137
2026-03-24,56.1300,56.9200,56.0300,56.5200,37191900,56.2277
2026-03-25,57.4200,57.7700,57.0300,57.4200,36444000,57.1231
2026-03-26,56.2600,56.6400,55.4400,55.4700,42794900,55.1832
2026-03-27,55.3500,55.7400,55.0000,55.2000,38596100,54.9146
2026-03-30,55.5000,55.5400,54.4400,54.7500,32281500,54.4669
2026-03-31,54.9400,56.8600,54.8800,56.7900,64809400,56.4963
2026-04-01,57.2100,57.8300,57.0200,57.2300,51176300,56.9341
2026-04-02,55.5700,57.0300,55.4300,56.5900,33449800,56.2974
2026-04-06,56.9500,57.4200,56.7400,57.1100,19981700,56.8147
2026-04-07,57.1700,57.3300,56.3300,57.3100,28112800,57.0137
2026-04-08,60.8600,60.9900,59.9000,60.4400,50444800,60.1275
2026-04-09,59.7600,60.5200,59.4900,60.2800,35719500,59.9683
2026-04-10,60.7100,60.8900,60.3700,60.5600,20508400,60.2469
2026-04-13,60.0800,61.1300,60.0000,61.0700,24457400,60.7542
2026-04-14,61.6000,62.2600,61.5700,62.2400,23734200,61.9182
2026-04-15,62.0400,62.3200,61.8600,62.2000,26278700,61.8784
2026-04-16,62.4300,62.7300,62.0600,62.4500,32327600,62.1271
2026-04-17,63.5300,64.2200,63.3700,63.6400,46228600,63.3109
2026-04-20,63.1100,63.2600,62.7800,63.1800,20045600,62.8533
2026-04-21,63.2800,63.3700,62.1500,62.2500,25552600,61.9281
2026-04-22,62.9900,63.4200,62.8900,63.3800,19635300,63.0523
2026-04-23,62.7500,63.0700,61.7000,62.3500,33271500,62.0276
2026-04-24,63.2800,63.8200,63.1000,63.7400,26360600,63.4104
2026-04-27,63.9000,63.9800,63.5000,63.6400,14689400,63.3109
2026-04-28,62.7900,63.1200,62.5300,62.9900,20628900,62.6643
2026-04-29,63.0700,63.1200,62.4400,62.6900,21066100,62.3658
2026-04-30,63.2400,64.1400,62.8800,63.9900,32197000,63.6591
2026-05-01,63.8400,64.6700,63.8000,64.1300,22489200,63.7984
2026-05-04,64.4700,64.8700,63.8100,64.1000,19751800,63.7685
2026-05-05,64.9800,65.6300,64.8900,65.4000,18701000,65.0618
2026-05-06,66.8500,67.5900,66.6400,67.4900,35376400,67.1410
2026-05-07,67.6700,67.6700,66.4800,66.5900,34734700,66.2457
2026-05-08,67.3300,67.9600,67.2800,67.9400,27606300,67.5887
2026-05-11,67.8300,68.1500,67.5900,67.8900,14667100,67.5389
2026-05-12,66.2200,66.5100,64.9900,65.8200,37773400,65.4797
2026-05-13,66.5700,67.4500,66.2700,67.2100,26065400,66.8625
2026-05-14,66.9500,67.5200,66.8300,67.3800,21184400,67.0316
2026-05-15,65.2300,65.4700,64.7200,65.0700,34830900,64.7335
2026-05-18,65.6600,65.7600,64.3800,64.9700,37739800,64.6340
2026-05-19,63.6200,64.8500,63.4800,64.2600,37009400,63.9277
2026-05-20,64.4900,65.5600,64.4000,65.4600,32484700,65.1215
2026-05-21,65.2300,66.3500,65.0500,66.0300,28726400,65.6886
2026-05-22,66.0000,66.3900,65.7400,65.8800,30851000,65.5393
2026-05-26,67.7200,68.5000,67.6900,68.4000,25457000,68.0463
2026-05-27,68.7600,68.9600,67.9400,68.3900,31991500,68.0364
2026-05-28,67.6500,68.7700,67.4300,68.6100,33058600,68.2552
2026-05-29,68.9300,69.1100,68.5000,68.6000,32143100,68.2453
2026-06-01,69.3800,70.5100,69.1300,70.0800,31731100,69.7176
2026-06-02,70.2900,70.8600,70.0600,70.8000,16577400,70.4339
2026-06-03,70.4200,70.4700,69.5600,69.9200,22147100,69.5584
2026-06-04,68.5200,69.2900,68.0800,69.1000,21260300,68.7427
2026-06-05,66.7300,66.8900,64.3600,64.5900,56184500,64.2560
2026-06-08,66.0700,66.3700,65.5900,65.7500,29088400,65.4100
2026-06-09,67.2100,67.4600,64.0700,65.8200,42106700,65.4797
2026-06-10,65.3100,66.2800,64.5800,64.6600,37541900,64.3257
2026-06-11,65.2700,67.6000,65.1800,67.5000,41505700,67.1510
2026-06-12,67.5300,68.2000,67.0900,67.8800,39782800,67.5290
2026-06-15,69.6100,69.8800,69.3800,69.7500,37751500,69.7500
2026-06-16,69.3300,69.7400,68.5800,68.6400,31283500,68.6400
2026-06-17,69.5700,70.0800,68.4100,68.5600,36131300,68.5600
2026-06-18,70.1800,70.9200,70.1500,70.7900,49998100,70.7900
2026-06-22,71.2900,71.5700,70.9900,71.2100,25302200,71.2100
2026-06-23,67.2500,68.2300,67.0700,67.1700,39069000,67.1700
2026-06-24,67.3800,67.6100,66.6000,67.2500,22973300,67.2500
2026-06-25,68.9100,68.9900,67.2700,67.9600,24474400,67.9600
2026-06-26,66.3400,67.7200,66.2700,67.1900,24158700,67.1900
2026-06-29,66.9900,67.4600,66.0000,67.4300,18609700,67.4300
2026-06-30,67.5900,68.5000,67.4800,68.4100,20384300,68.4100
2026-07-01,66.9100,67.4600,66.4800,66.4800,28146700,66.4800
2026-07-02,66.5300,67.1900,64.8000,65.7000,34258700,65.7000
2026-07-06,67.2500,67.7900,67.2100,67.5700,24039300,67.5700
2026-07-07,65.9900,66.3300,65.2600,65.7200,26285100,65.7200
2026-07-08,65.1600,66.2500,64.9700,66.2300,20723500,66.2300
2026-07-09,66.5700,66.9600,66.3700,66.7800,19566800,66.7800
2026-07-10,66.5400,67.0200,66.1900,66.9000,18694800,66.9000
2026-07-13,65.1900,65.2900,64.3900,64.5000,25474800,64.5000
2026-07-14,65.5300,65.8000,65.1100,65.6700,18557800,65.6700
2026-07-15,65.8700,66.0400,64.6600,65.5700,30073900,65.5700
2026-07-16,64.4300,64.7200,63.9200,64.1900,21565700,64.1900
2026-07-17,62.3000,63.8900,62.0100,63.2900,35145100,63.2900
2026-07-20,64.0400,64.1700,63.4800,63.5600,19269600,63.5600
2026-07-21,65.1200,65.5000,64.8200,65.3400,20839300,65.3400
2026-07-22,64.6400,65.1900,64.6300,64.9900,13399800,64.9900
2026-07-23,64.4900,65.0400,63.9900,64.6000,13003300,64.6000
2026-07-24,63.9500,64.1500,63.2500,63.3300,20525600,63.3300
2026-07-27,64.2200,64.2700,62.8500,63.6200,23439900,63.6200
2026-07-28,62.0600,62.8000,61.6800,62.3600,28991800,62.3600
2026-07-29,61.7300,62.7000,60.7700,61.0700,32436600,61.0700
2026-07-30,62.4800,63.6400,62.3000,63.5900,42233300,63.5900
2026-07-31,64.9300,65.0600,63.5100,64.0900,31148600,64.0900
2026-08-03,63.7400,64.4500,63.3400,64.3200,21829600,64.3200
2026-08-04,65.2200,66.1400,65.1200,66.0000,25811400,66.0000
2026-08-05,65.9500,66.2400,65.6700,65.7200,21452700,65.7200
2026-08-06,64.6800,65.5600,64.4700,65.0200,20782000,65.0200
2026-08-07,65.8700,65.9400,65.0100,65.6400,21462100,65.6400
2026-08-10,65.2100,65.3600,64.9800,65.1700,19094800,65.1700
2026-08-11,65.6200,65.7500,65.1900,65.4300,9763400,65.4300
2026-08-12,66.6100,66.6700,66.2000,66.4600,20256500,66.4600
2026-08-13,66.4200,66.9700,66.3500,66.6800,14548800,66.6800
2026-08-14,66.8500,67.0900,66.4200,66.6100,11964600,66.6100
2026-08-17,67.3300,67.9400,67.2300,67.3200,17036900,67.3200
2026-08-18,66.0300,66.2800,65.2500,65.3400,24782800,65.3400
2026-08-19,66.5500,66.6000,65.8400,66.1100,16168600,66.1100
2026-08-20,66.1800,66.8100,66.1400,66.6200,16821800,66.6200
2026-08-21,67.4300,67.4900,66.9700,67.1200,18381100,67.1200
2026-08-24,66.4000,66.4400,65.7800,66.1100,16073600,66.1100
2026-08-25,66.8400,67.2900,66.6300,67.2500,16396000,67.2500
2026-08-26,67.3600,67.5500,67.1400,67.1700,14934200,67.1700
2026-08-27,67.5700,67.6900,67.2100,67.6100,10911200,67.6100
2026-08-28,67.7000,68.0000,66.9700,67.1400,11763200,67.1400
2026-08-31,67.2900,67.4100,66.8100,67.0200,20905000,67.0200
2026-09-01,67.0600,67.4300,66.5600,66.7700,17084500,66.7700
2026-09-02,66.8100,67.2000,66.7700,67.1500,9798200,67.1500
2026-09-03,67.0700,67.5500,66.7100,67.4700,12193800,67.4700
2026-09-04,67.7300,68.7300,67.7300,68.7000,22132500,68.7000
2026-09-08,68.9900,69.1300,68.7200,68.8300,18049000,68.8300
2026-09-09,68.6600,69.0000,68.3000,68.4800,16270900,68.4800
2026-09-10,67.3700,67.5100,66.9600,67.0000,22821000,67.0000
2026-09-11,67.9800,68.0300,67.6900,67.8400,21480000,67.8400
2026-09-14,65.9500,66.4900,65.7200,65.9900,24205200,65.9900
2026-09-15,66.1200,66.1400,65.5600,65.7600,13861700,65.7600
2026-09-16,66.4100,66.5800,65.2900,65.7200,17607500,65.7200
2026-09-17,66.7800,67.0800,66.7100,66.9100,18612300,66.9100
2026-09-18,66.8400,67.0700,66.5700,67.0300,19432100,67.0300
2026-09-21,68.2900,68.9300,68.1300,68.8300,21980100,68.8300
2026-09-22,68.5300,69.2300,68.5000,69.1000,20106700,69.1000
2026-09-23,68.4800,68.5300,67.5300,67.7100,23853600,67.7100
2026-09-24,67.5700,67.6900,66.9900,67.2500,18070000,67.2500
2026-09-25,67.7900,68.1700,67.4900,67.9800,19753800,67.9800
