Date,Open,High,Low,Close,Volume,AdjClose
1996-03-18,13.4375,13.4375,13.4375,13.4375,500,6.5692
1996-03-19,13.6250,13.6250,13.5000,13.5000,2500,6.5997
1996-03-20,13.5000,13.5000,13.5000,13.5000,0,6.5997
1996-03-21,13.5000,13.5000,13.5000,13.5000,0,6.5997
1996-03-22,13.5000,13.5000,13.5000,13.5000,300,6.5997
1996-03-25,13.6875,13.6875,13.6875,13.6875,25000,6.6914
1996-03-26,13.6250,13.6250,13.5000,13.6250,17200,6.6608
1996-03-27,13.6250,13.6250,13.5000,13.5000,31500,6.5997
1996-03-28,13.6250,13.6250,13.6250,13.6250,3000,6.6608
1996-03-29,13.5000,13.5000,13.5000,13.5000,300100,6.5997
1996-04-01,13.5625,13.5625,13.5625,13.5625,60900,6.6303
1996-04-02,13.6250,13.6250,13.5000,13.6250,22000,6.6608
1996-04-03,13.5000,13.5000,13.4375,13.5000,2800,6.5997
1996-04-04,13.4375,13.4375,13.4375,13.4375,100,6.5692
1996-04-08,13.3125,13.3750,13.3125,13.3750,33000,6.5386
1996-04-09,13.5000,13.5000,13.4375,13.4375,134000,6.5692
1996-04-10,13.5000,13.5000,13.4375,13.4375,26600,6.5692
1996-04-11,13.4375,13.4375,13.4375,13.4375,300,6.5692
1996-04-12,13.4375,13.4375,13.4375,13.4375,100,6.5692
1996-04-15,13.3750,13.4375,13.3750,13.4375,2600,6.5692
1996-04-16,13.4375,13.4375,13.4375,13.4375,5200,6.5692
1996-04-17,13.3750,13.3750,13.3750,13.3750,400,6.5386
1996-04-18,13.3750,13.3750,13.2500,13.3750,700,6.5386
1996-04-19,13.3750,13.4375,13.3750,13.4375,500,6.5692
1996-04-22,13.4375,13.4375,13.3750,13.3750,1300,6.5386
1996-04-23,13.3750,13.3750,13.3750,13.3750,400,6.5386
1996-04-24,13.2500,13.2500,13.2500,13.2500,1200,6.4775
1996-04-25,13.1875,13.1875,13.1875,13.1875,1900,6.4469
1996-04-26,13.1250,13.2500,13.1250,13.2500,1000,6.4775
1996-04-29,13.1250,13.1250,13.0625,13.1250,13000,6.4164
1996-04-30,12.8750,12.8750,12.8750,12.8750,1000,6.2942
1996-05-01,12.9375,12.9375,12.9375,12.9375,800,6.3247
1996-05-02,12.8125,12.9375,12.8125,12.9375,14300,6.3247
1996-05-03,12.9375,13.0000,12.9375,13.0000,21200,6.3553
1996-05-06,13.0000,13.0000,13.0000,13.0000,14900,6.3553
1996-05-07,13.0000,13.0000,13.0000,13.0000,17800,6.3553
1996-05-08,13.0000,13.0625,12.9375,13.0625,3200,6.3858
1996-05-09,13.0625,13.0625,13.0625,13.0625,3900,6.3858
1996-05-10,13.0625,13.0625,13.0625,13.0625,1500,6.3858
1996-05-13,13.0000,13.0000,12.8125,12.8750,23300,6.2942
1996-05-14,13.0625,13.0625,13.0625,13.0625,8500,6.3858
1996-05-15,13.1250,13.1250,13.1250,13.1250,1300,6.4164
1996-05-16,13.2500,13.2500,13.1250,13.1250,3100,6.4164
1996-05-17,13.2500,13.2500,13.2500,13.2500,2000,6.4775
1996-05-20,13.2500,13.2500,13.2500,13.2500,2400,6.4775
1996-05-21,13.3750,13.3750,13.0000,13.1250,45300,6.4164
1996-05-22,13.1875,13.1875,13.1250,13.1250,400,6.4164
1996-05-23,13.1875,13.2500,13.1875,13.2500,5500,6.4775
1996-05-24,13.2500,13.2500,13.1875,13.2500,7700,6.4775
1996-05-28,13.2500,13.2500,13.1875,13.1875,5400,6.4469
1996-05-29,13.1250,13.1250,13.1250,13.1250,3000,6.4164
1996-05-30,13.1875,13.1875,13.0625,13.1250,37900,6.4164
1996-05-31,13.2500,13.2500,13.1875,13.1875,400,6.4469
1996-06-03,13.3125,13.3125,13.1875,13.1875,500,6.4469
1996-06-04,13.2500,13.2500,13.2500,13.2500,1700,6.4775
1996-06-05,13.3750,13.3750,13.3750,13.3750,900,6.5386
1996-06-06,13.3750,13.3750,13.3750,13.3750,300,6.5386
1996-06-07,13.2500,13.3750,13.2500,13.3750,17000,6.5386
1996-06-10,13.3750,13.3750,13.2500,13.2500,1200,6.4775
1996-06-11,13.2500,13.2500,13.2500,13.2500,0,6.4775
1996-06-12,13.1250,13.2500,13.1250,13.2500,4100,6.4775
1996-06-13,13.2500,13.2500,13.2500,13.2500,0,6.4775
1996-06-14,13.2500,13.2500,13.2500,13.2500,0,6.4775
1996-06-17,13.0625,13.1875,13.0000,13.1875,15100,6.4469
1996-06-18,13.1875,13.5000,13.1875,13.5000,63200,6.5997
1996-06-19,13.6250,13.6250,13.3750,13.3750,5300,6.5386
1996-06-20,13.4375,13.4375,13.2500,13.2500,25600,6.4775
1996-06-21,13.2500,13.4375,13.1875,13.1875,9900,6.4469
1996-06-24,13.2500,13.3750,13.2500,13.3125,5900,6.5081
1996-06-25,13.4375,13.5000,13.4375,13.5000,13400,6.5997
1996-06-26,13.5000,13.5000,13.4375,13.4375,1800,6.5692
1996-06-27,13.5000,13.5000,13.3750,13.5000,8400,6.5997
1996-06-28,13.6250,13.6250,13.6250,13.6250,400,6.6608
1996-07-01,13.5625,13.5625,13.5625,13.5625,1800,6.6303
1996-07-02,13.5625,13.5625,13.5625,13.5625,1800,6.6303
1996-07-03,13.6250,13.6250,13.5000,13.6250,5000,6.6608
1996-07-05,13.5000,13.5000,13.5000,13.5000,200,6.5997
1996-07-08,13.5000,13.5000,13.5000,13.5000,1300,6.5997
1996-07-09,13.3750,13.3750,13.2500,13.3125,85100,6.5081
1996-07-10,13.3125,13.3125,13.3125,13.3125,0,6.5081
1996-07-11,13.4375,13.4375,13.2500,13.2500,4200,6.4775
1996-07-12,13.2500,13.3750,13.2500,13.3750,1200,6.5386
1996-07-15,13.4375,13.4375,13.3750,13.3750,2000,6.5386
1996-07-16,13.3125,13.3750,13.2500,13.3750,6700,6.5386
1996-07-17,13.5000,13.5000,13.5000,13.5000,1800,6.5997
1996-07-18,13.6250,13.6250,13.6250,13.6250,8300,6.6608
1996-07-19,13.5000,13.5625,13.5000,13.5625,6500,6.6303
1996-07-22,13.4375,13.4375,13.2500,13.2500,51000,6.4775
1996-07-23,13.3750,13.3750,13.3750,13.3750,1000,6.5386
1996-07-24,13.2500,13.3750,13.1250,13.1875,79700,6.4469
1996-07-25,13.3125,13.5000,13.3125,13.5000,3700,6.5997
1996-07-26,13.5000,13.5000,13.5000,13.5000,400,6.5997
1996-07-29,13.3750,13.3750,13.3750,13.3750,1500,6.5386
1996-07-30,13.4375,13.4375,13.3750,13.3750,5300,6.5386
1996-07-31,13.4375,13.7500,13.4375,13.7500,12000,6.7219
1996-08-01,13.7500,13.7500,13.6250,13.7500,6200,6.7219
1996-08-02,13.7500,13.7500,13.7500,13.7500,5700,6.7219
1996-08-05,13.8750,13.8750,13.7500,13.8125,1500,6.7525
1996-08-06,13.6875,13.7500,13.6875,13.7500,300,6.7219
1996-08-07,13.8125,13.8125,13.8125,13.8125,2500,6.7525
1996-08-08,13.8125,13.8125,13.8125,13.8125,0,6.7525
1996-08-09,13.8125,13.8125,13.8125,13.8125,300,6.7525
1996-08-12,13.7500,13.7500,13.7500,13.7500,2700,6.7219
1996-08-13,13.8125,13.9375,13.8125,13.9375,1500,6.8136
1996-08-14,13.8750,13.8750,13.7500,13.8750,4500,6.7830
1996-08-15,13.8750,13.8750,13.7500,13.7500,73000,6.7219
1996-08-16,13.8750,13.8750,13.8125,13.8125,700,6.7525
1996-08-19,13.8125,13.8750,13.8125,13.8750,1000,6.7830
1996-08-20,13.8750,13.8750,13.7500,13.8750,2800,6.7830
1996-08-21,13.7500,13.8125,13.7500,13.7500,7800,6.7219
1996-08-22,13.8125,13.8125,13.7500,13.8125,1900,6.7525
1996-08-23,13.8125,13.9375,13.8125,13.9375,1600,6.8136
1996-08-26,13.9375,13.9375,13.8750,13.8750,2900,6.8415
1996-08-27,13.8750,13.8750,13.8750,13.8750,5900,6.8415
1996-08-28,13.8750,13.8750,13.6875,13.6875,11800,6.7490
1996-08-29,13.7500,13.8125,13.6250,13.6250,17500,6.7182
1996-08-30,13.5625,13.5625,13.5625,13.5625,10200,6.6874
1996-09-03,13.5000,13.5000,13.4375,13.5000,134700,6.6565
1996-09-04,13.5625,13.5625,13.5625,13.5625,6400,6.6874
1996-09-05,13.5625,13.5625,13.4375,13.5625,2300,6.6874
1996-09-06,13.5625,13.6250,13.5625,13.6250,1400,6.7182
1996-09-09,13.6875,13.6875,13.6875,13.6875,1500,6.7490
1996-09-10,13.6250,13.6250,13.5000,13.5625,6100,6.6874
1996-09-11,13.5000,13.5625,13.5000,13.5625,600,6.6874
1996-09-12,13.6250,13.6250,13.6250,13.6250,7800,6.7182
1996-09-13,13.7500,13.8125,13.6875,13.8125,3400,6.8106
1996-09-16,13.8750,13.8750,13.8125,13.8750,1900,6.8415
1996-09-17,13.8750,13.8750,13.7500,13.8750,7900,6.8415
1996-09-18,13.8750,13.8750,13.6875,13.6875,74000,6.7490
1996-09-19,13.7500,13.7500,13.7500,13.7500,300,6.7798
1996-09-20,13.8750,13.8750,13.8750,13.8750,100,6.8415
1996-09-23,13.6250,13.6250,13.6250,13.6250,3600,6.7182
1996-09-24,13.7500,13.8750,13.7500,13.8750,10800,6.8415
1996-09-25,14.0000,14.0000,13.9375,13.9375,2200,6.8723
1996-09-26,13.9375,14.0000,13.9375,13.9375,2200,6.8723
1996-09-27,14.0000,14.0000,13.8125,13.8750,20300,6.8415
1996-09-30,13.8125,13.8125,13.6875,13.8125,14900,6.8106
1996-10-01,13.8125,13.8750,13.6875,13.8750,11500,6.8415
1996-10-02,13.9375,14.0000,13.9375,14.0000,40300,6.9031
1996-10-03,13.9375,13.9375,13.8750,13.9375,8100,6.8723
1996-10-04,13.9375,14.0625,13.9375,14.0625,37500,6.9339
1996-10-07,14.0000,14.0625,14.0000,14.0625,1100,6.9339
1996-10-08,13.9375,14.0625,13.9375,14.0625,19900,6.9339
1996-10-09,14.0000,14.0625,14.0000,14.0625,1300,6.9339
1996-10-10,13.8750,13.8750,13.8750,13.8750,17200,6.8415
1996-10-11,14.0000,14.0000,13.9375,14.0000,1100,6.9031
1996-10-14,13.8750,13.8750,13.8750,13.8750,2500,6.8415
1996-10-15,14.0000,14.0000,13.8750,14.0000,1800,6.9031
1996-10-16,14.0000,14.0000,13.8750,13.9375,3100,6.8723
1996-10-17,13.9375,14.0000,13.9375,14.0000,24200,6.9031
1996-10-18,14.0625,14.1250,14.0625,14.1250,2300,6.9647
1996-10-21,14.0625,14.1250,14.0625,14.1250,6000,6.9647
1996-10-22,14.0625,14.1250,14.0000,14.1250,17400,6.9647
1996-10-23,14.0000,14.0625,13.8750,14.0000,18600,6.9031
1996-10-24,14.0000,14.0000,13.8750,13.8750,13600,6.8415
1996-10-25,14.0000,14.0625,13.8750,14.0625,16900,6.9339
1996-10-28,13.9375,14.1250,13.9375,14.1250,22900,6.9647
1996-10-29,14.0625,14.0625,14.0625,14.0625,10000,6.9339
1996-10-30,14.0625,14.0625,14.0625,14.0625,300,6.9339
1996-10-31,13.8750,14.0000,13.8750,13.8750,6000,6.8415
1996-11-01,14.0000,14.0000,14.0000,14.0000,4600,6.9031
1996-11-04,14.0000,14.0625,14.0000,14.0625,1700,6.9339
1996-11-05,14.0000,14.0000,13.9375,13.9375,27800,6.8723
1996-11-06,14.1250,14.2500,14.1250,14.2500,4600,7.0264
1996-11-07,14.2500,14.2500,14.1250,14.1250,900,6.9647
1996-11-08,14.2500,14.2500,14.2500,14.2500,2700,7.0264
1996-11-11,14.2500,14.3750,14.1875,14.3750,22000,7.0880
1996-11-12,14.3750,14.4375,14.3125,14.3125,14200,7.0572
1996-11-13,14.3125,14.5000,14.3125,14.4375,42500,7.1188
1996-11-14,14.5000,14.5000,14.3750,14.4375,12700,7.1188
1996-11-15,14.5000,14.5625,14.5000,14.5625,16100,7.1804
1996-11-18,14.5000,14.5625,14.5000,14.5625,23300,7.1804
1996-11-19,14.5000,14.5625,14.5000,14.5625,4400,7.1804
1996-11-20,14.5625,14.6250,14.5625,14.6250,4900,7.2113
1996-11-21,14.5625,14.5625,14.4375,14.5625,7700,7.1804
1996-11-22,14.4375,14.4375,14.3125,14.4375,13100,7.1188
1996-11-25,14.5000,14.5000,14.3750,14.4375,10400,7.1188
1996-11-26,14.4375,14.4375,14.3125,14.3750,13400,7.0880
1996-11-27,14.3750,14.3750,14.2500,14.2500,600,7.0264
1996-11-29,14.3750,14.3750,14.3750,14.3750,700,7.0880
1996-12-02,14.3750,14.4375,14.3750,14.4375,12000,7.1188
1996-12-03,14.3750,14.4375,14.3750,14.4375,800,7.1188
1996-12-04,14.3125,14.3125,14.2500,14.3125,5100,7.0572
1996-12-05,14.4375,14.5000,14.4375,14.5000,2100,7.1496
1996-12-06,14.2500,14.2500,14.2500,14.2500,20300,7.0264
1996-12-09,14.3750,14.3750,14.3125,14.3125,9000,7.0572
1996-12-10,14.2500,14.2500,14.2500,14.2500,6000,7.0264
1996-12-11,14.1875,14.3125,14.1250,14.1250,1300,6.9647
1996-12-12,14.1250,14.2500,14.0625,14.0625,11000,6.9339
1996-12-13,14.0625,14.0625,14.0000,14.0000,4000,6.9031
1996-12-16,14.1250,14.1250,14.0000,14.0625,2600,6.9339
1996-12-17,14.0625,14.0625,14.0625,14.0625,1100,6.9339
1996-12-18,14.0000,14.0000,13.9375,13.9375,2200,6.8723
1996-12-19,14.0000,14.0000,13.8750,14.0000,5700,6.9031
1996-12-20,14.0625,14.1875,14.0625,14.1875,16800,6.9955
1996-12-23,14.1875,14.1875,14.1250,14.1250,5500,6.9647
1996-12-24,14.1875,14.1875,14.1875,14.1875,1000,6.9955
1996-12-26,14.0625,14.1875,14.0625,14.1875,1100,6.9955
1996-12-27,14.0625,14.1875,14.0625,14.1875,2000,6.9955
1996-12-30,14.1875,14.2500,14.1875,14.2500,115700,7.0264
1996-12-31,14.3750,14.3750,14.2500,14.3750,7500,7.0880
1997-01-02,14.1250,14.2500,14.1250,14.2500,18700,7.0264
1997-01-03,14.2500,14.2500,14.1250,14.1875,2800,6.9955
1997-01-06,14.1875,14.2500,14.1875,14.2500,10700,7.0264
1997-01-07,14.0625,14.2500,14.0625,14.2500,16600,7.0264
1997-01-08,14.2500,14.2500,14.1250,14.1250,9900,6.9647
1997-01-09,14.1875,14.1875,14.1250,14.1875,6200,6.9955
1997-01-10,14.1875,14.2500,14.1875,14.2500,3100,7.0264
1997-01-13,14.3750,14.3750,14.2500,14.2500,3200,7.0264
1997-01-14,14.3750,14.3750,14.3125,14.3750,14600,7.0880
1997-01-15,14.3750,14.3750,14.3750,14.3750,28600,7.0880
1997-01-16,14.4375,14.4375,14.3125,14.4375,15300,7.1188
1997-01-17,14.4375,14.4375,14.3750,14.3750,7000,7.0880
1997-01-20,14.2500,14.3750,14.2500,14.3750,82900,7.0880
1997-01-21,14.1875,14.1875,14.1875,14.1875,4400,6.9955
1997-01-22,14.2500,14.2500,14.0625,14.0625,38600,6.9339
1997-01-23,14.2500,14.3125,14.1875,14.1875,12000,6.9955
1997-01-24,14.2500,14.2500,14.1250,14.2500,16600,7.0264
1997-01-27,14.1250,14.2500,14.1250,14.1250,2500,6.9647
1997-01-28,14.1875,14.1875,14.1875,14.1875,4200,6.9955
1997-01-29,14.1250,14.1250,14.1250,14.1250,2100,6.9647
1997-01-30,14.2500,14.2500,14.1875,14.1875,1800,6.9955
1997-01-31,14.3125,14.3750,14.2500,14.3750,36900,7.0880
1997-02-03,14.4375,14.4375,14.3125,14.4375,5000,7.1188
1997-02-04,14.4375,14.4375,14.4375,14.4375,1800,7.1188
1997-02-05,14.5625,14.6250,14.5625,14.6250,4300,7.2113
1997-02-06,14.4375,14.5625,14.4375,14.5625,6100,7.1804
1997-02-07,14.6250,14.6875,14.6250,14.6875,25000,7.2421
1997-02-10,14.9375,14.9375,14.7500,14.7500,11200,7.2729
1997-02-11,14.8125,14.8125,14.7500,14.8125,1900,7.3037
1997-02-12,14.6875,14.7500,14.6250,14.7500,10900,7.2729
1997-02-13,14.7500,14.7500,14.7500,14.7500,18700,7.2729
1997-02-14,14.7500,14.7500,14.7500,14.7500,300,7.2729
1997-02-18,14.6875,14.8125,14.6875,14.8125,4400,7.3037
1997-02-19,14.7500,14.7500,14.7500,14.7500,18200,7.2729
1997-02-20,14.5000,14.6250,14.4375,14.4375,25900,7.1188
1997-02-21,14.4375,14.6250,14.4375,14.6250,26300,7.2113
1997-02-24,14.6875,14.6875,14.6875,14.6875,400,7.2421
1997-02-25,14.8750,14.8750,14.8750,14.8750,14300,7.3345
1997-02-26,14.8750,14.8750,14.8750,14.8750,800,7.3345
1997-02-27,14.9375,14.9375,14.8125,14.8750,3500,7.3345
1997-02-28,14.8750,14.8750,14.7500,14.8750,11700,7.3345
1997-03-03,14.7500,14.7500,14.7500,14.7500,1300,7.2729
1997-03-04,15.0000,15.0625,15.0000,15.0625,12100,7.4270
1997-03-05,15.1250,15.1875,15.1250,15.1250,7100,7.4578
1997-03-06,15.2500,15.2500,15.1250,15.1250,8300,7.4578
1997-03-07,15.1875,15.1875,15.1250,15.1250,2500,7.4578
1997-03-10,15.3125,15.3750,15.3125,15.3750,600,7.5811
1997-03-11,15.4375,15.5625,15.3750,15.5000,40100,7.6427
1997-03-12,15.4375,15.5000,15.3125,15.5000,55700,7.6427
1997-03-13,15.2500,15.2500,15.1250,15.1250,8600,7.4578
1997-03-14,15.2500,15.5625,15.2500,15.5625,25400,7.6735
1997-03-17,15.3750,15.3750,15.1875,15.3125,35200,7.5503
1997-03-18,15.1250,15.2500,15.1250,15.1875,14000,7.4886
1997-03-19,15.1875,15.1875,15.1875,15.1875,0,7.4886
1997-03-20,15.2500,15.2500,14.8750,14.8750,19200,7.3345
1997-03-21,15.1250,15.3125,15.1250,15.1250,6600,7.4578
1997-03-24,15.1250,15.2500,15.1250,15.2500,47500,7.5194
1997-03-25,15.3750,15.5000,15.3750,15.5000,37000,7.6427
1997-03-26,15.6250,15.7500,15.5625,15.7500,12000,7.7660
1997-03-27,15.7500,15.8125,15.7500,15.8125,25600,7.7968
1997-03-31,15.6250,15.6250,15.4375,15.4375,91600,7.6119
1997-04-01,15.2500,15.2500,15.1875,15.1875,102500,7.4886
1997-04-02,15.0000,15.0625,14.9375,14.9375,7300,7.3653
1997-04-03,14.8125,14.8125,14.7500,14.7500,15600,7.2729
1997-04-04,14.8750,15.0000,14.8750,15.0000,23700,7.3962
1997-04-07,15.0000,15.0000,15.0000,15.0000,18800,7.3962
1997-04-08,15.0000,15.0000,14.9375,15.0000,2600,7.3962
1997-04-09,15.0000,15.0625,15.0000,15.0000,4800,7.3962
1997-04-10,15.0000,15.0000,15.0000,15.0000,5400,7.3962
1997-04-11,14.8750,14.9375,14.8750,14.9375,10300,7.3653
1997-04-14,14.8125,14.8750,14.8125,14.8750,1400,7.3345
1997-04-15,14.8750,14.9375,14.8750,14.9375,23200,7.3653
1997-04-16,14.9375,14.9375,14.9375,14.9375,300,7.3653
1997-04-17,15.1250,15.1875,15.0625,15.1250,3700,7.4578
1997-04-18,15.1250,15.1875,15.0625,15.1250,2800,7.4578
1997-04-21,15.2500,15.2500,15.1250,15.1250,1400,7.4578
1997-04-22,15.1250,15.1250,15.1250,15.1250,0,7.4578
1997-04-23,15.3750,15.3750,15.1875,15.3750,71600,7.5811
1997-04-24,15.3125,15.3125,15.1875,15.1875,8400,7.4886
1997-04-25,15.1875,15.1875,15.0625,15.1875,7700,7.4886
1997-04-28,15.0625,15.0625,14.9375,15.0000,7400,7.3962
1997-04-29,15.1250,15.2500,15.1250,15.2500,1400,7.5194
1997-04-30,15.2500,15.3125,15.1250,15.1250,10100,7.4578
1997-05-01,15.3750,15.3750,15.3750,15.3750,1200,7.5811
1997-05-02,15.5000,15.5000,15.5000,15.5000,2600,7.6427
1997-05-05,15.6250,15.7500,15.6250,15.7500,7800,7.7660
1997-05-06,15.8750,15.9375,15.7500,15.8125,11000,7.7968
1997-05-07,15.6875,15.6875,15.6875,15.6875,12300,7.7352
1997-05-08,15.7500,15.8125,15.7500,15.8125,6500,7.7968
1997-05-09,16.1250,16.1875,16.1250,16.1875,2100,7.9817
1997-05-12,16.1875,16.3750,16.1875,16.3750,9500,8.0741
1997-05-13,16.3125,16.3750,16.2500,16.3750,20600,8.0741
1997-05-14,16.3125,16.3750,16.1875,16.3125,6300,8.0433
1997-05-15,16.3125,16.3125,16.3125,16.3125,13300,8.0433
1997-05-16,16.4375,16.4375,16.3750,16.3750,3300,8.0741
1997-05-19,16.0625,16.2500,16.0625,16.2500,1200,8.0125
1997-05-20,16.1250,16.1250,16.1250,16.1250,20600,7.9509
1997-05-21,16.3125,16.5000,16.3125,16.5000,4000,8.1358
1997-05-22,16.3750,16.3750,16.3750,16.3750,1900,8.0741
1997-05-23,16.5000,16.5625,16.3750,16.4375,15300,8.1050
1997-05-27,16.5000,16.5625,16.4375,16.5625,22100,8.1666
1997-05-28,16.5000,16.5000,16.3750,16.3750,8600,8.0741
1997-05-29,16.4375,16.4375,16.3750,16.3750,900,8.0741
1997-05-30,16.0000,16.1250,16.0000,16.1250,20000,7.9509
1997-06-02,16.0000,16.1250,16.0000,16.1250,9000,7.9509
1997-06-03,16.1250,16.2500,16.1250,16.2500,8900,8.0125
1997-06-04,16.3125,16.3750,16.2500,16.2500,36300,8.0125
1997-06-05,16.3125,16.4375,16.2500,16.3750,9100,8.0741
1997-06-06,16.5000,16.5000,16.5000,16.5000,6200,8.1358
1997-06-09,16.4375,16.6250,16.4375,16.5000,3700,8.1358
1997-06-10,16.6250,16.6250,16.5000,16.6250,3600,8.1974
1997-06-11,16.5000,16.6250,16.5000,16.6250,3300,8.1974
1997-06-12,16.6875,16.7500,16.6250,16.6250,2300,8.1974
1997-06-13,16.6250,16.7500,16.6250,16.7500,1900,8.2590
1997-06-16,16.8125,16.8125,16.8125,16.8125,700,8.2899
1997-06-17,16.6875,16.6875,16.5625,16.6875,14500,8.2282
1997-06-18,16.7500,16.7500,16.5625,16.5625,3100,8.1666
1997-06-19,16.8750,16.9375,16.7500,16.8750,10600,8.3207
1997-06-20,16.8750,16.9375,16.7500,16.7500,2500,8.2590
1997-06-23,16.8750,16.8750,16.8125,16.8125,1400,8.2899
1997-06-24,16.9375,17.0000,16.9375,17.0000,1500,8.3823
1997-06-25,17.1875,17.1875,17.0625,17.1875,8600,8.4748
1997-06-26,17.0625,17.1250,16.8750,17.1250,6900,8.4440
1997-06-27,16.9375,17.0000,16.9375,17.0000,1500,8.3823
1997-06-30,16.8125,16.8125,16.5625,16.5625,30400,8.1666
1997-07-01,16.8125,16.9375,16.8125,16.8125,24500,8.2899
1997-07-02,16.9375,16.9375,16.8750,16.8750,22700,8.3207
1997-07-03,17.2500,17.2500,17.2500,17.2500,4200,8.5056
1997-07-07,17.6250,17.6250,17.5625,17.6250,5800,8.6905
1997-07-08,17.5000,17.6250,17.5000,17.6250,9000,8.6905
1997-07-09,17.6875,17.6875,17.5000,17.5000,7100,8.6289
1997-07-10,17.5625,17.5625,17.4375,17.4375,7800,8.5980
1997-07-11,17.6250,17.6250,17.4375,17.6250,5700,8.6905
1997-07-14,17.5000,17.6875,17.5000,17.6875,10400,8.7213
1997-07-15,17.5000,17.6250,17.5000,17.6250,3000,8.6905
1997-07-16,17.8125,17.9375,17.8125,17.9375,3400,8.8446
1997-07-17,18.0625,18.1250,18.0000,18.1250,7300,8.9370
1997-07-18,17.9375,17.9375,17.7500,17.9375,42800,8.8446
1997-07-21,17.6250,17.6250,17.4375,17.6250,12400,8.6905
1997-07-22,17.9375,17.9375,17.8125,17.8750,10100,8.8138
1997-07-23,18.3750,18.3750,18.1250,18.1875,17600,8.9679
1997-07-24,18.0000,18.0000,17.8750,17.9375,20400,8.8446
1997-07-25,17.7500,17.9375,17.7500,17.9375,4000,8.8446
1997-07-28,18.0625,18.1250,17.9375,18.1250,11900,8.9370
1997-07-29,18.1250,18.1250,18.0000,18.0000,32000,8.8754
1997-07-30,18.2500,18.3750,18.2500,18.3750,2600,9.0603
1997-07-31,18.3750,18.4375,18.2500,18.3125,12300,9.0295
1997-08-01,17.9375,18.0625,17.9375,17.9375,4300,8.8446
1997-08-04,17.5000,17.5625,17.4375,17.5625,3200,8.6597
1997-08-05,17.5000,17.5000,17.3125,17.3125,16600,8.5364
1997-08-06,17.5000,17.6250,17.4375,17.6250,6500,8.6905
1997-08-07,17.9375,17.9375,17.8750,17.9375,10700,8.8446
1997-08-08,17.7500,17.8125,17.6250,17.8125,6800,8.7829
1997-08-11,17.6875,17.6875,17.5000,17.5625,9100,8.6597
1997-08-12,17.7500,17.8750,17.6875,17.7500,6000,8.7521
1997-08-13,17.6875,17.7500,17.6875,17.6875,1200,8.7213
1997-08-14,17.5000,17.5000,17.3125,17.4375,5700,8.5980
1997-08-15,17.1250,17.1875,17.0625,17.0625,14500,8.4131
1997-08-18,17.1250,17.1250,16.8750,16.8750,9300,8.3207
1997-08-19,17.1250,17.3750,17.1250,17.3750,29600,8.5672
1997-08-20,17.3750,17.3750,17.2500,17.3750,7600,8.5672
1997-08-21,17.3750,17.4375,17.3125,17.4375,7500,8.5980
1997-08-22,17.0000,17.0000,16.9375,17.0000,26700,8.3823
1997-08-25,16.9375,17.0000,16.8125,16.8125,6600,8.3542
1997-08-26,16.6875,16.8125,16.6250,16.6250,9700,8.2611
1997-08-27,16.8125,16.8125,16.5625,16.6250,34700,8.2611
1997-08-28,16.4375,16.5625,16.4375,16.4375,20700,8.1679
1997-08-29,16.3125,16.3125,16.1875,16.1875,5800,8.0437
1997-09-02,16.6875,16.6875,16.6250,16.6250,6500,8.2611
1997-09-03,16.7500,16.9375,16.7500,16.8750,117000,8.3853
1997-09-04,16.8125,16.8750,16.7500,16.8750,19200,8.3853
1997-09-05,16.9375,17.1250,16.9375,17.0000,21200,8.4474
1997-09-08,17.1250,17.1250,17.0625,17.1250,46800,8.5095
1997-09-09,16.9375,17.0000,16.8125,17.0000,31200,8.4474
1997-09-10,16.8125,16.8750,16.5000,16.5000,34000,8.1990
1997-09-11,16.6250,16.7500,16.5625,16.5625,73800,8.2300
1997-09-12,16.4375,16.4375,16.3125,16.3750,21300,8.1368
1997-09-15,16.4375,16.5625,16.3750,16.5625,2300,8.2300
1997-09-16,16.6250,16.8750,16.5625,16.8750,13400,8.3853
1997-09-17,16.8125,16.8750,16.8125,16.8750,2600,8.3853
1997-09-18,16.8750,16.8750,16.7500,16.8750,2500,8.3853
1997-09-19,16.9375,17.0000,16.8125,17.0000,2000,8.4474
1997-09-22,17.1250,17.1875,17.0625,17.1875,10100,8.5406
1997-09-23,17.1250,17.1875,17.0625,17.0625,10700,8.4785
1997-09-24,17.3125,17.3750,17.2500,17.2500,3100,8.5716
1997-09-25,17.5000,17.5000,17.3750,17.5000,25700,8.6959
1997-09-26,17.4375,17.5000,17.3125,17.5000,5300,8.6959
1997-09-29,17.3750,17.3750,17.2500,17.3750,66600,8.6338
1997-09-30,17.5000,17.6250,17.3750,17.6250,3300,8.7580
1997-10-01,17.7500,17.8125,17.6875,17.8125,17400,8.8512
1997-10-02,17.8125,17.8750,17.8125,17.8125,1000,8.8512
1997-10-03,17.9375,18.0000,17.8125,17.9375,10900,8.9133
1997-10-06,18.1875,18.3125,18.1250,18.3125,14200,9.0996
1997-10-07,18.1875,18.3125,18.1875,18.2500,600,9.0685
1997-10-08,18.2500,18.3125,18.1250,18.2500,17100,9.0685
1997-10-09,17.9375,18.0000,17.8750,18.0000,2100,8.9443
1997-10-10,17.6875,17.8125,17.6875,17.8125,3500,8.8512
1997-10-13,18.0625,18.1250,18.0000,18.1250,2500,9.0064
1997-10-14,17.8750,18.0000,17.8750,17.8750,5000,8.8822
1997-10-15,17.7500,17.7500,17.6875,17.6875,4100,8.7890
1997-10-16,17.6250,17.6250,17.5625,17.5625,3700,8.7269
1997-10-17,17.3750,17.3750,17.0625,17.0625,10400,8.4785
1997-10-20,17.0625,17.2500,17.0625,17.0625,3900,8.4785
1997-10-21,17.5000,17.5000,17.3750,17.3750,8400,8.6338
1997-10-22,17.4375,17.5625,17.4375,17.5625,6800,8.7269
1997-10-23,16.6250,16.7500,16.5000,16.5625,13300,8.2300
1997-10-24,16.8750,16.8750,16.7500,16.7500,4100,8.3232
1997-10-27,16.3750,16.3750,16.1250,16.1250,15700,8.0126
1997-10-28,15.2500,16.6250,15.2500,16.6250,96600,8.2611
1997-10-29,16.2500,16.5000,16.1875,16.2500,44700,8.0747
1997-10-30,15.9375,16.1250,15.9375,16.0625,6000,7.9816
1997-10-31,16.3750,16.6250,16.3750,16.6250,42800,8.2611
1997-11-03,16.8125,16.8125,16.5625,16.5625,15800,8.2300
1997-11-04,16.5625,16.6875,16.5000,16.6875,11600,8.2921
1997-11-05,16.8125,16.8125,16.8125,16.8125,200,8.3542
1997-11-06,16.6875,16.6875,16.6875,16.6875,300,8.2921
1997-11-07,16.3125,16.3750,16.3125,16.3750,5200,8.1368
1997-11-10,16.5000,16.5000,16.2500,16.3750,31900,8.1368
1997-11-11,16.3125,16.3750,16.3125,16.3125,4600,8.1058
1997-11-12,16.2500,16.2500,15.9375,16.0000,12400,7.9505
1997-11-13,16.2500,16.3750,16.2500,16.3750,4100,8.1368
1997-11-14,16.1875,16.1875,16.1875,16.1875,2700,8.0437
1997-11-17,16.5000,16.5000,16.2500,16.2500,4300,8.0747
1997-11-18,16.5625,16.6875,16.5625,16.5625,15900,8.2300
1997-11-19,16.6875,16.7500,16.5625,16.7500,2100,8.3232
1997-11-20,16.9375,16.9375,16.9375,16.9375,17700,8.4164
1997-11-21,17.1250,17.1250,16.8750,16.8750,9200,8.3853
1997-11-24,16.6250,16.7500,16.5625,16.5625,3900,8.2300
1997-11-25,16.6250,16.6250,16.5000,16.5000,7700,8.1990
1997-11-26,16.7500,16.7500,16.7500,16.7500,20700,8.3232
1997-11-28,16.7500,16.8750,16.7500,16.8750,1200,8.3853
1997-12-01,17.2500,17.3750,17.2500,17.3750,14400,8.6338
1997-12-02,17.2500,17.3750,17.2500,17.3125,5600,8.6027
1997-12-03,17.5625,17.5625,17.5625,17.5625,1000,8.7269
1997-12-04,17.6875,17.6875,17.5000,17.5000,15300,8.6959
1997-12-05,17.4375,17.5000,17.4375,17.5000,12700,8.6959
1997-12-08,17.8125,17.8125,17.5000,17.5000,5100,8.6959
1997-12-09,17.4375,17.5625,17.4375,17.4375,3100,8.6648
1997-12-10,17.2500,17.3125,17.1875,17.2500,9200,8.5716
1997-12-11,16.8750,17.0000,16.8750,16.8750,3000,8.3853
1997-12-12,17.0000,17.0000,17.0000,17.0000,4600,8.4474
1997-12-15,17.0625,17.1250,17.0000,17.1250,42700,8.5095
1997-12-16,17.2500,17.2500,17.0625,17.0625,20600,8.4785
1997-12-17,17.4375,17.6250,17.2500,17.3125,37800,8.6027
1997-12-18,17.5000,17.5000,17.2500,17.2500,24800,8.5716
1997-12-19,17.0000,17.0625,17.0000,17.0625,10000,8.4785
1997-12-22,17.0000,17.1875,17.0000,17.1875,22400,8.5406
1997-12-23,17.3750,17.4375,17.1875,17.1875,11900,8.5555
1997-12-24,17.1875,17.4375,17.1875,17.2500,17100,8.5866
1997-12-26,17.3750,17.3750,17.2500,17.2500,700,8.5866
1997-12-29,17.6250,17.6250,17.4375,17.6250,1800,8.7733
1997-12-30,17.5625,17.6250,17.5625,17.6250,11300,8.7733
1997-12-31,17.5625,17.6250,17.5625,17.6250,52000,8.7733
1998-01-02,17.8125,17.9375,17.8125,17.8750,8600,8.8977
1998-01-05,17.8750,17.9375,17.8750,17.9375,51300,8.9289
1998-01-06,17.8125,17.8125,17.8125,17.8125,3700,8.8666
1998-01-07,17.7500,17.7500,17.6250,17.7500,137400,8.8355
1998-01-08,17.5000,17.5000,17.4375,17.5000,4600,8.7111
1998-01-09,17.2500,17.2500,16.5000,16.5000,25000,8.2133
1998-01-12,16.5625,16.9375,16.5625,16.9375,51200,8.4311
1998-01-13,17.0000,17.1250,17.0000,17.0000,5600,8.4622
1998-01-14,17.1250,17.1250,16.8750,17.1250,6300,8.5244
1998-01-15,16.8125,16.8750,16.7500,16.7500,12200,8.3377
1998-01-16,17.0625,17.0625,16.8750,16.8750,4500,8.4000
1998-01-20,17.4375,17.5000,17.3125,17.3125,2600,8.6177
1998-01-21,17.3750,17.3750,17.3750,17.3750,1000,8.6489
1998-01-22,17.3125,17.3750,17.1250,17.3750,52900,8.6489
1998-01-23,17.4375,17.5625,17.4375,17.5000,800,8.7111
1998-01-26,17.5625,17.5625,17.5625,17.5625,15400,8.7422
1998-01-27,17.6250,17.8750,17.6250,17.8750,9600,8.8977
1998-01-28,17.9375,18.1250,17.9375,18.0000,1700,8.9600
1998-01-29,18.0000,18.0625,18.0000,18.0000,5500,8.9600
1998-01-30,18.2500,18.2500,18.0000,18.0000,19000,8.9600
1998-02-02,18.2500,18.3750,18.1875,18.1875,36600,9.0533
1998-02-03,18.3750,18.3750,18.1250,18.2500,55300,9.0844
1998-02-04,18.1875,18.2500,18.1875,18.1875,6700,9.0533
1998-02-05,18.6250,18.7500,18.5000,18.6875,9600,9.3022
1998-02-06,18.5625,18.6875,18.5625,18.6250,1300,9.2711
1998-02-09,18.6250,18.6250,18.5000,18.6250,3300,9.2711
1998-02-10,18.4375,18.6875,18.4375,18.6875,14300,9.3022
1998-02-11,18.5000,18.6250,18.4375,18.6250,16300,9.2711
1998-02-12,18.5625,18.5625,18.5000,18.5000,1700,9.2088
1998-02-13,18.3125,18.3750,18.3125,18.3750,45300,9.1466
1998-02-17,18.5625,18.8750,18.5625,18.8750,25900,9.3955
1998-02-18,18.8750,18.9375,18.6875,18.9375,3400,9.4266
1998-02-19,18.8750,18.8750,18.7500,18.7500,1100,9.3333
1998-02-20,18.8125,18.8125,18.6875,18.6875,4500,9.3022
1998-02-23,19.0000,19.1250,18.8750,19.1250,7700,9.5200
1998-02-24,19.0000,19.0000,18.8125,18.8750,12300,9.3955
1998-02-25,19.0000,19.3125,19.0000,19.1250,7800,9.5200
1998-02-26,19.0625,19.2500,19.0625,19.1250,23200,9.5200
1998-02-27,19.1250,19.1875,19.0000,19.1875,7300,9.5511
1998-03-02,19.6250,19.6250,19.4375,19.5625,8700,9.7377
1998-03-03,19.5000,19.5000,19.2500,19.4375,5800,9.6755
1998-03-04,19.1875,19.1875,19.0625,19.1250,8700,9.5200
1998-03-05,18.8125,18.8750,18.8125,18.8750,31800,9.3955
1998-03-06,19.0625,19.3125,19.0625,19.3125,9500,9.6133
1998-03-09,19.3125,19.5625,19.3125,19.5625,22900,9.7377
1998-03-10,19.6250,19.6875,19.5000,19.6875,27700,9.8000
1998-03-11,19.6250,19.6875,19.6250,19.6875,7100,9.8000
1998-03-12,19.7500,19.8125,19.6250,19.6875,220900,9.8000
1998-03-13,19.7500,19.8750,19.7500,19.7500,5600,9.8311
1998-03-16,20.0000,20.1250,19.9375,20.1250,23700,10.0177
1998-03-17,20.3750,20.3750,20.1250,20.3125,3800,10.1111
1998-03-18,20.1250,20.1250,20.1250,20.1250,10100,10.0177
1998-03-19,20.2500,20.2500,20.0625,20.2500,19400,10.0800
1998-03-20,20.3750,20.4375,20.3750,20.4375,8700,10.1733
1998-03-23,20.4375,20.4375,20.4375,20.4375,25700,10.1733
1998-03-24,20.5625,20.6250,20.5000,20.6250,14800,10.2666
1998-03-25,20.7500,20.7500,20.7500,20.7500,6000,10.3288
1998-03-26,20.5000,20.6250,20.5000,20.6250,42200,10.2666
1998-03-27,20.8750,20.8750,20.6250,20.8125,12700,10.3600
1998-03-30,20.5000,20.5000,20.4375,20.5000,21500,10.2044
1998-03-31,20.5625,20.6250,20.5000,20.5000,20700,10.2044
1998-04-01,20.7500,20.7500,20.6875,20.7500,10700,10.3288
1998-04-02,20.8750,20.8750,20.7500,20.8750,15200,10.3911
1998-04-03,21.0000,21.0625,20.8750,21.0000,11600,10.4533
1998-04-06,21.5000,21.6250,21.3750,21.5000,65200,10.7022
1998-04-07,21.5000,21.5000,21.1250,21.1875,15700,10.5466
1998-04-08,21.4375,21.5000,21.1875,21.3125,39600,10.6088
1998-04-09,21.6875,21.7500,21.5000,21.7500,33000,10.8266
1998-04-13,21.7500,21.8125,21.7500,21.8125,25400,10.8577
1998-04-14,22.0625,22.1250,21.8750,22.1250,35900,11.0133
1998-04-15,22.3125,22.3125,22.1875,22.3125,10600,11.1066
1998-04-16,22.0000,22.0000,21.8125,22.0000,35600,10.9511
1998-04-17,22.0000,22.0000,21.7500,21.8750,25000,10.8888
1998-04-20,22.4375,22.4375,22.0625,22.3125,51000,11.1066
1998-04-21,22.3750,22.3750,22.1250,22.1875,32200,11.0444
1998-04-22,22.3125,22.3125,22.0625,22.2500,24400,11.0755
1998-04-23,21.8125,21.8750,21.8125,21.8750,10200,10.8888
1998-04-24,21.5625,21.5625,21.3125,21.3125,12300,10.6088
1998-04-27,20.8125,20.9375,20.6250,20.8750,130800,10.3911
1998-04-28,21.2500,21.3125,21.0625,21.0625,21600,10.4844
1998-04-29,21.2500,21.3750,21.2500,21.2500,6500,10.5777
1998-04-30,21.6875,21.8125,21.4375,21.8125,25700,10.8577
1998-05-01,21.8750,22.0625,21.8750,22.0625,51400,10.9822
1998-05-04,22.3125,22.5625,22.2500,22.5625,24700,11.2311
1998-05-05,22.0625,22.3125,22.0625,22.0625,17300,10.9822
1998-05-06,22.3125,22.3125,22.0625,22.0625,8600,10.9822
1998-05-07,22.0625,22.0625,21.8750,22.0625,22100,10.9822
1998-05-08,22.0000,22.2500,22.0000,22.1875,29000,11.0444
1998-05-11,22.5000,22.6250,22.3750,22.3750,35400,11.1377
1998-05-12,22.2500,22.3125,22.1250,22.3125,13200,11.1066
1998-05-13,22.3125,22.5000,22.3125,22.3750,9500,11.1377
1998-05-14,22.4375,22.5000,22.2500,22.5000,39300,11.2000
1998-05-15,22.6250,22.6250,22.3750,22.3750,9700,11.1377
1998-05-18,22.2500,22.2500,21.8750,21.9375,37500,10.9199
1998-05-19,22.3125,22.7500,22.3125,22.6250,44900,11.2622
1998-05-20,23.2500,23.2500,23.0000,23.1875,9600,11.5422
1998-05-21,23.1250,23.3750,23.1250,23.3125,8100,11.6044
1998-05-22,23.5000,23.5625,23.5000,23.5625,20300,11.7288
1998-05-26,23.7500,23.9375,23.5625,23.7500,63300,11.8222
1998-05-27,23.0000,23.1250,22.8750,23.0625,39400,11.4800
1998-05-28,23.0000,23.0625,22.8125,23.0625,12300,11.4800
1998-05-29,23.1875,23.1875,23.0000,23.1875,19700,11.5422
1998-06-01,22.8750,23.0000,22.6875,22.7500,37500,11.3244
1998-06-02,23.2500,23.3750,23.1250,23.3125,7700,11.6044
1998-06-03,23.5625,23.6250,23.3750,23.3750,14400,11.6355
1998-06-04,23.1250,23.5625,23.1250,23.5625,137500,11.7288
1998-06-05,23.7500,23.8750,23.5000,23.7500,243700,11.8222
1998-06-08,24.1875,24.1875,24.0000,24.1250,35500,12.0088
1998-06-09,24.0000,24.0000,23.8750,24.0000,11200,11.9466
1998-06-10,24.0000,24.0000,23.7500,23.7500,20500,11.8222
1998-06-11,23.8750,23.8750,23.2500,23.2500,13100,11.5733
1998-06-12,23.3125,23.3125,22.9375,23.0000,25600,11.4488
1998-06-15,22.3750,22.6875,22.3750,22.5000,19700,11.2000
1998-06-16,23.0000,23.3125,22.8750,23.2500,22800,11.5733
1998-06-17,23.7500,23.8750,23.5625,23.7500,46900,11.8222
1998-06-18,23.4375,23.5625,23.3750,23.4375,25400,11.6666
1998-06-19,23.3750,23.5625,23.3125,23.5000,82800,11.6977
1998-06-22,23.3125,23.3750,23.1250,23.3125,12400,11.6044
1998-06-23,23.4375,23.5625,23.3125,23.5625,9400,11.7288
1998-06-24,23.6250,23.6250,23.4375,23.6250,17600,11.7599
1998-06-25,24.0000,24.1250,24.0000,24.0625,24800,11.9777
1998-06-26,23.8750,24.0000,23.8125,23.9375,16600,11.9155
1998-06-29,24.0000,24.2500,24.0000,24.1250,11200,12.0088
1998-06-30,23.9375,23.9375,23.7500,23.9375,12500,11.9155
1998-07-01,24.1250,24.2500,23.9375,24.1875,83400,12.0399
1998-07-02,24.0625,24.0625,23.8750,23.8750,32900,11.8844
1998-07-06,24.0625,24.4375,24.0625,24.4375,20700,12.1644
1998-07-07,24.5000,24.5000,24.2500,24.5000,24400,12.1955
1998-07-08,24.5625,24.6250,24.3750,24.5625,115200,12.2266
1998-07-09,24.4375,24.4375,24.1875,24.2500,49100,12.0711
1998-07-10,24.5000,24.5625,24.2500,24.3125,14900,12.1022
1998-07-13,24.5625,24.7500,24.5000,24.6875,7900,12.2888
1998-07-14,24.9375,25.2500,24.9375,25.0625,42800,12.4755
1998-07-15,25.2500,25.3125,25.0000,25.3125,40100,12.5999
1998-07-16,25.4375,25.4375,25.3750,25.4375,18200,12.6622
1998-07-17,25.6250,25.7500,25.5000,25.7500,14700,12.8177
1998-07-20,25.8750,25.8750,25.6875,25.8750,25500,12.8799
1998-07-21,25.8750,25.8750,25.6875,25.6875,48600,12.7866
1998-07-22,25.4375,25.4375,25.2500,25.3750,34600,12.6311
1998-07-23,25.1250,25.1875,24.8750,25.0625,21500,12.4755
1998-07-24,25.0625,25.3750,25.0625,25.3750,26000,12.6311
1998-07-27,24.8125,24.8750,24.5625,24.7500,35700,12.3199
1998-07-28,24.7500,24.7500,24.0625,24.3125,44700,12.1022
1998-07-29,24.5000,24.7500,24.3750,24.5000,13600,12.1955
1998-07-30,24.7500,24.9375,24.7500,24.8125,18200,12.3511
1998-07-31,24.7500,25.0000,24.5000,24.5000,22700,12.1955
1998-08-03,24.0625,24.0625,24.0000,24.0000,60500,11.9466
1998-08-04,24.1875,24.3125,23.6875,23.6875,117400,11.7911
1998-08-05,23.4375,23.6250,23.4375,23.5000,46400,11.6977
1998-08-06,23.1875,23.5000,23.0625,23.2500,45600,11.5733
1998-08-07,23.3125,23.3750,23.1875,23.3750,12200,11.6355
1998-08-10,22.9375,23.0000,22.7500,22.9375,21800,11.4177
1998-08-11,22.1875,22.1875,21.9375,21.9375,44800,10.9199
1998-08-12,22.5625,22.8125,22.5000,22.5625,39600,11.2311
1998-08-13,22.0000,22.3750,22.0000,22.1875,57200,11.0444
1998-08-14,22.6875,22.9375,22.3750,22.3750,97300,11.1377
1998-08-17,22.5000,22.8125,22.4375,22.6875,12200,11.2933
1998-08-18,23.1875,23.3750,23.0625,23.1875,38600,11.5422
1998-08-19,23.4375,23.4375,23.1250,23.1250,63000,11.5111
1998-08-20,23.0000,23.0000,22.6250,22.6875,7500,11.2933
1998-08-21,22.0625,22.0625,21.4375,21.7500,83700,10.8266
1998-08-24,21.8750,21.8750,21.6875,21.6875,20000,10.7955
1998-08-25,22.1875,22.2500,22.0000,22.0625,40800,11.1222
1998-08-26,21.1250,21.4375,21.1250,21.3750,31200,10.7756
1998-08-27,20.6875,20.6875,20.0000,20.0000,55700,10.0824
1998-08-28,20.5000,20.7500,20.1250,20.3125,93600,10.2400
1998-08-31,20.3750,20.3750,19.4375,19.4375,102300,9.7989
1998-09-01,19.7500,20.7500,19.5625,20.7500,159400,10.4605
1998-09-02,21.0000,21.2500,20.9375,21.0625,30700,10.6181
1998-09-03,20.5000,20.8125,20.2500,20.3125,135900,10.2400
1998-09-04,21.0000,21.1250,20.6875,20.7500,23400,10.4605
1998-09-08,21.7500,22.0625,21.7500,22.0625,56300,11.1222
1998-09-09,21.7500,21.8125,21.3125,21.3125,26900,10.7441
1998-09-10,21.0000,21.0000,20.6875,20.9375,40600,10.5550
1998-09-11,20.6875,21.1250,20.6875,21.1250,36600,10.6496
1998-09-14,21.5000,21.6250,21.3125,21.4375,41600,10.8071
1998-09-15,21.4375,21.6250,21.2500,21.5000,30100,10.8386
1998-09-16,21.5625,21.6875,21.4375,21.5625,8600,10.8701
1998-09-17,20.3750,20.5625,20.1875,20.3125,56800,10.2400
1998-09-18,20.0625,20.3750,20.0625,20.3750,28900,10.2715
1998-09-21,19.4375,20.1250,19.2500,20.1250,52200,10.1454
1998-09-22,20.1250,20.3125,20.1250,20.3125,14900,10.2400
1998-09-23,20.6250,21.1250,20.3750,21.1250,38900,10.6496
1998-09-24,20.5625,20.6250,20.3125,20.4375,48400,10.3030
1998-09-25,20.0625,20.2500,20.0000,20.2500,83900,10.2085
1998-09-28,20.5000,20.6250,20.3750,20.3750,144100,10.2715
1998-09-29,20.1875,20.4375,20.1250,20.3125,59200,10.2400
1998-09-30,20.1250,20.1250,19.6250,19.6250,40300,9.8934
1998-10-01,18.7500,19.1875,18.1250,18.1250,44800,9.1372
1998-10-02,18.1875,18.3750,18.0000,18.3750,38600,9.2632
1998-10-05,18.3125,18.3750,17.8125,18.1250,136900,9.1372
1998-10-06,18.7500,18.8750,18.6250,18.6250,65500,9.3893
1998-10-07,18.6875,18.8125,18.4375,18.5000,31600,9.3262
1998-10-08,17.9375,18.0000,17.5000,18.0000,68600,9.0742
1998-10-09,18.1250,18.2500,17.9375,18.2500,98300,9.2002
1998-10-12,19.1875,19.1875,18.9375,18.9375,79500,9.5468
1998-10-13,19.3125,19.3750,19.2500,19.3750,10500,9.7674
1998-10-14,19.3750,19.5625,19.2500,19.3125,87700,9.7358
1998-10-15,19.8750,21.0000,19.8125,21.0000,37500,10.5866
1998-10-16,20.4375,20.6875,20.3125,20.6875,140200,10.4290
1998-10-19,20.5000,20.5000,20.2500,20.3125,29100,10.2400
1998-10-20,20.5625,20.8750,20.5625,20.8750,16700,10.5235
1998-10-21,20.6250,20.6250,20.1875,20.3750,80200,10.2715
1998-10-22,20.2500,20.2500,19.7500,19.7500,99300,9.9564
1998-10-23,19.9375,20.1250,19.9375,20.0000,38600,10.0824
1998-10-26,20.5000,20.7500,20.5000,20.7500,30100,10.4605
1998-10-27,20.9375,21.0000,20.7500,20.9375,5800,10.5550
1998-10-28,20.3125,20.4375,20.2500,20.4375,117500,10.3030
1998-10-29,20.3750,20.4375,20.2500,20.4375,14300,10.3030
1998-10-30,20.6875,20.9375,20.6875,20.7500,15600,10.4605
1998-11-02,21.3125,21.5000,21.2500,21.5000,42200,10.8386
1998-11-03,21.0000,21.0000,20.8125,21.0000,11300,10.5866
1998-11-04,21.6250,21.6250,21.1875,21.1875,42700,10.6811
1998-11-05,21.1250,21.4375,21.1250,21.4375,29800,10.8071
1998-11-06,21.5625,21.5625,21.3750,21.5625,24900,10.8701
1998-11-09,20.9375,21.0625,20.7500,20.9375,95300,10.5550
1998-11-10,20.5000,20.6875,20.5000,20.6875,9300,10.4290
1998-11-11,20.7500,21.0000,20.6875,20.7500,2200,10.4605
1998-11-12,20.5000,20.5625,20.4375,20.5000,44100,10.3345
1998-11-13,20.2500,20.5000,20.2500,20.4375,14300,10.3030
1998-11-16,21.0000,21.1250,21.0000,21.1250,7900,10.6496
1998-11-17,20.8750,21.0625,20.6250,21.0625,211200,10.6181
1998-11-18,20.8750,20.8750,20.7500,20.8125,11900,10.4920
1998-11-19,21.0000,21.0625,20.7500,20.7500,43300,10.4605
1998-11-20,21.1875,21.3125,21.1250,21.1250,26700,10.6496
1998-11-23,21.6250,21.9375,21.4375,21.9375,66600,11.0592
1998-11-24,21.5625,21.6250,21.2500,21.2500,25900,10.7126
1998-11-25,21.0625,21.3750,21.0625,21.3750,98900,10.7756
1998-11-27,21.9375,22.1250,21.8750,22.1250,119400,11.1537
1998-11-30,22.0625,22.1875,21.5625,21.5625,57000,10.8701
1998-12-01,21.1250,21.2500,20.9375,21.2500,184900,10.7126
1998-12-02,20.8750,21.0000,20.6250,21.0000,45600,10.5866
1998-12-03,21.3125,21.3125,21.1250,21.1250,45800,10.6496
1998-12-04,20.7500,21.4375,20.7500,21.3750,35600,10.7756
1998-12-07,21.1875,21.1875,20.6875,20.8750,52100,10.5235
1998-12-08,20.8125,20.9375,20.6250,20.8125,12100,10.4920
1998-12-09,20.8125,20.8125,20.6875,20.8125,21000,10.4920
1998-12-10,20.9375,20.9375,20.6250,20.6250,46800,10.3975
1998-12-11,20.5625,20.5625,20.2500,20.5625,14700,10.3660
1998-12-14,20.3125,20.6875,20.2500,20.3750,68400,10.2715
1998-12-15,20.4375,20.7500,20.4375,20.7500,23900,10.4605
1998-12-16,20.9375,21.1250,20.8125,20.9375,57900,10.5550
1998-12-17,20.9375,21.3125,20.9375,21.1250,19600,10.6496
1998-12-18,21.3125,21.3125,20.8750,21.0625,74600,10.6181
1998-12-21,21.0625,21.6875,21.0625,21.6875,38200,10.9331
1998-12-22,21.6250,21.8125,21.3125,21.8125,34600,11.0165
1998-12-23,21.8125,22.1875,21.8125,22.1250,7900,11.1743
1998-12-24,22.0000,22.1250,21.8750,21.8750,6200,11.0480
1998-12-28,22.1875,22.3125,22.0625,22.2500,44500,11.2374
1998-12-29,22.2500,22.6250,22.2500,22.6250,38800,11.4268
1998-12-30,22.1875,22.2500,22.0625,22.0625,16600,11.1427
1998-12-31,22.1250,22.2500,21.9375,22.2500,20200,11.2374
1999-01-04,23.3750,23.9375,23.3125,23.7500,126800,11.9950
1999-01-05,23.4375,23.5625,23.3750,23.5000,36200,11.8687
1999-01-06,24.0625,25.3750,24.0000,25.3750,268500,12.8157
1999-01-07,23.5000,23.8125,23.4375,23.6250,158100,11.9319
1999-01-08,24.0625,24.0625,23.6250,23.6875,105600,11.9634
1999-01-11,23.1250,23.1250,22.6875,22.8750,20200,11.5531
1999-01-12,22.9375,22.9375,22.3125,22.3125,32100,11.2690
1999-01-13,21.6875,22.2500,21.6875,22.2500,48200,11.2374
1999-01-14,22.1875,22.3125,21.6875,21.9375,96500,11.0796
1999-01-15,21.9375,22.5000,21.8750,22.5000,75300,11.3637
1999-01-19,22.6875,22.6875,22.2500,22.5000,295100,11.3637
1999-01-20,23.0000,23.1875,22.5625,22.8750,43700,11.5531
1999-01-21,22.8750,22.9375,22.6250,22.6875,20800,11.4584
1999-01-22,22.0000,22.4375,21.8750,22.1250,117000,11.1743
1999-01-25,22.3750,22.3750,21.8750,22.0625,40300,11.1427
1999-01-26,22.0000,22.3125,22.0000,22.1250,24800,11.1743
1999-01-27,22.5000,22.5000,22.0000,22.2500,18300,11.2374
1999-01-28,22.3750,22.5000,22.2500,22.5000,17700,11.3637
1999-01-29,22.5000,22.7500,22.3750,22.6250,12000,11.4268
1999-02-01,22.7500,22.9375,22.4375,22.5000,34400,11.3637
1999-02-02,22.4375,22.4375,22.1875,22.3125,38600,11.2690
1999-02-03,22.0000,22.0625,21.8125,22.0625,51800,11.1427
1999-02-04,22.2500,22.2500,21.6875,22.0000,36100,11.1112
1999-02-05,21.6250,21.8125,21.5625,21.6875,16700,10.9533
1999-02-08,21.5000,21.6250,21.2500,21.6250,76400,10.9218
1999-02-09,21.1875,21.1875,20.5625,20.5625,61400,10.3851
1999-02-10,20.4375,20.8750,20.4375,20.8750,47400,10.5430
1999-02-11,21.0000,21.2500,20.8750,21.2500,124800,10.7324
1999-02-12,21.1875,21.1875,20.7500,20.8750,55500,10.5430
1999-02-16,21.0000,21.1250,20.7500,20.7500,15800,10.4799
1999-02-17,20.6250,20.6875,20.1875,20.1875,16900,10.1958
1999-02-18,20.6250,20.9375,20.5625,20.7500,44000,10.4799
1999-02-19,20.6875,20.7500,20.4375,20.5000,5900,10.3536
1999-02-22,20.3750,20.8750,20.3125,20.7500,47900,10.4799
1999-02-23,21.0000,21.1875,20.9375,21.0625,38400,10.6377
1999-02-24,21.1875,21.2500,20.8750,20.8750,56300,10.5430
1999-02-25,20.8750,20.8750,20.5000,20.5000,7800,10.3536
1999-02-26,20.6875,20.6875,20.5000,20.5625,5100,10.3851
1999-03-01,20.3125,20.5000,20.0625,20.0625,16100,10.1326
1999-03-02,20.0625,20.2500,20.0000,20.1875,45100,10.1958
1999-03-03,20.1875,20.1875,19.6250,19.7500,29200,9.9748
1999-03-04,19.3750,19.8125,19.3750,19.8125,48500,10.0064
1999-03-05,20.0625,20.1875,20.0000,20.1875,41700,10.1958
1999-03-08,20.0625,20.1250,19.8750,20.0000,12500,10.1011
1999-03-09,19.9375,20.0000,19.6250,19.8750,19100,10.0379
1999-03-10,20.0000,20.0000,19.6875,20.0000,17200,10.1011
1999-03-11,19.7500,21.6250,19.6875,21.1250,1014500,10.6692
1999-03-12,21.2500,21.2500,20.7500,20.7500,79800,10.4799
1999-03-15,21.0625,21.1875,20.8125,20.9375,27500,10.5745
1999-03-16,21.1250,21.5000,21.1250,21.5000,39200,10.8586
1999-03-17,21.2500,21.3750,20.9375,21.1250,137500,10.6692
1999-03-18,20.9375,20.9375,20.8125,20.8125,223300,10.5114
1999-03-19,21.3125,21.3125,20.9375,20.9375,30900,10.5745
1999-03-22,20.6875,20.9375,20.6875,20.9375,28400,10.5745
1999-03-23,20.5000,20.5625,19.9375,19.9375,191100,10.0695
1999-03-24,20.0000,20.1250,19.5000,19.5000,48000,9.8485
1999-03-25,19.8125,20.1250,19.8125,20.1250,31400,10.1642
1999-03-26,19.5000,19.6250,19.3125,19.5000,11300,9.8485
1999-03-29,19.6875,20.1250,19.6875,20.1250,29200,10.1642
1999-03-30,19.8125,19.9375,19.7500,19.8750,8600,10.0379
1999-03-31,19.9375,20.0000,19.8125,19.8750,37000,10.0379
1999-04-01,20.3125,20.3125,20.0625,20.2500,43600,10.2273
1999-04-05,20.2500,20.3750,20.0625,20.3125,37100,10.2589
1999-04-06,20.3125,20.6250,20.3125,20.5000,17900,10.3536
1999-04-07,20.7500,20.8125,20.6250,20.8125,24700,10.5114
1999-04-08,20.8750,21.3125,20.7500,21.2500,51200,10.7324
1999-04-09,21.1875,21.1875,21.0000,21.0000,18700,10.6061
1999-04-12,20.9375,21.3750,20.9375,21.1875,14900,10.7008
1999-04-13,21.3750,21.4375,21.1250,21.3125,31200,10.7639
1999-04-14,21.3750,21.5000,21.2500,21.2500,159200,10.7324
1999-04-15,21.2500,21.3125,21.0000,21.2500,7100,10.7324
1999-04-16,20.8750,20.9375,20.7500,20.9375,17400,10.5745
1999-04-19,21.2500,21.2500,20.8125,20.8125,13700,10.5114
1999-04-20,20.6250,20.6875,20.4375,20.6875,6100,10.4483
1999-04-21,20.4375,20.8750,20.4375,20.8750,48300,10.5430
1999-04-22,20.8750,21.0625,20.6875,21.0625,28700,10.6377
1999-04-23,20.8125,20.8125,20.6250,20.8125,187200,10.5114
1999-04-26,20.9375,21.1250,20.9375,21.0625,25200,10.6377
1999-04-27,21.5000,21.6250,21.3750,21.6250,46300,10.9218
1999-04-28,21.4375,21.6250,21.3125,21.3125,66300,10.7639
1999-04-29,21.3750,21.5000,21.2500,21.3750,26500,10.7955
1999-04-30,21.5000,21.6250,21.2500,21.2500,36500,10.7324
1999-05-03,21.2500,21.6250,21.2500,21.6250,57900,10.9218
1999-05-04,21.6875,21.7500,21.5000,21.5625,23300,10.8902
1999-05-05,21.5625,21.6250,21.4375,21.6250,30400,10.9218
1999-05-06,21.5000,21.5625,21.4375,21.4375,14900,10.8271
1999-05-07,21.6250,21.6250,21.2500,21.4375,49900,10.8271
1999-05-10,21.2500,21.2500,20.9375,21.1250,28100,10.6692
1999-05-11,21.2500,21.5625,21.2500,21.4375,22100,10.8271
1999-05-12,21.0625,21.1250,20.8750,21.0000,27600,10.6061
1999-05-13,21.0000,21.3750,21.0000,21.3750,14200,10.7955
1999-05-14,21.0000,21.0625,20.6250,20.6250,94300,10.4167
1999-05-17,20.3750,20.5000,20.2500,20.2500,39400,10.2273
1999-05-18,20.8125,21.0000,20.7500,20.7500,43500,10.4799
1999-05-19,20.6875,21.0000,20.6875,20.8750,17900,10.5430
1999-05-20,21.3125,21.3750,21.2500,21.3750,23800,10.7955
1999-05-21,21.1250,21.2500,21.0000,21.1250,40700,10.6692
1999-05-24,21.1250,21.3125,20.8750,20.8750,5000,10.5430
1999-05-25,20.9375,20.9375,20.5000,20.5000,7100,10.3536
1999-05-26,20.6250,20.6250,20.3750,20.5000,23100,10.3536
1999-05-27,20.3125,20.3125,20.0000,20.0625,47600,10.1326
1999-05-28,20.1250,20.2500,20.0625,20.1250,4400,10.1642
1999-06-01,20.2500,20.2500,19.9375,19.9375,62500,10.0695
1999-06-02,19.6875,19.9375,19.6250,19.9375,3300,10.0695
1999-06-03,20.0000,20.2500,20.0000,20.2500,3900,10.2273
1999-06-04,20.1250,20.3125,20.0000,20.2500,15400,10.2273
1999-06-07,20.2500,20.4375,20.2500,20.4375,1800,10.3220
1999-06-08,21.0000,21.1875,20.7500,20.7500,79100,10.4799
1999-06-09,21.0000,21.2500,21.0000,21.2500,21100,10.7324
1999-06-10,21.2500,21.2500,21.0000,21.1875,21900,10.7008
1999-06-11,21.0625,21.4375,21.0000,21.3750,75700,10.7955
1999-06-14,21.3125,21.3125,21.0000,21.1875,106800,10.7008
1999-06-15,21.1250,21.4375,21.1250,21.4375,4700,10.8271
1999-06-16,21.3750,21.5000,21.3750,21.5000,12900,10.8586
1999-06-17,21.3125,21.5000,21.2500,21.4375,6100,10.8271
1999-06-18,21.7500,21.7500,21.4375,21.5000,61600,10.8586
1999-06-21,21.8125,21.8750,21.6250,21.8750,66500,11.0480
1999-06-22,21.7500,21.8125,21.5625,21.8125,16800,11.0165
1999-06-23,21.5625,21.5625,21.3125,21.3750,28700,10.7955
1999-06-24,21.3750,21.3750,21.0625,21.0625,19000,10.6377
1999-06-25,21.3750,21.5625,21.3125,21.4375,3300,10.8271
1999-06-28,21.5000,21.5000,21.2500,21.2500,19600,10.7324
1999-06-29,21.5000,21.6250,21.3125,21.5625,38000,10.8902
1999-06-30,21.6250,21.9375,21.2500,21.8125,82900,11.0165
1999-07-01,21.8750,22.0625,21.5625,21.8125,101800,11.0165
1999-07-02,21.7500,21.9375,21.7500,21.7500,10100,10.9849
1999-07-06,21.8750,22.2500,21.8750,22.2500,81900,11.2374
1999-07-07,22.0000,22.1250,21.8125,21.9375,22000,11.0796
1999-07-08,21.9375,22.1250,21.8750,22.0625,17300,11.1427
1999-07-09,22.2500,22.2500,22.1250,22.1250,31200,11.1743
1999-07-12,22.2500,22.3125,22.0000,22.1875,38100,11.2059
1999-07-13,21.7500,21.9375,21.6250,21.6250,23300,10.9218
1999-07-14,21.9375,22.1875,21.9375,21.9375,19000,11.0796
1999-07-15,22.1250,22.1875,22.1250,22.1875,16100,11.2059
1999-07-16,22.1875,22.1875,22.0000,22.0000,20900,11.1112
1999-07-19,22.1875,22.4375,21.9375,22.4375,40900,11.3321
1999-07-20,22.2500,22.2500,21.6875,21.6875,106500,10.9533
1999-07-21,21.6875,22.0000,21.6875,21.9375,13200,11.0796
1999-07-22,21.7500,21.8125,21.4375,21.4375,19500,10.8271
1999-07-23,21.6875,21.7500,21.1875,21.3750,108000,10.7955
1999-07-26,21.5000,21.5625,21.3125,21.3750,59500,10.7955
1999-07-27,21.3125,21.5000,21.3125,21.3750,42200,10.7955
1999-07-28,21.1875,21.5000,21.1875,21.3750,129900,10.7955
1999-07-29,20.9375,20.9375,20.6250,20.6250,80800,10.4167
1999-07-30,20.6250,21.1250,20.6250,20.8125,71300,10.5114
1999-08-02,20.7500,21.1250,20.5625,21.0625,58000,10.6377
1999-08-03,20.9375,21.0625,20.8125,21.0000,35500,10.6061
1999-08-04,21.0625,21.3125,21.0625,21.3125,75200,10.7639
1999-08-05,20.8125,21.0625,20.6875,20.9375,335400,10.5745
1999-08-06,20.6875,20.8125,20.6250,20.6875,11400,10.4483
1999-08-09,21.1250,21.1250,20.8125,20.8125,18600,10.5114
1999-08-10,20.6875,20.7500,20.3750,20.6250,28500,10.4167
1999-08-11,20.8125,20.9375,20.5625,20.7500,21800,10.4799
1999-08-12,21.1875,21.2500,21.0000,21.2500,37600,10.7324
1999-08-13,21.3750,21.5000,21.2500,21.3125,16000,10.7639
1999-08-16,21.5000,21.5625,21.3125,21.3125,16000,10.7639
1999-08-17,21.3750,21.5000,21.3125,21.4375,16800,10.8271
1999-08-18,21.3750,21.3750,21.1250,21.1875,24000,10.7008
1999-08-19,21.2500,21.3750,21.0625,21.3750,19500,10.7955
1999-08-20,21.8750,21.9375,21.4375,21.8125,120500,11.0165
1999-08-23,21.8750,21.8750,21.7500,21.8125,50500,11.0165
1999-08-24,21.5625,21.8750,21.5625,21.8750,76600,11.0480
1999-08-25,21.4375,21.6250,21.3750,21.6250,36000,11.1611
1999-08-26,21.6250,21.6250,21.3125,21.3750,30500,11.0320
1999-08-27,21.6250,21.6250,21.3750,21.3750,16000,11.0320
1999-08-30,21.5000,21.5000,21.0625,21.0625,18300,10.8707
1999-08-31,21.1250,21.2500,21.0000,21.0000,35100,10.8385
1999-09-01,21.4375,21.4375,21.2500,21.4375,13300,11.0643
1999-09-02,21.1250,21.2500,21.0000,21.1875,12300,10.9353
1999-09-03,21.4375,21.9375,21.3750,21.6250,155000,11.1611
1999-09-07,21.6875,22.2500,21.6250,22.0000,146500,11.3546
1999-09-08,21.3750,21.6250,21.3125,21.3750,300000,11.0320
1999-09-09,21.6875,21.8750,21.6250,21.8750,26800,11.2901
1999-09-10,22.0000,22.0000,21.5625,21.5625,15400,11.1288
1999-09-13,21.3125,21.5000,21.3125,21.4375,27000,11.0643
1999-09-14,21.4375,21.4375,21.1250,21.1250,19700,10.9030
1999-09-15,21.1875,21.2500,21.0000,21.0625,68400,10.8707
1999-09-16,21.1250,21.1250,20.8125,21.0000,68500,10.8385
1999-09-17,21.0000,21.0000,20.9375,21.0000,20200,10.8385
1999-09-20,21.0000,21.1875,20.9375,21.0625,60000,10.8707
1999-09-21,20.9375,21.0625,20.7500,20.8750,147400,10.7740
1999-09-22,20.8125,21.0000,20.7500,20.8125,35800,10.7417
1999-09-23,21.0000,21.0625,20.6875,20.8125,35300,10.7417
1999-09-24,20.5000,20.7500,20.3750,20.5000,28500,10.5804
1999-09-27,20.7500,20.7500,20.5625,20.7500,14600,10.7095
1999-09-28,20.5000,20.6250,20.4375,20.4375,80500,10.5482
1999-09-29,20.5000,20.8125,20.5000,20.7500,83600,10.7095
1999-09-30,20.8125,20.9375,20.6875,20.9375,24000,10.8062
1999-10-01,20.8750,20.9375,20.7500,20.7500,112300,10.7095
1999-10-04,21.0000,21.6250,20.9375,21.5625,666100,11.1288
1999-10-05,21.5000,21.5625,21.3750,21.4375,80500,11.0643
1999-10-06,21.4375,21.4375,21.0000,21.3125,427800,10.9998
1999-10-07,21.6875,21.9375,21.3750,21.5000,131400,11.0965
1999-10-08,21.9375,21.9375,21.5625,21.5625,31200,11.1288
1999-10-11,21.8750,21.9375,21.5000,21.6875,117400,11.1933
1999-10-12,21.8125,21.8125,21.5000,21.5000,185500,11.0965
1999-10-13,21.5625,21.5625,21.3125,21.4375,168200,11.0643
1999-10-14,21.2500,21.3750,21.2500,21.3438,141000,11.0159
1999-10-15,21.0000,21.1875,20.9375,20.9375,13300,10.8062
1999-10-18,20.9375,21.1250,20.9375,21.0625,84800,10.8707
1999-10-19,21.5000,21.6875,21.3125,21.5000,62500,11.0965
1999-10-20,21.4375,21.6250,21.3750,21.4375,22500,11.0643
1999-10-21,21.3750,21.3750,21.1250,21.1875,8200,10.9353
1999-10-22,21.6875,21.6875,21.3750,21.5625,50300,11.1288
1999-10-25,21.5000,21.5000,21.2500,21.2500,21900,10.9675
1999-10-26,21.5000,21.5000,21.2500,21.5000,56600,11.0965
1999-10-27,21.4375,21.4375,21.0625,21.2500,147600,10.9675
1999-10-28,21.6250,21.8125,21.5000,21.8125,35000,11.2578
1999-10-29,21.8750,22.0000,21.6875,22.0000,26900,11.3546
1999-11-01,21.8750,21.8750,21.7500,21.8750,8700,11.2901
1999-11-02,22.0000,22.2500,21.7500,22.1875,122600,11.4514
1999-11-03,22.0625,22.1250,21.8125,21.9375,240300,11.3224
1999-11-04,22.2500,22.4375,22.0625,22.2500,85600,11.4836
1999-11-05,22.3750,22.3750,22.3125,22.3750,17400,11.5482
1999-11-08,22.1250,22.1875,21.8750,22.1250,56200,11.4191
1999-11-09,22.3750,22.5000,22.1250,22.2500,165300,11.4836
1999-11-10,22.3750,22.5000,22.1250,22.4375,60200,11.5804
1999-11-11,22.5625,22.6250,22.5000,22.6250,22400,11.6772
1999-11-12,22.7500,22.7500,22.3750,22.6250,48400,11.6772
1999-11-15,22.7500,22.8125,22.5000,22.7500,38600,11.7417
1999-11-16,22.7500,23.2500,22.7500,23.1250,48400,11.9352
1999-11-17,23.1875,23.3750,23.1250,23.3750,71700,12.0643
1999-11-18,23.3750,23.5000,23.2500,23.4375,34300,12.0965
1999-11-19,23.1875,23.4375,23.1250,23.4375,62400,12.0965
1999-11-22,23.0625,23.3125,23.0000,23.0625,152800,11.9030
1999-11-23,23.0625,23.0625,22.6250,22.6250,52000,11.6772
1999-11-24,22.5000,22.5000,22.2500,22.5000,41100,11.6127
1999-11-26,22.9375,22.9375,22.6875,22.8750,19200,11.8062
1999-11-29,22.7500,22.7500,22.4375,22.6250,180200,11.6772
1999-11-30,22.1250,22.5000,22.1250,22.3125,26200,11.5159
1999-12-01,22.8125,22.8750,22.7500,22.8750,55400,11.8062
1999-12-02,22.5000,22.7500,22.5000,22.7500,49000,11.7417
1999-12-03,22.8125,23.3125,22.8125,23.2500,40200,11.9998
1999-12-06,23.5000,23.7500,23.3125,23.6250,74000,12.1933
1999-12-07,23.6250,23.8750,23.5000,23.5625,41300,12.1610
1999-12-08,23.4375,23.6875,23.3125,23.5625,15800,12.1610
1999-12-09,23.5625,23.8125,23.4375,23.7500,100600,12.2578
1999-12-10,23.4375,23.5625,23.2500,23.5000,38100,12.1288
1999-12-13,23.0000,23.5625,23.0000,23.5625,73800,12.1610
1999-12-14,23.5000,23.6250,23.1875,23.5000,112300,12.1288
1999-12-15,23.3125,23.6250,23.0625,23.6250,43400,12.1933
1999-12-16,24.1250,24.5000,24.0000,24.4375,124700,12.6126
1999-12-17,24.3125,24.5000,24.1250,24.3750,80600,12.5804
1999-12-20,24.1875,24.3750,24.0625,24.3125,44500,12.5481
1999-12-21,24.0625,24.5000,24.0000,24.5000,48000,12.6449
1999-12-22,24.5000,24.8750,24.4375,24.8750,198700,12.8384
1999-12-23,25.6250,26.0625,25.4375,26.0000,65700,13.4191
1999-12-27,26.3750,26.4375,26.3125,26.4375,48600,13.6449
1999-12-28,25.8750,26.0625,25.8125,25.9375,68600,13.3868
1999-12-29,26.0625,26.1250,25.7500,25.9375,91300,13.3868
1999-12-30,26.1250,26.4375,26.0000,26.3125,122900,13.5804
1999-12-31,26.6250,26.6875,26.5000,26.6875,36600,13.7739
2000-01-03,26.8750,26.9375,26.0000,26.2500,102900,13.5481
2000-01-04,25.5625,25.6875,25.0000,25.0000,84400,12.9030
2000-01-05,25.3750,25.6250,24.9375,25.6250,158700,13.2255
2000-01-06,25.1875,25.6875,25.1250,25.6250,135100,13.2255
2000-01-07,26.0000,27.0000,26.0000,27.0000,182100,13.9352
2000-01-10,26.9375,27.0000,26.6250,26.9375,186800,13.9029
2000-01-11,26.5625,27.2500,26.4375,26.8750,117600,13.8707
2000-01-12,26.6875,26.8125,26.3750,26.8125,38100,13.8384
2000-01-13,27.1875,27.1875,26.6250,27.1250,242400,13.9997
2000-01-14,27.4375,27.6875,27.2500,27.6875,220600,14.2900
2000-01-18,27.3125,27.3750,27.0625,27.2500,88200,14.0642
2000-01-19,26.7500,27.0000,26.5625,26.9375,41900,13.9029
2000-01-20,26.9375,27.3750,26.8125,27.3750,250100,14.1287
2000-01-21,26.8125,26.9375,26.0000,26.5625,49200,13.7094
2000-01-24,26.6250,26.6875,26.0000,26.0625,64300,13.4513
2000-01-25,25.9375,26.0625,25.6875,25.9375,58600,13.3868
2000-01-26,25.9375,26.1250,25.8750,26.1250,30100,13.4836
2000-01-27,26.2500,26.6250,26.1250,26.4375,62600,13.6449
2000-01-28,26.3125,26.3125,25.3750,25.3750,171600,13.0965
2000-01-31,25.1875,25.2500,24.9375,25.1875,45700,12.9997
2000-02-01,25.4375,25.6250,25.3125,25.5000,164000,13.1610
2000-02-02,26.0000,26.3125,25.8750,26.3125,128300,13.5804
2000-02-03,27.0625,27.4375,27.0000,27.4375,52900,14.1610
2000-02-04,27.5000,27.6875,27.0000,27.6875,59000,14.2900
2000-02-07,27.2500,27.5000,26.8125,27.0000,33000,13.9352
2000-02-08,27.6875,27.9375,27.4375,27.9375,274300,14.4191
2000-02-09,29.1250,29.1250,28.5000,28.6250,180100,14.7739
2000-02-10,28.6875,28.6875,28.3125,28.3750,60000,14.6449
2000-02-11,28.5625,28.5625,27.8750,27.8750,57200,14.3868
2000-02-14,28.5000,28.5000,28.0625,28.3750,46600,14.6449
2000-02-15,28.1875,28.3125,27.4375,27.6250,88000,14.2578
2000-02-16,27.5625,28.1250,27.3750,28.0625,102800,14.4836
2000-02-17,28.5625,28.5625,28.1250,28.4375,38000,14.6771
2000-02-18,28.2500,28.4375,27.7500,27.7500,61700,14.3223
2000-02-22,29.0625,29.1250,28.7500,29.0625,178800,14.9997
2000-02-23,29.1250,29.3750,29.0000,29.2500,166600,15.0965
2000-02-24,28.9375,29.0000,28.1250,28.5625,115800,14.7416
2000-02-25,28.2500,28.3750,28.0625,28.2500,44300,14.5803
2000-02-28,27.3750,27.8750,27.1250,27.6250,42100,14.2578
2000-02-29,27.6875,28.0000,27.6250,27.8750,102800,14.3868
2000-03-01,27.5625,28.1250,27.5625,28.1250,27800,14.5158
2000-03-02,28.1875,28.7500,27.9375,28.6875,38600,14.8062
2000-03-03,28.9375,29.3125,28.8750,29.0625,43100,14.9997
2000-03-06,28.9375,28.9375,28.5625,28.5625,30500,14.7416
2000-03-07,29.2500,29.2500,28.3750,28.3750,77800,14.6449
2000-03-08,28.6250,28.8750,28.3125,28.8750,34400,14.9029
2000-03-09,28.2500,28.8125,28.0625,28.8125,131100,14.8707
2000-03-10,28.4375,28.5000,28.2500,28.2500,24800,14.5803
2000-03-13,27.1875,27.7500,27.1250,27.5000,231000,14.1933
2000-03-14,27.8125,27.8125,27.2500,27.2500,29200,14.0642
2000-03-15,26.6875,27.0000,26.4375,27.0000,97600,13.9352
2000-03-16,27.4375,27.7500,27.1875,27.7500,63300,14.3223
2000-03-17,26.9375,28.0625,26.9375,28.0000,116800,14.4513
2000-03-20,28.1875,28.6875,28.1250,28.3750,202900,14.6449
2000-03-21,28.1875,28.4375,27.9375,28.2969,138800,14.6045
2000-03-22,27.8125,28.2500,27.8125,28.1875,185100,14.5481
2000-03-23,27.3125,28.5000,27.3125,28.5000,205800,14.7094
2000-03-24,28.1250,28.7500,28.1250,28.4375,382200,14.6771
2000-03-27,28.3125,28.3125,27.8125,28.0000,64500,14.4513
2000-03-28,28.1875,28.1875,28.0000,28.0625,85500,14.4836
2000-03-29,28.0625,28.1250,27.6250,27.7500,65800,14.3223
2000-03-30,27.0000,27.3125,26.8750,27.1250,63100,13.9997
2000-03-31,27.1875,27.4375,27.0000,27.0000,47700,13.9352
2000-04-03,26.5000,26.6250,26.3125,26.6250,61900,13.7417
2000-04-04,26.5625,26.6250,25.5000,26.3750,114600,13.6126
2000-04-05,25.6875,26.4375,25.6875,26.3750,248800,13.6126
2000-04-06,26.5625,26.6250,26.3125,26.6250,32700,13.7417
2000-04-07,26.5000,26.7500,26.3125,26.5625,49300,13.7094
2000-04-10,26.8750,27.1250,26.7500,26.7500,36600,13.8062
2000-04-11,26.2500,26.7500,26.1875,26.4375,77900,13.6449
2000-04-12,26.3750,26.3750,26.0000,26.1875,37000,13.5159
2000-04-13,26.1875,26.2500,25.9375,26.0625,45800,13.4513
2000-04-14,25.5625,25.8125,25.0625,25.0625,86600,12.9352
2000-04-17,24.5000,25.7500,24.5000,25.7500,90400,13.2900
2000-04-18,25.2500,25.6250,25.1250,25.3750,68000,13.0965
2000-04-19,25.1875,25.1875,24.8125,24.8750,71300,12.8384
2000-04-20,24.9375,25.0000,24.6250,24.8750,13300,12.8384
2000-04-24,24.6875,24.6875,24.3750,24.5000,52200,12.6449
2000-04-25,25.0625,25.1250,24.8750,25.0625,53600,12.9352
2000-04-26,25.2500,25.3750,25.0625,25.2500,34700,13.0320
2000-04-27,24.1250,24.5000,24.1250,24.5000,44800,12.6449
2000-04-28,24.6875,24.7500,24.3750,24.6250,36800,12.7094
2000-05-01,24.7500,24.9375,24.5625,24.9375,45500,12.8707
2000-05-02,25.1250,25.3750,24.8750,24.8750,30700,12.8384
2000-05-03,24.5625,24.6875,24.1875,24.3750,52100,12.5804
2000-05-04,24.3125,24.3125,24.0000,24.1875,68200,12.4836
2000-05-05,24.0625,24.6875,24.0625,24.6250,27500,12.7094
2000-05-08,24.3750,24.4375,24.1250,24.3125,44900,12.5481
2000-05-09,24.2500,24.2500,23.9375,24.1250,22200,12.4514
2000-05-10,24.0000,24.1250,23.5000,23.8125,60500,12.2901
2000-05-11,23.7500,24.1875,23.7500,24.0781,22500,12.4272
2000-05-12,24.3750,24.6250,24.1875,24.5000,82200,12.6449
2000-05-15,24.4375,24.4375,24.1250,24.3125,53000,12.5481
2000-05-16,24.3125,24.7500,24.3125,24.7500,37300,12.7739
2000-05-17,23.8125,23.9375,23.5625,23.7500,90200,12.2578
2000-05-18,23.6875,23.6875,23.3125,23.3125,104600,12.0320
2000-05-19,22.6875,22.8750,22.6250,22.8125,33000,11.7740
2000-05-22,22.9375,23.0000,22.5625,22.9375,49900,11.8385
2000-05-23,23.0625,23.2500,22.8750,22.8750,59100,11.8062
2000-05-24,22.8750,23.1875,22.8750,23.1250,80800,11.9352
2000-05-25,23.1875,23.3125,23.0000,23.0625,58700,11.9030
2000-05-26,23.3125,23.9375,23.3125,23.9375,67900,12.3546
2000-05-30,24.7500,24.8125,24.3750,24.6250,172500,12.7094
2000-05-31,24.5000,24.8125,24.3750,24.7500,178400,12.7739
2000-06-01,24.8750,25.0000,24.6875,25.0000,46300,12.9030
2000-06-02,25.8125,26.0000,25.6250,25.8906,31700,13.3626
2000-06-05,25.6875,25.9375,25.6875,25.7500,65800,13.2900
2000-06-06,26.0000,26.0000,25.6875,25.8125,80000,13.3223
2000-06-07,25.6875,25.7500,25.4375,25.5469,59900,13.1852
2000-06-08,25.7500,25.7500,25.2500,25.4375,76300,13.1288
2000-06-09,25.5000,25.5625,25.1875,25.2500,32900,13.0320
2000-06-12,25.3750,25.7500,25.2500,25.6250,80200,13.2255
2000-06-13,25.7500,25.8125,25.6250,25.8125,54500,13.3223
2000-06-14,25.8750,25.8750,25.7500,25.8750,21500,13.3546
2000-06-15,25.7500,25.7500,25.5000,25.6250,27300,13.2255
2000-06-16,25.6250,25.8750,25.5625,25.6875,22100,13.2578
2000-06-19,25.5000,25.6250,25.2500,25.5625,102800,13.1933
2000-06-20,25.3125,25.3750,25.0625,25.3750,101300,13.0965
2000-06-21,24.6875,24.7500,24.4375,24.7500,32900,12.7739
2000-06-22,24.5000,24.5000,24.2500,24.3750,127400,12.5804
2000-06-23,24.4375,24.4375,23.9375,24.0000,36100,12.3868
2000-06-26,23.5000,23.5625,23.2500,23.5625,115500,12.1610
2000-06-27,23.9375,24.3125,23.8750,24.3125,26600,12.5481
2000-06-28,24.1875,24.4375,24.1875,24.3125,29000,12.5481
2000-06-29,24.0625,24.1875,23.8125,23.8125,13400,12.2901
2000-06-30,24.2500,24.3750,24.1250,24.2500,19900,12.5159
2000-07-03,24.0000,24.1250,23.6250,24.0000,187100,12.3868
2000-07-05,24.5625,24.6875,24.2500,24.2500,29400,12.5159
2000-07-06,24.3750,24.3750,24.1875,24.3125,20100,12.5481
2000-07-07,24.2500,24.5000,24.2500,24.5000,23300,12.6449
2000-07-10,24.7500,24.7500,24.6250,24.7500,13600,12.7739
2000-07-11,24.4375,24.5000,24.3125,24.5000,22900,12.6449
2000-07-12,24.4375,24.6250,24.1250,24.4375,56400,12.6126
2000-07-13,24.4375,24.6250,24.3750,24.5625,47100,12.6772
2000-07-14,25.0000,25.1250,24.8750,25.0000,103900,12.9030
2000-07-17,25.1250,25.3125,25.0000,25.3125,120700,13.0643
2000-07-18,25.2500,25.4375,25.0000,25.1250,54000,12.9675
2000-07-19,24.8750,25.0000,24.5625,24.8125,180500,12.8062
2000-07-20,24.9375,25.3750,24.8125,25.3125,310500,13.0643
2000-07-21,25.1875,25.1875,24.9375,25.1250,99200,12.9675
2000-07-24,24.9375,24.9375,24.4375,24.5625,40600,12.6772
2000-07-25,24.8125,24.9375,24.5625,24.8125,16600,12.8062
2000-07-26,24.8125,24.8750,24.6250,24.7500,31300,12.7739
2000-07-27,24.6875,24.6875,24.2500,24.3750,37700,12.5804
2000-07-28,24.1250,24.1875,23.5625,23.8750,137800,12.3223
2000-07-31,24.1250,24.3125,23.9375,24.1875,32500,12.4836
2000-08-01,24.1250,24.1250,23.6875,23.6875,69800,12.2256
2000-08-02,23.4375,23.6250,23.3750,23.5000,27300,12.1288
2000-08-03,22.8125,23.2500,22.8125,23.1875,29400,11.9675
2000-08-04,23.4375,23.4375,23.0625,23.3125,11000,12.0320
2000-08-07,23.5625,23.6875,23.5000,23.5625,32000,12.1610
2000-08-08,23.3750,23.6875,23.3750,23.5625,330400,12.1610
2000-08-09,23.7500,23.8125,23.5000,23.6250,45200,12.1933
2000-08-10,24.0000,24.1250,23.9375,24.0000,34200,12.3868
2000-08-11,24.0000,24.0000,23.8125,23.8750,155700,12.3223
2000-08-14,23.9375,24.3125,23.7500,24.1875,60800,12.4836
2000-08-15,24.1875,24.1875,24.0000,24.1250,45900,12.4514
2000-08-16,24.0625,24.1250,23.9375,24.0625,26900,12.4191
2000-08-17,23.8750,24.1875,23.8750,24.1250,42500,12.4514
2000-08-18,23.8125,23.8125,23.5625,23.7500,35900,12.2578
2000-08-21,23.4375,23.4375,23.1875,23.3125,60300,12.0320
2000-08-22,23.3125,23.4375,23.1250,23.1875,25300,11.9675
2000-08-23,23.0000,23.1875,23.0000,23.1875,33200,11.9675
2000-08-24,20.9375,20.9375,20.6875,20.7500,50300,12.0223
2000-08-25,20.9375,21.1250,20.8750,21.0625,61400,12.2033
2000-08-28,20.9375,21.1250,20.9375,21.0625,27700,12.2033
2000-08-29,20.9375,20.9375,20.6250,20.8750,51000,12.0947
2000-08-30,20.6250,20.6250,20.3750,20.5000,44300,11.8774
2000-08-31,20.6250,20.6875,20.3125,20.5625,49200,11.9136
2000-09-01,21.1250,21.3125,20.9375,21.0625,70100,12.2033
2000-09-05,21.1250,21.1875,20.9375,20.9375,50000,12.1309
2000-09-06,20.8750,20.8750,20.4375,20.6250,52700,11.9498
2000-09-07,20.6250,20.8750,20.3750,20.8750,46500,12.0947
2000-09-08,20.4375,20.4375,20.0000,20.4375,42200,11.8412
2000-09-11,19.8125,20.0625,19.7500,20.0000,48100,11.5877
2000-09-12,19.8750,19.8750,19.6250,19.7500,27800,11.4429
2000-09-13,19.6250,19.6250,19.2500,19.4375,152900,11.2618
2000-09-14,19.6875,19.8125,19.5000,19.6875,167700,11.4067
2000-09-15,19.6250,19.6250,19.3750,19.3750,86800,11.2256
2000-09-18,19.3125,19.3125,18.9375,19.0000,42400,11.0083
2000-09-19,19.0000,19.0625,18.8125,19.0000,32800,11.0083
2000-09-20,18.9375,18.9375,18.3750,18.5000,110100,10.7186
2000-09-21,18.3125,18.3750,18.1250,18.3750,96800,10.6462
2000-09-22,18.6875,19.0625,18.6875,18.9375,86900,10.9721
2000-09-25,19.2500,19.2500,19.0625,19.1250,57200,11.0807
2000-09-26,19.1250,19.3125,19.1250,19.1875,34900,11.1170
2000-09-27,19.3125,19.5000,19.1875,19.3125,47600,11.1894
2000-09-28,19.1250,19.5000,19.1250,19.5000,113500,11.2980
2000-09-29,19.4375,19.4375,19.1250,19.3125,79600,11.1894
2000-10-02,19.3125,19.6250,19.2500,19.4375,24400,11.2618
2000-10-03,19.3750,19.6250,19.2500,19.3750,16500,11.2256
2000-10-04,19.1875,19.3125,19.0625,19.1875,468000,11.1170
2000-10-05,19.1875,19.3125,19.1250,19.1250,175300,11.0807
2000-10-06,19.2500,19.2500,18.6875,18.7500,116100,10.8635
2000-10-09,18.7500,18.8125,18.6250,18.6875,15100,10.8273
2000-10-10,18.6875,18.8750,18.6250,18.6250,65900,10.7911
2000-10-11,18.3750,18.4375,18.1875,18.3125,61500,10.6100
2000-10-12,18.3750,18.3750,17.8750,17.9375,71700,10.3927
2000-10-13,17.9375,18.2500,17.9375,18.2500,41900,10.5738
2000-10-16,18.1250,18.1875,17.9375,18.1875,21600,10.5376
2000-10-17,18.2500,18.3125,17.8750,18.1250,66400,10.5014
2000-10-18,17.5000,17.7500,17.3750,17.5000,103500,10.1392
2000-10-19,17.8125,18.0625,17.8125,18.0625,34100,10.4652
2000-10-20,17.8125,18.2500,17.8125,18.1875,426400,10.5376
2000-10-23,17.8125,18.0625,17.8125,17.9375,44800,10.3927
2000-10-24,17.8125,18.4375,17.8125,18.3750,207600,10.6462
2000-10-25,18.0000,18.3750,18.0000,18.0000,116800,10.4289
2000-10-26,18.1875,18.3750,18.1875,18.2500,92800,10.5738
2000-10-27,18.6250,18.9375,18.5000,18.8125,51100,10.8997
2000-10-30,18.8125,19.0000,18.8125,18.9375,50800,10.9721
2000-10-31,19.1875,19.5000,19.1875,19.5000,52800,11.2980
2000-11-01,19.5000,19.8125,19.3750,19.6250,138200,11.3704
2000-11-02,19.7500,19.8750,19.6875,19.7500,138300,11.4429
2000-11-03,19.8750,19.9375,19.6875,19.9375,33400,11.5515
2000-11-06,19.8750,19.9375,19.6250,19.8125,109000,11.4791
2000-11-07,19.6250,19.8125,19.5000,19.7500,103800,11.4429
2000-11-08,19.5000,19.6250,19.3125,19.3125,58900,11.1894
2000-11-09,19.2500,19.5000,19.1875,19.5000,83900,11.2980
2000-11-10,19.2500,19.3125,19.0625,19.1250,12500,11.0807
2000-11-13,18.7500,18.8750,18.5625,18.7500,169700,10.8635
2000-11-14,19.1250,19.2500,18.9375,19.2500,46600,11.1532
2000-11-15,19.1875,19.3125,19.0625,19.1250,23700,11.0807
2000-11-16,18.8125,19.0000,18.8125,18.8750,13100,10.9359
2000-11-17,18.8125,18.9375,18.5000,18.5625,36800,10.7548
2000-11-20,18.4375,18.5000,18.1875,18.2500,69500,10.5738
2000-11-21,18.1875,18.3125,18.0625,18.1875,49300,10.5376
2000-11-22,18.0000,18.0000,17.7500,17.7500,62700,10.2841
2000-11-24,18.1875,18.3750,18.1250,18.1250,16500,10.5014
2000-11-27,18.4375,18.6250,18.3750,18.4375,45800,10.6824
2000-11-28,18.5625,18.5625,18.3125,18.3750,33200,10.6462
2000-11-29,18.4375,18.6250,18.2500,18.4375,65800,10.6824
2000-11-30,18.3125,18.4375,18.1875,18.1875,55900,10.5376
2000-12-01,18.3125,18.6875,18.3125,18.6250,122300,10.7911
2000-12-04,18.5000,18.6250,18.4375,18.6250,18500,10.7911
2000-12-05,18.8125,19.0625,18.8125,18.8125,118800,10.8997
2000-12-06,19.0000,19.1875,18.9375,19.0000,64300,11.0083
2000-12-07,19.0000,19.0000,18.8125,18.8750,41300,10.9359
2000-12-08,19.0000,19.1875,18.8750,19.0000,25700,11.0083
2000-12-11,19.1875,19.3125,19.0625,19.1250,195400,11.0807
2000-12-12,19.0625,19.1875,19.0000,19.0000,63900,11.0083
2000-12-13,18.8750,18.8750,18.6875,18.6875,44200,10.8273
2000-12-14,18.6875,18.6875,18.4375,18.5000,50500,10.7186
2000-12-15,18.5000,18.6250,18.4375,18.5000,584300,10.7186
2000-12-18,18.5000,18.6250,18.2500,18.3125,331200,10.6100
2000-12-19,18.4375,18.6250,18.3750,18.3750,250500,10.6462
2000-12-20,18.3750,18.5000,18.2500,18.3125,55100,10.6100
2000-12-21,18.1250,18.5000,18.1250,18.3125,78600,10.6100
2000-12-22,18.8125,18.8125,18.5625,18.6250,63200,10.7911
2000-12-26,18.6250,18.8750,18.6250,18.8125,41000,10.8997
2000-12-27,19.0000,19.1875,18.8750,19.1250,113600,11.0807
2000-12-28,19.1250,19.1875,19.0000,19.1875,62600,11.1170
2000-12-29,19.1250,19.6250,19.1250,19.5000,79200,11.2980
2001-01-02,19.5000,19.6250,19.3750,19.5625,69600,11.3342
2001-01-03,19.2500,20.1250,19.1875,19.9375,235500,11.5515
2001-01-04,19.6250,19.8125,19.4375,19.8125,89600,11.4791
2001-01-05,19.9375,19.9375,19.6250,19.6250,88100,11.3704
2001-01-08,19.5625,19.6875,19.5000,19.6250,27100,11.3704
2001-01-09,19.5000,19.5000,19.3125,19.4375,84800,11.2618
2001-01-10,19.2500,19.3125,19.1250,19.3125,38000,11.1894
2001-01-11,19.5625,19.8750,19.5625,19.8750,63000,11.5153
2001-01-12,19.8125,20.0000,19.8125,19.8750,28500,11.5153
2001-01-16,19.8750,19.8750,19.6875,19.8125,53300,11.4791
2001-01-17,20.0000,20.0000,19.8125,20.0000,202800,11.5877
2001-01-18,20.0625,20.2500,20.0000,20.2500,60800,11.7326
2001-01-19,20.3125,20.3125,20.0000,20.0625,96200,11.6239
2001-01-22,19.8750,20.1250,19.8750,20.1250,23500,11.6601
2001-01-23,19.9375,20.1875,19.9375,20.1875,42800,11.6963
2001-01-24,20.0625,20.0625,19.8750,19.8750,237400,11.5153
2001-01-25,19.8750,20.0000,19.8125,19.9375,69800,11.5515
2001-01-26,19.8125,19.8750,19.6250,19.8750,162200,11.5153
2001-01-29,19.8000,19.9700,19.6600,19.9600,182700,11.5645
2001-01-30,19.8600,20.0400,19.8600,20.0400,92100,11.6109
2001-01-31,20.2000,20.6000,20.0600,20.5000,173000,11.8774
2001-02-01,20.4000,20.4400,20.2600,20.2600,49100,11.7384
2001-02-02,20.2000,20.2000,19.8800,19.9800,48800,11.5761
2001-02-05,19.9600,20.1000,19.9500,20.0800,21600,11.6341
2001-02-06,20.0200,20.0900,19.9600,20.0500,18400,11.6167
2001-02-07,19.8100,19.9000,19.7600,19.8700,29900,11.5124
2001-02-08,19.6500,19.6500,19.5500,19.5700,15700,11.3386
2001-02-09,19.5000,19.6100,19.3700,19.6100,68400,11.3618
2001-02-12,19.4400,19.6500,19.4400,19.6000,52200,11.3560
2001-02-13,19.5100,19.6000,19.4500,19.5400,36300,11.3212
2001-02-14,19.2100,19.2700,19.1500,19.2300,32100,11.1416
2001-02-15,19.0200,19.2200,19.0000,19.1400,31100,11.0894
2001-02-16,19.1300,19.1300,18.8000,19.0000,57300,11.0083
2001-02-20,19.1000,19.1500,18.7500,18.8400,46800,10.9156
2001-02-21,18.5000,18.6500,18.4500,18.4500,42400,10.6897
2001-02-22,18.1500,18.2600,18.1000,18.2600,54400,10.5796
2001-02-23,18.1000,18.1000,17.8500,18.0800,62700,10.4753
2001-02-26,18.3500,18.3500,18.0500,18.2400,68100,10.5680
2001-02-27,18.3900,18.4500,18.2000,18.2300,102100,10.5622
2001-02-28,18.8500,18.8500,18.4500,18.6500,129000,10.8055
2001-03-01,18.5000,18.7000,18.4000,18.7000,55800,10.8345
2001-03-02,18.4400,18.7500,18.4400,18.7400,33200,10.8577
2001-03-05,18.8000,18.8000,18.6000,18.7400,28600,10.8577
2001-03-06,19.0200,19.0900,18.9500,19.0500,15300,11.0373
2001-03-07,19.1500,19.1500,18.9100,19.0400,40800,11.0315
2001-03-08,19.0000,19.0000,18.8500,18.8700,9000,10.9330
2001-03-09,18.8500,18.8500,18.6000,18.6000,22600,10.7766
2001-03-12,18.2000,18.5000,18.0500,18.2000,57400,10.5448
2001-03-13,17.8100,18.0000,17.6000,17.8500,44900,10.3420
2001-03-14,17.0500,17.4000,16.7500,16.8000,133000,9.7337
2001-03-15,17.2400,17.2400,16.9500,17.0500,123600,9.8785
2001-03-16,16.8500,16.8500,16.5500,16.5800,30800,9.6062
2001-03-19,16.5000,16.5500,16.4000,16.5500,69900,9.5888
2001-03-20,16.8600,16.9500,16.7000,16.7000,77000,9.6757
2001-03-21,16.3400,16.5000,16.2000,16.2500,41100,9.4150
2001-03-22,15.7500,16.0000,15.2000,15.6500,118000,9.0674
2001-03-23,15.8500,16.0400,15.8200,15.9500,36000,9.2412
2001-03-26,16.5000,16.6000,16.4200,16.6000,26000,9.6178
2001-03-27,16.8600,17.0000,16.8500,17.0000,450400,9.8496
2001-03-28,16.6000,16.7500,16.4600,16.4600,46800,9.5367
2001-03-29,16.4500,16.7000,16.4500,16.5200,153800,9.5715
2001-03-30,16.8500,16.8500,16.5600,16.7000,128500,9.6757
2001-04-02,16.4000,16.5000,16.2000,16.2900,42200,9.4382
2001-04-03,16.1000,16.2000,15.5500,15.7400,138300,9.1195
2001-04-04,16.1300,16.3500,16.0000,16.1500,59100,9.3571
2001-04-05,16.7200,16.9000,16.6000,16.8800,31000,9.7800
2001-04-06,16.5000,16.6000,16.4500,16.5900,43500,9.6120
2001-04-09,16.7700,16.9500,16.7000,16.7000,157700,9.6757
2001-04-10,16.8800,17.0000,16.8500,16.8600,49900,9.7684
2001-04-11,16.9600,17.0000,16.8600,16.8600,9000,9.7684
2001-04-12,16.9000,17.3000,16.9000,17.3000,30500,10.0234
2001-04-16,17.1500,17.1800,17.0500,17.1000,10200,9.9075
2001-04-17,16.5700,16.8500,16.5700,16.8500,20300,9.7626
2001-04-18,17.1700,18.0000,17.0600,17.6000,55500,10.1972
2001-04-19,17.4100,17.7500,17.4000,17.6500,224700,10.2262
2001-04-20,17.6500,17.7500,17.5500,17.7500,62200,10.2841
2001-04-23,17.3500,17.4500,17.3500,17.4000,40200,10.0813
2001-04-24,17.6000,17.7600,17.5500,17.6500,69000,10.2262
2001-04-25,17.6100,17.6900,17.5500,17.6000,153300,10.1972
2001-04-26,17.6900,17.7500,17.5500,17.7000,75700,10.2551
2001-04-27,17.6600,17.7000,17.5500,17.6800,12900,10.2435
2001-04-30,17.2000,17.8000,17.2000,17.6600,46100,10.2319
2001-05-01,17.7500,17.9400,17.6600,17.8000,38600,10.3131
2001-05-02,17.8500,17.8500,17.6300,17.6800,37800,10.2435
2001-05-03,17.6300,17.6500,17.2800,17.3000,83700,10.0234
2001-05-04,17.3800,17.6500,17.3800,17.6500,24000,10.2262
2001-05-07,17.4200,17.5300,17.4200,17.5000,70600,10.1392
2001-05-08,17.3300,17.4400,17.3000,17.3200,45200,10.0350
2001-05-09,17.0700,17.1800,17.0000,17.1800,80700,9.9538
2001-05-10,17.3700,17.3900,17.2600,17.3400,16200,10.0465
2001-05-11,17.2200,17.2900,17.1000,17.1000,26300,9.9075
2001-05-14,17.0000,17.0000,16.9100,16.9600,187800,9.8264
2001-05-15,17.0100,17.1300,17.0100,17.0900,221700,9.9017
2001-05-16,16.9000,17.3500,16.8800,17.2700,35100,10.0060
2001-05-17,17.5000,17.5000,17.3000,17.3000,43400,10.0234
2001-05-18,17.2500,17.4200,17.2500,17.3200,6800,10.0350
2001-05-21,17.3900,17.5500,17.2800,17.5500,46400,10.1682
2001-05-22,17.5000,17.6000,17.3000,17.4300,20300,10.0987
2001-05-23,17.3300,17.3300,17.1000,17.1000,297200,9.9075
2001-05-24,17.2600,17.3800,17.2600,17.2700,16000,10.0060
2001-05-25,17.1700,17.1900,17.0000,17.1500,30400,9.9365
2001-05-29,17.0500,17.0500,16.8000,16.8900,55800,9.7858
2001-05-30,16.8200,16.8200,16.6000,16.6000,41900,9.6178
2001-05-31,16.7000,16.7100,16.5700,16.7000,19300,9.6757
2001-06-01,16.7100,16.7100,16.6000,16.6200,57500,9.6294
2001-06-04,16.8900,16.9000,16.7000,16.8700,59800,9.7742
2001-06-05,16.8000,17.1800,16.8000,17.1800,39800,9.9538
2001-06-06,17.1800,17.1800,16.7500,16.8000,49700,9.7337
2001-06-07,16.8800,16.9800,16.8000,16.9500,12600,9.8206
2001-06-08,16.9000,16.9900,16.8500,16.9800,48700,9.8380
2001-06-11,16.9000,16.9000,16.7300,16.7300,48200,9.6931
2001-06-12,16.5600,16.6500,16.5000,16.6100,122600,9.6236
2001-06-13,16.8200,16.8600,16.6600,16.7000,87900,9.6757
2001-06-14,16.6900,16.7900,16.5500,16.7700,22300,9.7163
2001-06-15,16.4700,16.7000,16.3500,16.6300,28000,9.6352
2001-06-18,16.5500,16.5500,16.3000,16.3500,17200,9.4730
2001-06-19,16.4700,16.4700,16.2500,16.2700,30400,9.4266
2001-06-20,16.0200,16.3000,16.0200,16.1800,24300,9.3745
2001-06-21,16.0600,16.2500,16.0500,16.1600,17600,9.3629
2001-06-22,16.2100,16.3500,16.2100,16.2300,101300,9.4034
2001-06-25,16.4500,16.5000,16.3200,16.4000,25800,9.5019
2001-06-26,16.1500,16.3500,16.1000,16.3500,14100,9.4730
2001-06-27,16.1800,16.3500,16.1800,16.3400,43400,9.4672
2001-06-28,16.2500,16.3000,16.2000,16.2100,56200,9.3918
2001-06-29,16.5500,16.6000,16.3800,16.6000,125600,9.6178
2001-07-02,16.5400,16.7500,16.4100,16.7500,18400,9.7047
2001-07-03,16.5100,16.6500,16.5000,16.6300,3700,9.6352
2001-07-05,16.2500,16.2500,16.1000,16.1000,17800,9.3281
2001-07-06,16.1000,16.1000,15.8500,15.8700,6400,9.1948
2001-07-09,15.8700,15.9500,15.8000,15.9000,54700,9.2122
2001-07-10,16.1700,16.1700,15.9000,15.9000,24500,9.2122
2001-07-11,15.8700,16.1000,15.8500,15.9200,172400,9.2238
2001-07-12,16.1700,16.1700,16.0500,16.1500,70800,9.3571
2001-07-13,16.1000,16.3000,16.1000,16.2000,6700,9.3860
2001-07-16,16.2000,16.2000,16.0100,16.0900,8600,9.3223
2001-07-17,15.8400,16.2400,15.7400,16.1100,82300,9.3339
2001-07-18,15.8900,16.0100,15.8900,16.0000,13300,9.2702
2001-07-19,16.1400,16.2800,16.1300,16.2700,35700,9.4266
2001-07-20,16.2500,16.2500,16.0900,16.0900,39500,9.3223
2001-07-23,16.2100,16.2100,16.0500,16.0500,31400,9.2991
2001-07-24,16.0000,16.1600,15.9000,15.9900,51800,9.2644
2001-07-25,15.8100,15.9000,15.7200,15.8600,12100,9.1891
2001-07-26,16.0000,16.0400,15.8500,16.0000,12400,9.2702
2001-07-27,16.3100,16.3900,16.0600,16.3900,133600,9.4961
2001-07-30,16.5000,16.5000,16.4000,16.4500,27200,9.5309
2001-07-31,16.3500,16.5900,16.3500,16.4400,63500,9.5251
2001-08-01,16.6800,16.6900,16.5600,16.5900,19000,9.6120
2001-08-02,16.8300,16.8300,16.4800,16.6400,33800,9.6410
2001-08-03,16.5500,16.5500,16.4600,16.4700,11600,9.5425
2001-08-06,16.2200,16.3900,16.2100,16.2600,40100,9.4208
2001-08-07,16.1500,16.3500,16.1500,16.2100,47800,9.3918
2001-08-08,15.9500,15.9900,15.8200,15.8300,15700,9.1717
2001-08-09,15.7800,15.8700,15.7000,15.8700,93400,9.1948
2001-08-10,15.7000,15.8100,15.6500,15.8100,54200,9.1601
2001-08-13,15.9600,16.0400,15.8600,15.8800,12000,9.2006
2001-08-14,16.1200,16.2100,16.0500,16.2000,24000,9.3860
2001-08-15,16.2100,16.2100,16.1000,16.1000,74800,9.3281
2001-08-16,15.8500,15.9600,15.8500,15.9000,27300,9.2122
2001-08-17,15.5400,15.5900,15.4500,15.5300,17200,8.9979
2001-08-20,15.4500,15.5500,15.3100,15.4400,35500,8.9457
2001-08-21,15.5000,15.5900,15.3600,15.4700,35100,8.9631
2001-08-22,15.8500,15.8500,15.6000,15.7000,5600,9.0964
2001-08-23,15.7400,15.7400,15.6000,15.6100,20300,9.0442
2001-08-24,15.7900,15.9400,15.6800,15.8200,7700,9.2782
2001-08-27,15.8200,16.0000,15.7500,15.7600,49800,9.2430
2001-08-28,15.8400,15.8400,15.5000,15.5900,30500,9.1433
2001-08-29,15.7400,15.7400,15.5100,15.5100,17700,9.0964
2001-08-30,15.3100,15.4300,15.2400,15.4000,15800,9.0319
2001-08-31,15.2000,15.2500,15.0700,15.2500,60000,8.9439
2001-09-04,14.7500,15.0000,14.7000,14.7800,45500,8.6683
2001-09-05,14.6000,14.7300,14.4500,14.5500,21400,8.5334
2001-09-06,14.1100,14.1700,13.9500,14.0200,92500,8.2225
2001-09-07,13.8500,14.0000,13.7000,13.8400,27300,8.1170
2001-09-10,13.3500,13.7200,13.3200,13.6400,120200,7.9997
2001-09-17,12.5000,12.9500,12.3500,12.5500,80400,7.3604
2001-09-18,12.4500,12.5500,12.3400,12.5000,50900,7.3311
2001-09-19,12.4500,12.6500,11.7500,12.0500,83400,7.0672
2001-09-20,11.7500,11.8000,11.1000,11.1500,99800,6.5393
2001-09-21,10.4000,11.3500,10.3500,11.3000,70100,6.6273
2001-09-24,11.5000,11.8900,11.5000,11.7600,57400,6.8971
2001-09-25,12.0500,12.2300,11.9000,12.0000,56800,7.0378
2001-09-26,12.2500,12.3000,11.9500,11.9500,39900,7.0085
2001-09-27,12.1400,12.4500,11.9800,12.3500,61900,7.2431
2001-09-28,12.6400,12.6600,12.4000,12.4400,88200,7.2959
2001-10-01,12.4900,12.4900,12.3500,12.4800,32200,7.3194
2001-10-02,12.3600,12.6600,12.3600,12.5600,28000,7.3663
2001-10-03,12.4500,12.7500,12.4500,12.7300,29200,7.4660
2001-10-04,13.0500,13.2500,13.0000,13.1500,38500,7.7123
2001-10-05,13.2300,13.2400,13.0000,13.1100,57500,7.6888
2001-10-08,12.9500,13.2000,12.9500,13.2000,66000,7.7416
2001-10-09,13.1000,13.2400,13.0000,13.0300,49700,7.6419
2001-10-10,13.2000,13.5400,13.2000,13.4100,48500,7.8648
2001-10-11,13.5500,13.6400,13.3500,13.6000,39500,7.9762
2001-10-12,13.4100,13.5400,13.3100,13.5300,161400,7.9352
2001-10-15,13.4000,13.4000,13.1500,13.2500,56600,7.7709
2001-10-16,13.4100,13.4900,13.3600,13.4100,12900,7.8648
2001-10-17,13.7500,13.7500,13.2500,13.2500,39300,7.7709
2001-10-18,13.2500,13.3600,13.1900,13.1900,28300,7.7358
2001-10-19,12.9500,13.0500,12.9000,13.0500,44000,7.6537
2001-10-22,13.0000,13.1000,12.9500,13.0500,93000,7.6537
2001-10-23,13.5500,13.5500,13.3100,13.3100,53700,7.8061
2001-10-24,13.6100,13.7400,13.6100,13.6200,8600,7.9879
2001-10-25,13.3800,13.5500,13.2500,13.5500,98700,7.9469
2001-10-26,13.6000,13.7000,13.5200,13.6800,158900,8.0231
2001-10-29,13.7300,13.7300,13.4400,13.4500,42500,7.8882
2001-10-30,13.2500,13.2500,13.0000,13.1400,52400,7.7064
2001-10-31,13.2200,13.3100,13.1000,13.1500,147100,7.7123
2001-11-01,13.3500,13.5100,13.1800,13.4900,43600,7.9117
2001-11-02,13.4100,13.4100,13.2800,13.3000,14200,7.8003
2001-11-05,13.5500,13.7400,13.5500,13.7000,14300,8.0349
2001-11-06,13.7100,13.8500,13.6500,13.8200,190800,8.1052
2001-11-07,13.7600,13.9500,13.7600,13.8700,16600,8.1346
2001-11-08,14.1600,14.2300,14.0000,14.0500,41500,8.2401
2001-11-09,13.9700,14.1200,13.9700,14.0500,47900,8.2401
2001-11-12,14.0800,14.0800,13.6000,13.9000,72400,8.1522
2001-11-13,13.9500,14.0700,13.9100,14.0500,60400,8.2401
2001-11-14,14.1900,14.2200,14.0200,14.0500,52400,8.2401
2001-11-15,14.2600,14.3000,14.2000,14.2000,71400,8.3281
2001-11-16,14.5000,14.6100,14.3600,14.4000,20700,8.4454
2001-11-19,14.6900,14.7500,14.6100,14.7000,22700,8.6214
2001-11-20,14.6700,14.6700,14.4500,14.4500,55200,8.4747
2001-11-21,14.4000,14.4400,14.3100,14.3100,133600,8.3926
2001-11-23,14.4400,14.5700,14.4400,14.5000,16100,8.5041
2001-11-26,14.7000,14.7600,14.6000,14.7200,24700,8.6331
2001-11-27,14.4500,14.5200,14.3200,14.4100,24200,8.4513
2001-11-28,14.3200,14.3300,14.2000,14.2000,15300,8.3281
2001-11-29,14.2500,14.3100,14.1600,14.3000,59400,8.3868
2001-11-30,14.4800,14.6300,14.4700,14.5100,20300,8.5099
2001-12-03,14.3300,14.3900,14.2500,14.3400,39400,8.4102
2001-12-04,14.5000,14.5800,14.4500,14.5000,27000,8.5041
2001-12-05,14.9000,15.1500,14.9000,15.1500,44400,8.8853
2001-12-06,15.1500,15.3400,15.1500,15.2700,29800,8.9556
2001-12-07,15.1000,15.1900,15.0100,15.0400,8800,8.8208
2001-12-10,14.7600,14.8700,14.7100,14.7500,16000,8.6507
2001-12-11,14.8000,14.9700,14.8000,14.8300,19900,8.6976
2001-12-12,14.8000,14.8600,14.5700,14.8000,28700,8.6800
2001-12-13,14.4100,14.5600,14.3500,14.4500,87100,8.4747
2001-12-14,14.6500,14.6500,14.4500,14.5000,50000,8.5041
2001-12-17,14.6000,14.9500,14.6000,14.9000,101000,8.7387
2001-12-18,14.9500,14.9500,14.7500,14.8000,72600,8.6800
2001-12-19,14.4900,14.7400,14.4900,14.6700,365700,8.6038
2001-12-20,14.6000,14.6000,14.4200,14.5000,196800,8.5041
2001-12-21,14.4400,14.5500,14.4400,14.4500,55900,8.4747
2001-12-24,14.2200,14.2200,14.1700,14.1900,6800,8.3222
2001-12-26,14.2100,14.3400,14.2000,14.2800,77800,8.3750
2001-12-27,14.5700,14.7400,14.5700,14.6100,115100,8.5686
2001-12-28,14.8100,14.8900,14.8000,14.8000,146400,8.6800
2001-12-31,14.9000,15.1000,14.9000,15.1000,38100,8.8559
2002-01-02,15.1500,15.2800,15.0500,15.1000,39400,8.8559
2002-01-03,15.3500,15.5100,15.3500,15.4500,41200,9.0612
2002-01-04,15.5500,15.5700,15.3700,15.4500,19900,9.0612
2002-01-07,15.3800,15.4100,15.1800,15.2500,20800,8.9439
2002-01-08,15.1800,15.2000,15.0700,15.2000,20100,8.9146
2002-01-09,15.3100,15.4100,15.2000,15.2600,20400,8.9498
2002-01-10,15.0800,15.2000,15.0600,15.2000,220000,8.9146
2002-01-11,15.2000,15.2900,15.0900,15.0900,27000,8.8501
2002-01-14,14.9000,14.9000,14.7800,14.8000,16200,8.6800
2002-01-15,14.7600,14.9000,14.6100,14.6500,230600,8.5920
2002-01-16,14.4500,14.4700,14.3200,14.3500,19500,8.4161
2002-01-17,14.6300,14.8500,14.6300,14.8400,25800,8.7035
2002-01-18,14.6000,14.8300,14.6000,14.7400,36800,8.6448
2002-01-22,14.7500,14.8100,14.5600,14.5800,29500,8.5510
2002-01-23,14.8000,14.8400,14.7000,14.7800,45400,8.6683
2002-01-24,14.8900,14.8900,14.7700,14.8000,13900,8.6800
2002-01-25,14.4700,14.6300,14.4700,14.6300,6900,8.5803
2002-01-28,14.6100,14.6100,14.4300,14.5100,20500,8.5099
2002-01-29,14.5700,14.6300,14.3100,14.3400,55100,8.4102
2002-01-30,14.1100,14.3900,14.1100,14.3900,257400,8.4395
2002-01-31,14.3500,14.4100,14.2000,14.4100,208800,8.4513
2002-02-01,14.4600,14.4800,14.3000,14.4000,18500,8.4454
2002-02-04,14.2400,14.3100,14.1500,14.1500,83300,8.2988
2002-02-05,14.1000,14.1000,13.8800,14.0300,34800,8.2284
2002-02-06,13.7300,13.7500,13.6000,13.6100,34100,7.9821
2002-02-07,13.6800,13.8200,13.6700,13.8100,20300,8.0994
2002-02-08,13.8200,13.9400,13.7500,13.8500,46900,8.1228
2002-02-11,13.9400,14.2200,13.9400,14.2200,132000,8.3398
2002-02-12,14.0300,14.0500,13.9200,13.9500,16500,8.1815
2002-02-13,13.9500,14.0500,13.9500,13.9700,17000,8.1932
2002-02-14,14.0200,14.1100,14.0200,14.0600,7400,8.2460
2002-02-15,14.0700,14.0700,13.7600,13.7600,38600,8.0701
2002-02-19,13.6400,13.7000,13.5200,13.5900,205000,7.9704
2002-02-20,13.6000,13.6500,13.4500,13.6500,21400,8.0055
2002-02-21,13.6500,13.7900,13.6100,13.6100,66400,7.9821
2002-02-22,13.7000,13.7000,13.5300,13.6700,6400,8.0173
2002-02-25,13.6000,13.8600,13.6000,13.8500,41800,8.1228
2002-02-26,13.8800,13.9900,13.7900,13.9300,36400,8.1698
2002-02-27,13.9400,14.1100,13.8400,13.8800,17400,8.1404
2002-02-28,14.0700,14.2700,14.0700,14.2600,42000,8.3633
2002-03-01,14.2800,14.4000,14.1600,14.3600,37800,8.4219
2002-03-04,14.6100,15.0000,14.6100,14.8400,77000,8.7035
2002-03-05,14.8000,14.9100,14.6600,14.7600,52500,8.6565
2002-03-06,14.8800,15.1800,14.7500,15.1600,27000,8.8911
2002-03-07,15.4000,15.4000,15.1100,15.2100,41500,8.9205
2002-03-08,15.2900,15.3500,15.2100,15.2500,27000,8.9439
2002-03-11,15.2000,15.4000,15.0600,15.3900,73600,9.0260
2002-03-12,14.9900,15.2100,14.8800,14.9500,104700,8.7680
2002-03-13,15.0500,15.1300,14.9100,14.9100,50400,8.7445
2002-03-14,15.0000,15.3000,15.0000,15.1100,16300,8.8618
2002-03-15,15.3500,15.5700,15.2100,15.5000,117500,9.0905
2002-03-18,15.7000,15.7000,15.4900,15.6800,59400,9.1961
2002-03-19,15.7100,15.7400,15.5600,15.7400,35200,9.2313
2002-03-20,15.5200,15.5200,15.3700,15.4000,71500,9.0319
2002-03-21,15.3400,15.4400,15.3000,15.3300,136800,8.9908
2002-03-22,15.3100,15.4100,15.3100,15.3600,8000,9.0084
2002-03-25,15.2600,15.3800,15.1200,15.1600,73900,8.8911
2002-03-26,15.2500,15.5000,15.2500,15.3600,112500,9.0084
2002-03-27,15.2800,15.3400,15.1400,15.2600,31200,8.9498
2002-03-28,15.2800,15.4000,15.2200,15.3400,13900,8.9967
2002-04-01,15.4700,15.4800,15.2900,15.4000,22900,9.0319
2002-04-02,15.3000,15.3000,15.1400,15.1400,130100,8.8794
2002-04-03,15.1600,15.1600,15.0500,15.0900,7800,8.8501
2002-04-04,15.0100,15.1100,14.9300,14.9300,19700,8.7562
2002-04-05,15.1700,15.1700,14.9600,15.0600,13400,8.8325
2002-04-08,14.6900,14.8700,14.6400,14.7600,27300,8.6565
2002-04-09,14.9000,14.9500,14.7500,14.7500,22200,8.6507
2002-04-10,15.0000,15.1500,14.9800,15.1400,16900,8.8794
2002-04-11,15.1000,15.1000,14.7300,14.7300,35100,8.6389
2002-04-12,14.8700,14.8900,14.7100,14.8500,26200,8.7093
2002-04-15,15.0000,15.0500,14.8800,14.9000,23200,8.7387
2002-04-16,15.1700,15.4500,15.1700,15.4300,39500,9.0495
2002-04-17,15.5400,15.5400,15.3100,15.3100,30500,8.9791
2002-04-18,15.3100,15.3900,15.1000,15.1000,6100,8.8559
2002-04-19,15.2500,15.3800,15.2500,15.3800,29200,9.0202
2002-04-22,15.0500,15.0700,14.9700,15.0600,52100,8.8325
2002-04-23,14.9400,15.0300,14.9300,15.0000,24200,8.7973
2002-04-24,15.1000,15.1400,14.8800,14.8800,7700,8.7269
2002-04-25,14.8700,14.9400,14.7200,14.8700,157300,8.7211
2002-04-26,14.8900,14.8900,14.6300,14.6600,25800,8.5979
2002-04-29,14.6300,14.8100,14.6300,14.7500,24500,8.6507
2002-04-30,14.6600,14.8900,14.6600,14.8900,57600,8.7328
2002-05-01,14.9500,14.9500,14.7000,14.9400,127100,8.7621
2002-05-02,14.8900,14.8900,14.6100,14.7300,31400,8.6389
2002-05-03,14.8900,14.8900,14.6200,14.8200,18500,8.6917
2002-05-06,14.6800,14.7900,14.6800,14.7200,5000,8.6331
2002-05-07,14.6000,14.6700,14.5100,14.5600,14800,8.5392
2002-05-08,14.7600,14.9900,14.7600,14.9900,61400,8.7914
2002-05-09,14.9200,14.9200,14.7000,14.7000,34400,8.6214
2002-05-10,14.8400,14.8400,14.6100,14.6400,5800,8.5862
2002-05-13,14.6700,14.9800,14.6700,14.9700,31200,8.7797
2002-05-14,15.0400,15.0600,14.8800,15.0300,17300,8.8149
2002-05-15,14.8900,15.1900,14.8900,15.0500,30600,8.8266
2002-05-16,15.1800,15.1900,15.0800,15.1500,25300,8.8853
2002-05-17,15.3000,15.3600,15.1900,15.2200,29400,8.9263
2002-05-20,15.2000,15.2300,15.0600,15.0600,35700,8.8325
2002-05-21,15.2100,15.2300,15.0000,15.0000,10600,8.7973
2002-05-22,14.9900,15.0500,14.9300,15.0300,27000,8.8149
2002-05-23,14.9100,14.9800,14.7200,14.9800,241800,8.7856
2002-05-24,14.7900,14.9600,14.7900,14.8300,14600,8.6976
2002-05-28,15.0700,15.1800,14.9600,15.0900,33500,8.8501
2002-05-29,14.9500,15.0600,14.8800,14.9600,53300,8.7738
2002-05-30,14.8000,14.8800,14.6800,14.7200,15800,8.6331
2002-05-31,14.8000,14.9700,14.6500,14.6800,63500,8.6096
2002-06-03,14.8300,14.9500,14.5800,14.5800,24200,8.5510
2002-06-04,14.5100,14.5300,14.2400,14.4500,55800,8.4747
2002-06-05,14.4600,14.5200,14.2700,14.4500,29700,8.4747
2002-06-06,14.6000,14.6000,14.4500,14.4600,31800,8.4806
2002-06-07,14.2000,14.4200,14.0700,14.2900,26100,8.3809
2002-06-10,14.3800,14.4300,14.2300,14.4300,16300,8.4630
2002-06-11,14.4500,14.5900,14.2800,14.3200,25600,8.3985
2002-06-12,14.1500,14.2500,13.9200,14.0300,23100,8.2284
2002-06-13,14.0700,14.0700,13.7400,13.7400,49600,8.0583
2002-06-14,13.5600,13.6400,13.3000,13.5000,126000,7.9176
2002-06-17,13.7000,14.0300,13.7000,13.9000,70000,8.1522
2002-06-18,13.8700,14.0000,13.7500,13.9100,19700,8.1580
2002-06-19,13.7700,13.8600,13.6500,13.6500,27100,8.0055
2002-06-20,13.5700,13.6600,13.4000,13.5100,14500,7.9234
2002-06-21,13.6900,13.7500,13.5500,13.6600,26000,8.0114
2002-06-24,13.5200,13.5200,13.1500,13.3200,13300,7.8120
2002-06-25,13.6200,13.7800,13.4000,13.5900,62400,7.9704
2002-06-26,13.2000,13.5300,13.2000,13.5200,15300,7.9293
2002-06-27,13.7800,14.0500,13.6000,14.0500,37300,8.2401
2002-06-28,14.2800,14.5700,14.1600,14.5400,58900,8.5275
2002-07-01,14.5100,14.5100,14.3000,14.3000,35300,8.3868
2002-07-02,14.0000,14.0500,13.5500,13.5500,35300,7.9469
2002-07-03,13.5800,13.6600,13.3500,13.5600,38900,7.9528
2002-07-05,14.1500,14.4200,14.0500,14.4200,6000,8.4571
2002-07-08,14.5400,14.5400,14.3800,14.4400,61300,8.4689
2002-07-09,14.4000,14.4300,14.1500,14.3000,7700,8.3868
2002-07-10,14.1700,14.1700,13.5600,13.6000,12100,7.9762
2002-07-11,13.5000,13.5400,13.3100,13.5400,28500,7.9410
2002-07-12,13.6500,13.7700,13.3600,13.6000,6000,7.9762
2002-07-15,13.4700,13.4700,12.8600,13.1000,53000,7.6830
2002-07-16,13.1000,13.1900,12.8300,13.1300,59100,7.7006
2002-07-17,13.5100,13.7100,13.1000,13.2500,380500,7.7709
2002-07-18,13.5500,13.5500,13.3000,13.4200,113000,7.8706
2002-07-19,13.2000,13.2400,12.9000,13.0000,34200,7.6243
2002-07-22,12.6200,12.6200,12.1600,12.2500,30300,7.1845
2002-07-23,12.0600,12.0600,11.4000,11.4500,59500,6.7153
2002-07-24,10.8400,12.1900,10.7000,12.1400,109600,7.1199
2002-07-25,11.5100,12.0700,11.5100,11.9400,114800,7.0026
2002-07-26,11.7900,11.9400,11.5200,11.9000,19900,6.9792
2002-07-29,12.0000,12.6000,11.9900,12.4600,38300,7.3076
2002-07-30,12.3400,12.6600,12.2200,12.5000,18600,7.3311
2002-07-31,12.3300,12.3300,12.0000,12.1700,148300,7.1375
2002-08-01,12.0300,12.0300,11.6300,11.7000,30800,6.8619
2002-08-02,11.7600,11.7600,11.5000,11.5300,31400,6.7622
2002-08-05,11.3200,11.3600,10.7000,10.8200,40600,6.3458
2002-08-06,11.0000,11.5300,11.0000,11.2500,166600,6.5980
2002-08-07,11.4900,11.5500,11.1800,11.2000,78900,6.5686
2002-08-08,11.4000,11.7600,11.3700,11.7600,21700,6.8971
2002-08-09,11.5900,12.0300,11.5900,12.0300,210400,7.0554
2002-08-12,11.8800,11.9500,11.7600,11.9500,32100,7.0085
2002-08-13,11.6300,11.9000,11.6300,11.8000,46000,6.9205
2002-08-14,11.5900,12.0000,11.5500,11.9400,191100,7.0026
2002-08-15,12.0000,12.0600,11.8600,11.8600,20700,6.9557
2002-08-16,11.7500,12.0900,11.7500,11.9700,15600,7.0202
2002-08-19,11.9000,12.5300,11.9000,12.5300,18700,7.3487
2002-08-20,12.1500,12.4000,12.1500,12.3000,95900,7.2138
2002-08-21,12.7100,12.7100,12.3500,12.5000,85300,7.3311
2002-08-22,12.5300,12.5700,12.4900,12.5000,6400,7.3311
2002-08-23,12.4400,12.4400,12.2100,12.2300,9800,7.1727
2002-08-26,12.3000,12.3000,12.0400,12.2500,8700,7.1845
2002-08-27,12.5700,12.5700,12.3900,12.5000,25200,7.3311
2002-08-28,12.1200,12.2000,12.0200,12.0600,13800,7.0730
2002-08-29,11.8200,12.1700,11.7400,11.8500,66700,6.9499
2002-08-30,11.7000,12.1500,11.7000,12.0500,65700,7.0672
2002-09-03,11.6000,11.6000,11.1300,11.1300,31800,6.5276
2002-09-04,11.3000,11.3900,11.1100,11.3800,38000,6.6742
2002-09-05,11.1500,11.1500,10.8900,10.9600,20400,6.4279
2002-09-06,11.2500,11.3200,11.1500,11.2000,25600,6.5686
2002-09-09,11.0700,11.2600,11.0600,11.2600,15600,6.6038
2002-09-10,11.2200,11.3000,11.2000,11.2800,22700,6.6156
2002-09-11,11.5300,11.6300,11.4000,11.4000,11700,6.6859
2002-09-12,11.2900,11.2900,11.1200,11.1900,5500,6.5628
2002-09-13,10.9500,10.9500,10.7700,10.8300,17800,6.3517
2002-09-16,10.7400,10.8500,10.5500,10.7800,95300,6.3223
2002-09-17,10.6600,10.7300,10.4000,10.4100,89600,6.1053
2002-09-18,10.2200,10.4000,10.0400,10.1000,58000,5.9235
2002-09-19,10.0000,10.0000,9.7500,9.7500,40700,5.7182
2002-09-20,9.9500,10.0500,9.8000,9.9700,34500,5.8473
2002-09-23,9.7000,9.8000,9.4100,9.8000,74400,5.7476
2002-09-24,9.2500,9.5800,9.1800,9.3500,79800,5.4836
2002-09-25,9.5500,9.8000,9.3500,9.7000,40800,5.6889
2002-09-26,9.9000,9.9200,9.7000,9.8700,28800,5.7886
2002-09-27,9.7800,9.8500,9.3700,9.3700,33800,5.4954
2002-09-30,9.0800,9.2900,9.0300,9.1600,105500,5.3722
2002-10-01,9.2000,9.6000,9.0500,9.6000,79400,5.6303
2002-10-02,9.2000,9.7400,9.2000,9.3600,50600,5.4895
2002-10-03,9.3600,9.5800,9.3000,9.3000,7600,5.4543
2002-10-04,9.2100,9.2100,8.8300,8.9800,75100,5.2666
2002-10-07,8.8600,8.9300,8.6800,8.7000,53900,5.1024
2002-10-08,8.7600,8.8500,8.3500,8.8000,125500,5.1611
2002-10-09,8.4500,8.7400,8.3400,8.5500,115600,5.0145
2002-10-10,8.5500,9.1600,8.4400,9.1400,100000,5.3605
2002-10-11,9.3000,9.7600,9.2600,9.6900,83900,5.6831
2002-10-14,9.4500,9.5100,9.2000,9.4000,38600,5.5130
2002-10-15,9.9500,9.9500,9.7000,9.8900,261100,5.8004
2002-10-16,9.8500,10.0000,9.7300,9.8000,419300,5.7476
2002-10-17,10.4300,10.4300,9.9800,10.1600,123500,5.9587
2002-10-18,10.0600,10.4000,10.0000,10.4000,166900,6.0995
2002-10-21,10.3000,10.6000,10.2200,10.5600,138800,6.1933
2002-10-22,10.3500,10.4300,10.1300,10.3000,31100,6.0408
2002-10-23,10.0500,10.0800,9.6800,10.0800,44900,5.9118
2002-10-24,9.9100,10.0300,9.7900,9.7900,49800,5.7417
2002-10-25,10.0000,10.1500,9.9000,10.1500,67000,5.9528
2002-10-28,10.4000,10.5000,10.2100,10.2900,178700,6.0349
2002-10-29,10.2500,10.2500,9.9300,10.0000,170300,5.8649
2002-10-30,9.9600,10.2300,9.9600,10.1500,32300,5.9528
2002-10-31,10.4000,10.5800,10.3100,10.4200,221700,6.1112
2002-11-01,10.2100,10.5900,10.1600,10.5900,44200,6.2109
2002-11-04,10.8400,11.0000,10.7500,10.8700,82500,6.3751
2002-11-05,11.0300,11.2500,10.9600,11.2400,95600,6.5921
2002-11-06,11.0700,11.1400,10.8300,11.1000,97600,6.5100
2002-11-07,10.7900,10.7900,10.5300,10.6100,91000,6.2226
2002-11-08,10.4900,10.7700,10.3500,10.3500,39800,6.0701
2002-11-11,10.2500,10.4000,10.1400,10.1400,27900,5.9470
2002-11-12,10.2700,10.6500,10.2700,10.3800,216700,6.0877
2002-11-13,10.1500,10.5600,10.0300,10.3000,80300,6.0408
2002-11-14,10.5200,10.7000,10.5200,10.6500,63400,6.2461
2002-11-15,10.5200,10.6800,10.5200,10.6600,85800,6.2519
2002-11-18,10.8100,10.9600,10.6000,10.6000,52200,6.2168
2002-11-19,10.5700,10.8100,10.5300,10.6300,26100,6.2344
2002-11-20,10.4500,10.7500,10.4000,10.6900,64200,6.2695
2002-11-21,10.7600,10.9700,10.7600,10.9700,110200,6.4338
2002-11-22,11.0700,11.0700,10.8200,10.8400,66200,6.3575
2002-11-25,10.8000,10.9800,10.7900,10.8400,49800,6.3575
2002-11-26,10.8000,10.8900,10.5100,10.5500,40500,6.1874
2002-11-27,10.6800,11.1000,10.6800,10.9500,60600,6.4220
2002-11-29,11.0800,11.1700,11.0000,11.0800,17300,6.4983
2002-12-02,11.3800,11.3800,11.0400,11.1900,32700,6.5628
2002-12-03,11.1000,11.1400,10.7800,10.9600,74900,6.4279
2002-12-04,10.8600,11.1000,10.7900,10.9700,34100,6.4338
2002-12-05,11.0400,11.0400,10.5400,10.6800,19900,6.2637
2002-12-06,10.4500,10.7900,10.4400,10.6200,14800,6.2285
2002-12-09,10.6000,10.6500,10.3200,10.3200,24100,6.0525
2002-12-10,10.4500,10.7400,10.3500,10.7400,52600,6.2989
2002-12-11,10.5000,10.8500,10.5000,10.7300,14400,6.2930
2002-12-12,10.6000,10.7200,10.5100,10.6500,18300,6.2461
2002-12-13,10.4600,10.6000,10.3600,10.4500,58400,6.1288
2002-12-16,10.5900,10.8000,10.4800,10.7900,17300,6.3282
2002-12-17,10.7600,10.9800,10.7000,10.7000,52800,6.2754
2002-12-18,10.5400,10.6100,10.3900,10.4000,41300,6.0995
2002-12-19,10.2800,10.3700,10.1000,10.1900,62100,5.9763
2002-12-20,10.1000,10.4400,10.0500,10.4000,29300,6.0995
2002-12-23,10.0400,10.1200,9.9600,10.0200,29100,5.9464
2002-12-24,10.1700,10.1800,10.0500,10.1500,10100,6.0235
2002-12-26,10.1000,10.2100,10.1000,10.1500,13500,6.0235
2002-12-27,10.0100,10.1800,9.7500,9.8000,35000,5.8158
2002-12-30,9.9400,10.0000,9.8600,9.9500,46100,5.9048
2002-12-31,10.0000,10.0000,9.8400,9.8400,118900,5.8395
2003-01-02,10.1500,10.4800,10.1500,10.4000,140600,6.1719
2003-01-03,10.6300,10.6800,10.4700,10.6200,14600,6.3024
2003-01-06,10.5800,10.9600,10.5800,10.9400,126400,6.4923
2003-01-07,10.6000,10.7900,10.5100,10.6800,25000,6.3380
2003-01-08,10.4600,10.4800,10.2600,10.3500,38700,6.1422
2003-01-09,10.3900,10.5800,10.3600,10.5700,56400,6.2727
2003-01-10,10.4400,10.6500,10.3600,10.6000,47900,6.2906
2003-01-13,10.7300,10.8300,10.6100,10.6800,26400,6.3380
2003-01-14,10.7600,10.8100,10.6500,10.8000,28200,6.4092
2003-01-15,10.8000,10.8400,10.5000,10.6700,43800,6.3321
2003-01-16,10.6500,10.6800,10.5500,10.6600,22100,6.3262
2003-01-17,10.4100,10.4400,10.3200,10.3200,14000,6.1244
2003-01-21,10.1900,10.2500,10.1000,10.1000,30300,5.9938
2003-01-22,9.9700,10.0000,9.7800,9.9400,31600,5.8989
2003-01-23,10.1000,10.2600,9.8300,10.1700,80600,6.0354
2003-01-24,9.9800,9.9800,9.7500,9.8100,28500,5.8217
2003-01-27,9.5500,9.8200,9.4600,9.5000,66200,5.6378
2003-01-28,9.5000,9.7200,9.5000,9.7200,70100,5.7683
2003-01-29,9.5700,9.8800,9.4400,9.8400,63700,5.8395
2003-01-30,9.6300,9.7600,9.5000,9.6300,37400,5.7149
2003-01-31,9.7200,9.8800,9.6100,9.8200,36200,5.8277
2003-02-03,9.8900,9.9000,9.6400,9.8500,37000,5.8455
2003-02-04,9.5000,9.6700,9.4500,9.5000,49800,5.6378
2003-02-05,9.6600,9.6600,9.5400,9.5400,8100,5.6615
2003-02-06,9.6400,9.6400,9.3800,9.4400,84300,5.6022
2003-02-07,9.5000,9.5000,9.2300,9.3000,24300,5.5191
2003-02-10,9.2200,9.3200,9.1500,9.2000,80400,5.4597
2003-02-11,9.3000,9.4500,9.2600,9.3800,30900,5.5665
2003-02-12,9.2200,9.3300,9.1200,9.1200,13400,5.4122
2003-02-13,9.1400,9.2300,9.0100,9.1900,32100,5.4538
2003-02-14,9.2300,9.6100,9.2300,9.5000,1386700,5.6378
2003-02-18,9.3200,9.7700,9.3200,9.5300,143000,5.6556
2003-02-19,9.4200,9.5000,9.3500,9.3600,46500,5.5547
2003-02-20,9.4000,9.4300,9.2500,9.3500,31700,5.5487
2003-02-21,9.2400,9.4800,9.2400,9.3600,9000,5.5547
2003-02-24,9.2800,9.3000,9.1200,9.1500,27100,5.4301
2003-02-25,8.9700,9.0500,8.8100,9.0500,76000,5.3707
2003-02-26,8.8000,8.9500,8.8000,8.8100,48400,5.2283
2003-02-27,8.8200,9.0200,8.8200,8.9500,28100,5.3114
2003-02-28,9.1000,9.1500,8.9800,9.1100,230800,5.4063
2003-03-03,9.1800,9.3300,9.0200,9.0200,40100,5.3529
2003-03-04,9.0700,9.0800,8.9200,8.9300,7000,5.2995
2003-03-05,9.0000,9.1800,8.9800,9.1000,12400,5.4004
2003-03-06,8.9200,9.0600,8.8500,8.9400,50200,5.3054
2003-03-07,8.9100,8.9400,8.9000,8.9300,41900,5.2995
2003-03-10,8.9500,8.9500,8.5100,8.5100,55200,5.0502
2003-03-11,8.5500,8.6500,8.4200,8.4700,152400,5.0265
2003-03-12,8.3000,8.3400,8.0700,8.2500,793500,4.8959
2003-03-13,8.3500,8.5400,8.2400,8.5400,230900,5.0680
2003-03-14,8.6000,8.7400,8.4200,8.4200,234700,4.9968
2003-03-17,8.3700,8.8400,8.3700,8.7900,698400,5.2164
2003-03-18,9.0000,9.0500,8.7500,9.0500,280300,5.3707
2003-03-19,9.2000,9.2000,8.9200,9.0600,136900,5.3766
2003-03-20,9.0100,9.1000,8.8800,9.0900,100800,5.3944
2003-03-21,9.3100,9.4500,9.2000,9.4000,164800,5.5784
2003-03-24,9.0500,9.1500,8.8700,9.0000,199200,5.3410
2003-03-25,8.9800,9.2600,8.9400,9.1800,179600,5.4479
2003-03-26,9.1700,9.2400,9.1000,9.1300,59600,5.4182
2003-03-27,8.9400,9.0500,8.7900,9.0400,104100,5.3648
2003-03-28,9.0100,9.0400,8.8700,8.9400,84100,5.3054
2003-03-31,8.6400,8.8100,8.6100,8.6900,149400,5.1571
2003-04-01,8.7400,8.9100,8.6100,8.8000,47600,5.2223
2003-04-02,9.1000,9.1900,9.0100,9.0600,23700,5.3766
2003-04-03,9.2800,9.2800,8.9400,9.1000,75900,5.4004
2003-04-04,9.1700,9.3000,9.1700,9.2900,55100,5.5131
2003-04-07,9.7000,9.7000,9.4500,9.5500,227600,5.6674
2003-04-08,9.6500,9.8700,9.5600,9.6100,172300,5.7030
2003-04-09,9.7700,9.8200,9.5500,9.5700,662000,5.6793
2003-04-10,9.6200,9.6200,9.4600,9.6100,28700,5.7030
2003-04-11,9.6600,9.7900,9.5400,9.7400,95600,5.7802
2003-04-14,9.7400,9.8800,9.7100,9.8800,108500,5.8633
2003-04-15,9.9900,10.0800,9.9100,10.0500,121500,5.9642
2003-04-16,10.1500,10.2500,9.9100,9.9200,159800,5.8870
2003-04-17,10.1500,10.3700,10.1300,10.3000,151700,6.1125
2003-04-21,10.3000,10.4100,10.2500,10.3300,50700,6.1303
2003-04-22,10.2800,10.6700,10.1900,10.5800,75100,6.2787
2003-04-23,10.6400,10.7200,10.5200,10.6200,144900,6.3024
2003-04-24,10.5500,10.5800,10.3500,10.4500,102200,6.2015
2003-04-25,10.3400,10.3800,10.2300,10.3000,46000,6.1125
2003-04-28,10.4300,10.6800,10.4300,10.6200,122500,6.3024
2003-04-29,10.6300,10.7500,10.5500,10.5500,242400,6.2609
2003-04-30,10.7100,10.8600,10.6800,10.8400,153500,6.4330
2003-05-01,10.7500,10.9000,10.6800,10.7900,70300,6.4033
2003-05-02,10.6300,11.0000,10.6300,10.9500,217400,6.4983
2003-05-05,11.0500,11.2000,10.9900,11.0800,117900,6.5754
2003-05-06,11.1400,11.6000,11.1400,11.4600,338400,6.8009
2003-05-07,11.3300,11.3400,11.1200,11.2100,181600,6.6526
2003-05-08,10.9700,11.1000,10.9200,10.9400,94900,6.4923
2003-05-09,10.9700,11.2100,10.9600,11.0900,172800,6.5813
2003-05-12,11.0200,11.2600,10.9600,11.1900,121600,6.6407
2003-05-13,11.0400,11.1600,10.9200,11.0800,41600,6.5754
2003-05-14,11.1000,11.2100,10.9400,11.1000,45600,6.5873
2003-05-15,11.1500,11.2500,11.0600,11.0600,17700,6.5635
2003-05-16,11.2700,11.4000,11.2200,11.2300,154400,6.6644
2003-05-19,11.0400,11.2200,10.8500,10.8600,169800,6.4448
2003-05-20,10.9200,11.0200,10.8100,10.9200,47100,6.4805
2003-05-21,10.8900,10.9100,10.6800,10.9100,94300,6.4745
2003-05-22,10.9100,11.0400,10.8600,10.9900,35400,6.5220
2003-05-23,10.9900,11.0000,10.9000,10.9500,95700,6.4983
2003-05-27,10.8800,11.2400,10.8800,11.2400,161800,6.6704
2003-05-28,11.2600,11.3500,11.2000,11.2000,143900,6.6466
2003-05-29,11.3200,11.4500,11.3000,11.3000,110400,6.7060
2003-05-30,11.4600,11.5500,11.3700,11.4700,113800,6.8068
2003-06-02,11.6400,11.8500,11.5800,11.6100,432900,6.8899
2003-06-03,11.5500,11.7700,11.5100,11.6200,121000,6.8959
2003-06-04,11.6500,11.8500,11.6500,11.8200,102400,7.0146
2003-06-05,11.7800,11.9500,11.7200,11.9100,72500,7.0680
2003-06-06,11.9800,12.1300,11.9000,11.9100,152200,7.0680
2003-06-09,11.8600,11.9400,11.8100,11.8600,72600,7.0383
2003-06-10,12.0200,12.0400,11.8900,11.9600,78100,7.0976
2003-06-11,12.1300,12.4000,12.0400,12.3500,112600,7.3291
2003-06-12,12.3900,12.4900,12.3100,12.4000,102500,7.3588
2003-06-13,12.4200,12.4900,12.2200,12.3000,42300,7.2994
2003-06-16,12.4800,12.6900,12.3900,12.6300,48800,7.4953
2003-06-17,12.8000,12.8200,12.5600,12.6200,974300,7.4893
2003-06-18,12.5500,12.7400,12.5100,12.5500,156100,7.4478
2003-06-19,12.4600,12.5000,12.3100,12.3500,44700,7.3291
2003-06-20,12.6500,12.6700,12.2900,12.4000,96800,7.3588
2003-06-23,12.2300,12.2600,11.9000,11.9900,183300,7.1154
2003-06-24,11.9200,12.1700,11.9200,12.0700,31200,7.1629
2003-06-25,12.0800,12.2900,11.9500,12.0000,119100,7.1214
2003-06-26,11.9800,12.2200,11.9800,12.0900,196900,7.1748
2003-06-27,12.1400,12.2100,11.9300,12.0000,191700,7.1214
2003-06-30,12.2000,12.2300,11.9700,12.2000,42500,7.2401
2003-07-01,12.0000,12.1700,11.8100,12.1500,163800,7.2104
2003-07-02,12.1700,12.4000,12.1300,12.3400,411300,7.3232
2003-07-03,12.2000,12.2100,12.1000,12.1500,28700,7.2104
2003-07-07,12.2900,12.4500,12.2400,12.3800,212400,7.3469
2003-07-08,12.2900,12.3900,12.2900,12.3900,81300,7.3528
2003-07-09,12.3200,12.3500,12.1800,12.3500,44600,7.3291
2003-07-10,12.1000,12.1900,12.0500,12.1500,43700,7.2104
2003-07-11,12.1900,12.3200,12.1700,12.2700,26000,7.2816
2003-07-14,12.4800,12.5000,12.4000,12.4500,33300,7.3884
2003-07-15,12.6000,12.6700,12.2800,12.3500,49300,7.3291
2003-07-16,12.5000,12.5000,12.2700,12.3300,17800,7.3172
2003-07-17,12.1500,12.2500,12.1200,12.1500,19600,7.2104
2003-07-18,12.2300,12.5400,12.2300,12.5100,58400,7.4240
2003-07-21,12.2200,12.2300,12.1500,12.2200,113400,7.2519
2003-07-22,12.2600,12.3300,12.1500,12.2900,79500,7.2935
2003-07-23,12.4000,12.4000,12.2500,12.3900,19000,7.3528
2003-07-24,12.4800,12.6100,12.4800,12.5200,24900,7.4300
2003-07-25,12.5700,12.6500,12.5000,12.6500,58300,7.5071
2003-07-28,12.7100,12.8500,12.6800,12.7600,93700,7.5724
2003-07-29,12.8500,12.8500,12.6400,12.7200,99200,7.5487
2003-07-30,12.6700,12.7800,12.5800,12.5900,40500,7.4715
2003-07-31,12.8100,12.8100,12.6200,12.7000,5100,7.5368
2003-08-01,12.4600,12.5200,12.4400,12.5000,546900,7.4181
2003-08-04,12.6200,12.6200,12.4400,12.5500,70600,7.4478
2003-08-05,12.6500,12.6800,12.5000,12.5200,82600,7.4300
2003-08-06,12.4500,12.5100,12.3400,12.4200,57400,7.3706
2003-08-07,12.2800,12.4200,12.1600,12.4200,57900,7.3706
2003-08-08,12.3700,12.3800,12.2000,12.3200,15500,7.3113
2003-08-11,12.2100,12.3600,12.2100,12.2800,29800,7.2875
2003-08-12,12.4500,12.5500,12.3900,12.5500,159600,7.4478
2003-08-13,12.5800,12.6000,12.4500,12.4700,15900,7.4003
2003-08-14,12.5100,12.7300,12.4900,12.7300,21900,7.5546
2003-08-15,12.7500,12.7500,12.7100,12.7100,5400,7.5427
2003-08-18,12.6900,12.8500,12.6100,12.8500,556100,7.6258
2003-08-19,12.8400,12.8500,12.6700,12.6800,366100,7.5249
2003-08-20,12.6600,12.7800,12.5800,12.7000,75400,7.5368
2003-08-21,12.7600,12.8400,12.6500,12.7100,48900,7.5427
2003-08-22,12.7900,12.7900,12.5600,12.6800,48200,7.5249
2003-08-25,12.5100,12.5400,12.4800,12.5300,187600,7.4359
2003-08-26,12.3000,12.4500,12.2200,12.4400,35500,7.3825
2003-08-27,12.3700,12.4900,12.3500,12.4600,11800,7.3944
2003-08-28,12.4900,12.5700,12.4300,12.5000,18700,7.4181
2003-08-29,12.5500,12.6900,12.5000,12.5500,44800,7.4478
2003-09-02,12.6900,12.8000,12.6300,12.7600,253100,7.5724
2003-09-03,12.9100,13.0400,12.8900,12.9500,181800,7.6852
2003-09-04,13.0000,13.2100,12.9500,13.2100,29100,7.8395
2003-09-05,13.0500,13.2700,13.0300,13.2100,118200,7.8395
2003-09-08,13.2300,13.3800,13.2000,13.3400,196000,7.9166
2003-09-09,13.1900,13.3200,13.1300,13.1700,27100,7.8157
2003-09-10,13.0300,13.1000,12.9000,13.0200,139800,7.7267
2003-09-11,13.0000,13.1800,12.9500,13.1800,14000,7.8216
2003-09-12,13.0400,13.1000,12.9100,12.9900,11800,7.7089
2003-09-15,13.1500,13.1500,12.9900,12.9900,349400,7.7089
2003-09-16,13.1500,13.2000,12.9800,13.1900,311900,7.8276
2003-09-17,13.2900,13.2900,13.0900,13.1400,23200,7.7979
2003-09-18,13.2800,13.5000,13.2800,13.3600,78400,7.9285
2003-09-19,13.4100,13.4900,13.3600,13.4500,10900,7.9819
2003-09-22,13.1700,13.1900,13.0200,13.0600,64400,7.7504
2003-09-23,12.9400,12.9600,12.8000,12.9400,42600,7.6792
2003-09-24,12.9300,12.9400,12.4700,12.4700,63200,7.4003
2003-09-25,12.6200,12.7300,12.5000,12.5000,38900,7.4181
2003-09-26,12.5500,12.6700,12.4800,12.5200,55400,7.4300
2003-09-29,12.5800,12.7000,12.4900,12.6500,34400,7.5071
2003-09-30,12.6500,12.6500,12.3600,12.4600,94200,7.3944
2003-10-01,12.5000,12.9400,12.5000,12.9300,199200,7.6733
2003-10-02,12.7700,12.8100,12.6600,12.6800,122800,7.5249
2003-10-03,12.9300,13.0500,12.9100,12.9900,65400,7.7089
2003-10-06,13.0300,13.1100,12.9700,13.0600,42300,7.7504
2003-10-07,13.0000,13.1100,12.9400,13.0900,58000,7.7682
2003-10-08,13.3600,13.3600,13.1500,13.2100,30000,7.8395
2003-10-09,13.4200,13.5000,13.3500,13.4200,75300,7.9641
2003-10-10,13.5000,13.5900,13.4400,13.5000,50500,8.0116
2003-10-13,13.6400,13.7400,13.5500,13.6900,66000,8.1243
2003-10-14,13.5600,13.7300,13.4500,13.6900,26400,8.1243
2003-10-15,13.8300,13.8400,13.5700,13.6000,292800,8.0709
2003-10-16,13.6600,13.7500,13.5400,13.6400,155400,8.0946
2003-10-17,13.6100,13.6100,13.3900,13.4700,75600,7.9937
2003-10-20,13.5600,13.7400,13.5100,13.6400,194300,8.0946
2003-10-21,13.6500,13.8400,13.5800,13.8300,88000,8.2074
2003-10-22,13.5600,13.6500,13.5600,13.5700,69100,8.0531
2003-10-23,13.4600,13.5600,13.4300,13.5100,55800,8.0175
2003-10-24,13.4500,13.6000,13.3800,13.3800,70200,7.9403
2003-10-27,13.5400,13.7100,13.5400,13.5800,47900,8.0590
2003-10-28,13.8100,13.9600,13.7600,13.9100,62500,8.2549
2003-10-29,13.8600,13.9600,13.8600,13.9200,64100,8.2608
2003-10-30,14.0000,14.1500,13.8800,13.9700,41700,8.2905
2003-10-31,13.9900,13.9900,13.8800,13.8900,53700,8.2430
2003-11-03,14.2100,14.2400,14.0600,14.1000,112400,8.3676
2003-11-04,14.1000,14.2000,14.0400,14.1900,136400,8.4210
2003-11-05,14.0400,14.1100,13.9500,14.0200,118200,8.3201
2003-11-06,14.0200,14.0900,13.9600,14.0300,50300,8.3261
2003-11-07,14.2400,14.3700,14.1500,14.2300,104300,8.4448
2003-11-10,14.2200,14.2700,14.0300,14.1400,87000,8.3914
2003-11-11,14.0000,14.1500,13.9500,14.0900,46600,8.3617
2003-11-12,14.1100,14.4500,14.1100,14.3500,91700,8.5160
2003-11-13,14.4200,14.5400,14.3600,14.5200,39600,8.6169
2003-11-14,14.5800,14.6800,14.4200,14.5800,132000,8.6525
2003-11-17,14.3500,14.3900,14.1400,14.2600,215900,8.4626
2003-11-18,14.3400,14.3900,14.2200,14.2200,397400,8.4388
2003-11-19,14.2300,14.3000,14.1800,14.2800,147000,8.4744
2003-11-20,14.0600,14.2700,14.0600,14.1000,47300,8.3676
2003-11-21,14.1900,14.2200,14.1200,14.1600,108200,8.4032
2003-11-24,14.3500,14.5500,14.3000,14.5500,163500,8.6347
2003-11-25,14.5500,14.5500,14.3900,14.4700,581200,8.5872
2003-11-26,14.6900,14.7500,14.4800,14.6000,27500,8.6643
2003-11-28,14.6900,14.8000,14.6700,14.8000,24400,8.7830
2003-12-01,14.9900,15.1200,14.9300,15.0900,214400,8.9551
2003-12-02,15.0500,15.1500,14.9400,15.0800,146900,8.9492
2003-12-03,15.2900,15.5000,15.2500,15.3300,167800,9.0976
2003-12-04,15.3300,15.4900,15.3300,15.3900,1115100,9.1332
2003-12-05,15.2600,15.3700,15.1600,15.2800,135300,9.0679
2003-12-08,15.2100,15.3800,15.2100,15.3700,261100,9.1213
2003-12-09,15.5500,15.6100,15.3700,15.4200,130100,9.1510
2003-12-10,15.3800,15.3800,15.2300,15.2900,49600,9.0738
2003-12-11,15.3000,15.6400,15.3000,15.5700,100500,9.2400
2003-12-12,15.5600,15.6200,15.4500,15.5300,1156000,9.2163
2003-12-15,15.7500,15.7500,15.4500,15.4500,196700,9.1688
2003-12-16,15.6700,15.7400,15.5400,15.7200,170700,9.3290
2003-12-17,15.6100,15.6700,15.5300,15.6300,77600,9.2756
2003-12-18,15.6400,15.9300,15.6000,15.9300,83200,9.4536
2003-12-19,15.8600,15.8700,15.7100,15.8000,287400,9.3765
2003-12-22,15.6000,15.7200,15.5800,15.6800,122200,9.4252
2003-12-23,15.7000,15.7300,15.5800,15.6800,132900,9.4252
2003-12-24,15.6900,15.7800,15.6900,15.7800,15500,9.4853
2003-12-26,15.8000,15.8500,15.7800,15.8500,44300,9.5274
2003-12-29,15.8900,16.1700,15.8800,16.1700,116000,9.7197
2003-12-30,16.0900,16.1400,16.0100,16.0700,103300,9.6596
2003-12-31,16.2200,16.2200,16.0800,16.1900,96600,9.7317
2004-01-02,16.4000,16.4600,16.3000,16.3300,185400,9.8159
2004-01-05,16.5700,16.7000,16.5100,16.6600,245700,10.0142
2004-01-06,16.7000,16.8000,16.5800,16.8000,202600,10.0984
2004-01-07,16.5600,16.5800,16.4300,16.5000,412700,9.9181
2004-01-08,16.7900,16.8400,16.6200,16.8400,243500,10.1224
2004-01-09,16.6700,16.8000,16.5600,16.6800,236000,10.0263
2004-01-12,16.6300,16.6800,16.5300,16.5900,151200,9.9722
2004-01-13,16.6800,16.6800,16.3700,16.4200,146100,9.8700
2004-01-14,16.5800,16.7500,16.5600,16.7500,92500,10.0683
2004-01-15,16.6700,16.6900,16.4500,16.6000,65200,9.9782
2004-01-16,16.5600,16.5800,16.3600,16.4600,114000,9.8940
2004-01-20,16.6900,16.8400,16.6400,16.6700,162000,10.0203
2004-01-21,16.8600,17.0800,16.6600,17.0600,129700,10.2547
2004-01-22,17.1000,17.1700,17.0000,17.0800,113200,10.2667
2004-01-23,17.0900,17.1300,16.7600,16.9200,165300,10.1705
2004-01-26,16.8900,16.8900,16.6800,16.8600,80000,10.1345
2004-01-27,16.9600,17.0000,16.8500,16.9000,108400,10.1585
2004-01-28,16.9300,16.9900,16.4000,16.5800,118600,9.9662
2004-01-29,16.5800,16.6700,16.2500,16.5000,217700,9.9181
2004-01-30,16.4400,16.4800,16.2500,16.4400,61700,9.8820
2004-02-02,16.3300,16.5200,16.2900,16.3000,208900,9.7979
2004-02-03,16.3400,16.5300,16.3400,16.4700,64200,9.9000
2004-02-04,16.2900,16.4300,16.2500,16.2700,99600,9.7798
2004-02-05,16.4300,16.5400,16.3200,16.4100,102800,9.8640
2004-02-06,16.5000,16.7200,16.5000,16.6800,43300,10.0263
2004-02-09,16.9200,16.9400,16.7500,16.8600,64300,10.1345
2004-02-10,16.9500,17.0000,16.8700,16.9900,110700,10.2126
2004-02-11,16.9500,17.2500,16.8700,17.2400,78800,10.3629
2004-02-12,17.0800,17.1800,17.0100,17.1100,72900,10.2847
2004-02-13,17.1100,17.1600,16.6300,16.7400,143700,10.0623
2004-02-17,17.1000,17.1000,16.9100,16.9800,82700,10.2066
2004-02-18,16.9900,17.0600,16.8000,16.8000,79000,10.0984
2004-02-19,16.9700,17.1000,16.8700,16.8900,122600,10.1525
2004-02-20,16.8600,16.8600,16.3500,16.5100,108800,9.9241
2004-02-23,16.7000,16.7300,16.4500,16.4700,66900,9.9000
2004-02-24,16.2900,16.4800,16.2000,16.3500,105500,9.8279
2004-02-25,16.2500,16.4000,16.1200,16.2800,88200,9.7858
2004-02-26,16.0500,16.2200,15.9800,16.1600,163200,9.7137
2004-02-27,16.1900,16.3400,16.1500,16.2200,139200,9.7498
2004-03-01,16.3700,16.4800,16.2600,16.4400,123800,9.8820
2004-03-02,16.3800,16.4600,16.1500,16.2800,80300,9.7858
2004-03-03,16.0200,16.2400,15.9000,16.1000,194500,9.6776
2004-03-04,16.1200,16.4100,16.1000,16.2800,115800,9.7858
2004-03-05,16.4000,16.6800,16.3900,16.5500,84700,9.9481
2004-03-08,16.6000,16.7000,16.5100,16.6000,95600,9.9782
2004-03-09,16.5000,16.5100,16.1800,16.2400,77900,9.7618
2004-03-10,16.0900,16.1100,15.8500,15.8500,189100,9.5274
2004-03-11,15.4500,15.7100,15.4000,15.4800,237400,9.3050
2004-03-12,15.4500,15.5500,15.3700,15.5000,96800,9.3170
2004-03-15,15.4800,15.4800,15.0200,15.0600,93300,9.0525
2004-03-16,15.3100,15.3600,15.0800,15.2900,213600,9.1907
2004-03-17,15.3900,15.6000,15.3500,15.5100,123300,9.3230
2004-03-18,15.4100,15.5800,15.3200,15.4300,72300,9.2749
2004-03-19,15.3800,15.4200,15.1500,15.1500,55300,9.1066
2004-03-22,14.9700,15.0000,14.8400,14.8500,152100,8.9263
2004-03-23,15.0000,15.0700,14.8600,14.9800,98300,9.0044
2004-03-24,14.7600,14.9100,14.6300,14.7700,101800,8.8782
2004-03-25,14.9500,15.2900,14.9300,15.2900,215100,9.1907
2004-03-26,15.1300,15.2200,15.0000,15.1500,108500,9.1066
2004-03-29,15.4300,15.4700,15.3000,15.4300,184100,9.2749
2004-03-30,15.3400,15.5000,15.3100,15.4900,44100,9.3110
2004-03-31,15.5000,15.5800,15.3900,15.5600,72700,9.3530
2004-04-01,15.5900,15.8500,15.5700,15.8100,76200,9.5033
2004-04-02,15.8900,15.9500,15.7700,15.8300,121400,9.5153
2004-04-05,15.8000,15.9000,15.6800,15.8500,47400,9.5274
2004-04-06,15.7800,15.9200,15.7400,15.8500,45300,9.5274
2004-04-07,15.8500,16.0000,15.8200,16.0000,73000,9.6175
2004-04-08,15.9400,15.9400,15.7100,15.8400,53700,9.5213
2004-04-12,16.5800,16.5800,15.8000,15.9400,176400,9.5815
2004-04-13,15.9200,15.9200,15.6800,15.7200,97800,9.4492
2004-04-14,15.3900,15.7100,15.3800,15.5500,36600,9.3470
2004-04-15,15.6000,15.6900,15.5400,15.6800,27600,9.4252
2004-04-16,15.7500,15.8400,15.5800,15.7900,235900,9.4913
2004-04-19,15.6700,15.8800,15.6700,15.8800,73100,9.5454
2004-04-20,15.7200,15.8400,15.4900,15.6000,66200,9.3771
2004-04-21,15.5100,15.7300,15.5000,15.5400,217400,9.3410
2004-04-22,15.5200,15.8000,15.4600,15.7500,73300,9.4672
2004-04-23,15.7700,15.8900,15.7000,15.8800,68100,9.5454
2004-04-26,16.0500,16.0500,15.8300,15.8500,67100,9.5274
2004-04-27,15.9200,16.1300,15.8700,15.9700,100800,9.5995
2004-04-28,15.8500,15.9400,15.6200,15.6200,42400,9.3891
2004-04-29,15.5200,15.6500,15.4000,15.4900,153600,9.3110
2004-04-30,15.4900,15.5800,15.4100,15.4100,48300,9.2629
2004-05-03,15.4200,15.6100,15.4200,15.5500,156400,9.3470
2004-05-04,15.6900,15.7800,15.5800,15.7600,148500,9.4733
2004-05-05,15.7700,15.9500,15.7600,15.9500,21000,9.5875
2004-05-06,15.5000,15.6000,15.3500,15.4900,178800,9.3110
2004-05-07,15.0700,15.2300,14.9400,15.0200,231700,9.0284
2004-05-10,14.6500,14.7700,14.5900,14.7500,126700,8.8661
2004-05-11,14.7500,14.8500,14.7500,14.8000,815700,8.8962
2004-05-12,14.7600,14.7900,14.5300,14.7500,370900,8.8661
2004-05-13,14.7400,14.8000,14.6200,14.7200,300100,8.8481
2004-05-14,14.7000,14.8000,14.6300,14.7800,15600,8.8842
2004-05-17,14.5300,14.6900,14.5100,14.5700,51800,8.7580
2004-05-18,14.6800,14.8000,14.6700,14.8000,49900,8.8962
2004-05-19,15.0200,15.2300,14.8500,14.8500,104200,8.9263
2004-05-20,14.8100,14.8900,14.7700,14.7700,15200,8.8782
2004-05-21,14.8800,14.9900,14.8400,14.8700,68600,8.9383
2004-05-24,15.0600,15.1600,15.0000,15.1600,52000,9.1126
2004-05-25,15.0600,15.3400,14.9800,15.3400,56800,9.2208
2004-05-26,15.2700,15.3300,15.1800,15.3200,25400,9.2088
2004-05-27,15.5900,15.7200,15.5000,15.7200,24400,9.4492
2004-05-28,15.6000,15.6300,15.4800,15.5600,15300,9.3530
2004-06-01,15.3700,15.5000,15.3700,15.4000,86100,9.2569
2004-06-02,15.6300,15.6800,15.4700,15.6500,139700,9.4071
2004-06-03,15.4900,15.6500,15.4600,15.6000,47100,9.3771
2004-06-04,15.8000,15.9400,15.7000,15.9000,144700,9.5574
2004-06-07,16.0200,16.2000,16.0100,16.2000,66400,9.7377
2004-06-08,16.0700,16.1800,15.9300,16.1800,29400,9.7257
2004-06-09,15.8500,15.9100,15.6000,15.6600,31600,9.4131
2004-06-10,15.7600,15.8900,15.7300,15.8800,25100,9.5454
2004-06-14,15.4400,15.4900,15.3500,15.3500,1664200,9.2268
2004-06-15,15.6000,15.8100,15.5800,15.7900,137100,9.4913
2004-06-16,15.7500,15.7500,15.6000,15.6800,16300,9.4252
2004-06-17,15.6900,15.7400,15.5800,15.7300,1570100,9.4552
2004-06-18,15.6500,15.8100,15.6500,15.7000,6200,9.4372
2004-06-21,15.6800,15.7000,15.6200,15.6400,11200,9.4011
2004-06-22,15.6100,15.6100,15.4700,15.5600,191900,9.3530
2004-06-23,15.6500,15.7500,15.5200,15.7000,167100,9.4372
2004-06-24,15.7700,15.8500,15.7600,15.8000,132900,9.4973
2004-06-25,15.7300,15.9600,15.7200,15.7600,219300,9.4733
2004-06-28,16.1600,16.1600,15.9000,15.9700,181700,9.5995
2004-06-29,16.1000,16.1300,15.9700,15.9700,37800,9.5995
2004-06-30,16.0500,16.1600,16.0000,16.1500,207400,9.7077
2004-07-01,16.1000,16.1500,15.8000,16.0000,108300,9.6175
2004-07-02,16.0000,16.0300,15.9200,16.0300,93300,9.6356
2004-07-06,15.8400,15.8600,15.6100,15.6900,78100,9.4312
2004-07-07,15.7300,15.9300,15.7300,15.8500,268900,9.5274
2004-07-08,15.7200,15.9000,15.7200,15.7500,73500,9.4672
2004-07-09,15.7200,15.7900,15.7200,15.7600,35000,9.4733
2004-07-12,15.6700,15.7800,15.5800,15.7400,34400,9.4612
2004-07-13,15.6200,15.7000,15.5400,15.5700,33300,9.3591
2004-07-14,15.5300,15.6900,15.5300,15.5400,266300,9.3410
2004-07-15,15.5000,15.5000,15.2700,15.2700,50300,9.1787
2004-07-16,15.6000,15.6000,15.4200,15.5000,41800,9.3170
2004-07-19,15.3700,15.5000,15.2800,15.4000,38900,9.2569
2004-07-20,15.3300,15.5000,15.3300,15.4800,22700,9.3050
2004-07-21,15.5700,15.5800,15.1600,15.1700,72800,9.1186
2004-07-22,15.2100,15.4000,15.0900,15.3700,108300,9.2388
2004-07-23,14.9500,15.0700,14.9000,14.9700,69000,8.9984
2004-07-26,15.0000,15.0100,14.7400,14.7700,50100,8.8782
2004-07-27,14.9600,15.0500,14.8800,15.0400,19300,9.0405
2004-07-28,15.0200,15.0500,14.8300,15.0500,8200,9.0465
2004-07-29,15.2500,15.3100,15.1100,15.1700,35900,9.1186
2004-07-30,15.2600,15.3000,15.1100,15.1400,7400,9.1006
2004-08-02,15.1200,15.2000,15.0200,15.2000,44700,9.1366
2004-08-03,15.1900,15.2000,15.1000,15.1100,117300,9.0825
2004-08-04,14.8500,15.0300,14.8500,14.9900,68000,9.0104
2004-08-05,15.0000,15.0300,14.8600,14.8600,35700,8.9323
2004-08-06,14.9600,14.9600,14.7800,14.8000,27500,8.8962
2004-08-09,14.7000,14.7500,14.7000,14.7100,27100,8.8421
2004-08-10,14.7700,14.9100,14.7700,14.9000,36100,8.9563
2004-08-11,14.5000,14.7200,14.5000,14.6600,38900,8.8121
2004-08-12,14.6000,14.6000,14.4900,14.5000,34000,8.7159
2004-08-13,14.6100,14.7200,14.6100,14.7000,33800,8.8361
2004-08-16,14.7100,14.8900,14.7100,14.8900,48100,8.9503
2004-08-17,14.9200,14.9500,14.8900,14.9000,105600,8.9563
2004-08-18,14.7500,15.0900,14.7500,15.0300,27600,9.0345
2004-08-19,14.9200,15.0000,14.9200,14.9700,16900,8.9984
2004-08-20,14.8700,14.9700,14.8500,14.9300,71000,8.9743
2004-08-23,14.9600,15.0000,14.8100,14.8100,27100,8.9022
2004-08-24,14.9000,14.9700,14.7800,14.7800,32100,8.8842
2004-08-25,14.8600,15.1000,14.8400,15.0800,77800,9.0645
2004-08-26,15.0500,15.1100,15.0000,15.0600,82100,9.0525
2004-08-27,15.1000,15.1200,15.0200,15.1200,13700,9.0886
2004-08-30,14.9200,15.0800,14.9200,14.9600,58000,8.9924
2004-08-31,15.0200,15.0200,14.9200,15.0000,89000,9.0164
2004-09-01,15.1500,15.1500,15.0300,15.1000,53300,9.0765
2004-09-02,15.0900,15.2800,15.0700,15.2800,94600,9.1847
2004-09-03,15.1300,15.2000,15.0900,15.0900,18800,9.0705
2004-09-07,15.2700,15.3300,15.2000,15.2500,96600,9.1667
2004-09-08,15.1600,15.3300,15.1600,15.3000,7900,9.1968
2004-09-09,15.2000,15.3600,15.2000,15.3600,30500,9.2328
2004-09-10,15.5000,15.5200,15.4700,15.5000,6500,9.3170
2004-09-13,15.6000,15.7500,15.5800,15.6200,123900,9.3891
2004-09-14,15.6600,15.7600,15.6600,15.6900,22700,9.4312
2004-09-15,15.6300,15.6300,15.4900,15.5500,21900,9.3470
2004-09-16,15.5100,15.7300,15.5100,15.6900,668500,9.4312
2004-09-17,15.7400,15.7800,15.6700,15.6900,14900,9.4312
2004-09-20,15.6100,15.7000,15.5500,15.7000,73400,9.4372
2004-09-21,15.8900,16.0600,15.8300,16.0600,127100,9.6536
2004-09-22,15.8000,15.8000,15.6400,15.6600,27600,9.4131
2004-09-23,15.6100,15.6800,15.5400,15.5400,32000,9.3410
2004-09-24,15.5600,15.6400,15.5500,15.5600,24900,9.3530
2004-09-27,15.4600,15.5100,15.3900,15.4800,23300,9.3050
2004-09-28,15.5500,15.6500,15.4900,15.6200,109300,9.3891
2004-09-29,15.7300,15.7800,15.6700,15.7800,73400,9.4853
2004-09-30,15.7600,15.8300,15.6600,15.7700,65500,9.4793
2004-10-01,15.9000,16.1000,15.9000,16.0900,141800,9.6716
2004-10-04,16.1100,16.1600,16.0700,16.1600,85900,9.7137
2004-10-05,16.1600,16.2100,16.1400,16.1600,83000,9.7137
2004-10-06,16.1800,16.2100,16.1100,16.2000,43000,9.7377
2004-10-07,16.1600,16.1600,16.0900,16.1500,50700,9.7077
2004-10-08,16.1500,16.2700,16.1400,16.2100,254900,9.7437
2004-10-11,16.2400,16.2500,16.1900,16.2400,52500,9.7618
2004-10-12,15.8000,15.9500,15.7700,15.9500,87200,9.5875
2004-10-13,15.9900,15.9900,15.7800,15.8400,77700,9.5213
2004-10-14,15.9300,15.9300,15.7000,15.7800,83900,9.4853
2004-10-15,15.8100,15.9900,15.8100,15.9300,77200,9.5754
2004-10-18,15.9900,16.0300,15.9000,16.0300,37900,9.6356
2004-10-19,16.1000,16.1700,16.0100,16.0300,41000,9.6356
2004-10-20,16.0000,16.1300,15.9700,16.0300,31500,9.6356
2004-10-21,16.0500,16.1800,16.0500,16.1800,148800,9.7257
2004-10-22,16.2400,16.2500,16.0200,16.0300,31300,9.6356
2004-10-25,16.0500,16.1100,16.0000,16.0900,41000,9.6716
2004-10-26,16.1000,16.1000,15.9900,16.0500,26900,9.6476
2004-10-27,16.1800,16.3500,16.0400,16.3500,137000,9.8279
2004-10-28,16.4100,16.4500,16.3200,16.3700,123100,9.8399
2004-10-29,16.3900,16.5200,16.3500,16.4800,50500,9.9060
2004-11-01,16.5500,16.6100,16.4600,16.6000,245800,9.9782
2004-11-02,16.6400,16.6600,16.5800,16.6300,70200,9.9962
2004-11-03,16.7800,16.8400,16.6800,16.7600,95900,10.0744
2004-11-04,16.8500,17.0500,16.7700,17.0400,91500,10.2427
2004-11-05,17.1500,17.1900,17.0200,17.1400,64500,10.3028
2004-11-08,17.0000,17.1000,17.0000,17.0400,191200,10.2427
2004-11-09,17.0300,17.1400,16.9800,17.0500,43100,10.2487
2004-11-10,17.1500,17.1700,17.0300,17.1700,40600,10.3208
2004-11-11,17.1400,17.3700,17.1400,17.3500,103300,10.4290
2004-11-12,17.4000,17.5000,17.3100,17.5000,145600,10.5192
2004-11-15,17.4100,17.4400,17.3100,17.4000,149400,10.4591
2004-11-16,17.3600,17.3600,17.2600,17.2800,144500,10.3869
2004-11-17,17.4800,17.6800,17.4700,17.5900,46900,10.5733
2004-11-18,17.5000,17.6000,17.5000,17.5600,44200,10.5552
2004-11-19,17.7000,17.7000,17.3700,17.4500,61400,10.4891
2004-11-22,17.4800,17.6200,17.3900,17.5400,1052200,10.5432
2004-11-23,17.6200,17.6200,17.4400,17.5900,429100,10.5733
2004-11-24,17.6600,17.7900,17.6200,17.7700,270500,10.6815
2004-11-26,17.8500,17.9600,17.8100,17.9500,122900,10.7897
2004-11-29,18.1200,18.1600,17.8400,18.0400,316500,10.8438
2004-11-30,18.0000,18.0000,17.7400,17.7700,200500,10.6815
2004-12-01,17.9900,18.2300,17.9000,18.2000,246500,10.9399
2004-12-02,18.2100,18.2400,18.1100,18.1900,265600,10.9339
2004-12-03,18.2500,18.4000,18.2500,18.3700,203500,11.0421
2004-12-06,18.3400,18.4100,18.2500,18.3700,211100,11.0421
2004-12-07,18.4300,18.4700,18.2000,18.2000,256000,10.9399
2004-12-08,18.0900,18.3000,18.0700,18.2900,170800,10.9940
2004-12-09,17.9700,18.1600,17.8100,18.0700,261300,10.8618
2004-12-10,17.7800,17.9600,17.7500,17.9400,219800,10.7836
2004-12-13,18.1000,18.3700,18.1000,18.3400,127100,11.0241
2004-12-14,18.3000,18.3800,18.2200,18.3800,198900,11.0481
2004-12-15,18.4400,18.5300,18.4000,18.5300,194100,11.1383
2004-12-16,18.3000,18.3200,18.1400,18.2500,192100,10.9700
2004-12-17,18.0500,18.1400,17.9800,18.0100,158900,10.8257
2004-12-20,18.4300,18.4400,18.1500,18.3300,259900,11.0181
2004-12-21,18.4100,18.4500,18.3000,18.4100,143100,11.0662
2004-12-22,18.5000,18.5100,18.4300,18.5100,103600,11.1263
2004-12-23,18.4200,18.4700,18.3900,18.4600,163600,11.2137
2004-12-27,18.5600,18.5800,18.4600,18.5500,143700,11.2684
2004-12-28,18.5900,18.6800,18.5800,18.6800,93800,11.3474
2004-12-29,18.5300,18.5700,18.4800,18.5500,128200,11.2684
2004-12-30,18.5700,18.6900,18.5700,18.6800,78300,11.3474
2004-12-31,18.6400,18.6700,18.5300,18.6300,87400,11.3170
2005-01-03,18.5000,18.6400,18.4900,18.5500,150500,11.2684
2005-01-04,18.4600,18.4800,18.1000,18.1800,161300,11.0437
2005-01-05,18.1000,18.2400,18.0900,18.1900,120800,11.0497
2005-01-06,18.2200,18.2500,18.0800,18.2000,156300,11.0558
2005-01-07,18.2200,18.3300,18.0000,18.0800,129700,10.9829
2005-01-10,18.0700,18.1800,18.0000,18.0200,143300,10.9465
2005-01-11,17.9800,18.0700,17.8100,17.8700,217600,10.8553
2005-01-12,17.9400,17.9800,17.8200,17.9600,149500,10.9100
2005-01-13,17.9600,17.9600,17.7500,17.7500,99800,10.7824
2005-01-14,17.7500,17.7900,17.7100,17.7900,52300,10.8067
2005-01-18,17.6700,17.8400,17.5400,17.8300,170600,10.8310
2005-01-19,17.9500,17.9500,17.6200,17.6300,55100,10.7096
2005-01-20,17.5200,17.5700,17.4500,17.4900,138200,10.6245
2005-01-21,17.5700,17.6800,17.5400,17.5800,62800,10.6792
2005-01-24,17.6500,17.6500,17.5000,17.6000,132900,10.6913
2005-01-25,17.6000,17.7000,17.6000,17.6300,101100,10.7096
2005-01-26,17.7900,17.8500,17.6900,17.7800,87500,10.8007
2005-01-27,17.6900,17.7000,17.5500,17.6300,145200,10.7096
2005-01-28,17.7400,17.7400,17.5000,17.5800,52800,10.6792
2005-01-31,17.7500,17.8400,17.7200,17.7500,69600,10.7824
2005-02-01,17.8800,17.9900,17.7800,17.9900,104600,10.9282
2005-02-02,18.0000,18.0600,17.9500,18.0500,126100,10.9647
2005-02-03,17.8500,17.9000,17.7800,17.9000,105800,10.8736
2005-02-04,17.9000,18.0600,17.9000,18.0500,76200,10.9647
2005-02-07,18.0600,18.0600,17.8700,17.9400,70000,10.8979
2005-02-08,17.9300,17.9900,17.8200,17.9600,75800,10.9100
2005-02-09,17.9600,17.9800,17.8600,17.8600,54300,10.8493
2005-02-10,17.9400,18.0400,17.9100,18.0000,68000,10.9343
2005-02-11,18.0000,18.2100,17.9800,18.2000,114500,11.0558
2005-02-14,18.3100,18.3500,18.2200,18.3200,114900,11.1287
2005-02-15,18.3400,18.4200,18.3200,18.4200,138900,11.1894
2005-02-16,18.3000,18.3900,18.1500,18.3900,82700,11.1712
2005-02-17,18.3600,18.4200,18.2600,18.2700,141400,11.0983
2005-02-18,18.3300,18.3600,18.3000,18.3400,42300,11.1408
2005-02-22,18.3600,18.4600,18.2400,18.2500,158700,11.0862
2005-02-23,18.2000,18.3200,18.2000,18.2600,108300,11.0923
2005-02-24,18.2800,18.3200,18.2000,18.3200,95400,11.1287
2005-02-25,18.3900,18.5300,18.3400,18.4700,75600,11.2198
2005-02-28,18.5600,18.5800,18.4100,18.4800,110300,11.2259
2005-03-01,18.5500,18.5900,18.5000,18.5200,106000,11.2502
2005-03-02,18.4200,18.5500,18.3400,18.4500,117900,11.2077
2005-03-03,18.5200,18.5500,18.3300,18.4400,86100,11.2016
2005-03-04,18.6500,18.8700,18.6500,18.7300,121900,11.3778
2005-03-07,18.7400,18.8200,18.6400,18.7500,150600,11.3899
2005-03-08,18.7900,18.8400,18.7400,18.8000,75200,11.4203
2005-03-09,18.8000,18.8200,18.7000,18.7200,132900,11.3717
2005-03-10,18.7500,18.8100,18.6000,18.7000,68000,11.3595
2005-03-11,18.7600,18.8700,18.6700,18.7100,57600,11.3656
2005-03-14,18.7400,18.7800,18.6300,18.7800,87200,11.4081
2005-03-15,18.7000,18.7400,18.5800,18.5900,63300,11.2927
2005-03-16,18.6100,18.6400,18.3800,18.4500,187800,11.2077
2005-03-17,18.4200,18.7000,18.3800,18.4600,138600,11.2137
2005-03-18,18.4300,18.4500,18.3300,18.3700,57300,11.1591
2005-03-21,18.2000,18.3000,18.0700,18.1100,170800,11.0011
2005-03-22,18.1400,18.3000,17.8500,17.8500,76400,10.8432
2005-03-23,17.8500,18.0000,17.8100,17.9100,103700,10.8796
2005-03-24,18.0000,18.0900,17.9400,17.9800,31400,10.9222
2005-03-28,17.9100,17.9500,17.8600,17.9400,46400,10.8979
2005-03-29,17.8900,17.9800,17.8600,17.9000,157900,10.8736
2005-03-30,17.9100,18.1200,17.9100,18.1000,156300,10.9951
2005-03-31,18.1000,18.2000,17.9900,18.0800,85100,10.9829
2005-04-01,18.1800,18.2700,17.9100,17.9700,270100,10.9161
2005-04-04,17.9300,17.9700,17.7600,17.9000,154400,10.8736
2005-04-05,17.9000,17.9700,17.8900,17.9200,30000,10.8857
2005-04-06,17.9500,18.1000,17.9500,18.0000,56700,10.9343
2005-04-07,18.0500,18.2000,18.0200,18.0500,83800,10.9647
2005-04-08,18.0700,18.2100,18.0300,18.1200,62800,11.0072
2005-04-11,18.2500,18.3000,18.2000,18.2200,20800,11.0680
2005-04-12,18.1500,18.3500,18.0200,18.2500,133100,11.0862
2005-04-13,18.1100,18.2100,18.0400,18.0400,115100,10.9586
2005-04-14,18.0700,18.1500,17.9600,18.0000,229200,10.9343
2005-04-15,17.8900,17.9700,17.6000,17.6100,91800,10.6974
2005-04-18,17.5200,17.6900,17.5200,17.5600,204100,10.6670
2005-04-19,17.5700,17.6200,17.5200,17.6200,170800,10.7035
2005-04-20,17.5100,17.6400,17.3200,17.3300,121600,10.5273
2005-04-21,17.6100,17.8300,17.5600,17.7500,133900,10.7824
2005-04-22,17.6700,17.7000,17.4700,17.5600,79700,10.6670
2005-04-25,17.6400,17.6900,17.6200,17.6500,45200,10.7217
2005-04-26,17.5600,17.6000,17.4400,17.4400,117100,10.5941
2005-04-27,17.3000,17.4300,17.2900,17.3600,138800,10.5455
2005-04-28,17.3100,17.7000,17.0700,17.0800,126300,10.3754
2005-04-29,17.3500,17.3600,17.1800,17.3000,69500,10.5091
2005-05-02,17.3500,17.3700,17.2400,17.3400,55800,10.5334
2005-05-03,17.4000,17.4600,17.3700,17.4000,71600,10.5698
2005-05-04,17.5000,17.8300,17.4900,17.8300,289400,10.8310
2005-05-05,17.7900,17.8500,17.6600,17.7100,42300,10.7581
2005-05-06,17.6800,17.7600,17.6300,17.6400,71600,10.7156
2005-05-09,17.5900,17.6800,17.5300,17.6700,73800,10.7338
2005-05-10,17.5500,17.5800,17.5000,17.5000,88200,10.6306
2005-05-11,17.4800,17.5500,17.3800,17.5400,75400,10.6549
2005-05-12,17.4300,17.5000,17.2700,17.2700,89800,10.4909
2005-05-13,17.2500,17.3500,17.1000,17.1600,125800,10.4240
2005-05-16,17.1500,17.3600,17.1500,17.3600,42100,10.5455
2005-05-17,17.0900,17.3200,17.0900,17.3000,52200,10.5091
2005-05-18,17.3500,17.6500,17.3300,17.5600,131800,10.6670
2005-05-19,17.5500,17.7400,17.5500,17.6700,154100,10.7338
2005-05-20,17.7000,17.7000,17.5100,17.6300,309600,10.7096
2005-05-23,17.7400,17.8900,17.6600,17.8700,450900,10.8553
2005-05-24,17.8000,17.8000,17.7000,17.7000,244800,10.7521
2005-05-25,17.8500,17.8500,17.7000,17.8300,374900,10.8310
2005-05-26,17.8000,17.8500,17.7600,17.8400,381000,10.8371
2005-05-27,17.8500,17.9900,17.8400,17.9900,362700,10.9282
2005-05-31,17.7000,17.7500,17.6500,17.6700,578200,10.7338
2005-06-01,17.6000,17.8200,17.5500,17.7000,457400,10.7521
2005-06-02,17.7000,17.9100,17.7000,17.9100,193700,10.8796
2005-06-03,17.8200,17.8200,17.5800,17.6500,304700,10.7217
2005-06-06,17.7200,17.8000,17.6700,17.7500,366800,10.7824
2005-06-07,17.7900,17.9500,17.7800,17.9100,303400,10.8796
2005-06-08,17.9700,17.9900,17.7300,17.7900,274200,10.8067
2005-06-09,17.8100,17.9400,17.7200,17.8300,249300,10.8310
2005-06-10,17.9000,17.9900,17.7400,17.8100,315900,10.8189
2005-06-13,17.7500,17.8600,17.6800,17.8500,541100,10.8432
2005-06-14,17.7900,17.8100,17.7100,17.7600,114000,10.7885
2005-06-15,17.7500,17.8800,17.6000,17.6600,80400,10.7278
2005-06-16,17.7100,17.8600,17.6700,17.8500,173400,10.8432
2005-06-17,17.9900,18.2500,17.9900,18.2500,230200,11.0862
2005-06-20,17.9600,18.0500,17.8500,17.9700,652400,10.9161
2005-06-21,17.9800,18.0300,17.9000,18.0200,345700,10.9465
2005-06-22,18.0100,18.0200,17.9100,17.9100,165900,10.8796
2005-06-23,17.8500,17.9500,17.7000,17.7000,192200,10.7521
2005-06-24,17.7000,17.7600,17.6100,17.6500,67600,10.7217
2005-06-27,17.6700,17.7200,17.6000,17.6100,165000,10.6974
2005-06-28,17.6000,17.8000,17.6000,17.8000,504000,10.8128
2005-06-29,17.7400,17.8400,17.6200,17.7000,145500,10.7521
2005-06-30,17.8200,17.8700,17.7200,17.7400,171400,10.7764
2005-07-01,17.7800,17.8300,17.6400,17.6600,440800,10.7278
2005-07-05,17.5600,17.6700,17.4600,17.4700,612700,10.6124
2005-07-06,17.5900,17.7000,17.5100,17.6100,200200,10.6974
2005-07-07,17.4900,17.5200,17.2800,17.5200,649600,10.6427
2005-07-08,17.4200,17.8200,17.3600,17.8200,382700,10.8250
2005-07-11,17.8900,18.1000,17.8900,18.1000,177900,10.9951
2005-07-12,18.2000,18.3700,18.1700,18.3000,128600,11.1166
2005-07-13,18.2000,18.2000,18.1000,18.1500,220500,11.0254
2005-07-14,18.2800,18.2900,18.1700,18.2100,267300,11.0619
2005-07-15,18.2100,18.2700,18.1500,18.2400,37400,11.0801
2005-07-18,18.2900,18.3100,18.1700,18.2600,132000,11.0923
2005-07-19,18.2700,18.4900,18.2100,18.4100,137100,11.1834
2005-07-20,18.4600,18.7500,18.3700,18.7400,180000,11.3838
2005-07-21,18.8900,18.9500,18.7100,18.8900,159800,11.4750
2005-07-22,18.7700,18.8500,18.6700,18.7500,102900,11.3899
2005-07-25,18.6500,18.7400,18.6200,18.7000,78600,11.3595
2005-07-26,18.6700,18.7300,18.5600,18.6900,89400,11.3535
2005-07-27,18.7200,18.9000,18.6800,18.8700,124800,11.4628
2005-07-28,18.9900,19.1300,18.9400,19.1000,363800,11.6025
2005-07-29,19.1300,19.1300,18.9400,18.9400,358500,11.5053
2005-08-01,19.2200,19.2900,19.0600,19.2300,200100,11.6815
2005-08-02,19.2500,19.3500,19.2000,19.3100,168200,11.7301
2005-08-03,19.3900,19.5400,19.3500,19.4800,122200,11.8334
2005-08-04,19.3200,19.4600,19.2500,19.2500,182400,11.6936
2005-08-05,19.2600,19.2700,19.0600,19.1600,167400,11.6390
2005-08-08,19.3000,19.3000,19.1100,19.1100,169900,11.6086
2005-08-09,19.2500,19.5800,19.2500,19.5500,152800,11.8759
2005-08-10,19.7400,19.9900,19.6200,19.7100,316400,11.9731
2005-08-11,19.7400,19.8800,19.7200,19.8200,237600,12.0399
2005-08-12,19.7300,19.8500,19.6300,19.6700,106100,11.9488
2005-08-15,19.6300,19.6900,19.5300,19.6700,200800,11.9488
2005-08-16,19.6000,19.6000,19.2800,19.3000,206200,11.7240
2005-08-17,19.2500,19.3000,19.1500,19.2500,1515300,11.6936
2005-08-18,19.0100,19.1200,18.8900,18.9500,296500,11.5114
2005-08-19,19.1500,19.2700,19.1300,19.2200,110400,11.6754
2005-08-22,19.4200,19.4700,19.3000,19.3600,257300,11.7605
2005-08-23,19.4200,19.4200,19.1900,19.3200,889400,11.7362
2005-08-24,19.2000,19.4400,19.2000,19.3000,492300,11.7240
2005-08-25,19.2300,19.3000,19.1400,19.1700,222100,11.6450
2005-08-26,19.2500,19.2500,18.9000,18.9200,333200,11.4932
2005-08-29,18.9600,19.0700,18.8000,19.0400,271700,11.5661
2005-08-30,18.8900,18.9100,18.7700,18.8600,295000,11.4567
2005-08-31,18.9900,19.3000,18.9100,19.3000,211100,11.7240
2005-09-01,19.3800,19.5000,19.3300,19.3900,211400,11.7787
2005-09-02,19.5100,19.6000,19.4700,19.4700,1185700,11.8273
2005-09-06,19.8900,19.9900,19.7900,19.9900,2052700,12.1432
2005-09-07,19.9300,19.9800,19.8400,19.9300,300700,12.1067
2005-09-08,19.9500,19.9500,19.8200,19.8400,213300,12.0520
2005-09-09,19.9900,20.0700,19.9000,20.0300,917600,12.1675
2005-09-12,19.7900,19.8000,19.6500,19.6700,567400,11.9488
2005-09-13,19.4700,19.4700,19.3000,19.3400,3438500,11.7483
2005-09-14,19.4500,19.4500,19.3100,19.3500,518800,11.7544
2005-09-15,19.3000,19.3100,19.2100,19.2500,373800,11.6936
2005-09-16,19.5600,19.7300,19.4600,19.7300,1086600,11.9852
2005-09-19,19.2000,19.3000,19.1400,19.2200,3410900,11.6754
2005-09-20,19.3300,19.5000,19.1100,19.1900,444400,11.6572
2005-09-21,19.1600,19.2300,19.0100,19.0100,663600,11.5478
2005-09-22,19.0000,19.0500,18.8700,18.9800,924400,11.5296
2005-09-23,18.9500,19.0000,18.8300,18.9400,304300,11.5053
2005-09-26,19.2500,19.3400,19.1900,19.2700,472000,11.7058
2005-09-27,19.2300,19.2500,19.0800,19.2000,1615400,11.6633
2005-09-28,19.4100,19.4800,19.3300,19.4800,2740200,11.8334
2005-09-29,19.4100,19.5800,19.2900,19.5800,609000,11.8941
2005-09-30,19.4900,19.5900,19.4000,19.4400,337700,11.8091
2005-10-03,19.4300,19.4400,19.3400,19.4100,261400,11.7908
2005-10-04,19.5300,19.7000,19.4500,19.4700,277400,11.8273
2005-10-05,19.6400,19.6400,19.2000,19.2400,911000,11.6876
2005-10-06,19.4000,19.5100,19.2900,19.4300,1001400,11.8030
2005-10-07,19.4600,19.5400,19.3700,19.4400,183400,11.8091
2005-10-10,19.5600,19.5600,19.3200,19.3700,331000,11.7665
2005-10-11,19.3900,19.4400,19.2100,19.2700,855300,11.7058
2005-10-12,19.2500,19.3300,19.0100,19.0500,750400,11.5721
2005-10-13,18.8500,19.0700,18.8000,19.0700,1349900,11.5843
2005-10-14,19.1500,19.2800,19.0500,19.2400,823000,11.6876
2005-10-17,19.2400,19.2400,19.0900,19.1000,279100,11.6025
2005-10-18,18.9000,18.9700,18.8300,18.8400,421300,11.4446
2005-10-19,18.5500,18.9000,18.4700,18.9000,1879600,11.4810
2005-10-20,18.7900,18.7900,18.4800,18.5300,725100,11.2563
2005-10-21,18.7000,18.7000,18.4400,18.5200,425400,11.2502
2005-10-24,18.5600,18.9000,18.5600,18.9000,208400,11.4810
2005-10-25,18.8700,18.9400,18.7400,18.7900,521100,11.4142
2005-10-26,18.7400,18.9400,18.7400,18.7800,208000,11.4081
2005-10-27,18.8500,18.8500,18.5900,18.5900,215000,11.2927
2005-10-28,18.6400,18.8000,18.5900,18.7400,346100,11.3838
2005-10-31,18.8300,18.9600,18.8000,18.9000,3137200,11.4810
2005-11-01,18.9000,18.9600,18.8200,18.8700,357800,11.4628
2005-11-02,18.9200,19.2500,18.8700,19.1900,389200,11.6572
2005-11-03,19.3200,19.3400,19.0900,19.1300,347400,11.6207
2005-11-04,19.0700,19.1500,18.8200,18.9100,806400,11.4871
2005-11-07,19.0100,19.0700,18.9200,19.0000,205200,11.5418
2005-11-08,18.8700,18.9300,18.7600,18.8300,845800,11.4385
2005-11-09,18.7900,18.9700,18.7600,18.9700,1300700,11.5235
2005-11-10,18.8900,18.9800,18.7500,18.8800,612600,11.4689
2005-11-11,19.0000,19.0900,18.9300,19.0800,126300,11.5904
2005-11-14,19.0800,19.1000,18.9300,18.9900,101800,11.5357
2005-11-15,19.0200,19.1100,18.9400,19.0600,276800,11.5782
2005-11-16,18.9800,19.0000,18.8700,18.9200,409400,11.4932
2005-11-17,19.0300,19.2500,19.0300,19.2500,299100,11.6936
2005-11-18,19.2500,19.3300,19.1100,19.3300,195900,11.7422
2005-11-21,19.4700,19.4700,19.3000,19.3900,519600,11.7787
2005-11-22,19.3400,19.6000,19.2500,19.5800,986200,11.8941
2005-11-23,19.4800,19.5700,19.4200,19.5100,3440500,11.8516
2005-11-25,19.5300,19.5300,19.3200,19.4000,977400,11.7848
2005-11-28,19.4600,19.5500,19.3600,19.4500,916200,11.8151
2005-11-29,19.5400,19.5700,19.4100,19.5200,567400,11.8577
2005-11-30,19.4000,19.5700,19.4000,19.4600,542200,11.8212
2005-12-01,18.6600,19.7400,18.6600,19.7400,561700,11.9913
2005-12-02,19.6700,19.8100,19.6400,19.7800,750400,12.0156
2005-12-05,19.8700,19.8700,19.6700,19.8100,207300,12.0338
2005-12-06,19.9100,19.9700,19.8000,19.8700,708600,12.0703
2005-12-07,19.8400,19.8400,19.6100,19.6300,249900,11.9245
2005-12-08,19.7100,19.9500,19.6600,19.8400,186700,12.0520
2005-12-09,19.7900,19.9400,19.7900,19.8800,135400,12.0763
2005-12-12,20.1500,20.2000,20.0800,20.1800,1757700,12.2586
2005-12-13,20.1500,20.3300,20.0900,20.2900,333700,12.3254
2005-12-14,20.2600,20.3200,20.2300,20.2500,664200,12.3011
2005-12-15,20.2500,20.2500,20.0900,20.2000,1030500,12.2707
2005-12-16,20.3500,20.5000,20.3400,20.4700,457900,12.4347
2005-12-19,20.4900,20.5200,20.4000,20.4400,214000,12.4165
2005-12-20,20.4300,20.4300,20.1500,20.2700,143000,12.3133
2005-12-21,20.3800,20.3800,20.2500,20.3400,568300,12.3558
2005-12-22,20.3500,20.4700,20.3400,20.4100,125000,12.3983
2005-12-23,20.4200,20.4200,20.3200,20.3900,117500,12.4569
2005-12-27,20.5000,20.5100,20.3400,20.3800,532300,12.4508
2005-12-28,20.5400,20.6000,20.4100,20.4500,205200,12.4936
2005-12-29,20.5200,20.5200,20.4300,20.4800,402000,12.5119
2005-12-30,20.1400,20.3100,20.1400,20.3100,652200,12.4081
2006-01-03,20.2000,21.0300,20.2000,20.9600,1262900,12.8052
2006-01-04,21.1400,21.2900,21.0800,21.2800,1453300,13.0007
2006-01-05,21.1900,21.2000,21.1000,21.2000,531400,12.9518
2006-01-06,21.3800,21.4200,21.2500,21.4000,536700,13.0740
2006-01-09,21.3400,21.3500,21.1700,21.2700,427600,12.9946
2006-01-10,21.0500,21.1400,21.0300,21.1400,282800,12.9151
2006-01-11,21.2700,21.3500,21.2200,21.3400,397700,13.0373
2006-01-12,21.5800,21.5900,21.0800,21.1400,407600,12.9151
2006-01-13,20.9800,21.1700,20.9600,21.1700,486700,12.9335
2006-01-17,21.0500,21.0600,20.9100,21.0600,951300,12.8663
2006-01-18,20.8000,20.9000,20.7100,20.8600,886400,12.7441
2006-01-19,20.9200,21.0000,20.8500,20.9200,247100,12.7807
2006-01-20,20.9100,20.9100,20.5000,20.5100,983200,12.5303
2006-01-23,20.7900,20.9200,20.7500,20.9100,165800,12.7746
2006-01-24,20.9000,21.0000,20.8100,20.9500,349700,12.7991
2006-01-25,21.2000,21.2500,21.0500,21.2100,958900,12.9579
2006-01-26,21.5000,21.7200,21.5000,21.7200,1730400,13.2695
2006-01-27,21.9400,21.9400,21.7200,21.7800,1243400,13.3061
2006-01-30,21.9500,21.9500,21.7500,21.8400,720000,13.3428
2006-01-31,21.8300,22.0300,21.7500,21.9500,480700,13.4100
2006-02-01,21.9900,22.1200,21.9200,22.1100,381200,13.5077
2006-02-02,22.0600,22.0600,21.7100,21.7400,1027400,13.2817
2006-02-03,21.5500,21.7300,21.3600,21.6400,1003300,13.2206
2006-02-06,21.6000,21.7000,21.5200,21.6000,234200,13.1962
2006-02-07,21.5200,21.6400,21.4600,21.4700,415900,13.1168
2006-02-08,21.6000,21.7200,21.4700,21.7200,362000,13.2695
2006-02-09,21.8000,21.9300,21.7900,21.8100,711300,13.3245
2006-02-10,21.9400,21.9700,21.6500,21.7600,436600,13.2939
2006-02-13,21.7100,21.8500,21.6800,21.7600,1454100,13.2939
2006-02-14,21.8000,22.0000,21.6500,22.0000,1305300,13.4405
2006-02-15,21.9400,22.0400,21.7400,21.8700,657700,13.3611
2006-02-16,21.9300,21.9800,21.8100,21.9600,499100,13.4161
2006-02-17,22.0800,22.1200,21.9600,22.1200,502200,13.5139
2006-02-21,22.2000,22.2300,21.9500,22.0000,432000,13.4405
2006-02-22,22.1000,22.2900,22.0200,22.2900,456100,13.6177
2006-02-23,22.3500,22.3500,22.1500,22.2200,447700,13.5750
2006-02-24,22.3000,22.3300,22.1700,22.2200,334800,13.5750
2006-02-27,22.2000,22.3900,22.2000,22.3600,370600,13.6605
2006-02-28,22.2900,22.3000,22.0200,22.0500,1643100,13.4711
2006-03-01,22.1400,22.3500,22.1400,22.3500,718300,13.6544
2006-03-02,22.1200,22.2300,22.0100,22.2300,603000,13.5811
2006-03-03,22.0000,22.0800,21.9000,22.0000,2156200,13.4405
2006-03-06,22.0600,22.1300,21.9100,21.9500,368900,13.4100
2006-03-07,21.7100,21.8200,21.6600,21.6900,591600,13.2512
2006-03-08,21.5800,21.6900,21.4800,21.6700,2052400,13.2389
2006-03-09,21.7300,21.7800,21.6800,21.6900,1560900,13.2512
2006-03-10,21.8500,22.0800,21.7200,22.0100,789600,13.4467
2006-03-13,22.2800,22.3000,22.2000,22.2300,721700,13.5811
2006-03-14,22.1900,22.5500,22.1900,22.5500,948900,13.7766
2006-03-15,22.7200,22.7500,22.5900,22.7500,565600,13.8987
2006-03-16,22.8400,22.9100,22.7000,22.8900,1187900,13.9843
2006-03-17,22.9300,22.9300,22.7400,22.8700,284500,13.9721
2006-03-20,23.0000,23.0000,22.8400,22.9500,311100,14.0209
2006-03-21,22.8400,22.8700,22.6700,22.7200,439600,13.8804
2006-03-22,22.6600,22.9100,22.6500,22.9100,1301600,13.9965
2006-03-23,22.8600,22.8900,22.5900,22.6900,238000,13.8621
2006-03-24,22.7600,22.8800,22.6500,22.8800,823900,13.9782
2006-03-27,22.7600,22.7600,22.5900,22.6800,576900,13.8560
2006-03-28,22.6000,22.7200,22.4800,22.5200,703600,13.7582
2006-03-29,22.5800,22.7900,22.5000,22.7300,605200,13.8865
2006-03-30,22.8700,23.1700,22.8700,23.1000,902500,14.1126
2006-03-31,23.1200,23.1400,22.9500,23.0500,546100,14.0820
2006-04-03,23.1200,23.3000,23.0400,23.2300,819900,14.1920
2006-04-04,23.4600,23.6100,23.3700,23.5700,861700,14.3997
2006-04-05,23.6500,23.6700,23.5300,23.6600,464800,14.4547
2006-04-06,23.5800,23.6100,23.4200,23.5400,628600,14.3814
2006-04-07,23.4700,23.4800,22.9500,22.9600,896200,14.0270
2006-04-10,23.0500,23.2000,23.0500,23.1400,246400,14.1370
2006-04-11,23.1400,23.1400,22.7500,22.7900,608200,13.9232
2006-04-12,22.7900,22.8500,22.7300,22.8000,514500,13.9293
2006-04-13,22.7000,22.8600,22.6600,22.8300,838100,13.9476
2006-04-17,23.0300,23.1500,23.0200,23.1000,956400,14.1126
2006-04-18,23.1100,23.3800,23.0500,23.3800,711200,14.2836
2006-04-19,23.4400,23.7400,23.3900,23.7200,872400,14.4914
2006-04-20,23.7000,23.8700,23.6700,23.8700,1015100,14.5830
2006-04-21,23.9900,24.1000,23.8800,23.9400,527200,14.6258
2006-04-24,24.2700,24.2700,23.8300,24.1100,878900,14.7296
2006-04-25,24.1600,24.1800,23.9100,24.1100,1468100,14.7296
2006-04-26,24.1900,24.3100,24.1600,24.2700,788300,14.8274
2006-04-27,23.9300,24.3300,23.9100,24.3000,469800,14.8457
2006-04-28,24.1800,24.2800,24.1000,24.1700,502500,14.7663
2006-05-01,24.3000,24.4200,24.0900,24.1100,391700,14.7296
2006-05-02,24.4000,24.4400,24.3300,24.4300,3127500,14.9251
2006-05-03,24.3000,24.3000,24.0200,24.1100,987700,14.7296
2006-05-04,24.1800,24.5600,24.1800,24.5100,426000,14.9740
2006-05-05,24.7700,24.9500,24.6800,24.9400,825900,15.2367
2006-05-08,25.0300,25.0300,24.8300,24.8600,532600,15.1878
2006-05-09,24.9400,25.0200,24.8600,25.0000,747000,15.2733
2006-05-10,25.0200,25.0900,24.9000,25.0800,358300,15.3222
2006-05-11,25.0000,25.0000,24.6800,24.7100,821100,15.0962
2006-05-12,24.5500,24.6000,24.1600,24.2400,1107600,14.8090
2006-05-15,23.8900,24.0400,23.7400,23.8700,1111200,14.5830
2006-05-16,24.1000,24.1100,23.7600,23.9400,1309300,14.6258
2006-05-17,23.6100,23.7000,22.8300,22.8500,1381400,13.9598
2006-05-18,23.1200,23.2500,22.8500,22.9000,763000,13.9904
2006-05-19,22.8600,23.1000,22.7300,23.0400,566300,14.0759
2006-05-22,22.6000,22.7200,22.3300,22.6100,838900,13.8132
2006-05-23,22.9000,23.2100,22.7800,22.8100,690600,13.9354
2006-05-24,22.7000,22.8100,22.3900,22.7200,3435900,13.8804
2006-05-25,22.9500,23.2600,22.9100,23.2400,578900,14.1981
2006-05-26,23.4300,23.4300,23.1800,23.3200,671100,14.2470
2006-05-30,23.1500,23.2000,22.8300,22.8300,775200,13.9476
2006-05-31,23.0300,23.2100,22.9500,23.1100,400500,14.1187
2006-06-01,22.8000,23.3000,22.7200,23.3000,1173700,14.2348
2006-06-02,23.6700,23.6700,23.2400,23.3800,273600,14.2836
2006-06-05,23.2800,23.2900,22.8000,22.8100,817000,13.9354
2006-06-06,22.5600,22.6100,22.2100,22.4700,990300,13.7277
2006-06-07,22.2800,22.5600,22.2100,22.2200,366600,13.5750
2006-06-08,21.7400,21.8700,21.3000,21.7800,1279500,13.3061
2006-06-09,21.9200,21.9500,21.5500,21.5800,325600,13.1840
2006-06-12,21.5500,21.6100,21.2500,21.2500,797900,12.9823
2006-06-13,20.9800,21.1600,20.6300,20.6700,1557300,12.6280
2006-06-14,20.9200,21.1500,20.8000,20.9600,979500,12.8052
2006-06-15,21.3600,21.7500,21.3600,21.7400,749500,13.2817
2006-06-16,21.5200,21.6500,21.3700,21.5000,273200,13.1351
2006-06-19,21.6700,21.7400,21.3900,21.4000,751700,13.0740
2006-06-20,21.4800,21.8900,21.4800,21.6900,270700,13.2512
2006-06-21,21.6900,22.2000,21.6900,22.1200,1068500,13.5139
2006-06-22,22.0200,22.0700,21.8100,22.0000,443200,13.4405
2006-06-23,21.7300,22.0000,21.7300,21.9500,104800,13.4100
2006-06-26,21.8800,22.0500,21.8100,21.9900,182800,13.4344
2006-06-27,22.1000,22.1000,21.5000,21.6500,349800,13.2267
2006-06-28,21.7400,21.7500,21.5900,21.6700,93400,13.2389
2006-06-29,21.9300,22.6200,21.9300,22.6100,1762300,13.8132
2006-06-30,22.9300,23.0100,22.7800,22.9400,333100,14.0148
2006-07-03,22.9800,23.2800,22.9700,23.2800,374400,14.2225
2006-07-05,22.7200,22.8100,22.5200,22.7200,943100,13.8804
2006-07-06,22.8400,22.9900,22.7900,22.9500,259700,14.0209
2006-07-07,22.8600,23.0400,22.7700,22.7700,365100,13.9110
2006-07-10,22.8800,22.9600,22.8000,22.8900,167200,13.9843
2006-07-11,22.6100,22.8100,22.4600,22.7800,785900,13.9171
2006-07-12,22.7600,22.7600,22.3200,22.3800,1258800,13.6727
2006-07-13,22.0900,22.1400,21.8800,21.9200,926800,13.3917
2006-07-14,21.8800,21.9000,21.5300,21.7000,273000,13.2573
2006-07-17,21.2600,21.4400,21.2500,21.3500,464100,13.0434
2006-07-18,21.3900,21.4100,21.1100,21.3700,285400,13.0557
2006-07-19,21.2500,22.0700,21.2500,22.0400,246900,13.4650
2006-07-20,22.2500,22.2500,21.9000,21.9100,439500,13.3856
2006-07-21,21.9100,21.9100,21.6500,21.7600,136400,13.2939
2006-07-24,21.8400,22.2500,21.8000,22.2300,296300,13.5811
2006-07-25,22.2000,22.2900,22.0300,22.2100,280300,13.5688
2006-07-26,22.1800,22.4500,22.1100,22.3900,648300,13.6788
2006-07-27,22.7700,22.7700,22.4400,22.4500,342800,13.7155
2006-07-28,22.6300,22.9600,22.6200,22.9600,341500,14.0270
2006-07-31,22.8800,22.9900,22.7600,22.9100,510900,13.9965
2006-08-01,22.7400,22.7400,22.4500,22.6700,427400,13.8499
2006-08-02,22.7700,23.0000,22.7700,22.9400,195300,14.0148
2006-08-03,22.6900,22.9800,22.6400,22.9800,345100,14.0393
2006-08-04,23.1800,23.3400,22.9600,23.0100,300100,14.0576
2006-08-07,22.8600,22.9600,22.7900,22.8800,136400,13.9782
2006-08-08,22.8000,23.0100,22.7400,22.8500,575300,13.9598
2006-08-09,23.1500,23.2000,22.8700,22.8700,164300,13.9721
2006-08-10,22.7100,22.8400,22.6000,22.7800,961500,13.9171
2006-08-11,22.5500,22.7200,22.5400,22.6100,496900,13.8132
2006-08-14,22.7900,22.9100,22.7100,22.7800,217700,13.9171
2006-08-15,23.2500,23.3600,23.1800,23.3500,233800,14.2653
2006-08-16,23.6200,23.6700,23.5100,23.6600,364600,14.4547
2006-08-17,23.6500,23.7200,23.5500,23.5900,294300,14.4119
2006-08-18,23.6500,23.6900,23.5000,23.6700,373200,14.4608
2006-08-21,23.5800,23.6800,23.5700,23.6000,176500,14.4180
2006-08-22,23.4300,23.5700,23.3400,23.4900,288700,14.3508
2006-08-23,23.4000,23.5600,23.2600,23.3200,327900,14.2470
2006-08-24,23.6500,23.6500,23.3300,23.4100,216600,14.3020
2006-08-25,23.3400,23.5000,23.3100,23.3800,129200,14.2836
2006-08-28,23.5000,23.7000,23.4000,23.6100,404900,14.4242
2006-08-29,23.6400,23.7900,23.5100,23.7200,317600,14.4914
2006-08-30,23.8500,23.8500,23.7000,23.7600,213800,14.5158
2006-08-31,23.8200,23.8600,23.6800,23.7600,429800,14.5158
2006-09-01,23.7800,23.8800,23.7100,23.8600,128600,14.5769
2006-09-05,23.8600,23.9300,23.7500,23.9300,468000,14.6197
2006-09-06,23.9300,23.9300,23.4600,23.5000,610200,14.3569
2006-09-07,23.2500,23.3500,23.1400,23.2200,132700,14.1859
2006-09-08,23.1700,23.2500,23.1200,23.2100,131900,14.1798
2006-09-11,23.1700,23.3500,23.1300,23.3200,188300,14.2470
2006-09-12,23.4600,23.6600,23.3600,23.6500,700100,14.4486
2006-09-13,23.6100,23.7000,23.5500,23.7000,137800,14.4791
2006-09-14,23.6900,23.7700,23.6200,23.7700,227300,14.5219
2006-09-15,23.7800,23.7800,23.6200,23.6500,555500,14.4486
2006-09-18,23.6400,23.7800,23.6100,23.7300,233200,14.4975
2006-09-19,23.7600,23.7600,23.3700,23.5000,437800,14.3569
2006-09-20,23.7000,23.8700,23.7000,23.8200,332200,14.5524
2006-09-21,23.9000,23.9800,23.8200,23.8500,573800,14.5708
2006-09-22,23.8900,23.9000,23.6600,23.7700,1483600,14.5219
2006-09-25,23.8700,23.9900,23.5700,23.9100,360200,14.6074
2006-09-26,23.7800,23.9500,23.7800,23.9400,184700,14.6258
2006-09-27,23.9500,24.0500,23.9300,23.9700,1103300,14.6441
2006-09-28,23.9300,24.0900,23.9300,24.0800,251800,14.7113
2006-09-29,24.0000,24.1200,23.9900,24.0300,1015000,14.6807
2006-10-02,24.0000,24.1900,24.0000,24.1100,373400,14.7296
2006-10-03,23.9700,24.2500,23.9100,24.1900,2584300,14.7785
2006-10-04,24.1500,24.5700,24.1000,24.5700,986400,15.0106
2006-10-05,24.5000,24.5500,24.4000,24.4700,753000,14.9496
2006-10-06,24.2400,24.3000,24.1400,24.2000,434900,14.7846
2006-10-09,24.1800,24.3100,24.1500,24.2900,583700,14.8396
2006-10-10,24.1800,24.3300,24.1500,24.3000,607500,14.8457
2006-10-11,24.1500,24.3600,24.1300,24.2200,853500,14.7968
2006-10-12,24.3600,24.5300,24.3600,24.5300,451800,14.9862
2006-10-13,24.3800,24.4500,24.3400,24.4200,183600,14.9190
2006-10-16,24.3600,24.5000,24.3500,24.5000,578300,14.9679
2006-10-17,24.2700,24.3500,24.1700,24.3300,195000,14.8640
2006-10-18,24.4700,24.5100,24.3500,24.3900,331700,14.9007
2006-10-19,24.5500,24.6400,24.4900,24.5500,311000,14.9984
2006-10-20,24.6500,24.7600,24.4500,24.7200,189400,15.1023
2006-10-23,25.0000,25.0900,24.0000,24.7300,730600,15.1084
2006-10-24,24.7500,24.7900,24.6700,24.7500,302900,15.1206
2006-10-25,24.8000,24.9800,24.8000,24.9200,543900,15.2245
2006-10-26,25.2000,25.2600,25.0500,25.1900,421800,15.3894
2006-10-27,25.1800,25.2400,25.0300,25.0600,321700,15.3100
2006-10-30,24.9600,25.1200,24.9600,25.0300,196100,15.2917
2006-10-31,25.0300,25.2200,25.0300,25.1600,279300,15.3711
2006-11-01,25.3000,25.3900,25.1100,25.1300,623700,15.3528
2006-11-02,25.0400,25.0800,24.9500,25.0700,758900,15.3161
2006-11-03,25.1200,25.1200,24.8800,24.9300,2804100,15.2306
2006-11-06,25.2000,25.4100,25.1000,25.4000,1096200,15.5177
2006-11-07,25.6000,25.7000,25.5200,25.5600,815600,15.6155
2006-11-08,25.5400,25.6500,25.4300,25.6100,365400,15.6460
2006-11-09,25.6500,25.7300,25.5700,25.6000,380900,15.6399
2006-11-10,25.7100,25.8000,25.7000,25.7800,253900,15.7499
2006-11-13,25.7700,25.9000,25.7500,25.8800,374500,15.8110
2006-11-14,25.9000,25.9500,25.6700,25.9300,367300,15.8415
2006-11-15,25.9200,26.0300,25.8600,25.9800,688000,15.8721
2006-11-16,25.9600,26.0500,25.9300,25.9800,325000,15.8721
2006-11-17,25.8400,25.9700,25.7700,25.9700,310500,15.8660
2006-11-20,25.9300,26.0200,25.8400,25.9900,306600,15.8782
2006-11-21,26.0100,26.1700,26.0100,26.1700,242500,15.9881
2006-11-22,26.2900,26.3900,26.2600,26.3800,406000,16.1164
2006-11-24,26.1700,26.4400,26.1700,26.3400,111100,16.0920
2006-11-27,26.1700,26.2500,25.8500,25.8500,537400,15.7926
2006-11-28,25.9600,26.1500,25.8900,26.1500,711900,15.9759
2006-11-29,26.2600,26.3800,26.2400,26.3800,412800,16.1164
2006-11-30,26.5200,26.5500,26.3000,26.3800,803400,16.1164
2006-12-01,26.4500,26.4800,26.0600,26.2700,745600,16.0492
2006-12-04,26.2900,26.5000,26.2000,26.4700,965500,16.1714
2006-12-05,26.6100,26.7800,26.5000,26.7600,542600,16.3486
2006-12-06,26.6300,26.7300,26.5700,26.6700,361400,16.2936
2006-12-07,26.9800,26.9800,26.8000,26.8200,2804900,16.3852
2006-12-08,26.8600,26.9500,26.7300,26.7300,879400,16.3303
2006-12-11,26.8300,27.0400,26.8000,26.9800,283200,16.4830
2006-12-12,26.9900,27.0700,26.8900,27.0600,386300,16.5319
2006-12-13,27.1500,27.2100,27.0700,27.2100,550300,16.6235
2006-12-14,27.2300,27.2500,27.1500,27.2300,287600,16.6357
2006-12-15,27.3900,27.3900,27.0800,27.1000,268500,16.5563
2006-12-18,27.2600,27.3000,27.1100,27.1600,496000,16.5930
2006-12-19,27.1500,27.3500,27.0600,27.2900,369000,16.6724
2006-12-20,26.9800,27.0000,26.7100,26.7500,282800,16.6525
2006-12-21,26.8100,26.8100,26.6700,26.7300,358500,16.6400
2006-12-22,26.7200,26.8500,26.3500,26.4200,249000,16.4470
2006-12-26,26.4400,26.6000,26.4300,26.6000,999300,16.5591
2006-12-27,26.8300,27.7500,26.7700,26.8800,764100,16.7334
2006-12-28,27.0400,27.0400,26.8300,26.9000,760000,16.7458
2006-12-29,26.9000,27.0500,26.9000,26.9000,190900,16.7458
2007-01-03,27.6900,30.8500,27.0200,27.1500,585400,16.9015
2007-01-04,27.1000,27.1000,26.9200,27.0600,271300,16.8454
2007-01-05,27.9600,27.9600,26.5000,26.6100,917400,16.5653
2007-01-08,26.7400,26.7400,25.7100,26.5300,585300,16.5155
2007-01-09,26.7100,26.8100,26.5100,26.6500,390800,16.5902
2007-01-10,26.3700,26.4300,26.2800,26.3600,777600,16.4097
2007-01-11,26.4200,26.8100,26.4200,26.6000,898100,16.5591
2007-01-12,26.7700,26.9000,26.7200,26.8800,432700,16.7334
2007-01-16,26.9400,27.0300,26.8300,27.0300,358200,16.8268
2007-01-17,26.7100,26.9700,26.7100,26.8800,437000,16.7334
2007-01-18,26.9900,26.9900,26.7200,26.7300,581900,16.6400
2007-01-19,26.7700,27.1400,26.7700,27.1000,422100,16.8704
2007-01-22,27.1300,27.1300,26.7600,26.7900,301700,16.6774
2007-01-23,26.9200,27.0900,26.8200,26.9900,233600,16.8019
2007-01-24,27.1100,27.1600,27.0000,27.1500,437700,16.9015
2007-01-25,27.1700,27.2000,26.7900,26.8400,382400,16.7085
2007-01-26,26.9500,26.9600,26.6800,26.8600,350100,16.7209
2007-01-29,26.9400,27.0600,26.8600,26.9800,567400,16.7957
2007-01-30,27.2700,27.3500,27.1500,27.3500,554900,17.0260
2007-01-31,27.2600,27.5900,27.1400,27.5600,728400,17.1567
2007-02-01,27.7000,27.7800,27.6300,27.7800,507800,17.2937
2007-02-02,27.7400,27.7600,27.6000,27.7200,1451400,17.2563
2007-02-05,27.6200,27.6200,27.5000,27.6200,386600,17.1941
2007-02-06,27.6300,27.7500,27.5400,27.7200,422600,17.2563
2007-02-07,27.8700,28.0200,27.8200,27.8700,914500,17.3497
2007-02-08,27.7800,27.9400,27.6800,27.9400,273300,17.3933
2007-02-09,27.9000,27.9000,27.6700,27.6800,508900,17.2314
2007-02-12,27.7400,27.7400,27.5300,27.6500,385900,17.2127
2007-02-13,27.8200,27.9900,27.7200,27.9700,159900,17.4119
2007-02-14,28.2000,28.4400,28.1500,28.4300,340500,17.6983
2007-02-15,28.4600,28.5200,28.3400,28.4600,221200,17.7170
2007-02-16,28.3800,28.4600,28.2700,28.4600,290500,17.7170
2007-02-20,28.4000,28.6900,28.3300,28.6200,929400,17.8166
2007-02-21,28.4000,28.4500,28.2800,28.4500,583400,17.7108
2007-02-22,28.5200,28.6500,28.4400,28.5200,371400,17.7543
2007-02-23,28.6500,28.7400,28.5500,28.6800,358800,17.8539
2007-02-26,28.8900,28.8900,28.6600,28.7800,371600,17.9162
2007-02-27,28.2800,28.2800,27.0800,27.4800,1138100,17.1069
2007-02-28,27.5600,27.8000,27.4300,27.6000,1264800,17.1816
2007-03-01,27.0500,27.5400,26.2300,27.1200,1445400,16.8828
2007-03-02,26.9200,27.1200,26.8100,26.8300,473800,16.7023
2007-03-05,26.2700,26.8100,26.2300,26.3300,639500,16.3910
2007-03-06,26.8800,27.2300,26.7000,27.0000,659500,16.8081
2007-03-07,27.0600,27.3900,27.0000,27.0600,417900,16.8454
2007-03-08,27.3400,27.5100,27.3000,27.4700,359500,17.1007
2007-03-09,27.4700,27.6000,27.3400,27.4700,195500,17.1007
2007-03-12,27.4500,27.7800,27.3900,27.6800,321600,17.2314
2007-03-13,27.4600,27.5700,26.9500,26.9800,889500,16.7957
2007-03-14,26.8200,27.0000,26.5100,27.0000,1363100,16.8081
2007-03-15,26.9500,27.2200,26.8700,27.1600,439100,16.9077
2007-03-16,27.2800,27.5800,27.2500,27.3200,960200,17.0073
2007-03-19,27.6900,27.7400,27.5600,27.7000,444000,17.2439
2007-03-20,27.6500,27.9400,27.5800,27.9400,197300,17.3933
2007-03-21,27.9900,29.0000,27.8700,28.5500,390000,17.7730
2007-03-22,28.7000,28.7000,28.4600,28.5600,774100,17.7792
2007-03-23,28.6500,28.7500,28.5700,28.6800,783400,17.8539
2007-03-26,28.7100,28.7400,28.3200,28.6600,553400,17.8415
2007-03-27,28.6100,28.9500,28.5100,28.7400,259200,17.8913
2007-03-28,28.3800,28.5900,28.3400,28.3400,313900,17.6423
2007-03-29,28.6400,28.8700,28.6200,28.7900,274100,17.9224
2007-03-30,28.8400,28.9700,28.7400,28.8300,610800,17.9473
2007-04-02,29.0400,29.1600,28.8800,29.1500,576200,18.1465
2007-04-03,29.3300,29.5000,29.2400,29.5000,1351600,18.3644
2007-04-04,29.4700,29.6400,29.3800,29.5600,445500,18.4018
2007-04-05,29.7300,30.0000,29.6200,30.0000,827900,18.6757
2007-04-09,29.9700,30.0000,29.8100,29.8900,325900,18.6072
2007-04-10,29.9500,30.1600,29.9000,30.1500,1081400,18.7690
2007-04-11,30.2400,30.2400,29.8900,29.9700,2027300,18.6570
2007-04-12,29.9500,30.3300,29.7700,30.3000,2152300,18.8624
2007-04-13,30.4600,30.5300,30.2700,30.5300,498500,19.0056
2007-04-16,30.8900,31.1400,30.8300,31.0800,800000,19.3480
2007-04-17,31.1400,31.2500,31.0200,31.0700,950100,19.3418
2007-04-18,30.8500,31.0700,30.7300,31.0500,2675300,19.3293
2007-04-19,30.6600,30.9100,30.4900,30.7700,656400,19.1550
2007-04-20,31.2100,31.2900,31.0500,31.1500,867300,19.3916
2007-04-23,31.0600,31.1900,30.8300,30.9700,1157200,19.2795
2007-04-24,30.9200,31.0400,30.6000,30.9500,593500,19.2671
2007-04-25,31.2600,31.3900,31.1500,31.3500,489100,19.5161
2007-04-26,31.3800,31.4800,31.2400,31.3600,635000,19.5223
2007-04-27,31.3600,31.5200,31.2700,31.4200,778500,19.5596
2007-04-30,31.4900,31.6100,31.3700,31.4000,582400,19.5472
2007-05-01,31.6900,31.9200,31.1900,31.6000,1021400,19.6717
2007-05-02,31.4900,31.6400,31.4100,31.5500,863000,19.6406
2007-05-03,31.5100,31.6200,31.4100,31.5000,921200,19.6094
2007-05-04,31.6900,31.8200,31.6400,31.7500,783800,19.7651
2007-05-07,31.7600,31.8600,31.7600,31.8000,658200,19.7962
2007-05-08,31.3500,31.4400,31.1100,31.4000,1318800,19.5472
2007-05-09,31.3100,31.5500,31.2700,31.5100,646700,19.6157
2007-05-10,31.2800,31.3700,30.7000,30.7000,1281200,19.1114
2007-05-11,30.9200,31.5100,30.8600,31.4600,1013500,19.5845
2007-05-14,31.5000,31.5100,31.1200,31.2000,438600,19.4227
2007-05-15,31.3200,31.7000,31.2900,31.3900,540000,19.5410
2007-05-16,31.5900,31.6400,31.3100,31.5000,530600,19.6094
2007-05-17,31.4200,31.5000,31.3100,31.4100,356100,19.5534
2007-05-18,31.7000,31.9400,31.6200,31.9400,656000,19.8834
2007-05-21,31.8100,31.8700,31.7300,31.7800,2203400,19.7838
2007-05-22,31.8500,32.0400,31.8500,31.9000,402400,19.8585
2007-05-23,32.2600,32.3900,32.1500,32.3200,711800,20.1199
2007-05-24,32.2200,32.3000,31.8200,31.8600,656500,19.8336
2007-05-25,32.1500,32.3500,32.0600,32.2800,357800,20.0950
2007-05-29,32.4900,32.5300,32.2400,32.3500,1167300,20.1386
2007-05-30,32.2000,32.5100,31.8500,32.4500,1172800,20.2008
2007-05-31,32.8100,33.0700,32.5200,33.0700,1048700,20.5868
2007-06-01,33.1400,33.3300,33.0000,33.3300,639500,20.7487
2007-06-04,33.1700,33.3500,33.1400,33.3300,1118600,20.7487
2007-06-05,33.2800,33.2800,32.8800,33.0800,1138200,20.5930
2007-06-06,33.9800,33.9800,32.1100,32.2000,2050900,20.0452
2007-06-07,31.8000,32.0300,31.3300,31.3300,2493000,19.5036
2007-06-08,31.4800,31.7300,31.2400,31.5200,2660600,19.6219
2007-06-11,31.6700,32.0300,31.6100,31.8800,1049000,19.8460
2007-06-12,31.9400,31.9400,31.4000,31.4400,1047300,19.5721
2007-06-13,31.5000,31.8700,31.5000,31.8700,521400,19.8398
2007-06-14,32.0700,32.3900,32.0000,32.3900,919100,20.1635
2007-06-15,33.0400,33.1700,32.9200,33.1200,3461700,20.6179
2007-06-18,33.3700,33.3800,33.1300,33.3500,1150500,20.7611
2007-06-19,33.2700,33.4500,33.1400,33.4200,519400,20.8047
2007-06-20,33.6800,33.6800,32.9200,32.9200,815400,20.4934
2007-06-21,32.8600,33.1400,32.6600,33.0000,1016100,20.5432
2007-06-22,33.0000,33.1100,32.1500,32.7500,711200,20.3876
2007-06-25,32.5800,33.0600,32.4500,32.4500,1641600,20.2008
2007-06-26,32.7500,32.8100,32.4500,32.4500,812100,20.2008
2007-06-27,32.2500,32.7100,32.1400,32.6700,1123400,20.3378
2007-06-28,32.8300,33.0900,32.7400,32.8800,671700,20.4685
2007-06-29,33.2400,33.3900,32.9200,33.1300,994600,20.6242
2007-07-02,33.4000,33.5500,33.3100,33.4600,785100,20.8296
2007-07-03,33.8500,33.9000,33.8100,33.9000,777300,21.1035
2007-07-05,33.9500,34.0500,33.5000,34.0000,5047900,21.1658
2007-07-06,33.7800,34.0200,33.7000,33.9600,1970500,21.1409
2007-07-09,34.1900,34.2400,34.0400,34.1400,3115800,21.2529
2007-07-10,33.9000,33.9500,33.4000,33.5000,2214900,20.8545
2007-07-11,33.3600,33.8300,33.3500,33.8300,4582400,21.0599
2007-07-12,34.0100,34.7500,33.9000,34.7100,1108500,21.6077
2007-07-13,34.6400,34.7100,34.4600,34.6200,826700,21.5517
2007-07-16,34.5200,34.6000,34.4200,34.4800,619300,21.4646
2007-07-17,34.2400,34.3400,34.1300,34.2600,721800,21.3276
2007-07-18,33.8700,33.9200,33.5400,33.8300,1008600,21.0599
2007-07-19,34.1900,34.2600,34.0300,34.1200,1036100,21.2405
2007-07-20,33.9500,33.9600,33.4300,33.5500,825500,20.8856
2007-07-23,33.9100,33.9800,33.6700,33.8000,1730800,21.0412
2007-07-24,33.5200,33.5700,32.8600,32.9300,1561800,20.4997
2007-07-25,32.9600,33.0600,32.5100,32.8300,1906900,20.4374
2007-07-26,32.1000,32.3300,31.3200,31.6300,2270400,19.6904
2007-07-27,31.5300,31.8200,29.6200,30.7100,2818600,19.1177
2007-07-30,31.1100,31.9900,31.1100,31.8100,1958400,19.8024
2007-07-31,32.2800,32.2800,31.6600,31.8900,2215300,19.8522
2007-08-01,31.7600,32.2000,31.3200,32.0500,2176200,19.9518
2007-08-02,31.8900,32.1700,31.7800,32.0900,4148600,19.9767
2007-08-03,31.7500,31.9300,31.5000,31.5000,1437000,19.6094
2007-08-06,31.7700,32.3700,31.7300,32.3700,942800,20.1510
2007-08-07,31.8300,32.3300,31.7000,32.2200,1944300,20.0577
2007-08-08,32.3600,32.6000,32.1200,32.3700,815500,20.1510
2007-08-09,30.3700,31.7800,28.9900,31.4600,2112200,19.5845
2007-08-10,31.1000,31.4900,30.9700,31.1100,1272800,19.3667
2007-08-13,31.4600,31.5700,31.1900,31.2600,413100,19.4600
2007-08-14,31.3600,31.4300,30.9900,31.0600,1286600,19.3355
2007-08-15,30.7800,31.1400,30.2500,30.3100,4011700,18.8686
2007-08-16,30.0900,30.7200,29.4500,30.5000,4388700,18.9869
2007-08-17,31.0700,31.1800,30.5300,30.8700,822600,19.2173
2007-08-20,30.9200,31.8000,30.6100,30.8400,2236300,19.1986
2007-08-21,30.7700,30.9400,30.6900,30.7200,929400,19.1239
2007-08-22,31.1700,31.5100,31.0900,31.5000,1965200,19.6094
2007-08-23,31.7100,31.7100,31.2600,31.4800,1248800,19.5970
2007-08-24,31.5300,32.0100,31.4400,31.9900,1167700,19.9145
2007-08-27,31.8200,31.8200,31.4400,31.4900,682400,19.6032
2007-08-28,31.3800,31.5100,30.8900,30.9900,1796900,19.2920
2007-08-29,31.2500,31.7700,31.1800,31.7600,4064100,19.7713
2007-08-30,31.1800,31.8500,31.1800,31.5900,869800,19.6655
2007-08-31,32.4400,32.4400,32.0800,32.2500,641900,20.0763
2007-09-04,32.0600,32.6900,32.0000,32.5800,1456800,20.2818
2007-09-05,32.1200,32.3300,31.9900,32.3300,750300,20.1261
2007-09-06,32.1300,32.4000,31.9400,32.2000,435800,20.0452
2007-09-07,31.8300,32.0300,31.5900,31.6500,836700,19.7028
2007-09-10,31.7100,31.8200,31.3000,31.3000,533500,19.4849
2007-09-11,31.8300,32.0400,31.8000,32.0200,506300,19.9332
2007-09-12,31.9900,32.2000,31.9000,32.1900,404400,20.0390
2007-09-13,32.3400,32.4400,32.1600,32.2900,975100,20.1012
2007-09-14,32.0600,32.2700,31.9600,32.2200,450300,20.0577
2007-09-17,32.1500,32.2800,31.9100,31.9700,613400,19.9020
2007-09-18,32.3500,33.3000,32.2100,33.2300,1505900,20.6864
2007-09-19,33.3900,33.5600,33.3000,33.4300,1497800,20.8109
2007-09-20,33.6600,33.8100,33.5000,33.7100,724300,20.9852
2007-09-21,33.9300,34.0800,33.8900,33.9700,648200,21.1471
2007-09-24,33.9900,34.0400,33.8200,33.8300,431400,21.0599
2007-09-25,33.7100,34.0800,33.6200,34.0000,1425200,21.1658
2007-09-26,34.1500,34.1700,34.0000,34.1500,949800,21.2591
2007-09-27,34.4300,34.4400,34.2900,34.4100,1634900,21.4210
2007-09-28,34.5700,34.7000,34.2500,34.5800,1047400,21.5268
2007-10-01,34.5900,35.0800,34.5800,35.0600,1361500,21.8256
2007-10-02,34.9300,34.9300,34.6900,34.8700,693500,21.7073
2007-10-03,34.8400,34.8800,34.5700,34.6000,874800,21.5393
2007-10-04,34.6400,34.8000,34.5400,34.6500,706400,21.5704
2007-10-05,34.8200,35.1800,34.8200,35.1000,997300,21.8505
2007-10-08,34.9000,34.9000,34.6800,34.8000,1786600,21.6638
2007-10-09,34.8500,35.1000,34.7400,35.1000,413700,21.8505
2007-10-10,35.0100,35.0800,34.9000,34.9900,816200,21.7821
2007-10-11,35.4500,35.6100,35.1500,35.2200,1178400,21.9252
2007-10-12,35.1900,35.5000,35.1600,35.3000,404800,21.9750
2007-10-15,35.3600,35.5300,34.8700,35.2500,945300,21.9439
2007-10-16,34.8900,35.0800,34.8500,34.9000,1014600,21.7260
2007-10-17,35.2300,35.3500,35.1000,35.2100,1489100,21.9190
2007-10-18,35.2100,35.3500,35.0800,35.3200,570400,21.9875
2007-10-19,35.0400,35.0500,34.5500,34.6000,2604000,21.5393
2007-10-22,34.1500,34.4600,34.1000,34.3200,2322500,21.3650
2007-10-23,34.7800,34.8900,34.6100,34.8500,657700,21.6949
2007-10-24,34.8000,35.0000,34.4200,35.0000,1418500,21.7883
2007-10-25,35.1000,35.3100,34.9600,35.2800,1305800,21.9626
2007-10-26,35.5000,35.7000,35.3700,35.5700,490700,22.1431
2007-10-29,35.8900,36.1000,35.7700,36.0100,1198600,22.4170
2007-10-30,35.8200,35.9400,35.7400,35.8000,344900,22.2863
2007-10-31,35.9600,36.4000,35.8200,36.2800,785300,22.5851
2007-11-01,35.6700,35.6700,35.1800,35.1800,1141400,21.9003
2007-11-02,35.3700,36.0000,35.2500,36.0000,1425900,22.4108
2007-11-05,35.1500,35.4100,35.0800,35.3000,639300,21.9750
2007-11-06,35.5600,35.7500,35.4500,35.7500,408500,22.2552
2007-11-07,35.7300,35.7300,35.2600,35.4500,973400,22.0684
2007-11-08,35.6200,36.1100,35.5900,35.9100,2888800,22.3548
2007-11-09,35.7600,36.4500,35.5000,35.5800,1874000,22.1493
2007-11-12,35.2600,35.5500,34.7400,34.7600,1507800,21.6389
2007-11-13,35.0600,35.5800,35.0600,35.5000,1037300,22.0995
2007-11-14,35.7400,35.7400,35.1900,35.2800,569100,21.9626
2007-11-15,34.7100,34.8700,34.2600,34.3900,2376200,21.4085
2007-11-16,34.6200,34.8000,34.3800,34.6600,4971500,21.5766
2007-11-19,34.3500,34.3500,33.8500,33.9200,1290900,21.1159
2007-11-20,34.5000,34.9200,34.4400,34.7700,1349300,21.6451
2007-11-21,34.3900,34.7100,34.2900,34.3700,1541200,21.3961
2007-11-23,34.5600,34.8400,34.5600,34.8200,796600,21.6762
2007-11-26,34.8700,34.9000,34.1800,34.1800,1680300,21.2778
2007-11-27,34.3700,34.6800,34.2700,34.6100,1614900,21.5455
2007-11-28,34.9100,35.7600,34.8600,35.6800,1291600,22.2116
2007-11-29,35.2900,35.6000,35.1800,35.5400,701600,22.1244
2007-11-30,36.1100,36.1100,35.5000,35.6100,776400,22.1680
2007-12-03,35.6100,35.6600,35.4000,35.4900,1100500,22.0933
2007-12-04,35.5000,35.6300,35.4700,35.5800,1211300,22.1493
2007-12-05,35.9000,36.0000,35.7600,35.8000,482800,22.2863
2007-12-06,35.8200,36.2000,35.7300,36.1200,671800,22.4855
2007-12-07,36.1400,36.2500,36.0500,36.1100,694900,22.4793
2007-12-10,36.3100,36.5800,36.3100,36.5000,444000,22.7221
2007-12-11,36.3600,36.5200,35.6000,35.6000,2435500,22.1618
2007-12-12,36.5900,36.7100,36.2300,36.4500,1357200,22.6909
2007-12-13,36.0400,36.2000,35.5900,36.0100,850700,22.4170
2007-12-14,35.2600,35.4500,35.0200,35.0900,835100,21.8443
2007-12-17,34.6200,34.7300,34.3400,34.3400,846700,21.3774
2007-12-18,35.1400,35.2300,34.5000,34.9000,1846200,21.7260
2007-12-19,34.8000,35.0000,34.4400,34.6300,778300,21.5579
2007-12-20,34.7700,34.9300,34.6500,34.8000,702100,21.6638
2007-12-21,35.3900,35.5600,35.3100,35.5600,2766100,22.1369
2007-12-24,35.4800,35.4800,34.8000,35.2600,670300,22.2746
2007-12-26,35.0500,35.4300,35.0500,35.3400,192600,22.3251
2007-12-27,35.6500,35.6500,35.3100,35.3600,621200,22.3378
2007-12-28,35.9500,35.9900,35.7500,35.8100,1015400,22.6221
2007-12-31,35.5100,35.8900,35.3200,35.4400,512800,22.3883
2008-01-02,35.7400,35.8800,35.2800,35.3900,1524800,22.3567
2008-01-03,35.2500,35.4300,35.1600,35.2900,1087300,22.2936
2008-01-04,35.0700,35.1400,34.6000,34.6000,2096200,21.8577
2008-01-07,34.7400,34.8500,34.4700,34.6300,1380400,21.8766
2008-01-08,35.0100,35.1400,33.8500,34.3900,1321500,21.7250
2008-01-09,34.2700,34.5400,33.3500,34.5000,5202500,21.7945
2008-01-10,34.1800,34.7100,34.1500,34.6000,4226300,21.8577
2008-01-11,34.3500,34.4100,34.0100,34.1100,6180700,21.5481
2008-01-14,34.6600,34.7900,34.5600,34.7300,1879000,21.9398
2008-01-15,34.2300,34.3200,33.7600,33.7700,3866300,21.3333
2008-01-16,33.4500,33.7100,32.8000,32.8300,4093200,20.7395
2008-01-17,33.0500,33.2100,32.2500,32.3400,3223700,20.4300
2008-01-18,32.7900,32.9800,32.0300,32.2300,4588700,20.3605
2008-01-22,29.1800,30.5400,28.8400,30.2000,6363300,19.0781
2008-01-23,28.3000,29.6200,28.0100,29.6200,7707300,18.7117
2008-01-24,30.3100,30.6600,30.1000,30.5700,3595600,19.3118
2008-01-25,31.2000,31.2900,29.8800,30.0100,2911100,18.9580
2008-01-28,30.2500,30.8800,29.9500,30.8200,1996800,19.4697
2008-01-29,30.9300,31.0000,30.6200,31.0000,1045000,19.5835
2008-01-30,30.8300,31.5700,30.6600,30.9500,2227200,19.5519
2008-01-31,30.1900,31.4200,30.1500,31.2000,4530800,19.7098
2008-02-01,31.4200,31.5800,31.1800,31.4500,2966600,19.8677
2008-02-04,31.6800,31.7400,31.3400,31.4200,1634800,19.8488
2008-02-05,30.4400,30.4600,29.7700,29.7700,3104300,18.8064
2008-02-06,30.2800,30.5400,30.0000,30.0700,2900500,18.9960
2008-02-07,29.5100,30.0600,29.5100,29.8700,2571100,18.8696
2008-02-08,29.6400,30.0000,29.5000,29.7700,1749400,18.8064
2008-02-11,29.8100,29.9700,29.4500,29.9100,1915300,18.8949
2008-02-12,30.6800,30.9800,30.5300,30.6800,6162300,19.3813
2008-02-13,31.0000,31.2100,30.8000,31.1500,1451700,19.6782
2008-02-14,31.1600,31.2500,30.8400,30.9000,1337600,19.5203
2008-02-15,30.5800,30.8500,30.3900,30.8100,1106100,19.4634
2008-02-19,31.5400,31.6500,31.1800,31.2800,2171300,19.7603
2008-02-20,30.6600,31.3300,30.6500,31.2100,3717300,19.7161
2008-02-21,31.4000,31.4300,30.8600,30.9000,1504000,19.5203
2008-02-22,30.9600,31.0300,30.5500,30.9900,1313200,19.5771
2008-02-25,30.9800,31.3400,30.8300,31.3000,1085100,19.7730
2008-02-26,31.4000,32.0300,31.3800,31.8800,2384900,20.1394
2008-02-27,31.6100,32.3000,31.6100,32.1500,3060500,20.3099
2008-02-28,31.8000,32.0100,31.6700,31.8400,2801900,20.1141
2008-02-29,31.2300,31.3200,30.7800,30.9800,2486700,19.5708
2008-03-03,30.8500,31.1000,30.7800,31.0300,2010100,19.6024
2008-03-04,30.5600,30.7700,30.2300,30.5600,2914400,19.3055
2008-03-05,30.8100,31.2300,30.7600,30.9300,3342900,19.5392
2008-03-06,31.1000,31.1500,30.6400,30.7200,2250700,19.4066
2008-03-07,30.3200,30.6500,30.1400,30.2600,2372900,19.1160
2008-03-10,30.4700,30.5400,29.8800,29.9400,2896900,18.9138
2008-03-11,30.8100,30.9600,30.3900,30.9300,3730500,19.5392
2008-03-12,31.1200,31.3200,30.9500,31.0100,1491100,19.5898
2008-03-13,30.4700,31.2100,30.3800,31.1900,1257600,19.7035
2008-03-14,31.2800,31.3200,30.2300,30.5800,2697700,19.3181
2008-03-17,29.5800,30.1300,29.5200,29.9900,2614700,18.9454
2008-03-18,30.3900,30.8700,30.3200,30.8000,7749900,19.4571
2008-03-19,30.4900,30.7200,29.8400,29.8600,2011600,18.8633
2008-03-20,29.5600,30.0500,29.5200,29.9500,2516100,18.9201
2008-03-24,29.8000,31.0500,29.5600,30.9500,1915700,19.5519
2008-03-25,30.8900,31.1100,30.6500,31.0600,811600,19.6214
2008-03-26,31.0900,31.3200,30.9600,31.2500,555000,19.7414
2008-03-27,31.7100,31.7500,31.3300,31.3600,715800,19.8109
2008-03-28,31.4600,31.5500,31.1700,31.3200,6341000,19.7856
2008-03-31,31.3500,31.6500,31.2800,31.5100,1117400,19.9056
2008-04-01,31.7100,32.2900,31.6500,32.2900,4367600,20.3984
2008-04-02,32.1200,32.3400,32.0100,32.2300,4841600,20.3605
2008-04-03,31.8300,32.3000,31.8300,32.2000,3063700,20.3415
2008-04-04,32.2500,32.4200,32.0600,32.3100,1819600,20.4110
2008-04-07,32.5800,32.6600,32.4600,32.4800,932900,20.5184
2008-04-08,32.1200,32.3500,32.1000,32.3500,1348700,20.4363
2008-04-09,32.3400,32.3700,32.0800,32.1900,852600,20.3352
2008-04-10,31.9600,32.1800,31.8000,32.1500,2329800,20.3099
2008-04-11,31.7800,31.8600,31.5100,31.5600,1095600,19.9372
2008-04-14,31.5700,31.7400,31.5500,31.6000,1555900,19.9625
2008-04-15,31.8200,31.8500,31.6100,31.7200,5394500,20.0383
2008-04-16,32.2500,32.7500,32.0200,32.7000,2406800,20.6574
2008-04-17,32.2900,32.4500,32.2800,32.3200,1489100,20.4173
2008-04-18,32.6300,32.8300,32.5600,32.7600,1099700,20.6953
2008-04-21,32.8400,33.0000,32.7000,32.9800,1656100,20.8343
2008-04-22,32.8700,32.9100,32.5300,32.6500,2739700,20.6258
2008-04-23,32.5700,33.0100,32.4300,32.9300,881000,20.8027
2008-04-24,32.5700,32.7900,32.3700,32.6400,917900,20.6195
2008-04-25,32.9000,32.9600,32.7200,32.8600,489400,20.7585
2008-04-28,33.0000,33.0700,32.8900,32.9100,273300,20.7901
2008-04-29,32.7000,32.7100,32.5200,32.5700,1553000,20.5753
2008-04-30,32.7200,33.0400,32.6800,32.6800,2532700,20.6448
2008-05-01,32.4600,33.1500,32.3200,33.1500,1478100,20.9417
2008-05-02,33.0800,33.1400,32.8100,32.9300,1530000,20.8027
2008-05-05,33.0200,33.3300,33.0200,33.2100,3889600,20.9796
2008-05-06,33.0800,33.4000,32.9700,33.3200,2821200,21.0491
2008-05-07,33.2000,33.2400,32.7800,32.8300,1462000,20.7395
2008-05-08,33.0100,33.2200,32.9400,33.0700,744400,20.8911
2008-05-09,32.8300,33.0900,32.8100,32.9800,1406900,20.8343
2008-05-12,33.0600,33.4300,33.0400,33.4000,703900,21.0996
2008-05-13,33.2800,33.3500,33.1600,33.2200,4389600,20.9859
2008-05-14,33.2500,33.4300,33.2000,33.2100,3161500,20.9796
2008-05-15,33.3500,33.6200,33.2800,33.5600,1648500,21.2007
2008-05-16,33.9100,34.2300,33.7600,34.2100,1669500,21.6113
2008-05-19,34.1800,34.2600,34.0000,34.1000,1198000,21.5418
2008-05-20,33.9500,34.0100,33.8400,33.9100,823600,21.4218
2008-05-21,33.8200,33.9100,33.5000,33.5400,1311200,21.1880
2008-05-22,33.6200,33.9200,33.5800,33.8500,569100,21.3839
2008-05-23,33.7700,33.7700,33.2800,33.3400,2527500,21.0617
2008-05-27,33.0900,33.4300,33.0900,33.3900,1354600,21.0933
2008-05-28,33.4900,33.5800,33.2500,33.5200,404400,21.1754
2008-05-29,33.1400,33.4400,33.1000,33.3400,1199100,21.0617
2008-05-30,33.5100,33.5900,33.4200,33.5300,367700,21.1817
2008-06-02,33.0800,33.1600,32.8600,33.0200,1898800,20.8595
2008-06-03,32.9000,33.0400,32.5800,32.7900,9401900,20.7142
2008-06-04,32.4300,32.7600,32.4200,32.5900,3960800,20.5879
2008-06-05,32.7400,33.1600,32.6800,33.1600,2431300,20.9480
2008-06-06,32.7100,32.8100,32.3000,32.3800,3855800,20.4552
2008-06-09,32.6200,32.6400,32.2600,32.4900,3348500,20.5247
2008-06-10,31.8100,32.1000,31.7900,31.8900,2309600,20.1457
2008-06-11,31.7900,31.8500,31.3300,31.3300,4448200,19.7919
2008-06-12,31.3600,31.5800,31.2400,31.2500,3123800,19.7414
2008-06-13,31.2800,31.6500,31.2600,31.6100,653000,19.9688
2008-06-16,31.5800,31.8900,31.4800,31.8400,915800,20.1141
2008-06-17,32.2200,32.3100,32.0300,32.0400,1393000,20.2404
2008-06-18,31.8400,31.9200,31.6400,31.8100,1847700,20.0952
2008-06-19,31.7500,32.1500,31.6900,32.1500,848200,20.3099
2008-06-20,31.4800,31.4800,31.1600,31.1700,1145500,19.6908
2008-06-23,31.2500,31.2900,31.0500,31.1600,1135100,19.6845
2008-06-24,30.7900,31.1500,30.6800,31.0100,1292200,19.5898
2008-06-25,30.0100,30.5100,30.0000,30.2300,2116500,19.8318
2008-06-26,29.9600,31.9300,29.5900,29.6000,2193700,19.4185
2008-06-27,29.6700,29.8100,29.4900,29.6200,536700,19.4317
2008-06-30,29.5400,29.6600,29.4400,29.4400,974900,19.3136
2008-07-01,29.0400,29.2700,28.8300,29.2600,1354500,19.1955
2008-07-02,29.4700,29.5100,28.9200,29.0000,1869800,19.0249
2008-07-03,29.2800,29.3000,28.9400,28.9900,1216800,19.0184
2008-07-07,28.9300,29.2600,28.7300,28.9500,1488200,18.9921
2008-07-08,28.7900,29.0900,28.5800,29.0400,1047300,19.0512
2008-07-09,29.2400,29.3000,28.7800,29.0200,712800,19.0381
2008-07-10,28.9300,29.1400,28.7800,29.0600,867100,19.0643
2008-07-11,28.5600,28.8500,28.4100,28.6100,1212200,18.7691
2008-07-14,28.8300,28.9100,28.5000,28.5600,1080400,18.7363
2008-07-15,28.1800,28.5000,28.0100,28.2500,1342200,18.5329
2008-07-16,28.1600,28.7200,28.0700,28.6500,2058500,18.7953
2008-07-17,29.0800,29.2300,28.9000,29.2000,1030200,19.1561
2008-07-18,29.2100,29.4000,29.1400,29.3900,1240600,19.2808
2008-07-21,29.6300,29.7600,29.4500,29.5600,932400,19.3923
2008-07-22,29.2900,29.7900,29.2900,29.6500,747000,19.4513
2008-07-23,29.7700,29.8300,29.5900,29.6500,373600,19.4513
2008-07-24,29.4700,29.4900,28.9000,28.9600,1716000,18.9987
2008-07-25,29.0000,29.3700,28.9400,29.1800,725200,19.1430
2008-07-28,29.1900,29.2400,28.6800,28.7000,900000,18.8281
2008-07-29,28.6300,29.0900,28.6300,29.0700,663500,19.0709
2008-07-30,29.1200,29.2800,29.0000,29.2100,491400,19.1627
2008-07-31,29.2400,29.4200,29.1600,29.1800,2029000,19.1430
2008-08-01,29.1800,29.1800,28.6900,28.7500,1786100,18.8609
2008-08-04,28.6700,28.7900,28.5800,28.6100,1203400,18.7691
2008-08-05,29.0500,29.2500,29.0200,29.2300,1727400,19.1758
2008-08-06,28.9800,29.3800,28.9200,29.3200,2393000,19.2349
2008-08-07,29.1600,29.2000,28.7700,28.8400,313200,18.9200
2008-08-08,28.1200,28.6800,28.0800,28.6300,1189100,18.7822
2008-08-11,28.4900,28.6600,28.3100,28.4000,585400,18.6313
2008-08-12,28.3700,28.4300,28.2000,28.2600,820200,18.5395
2008-08-13,27.9600,27.9800,27.5900,27.8300,2161100,18.2574
2008-08-14,27.6000,27.8300,27.5200,27.6600,710300,18.1458
2008-08-15,27.3800,27.5100,27.2100,27.3800,651500,17.9622
2008-08-18,27.5600,27.5600,27.1200,27.1800,459600,17.8310
2008-08-19,26.9200,27.0000,26.8000,26.9700,1095400,17.6932
2008-08-20,27.0000,27.1300,26.8600,27.0400,981500,17.7391
2008-08-21,26.9500,27.2000,26.9500,27.1800,804500,17.8310
2008-08-22,27.3100,27.4000,27.2200,27.2900,407800,17.9031
2008-08-25,27.1900,27.2700,26.8300,26.8700,324800,17.6276
2008-08-26,26.8100,27.1900,26.7900,26.9700,615500,17.6932
2008-08-27,27.0500,27.2200,27.0200,27.1400,157600,17.8047
2008-08-28,27.5200,27.6800,27.4500,27.5500,944900,18.0737
2008-08-29,27.6000,27.7000,27.3900,27.4000,437700,17.9753
2008-09-02,27.5000,27.5900,27.1900,27.2200,376500,17.8572
2008-09-03,27.1600,27.3700,27.0600,27.2500,480100,17.8769
2008-09-04,26.7200,26.7500,25.9000,26.0600,1067800,17.0962
2008-09-05,25.6200,25.7200,25.2400,25.5600,1293700,16.7682
2008-09-08,26.0800,26.1400,25.4500,25.7700,1606600,16.9059
2008-09-09,25.5400,25.7100,25.0500,25.1200,1174900,16.4795
2008-09-10,25.3800,25.4600,25.0500,25.1100,1146900,16.4730
2008-09-11,24.5200,25.1700,24.4700,25.1600,1320800,16.5058
2008-09-12,25.2200,25.6900,25.1500,25.6800,1109900,16.8469
2008-09-15,24.5700,24.9900,24.5700,24.8200,1377600,16.2827
2008-09-16,24.0600,24.7100,23.8600,24.5300,1897800,16.0925
2008-09-17,24.2300,24.4800,23.6500,23.9800,1277700,15.7316
2008-09-18,24.5700,25.2000,24.1200,24.8200,4608700,16.2827
2008-09-19,24.0500,28.1500,24.0500,26.4900,1708100,17.3783
2008-09-22,26.1300,26.2800,25.6900,25.8400,427100,16.9519
2008-09-23,25.7900,25.9700,25.3100,25.4400,792500,16.6895
2008-09-24,25.7200,25.7500,25.3500,25.3900,301700,16.6567
2008-09-25,25.9300,26.1200,25.8300,25.9900,495300,17.0503
2008-09-26,25.3600,25.6200,25.3200,25.5700,968700,16.7747
2008-09-29,24.4400,24.4400,22.8600,23.1600,883300,15.1937
2008-09-30,23.4500,23.9200,23.3000,23.9000,905700,15.6792
2008-10-01,23.5400,23.7300,23.1100,23.5600,291100,15.4561
2008-10-02,23.0000,23.0300,22.3100,22.4400,1114900,14.7214
2008-10-03,22.2800,23.1200,22.2700,22.2900,607300,14.6230
2008-10-06,21.4400,21.4400,20.4000,21.0400,1262700,13.8029
2008-10-07,21.4500,21.6800,20.1200,20.1200,1088300,13.1994
2008-10-08,19.7500,20.5000,19.2700,19.5100,1082600,12.7992
2008-10-09,19.9500,20.0900,18.1500,18.2600,839200,11.9791
2008-10-10,17.0900,18.3500,16.7400,17.8400,1487500,11.7036
2008-10-13,19.5500,21.3500,19.2000,20.4300,849600,13.4027
2008-10-14,21.0400,21.1300,19.9000,20.2900,1663800,13.3109
2008-10-15,19.5300,19.6600,18.0000,18.0000,899300,11.8086
2008-10-16,18.4500,19.0200,17.4000,18.9900,933800,12.4580
2008-10-17,17.8800,19.1700,17.8600,18.5100,665100,12.1432
2008-10-20,18.3800,18.8700,18.2500,18.8300,775500,12.3531
2008-10-21,18.1500,18.3400,17.5900,17.7000,509700,11.6118
2008-10-22,17.0500,17.1600,16.0200,16.4400,797500,10.7852
2008-10-23,16.2100,16.7700,15.7900,16.4900,1251600,10.8180
2008-10-24,14.8000,15.9000,14.7500,15.4500,944500,10.1357
2008-10-27,14.8100,16.1600,14.8100,15.2100,2696000,9.9783
2008-10-28,16.7500,18.6000,16.1000,18.2200,4175100,11.9529
2008-10-29,17.4600,18.3100,17.4000,17.6800,1629700,11.5986
2008-10-30,18.6400,18.8600,17.9500,18.1100,952600,11.8807
2008-10-31,18.3100,18.9600,17.9400,18.4800,812900,12.1235
2008-11-03,18.0800,18.4100,17.9200,18.0900,861500,11.8676
2008-11-04,18.7400,19.7000,18.5100,19.6800,948400,12.9107
2008-11-05,19.1100,19.5900,18.3300,18.3500,471600,12.0382
2008-11-06,18.0700,18.3400,16.9900,17.1500,574700,11.2509
2008-11-07,17.6500,18.2500,17.5700,18.0400,761000,11.8348
2008-11-10,18.5600,18.7300,17.6400,17.9300,643200,11.7627
2008-11-11,17.5500,17.6300,16.9100,17.1700,337000,11.2641
2008-11-12,16.7000,16.7500,16.1600,16.2300,412400,10.6474
2008-11-13,16.4900,17.9100,15.9800,17.9100,509900,11.7495
2008-11-14,17.3200,17.6200,16.7100,16.7100,367200,10.9623
2008-11-17,16.5000,16.8800,16.1800,16.3500,388900,10.7261
2008-11-18,16.1500,16.6100,15.9600,16.4000,348900,10.7589
2008-11-19,15.9300,16.2500,15.1500,15.1500,937600,9.9389
2008-11-20,15.0400,15.4000,14.2400,14.3000,689000,9.3813
2008-11-21,14.9500,15.1700,14.2200,15.1700,621700,9.9520
2008-11-24,15.6000,16.8100,15.4300,16.4300,1323000,10.7786
2008-11-25,16.9500,17.1800,16.2800,16.7100,417500,10.9623
2008-11-26,16.0200,16.8900,16.0200,16.7900,688000,11.0148
2008-11-28,16.4000,16.6200,16.3500,16.5900,160000,10.8836
2008-12-01,16.0200,16.0200,15.1800,15.2400,424400,9.9979
2008-12-02,15.7500,16.2400,15.6400,16.0700,448500,10.5424
2008-12-03,15.5600,16.3700,15.4400,16.3100,293700,10.6999
2008-12-04,15.9400,16.4400,15.7600,15.9400,322800,10.4572
2008-12-05,15.6200,16.1500,15.2500,16.0300,573700,10.5162
2008-12-08,16.7500,17.1800,16.6600,16.9400,508300,11.1132
2008-12-09,16.8900,17.3500,16.7800,16.9400,367000,11.1132
2008-12-10,17.2600,17.4800,17.1400,17.4000,704600,11.4150
2008-12-11,17.4200,17.8300,17.3700,17.4500,509600,11.4478
2008-12-12,17.0200,17.6800,16.9500,17.5300,588500,11.5002
2008-12-15,17.7500,17.8800,17.5300,17.8300,696600,11.6971
2008-12-16,17.8700,19.3800,17.8500,19.1600,1267900,12.5696
2008-12-17,18.7200,19.1000,18.5500,18.9300,691700,12.4187
2008-12-18,19.1000,19.2100,18.4300,18.6000,569000,12.2022
2008-12-19,18.4400,18.5100,17.9500,18.0500,682300,11.8414
2008-12-22,18.1200,18.2500,17.7200,17.9100,503300,11.7495
2008-12-23,18.0900,18.2800,17.8400,17.8800,442500,11.7779
2008-12-24,16.9800,18.1500,16.9800,18.1500,378000,11.9557
2008-12-26,18.1200,18.1500,17.9500,18.0700,214500,11.9030
2008-12-29,18.6800,18.7300,18.2400,18.3200,1084700,12.0677
2008-12-30,18.8000,19.0000,18.7300,18.9700,370700,12.4959
2008-12-31,18.7200,19.3000,18.7200,19.2200,826000,12.6605
2009-01-02,18.9600,19.4100,18.8600,19.3300,372700,12.7330
2009-01-05,18.9400,18.9800,18.7300,18.8500,788100,12.4168
2009-01-06,18.9600,19.0600,18.6500,18.9100,471700,12.4563
2009-01-07,18.8300,18.8700,18.5100,18.6300,681600,12.2719
2009-01-08,18.5400,18.7600,18.3900,18.7300,500300,12.3378
2009-01-09,18.4500,18.5000,17.7500,17.7700,684500,11.7054
2009-01-12,17.7500,17.7500,17.2700,17.3600,301900,11.4353
2009-01-13,17.0600,17.1400,16.7900,16.9200,298900,11.1455
2009-01-14,16.3700,17.2000,15.9400,15.9400,460100,10.4999
2009-01-15,16.0800,16.2400,15.5800,16.0900,5349600,10.5988
2009-01-16,16.4500,16.4500,15.7900,16.1500,579200,10.6383
2009-01-20,15.5300,15.6500,14.9200,14.9500,797900,9.8478
2009-01-21,15.3100,15.7600,15.0700,15.6700,834300,10.3221
2009-01-22,15.0100,15.5100,15.0100,15.3200,552900,10.0915
2009-01-23,14.7700,15.2900,14.6100,14.9800,570300,9.8676
2009-01-26,15.3700,15.9400,15.2100,15.6200,415900,10.2892
2009-01-27,15.7800,15.9300,15.5400,15.8300,947700,10.4275
2009-01-28,16.4800,16.7300,16.0800,16.5600,393600,10.9084
2009-01-29,16.1400,16.1900,15.7300,15.8100,298300,10.4143
2009-01-30,15.8800,15.9800,15.3400,15.5000,466700,10.2101
2009-02-02,15.0200,15.4400,15.0200,15.2500,537800,10.0454
2009-02-03,15.5000,16.0200,15.3900,15.9700,586300,10.5197
2009-02-04,15.8300,16.2500,15.7100,15.7400,598100,10.3682
2009-02-05,15.6700,16.3100,15.5800,16.0500,498200,10.5724
2009-02-06,16.3100,16.8300,16.2300,16.6000,580400,10.9347
2009-02-09,16.7900,16.9700,16.6700,16.7900,311400,11.0599
2009-02-10,16.6500,16.7600,15.8000,15.9000,451400,10.4736
2009-02-11,16.1800,17.0000,15.8800,16.1000,312400,10.6053
2009-02-12,15.5900,15.8900,15.4100,15.8500,784400,10.4407
2009-02-13,15.7500,15.8800,15.6200,15.6500,230200,10.3089
2009-02-17,15.6500,15.6500,14.6200,14.6500,778700,9.6502
2009-02-18,14.6900,14.7400,14.3500,14.5300,579800,9.5712
2009-02-19,14.8700,15.1300,14.6000,14.6100,364900,9.6239
2009-02-20,14.1900,15.3300,14.0600,14.3300,1075800,9.4394
2009-02-23,14.4000,14.4000,13.5700,13.6200,837200,8.9717
2009-02-24,13.6400,14.2100,13.5700,14.1300,752800,9.3077
2009-02-25,13.9400,13.9400,13.4000,13.6500,1292800,8.9915
2009-02-26,13.9100,14.0700,13.6300,13.6900,414500,9.0178
2009-02-27,13.4200,13.7100,13.2600,13.4900,321100,8.8861
2009-03-02,13.0500,13.2000,12.7800,12.7800,688600,8.4184
2009-03-03,13.0000,13.1200,12.7600,12.8700,480500,8.4777
2009-03-04,13.1800,13.7400,13.1400,13.5400,661100,8.9190
2009-03-05,13.9900,13.9900,12.6900,12.7700,594700,8.4118
2009-03-06,13.0400,13.2300,12.6100,12.8200,704400,8.4448
2009-03-09,12.4700,12.9300,12.4700,12.7300,409100,8.3855
2009-03-10,13.2000,13.7100,13.2000,13.5500,1124900,8.9256
2009-03-11,13.8700,14.0300,13.5900,13.7900,716500,9.0837
2009-03-12,13.6700,14.2300,13.4800,14.2100,2966700,9.3604
2009-03-13,14.2800,14.3500,13.9500,14.1800,517800,9.3406
2009-03-16,14.4900,14.6000,14.2600,14.3000,1310700,9.4197
2009-03-17,14.2100,14.4800,14.0800,14.4800,1286500,9.5382
2009-03-18,14.3300,15.1300,14.2600,15.0600,711900,9.9203
2009-03-19,15.5000,15.6700,15.1100,15.1700,880700,9.9927
2009-03-20,15.1900,15.2600,14.9100,14.9500,628000,9.8478
2009-03-23,15.3100,15.9000,15.2200,15.9000,695000,10.4736
2009-03-24,15.4400,15.7100,15.3300,15.3400,396400,10.1047
2009-03-25,15.4400,15.8900,15.4000,15.6900,646000,10.3353
2009-03-26,17.0700,17.0700,15.6800,15.9100,1607600,10.4802
2009-03-27,15.4000,15.4300,15.1900,15.3100,471100,10.0850
2009-03-30,14.6800,14.7400,14.3500,14.5200,742200,9.5646
2009-03-31,14.8100,15.1100,14.7500,14.9700,388100,9.8610
2009-04-01,14.7100,15.2600,14.6300,15.2000,433600,10.0125
2009-04-02,15.9300,16.3900,15.9100,16.1000,1025900,10.6053
2009-04-03,16.1400,16.4900,16.1200,16.4900,565400,10.8622
2009-04-06,16.0900,16.2200,15.9000,16.1700,366300,10.6515
2009-04-07,15.8100,15.9400,15.6600,15.6800,670300,10.3287
2009-04-08,15.9700,16.1200,15.7700,15.9700,218300,10.5197
2009-04-09,16.3600,16.5300,16.2300,16.3800,449600,10.7898
2009-04-13,16.3900,16.8100,16.3600,16.6900,570700,10.9940
2009-04-14,16.5200,16.7600,16.4700,16.5200,953100,10.8820
2009-04-15,16.3800,16.7800,16.3100,16.7500,505100,11.0335
2009-04-16,16.9100,16.9700,16.7000,16.9100,414600,11.1389
2009-04-17,16.8300,16.9300,16.7200,16.8300,791500,11.0862
2009-04-20,16.4000,16.4000,15.9300,15.9300,889700,10.4934
2009-04-21,15.7700,16.2800,15.7400,16.2600,546200,10.7107
2009-04-22,16.0400,16.6500,16.0400,16.4000,5088000,10.8030
2009-04-23,16.4500,16.7100,16.3300,16.7100,1779000,11.0072
2009-04-24,17.0500,17.1700,16.9400,17.0000,794800,11.1982
2009-04-27,16.7700,17.1000,16.6700,16.7400,793800,11.0269
2009-04-28,16.4700,16.8600,16.3900,16.6800,465300,10.9874
2009-04-29,16.9300,17.3900,16.9300,17.1300,585900,11.2838
2009-04-30,17.5000,17.6200,17.2300,17.2900,487000,11.3892
2009-05-01,17.2500,17.5400,17.1600,17.4200,655000,11.4748
2009-05-04,17.7100,18.1700,17.6800,18.1300,673900,11.9425
2009-05-05,18.0800,18.1500,17.8000,17.8300,1142100,11.7449
2009-05-06,18.1700,18.2200,17.8800,18.1600,735900,11.9623
2009-05-07,19.7800,19.7800,17.6600,17.8000,860400,11.7252
2009-05-08,18.1500,18.6500,18.1400,18.6400,717500,12.2785
2009-05-11,18.1600,18.2500,18.0200,18.1000,325600,11.9228
2009-05-12,18.4200,18.4200,18.0200,18.2500,171200,12.0216
2009-05-13,17.7200,17.7500,17.4900,17.5300,340900,11.5473
2009-05-14,17.4800,17.8500,17.4600,17.7400,320400,11.6856
2009-05-15,17.6400,17.8300,17.3500,17.4200,725700,11.4748
2009-05-18,17.7600,18.1900,17.7200,18.1900,343900,11.9821
2009-05-19,18.3400,18.6900,18.3100,18.5100,1565700,12.1929
2009-05-20,18.7300,19.1600,18.7300,18.8600,1367500,12.4234
2009-05-21,18.6300,18.7300,18.4300,18.6600,722200,12.2917
2009-05-22,18.8800,18.9300,18.6700,18.8300,406500,12.4036
2009-05-26,18.3300,19.2100,18.3000,19.1000,1426800,12.5815
2009-05-27,19.1300,19.2200,18.7800,18.8400,324700,12.4102
2009-05-28,18.9800,19.0700,18.6300,19.0000,509300,12.5156
2009-05-29,19.2100,19.3400,19.0300,19.3400,2090400,12.7396
2009-06-01,19.8800,20.0800,19.7800,19.9500,1228300,13.1414
2009-06-02,19.9900,20.2800,19.9900,20.2600,1130700,13.3456
2009-06-03,19.8400,19.8700,19.4400,19.6200,455800,12.9240
2009-06-04,19.7400,19.8700,19.5900,19.7600,305500,13.0163
2009-06-05,21.4700,21.4700,19.3400,19.3900,429100,12.7725
2009-06-08,19.1700,19.3000,18.9500,19.3000,798500,12.7132
2009-06-09,19.2700,19.4200,19.1200,19.2900,1425800,12.7067
2009-06-10,19.7000,19.7500,19.1700,19.4200,808500,12.7923
2009-06-11,19.6000,19.9300,19.5300,19.6500,635900,12.9438
2009-06-12,19.4800,19.5800,19.3400,19.5400,527300,12.8713
2009-06-15,18.9600,18.9700,18.4600,18.6500,927200,12.2851
2009-06-16,18.5500,18.7600,18.3400,18.3400,1295100,12.0809
2009-06-17,18.3800,18.4900,18.0800,18.3900,634000,12.1138
2009-06-18,18.3700,18.6000,18.3100,18.3800,2698000,12.1072
2009-06-19,18.5100,18.6200,18.3900,18.4900,362300,12.1797
2009-06-22,18.0200,18.4400,17.7700,17.8200,1145300,11.7383
2009-06-23,17.5800,17.8500,17.4500,17.6200,670300,11.9721
2009-06-24,17.7800,18.0500,17.6300,17.7400,428700,12.0536
2009-06-25,17.5800,18.0200,17.5100,17.9400,349200,12.1895
2009-06-26,17.9200,17.9500,17.7700,17.8800,376600,12.1487
2009-06-29,18.0600,18.3200,17.9300,18.2300,395900,12.3865
2009-06-30,18.3000,18.3500,17.8600,17.9800,451500,12.2167
2009-07-01,18.3000,18.5500,18.2700,18.3600,1060400,12.4749
2009-07-02,17.9000,17.9100,17.5600,17.6400,556300,11.9857
2009-07-06,17.2300,17.4600,17.1200,17.4600,593300,11.8634
2009-07-07,17.3200,17.3700,16.9100,16.9400,492300,11.5100
2009-07-08,17.0900,17.1500,16.7500,16.9200,1416600,11.4964
2009-07-09,17.2700,17.3700,17.1300,17.2700,581500,11.7343
2009-07-10,17.0500,17.2200,16.9000,17.0400,902800,11.5780
2009-07-13,17.2900,17.6700,17.1900,17.6000,1373400,11.9585
2009-07-14,17.6800,17.8200,17.5700,17.7000,656300,12.0264
2009-07-15,18.2500,18.5900,18.2100,18.5700,1231700,12.6176
2009-07-16,18.6500,18.8900,18.5600,18.8100,493500,12.7806
2009-07-17,18.6800,18.7900,18.6100,18.7200,1116800,12.7195
2009-07-20,18.9900,19.1200,18.8900,19.1000,492200,12.9777
2009-07-21,19.4700,19.4700,19.0800,19.2300,630000,13.0660
2009-07-22,19.0700,19.4500,19.0700,19.2900,388100,13.1068
2009-07-23,19.2600,19.9200,19.2300,19.7900,927400,13.4465
2009-07-24,19.7800,19.9100,19.5600,19.9100,3413700,13.5280
2009-07-27,19.7900,19.9400,19.6200,19.9300,860200,13.5416
2009-07-28,19.6200,19.7300,19.3400,19.6400,560400,13.3446
2009-07-29,19.7000,19.8300,19.5200,19.6400,459400,13.3446
2009-07-30,19.8100,20.0600,19.6800,19.8100,2507500,13.4601
2009-07-31,19.9600,20.2300,19.8500,20.1400,449800,13.6843
2009-08-03,20.5300,20.8500,20.4800,20.7900,457300,14.1260
2009-08-04,20.6300,20.7900,20.5500,20.7300,950500,14.0852
2009-08-05,20.7700,20.7700,20.3100,20.5700,964500,13.9765
2009-08-06,20.6700,20.6700,20.2900,20.4200,2706800,13.8746
2009-08-07,20.6500,20.6800,20.4100,20.4100,304300,13.8678
2009-08-10,20.3300,20.4000,20.2000,20.3000,520900,13.7930
2009-08-11,20.0100,20.0500,19.7600,19.9600,853800,13.5620
2009-08-12,20.0000,20.3200,20.0000,20.1600,512200,13.6979
2009-08-13,20.5400,20.5700,20.3000,20.4700,464000,13.9085
2009-08-14,20.5400,20.5500,20.0400,20.2200,728600,13.7387
2009-08-17,19.5300,19.5800,19.4100,19.5700,1378900,13.2970
2009-08-18,19.5500,19.8300,19.5100,19.7200,444800,13.3989
2009-08-19,19.5600,20.1400,19.5600,19.9700,1569400,13.5688
2009-08-20,20.0200,20.3000,19.9800,20.1900,504400,13.7183
2009-08-21,20.6800,20.9700,20.6700,20.8400,661000,14.1599
2009-08-24,20.9800,21.1000,20.8200,20.8400,539100,14.1599
2009-08-25,21.1800,21.5000,21.0700,21.1000,432200,14.3366
2009-08-26,20.9700,21.0500,20.8200,21.0500,391000,14.3026
2009-08-27,20.9500,21.2200,20.5900,21.1200,3099900,14.3502
2009-08-28,21.3700,21.4000,21.0000,21.0800,531500,14.3230
2009-08-31,20.9100,20.9900,20.7700,20.9100,503600,14.2075
2009-09-01,20.5900,20.8700,20.0700,20.1700,920200,13.7047
2009-09-02,20.0300,20.2600,19.9700,20.1500,1569500,13.6911
2009-09-03,20.3900,20.3900,20.0700,20.2400,797500,13.7523
2009-09-04,20.3100,20.7100,20.2200,20.6800,1523500,14.0512
2009-09-08,21.1400,21.2400,21.0300,21.2000,1220400,14.4045
2009-09-09,21.4500,21.6600,21.3800,21.5100,1239200,14.6152
2009-09-10,21.5600,21.8600,21.3900,21.8200,528000,14.8258
2009-09-11,21.9500,21.9800,21.6900,21.8300,517900,14.8326
2009-09-14,21.6300,21.9400,21.6300,21.9000,734300,14.8802
2009-09-15,21.9400,22.0600,21.6800,22.0300,1635700,14.9685
2009-09-16,22.2500,22.4800,22.1800,22.4200,584900,15.2335
2009-09-17,22.4000,22.5600,22.2800,22.4200,521600,15.2335
2009-09-18,22.5300,22.5900,22.3200,22.4300,482300,15.2403
2009-09-21,21.9900,22.1800,21.7000,22.1600,643400,15.0568
2009-09-22,22.5400,22.5400,22.3400,22.4800,960100,15.2742
2009-09-23,22.5800,22.6400,22.2000,22.2500,1420100,15.1180
2009-09-24,22.4200,22.4700,21.7100,21.8200,869900,14.8258
2009-09-25,21.7600,21.9000,21.6400,21.7600,746200,14.7850
2009-09-28,22.0000,22.3900,21.9800,22.2300,1519400,15.1044
2009-09-29,22.1900,22.2400,22.0100,22.1600,640200,15.0568
2009-09-30,22.2800,22.3000,21.8400,22.1900,714800,15.0772
2009-10-01,21.9900,21.9900,21.3800,21.4100,628700,14.5472
2009-10-02,21.1700,21.4500,21.0100,21.2900,9296000,14.4657
2009-10-05,21.3100,21.6900,21.2800,21.5900,851500,14.6695
2009-10-06,21.9200,22.2700,21.9000,22.0900,918500,15.0092
2009-10-07,22.0900,22.2100,22.0400,22.1500,1062500,15.0500
2009-10-08,22.4000,22.6400,22.2700,22.5000,1869300,15.2878
2009-10-09,22.4200,22.5400,22.3500,22.4700,801200,15.2674
2009-10-12,22.7900,22.9400,22.6800,22.7400,809200,15.4509
2009-10-13,22.7100,22.8300,22.5000,22.7200,585300,15.4373
2009-10-14,23.2400,23.3400,23.1100,23.3200,534500,15.8450
2009-10-15,23.2100,23.3500,23.1000,23.3500,907000,15.8654
2009-10-16,22.9000,22.9800,22.7000,22.8700,1199200,15.5392
2009-10-19,23.1300,23.3500,22.9800,23.2800,545700,15.8178
2009-10-20,23.3500,23.3500,22.9300,23.1000,701600,15.6955
2009-10-21,23.0100,23.4000,22.9700,23.0400,2380200,15.6547
2009-10-22,23.0100,23.3000,22.7800,23.3000,725000,15.8314
2009-10-23,23.3100,23.3100,22.8600,23.1200,1005600,15.7091
2009-10-26,23.0200,23.1900,22.2800,22.4000,1382500,15.2199
2009-10-27,22.3200,22.3900,21.9900,22.0700,916800,14.9957
2009-10-28,21.8100,21.9000,21.2800,21.2800,1773200,14.4589
2009-10-29,21.7400,22.1200,21.7100,22.0500,869800,14.9821
2009-10-30,21.8100,21.9000,21.0000,21.0000,1008000,14.2686
2009-11-02,21.1300,21.5500,20.8900,21.1700,735400,14.3842
2009-11-03,20.8700,21.0900,20.7700,21.0600,771000,14.3094
2009-11-04,21.3800,21.6000,21.2800,21.3300,1159300,14.4929
2009-11-05,21.6900,21.8500,21.6000,21.7500,280600,14.7782
2009-11-06,21.6000,21.9700,21.5100,21.7600,1592400,14.7850
2009-11-09,22.2700,22.6300,22.2600,22.6300,533200,15.3762
2009-11-10,22.3700,22.5000,22.2300,22.3500,977300,15.1859
2009-11-11,22.6600,22.7700,22.4000,22.6100,2587000,15.3626
2009-11-12,22.5000,22.6500,22.1900,22.2500,1218100,15.1180
2009-11-13,22.2900,22.5600,22.0700,22.4900,1975900,15.2810
2009-11-16,22.7700,23.1200,22.7700,23.0200,888100,15.6412
2009-11-17,22.7900,22.9000,22.6400,22.8600,516200,15.5324
2009-11-18,23.0600,23.1000,22.8400,23.0100,376100,15.6344
2009-11-19,22.6800,22.7200,22.4100,22.5900,1025600,15.3490
2009-11-20,22.3000,22.4000,22.2300,22.3600,301100,15.1927
2009-11-23,22.9100,23.0800,22.8400,22.9100,1137200,15.5664
2009-11-24,22.9700,22.9700,22.7200,22.8800,411200,15.5460
2009-11-25,23.0300,23.1900,22.8900,23.1600,500100,15.7363
2009-11-27,22.0200,22.6100,22.0000,22.4200,1022800,15.2335
2009-11-30,22.3700,22.5900,22.2200,22.5000,1952500,15.2878
2009-12-01,22.8500,23.1200,22.7600,22.9800,679300,15.6140
2009-12-02,22.9700,23.1800,22.8600,22.9500,2705000,15.5936
2009-12-03,23.1200,23.2800,22.6400,22.6400,788100,15.3830
2009-12-04,23.0500,23.1300,22.6000,22.7200,574600,15.4373
2009-12-07,22.6500,22.8000,22.5300,22.6200,3453800,15.3694
2009-12-08,22.2500,22.2500,21.9600,22.0600,603600,14.9889
2009-12-09,21.9800,22.1900,21.8000,22.1100,1490300,15.0228
2009-12-10,22.2600,22.3900,22.0800,22.1700,432800,15.0636
2009-12-11,22.3800,22.4100,22.1900,22.2400,1052600,15.1112
2009-12-14,22.4300,22.4900,22.3200,22.4500,2448800,15.2539
2009-12-15,22.1700,22.3900,22.1500,22.2600,647400,15.1248
2009-12-16,22.5500,22.7100,22.5100,22.6100,827100,15.3626
2009-12-17,22.2700,22.2700,22.0000,22.0200,662700,14.9617
2009-12-18,22.2100,22.3100,21.9300,22.1700,353400,15.0636
2009-12-21,22.2200,22.4500,22.2200,22.2200,706800,15.0976
2009-12-22,22.4600,22.4800,22.2800,22.4000,382900,15.2295
2009-12-23,22.4900,22.5900,22.3800,22.5600,446100,15.3383
2009-12-24,22.6800,22.7400,22.6100,22.7100,163000,15.4403
2009-12-28,22.7600,22.8200,22.6900,22.8200,284000,15.5150
2009-12-29,22.9200,22.9500,22.6800,22.7900,468100,15.4946
2009-12-30,22.5500,22.6000,22.4700,22.5500,827800,15.3315
2009-12-31,22.6700,22.7500,22.4200,22.4400,1209000,15.2567
2010-01-04,22.9000,23.0200,22.8600,22.9000,720900,15.5694
2010-01-05,23.0100,23.0400,22.7700,22.7900,4531000,15.4946
2010-01-06,22.8500,22.9700,22.7800,22.9300,486500,15.5898
2010-01-07,22.8000,22.8100,22.6200,22.7700,504800,15.4810
2010-01-08,22.7700,23.0000,22.7100,22.8000,523700,15.5014
2010-01-11,23.1700,23.2300,23.0600,23.1600,575000,15.7462
2010-01-12,22.7600,22.8500,22.6200,22.7600,1167800,15.4742
2010-01-13,22.9300,22.9900,22.7200,22.9400,749100,15.5966
2010-01-14,22.8700,23.0100,22.8000,22.9700,447500,15.6170
2010-01-15,22.6000,22.6600,22.2500,22.4400,1869900,15.2567
2010-01-19,22.3100,22.6700,22.3100,22.5900,1653800,15.3587
2010-01-20,22.2000,22.2000,21.7300,21.9200,1060100,14.9031
2010-01-21,21.9100,21.9600,21.1400,21.2500,1329100,14.4476
2010-01-22,21.1900,21.3400,20.7800,20.8600,1213500,14.1825
2010-01-25,21.2000,21.2700,20.9900,21.0800,1080400,14.3320
2010-01-26,21.0000,21.1900,20.8600,21.0100,3545500,14.2844
2010-01-27,20.9700,21.0200,20.7500,20.9700,1330500,14.2572
2010-01-28,20.9400,20.9400,20.3800,20.5800,805900,13.9921
2010-01-29,20.5800,20.7600,20.2500,20.3400,1155000,13.8289
2010-02-01,20.5900,20.8000,20.5900,20.7000,851400,14.0737
2010-02-02,20.9100,21.0900,20.8300,21.0000,5764800,14.2776
2010-02-03,20.9500,21.0500,20.7300,20.8500,926300,14.1757
2010-02-04,20.4200,20.4900,19.9400,20.0000,1572300,13.5978
2010-02-05,19.8000,19.8600,19.2700,19.7000,3807300,13.3938
2010-02-08,19.6500,19.8700,19.5100,19.5300,739400,13.2782
2010-02-09,19.9300,20.3100,19.7300,20.1200,1163400,13.6793
2010-02-10,20.0800,20.1300,19.8400,20.0500,2057900,13.6317
2010-02-11,19.7500,20.0900,19.5600,20.0300,2934500,13.6181
2010-02-12,19.6600,19.8400,19.5000,19.7700,1386300,13.4414
2010-02-16,19.9100,20.3400,19.8500,20.3300,1244300,13.8221
2010-02-17,20.3800,20.4500,20.2000,20.2900,1805200,13.7949
2010-02-18,20.2700,20.4600,20.2200,20.3300,526800,13.8221
2010-02-19,20.2400,20.4700,20.1600,20.3800,557400,13.8561
2010-02-22,20.5300,20.5300,20.3200,20.3900,615100,13.8629
2010-02-23,20.2000,20.2200,19.8800,19.9800,895700,13.5842
2010-02-24,20.0000,20.1900,19.8900,20.0100,1826600,13.6046
2010-02-25,19.6400,19.9300,19.5700,19.9300,691200,13.5502
2010-02-26,19.9000,20.1700,19.7400,20.0500,2686300,13.6317
2010-03-01,20.2100,20.4100,20.1300,20.3200,1936500,13.8153
2010-03-02,20.6000,20.7200,20.4700,20.6300,783800,14.0261
2010-03-03,20.8000,21.0600,20.7800,20.8400,2130400,14.1689
2010-03-04,20.9200,20.9600,20.6700,20.7900,1611300,14.1349
2010-03-05,20.9300,21.1600,20.8700,21.1100,1493700,14.3524
2010-03-08,21.1600,21.2200,21.0400,21.0600,1399600,14.3184
2010-03-09,20.9000,21.1500,20.8600,21.0300,1756200,14.2980
2010-03-10,21.1300,21.4000,21.1200,21.2800,524900,14.4680
2010-03-11,21.3200,21.4300,21.2200,21.4200,1005200,14.5632
2010-03-12,21.5900,21.6000,21.4400,21.5500,347300,14.6516
2010-03-15,21.4600,21.4700,21.2000,21.3700,410000,14.5292
2010-03-16,21.5100,21.6900,21.4300,21.6700,477500,14.7332
2010-03-17,21.8000,21.8700,21.7300,21.7800,1140800,14.8080
2010-03-18,21.7000,21.7600,21.4400,21.6000,437800,14.6856
2010-03-19,21.3500,21.5200,21.1900,21.3500,447200,14.5156
2010-03-22,21.0000,21.4100,20.9800,21.3900,419800,14.5428
2010-03-23,21.3900,21.5100,21.2700,21.4800,646400,14.6040
2010-03-24,21.1600,21.2600,21.0500,21.1900,2120000,14.4068
2010-03-25,21.4700,21.6200,21.3400,21.3400,1235500,14.5088
2010-03-26,21.5300,21.6800,21.4600,21.5900,1515400,14.6788
2010-03-29,21.7500,21.8600,21.7000,21.8400,492400,14.8487
2010-03-30,21.8900,21.8900,21.6500,21.7800,612800,14.8080
2010-03-31,21.8000,21.9600,21.7400,21.8700,1708000,14.8691
2010-04-01,22.1000,22.3100,22.0800,22.2300,1047000,15.1139
2010-04-05,22.2600,22.3400,22.1600,22.2600,1723400,15.1343
2010-04-06,21.9000,22.1300,21.8900,22.1300,2170700,15.0459
2010-04-07,21.9400,21.9900,21.8000,21.9100,1324400,14.8963
2010-04-08,21.5800,21.8700,21.5400,21.8700,1506800,14.8691
2010-04-09,21.9200,22.2300,21.9100,22.1700,1063200,15.0731
2010-04-12,22.3400,22.4300,22.2800,22.3600,716000,15.2023
2010-04-13,22.3500,22.3900,22.1300,22.3700,682700,15.2091
2010-04-14,22.5300,22.6600,22.4300,22.6300,1416800,15.3859
2010-04-15,22.4400,22.5900,22.3900,22.5800,3449800,15.3519
2010-04-16,22.3700,22.4600,21.9300,22.1100,1138200,15.0323
2010-04-19,21.8500,22.0300,21.7800,22.0000,1133400,14.9575
2010-04-20,22.2600,22.2800,22.1700,22.2600,663500,15.1343
2010-04-21,22.1200,22.1900,21.9500,22.1100,971800,15.0323
2010-04-22,21.7300,21.9100,21.5400,21.9100,1115900,14.8963
2010-04-23,21.9100,22.2100,21.8800,22.1500,842000,15.0595
2010-04-26,22.2100,22.3300,22.1700,22.2600,480400,15.1343
2010-04-27,21.9300,22.1600,21.2200,21.3000,1354600,14.4816
2010-04-28,21.3600,21.3900,20.9200,21.2000,2938400,14.4136
2010-04-29,21.3700,21.5100,21.3000,21.4700,2249000,14.5972
2010-04-30,21.5700,21.6800,21.3200,21.3900,2910500,14.5428
2010-05-03,21.4100,21.5700,21.3500,21.5000,2118700,14.6176
2010-05-04,20.8700,20.9000,20.5200,20.5900,1296200,13.9989
2010-05-05,20.0800,20.3900,20.0000,20.0500,3995900,13.6317
2010-05-06,19.9500,21.6000,18.5800,19.3200,4486200,13.1354
2010-05-07,19.4500,19.6600,18.7700,19.1800,5636500,13.0402
2010-05-10,20.3300,20.4700,20.0500,20.1900,3900000,13.7269
2010-05-11,19.7700,20.4300,19.7700,20.1400,2284700,13.6929
2010-05-12,20.5500,20.7600,20.5000,20.6200,2454100,14.0193
2010-05-13,20.6200,20.8000,20.4500,20.4500,1955100,13.9037
2010-05-14,20.2700,20.3200,19.5800,19.8100,2300800,13.4686
2010-05-17,19.9100,20.0800,19.3900,19.9200,8642400,13.5434
2010-05-18,20.1700,20.2100,19.5000,19.6200,9374700,13.3394
2010-05-19,19.4500,19.7100,19.2700,19.6600,5600200,13.3666
2010-05-20,19.0200,19.4600,18.6800,19.0900,4447600,12.9791
2010-05-21,18.7600,19.3000,18.7100,19.2400,3851300,13.0810
2010-05-24,18.8900,19.0200,18.6900,18.7600,2236100,12.7547
2010-05-25,18.1000,18.5900,17.9700,18.5800,3775600,12.6323
2010-05-26,18.5900,18.7800,18.2200,18.2900,3469200,12.4351
2010-05-27,18.9300,19.4000,18.8500,19.3800,2605400,13.1762
2010-05-28,19.3500,19.4300,19.0300,19.1500,1989700,13.0198
2010-06-01,18.8100,19.4900,18.7900,19.0000,2874100,12.9179
2010-06-02,19.0900,19.4200,18.9600,19.4000,3568000,13.1898
2010-06-03,19.5600,19.6100,19.2400,19.3900,12235200,13.1830
2010-06-04,18.7700,18.9300,18.4300,18.5100,5453900,12.5847
2010-06-07,18.5600,18.6700,18.3100,18.3300,5196300,12.4623
2010-06-08,18.3200,18.5700,18.1400,18.4800,2553000,12.5643
2010-06-09,18.7700,18.9900,18.5300,18.6200,3632800,12.6595
2010-06-10,19.1900,19.3900,19.1000,19.3700,2021500,13.1694
2010-06-11,19.0700,19.3800,19.0500,19.3400,1488400,13.1490
2010-06-14,19.6800,19.8100,19.4900,19.5000,1701200,13.2578
2010-06-15,19.8700,20.1700,19.8100,20.1400,1697400,13.6929
2010-06-16,19.8800,20.1000,19.8500,20.0500,3352800,13.6317
2010-06-17,20.2300,20.2700,20.0200,20.2300,2430700,13.7541
2010-06-18,20.2400,20.3300,20.1000,20.2200,2141200,13.7473
2010-06-21,20.4700,20.5100,20.1300,20.2400,2097700,13.7609
2010-06-22,20.2300,20.3000,19.9800,20.0700,1586000,13.6453
2010-06-23,19.8200,19.9600,19.5500,19.8200,2211300,13.6695
2010-06-24,19.7000,19.7200,19.4100,19.6000,1057000,13.5178
2010-06-25,19.3700,19.5700,19.1900,19.5700,2048900,13.4971
2010-06-28,19.6100,19.9400,19.3700,19.5000,1503300,13.4488
2010-06-29,19.0200,19.0200,18.6700,18.8100,1894700,12.9729
2010-06-30,18.8200,19.0000,18.6600,18.7100,5453300,12.9039
2010-07-01,19.0200,19.1000,18.7400,19.0300,2857700,13.1246
2010-07-02,19.0800,19.2200,18.7900,18.8800,1951200,13.0212
2010-07-06,19.4500,19.5900,19.1900,19.2800,2739700,13.2971
2010-07-07,19.3200,19.7700,19.2900,19.7400,3217700,13.6143
2010-07-08,19.8200,19.9000,19.6700,19.8500,6034500,13.6902
2010-07-09,19.7500,19.9100,19.7100,19.8700,1771100,13.7040
2010-07-12,19.7600,19.8700,19.6700,19.8000,1497100,13.6557
2010-07-13,20.1500,20.3700,20.1500,20.3400,4706600,14.0281
2010-07-14,20.2400,20.5100,20.2200,20.3900,3529800,14.0626
2010-07-15,20.6700,20.6900,20.3600,20.6200,2743900,14.2212
2010-07-16,20.5700,20.5700,20.0700,20.1200,2156900,13.8764
2010-07-19,20.2800,20.3900,20.0800,20.2100,2171500,13.9385
2010-07-20,19.7000,20.0900,19.6900,20.0400,5351800,13.8212
2010-07-21,20.0400,20.0400,19.5800,19.6700,2865600,13.5660
2010-07-22,20.2400,20.5500,20.2400,20.4500,3387700,14.1040
2010-07-23,20.4400,20.7200,20.3300,20.6500,1107700,14.2419
2010-07-26,20.6300,20.8500,20.5600,20.8400,3180000,14.3730
2010-07-27,21.0000,21.0100,20.7400,20.9100,1899300,14.4212
2010-07-28,20.7100,20.8400,20.6700,20.6900,2425400,14.2695
2010-07-29,21.0300,21.1100,20.5700,20.7000,1448500,14.2764
2010-07-30,20.4600,20.8300,20.3900,20.7400,922300,14.3040
2010-08-02,21.2400,21.4700,21.1900,21.4300,2189600,14.7799
2010-08-03,21.5000,21.6100,21.3600,21.5000,3202000,14.8281
2010-08-04,21.5900,21.7000,21.4500,21.6000,2461900,14.8971
2010-08-05,21.5900,21.6800,21.4700,21.6700,1589100,14.9454
2010-08-06,21.5400,21.7700,21.4800,21.7100,2096400,14.9730
2010-08-09,21.7800,21.7800,21.6500,21.7500,1404400,15.0006
2010-08-10,21.2600,21.5800,21.1400,21.5000,2165900,14.8281
2010-08-11,20.6600,20.6700,20.4200,20.4600,2766500,14.1109
2010-08-12,20.1900,20.3800,20.1900,20.3000,2510200,14.0005
2010-08-13,20.1800,20.2900,20.0900,20.1300,1506900,13.8833
2010-08-16,20.1200,20.3100,20.0500,20.2200,1101200,13.9454
2010-08-17,20.5500,20.6800,20.4300,20.5600,2134800,14.1798
2010-08-18,20.6500,20.6700,20.4300,20.5600,1301900,14.1798
2010-08-19,20.5500,20.5500,20.0200,20.1300,1336300,13.8833
2010-08-20,19.7900,19.7900,19.6000,19.7200,2090600,13.6005
2010-08-23,19.7400,19.8600,19.5800,19.6300,1525900,13.5384
2010-08-24,19.3400,19.4500,19.1300,19.3600,1290300,13.3522
2010-08-25,19.1700,19.3900,19.0900,19.3300,1218900,13.3315
2010-08-26,19.4400,19.5700,19.2300,19.2800,2097400,13.2971
2010-08-27,19.5200,19.6500,19.1600,19.6200,1715500,13.5315
2010-08-30,19.4100,19.4400,19.2100,19.2100,913300,13.2488
2010-08-31,19.2600,19.4800,19.2200,19.3100,1062700,13.3177
2010-09-01,19.8700,20.1800,19.8500,20.0800,1787600,13.8488
2010-09-02,20.1600,20.2400,20.1000,20.2300,888100,13.9523
2010-09-03,20.4500,20.5500,20.3200,20.4800,755900,14.1247
2010-09-07,20.1900,20.2000,20.0200,20.0600,801200,13.8350
2010-09-08,20.1900,20.3700,20.1500,20.1700,1310100,13.9109
2010-09-09,20.5100,20.5500,20.2600,20.3300,950500,14.0212
2010-09-10,20.4300,20.5000,20.3700,20.4300,747100,14.0902
2010-09-13,20.8600,20.9100,20.7800,20.8400,1617700,14.3730
2010-09-14,20.8400,21.1800,20.7300,21.0800,1139600,14.5385
2010-09-15,21.0200,21.1700,20.9300,21.1300,1131800,14.5730
2010-09-16,21.1800,21.2400,21.1000,21.2100,1019100,14.6281
2010-09-17,21.2000,21.2100,20.9200,21.0100,423200,14.4902
2010-09-20,21.0900,21.3900,21.0400,21.3500,1082300,14.7247
2010-09-21,21.5000,21.7400,21.3200,21.5500,1425700,14.8626
2010-09-22,21.6600,21.7800,21.4900,21.6100,754800,14.9040
2010-09-23,21.2900,21.4200,21.1500,21.2600,1767600,14.6626
2010-09-24,21.7600,22.0600,21.7400,22.0300,1238000,15.1937
2010-09-27,22.0000,22.0000,21.8600,21.9100,957700,15.1109
2010-09-28,21.9400,22.1100,21.6200,22.0900,992600,15.2351
2010-09-29,22.0500,22.1300,21.9000,22.0500,1447600,15.2075
2010-09-30,22.2100,22.3500,21.8500,22.0000,914800,15.1730
2010-10-01,22.2900,22.3500,22.0200,22.2100,846400,15.3178
2010-10-04,21.8900,21.9700,21.6500,21.7600,1982600,15.0075
2010-10-05,22.1000,22.4500,22.0600,22.3500,1262000,15.4144
2010-10-06,22.5200,22.6200,22.4400,22.6000,1176100,15.5868
2010-10-07,22.8200,22.8300,22.3800,22.5600,947900,15.5592
2010-10-08,22.6300,22.7400,22.5400,22.6900,953800,15.6489
2010-10-11,22.7500,22.8000,22.5900,22.6500,1619500,15.6213
2010-10-12,22.6300,22.8300,22.3700,22.7600,1425600,15.6971
2010-10-13,23.1400,23.3600,23.0800,23.2100,1406400,16.0075
2010-10-14,23.4700,23.5800,23.4100,23.5400,927600,16.2351
2010-10-15,23.6700,23.7000,23.3500,23.5000,1718400,16.2075
2010-10-18,23.4600,23.7500,23.4000,23.7500,901900,16.3799
2010-10-19,23.2000,23.2700,22.9000,23.0100,1659200,15.8696
2010-10-20,23.2400,23.6700,23.2200,23.5900,2321900,16.2696
2010-10-21,23.8200,24.0200,23.6200,23.7700,2973300,16.3937
2010-10-22,23.8700,23.9000,23.7700,23.8400,1653500,16.4420
2010-10-25,24.1100,24.2300,23.9800,24.0300,4592800,16.5730
2010-10-26,23.7000,23.8200,23.6100,23.8100,2304200,16.4213
2010-10-27,23.6200,23.6800,23.3600,23.5400,762100,16.2351
2010-10-28,23.8300,23.8600,23.6600,23.8200,873200,16.4282
2010-10-29,23.7700,23.8900,23.6800,23.8300,1428800,16.4351
2010-11-01,23.8500,23.9400,23.5600,23.7000,1337600,16.3454
2010-11-02,24.1500,24.2200,24.0600,24.1700,2111400,16.6696
2010-11-03,24.1700,24.3700,23.9100,24.3000,1353500,16.7593
2010-11-04,24.7300,24.9200,24.7000,24.7800,1678800,17.0903
2010-11-05,24.6200,24.7300,24.4700,24.5700,1873600,16.9455
2010-11-08,24.3300,24.4100,24.2100,24.4000,2552400,16.8282
2010-11-09,24.5500,24.5800,24.0200,24.1300,1162600,16.6420
2010-11-10,24.0800,24.1300,23.6600,24.0800,2415500,16.6075
2010-11-11,23.8500,23.8700,23.7200,23.8200,5687100,16.4282
2010-11-12,23.8900,24.0500,23.6700,23.7700,3889800,16.3937
2010-11-15,23.9800,24.0300,23.7800,23.8000,1455900,16.4144
2010-11-16,23.6700,23.7000,23.1500,23.2700,1627300,16.0489
2010-11-17,23.3700,23.5200,23.3300,23.4100,1251200,16.1454
2010-11-18,23.9300,24.1100,23.9000,24.1100,1793700,16.6282
2010-11-19,24.0900,24.3000,23.9700,24.2700,3422500,16.7386
2010-11-22,24.0700,24.2000,23.8600,24.1400,1957400,16.6489
2010-11-23,23.5300,23.5800,23.2000,23.2400,3426100,16.0282
2010-11-24,23.5700,23.7100,23.5300,23.6100,971500,16.2834
2010-11-26,23.4000,23.5500,23.3600,23.4500,691800,16.1730
2010-11-29,22.8500,23.0100,22.6700,22.9400,21242100,15.8213
2010-11-30,22.4400,22.7100,22.3900,22.5300,3940700,15.5385
2010-12-01,23.2100,23.4900,23.1400,23.4000,2857300,16.1385
2010-12-02,23.3900,23.9200,23.3500,23.8700,1608400,16.4627
2010-12-03,24.0200,24.2700,23.9900,24.2400,1620100,16.7179
2010-12-06,24.0100,24.1100,23.9200,24.0700,1549400,16.6006
2010-12-07,24.4600,24.4800,24.0800,24.0800,1468100,16.6075
2010-12-08,24.0200,24.1500,23.8700,24.0300,6830800,16.5730
2010-12-09,23.9800,23.9900,23.7300,23.9500,1875300,16.5179
2010-12-10,24.0200,24.0900,23.9100,24.0600,5651100,16.5937
2010-12-13,24.2800,24.5200,24.2500,24.4100,2383500,16.8351
2010-12-14,24.4300,24.5300,24.3400,24.4000,986600,16.8282
2010-12-15,24.2100,24.3500,23.9500,23.9800,9271700,16.5385
2010-12-16,24.0600,24.1300,23.9400,24.1000,2438000,16.6213
2010-12-17,24.0300,24.0500,23.8000,23.9700,4057600,16.5317
2010-12-20,24.1200,24.1200,23.8600,23.9600,857000,16.5248
2010-12-21,24.1800,24.2000,24.0200,24.0700,1390800,16.6006
2010-12-22,24.0800,24.1000,24.0100,24.0400,3130000,16.5799
2010-12-23,23.9500,24.0600,23.9300,24.0400,1262500,16.5799
2010-12-27,23.7900,23.8500,23.6900,23.8500,906200,16.4489
2010-12-28,23.9100,23.9100,23.7000,23.7700,2155900,16.3937
2010-12-29,23.8600,24.0400,23.8200,23.9700,1440600,16.5317
2010-12-30,23.9000,23.9600,23.6000,23.7700,2139300,16.3937
2010-12-31,23.8900,24.0100,23.8000,23.9400,1474400,16.5110
2011-01-03,24.2200,24.3200,24.1900,24.1900,2785600,16.6834
2011-01-04,24.4200,24.4300,24.0300,24.1400,2460600,16.6489
2011-01-05,23.5400,23.8200,23.5200,23.7800,2671800,16.4006
2011-01-06,23.9300,23.9300,23.5200,23.5600,1586400,16.2489
2011-01-07,23.5900,23.6300,23.2000,23.3400,1709600,16.0972
2011-01-10,23.0500,23.1400,22.9000,23.1000,2022500,15.9316
2011-01-11,23.2600,23.4400,23.1900,23.4100,1481200,16.1454
2011-01-12,23.8600,24.1600,23.8000,24.1600,1468700,16.6627
2011-01-13,24.4300,24.5500,24.3200,24.4000,3521600,16.8282
2011-01-14,24.3800,24.6600,24.3700,24.6300,1588900,16.9868
2011-01-18,24.8300,24.9400,24.7200,24.8000,1570200,17.1041
2011-01-19,24.9700,24.9800,24.6400,24.7600,1481300,17.0765
2011-01-20,24.5100,24.6600,24.3600,24.6200,1382700,16.9799
2011-01-21,24.9200,24.9800,24.7600,24.9100,2026000,17.1800
2011-01-24,24.6600,25.0300,24.6600,25.0300,1606100,17.2627
2011-01-25,24.9500,25.0600,24.8000,25.0600,3471800,17.2834
2011-01-26,25.2400,25.3600,25.1600,25.3300,3079500,17.4696
2011-01-27,25.4800,25.5500,25.3500,25.4900,1558800,17.5800
2011-01-28,25.4100,25.4900,24.9100,25.0000,2033800,17.2420
2011-01-31,25.1600,25.2400,25.0700,25.1700,2545100,17.3593
2011-02-01,25.5000,25.7600,25.4500,25.7000,11127800,17.7248
2011-02-02,25.5700,25.6600,25.5200,25.6400,1178100,17.6834
2011-02-03,25.4300,25.4600,25.2200,25.4400,1619700,17.5455
2011-02-04,25.3100,25.4000,25.1700,25.3900,2089400,17.5110
2011-02-07,25.4100,25.6000,25.3900,25.5900,1588800,17.6489
2011-02-08,25.7700,25.9500,25.6700,25.8900,4656900,17.8558
2011-02-09,25.9400,26.1500,25.8900,26.1500,15604000,18.0352
2011-02-10,25.7000,25.9200,25.6000,25.8800,8992900,17.8490
2011-02-11,25.6600,25.9600,25.6500,25.9400,4710200,17.8903
2011-02-14,25.7700,25.9200,25.7200,25.9100,2757100,17.8696
2011-02-15,25.9100,25.9400,25.7700,25.7900,1627000,17.7869
2011-02-16,25.8500,26.0800,25.8400,26.0700,2351100,17.9800
2011-02-17,25.9000,26.0900,25.9000,26.0600,1618000,17.9731
2011-02-18,26.1300,26.3000,26.0700,26.2600,979900,18.1110
2011-02-22,25.8800,26.0300,25.6200,25.6800,2108900,17.7110
2011-02-23,25.6300,25.7300,25.3600,25.4600,3533700,17.5593
2011-02-24,25.4000,25.5200,25.2200,25.3800,1536000,17.5041
2011-02-25,25.4800,25.6200,25.4500,25.5500,2077600,17.6214
2011-02-28,26.0400,26.1300,25.8900,26.0000,1873600,17.9317
2011-03-01,26.1400,26.1600,25.5300,25.5500,2356800,17.6214
2011-03-02,25.6500,25.8600,25.6500,25.7700,1476900,17.7731
2011-03-03,26.2000,26.2700,25.9600,26.2600,1958100,18.1110
2011-03-04,26.2300,26.2300,25.7700,25.9500,5147600,17.8972
2011-03-07,26.2000,26.3000,25.7200,25.8400,5075800,17.8214
2011-03-08,25.5300,25.8400,25.4000,25.8000,2246600,17.7938
2011-03-09,25.7900,25.8400,25.6000,25.6700,1807800,17.7041
2011-03-10,25.2400,25.2600,25.0200,25.0800,2892900,17.2972
2011-03-11,24.9400,25.2000,24.8900,25.1700,2034500,17.3593
2011-03-14,24.8400,24.9300,24.7100,24.8800,6795900,17.1593
2011-03-15,23.4700,24.1600,23.3800,24.0600,10626500,16.5937
2011-03-16,24.0100,24.1100,23.0200,23.2000,6989000,16.0006
2011-03-17,24.1500,24.2700,24.0200,24.0800,5136600,16.6075
2011-03-18,24.6900,24.7400,24.2900,24.3800,3649900,16.8144
2011-03-21,24.9800,25.1500,24.8900,25.0900,2030500,17.3041
2011-03-22,25.0500,25.0900,24.8400,24.9200,2838800,17.1869
2011-03-23,24.6800,24.9500,24.6000,24.8500,10365600,17.1386
2011-03-24,25.2500,25.5300,25.1800,25.5000,4062400,17.5869
2011-03-25,25.3400,25.5400,25.2800,25.3300,5732500,17.4696
2011-03-28,25.3100,25.4600,25.2600,25.2700,2273100,17.4282
2011-03-29,25.1300,25.4100,25.0000,25.3800,3902100,17.5041
2011-03-30,25.6800,25.8800,25.6500,25.8000,3410600,17.7938
2011-03-31,25.8700,25.9900,25.8300,25.9500,2131000,17.8972
2011-04-01,26.1300,26.4400,25.9900,26.3800,2115500,18.1938
2011-04-04,26.5100,26.5400,26.3100,26.4200,4505000,18.2214
2011-04-05,26.1400,26.4800,26.1200,26.3500,3942800,18.1731
2011-04-06,26.6500,26.8200,26.6200,26.7500,1752300,18.4490
2011-04-07,26.6000,26.7500,26.4800,26.6800,11435900,18.4007
2011-04-08,26.9500,26.9600,26.7500,26.8700,12277200,18.5317
2011-04-11,26.8500,26.9300,26.7400,26.8000,10717700,18.4835
2011-04-12,26.6700,26.7000,26.4300,26.5900,11353700,18.3386
2011-04-13,26.8700,26.9400,26.6100,26.7300,10417900,18.4352
2011-04-14,26.5000,26.8500,26.4000,26.8300,17180200,18.5041
2011-04-15,26.6800,26.7700,26.5900,26.7200,5597700,18.4283
2011-04-18,25.9500,26.0100,25.5500,25.8900,5367700,17.8558
2011-04-19,26.0300,26.1400,25.9300,26.1100,1877700,18.0076
2011-04-20,27.0600,27.2100,27.0200,27.1700,2830000,18.7386
2011-04-21,27.3400,27.4200,27.2500,27.3900,1390100,18.8904
2011-04-25,27.4700,27.4900,27.2600,27.4300,3343900,18.9180
2011-04-26,27.6100,27.8400,27.5500,27.8300,4000000,19.1938
2011-04-27,28.0700,28.4900,27.8800,28.4300,7235700,19.6076
2011-04-28,28.4400,28.6800,28.4000,28.6500,4341500,19.7594
2011-04-29,28.7200,28.8600,28.7000,28.7800,3910600,19.8490
2011-05-02,29.0100,29.0500,28.7000,28.7300,3285700,19.8145
2011-05-03,28.5800,28.8000,28.4800,28.6000,2914200,19.7249
2011-05-04,28.6800,28.7000,28.1300,28.2200,5025500,19.4628
2011-05-05,27.7800,27.8700,27.3900,27.5300,2658100,18.9869
2011-05-06,27.9400,28.0400,27.2900,27.4700,6863200,18.9455
2011-05-09,27.3600,27.5400,27.1400,27.5000,2796400,18.9662
2011-05-10,27.7200,27.9300,27.6400,27.8900,3017400,19.2352
2011-05-11,27.6600,27.7000,27.1400,27.2900,4406400,18.8214
2011-05-12,27.0800,27.5100,26.8600,27.3800,2548300,18.8835
2011-05-13,27.2300,27.2700,26.6200,26.7900,2914200,18.4766
2011-05-16,26.6800,27.1200,26.6100,26.7400,3554800,18.4421
2011-05-17,26.5100,26.6900,26.3100,26.6600,13220400,18.3869
2011-05-18,26.6500,26.9500,26.5600,26.8800,2038100,18.5386
2011-05-19,27.1100,27.2400,26.8800,27.1500,3376300,18.7248
2011-05-20,26.8100,26.8300,26.3200,26.4000,3096000,18.2076
2011-05-23,25.6600,25.8500,25.5800,25.7300,4993300,17.7455
2011-05-24,26.0400,26.1400,25.8000,25.8900,4048500,17.8558
2011-05-25,25.7400,26.1100,25.7200,26.0200,1872100,17.9455
2011-05-26,26.0200,26.1300,25.6900,26.0900,3813200,17.9938
2011-05-27,26.1700,26.3900,26.1100,26.3000,2015400,18.1386
2011-05-31,27.1000,27.1800,26.8900,27.1500,2649700,18.7248
2011-06-01,27.0400,27.0600,26.3500,26.3900,5192800,18.2007
2011-06-02,26.5800,26.6500,26.2400,26.5400,7913000,18.3041
2011-06-03,26.4000,26.9700,26.3700,26.8200,1931700,18.4972
2011-06-06,26.7600,26.8100,26.4200,26.4300,1216100,18.2283
2011-06-07,26.9000,27.0200,26.7300,26.7400,1503900,18.4421
2011-06-08,26.5100,26.6300,26.3700,26.4400,2256400,18.2352
2011-06-09,26.5000,26.8900,26.4100,26.8400,2682100,18.5110
2011-06-10,26.6100,26.6400,26.0000,26.0900,3333000,17.9938
2011-06-13,26.1900,26.4000,26.0200,26.2200,3153000,18.0834
2011-06-14,26.7400,26.9300,26.7300,26.7900,2160600,18.4766
2011-06-15,26.1500,26.2800,25.8100,25.9000,3624600,17.8627
2011-06-16,25.6900,25.9500,25.6300,25.8600,1924900,17.8352
2011-06-17,26.4800,26.5000,26.2000,26.2900,3399600,18.1317
2011-06-20,26.1000,26.4100,26.0700,26.3700,3651700,18.1869
2011-06-21,26.6400,27.1300,26.6200,27.0700,3710900,18.6697
2011-06-22,26.2500,26.4800,26.1100,26.1400,3165400,18.4886
2011-06-23,25.4900,25.8300,25.2700,25.8300,6010500,18.2693
2011-06-24,25.7000,25.7300,25.3000,25.3600,3013700,17.9369
2011-06-27,25.3000,25.6700,25.2500,25.6300,2320000,18.1279
2011-06-28,25.6100,26.0000,25.5700,25.9900,2506600,18.3825
2011-06-29,26.2600,26.5100,26.0900,26.4200,4891400,18.6866
2011-06-30,26.5700,26.9500,26.5300,26.8900,5115100,19.0191
2011-07-01,26.8600,27.2000,26.7500,27.1400,3746900,19.1959
2011-07-05,27.1300,27.1900,26.9100,26.9500,2291900,19.0615
2011-07-06,26.7300,26.8500,26.5700,26.8000,2129500,18.9554
2011-07-07,26.9000,27.1300,26.8500,27.0700,3540700,19.1464
2011-07-08,26.7600,26.8500,26.4300,26.6400,5011300,18.8423
2011-07-11,25.6600,25.7500,25.3200,25.4100,5438100,17.9723
2011-07-12,25.1800,25.4800,25.1100,25.1600,6910100,17.7955
2011-07-13,25.4900,25.9600,25.4700,25.6800,7159700,18.1632
2011-07-14,25.8600,25.9900,25.4200,25.4900,3005700,18.0289
2011-07-15,25.7300,25.8500,25.4400,25.6900,2850200,18.1703
2011-07-18,25.3300,25.3900,24.9900,25.3000,4218400,17.8945
2011-07-19,25.5700,25.8000,25.5300,25.6700,5371200,18.1562
2011-07-20,25.7600,25.8500,25.5600,25.8100,2823400,18.2552
2011-07-21,26.1300,26.5000,26.0600,26.3800,5659100,18.6584
2011-07-22,26.4200,26.4800,26.1600,26.4700,2164800,18.7220
2011-07-25,26.3700,26.6300,26.3000,26.5600,8836400,18.7857
2011-07-26,26.6900,26.8600,26.5500,26.7700,3837100,18.9342
2011-07-27,26.5300,26.5300,25.9300,25.9700,4547400,18.3684
2011-07-28,25.5800,25.8600,25.5400,25.6100,3034100,18.1137
2011-07-29,25.5700,25.9800,25.4600,25.7200,2505900,18.1915
2011-08-01,25.8300,25.8700,24.5300,24.9800,8708800,17.6681
2011-08-02,24.4600,24.7400,23.8900,23.9100,6665900,16.9113
2011-08-03,24.1400,24.1600,23.4200,24.1100,7832200,17.0528
2011-08-04,23.2800,23.3700,22.1100,22.1700,14019900,15.6807
2011-08-05,22.8500,22.9000,21.6800,22.6400,9476900,16.0131
2011-08-08,21.4000,21.7000,20.3100,20.3300,16353100,14.3792
2011-08-09,21.2100,21.5500,20.3400,21.5400,13295000,15.2351
2011-08-10,20.9600,20.9700,19.7400,20.0100,11211600,14.1529
2011-08-11,20.0700,21.3200,20.0200,20.9900,7734400,14.8461
2011-08-12,21.4800,21.7400,21.1700,21.5300,5370600,15.2280
2011-08-15,21.9300,22.1600,21.8400,22.0900,2968700,15.6241
2011-08-16,21.4800,21.9600,21.2600,21.5600,9164800,15.2492
2011-08-17,21.6700,21.9300,21.3200,21.4600,4297600,15.1785
2011-08-18,20.4700,20.4800,19.9000,20.1700,6244800,14.2661
2011-08-19,19.6000,20.3200,19.5300,19.6200,7354300,13.8771
2011-08-22,20.2600,20.2700,19.6100,19.6200,3566600,13.8771
2011-08-23,19.9000,20.4100,19.7400,20.4000,5383600,14.4288
2011-08-24,20.5800,20.8900,20.4100,20.7000,3120900,14.6409
2011-08-25,20.5600,20.7100,19.7000,20.0100,10095700,14.1529
2011-08-26,19.7900,20.3800,19.6100,20.3200,4977300,14.3722
2011-08-29,20.7000,20.9400,20.7000,20.8800,2703700,14.7683
2011-08-30,20.5300,20.7700,20.2600,20.6800,5525800,14.6268
2011-08-31,20.9900,21.3300,20.7900,20.9200,4294400,14.7965
2011-09-01,20.5900,20.8700,20.4000,20.4000,4296000,14.4288
2011-09-02,19.8100,19.9600,19.7000,19.7500,3137700,13.9690
2011-09-06,18.4200,18.7200,18.2600,18.7100,12008600,13.2334
2011-09-07,19.0900,19.4600,19.0100,19.4600,5906000,13.7639
2011-09-08,18.9500,19.3100,18.7600,18.8100,3794000,13.3042
2011-09-09,18.1700,18.3100,17.7600,17.8200,8894500,12.6039
2011-09-12,17.3200,17.8000,17.2300,17.7800,9179100,12.5756
2011-09-13,17.7900,18.1000,17.6800,18.0000,7371000,12.7313
2011-09-14,18.3500,18.9300,17.9100,18.7700,13002900,13.2759
2011-09-15,19.3800,19.5200,19.1400,19.4800,5848000,13.7780
2011-09-16,19.5100,19.6600,19.1800,19.4700,4687700,13.7710
2011-09-19,18.5200,18.9200,18.3700,18.7800,4726800,13.2829
2011-09-20,19.0300,19.2600,18.8100,18.9800,3762100,13.4244
2011-09-21,18.9400,19.0100,18.2700,18.2700,4201800,12.9222
2011-09-22,17.6100,17.7500,17.3000,17.5200,6991000,12.3917
2011-09-23,17.2100,17.8000,17.1500,17.7500,17688000,12.5544
2011-09-26,18.0200,18.4000,17.6600,18.3900,5266400,13.0071
2011-09-27,19.1500,19.4600,18.9800,19.0600,6062000,13.4810
2011-09-28,19.2600,19.3900,18.6600,18.6800,3383100,13.2122
2011-09-29,19.4200,19.5300,18.9000,19.2800,3775600,13.6366
2011-09-30,18.4200,18.7000,18.2600,18.2700,8093600,12.9222
2011-10-03,17.8800,18.2400,17.4500,17.4500,7043200,12.3422
2011-10-04,17.2100,17.8000,16.9600,17.8000,13800000,12.5898
2011-10-05,18.0600,18.4200,17.8900,18.4000,6030000,13.0142
2011-10-06,18.3800,19.1400,18.2700,19.1200,4581200,13.5234
2011-10-07,19.2800,19.3900,18.8500,18.9500,4958800,13.4032
2011-10-10,19.5600,20.1000,19.5300,20.0700,3963200,14.1953
2011-10-11,19.7900,20.1500,19.7400,20.1200,5480700,14.2307
2011-10-12,20.5600,20.9100,20.4900,20.6700,4991000,14.6197
2011-10-13,20.4600,20.6400,20.2000,20.5800,2842700,14.5561
2011-10-14,20.9300,21.0400,20.6500,20.8700,3754000,14.7612
2011-10-17,20.5100,20.5200,20.0400,20.1000,3773200,14.2166
2011-10-18,20.2000,20.7800,19.9300,20.6000,5120200,14.5702
2011-10-19,20.4600,20.5600,20.1000,20.1400,3013500,14.2449
2011-10-20,20.1300,20.1600,19.7000,20.0300,4273500,14.1670
2011-10-21,20.6200,20.8800,20.6000,20.8700,3264800,14.7612
2011-10-24,20.7500,21.2600,20.7300,21.2000,2412200,14.9946
2011-10-25,21.2500,21.2800,20.7600,20.9500,7751300,14.8178
2011-10-26,21.4600,21.5300,20.6300,21.1900,5372000,14.9875
2011-10-27,22.5100,23.0300,22.2900,22.9200,26541500,16.2111
2011-10-28,22.4600,22.6500,22.3900,22.6200,6755000,15.9989
2011-10-31,21.9100,21.9300,21.1900,21.2000,5193900,14.9946
2011-11-01,19.8900,20.3900,19.7800,20.0800,9792500,14.2024
2011-11-02,20.4600,20.7900,20.3500,20.5400,5705500,14.5278
2011-11-03,21.1300,21.5000,20.6700,21.4000,3647900,15.1360
2011-11-04,20.8400,20.9300,20.4800,20.7800,3573500,14.6975
2011-11-07,20.7000,20.9400,20.4200,20.7500,2549100,14.6763
2011-11-08,21.0500,21.2200,20.6300,21.1400,3530000,14.9521
2011-11-09,19.9900,20.0900,19.5300,19.5800,4930100,13.8488
2011-11-10,20.2400,20.3000,19.8000,20.1100,5113500,14.2236
2011-11-11,20.7200,20.9700,20.7000,20.9300,2886900,14.8036
2011-11-14,20.5600,20.6300,20.2300,20.3600,2061700,14.4005
2011-11-15,20.2500,20.5000,20.0800,20.2200,4324900,14.3014
2011-11-16,19.9600,20.2300,19.7300,19.7500,8175200,13.9690
2011-11-17,19.9600,20.1300,19.4400,19.5800,5821300,13.8488
2011-11-18,19.8600,19.8600,19.5600,19.6500,11488100,13.8983
2011-11-21,19.1300,19.1800,18.9000,19.0900,3555300,13.5022
2011-11-22,18.9500,19.0700,18.7300,18.8600,3757800,13.3395
2011-11-23,18.6900,18.7200,18.2700,18.2800,3040200,12.9293
2011-11-25,18.1800,18.4700,18.1300,18.1400,2831600,12.8303
2011-11-28,19.2600,19.3400,19.0600,19.1800,3620700,13.5659
2011-11-29,19.2700,19.4800,19.1800,19.3300,4363300,13.6719
2011-11-30,20.4400,20.7000,20.4000,20.6300,6040400,14.5914
2011-12-01,20.4900,20.7200,20.3300,20.4400,3248000,14.4570
2011-12-02,20.7300,20.7400,20.3100,20.3300,2898700,14.3792
2011-12-05,20.8500,20.8600,20.3300,20.4600,3767500,14.4712
2011-12-06,20.3200,20.5100,20.2200,20.3800,2384400,14.4146
2011-12-07,20.0400,20.4700,19.8700,20.4000,5163100,14.4288
2011-12-08,19.8400,19.9000,19.4800,19.5200,5171800,13.8063
2011-12-09,19.8200,20.2000,19.8000,20.1600,4215200,14.2590
2011-12-12,19.4700,19.5100,19.0700,19.2000,3779800,13.5800
2011-12-13,19.2900,19.4300,18.6500,18.7500,2931800,13.2617
2011-12-14,18.5700,18.7100,18.4600,18.5500,2849500,13.1203
2011-12-15,18.9100,18.9400,18.5800,18.7100,3042700,13.2334
2011-12-16,18.7600,18.8200,18.4500,18.5800,4020500,13.1415
2011-12-19,18.7800,18.8400,18.3100,18.3500,6646600,12.9788
2011-12-20,19.0200,19.3200,19.0100,19.2600,3960900,13.6224
2011-12-21,19.1700,19.1800,18.9000,19.1000,1984000,13.5093
2011-12-22,19.1200,19.2800,19.0600,19.2300,2773900,13.6012
2011-12-23,19.1800,19.3200,19.1400,19.3000,1411500,13.6507
2011-12-27,19.3100,19.3800,19.2800,19.3100,1674000,13.6578
2011-12-28,19.1700,19.1900,18.7000,18.8000,2113200,13.2971
2011-12-29,18.8300,19.1300,18.7600,19.1200,1718400,13.5234
2011-12-30,19.1700,19.3400,19.1200,19.2200,2072100,13.5941
2012-01-03,20.1000,20.2300,20.0500,20.0700,3892700,14.1953
2012-01-04,19.8800,19.9600,19.7200,19.8800,2147900,14.0610
2012-01-05,19.6100,19.7200,19.4900,19.6500,6159100,13.8983
2012-01-06,19.5300,19.5300,19.2000,19.2900,2778600,13.6437
2012-01-09,19.4100,19.4200,19.1700,19.3700,2494800,13.7002
2012-01-10,19.7900,19.8600,19.6900,19.7200,4753400,13.9478
2012-01-11,19.6200,19.7600,19.5100,19.7600,4499500,13.9761
2012-01-12,20.0200,20.1200,19.8200,20.1000,4764200,14.2166
2012-01-13,19.6300,19.6500,19.2900,19.6100,3018600,13.8700
2012-01-17,20.1500,20.3300,20.1300,20.2000,4090200,14.2873
2012-01-18,20.4300,20.7000,20.3700,20.6800,3538100,14.6268
2012-01-19,20.7900,20.9600,20.6700,20.9400,4732400,14.8107
2012-01-20,20.8600,20.9400,20.7800,20.9300,1827000,14.8036
2012-01-23,21.0800,21.2200,20.9800,21.1100,3140300,14.9309
2012-01-24,20.8000,21.0600,20.7100,21.0600,4186300,14.8956
2012-01-25,20.8500,21.3900,20.7400,21.3300,4126100,15.0865
2012-01-26,21.6700,21.7300,21.4300,21.4900,5373300,15.1997
2012-01-27,21.4400,21.7100,21.4400,21.6700,11321300,15.3270
2012-01-30,21.1600,21.3800,21.1100,21.3200,3944900,15.0795
2012-01-31,21.6100,21.6200,21.1600,21.3300,8546400,15.0865
2012-02-01,21.8300,21.9900,21.7800,21.8500,4800000,15.4543
2012-02-02,21.9300,22.0900,21.8700,22.0300,10418000,15.5816
2012-02-03,22.1900,22.4500,22.1500,22.4300,5851100,15.8645
2012-02-06,22.1700,22.3600,22.1400,22.3400,2726100,15.8009
2012-02-07,22.2600,22.5300,22.1300,22.5100,4837500,15.9211
2012-02-08,22.5700,22.6700,22.3800,22.6300,3628300,16.0060
2012-02-09,22.7800,22.8000,22.5100,22.7400,3982000,16.0838
2012-02-10,22.1200,22.2500,22.0500,22.1400,4137700,15.6594
2012-02-13,22.4400,22.4700,22.3000,22.3800,3427600,15.8292
2012-02-14,22.2400,22.3000,22.0000,22.1900,4014800,15.6948
2012-02-15,22.3300,22.3300,22.0300,22.0800,5167700,15.6170
2012-02-16,21.9900,22.4800,21.9200,22.4300,6056500,15.8645
2012-02-17,22.7700,22.7700,22.5700,22.7000,8925100,16.0555
2012-02-21,22.9500,23.0700,22.8200,22.8800,5277400,16.1828
2012-02-22,22.8100,22.8900,22.6900,22.7400,3869900,16.0838
2012-02-23,22.6500,22.9400,22.4500,22.9300,3251300,16.2182
2012-02-24,23.0700,23.2800,23.0200,23.1900,2969600,16.4021
2012-02-27,22.7100,23.1300,22.6500,23.0300,4686600,16.2889
2012-02-28,23.0300,23.3100,22.9600,23.3000,5287000,16.4799
2012-02-29,23.3800,23.4800,22.9000,22.9500,6914800,16.2323
2012-03-01,23.1300,23.2800,23.0800,23.2200,5437900,16.4233
2012-03-02,23.0700,23.0700,22.8400,22.9600,2573700,16.2394
2012-03-05,22.9000,22.9100,22.6600,22.8500,5150100,16.1616
2012-03-06,22.0600,22.1000,21.7200,21.7700,5978400,15.3977
2012-03-07,21.8800,22.0800,21.8000,22.0600,3797900,15.6029
2012-03-08,22.5400,22.9500,22.3800,22.8700,4541400,16.1758
2012-03-09,22.6400,22.7900,22.5700,22.7400,10902200,16.0838
2012-03-12,22.7400,22.9000,22.6400,22.8600,4827600,16.1687
2012-03-13,22.8700,23.1400,22.8200,23.1400,11560600,16.3667
2012-03-14,23.2300,23.2700,23.0900,23.1500,3293700,16.3738
2012-03-15,23.2700,23.5300,23.2000,23.5100,5980700,16.6284
2012-03-16,23.6300,23.7000,23.5900,23.6600,8053700,16.7345
2012-03-19,23.5000,23.8300,23.4600,23.7400,4596800,16.7911
2012-03-20,23.3500,23.5000,23.2200,23.4200,3832300,16.5648
2012-03-21,23.3500,23.4300,23.1900,23.3700,5692300,16.5294
2012-03-22,22.9400,23.1500,22.9100,23.0400,22159200,16.2960
2012-03-23,23.0800,23.3100,22.9000,23.2900,6388900,16.4728
2012-03-26,23.6300,23.8300,23.5900,23.8000,2092700,16.8335
2012-03-27,23.7700,23.7900,23.5900,23.5900,3033400,16.6850
2012-03-28,23.5600,23.5900,23.1700,23.3100,4141200,16.4870
2012-03-29,22.8700,23.0400,22.7400,23.0100,7000600,16.2748
2012-03-30,23.2300,23.3100,23.0500,23.2800,5292600,16.4657
2012-04-02,23.1600,23.7200,23.1000,23.6300,4825100,16.7133
2012-04-03,23.5600,23.6100,22.9900,23.1400,6795500,16.3667
2012-04-04,22.5100,22.5800,22.2900,22.4200,5289700,15.8575
2012-04-05,22.0600,22.3000,22.0400,22.1400,5082700,15.6594
2012-04-09,21.8600,22.0600,21.8000,21.9600,2421300,15.5321
2012-04-10,22.0000,22.1100,21.5200,21.5200,7662000,15.2209
2012-04-11,22.1100,22.1800,21.8900,21.9300,4205700,15.5109
2012-04-12,22.0800,22.4100,22.0500,22.3700,3677000,15.8221
2012-04-13,22.0500,22.0700,21.5700,21.6200,4209100,15.2916
2012-04-16,21.8600,22.0200,21.6200,21.9300,3386800,15.5109
2012-04-17,22.2000,22.4900,22.0800,22.4100,4349400,15.8504
2012-04-18,22.1500,22.3900,22.1100,22.2100,3379300,15.7089
2012-04-19,22.1400,22.3500,21.8700,22.0000,3809700,15.5604
2012-04-20,22.2800,22.4600,22.2600,22.3000,2949600,15.7726
2012-04-23,21.6200,21.6900,21.4000,21.6600,3422400,15.3199
2012-04-24,21.6800,21.9300,21.6500,21.7700,3640900,15.3977
2012-04-25,22.2600,22.3800,22.1300,22.2700,5652500,15.7514
2012-04-26,22.1700,22.5900,22.1600,22.5200,3471300,15.9282
2012-04-27,22.6900,22.7600,22.5200,22.6700,2596300,16.0343
2012-04-30,22.6100,22.6400,22.4600,22.5400,4496300,15.9424
2012-05-01,22.5200,22.8800,22.5200,22.6500,2459300,16.0202
2012-05-02,22.2300,22.3500,22.0400,22.3400,3491000,15.8009
2012-05-03,22.2700,22.3200,22.0100,22.0900,3412800,15.6241
2012-05-04,21.8600,21.9300,21.5100,21.5400,7539800,15.2351
2012-05-07,21.5000,21.6600,21.4000,21.6400,3703300,15.3058
2012-05-08,21.3300,21.3600,20.9500,21.3000,6589900,15.0653
2012-05-09,20.8700,21.2300,20.7200,21.0900,6607800,14.9168
2012-05-10,21.3100,21.3400,21.1500,21.1800,5083700,14.9804
2012-05-11,20.9900,21.4200,20.9800,21.2100,3387000,15.0017
2012-05-14,20.7400,20.8800,20.6300,20.7300,4121800,14.6622
2012-05-15,20.4800,20.6800,20.3500,20.3800,7712900,14.4146
2012-05-16,20.4700,20.6300,20.2800,20.3000,5137000,14.3580
2012-05-17,20.2800,20.3100,19.9700,19.9700,11078200,14.1246
2012-05-18,20.1500,20.1900,19.8800,19.9600,2646900,14.1175
2012-05-21,20.1600,20.4800,20.1300,20.4500,2770200,14.4641
2012-05-22,20.5200,20.6600,20.2300,20.3300,3863300,14.3792
2012-05-23,20.1600,20.1900,19.7500,20.1600,5447100,14.2590
2012-05-24,20.0100,20.0700,19.6700,19.8100,4554200,14.0114
2012-05-25,19.7500,19.9700,19.7400,19.8200,3644900,14.0185
2012-05-29,20.1600,20.3000,19.9300,20.1400,4487800,14.2449
2012-05-30,19.7100,19.7300,19.4800,19.5100,3954200,13.7993
2012-05-31,19.5600,19.6000,19.2500,19.4900,3403500,13.7851
2012-06-01,18.9500,19.0900,18.7100,18.8200,7926600,13.3112
2012-06-04,18.8200,18.8800,18.6900,18.8400,6792500,13.3254
2012-06-05,18.5800,18.8100,18.5500,18.7700,5012700,13.2759
2012-06-06,18.8800,19.4200,18.8600,19.4000,9123200,13.7215
2012-06-07,19.7400,19.7900,19.3300,19.3600,4081800,13.6932
2012-06-08,19.0900,19.4200,19.0300,19.3800,4533500,13.7073
2012-06-11,19.6900,19.7000,19.1400,19.1500,4991000,13.5446
2012-06-12,19.3600,19.4800,19.0400,19.4800,5135800,13.7780
2012-06-13,19.2400,19.5400,19.1600,19.3400,4347500,13.6790
2012-06-14,19.2800,19.5300,19.2200,19.4500,2816800,13.7568
2012-06-15,19.6300,19.9000,19.5700,19.8800,6090300,14.0610
2012-06-18,19.7200,19.8400,19.6200,19.7100,3300900,13.9407
2012-06-19,20.0100,20.3700,19.9700,20.2400,2851000,14.3156
2012-06-20,20.3100,20.5200,20.1300,20.3300,7332000,14.3792
2012-06-21,19.8000,19.8200,19.1800,19.1900,4724500,13.9722
2012-06-22,19.3400,19.3600,19.0800,19.2400,7680900,14.0086
2012-06-25,18.7400,18.7400,18.6000,18.7000,4412500,13.6155
2012-06-26,18.6700,18.8100,18.5200,18.7400,3893300,13.6446
2012-06-27,18.7400,18.9400,18.6800,18.9000,3127200,13.7611
2012-06-28,18.5700,18.7600,18.4400,18.7300,5150200,13.6373
2012-06-29,19.6400,19.8100,19.6000,19.8000,4981500,14.4164
2012-07-02,19.9200,20.0000,19.7900,19.9700,6760700,14.5401
2012-07-03,20.0100,20.2300,20.0000,20.1800,2589300,14.6931
2012-07-05,19.6800,19.8100,19.5300,19.7100,4470600,14.3508
2012-07-06,19.4100,19.4400,19.1500,19.2600,5178300,14.0232
2012-07-09,19.2100,19.2400,19.1200,19.2400,3316000,14.0086
2012-07-10,19.4200,19.4600,19.0900,19.1500,2173200,13.9431
2012-07-11,19.2100,19.3700,19.1400,19.2800,3277300,14.0378
2012-07-12,19.0700,19.2300,18.9300,19.1700,2872600,13.9577
2012-07-13,19.2500,19.6200,19.2400,19.5900,2829500,14.2635
2012-07-16,19.5300,19.6900,19.3800,19.6100,2190800,14.2780
2012-07-17,19.7500,19.8400,19.4300,19.8000,3702500,14.4164
2012-07-18,19.6600,20.0300,19.6600,20.0100,4044500,14.5693
2012-07-19,20.1200,20.2700,20.0700,20.2500,2339900,14.7440
2012-07-20,19.8100,19.8500,19.6300,19.6600,7527900,14.3144
2012-07-23,18.8600,19.0700,18.7500,19.0200,10653200,13.8485
2012-07-24,19.0400,19.0400,18.5700,18.7500,3961700,13.6519
2012-07-25,19.1000,19.1300,18.8600,19.0100,3533400,13.8412
2012-07-26,19.5500,19.7900,19.5500,19.6800,6607800,14.3290
2012-07-27,19.9400,20.4400,19.9000,20.3400,4544300,14.8095
2012-07-30,20.0800,20.2700,20.0800,20.2000,2849300,14.7076
2012-07-31,20.2300,20.3900,20.1900,20.2100,3733700,14.7149
2012-08-01,20.2700,20.3000,20.0700,20.0900,3371900,14.6275
2012-08-02,19.7100,19.9000,19.3700,19.5700,8422700,14.2489
2012-08-03,20.2700,20.7500,20.2600,20.6900,4362700,15.0644
2012-08-06,20.8100,20.9700,20.7800,20.8600,3018300,15.1882
2012-08-07,21.0300,21.1400,20.9800,20.9800,6501700,15.2755
2012-08-08,20.7900,20.9600,20.7800,20.8900,4276200,15.2100
2012-08-09,20.6700,20.8900,20.6600,20.7900,3036100,15.1372
2012-08-10,20.6100,20.8400,20.5200,20.8400,4434100,15.1736
2012-08-13,20.8200,20.9000,20.6500,20.7800,4159500,15.1299
2012-08-14,20.9200,20.9400,20.7700,20.8500,5422200,15.1809
2012-08-15,20.7100,20.8200,20.7000,20.7400,2704100,15.1008
2012-08-16,20.8600,21.0800,20.8100,21.0300,3932400,15.3119
2012-08-17,21.1200,21.1800,20.9800,21.1500,6875400,15.3993
2012-08-20,21.1000,21.1700,21.0200,21.1500,1531700,15.3993
2012-08-21,21.4200,21.5600,21.3400,21.3900,6307200,15.5741
2012-08-22,21.2200,21.4900,21.2000,21.4400,4438200,15.6105
2012-08-23,21.2400,21.3200,21.1000,21.2100,3480000,15.4430
2012-08-24,21.0300,21.3200,20.9700,21.1500,4018700,15.3993
2012-08-27,21.3600,21.4300,21.2800,21.3100,2372800,15.5158
2012-08-28,21.3300,21.4200,21.2700,21.3800,1386800,15.5668
2012-08-29,21.3400,21.4200,21.2600,21.3300,1034300,15.5304
2012-08-30,21.2000,21.2100,20.8500,20.9400,1194300,15.2464
2012-08-31,21.3700,21.4000,21.0900,21.2200,3579800,15.4503
2012-09-04,21.3100,21.3200,21.0900,21.1900,4044500,15.4284
2012-09-05,21.3100,21.3800,21.2100,21.3300,22135400,15.5304
2012-09-06,21.5600,22.0400,21.5600,21.9900,11425900,16.0109
2012-09-07,22.3600,22.4800,22.3100,22.4800,17108100,16.3677
2012-09-10,22.3900,22.4600,22.2500,22.2700,4388800,16.2148
2012-09-11,22.4500,22.8200,22.4400,22.7400,4655900,16.5570
2012-09-12,23.0100,23.0300,22.8600,22.9400,4870800,16.7026
2012-09-13,22.8700,23.3200,22.7400,23.2500,13855800,16.9283
2012-09-14,23.5100,23.7600,23.4500,23.5300,5971000,17.1322
2012-09-17,23.5400,23.6400,23.4200,23.4700,2405800,17.0885
2012-09-18,23.2400,23.3300,23.1700,23.2600,2529900,16.9356
2012-09-19,23.2400,23.4400,23.2000,23.3700,2448700,17.0157
2012-09-20,23.0600,23.2700,22.9600,23.2700,2600100,16.9429
2012-09-21,23.5800,23.6200,23.4200,23.4300,2940600,17.0594
2012-09-24,23.1700,23.3200,23.1500,23.2800,4904000,16.9502
2012-09-25,23.2900,23.4100,23.0000,23.0200,3323600,16.7609
2012-09-26,22.7700,22.7900,22.6100,22.7300,3033200,16.5497
2012-09-27,22.7900,23.0400,22.6600,22.9700,7880800,16.7244
2012-09-28,22.7600,22.8200,22.5000,22.5700,3525800,16.4332
2012-10-01,22.8800,23.0300,22.7000,22.7300,12624700,16.5497
2012-10-02,23.0700,23.1000,22.8300,22.9100,9527400,16.6808
2012-10-03,22.9500,23.0000,22.8100,22.9100,20653600,16.6808
2012-10-04,23.0500,23.1700,22.9800,23.1700,2617500,16.8701
2012-10-05,23.4000,23.5100,23.2400,23.3200,3760700,16.9793
2012-10-08,23.0100,23.0500,22.9500,23.0200,1867200,16.7609
2012-10-09,22.8100,22.8600,22.5600,22.5800,4319500,16.4405
2012-10-10,22.6300,22.6900,22.5000,22.5500,1767700,16.4186
2012-10-11,22.9300,22.9900,22.7700,22.7700,2858800,16.5788
2012-10-12,22.8700,22.9700,22.7200,22.7800,1757400,16.5861
2012-10-15,22.9100,22.9800,22.7400,22.9600,2371200,16.7172
2012-10-16,23.3000,23.4300,23.2500,23.4000,2356600,17.0375
2012-10-17,23.5200,23.6100,23.4600,23.5800,7916500,17.1686
2012-10-18,23.5600,23.7200,23.4800,23.5500,3535200,17.1467
2012-10-19,23.4600,23.4600,23.1500,23.2200,19069800,16.9065
2012-10-22,23.3100,23.3400,23.1200,23.3000,3313700,16.9647
2012-10-23,22.6800,22.7400,22.5100,22.7000,3056600,16.5279
2012-10-24,22.7300,22.7600,22.5800,22.6000,2597500,16.4551
2012-10-25,22.8700,22.9100,22.6500,22.7300,10636100,16.5497
2012-10-26,22.7600,22.8500,22.6800,22.8000,2396600,16.6007
2012-10-31,23.1300,23.1500,22.8900,22.9400,2629000,16.7026
2012-11-01,23.1000,23.2300,23.0600,23.1300,2001000,16.8409
2012-11-02,23.1200,23.1200,22.8800,22.8800,1585400,16.6589
2012-11-05,22.8000,22.9100,22.7500,22.8700,1704800,16.6516
2012-11-06,22.9600,23.1500,22.9400,23.0800,2757700,16.8045
2012-11-07,22.6400,22.6400,22.4500,22.5700,4644100,16.4332
2012-11-08,22.4500,22.5500,22.2500,22.3200,6213200,16.2512
2012-11-09,21.9900,22.2500,21.9900,22.1400,6010000,16.1201
2012-11-12,22.2500,22.2900,22.1600,22.2300,1075300,16.1857
2012-11-13,21.9000,22.2500,21.8900,22.0200,1628200,16.0328
2012-11-14,22.1700,22.1800,21.7900,21.8400,2111500,15.9017
2012-11-15,21.9100,22.0200,21.7800,21.8500,1855000,15.9090
2012-11-16,21.7700,21.7800,21.4900,21.7000,2513900,15.7998
2012-11-19,22.0300,22.2500,22.0200,22.2100,1926500,16.1711
2012-11-20,22.2600,22.4200,22.2000,22.3800,1528700,16.2949
2012-11-21,22.4000,22.5000,22.3900,22.4700,17190300,16.3604
2012-11-23,22.9600,23.1400,22.9600,23.1400,1614100,16.8482
2012-11-26,23.0200,23.1400,23.0000,23.1400,2266700,16.8482
2012-11-27,23.0700,23.2100,23.0200,23.0800,1524600,16.8045
2012-11-28,22.9000,23.2900,22.8300,23.2600,3338100,16.9356
2012-11-29,23.4400,23.5200,23.2600,23.3900,3853000,17.0303
2012-11-30,23.5100,23.6100,23.4700,23.5200,1566400,17.1249
2012-12-03,23.7800,23.8000,23.5900,23.6100,2746800,17.1904
2012-12-04,23.7000,23.7900,23.6500,23.7600,2728600,17.2996
2012-12-05,23.7000,23.8700,23.6400,23.7700,2505800,17.3069
2012-12-06,23.8800,23.9000,23.7500,23.8500,3777600,17.3652
2012-12-07,23.6700,23.7200,23.5500,23.7200,3774700,17.2705
2012-12-10,23.6400,23.7600,23.6400,23.7600,1874900,17.2996
2012-12-11,23.9400,24.0600,23.9300,24.0300,2304700,17.4962
2012-12-12,24.1700,24.3300,24.1200,24.1800,3137300,17.6054
2012-12-13,24.1300,24.2500,24.0400,24.0900,3067200,17.5399
2012-12-14,24.1700,24.3600,24.1100,24.2800,2678600,17.6783
2012-12-17,24.2400,24.3800,24.2400,24.3800,2228500,17.7511
2012-12-18,24.4700,24.6700,24.4400,24.6300,3647000,17.9331
2012-12-19,24.7700,24.8200,24.6100,24.6100,3453000,17.9185
2012-12-20,24.7100,24.7600,24.6200,24.7300,1706500,18.0059
2012-12-21,24.3900,24.5700,24.3800,24.5700,4147600,17.8894
2012-12-24,24.5700,24.5900,24.4300,24.4800,734100,17.8239
2012-12-26,24.5400,24.6800,24.3900,24.5200,1598200,17.8530
2012-12-27,24.7100,24.7600,24.5100,24.6100,1356900,17.9185
2012-12-28,24.3900,24.4900,24.2400,24.2600,3645000,17.6637
2012-12-31,24.4000,24.7500,24.3800,24.7000,2494400,17.9841
2013-01-02,25.0400,25.0600,24.8500,24.9900,5739200,18.1952
2013-01-03,24.7300,24.7800,24.5700,24.6000,3131200,17.9112
2013-01-04,24.6000,24.8100,24.5700,24.7400,2115500,18.0132
2013-01-07,24.5800,24.6900,24.4800,24.6700,2411900,17.9622
2013-01-08,24.5700,24.6100,24.4000,24.4900,2390500,17.8312
2013-01-09,24.4600,24.5600,24.4600,24.5000,2809300,17.8384
2013-01-10,24.9200,24.9500,24.7200,24.9000,7392100,18.1297
2013-01-11,25.0500,25.1200,24.9400,25.0800,2089500,18.2607
2013-01-14,25.1700,25.2100,25.0000,25.2100,1686600,18.3554
2013-01-15,24.8500,24.9800,24.7800,24.9200,1981600,18.1442
2013-01-16,24.7900,24.9200,24.7500,24.8200,2216500,18.0714
2013-01-17,25.1800,25.2300,25.0800,25.1700,1790200,18.3263
2013-01-18,25.0800,25.1100,24.9300,25.0600,1994000,18.2462
2013-01-22,24.9800,25.0400,24.8600,25.0400,2558800,18.2316
2013-01-23,25.0000,25.1300,24.9100,25.0300,1808900,18.2243
2013-01-24,25.1200,25.3000,25.1100,25.2200,3950300,18.3627
2013-01-25,25.7300,25.8000,25.6600,25.8000,12559300,18.7850
2013-01-28,25.7800,25.7900,25.6500,25.6800,2642000,18.6976
2013-01-29,25.6900,25.8400,25.6600,25.8100,2490900,18.7923
2013-01-30,25.8000,25.8800,25.6900,25.7800,2905300,18.7704
2013-01-31,25.7100,25.8300,25.6600,25.7100,4462200,18.7194
2013-02-01,26.0000,26.1900,25.9100,26.0900,3497800,18.9961
2013-02-04,25.5100,25.5700,25.0800,25.1400,5087800,18.3044
2013-02-05,25.2900,25.4500,25.2300,25.3400,8788200,18.4500
2013-02-06,24.9200,25.1100,24.9000,25.0500,5410600,18.2389
2013-02-07,25.0900,25.1400,24.6900,24.8700,3864000,18.1078
2013-02-08,24.9400,25.0200,24.9200,24.9700,5760900,18.1806
2013-02-11,24.9900,25.0500,24.8000,24.9500,7784800,18.1661
2013-02-12,25.0400,25.2100,25.0100,25.1500,1434300,18.3117
2013-02-13,25.4200,25.5000,25.2900,25.3400,2638100,18.4500
2013-02-14,24.8700,25.0400,24.8400,24.9600,2525400,18.1734
2013-02-15,24.9600,24.9900,24.7200,24.8400,2909700,18.0860
2013-02-19,25.2300,25.3800,25.2200,25.3600,5763300,18.4646
2013-02-20,25.4000,25.4200,24.9900,25.0100,1825200,18.2098
2013-02-21,24.5500,24.5900,24.4100,24.5300,2176500,17.8603
2013-02-22,24.6000,24.7900,24.5000,24.7700,2868300,18.0350
2013-02-25,25.4200,25.4500,24.2900,24.3100,4889600,17.7001
2013-02-26,24.4400,24.5700,24.1900,24.3600,12857400,17.7365
2013-02-27,24.3000,24.7700,24.2800,24.7400,3160600,18.0132
2013-02-28,24.7000,24.8400,24.6100,24.6700,1825500,17.9622
2013-03-01,24.3400,24.5700,24.1700,24.4900,10381300,17.8312
2013-03-04,24.3500,24.5600,24.3200,24.5500,2182900,17.8748
2013-03-05,24.9100,25.0200,24.8800,24.9300,2433900,18.1515
2013-03-06,25.2600,25.2600,25.0600,25.1500,2093700,18.3117
2013-03-07,25.3000,25.4100,25.2700,25.3800,1607600,18.4792
2013-03-08,25.3600,25.3800,25.1400,25.3300,3079100,18.4428
2013-03-11,25.2500,25.3900,25.2100,25.3800,3561400,18.4792
2013-03-12,25.4300,25.4600,25.1800,25.3100,3537200,18.4282
2013-03-13,25.2100,25.2600,25.0500,25.2100,1864100,18.3554
2013-03-14,25.3400,25.5300,25.3000,25.5100,1632300,18.5738
2013-03-15,25.5800,25.6000,25.4400,25.5500,1382400,18.6029
2013-03-18,25.0400,25.3900,25.0100,25.1500,2181400,18.3117
2013-03-19,25.2200,25.2500,24.8200,24.9700,3152500,18.1806
2013-03-20,25.2500,25.3000,25.1500,25.2100,3130800,18.3554
2013-03-21,24.8300,25.0500,24.7900,24.8600,3194200,18.1006
2013-03-22,25.0300,25.1700,24.9700,25.0700,3036500,18.2535
2013-03-25,25.1000,25.1500,24.5600,24.6400,6265000,17.9404
2013-03-26,24.7500,24.8500,24.6000,24.7100,10582600,17.9913
2013-03-27,24.2300,24.3300,24.1100,24.3000,2951800,17.6928
2013-03-28,24.4300,24.5300,24.3700,24.4700,3104000,17.8166
2013-04-01,24.3900,24.5000,24.2700,24.3500,2482000,17.7292
2013-04-02,24.6500,24.9100,24.6400,24.7400,4536100,18.0132
2013-04-03,24.8500,24.9200,24.6300,24.6700,3964000,17.9622
2013-04-04,24.5400,24.7600,24.4700,24.7000,1985100,17.9841
2013-04-05,24.2900,24.3800,24.2100,24.3600,2339800,17.7365
2013-04-08,24.4100,24.4300,24.3000,24.4100,1339400,17.7729
2013-04-09,24.4400,24.5500,24.2500,24.4600,2414500,17.8093
2013-04-10,24.6800,24.9700,24.6800,24.9300,1072300,18.1515
2013-04-11,25.0400,25.2500,24.9900,25.0700,1721800,18.2535
2013-04-12,24.7800,24.9100,24.7000,24.9000,1704100,18.1297
2013-04-15,24.6500,24.6600,24.3400,24.3500,2278300,17.7292
2013-04-16,24.7800,24.8100,24.6100,24.8000,1815000,18.0569
2013-04-17,24.2700,24.2700,23.7800,23.9400,6963100,17.4307
2013-04-18,23.9600,23.9900,23.6600,23.7800,3805300,17.3142
2013-04-19,23.8700,23.9700,23.7000,23.8100,1275100,17.3360
2013-04-22,23.8700,23.9700,23.6700,23.9300,4523100,17.4234
2013-04-23,24.2000,24.3800,24.2000,24.3600,2629900,17.7365
2013-04-24,24.5100,24.7300,24.4800,24.6600,7074700,17.9549
2013-04-25,24.7300,24.9500,24.7100,24.7800,2120600,18.0423
2013-04-26,24.7500,24.9100,24.7300,24.8900,1663000,18.1224
2013-04-29,25.0100,25.3200,24.9900,25.2600,5888600,18.3918
2013-04-30,25.3100,25.4800,25.2800,25.4700,6124200,18.5447
2013-05-01,25.4400,25.5100,25.1800,25.2500,2281700,18.3845
2013-05-02,25.2500,25.3800,25.2000,25.3400,3893200,18.4500
2013-05-03,25.7500,25.9500,25.7400,25.9100,1944200,18.8651
2013-05-06,25.9200,25.9400,25.7500,25.8500,1982100,18.8214
2013-05-07,26.1200,26.1700,25.9600,26.0300,1626400,18.9524
2013-05-08,26.2900,26.4200,26.2600,26.3900,4663900,19.2145
2013-05-09,26.2900,26.3400,26.0400,26.1300,4172500,19.0252
2013-05-10,26.1400,26.1900,25.9900,26.1800,13341400,19.0616
2013-05-13,26.0700,26.1500,26.0100,26.0800,3578900,18.9888
2013-05-14,26.1400,26.2800,26.1400,26.2200,3730400,19.0908
2013-05-15,25.9600,26.1700,25.9500,26.1500,3396300,19.0398
2013-05-16,26.1100,26.2500,26.0300,26.0800,4026200,18.9888
2013-05-17,26.0600,26.3700,26.0100,26.2900,2274200,19.1417
2013-05-20,26.2700,26.4300,26.2300,26.3900,2328600,19.2145
2013-05-21,26.3700,26.5600,26.2600,26.4800,2104400,19.2801
2013-05-22,26.5500,26.9200,26.2500,26.3400,15039000,19.1781
2013-05-23,25.9900,26.3100,25.9500,26.2800,4584900,19.1345
2013-05-24,26.0000,26.1500,25.9300,26.1500,2811500,19.0398
2013-05-28,26.5900,26.6500,26.3400,26.3900,17567100,19.2145
2013-05-29,26.2000,26.2900,26.1200,26.2300,3300300,19.0981
2013-05-30,26.4700,26.6400,26.4200,26.5200,3275200,19.3092
2013-05-31,26.3100,26.3900,26.1300,26.1500,2577300,19.0398
2013-06-03,26.2800,26.4100,26.1000,26.4100,10107200,19.2291
2013-06-04,26.3300,26.3800,26.0900,26.2100,3235700,19.0835
2013-06-05,26.1000,26.1600,25.8900,25.8900,2648600,18.8505
2013-06-06,26.0400,26.2000,25.9000,26.1900,4862000,19.0689
2013-06-07,26.1500,26.5500,26.0800,26.4800,6046100,19.2801
2013-06-10,26.6900,26.7100,26.4900,26.6300,8196500,19.3893
2013-06-11,26.2700,26.4900,26.2000,26.3800,3262100,19.2073
2013-06-12,26.5100,26.5300,26.2300,26.2300,2165100,19.0981
2013-06-13,26.0900,26.5300,26.0400,26.5200,9658700,19.3092
2013-06-14,26.3300,26.5000,26.1700,26.2400,3261100,19.1053
2013-06-17,26.7100,26.7800,26.4600,26.6100,3232400,19.3747
2013-06-18,26.6600,26.8600,26.6600,26.8400,2420100,19.5422
2013-06-19,26.7400,26.8400,26.2200,26.2400,5096600,19.1053
2013-06-20,25.6500,25.6800,25.3200,25.3800,4323500,18.4792
2013-06-21,25.3500,25.3700,24.8000,25.0100,4509200,18.2098
2013-06-24,24.4800,24.8500,24.4600,24.6700,3348000,17.9622
2013-06-25,24.9600,24.9900,24.6700,24.9600,1873200,18.1734
2013-06-26,25.1300,25.2000,25.0200,25.1400,2077100,18.3044
2013-06-27,24.8300,24.9700,24.7900,24.8600,2224000,18.4193
2013-06-28,24.6900,24.8500,24.6200,24.7000,10774600,18.3007
2013-07-01,24.9200,24.9900,24.8100,24.8500,3764600,18.4119
2013-07-02,24.5400,24.6900,24.3500,24.4600,3089400,18.1229
2013-07-03,24.1800,24.4500,24.1300,24.3900,1569300,18.0710
2013-07-05,24.2300,24.2500,23.9600,24.1400,2546300,17.8858
2013-07-08,24.5400,24.6600,24.4300,24.5300,1176900,18.1748
2013-07-09,24.8100,24.8400,24.5800,24.6800,4048700,18.2859
2013-07-10,24.6600,25.0600,24.6600,24.9000,2275000,18.4489
2013-07-11,25.4400,25.7100,25.3100,25.6600,2149700,19.0120
2013-07-12,25.5700,25.6900,25.4600,25.6100,1968700,18.9750
2013-07-15,25.7000,25.7500,25.6100,25.7100,1804400,19.0490
2013-07-16,25.7200,25.8400,25.6800,25.8100,2153600,19.1231
2013-07-17,25.9500,25.9600,25.7800,25.8800,2031900,19.1750
2013-07-18,25.8900,26.1100,25.8900,26.1000,1188500,19.3380
2013-07-19,26.0200,26.1900,26.0000,26.1700,1448100,19.3899
2013-07-22,26.2300,26.2900,26.1700,26.2000,1008300,19.4121
2013-07-23,26.3000,26.3500,26.2000,26.2900,1352400,19.4788
2013-07-24,26.4900,26.5200,26.2700,26.3600,3389400,19.5306
2013-07-25,26.1700,26.5200,26.1600,26.5200,8684600,19.6492
2013-07-26,26.1700,26.3200,26.0700,26.3100,1939900,19.4936
2013-07-29,26.1800,26.2900,26.1300,26.2400,1874500,19.4417
2013-07-30,26.3600,26.3700,26.1300,26.2000,5584300,19.4121
2013-07-31,26.1100,26.5100,26.1100,26.3200,2557200,19.5010
2013-08-01,26.6400,26.7600,26.5400,26.7000,3323500,19.7826
2013-08-02,26.6400,26.8000,26.6300,26.7700,1444700,19.8344
2013-08-05,26.6300,26.7100,26.5400,26.6900,1142200,19.7752
2013-08-06,26.7100,26.7200,26.3800,26.4200,2298900,19.5751
2013-08-07,26.3400,26.4600,26.2800,26.4200,1141100,19.5751
2013-08-08,26.6800,26.8300,26.5900,26.7100,4288700,19.7900
2013-08-09,26.7100,26.8100,26.6100,26.7200,2820800,19.7974
2013-08-12,26.5300,26.6800,26.5100,26.6500,1746800,19.7455
2013-08-13,26.7400,26.8600,26.6000,26.8600,1523600,19.9011
2013-08-14,26.8100,26.8800,26.7500,26.8400,11605000,19.8863
2013-08-15,26.5200,26.8000,26.3200,26.7900,4832900,19.8492
2013-08-16,26.7500,26.8400,26.7000,26.7700,2207500,19.8344
2013-08-19,26.7900,26.8300,26.6400,26.6400,2682500,19.7381
2013-08-20,26.6600,26.7800,26.6200,26.7000,2352000,19.7826
2013-08-21,26.5900,26.7900,26.4300,26.5300,1965200,19.6566
2013-08-22,26.8200,26.9800,26.8000,26.9600,2776900,19.9752
2013-08-23,26.9700,27.0900,26.8900,27.0200,1975700,20.0197
2013-08-26,27.0300,27.0600,26.9100,26.9600,1588400,19.9752
2013-08-27,26.4500,26.5800,26.2900,26.3400,3461500,19.5158
2013-08-28,25.9300,26.1300,25.8900,26.0100,11613500,19.2713
2013-08-29,25.8300,25.9700,25.8100,25.8900,2708300,19.1824
2013-08-30,25.8000,25.8000,25.6100,25.6600,3444200,19.0120
2013-09-03,25.9200,25.9500,25.6700,25.8000,3901600,19.1157
2013-09-04,25.6100,25.9800,25.5800,25.9600,1569600,19.2343
2013-09-05,25.8500,25.9500,25.7800,25.8800,1728200,19.1750
2013-09-06,26.0500,26.0800,25.8000,26.0100,2966000,19.2713
2013-09-09,26.1800,26.4300,26.1800,26.4100,2910100,19.5677
2013-09-10,26.7900,26.9300,26.7500,26.8900,3598900,19.9233
2013-09-11,26.9300,27.1000,26.9200,27.0900,2595800,20.0715
2013-09-12,26.9800,27.1200,26.9600,26.9600,2394900,19.9752
2013-09-13,27.0400,27.1200,26.9100,27.1000,2090600,20.0789
2013-09-16,27.6100,27.6100,27.4600,27.4700,2778100,20.3531
2013-09-17,27.4900,27.5700,27.4600,27.5400,1794700,20.4049
2013-09-18,27.5200,28.3000,27.4300,28.2500,2910700,20.9310
2013-09-19,28.2500,28.2500,28.0300,28.0900,3438000,20.8124
2013-09-20,28.0900,28.0900,27.9700,28.0000,1193500,20.7458
2013-09-23,27.9200,27.9600,27.7500,27.8800,1521200,20.6568
2013-09-24,27.9300,28.0000,27.8300,27.8800,2129000,20.6568
2013-09-25,27.8900,28.0400,27.8500,27.9800,1478100,20.7309
2013-09-26,27.9100,28.0300,27.8500,27.9500,1240300,20.7087
2013-09-27,27.9700,28.0700,27.9500,28.0300,1309400,20.7680
2013-09-30,27.7200,27.8600,27.6600,27.8100,1903900,20.6050
2013-10-01,27.9200,28.1500,27.8700,28.1300,6060000,20.8421
2013-10-02,28.0800,28.1200,27.8900,28.1000,2380800,20.8198
2013-10-03,28.0600,28.0600,27.9200,27.9600,1648000,20.7161
2013-10-04,27.9300,28.0500,27.8900,28.0000,1219600,20.7458
2013-10-07,27.7100,27.9300,27.7000,27.8500,1314800,20.6346
2013-10-08,27.8800,27.9000,27.6500,27.6700,1399700,20.5013
2013-10-09,27.6400,27.6600,27.4200,27.6000,2264300,20.4494
2013-10-10,27.9900,28.2800,27.9700,28.2100,2228400,20.9013
2013-10-11,28.2200,28.3200,28.1900,28.3100,2766900,20.9754
2013-10-14,28.2700,28.4000,28.2400,28.3800,1443600,21.0273
2013-10-15,28.3400,28.4300,28.3400,28.3500,1786200,21.0051
2013-10-16,28.4700,28.6300,28.4500,28.6200,6028300,21.2051
2013-10-17,28.6900,28.8900,28.6700,28.8600,1930200,21.3829
2013-10-18,28.9100,29.0200,28.8500,28.9800,2606400,21.4719
2013-10-21,28.9300,29.0300,28.9300,29.0000,1350600,21.4867
2013-10-22,29.3300,29.5800,29.3300,29.4900,2199300,21.8497
2013-10-23,29.4000,29.4600,29.3300,29.4100,2259700,21.7905
2013-10-24,29.6600,29.6600,29.5700,29.6300,1570400,21.9535
2013-10-25,29.6800,29.7300,29.6100,29.6800,1328600,21.9905
2013-10-28,29.5800,29.6800,29.5000,29.6200,2033700,21.9460
2013-10-29,29.6300,29.6900,29.5500,29.6600,3145800,21.9757
2013-10-30,29.6800,29.7300,29.4200,29.5400,3115300,21.8868
2013-10-31,29.4600,29.4700,29.3000,29.3400,1942300,21.7386
2013-11-01,29.2000,29.2300,29.0400,29.2000,2226200,21.6349
2013-11-04,29.2600,29.3700,29.2200,29.3600,1258000,21.7534
2013-11-05,28.9700,29.1200,28.8800,29.0600,1515000,21.5311
2013-11-06,29.2800,29.4100,29.2400,29.2800,1535600,21.6941
2013-11-07,29.2600,29.3200,28.9300,28.9600,3856300,21.4570
2013-11-08,28.8900,29.1000,28.8500,29.0800,1265700,21.5459
2013-11-11,29.1900,29.2800,29.1700,29.2800,843000,21.6941
2013-11-12,29.2100,29.3000,29.1100,29.1900,2841400,21.6275
2013-11-13,28.9000,29.3600,28.8400,29.3300,1565700,21.7312
2013-11-14,29.3400,29.5300,29.3000,29.4500,1473500,21.8201
2013-11-15,29.5900,29.6600,29.5300,29.6600,7873000,21.9757
2013-11-18,29.9400,29.9700,29.7200,29.7400,2915600,22.0350
2013-11-19,29.7600,29.8700,29.7100,29.8000,1771100,22.0794
2013-11-20,29.8100,29.8600,29.4100,29.5000,3906800,21.8571
2013-11-21,29.6400,29.7400,29.5800,29.7200,1499700,22.0201
2013-11-22,29.8300,29.9600,29.8000,29.9300,4452300,22.1757
2013-11-25,30.0800,30.1200,30.0200,30.0700,2335600,22.2795
2013-11-26,30.1000,30.2800,30.0800,30.2400,1943600,22.4054
2013-11-27,30.3500,30.4400,30.3300,30.3800,2748700,22.5091
2013-11-29,30.5800,30.6900,30.5500,30.5700,1511000,22.6499
2013-12-02,30.5200,30.5600,30.4100,30.4400,2750000,22.5536
2013-12-03,30.1400,30.2000,29.9600,30.0200,2716700,22.2424
2013-12-04,29.5400,29.8100,29.5400,29.7500,4412200,22.0424
2013-12-05,29.8100,29.9100,29.6900,29.7400,2315900,22.0350
2013-12-06,30.0300,30.2000,29.9800,30.1600,1974600,22.3461
2013-12-09,30.2300,30.2700,30.1700,30.2100,1183400,22.3832
2013-12-10,30.0800,30.1900,29.9900,30.0500,955700,22.2646
2013-12-11,30.1700,30.1700,29.8500,29.8500,2191500,22.1165
2013-12-12,29.7200,29.7900,29.6200,29.6700,1617200,21.9831
2013-12-13,29.6900,29.7400,29.5700,29.7300,1241300,22.0275
2013-12-16,30.1700,30.2500,30.0800,30.1700,2246300,22.3535
2013-12-17,30.1000,30.1100,29.9200,30.0400,2356200,22.2572
2013-12-18,30.2400,30.5900,30.0200,30.4400,7280800,22.5536
2013-12-19,30.4000,30.5800,30.3400,30.5500,2131500,22.6351
2013-12-20,30.6600,30.8200,30.6600,30.7400,1882500,22.7759
2013-12-23,31.0200,31.1400,30.9800,31.1000,1742000,23.0426
2013-12-24,31.1300,31.2700,31.0300,31.2400,955400,23.1463
2013-12-26,31.4300,31.4900,31.3700,31.4300,2548700,23.2871
2013-12-27,31.5500,31.6100,31.4800,31.5100,2642100,23.3464
2013-12-30,31.5800,31.7300,31.5800,31.6800,1208900,23.4723
2013-12-31,31.7300,31.9300,31.6900,31.7600,1892600,23.5316
2014-01-02,31.0000,31.0100,30.6700,30.7500,4637500,22.7833
2014-01-03,30.7500,30.8000,30.6400,30.6500,2598000,22.7092
2014-01-06,30.8500,30.8500,30.7400,30.8000,5987400,22.8203
2014-01-07,30.9100,30.9700,30.8400,30.9100,2541800,22.9018
2014-01-08,30.8800,30.9400,30.7600,30.8200,3006600,22.8351
2014-01-09,30.8800,30.9000,30.5700,30.7500,2088100,22.7833
2014-01-10,30.9200,31.0900,30.8800,31.0500,2010300,23.0056
2014-01-13,30.9800,31.0500,30.7900,30.8500,2230700,22.8574
2014-01-14,31.0100,31.3100,30.9200,31.3000,5009100,23.1908
2014-01-15,31.4500,31.7400,31.4400,31.7200,2612500,23.5020
2014-01-16,31.6800,31.6900,31.5200,31.6700,6000700,23.4649
2014-01-17,31.5200,31.5900,31.3300,31.3900,2821900,23.2575
2014-01-21,31.6400,31.6400,31.4000,31.5700,2378700,23.3908
2014-01-22,31.5400,31.5600,31.4200,31.4800,2031400,23.3242
2014-01-23,31.5000,31.5600,31.3600,31.5400,1941500,23.3686
2014-01-24,31.0600,31.0900,30.4900,30.5200,3128900,22.6129
2014-01-27,30.6000,30.6300,30.2900,30.4200,3207100,22.5388
2014-01-28,30.6200,30.8400,30.6100,30.8000,3510700,22.8203
2014-01-29,30.2000,30.4500,30.1400,30.2500,3600500,22.4128
2014-01-30,30.4300,30.4500,30.2000,30.3900,1976500,22.5166
2014-01-31,29.6300,29.9800,29.6100,29.8300,5772300,22.1016
2014-02-03,29.8100,29.8700,29.3100,29.3400,4023900,21.7386
2014-02-04,29.4400,29.5500,29.3800,29.5200,2782500,21.8720
2014-02-05,29.4600,29.5700,29.4200,29.5400,2136400,21.8868
2014-02-06,29.8200,30.1400,29.8200,30.1000,3263800,22.3017
2014-02-07,30.2200,30.4700,30.1300,30.4500,3440100,22.5610
2014-02-10,30.3500,30.3500,30.2700,30.3300,995300,22.4721
2014-02-11,30.6100,31.0200,30.5900,30.9700,4878600,22.9463
2014-02-12,30.9800,31.1000,30.9400,31.0000,4745100,22.9685
2014-02-13,31.0000,31.4700,30.9900,31.4700,1932800,23.3167
2014-02-14,31.5000,31.6400,31.4700,31.5700,1312300,23.3908
2014-02-18,31.7400,31.7600,31.5800,31.7100,3292500,23.4946
2014-02-19,31.6800,31.8300,31.4200,31.4300,1746300,23.2871
2014-02-20,31.3200,31.5200,31.2400,31.4900,1765400,23.3316
2014-02-21,31.5400,31.7100,31.4900,31.5800,2296400,23.3982
2014-02-24,31.5600,31.8600,31.5600,31.7400,2888500,23.5168
2014-02-25,31.7500,31.8500,31.5700,31.6700,1505300,23.4649
2014-02-26,31.5100,31.5600,31.3600,31.4500,1798600,23.3019
2014-02-27,31.1800,31.4300,31.1100,31.4300,2392900,23.2871
2014-02-28,31.6400,31.9100,31.5700,31.7100,5627200,23.4946
2014-03-03,30.8900,31.0000,30.5400,30.6200,7668200,22.6870
2014-03-04,31.3700,31.4300,31.2200,31.3100,5713200,23.1982
2014-03-05,31.2800,31.3400,31.1700,31.2400,3921100,23.1463
2014-03-06,31.4900,31.5700,31.4300,31.4800,3150700,23.3242
2014-03-07,31.3200,31.3400,30.9200,31.1200,3026900,23.0574
2014-03-10,30.8500,30.8900,30.5100,30.7700,3316600,22.7981
2014-03-11,30.8300,31.0000,30.6600,30.7100,4192500,22.7537
2014-03-12,30.3700,30.6100,30.2800,30.5100,4171400,22.6055
2014-03-13,30.6600,30.6900,29.5300,29.6300,5968200,21.9535
2014-03-14,29.7400,30.1800,29.7300,29.9500,6998500,22.1905
2014-03-17,30.2800,30.5600,30.2700,30.4800,2958800,22.5832
2014-03-18,30.5800,30.8900,30.5800,30.7600,6104500,22.7907
2014-03-19,30.7900,30.8800,30.1900,30.4200,3596800,22.5388
2014-03-20,30.1700,30.5400,30.1300,30.4600,2697800,22.5684
2014-03-21,30.6300,30.7800,30.4300,30.4900,4215600,22.5906
2014-03-24,30.6100,30.6300,30.1300,30.3800,3006100,22.5091
2014-03-25,30.7000,30.8900,30.5100,30.8200,2804300,22.8351
2014-03-26,31.0800,31.1400,30.8800,30.9000,8127400,22.8944
2014-03-27,30.8600,31.0100,30.8100,30.8800,1760700,22.8796
2014-03-28,31.2300,31.3600,31.2200,31.3000,1641000,23.1908
2014-03-31,31.5400,31.5800,31.3000,31.3500,2094700,23.2278
2014-04-01,31.6000,31.6400,31.4700,31.5800,2199500,23.3982
2014-04-02,31.5300,31.5800,31.4900,31.5500,3629200,23.3760
2014-04-03,31.5600,31.6300,31.3500,31.4300,4614000,23.2871
2014-04-04,31.5900,31.6600,31.3200,31.3400,5390800,23.2204
2014-04-07,31.1800,31.2200,30.8900,31.0200,2268500,22.9833
2014-04-08,30.9100,31.1500,30.8800,31.0600,1169000,23.0130
2014-04-09,31.3000,31.4700,31.1400,31.4400,2045900,23.2945
2014-04-10,31.4400,31.4600,30.8200,30.8500,2528200,22.8574
2014-04-11,30.6000,30.8900,30.5600,30.5900,2613400,22.6647
2014-04-14,30.6600,30.6900,30.4800,30.6500,3108900,22.7092
2014-04-15,30.5000,30.5700,29.8500,30.2400,5016900,22.4054
2014-04-16,30.5800,30.7400,30.4600,30.7100,2301000,22.7537
2014-04-17,30.9700,31.1200,30.8200,31.0200,2183400,22.9833
2014-04-21,31.0000,31.1200,30.9600,31.0900,808000,23.0352
2014-04-22,31.4300,31.5400,31.3800,31.4900,2238200,23.3316
2014-04-23,31.5100,31.5300,31.3400,31.3800,4296500,23.2501
2014-04-24,31.2100,31.4200,30.9200,31.2700,7580600,23.1686
2014-04-25,31.0700,31.1300,30.8300,30.9300,10145700,22.9167
2014-04-28,31.1000,31.2600,30.8600,31.1500,4625300,23.0797
2014-04-29,31.3800,31.5300,31.3100,31.4300,2096900,23.2871
2014-04-30,31.5500,31.6900,31.5000,31.6800,3736400,23.4723
2014-05-01,31.6200,31.7900,31.6100,31.7200,1631300,23.5020
2014-05-02,31.3900,31.5600,31.3500,31.4600,2133500,23.3093
2014-05-05,31.1500,31.4500,31.0100,31.4200,1201800,23.2797
2014-05-06,31.2800,31.3600,31.1800,31.2200,2358200,23.1315
2014-05-07,31.4100,31.5600,31.2400,31.5100,2348300,23.3464
2014-05-08,31.4800,31.6600,31.3700,31.4100,4076900,23.2723
2014-05-09,31.3600,31.4100,31.2200,31.3300,1574300,23.2130
2014-05-12,31.6000,31.7400,31.6000,31.7300,2281700,23.5094
2014-05-13,31.7900,31.7900,31.6500,31.7000,2851600,23.4872
2014-05-14,31.6900,31.7400,31.5900,31.6300,1809600,23.4353
2014-05-15,31.5500,31.5500,31.2500,31.4500,10195000,23.3019
2014-05-16,31.2800,31.3300,31.1800,31.3200,5997800,23.2056
2014-05-19,31.3200,31.4600,31.2800,31.3900,1026500,23.2575
2014-05-20,31.3400,31.3700,31.1400,31.2500,1550700,23.1537
2014-05-21,31.3400,31.4800,31.3300,31.4700,4508200,23.3167
2014-05-22,31.4400,31.5100,31.4000,31.4800,1078400,23.3242
2014-05-23,31.4700,31.6000,31.4700,31.5600,1502300,23.3834
2014-05-27,32.1200,32.1600,32.0100,32.1500,2323800,23.8206
2014-05-28,32.0000,32.0400,31.8800,31.9400,1567400,23.6650
2014-05-29,32.0300,32.1000,31.9800,32.0900,1714800,23.7761
2014-05-30,32.1000,32.1700,32.0400,32.1400,3243100,23.8132
2014-06-02,32.1700,32.1700,31.9600,32.0900,1016500,23.7761
2014-06-03,32.0000,32.0600,31.9600,31.9600,3793000,23.6798
2014-06-04,31.8900,32.0200,31.8700,31.9600,2609800,23.6798
2014-06-05,32.0200,32.2500,31.9100,32.2500,3400800,23.8947
2014-06-06,32.3200,32.3600,32.2300,32.3500,2041700,23.9688
2014-06-09,32.2100,32.2800,32.1600,32.2300,1243600,23.8798
2014-06-10,32.2000,32.2000,32.0900,32.1900,4899300,23.8502
2014-06-11,31.9500,31.9900,31.8900,31.9100,1521100,23.6428
2014-06-12,31.9400,32.0000,31.8400,31.9000,3010700,23.6353
2014-06-13,31.8000,31.9100,31.7100,31.7800,5368800,23.5464
2014-06-16,31.8300,31.9300,31.8000,31.8400,2795200,23.5909
2014-06-17,31.7500,31.9100,31.7500,31.8900,3962700,23.6279
2014-06-18,31.9700,32.2000,31.9000,32.1700,5628800,23.8354
2014-06-19,32.3300,32.3800,32.2300,32.2500,2813000,23.8947
2014-06-20,32.2800,32.2800,32.1100,32.1900,2477900,23.8502
2014-06-23,32.0300,32.0800,31.9000,32.0100,3369800,23.7168
2014-06-24,32.0300,32.0500,31.8900,31.9300,4550700,23.6576
2014-06-25,31.1700,31.3300,31.1600,31.2900,3334000,23.6508
2014-06-26,31.1400,31.1700,30.7700,31.0900,3377200,23.4996
2014-06-27,31.0500,31.2200,31.0100,31.2200,1276200,23.5979
2014-06-30,31.2200,31.3400,31.1800,31.2800,5100200,23.6432
2014-07-01,31.3100,31.5500,31.3000,31.4400,5230800,23.7641
2014-07-02,31.3800,31.4600,31.3500,31.4100,3340300,23.7415
2014-07-03,31.5700,31.7200,31.5500,31.7000,2246000,23.9607
2014-07-07,31.4200,31.4500,31.2300,31.2900,2983200,23.6508
2014-07-08,31.0400,31.0600,30.7900,30.9000,4088800,23.3560
2014-07-09,30.9000,31.0900,30.8900,31.0500,3347000,23.4694
2014-07-10,30.4500,30.6200,30.4100,30.6000,4820900,23.1292
2014-07-11,30.4600,30.5700,30.4000,30.5500,3019900,23.0914
2014-07-14,30.9200,30.9800,30.8500,30.8800,3835500,23.3409
2014-07-15,30.8700,30.8900,30.5300,30.6600,6901300,23.1746
2014-07-16,31.0000,31.0000,30.8800,30.9500,3441600,23.3938
2014-07-17,30.7300,30.9100,30.4200,30.4700,5458700,23.0310
2014-07-18,30.4100,30.6400,30.3900,30.5900,2202700,23.1217
2014-07-21,30.2700,30.3100,30.1600,30.2600,2357300,22.8722
2014-07-22,30.4000,30.4600,30.3600,30.3900,3859500,22.9705
2014-07-23,30.6100,30.6100,30.4600,30.4700,3681900,23.0310
2014-07-24,30.6200,30.6600,30.5200,30.5700,3857000,23.1066
2014-07-25,30.3900,30.4100,30.0300,30.1400,2250100,22.7815
2014-07-28,30.0600,30.0700,29.7600,30.0200,3028400,22.6908
2014-07-29,30.1300,30.1800,29.9600,29.9700,1513200,22.6530
2014-07-30,29.9900,30.0400,29.7300,29.8600,2920900,22.5699
2014-07-31,29.4400,29.4700,29.1000,29.1500,5496800,22.0332
2014-08-01,28.8000,29.0000,28.5800,28.6700,5779400,21.6704
2014-08-04,28.7500,28.8100,28.5000,28.7600,5711700,21.7384
2014-08-05,28.6000,28.6200,28.2400,28.3000,4349200,21.3907
2014-08-06,28.0800,28.4500,28.0800,28.3500,6265400,21.4285
2014-08-07,28.4100,28.4500,27.9100,28.0000,7171800,21.1640
2014-08-08,28.1000,28.4100,28.0200,28.3800,6220600,21.4512
2014-08-11,28.5400,28.6500,28.5000,28.5500,9333400,21.5797
2014-08-12,28.3000,28.3400,28.1400,28.2600,3994100,21.3605
2014-08-13,28.5700,28.6800,28.4800,28.6000,4638200,21.6175
2014-08-14,28.7800,28.8200,28.7000,28.7500,5478300,21.7309
2014-08-15,29.0000,29.0300,28.2300,28.5200,18408200,21.5570
2014-08-18,28.7300,28.8200,28.6800,28.8200,3776400,21.7838
2014-08-19,28.9600,28.9700,28.8900,28.9500,7796000,21.8821
2014-08-20,28.6700,28.8500,28.6200,28.7900,13086400,21.7611
2014-08-21,28.8900,29.0400,28.8700,28.9800,6110900,21.9047
2014-08-22,28.9200,28.9400,28.6100,28.8000,2882200,21.7687
2014-08-25,28.9600,29.1900,28.9400,29.1100,4866100,22.0030
2014-08-26,29.2600,29.4100,29.2400,29.3000,6742900,22.1466
2014-08-27,29.3900,29.4000,29.2400,29.3000,2488700,22.1466
2014-08-28,28.8900,29.0200,28.8200,29.0100,4813600,21.9274
2014-08-29,28.9400,28.9500,28.7100,28.9200,2451500,21.8594
2014-09-02,29.0200,29.0300,28.8500,28.9600,2618500,21.8896
2014-09-03,29.4200,29.4400,29.2800,29.3600,5157300,22.1920
2014-09-04,29.1800,29.3200,29.0800,29.1900,4264200,22.0635
2014-09-05,29.3400,29.4200,29.2300,29.3900,2767200,22.2146
2014-09-08,29.2500,29.3100,29.0500,29.1200,3498100,22.0106
2014-09-09,29.0500,29.1500,29.0000,29.1100,5383600,22.0030
2014-09-10,28.9900,29.1500,28.9500,29.1300,2768800,22.0181
2014-09-11,28.9500,29.0900,28.9300,29.0600,3112000,21.9652
2014-09-12,28.9500,29.0600,28.8300,28.9600,6412600,21.8896
2014-09-15,28.9900,29.0500,28.9400,28.9900,1495300,21.9123
2014-09-16,28.8000,29.1400,28.8000,29.0800,2186200,21.9803
2014-09-17,29.0900,29.2100,28.8600,28.9200,2920500,21.8594
2014-09-18,29.1900,29.3100,29.1700,29.2800,3686800,22.1315
2014-09-19,29.2800,29.2900,29.1000,29.1100,1425900,22.0030
2014-09-22,29.1500,29.1800,28.9100,29.0000,5329600,21.9199
2014-09-23,28.7100,28.8500,28.5200,28.5700,4154800,21.5948
2014-09-24,28.4700,28.6800,28.3800,28.6600,3439200,21.6629
2014-09-25,28.4400,28.4400,27.9800,28.0200,3039200,21.1791
2014-09-26,28.0100,28.0800,27.8900,28.0600,2914900,21.2093
2014-09-29,27.6500,27.7800,27.6200,27.7600,3040400,20.9826
2014-09-30,27.5600,27.8000,27.5100,27.7000,7717400,20.9372
2014-10-01,27.5600,27.5700,27.2700,27.3600,3050400,20.6803
2014-10-02,27.3800,27.4100,26.9200,27.1200,3453500,20.4988
2014-10-03,26.8900,27.0700,26.8700,27.0300,6553900,20.4308
2014-10-06,27.0400,27.0600,26.7300,26.9700,4593100,20.3855
2014-10-07,26.7800,26.8200,26.5000,26.5100,3283100,20.0378
2014-10-08,26.5300,27.0000,26.4000,26.9600,6029400,20.3779
2014-10-09,26.7700,26.8300,26.1700,26.2500,4855600,19.8412
2014-10-10,25.9500,26.0600,25.6700,25.7200,7429600,19.4406
2014-10-13,26.0400,26.1300,25.7200,25.7300,3534500,19.4482
2014-10-14,25.9500,26.0400,25.7700,25.8700,3905400,19.5540
2014-10-15,25.6600,25.7500,25.1900,25.7000,6590700,19.4255
2014-10-16,25.0300,25.7300,25.0000,25.5200,4772300,19.2895
2014-10-17,26.0200,26.2700,25.9300,26.1600,4636200,19.7732
2014-10-20,25.8500,26.1000,25.8100,26.0900,2189300,19.7203
2014-10-21,26.1900,26.4700,26.1800,26.4400,4293900,19.9849
2014-10-22,26.3400,26.4000,26.0300,26.0400,3530900,19.6825
2014-10-23,26.4100,26.6700,26.3700,26.5500,6114900,20.0680
2014-10-24,26.5300,26.5800,26.4200,26.5500,5575200,20.0680
2014-10-27,26.1700,26.4800,26.0700,26.3400,3225400,19.9093
2014-10-28,26.7500,26.9700,26.7300,26.9500,5760400,20.3703
2014-10-29,27.0400,27.1200,26.5600,26.6900,6551100,20.1738
2014-10-30,26.4000,26.9000,26.3700,26.8400,2929700,20.2872
2014-10-31,27.0600,27.2500,27.0100,27.2300,5702300,20.5820
2014-11-03,27.0200,27.0600,26.8300,26.9400,3994700,20.3628
2014-11-04,26.9200,26.9600,26.7400,26.8800,2781100,20.3174
2014-11-05,27.1000,27.1000,26.9000,27.0200,1574800,20.4233
2014-11-06,27.1500,27.2900,26.9100,27.0500,4059600,20.4459
2014-11-07,26.8800,26.9500,26.7000,26.8900,3548600,20.3250
2014-11-10,27.0100,27.0400,26.8800,27.0000,1734200,20.4081
2014-11-11,27.0600,27.2000,26.9500,27.1700,3687500,20.5366
2014-11-12,26.7000,26.8300,26.6600,26.7500,3464600,20.2192
2014-11-13,26.7400,26.9700,26.7200,26.8900,3748300,20.3250
2014-11-14,26.7000,26.9900,26.6800,26.9200,6719900,20.3477
2014-11-17,26.8500,27.0400,26.8000,26.9900,2437200,20.4006
2014-11-18,27.4700,27.6800,27.4400,27.6500,3724400,20.8994
2014-11-19,27.7300,27.8100,27.5200,27.6600,1947800,20.9070
2014-11-20,27.4600,27.7100,27.4400,27.6700,2374300,20.9146
2014-11-21,28.0300,28.1100,27.8800,27.9800,4613900,21.1489
2014-11-24,28.3200,28.3800,28.2300,28.3700,3492100,21.4437
2014-11-25,28.5300,28.6800,28.5200,28.6000,5814500,21.6175
2014-11-26,28.7100,28.9100,28.7000,28.9000,4605100,21.8443
2014-11-28,28.8800,28.8900,28.7700,28.7900,3671100,21.7611
2014-12-01,28.8600,28.9400,28.7900,28.8200,2772000,21.7838
2014-12-02,28.6700,28.7000,28.5600,28.6800,1840100,21.6780
2014-12-03,28.5300,28.6100,28.4900,28.5700,1820200,21.5948
2014-12-04,28.5300,28.6300,28.3500,28.5000,2629800,21.5419
2014-12-05,28.6200,28.8300,28.5800,28.7600,2815000,21.7384
2014-12-08,28.6000,28.6800,28.5000,28.5500,2948400,21.5797
2014-12-09,28.2900,28.4600,28.2000,28.3800,4041600,21.4512
2014-12-10,28.4000,28.4100,28.1100,28.1200,11208600,21.2547
2014-12-11,28.2700,28.4900,28.1900,28.2400,3626600,21.3454
2014-12-12,28.1200,28.2300,27.6200,27.6400,3692100,20.8919
2014-12-15,27.8400,27.8800,27.0000,27.0100,5736000,20.4157
2014-12-16,27.0400,27.7900,27.0100,27.3900,5941000,20.7029
2014-12-17,27.4800,27.9200,27.4300,27.7000,5354700,20.9372
2014-12-18,27.8900,28.1300,27.8400,28.1100,3897200,21.2471
2014-12-19,27.8100,28.0400,27.7000,27.8300,4457700,21.0355
2014-12-22,28.1600,28.1900,28.0200,28.1600,2197200,21.2849
2014-12-23,28.1000,28.1200,27.9700,28.0200,6164600,21.1791
2014-12-24,28.0500,28.2400,28.0300,28.1700,1629600,21.2925
2014-12-26,28.2200,28.2900,28.1700,28.1800,652100,21.3001
2014-12-29,27.9500,28.1300,27.9500,28.0100,3376900,21.1716
2014-12-30,27.8400,27.8500,27.6200,27.6600,4646100,20.9070
2014-12-31,27.6900,27.7200,27.3300,27.4100,2454000,20.7180
2015-01-02,27.4000,27.5000,27.2000,27.2800,4061500,20.6198
2015-01-05,26.6900,26.7100,26.2500,26.3300,3959600,19.9017
2015-01-06,26.4900,26.6900,26.2000,26.2200,3618600,19.8186
2015-01-07,26.3000,26.5000,26.1000,26.4400,3783300,19.9849
2015-01-08,26.6000,27.0600,26.5700,26.9400,3574500,20.3628
2015-01-09,26.9700,26.9800,26.5200,26.7500,2442000,20.2192
2015-01-12,26.9000,27.0000,26.5800,26.9100,3137900,20.3401
2015-01-13,27.2600,27.3400,26.7800,27.0300,4854800,20.4308
2015-01-14,26.9900,27.1800,26.8900,27.1000,8220700,20.4837
2015-01-15,27.1900,27.2400,26.9800,27.0500,4357100,20.4459
2015-01-16,27.0500,27.7900,26.9700,27.6900,6939200,20.9297
2015-01-20,27.7100,27.7400,27.5400,27.6700,18778100,20.9146
2015-01-21,27.5800,27.8600,27.4900,27.8500,11315100,21.0506
2015-01-22,27.6600,27.9400,27.4700,27.8000,8936500,21.0128
2015-01-23,27.8100,28.0400,27.7600,27.7600,4798600,20.9826
2015-01-26,28.1500,28.5200,28.0800,28.4400,3726600,21.4966
2015-01-27,28.1900,28.3200,28.0800,28.2100,6780300,21.3227
2015-01-28,28.2500,28.4500,27.8300,27.8400,5686400,21.0431
2015-01-29,28.2600,28.5500,28.1900,28.5400,4529700,21.5722
2015-01-30,28.1900,28.3400,27.9900,28.0500,6264200,21.2018
2015-02-02,28.3100,28.7200,28.2400,28.6700,3625100,21.6704
2015-02-03,28.9700,29.2800,28.9500,29.2200,5943000,22.0861
2015-02-04,28.8900,29.0600,28.6600,28.7400,9317100,21.7233
2015-02-05,28.9200,29.1900,28.8200,29.1800,8647000,22.0559
2015-02-06,28.6300,28.7300,28.3700,28.4400,5276000,21.4966
2015-02-09,28.0000,28.2000,27.9900,28.1100,4204300,21.2471
2015-02-10,28.3300,28.5300,28.1800,28.4500,4394000,21.5041
2015-02-11,28.3700,28.4400,28.1600,28.3500,5292800,21.4285
2015-02-12,28.9200,29.2100,28.9100,29.2000,3579100,22.0710
2015-02-13,29.1800,29.2300,29.0800,29.1900,5914500,22.0635
2015-02-17,28.9800,29.1200,28.7800,29.0500,4110700,21.9576
2015-02-18,29.0400,29.2200,28.9400,29.1300,4587200,22.0181
2015-02-19,29.0900,29.2300,29.0100,29.1000,13766600,21.9954
2015-02-20,28.9100,29.6600,28.8600,29.5000,7021800,22.2978
2015-02-23,29.3900,29.4800,29.3100,29.4200,2199000,22.2373
2015-02-24,29.3900,29.7100,29.2900,29.6600,3242200,22.4187
2015-02-25,29.6200,29.7100,29.5500,29.6700,6369500,22.4263
2015-02-26,29.5400,29.6500,29.4800,29.5800,3733000,22.3583
2015-02-27,29.5700,29.8100,29.4900,29.7000,3890300,22.4490
2015-03-02,29.8000,29.8400,29.6800,29.8200,4455400,22.5397
2015-03-03,29.6900,29.7300,29.3800,29.4900,3679700,22.2902
2015-03-04,29.3000,29.4500,29.0900,29.4200,5131500,22.2373
2015-03-05,29.5100,29.6200,29.4200,29.5100,8105000,22.3053
2015-03-06,29.2100,29.3400,29.0200,29.0400,5953600,21.9501
2015-03-09,29.2100,29.3500,29.1400,29.3000,17522400,22.1466
2015-03-10,28.7300,28.8900,28.6200,28.6600,6871100,21.6629
2015-03-11,28.8000,29.1100,28.7600,29.0100,7789000,21.9274
2015-03-12,29.0900,29.2800,29.0500,29.2700,6006400,22.1239
2015-03-13,28.9800,29.2400,28.8100,29.1900,5346900,22.0635
2015-03-16,29.7400,30.0600,29.6800,29.9300,6375400,22.6228
2015-03-17,29.6600,29.6900,29.4500,29.6000,4287500,22.3734
2015-03-18,29.4000,30.0600,29.3800,29.9500,8854300,22.6379
2015-03-19,29.4400,29.5800,29.2700,29.4700,8532400,22.2751
2015-03-20,30.2600,30.4800,30.1200,30.2600,6941800,22.8722
2015-03-23,30.2400,30.3300,30.0800,30.2100,4283100,22.8344
2015-03-24,30.3600,30.5400,30.2600,30.3800,4217400,22.9629
2015-03-25,30.5700,30.5900,30.2000,30.2100,5319800,22.8344
2015-03-26,29.9000,30.0900,29.6200,30.0100,4149100,22.6833
2015-03-27,30.0200,30.2000,29.8700,30.1000,2962300,22.7513
2015-03-30,30.3400,30.4700,30.3100,30.3600,2865000,22.9478
2015-03-31,29.8800,30.0600,29.7800,29.8400,9533000,22.5548
2015-04-01,30.2100,30.2500,29.9400,30.1000,4452100,22.7513
2015-04-02,30.2500,30.3900,30.1800,30.3300,5661400,22.9251
2015-04-06,30.5400,30.8400,30.3900,30.6200,4038800,23.1443
2015-04-07,30.5400,30.6800,30.3700,30.3800,4386700,22.9629
2015-04-08,30.4900,30.5200,30.1500,30.2700,3365600,22.8798
2015-04-09,30.2600,30.3200,30.1100,30.2500,2601900,22.8647
2015-04-10,30.5000,30.5600,30.4400,30.5500,2724700,23.0914
2015-04-13,30.4300,30.4800,30.1400,30.2300,4514200,22.8496
2015-04-14,30.3900,30.4400,30.2900,30.3700,2679300,22.9554
2015-04-15,30.4200,30.5000,30.1100,30.3600,3604600,22.9478
2015-04-16,30.1200,30.1500,29.8700,30.0300,5812800,22.6984
2015-04-17,29.5300,29.5700,29.2400,29.3900,7136400,22.2146
2015-04-20,29.6600,29.7900,29.5800,29.6300,3272100,22.3960
2015-04-21,29.9100,29.9600,29.7800,29.8900,4160400,22.5926
2015-04-22,29.7500,29.7700,29.4600,29.7300,2620000,22.4716
2015-04-23,29.4000,29.7300,29.2900,29.6300,9728700,22.3960
2015-04-24,29.7000,29.9100,29.4800,29.7900,3191800,22.5170
2015-04-27,30.2600,30.4800,30.2300,30.2900,4031700,22.8949
2015-04-28,30.1200,30.1900,29.9200,30.1200,4030100,22.7664
2015-04-29,29.8600,29.9200,29.4800,29.6300,8521700,22.3960
2015-04-30,29.7700,29.8900,29.5700,29.6200,10081900,22.3885
2015-05-01,29.8300,30.0200,29.7100,30.0000,3028400,22.6757
2015-05-04,30.0200,30.1300,29.9600,29.9800,5637300,22.6606
2015-05-05,29.7600,29.7800,29.3400,29.4100,3793200,22.2298
2015-05-06,29.7600,29.9500,29.5500,29.7700,11252300,22.5019
2015-05-07,29.7100,29.8500,29.6000,29.7200,3476600,22.4641
2015-05-08,30.1100,30.5000,30.0900,30.3800,4433200,22.9629
2015-05-11,30.0700,30.1900,29.9600,30.0100,4428600,22.6833
2015-05-12,29.9100,30.0000,29.7200,29.8400,2657400,22.5548
2015-05-13,30.0200,30.1600,29.7300,29.7700,4246300,22.5019
2015-05-14,30.3200,30.5600,30.2300,30.5400,5225300,23.0839
2015-05-15,30.3200,30.4800,30.1800,30.4600,2026800,23.0234
2015-05-18,30.3900,30.5400,30.2900,30.4600,1669900,23.0234
2015-05-19,30.4300,30.6700,30.3900,30.5400,3208800,23.0839
2015-05-20,30.4500,30.6300,30.3600,30.5000,4168000,23.0536
2015-05-21,30.4500,30.6500,30.4300,30.5800,3203400,23.1141
2015-05-22,30.2700,30.2800,30.1400,30.1800,5490300,22.8118
2015-05-26,29.6400,29.6500,29.2500,29.3500,5557500,22.1844
2015-05-27,29.2600,29.7700,29.2100,29.7300,5387100,22.4716
2015-05-28,29.5900,29.6600,29.3200,29.6400,2876400,22.4036
2015-05-29,29.4100,29.4200,29.0000,29.1100,5038700,22.0030
2015-06-01,29.1200,29.1500,28.7900,29.0200,3574300,21.9350
2015-06-02,29.2200,29.4800,29.1000,29.2800,4121700,22.1315
2015-06-03,29.6300,29.9400,29.6100,29.7400,4326500,22.4792
2015-06-04,29.5200,29.9400,29.2600,29.3600,6531600,22.1920
2015-06-05,28.8100,29.0700,28.6500,28.8200,5064300,21.7838
2015-06-08,28.7700,28.9100,28.6700,28.7900,5884100,21.7611
2015-06-09,28.5900,28.7900,28.4000,28.6400,3986300,21.6477
2015-06-10,29.2200,29.6300,29.1500,29.5600,4819400,22.3431
2015-06-11,29.6900,29.8000,29.3600,29.5500,18243900,22.3356
2015-06-12,29.0300,29.3200,28.8300,29.2000,4336300,22.0710
2015-06-15,28.5400,28.8300,28.5100,28.8000,3148000,21.7687
2015-06-16,28.6000,28.8400,28.5100,28.8000,2655600,21.7687
2015-06-17,28.7600,28.8400,28.3600,28.6900,5321500,21.6855
2015-06-18,28.8400,29.7600,28.8300,29.2700,9981100,22.1239
2015-06-19,29.0600,29.1200,28.8800,28.9800,3915100,21.9047
2015-06-22,29.8700,30.2200,29.8300,29.9700,11568700,22.6530
2015-06-23,29.9000,30.0300,29.8300,29.9000,9751100,22.6001
2015-06-24,29.6500,29.7700,29.5300,29.5600,14108400,22.3431
2015-06-25,29.2300,29.2500,28.9600,29.1700,5439500,22.4323
2015-06-26,29.2700,29.3900,29.0700,29.2900,4971200,22.5246
2015-06-29,28.4300,28.5800,28.0300,28.1100,11704700,21.6172
2015-06-30,28.3500,28.3600,27.7300,27.8800,21530400,21.4403
2015-07-01,28.3300,28.4100,27.9800,28.1200,4002400,21.6249
2015-07-02,28.1700,28.1700,27.9400,28.0300,5942300,21.5557
2015-07-06,27.3200,27.6800,27.1900,27.3400,9115000,21.0250
2015-07-07,26.9900,27.4600,26.6200,27.4300,16279100,21.0942
2015-07-08,27.1100,27.2200,26.9300,27.0100,5998000,20.7713
2015-07-09,27.6200,27.7600,27.5000,27.5400,5060000,21.1788
2015-07-10,28.7700,28.9100,28.6300,28.8900,6892300,22.2170
2015-07-13,28.8000,28.8700,28.7100,28.7900,8777300,22.1401
2015-07-14,28.7600,28.9300,28.7200,28.8800,11098800,22.2093
2015-07-15,28.8100,28.8600,28.6200,28.7700,5302100,22.1247
2015-07-16,29.0800,29.1800,28.9800,29.0000,3854500,22.3016
2015-07-17,28.9300,28.9300,28.7900,28.8600,7178100,22.1939
2015-07-20,29.0500,29.0800,28.9500,29.0000,7975400,22.3016
2015-07-21,28.8900,28.9500,28.8200,28.8900,7407000,22.2170
2015-07-22,28.5700,28.7000,28.5300,28.6900,2091000,22.0632
2015-07-23,28.7600,28.8700,28.6400,28.6600,5575000,22.0401
2015-07-24,28.6000,28.6300,28.2200,28.2500,8472300,21.7248
2015-07-27,28.1200,28.1500,27.8700,27.9300,5674200,21.4788
2015-07-28,28.1300,28.2900,27.9500,28.2400,2554100,21.7172
2015-07-29,28.2000,28.4000,28.1500,28.2200,4818700,21.7018
2015-07-30,27.9800,28.0900,27.7600,28.0600,2613600,21.5787
2015-07-31,28.3800,28.5300,28.2600,28.3300,7146000,21.7864
2015-08-03,28.6200,28.6700,28.4200,28.5300,3682900,21.9402
2015-08-04,28.6100,28.7100,28.4700,28.5200,1785200,21.9325
2015-08-05,28.8200,28.9200,28.7600,28.8400,4138300,22.1786
2015-08-06,28.9300,28.9600,28.7500,28.8500,2014900,22.1863
2015-08-07,28.6200,28.7900,28.5800,28.7600,3123100,22.1170
2015-08-10,28.8100,29.1600,28.8100,29.1400,1800300,22.4093
2015-08-11,28.6200,28.6500,28.3400,28.4800,3926600,21.9017
2015-08-12,28.0500,28.1800,27.7900,28.1800,10962600,21.6710
2015-08-13,28.0100,28.1100,27.9500,28.0100,6823100,21.5403
2015-08-14,27.9800,28.1200,27.8900,28.0700,8624900,21.5864
2015-08-17,27.6000,27.8200,27.5400,27.8100,14334700,21.3865
2015-08-18,27.6100,27.6400,27.4400,27.5000,4347100,21.1481
2015-08-19,27.1500,27.3500,27.0200,27.2100,12362700,20.9251
2015-08-20,27.0400,27.0500,26.4300,26.4600,9605100,20.3483
2015-08-21,26.5400,26.7800,25.9500,26.0100,14369500,20.0022
2015-08-24,25.5600,26.2800,25.0300,25.6300,20636800,19.7100
2015-08-25,26.5900,26.6000,25.7300,25.8100,11952000,19.8484
2015-08-26,26.4100,26.4800,25.8800,26.4800,11421900,20.3637
2015-08-27,26.5400,26.7000,26.3900,26.6400,9829100,20.4867
2015-08-28,26.3900,26.4500,26.2400,26.3600,3505700,20.2714
2015-08-31,26.2900,26.4500,26.1700,26.3400,8330600,20.2560
2015-09-01,25.8400,25.8800,25.6200,25.7000,4773200,19.7638
2015-09-02,26.0300,26.0600,25.8100,26.0500,4540300,20.0330
2015-09-03,26.2200,26.4200,26.0700,26.1300,5573600,20.0945
2015-09-04,25.5900,25.6900,25.4600,25.5800,4704000,19.6716
2015-09-08,26.4200,26.5300,26.2600,26.5000,5013300,20.3791
2015-09-09,26.6700,26.6800,26.0900,26.1200,3048300,20.0868
2015-09-10,26.2200,26.5700,26.1700,26.4800,3643100,20.3637
2015-09-11,26.2300,26.4900,26.2100,26.4800,3815000,20.3637
2015-09-14,26.3100,26.4200,26.2000,26.3500,2586700,20.2637
2015-09-15,26.3300,26.4900,26.2700,26.4700,3515300,20.3560
2015-09-16,26.4400,26.5700,26.3300,26.5700,2063700,20.4329
2015-09-17,26.5700,26.9400,26.4900,26.7400,10535000,20.5636
2015-09-18,25.9400,26.0600,25.7300,25.7600,5446900,19.8100
2015-09-21,25.6300,25.7000,25.4400,25.5700,2988700,19.6639
2015-09-22,24.7000,24.7700,24.4200,24.6000,5743100,18.9179
2015-09-23,24.7400,24.8200,24.5000,24.6100,12731600,18.9256
2015-09-24,24.3500,24.6200,24.2200,24.5600,14326900,18.8872
2015-09-25,24.8100,24.9300,24.6000,24.7000,6935200,18.9948
2015-09-28,24.4800,24.4800,24.3000,24.3300,5285800,18.7103
2015-09-29,24.2900,24.4600,24.1700,24.4200,4664500,18.7795
2015-09-30,24.8600,24.9100,24.5400,24.7400,8084700,19.0256
2015-10-01,24.6200,24.6700,24.2700,24.5300,15412400,18.8641
2015-10-02,24.4600,24.8600,24.3200,24.8600,3200400,19.1179
2015-10-05,25.2300,25.3300,25.1400,25.2900,1910600,19.4485
2015-10-06,25.3900,25.6000,25.3700,25.5000,2583100,19.6100
2015-10-07,25.8100,25.9200,25.6200,25.8100,2302000,19.8484
2015-10-08,25.7100,26.0600,25.6900,26.0400,4236400,20.0253
2015-10-09,26.2300,26.2800,26.1300,26.2600,5412300,20.1945
2015-10-12,26.2200,26.3300,26.1900,26.2400,1650400,20.1791
2015-10-13,25.8900,26.1800,25.8800,26.0000,5382700,19.9945
2015-10-14,26.0800,26.1800,25.9300,26.0500,1550200,20.0330
2015-10-15,26.1600,26.3800,26.1300,26.3600,1540500,20.2714
2015-10-16,26.1700,26.2800,26.1200,26.2400,1106700,20.1791
2015-10-19,26.2800,26.3000,26.1900,26.2700,2983400,20.2022
2015-10-20,26.2600,26.3300,26.2300,26.2600,1366100,20.1945
2015-10-21,26.5300,26.5900,26.3300,26.3300,1681800,20.2483
2015-10-22,26.5200,26.8600,26.5100,26.7500,6187200,20.5713
2015-10-23,27.1500,27.2500,27.0400,27.2000,4356900,20.9174
2015-10-26,27.2400,27.2700,27.1100,27.2000,1076900,20.9174
2015-10-27,27.0200,27.0700,26.8600,26.9300,1813400,20.7097
2015-10-28,27.1500,27.4200,26.8500,27.1300,8465400,20.8635
2015-10-29,26.9400,27.0700,26.8800,27.0500,2539600,20.8020
2015-10-30,27.1100,27.3000,27.0800,27.1100,3890100,20.8482
2015-11-02,27.5300,27.5900,27.4700,27.5200,2564300,21.1635
2015-11-03,27.2500,27.4000,27.1600,27.3300,2563300,21.0173
2015-11-04,27.0600,27.0700,26.7200,26.8500,3718000,20.6482
2015-11-05,27.0100,27.0500,26.7900,26.9100,2773300,20.6944
2015-11-06,26.8700,26.9500,26.7000,26.9200,2597400,20.7020
2015-11-09,26.7200,26.7300,26.3700,26.4800,3830800,20.3637
2015-11-10,26.2900,26.4500,26.2300,26.4100,3563900,20.3098
2015-11-11,26.6200,26.6500,26.4300,26.4900,3520600,20.3714
2015-11-12,26.3100,26.5200,26.2500,26.3100,5284200,20.2329
2015-11-13,26.1200,26.1600,25.9200,26.0500,3430000,20.0330
2015-11-16,26.0800,26.2700,26.0300,26.2600,3599100,20.1945
2015-11-17,26.4500,26.5600,26.3200,26.3800,8315900,20.2868
2015-11-18,26.5600,26.7400,26.4700,26.7000,4218900,20.5329
2015-11-19,26.9700,27.1200,26.9300,26.9800,4687900,20.7482
2015-11-20,27.0700,27.1100,26.8400,26.8600,6499300,20.6559
2015-11-23,26.8000,26.8600,26.6200,26.7200,2895800,20.5482
2015-11-24,26.4000,26.5800,26.3300,26.5400,2705400,20.4098
2015-11-25,26.7800,26.9900,26.7500,26.8900,2557600,20.6790
2015-11-27,27.1200,27.2100,27.1100,27.1700,1955400,20.8943
2015-11-30,27.3300,27.3800,27.2400,27.2500,4826500,20.9558
2015-12-01,27.3600,27.3700,27.1200,27.2700,9705900,20.9712
2015-12-02,26.9900,27.0500,26.7800,26.8300,9061700,20.6328
2015-12-03,26.9200,26.9500,26.5300,26.6700,20359000,20.5098
2015-12-04,26.5800,26.9700,26.5700,26.9300,6132000,20.7097
2015-12-07,26.9700,27.0200,26.8300,26.9900,4886800,20.7559
2015-12-08,26.5000,26.6100,26.3700,26.5200,3171700,20.3944
2015-12-09,26.5100,26.7300,26.2200,26.4000,6569100,20.3022
2015-12-10,26.4700,26.5900,26.3700,26.4100,2572600,20.3098
2015-12-11,25.9700,26.0300,25.7600,25.7800,6003900,19.8254
2015-12-14,25.8500,25.9200,25.5100,25.7500,8441100,19.8023
2015-12-15,26.0800,26.1700,25.9400,26.0400,7228800,20.0253
2015-12-16,26.2800,26.5700,26.0900,26.4800,8976500,20.3637
2015-12-17,26.6800,26.7000,26.3800,26.4000,6214100,20.3022
2015-12-18,26.2100,26.2800,26.0700,26.0900,7442200,20.0638
2015-12-21,26.5500,26.5800,26.1200,26.2700,3632500,20.2022
2015-12-22,26.2900,26.4100,26.1500,26.3800,5846100,20.2868
2015-12-23,26.5100,26.7900,26.5100,26.7900,2387700,20.6021
2015-12-24,26.7800,26.8600,26.7700,26.7900,890500,20.6021
2015-12-28,26.7100,26.7700,26.5800,26.7300,1857200,20.5559
2015-12-29,26.9000,27.0800,26.8700,27.0400,2008900,20.7943
2015-12-30,26.7600,26.7800,26.6000,26.6200,2443700,20.4713
2015-12-31,26.4300,26.4800,26.1700,26.1900,6730100,20.1407
2016-01-04,25.6000,25.6300,25.2300,25.5600,5939400,19.6562
2016-01-05,25.3100,25.3700,25.0900,25.3200,8073700,19.4716
2016-01-06,24.7900,25.0900,24.7400,25.0300,7372800,19.2486
2016-01-07,24.5300,24.8000,24.4700,24.5300,13044500,18.8641
2016-01-08,24.8400,24.8700,24.2400,24.2900,6369000,18.6795
2016-01-11,24.6800,24.6900,24.2900,24.4800,7908400,18.8256
2016-01-12,24.8900,24.9400,24.6200,24.8700,9033200,19.1256
2016-01-13,24.8500,24.9000,24.1700,24.2500,6576800,18.6488
2016-01-14,24.3000,24.6300,24.1200,24.5300,11884900,18.8641
2016-01-15,23.6700,23.9000,23.5200,23.6300,11227200,18.1720
2016-01-19,24.0000,24.1000,23.7400,23.9200,7828200,18.3950
2016-01-20,23.5400,23.5900,23.0600,23.4900,7753100,18.0643
2016-01-21,23.4900,23.8500,23.2800,23.7300,8377100,18.2489
2016-01-22,24.1300,24.2500,24.0400,24.1800,14453600,18.5949
2016-01-25,24.0700,24.1800,23.9400,23.9700,5688200,18.4334
2016-01-26,24.1200,24.4400,24.1200,24.4300,4873300,18.7872
2016-01-27,24.3400,24.6100,24.1900,24.2600,13096600,18.6564
2016-01-28,24.3400,24.3800,23.9500,24.1600,5461900,18.5795
2016-01-29,24.0600,24.3400,24.0200,24.3300,6935000,18.7103
2016-02-01,24.1000,24.3700,24.0200,24.3100,4262600,18.6949
2016-02-02,24.0000,24.0200,23.6500,23.7000,8097000,18.2258
2016-02-03,23.9800,24.1600,23.6300,24.1500,9056500,18.5719
2016-02-04,23.8700,24.1800,23.7900,24.0600,12475000,18.5026
2016-02-05,23.9700,24.0200,23.5200,23.6000,5300400,18.1489
2016-02-08,22.9700,23.0900,22.8200,23.0100,11590400,17.6952
2016-02-09,22.6700,23.1000,22.6700,22.9700,12014000,17.6644
2016-02-10,23.2400,23.3200,23.0100,23.0400,9710900,17.7182
2016-02-11,22.9300,22.9600,22.6900,22.8700,16210600,17.5875
2016-02-12,22.9300,23.1300,22.7900,23.1200,11672300,17.7798
2016-02-16,23.3800,23.4400,23.1500,23.4400,3517700,18.0259
2016-02-17,23.7000,24.0000,23.7000,23.9400,7225300,18.4104
2016-02-18,24.1200,24.1200,23.9100,23.9700,9388100,18.4334
2016-02-19,23.7600,23.9300,23.6800,23.8900,5012200,18.3719
2016-02-22,24.0300,24.1700,24.0300,24.1400,2844900,18.5642
2016-02-23,23.9500,23.9800,23.6600,23.7000,3931300,18.2258
2016-02-24,23.1000,23.4200,22.9900,23.4000,7371000,17.9951
2016-02-25,23.5300,23.6600,23.4000,23.6600,3977000,18.1950
2016-02-26,23.8200,23.8500,23.6100,23.6500,4033900,18.1873
2016-02-29,23.4800,23.5800,23.3400,23.3600,4084400,17.9643
2016-03-01,23.9100,24.2600,23.8600,24.2400,5026900,18.6411
2016-03-02,24.0500,24.2300,23.9800,24.2200,4342300,18.6257
2016-03-03,24.2500,24.4700,24.2000,24.4600,3127300,18.8103
2016-03-04,24.5700,24.7000,24.5200,24.5600,6234400,18.8872
2016-03-07,24.2600,24.5900,24.2400,24.4900,8483600,18.8333
2016-03-08,24.4900,24.5000,24.2400,24.2400,4244700,18.6411
2016-03-09,24.4100,24.4400,24.2800,24.3400,4830700,18.7180
2016-03-10,24.6300,24.8700,24.0200,24.2500,23740800,18.6488
2016-03-11,24.8400,25.1300,24.8100,25.1100,9918400,19.3101
2016-03-14,25.2100,25.3100,25.1400,25.2400,3916100,19.4101
2016-03-15,25.0800,25.1500,25.0100,25.1300,2914800,19.3255
2016-03-16,25.0800,25.5700,25.0800,25.5200,4877200,19.6254
2016-03-17,25.3700,25.5400,25.2700,25.5100,4881900,19.6177
2016-03-18,25.4900,25.6100,25.4500,25.5500,8096000,19.6485
2016-03-21,25.4800,25.6000,25.4200,25.5200,6035000,19.6254
2016-03-22,25.2900,25.5800,25.2700,25.5200,3596000,19.6254
2016-03-23,25.6500,25.6500,25.3900,25.4300,3425800,19.5562
2016-03-24,25.0900,25.2200,25.0500,25.1700,2306800,19.3563
2016-03-28,25.3100,25.3200,25.1800,25.2400,1912000,19.4101
2016-03-29,25.0900,25.5900,25.0800,25.5900,3383200,19.6792
2016-03-30,25.9600,26.1100,25.8800,25.9300,4455400,19.9407
2016-03-31,25.8900,25.9800,25.7300,25.7300,4347700,19.7869
2016-04-01,25.2100,25.5500,25.1700,25.5200,5742300,19.6254
2016-04-04,25.5500,25.6100,25.3800,25.4000,4828500,19.5331
2016-04-05,24.8900,24.9400,24.7800,24.8000,3265400,19.0717
2016-04-06,24.7600,25.1600,24.7600,25.1500,2705600,19.3409
2016-04-07,24.8500,24.8900,24.5300,24.6000,9828900,18.9179
2016-04-08,25.1000,25.1400,24.9400,25.0200,10829900,19.2409
2016-04-11,25.2800,25.4100,25.1100,25.1100,2921800,19.3101
2016-04-12,25.2200,25.4700,25.0500,25.4300,3523100,19.5562
2016-04-13,25.6900,25.8200,25.6400,25.7400,2720700,19.7946
2016-04-14,25.9000,25.9100,25.8200,25.8300,3235600,19.8638
2016-04-15,25.8700,25.9000,25.7600,25.8000,3391600,19.8407
2016-04-18,25.7900,26.1400,25.7800,26.0900,4147600,20.0638
2016-04-19,26.6600,26.8000,26.6400,26.7600,3685400,20.5790
2016-04-20,26.7800,26.8900,26.6800,26.7800,3396100,20.5944
2016-04-21,26.8000,26.8300,26.6000,26.6700,4064700,20.5098
2016-04-22,26.5200,26.6100,26.4200,26.5300,4360400,20.4021
2016-04-25,26.3300,26.4100,26.2500,26.4000,6173000,20.3022
2016-04-26,26.4500,26.4900,26.3000,26.4200,2681800,20.3175
2016-04-27,26.4500,26.6200,26.4100,26.5700,7737800,20.4329
2016-04-28,26.3100,26.5700,26.2900,26.3800,6916000,20.2868
2016-04-29,26.3100,26.3700,26.1400,26.2300,7650900,20.1714
2016-05-02,26.4700,26.5600,26.3900,26.5300,2568100,20.4021
2016-05-03,26.1900,26.2100,26.0000,26.0400,6226200,20.0253
2016-05-04,25.7800,25.8900,25.6500,25.7100,9265700,19.7715
2016-05-05,25.5500,25.6000,25.4700,25.5500,6392700,19.6485
2016-05-06,25.5200,25.7400,25.5200,25.7300,8510000,19.7869
2016-05-09,25.9300,26.0000,25.8000,25.8200,3774000,19.8561
2016-05-10,25.9600,26.1100,25.9200,26.0900,5461100,20.0638
2016-05-11,25.8900,26.0500,25.8200,25.8600,8028600,19.8869
2016-05-12,25.9300,25.9600,25.5000,25.6100,9941200,19.6946
2016-05-13,25.5300,25.6800,25.3800,25.4500,5230600,19.5716
2016-05-16,25.4900,25.6700,25.4000,25.6300,4052700,19.7100
2016-05-17,25.5300,25.6200,25.3000,25.3500,4397100,19.4947
2016-05-18,25.2700,25.5900,25.2100,25.3400,6566700,19.4870
2016-05-19,25.0500,25.1300,24.9700,25.1000,4761700,19.3024
2016-05-20,25.2900,25.3700,25.2400,25.3100,6007000,19.4639
2016-05-23,25.1200,25.2200,25.1000,25.1800,6600900,19.3639
2016-05-24,25.3700,25.6600,25.3700,25.6000,7277400,19.6869
2016-05-25,25.8000,25.9200,25.8000,25.8500,3935500,19.8792
2016-05-26,26.1500,26.1800,26.0300,26.0800,2464400,20.0561
2016-05-27,26.0400,26.0900,25.9300,26.0000,1683900,19.9945
2016-05-31,26.1300,26.2100,25.8600,25.9300,4625700,19.9407
2016-06-01,25.8200,25.9900,25.7900,25.9600,4081400,19.9638
2016-06-02,25.8700,26.0100,25.8100,26.0000,4434700,19.9945
2016-06-03,26.0600,26.1400,25.8900,26.1200,3037600,20.0868
2016-06-06,26.1200,26.2400,26.0800,26.1600,3325900,20.1176
2016-06-07,26.5200,26.5800,26.4600,26.4700,5065600,20.3560
2016-06-08,26.5000,26.5400,26.4100,26.4900,1389900,20.3714
2016-06-09,25.9800,26.0700,25.9200,26.0100,3750200,20.0022
2016-06-10,25.3300,25.3800,25.0500,25.1500,6546700,19.3409
2016-06-13,24.8000,25.0400,24.6800,24.7500,4942800,19.0333
2016-06-14,24.5000,24.5800,24.2800,24.4600,9324400,18.8103
2016-06-15,24.5800,24.7800,24.5100,24.5400,5261800,18.8718
2016-06-16,24.1200,24.7200,23.9200,24.6900,5499700,18.9871
2016-06-17,24.7500,24.9700,24.6000,24.9300,9295000,19.1717
2016-06-20,25.7100,25.7600,25.5300,25.5300,12798800,19.6331
2016-06-21,25.7000,25.9200,25.5400,25.7400,6423800,19.7946
2016-06-22,25.3700,25.4200,25.1600,25.2200,10220700,19.8679
2016-06-23,25.7700,26.1100,25.5800,26.0400,11615400,20.5138
2016-06-24,23.5400,24.0300,23.4200,23.4900,46597900,18.5050
2016-06-27,23.0100,23.0200,22.5100,22.9200,11774000,18.0560
2016-06-28,23.3900,23.4600,23.1400,23.3900,16493500,18.4262
2016-06-29,23.7000,23.7500,23.5700,23.7100,11630600,18.6783
2016-06-30,23.7300,24.0800,23.6400,24.0500,14300300,18.9462
2016-07-01,24.2000,24.2800,24.1200,24.1200,22598400,19.0013
2016-07-05,23.6800,23.7200,23.3100,23.3700,16997000,18.4105
2016-07-06,23.0800,23.3200,22.8900,23.3000,9277100,18.3553
2016-07-07,23.2800,23.3700,23.0200,23.1300,13257100,18.2214
2016-07-08,23.6100,23.7000,23.5500,23.6500,9391900,18.6310
2016-07-11,24.0600,24.1800,24.0100,24.0300,6878100,18.9304
2016-07-12,24.5400,24.5900,24.4000,24.4100,8831800,19.2298
2016-07-13,24.5400,24.6100,24.4200,24.4500,3651800,19.2613
2016-07-14,24.8200,24.9400,24.7900,24.8300,8594400,19.5606
2016-07-15,24.7400,24.7600,24.6500,24.7300,9822600,19.4818
2016-07-18,24.6500,24.8600,24.5800,24.7400,2988000,19.4897
2016-07-19,24.4500,24.5000,24.3700,24.4600,3284000,19.2691
2016-07-20,24.7400,24.8300,24.6900,24.7700,2083100,19.5134
2016-07-21,24.8000,24.9000,24.7500,24.7900,6098300,19.5291
2016-07-22,24.8400,24.8700,24.7100,24.7800,3301500,19.5212
2016-07-25,24.9300,24.9800,24.8000,24.8900,2615700,19.6079
2016-07-26,25.0000,25.1100,24.9400,25.0700,5819000,19.7497
2016-07-27,25.2400,25.3600,25.0700,25.3000,4268300,19.9309
2016-07-28,25.4000,25.4500,25.2900,25.4200,4903900,20.0254
2016-07-29,25.5300,25.6900,25.5100,25.6500,2460400,20.2066
2016-08-01,25.5600,25.7000,25.4900,25.5500,2556500,20.1278
2016-08-02,25.4100,25.4100,25.2400,25.3100,7950900,19.9388
2016-08-03,25.1700,25.2900,25.1600,25.2900,1741100,19.9230
2016-08-04,25.2700,25.3300,25.2000,25.3000,1779700,19.9309
2016-08-05,25.3500,25.5400,25.3200,25.5100,2377600,20.0963
2016-08-08,25.6500,25.6800,25.6000,25.6400,2905900,20.1987
2016-08-09,25.9100,26.3600,25.9100,26.2700,3904400,20.6950
2016-08-10,26.4100,26.4500,26.3700,26.3800,1870400,20.7817
2016-08-11,26.5300,26.6400,26.4800,26.5300,3306800,20.8999
2016-08-12,26.5900,26.6300,26.4900,26.5000,3233500,20.8762
2016-08-15,26.6400,26.7100,26.6200,26.6300,2594200,20.9786
2016-08-16,26.6600,26.7800,26.6200,26.6600,6133300,21.0023
2016-08-17,26.4200,26.6100,26.3000,26.5400,5106400,20.9077
2016-08-18,26.5600,26.7400,26.5400,26.7400,1725400,21.0653
2016-08-19,26.4500,26.5700,26.3600,26.5600,2360800,20.9235
2016-08-22,26.3000,26.4600,26.2600,26.4300,1941900,20.8211
2016-08-23,26.6400,26.7200,26.5500,26.5700,1836900,20.9314
2016-08-24,26.5500,26.6000,26.4500,26.4800,1431500,20.8605
2016-08-25,26.3400,26.4100,26.2900,26.3300,1489400,20.7423
2016-08-26,26.3900,26.6900,26.0400,26.1500,4915000,20.6005
2016-08-29,26.0900,26.2900,26.0900,26.2700,4868700,20.6950
2016-08-30,26.3900,26.4500,26.2900,26.3300,2765200,20.7423
2016-08-31,26.2700,26.3400,26.1500,26.2100,1463400,20.6478
2016-09-01,26.2500,26.3200,26.0900,26.3000,6898400,20.7187
2016-09-02,26.4800,26.5900,26.3500,26.5400,2655500,20.9077
2016-09-06,26.5900,26.7500,26.5500,26.6900,2261600,21.0259
2016-09-07,26.7900,26.8800,26.7100,26.7900,1485300,21.1047
2016-09-08,26.6600,26.7500,26.5800,26.6500,6101100,20.9944
2016-09-09,26.4100,26.4100,26.0500,26.0700,3007100,20.5375
2016-09-12,25.8100,26.2700,25.8000,26.2500,2314100,20.6793
2016-09-13,26.0200,26.1000,25.7900,25.9000,3262900,20.4036
2016-09-14,25.9000,26.0400,25.8400,25.8900,2225900,20.3957
2016-09-15,25.8700,26.1400,25.7800,26.1000,2750400,20.5611
2016-09-16,25.5800,25.5800,25.4500,25.5200,3621300,20.1042
2016-09-19,25.7100,25.8100,25.6300,25.6800,1732700,20.2302
2016-09-20,25.9300,25.9700,25.7700,25.7900,1854900,20.3169
2016-09-21,25.8900,26.1600,25.8000,26.1400,3303500,20.5926
2016-09-22,26.6400,26.7500,26.5200,26.5400,3801900,20.9077
2016-09-23,26.4300,26.5200,26.4300,26.4400,1454600,20.8290
2016-09-26,26.0900,26.1100,25.9800,26.0100,3120100,20.4902
2016-09-27,25.6200,25.9700,25.6100,25.9500,5238700,20.4429
2016-09-28,26.1500,26.2600,25.9400,26.2100,2106200,20.6478
2016-09-29,26.1400,26.2200,25.5700,25.6900,4202900,20.2381
2016-09-30,25.9100,26.3600,25.8900,26.2700,3931000,20.6950
2016-10-03,26.1400,26.1600,25.9900,26.1600,3736900,20.6084
2016-10-04,26.2700,26.4300,26.1800,26.2800,5510100,20.7029
2016-10-05,26.3900,26.4300,26.3100,26.3900,2481900,20.7896
2016-10-06,26.2700,26.3300,26.2300,26.2700,2657900,20.6950
2016-10-07,26.1900,26.1900,25.8800,26.0800,2387300,20.5454
2016-10-10,26.2300,26.3600,26.2300,26.2500,1344200,20.6793
2016-10-11,26.2300,26.2500,25.8800,25.9700,4218700,20.4587
2016-10-12,25.7700,25.8600,25.6800,25.7800,7413700,20.3090
2016-10-13,25.4300,25.6900,25.3600,25.6400,5229100,20.1987
2016-10-14,25.8500,25.9500,25.7600,25.7700,1757000,20.3011
2016-10-17,25.7100,25.7500,25.6000,25.6700,1789600,20.2224
2016-10-18,25.9800,26.0000,25.8400,25.8900,4603700,20.3957
2016-10-19,25.9000,25.9700,25.8700,25.9400,1302900,20.4351
2016-10-20,25.8400,26.0400,25.8200,25.9400,3632200,20.4351
2016-10-21,25.7200,25.8400,25.7100,25.8400,1601200,20.3563
2016-10-24,26.0300,26.0600,25.8900,25.9200,1591500,20.4193
2016-10-25,25.9000,25.9600,25.8200,25.9300,1782500,20.4272
2016-10-26,25.7600,25.8700,25.7300,25.8000,4023200,20.3248
2016-10-27,25.8900,25.9100,25.7800,25.8000,3075100,20.3248
2016-10-28,25.7800,25.9300,25.7500,25.8600,2549300,20.3720
2016-10-31,25.8300,25.9400,25.7500,25.9100,2227200,20.4114
2016-11-01,25.9700,25.9700,25.6000,25.7100,3840300,20.2539
2016-11-02,25.6100,25.6600,25.4300,25.5100,4986900,20.0963
2016-11-03,25.4400,25.4800,25.3200,25.3700,3391500,19.9860
2016-11-04,25.2100,25.3100,25.1300,25.1900,2221600,19.8442
2016-11-07,25.5000,25.5800,25.4400,25.5600,1829700,20.1357
2016-11-08,25.4900,25.7100,25.4500,25.6400,3527100,20.1987
2016-11-09,25.3400,25.7600,25.3400,25.6500,6317000,20.2066
2016-11-10,25.6200,25.6900,25.3400,25.5700,5576000,20.1436
2016-11-11,25.5600,25.6100,25.4000,25.4900,2449500,20.0806
2016-11-14,25.2400,25.3200,25.1600,25.2400,6913300,19.8836
2016-11-15,25.2400,25.3700,25.2100,25.3600,3365000,19.9782
2016-11-16,25.0400,25.1600,25.0000,25.0600,5069200,19.7418
2016-11-17,25.0500,25.1400,25.0000,25.0900,5496200,19.7655
2016-11-18,24.9600,25.0000,24.8200,24.8600,2036700,19.5843
2016-11-21,24.9800,25.0500,24.9000,25.0200,1446600,19.7103
2016-11-22,25.0900,25.1300,24.9700,25.0900,2493500,19.7655
2016-11-23,24.7000,24.8300,24.6400,24.8100,2552500,19.5449
2016-11-25,24.9800,25.0000,24.9400,24.9700,1725700,19.6709
2016-11-28,24.7700,24.8000,24.6600,24.7100,2007400,19.4661
2016-11-29,24.6700,24.9600,24.6600,24.9200,1485600,19.6315
2016-11-30,24.9200,24.9400,24.7800,24.8300,2764100,19.5606
2016-12-01,24.7000,24.7200,24.5500,24.6800,1837000,19.4425
2016-12-02,24.5800,24.8200,24.5600,24.7400,2653400,19.4897
2016-12-05,25.1300,25.4000,25.1200,25.3400,3004800,19.9624
2016-12-06,25.3200,25.5700,25.3200,25.5600,4378700,20.1357
2016-12-07,25.8200,26.2700,25.8200,26.1600,13291000,20.6084
2016-12-08,26.0900,26.1300,26.0000,26.0700,6705100,20.5375
2016-12-09,26.0100,26.1200,25.9600,26.0900,6189300,20.5532
2016-12-12,26.0700,26.1700,26.0400,26.1100,4169800,20.5690
2016-12-13,26.2700,26.4500,26.2700,26.3400,5876300,20.7502
2016-12-14,26.3200,26.4400,25.9500,26.0200,11454900,20.4981
2016-12-15,25.9000,26.0400,25.8800,26.0200,4158700,20.4981
2016-12-16,26.0800,26.2400,26.0800,26.1300,5400700,20.5847
2016-12-19,26.1400,26.2500,26.0500,26.0600,2280100,20.5296
2016-12-20,26.0800,26.2200,26.0800,26.1500,1330600,20.6005
2016-12-21,26.2800,26.3400,26.2600,26.2900,2827600,20.7179
2016-12-22,26.3500,26.4100,26.2600,26.2700,1742400,20.7022
2016-12-23,26.2400,26.3300,26.2400,26.3100,1280000,20.7337
2016-12-27,26.3500,26.4000,26.3400,26.3600,1463000,20.7731
2016-12-28,26.2400,26.2400,26.1100,26.1800,2108600,20.6312
2016-12-29,26.2800,26.4000,26.2800,26.3400,1523300,20.7573
2016-12-30,26.5800,26.6700,26.4600,26.4800,3084600,20.8677
2017-01-03,26.4900,26.5500,26.4100,26.5000,2838700,20.8834
2017-01-04,26.5100,26.6800,26.5100,26.6600,2657900,21.0095
2017-01-05,26.7900,27.0100,26.7900,26.9500,4653300,21.2380
2017-01-06,26.8100,26.9300,26.8100,26.8600,1278300,21.1671
2017-01-09,26.7100,26.8800,26.7000,26.8300,1195500,21.1435
2017-01-10,26.8800,26.9700,26.8100,26.8200,3497300,21.1356
2017-01-11,26.7600,27.1200,26.7600,27.0800,6543300,21.3405
2017-01-12,27.0600,27.0900,26.9400,26.9900,3330200,21.2696
2017-01-13,27.1400,27.1700,27.0700,27.1200,1703300,21.3720
2017-01-17,27.1600,27.2200,27.1200,27.1800,6282700,21.4193
2017-01-18,27.1400,27.2600,27.1100,27.1800,1939100,21.4193
2017-01-19,27.1100,27.1400,27.0300,27.1200,1688900,21.3720
2017-01-20,27.2200,27.3200,27.2100,27.3100,1826100,21.5217
2017-01-23,27.3000,27.3700,27.2300,27.3500,1857900,21.5533
2017-01-24,27.3500,27.4900,27.3500,27.4600,1140000,21.6399
2017-01-25,27.8000,27.9400,27.7800,27.9100,3413700,21.9946
2017-01-26,27.7900,27.8300,27.7100,27.7800,1368300,21.8921
2017-01-27,27.8000,27.8300,27.7300,27.7800,1042900,21.8921
2017-01-30,27.4300,27.5600,27.3300,27.5600,3276300,21.7187
2017-01-31,27.6700,27.6900,27.3900,27.5100,3973200,21.6793
2017-02-01,27.7000,27.7100,27.5200,27.6000,8959600,21.7503
2017-02-02,27.6300,27.6900,27.5300,27.5900,1119000,21.7424
2017-02-03,27.6000,27.6700,27.5400,27.6500,1774900,21.7897
2017-02-06,27.1900,27.2700,27.0800,27.2200,3865900,21.4508
2017-02-07,27.2000,27.2300,27.1100,27.1800,5691600,21.4193
2017-02-08,27.0700,27.2000,27.0200,27.1800,3879600,21.4193
2017-02-09,27.2400,27.3500,27.2200,27.2900,1862200,21.5060
2017-02-10,27.2200,27.3500,27.2100,27.3100,1478500,21.5217
2017-02-13,27.5400,27.5600,27.4300,27.4300,1603000,21.6163
2017-02-14,27.4500,27.4700,27.3200,27.4400,2283900,21.6242
2017-02-15,27.2300,27.5100,27.2100,27.4900,2900500,21.6636
2017-02-16,27.5400,27.6600,27.5300,27.6400,4880600,21.7818
2017-02-17,27.4800,27.5500,27.4300,27.5400,3198100,21.7030
2017-02-21,27.5800,27.8000,27.5800,27.7800,3161700,21.8921
2017-02-22,27.6800,27.8900,27.6600,27.8600,4258500,21.9552
2017-02-23,27.8600,27.8800,27.7200,27.8000,4308100,21.9079
2017-02-24,27.3400,27.5000,27.3100,27.4800,3838800,21.6557
2017-02-27,27.4800,27.6200,27.4600,27.5700,4030000,21.7266
2017-02-28,27.5300,27.6500,27.5000,27.5200,3465400,21.6872
2017-03-01,27.7800,27.9900,27.7600,27.9100,3752500,21.9946
2017-03-02,27.7900,27.8500,27.7500,27.7600,2815300,21.8764
2017-03-03,27.8400,28.0100,27.7600,27.9900,2554400,22.0576
2017-03-06,27.8500,27.8500,27.7200,27.8300,1656900,21.9315
2017-03-07,27.7100,27.8100,27.6600,27.7200,3917600,21.8448
2017-03-08,27.7400,27.7900,27.5800,27.6100,1370700,21.7581
2017-03-09,27.7900,27.8800,27.7200,27.7900,2733800,21.9000
2017-03-10,28.0000,28.0700,27.8900,28.0500,4366600,22.1049
2017-03-13,28.0200,28.1000,28.0200,28.0600,4159200,22.1128
2017-03-14,27.9700,28.0000,27.8900,27.9100,4470300,21.9946
2017-03-15,27.9000,28.3000,27.8900,28.2700,3795200,22.2783
2017-03-16,28.4100,28.5300,28.3300,28.4900,4634000,22.4516
2017-03-17,28.4600,28.5300,28.4100,28.4100,5675100,22.3886
2017-03-20,28.4400,28.4800,28.3000,28.3600,1541300,22.3492
2017-03-21,28.6500,28.6700,28.1800,28.2200,3995000,22.2389
2017-03-22,28.1500,28.2800,28.1300,28.2300,1898500,22.2467
2017-03-23,28.1500,28.4500,28.1500,28.3700,2066500,22.3571
2017-03-24,28.4800,28.6400,28.4600,28.5500,7910100,22.4989
2017-03-27,28.4800,28.6300,28.4300,28.6200,6490400,22.5541
2017-03-28,28.7000,28.9100,28.6900,28.8100,5678800,22.7038
2017-03-29,28.7500,28.7800,28.6800,28.7800,5018300,22.6802
2017-03-30,28.7000,28.7700,28.6200,28.6300,2451700,22.5620
2017-03-31,28.6600,28.8600,28.6400,28.7500,3135400,22.6565
2017-04-03,28.7900,28.8100,28.4800,28.7100,4028500,22.6250
2017-04-04,28.6000,28.7400,28.5700,28.7300,4332300,22.6408
2017-04-05,28.6100,28.7100,28.4900,28.5200,11980500,22.4753
2017-04-06,28.5200,28.5900,28.4700,28.5100,2041000,22.4674
2017-04-07,28.3700,28.4800,28.3500,28.4300,3430100,22.4044
2017-04-10,28.3200,28.4300,28.3100,28.3300,2310000,22.3256
2017-04-11,28.3900,28.4300,28.0800,28.3400,3227200,22.3334
2017-04-12,28.3100,28.4000,28.2400,28.4000,1803800,22.3807
2017-04-13,28.2300,28.2700,28.1200,28.1500,3435100,22.1837
2017-04-17,28.2400,28.3300,28.2100,28.2800,3055100,22.2861
2017-04-18,28.1700,28.2800,28.0900,28.2500,2360500,22.2625
2017-04-19,28.2900,28.3000,28.1300,28.1500,1182800,22.1837
2017-04-20,28.3700,28.4500,28.3200,28.3400,5964600,22.3334
2017-04-21,28.3200,28.3600,28.2600,28.3400,4358400,22.3334
2017-04-24,29.5400,29.6900,29.5300,29.6600,4214800,23.3737
2017-04-25,29.7400,29.9300,29.7200,29.9000,2618200,23.5628
2017-04-26,29.7100,29.8000,29.6700,29.7300,1791300,23.4288
2017-04-27,29.7300,29.7300,29.6000,29.6700,1947300,23.3815
2017-04-28,29.7500,29.7700,29.6700,29.6800,2548300,23.3894
2017-05-01,29.7400,29.9100,29.7300,29.8700,2130300,23.5392
2017-05-02,29.8200,29.9900,29.7700,29.9700,1901700,23.6180
2017-05-03,29.9100,29.9700,29.8800,29.9100,3842000,23.5707
2017-05-04,30.1900,30.4500,30.1900,30.4200,2444600,23.9726
2017-05-05,30.4200,30.9100,30.4100,30.8800,5018900,24.3351
2017-05-08,30.4400,30.4600,30.3600,30.4400,5278300,23.9883
2017-05-09,30.4300,30.4800,30.3000,30.3600,5302200,23.9253
2017-05-10,30.4000,30.4200,30.2900,30.3300,1279800,23.9017
2017-05-11,30.2600,30.2600,30.0900,30.2600,1206300,23.8465
2017-05-12,30.3900,30.5500,30.3800,30.5400,1924800,24.0671
2017-05-15,30.5900,30.7600,30.5700,30.7400,1486200,24.2248
2017-05-16,31.0500,31.0800,30.9600,31.0200,2277000,24.4454
2017-05-17,30.8300,30.8800,30.5800,30.5800,2853400,24.0987
2017-05-18,30.4700,30.6500,30.4400,30.6300,2596800,24.1381
2017-05-19,30.8800,31.0000,30.8600,30.9600,4038500,24.3981
2017-05-22,31.0300,31.1200,30.9700,31.0200,6148200,24.4454
2017-05-23,31.1200,31.1400,30.9500,30.9800,3532200,24.4139
2017-05-24,30.9300,31.0200,30.8600,31.0100,3094900,24.4375
2017-05-25,30.9600,31.0400,30.9200,30.9600,1141000,24.3981
2017-05-26,30.7500,30.8200,30.7400,30.7900,2714800,24.2642
2017-05-30,30.8500,30.9600,30.7900,30.8200,1405200,24.2878
2017-05-31,31.1500,31.2100,30.9800,31.0200,2227100,24.4454
2017-06-01,31.0600,31.1500,31.0500,31.1500,4361000,24.5479
2017-06-02,31.6100,31.7500,31.5500,31.6900,3773400,24.9734
2017-06-05,31.5300,31.5400,31.4200,31.5200,5494800,24.8394
2017-06-06,31.2700,31.3600,31.2400,31.2700,2664800,24.6424
2017-06-07,31.2700,31.3400,31.1100,31.2900,1689000,24.6582
2017-06-08,31.1500,31.2100,31.1000,31.2000,2796300,24.5873
2017-06-09,31.2200,31.3500,31.1800,31.2800,5186900,24.6503
2017-06-12,31.1500,31.1800,31.0300,31.1200,1510900,24.5242
2017-06-13,31.2800,31.3800,31.2400,31.3300,2998700,24.6897
2017-06-14,31.7200,31.7300,31.3300,31.4500,2341500,24.7843
2017-06-15,30.8000,30.9400,30.7600,30.9300,1942000,24.3745
2017-06-16,31.0700,31.2300,31.0400,31.2300,1530200,24.6109
2017-06-19,31.4700,31.5200,31.4000,31.4500,3134200,24.7843
2017-06-20,30.7900,30.8300,30.4900,30.5600,2373600,24.5473
2017-06-21,30.5000,30.5700,30.4300,30.5600,1916600,24.5473
2017-06-22,30.5700,30.6100,30.5000,30.5300,3006300,24.5232
2017-06-23,30.4400,30.6200,30.3900,30.5400,1421900,24.5313
2017-06-26,30.7500,30.7900,30.5700,30.5800,1172500,24.5634
2017-06-27,30.6200,30.7600,30.5300,30.6100,2656900,24.5875
2017-06-28,30.7000,30.9100,30.6800,30.8800,1760100,24.8044
2017-06-29,30.6700,30.6700,30.2400,30.3800,3786300,24.4027
2017-06-30,30.3500,30.3700,30.0900,30.2700,3369500,24.3144
2017-07-03,30.2600,30.3700,30.2600,30.2900,1038300,24.3304
2017-07-05,30.2000,30.3400,30.1300,30.3200,2529800,24.3545
2017-07-06,30.1400,30.3000,30.0800,30.1800,2699000,24.2421
2017-07-07,30.1400,30.3300,30.1200,30.3200,2793600,24.3545
2017-07-10,30.3000,30.4200,30.2900,30.3900,2625700,24.4108
2017-07-11,30.4400,30.6500,30.3700,30.6500,4257900,24.6196
2017-07-12,30.8100,30.9100,30.8000,30.8500,10732100,24.7803
2017-07-13,30.8600,30.9000,30.7900,30.8900,4231200,24.8124
2017-07-14,30.9000,31.1100,30.8400,31.0900,1206200,24.9730
2017-07-17,30.9300,30.9700,30.8900,30.9400,1785100,24.8526
2017-07-18,30.7600,30.8600,30.7200,30.8200,4459000,24.7562
2017-07-19,30.7600,30.8400,30.7200,30.8200,1491600,24.7562
2017-07-20,31.0200,31.0700,30.8900,31.0100,3864700,24.9088
2017-07-21,30.6200,30.6800,30.4900,30.6600,3015300,24.6276
2017-07-24,30.4600,30.6000,30.4100,30.5900,1939900,24.5714
2017-07-25,30.7800,30.7900,30.6000,30.6200,1640700,24.5955
2017-07-26,30.7000,30.8900,30.6700,30.8200,2069300,24.7562
2017-07-27,30.7000,30.7000,30.4300,30.5600,3878600,24.5473
2017-07-28,30.5700,30.7100,30.5500,30.6900,1608500,24.6517
2017-07-31,30.6600,30.7400,30.5300,30.7100,6248000,24.6678
2017-08-01,30.9900,31.1600,30.9800,31.0000,2657300,24.9008
2017-08-02,31.1000,31.1200,30.9200,31.0000,7822700,24.9008
2017-08-03,30.9500,31.0400,30.9000,30.9000,10200800,24.8204
2017-08-04,31.1000,31.1300,30.9400,31.0600,9905200,24.9489
2017-08-07,30.9900,31.0100,30.9500,31.0100,1401100,24.9088
2017-08-08,30.9400,31.0400,30.8300,30.8800,2584800,24.8044
2017-08-09,30.4900,30.7400,30.4600,30.7300,2750100,24.6839
2017-08-10,30.3600,30.3800,30.1800,30.2000,2218400,24.2581
2017-08-11,30.4200,30.4800,30.3300,30.4000,3146400,24.4188
2017-08-14,30.7700,30.8000,30.7000,30.7200,1450300,24.6758
2017-08-15,30.6800,30.7300,30.5100,30.6900,1419900,24.6517
2017-08-16,30.7500,30.9100,30.7500,30.8600,9888000,24.7883
2017-08-17,30.7100,30.7700,30.4600,30.4700,3715600,24.4750
2017-08-18,30.5700,30.7100,30.5200,30.6400,2379800,24.6116
2017-08-21,30.5500,30.5900,30.4000,30.5400,1380300,24.5313
2017-08-22,30.7300,30.8500,30.7300,30.8400,1614200,24.7722
2017-08-23,30.7800,30.8900,30.7700,30.8800,1468200,24.8044
2017-08-24,30.9200,30.9700,30.7800,30.7900,4007000,24.7321
2017-08-25,30.8800,31.1600,30.8800,31.0900,4462400,24.9730
2017-08-28,31.0900,31.1300,31.0400,31.1100,810300,24.9891
2017-08-29,30.6600,30.8300,30.6300,30.7400,3287700,24.6919
2017-08-30,30.7100,30.7400,30.6200,30.6500,1093300,24.6196
2017-08-31,30.7200,30.7900,30.6000,30.7600,1973100,24.7080
2017-09-01,30.9800,31.0100,30.8400,30.8500,6108400,24.7803
2017-09-05,30.9700,31.0400,30.6800,30.7700,6849200,24.7160
2017-09-06,31.2600,31.3400,31.1500,31.2700,2780300,25.1176
2017-09-07,31.6500,31.6700,31.5300,31.6300,5031100,25.4068
2017-09-08,31.6800,31.6900,31.5800,31.5900,2563900,25.3747
2017-09-11,31.8700,32.0000,31.8700,31.9400,1500800,25.6558
2017-09-12,32.0300,32.0700,31.9800,32.0200,1735900,25.7201
2017-09-13,32.0200,32.0500,31.8400,31.8800,2513800,25.6076
2017-09-14,31.8000,31.9500,31.7900,31.9500,1503000,25.6638
2017-09-15,32.0400,32.0800,31.9200,32.0200,8558600,25.7201
2017-09-18,32.1200,32.1600,32.0300,32.1000,1998300,25.7843
2017-09-19,32.1700,32.2400,32.1400,32.2100,1696800,25.8727
2017-09-20,32.2000,32.3300,31.9300,32.1100,2222900,25.7924
2017-09-21,32.1200,32.1900,32.0800,32.1300,2489700,25.8084
2017-09-22,32.2200,32.2800,32.1700,32.1900,3288500,25.8566
2017-09-25,32.0300,32.0700,31.8000,31.8600,1982600,25.5915
2017-09-26,31.8200,31.8500,31.6900,31.7700,2330300,25.5192
2017-09-27,31.7600,31.9100,31.7400,31.8500,927300,25.5835
2017-09-28,32.0000,32.0800,31.9800,32.0100,3317800,25.7120
2017-09-29,32.2400,32.4500,32.1800,32.4300,2278300,26.0494
2017-10-02,32.2900,32.3800,32.2700,32.3500,1879800,25.9851
2017-10-03,32.3800,32.4800,32.3800,32.4700,1743700,26.0815
2017-10-04,32.4700,32.5800,32.4600,32.4800,5589300,26.0896
2017-10-05,32.3900,32.4700,32.3700,32.4700,5673000,26.0815
2017-10-06,32.3200,32.4900,32.3200,32.4800,7384200,26.0896
2017-10-09,32.4700,32.5300,32.4300,32.4600,1526400,26.0735
2017-10-10,32.6100,32.7500,32.5400,32.6900,3952700,26.2582
2017-10-11,32.7800,32.9000,32.7800,32.8800,2387900,26.4109
2017-10-12,32.8700,32.9000,32.8200,32.8400,1902700,26.3787
2017-10-13,32.9200,32.9800,32.8100,32.8400,1446700,26.3787
2017-10-16,32.8400,32.8500,32.7400,32.7700,1475200,26.3225
2017-10-17,32.6900,32.7300,32.6400,32.7200,1786000,26.2823
2017-10-18,32.8500,32.9200,32.7700,32.9000,1349300,26.4269
2017-10-19,32.7500,32.8600,32.7300,32.8200,3689300,26.3627
2017-10-20,32.7300,32.7400,32.6100,32.6300,2761800,26.2100
2017-10-23,32.5900,32.6200,32.5200,32.5300,1550300,26.1297
2017-10-24,32.6400,32.7400,32.6000,32.6500,1527700,26.2261
2017-10-25,32.7000,32.7400,32.5200,32.6400,1586000,26.2181
2017-10-26,32.6800,32.8200,32.6000,32.6900,2231800,26.2582
2017-10-27,32.7300,32.7900,32.6500,32.7400,1539900,26.2984
2017-10-30,32.7900,32.9000,32.7900,32.8900,1349300,26.4189
2017-10-31,33.0000,33.0900,32.9600,33.0700,2154800,26.5635
2017-11-01,33.3800,33.4400,33.3400,33.3500,2003600,26.7884
2017-11-02,33.4200,33.5000,33.3800,33.5000,4925500,26.9089
2017-11-03,33.4800,33.4800,33.3200,33.3900,1898800,26.8205
2017-11-06,33.2700,33.3500,33.2500,33.3400,4556700,26.7803
2017-11-07,33.2300,33.2700,32.9500,33.0700,3500200,26.5635
2017-11-08,33.1200,33.2100,33.0600,33.1800,1770800,26.6518
2017-11-09,32.7800,32.8800,32.6300,32.8200,2115300,26.3627
2017-11-10,32.7700,32.8200,32.6800,32.7400,1012500,26.2984
2017-11-13,32.3900,32.6800,32.3700,32.6700,2289600,26.2422
2017-11-14,32.7400,32.8700,32.6600,32.8500,3248800,26.3868
2017-11-15,32.5100,32.7300,32.4700,32.6100,1135100,26.1940
2017-11-16,32.8400,32.9000,32.7600,32.8700,4475600,26.4028
2017-11-17,32.8500,32.8500,32.6700,32.7100,1813700,26.2743
2017-11-20,32.8000,32.8800,32.7100,32.7300,1742400,26.2904
2017-11-21,33.0400,33.1300,33.0400,33.0400,1527600,26.5394
2017-11-22,33.0700,33.0800,32.6900,32.8200,2032900,26.3627
2017-11-24,33.3200,33.4100,33.3000,33.3200,1199200,26.7643
2017-11-27,33.2600,33.3200,33.1000,33.1200,3665500,26.6036
2017-11-28,33.1600,33.3100,33.1000,33.2200,1466000,26.6840
2017-11-29,33.3800,33.4200,33.0800,33.1300,3490400,26.6117
2017-11-30,33.3600,33.3900,33.2100,33.2400,3670300,26.7000
2017-12-01,32.9600,33.0800,32.7500,32.9500,4844200,26.4671
2017-12-04,33.2000,33.2300,33.0000,33.0600,1939800,26.5554
2017-12-05,32.9500,33.1300,32.8800,32.9200,2610100,26.4430
2017-12-06,32.7000,32.9200,32.6700,32.8700,3760300,26.4028
2017-12-07,32.8700,33.1100,32.8300,33.0200,4484200,26.5233
2017-12-08,33.1800,33.2000,33.0500,33.1400,1291200,26.6197
2017-12-11,33.1100,33.2000,33.0800,33.1200,1656100,26.6036
2017-12-12,32.9900,33.1000,32.9600,33.0700,2581600,26.5635
2017-12-13,33.1300,33.1600,32.9600,33.0800,3981800,26.5715
2017-12-14,33.1000,33.2000,32.8800,32.8900,2181900,26.4189
2017-12-15,32.9800,33.0800,32.9000,33.0300,2162600,26.5313
2017-12-18,33.6000,33.6900,33.5100,33.5400,1963600,26.9410
2017-12-19,33.5200,33.5400,33.3100,33.4500,3527500,26.9362
2017-12-20,33.3200,33.3400,33.0900,33.1500,2715100,26.6946
2017-12-21,33.1100,33.2800,33.1000,33.1700,2233000,26.7107
2017-12-22,33.0900,33.1100,33.0300,33.1000,8729400,26.6543
2017-12-26,33.1600,33.2100,33.0600,33.1000,1160200,26.6543
2017-12-27,33.1700,33.2500,33.1300,33.1800,1808600,26.7187
2017-12-28,33.2800,33.3100,33.1200,33.1500,4310000,26.6946
2017-12-29,33.1400,33.1700,32.9500,33.0200,2636900,26.5899
2018-01-02,33.0600,33.2700,33.0200,33.2600,3819100,26.7832
2018-01-03,33.2900,33.4900,33.2900,33.4300,3228600,26.9201
2018-01-04,34.0100,34.1200,33.9600,33.9800,2892400,27.3630
2018-01-05,34.2500,34.3700,34.1700,34.3300,1880900,27.6448
2018-01-08,34.2500,34.2800,34.1900,34.2300,3103400,27.5643
2018-01-09,34.2200,34.2400,34.0900,34.2200,3574000,27.5562
2018-01-10,34.0400,34.0400,33.8300,33.9200,4806600,27.3146
2018-01-11,33.9700,34.1000,33.9000,34.0800,2250700,27.4435
2018-01-12,34.3300,34.5400,34.2800,34.5100,9679100,27.7898
2018-01-16,34.7800,34.8200,34.5400,34.5600,2713600,27.8300
2018-01-17,34.6000,34.7700,34.4400,34.6500,5935400,27.9025
2018-01-18,34.8300,34.9100,34.7000,34.8500,3257200,28.0635
2018-01-19,35.2400,35.3000,35.1000,35.2400,3003700,28.3776
2018-01-22,35.2800,35.4700,35.2100,35.4600,2683400,28.5548
2018-01-23,35.5700,35.6700,35.5000,35.6500,2497000,28.7078
2018-01-24,35.8300,35.8700,35.4400,35.5600,4705300,28.6353
2018-01-25,35.7100,35.7200,35.2300,35.3100,4277300,28.4340
2018-01-26,35.3800,35.5500,35.3600,35.5400,2013100,28.6192
2018-01-29,35.2500,35.2800,35.1000,35.2100,3827800,28.3534
2018-01-30,35.1300,35.1700,34.9100,34.9300,6804300,28.1280
2018-01-31,35.2000,35.2100,34.8900,35.0100,5330200,28.1924
2018-02-01,34.6300,34.8100,34.5900,34.7000,4407800,27.9428
2018-02-02,34.2700,34.2900,33.8500,33.8600,5425000,27.2663
2018-02-05,33.6500,33.8300,32.2000,32.4700,11688200,26.1470
2018-02-06,32.5700,33.4900,32.5100,33.4900,22821400,26.9684
2018-02-07,33.0400,33.3100,32.7700,32.9200,5111100,26.5094
2018-02-08,32.7600,32.7700,31.8200,31.8500,9820000,25.6477
2018-02-09,31.9900,32.2000,31.2000,32.0800,14562000,25.8330
2018-02-12,32.3100,32.5900,32.2000,32.5400,8556000,26.2034
2018-02-13,32.4200,32.5100,32.3000,32.4800,4605500,26.1551
2018-02-14,32.2400,33.2200,32.2200,33.2000,5803400,26.7348
2018-02-15,33.2300,33.2800,32.9100,33.2200,5785100,26.7510
2018-02-16,33.1200,33.5200,33.1100,33.2800,2375600,26.7993
2018-02-20,32.9900,33.1800,32.8600,32.9600,3425900,26.5416
2018-02-21,32.9800,33.2000,32.7100,32.7300,2197300,26.3564
2018-02-22,32.8000,33.0900,32.7000,32.8900,5021100,26.4852
2018-02-23,33.0300,33.1700,32.9500,33.1300,4964400,26.6785
2018-02-26,33.1300,33.3000,32.9700,33.2800,2466100,26.7993
2018-02-27,33.0000,33.0500,32.6500,32.6600,2438100,26.3000
2018-02-28,32.8000,32.8100,32.4000,32.4300,3021400,26.1148
2018-03-01,32.0400,32.1700,31.5200,31.8100,8695300,25.6155
2018-03-02,31.5900,31.8500,31.4600,31.8100,3243500,25.6155
2018-03-05,31.6900,32.3000,31.6700,32.2700,2841700,25.9860
2018-03-06,32.4800,32.4900,32.3200,32.4600,2588200,26.1390
2018-03-07,32.4800,32.7500,32.4400,32.7200,3707300,26.3483
2018-03-08,32.7400,32.8400,32.6000,32.6800,4111400,26.3161
2018-03-09,32.6600,32.8100,32.6000,32.7900,2726500,26.4047
2018-03-12,32.8400,32.9700,32.7900,32.9400,2024300,26.5255
2018-03-13,32.9500,32.9800,32.3300,32.4000,5186400,26.0906
2018-03-14,32.7400,32.7800,32.4100,32.5500,4239200,26.2114
2018-03-15,32.5900,32.7900,32.5100,32.6500,3617000,26.2920
2018-03-16,32.5500,32.7600,32.5500,32.6300,2542700,26.2759
2018-03-19,32.4500,32.4800,32.2300,32.3900,2997400,26.0826
2018-03-20,32.2600,32.4900,32.2600,32.4200,4257500,26.1067
2018-03-21,32.3400,32.6200,32.3100,32.4500,3942800,26.1309
2018-03-22,31.9000,32.0400,31.6900,31.7000,5829800,25.5270
2018-03-23,31.7300,31.8000,31.2700,31.3100,7852700,25.2129
2018-03-26,31.8400,31.9500,31.3900,31.9500,6474000,25.7283
2018-03-27,31.9600,32.0800,31.4500,31.5900,5264100,25.4384
2018-03-28,31.6400,31.8700,31.4700,31.5600,5522400,25.4142
2018-03-29,31.9900,32.1500,31.9100,32.0400,3343100,25.8007
2018-04-02,32.0400,32.1200,31.3100,31.5600,5626000,25.4142
2018-04-03,31.7000,31.8000,31.5100,31.7600,5348700,25.5753
2018-04-04,31.3300,31.8600,31.3100,31.8200,2541800,25.6236
2018-04-05,32.2000,32.3300,32.1500,32.2100,2056600,25.9376
2018-04-06,32.2000,32.3500,32.0100,32.0900,4201600,25.8410
2018-04-09,32.3700,32.5100,32.2300,32.3100,2807900,26.0182
2018-04-10,32.7400,32.8400,32.6400,32.7600,2552000,26.3805
2018-04-11,32.6000,32.7300,32.4900,32.5600,3722100,26.2195
2018-04-12,32.6600,32.8200,32.6500,32.8000,3293000,26.4127
2018-04-13,32.9800,33.0000,32.7600,32.8900,3812200,26.4852
2018-04-16,32.9400,32.9500,32.7900,32.9000,7545000,26.4933
2018-04-17,33.1300,33.3600,33.1000,33.3000,3799200,26.8154
2018-04-18,33.3600,33.4100,33.2800,33.3600,4375800,26.8637
2018-04-19,33.3000,33.3600,33.1000,33.1900,4100700,26.7268
2018-04-20,33.0000,33.0300,32.8600,32.9600,4045500,26.5416
2018-04-23,32.8800,32.9200,32.7500,32.8400,1922800,26.4450
2018-04-24,32.8200,32.8500,32.4200,32.5600,2787000,26.2195
2018-04-25,32.3000,32.4200,32.1500,32.3900,2269800,26.0826
2018-04-26,32.4500,32.5900,32.3400,32.5200,1738500,26.1873
2018-04-27,32.6300,32.6700,32.4300,32.6500,1720000,26.2920
2018-04-30,32.4600,32.6100,32.4400,32.4600,1847400,26.1390
2018-05-01,32.3900,32.4300,32.1500,32.3400,1460900,26.0423
2018-05-02,32.8400,32.9000,32.6300,32.6500,5158800,26.2920
2018-05-03,32.6800,32.7300,32.4200,32.6700,3304500,26.3081
2018-05-04,32.4500,32.8900,32.4300,32.8400,8574400,26.4450
2018-05-07,32.9300,33.0600,32.9100,32.9800,10534200,26.5577
2018-05-08,32.6600,32.8600,32.6300,32.8600,3030100,26.4611
2018-05-09,32.7900,32.9600,32.7700,32.9000,2357600,26.4933
2018-05-10,33.0000,33.2100,32.9500,33.2000,1738300,26.7348
2018-05-11,33.1600,33.2200,33.1000,33.1500,1176400,26.6946
2018-05-14,33.1700,33.2200,33.0500,33.0900,1678100,26.6463
2018-05-15,32.7800,32.9600,32.6600,32.8500,2248100,26.4530
2018-05-16,32.8000,32.8800,32.6800,32.8200,1554200,26.4289
2018-05-17,32.9500,33.0500,32.9100,33.0100,2858900,26.5819
2018-05-18,32.8800,32.9300,32.8200,32.8800,1803600,26.4772
2018-05-21,33.1300,33.2100,33.0000,33.1400,1140900,26.6865
2018-05-22,33.1600,33.2200,33.0700,33.1000,1367100,26.6543
2018-05-23,32.4200,32.5300,32.3400,32.5300,2786900,26.1953
2018-05-24,32.3700,32.4000,32.0700,32.2700,10118700,25.9860
2018-05-25,32.1300,32.2700,32.0000,32.2000,5290800,25.9296
2018-05-29,31.4600,31.5800,31.0100,31.1900,5815800,25.1163
2018-05-30,31.6900,32.0000,31.5400,31.9200,4611100,25.7041
2018-05-31,31.6600,31.7200,31.3300,31.6400,8929800,25.4786
2018-06-01,31.9200,31.9500,31.6700,31.8100,3320500,25.6155
2018-06-04,32.0000,32.0800,31.9200,31.9900,1728400,25.7605
2018-06-05,32.1300,32.2000,31.9000,32.0000,6991500,25.7685
2018-06-06,32.2100,32.4900,32.1100,32.4800,8802900,26.1551
2018-06-07,32.4500,32.4600,31.9800,32.0900,3651900,25.8410
2018-06-08,32.1600,32.2600,31.9900,32.2000,4125900,25.9296
2018-06-11,32.2700,32.5200,32.2000,32.4600,1551200,26.1390
2018-06-12,32.4300,32.5000,32.2400,32.3200,3093000,26.0262
2018-06-13,32.4800,32.5700,32.3400,32.4500,2689400,26.1309
2018-06-14,32.5300,32.7800,32.5200,32.5900,3406400,26.2436
2018-06-15,32.3900,32.4600,32.3100,32.4300,2670200,26.1148
2018-06-18,31.8300,31.9500,31.7600,31.9400,3690900,25.7202
2018-06-19,30.6000,30.8100,30.5100,30.8000,5901200,25.3937
2018-06-20,30.7900,30.8200,30.6700,30.7700,3989800,25.3690
2018-06-21,30.5300,30.5500,30.2500,30.3400,4035900,25.0145
2018-06-22,30.6300,30.7500,30.3800,30.6300,3215200,25.2536
2018-06-25,30.2700,30.2900,29.9900,30.1000,5171200,24.8166
2018-06-26,30.0200,30.0600,29.7800,29.9900,3831600,24.7259
2018-06-27,30.0100,30.2100,29.6500,29.6700,5471200,24.4621
2018-06-28,29.4200,29.5800,29.3200,29.5300,5415400,24.3466
2018-06-29,29.9800,30.1300,29.9100,29.9800,4438500,24.7177
2018-07-02,29.6500,29.8600,29.6300,29.8300,3170100,24.5940
2018-07-03,30.1000,30.1200,29.9000,29.9300,3682300,24.6764
2018-07-05,30.4100,30.5100,30.3000,30.4400,8379700,25.0969
2018-07-06,30.5500,30.7000,30.5100,30.6500,2701100,25.2701
2018-07-09,30.7800,30.8400,30.7000,30.8200,1946700,25.4102
2018-07-10,30.8500,30.9700,30.8300,30.9300,1712100,25.5009
2018-07-11,30.4800,30.5700,30.2400,30.3000,3587200,24.9815
2018-07-12,30.4300,30.5800,30.3500,30.5400,2269700,25.1794
2018-07-13,30.5300,30.6400,30.4600,30.6300,2150100,25.2536
2018-07-16,30.7600,30.8200,30.7300,30.7900,1727200,25.3855
2018-07-17,30.7100,31.0300,30.7000,30.9900,3431500,25.5504
2018-07-18,31.0300,31.1100,31.0000,31.0200,2931300,25.5751
2018-07-19,30.7200,30.9100,30.7000,30.8400,2633100,25.4267
2018-07-20,30.5900,30.8000,30.5800,30.7700,2687200,25.3690
2018-07-23,30.7400,30.8300,30.6800,30.8000,5602700,25.3937
2018-07-24,31.1400,31.2200,30.9600,31.0200,4189700,25.5751
2018-07-25,30.9300,31.3500,30.6700,31.2700,7260200,25.7812
2018-07-26,31.2200,31.3000,31.1500,31.1900,4594300,25.7153
2018-07-27,31.3500,31.3800,31.1800,31.2500,3186200,25.7647
2018-07-30,31.3700,31.4300,31.2600,31.2900,2669000,25.7977
2018-07-31,31.3700,31.4200,31.2400,31.3100,5280900,25.8142
2018-08-01,31.1500,31.2300,31.0000,31.0600,2950000,25.6081
2018-08-02,30.5300,30.6300,30.4400,30.6100,3128400,25.2371
2018-08-03,30.5300,30.7100,30.5300,30.6900,2059600,25.3030
2018-08-06,30.4800,30.6200,30.3900,30.5700,2432600,25.2041
2018-08-07,30.4800,30.9100,30.4800,30.7600,2475600,25.3607
2018-08-08,30.7400,30.7600,30.6000,30.6800,1401300,25.2948
2018-08-09,30.8300,30.8300,30.6300,30.6500,2736700,25.2701
2018-08-10,29.8000,29.9100,29.6300,29.7200,3498400,24.5033
2018-08-13,29.6700,29.7400,29.5400,29.5800,2342400,24.3879
2018-08-14,29.5800,29.6300,29.4000,29.6000,3318600,24.4044
2018-08-15,29.0100,29.0800,28.7900,28.9900,3990500,23.9014
2018-08-16,29.1400,29.3600,29.1400,29.1900,4191000,24.0663
2018-08-17,29.1300,29.4700,29.1300,29.4200,4498100,24.2560
2018-08-20,29.6700,29.7400,29.6400,29.7000,1755500,24.4868
2018-08-21,30.1100,30.2400,29.9600,30.1200,2735300,24.8331
2018-08-22,30.2200,30.2700,30.1400,30.1900,2853000,24.8908
2018-08-23,30.1100,30.2200,30.0100,30.0300,2541100,24.7589
2018-08-24,30.2000,30.3700,30.1400,30.3700,3105100,25.0392
2018-08-27,30.6200,30.8900,30.6200,30.8700,3455900,25.4514
2018-08-28,31.0300,31.0300,30.8700,30.8700,4380900,25.4514
2018-08-29,30.8300,31.0100,30.8000,31.0000,2037800,25.5586
2018-08-30,30.6900,30.7900,30.5500,30.6700,3668800,25.2865
2018-08-31,30.3800,30.4800,30.1000,30.2300,2893700,24.9238
2018-09-04,29.7000,29.8900,29.6400,29.8900,6974700,24.6435
2018-09-05,29.7100,29.7600,29.4800,29.5800,3561300,24.3879
2018-09-06,29.4900,29.5900,29.2500,29.3700,5127600,24.2147
2018-09-07,29.1000,29.2600,29.0400,29.1300,8172400,24.0169
2018-09-10,29.4000,29.4200,29.3200,29.3600,2555500,24.2065
2018-09-11,29.1300,29.3500,29.0900,29.3500,2673400,24.1982
2018-09-12,29.3500,29.5700,29.3000,29.4500,2913600,24.2807
2018-09-13,29.7800,29.8400,29.6100,29.7500,2768500,24.5280
2018-09-14,29.7800,29.8300,29.6300,29.7100,2937000,24.4951
2018-09-17,29.7900,29.8500,29.6500,29.6700,2831400,24.4621
2018-09-18,29.7900,30.0000,29.7900,29.9300,1762300,24.6764
2018-09-19,29.9300,30.0700,29.9100,30.0100,2850000,24.7424
2018-09-20,30.5000,30.6000,30.3900,30.5600,4984900,25.1959
2018-09-21,30.5700,30.6300,30.5200,30.5800,2646200,25.2123
2018-09-24,30.5900,30.6100,30.3900,30.3900,2405700,25.0557
2018-09-25,30.5300,30.5600,30.4400,30.4900,3193000,25.1381
2018-09-26,30.3000,30.5900,30.2900,30.3600,5655300,25.0310
2018-09-27,30.3400,30.4600,30.2300,30.2800,1596800,24.9650
2018-09-28,29.6800,29.8900,29.6500,29.7400,6817100,24.5198
2018-10-01,30.0200,30.1000,29.8600,29.9000,3350000,24.6517
2018-10-02,29.6300,29.7800,29.6100,29.7100,3270700,24.4951
2018-10-03,29.9700,30.0000,29.7900,29.8200,3212400,24.5857
2018-10-04,29.7700,29.8000,29.3800,29.4700,3906400,24.2972
2018-10-05,29.2800,29.3300,29.0500,29.1900,3553200,24.0663
2018-10-08,28.7100,28.8400,28.5800,28.8000,3439800,23.7448
2018-10-09,28.5500,28.8400,28.4900,28.7700,3565700,23.7200
2018-10-10,28.5500,28.5600,27.9700,28.0800,8992000,23.1512
2018-10-11,28.1800,28.2700,27.6200,27.8400,9767500,22.9533
2018-10-12,28.0700,28.0900,27.6300,27.9500,3622800,23.0440
2018-10-15,28.0000,28.1800,27.9600,28.0700,2722400,23.1429
2018-10-16,28.4900,28.6400,28.4300,28.6100,2230500,23.5881
2018-10-17,28.3700,28.4600,28.1900,28.2900,2846800,23.3243
2018-10-18,28.1600,28.2200,27.6200,27.7100,4772800,22.8461
2018-10-19,27.6900,28.0000,27.6900,27.8400,2516000,22.9533
2018-10-22,27.8600,27.9000,27.6200,27.7000,3220600,22.8379
2018-10-23,27.0600,27.4800,26.9400,27.3600,5356600,22.5575
2018-10-24,27.0500,27.0900,26.3700,26.4000,4730900,21.7661
2018-10-25,26.7700,27.0900,26.6100,26.9500,5713500,22.2195
2018-10-26,26.6300,26.9700,26.3600,26.7800,10116000,22.0794
2018-10-29,27.2600,27.2800,26.6400,26.8900,7001700,22.1700
2018-10-30,26.8500,27.0400,26.7700,27.0400,12515000,22.2937
2018-10-31,27.2200,27.4400,27.1900,27.2500,8475700,22.4669
2018-11-01,27.5500,27.6000,27.3900,27.6000,3467700,22.7554
2018-11-02,27.9700,28.0500,27.5600,27.7800,4831200,22.9038
2018-11-05,27.6800,27.7400,27.5500,27.6700,2205300,22.8131
2018-11-06,27.5700,27.7100,27.5600,27.7000,2602300,22.8379
2018-11-07,27.9600,28.0400,27.8400,28.0300,3022500,23.1099
2018-11-08,27.7900,27.8500,27.4200,27.4900,2935500,22.6647
2018-11-09,27.4500,27.5000,27.3300,27.4800,2356500,22.6565
2018-11-12,26.9600,26.9800,26.6700,26.6900,4180000,22.0051
2018-11-13,26.8900,27.2600,26.8900,27.1000,5681000,22.3432
2018-11-14,27.4500,27.4700,27.0200,27.2000,5096400,22.4256
2018-11-15,26.9800,27.3600,26.7900,27.3000,5620800,22.5081
2018-11-16,27.0400,27.3400,26.9900,27.2800,4025700,22.4916
2018-11-19,27.2400,27.2600,26.9000,26.9500,4173500,22.2195
2018-11-20,26.4300,26.6200,26.3100,26.4000,4908900,21.7661
2018-11-21,26.7100,26.9500,26.6900,26.8500,2255800,22.1371
2018-11-23,26.4500,26.6100,26.4500,26.5600,1198400,21.8980
2018-11-26,26.9700,27.1000,26.9100,27.0600,4899700,22.3102
2018-11-27,26.9000,26.9500,26.7100,26.8600,3209900,22.1453
2018-11-28,26.8100,27.2600,26.7000,27.2300,3875200,22.4504
2018-11-29,27.0700,27.1300,26.9500,27.0800,2477900,22.3267
2018-11-30,26.7900,26.8500,26.6500,26.8400,1951200,22.1288
2018-12-03,27.3200,27.3400,27.1900,27.2800,2795700,22.4916
2018-12-04,27.1700,27.2000,26.4400,26.4800,3893500,21.8320
2018-12-06,25.9200,26.1300,25.6500,26.1100,6444700,21.5270
2018-12-07,26.0700,26.1300,25.6000,25.6600,10526400,21.1559
2018-12-10,25.5900,25.6600,25.2400,25.4900,4212600,21.0158
2018-12-11,25.8000,25.8200,25.4200,25.6100,7446800,21.1147
2018-12-12,25.9300,26.1400,25.9200,26.0100,5560300,21.4445
2018-12-13,26.0000,26.0700,25.9000,25.9500,6477800,21.3950
2018-12-14,25.6200,25.7200,25.5800,25.5800,3685500,21.0900
2018-12-17,25.4400,25.5500,25.2700,25.3800,4914900,20.9251
2018-12-18,25.6200,25.7100,25.4400,25.5200,4572000,21.0405
2018-12-19,25.7000,25.8500,25.1700,25.3200,7235200,20.8756
2018-12-20,25.3000,25.4300,25.1300,25.2000,6602300,20.7767
2018-12-21,25.2200,25.3500,24.8700,24.9500,6874800,20.5706
2018-12-24,24.8000,24.9100,24.4400,24.4400,2602800,20.1501
2018-12-26,24.5300,25.1100,24.4000,25.1100,5367800,20.7025
2018-12-27,24.7300,25.0500,24.5200,25.0300,6211500,20.6365
2018-12-28,25.3100,25.3600,25.1400,25.2300,6554000,20.8014
2018-12-31,25.4500,25.4500,25.2500,25.3500,3211300,20.9004
2019-01-02,24.9400,25.1600,24.9000,25.1600,3756500,20.7437
2019-01-03,24.9200,24.9500,24.7800,24.8300,5076000,20.4716
2019-01-04,25.3200,25.8000,25.2700,25.7600,5316800,21.2384
2019-01-07,25.7200,25.8900,25.6400,25.8000,4559000,21.2714
2019-01-08,26.1000,26.1300,25.9000,25.9600,4335100,21.4033
2019-01-09,26.3300,26.4300,26.2100,26.4000,5301800,21.7661
2019-01-10,26.2200,26.4000,26.1900,26.3900,3714300,21.7578
2019-01-11,26.1000,26.1800,26.0200,26.1200,2377500,21.5352
2019-01-14,25.9200,26.1500,25.9200,26.0800,2179300,21.5022
2019-01-15,25.9500,26.1000,25.9000,26.0600,4796400,21.4857
2019-01-16,26.0000,26.1200,26.0000,26.0800,2845800,21.5022
2019-01-17,25.9100,26.2100,25.9100,26.1300,3069100,21.5434
2019-01-18,26.6000,26.7500,26.5000,26.6900,4835300,22.0051
2019-01-22,26.2700,26.3700,26.1700,26.1800,2919400,21.5847
2019-01-23,26.4600,26.4900,26.3100,26.3800,2837000,21.7496
2019-01-24,26.4300,26.5600,26.3200,26.4500,3928200,21.8073
2019-01-25,26.9400,27.0400,26.9300,26.9500,3064000,22.2195
2019-01-28,26.8500,26.9700,26.8200,26.9300,1985700,22.2030
2019-01-29,26.9300,27.0100,26.8600,26.8600,1552100,22.1453
2019-01-30,26.7800,27.0700,26.6500,27.0100,5146600,22.2690
2019-01-31,26.6900,26.8400,26.6100,26.7900,3030800,22.0876
2019-02-01,26.7800,26.8700,26.6600,26.8100,2797200,22.1041
2019-02-04,26.6300,26.8200,26.5500,26.8200,2873700,22.1123
2019-02-05,27.0500,27.1900,27.0200,27.1500,2776600,22.3844
2019-02-06,27.0100,27.0500,26.8900,26.9200,2247900,22.1948
2019-02-07,26.3800,26.4100,26.1700,26.1700,5040900,21.5764
2019-02-08,25.9300,25.9500,25.7100,25.9100,6004400,21.3621
2019-02-11,25.9300,25.9900,25.8700,25.9300,2328500,21.3785
2019-02-12,26.2300,26.3600,26.2300,26.3600,2117600,21.7331
2019-02-13,26.3500,26.4000,26.2700,26.2700,2447600,21.6589
2019-02-14,26.1700,26.2600,26.0800,26.1500,4154800,21.5599
2019-02-15,26.5600,26.7200,26.5000,26.7000,3253300,22.0134
2019-02-19,26.5800,26.8500,26.5800,26.8200,3192000,22.1123
2019-02-20,26.8900,27.1500,26.8900,27.0300,5354900,22.2855
2019-02-21,27.0200,27.0300,26.9000,26.9500,3320000,22.2195
2019-02-22,27.0600,27.1000,26.9800,27.0300,2479600,22.2855
2019-02-25,27.2400,27.2900,27.0900,27.1100,2893400,22.3514
2019-02-26,27.2200,27.3800,27.2100,27.3200,2235900,22.5246
2019-02-27,27.2400,27.2900,27.1100,27.1700,2273600,22.4009
2019-02-28,27.1900,27.3400,27.1800,27.3000,2085900,22.5081
2019-03-01,27.6400,27.6700,27.5200,27.6000,4654400,22.7554
2019-03-04,27.5700,27.5700,27.3000,27.3700,7417700,22.5658
2019-03-05,27.4300,27.4700,27.3300,27.4400,3123000,22.6235
2019-03-06,27.4600,27.4700,27.3100,27.3100,2509000,22.5163
2019-03-07,27.1100,27.1100,26.7800,26.7900,3815500,22.0876
2019-03-08,26.7100,26.9000,26.7000,26.8900,1694600,22.1700
2019-03-11,26.9000,27.1400,26.9000,27.1300,1649200,22.3679
2019-03-12,27.1000,27.1300,27.0200,27.0900,2246900,22.3349
2019-03-13,27.1000,27.3500,27.0900,27.3200,3716600,22.5246
2019-03-14,27.3200,27.3600,27.2600,27.3200,1966200,22.5246
2019-03-15,27.5200,27.6200,27.4500,27.5800,4192600,22.7389
2019-03-18,27.5900,27.6300,27.5300,27.6000,2259200,22.7554
2019-03-19,27.9700,28.0100,27.8200,27.8600,6184700,22.9698
2019-03-20,27.5400,27.8500,27.4300,27.6900,3745600,22.8296
2019-03-21,27.3000,27.5000,27.2900,27.5000,2776100,22.6730
2019-03-22,27.0500,27.0900,26.7000,26.7400,4844100,22.0464
2019-03-25,26.7800,26.8500,26.7100,26.8200,4007000,22.1123
2019-03-26,26.9100,26.9800,26.8500,26.9000,3087500,22.1783
2019-03-27,26.9900,27.0300,26.7100,26.8900,4128300,22.1700
2019-03-28,26.8100,26.8500,26.6500,26.7800,2994100,22.0794
2019-03-29,26.9400,26.9600,26.7700,26.9200,2357400,22.1948
2019-04-01,27.2400,27.3200,27.1700,27.3000,3548600,22.5081
2019-04-02,27.3500,27.5000,27.3100,27.4600,3530600,22.6400
2019-04-03,27.8100,27.9500,27.7700,27.9000,7063200,23.0028
2019-04-04,27.8900,28.0000,27.8600,27.9100,6768300,23.0110
2019-04-05,27.9000,27.9700,27.8800,27.9400,2782500,23.0357
2019-04-08,27.9600,27.9800,27.8700,27.9000,1913400,23.0028
2019-04-09,27.7300,27.7600,27.6400,27.6500,3028300,22.7966
2019-04-10,27.7400,27.8900,27.7100,27.8500,4084000,22.9615
2019-04-11,27.9000,27.9700,27.8200,27.8800,3729000,22.9863
2019-04-12,28.2100,28.2500,28.1400,28.2200,2119700,23.2666
2019-04-15,28.2700,28.2700,28.2100,28.2500,1766800,23.2913
2019-04-16,28.4500,28.4800,28.3800,28.4000,2575900,23.4150
2019-04-17,28.6800,28.6800,28.5500,28.6200,5036200,23.5964
2019-04-18,28.5400,28.6400,28.5000,28.5700,3243400,23.5552
2019-04-22,28.5400,28.6800,28.5400,28.6500,1859600,23.6211
2019-04-23,28.4700,28.5900,28.4500,28.5900,1839500,23.5716
2019-04-24,28.6000,28.6600,28.5000,28.5500,2727000,23.5387
2019-04-25,28.4400,28.4900,28.3700,28.4700,2739100,23.4727
2019-04-26,28.5400,28.6000,28.4700,28.5400,1624700,23.5304
2019-04-29,28.5500,28.7200,28.5400,28.7100,3162500,23.6706
2019-04-30,28.7100,28.8500,28.6200,28.8000,5427000,23.7448
2019-05-01,28.8000,28.9400,28.6000,28.6100,2245900,23.5881
2019-05-02,28.7500,28.7700,28.5600,28.5800,2444000,23.5634
2019-05-03,28.7400,28.9500,28.7000,28.9500,3059700,23.8685
2019-05-06,28.2700,28.6800,28.2500,28.6600,6061900,23.6294
2019-05-07,28.2900,28.3300,27.9300,28.0300,5074200,23.1099
2019-05-08,28.2600,28.4100,28.2100,28.3300,9427900,23.3573
2019-05-09,27.9200,28.1900,27.8700,28.1400,9866900,23.2006
2019-05-10,28.1800,28.4000,28.0000,28.3400,10448600,23.3655
2019-05-13,27.6400,27.7200,27.4900,27.5200,8065200,22.6895
2019-05-14,27.6500,27.8700,27.6300,27.7700,5011100,22.8956
2019-05-15,27.5000,28.0700,27.4900,28.0400,5179300,23.1182
2019-05-16,28.1200,28.3900,28.1200,28.3000,2565100,23.3325
2019-05-17,28.0100,28.1900,28.0100,28.0500,6962300,23.1264
2019-05-20,27.6900,27.7900,27.6000,27.7200,4016800,22.8544
2019-05-21,27.8900,28.0400,27.8300,27.9700,2216000,23.0605
2019-05-22,27.8100,27.9500,27.8100,27.8600,2644700,22.9698
2019-05-23,27.4100,27.5300,27.3200,27.5000,4395600,22.6730
2019-05-24,27.7000,27.7300,27.6200,27.7000,2299100,22.8379
2019-05-28,27.7100,27.7800,27.4600,27.4700,5962000,22.6482
2019-05-29,27.1600,27.1900,27.0300,27.1400,2317700,22.3762
2019-05-30,27.1600,27.2800,27.1600,27.2800,10277000,22.4916
2019-05-31,26.8200,26.9400,26.7800,26.9200,13075200,22.1948
2019-06-03,27.0100,27.1900,26.9400,27.1300,7127600,22.3679
2019-06-04,27.5700,27.6800,27.4900,27.6700,3941300,22.8131
2019-06-05,27.7200,27.7300,27.5200,27.5700,3979200,22.7307
2019-06-06,27.5600,27.6700,27.4500,27.6200,3874600,22.7719
2019-06-07,27.7800,27.9900,27.7800,27.8700,2061600,22.9780
2019-06-10,27.9100,28.0000,27.8400,27.9100,1653700,23.0110
2019-06-11,28.2500,28.2800,28.0300,28.1000,2934000,23.1677
2019-06-12,28.0100,28.0500,27.9000,27.9000,2104200,23.0028
2019-06-13,28.0300,28.0400,27.9400,28.0000,1871900,23.0852
2019-06-14,27.7300,27.7400,27.6400,27.6900,2328800,22.8296
2019-06-17,26.9400,27.0000,26.9100,26.9300,1906500,22.8110
2019-06-18,27.2300,27.4600,27.2200,27.4200,3812100,23.2260
2019-06-19,27.4200,27.6200,27.4000,27.5000,2312900,23.2938
2019-06-20,27.8800,27.9100,27.6800,27.7900,1722500,23.5394
2019-06-21,27.7600,27.8300,27.7000,27.7600,2537600,23.5140
2019-06-24,27.8000,27.8300,27.7400,27.7500,1587900,23.5056
2019-06-25,27.7700,27.7800,27.5000,27.5400,2078300,23.3277
2019-06-26,27.6900,27.7400,27.6300,27.6600,1545900,23.4293
2019-06-27,27.7700,27.8000,27.7300,27.7500,1796000,23.5056
2019-06-28,27.9500,28.1100,27.9400,28.0500,3002500,23.7597
2019-07-01,28.3300,28.3400,28.0500,28.1200,2699900,23.8190
2019-07-02,28.1200,28.1700,28.0800,28.1400,2886700,23.8359
2019-07-03,28.3500,28.3800,28.3000,28.3700,2031500,24.0307
2019-07-05,28.0600,28.1100,27.9100,28.0700,2485700,23.7766
2019-07-08,27.9600,28.0000,27.8600,27.8900,1594400,23.6241
2019-07-09,27.6400,27.8100,27.6300,27.7900,1785200,23.5394
2019-07-10,27.8200,27.8700,27.6800,27.7300,2141200,23.4886
2019-07-11,27.7600,27.7800,27.5600,27.6300,2740500,23.4039
2019-07-12,27.6000,27.6500,27.5400,27.6300,1942000,23.4039
2019-07-15,27.7600,27.8000,27.7200,27.8000,2351800,23.5479
2019-07-16,27.7200,27.7900,27.6800,27.7100,5559100,23.4717
2019-07-17,27.7000,27.7200,27.4900,27.5000,1883000,23.2938
2019-07-18,27.3000,27.4700,27.2300,27.4500,2992700,23.2514
2019-07-19,27.3200,27.4100,27.2600,27.2800,3333100,23.1075
2019-07-22,27.4200,27.4400,27.3400,27.4000,1603300,23.2091
2019-07-23,27.6800,27.7800,27.6500,27.7400,2306100,23.4971
2019-07-24,27.7600,27.8600,27.7500,27.8600,1859600,23.5987
2019-07-25,27.6700,27.6700,27.3600,27.4200,4836100,23.2260
2019-07-26,27.4900,27.5700,27.4600,27.5400,2695800,23.3277
2019-07-29,27.6100,27.6100,27.5400,27.5900,1420400,23.3700
2019-07-30,27.0100,27.0200,26.8900,26.9800,5593000,22.8533
2019-07-31,27.1100,27.1800,26.6600,26.8200,3985900,22.7178
2019-08-01,26.9000,27.1400,26.6800,26.8000,3729700,22.7009
2019-08-02,26.5900,26.5900,26.3400,26.5200,5016700,22.4637
2019-08-05,26.1100,26.1300,25.8200,25.9800,10331200,22.0063
2019-08-06,26.1000,26.1500,25.8800,26.0500,5006400,22.0656
2019-08-07,26.0300,26.2600,25.9600,26.2200,11760400,22.2096
2019-08-08,26.3000,26.5400,26.2400,26.4100,4667200,22.3705
2019-08-09,26.2800,26.3400,26.1400,26.2700,7069600,22.2519
2019-08-12,26.1300,26.2200,26.0000,26.0100,2556400,22.0317
2019-08-13,25.8600,26.3500,25.8400,26.2600,7187900,22.2435
2019-08-14,25.6400,25.6700,25.3900,25.4100,5269000,21.5235
2019-08-15,25.2500,25.3900,25.1100,25.2500,5279200,21.3879
2019-08-16,25.3500,25.6300,25.3500,25.6000,3942600,21.6844
2019-08-19,25.9800,26.0000,25.8400,25.8400,3075500,21.8877
2019-08-20,25.8100,25.8500,25.6800,25.7100,2436100,21.7776
2019-08-21,26.1800,26.1900,26.0800,26.1100,5501300,22.1164
2019-08-22,26.1500,26.1900,25.9200,26.0200,2958600,22.0402
2019-08-23,25.9200,26.1400,25.6900,25.6900,5631400,21.7606
2019-08-26,25.9300,25.9500,25.8000,25.9200,2989500,21.9555
2019-08-27,26.1000,26.1300,25.9200,25.9500,2309700,21.9809
2019-08-28,25.7400,25.9500,25.6500,25.8900,3019600,21.9301
2019-08-29,26.1500,26.2100,26.0400,26.1900,3927700,22.1842
2019-08-30,26.4400,26.4500,26.1500,26.2500,3779400,22.2350
2019-09-03,26.0700,26.1600,26.0300,26.1400,2515900,22.1418
2019-09-04,26.4700,26.5600,26.4300,26.5400,3418400,22.4806
2019-09-05,26.8300,26.8900,26.7300,26.7500,2420000,22.6585
2019-09-06,26.9100,26.9300,26.8300,26.8600,1952000,22.7517
2019-09-09,27.0500,27.0700,26.9900,27.0400,1495500,22.9042
2019-09-10,27.1100,27.2400,27.0600,27.1600,2799200,23.0058
2019-09-11,27.1700,27.2600,27.1500,27.2400,1986300,23.0736
2019-09-12,27.1600,27.4700,27.1500,27.4100,2642700,23.2176
2019-09-13,27.5500,27.6000,27.4900,27.5100,4717400,23.3023
2019-09-16,27.2500,27.2700,27.1700,27.2100,2087400,23.0482
2019-09-17,27.1200,27.3400,27.0900,27.3200,1412000,23.1413
2019-09-18,27.2600,27.3500,27.1500,27.2900,1425100,23.1159
2019-09-19,27.3800,27.4200,27.3200,27.3300,881400,23.1498
2019-09-20,27.2800,27.3200,27.1800,27.1800,1996300,23.0227
2019-09-23,26.8700,27.0300,26.8600,27.0200,2203700,22.8872
2019-09-24,26.9800,27.0300,26.7700,26.8400,3821700,22.7348
2019-09-25,26.6000,26.7000,26.4800,26.6600,1705600,22.5823
2019-09-26,26.7600,26.8200,26.6700,26.7400,2073100,22.6500
2019-09-27,26.8900,26.9500,26.7700,26.8200,2230800,22.7178
2019-09-30,26.8500,26.9600,26.8300,26.9100,1533600,22.7940
2019-10-01,26.8800,26.8800,26.5900,26.6500,4479400,22.5738
2019-10-02,26.2700,26.2900,25.9800,26.0500,7353000,22.0656
2019-10-03,26.0300,26.2000,25.9000,26.1800,2056500,22.1757
2019-10-04,26.2000,26.4400,26.1800,26.4400,2054500,22.3959
2019-10-07,26.3700,26.5400,26.3700,26.4000,1686200,22.3620
2019-10-08,26.1500,26.2300,26.0800,26.1100,5357500,22.1164
2019-10-09,26.4300,26.4700,26.3600,26.4100,2665400,22.3705
2019-10-10,26.4500,26.6400,26.4200,26.5700,5324800,22.5061
2019-10-11,27.2400,27.4800,27.2100,27.2900,5028100,23.1159
2019-10-14,27.2300,27.3600,27.2200,27.3400,1595100,23.1583
2019-10-15,27.3900,27.7700,27.3800,27.6800,3207000,23.4463
2019-10-16,27.7800,27.9200,27.7500,27.8400,3877000,23.5818
2019-10-17,28.1100,28.1400,27.9300,28.0000,1884400,23.7173
2019-10-18,28.0400,28.1200,27.9300,28.0900,2767300,23.7936
2019-10-21,28.3700,28.4000,28.2700,28.3400,7154100,24.0053
2019-10-22,28.2900,28.4100,28.1600,28.2100,3215000,23.8952
2019-10-23,28.2600,28.4300,28.2500,28.4000,1561700,24.0561
2019-10-24,28.4800,28.5200,28.3900,28.4600,5276400,24.1070
2019-10-25,28.3600,28.4200,28.3300,28.4100,1324200,24.0646
2019-10-28,28.5400,28.6200,28.5400,28.5900,5557400,24.2171
2019-10-29,28.4600,28.5500,28.4500,28.5100,2060000,24.1493
2019-10-30,28.4600,28.6600,28.3200,28.6200,2623300,24.2425
2019-10-31,28.5400,28.5800,28.4300,28.5500,2897900,24.1832
2019-11-01,28.7600,28.8000,28.7100,28.7800,2151900,24.3780
2019-11-04,29.1900,29.2300,29.0200,29.0700,2686800,24.6237
2019-11-05,28.9600,28.9700,28.8600,28.9500,1783700,24.5220
2019-11-06,29.0100,29.0500,28.9200,28.9700,1782900,24.5390
2019-11-07,29.1700,29.2200,29.1100,29.1100,10297600,24.6576
2019-11-08,28.9600,29.0200,28.8700,29.0200,1870400,24.5813
2019-11-11,28.8700,28.9800,28.8700,28.9300,769200,24.5051
2019-11-12,28.9900,29.0300,28.9200,28.9400,1478500,24.5136
2019-11-13,28.7800,28.9000,28.7800,28.8800,2171200,24.4627
2019-11-14,28.7500,28.8300,28.6900,28.8200,4916000,24.4119
2019-11-15,28.8700,29.0400,28.8700,29.0400,2517200,24.5983
2019-11-18,28.8900,29.0500,28.8400,29.0100,1275500,24.5728
2019-11-19,29.2400,29.2600,28.9900,29.0400,3131200,24.5983
2019-11-20,28.9000,28.9900,28.7700,28.8500,3679700,24.4373
2019-11-21,28.9000,28.9200,28.7900,28.8800,2146900,24.4627
2019-11-22,28.9400,28.9600,28.8100,28.8700,2288700,24.4543
2019-11-25,28.9100,29.0100,28.9100,29.0000,1605600,24.5644
2019-11-26,28.9900,29.0600,28.9600,29.0600,2443300,24.6152
2019-11-27,29.0400,29.1100,29.0300,29.0800,1078500,24.6321
2019-11-29,28.9900,29.0300,28.9400,28.9400,1042800,24.5136
2019-12-02,28.8500,28.8500,28.5800,28.6700,4296500,24.2848
2019-12-03,28.6300,28.8100,28.5300,28.7800,2983400,24.3780
2019-12-04,28.9400,29.0300,28.9400,29.0000,2455000,24.5644
2019-12-05,28.9900,28.9900,28.8100,28.8800,1878800,24.4627
2019-12-06,28.9700,28.9900,28.8900,28.9500,1216200,24.5220
2019-12-09,28.9000,28.9600,28.7600,28.7600,916000,24.3611
2019-12-10,28.6800,28.8700,28.6100,28.8300,8346500,24.4204
2019-12-11,28.9000,29.1000,28.9000,29.0800,2217200,24.6321
2019-12-12,29.0800,29.3600,29.0700,29.3300,4373300,24.8439
2019-12-13,29.4600,29.6800,29.3400,29.4100,3930000,24.9117
2019-12-16,29.6900,29.7700,29.6800,29.7000,4832200,25.1573
2019-12-17,29.5700,29.5900,29.4500,29.4600,6731200,24.9540
2019-12-18,29.3700,29.3800,29.2300,29.2600,8757100,24.7846
2019-12-19,29.1700,29.2900,29.1400,29.2700,4366300,24.7931
2019-12-20,29.3000,29.3600,29.2700,29.3000,1888800,24.8185
2019-12-23,29.3000,29.3700,29.2800,29.3300,1669500,24.8439
2019-12-24,29.3200,29.3500,29.2400,29.3100,847300,24.8270
2019-12-26,29.3100,29.4300,29.3000,29.4100,728500,24.9117
2019-12-27,29.6200,29.6200,29.5200,29.5600,1145400,25.0387
2019-12-30,29.4700,29.4800,29.1700,29.2100,1967900,24.7423
2019-12-31,29.2300,29.4300,29.1300,29.4000,2062700,24.9032
2020-01-02,29.7000,29.8900,29.7000,29.8800,4971300,25.3098
2020-01-03,29.2800,29.4600,29.2600,29.3100,3328500,24.8270
2020-01-06,29.1100,29.3800,29.1100,29.3500,6239300,24.8608
2020-01-07,29.3700,29.3900,29.2700,29.3000,1699000,24.8185
2020-01-08,29.3600,29.6500,29.3600,29.5700,2823700,25.0472
2020-01-09,29.8000,29.8500,29.7500,29.8400,3743100,25.2759
2020-01-10,29.8500,29.9000,29.7000,29.7600,3116000,25.2081
2020-01-13,29.7200,29.8400,29.6500,29.8400,2333400,25.2759
2020-01-14,29.6900,29.8600,29.6800,29.8200,7662700,25.2589
2020-01-15,29.7200,29.8000,29.6900,29.7300,2076200,25.1827
2020-01-16,29.7600,29.8100,29.6900,29.8000,2971200,25.2420
2020-01-17,29.8600,29.8600,29.7700,29.8500,1521300,25.2844
2020-01-21,29.9500,29.9800,29.8200,29.8200,2746400,25.2589
2020-01-22,29.9200,29.9300,29.7300,29.7900,2065600,25.2335
2020-01-23,29.6100,29.6500,29.4000,29.6300,2010500,25.0980
2020-01-24,29.8100,29.8600,29.6000,29.6300,3671200,25.0980
2020-01-27,28.9500,29.0900,28.9200,28.9600,3914100,24.5305
2020-01-28,29.0500,29.2100,28.9900,29.1900,2269100,24.7253
2020-01-29,29.2000,29.2500,29.0900,29.1500,1849400,24.6914
2020-01-30,28.8800,29.0500,28.8100,29.0200,2979000,24.5813
2020-01-31,28.8000,28.8200,28.4500,28.5300,5103000,24.1663
2020-02-03,28.5500,28.7400,28.5500,28.5900,3283200,24.2171
2020-02-04,29.0900,29.1400,29.0200,29.1000,4449800,24.6491
2020-02-05,29.4200,29.4800,29.3400,29.4300,2806700,24.9286
2020-02-06,29.6000,29.6000,29.5000,29.5200,1871200,25.0048
2020-02-07,29.3400,29.3600,29.2000,29.2400,4032900,24.7677
2020-02-10,29.1600,29.2500,29.1300,29.2400,1408700,24.7677
2020-02-11,29.4900,29.5500,29.4300,29.4800,1745400,24.9710
2020-02-12,29.7400,29.7400,29.6400,29.7000,1493600,25.1573
2020-02-13,29.4000,29.5100,29.3200,29.4600,2069400,24.9540
2020-02-14,29.5400,29.5700,29.4200,29.4800,1331500,24.9710
2020-02-18,29.2400,29.2900,29.1800,29.2100,2228400,24.7423
2020-02-19,29.3800,29.5000,29.3700,29.5000,1701300,24.9879
2020-02-20,29.4600,29.5200,29.1800,29.3400,4083700,24.8524
2020-02-21,29.2500,29.2600,29.0600,29.1400,2421900,24.6830
2020-02-24,27.8800,28.1000,27.8200,27.9000,3990600,23.6326
2020-02-25,27.9000,27.9200,27.2500,27.2700,7201300,23.0990
2020-02-26,27.4400,27.6400,27.1200,27.1800,7056300,23.0227
2020-02-27,26.8100,27.2000,26.4800,26.4900,12611800,22.4383
2020-02-28,25.7300,26.2800,25.5900,26.2200,8276300,22.2096
2020-03-02,26.3100,26.6600,25.9500,26.6300,20764400,22.5569
2020-03-03,26.9000,27.2400,26.1100,26.2900,9348100,22.2689
2020-03-04,26.8100,27.1500,26.5800,27.1200,6736300,22.9719
2020-03-05,26.4200,26.6300,26.1600,26.2700,7619300,22.2519
2020-03-06,25.9100,26.1600,25.7500,26.0100,4508100,22.0317
2020-03-09,24.2700,24.7100,23.7300,23.7600,5588400,20.1258
2020-03-10,24.6000,24.6900,23.7000,24.5400,11828500,20.7865
2020-03-11,23.9200,24.0100,22.9300,23.1700,6526400,19.6261
2020-03-12,21.4100,21.4400,20.0800,20.2300,5444600,17.1358
2020-03-13,21.6600,21.6600,19.9600,21.2200,5391300,17.9743
2020-03-16,18.5200,19.7200,18.1600,18.7300,4352900,15.8652
2020-03-17,18.8700,19.5300,18.5200,19.4100,3325500,16.4412
2020-03-18,18.1100,18.5100,17.5000,18.0300,7081000,15.2723
2020-03-19,17.8500,18.6100,17.6600,18.1500,7867100,15.3739
2020-03-20,18.9200,19.2600,18.2300,18.2500,5384200,15.4586
2020-03-23,18.6000,19.0800,18.4200,18.5900,9643300,15.7466
2020-03-24,20.2000,20.7900,20.0200,20.5900,7357600,17.4407
2020-03-25,20.6000,21.5000,20.3000,21.1200,6100400,17.8896
2020-03-26,21.1400,22.0300,21.1300,21.9800,7455800,18.6181
2020-03-27,20.9900,21.5200,20.7900,21.1200,3807100,17.8896
2020-03-30,21.1100,21.5500,20.9400,21.5200,3162900,18.2285
2020-03-31,21.3500,21.6200,21.1500,21.4800,3825600,18.1946
2020-04-01,20.7100,20.8700,20.3100,20.3800,4073900,17.2628
2020-04-02,20.3900,20.8500,20.2700,20.7300,12390700,17.5593
2020-04-03,20.4600,20.5500,20.2600,20.4300,5931600,17.3052
2020-04-06,21.3600,21.9400,21.3200,21.8000,6244400,18.4656
2020-04-07,22.6400,22.6500,21.9700,21.9700,8923900,18.6096
2020-04-08,22.1900,22.3200,21.9800,22.2400,4821800,18.8383
2020-04-09,22.7400,23.1300,22.6900,23.0400,5824700,19.5160
2020-04-13,22.9700,23.0200,22.4400,22.6800,3053500,19.2110
2020-04-14,23.2400,23.4800,23.1300,23.2700,3904500,19.7108
2020-04-15,22.3200,22.4100,22.1300,22.1900,4238200,18.7960
2020-04-16,22.3900,22.4000,21.9200,22.1300,7048200,18.7452
2020-04-17,22.9000,23.0800,22.6900,23.0400,7279200,19.5160
2020-04-20,22.6700,23.0300,22.6200,22.6800,5309000,19.2110
2020-04-21,22.2800,22.4900,22.0600,22.1700,6219100,18.7790
2020-04-22,22.4000,22.4800,22.2900,22.4400,2137600,19.0077
2020-04-23,22.3900,22.8200,22.1400,22.2300,6124700,18.8299
2020-04-24,22.4500,22.5200,22.1800,22.5100,4689600,19.0670
2020-04-27,22.7500,23.0500,22.7200,22.9800,3237100,19.4652
2020-04-28,23.4800,23.4800,23.0000,23.0200,2940200,19.4990
2020-04-29,23.6400,24.0700,23.6100,23.9900,4141700,20.3207
2020-04-30,23.5900,23.7200,23.3700,23.5800,13775900,19.9734
2020-05-01,23.3000,23.3500,22.9500,23.0700,3052200,19.5414
2020-05-04,22.7400,22.9300,22.6300,22.9200,3958600,19.4143
2020-05-05,23.0600,23.1600,22.9000,22.9300,2860800,19.4228
2020-05-06,23.1000,23.1300,22.6600,22.6600,8799500,19.1941
2020-05-07,23.0800,23.2500,23.0000,23.1300,4445000,19.5922
2020-05-08,23.4900,23.6200,23.4500,23.5800,4910400,19.9734
2020-05-11,23.3000,23.4800,23.2300,23.4200,3294700,19.8378
2020-05-12,23.5300,23.5500,23.0600,23.0600,5811400,19.5329
2020-05-13,23.0500,23.0800,22.5600,22.7400,7194200,19.2619
2020-05-14,22.1100,22.5400,21.9300,22.5300,7651000,19.0840
2020-05-15,22.5300,22.7300,22.4900,22.7000,4994800,19.2280
2020-05-18,23.4800,24.1700,23.4800,24.0500,7563600,20.3715
2020-05-19,23.9600,24.1400,23.8000,23.8100,4997900,20.1682
2020-05-20,24.3200,24.5800,24.2800,24.4800,7323100,20.7357
2020-05-21,24.4000,24.4800,24.0700,24.1500,4342700,20.4562
2020-05-22,24.1600,24.2300,24.0200,24.2300,2587500,20.5240
2020-05-26,25.2200,25.3200,25.1100,25.1400,4885700,21.2948
2020-05-27,25.6300,25.7600,25.3600,25.7200,7922000,21.7861
2020-05-28,25.8400,26.0900,25.7400,25.7400,6481600,21.8030
2020-05-29,25.8200,25.8800,25.4900,25.7900,9001100,21.8454
2020-06-01,26.0900,26.5300,26.0200,26.5000,9309300,22.4468
2020-06-02,26.6800,26.8600,26.6000,26.8300,7559800,22.7263
2020-06-03,27.4500,28.0400,27.4100,27.9200,7438000,23.6496
2020-06-04,27.6900,28.0800,27.6500,27.9100,6333800,23.6411
2020-06-05,28.5400,28.6900,28.3800,28.4400,13732000,24.0900
2020-06-08,28.5900,28.8400,28.3800,28.8300,6006200,24.4204
2020-06-09,28.0900,28.4300,28.0700,28.2400,5422300,23.9206
2020-06-10,28.3400,28.4300,27.9800,28.1100,3979200,23.8105
2020-06-11,27.3300,27.4600,26.3400,26.4300,8419400,22.3875
2020-06-12,27.1100,27.2100,26.3800,26.8200,8707400,22.7178
2020-06-15,26.0900,26.8900,25.9900,26.8300,4946100,22.9660
2020-06-16,27.3100,27.3900,26.7500,27.1200,5101900,23.2143
2020-06-17,27.3000,27.3300,27.0500,27.1500,6168900,23.2400
2020-06-18,26.9100,27.1200,26.8500,26.9800,3981500,23.0944
2020-06-19,27.3400,27.3400,26.7200,26.7500,4237600,22.8976
2020-06-22,27.0000,27.2400,26.8500,27.2000,4843700,23.2828
2020-06-23,27.8000,27.8400,27.4800,27.5100,4120500,23.5481
2020-06-24,27.1600,27.2000,26.5500,26.7400,4648400,22.8890
2020-06-25,26.7000,27.1500,26.5600,27.1100,4900500,23.2057
2020-06-26,26.9700,26.9800,26.4900,26.5700,4902700,22.7435
2020-06-29,26.8000,27.0200,26.6400,27.0000,4555200,23.1116
2020-06-30,26.8200,27.2400,26.8100,27.1100,5985900,23.2057
2020-07-01,26.9700,27.2100,26.9400,27.0900,4474200,23.1886
2020-07-02,27.6700,27.8700,27.5200,27.5700,3259000,23.5995
2020-07-06,28.1500,28.2800,27.9900,28.1900,3994300,24.1302
2020-07-07,27.8300,27.9200,27.5600,27.5700,5448900,23.5995
2020-07-08,27.6600,27.9700,27.6000,27.9600,5289800,23.9333
2020-07-09,28.1700,28.1700,27.5400,27.7700,4540100,23.7707
2020-07-10,27.8200,28.0800,27.7200,28.0600,5252900,24.0189
2020-07-13,28.2700,28.4600,27.7600,27.8300,6358800,23.8220
2020-07-14,27.9400,28.4400,27.9200,28.3700,10033600,24.2843
2020-07-15,28.7000,28.8600,28.5200,28.6800,5730600,24.5496
2020-07-16,28.5700,28.7400,28.5200,28.6000,4006300,24.4811
2020-07-17,28.7300,28.8500,28.6400,28.8400,3407800,24.6866
2020-07-20,28.8800,29.2100,28.7800,29.1800,3276900,24.9776
2020-07-21,29.4600,29.5600,29.3100,29.3800,3247300,25.1488
2020-07-22,29.5900,29.7000,29.5400,29.6600,4636200,25.3885
2020-07-23,29.5700,29.6700,29.2700,29.3500,6247600,25.1231
2020-07-24,29.0300,29.1400,28.9400,29.0500,3072800,24.8663
2020-07-27,29.3500,29.5600,29.3300,29.5000,4274300,25.2515
2020-07-28,29.2500,29.3800,29.1600,29.1800,4247400,24.9776
2020-07-29,29.3800,29.6500,29.3500,29.5900,6672100,25.3286
2020-07-30,28.4800,28.8500,28.1800,28.8200,8315700,24.6695
2020-07-31,28.8000,28.8200,28.0300,28.2500,7911900,24.1815
2020-08-03,28.7300,29.0100,28.6300,28.9800,6363900,24.8064
2020-08-04,28.6900,29.0000,28.6400,29.0000,6508800,24.8235
2020-08-05,29.2300,29.3600,29.0600,29.1200,6685000,24.9263
2020-08-06,29.0800,29.3400,28.9900,29.2900,4474000,25.0718
2020-08-07,29.0100,29.2100,28.9800,29.2000,5381600,24.9947
2020-08-10,29.2000,29.2300,29.0300,29.2000,6042500,24.9947
2020-08-11,29.7700,29.7900,29.2500,29.3200,8555500,25.0974
2020-08-12,29.8400,30.1000,29.8000,30.0200,8850700,25.6966
2020-08-13,29.9300,30.0300,29.7000,29.8200,6804600,25.5254
2020-08-14,29.6300,29.7500,29.5700,29.6500,3096900,25.3799
2020-08-17,29.9100,29.9500,29.8800,29.9200,2160900,25.6110
2020-08-18,30.2200,30.2600,29.8800,29.9800,5219100,25.6624
2020-08-19,30.1700,30.2200,29.8400,29.8700,7328900,25.5682
2020-08-20,29.4800,29.8300,29.4600,29.7700,7543400,25.4826
2020-08-21,29.2100,29.4800,29.1900,29.4700,5071300,25.2258
2020-08-24,30.1100,30.1100,29.9100,30.0800,2890700,25.7480
2020-08-25,30.3200,30.3300,29.9500,30.2000,3433700,25.8507
2020-08-26,30.2200,30.5400,30.1800,30.5100,5345800,26.1161
2020-08-27,30.4900,30.4900,29.9200,30.0900,4164500,25.7566
2020-08-28,30.2300,30.2800,30.0700,30.2700,2914100,25.9106
2020-08-31,30.3100,30.4200,30.0700,30.1000,5092300,25.7651
2020-09-01,30.1800,30.2900,30.0100,30.1200,6452800,25.7822
2020-09-02,30.4000,30.7300,30.2900,30.7200,13438300,26.2958
2020-09-03,30.6500,30.6700,29.7700,29.9100,7692300,25.6025
2020-09-04,29.9600,30.0500,29.2000,29.8500,9923600,25.5511
2020-09-08,29.5200,29.8600,29.4400,29.5600,10553200,25.3029
2020-09-09,30.2600,30.5500,30.2100,30.4200,6922600,26.0390
2020-09-10,30.6600,30.7500,30.0800,30.1100,7845300,25.7737
2020-09-11,30.3300,30.4500,30.1200,30.3100,6630900,25.9449
2020-09-14,30.4900,30.5000,30.2800,30.3500,4835900,25.9791
2020-09-15,30.5500,30.5500,30.3100,30.4000,3172200,26.0219
2020-09-16,30.4700,30.5300,30.2300,30.2800,2575200,25.9192
2020-09-17,30.1500,30.4900,30.1400,30.4600,4951400,26.0733
2020-09-18,30.4000,30.4200,30.1300,30.2700,5733800,25.9106
2020-09-21,29.1400,29.1400,28.6200,29.0100,8490500,24.8321
2020-09-22,29.0700,29.0900,28.6800,28.9700,7328800,24.7978
2020-09-23,29.0800,29.0800,28.4900,28.5400,8223500,24.4298
2020-09-24,28.6500,28.9300,28.4600,28.7300,5900000,24.5924
2020-09-25,28.1400,28.5800,28.0500,28.5600,8088500,24.4469
2020-09-28,29.1800,29.2800,29.1400,29.2700,4391800,25.0547
2020-09-29,29.2900,29.4500,29.1900,29.3700,7418000,25.1402
2020-09-30,29.2500,29.4500,29.0400,29.1300,10374700,24.9348
2020-10-01,29.2900,29.3400,29.1000,29.3200,8304200,25.0974
2020-10-02,28.8300,29.2200,28.8300,29.1700,6244600,24.9691
2020-10-05,29.4800,29.7800,29.4800,29.7800,3782700,25.4912
2020-10-06,29.9100,29.9100,29.3700,29.4600,5470200,25.2173
2020-10-07,29.6000,29.8000,29.5700,29.7300,3673100,25.4484
2020-10-08,29.9600,30.0600,29.9200,30.0400,9918500,25.7138
2020-10-09,30.1800,30.2300,30.0600,30.2000,4371600,25.8507
2020-10-12,30.2500,30.4500,30.2500,30.4100,1707000,26.0305
2020-10-13,29.9500,29.9800,29.7900,29.8900,2903700,25.5854
2020-10-14,30.0500,30.1000,29.8300,29.8800,2746300,25.5768
2020-10-15,29.0300,29.3200,29.0300,29.2700,4763100,25.0547
2020-10-16,29.5900,29.7900,29.5600,29.6100,5181400,25.3457
2020-10-19,29.7300,29.8000,29.3500,29.4000,4837300,25.1659
2020-10-20,29.6100,29.7300,29.4600,29.4900,5652600,25.2430
2020-10-21,29.2900,29.4300,29.1100,29.1300,6368000,24.9348
2020-10-22,29.0200,29.1800,28.8700,29.1300,3867600,24.9348
2020-10-23,29.4000,29.4000,29.1500,29.4000,3677600,25.1659
2020-10-26,28.3500,28.3800,27.8200,28.0800,5984400,24.0360
2020-10-27,27.9900,28.0600,27.6400,27.6800,8931500,23.6936
2020-10-28,26.5800,26.6800,26.2800,26.3800,11929800,22.5809
2020-10-29,26.3700,26.6400,26.1800,26.4800,12242200,22.6665
2020-10-30,26.3700,26.4200,26.0600,26.2800,9037800,22.4953
2020-11-02,26.6300,26.7400,26.3900,26.6400,6990400,22.8034
2020-11-03,27.2200,27.6600,27.2000,27.5100,6288100,23.5481
2020-11-04,27.6700,28.1300,27.5300,27.8800,8462400,23.8648
2020-11-05,28.6300,28.7200,28.4400,28.6100,8934500,24.4897
2020-11-06,28.7200,28.7800,28.5700,28.6400,5410900,24.5154
2020-11-09,30.1500,30.1500,29.4100,29.4400,11156700,25.2002
2020-11-10,29.8200,29.9300,29.6400,29.7300,12077800,25.4484
2020-11-11,29.7800,29.9400,29.7400,29.9400,7803800,25.6282
2020-11-12,29.6200,29.7200,29.3500,29.4800,5645200,25.2344
2020-11-13,29.7600,29.9600,29.7500,29.9300,5856300,25.6196
2020-11-16,30.1400,30.1400,29.8600,30.0700,6324500,25.7394
2020-11-17,29.9900,30.1300,29.8900,30.0700,5027500,25.7394
2020-11-18,30.1200,30.2500,29.9800,29.9800,3155500,25.6624
2020-11-19,29.9500,30.1600,29.8900,30.1400,3098900,25.7994
2020-11-20,30.0600,30.1500,30.0100,30.0900,3464700,25.7566
2020-11-23,30.2800,30.3000,29.9600,30.1300,5144600,25.7908
2020-11-24,30.3100,30.5200,30.2700,30.5200,4626400,26.1246
2020-11-25,30.4200,30.6100,30.3800,30.5800,3199600,26.1760
2020-11-27,30.6000,30.7900,30.6000,30.7300,2112000,26.3044
2020-11-30,31.0300,31.0900,30.5600,30.5600,5362000,26.1589
2020-12-01,30.9300,31.2000,30.9300,31.1700,4648800,26.6810
2020-12-02,30.9700,31.1200,30.9300,31.0800,10232900,26.6040
2020-12-03,31.1200,31.1700,30.9500,31.0300,2499600,26.5612
2020-12-04,31.1800,31.2900,31.1100,31.1400,3552100,26.6553
2020-12-07,31.0500,31.1800,31.0300,31.0700,2311000,26.5954
2020-12-08,31.1000,31.2200,31.0800,31.2200,2025000,26.7238
2020-12-09,31.4200,31.4200,31.0000,31.1500,4411300,26.6639
2020-12-10,30.9800,31.3000,30.9800,31.2300,4611200,26.7324
2020-12-11,30.8800,30.9500,30.7100,30.9000,6642900,26.4499
2020-12-14,30.8500,30.9000,30.6700,30.7100,3943300,26.6207
2020-12-15,31.0300,31.2500,30.9900,31.2400,3663700,27.0801
2020-12-16,31.5700,31.7600,31.4700,31.7100,4470000,27.4875
2020-12-17,32.0500,32.1500,32.0100,32.1100,4011500,27.8342
2020-12-18,32.1500,32.1600,31.9000,32.0400,5227900,27.7736
2020-12-21,31.0100,31.4800,30.8400,31.3900,7352800,27.2101
2020-12-22,31.4000,31.4200,31.2300,31.2900,5237200,27.1234
2020-12-23,31.7100,31.8000,31.6300,31.7700,2205900,27.5395
2020-12-24,31.7700,31.8500,31.7000,31.8400,2125200,27.6002
2020-12-28,32.2400,32.3100,32.1300,32.2000,2373600,27.9123
2020-12-29,32.4500,32.4600,32.1000,32.1900,2597700,27.9036
2020-12-30,32.2400,32.3500,32.1400,32.1700,1809700,27.8863
2020-12-31,32.1400,32.1800,31.6500,31.7700,2926200,27.5395
2021-01-04,32.6400,32.6600,31.9300,32.1600,4783800,27.8776
2021-01-05,32.1000,32.3900,32.0500,32.3200,5248300,28.0163
2021-01-06,32.4200,32.7400,32.3800,32.6100,4872000,28.2677
2021-01-07,32.7300,32.8300,32.6500,32.7700,5665200,28.4064
2021-01-08,33.0000,33.0100,32.6300,32.9200,4780100,28.5364
2021-01-11,32.1700,32.4600,32.1300,32.3700,2742100,28.0596
2021-01-12,32.3600,32.4900,32.1900,32.4500,3854900,28.1290
2021-01-13,32.4200,32.5700,32.3400,32.4300,2150300,28.1116
2021-01-14,32.4400,32.6400,32.4200,32.5500,2678200,28.2157
2021-01-15,32.0300,32.0800,31.6600,31.8400,4097500,27.6002
2021-01-19,32.2700,32.2900,32.0800,32.2100,3386000,27.9209
2021-01-20,32.3700,32.4700,32.2700,32.4500,1425800,28.1290
2021-01-21,32.5900,32.7000,32.4200,32.6800,2532100,28.3283
2021-01-22,32.5200,32.6400,32.4800,32.5500,2310400,28.2157
2021-01-25,32.1100,32.2000,31.8500,32.1300,6597600,27.8516
2021-01-26,32.5300,32.6000,32.3700,32.5200,2947200,28.1896
2021-01-27,31.6900,31.9700,31.3400,31.6500,4882600,27.4355
2021-01-28,31.8200,32.0900,31.8000,31.8900,3108400,27.6435
2021-01-29,31.7500,31.8200,31.3200,31.4600,3305800,27.2708
2021-02-01,31.8300,31.8600,31.7000,31.7700,4631600,27.5395
2021-02-02,32.0300,32.2500,31.9700,32.2200,2732300,27.9296
2021-02-03,32.2500,32.4800,32.2100,32.4500,3457700,28.1290
2021-02-04,32.3200,32.5000,32.3200,32.4700,1668500,28.1463
2021-02-05,32.6000,32.6700,32.4800,32.6400,1728600,28.2937
2021-02-08,32.7600,32.8200,32.5400,32.7000,2249900,28.3457
2021-02-09,32.6200,32.7900,32.5900,32.7400,1291800,28.3804
2021-02-10,32.8500,32.8500,32.3700,32.5600,2108200,28.2243
2021-02-11,32.8600,32.9300,32.7700,32.8900,1697400,28.5104
2021-02-12,32.7000,32.9600,32.6700,32.9500,2467900,28.5624
2021-02-16,33.0000,33.0700,32.9000,32.9800,2043600,28.5884
2021-02-17,32.5400,32.6000,32.3400,32.5000,2137700,28.1723
2021-02-18,32.5700,32.6200,32.3600,32.5900,2950300,28.2503
2021-02-19,32.8300,32.9000,32.6500,32.6900,2067900,28.3370
2021-02-22,32.6400,32.8200,32.5900,32.6400,2669200,28.2937
2021-02-23,32.2900,32.4400,31.9900,32.3700,2749500,28.0596
2021-02-24,32.3500,32.7500,32.2800,32.7200,2842700,28.3630
2021-02-25,32.7900,32.9000,32.1800,32.2500,6032000,27.9556
2021-02-26,32.3500,32.3500,32.0000,32.0100,6199600,27.7476
2021-03-01,32.3100,32.5100,32.2600,32.4700,2696800,28.1463
2021-03-02,32.6100,32.6600,32.4800,32.5800,2491600,28.2417
2021-03-03,32.5300,32.6500,32.3400,32.4500,4029200,28.1290
2021-03-04,32.4100,32.5900,32.0200,32.1300,5219700,27.8516
2021-03-05,32.1600,32.1800,31.7800,32.0800,3868400,27.8082
2021-03-08,32.1600,32.6200,32.1200,32.4000,5632200,28.0856
2021-03-09,32.7600,32.8600,32.7100,32.7700,3555400,28.4064
2021-03-10,33.0400,33.0800,32.8800,33.0700,3292400,28.6664
2021-03-11,33.1900,33.3100,33.1000,33.2800,1525100,28.8484
2021-03-12,32.8900,33.2100,32.8800,33.1900,2272500,28.7704
2021-03-15,33.0500,33.0600,32.7800,33.0400,1698300,28.6404
2021-03-16,33.2200,33.2200,33.0300,33.0800,2316900,28.6751
2021-03-17,33.1100,33.6400,33.0800,33.5700,3696900,29.0998
2021-03-18,33.5600,33.7700,33.4000,33.4200,3972900,28.9698
2021-03-19,33.1600,33.3500,33.0300,33.2400,3339300,28.8138
2021-03-22,33.3800,33.5400,33.3700,33.4700,2080600,29.0131
2021-03-23,33.3700,33.3900,33.0800,33.1000,2093600,28.6924
2021-03-24,32.9400,33.0100,32.7500,32.7500,2378900,28.3890
2021-03-25,32.5700,32.9100,32.5200,32.8600,4476600,28.4844
2021-03-26,33.0500,33.2300,32.9800,33.2100,2007600,28.7878
2021-03-29,33.0800,33.2500,33.0800,33.2100,4870200,28.7878
2021-03-30,33.2000,33.4500,33.2000,33.3400,3227400,28.9005
2021-03-31,33.4000,33.5700,33.3800,33.4400,2582500,28.9871
2021-04-01,33.7200,34.0300,33.7100,33.9500,1874600,29.4292
2021-04-05,34.3200,34.7200,34.2400,34.6900,4162500,30.0707
2021-04-06,34.2900,34.3300,34.2100,34.3200,1871000,29.7500
2021-04-07,34.3900,34.4800,34.3000,34.4100,2962000,29.8280
2021-04-08,34.4400,34.5600,34.3400,34.5200,1255000,29.9233
2021-04-09,34.4500,34.6100,34.4200,34.6000,1165700,29.9927
2021-04-12,34.5800,34.5900,34.4800,34.5600,7125900,29.9580
2021-04-13,34.6700,34.7300,34.5900,34.7200,2187100,30.0967
2021-04-14,34.7200,34.7400,34.5600,34.5900,2260700,29.9840
2021-04-15,34.7900,34.8700,34.7400,34.8600,3715600,30.2181
2021-04-16,35.1900,35.3900,35.1600,35.3900,3200300,30.6775
2021-04-19,35.3700,35.3800,35.1400,35.2600,4440400,30.5648
2021-04-20,34.9900,34.9900,34.6400,34.7400,2823700,30.1140
2021-04-21,34.4400,34.9100,34.4200,34.9000,2403500,30.2527
2021-04-22,34.9700,35.0400,34.7400,34.8300,2773700,30.1921
2021-04-23,34.8000,35.2200,34.8000,35.1400,2713000,30.4608
2021-04-26,35.1200,35.2100,35.0700,35.2000,2085900,30.5128
2021-04-27,35.1000,35.1800,35.0300,35.1500,1306300,30.4694
2021-04-28,35.1600,35.3800,35.0900,35.3000,2795800,30.5995
2021-04-29,35.1600,35.1800,34.7600,35.0700,2363500,30.4001
2021-04-30,34.9500,34.9800,34.4800,34.6200,4867400,30.0100
2021-05-03,34.9500,35.0200,34.8900,35.0100,2657300,30.3481
2021-05-04,34.2800,34.3600,33.8500,34.0600,6579100,29.5246
2021-05-05,34.5400,34.6000,34.3800,34.5700,2839300,29.9667
2021-05-06,34.5900,34.8600,34.4700,34.8400,3689500,30.2007
2021-05-07,35.0700,35.4900,35.0700,35.4800,4211100,30.7555
2021-05-10,35.4100,35.4200,35.0800,35.1100,4177400,30.4348
2021-05-11,34.4900,34.7800,34.4700,34.6800,5408000,30.0620
2021-05-12,34.5600,34.7600,34.3100,34.3800,5812200,29.8020
2021-05-13,34.5100,34.8100,34.4900,34.7400,5659000,30.1140
2021-05-14,35.1100,35.4400,35.0900,35.4200,3952200,30.7035
2021-05-17,35.3100,35.4400,35.2700,35.4200,3031500,30.7035
2021-05-18,35.5100,35.5600,35.4000,35.4300,3417000,30.7122
2021-05-19,34.8300,35.1200,34.6100,34.9600,4785400,30.3047
2021-05-20,35.2500,35.6100,35.2400,35.5700,3803400,30.8335
2021-05-21,35.5800,35.6200,35.4500,35.5700,3457000,30.8335
2021-05-24,35.8000,36.0000,35.7400,35.9400,1995900,31.1542
2021-05-25,35.9800,36.0200,35.8000,35.9000,3027600,31.1196
2021-05-26,35.7700,35.8400,35.6400,35.7000,4448500,30.9462
2021-05-27,35.6900,35.7500,35.5300,35.6400,5072100,30.8942
2021-05-28,35.7400,35.9000,35.6900,35.7800,2954100,31.0155
2021-06-01,36.2600,36.2600,36.0600,36.1000,3589000,31.2929
2021-06-02,36.0500,36.1300,35.9900,36.1200,2333900,31.3103
2021-06-03,35.9400,36.0300,35.8400,35.9600,2299600,31.1716
2021-06-04,36.1600,36.2500,36.1000,36.2400,2185500,31.4143
2021-06-07,36.3400,36.4900,36.3300,36.4800,3032900,31.6223
2021-06-08,36.4100,36.4200,36.2400,36.3100,2540300,31.4750
2021-06-09,36.2000,36.2100,36.0300,36.1000,2812400,31.2929
2021-06-10,35.4500,35.6000,35.3900,35.5100,2546400,31.3044
2021-06-11,35.5600,35.6300,35.4900,35.6200,3920500,31.4014
2021-06-14,35.6800,35.7100,35.5900,35.6800,1335200,31.4543
2021-06-15,35.7100,35.7500,35.6600,35.7400,1925000,31.5072
2021-06-16,35.6400,35.6700,35.2100,35.2900,3164600,31.1105
2021-06-17,35.1300,35.1700,34.9100,35.0600,3130400,30.9077
2021-06-18,34.4400,34.5200,34.2900,34.3800,3131900,30.3082
2021-06-21,34.6800,34.9300,34.6600,34.9200,1913200,30.7843
2021-06-22,34.7800,35.0200,34.7100,34.9200,3031700,30.7843
2021-06-23,34.8700,34.8900,34.5700,34.6000,1994900,30.5022
2021-06-24,34.9500,35.0100,34.8800,34.9400,1497100,30.8019
2021-06-25,35.0100,35.0600,34.9800,35.0200,1971600,30.8724
2021-06-28,34.9700,34.9900,34.7900,34.8700,1247300,30.7402
2021-06-29,35.0500,35.0800,34.9400,35.0000,997900,30.8548
2021-06-30,34.5500,34.6500,34.4500,34.6000,2971100,30.5022
2021-07-01,34.6200,34.7100,34.5300,34.6800,2203600,30.5727
2021-07-02,34.7000,34.8200,34.5900,34.8000,1447900,30.6785
2021-07-06,34.6700,34.6800,34.2900,34.4100,2588700,30.3347
2021-07-07,34.7400,34.7800,34.5600,34.7500,3645500,30.6344
2021-07-08,34.1900,34.3600,34.0700,34.2800,3425400,30.2201
2021-07-09,34.6600,34.9400,34.6400,34.9200,3336500,30.7843
2021-07-12,35.0000,35.1600,34.9700,35.1400,2348400,30.9782
2021-07-13,34.9600,35.0400,34.8300,34.8600,1525800,30.7314
2021-07-14,35.0300,35.0400,34.9400,35.0100,3106700,30.8636
2021-07-15,34.6100,34.6600,34.4800,34.5900,2588500,30.4934
2021-07-16,34.6100,34.6100,34.2600,34.3100,2789800,30.2465
2021-07-19,33.6000,33.6600,33.4300,33.5700,4168600,29.5942
2021-07-20,33.4000,33.8100,33.3300,33.7300,4187200,29.7352
2021-07-21,33.9600,34.2400,33.9400,34.2300,3042700,30.1760
2021-07-22,34.4200,34.4700,34.2000,34.3100,2429600,30.2465
2021-07-23,34.6100,34.6600,34.5200,34.5900,1976000,30.4934
2021-07-26,34.5600,34.6300,34.5200,34.5800,2671500,30.4845
2021-07-27,34.4600,34.4900,34.3400,34.4800,2128700,30.3964
2021-07-28,34.3900,34.6000,34.3300,34.5500,2394500,30.4581
2021-07-29,34.8200,34.9000,34.7900,34.8100,2347600,30.6873
2021-07-30,34.6100,34.7000,34.4600,34.5200,1929200,30.4316
2021-08-02,34.6700,34.7600,34.5500,34.5900,2059200,30.4934
2021-08-03,34.6500,34.7200,34.5100,34.6800,1553200,30.5727
2021-08-04,34.8900,34.9800,34.7600,34.7800,3614500,30.6609
2021-08-05,34.8800,34.9700,34.8800,34.9500,2825900,30.8107
2021-08-06,34.8600,34.8800,34.6900,34.7400,1248400,30.6256
2021-08-09,34.7200,34.7200,34.6200,34.6500,1529900,30.5463
2021-08-10,34.7300,34.7400,34.6600,34.7300,1759800,30.6168
2021-08-11,34.8500,34.9000,34.7600,34.8800,2493000,30.7490
2021-08-12,35.0000,35.1200,34.9700,35.0800,2303000,30.9253
2021-08-13,35.2300,35.3500,35.2100,35.3400,1134400,31.1545
2021-08-16,35.1100,35.1700,34.9700,35.1600,1406800,30.9958
2021-08-17,34.8800,34.9500,34.7300,34.8400,1807100,30.7137
2021-08-18,34.8600,35.1300,34.8600,34.8800,1552200,30.7490
2021-08-19,34.3500,34.5900,34.3300,34.5100,2729400,30.4228
2021-08-20,34.3800,34.6400,34.3700,34.6100,1689800,30.5110
2021-08-23,34.7600,34.9000,34.7000,34.8700,1552400,30.7402
2021-08-24,34.9200,35.0700,34.8900,34.9900,3329400,30.8460
2021-08-25,34.9200,34.9700,34.8700,34.9100,1560100,30.7755
2021-08-26,34.7600,34.8200,34.6400,34.6800,3492800,30.5727
2021-08-27,34.7300,35.0600,34.7200,35.0200,1672300,30.8724
2021-08-30,35.0500,35.1400,35.0300,35.1200,1233200,30.9606
2021-08-31,35.0500,35.0500,34.8200,34.9500,2682500,30.8107
2021-09-01,35.0700,35.2000,35.0200,35.0400,2717000,30.8901
2021-09-02,35.2200,35.2200,35.1400,35.1900,1530100,31.0223
2021-09-03,35.0300,35.1700,34.9300,35.1200,2499700,30.9606
2021-09-07,35.2400,35.2800,35.1000,35.1000,2463700,30.9430
2021-09-08,34.7200,34.7900,34.5300,34.6100,2160600,30.5110
2021-09-09,34.6200,34.7500,34.5200,34.5300,3376300,30.4405
2021-09-10,34.8000,34.8100,34.4800,34.4800,1977800,30.3964
2021-09-13,34.7700,34.7800,34.6300,34.7300,1852600,30.6168
2021-09-14,34.9000,34.9000,34.6500,34.6800,4016900,30.5727
2021-09-15,34.6900,34.6900,34.4800,34.6500,2336000,30.5463
2021-09-16,34.4800,34.5700,34.3900,34.5600,2238900,30.4669
2021-09-17,34.4000,34.4300,33.9200,34.0400,6155100,30.0085
2021-09-20,33.0500,33.2400,32.9400,33.1600,5624600,29.2327
2021-09-21,33.6700,33.7700,33.5200,33.5500,4727700,29.5765
2021-09-22,33.8700,34.1200,33.8200,33.8600,4088700,29.8498
2021-09-23,34.1900,34.3600,34.1900,34.3200,3632200,30.2553
2021-09-24,33.9500,34.0200,33.8800,33.9700,2829200,29.9468
2021-09-27,33.9500,34.0700,33.8800,34.0200,2332200,29.9909
2021-09-28,33.5500,33.5700,33.2100,33.3100,5896200,29.3650
2021-09-29,33.3500,33.3500,33.1100,33.1500,4175200,29.2239
2021-09-30,33.0300,33.1100,32.8000,32.9200,4372200,29.0211
2021-10-01,32.9600,32.9800,32.6500,32.9400,6272400,29.0388
2021-10-04,32.8500,32.8700,32.5500,32.6800,6016100,28.8096
2021-10-05,32.6000,32.8700,32.5500,32.7500,2519400,28.8713
2021-10-06,32.1300,32.4000,32.0500,32.3800,6933800,28.5451
2021-10-07,32.5400,32.7800,32.5300,32.7000,3328200,28.8272
2021-10-08,32.8000,32.8100,32.6500,32.7300,2631000,28.8536
2021-10-11,32.6300,32.7200,32.5000,32.5000,3364700,28.6509
2021-10-12,32.5800,32.6000,32.4600,32.5200,3190600,28.6685
2021-10-13,32.8700,32.9800,32.7800,32.9500,3681100,29.0476
2021-10-14,33.3000,33.4200,33.2400,33.3700,2891300,29.4178
2021-10-15,33.5200,33.6400,33.4900,33.6300,2039100,29.6471
2021-10-18,33.3600,33.4700,33.2900,33.4500,1680900,29.4884
2021-10-19,33.6200,33.6900,33.5300,33.5800,6353700,29.6030
2021-10-20,33.5400,33.6600,33.5000,33.6300,1806400,29.6471
2021-10-21,33.6100,33.6400,33.5100,33.5400,2342400,29.5677
2021-10-22,33.7600,33.8600,33.6400,33.7800,3372100,29.7793
2021-10-25,33.7700,33.8300,33.7000,33.8100,1710300,29.8057
2021-10-26,34.1200,34.1300,33.9200,33.9900,2304500,29.9644
2021-10-27,33.9800,34.0300,33.8400,33.8400,2872300,29.8322
2021-10-28,33.9100,34.1200,33.9100,34.0800,3950000,30.0438
2021-10-29,33.7500,33.7900,33.6000,33.7700,4095000,29.7705
2021-11-01,33.9800,34.1800,33.9000,34.1800,1659000,30.1319
2021-11-02,34.2900,34.3700,34.2800,34.3400,3985800,30.2730
2021-11-03,34.3100,34.6900,34.3100,34.6800,2560200,30.5727
2021-11-04,34.5900,34.5900,34.4100,34.5200,2249600,30.4316
2021-11-05,34.4800,34.5300,34.3600,34.5300,1737000,30.4405
2021-11-08,34.4900,34.5600,34.4400,34.4400,1640800,30.3611
2021-11-09,34.5800,34.5900,34.3800,34.4500,2933100,30.3699
2021-11-10,34.3000,34.3800,33.9800,33.9900,2218300,29.9644
2021-11-11,34.1500,34.1700,34.0600,34.0800,1389400,30.0438
2021-11-12,34.1000,34.1600,34.0400,34.1100,1881600,30.0702
2021-11-15,34.1500,34.2000,33.9300,33.9600,2900800,29.9380
2021-11-16,34.0900,34.1700,34.0200,34.0400,1469300,30.0085
2021-11-17,34.0900,34.1500,34.0300,34.1200,1264300,30.0790
2021-11-18,34.1300,34.2800,34.0300,34.2400,1799600,30.1848
2021-11-19,33.9300,33.9800,33.7300,33.7900,3049800,29.7881
2021-11-22,33.6300,33.7000,33.4500,33.4500,2026100,29.4884
2021-11-23,33.2800,33.3900,33.1200,33.2900,2612000,29.3473
2021-11-24,32.6000,32.9500,32.5700,32.9400,2234800,29.0388
2021-11-26,32.3300,32.3800,31.8900,31.9700,3067900,28.1837
2021-11-29,32.1600,32.1600,31.8300,32.0300,3060300,28.2366
2021-11-30,32.0900,32.2100,31.4500,31.8100,5715400,28.0426
2021-12-01,32.3600,32.5600,31.7500,31.7700,5615300,28.0073
2021-12-02,31.9100,32.1200,31.8900,32.0400,5484600,28.2454
2021-12-03,32.0800,32.0900,31.5700,31.8200,6308300,28.0514
2021-12-06,32.0000,32.1700,31.8900,32.1400,3827200,28.3335
2021-12-07,32.6100,32.9500,32.5900,32.9500,2808600,29.0476
2021-12-08,32.8700,32.9900,32.7800,32.9600,1664100,29.0564
2021-12-09,32.7100,32.7400,32.5200,32.5200,2606800,28.6685
2021-12-10,32.6300,32.7200,32.5500,32.6800,2191100,28.8096
2021-12-13,32.7400,32.7800,32.5300,32.5400,2441900,28.7178
2021-12-14,32.3300,32.4600,32.1000,32.2500,3093100,28.4618
2021-12-15,32.2400,32.6200,32.0900,32.6200,3429500,28.7884
2021-12-16,32.8300,32.8300,32.4600,32.5700,4252100,28.7443
2021-12-17,32.2900,32.3600,32.0700,32.0800,3626700,28.3118
2021-12-20,31.7800,31.9300,31.7300,31.9200,3471800,28.1706
2021-12-21,32.1000,32.2900,32.0400,32.2900,3395400,28.4971
2021-12-22,32.2700,32.6500,32.2400,32.6300,1538600,28.7972
2021-12-23,32.6800,32.9200,32.6700,32.8600,2493300,29.0002
2021-12-27,32.9400,33.1500,32.9400,33.1500,2551400,29.2561
2021-12-28,33.1600,33.2600,33.1300,33.1600,2225700,29.2650
2021-12-29,33.1100,33.1600,33.0300,33.1200,1492400,29.2297
2021-12-30,32.8800,32.9800,32.7400,32.7800,2120900,29.1470
2021-12-31,32.8200,32.9900,32.7300,32.7800,2738600,29.1470
2022-01-03,33.1200,33.1900,33.0000,33.1600,1763100,29.4848
2022-01-04,33.3800,33.4000,33.1900,33.2600,2580300,29.5738
2022-01-05,33.5900,33.6100,33.1400,33.1500,2620600,29.4760
2022-01-06,33.1300,33.2600,32.9700,33.0300,3658800,29.3693
2022-01-07,33.0300,33.1600,32.9000,33.1100,2564900,29.4404
2022-01-10,32.6500,32.8400,32.5100,32.8100,3478200,29.1736
2022-01-11,32.9800,33.2600,32.8900,33.2600,2177500,29.5738
2022-01-12,33.4100,33.5400,33.3500,33.5100,3772500,29.7961
2022-01-13,33.6700,33.7100,33.3100,33.3400,5736800,29.6449
2022-01-14,33.2700,33.4400,33.1500,33.3400,4147200,29.6449
2022-01-18,32.8600,32.9900,32.6700,32.7100,5269900,29.0847
2022-01-19,33.0200,33.0600,32.7700,32.8200,4648700,29.1825
2022-01-20,32.8800,33.0700,32.6200,32.6400,3376000,29.0225
2022-01-21,32.3500,32.4200,32.1000,32.1100,5542600,28.5512
2022-01-24,31.2700,31.6900,30.7700,31.6700,10948400,28.1600
2022-01-25,31.2200,31.5800,30.9600,31.4100,6098600,27.9288
2022-01-26,32.0000,32.1900,31.4300,31.6300,10981300,28.1244
2022-01-27,31.6900,31.8400,31.3300,31.4200,4721600,27.9377
2022-01-28,31.1700,31.4900,31.0100,31.4800,4433100,27.9910
2022-01-31,31.5100,32.0300,31.5100,32.0100,3441800,28.4623
2022-02-01,32.2700,32.3000,32.0300,32.2800,3769100,28.7024
2022-02-02,32.4200,32.4700,32.2300,32.3600,2930400,28.7735
2022-02-03,32.1700,32.3400,32.0700,32.0700,3751100,28.5156
2022-02-04,31.7600,32.1300,31.6800,31.9800,3348900,28.4356
2022-02-07,31.9600,32.1300,31.8900,31.9800,3964200,28.4356
2022-02-08,31.8500,32.1300,31.8000,32.1000,2219300,28.5423
2022-02-09,32.5700,32.6300,32.4900,32.6200,2272700,29.0047
2022-02-10,32.2000,32.7300,32.1900,32.2500,4278300,28.6757
2022-02-11,32.2800,32.4000,31.4600,31.5700,14214100,28.0711
2022-02-14,31.3400,31.4200,30.9800,31.2300,6454000,27.7687
2022-02-15,31.9300,32.1700,31.9200,32.1700,4968300,28.6046
2022-02-16,32.0100,32.2800,31.9800,32.2200,3709000,28.6490
2022-02-17,31.9000,31.9500,31.5500,31.6100,4397600,28.1066
2022-02-18,31.4600,31.5100,31.1000,31.2000,5927700,27.7421
2022-02-22,30.5500,30.7300,30.0900,30.4200,8123100,27.0485
2022-02-23,30.7500,30.7600,29.9400,29.9900,9503700,26.6662
2022-02-24,28.3100,29.4100,28.2400,29.3100,21606100,26.0615
2022-02-25,29.6000,30.1000,29.5200,30.0800,10060600,26.7462
2022-02-28,29.1000,29.6700,28.9000,29.0800,16201700,25.8570
2022-03-01,28.7300,28.8100,27.8000,28.0300,12318800,24.9234
2022-03-02,28.0500,28.4300,27.9300,28.2400,9535900,25.1101
2022-03-03,28.0800,28.0800,27.2400,27.3600,10274100,24.3277
2022-03-04,26.1700,26.2200,25.5400,25.8900,30704800,23.0206
2022-03-07,25.8500,25.9300,24.6300,24.8500,27714300,22.0959
2022-03-08,25.5400,26.4300,25.0300,25.6700,27205700,22.8250
2022-03-09,27.2800,28.0600,27.1000,27.6900,27225400,24.6211
2022-03-10,26.7900,27.1500,26.6400,26.8100,15153600,23.8386
2022-03-11,27.4500,27.5000,26.6500,26.7100,12094800,23.7497
2022-03-14,27.5700,27.8300,27.3900,27.4500,9413600,24.4077
2022-03-15,27.5600,27.7600,27.3500,27.7300,14046900,24.6567
2022-03-16,28.3000,29.0200,28.2100,28.9300,18294400,25.7237
2022-03-17,28.5300,29.0200,28.4600,28.9300,9147700,25.7237
2022-03-18,28.2500,28.9400,28.2000,28.9100,6621800,25.7059
2022-03-21,28.7300,28.7400,28.2800,28.4400,7586300,25.2880
2022-03-22,28.7100,28.9100,28.6800,28.8600,3403600,25.6614
2022-03-23,28.2100,28.3800,28.1200,28.1500,7583600,25.0301
2022-03-24,28.1100,28.3600,28.0100,28.3100,5455100,25.1724
2022-03-25,28.3800,28.4700,28.0800,28.3100,6040800,25.1724
2022-03-28,28.4800,28.6600,28.2800,28.6300,6187300,25.4569
2022-03-29,29.6800,29.8300,29.2800,29.5600,8018100,26.2838
2022-03-30,29.2400,29.3000,29.0500,29.1800,3618700,25.9460
2022-03-31,28.8100,28.8600,28.3500,28.3900,4306200,25.2435
2022-04-01,28.6300,28.6600,28.3800,28.6100,3559800,25.4391
2022-04-04,28.4400,28.6600,28.4200,28.6000,3666400,25.4302
2022-04-05,28.2900,28.4300,27.9900,28.0700,4127800,24.9590
2022-04-06,27.5800,27.7400,27.3800,27.5900,8541800,24.5322
2022-04-07,27.7600,27.8200,27.3700,27.6000,5334800,24.5411
2022-04-08,27.5100,27.8000,27.4900,27.6900,6130000,24.6211
2022-04-11,27.5500,27.7300,27.3000,27.3400,5640500,24.3099
2022-04-12,27.4300,27.5000,26.9900,27.0600,6505900,24.0609
2022-04-13,26.9600,27.3600,26.9300,27.3300,4604300,24.3010
2022-04-14,27.3000,27.3800,27.0900,27.1700,5036800,24.1587
2022-04-18,27.0600,27.3200,27.0200,27.1100,6521900,24.1054
2022-04-19,27.0600,27.4000,27.0600,27.3900,3861900,24.3543
2022-04-20,27.6900,27.7900,27.6100,27.7100,4601900,24.6389
2022-04-21,28.2400,28.2800,27.5700,27.6400,5081000,24.5766
2022-04-22,27.5500,27.5500,27.0700,27.0900,5660900,24.0876
2022-04-25,26.7800,26.9600,26.5300,26.9100,6099400,23.9275
2022-04-26,26.7100,26.7100,25.8400,25.8400,7338400,22.9761
2022-04-27,25.8300,26.0200,25.6000,25.8200,7271900,22.9583
2022-04-28,26.1800,26.3700,25.8300,26.3200,7891600,23.4029
2022-04-29,26.3400,26.5000,25.9600,26.0100,6492100,23.1273
2022-05-02,25.9500,26.1500,25.7000,25.9600,8041900,23.0828
2022-05-03,26.1100,26.1700,25.9800,26.1000,6359000,23.2073
2022-05-04,26.2500,26.7600,25.9800,26.7200,9886700,23.7586
2022-05-05,26.2800,26.2800,25.5400,25.8000,8071300,22.9406
2022-05-06,25.5700,25.6500,25.2800,25.4200,7182700,22.6027
2022-05-09,25.0500,25.2000,24.7600,24.9100,5943000,22.1492
2022-05-10,25.5500,25.5700,25.0800,25.2600,7993300,22.4604
2022-05-11,25.4400,25.8500,25.2200,25.2400,8779100,22.4426
2022-05-12,24.9500,25.4000,24.8300,25.1000,6126900,22.3181
2022-05-13,25.4300,25.8100,25.4200,25.7800,3455500,22.9228
2022-05-16,25.5700,25.8600,25.4200,25.7700,2507200,22.9139
2022-05-17,26.3300,26.4700,26.1800,26.4600,3766600,23.5274
2022-05-18,26.1000,26.1300,25.5400,25.5600,3652300,22.7272
2022-05-19,25.5400,26.1200,25.5100,25.9500,4494000,23.0739
2022-05-20,26.2900,26.2900,25.7600,26.0900,3965900,23.1984
2022-05-23,26.4500,26.7200,26.3600,26.6900,4645000,23.7319
2022-05-24,26.5200,26.6000,26.3300,26.5100,2999000,23.5719
2022-05-25,26.1700,26.6000,26.1500,26.4900,2362800,23.5541
2022-05-26,26.6100,27.0200,26.6000,26.9700,2724300,23.9809
2022-05-27,27.1700,27.3800,27.1600,27.3600,1483700,24.3277
2022-05-31,27.2800,27.4500,27.1200,27.3300,3135700,24.3010
2022-06-01,27.4100,27.4500,26.9000,27.0100,3095900,24.0165
2022-06-02,27.2700,27.7000,27.2000,27.6900,2274200,24.6211
2022-06-03,27.4000,27.4700,27.2900,27.3700,1437400,24.3366
2022-06-06,27.6300,27.7600,27.4600,27.5300,1360600,24.4788
2022-06-07,27.1500,27.5500,27.1500,27.5300,1453800,24.4788
2022-06-08,27.2800,27.3800,27.1200,27.1700,1365200,24.1587
2022-06-09,26.0400,26.1200,25.5900,25.6100,2492800,23.4553
2022-06-10,25.0400,25.0800,24.7500,24.8300,3783500,22.7410
2022-06-13,24.0500,24.2600,23.8700,23.9700,4093300,21.9533
2022-06-14,24.0400,24.0800,23.5500,23.7600,4976100,21.7610
2022-06-15,24.1500,24.4000,23.8100,24.3100,5409900,22.2647
2022-06-16,23.4500,23.7100,23.3300,23.5100,3249000,21.5320
2022-06-17,23.5700,23.7800,23.4200,23.6700,3617400,21.6786
2022-06-21,24.1100,24.1200,23.8700,23.9100,2866500,21.8984
2022-06-22,23.5900,24.0200,23.5500,23.7600,2241700,21.7610
2022-06-23,23.3800,23.4200,23.0900,23.3700,4284500,21.4038
2022-06-24,23.5000,23.9300,23.4800,23.9300,3730900,21.9167
2022-06-27,23.9600,24.0800,23.8300,23.9000,2966000,21.8892
2022-06-28,24.0300,24.1400,23.6400,23.6500,2541700,21.6602
2022-06-29,23.4600,23.5000,23.2300,23.2500,2718100,21.2939
2022-06-30,22.6200,23.0300,22.4500,23.0100,4886900,21.0741
2022-07-01,22.7000,23.0400,22.6000,23.0300,2566600,21.0924
2022-07-05,21.8500,22.1300,21.7200,22.1000,6604800,20.2406
2022-07-06,22.0000,22.0800,21.8200,22.0200,3200500,20.1674
2022-07-07,22.2800,22.4300,22.2600,22.4300,1882300,20.5429
2022-07-08,22.5300,22.7300,22.4100,22.6500,2556000,20.7444
2022-07-11,22.2100,22.2500,21.9700,22.0100,2794100,20.1582
2022-07-12,21.8500,22.2000,21.8500,21.9100,3030900,20.0666
2022-07-13,21.6100,22.0000,21.5300,21.8800,7737100,20.0392
2022-07-14,21.3000,21.5100,21.0800,21.4600,4537000,19.6545
2022-07-15,21.8300,22.0900,21.6800,22.0300,4397500,20.1765
2022-07-18,22.4000,22.4700,22.1400,22.2000,3233800,20.3322
2022-07-19,22.7700,23.3000,22.7500,23.2300,9261300,21.2756
2022-07-20,23.0900,23.2000,22.8100,22.9200,5742100,20.9917
2022-07-21,22.7300,23.0600,22.6900,23.0300,6179200,21.0924
2022-07-22,23.1500,23.3100,22.8300,22.9200,3461500,20.9917
2022-07-25,23.1600,23.2000,22.8700,23.0100,4194400,21.0741
2022-07-26,22.5700,22.6200,22.3700,22.4100,4293200,20.5246
2022-07-27,22.6300,23.0500,22.5400,23.0100,15421800,21.0741
2022-07-28,22.9300,23.1200,22.7400,23.0900,4195000,21.1474
2022-07-29,23.2300,23.5800,23.1600,23.5800,3923400,21.5961
2022-08-01,23.5600,23.7400,23.4700,23.5700,3476000,21.5870
2022-08-02,23.4200,23.5000,23.2400,23.2400,4013200,21.2847
2022-08-03,23.4200,23.6600,23.3100,23.6200,3700500,21.6328
2022-08-04,23.8000,23.9100,23.7000,23.8900,4106300,21.8800
2022-08-05,23.5200,23.6800,23.4300,23.6100,3558200,21.6236
2022-08-08,23.7500,23.8800,23.6000,23.6500,2746200,21.6602
2022-08-09,23.5900,23.6300,23.4100,23.4400,3636500,21.4679
2022-08-10,23.9800,24.1500,23.9000,24.0300,3509100,22.0083
2022-08-11,24.1100,24.2000,23.9100,23.9900,4110200,21.9716
2022-08-12,24.0400,24.2100,23.9500,24.2000,2956900,22.1640
2022-08-15,23.8500,23.9400,23.8000,23.8700,3338700,21.8617
2022-08-16,23.8400,24.1200,23.8300,24.0300,2509200,22.0083
2022-08-17,23.5400,23.7100,23.4300,23.5500,7674500,21.5687
2022-08-18,23.5300,23.5400,23.3200,23.3900,3350500,21.4221
2022-08-19,23.2000,23.2100,22.9300,22.9900,4893900,21.0558
2022-08-22,22.3900,22.4100,22.1000,22.1500,5315100,20.2864
2022-08-23,22.1800,22.4400,22.0700,22.1400,5609700,20.2773
2022-08-24,22.0800,22.3400,22.0400,22.2300,3652400,20.3597
2022-08-25,22.2700,22.5000,22.2200,22.5000,2443500,20.6070
2022-08-26,22.5500,22.5600,21.6200,21.6300,4491900,19.8102
2022-08-29,21.7400,21.9400,21.7100,21.8000,3528700,19.9659
2022-08-30,22.1800,22.2300,21.8000,21.9300,3691600,20.0849
2022-08-31,21.9400,22.0500,21.7900,21.8400,2696800,20.0025
2022-09-01,21.4400,21.5500,21.1600,21.5400,4467100,19.7278
2022-09-02,21.9500,22.1800,21.2500,21.3500,15092100,19.5537
2022-09-06,21.6200,21.7500,21.4000,21.4900,5485400,19.6820
2022-09-07,21.5300,22.0400,21.5100,22.0400,4387500,20.1857
2022-09-08,21.4600,21.8400,21.3900,21.7800,4490700,19.9476
2022-09-09,22.2400,22.4300,22.2400,22.4200,3038400,20.5337
2022-09-12,22.9600,23.1300,22.9200,23.0500,9235500,21.1107
2022-09-13,22.5200,22.6900,22.0700,22.0900,6847400,20.2315
2022-09-14,22.0400,22.1800,21.8800,22.0600,10468000,20.2040
2022-09-15,21.8500,22.0900,21.8200,21.8600,3364700,20.0208
2022-09-16,21.5000,21.7100,21.4400,21.6100,9370200,19.7919
2022-09-19,21.3600,21.8100,21.3600,21.7900,3386400,19.9567
2022-09-20,21.3800,21.4600,21.0900,21.2900,8508800,19.4988
2022-09-21,21.2400,21.5000,20.9300,20.9400,6353100,19.1782
2022-09-22,21.0200,21.0800,20.7500,20.9000,3566100,19.1416
2022-09-23,20.2800,20.3200,19.9200,20.0600,6668600,18.3723
2022-09-26,19.9900,20.1500,19.7000,19.7700,6489100,18.1067
2022-09-27,19.8500,19.9900,19.3500,19.5300,6233200,17.8869
2022-09-28,19.5000,20.2000,19.4300,20.1600,5230800,18.4639
2022-09-29,19.6100,19.7900,19.4000,19.7600,5291600,18.0975
2022-09-30,19.6800,20.0400,19.6600,19.7400,6804500,18.0792
2022-10-03,19.9600,20.2700,19.8600,20.2200,4340500,18.5188
2022-10-04,20.9100,21.3000,20.9000,21.2800,4940100,19.4896
2022-10-05,20.7600,21.0500,20.5800,20.9200,4503400,19.1599
2022-10-06,20.6300,20.7400,20.4500,20.4600,5603800,18.7386
2022-10-07,20.2700,20.3100,19.9100,19.9900,3593300,18.3082
2022-10-10,20.1700,20.2000,19.8500,20.0300,4613200,18.3448
2022-10-11,19.8300,20.1000,19.6500,19.7600,4734900,18.0975
2022-10-12,19.7700,19.8700,19.6800,19.7300,3461000,18.0700
2022-10-13,19.4500,20.4500,19.3800,20.3500,8038400,18.6379
2022-10-14,20.5500,20.6500,20.0900,20.1000,4538600,18.4089
2022-10-17,20.7300,20.8900,20.7100,20.8300,7089200,19.0775
2022-10-18,21.3900,21.3900,20.9800,21.1700,6711600,19.3889
2022-10-19,20.8500,20.9800,20.6700,20.8200,4609400,19.0683
2022-10-20,20.8200,21.0900,20.6900,20.7300,3385500,18.9859
2022-10-21,20.6500,21.2000,20.5800,21.1900,5810600,19.4072
2022-10-24,21.2600,21.4800,21.1400,21.4300,5313400,19.6270
2022-10-25,21.4900,21.9100,21.4600,21.8900,3420200,20.0483
2022-10-26,21.8800,22.3300,21.8800,22.1800,5468600,20.3139
2022-10-27,22.0400,22.3000,21.9500,21.9600,3593400,20.1124
2022-10-28,21.9100,22.1700,21.8500,22.1600,3372700,20.2956
2022-10-31,21.8600,21.9200,21.7800,21.8200,2234800,19.9842
2022-11-01,22.2700,22.2800,21.8500,21.9800,3571700,20.1307
2022-11-02,21.9100,22.1900,21.4900,21.4900,6201000,19.6820
2022-11-03,21.0900,21.3200,21.0500,21.1500,4075200,19.3706
2022-11-04,22.0000,22.3200,21.8600,22.3100,7074500,20.4330
2022-11-07,22.4900,22.6100,22.3900,22.5200,2484500,20.6253
2022-11-08,22.6200,22.9800,22.5900,22.8500,5225000,20.9275
2022-11-09,22.6400,22.8600,22.5600,22.5700,4797000,20.6711
2022-11-10,23.7300,24.1300,23.5900,24.1200,7536400,22.0907
2022-11-11,24.4000,24.9000,24.3300,24.8300,9108700,22.7410
2022-11-14,24.7200,24.9600,24.6400,24.6500,5562900,22.5761
2022-11-15,25.0300,25.0900,24.3200,24.7500,10749600,22.6677
2022-11-16,24.7800,24.8500,24.6200,24.7600,6499200,22.6769
2022-11-17,24.4600,24.8900,24.4600,24.8500,2771400,22.7593
2022-11-18,25.0300,25.0400,24.8600,24.9300,3221500,22.8325
2022-11-21,24.6300,24.7500,24.5600,24.6700,2228900,22.5944
2022-11-22,24.7200,24.9100,24.6800,24.8900,2386400,22.7959
2022-11-23,24.7900,25.0900,24.7900,25.0700,3481500,22.9608
2022-11-25,25.1400,25.3200,25.1400,25.2600,1402200,23.1348
2022-11-28,25.1200,25.2200,24.7900,24.8200,2757300,22.7318
2022-11-29,24.8400,25.0200,24.8100,24.9100,1506500,22.8142
2022-11-30,25.0600,25.4600,24.7900,25.3900,7822900,23.2538
2022-12-01,25.5900,25.7100,25.4000,25.5800,3481300,23.4279
2022-12-02,25.4500,25.7700,25.4200,25.7400,2734200,23.5744
2022-12-05,25.5600,25.6600,25.3300,25.3900,2124600,23.2538
2022-12-06,25.3500,25.4000,24.9800,25.0800,3936400,22.9699
2022-12-07,25.2000,25.2900,25.0300,25.1700,3811500,23.0524
2022-12-08,25.0800,25.2900,25.0000,25.2500,1835500,23.1256
2022-12-09,25.2600,25.3900,25.2100,25.2600,2600700,23.1348
2022-12-12,25.2300,25.3000,25.1300,25.2900,3061100,23.1623
2022-12-13,26.0700,26.1600,25.5600,25.7000,6184800,23.5461
2022-12-14,25.6500,25.8800,25.4900,25.6800,4214900,23.5278
2022-12-15,25.2200,25.2600,24.7600,24.8600,6141700,22.7765
2022-12-16,24.6900,24.8200,24.5300,24.6000,3932000,22.5383
2022-12-19,24.6900,24.7500,24.5300,24.6000,2790300,22.5383
2022-12-20,24.5400,24.7100,24.5100,24.6500,2388400,22.5841
2022-12-21,24.8400,25.0300,24.8000,24.9200,2619400,22.8315
2022-12-22,24.7800,24.7800,24.4400,24.6600,2340100,22.5933
2022-12-23,24.6300,24.8100,24.5400,24.7300,3478400,22.6574
2022-12-27,24.8100,24.9100,24.7500,24.8100,2706300,22.7307
2022-12-28,24.8400,24.9200,24.5600,24.5900,2047100,22.5292
2022-12-29,24.9600,25.1300,24.9100,25.0500,2120900,22.9506
2022-12-30,24.8300,24.9300,24.7000,24.7300,3106100,22.6574
2023-01-03,25.2600,25.4000,25.0400,25.1500,3660600,23.0422
2023-01-04,25.8200,25.9400,25.6600,25.8700,5115900,23.7019
2023-01-05,25.7200,25.8400,25.6700,25.7100,7284500,23.5553
2023-01-06,25.7300,26.4100,25.6100,26.3600,5430600,24.1508
2023-01-09,26.7500,26.9500,26.6900,26.7100,3640500,24.4715
2023-01-10,26.7800,26.9800,26.7700,26.9800,2315100,24.7189
2023-01-11,27.2200,27.3300,27.1700,27.3100,3410000,25.0212
2023-01-12,27.5300,27.8400,27.2700,27.7700,6525100,25.4427
2023-01-13,27.5400,27.8000,27.5100,27.7900,6497600,25.4610
2023-01-17,27.8500,28.0600,27.7400,27.8100,4441100,25.4793
2023-01-18,28.1100,28.1300,27.6900,27.7000,3637200,25.3785
2023-01-19,27.4700,27.5600,27.3000,27.5100,5342500,25.2045
2023-01-20,27.4400,27.7700,27.3900,27.7700,3301100,25.4427
2023-01-23,27.6300,27.9000,27.6200,27.8700,1745700,25.5343
2023-01-24,27.6800,27.8600,27.6100,27.8300,2675200,25.4976
2023-01-25,27.7500,28.0200,27.6900,28.0100,2194500,25.6625
2023-01-26,27.9500,28.0100,27.7800,28.0100,2680800,25.6625
2023-01-27,27.8200,28.0700,27.8200,27.9900,3507700,25.6442
2023-01-30,27.9400,28.0700,27.8300,27.8500,2910100,25.5160
2023-01-31,27.8000,28.0400,27.7600,28.0400,1995500,25.6900
2023-02-01,28.1300,28.6300,27.9900,28.5200,4725600,26.1298
2023-02-02,28.8200,28.9100,28.5800,28.8700,5353700,26.4505
2023-02-03,28.4200,28.7000,28.3500,28.4200,5765900,26.0382
2023-02-06,28.1500,28.2200,27.9900,28.0800,1888100,25.7267
2023-02-07,27.8800,28.1800,27.7500,28.1300,3825800,25.7725
2023-02-08,28.1500,28.2000,28.0100,28.1200,2577100,25.7633
2023-02-09,28.5400,28.5800,28.0800,28.1300,2028000,25.7725
2023-02-10,27.8500,27.8600,27.6300,27.7700,1812400,25.4427
2023-02-13,27.8100,28.0300,27.8100,28.0300,3384000,25.6809
2023-02-14,27.9500,28.2900,27.8900,28.1300,3773900,25.7725
2023-02-15,27.9100,28.1800,27.9100,28.1700,1257800,25.8091
2023-02-16,27.9000,28.2200,27.8500,28.0500,3973400,25.6992
2023-02-17,27.8600,28.1600,27.8200,28.1500,2878200,25.7908
2023-02-21,27.8500,27.9500,27.6400,27.6800,2285100,25.3602
2023-02-22,27.6400,27.7300,27.5000,27.5500,1711200,25.2411
2023-02-23,27.8000,27.8500,27.5800,27.7900,1091200,25.4610
2023-02-24,27.2300,27.2900,26.9500,27.0400,3821300,24.7738
2023-02-27,27.4800,27.5500,27.3500,27.4800,2153800,25.1770
2023-02-28,27.4200,27.5200,27.2600,27.2900,1677300,25.0029
2023-03-01,27.6100,27.6700,27.3400,27.4900,3354300,25.1861
2023-03-02,27.1700,27.4300,27.1700,27.3900,3688500,25.0945
2023-03-03,27.7400,27.9700,27.6400,27.9400,2089000,25.5984
2023-03-06,28.0700,28.2000,28.0600,28.0900,1529200,25.7358
2023-03-07,27.9700,28.0000,27.5100,27.5600,1777500,25.2503
2023-03-08,27.6300,27.8300,27.5600,27.7400,1214900,25.4152
2023-03-09,27.6800,27.8200,27.4600,27.5300,1728600,25.2228
2023-03-10,27.5700,27.6300,27.2800,27.3000,2563600,25.0121
2023-03-13,26.8100,27.1400,26.7300,26.9500,6034300,24.6914
2023-03-14,27.4200,27.4800,27.2400,27.4400,3155300,25.1403
2023-03-15,26.0900,26.5100,26.0400,26.4600,4854400,24.2425
2023-03-16,26.1600,26.8300,26.1300,26.8000,3700700,24.5540
2023-03-17,26.4000,26.5400,26.2000,26.4400,3092200,24.2241
2023-03-20,26.7100,26.9600,26.6700,26.8800,1938000,24.6273
2023-03-21,27.4600,27.5400,27.3600,27.4800,1542900,25.1770
2023-03-22,27.5900,27.9100,27.4200,27.4300,2528000,25.1312
2023-03-23,27.7100,27.8700,27.2800,27.4300,2634500,25.1312
2023-03-24,26.9800,27.1500,26.8200,27.1100,3105800,24.8380
2023-03-27,27.4600,27.5100,27.3100,27.4700,7062100,25.1678
2023-03-28,27.4400,27.5500,27.3900,27.5000,1879800,25.1953
2023-03-29,27.8200,27.9200,27.7200,27.8800,1622900,25.5434
2023-03-30,28.3200,28.4100,28.2900,28.3800,1656200,26.0015
2023-03-31,28.4700,28.5700,28.4000,28.4600,1585100,26.0748
2023-04-03,28.3900,28.5400,28.3400,28.5300,1714100,26.1390
2023-04-04,28.6300,28.7300,28.5600,28.6600,2186100,26.2581
2023-04-05,28.4200,28.5000,28.2600,28.3700,2022600,25.9924
2023-04-06,28.3400,28.6500,28.3300,28.5800,1438200,26.1848
2023-04-10,28.4000,28.5900,28.3400,28.5900,1769500,26.1939
2023-04-11,28.6100,28.7000,28.5800,28.6500,1605400,26.2489
2023-04-12,28.9000,28.9900,28.7800,28.8200,2582300,26.4047
2023-04-13,29.0400,29.2100,29.0300,29.1700,1427700,26.7253
2023-04-14,29.2200,29.2900,29.0000,29.1400,1616700,26.6978
2023-04-17,28.9500,28.9800,28.8200,28.9800,1714200,26.5513
2023-04-18,29.1400,29.2300,29.1000,29.2000,1097100,26.7528
2023-04-19,29.1100,29.2400,29.0900,29.1900,1223400,26.7437
2023-04-20,28.9100,29.0600,28.9100,28.9900,1580400,26.5604
2023-04-21,29.0500,29.2700,28.9900,29.2600,3464300,26.8078
2023-04-24,29.3100,29.3800,29.2600,29.3600,1152000,26.8994
2023-04-25,29.2300,29.2600,28.9700,28.9900,1656200,26.5604
2023-04-26,29.3100,29.3100,29.0400,29.0800,1663900,26.6429
2023-04-27,29.1600,29.3100,29.0800,29.2900,1532500,26.8353
2023-04-28,29.1700,29.4600,29.1400,29.4100,1466100,26.9452
2023-05-01,29.4900,29.5600,29.4000,29.4300,4771800,26.9635
2023-05-02,29.0800,29.1000,28.8700,29.0400,3699000,26.6062
2023-05-03,29.2200,29.4300,29.1700,29.2000,3081600,26.7528
2023-05-04,29.0300,29.1700,28.9300,29.0800,1843300,26.6429
2023-05-05,29.2400,29.5600,29.2300,29.5000,865200,27.0277
2023-05-08,29.5000,29.5200,29.3800,29.4300,2040900,26.9635
2023-05-09,29.1100,29.2900,29.1000,29.2400,869500,26.7895
2023-05-10,29.3100,29.3100,29.0300,29.2100,1036500,26.7620
2023-05-11,28.9200,29.0000,28.7800,28.9600,1447200,26.5329
2023-05-12,28.9300,28.9700,28.7700,28.8500,1208800,26.4322
2023-05-15,28.9100,29.0000,28.8400,28.9800,1240800,26.5513
2023-05-16,28.8900,28.9100,28.7600,28.7800,1848900,26.3680
2023-05-17,28.8300,28.9600,28.7100,28.9600,1697400,26.5329
2023-05-18,29.0000,29.1000,28.9000,29.0800,1421700,26.6429
2023-05-19,29.2600,29.4100,29.2600,29.3200,1325800,26.8628
2023-05-22,29.1800,29.2600,29.1800,29.2100,1811600,26.7620
2023-05-23,29.0300,29.1000,28.8200,28.8300,1531600,26.4138
2023-05-24,28.5300,28.5300,28.3300,28.3600,1997800,25.9832
2023-05-25,28.2700,28.3500,28.1700,28.2900,1312900,25.9191
2023-05-26,28.3800,28.6200,28.3800,28.5800,1635600,26.1848
2023-05-30,28.6600,28.6600,28.3400,28.4300,1575900,26.0473
2023-05-31,28.0700,28.1300,27.7300,27.9800,2882000,25.6351
2023-06-01,28.1300,28.4700,28.0800,28.4300,4116500,26.0473
2023-06-02,28.6900,28.7200,28.5800,28.6100,2158400,26.2123
2023-06-05,28.5600,28.5600,28.3800,28.4200,2618400,26.0382
2023-06-06,28.3500,28.5200,28.3500,28.5100,6091000,26.1206
2023-06-07,27.7800,27.8900,27.6000,27.6300,1313000,26.0068
2023-06-08,27.8400,27.9900,27.8200,27.9800,2335400,26.3362
2023-06-09,27.8700,27.8800,27.7300,27.7600,2257900,26.1291
2023-06-12,28.0000,28.1400,27.9600,28.1400,1647200,26.4868
2023-06-13,28.3200,28.4100,28.2400,28.3900,2215400,26.7221
2023-06-14,28.5800,28.7100,28.4200,28.5600,1061600,26.8821
2023-06-15,28.5800,28.9600,28.5600,28.9300,1364900,27.2304
2023-06-16,29.1000,29.1200,28.8900,28.9100,2059500,27.2116
2023-06-20,28.4800,28.5400,28.3700,28.4500,945200,26.7786
2023-06-21,28.3300,28.5100,28.2700,28.3900,819800,26.7221
2023-06-22,28.3000,28.4100,28.3000,28.3500,1040900,26.6845
2023-06-23,27.8100,28.0100,27.7900,27.9300,804600,26.2891
2023-06-26,27.9300,28.0200,27.9000,27.9000,927100,26.2609
2023-06-27,28.0600,28.2500,27.9900,28.2000,965500,26.5433
2023-06-28,28.2400,28.3100,28.1400,28.2100,960100,26.5527
2023-06-29,28.0300,28.1100,28.0100,28.0700,1067800,26.4209
2023-06-30,28.5300,28.6100,28.4700,28.5700,2886400,26.8915
2023-07-03,28.4300,28.4900,28.3700,28.4300,757300,26.7598
2023-07-05,28.0900,28.1200,27.9300,27.9600,1388800,26.3174
2023-07-06,27.5200,27.5500,27.2300,27.3900,1440600,25.7809
2023-07-07,27.5100,27.8500,27.4600,27.6800,2174600,26.0538
2023-07-10,27.7300,27.8900,27.7200,27.8900,886700,26.2515
2023-07-11,28.0400,28.1900,27.9800,28.1900,6567500,26.5339
2023-07-12,28.6800,28.8900,28.6400,28.8700,2555900,27.1739
2023-07-13,29.1800,29.3800,29.1800,29.3700,3133700,27.6445
2023-07-14,29.3000,29.3700,29.1900,29.2100,1367500,27.4939
2023-07-17,29.0900,29.3100,29.0600,29.2700,442400,27.5504
2023-07-18,29.1900,29.3600,29.1700,29.3400,1009700,27.6163
2023-07-19,29.2800,29.3200,29.1600,29.2200,847900,27.5033
2023-07-20,29.2700,29.3400,28.9800,29.0300,1209000,27.3245
2023-07-21,29.1000,29.1400,29.0000,29.1000,975000,27.3904
2023-07-24,28.9600,29.0200,28.9100,28.9400,1806500,27.2398
2023-07-25,28.8700,29.0200,28.8600,28.9900,1446800,27.2869
2023-07-26,28.6600,29.0400,28.6600,28.9600,3028400,27.2586
2023-07-27,29.2800,29.3500,29.0000,29.0400,2363400,27.3339
2023-07-28,29.2900,29.4800,29.2700,29.4200,1175600,27.6916
2023-07-31,29.4600,29.5200,29.3100,29.3200,876600,27.5975
2023-08-01,28.9900,29.0600,28.8100,28.9000,3708400,27.2021
2023-08-02,28.5200,28.5600,28.2600,28.3200,2937900,26.6562
2023-08-03,28.0600,28.2800,28.0200,28.1600,3161800,26.5056
2023-08-04,28.2700,28.5300,28.1900,28.2300,1459900,26.5715
2023-08-07,28.3500,28.4800,28.2400,28.4600,1426100,26.7880
2023-08-08,27.9600,28.1000,27.8500,28.0800,1934600,26.4303
2023-08-09,28.1900,28.3000,28.1100,28.1800,939500,26.5244
2023-08-10,28.4700,28.7100,28.3000,28.3600,1906700,26.6939
2023-08-11,28.1400,28.2100,28.0500,28.1100,2465600,26.4586
2023-08-14,27.9600,28.1700,27.8700,28.1200,1568600,26.4680
2023-08-15,28.0100,28.0200,27.7400,27.8000,4825100,26.1668
2023-08-16,27.8300,27.9600,27.6800,27.6900,1834600,26.0632
2023-08-17,27.7900,27.8200,27.4600,27.5000,6704500,25.8844
2023-08-18,27.2200,27.5000,27.2000,27.4400,3035800,25.8279
2023-08-21,27.5400,27.6200,27.4300,27.5900,1975800,25.9691
2023-08-22,27.6700,27.6900,27.5000,27.5400,2264000,25.9220
2023-08-23,27.4700,27.6900,27.4700,27.6500,3226400,26.0256
2023-08-24,27.5100,27.5900,27.2000,27.2000,1682900,25.6020
2023-08-25,27.3800,27.5400,27.1600,27.3800,1392500,25.7714
2023-08-28,27.5400,27.6600,27.5200,27.6200,1199700,25.9973
2023-08-29,27.6100,28.1100,27.6000,28.0900,2856600,26.4397
2023-08-30,28.0700,28.1600,27.9900,28.0400,861300,26.3927
2023-08-31,28.0500,28.1300,27.8600,27.9200,1159900,26.2797
2023-09-01,27.9800,28.0000,27.5700,27.6100,1687000,25.9879
2023-09-05,27.4500,27.4800,27.2700,27.2900,1061900,25.6867
2023-09-06,27.2600,27.3200,27.1600,27.2300,723900,25.6303
2023-09-07,27.1200,27.1700,27.0100,27.0900,1503600,25.4985
2023-09-08,27.1200,27.2500,27.0900,27.1100,4147300,25.5173
2023-09-11,27.3800,27.4600,27.2900,27.4400,1978600,25.8279
2023-09-12,27.1600,27.3000,27.1600,27.2100,2481500,25.6114
2023-09-13,27.1500,27.2300,27.0300,27.0800,816900,25.4891
2023-09-14,27.1300,27.2800,27.0800,27.2500,1406000,25.6491
2023-09-15,27.4000,27.4900,27.3000,27.3300,1490300,25.7244
2023-09-18,27.1300,27.1800,27.0400,27.1300,1077400,25.5361
2023-09-19,27.0600,27.1300,26.9800,27.0500,1025500,25.4608
2023-09-20,27.2700,27.4100,27.0300,27.0400,3878600,25.4514
2023-09-21,26.8700,26.9600,26.6800,26.6800,15878100,25.1126
2023-09-22,26.8100,26.9300,26.6900,26.7100,1863000,25.1408
2023-09-25,26.3400,26.4500,26.2400,26.4400,1202600,24.8867
2023-09-26,26.1300,26.2200,25.9400,25.9700,1896600,24.4443
2023-09-27,25.9600,26.0000,25.6400,25.8600,1720200,24.3407
2023-09-28,25.8800,26.2000,25.8500,26.1200,1608600,24.5855
2023-09-29,26.5100,26.5100,26.1300,26.2000,2110200,24.6608
2023-10-02,26.0000,26.0400,25.6800,25.7400,3133200,24.2278
2023-10-03,25.6000,25.6600,25.4200,25.4900,2152700,23.9925
2023-10-04,25.6800,25.7200,25.4600,25.6900,1645100,24.1807
2023-10-05,25.6500,25.7400,25.5500,25.7100,1410000,24.1996
2023-10-06,25.6500,26.1500,25.5300,26.0900,1955400,24.5572
2023-10-09,25.7100,25.9200,25.6600,25.9100,1442000,24.3878
2023-10-10,26.2800,26.4300,26.2400,26.3200,1608000,24.7737
2023-10-11,26.4400,26.5000,26.2600,26.4300,3408100,24.8773
2023-10-12,26.3100,26.3300,26.0000,26.0800,1671700,24.5478
2023-10-13,25.9300,25.9600,25.6000,25.6800,5224200,24.1713
2023-10-16,25.8000,25.9600,25.7700,25.9400,1391300,24.4160
2023-10-17,25.6300,26.0300,25.6300,25.9200,1252600,24.3972
2023-10-18,25.6500,25.7100,25.4400,25.4700,1749900,23.9737
2023-10-19,25.5900,25.7500,25.4200,25.4600,1979700,23.9642
2023-10-20,25.3200,25.4000,25.1800,25.1900,3773500,23.7101
2023-10-23,25.0500,25.4200,24.9600,25.2800,1667100,23.7948
2023-10-24,25.2700,25.3900,25.2300,25.3600,1253700,23.8701
2023-10-25,25.2000,25.3700,25.0800,25.1300,2716300,23.6536
2023-10-26,24.9400,25.0000,24.7200,24.8200,1901200,23.3618
2023-10-27,25.0900,25.0900,24.7100,24.7700,3086000,23.3148
2023-10-30,25.0500,25.1400,24.9300,25.1000,1515700,23.6254
2023-10-31,25.1200,25.2500,25.0300,25.1800,1181600,23.7007
2023-11-01,25.1400,25.3800,25.1100,25.3600,2630300,23.8701
2023-11-02,25.8900,25.9600,25.7600,25.9100,1789500,24.3878
2023-11-03,26.2000,26.3200,26.1200,26.1500,1745000,24.6137
2023-11-06,26.1500,26.1700,26.0000,26.0600,1020600,24.5290
2023-11-07,25.9300,26.0900,25.9000,26.0300,2679400,24.5008
2023-11-08,26.1700,26.2700,26.1200,26.2300,3458200,24.6890
2023-11-09,26.4800,26.5300,26.2200,26.2400,2158700,24.6984
2023-11-10,26.2100,26.3600,26.0500,26.3400,1374800,24.7925
2023-11-13,26.2200,26.4500,26.1900,26.4100,2018500,24.8584
2023-11-14,27.0900,27.3900,27.0900,27.3600,2062700,25.7526
2023-11-15,27.4800,27.6000,27.4400,27.5100,1301900,25.8938
2023-11-16,27.6600,27.7700,27.5500,27.6300,1155400,26.0068
2023-11-17,27.8800,28.0000,27.8200,27.9900,938000,26.3456
2023-11-20,27.9000,28.1000,27.9000,28.0700,1112500,26.4209
2023-11-21,28.0600,28.0600,27.8600,27.9000,1138000,26.2609
2023-11-22,27.9700,27.9900,27.8400,27.9500,1227700,26.3080
2023-11-24,28.0900,28.2300,28.0900,28.2200,593500,26.5621
2023-11-27,28.1300,28.1600,28.0600,28.1300,921500,26.4774
2023-11-28,28.1300,28.3200,28.1100,28.2400,1686500,26.5809
2023-11-29,28.5200,28.6400,28.4600,28.5300,1147100,26.8539
2023-11-30,28.4900,28.4900,28.3500,28.4100,2223700,26.7409
2023-12-01,28.4400,28.7600,28.4200,28.7300,2799100,27.0421
2023-12-04,28.5100,28.6400,28.4700,28.6400,1327700,26.9574
2023-12-05,28.6500,28.7700,28.6000,28.6900,1323100,27.0045
2023-12-06,28.9000,29.0200,28.7400,28.7600,1221300,27.0704
2023-12-07,28.8200,28.9300,28.7400,28.8900,1864800,27.1927
2023-12-08,28.7900,29.0300,28.7900,29.0000,2214300,27.2963
2023-12-11,28.8600,29.0600,28.8600,29.0400,747300,27.3339
2023-12-12,29.0300,29.1200,28.9400,29.1000,816200,27.3904
2023-12-13,29.1000,29.5200,28.9300,29.4900,1791600,27.7575
2023-12-14,29.5600,29.6900,29.4200,29.5800,1934400,27.8422
2023-12-15,29.3700,29.4200,29.2600,29.2700,2046900,27.5504
2023-12-18,29.2800,29.2900,29.1500,29.2400,1548100,27.5222
2023-12-19,29.4600,29.5800,29.4300,29.5800,1099600,27.8422
2023-12-20,29.4700,29.5400,29.1600,29.1800,1062600,27.4676
2023-12-21,29.4400,29.5500,29.3400,29.5400,1129100,27.8064
2023-12-22,29.5900,29.6000,29.4200,29.5200,739300,27.7876
2023-12-26,29.5400,29.7400,29.4600,29.6900,839100,27.9476
2023-12-27,29.7300,29.9000,29.7300,29.8600,1031700,28.1076
2023-12-28,29.7600,29.8000,29.6300,29.6600,906300,27.9194
2023-12-29,29.7100,29.8200,29.6000,29.6900,1128700,27.9476
2024-01-02,29.3800,29.4600,29.3000,29.3400,1970800,27.6182
2024-01-03,28.9700,29.0100,28.8100,28.9200,2066300,27.2228
2024-01-04,28.9700,29.1900,28.9700,29.0300,959600,27.3264
2024-01-05,28.9600,29.2900,28.9400,29.0300,776500,27.3264
2024-01-08,29.2000,29.4100,29.1700,29.4100,1289400,27.6841
2024-01-09,29.1000,29.2100,29.0900,29.1600,727800,27.4487
2024-01-10,29.1800,29.3700,29.1300,29.3000,1016600,27.5805
2024-01-11,29.3000,29.3600,28.9400,29.1900,2574400,27.4770
2024-01-12,29.2900,29.4000,29.1800,29.2200,698500,27.5052
2024-01-16,28.6800,28.8000,28.6100,28.6700,1117200,26.9875
2024-01-17,28.3700,28.5000,28.2800,28.4900,3637200,26.8180
2024-01-18,28.6100,28.7400,28.5700,28.7300,1526100,27.0440
2024-01-19,28.6600,28.8900,28.6200,28.8900,1589200,27.1946
2024-01-22,28.9000,28.9800,28.8900,28.9200,1841200,27.2228
2024-01-23,28.8300,28.8700,28.7100,28.8500,1274600,27.1569
2024-01-24,29.5200,29.5800,29.3500,29.3600,2033200,27.6370
2024-01-25,29.3600,29.3600,29.2000,29.3100,1307700,27.5899
2024-01-26,29.4200,29.4900,29.3700,29.3900,1289600,27.6652
2024-01-29,29.2100,29.4900,29.2100,29.4600,938400,27.7311
2024-01-30,29.4300,29.4700,29.3500,29.4200,855000,27.6935
2024-01-31,29.4700,29.5100,29.0100,29.0700,1646900,27.3640
2024-02-01,29.2200,29.5000,29.1700,29.5000,3587800,27.7688
2024-02-02,29.2800,29.3100,29.1200,29.2300,1608000,27.5146
2024-02-05,29.0300,29.1200,28.9200,29.0700,1207900,27.3640
2024-02-06,29.0600,29.2900,29.0600,29.2800,1258400,27.5617
2024-02-07,29.2500,29.2700,29.1100,29.2000,954500,27.4864
2024-02-08,29.2600,29.2900,29.2100,29.2600,1597800,27.5429
2024-02-09,29.1900,29.2900,29.1300,29.2700,1126700,27.5523
2024-02-12,29.2800,29.4100,29.2600,29.3400,1315300,27.6182
2024-02-13,28.8800,28.9500,28.7200,28.8100,2183400,27.1193
2024-02-14,28.9700,29.1700,28.9600,29.1600,2066500,27.4487
2024-02-15,29.3300,29.5000,29.3300,29.4800,857700,27.7499
2024-02-16,29.5100,29.6200,29.4100,29.5100,961500,27.7782
2024-02-20,29.5700,29.6300,29.5000,29.5800,1094200,27.8441
2024-02-21,29.6000,29.7300,29.5900,29.7100,1131300,27.9664
2024-02-22,30.1200,30.2200,30.0700,30.2000,1507500,28.4277
2024-02-23,30.2100,30.2600,30.1600,30.2200,1071100,28.4465
2024-02-26,30.3400,30.3400,30.2400,30.3100,899900,28.5312
2024-02-27,30.4000,30.5600,30.4000,30.5500,3879500,28.7572
2024-02-28,30.4500,30.5400,30.4200,30.4900,845600,28.7007
2024-02-29,30.7000,30.7700,30.4900,30.6400,1138800,28.8419
2024-03-01,30.6800,30.8000,30.5300,30.7800,1855400,28.9737
2024-03-04,30.6800,30.7700,30.6800,30.7300,811900,28.9266
2024-03-05,30.7000,30.8100,30.5200,30.6200,3897900,28.8230
2024-03-06,30.7900,30.8900,30.7300,30.8100,1459600,29.0019
2024-03-07,30.9600,31.2600,30.9600,31.2500,884300,29.4161
2024-03-08,31.2200,31.2500,30.9800,31.0100,1064400,29.1902
2024-03-11,30.9100,31.0400,30.8400,31.0300,1563500,29.2090
2024-03-12,31.1100,31.4300,31.0000,31.4200,1388400,29.5761
2024-03-13,31.4200,31.5000,31.3800,31.4100,1857300,29.5667
2024-03-14,31.3500,31.3600,31.0200,31.1500,1410900,29.3219
2024-03-15,31.2300,31.2500,31.0600,31.1700,1173100,29.3408
2024-03-18,31.1600,31.1600,30.9700,30.9900,1322300,29.1713
2024-03-19,31.0100,31.1200,30.9300,31.0700,1346300,29.2466
2024-03-20,31.0000,31.4800,30.9900,31.4500,1128400,29.6043
2024-03-21,31.2700,31.3700,31.2300,31.3100,1007100,29.4725
2024-03-22,31.3100,31.3300,31.2300,31.2900,1338200,29.4537
2024-03-25,31.3200,31.4900,31.3200,31.4400,1423000,29.5949
2024-03-26,31.7000,31.7300,31.5700,31.5800,969800,29.7267
2024-03-27,31.7900,31.8800,31.7200,31.8700,1079100,29.9997
2024-03-28,31.7500,31.8000,31.7300,31.7500,899000,29.8867
2024-04-01,31.8300,31.9700,31.6700,31.7300,2072100,29.8679
2024-04-02,31.4000,31.4100,31.2800,31.3500,2835900,29.5102
2024-04-03,31.4300,31.6900,31.4200,31.6500,1882800,29.7926
2024-04-04,31.8400,31.9100,31.3700,31.3700,1662300,29.5290
2024-04-05,31.2600,31.4000,31.1700,31.3500,2182800,29.5102
2024-04-08,31.5800,31.6400,31.5200,31.5800,979700,29.7267
2024-04-09,31.5300,31.6000,31.2400,31.3600,1552900,29.5196
2024-04-10,30.9100,31.1300,30.8600,30.9700,2819500,29.1525
2024-04-11,30.9200,30.9300,30.5000,30.8500,2146900,29.0395
2024-04-12,30.4200,30.5600,30.2100,30.2500,2065700,28.4748
2024-04-15,30.7900,30.8500,30.2400,30.2600,2321500,28.4842
2024-04-16,30.1300,30.1600,29.9100,30.0000,5629300,28.2394
2024-04-17,30.2800,30.3000,30.0200,30.1500,2353300,28.3806
2024-04-18,30.1400,30.2900,29.9900,30.0400,1926400,28.2771
2024-04-19,30.0500,30.1400,29.9100,30.0100,6857200,28.2488
2024-04-22,30.2300,30.4800,30.1800,30.3800,1457000,28.5971
2024-04-23,30.6400,30.9600,30.6300,30.9300,1356100,29.1149
2024-04-24,30.8600,30.8700,30.6800,30.7900,890900,28.9831
2024-04-25,30.3900,30.7200,30.3200,30.6900,1986500,28.8889
2024-04-26,30.8500,31.0100,30.8100,30.9600,834900,29.1431
2024-04-29,30.8800,31.0000,30.8600,30.9800,586000,29.1619
2024-04-30,30.7300,30.8200,30.4500,30.4600,1351300,28.6724
2024-05-01,30.4600,30.7900,30.3000,30.3900,3394700,28.6065
2024-05-02,30.6700,30.7400,30.4200,30.7100,1381500,28.9078
2024-05-03,31.0200,31.1300,30.8000,30.9500,1261900,29.1337
2024-05-06,31.2100,31.3000,31.1500,31.2800,770200,29.4443
2024-05-07,31.5300,31.6700,31.5000,31.5900,743600,29.7361
2024-05-08,31.5500,31.6600,31.5500,31.6600,671200,29.8020
2024-05-09,31.8900,32.0800,31.8800,32.0600,611600,30.1785
2024-05-10,32.1700,32.2200,32.1100,32.1800,636200,30.2915
2024-05-13,32.2200,32.2800,32.1400,32.1700,1431800,30.2821
2024-05-14,32.2400,32.3800,32.2400,32.3600,1229900,30.4609
2024-05-15,32.5600,32.7500,32.5300,32.7400,828400,30.8186
2024-05-16,32.5200,32.5200,32.3400,32.3500,1413500,30.4515
2024-05-17,32.3400,32.4400,32.2800,32.4200,561400,30.5174
2024-05-20,32.4400,32.4700,32.3600,32.3800,393600,30.4798
2024-05-21,32.2800,32.3500,32.2100,32.3400,475500,30.4421
2024-05-22,32.2100,32.2600,32.0000,32.0800,901600,30.1974
2024-05-23,32.3000,32.3100,31.8500,31.9300,1774400,30.0562
2024-05-24,32.1400,32.3000,32.0800,32.2800,637400,30.3856
2024-05-28,32.3800,32.3900,32.1500,32.2400,811700,30.3480
2024-05-29,31.7800,31.9000,31.7400,31.7400,1257500,29.8773
2024-05-30,31.8300,31.9100,31.7300,31.7800,1451700,29.9150
2024-05-31,31.9900,32.0800,31.8200,32.0600,847200,30.1785
2024-06-03,32.2400,32.3100,32.0300,32.2000,1279300,30.3103
2024-06-04,31.9900,32.1100,31.8400,31.9800,871800,30.1032
2024-06-05,32.2600,32.3000,32.0400,32.2800,1402100,30.3856
2024-06-06,32.3400,32.3700,32.2600,32.3400,1185400,30.4421
2024-06-07,31.9800,32.1000,31.9200,31.9500,581500,30.0750
2024-06-10,31.5800,31.8300,31.5400,31.8000,540400,29.9338
2024-06-11,30.7000,30.8300,30.5300,30.7500,1075300,29.6522
2024-06-12,31.4000,31.5300,31.2800,31.3500,987000,30.2308
2024-06-13,31.0100,31.0100,30.5100,30.6100,980400,29.5172
2024-06-14,29.9900,30.0600,29.8500,30.0100,3112700,28.9386
2024-06-17,30.1400,30.3100,30.0300,30.2900,1146800,29.2086
2024-06-18,30.1800,30.3300,30.1700,30.2900,729600,29.2086
2024-06-20,30.2400,30.3900,30.2000,30.3500,1163700,29.2665
2024-06-21,30.1500,30.2200,30.0100,30.1800,1218400,29.1026
2024-06-24,30.4800,30.6300,30.4100,30.4800,1719000,29.3919
2024-06-25,30.3600,30.4700,30.3100,30.4400,825100,29.3533
2024-06-26,30.1900,30.4100,30.1500,30.3700,1824600,29.2858
2024-06-27,30.5200,30.6300,30.4600,30.5500,990100,29.4594
2024-06-28,30.5200,30.6700,30.5000,30.6200,999300,29.5269
2024-07-01,30.8500,30.9100,30.6500,30.7600,781600,29.6619
2024-07-02,30.3800,30.5400,30.3400,30.5200,915200,29.4304
2024-07-03,30.8300,31.0200,30.8300,30.9800,306600,29.8740
2024-07-05,31.3700,31.3800,31.0600,31.3100,800000,30.1922
2024-07-08,31.3600,31.4000,31.1200,31.1600,354900,30.0476
2024-07-09,30.9300,30.9500,30.7300,30.8000,1096000,29.7004
2024-07-10,31.0600,31.2200,31.0200,31.2000,640400,30.0862
2024-07-11,31.4600,31.5600,31.4000,31.4300,736400,30.3079
2024-07-12,31.6800,32.0200,31.6800,31.9200,688100,30.7804
2024-07-15,31.7300,31.7600,31.5500,31.6000,442700,30.4719
2024-07-16,31.4200,31.6400,31.3600,31.6300,765700,30.5008
2024-07-17,31.4800,31.6100,31.4400,31.4900,546300,30.3658
2024-07-18,31.5700,31.6100,31.1500,31.1800,581300,30.0669
2024-07-19,31.0100,31.0200,30.8500,30.8700,508700,29.7679
2024-07-22,31.3200,31.4000,31.2500,31.3700,443200,30.2501
2024-07-23,31.4100,31.4800,31.3600,31.4000,333400,30.2790
2024-07-24,31.2000,31.2900,31.0000,31.0400,335500,29.9319
2024-07-25,30.8500,31.1900,30.8000,30.9400,483400,29.8354
2024-07-26,31.1500,31.3400,31.1100,31.3100,363100,30.1922
2024-07-29,31.1000,31.1000,30.9100,31.0100,1504300,29.9029
2024-07-30,31.0800,31.1400,30.9600,31.0500,525400,29.9415
2024-07-31,31.1800,31.3100,31.0800,31.1100,638700,29.9994
2024-08-01,30.7400,30.8500,30.2200,30.3500,1700500,29.2665
2024-08-02,30.0900,30.1800,29.9700,30.1400,706200,29.0640
2024-08-05,29.3000,29.7200,29.2800,29.5600,2460900,28.5047
2024-08-06,29.3000,29.6800,29.3000,29.4900,1178100,28.4372
2024-08-07,29.9100,30.0200,29.5500,29.5800,1685900,28.5240
2024-08-08,29.8300,30.0600,29.7100,30.0300,638800,28.9579
2024-08-09,29.9700,30.1900,29.9200,30.1600,641500,29.0833
2024-08-12,30.1900,30.2000,30.0300,30.1000,409600,29.0254
2024-08-13,30.2100,30.5500,30.2100,30.5200,335800,29.4304
2024-08-14,30.7000,30.7300,30.6000,30.6700,740500,29.5751
2024-08-15,30.9600,31.1100,30.9500,31.0600,791200,29.9512
2024-08-16,31.2300,31.4300,31.2300,31.4000,463800,30.2790
2024-08-19,31.5300,31.7700,31.5300,31.7600,313200,30.6262
2024-08-20,31.7200,31.8000,31.6600,31.7100,236300,30.5779
2024-08-21,31.9000,32.0800,31.8300,32.0400,400700,30.8962
2024-08-22,32.0900,32.1100,31.8300,31.8500,867900,30.7129
2024-08-23,32.1100,32.4500,32.0800,32.4200,696800,31.2626
2024-08-26,32.3200,32.3900,32.2700,32.3300,222300,31.1758
2024-08-27,32.4600,32.5600,32.4100,32.5200,598900,31.3590
2024-08-28,32.5400,32.6100,32.3400,32.4600,479900,31.3012
2024-08-29,32.6300,32.7100,32.4500,32.4700,659900,31.3108
2024-08-30,32.6900,32.7200,32.4700,32.6300,341900,31.4651
2024-09-03,32.4900,32.5300,32.1100,32.1700,651600,31.0215
2024-09-04,32.0400,32.2900,32.0400,32.1500,335400,31.0022
2024-09-05,32.3300,32.3600,32.1600,32.2600,290800,31.1083
2024-09-06,32.2000,32.2600,31.6600,31.6800,508300,30.5490
2024-09-09,31.7800,31.9700,31.7800,31.9300,276800,30.7901
2024-09-10,31.6400,31.6400,31.3600,31.6100,347100,30.4815
2024-09-11,31.6700,31.8500,31.3400,31.8100,484400,30.6744
2024-09-12,31.8100,32.1400,31.7200,32.1300,423900,30.9830
2024-09-13,32.2900,32.4800,32.2900,32.4000,640900,31.2433
2024-09-16,32.4200,32.6100,32.3700,32.6000,140100,31.4362
2024-09-17,32.6800,32.6900,32.4200,32.5500,486300,31.3880
2024-09-18,32.7000,33.0100,32.5300,32.5800,711800,31.4169
2024-09-19,33.1200,33.2200,32.9500,33.0900,281700,31.9087
2024-09-20,32.8500,32.8500,32.5900,32.6900,396000,31.5230
2024-09-23,32.8100,32.8400,32.7100,32.7800,249300,31.6097
2024-09-24,32.9500,33.1600,32.9200,33.1600,731200,31.9762
2024-09-25,33.1600,33.1600,32.8900,32.9000,267400,31.7255
2024-09-26,33.5500,33.7400,33.4400,33.7000,501000,32.4969
2024-09-27,34.0300,34.1200,33.8700,33.9300,828400,32.7187
2024-09-30,33.8900,33.9100,33.6600,33.8400,795000,32.6319
2024-10-01,33.8000,33.8000,33.1800,33.3700,852900,32.1787
2024-10-02,33.1800,33.3000,33.0700,33.2100,298100,32.0244
2024-10-03,33.0000,33.0200,32.7800,32.8900,593400,31.7158
2024-10-04,32.9100,33.1000,32.8800,33.0800,183400,31.8990
2024-10-07,32.9700,32.9700,32.6700,32.7500,491400,31.5808
2024-10-08,32.8900,32.9500,32.8000,32.9100,204700,31.7351
2024-10-09,32.8700,33.1300,32.8700,33.0900,200900,31.9087
2024-10-10,33.0500,33.0500,32.8500,32.9700,197700,31.7930
2024-10-11,33.0000,33.2300,33.0000,33.1900,370400,32.0051
2024-10-14,33.2000,33.3700,33.1800,33.3700,279400,32.1787
2024-10-15,33.3800,33.4100,33.1300,33.1600,1192300,31.9762
2024-10-16,33.1200,33.2200,33.0200,33.0800,713900,31.8990
2024-10-17,33.1800,33.2000,33.0200,33.1000,335600,31.9183
2024-10-18,33.3300,33.4100,33.2600,33.3600,759100,32.1690
2024-10-21,33.1300,33.1500,32.9100,32.9600,747700,31.7833
2024-10-22,32.8300,32.8500,32.7400,32.7800,351500,31.6097
2024-10-23,32.6400,32.7400,32.4600,32.5500,821400,31.3880
2024-10-24,32.9500,32.9700,32.7300,32.8700,546700,31.6965
2024-10-25,32.9700,33.0300,32.7100,32.7200,421200,31.5519
2024-10-28,32.9100,33.0700,32.8600,33.0300,325500,31.8508
2024-10-29,32.8400,32.9700,32.8000,32.8800,167400,31.7062
2024-10-30,32.5000,32.7400,32.4700,32.5300,449800,31.3687
2024-10-31,32.4900,32.4900,32.1200,32.3200,358400,31.1662
2024-11-01,32.5900,32.6200,32.4300,32.4400,842300,31.2819
2024-11-04,32.5900,32.6400,32.3800,32.4200,359200,31.2626
2024-11-05,32.5300,32.8800,32.5300,32.8600,623600,31.6869
2024-11-06,31.8900,31.9700,31.7100,31.9200,993200,30.7804
2024-11-07,32.5100,32.6700,32.4700,32.6700,528800,31.5037
2024-11-08,32.2100,32.2400,31.9500,32.1000,728500,30.9540
2024-11-11,32.3100,32.3700,32.1000,32.2400,455200,31.0890
2024-11-12,31.8100,31.8300,31.3300,31.5800,1024500,30.4526
2024-11-13,31.3400,31.3700,31.0300,31.2400,564800,30.1247
2024-11-14,31.7100,31.8000,31.5100,31.5400,1977800,30.4140
2024-11-15,31.6600,31.6600,31.5300,31.5800,548900,30.4526
2024-11-18,31.5200,31.6600,31.4800,31.6000,1307700,30.4719
2024-11-19,31.1800,31.5600,31.1600,31.4900,826200,30.3658
2024-11-20,31.3600,31.3700,31.1200,31.3400,837400,30.2212
2024-11-21,31.2600,31.3400,31.1300,31.2700,286900,30.1537
2024-11-22,31.2300,31.4800,31.2300,31.4100,436300,30.2887
2024-11-25,31.8200,31.8600,31.6200,31.7200,421900,30.5876
2024-11-26,31.7000,31.7200,31.4800,31.5600,1090100,30.4333
2024-11-27,31.6600,31.7700,31.5900,31.7200,281500,30.5876
2024-11-29,31.8900,32.3700,31.8900,32.2700,411600,31.1180
2024-12-02,32.3800,32.5100,32.1300,32.4700,721200,31.3108
2024-12-03,32.5200,32.7300,32.4800,32.6000,4134800,31.4362
2024-12-04,32.8800,33.1000,32.8400,33.0200,663400,31.8412
2024-12-05,33.3400,33.4700,33.3200,33.4400,775600,32.2462
2024-12-06,33.5200,33.5300,33.3400,33.3900,849400,32.1980
2024-12-09,33.4700,33.4800,33.1900,33.2000,3603900,32.0148
2024-12-10,33.2200,33.2300,33.0700,33.1000,354000,31.9183
2024-12-11,33.1300,33.2100,33.0400,33.1800,627400,31.9955
2024-12-12,33.0700,33.2400,33.0100,33.0200,279000,31.8412
2024-12-13,33.2400,33.2400,33.0100,33.1200,302900,31.9376
2024-12-16,32.9600,33.0800,32.9000,33.0100,887600,31.8315
2024-12-17,32.9000,32.9400,32.7500,32.7500,343200,31.5808
2024-12-18,32.7900,32.8900,31.9500,32.0700,633100,30.9251
2024-12-19,32.1200,32.1600,31.8800,31.9500,522600,30.8094
2024-12-20,31.6500,32.2100,31.6500,32.0000,475400,30.8576
2024-12-23,31.9300,32.0700,31.8200,32.0700,399000,30.9251
2024-12-24,32.0500,32.3100,31.9800,32.3000,518300,31.1469
2024-12-26,32.2700,32.4600,32.2400,32.4100,480300,31.2530
2024-12-27,32.1300,32.2400,32.0500,32.1400,641700,30.9926
2024-12-30,31.8900,31.9800,31.7400,31.9000,502200,30.7612
2024-12-31,32.0900,32.0900,31.7300,31.8200,824300,30.6840
2025-01-02,31.7700,31.7800,31.4900,31.5800,1613800,30.4526
2025-01-03,31.6300,31.6700,31.4900,31.6700,382700,30.5394
2025-01-06,32.1400,32.4600,32.0800,32.2700,491400,31.1180
2025-01-07,32.6900,32.7200,32.3600,32.4200,830900,31.2626
2025-01-08,32.2800,32.4400,32.1700,32.3800,766000,31.2240
2025-01-10,32.2600,32.2700,31.9100,32.0300,2746700,30.8865
2025-01-13,31.6600,31.8800,31.6600,31.8700,1495500,30.7322
2025-01-14,32.1800,32.2800,32.0900,32.2200,807100,31.0697
2025-01-15,32.8700,32.9200,32.7000,32.7900,763800,31.6194
2025-01-16,32.7700,32.9400,32.6800,32.8300,752000,31.6580
2025-01-17,33.1500,33.3400,33.1000,33.1500,526200,31.9665
2025-01-21,33.6900,33.9800,33.6200,33.9800,813400,32.7669
2025-01-22,34.2100,34.2600,34.0800,34.0800,290200,32.8633
2025-01-23,34.2100,34.5200,34.1300,34.4700,1103700,33.2394
2025-01-24,34.5500,34.6900,34.4800,34.5600,1230900,33.3262
2025-01-27,34.3700,34.5800,34.3700,34.5100,764200,33.2780
2025-01-28,34.4600,34.6100,34.3800,34.5600,393000,33.3262
2025-01-29,34.6800,34.8100,34.6000,34.7400,735900,33.4998
2025-01-30,34.8900,35.0700,34.7400,34.9100,1177900,33.6637
2025-01-31,34.8200,35.0300,34.5600,34.6300,1401900,33.3937
2025-02-03,33.7500,34.1600,33.6000,33.9400,2579900,32.7283
2025-02-04,34.2600,34.4500,34.2300,34.3900,770500,33.1623
2025-02-05,34.6200,34.7500,34.5500,34.7100,478100,33.4708
2025-02-06,34.8700,35.1300,34.8400,35.1100,873800,33.8566
2025-02-07,35.1000,35.1400,34.6100,34.6400,1786300,33.4033
2025-02-10,34.8300,34.9500,34.8000,34.9000,476100,33.6541
2025-02-11,35.0600,35.4100,35.0200,35.4000,866600,34.1362
2025-02-12,35.2600,35.8400,35.2100,35.7500,1280300,34.4737
2025-02-13,36.1300,36.4800,35.9900,36.4100,1988300,35.1102
2025-02-14,36.5600,36.6300,36.4200,36.4200,1706100,35.1198
2025-02-18,36.8100,36.9500,36.7600,36.9000,2397800,35.5827
2025-02-19,36.2500,36.2800,35.9400,36.0600,2912000,34.7727
2025-02-20,36.2900,36.3800,36.0600,36.1900,787300,34.8980
2025-02-21,36.2200,36.2200,35.7900,35.9100,853600,34.6280
2025-02-24,36.3100,36.3300,35.9900,36.0700,1695800,34.7823
2025-02-25,36.5700,36.7300,36.3100,36.5800,959500,35.2741
2025-02-26,36.8000,37.0700,36.6000,36.7100,2787900,35.3994
2025-02-27,36.4000,36.4700,35.9600,36.0000,1308300,34.7148
2025-02-28,36.0800,36.2700,35.7000,36.0700,1915100,34.7823
2025-03-03,37.4900,37.5500,36.9200,37.1600,2534700,35.8334
2025-03-04,36.4700,37.4700,36.1200,37.0300,4504700,35.7080
2025-03-05,38.0900,38.6300,38.0900,38.5300,4337200,37.1545
2025-03-06,38.6400,39.1900,38.5000,38.5900,7186100,37.2123
2025-03-07,38.3500,38.8100,38.3100,38.8100,3645800,37.4245
2025-03-10,38.0000,38.1300,37.4900,37.7900,3743700,36.4409
2025-03-11,38.0800,38.1100,37.4200,37.7400,4873800,36.3927
2025-03-12,38.0600,38.1700,37.7800,37.9900,3457000,36.6338
2025-03-13,37.6500,37.8200,37.4300,37.5900,4820500,36.2480
2025-03-14,38.3900,38.6300,38.2600,38.6200,3206700,37.2413
2025-03-17,38.5800,39.0500,38.5800,39.0300,3206100,37.6366
2025-03-18,39.2400,39.3600,39.0200,39.3100,9223600,37.9066
2025-03-19,38.8100,39.1900,38.7400,39.0400,5386600,37.6463
2025-03-20,38.1200,38.4600,38.1100,38.3600,3770200,36.9905
2025-03-21,37.9100,38.1400,37.8500,38.0900,3294200,36.7302
2025-03-24,38.0900,38.2200,37.8700,38.0300,5004500,36.6723
2025-03-25,38.3400,38.4500,38.2200,38.3800,2058900,37.0098
2025-03-26,37.9700,38.1300,37.4400,37.5600,4530500,36.2191
2025-03-27,37.3500,37.7200,37.3200,37.5900,3573600,36.2480
2025-03-28,37.4200,37.5500,37.2100,37.3900,5030100,36.0552
2025-03-31,36.7600,37.1300,36.5700,37.0800,4808000,35.7562
2025-04-01,37.2300,37.4400,37.0100,37.2900,2421300,35.9587
2025-04-02,36.9200,37.4900,36.9000,37.3800,2966900,36.0455
2025-04-03,37.3200,37.4200,36.6600,36.7300,5679700,35.4187
2025-04-04,35.3800,35.5300,34.2500,34.3200,9598100,33.0948
2025-04-07,33.3500,35.1000,33.0600,33.5500,10891700,32.3523
2025-04-08,34.4600,34.4600,32.8200,33.2200,5685500,32.0340
2025-04-09,33.5800,36.4200,33.4400,36.2200,7688900,34.9269
2025-04-10,35.6300,35.9700,34.8400,35.8000,5509900,34.5219
2025-04-11,35.7000,36.4600,35.5900,36.3700,4236400,35.0716
2025-04-14,36.6400,37.0300,36.5400,36.8200,4588800,35.5055
2025-04-15,37.1200,37.3100,36.9700,37.2000,3573000,35.8720
2025-04-16,37.2000,37.4900,37.1000,37.2200,2622400,35.8912
2025-04-17,37.4000,37.5800,37.2300,37.4000,3726300,36.0648
2025-04-21,37.6000,37.6800,36.7200,37.0300,3951800,35.7080
2025-04-22,37.5600,38.0700,37.5300,38.0300,2796700,36.6723
2025-04-23,38.4500,38.8200,38.3600,38.4400,3499800,37.0677
2025-04-24,38.6700,39.0700,38.6000,39.0300,1578300,37.6366
2025-04-25,39.1400,39.4000,39.0300,39.3600,1797300,37.9548
2025-04-28,39.4200,39.4900,39.1600,39.4700,1818200,38.0609
2025-04-29,39.4700,39.6900,39.4700,39.6700,2696800,38.2538
2025-04-30,39.2700,39.6400,39.1000,39.4900,2062000,38.0802
2025-05-01,39.6700,39.7400,39.4300,39.4600,3225700,38.0513
2025-05-02,40.3100,40.5000,40.2600,40.3400,2628600,38.8999
2025-05-05,40.7800,40.8300,40.6800,40.7200,1575400,39.2663
2025-05-06,40.5500,40.7700,40.5100,40.6700,4245800,39.2181
2025-05-07,40.5200,40.7000,40.3400,40.4400,2652300,38.9963
2025-05-08,40.6600,40.6600,40.4200,40.4600,1545500,39.0156
2025-05-09,40.7900,40.8700,40.6800,40.7700,2614800,39.3145
2025-05-12,40.3000,40.4100,40.0200,40.3800,5181300,38.9384
2025-05-13,40.4300,40.6700,40.4100,40.5900,2303500,39.1409
2025-05-14,40.7200,40.7400,40.3400,40.3400,2275700,38.8999
2025-05-15,40.6100,40.9000,40.5900,40.8600,1893500,39.4013
2025-05-16,40.8100,40.8900,40.6500,40.8500,2279600,39.3916
2025-05-19,41.1600,41.5700,41.1200,41.5600,2223800,40.0763
2025-05-20,41.6000,41.7700,41.5900,41.7700,3163400,40.2788
2025-05-21,41.8900,42.1200,41.6300,41.6800,3274200,40.1920
2025-05-22,41.5400,41.7600,41.4300,41.6400,3184200,40.1534
2025-05-23,40.9900,41.4000,40.9700,41.2600,5027400,39.7870
2025-05-27,42.2700,42.4000,42.1600,42.3100,1848800,40.7995
2025-05-28,41.9400,41.9400,41.6900,41.7700,1642200,40.2788
2025-05-29,41.9300,41.9800,41.6500,41.8500,1452100,40.3559
2025-05-30,42.0600,42.0600,41.6500,41.9700,2300200,40.4717
2025-06-02,41.8500,42.3500,41.7200,42.3400,4074000,40.8285
2025-06-03,41.9300,42.1400,41.8300,42.1200,2262700,40.6163
2025-06-04,42.2000,42.5900,42.1600,42.4600,2024400,40.9442
2025-06-05,42.8400,42.8700,42.4900,42.5700,3078300,41.0502
2025-06-06,42.5000,42.6100,42.4200,42.5200,1272400,41.0020
2025-06-09,42.2400,42.4400,42.2100,42.3100,1341600,40.7995
2025-06-10,42.3000,42.3300,41.9900,42.1200,6624500,40.6163
2025-06-11,42.2100,42.3400,42.0000,42.1100,4258600,40.6067
2025-06-12,42.2200,42.4400,42.1500,42.2200,2487800,40.7127
2025-06-13,41.3900,41.7900,41.3700,41.5100,5467400,40.0281
2025-06-16,41.1700,41.5000,40.9700,41.1300,6117000,40.3212
2025-06-17,40.9800,41.0200,40.3700,40.4000,4781900,39.6056
2025-06-18,40.3500,40.6000,40.2200,40.2800,3309900,39.4879
2025-06-20,40.3300,40.5500,40.3200,40.3400,2332400,39.5467
2025-06-23,40.0500,40.7900,40.0300,40.7500,4065000,39.9487
2025-06-24,41.2100,41.4500,41.1200,41.3900,1791200,40.5761
2025-06-25,41.0600,41.2100,40.9600,41.1500,1624500,40.3408
2025-06-26,41.5200,41.6800,41.3700,41.6400,1985300,40.8212
2025-06-27,42.0000,42.3900,41.9100,42.3000,4540600,41.4682
2025-06-30,42.0900,42.3500,41.9600,42.3100,1624800,41.4780
2025-07-01,42.0700,42.2500,41.8200,42.0100,1946400,41.1839
2025-07-02,41.9200,42.1900,41.8200,42.1700,2088300,41.3408
2025-07-03,42.1200,42.3100,42.0800,42.2100,1144900,41.3800
2025-07-07,42.2400,42.4000,42.0800,42.2300,1840100,41.3996
2025-07-08,42.3800,42.6700,42.3500,42.5900,2191200,41.7525
2025-07-09,43.1600,43.3100,43.0400,43.2600,2940000,42.4093
2025-07-10,43.1100,43.1100,42.7900,42.8600,1328400,42.0172
2025-07-11,42.5200,42.5700,42.4100,42.4500,899700,41.6152
2025-07-14,42.0200,42.3600,42.0100,42.3500,1924700,41.5172
2025-07-15,42.3700,42.3700,41.8200,41.8200,1278700,40.9976
2025-07-16,42.0200,42.2000,41.7900,42.1800,3383600,41.3506
2025-07-17,42.0500,42.3800,42.0500,42.3500,1601500,41.5172
2025-07-18,42.5100,42.5200,42.0600,42.1300,1109300,41.3015
2025-07-21,42.3800,42.6300,42.2600,42.4200,918700,41.5858
2025-07-22,42.2100,42.4500,41.9800,42.4200,3055700,41.5858
2025-07-23,42.4800,43.2300,42.4000,43.2100,4461100,42.3603
2025-07-24,42.8000,42.8900,42.6800,42.7000,2735600,41.8603
2025-07-25,42.3800,42.8100,42.3400,42.8100,1846000,41.9682
2025-07-28,42.0700,42.0900,41.5600,41.6700,3116900,40.8506
2025-07-29,41.9600,42.0300,41.8000,41.8900,1985900,41.0663
2025-07-30,41.7100,41.9400,41.4400,41.6300,2587300,40.8114
2025-07-31,41.3500,41.4200,41.0600,41.1500,6831000,40.3408
2025-08-01,40.8400,40.8900,40.5100,40.7500,3006000,39.9487
2025-08-04,41.2900,41.3400,41.1600,41.3000,1611500,40.4879
2025-08-05,41.5100,41.5500,41.2600,41.4900,1454100,40.6741
2025-08-06,41.6100,41.9100,41.5600,41.8400,1693700,41.0172
2025-08-07,42.5300,42.5500,42.0600,42.3300,2190600,41.4976
2025-08-08,42.2600,42.4700,42.1700,42.3400,1907700,41.5074
2025-08-11,41.9400,42.0400,41.8400,41.9400,937600,41.1153
2025-08-12,41.7700,42.1600,41.7200,42.1500,2917500,41.3211
2025-08-13,42.3400,42.4800,42.3200,42.3800,1136500,41.5466
2025-08-14,42.3300,42.5700,42.2900,42.5000,1853500,41.6643
2025-08-15,42.6600,42.7600,42.5100,42.5800,1174200,41.7427
2025-08-18,42.4100,42.4800,42.2700,42.4500,860600,41.6152
2025-08-19,42.6400,42.6800,42.3300,42.3900,1930400,41.5564
2025-08-20,42.4000,42.4700,42.2400,42.3900,882200,41.5564
2025-08-21,42.2000,42.2300,42.0300,42.0800,2238600,41.2525
2025-08-22,42.1900,42.7800,42.1500,42.6600,1524400,41.8211
2025-08-25,42.6100,42.6100,42.1100,42.1200,1707400,41.2917
2025-08-26,42.2000,42.3200,42.0700,42.1300,3013300,41.3015
2025-08-27,41.7200,41.9100,41.5400,41.8900,1166900,41.0663
2025-08-28,42.0000,42.0900,41.9200,42.0200,2237100,41.1937
2025-08-29,41.9000,41.9300,41.7600,41.8800,1715800,41.0565
2025-09-02,40.9700,41.2300,40.8400,41.0400,3236400,40.2330
2025-09-03,40.9800,41.1300,40.9100,41.0500,2549900,40.2428
2025-09-04,41.2100,41.3500,41.1400,41.3400,2721700,40.5271
2025-09-05,41.5200,41.5900,41.2000,41.3400,1639700,40.5271
2025-09-08,41.5000,41.7100,41.5000,41.6900,1512200,40.8702
2025-09-09,41.4000,41.5200,41.3500,41.4800,1616200,40.6643
2025-09-10,41.3200,41.3700,41.0200,41.0700,2588900,40.2624
2025-09-11,41.1900,41.4400,41.1800,41.3900,2503400,40.5761
2025-09-12,41.2200,41.3600,41.1900,41.3100,1610500,40.4977
2025-09-15,41.3200,41.4800,41.2600,41.4200,4993700,40.6055
2025-09-16,41.2700,41.2700,40.9400,41.1500,2952700,40.3408
2025-09-17,41.1800,41.4400,40.9200,41.0600,2659200,40.2526
2025-09-18,41.2700,41.5400,41.1700,41.4500,5659000,40.6349
2025-09-19,41.2500,41.3500,41.1600,41.2200,2925200,40.4094
2025-09-22,40.9900,41.2700,40.9200,41.2400,2669100,40.4290
2025-09-23,41.3000,41.4100,41.1700,41.2700,3737900,40.4585
2025-09-24,41.2200,41.3400,41.1500,41.2400,2282700,40.4290
2025-09-25,40.7000,40.8000,40.5300,40.7500,2866600,39.9487
2025-09-26,41.0600,41.2200,41.0200,41.2000,2294500,40.3898
2025-09-29,41.2300,41.3600,41.2000,41.3100,2822900,40.4977
2025-09-30,41.3600,41.6700,41.3500,41.6100,2173600,40.7918
2025-10-01,41.8400,42.2100,41.8100,42.1300,2286800,41.3015
2025-10-02,42.5500,42.6100,42.2800,42.4700,2198800,41.6349
2025-10-03,42.3800,42.4800,42.2900,42.4300,1461000,41.5956
2025-10-06,42.4500,42.4700,42.3000,42.4200,2133100,41.5858
2025-10-07,42.2500,42.2800,42.0500,42.0700,1400600,41.2427
2025-10-08,42.2800,42.4200,42.2100,42.3400,2031200,41.5074
2025-10-09,42.4300,42.5600,41.9800,42.0900,2417200,41.2623
2025-10-10,42.2600,42.2600,41.5100,41.5200,2642300,40.7035
2025-10-13,41.5800,41.8300,41.5200,41.7800,1946300,40.9584
2025-10-14,41.3800,41.7800,41.3100,41.6700,2740800,40.8506
2025-10-15,41.5800,41.7300,41.2900,41.5300,2847200,40.7133
2025-10-16,41.6400,41.8600,41.5200,41.5900,2469700,40.7722
2025-10-17,41.2000,41.4100,41.1000,41.3800,2717100,40.5663
2025-10-20,41.7300,41.9200,41.7000,41.8800,1956600,41.0565
2025-10-21,41.6400,41.8500,41.5500,41.6900,2593800,40.8702
2025-10-22,41.5900,41.6000,41.2200,41.4400,2046400,40.6251
2025-10-23,41.3200,41.5800,41.3200,41.5500,2269700,40.7329
2025-10-24,41.6500,41.6900,41.5100,41.5900,1836600,40.7722
2025-10-27,41.6700,41.8100,41.6000,41.7800,1370100,40.9584
2025-10-28,41.7900,41.9000,41.7000,41.7200,1583000,40.8996
2025-10-29,41.6600,41.6800,41.0600,41.2700,3329000,40.4585
2025-10-30,40.9600,41.1600,40.9600,41.0000,1934100,40.1938
2025-10-31,40.8000,40.8000,40.5500,40.7300,1590300,39.9291
2025-11-03,40.9900,41.0100,40.8600,40.9100,2046100,40.1055
2025-11-04,40.3000,40.5200,40.2600,40.3400,6831300,39.5467
2025-11-05,40.3900,40.7800,40.3900,40.7300,1672700,39.9291
2025-11-06,40.6700,40.7000,40.2300,40.3900,2667100,39.5958
2025-11-07,40.0700,40.4900,39.9700,40.4800,2132200,39.6840
2025-11-10,40.8400,40.9800,40.7100,40.9600,1484200,40.1545
2025-11-11,41.0600,41.2800,41.0600,41.2300,2071700,40.4192
2025-11-12,41.4700,41.7000,41.4600,41.6800,1261300,40.8604
2025-11-13,41.4600,41.5100,41.0300,41.2500,4326700,40.4388
2025-11-14,40.6200,40.9100,40.6000,40.8600,2265600,40.0565
2025-11-17,40.3400,40.4300,39.8400,40.0100,1716700,39.2232
2025-11-18,39.5500,39.6900,39.4000,39.5300,2340000,38.7527
2025-11-19,39.6500,39.7800,39.3200,39.5100,1471400,38.7331
2025-11-20,39.7400,39.8800,38.8700,38.8900,2224200,38.1253
2025-11-21,39.3200,39.5200,39.0500,39.4000,1597300,38.6252
2025-11-24,39.4900,39.6200,39.3700,39.4700,1394800,38.6938
2025-11-25,39.8800,40.2500,39.7300,40.1900,1483300,39.3997
2025-11-26,40.2500,40.6400,40.2400,40.6000,1644000,39.8016
2025-11-28,40.7400,40.9200,40.7000,40.9200,1289400,40.1153
2025-12-01,40.6000,40.7200,40.5100,40.5200,1938700,39.7232
2025-12-02,40.8300,40.9500,40.7500,40.8900,1786600,40.0859
2025-12-03,40.8200,41.0200,40.7800,40.9500,3088200,40.1447
2025-12-04,41.2600,41.2800,41.0800,41.1400,1576700,40.3310
2025-12-05,41.5300,41.6200,41.3500,41.4100,1761400,40.5957
2025-12-08,41.5700,41.5700,41.2500,41.3400,1410600,40.5271
2025-12-09,41.4400,41.6700,41.4400,41.5300,1457900,40.7133
2025-12-10,41.4800,42.0000,41.4600,41.9400,2347600,41.1153
2025-12-11,42.2200,42.4800,42.2000,42.3900,2142300,41.5564
2025-12-12,42.3800,42.4400,42.0000,42.1800,2668600,41.3506
2025-12-15,42.2400,42.3000,42.0200,42.1000,1927400,41.2721
2025-12-16,42.0700,42.1900,41.8600,42.0300,3843400,41.2035
2025-12-17,41.8300,41.9700,41.5900,41.6100,2181400,40.7918
2025-12-18,41.9200,42.1500,41.8200,41.9400,1917900,41.1153
2025-12-19,42.1500,42.2900,42.0900,42.1000,1755900,41.2721
2025-12-22,42.2700,42.3600,42.1700,42.3400,1017500,41.5074
2025-12-23,42.4400,42.5000,42.3700,42.4400,1583800,41.6054
2025-12-24,42.5700,42.6100,42.5100,42.5700,1113900,41.7329
2025-12-26,42.6600,42.7000,42.5600,42.6500,1381600,41.8113
2025-12-29,42.5300,42.6100,42.4100,42.5100,1394100,41.6741
2025-12-30,42.7200,42.9400,42.7200,42.7500,1950400,41.9093
2025-12-31,42.6500,42.6700,42.4900,42.5000,2240800,41.6643
2026-01-02,42.7100,42.7200,42.4000,42.5600,3380200,41.7231
2026-01-05,42.6900,43.0900,42.6500,43.0500,3370100,42.2034
2026-01-06,43.1900,43.1900,42.9800,43.1300,2305700,42.2819
2026-01-07,43.3200,43.4200,43.2200,43.2600,2741300,42.4093
2026-01-08,43.1200,43.3500,43.0800,43.3100,2105500,42.4583
2026-01-09,43.4500,43.4800,43.1800,43.4100,1999700,42.5564
2026-01-12,43.7600,43.8500,43.7100,43.8300,2176000,42.9681
2026-01-13,43.8900,43.8900,43.5200,43.5700,2772800,42.7132
2026-01-14,43.4800,43.6000,43.3100,43.4900,2682700,42.6348
2026-01-15,43.3400,43.4700,43.2300,43.2400,2546800,42.3897
2026-01-16,43.3300,43.3400,43.1200,43.3400,2776100,42.4877
2026-01-20,42.7100,42.8200,42.4700,42.5400,2776800,41.7035
2026-01-21,42.4000,42.9400,42.1800,42.8200,4279500,41.9780
2026-01-22,43.0300,43.2000,42.9000,43.1000,2834700,42.2525
2026-01-23,43.0900,43.4800,43.0100,43.4800,2311300,42.6250
2026-01-26,43.7600,43.9400,43.7600,43.8400,2735100,42.9779
2026-01-27,44.0300,44.4200,44.0200,44.3000,3458700,43.4289
2026-01-28,43.9600,44.0800,43.8000,44.0100,2349300,43.1446
2026-01-29,43.6400,43.6500,42.9600,43.4400,2562300,42.5858
2026-01-30,43.3800,43.4500,42.9800,43.1100,3653000,42.2623
2026-02-02,43.4100,43.5900,43.3600,43.4800,2764800,42.6250
2026-02-03,43.3700,43.5900,43.2200,43.5100,1996800,42.6544
2026-02-04,43.3500,43.5500,43.0500,43.2500,2147700,42.3995
2026-02-05,42.7400,43.1200,42.6600,42.8400,1811000,41.9976
2026-02-06,43.2600,43.5700,43.2400,43.5300,1323800,42.6740
2026-02-09,44.0000,44.3600,43.9200,44.3200,1220300,43.4485
2026-02-10,44.2700,44.3400,44.1900,44.2200,1308800,43.3504
2026-02-11,44.1100,44.1500,43.8600,44.0500,1413300,43.1838
2026-02-12,44.5100,44.6200,43.7800,43.9600,1646200,43.0956
2026-02-13,43.9200,44.0900,43.7100,43.9700,960600,43.1054
2026-02-17,43.7100,44.0700,43.5500,44.0400,1067500,43.1740
2026-02-18,44.0800,44.3900,44.0000,44.1200,831400,43.2524
2026-02-19,43.7500,43.9300,43.6800,43.8800,950600,43.0171
2026-02-20,43.9200,44.4500,43.9200,44.3200,1027100,43.4485
2026-02-23,44.2100,44.2700,43.8500,43.9000,788100,43.0367
2026-02-24,43.8100,44.1100,43.7200,43.9500,1044300,43.0858
2026-02-25,44.0900,44.3800,44.0900,44.3500,1068400,43.4779
2026-02-26,44.4600,44.5700,44.1900,44.5600,1676400,43.6838
2026-02-27,44.4300,44.6500,44.3300,44.3400,1309600,43.4681
2026-03-02,42.9200,43.1900,42.7900,42.9100,3006900,42.0662
2026-03-03,40.8300,41.7300,40.5900,41.5700,4329000,40.7526
2026-03-04,41.8800,42.1300,41.6900,42.1000,2146600,41.2721
2026-03-05,41.4000,41.6400,40.8100,41.1800,3326100,40.3702
2026-03-06,40.2800,40.9400,40.1600,40.8200,3597900,40.0173
2026-03-09,40.1700,41.3200,39.7200,41.0900,3922800,40.2820
2026-03-10,41.5000,41.8500,41.0400,41.1000,3170700,40.2918
2026-03-11,40.9200,41.1000,40.5600,40.8000,2047200,39.9977
2026-03-12,40.4100,40.5800,40.0900,40.3400,5785700,39.5467
2026-03-13,40.4900,40.6700,39.7700,39.8400,2175500,39.0566
2026-03-16,40.3900,40.6500,40.3000,40.5200,2959500,39.7232
2026-03-17,40.8100,40.9400,40.6700,40.7400,2163500,39.9389
2026-03-18,40.5200,40.6000,39.7200,39.7600,2210400,38.9781
2026-03-19,39.0500,40.0000,38.9600,39.6900,5975500,38.9095
2026-03-20,39.3600,39.3600,38.0300,38.2000,4926200,37.4488
2026-03-23,39.3100,39.9600,38.9400,39.3200,5674600,38.5468
2026-03-24,38.6200,39.1500,38.5400,38.9500,1925800,38.1841
2026-03-25,39.7200,39.7600,39.2800,39.4700,3017700,38.6938
2026-03-26,38.8700,39.2700,38.6400,38.6700,2632400,37.9096
2026-03-27,38.3200,38.5400,37.9800,38.0800,3954500,37.3312
2026-03-30,38.3600,38.6500,38.1600,38.3700,2391100,37.6155
2026-03-31,39.0900,39.7300,38.8100,39.6700,5435000,38.8899
2026-04-01,40.2900,40.4600,39.9800,40.2000,3147700,39.4095
2026-04-02,39.1500,40.0500,39.0900,39.9000,3465300,39.1154
2026-04-06,39.8700,40.3400,39.8700,40.2100,4723200,39.4193
2026-04-07,39.8800,40.2000,39.4000,40.1100,3071800,39.3213
2026-04-08,42.0500,42.1300,41.4800,41.7400,2761000,40.9192
2026-04-09,41.4400,41.8200,41.1900,41.6200,1933900,40.8016
2026-04-10,41.9600,41.9600,41.4400,41.6000,1391200,40.7820
2026-04-13,41.1300,41.9700,41.1100,41.9400,1472800,41.1153
2026-04-14,42.2600,42.4100,42.1900,42.1900,1573300,41.3604
2026-04-15,42.3500,42.4300,42.2400,42.3600,775500,41.5270
2026-04-16,42.5600,42.6200,42.2200,42.3600,872300,41.5270
2026-04-17,43.4900,43.7000,43.1500,43.1900,2980000,42.3407
2026-04-20,42.9200,43.0000,42.6800,42.9900,1527600,42.1446
2026-04-21,42.8200,42.9500,42.0200,42.0600,2144500,41.2329
2026-04-22,42.4200,42.4700,42.1500,42.3200,1714900,41.4878
2026-04-23,42.0500,42.2800,41.4400,41.9200,2886500,41.0957
2026-04-24,42.1700,42.3700,42.0400,42.3500,2341600,41.5172
2026-04-27,42.4100,42.5100,42.0600,42.1200,821400,41.2917
2026-04-28,41.8700,41.9900,41.7200,41.8900,2087200,41.0663
2026-04-29,41.7600,41.7600,41.1800,41.3400,1156000,40.5271
2026-04-30,41.8900,42.4200,41.7600,42.2600,1323300,41.4290
2026-05-01,42.6200,42.7800,42.2900,42.3300,3345000,41.4976
2026-05-04,42.0400,42.1300,41.3400,41.4800,3032600,40.6643
2026-05-05,42.3200,42.4900,42.0300,42.3900,1638200,41.5564
2026-05-06,43.2800,43.5100,43.2000,43.4700,1859100,42.6152
2026-05-07,43.3600,43.4400,42.4800,42.5000,949500,41.6643
2026-05-08,42.7700,42.7900,42.3800,42.6500,1195200,41.8113
2026-05-11,42.5000,42.6700,42.4300,42.5300,1842500,41.6937
2026-05-12,42.0000,42.0300,41.7100,41.9400,771600,41.1153
2026-05-13,41.8800,42.1800,41.8700,42.1600,443100,41.3309
2026-05-14,42.4000,42.5700,42.2000,42.2500,546400,41.4192
2026-05-15,41.5900,41.6200,41.3200,41.3700,881700,40.5565
2026-05-18,42.1800,42.3900,41.8400,42.3400,1272100,41.5074
2026-05-19,42.3300,42.4500,42.0000,42.0400,1377400,41.2133
2026-05-20,42.2600,43.1000,42.2000,42.8800,1654400,42.0368
2026-05-21,42.5300,43.2200,42.3600,43.0500,2222500,42.2034
2026-05-22,43.1100,43.1800,42.9100,42.9100,906500,42.0662
2026-05-26,43.7400,43.8300,43.5600,43.7500,505200,42.8897
2026-05-27,43.8000,43.8000,43.5500,43.6900,726500,42.8309
2026-05-28,43.3700,43.7400,43.2800,43.4900,796300,42.6348
2026-05-29,43.4700,43.7700,43.3800,43.4300,1481500,42.5760
2026-06-01,43.3200,43.6600,43.1000,43.4800,1774500,42.6250
2026-06-02,43.6300,43.7100,43.4300,43.5700,847900,42.7132
2026-06-03,43.0100,43.0400,42.7600,42.7700,797500,41.9290
2026-06-04,43.2500,43.3000,43.0300,43.0700,676800,42.2231
2026-06-05,42.8900,42.9800,41.9200,42.1100,934600,41.2819
2026-06-08,42.3200,42.3900,42.0600,42.1400,1062100,41.3113
2026-06-09,42.5600,42.6900,41.4900,42.0400,2291800,41.2133
2026-06-10,41.6200,41.8600,41.2400,41.2700,1196700,40.4585
2026-06-11,41.4400,42.3700,41.2500,42.2700,1844500,41.4388
2026-06-12,42.1300,42.3900,41.9000,42.3100,913000,41.4780
2026-06-15,42.2000,42.2200,41.8200,41.8400,1121200,41.8400
2026-06-16,42.0700,42.1100,41.7300,41.7700,1045900,41.7700
2026-06-17,41.8100,42.0400,41.2900,41.3600,1710500,41.3600
2026-06-18,41.5300,41.6700,41.4400,41.5200,926700,41.5200
2026-06-22,41.5500,41.7300,41.4600,41.5400,604500,41.5400
2026-06-23,41.0000,41.1700,40.9600,40.9800,1123300,40.9800
2026-06-24,40.3500,40.7000,40.3500,40.5500,2915300,40.5500
2026-06-25,41.0400,41.3000,40.8400,41.0700,649900,41.0700
2026-06-26,40.6600,40.8600,40.5800,40.6300,353300,40.6300
2026-06-29,40.8100,40.9500,40.6000,40.9300,367400,40.9300
2026-06-30,41.0300,41.4100,41.0300,41.3700,597200,41.3700
2026-07-01,41.1700,41.3300,41.0600,41.2100,482400,41.2100
2026-07-02,42.1500,42.4600,42.0900,42.3100,1732400,42.3100
2026-07-06,42.4300,42.6600,42.3900,42.6600,2626000,42.6600
2026-07-07,42.4200,42.4200,41.9200,42.0500,548700,42.0500
2026-07-08,41.2000,41.3700,40.9700,41.3100,953100,41.3100
2026-07-09,41.3800,41.6100,41.3500,41.5400,3002000,41.5400
2026-07-10,41.5800,41.5800,41.2500,41.4900,316800,41.4900
2026-07-13,41.5500,41.5700,41.1700,41.2300,519400,41.2300
2026-07-14,41.4900,41.7800,41.3800,41.3900,531500,41.3900
2026-07-15,41.3500,41.6100,41.2700,41.5000,491500,41.5000
2026-07-16,41.1500,41.3100,41.0500,41.2400,635000,41.2400
2026-07-17,40.9800,41.2400,40.8800,41.1600,659100,41.1600
2026-07-20,41.0600,41.1500,40.8700,40.8700,1248200,40.8700
2026-07-21,41.1000,41.3400,41.0000,41.3300,1681700,41.3300
2026-07-22,41.4900,41.5600,41.3100,41.3100,824700,41.3100
2026-07-23,40.6100,40.8000,40.4700,40.5900,730300,40.5900
2026-07-24,40.9400,41.2600,40.9000,41.1200,527100,41.1200
2026-07-27,41.8300,41.9400,41.6300,41.7800,1243000,41.7800
2026-07-28,41.5400,42.0000,41.5100,41.9200,616100,41.9200
2026-07-29,41.9600,42.3600,41.7200,41.9400,4466700,41.9400
2026-07-30,42.4700,42.9100,42.4200,42.8800,887300,42.8800
2026-07-31,42.6500,42.9500,42.3900,42.8500,676900,42.8500
2026-08-03,43.2900,43.4500,43.2600,43.3800,1028800,43.3800
2026-08-04,43.5700,43.8700,43.5700,43.8400,1489800,43.8400
2026-08-05,43.8000,43.8300,43.5300,43.6400,498500,43.6400
2026-08-06,43.4600,43.6400,43.4600,43.5200,564000,43.5200
2026-08-07,44.0400,44.1200,43.9000,44.0200,518600,44.0200
2026-08-10,43.8900,43.9900,43.8400,43.8700,632700,43.8700
2026-08-11,44.0200,44.1700,43.9100,43.9900,336200,43.9900
2026-08-12,44.1000,44.1600,43.8000,43.8700,418700,43.8700
2026-08-13,43.9400,43.9800,43.7400,43.9600,410300,43.9600
2026-08-14,44.2300,44.2700,44.1400,44.1600,421600,44.1600
2026-08-17,44.1400,44.2100,43.9100,43.9600,342700,43.9600
2026-08-18,43.8500,43.9200,43.6700,43.6800,354500,43.6800
2026-08-19,43.9200,44.1200,43.8900,44.0400,740400,44.0400
2026-08-20,43.8800,44.0400,43.8300,43.9200,499700,43.9200
2026-08-21,44.1300,44.2700,44.1300,44.2000,227700,44.2000
2026-08-24,44.0700,44.2100,44.0400,44.1300,299400,44.1300
2026-08-25,44.3700,44.5100,44.3600,44.4500,3644800,44.4500
2026-08-26,44.4800,44.6200,44.2600,44.3200,584800,44.3200
2026-08-27,44.5200,44.5900,44.3400,44.5800,435900,44.5800
2026-08-28,44.8000,44.8500,44.5200,44.5900,823100,44.5900
2026-08-31,44.4200,44.5000,44.1800,44.2300,1261800,44.2300
2026-09-01,43.8500,43.8900,43.4300,43.4400,794900,43.4400
2026-09-02,43.5500,43.6100,43.3900,43.5200,1961600,43.5200
2026-09-03,43.8300,43.9500,43.7000,43.9200,780100,43.9200
2026-09-04,43.9700,44.0600,43.8200,43.8900,372800,43.8900
2026-09-08,43.7900,43.8400,43.5500,43.5700,530100,43.5700
2026-09-09,43.2500,43.2800,42.9800,43.0400,956400,43.0400
2026-09-10,42.8200,42.9100,42.5700,42.6200,420500,42.6200
2026-09-11,42.9500,43.0300,42.8400,42.8700,550000,42.8700
2026-09-14,42.5600,42.8900,42.3800,42.7100,2857600,42.7100
2026-09-15,42.5800,42.6500,42.4300,42.5300,1113400,42.5300
2026-09-16,42.6100,42.8400,42.2100,42.4300,730900,42.4300
2026-09-17,42.8800,42.9600,42.6700,42.6900,537700,42.6900
2026-09-18,42.2600,42.2900,42.0000,42.1500,1836300,42.1500
2026-09-21,42.6300,42.6700,42.4800,42.6000,853000,42.6000
2026-09-23,42.1500,42.1700,41.7100,41.8700,1399300,41.8700
