Date,Open,High,Low,Close,Volume,AdjClose
2015-11-06,19.8350,20.1813,19.7855,19.9933,1775788,11.5174
2015-11-09,20.1318,20.1318,19.8597,19.9240,52918,11.4775
2015-11-10,19.9339,20.2406,19.7855,19.8251,236784,11.4205
2015-11-11,19.8845,20.4286,19.5135,19.7361,1004556,11.3693
2015-11-12,19.6965,19.9587,19.6866,19.7855,56239,11.3977
2015-11-13,19.6965,19.7806,19.6372,19.6866,87951,11.3408
2015-11-16,19.6075,19.6767,19.4888,19.6372,258113,11.3123
2015-11-17,19.6866,19.8746,19.4987,19.8548,18695,11.4376
2015-11-18,19.9240,19.9834,19.7855,19.7855,10807,11.3977
2015-11-19,19.8350,19.9834,19.2909,19.5283,300403,11.2496
2015-11-20,19.5877,19.8350,19.3799,19.8350,73367,11.4262
2015-11-23,19.7855,19.9339,19.6372,19.6668,12983,11.3294
2015-11-24,19.5432,19.5877,19.2810,19.3997,138382,11.1755
2015-11-25,19.5382,19.7658,19.2810,19.5531,149170,11.2638
2015-11-26,19.3700,19.4888,19.2315,19.4888,140238,11.2268
2015-11-27,19.3008,21.9620,19.2909,19.9587,338301,11.4975
2015-11-30,19.6866,20.4780,19.4492,19.5877,92367,11.2838
2015-12-01,19.5877,19.5926,19.1425,19.5580,208612,11.2667
2015-12-02,19.4393,19.7855,19.3602,19.7855,21406,11.3977
2015-12-03,19.5432,20.5226,19.5432,20.3791,50901,11.7397
2015-12-04,20.4632,20.5819,19.9834,20.0823,39959,11.5687
2015-12-07,20.2802,21.7641,20.2802,21.5662,193657,12.4235
2015-12-08,21.4673,21.6602,20.8688,21.2596,74626,12.2469
2015-12-09,21.2695,21.2695,20.6017,21.1359,53303,12.1756
2015-12-10,21.4723,21.4723,20.0329,20.6561,34089,11.8993
2015-12-11,20.6314,20.6759,20.2357,20.5176,13199,11.8195
2015-12-14,21.0419,21.0815,20.3247,20.4286,67666,11.7682
2015-12-15,20.1318,21.0716,19.9834,20.3791,38926,11.7397
2015-12-16,20.7748,20.8490,20.5127,20.6017,8994,11.8679
2015-12-17,20.9232,20.9232,19.9438,20.2802,99648,11.6827
2015-12-18,20.2604,20.5572,19.9438,19.9933,16441,11.5174
2015-12-21,20.1615,20.5572,20.1071,20.1813,11021,11.6257
2015-12-22,20.5423,20.5423,20.2406,20.2406,11302,11.6599
2015-12-23,20.4335,20.7451,19.9982,20.7451,26447,11.9505
2015-12-25,20.7451,20.7451,20.7451,20.7451,0,11.9505
2015-12-28,20.7649,20.7649,20.1961,20.6017,7065,11.8679
2015-12-29,20.5671,20.5770,20.2555,20.4286,8359,11.7682
2015-12-30,20.2950,20.6215,19.6866,19.9191,57848,11.4747
2016-01-04,19.9240,20.0823,19.6866,20.0823,11119,11.5687
2016-01-05,20.1318,20.2802,19.7855,20.2802,15933,11.6827
2016-01-06,20.2802,20.2802,19.9488,19.9834,6533,11.5117
2016-01-07,19.8053,19.8103,19.4640,19.4888,27502,11.2268
2016-01-08,19.8350,19.8795,19.1920,19.1920,8781,11.0558
2016-01-11,19.0980,19.6866,19.0931,19.4888,21680,11.2268
2016-01-12,19.7855,19.7855,19.3997,19.5877,14415,11.2838
2016-01-13,19.7855,19.7855,19.2959,19.3404,53118,11.1413
2016-01-14,19.2612,19.3404,18.0296,18.3016,32571,10.5429
2016-01-15,18.1038,18.4253,17.2134,17.3124,51959,9.9730
2016-01-18,17.6091,17.6091,17.2431,17.3124,11129,9.9730
2016-01-19,17.7081,17.7081,17.0799,17.3124,28699,9.9730
2016-01-20,17.3124,17.5201,16.4517,16.8326,37014,9.6966
2016-01-21,16.8177,17.0156,16.6199,16.7682,9102,9.6596
2016-01-22,17.0156,17.2629,16.7732,16.9216,89148,9.7479
2016-01-25,17.0156,18.1483,16.6495,16.7880,14139,9.6710
2016-01-26,16.8177,17.5102,16.5160,17.3124,7934,9.9730
2016-01-27,17.3618,17.4113,16.9364,17.1244,5991,9.8648
2016-01-28,17.3074,17.3074,16.8177,16.8177,9752,9.6881
2016-01-29,17.1194,17.3272,16.7485,16.7485,11239,9.6482
2016-02-01,16.4418,16.9364,16.3874,16.3874,7551,9.4402
2016-02-02,16.5209,16.7979,16.4220,16.4220,9869,9.4601
2016-02-03,16.6100,16.6100,16.0461,16.3231,29732,9.4031
2016-02-04,16.3231,17.1145,16.0263,16.7287,9682,9.6368
2016-02-05,16.7485,17.1046,16.3429,16.3429,3571,9.4145
2016-02-08,16.3824,17.1491,15.1854,15.4327,37651,8.8902
2016-02-09,15.3338,15.4970,14.6215,14.7402,22984,8.4913
2016-02-10,14.6413,15.7790,14.4385,14.8392,32297,8.5483
2016-02-11,15.0370,16.6248,14.7897,15.2794,32420,8.8019
2016-02-12,15.5415,15.7592,14.9381,14.9974,26495,8.6395
2016-02-15,15.8185,15.9224,15.2695,15.4327,21318,8.8902
2016-02-16,15.1706,15.3932,14.8441,14.9875,15994,8.6338
2016-02-17,15.0420,15.6553,15.0370,15.4970,3919,8.9273
2016-02-18,15.7740,17.5795,15.7740,17.2134,16064,9.9160
2016-02-19,16.9067,17.1293,16.8227,16.8870,9082,9.7280
2016-02-22,17.1936,17.3025,16.9166,17.1194,40090,9.8619
2016-02-23,17.2579,17.5597,16.0807,16.0807,27799,9.2635
2016-02-24,16.1747,16.1747,15.6058,15.8087,5792,9.1068
2016-02-25,16.0312,17.3964,16.0312,16.7188,10454,9.6311
2016-02-26,17.0156,17.0403,16.3478,16.9166,14363,9.7451
2016-02-29,16.8177,17.3124,16.6396,17.3124,7841,9.9730
2016-03-01,17.4558,17.8020,17.2926,17.7130,22173,10.2038
2016-03-02,17.8070,17.9554,16.8177,17.1837,28131,9.8989
2016-03-03,17.2134,17.4607,16.0263,16.5803,17706,9.5513
2016-03-04,16.6100,17.2975,16.6100,17.2134,7377,9.9160
2016-03-07,17.2926,17.4607,16.8771,17.1689,11826,9.8904
2016-03-08,16.9166,17.0898,16.0560,16.1895,19671,9.3262
2016-03-09,16.5407,16.7732,16.1104,16.1153,7148,9.2835
2016-03-10,16.4022,16.5605,15.8532,16.0115,26417,9.2236
2016-03-11,16.2736,16.3725,15.8581,15.9521,14176,9.1894
2016-03-14,16.3626,16.8177,16.3231,16.8177,4690,9.6881
2016-03-15,16.6199,16.9612,16.4962,16.8078,12218,9.6824
2016-03-16,16.6594,16.9859,16.6594,16.7287,11629,9.6368
2016-03-17,16.7781,17.0452,16.3775,16.5803,22303,9.5513
2016-03-18,16.4962,16.9216,16.4962,16.9067,15033,9.7394
2016-03-21,16.5259,17.0502,15.6702,16.9216,20909,9.7479
2016-03-22,16.4220,16.7584,16.1796,16.5753,10910,9.5485
2016-03-23,16.6693,17.5992,16.1747,17.3371,52620,9.9873
2016-03-24,17.0304,17.2579,16.7336,17.0255,32165,9.8078
2016-03-29,17.1145,17.1145,16.4418,16.4418,11427,9.4715
2016-03-30,16.4269,16.6743,15.8433,16.0263,40730,9.2322
2016-03-31,16.0807,16.6693,15.8581,15.9274,29526,9.1752
2016-04-01,15.8284,16.1054,15.4624,15.6256,17753,9.0014
2016-04-04,15.8532,16.4467,15.8532,16.0510,16882,9.2464
2016-04-05,16.1252,16.1994,15.8284,16.0510,12624,9.2464
2016-04-06,16.1450,16.5704,15.9323,16.2340,18472,9.3519
2016-04-07,16.3132,16.3132,15.9521,16.0758,3194,9.2607
2016-04-08,16.2241,16.3231,16.0213,16.2687,15327,9.3718
2016-04-11,15.9818,16.2192,15.9818,16.0263,6183,9.2322
2016-04-12,15.9471,16.1203,15.9026,16.1005,5418,9.2749
2016-04-13,16.2241,16.3231,15.8779,16.2241,31973,9.3462
2016-04-14,16.1252,16.2786,16.0164,16.1104,9338,9.2806
2016-04-15,16.0510,16.2588,15.9669,15.9818,6524,9.2065
2016-04-18,16.1945,16.2390,16.0016,16.0758,6482,9.2607
2016-04-19,16.1796,16.2241,15.9323,16.1549,18469,9.3063
2016-04-20,16.1252,16.4220,16.0659,16.1796,14715,9.3205
2016-04-21,16.4764,19.0337,16.2786,18.6034,141215,10.7167
2016-04-22,18.5984,18.5984,17.8070,18.0889,21614,10.4204
2016-04-25,18.3115,18.7369,18.3115,18.5489,14210,10.6854
2016-04-26,18.7963,18.7963,18.5588,18.7963,7137,10.8279
2016-04-27,18.7963,18.9348,18.4006,18.9051,10461,10.8905
2016-04-28,18.8902,18.8902,18.4451,18.7468,25758,10.7994
2016-04-29,18.7963,19.6965,18.5984,19.6866,39184,11.3408
2016-05-02,19.6965,20.4484,19.6866,20.0823,27247,11.5687
2016-05-03,20.0823,20.0823,19.6916,19.9537,15063,11.4946
2016-05-04,19.7954,20.6759,19.3898,19.8845,51617,11.4547
2016-05-05,19.8845,20.3000,19.8795,20.0922,8073,11.5744
2016-05-06,19.9339,19.9339,19.6668,19.9339,8611,11.4832
2016-05-09,19.9834,20.4385,19.2068,19.2068,17935,11.0644
2016-05-10,19.1425,19.1920,18.5044,18.5242,14027,10.6711
2016-05-11,18.8507,19.2909,18.7221,19.2266,18734,11.0758
2016-05-12,19.2662,19.6124,19.0436,19.4888,37366,11.2268
2016-05-13,19.3156,19.4789,18.4995,18.9941,44217,10.9418
2016-05-17,18.7963,19.1870,18.7221,18.9941,8835,10.9418
2016-05-18,18.9941,18.9941,18.2126,18.8754,35123,10.8735
2016-05-19,18.7023,18.9051,18.3857,18.7963,26450,10.8279
2016-05-20,18.7963,19.2068,18.7963,19.2068,92748,11.0644
2016-05-23,18.9941,19.3453,18.9941,19.2909,44197,11.1128
2016-05-24,19.2909,19.4888,19.1920,19.4888,29051,11.2268
2016-05-25,19.4888,19.5827,19.3898,19.4888,16905,11.2268
2016-05-26,19.5877,19.7855,19.3997,19.5580,22437,11.2667
2016-05-27,19.7757,20.1318,19.6421,20.1318,42101,11.5972
2016-05-30,20.1318,20.1318,19.5085,19.8350,40642,11.4262
2016-05-31,20.2802,20.2802,19.6916,19.8498,12188,11.4348
2016-06-01,19.4838,20.1120,19.4838,19.7855,16694,11.3977
2016-06-02,20.0724,20.0823,19.5481,19.7658,14682,11.3864
2016-06-03,19.3750,19.8894,19.3750,19.6619,17125,11.3265
2016-06-06,19.7855,20.1318,19.7509,19.9735,26496,11.5060
2016-06-07,19.7954,19.9438,19.7608,19.9438,29074,11.4889
2016-06-08,20.0032,20.0032,19.7806,19.9191,28251,11.4747
2016-06-09,20.1219,20.1219,19.7855,19.9339,30080,11.4832
2016-06-10,19.7361,20.0774,19.2365,19.8845,99819,11.4547
2016-06-13,19.4888,19.4888,18.7963,18.7963,16130,10.8279
2016-06-14,19.0931,19.0931,18.4006,18.4006,33407,10.5999
2016-06-15,18.5935,18.5935,18.2917,18.4500,19156,10.6284
2016-06-16,18.3016,18.3165,17.7377,17.7377,20923,10.2181
2016-06-17,17.7971,18.5242,17.7427,18.5242,313955,10.6711
2016-06-20,18.3016,18.6281,18.3016,18.4945,21653,10.6540
2016-06-21,18.5489,18.5588,18.1978,18.1978,30777,10.4831
2016-06-22,18.4995,18.7171,18.2027,18.5094,52690,10.6626
2016-06-23,18.7320,18.9644,18.0988,18.0988,36351,10.4261
2016-06-24,17.1986,17.6833,16.9265,17.4558,16238,10.0557
2016-06-27,17.5844,17.8119,16.9513,17.2530,18214,9.9388
2016-06-28,17.3865,18.9743,17.3321,17.8812,81142,10.3007
2016-06-29,17.9059,18.7072,17.9059,18.3511,32558,10.5714
2016-06-30,18.4352,18.7963,18.4253,18.7963,14817,10.8279
2016-07-01,18.4797,18.7913,18.4797,18.6231,10360,10.7281
2016-07-04,18.8754,18.8754,18.1631,18.1631,11093,10.4631
2016-07-05,17.9702,18.2076,17.5053,17.9653,9805,10.3492
2016-07-06,17.7081,17.7081,16.8227,17.3816,26153,10.0129
2016-07-07,17.3124,17.4360,16.9562,17.1739,15782,9.8932
2016-07-08,17.4607,17.6042,16.8771,17.4261,6987,10.0386
2016-07-11,17.4311,18.3016,17.4311,18.0494,5416,10.3976
2016-07-12,18.2522,18.2522,17.7229,17.9109,13073,10.3178
2016-07-13,18.2274,18.7221,18.0444,18.4846,12360,10.6483
2016-07-14,18.6627,18.6627,18.2274,18.5984,6520,10.7139
2016-07-15,18.7765,18.7765,18.4104,18.5836,7104,10.7053
2016-07-18,17.6982,17.6982,16.5457,16.9364,73661,9.7565
2016-07-19,17.1293,17.1640,17.0007,17.0749,27303,9.8363
2016-07-20,17.1145,17.1145,16.9166,17.0749,19644,9.8363
2016-07-21,17.1046,17.1046,15.9274,16.0411,74550,9.2407
2016-07-22,16.2934,16.4566,16.0263,16.1994,18420,9.3319
2016-07-25,16.4715,16.8177,16.1401,16.2687,25528,9.3718
2016-07-26,16.5209,16.5704,15.9323,16.1153,25191,9.2835
2016-07-27,16.3379,16.3379,16.0758,16.0906,12025,9.2692
2016-07-28,16.1252,16.4467,15.9274,16.3231,22971,9.4031
2016-07-29,16.4665,16.5209,16.3231,16.5209,24501,9.5171
2016-08-01,16.5506,16.8029,16.3874,16.3874,28597,9.4402
2016-08-02,16.3429,16.4665,15.9274,16.3429,12100,9.4145
2016-08-03,16.3033,16.3379,15.8631,16.0906,15605,9.2692
2016-08-04,16.1252,16.3082,15.9867,16.0115,17667,9.2236
2016-08-05,16.1252,16.1252,15.8581,15.8977,22521,9.1581
2016-08-08,15.8631,16.2687,15.8581,16.0560,47697,9.2493
2016-08-09,16.0659,16.2241,15.9768,16.2241,28503,9.3462
2016-08-10,16.1153,16.1697,15.6355,15.9719,217910,9.2008
2016-08-11,16.0411,16.0411,15.6405,15.8284,193372,9.1182
2016-08-12,15.8482,15.8482,15.6751,15.8284,73246,9.1182
2016-08-15,15.9570,15.9570,15.3338,15.8284,56871,9.1182
2016-08-16,15.6256,15.7790,15.3486,15.7790,49423,9.0897
2016-08-17,15.7839,15.8284,15.4871,15.7295,20755,9.0612
2016-08-18,15.7295,15.8828,15.6306,15.8284,72357,9.1182
2016-08-19,15.8284,16.1500,15.1359,15.8284,75672,9.1182
2016-08-22,15.9224,16.3231,15.6306,16.0213,51135,9.2293
2016-08-23,16.0263,16.3280,16.0263,16.3231,22642,9.4031
2016-08-24,16.3132,16.3429,16.1796,16.3429,28635,9.4145
2016-08-25,16.3725,16.3725,16.1005,16.2093,24592,9.3376
2016-08-26,16.2241,16.3626,16.1005,16.2241,35307,9.3462
2016-08-29,16.2884,16.3033,15.9867,16.1252,17409,9.2892
2016-08-30,16.1252,16.2687,15.8878,16.0312,9604,9.2350
2016-08-31,16.0758,16.1500,15.9323,16.0362,17997,9.2379
2016-09-01,16.0560,16.2439,16.0560,16.1796,26442,9.3205
2016-09-02,16.2934,16.8721,16.1895,16.8177,70909,9.6881
2016-09-05,16.8177,17.4014,16.7682,17.0700,66393,9.8334
2016-09-06,16.9513,17.5102,16.9513,17.3222,23231,9.9787
2016-09-07,17.3124,18.0048,17.3124,17.9059,55376,10.3150
2016-09-08,18.0593,18.3610,17.8565,18.0048,57944,10.3720
2016-09-09,17.9059,18.0048,17.7476,17.8960,23800,10.3093
2016-09-12,17.8070,18.0741,17.7773,17.7971,14028,10.2523
2016-09-13,17.8070,18.8358,17.7872,18.4203,66790,10.6113
2016-09-14,18.3016,18.3511,18.2126,18.3016,34663,10.5429
2016-09-15,18.3016,18.3857,18.0197,18.3016,42255,10.5429
2016-09-16,18.2769,18.3659,18.2027,18.3016,25817,10.5429
2016-09-19,18.3016,18.4550,18.1829,18.3016,17642,10.5429
2016-09-20,18.3066,18.5687,18.3066,18.3808,9372,10.5885
2016-09-21,18.6182,18.6182,18.3115,18.3115,2275,10.5486
2016-09-22,18.4995,18.7963,18.4797,18.7468,8785,10.7994
2016-09-23,18.7963,19.4294,18.7517,19.1969,40551,11.0587
2016-09-26,18.9941,18.9941,18.1978,18.8457,26617,10.8564
2016-09-27,18.7122,18.7122,18.0691,18.6677,13971,10.7538
2016-09-28,18.7468,18.9793,18.6034,18.7567,25325,10.8051
2016-09-29,18.5836,18.5836,17.1145,17.9801,61511,10.3577
2016-09-30,17.1145,18.1186,17.0007,18.0939,48233,10.4232
2016-10-04,18.1236,18.2373,17.6734,18.1038,70147,10.4289
2016-10-05,17.9405,18.4253,17.6883,18.2423,16543,10.5087
2016-10-06,18.4649,18.4649,18.1433,18.1433,21874,10.4517
2016-10-07,18.3115,18.3115,17.9059,17.9950,6139,10.3663
2016-10-10,17.9059,18.1186,17.7674,17.8713,8839,10.2950
2016-10-11,18.0345,18.1335,17.8020,17.8762,9865,10.2979
2016-10-12,17.8070,18.0543,17.7526,17.8960,2716,10.3093
2016-10-13,17.7328,17.8070,17.5349,17.7081,25476,10.2010
2016-10-14,17.7971,17.9257,17.5646,17.8317,16785,10.2722
2016-10-17,17.8466,17.8466,17.4756,17.7971,4070,10.2523
2016-10-18,17.8070,17.8565,17.3074,17.5597,7547,10.1155
2016-10-19,17.4014,17.6289,17.1887,17.4607,7124,10.0585
2016-10-20,17.4657,18.0543,17.4657,18.0543,8950,10.4004
2016-10-21,18.0246,18.1483,17.9257,18.0246,10476,10.3833
2016-10-24,18.1829,18.1829,17.6091,17.7773,11239,10.2409
2016-10-25,17.8070,18.2225,17.8070,18.1038,16345,10.4289
2016-10-26,18.0098,18.0494,17.7575,17.9554,11541,10.3435
2016-10-27,17.9801,18.0840,17.8317,18.0048,4957,10.3720
2016-10-28,17.9109,18.0098,17.8119,17.9554,11784,10.3435
2016-10-31,18.1532,18.3313,17.8020,17.9405,25975,10.3349
2016-11-01,17.8663,17.8663,17.5300,17.7575,7114,10.2295
2016-11-02,17.5547,17.5547,17.0502,17.3618,17172,10.0015
2016-11-03,17.3272,17.8713,17.3222,17.5745,17129,10.1241
2016-11-04,17.4657,17.6091,16.8969,16.9760,4865,9.7793
2016-11-07,17.1293,17.8317,16.9513,17.8070,15888,10.2580
2016-11-08,17.8367,17.9801,16.9859,17.1145,7525,9.8591
2016-11-09,16.8969,17.5547,16.8326,17.0156,10942,9.8021
2016-11-10,17.1145,18.0543,17.1145,17.9950,15290,10.3663
2016-11-11,17.8466,18.1681,17.7081,17.9702,27484,10.3520
2016-11-14,18.0939,18.1978,17.7625,17.8565,27359,10.2865
2016-11-15,17.8070,17.9554,16.9513,17.2926,15364,9.9616
2016-11-16,17.2728,17.3124,16.9315,17.1046,33358,9.8534
2016-11-17,17.0354,17.2382,17.0156,17.1541,11865,9.8818
2016-11-18,17.2629,17.4805,17.1640,17.2530,16055,9.9388
2016-11-21,17.4113,17.9059,17.0848,17.8070,249565,10.2580
2016-11-22,17.9900,17.9900,17.4607,17.6091,20550,10.1440
2016-11-23,17.5102,17.7081,17.1590,17.3124,25764,9.9730
2016-11-24,17.4162,17.6883,17.1689,17.2134,66724,9.9160
2016-11-25,17.2678,17.6586,17.1392,17.6586,30270,10.1725
2016-11-28,17.5597,17.6932,17.2480,17.6883,13939,10.1896
2016-11-29,17.7575,17.7575,17.4113,17.6833,4597,10.1867
2016-11-30,17.6883,17.9059,17.5597,17.8070,83288,10.2580
2016-12-01,17.9702,17.9702,17.6091,17.7575,85486,10.2295
2016-12-02,17.9059,17.9554,17.7229,17.7922,71100,10.2494
2016-12-05,17.6388,17.9653,17.6289,17.7377,18713,10.2181
2016-12-06,17.8119,18.4748,17.6685,18.4006,81762,10.5999
2016-12-07,18.4006,19.0287,18.4006,19.0189,23753,10.9561
2016-12-08,19.0238,19.6520,19.0238,19.5679,56502,11.2724
2016-12-09,19.7460,20.4731,19.5630,20.2307,80329,11.6542
2016-12-12,20.1615,20.6066,20.0823,20.3791,107998,11.7397
2016-12-13,20.3791,20.6116,19.9537,20.4879,78708,11.8024
2016-12-14,20.3049,21.0568,20.3049,20.7006,76910,11.9249
2016-12-15,20.5770,21.5267,20.5770,21.2794,66620,12.2583
2016-12-16,21.0864,21.2200,20.7946,20.8094,52700,11.9876
2016-12-19,20.7748,20.9084,20.6512,20.6512,47179,11.8964
2016-12-20,20.4830,21.3783,20.4780,21.0419,30536,12.1215
2016-12-21,20.9727,21.2348,20.8787,21.2348,25170,12.2326
2016-12-22,21.2695,21.4179,20.8589,20.9381,39482,12.0617
2016-12-23,20.8737,21.2695,20.8737,21.1211,15017,12.1671
2016-12-27,20.9282,21.5613,20.9282,21.2150,26480,12.2212
2016-12-28,21.2101,21.8630,21.2101,21.5959,27952,12.4406
2016-12-29,21.4673,21.8086,21.4179,21.4673,17088,12.3666
2016-12-30,21.2695,21.7641,21.2695,21.7146,23891,12.5090
2017-01-02,21.7641,22.7039,21.7245,22.6495,68149,13.0476
2017-01-03,22.7534,22.8919,22.4912,22.7534,97509,13.1074
2017-01-04,22.7534,22.8028,22.5901,22.5901,25167,13.0134
2017-01-05,22.6544,22.7534,22.4912,22.5011,61395,12.9621
2017-01-06,22.5110,22.7039,22.4022,22.4566,39966,12.9364
2017-01-09,22.4566,22.7336,22.4566,22.7336,32832,13.0960
2017-01-10,22.5901,23.6289,22.5901,23.6289,75035,13.6118
2017-01-11,23.6734,25.0287,23.6289,25.0040,134922,14.4039
2017-01-12,24.7764,25.1079,24.5440,25.0287,54130,14.4182
2017-01-13,24.9792,26.7896,24.9792,26.0180,92338,14.9880
2017-01-16,25.9191,26.3049,25.7262,25.9685,73762,14.9595
2017-01-17,25.9388,26.7105,25.6717,26.5819,36575,15.3129
2017-01-18,26.7105,27.5217,26.5275,27.1062,40910,15.6149
2017-01-19,27.3535,27.5613,26.9776,27.4178,50413,15.7944
2017-01-20,26.7055,28.0955,26.3197,27.9619,136289,16.1079
2017-01-23,27.8679,28.0015,27.1507,27.6008,44159,15.8999
2017-01-24,27.4030,28.2834,27.3139,28.2834,61371,16.2931
2017-01-25,28.4417,28.9561,27.9768,28.0955,67032,16.1848
2017-01-26,28.1944,28.2637,27.2200,28.2637,89582,16.2817
2017-01-27,28.0460,28.6890,28.0460,28.3923,32957,16.3558
2017-01-30,28.3824,28.5604,28.0707,28.3923,40598,16.3558
2017-01-31,28.4516,28.6544,28.0460,28.3181,32652,16.3130
2017-02-01,28.3280,28.5703,28.2933,28.2983,33227,16.3016
2017-02-02,28.1944,28.1944,26.4236,27.1260,79466,15.6263
2017-02-03,27.1260,27.4970,27.1111,27.2694,37079,15.7090
2017-02-06,27.2694,27.5712,27.2694,27.4970,28039,15.8400
2017-02-07,27.4129,27.5761,26.8391,26.9677,25728,15.5351
2017-02-08,27.0073,27.5712,26.7501,27.1161,30988,15.6206
2017-02-09,27.2843,27.3535,26.5126,27.0369,31192,15.5750
2017-02-10,27.1557,27.5019,27.1557,27.3980,12722,15.7830
2017-02-13,27.4079,27.7443,27.2101,27.2101,94476,15.6748
2017-02-14,27.1309,27.5761,27.0963,27.5019,66844,15.8429
2017-02-15,27.5019,27.6256,27.4426,27.5019,105090,15.8429
2017-02-16,27.5019,27.5563,27.1062,27.5019,32524,15.8429
2017-02-17,27.5019,27.5019,27.0369,27.3041,28248,15.7289
2017-02-20,27.6107,27.7492,27.3041,27.3041,80125,15.7289
2017-02-21,27.1507,27.5464,27.1507,27.4030,56766,15.7859
2017-02-22,27.5019,27.5316,27.2843,27.5019,54493,15.8429
2017-02-23,27.3832,27.6998,27.3782,27.6157,80545,15.9084
2017-02-24,27.5464,27.7740,26.7847,27.0567,44241,15.5864
2017-02-27,26.9627,27.7542,26.9627,27.4574,33517,15.8172
2017-02-28,27.7047,28.3527,27.7047,27.9471,67323,16.0993
2017-03-01,28.2043,29.9256,28.2043,29.4359,125800,16.9570
2017-03-02,29.3667,30.5588,29.3667,29.7278,105594,17.1251
2017-03-03,29.5794,30.0889,29.0650,29.1738,41219,16.8060
2017-03-06,29.0798,29.8811,28.6841,29.5744,38627,17.0368
2017-03-07,29.6882,30.3411,29.6387,29.8613,70703,17.2021
2017-03-08,29.8712,31.4936,29.7772,30.4697,118725,17.5525
2017-03-09,30.4846,30.8061,30.1532,30.4697,36168,17.5525
2017-03-10,30.5934,30.6676,29.8465,29.9603,16819,17.2590
2017-03-13,30.0889,30.0889,28.8721,29.5349,42724,17.0140
2017-03-14,29.3815,30.0740,29.3123,29.6783,40453,17.0966
2017-03-15,29.6981,29.9256,29.4458,29.6783,20720,17.0966
2017-03-16,30.0246,30.7517,29.6091,29.9207,43713,17.2362
2017-03-17,30.5983,30.6132,29.1441,30.1730,114155,17.3816
2017-03-20,30.1878,31.2068,29.9058,30.0988,80597,17.3388
2017-03-21,30.1730,30.3758,29.9058,29.9800,73122,17.2704
2017-03-22,29.4805,29.4805,27.3782,27.8877,176743,16.0651
2017-03-23,27.6998,27.7987,26.0229,27.3684,167962,15.7659
2017-03-24,27.6008,28.9215,27.3634,28.6049,137943,16.4783
2017-03-27,28.3428,28.3428,26.4088,26.7105,142420,15.3870
2017-03-28,26.8886,27.4722,26.5077,27.2694,164234,15.7090
2017-03-29,27.2496,27.6651,25.4739,25.8696,134404,14.9026
2017-03-30,25.7212,26.9182,25.1524,26.9083,131404,15.5009
2017-03-31,26.7501,27.4129,26.7501,27.2051,62436,15.6719
2017-04-03,27.3189,27.3288,26.8440,27.1062,36976,15.6149
2017-04-04,27.0073,27.6651,26.9083,27.3881,45390,15.7773
2017-04-05,27.5019,27.5019,26.6907,26.7649,31924,15.4183
2017-04-06,26.7204,27.5662,26.6808,27.4376,38760,15.8058
2017-04-07,27.3684,27.3684,26.2158,27.2051,74581,15.6719
2017-04-10,27.2051,28.0559,26.9034,26.9430,36755,15.5209
2017-04-11,27.0073,27.0963,26.4038,26.9083,41351,15.5009
2017-04-12,26.9578,26.9726,26.1664,26.5621,38927,15.3015
2017-04-13,26.6313,26.6313,26.2307,26.5126,18136,15.2730
2017-04-18,26.3296,26.5423,25.8449,26.0180,38386,14.9880
2017-04-19,26.1021,26.2307,25.8745,26.1565,40797,15.0678
2017-04-20,26.1169,26.4632,26.1169,26.4632,23483,15.2445
2017-04-21,26.3148,26.4632,25.8201,25.9290,19235,14.9368
2017-04-24,25.7262,26.5176,25.7212,26.4780,33179,15.2530
2017-04-25,26.4483,26.9726,26.4483,26.7105,24396,15.3870
2017-04-26,26.9479,26.9479,25.5184,26.3939,67621,15.2046
2017-04-27,26.3939,26.5473,25.8894,26.3840,34371,15.1989
2017-04-28,26.2999,26.9281,26.2158,26.7105,38266,15.3870
2017-05-02,26.7352,27.0815,26.3642,26.6956,28703,15.3784
2017-05-03,26.7105,26.7105,26.4434,26.6709,46770,15.3642
2017-05-04,26.6709,26.8836,26.2158,26.8836,22315,15.4867
2017-05-05,26.8589,26.9083,26.7006,26.8589,16601,15.4724
2017-05-08,26.9924,26.9924,26.5374,26.5522,15508,15.2958
2017-05-09,26.6561,26.6561,26.2060,26.3296,21980,15.1676
2017-05-10,26.2307,26.9083,25.8745,26.8490,30932,15.4667
2017-05-11,26.7797,27.6998,26.5126,27.6998,72792,15.9568
2017-05-12,27.9471,28.2587,26.5176,26.8836,39630,15.4867
2017-05-15,27.1260,27.1260,26.3741,26.9182,35129,15.5066
2017-05-16,26.9430,28.3280,26.6709,27.6008,176635,15.8999
2017-05-17,27.5069,27.5909,26.4335,26.5621,33663,15.3015
2017-05-18,26.4137,26.6759,25.6717,26.4038,72989,15.2103
2017-05-19,26.4038,26.4879,25.9883,26.3346,27940,15.1704
2017-05-22,26.5720,26.9875,26.3494,26.9529,39189,15.5266
2017-05-23,26.8886,27.3535,26.6561,26.9232,32410,15.5095
2017-05-24,27.0271,29.1837,27.0271,28.5456,132681,16.4441
2017-05-25,28.6099,28.7533,27.9471,28.0955,74504,16.1848
2017-05-26,28.1796,28.2785,27.3337,27.6355,98554,15.9198
2017-05-29,27.6355,27.8432,27.5810,27.6602,26442,15.9341
2017-05-30,27.6454,27.8976,27.4327,27.7047,138790,15.9597
2017-05-31,27.6948,27.8828,27.0617,27.5118,376712,15.8486
2017-06-01,27.5019,27.7344,26.6215,26.7055,86217,15.3841
2017-06-02,26.8144,27.1606,26.5670,26.9083,55283,15.5009
2017-06-05,26.9083,26.9083,26.9083,26.9083,0,15.5009
2017-06-06,26.8787,26.9182,26.3692,26.8292,59233,15.4553
2017-06-07,26.8144,26.8144,26.3494,26.3494,48062,15.1790
2017-06-08,26.4137,26.4137,25.5926,25.6272,47152,14.7629
2017-06-09,25.6223,26.7105,25.5283,26.7105,100925,15.3870
2017-06-12,26.7006,26.7006,25.5877,25.8647,69043,14.8997
2017-06-13,25.9042,25.9933,25.7212,25.9537,51007,14.9510
2017-06-14,26.6116,27.1359,26.6116,26.8094,109647,15.4440
2017-06-15,26.6858,26.6858,25.6619,26.2158,103167,15.1020
2017-06-16,26.3148,26.6116,25.6025,25.6816,71513,14.7943
2017-06-19,25.7707,26.3692,25.6124,26.3692,85785,15.1904
2017-06-20,26.3543,26.3543,25.6816,25.9685,74740,14.9595
2017-06-21,25.8696,25.9735,25.6124,25.8399,35191,14.8855
2017-06-22,25.7608,25.8943,25.5234,25.7212,37713,14.8171
2017-06-23,25.5827,25.8993,25.5234,25.7212,57527,14.8171
2017-06-26,25.8548,25.9339,25.6866,25.8844,30052,14.9111
2017-06-27,25.7212,25.7954,25.6470,25.7212,54808,14.8171
2017-06-28,25.6470,26.1268,25.2068,26.1268,116805,15.0507
2017-06-29,26.2703,26.2703,25.6866,25.9784,58042,14.9652
2017-06-30,25.8449,25.8993,24.8061,25.2068,120713,14.5207
2017-07-03,25.4343,25.7608,25.1771,25.6371,112703,14.7686
2017-07-04,25.8696,26.3890,25.5728,26.2158,111275,15.1020
2017-07-05,26.4384,26.4731,25.8993,26.4731,72568,15.2502
2017-07-06,26.5225,27.1260,26.5176,26.8094,133075,15.4440
2017-07-07,26.8589,27.2051,26.4434,27.2051,175256,15.6719
2017-07-10,27.7195,29.5695,27.7195,29.1837,216717,16.8117
2017-07-11,29.9751,32.9528,29.9553,32.0526,507308,18.4644
2017-07-12,32.0526,33.3881,31.8498,32.3048,123709,18.6097
2017-07-13,31.6569,32.7846,30.8852,32.2356,424523,18.5698
2017-07-14,32.3098,32.8044,31.8745,32.4928,163553,18.7180
2017-07-17,32.4483,32.9429,32.2455,32.4433,124152,18.6895
2017-07-18,32.4433,32.7203,32.1812,32.4384,128920,18.6866
2017-07-19,32.5076,34.1845,32.4384,34.1301,132844,19.6611
2017-07-20,34.3279,35.2084,33.9916,34.5456,168150,19.9005
2017-07-21,34.4071,34.4071,33.4870,33.8481,111530,19.4987
2017-07-24,33.8827,34.3329,33.1952,33.3535,192430,19.2138
2017-07-25,33.3436,33.8778,33.3189,33.6701,72397,19.3961
2017-07-26,33.7245,34.3724,33.6008,34.1301,109299,19.6611
2017-07-27,34.0064,34.1746,33.5612,34.0806,107640,19.6326
2017-07-28,33.8481,34.0608,32.6659,34.0361,158583,19.6070
2017-07-31,34.0311,34.0460,32.9133,33.0419,99054,19.0342
2017-08-01,32.9677,33.9817,32.7995,33.6503,93086,19.3847
2017-08-02,33.6503,33.7245,33.1457,33.6552,65486,19.3876
2017-08-03,33.6354,33.8234,33.3980,33.5365,71646,19.3192
2017-08-04,33.4178,33.6354,33.0419,33.6305,54035,19.3733
2017-08-07,33.6997,33.7294,33.2496,33.6156,92153,19.3648
2017-08-08,33.6156,34.0212,33.0369,33.2892,66378,19.1767
2017-08-09,33.1259,33.6997,32.8539,33.5761,77873,19.3420
2017-08-10,33.6305,33.6849,33.2793,33.5365,80182,19.3192
2017-08-11,33.3584,33.7096,32.8193,33.5612,115104,19.3334
2017-08-14,33.7294,34.0954,33.7096,33.9223,68833,19.5414
2017-08-15,34.0509,34.1152,33.4969,33.6404,24061,19.3790
2017-08-16,33.7442,34.8127,33.7245,34.5258,181115,19.8891
2017-08-17,34.6742,34.9363,34.1548,34.3774,102041,19.8036
2017-08-18,34.1301,35.7871,33.6453,35.7179,134078,20.5758
2017-08-21,35.6140,36.1284,34.4911,35.6140,124382,20.5159
2017-08-22,36.7022,37.5134,36.6033,37.2957,174341,21.4848
2017-08-23,37.3848,37.7706,37.0435,37.4738,121555,21.5873
2017-08-24,37.4194,37.7409,37.3452,37.5381,58803,21.6244
2017-08-25,37.5925,37.6717,37.1968,37.2512,78298,21.4591
2017-08-28,37.1078,37.3551,36.4796,36.8555,90977,21.2312
2017-08-29,36.6527,37.7706,35.0649,36.1482,141540,20.8237
2017-08-30,36.3757,37.0880,35.4606,35.6140,84446,20.5159
2017-08-31,35.7129,35.9701,35.2479,35.9404,519891,20.7040
2017-09-01,36.1630,36.4944,35.8564,36.1235,112265,20.8094
2017-09-04,36.0097,36.0097,35.5348,35.8316,83966,20.6413
2017-09-05,35.7920,36.0443,35.4656,35.6140,144058,20.5159
2017-09-06,35.6140,35.6733,35.3024,35.5645,85723,20.4875
2017-09-07,35.6140,35.7574,35.4013,35.7080,144211,20.5701
2017-09-08,35.6140,35.7822,35.4804,35.7277,127136,20.5815
2017-09-11,36.0196,36.6132,35.9553,36.1482,107771,20.8237
2017-09-12,36.3510,36.6824,35.9157,36.1037,152952,20.7980
2017-09-13,35.9503,36.5291,35.9503,36.3065,46460,20.9149
2017-09-14,36.2521,36.3460,35.5299,36.1482,75098,20.8237
2017-09-15,35.8712,35.9800,35.6140,35.7525,206043,20.5957
2017-09-18,35.9207,36.4005,35.9207,36.1828,61834,20.8436
2017-09-19,36.4054,37.3403,36.4054,37.2117,95691,21.4363
2017-09-20,37.1919,37.4788,36.8704,37.1820,76827,21.4192
2017-09-21,37.2314,38.2207,37.2314,38.1416,89737,21.9720
2017-09-22,38.0130,40.1993,37.9388,39.2446,130893,22.6074
2017-09-25,39.3089,39.6206,38.6412,38.7945,69993,22.3481
2017-09-26,38.7945,38.7945,37.0188,37.0979,128946,21.3708
2017-09-27,37.3601,37.4590,35.9800,36.1037,158217,20.7980
2017-09-28,35.6041,36.5587,35.4161,36.3065,114645,20.9149
2017-09-29,36.5934,36.6033,35.0699,35.3667,251842,20.3735
2017-10-02,35.5550,36.0400,35.4600,35.5000,148302,20.4503
2017-10-03,35.5000,35.5000,35.5000,35.5000,0,20.4503
2017-10-04,35.6550,35.6900,34.5200,34.8100,243045,20.0528
2017-10-05,34.6500,36.8250,34.5800,36.7050,141361,21.1444
2017-10-06,36.6350,37.1050,35.9550,37.0500,131805,21.3432
2017-10-09,37.1250,37.1850,36.6200,36.8200,108793,21.2107
2017-10-10,36.7300,37.3600,36.1750,36.7250,161008,21.1560
2017-10-11,36.5000,38.2900,36.5000,37.7800,272155,21.7637
2017-10-12,37.8450,37.8450,36.6150,37.0000,106329,21.3144
2017-10-13,36.9500,36.9500,36.4000,36.5200,41287,21.0379
2017-10-16,36.4050,36.9400,36.1050,36.6000,69267,21.0840
2017-10-17,36.5150,36.6150,35.7150,36.5350,137697,21.0465
2017-10-18,36.5000,36.5000,35.8550,36.1700,91182,20.8363
2017-10-19,36.1700,36.2800,35.0400,35.4500,194233,20.4215
2017-10-20,35.6050,36.4400,35.4850,36.1300,130522,20.8132
2017-10-23,36.3750,36.4100,35.2050,35.6600,87037,20.5425
2017-10-24,35.5150,36.1500,35.2300,35.9150,84295,20.6894
2017-10-25,35.9000,35.9850,35.7150,35.8000,44872,20.6231
2017-10-26,35.8000,36.6500,35.7150,36.3000,71351,20.9111
2017-10-27,36.5700,36.7250,36.2000,36.2900,95430,20.9054
2017-10-30,37.5000,37.9700,37.2700,37.6200,160046,21.6715
2017-10-31,37.6200,37.6200,37.6200,37.6200,0,21.6715
2017-11-01,37.9550,37.9550,36.0950,36.0950,84466,20.7931
2017-11-02,36.4650,36.6900,35.7950,35.9800,53219,20.7268
2017-11-03,36.0000,36.0100,34.7300,34.8650,210102,20.0845
2017-11-06,35.0500,35.0800,34.6900,35.0000,179601,20.1623
2017-11-07,34.6850,36.4400,34.0200,34.3500,236859,19.7878
2017-11-08,34.5000,34.5050,32.7300,33.8000,473256,19.4710
2017-11-09,33.8050,33.8250,33.0000,33.0550,174866,19.0418
2017-11-10,32.9950,33.2000,32.3400,32.8100,242588,18.9007
2017-11-13,32.2700,32.4100,31.2500,31.2500,298558,18.0020
2017-11-14,31.2250,31.4500,30.2650,30.9000,316487,17.8004
2017-11-15,32.5000,35.4350,31.6800,35.0200,1165891,20.1738
2017-11-16,34.9950,35.1450,31.7950,32.1950,554392,18.5464
2017-11-17,32.3150,33.0950,31.2400,32.5000,199120,18.7221
2017-11-20,32.5500,33.5750,31.7450,33.5000,177028,19.2982
2017-11-21,33.5150,33.6250,32.2850,33.2500,160579,19.1541
2017-11-22,33.4950,33.4950,32.4050,33.0000,157997,19.0101
2017-11-23,32.9950,33.3300,32.5900,32.8750,105271,18.9381
2017-11-24,33.1200,33.1200,31.5700,32.0250,133585,18.4485
2017-11-27,32.1600,32.4750,31.6500,31.6500,73816,18.2324
2017-11-28,31.7850,31.9950,30.1500,30.3700,155204,17.4951
2017-11-29,30.2850,32.4200,30.2850,31.5800,180276,18.1921
2017-11-30,31.6100,31.7150,31.0200,31.4700,159636,18.1287
2017-12-01,31.7000,32.1900,30.8700,32.0000,126502,18.4341
2017-12-04,32.3500,32.5650,31.9200,32.2500,134575,18.5781
2017-12-05,32.3850,32.3850,31.0000,31.5650,109535,18.1835
2017-12-06,31.3850,32.2150,31.1750,31.6850,174650,18.2526
2017-12-07,31.9750,33.2300,31.7600,32.5200,161360,18.7336
2017-12-08,32.8100,32.8100,30.8300,30.9300,158556,17.8177
2017-12-11,31.1250,31.2500,30.8200,30.9750,53613,17.8436
2017-12-12,31.2550,31.7550,30.8500,31.0400,85241,17.8810
2017-12-13,31.0950,31.4150,30.6550,31.2200,128875,17.9847
2017-12-14,31.2500,31.2550,30.1600,30.8500,127773,17.7716
2017-12-15,30.8050,31.1850,30.7000,30.9900,103130,17.8522
2017-12-18,31.0750,31.2900,30.8500,31.1350,58424,17.9358
2017-12-19,31.1450,31.4500,31.0300,31.3500,55932,18.0596
2017-12-20,31.5150,31.5150,31.1000,31.3500,57817,18.0596
2017-12-21,31.3400,31.3900,30.7700,31.0500,45157,17.8868
2017-12-22,31.0650,31.6850,30.7200,31.5000,52548,18.1460
2017-12-27,31.5000,32.0700,31.4500,31.9400,37224,18.3995
2017-12-28,32.0850,33.5350,31.9000,33.3950,138540,19.2377
2017-12-29,33.3750,33.5300,33.0500,33.5000,43566,19.2982
2018-01-02,33.2000,33.4200,32.1000,33.2400,104249,19.1484
2018-01-03,33.5200,33.6000,32.8000,33.1800,68203,19.1138
2018-01-04,33.3800,35.3400,33.0000,34.9800,162392,20.1507
2018-01-05,34.9400,35.1600,34.3200,35.1600,80673,20.2544
2018-01-08,35.3200,35.4800,34.8400,34.9600,94217,20.1392
2018-01-09,35.3000,35.8800,34.7000,34.8600,111899,20.0816
2018-01-10,35.0200,35.0800,33.8000,33.8800,124280,19.5171
2018-01-11,34.0200,34.3200,33.6200,34.1800,200160,19.6899
2018-01-12,35.0000,35.7400,34.2000,35.6600,242912,20.5425
2018-01-15,35.8200,36.6000,35.6400,36.1200,155750,20.8075
2018-01-16,36.4000,36.4000,34.5600,34.8800,85186,20.0931
2018-01-17,34.9000,35.2600,34.2400,34.5400,75311,19.8973
2018-01-18,34.6200,35.1600,34.1800,34.4400,48370,19.8397
2018-01-19,34.7400,36.2600,34.5800,35.4000,141677,20.3927
2018-01-22,35.5200,35.5200,34.2600,35.2800,140941,20.3236
2018-01-23,35.5000,35.6000,34.9400,35.3000,135373,20.3351
2018-01-24,35.5800,35.5800,34.5400,34.7600,59333,20.0240
2018-01-25,34.7200,35.3800,33.5400,34.7800,136959,20.0355
2018-01-26,34.5000,34.7400,33.5000,33.9200,149886,19.5401
2018-01-29,33.9000,34.4800,33.8000,34.0400,92825,19.6092
2018-01-30,34.0000,34.2600,33.1400,33.4000,151285,19.2406
2018-01-31,33.2000,34.0400,33.2000,33.4200,73841,19.2521
2018-02-01,33.8000,34.2200,33.4400,33.7400,107460,19.4364
2018-02-02,33.7000,34.0000,33.4000,33.7400,99759,19.4364
2018-02-05,33.4000,34.0000,33.0800,33.8000,63925,19.4710
2018-02-06,32.7600,33.7000,32.2600,32.5000,165995,18.7221
2018-02-07,32.6200,32.8000,31.9600,32.5000,102524,18.7221
2018-02-08,32.6000,32.6000,31.9000,32.0200,75847,18.4456
2018-02-09,31.6800,32.1400,30.9000,31.0400,257599,17.8810
2018-02-12,31.2800,32.4800,31.2600,31.7800,57578,18.3073
2018-02-13,31.7600,31.8000,31.1200,31.3000,43099,18.0308
2018-02-14,31.1400,31.3800,31.0000,31.1000,56269,17.9156
2018-02-15,31.5200,31.6000,30.7200,31.0000,48800,17.8580
2018-02-16,31.0800,32.5000,31.0400,32.2800,46593,18.5954
2018-02-19,32.4800,32.7200,31.5000,31.5400,58850,18.1691
2018-02-20,31.5000,31.8600,31.3200,31.6400,58703,18.2267
2018-02-21,31.6200,31.8400,30.6200,31.1200,65593,17.9271
2018-02-22,31.0400,31.2400,30.5000,31.1400,54144,17.9386
2018-02-23,31.3600,32.1400,30.8600,31.7800,78657,18.3073
2018-02-26,32.1400,32.8800,31.8800,32.8000,53107,18.8949
2018-02-27,33.0000,33.1400,32.6000,33.1200,45298,19.0793
2018-02-28,33.0000,35.0000,32.5200,33.3400,140099,19.2060
2018-03-01,33.1000,33.4400,31.7400,33.1400,129477,19.0908
2018-03-02,32.9200,33.0000,31.9200,32.3000,114178,18.6069
2018-03-05,32.2200,32.2600,31.5200,31.8000,80625,18.3189
2018-03-06,32.0600,32.7200,31.6800,32.4800,72398,18.7106
2018-03-07,32.5000,33.2400,32.0000,32.5400,104199,18.7451
2018-03-08,32.8200,32.9000,31.9000,32.1000,105770,18.4917
2018-03-09,32.3200,32.5000,31.5000,31.6000,103662,18.2036
2018-03-12,31.8200,32.9000,31.7400,31.9800,108667,18.4225
2018-03-13,31.8200,31.9600,31.2600,31.6200,83650,18.2152
2018-03-14,31.6600,31.6600,31.0200,31.1200,65476,17.9271
2018-03-15,31.1400,32.0600,30.9800,32.0000,66000,18.4341
2018-03-16,32.4600,32.4600,31.7000,32.3600,596496,18.6414
2018-03-19,32.5400,32.6200,32.1800,32.6200,69815,18.7912
2018-03-20,32.6400,32.8400,32.4200,32.7800,55870,18.8834
2018-03-21,32.7000,32.7400,32.2200,32.5600,99117,18.7567
2018-03-22,32.3600,32.8000,31.7800,32.5000,113922,18.7221
2018-03-23,32.1400,32.2800,29.5000,30.0200,1084370,17.2935
2018-03-26,30.1000,31.0400,28.8200,31.0000,200230,17.8580
2018-03-27,31.3000,31.3000,29.8600,30.0400,89690,17.3050
2018-03-28,29.9000,31.4800,29.7400,31.1400,178957,17.9386
2018-03-29,32.0000,32.5000,31.2400,31.7000,154341,18.2612
2018-04-03,31.6400,32.0400,30.3600,30.8000,143880,17.7428
2018-04-04,31.0200,31.1400,29.9600,30.6800,271114,17.6737
2018-04-05,31.0000,31.6000,30.7400,31.5000,114885,18.1460
2018-04-06,31.1000,31.2800,29.7800,30.0600,342074,17.3165
2018-04-09,30.2000,30.9200,29.9400,30.6000,99719,17.6276
2018-04-10,31.1000,31.7000,31.0200,31.6600,97924,18.2382
2018-04-11,31.7600,31.9200,31.3000,31.8000,37011,18.3189
2018-04-12,31.9600,33.8800,31.7800,33.3800,55625,19.2290
2018-04-13,33.6800,33.6800,32.5000,32.6000,37887,18.7797
2018-04-16,33.0000,34.6400,32.4200,34.4000,50750,19.8166
2018-04-17,34.4000,35.4800,34.3000,34.9000,48980,20.1047
2018-04-18,34.7400,35.5400,34.3800,35.4200,127918,20.4042
2018-04-19,35.2400,35.5000,33.5200,35.1800,63163,20.2660
2018-04-20,35.2000,36.7400,34.6400,35.6400,123462,20.5309
2018-04-23,35.7000,37.1200,35.0200,36.9000,97076,21.2568
2018-04-24,37.0000,37.4000,35.7600,36.0600,192448,20.7729
2018-04-25,35.1200,37.0000,35.1200,35.5400,73706,20.4733
2018-04-26,35.8000,36.1600,35.3200,35.9000,128114,20.6807
2018-04-27,35.9600,36.3200,35.5800,35.6400,19912,20.5309
2018-04-30,35.5000,36.0000,35.3200,35.6000,53596,20.5079
2018-05-02,35.9200,36.0000,35.0200,35.8400,46034,20.6462
2018-05-03,36.0000,36.0000,35.2000,35.2000,9290,20.2775
2018-05-04,35.0000,35.0200,33.5800,34.7400,104398,20.0125
2018-05-07,35.0800,35.2000,34.0800,34.5400,65767,19.8973
2018-05-08,34.6000,34.7000,34.3000,34.6600,35367,19.9664
2018-05-09,35.0800,35.1600,34.3600,34.6000,40615,19.9318
2018-05-10,34.7000,35.1400,34.4400,35.0800,29150,20.2083
2018-05-11,35.0200,35.5000,34.7200,35.0400,35479,20.1853
2018-05-14,34.5000,34.9400,34.2600,34.6000,73196,19.9318
2018-05-15,34.5000,34.9000,34.1600,34.6400,82317,19.9549
2018-05-16,34.0000,35.0600,33.8600,34.4400,104521,19.8397
2018-05-17,34.3000,35.0000,34.1400,34.5000,74320,19.8742
2018-05-18,34.8800,34.8800,33.9000,34.4200,105870,19.8281
2018-05-21,34.4200,34.4200,34.4200,34.4200,0,19.8281
2018-05-22,34.4000,35.1800,34.0200,35.0200,32976,20.1738
2018-05-23,34.8800,36.3400,34.8800,35.7600,81446,20.6001
2018-05-24,35.5000,35.9000,35.4400,35.8200,41790,20.6346
2018-05-25,36.0000,37.3200,35.8200,37.3200,62146,21.4987
2018-05-28,37.3600,37.9000,37.0000,37.3800,44432,21.5333
2018-05-29,37.4600,37.4600,36.3200,37.0000,73497,21.3144
2018-05-30,36.9800,37.6000,36.6600,37.0000,153776,21.3144
2018-05-31,36.7800,37.0800,36.1000,36.1000,218686,20.7959
2018-06-01,36.5200,38.0000,36.5200,37.0800,41073,21.3605
2018-06-04,37.4800,37.7800,36.8000,37.2000,33058,21.4296
2018-06-05,37.1200,37.2000,36.8000,36.8600,35524,21.2337
2018-06-06,35.7800,36.3200,35.2800,36.0400,52495,20.7614
2018-06-07,35.8800,36.1600,35.4600,35.7800,24636,20.6116
2018-06-08,35.6000,36.1000,35.6000,36.0000,22331,20.7383
2018-06-11,35.6000,36.1000,35.5600,36.0400,19022,20.7614
2018-06-12,36.2000,37.0800,35.9000,37.0600,49232,21.3490
2018-06-13,37.1800,37.5800,36.8000,37.3400,36168,21.5103
2018-06-14,37.4400,37.6000,36.9000,37.4200,43880,21.5563
2018-06-15,37.5600,37.7600,36.9600,37.0600,311829,21.3490
2018-06-18,36.9200,36.9200,36.5000,36.7200,29324,21.1531
2018-06-19,36.6000,36.6000,35.1200,35.1200,59687,20.2314
2018-06-20,35.4200,36.1800,35.4200,36.0000,18293,20.7383
2018-06-21,35.9800,36.8600,35.4200,36.0200,52992,20.7498
2018-06-22,36.0000,37.0000,35.6000,37.0000,95185,21.3144
2018-06-25,36.8400,37.8000,36.5400,37.4000,50729,21.5448
2018-06-26,37.7000,37.7000,37.1400,37.5000,96917,21.6024
2018-06-27,37.3800,37.3800,36.4200,36.7400,51744,21.1646
2018-06-28,36.9400,37.1000,35.6200,35.9000,28242,20.6807
2018-06-29,35.8600,36.1400,28.1200,30.5000,312130,17.5700
2018-07-02,30.0000,31.0000,29.5000,29.8800,56299,17.2128
2018-07-03,30.1200,30.1200,28.4200,29.0200,61998,16.7174
2018-07-04,29.2000,29.6400,28.7600,29.2800,33469,16.8672
2018-07-05,28.3600,30.5200,28.1000,30.2800,41417,17.4432
2018-07-06,30.6600,31.5000,30.0800,31.4400,23743,18.1115
2018-07-09,31.3000,35.0000,30.9000,32.8200,118853,18.9064
2018-07-10,33.2400,33.2400,32.0000,32.1200,51890,18.5032
2018-07-11,31.5400,32.0800,30.8000,31.0000,42804,18.1806
2018-07-12,32.5000,34.0000,31.5200,33.6600,29126,19.7406
2018-07-13,33.6000,34.0400,32.0800,33.8400,33996,19.8462
2018-07-16,33.9600,34.3200,32.2000,33.0800,31710,19.4005
2018-07-17,33.4800,33.4800,32.0400,32.3400,9081,18.9665
2018-07-18,32.8600,32.8600,31.8000,32.0000,27162,18.7671
2018-07-19,32.1200,32.2800,31.5800,32.0800,35003,18.8140
2018-07-20,32.1000,32.3400,31.3000,31.8200,44519,18.6615
2018-07-23,31.6400,32.0000,31.2000,31.3800,25414,18.4035
2018-07-24,31.7000,32.2000,31.5600,31.8800,26555,18.6967
2018-07-25,32.2200,32.2200,31.9200,32.2000,16672,18.8844
2018-07-26,32.3000,34.0600,32.0000,33.6400,53873,19.7289
2018-07-27,33.8200,36.9400,33.6600,36.5200,42068,21.4180
2018-07-30,36.1800,36.4800,35.0400,35.1000,23944,20.5852
2018-07-31,35.2000,35.7800,34.4200,34.6800,28110,20.3389
2018-08-01,34.8400,34.8800,33.9800,34.1200,25867,20.0104
2018-08-02,34.0000,34.4000,33.4400,34.0200,33155,19.9518
2018-08-03,33.8000,34.0800,33.5400,33.8600,7725,19.8579
2018-08-06,33.9000,34.6600,32.9000,33.1000,23656,19.4122
2018-08-07,33.0200,33.8400,31.7600,33.4000,66814,19.5882
2018-08-08,33.2600,34.2400,33.1400,34.0000,29949,19.9401
2018-08-09,34.0200,34.1800,33.8200,34.0000,28621,19.9401
2018-08-10,33.8000,36.0600,33.5400,36.0600,65630,21.1482
2018-08-13,36.1600,36.1600,34.6600,35.4200,38096,20.7728
2018-08-14,34.9400,34.9800,33.8200,34.6400,29113,20.3154
2018-08-15,34.7000,34.9800,33.8600,34.1800,18176,20.0456
2018-08-16,34.4000,35.8200,33.9200,35.2200,29888,20.6555
2018-08-17,34.8200,35.7400,34.7000,35.3400,16369,20.7259
2018-08-20,35.0400,35.9400,34.9400,35.7800,19840,20.9840
2018-08-21,35.3200,35.8000,34.6600,35.2800,12241,20.6907
2018-08-22,35.1200,36.0000,35.1200,35.8800,16153,21.0426
2018-08-23,35.9800,36.7000,35.3600,36.2200,21077,21.2420
2018-08-24,36.3000,37.1800,36.0400,36.5000,22199,21.4062
2018-08-27,35.6800,37.0000,35.6800,36.8200,12281,21.5939
2018-08-28,36.5000,36.9600,36.2600,36.5200,27901,21.4180
2018-08-29,36.4400,37.1600,36.4400,36.9400,42318,21.6643
2018-08-30,36.9800,37.0000,36.6400,36.8600,14445,21.6174
2018-08-31,36.6600,36.8400,35.3600,36.3200,65971,21.3007
2018-09-03,36.4400,37.4000,36.3400,36.7800,21705,21.5704
2018-09-04,37.5400,38.2000,36.6600,37.2200,67581,21.8285
2018-09-05,37.5000,37.5000,36.4200,36.4400,53896,21.3710
2018-09-06,36.5800,36.9800,35.9800,36.6400,22052,21.4883
2018-09-07,36.9800,37.0000,36.4000,36.9000,35884,21.6408
2018-09-10,37.0000,37.1800,36.4600,36.9200,20157,21.6525
2018-09-11,36.9000,36.9800,36.3800,36.5600,12349,21.4414
2018-09-12,36.7800,36.9800,36.4400,36.5600,9413,21.4414
2018-09-13,36.5800,36.6000,36.4400,36.5200,6029,21.4180
2018-09-14,36.6200,37.1600,36.4800,36.9800,12033,21.6877
2018-09-17,37.1600,37.1600,36.7600,36.9400,10692,21.6643
2018-09-18,36.5800,37.0800,36.5800,37.0000,11912,21.6995
2018-09-19,36.9800,37.1000,36.5800,36.7400,14288,21.5470
2018-09-20,36.9800,36.9800,33.5200,34.9400,87776,20.4913
2018-09-21,35.0200,36.0000,34.5600,34.6200,150177,20.3037
2018-09-24,34.4000,34.8200,33.8400,34.3000,17749,20.1160
2018-09-25,34.4200,35.0400,34.4200,34.7000,11993,20.3506
2018-09-26,34.4200,35.0800,33.6000,33.9400,18993,19.9049
2018-09-27,33.6200,34.0400,33.1800,33.3200,14713,19.5413
2018-09-28,33.2000,33.3200,32.5000,32.5600,25876,19.0955
2018-10-01,32.7600,33.7600,32.4600,32.4600,19330,19.0369
2018-10-02,32.7600,32.8200,32.0800,32.7400,20127,19.2011
2018-10-04,32.5400,33.2400,32.5400,32.8200,13878,19.2480
2018-10-05,32.9800,32.9800,32.5800,32.7400,31655,19.2011
2018-10-08,32.5600,32.5600,32.0800,32.2600,12391,18.9196
2018-10-09,32.2600,36.0000,32.2200,35.3200,32841,20.7142
2018-10-10,35.0200,35.0200,32.6400,32.7400,24030,19.2011
2018-10-11,32.4600,33.2200,31.7400,32.7400,41856,19.2011
2018-10-12,32.4400,33.0200,31.8600,32.7400,21191,19.2011
2018-10-15,32.9000,33.2800,32.6400,33.2800,8224,19.5178
2018-10-16,33.4600,33.7600,33.1600,33.5200,2082,19.6585
2018-10-17,33.7600,33.7600,33.2200,33.4200,14550,19.5999
2018-10-18,33.2000,33.5200,32.7800,33.0400,10930,19.3770
2018-10-19,33.2000,33.2000,32.0800,32.1000,9132,18.8258
2018-10-22,32.4000,33.0400,31.3000,31.4800,18497,18.4621
2018-10-23,31.3800,31.4400,29.5000,29.9800,35107,17.5824
2018-10-24,30.2600,31.0600,30.1600,30.6400,11699,17.9695
2018-10-25,30.9000,32.0000,30.4000,31.2800,13140,18.3448
2018-10-26,31.4600,31.4600,30.1200,30.7000,13064,18.0047
2018-10-29,30.9400,31.6200,30.6000,30.6000,10677,17.9460
2018-10-30,30.9000,31.5000,29.9400,31.2000,16102,18.2979
2018-10-31,30.7200,32.8600,30.7200,32.6800,32137,19.1659
2018-11-01,32.5800,32.8000,31.7200,32.3000,7503,18.9430
2018-11-02,32.5800,33.4600,31.8400,31.8800,7610,18.6967
2018-11-05,32.1600,33.4000,32.1600,32.2200,12236,18.8961
2018-11-06,32.5000,32.5000,31.1000,31.9800,25206,18.7554
2018-11-07,32.1200,32.4000,31.2800,32.0000,30100,18.7671
2018-11-08,32.3000,33.3000,31.5200,32.4400,39878,19.0252
2018-11-09,32.5000,32.5000,30.3000,30.7400,25300,18.0281
2018-11-12,30.7200,30.9800,29.4400,29.5000,16952,17.3009
2018-11-13,29.7800,31.3200,29.6400,31.2400,17188,18.3214
2018-11-14,31.0000,31.0000,29.6200,30.0800,16527,17.6411
2018-11-15,30.0200,30.5400,29.6800,30.0000,7885,17.5942
2018-11-16,29.7400,30.4000,29.6000,29.9200,12777,17.5472
2018-11-19,30.0000,30.3000,28.4200,28.9400,9550,16.9725
2018-11-20,28.9800,30.1200,28.3200,29.7600,19949,17.4534
2018-11-21,29.8000,29.9800,28.8000,29.0800,13578,17.0546
2018-11-22,29.0200,29.1000,27.7400,29.0600,20240,17.0429
2018-11-23,29.0800,30.4400,29.0800,30.2600,8448,17.7466
2018-11-26,30.3600,30.3600,29.6200,29.9600,13433,17.5707
2018-11-27,29.9600,30.3000,29.7600,30.0000,21053,17.5942
2018-11-28,29.7400,30.0800,28.5200,29.3400,22709,17.2071
2018-11-29,29.4000,30.2000,29.4000,30.0000,8277,17.5942
2018-11-30,30.1200,30.1200,28.1400,28.4400,31416,16.6793
2018-12-03,29.5000,29.9600,28.8600,28.9000,16576,16.9490
2018-12-04,29.1000,29.2400,28.5800,29.0800,5179,17.0546
2018-12-05,28.5000,28.8600,27.9200,28.0200,8405,16.4329
2018-12-06,27.7800,28.2800,26.8600,27.5200,12370,16.1397
2018-12-07,27.3800,27.6000,26.7600,27.3600,12043,16.0459
2018-12-10,27.1200,27.5800,26.0600,26.8800,24681,15.7644
2018-12-11,27.1200,27.3800,26.7000,26.7000,7869,15.6588
2018-12-12,26.4800,27.0800,26.4800,26.7800,12624,15.7057
2018-12-13,27.0200,27.0200,25.8800,26.2400,18733,15.3890
2018-12-14,25.9000,26.3400,25.8000,25.8400,11127,15.1544
2018-12-17,26.0800,26.5400,25.1800,25.2000,19493,14.7791
2018-12-18,25.2000,25.2600,24.5000,24.8000,29994,14.5445
2018-12-19,24.6600,24.7800,23.8800,24.0400,20829,14.0988
2018-12-20,24.2600,24.8600,23.6000,23.8200,42349,13.9698
2018-12-21,23.6000,23.9000,22.7800,22.8000,81658,13.3716
2018-12-27,22.6800,23.3600,21.9000,22.1200,43160,12.9728
2018-12-28,22.3000,23.0600,22.1800,22.4000,12928,13.1370
2019-01-02,22.6000,22.8000,22.2800,22.5400,23827,13.2191
2019-01-03,22.4400,23.3000,21.0400,21.2400,34468,12.4567
2019-01-04,21.4200,22.4600,21.4200,22.3800,27852,13.1252
2019-01-07,22.6000,23.2000,22.1000,22.4000,31104,13.1370
2019-01-08,22.6200,23.5200,22.5400,23.0800,43554,13.5358
2019-01-09,23.2600,24.6200,23.2600,24.1200,24596,14.1457
2019-01-10,24.1000,24.3000,23.5400,24.1600,15038,14.1692
2019-01-11,24.3600,24.3600,23.7600,23.9200,7604,14.0284
2019-01-14,23.7400,23.7400,22.6800,23.3000,30818,13.6648
2019-01-15,23.0800,23.2400,22.3000,23.1400,24979,13.5710
2019-01-16,23.2000,23.7000,22.9000,23.1200,28491,13.5592
2019-01-17,22.9200,23.5400,22.6000,23.2600,12268,13.6413
2019-01-18,23.4800,24.2000,23.1800,23.7000,49760,13.8994
2019-01-21,23.9000,24.1800,23.3400,23.7200,28557,13.9111
2019-01-22,23.9200,24.0800,23.4000,23.6400,10062,13.8642
2019-01-23,23.8000,24.3800,23.6400,23.8200,10347,13.9698
2019-01-24,24.3000,24.6000,23.6200,23.9200,19723,14.0284
2019-01-25,24.1400,24.5600,23.9800,24.0400,38593,14.0988
2019-01-28,24.2400,24.3000,23.7200,23.7200,9857,13.9111
2019-01-29,23.6000,23.9200,22.8000,22.8000,14824,13.3716
2019-01-30,23.0000,23.0000,21.9200,22.1400,22662,12.9845
2019-01-31,22.2000,22.6400,21.8200,22.0000,27577,12.9024
2019-02-01,22.1200,22.4200,21.8400,21.8400,12564,12.8085
2019-02-04,22.5000,22.8800,21.9400,22.6800,31954,13.3012
2019-02-05,22.8800,23.7000,22.5600,22.7600,19984,13.3481
2019-02-06,22.8400,23.6000,22.4800,23.3400,13907,13.6883
2019-02-07,23.5600,23.7000,22.1600,22.2200,21457,13.0314
2019-02-08,22.4000,22.9600,21.9800,22.7400,24491,13.3364
2019-02-11,22.9600,23.3400,22.8400,23.1000,6844,13.5475
2019-02-12,23.3200,24.0400,23.1000,23.9400,30935,14.0401
2019-02-13,24.1600,24.7600,24.0000,24.1600,18061,14.1692
2019-02-14,24.5000,24.7200,24.0000,24.0000,15507,14.0753
2019-02-15,24.0200,25.0600,23.6200,24.8000,41522,14.5445
2019-02-18,24.8200,26.4600,24.8200,26.4600,55242,15.5180
2019-02-19,26.4200,27.4400,25.9600,26.2600,25885,15.4008
2019-02-20,26.4800,27.2600,26.2800,26.8400,13556,15.7409
2019-02-21,26.8400,26.9800,25.5000,26.7400,33787,15.6823
2019-02-22,26.9800,26.9800,26.1000,26.4000,21146,15.4829
2019-02-25,26.8400,27.5600,26.3000,26.4400,29844,15.5063
2019-02-26,26.2600,26.3600,25.4200,25.6800,14837,15.0606
2019-02-27,25.9400,25.9400,25.3000,25.5000,13754,14.9550
2019-02-28,25.2800,26.3400,25.2600,25.9000,21346,15.1896
2019-03-01,25.7400,26.0000,25.4200,25.6400,14159,15.0371
2019-03-04,25.8600,26.2200,25.7600,25.8000,5515,15.1310
2019-03-05,25.6600,25.8400,25.3000,25.4800,21826,14.9433
2019-03-06,25.5000,25.7000,25.0400,25.2000,18082,14.7791
2019-03-07,25.4000,25.4000,23.7000,23.9800,42769,14.0636
2019-03-08,24.0000,24.5400,23.3400,24.4400,27143,14.3334
2019-03-11,24.5000,24.9200,24.3000,24.8000,9852,14.5445
2019-03-12,24.8000,24.9800,24.5000,24.6600,8207,14.4624
2019-03-13,24.4200,24.7600,24.3600,24.5600,5976,14.4038
2019-03-14,24.4400,24.6400,23.9800,24.4000,14168,14.3099
2019-03-15,24.6000,24.9600,24.6000,24.9000,40110,14.6032
2019-03-18,25.1000,25.5000,24.9000,25.3000,3725,14.8377
2019-03-19,25.4800,26.1800,25.4800,26.0600,13665,15.2835
2019-03-20,26.1800,26.5800,25.9200,26.1000,19707,15.3069
2019-03-21,26.1000,26.1000,25.1400,25.4800,8375,14.9433
2019-03-22,26.5200,26.6400,25.2000,25.2800,64295,14.8260
2019-03-25,25.5200,26.1600,25.0000,25.9000,36481,15.1896
2019-03-26,25.9200,26.3200,25.8000,26.3000,10663,15.4242
2019-03-27,26.1400,27.8600,26.1400,27.6200,24391,16.1984
2019-03-28,27.5000,28.3200,27.5000,28.0800,14613,16.4681
2019-03-29,28.2400,28.4200,28.1000,28.2000,22564,16.5385
2019-04-01,28.4000,29.5000,28.2000,29.1000,41407,17.0663
2019-04-02,29.3500,29.9000,28.7000,29.6000,33311,17.3596
2019-04-03,29.7000,30.0000,29.5000,29.8500,8148,17.5062
2019-04-04,29.7500,29.7500,29.0000,29.2500,5881,17.1543
2019-04-05,29.2500,29.5000,28.5500,28.6000,11852,16.7731
2019-04-08,28.5000,29.0500,28.5000,28.9500,12570,16.9784
2019-04-09,28.7000,29.2500,28.1500,28.3000,5917,16.5972
2019-04-10,28.3500,29.0000,28.2000,28.5000,14024,16.7145
2019-04-11,29.0500,29.7500,28.9000,29.1000,22271,17.0663
2019-04-12,29.3500,29.3500,28.1000,28.3000,8536,16.5972
2019-04-15,28.6000,28.7000,27.1000,27.4000,23214,16.0693
2019-04-16,27.5500,27.7000,27.4000,27.4000,20796,16.0693
2019-04-17,27.6000,27.8500,27.5000,27.6000,8593,16.1866
2019-04-18,27.7500,27.8000,27.5500,27.8000,23528,16.3039
2019-04-23,28.1000,28.1000,27.4000,27.5500,10212,16.1573
2019-04-24,27.4000,27.5500,27.0000,27.1000,6668,15.8934
2019-04-25,27.3500,27.3500,26.7000,26.8000,8776,15.7175
2019-04-26,26.9000,26.9500,25.9500,26.0000,20851,15.2483
2019-04-29,26.0500,26.5000,26.0000,26.5000,14541,15.5415
2019-04-30,26.7500,27.5000,26.7500,27.4500,20636,16.0987
2019-05-02,27.2500,28.5000,27.1500,27.7000,19779,16.2453
2019-05-03,27.9000,28.6000,27.8000,28.5000,7836,16.7145
2019-05-06,27.9500,28.0500,27.1500,27.7500,10801,16.2746
2019-05-07,27.7500,27.7500,25.8000,26.4000,24285,15.4829
2019-05-08,26.2500,27.0000,26.2000,27.0000,10748,15.8347
2019-05-09,27.5500,28.0000,26.5500,26.7500,26877,15.6881
2019-05-10,26.9500,27.1500,26.8000,27.0000,5499,15.8347
2019-05-13,27.1500,27.5000,25.6000,27.0000,43901,15.8347
2019-05-14,27.1000,27.1000,24.6500,25.3000,94818,14.8377
2019-05-15,25.5000,25.6500,25.1500,25.5000,51732,14.9550
2019-05-16,25.4500,25.9000,23.8500,25.5000,42937,14.9550
2019-05-17,25.2500,25.3000,24.4500,24.8500,40137,14.5738
2019-05-20,24.6000,24.7500,23.4000,24.0000,38696,14.0753
2019-05-21,23.8000,24.0500,23.0500,23.8500,42611,13.9874
2019-05-22,24.0500,24.4000,23.2500,24.2500,49570,14.2219
2019-05-23,24.0500,24.7000,24.0000,24.3500,39458,14.2806
2019-05-24,24.5500,24.9000,24.4000,24.5500,36562,14.3979
2019-05-27,24.7000,25.6500,24.5500,25.5000,87694,14.9550
2019-05-28,25.5500,27.1500,25.2500,27.1500,681805,15.9227
2019-05-29,26.9500,28.4500,26.6500,28.0000,152704,16.4212
2019-05-30,27.8500,28.3000,27.8500,28.1000,16282,16.4799
2019-05-31,28.3000,28.7000,28.0000,28.7000,51621,16.8317
2019-06-03,28.4500,29.2000,28.2000,29.1000,98553,17.0663
2019-06-04,29.0000,30.7500,28.5500,30.2500,63746,17.7408
2019-06-05,30.5500,30.7500,30.0000,30.3000,84590,17.7701
2019-06-06,30.5000,31.2000,30.5000,31.1000,103339,18.2393
2019-06-07,31.3000,32.3000,31.2000,32.3000,65783,18.9430
2019-06-11,31.8500,32.7000,31.4000,32.2500,83594,18.9137
2019-06-12,32.4500,33.7500,32.0500,32.3000,67084,18.9430
2019-06-13,32.0000,33.7000,32.0000,33.6500,110148,19.8269
2019-06-14,33.3000,35.4000,33.2000,34.9000,87672,20.5634
2019-06-17,34.5000,34.8000,33.7000,34.0000,47762,20.0331
2019-06-18,34.0000,35.3500,33.9000,34.7000,51289,20.4455
2019-06-19,34.6500,35.7000,34.5500,35.4000,58479,20.8580
2019-06-20,35.4500,37.0500,35.2500,37.0000,43456,21.8007
2019-06-21,37.0500,37.5500,36.3000,37.5500,280488,22.1248
2019-06-24,37.6000,39.0500,37.6000,38.1000,133667,22.4488
2019-06-25,38.0000,38.3000,37.6000,38.0000,36860,22.3899
2019-06-26,38.0000,38.8000,37.9500,38.6500,33853,22.7729
2019-06-27,38.7000,38.8500,38.2500,38.4500,26864,22.6551
2019-06-28,38.7000,38.7000,38.1500,38.5000,17820,22.6845
2019-07-01,38.5500,38.9500,38.2000,38.7000,29284,22.8024
2019-07-02,38.4500,39.8500,38.4000,39.8500,60670,23.4799
2019-07-03,39.9000,41.0000,39.6000,40.8000,22105,24.0397
2019-07-04,40.9500,41.3000,40.2000,41.3000,22323,24.3343
2019-07-05,41.1000,41.5500,40.8000,41.5500,13663,24.4816
2019-07-08,40.4000,41.0000,38.0500,38.2500,56054,22.5372
2019-07-09,37.9500,38.9000,37.7500,38.4500,39254,22.6551
2019-07-10,38.1500,38.9000,38.1500,38.6000,12826,22.7434
2019-07-11,38.3500,39.0000,38.3500,38.7500,9783,22.8318
2019-07-12,39.0000,39.0000,37.9000,38.0000,11721,22.3899
2019-07-15,37.7000,38.7500,37.7000,38.5000,20342,22.6845
2019-07-16,38.2500,38.6000,37.9000,38.0000,18003,22.3899
2019-07-17,38.3000,38.4000,36.3500,36.7000,37451,21.6239
2019-07-18,36.2000,36.8500,35.5000,35.8000,42554,21.0937
2019-07-19,35.5500,36.1500,35.3500,35.9000,28128,21.1526
2019-07-22,35.6500,37.6500,35.6500,37.2000,19801,21.9186
2019-07-23,37.4500,37.5000,37.0000,37.2000,14266,21.9186
2019-07-24,37.4500,38.6500,36.7000,38.0000,39745,22.3899
2019-07-25,38.3000,38.5500,37.9500,38.5000,11975,22.6845
2019-07-26,38.5500,38.5500,38.0000,38.1000,6243,22.4488
2019-07-29,38.4000,38.4000,37.4500,38.0500,16133,22.4194
2019-07-30,37.8000,38.2000,37.8000,37.9500,10908,22.3605
2019-07-31,37.6500,38.5500,37.6500,38.1000,8165,22.4488
2019-08-01,38.1500,38.3500,38.0000,38.1000,7882,22.4488
2019-08-02,37.2500,38.1500,36.4000,38.0500,60431,22.4194
2019-08-05,37.3500,37.7500,36.8500,37.5500,46963,22.1248
2019-08-06,37.2000,38.2000,37.2000,38.1500,23257,22.4783
2019-08-07,39.4000,48.8500,39.2500,48.8500,348589,28.7828
2019-08-08,47.5000,51.1000,47.0000,48.8500,135930,28.7828
2019-08-09,46.7500,49.7000,46.7500,49.2000,60897,28.9890
2019-08-12,49.0000,49.2500,47.5000,48.2500,37078,28.4293
2019-08-13,47.9000,51.7000,47.7000,50.1000,55163,29.5193
2019-08-14,49.0500,50.8000,49.0500,50.2000,56392,29.5783
2019-08-15,49.8500,52.7000,49.3500,51.9000,108432,30.5799
2019-08-16,51.9000,52.7000,50.3000,51.6000,39007,30.4031
2019-08-19,51.1000,52.4000,51.0000,51.9000,25436,30.5799
2019-08-20,51.6000,52.5000,51.1000,52.2000,13777,30.7567
2019-08-21,51.9000,53.6000,51.8000,53.5000,31628,31.5226
2019-08-22,53.6000,58.1000,53.5000,57.5000,82056,33.8795
2019-08-23,57.0000,57.9000,55.3000,55.6000,27759,32.7600
2019-08-26,55.0000,56.5000,54.7000,55.7000,14794,32.8189
2019-08-27,56.0000,58.4000,55.4000,57.4000,39270,33.8206
2019-08-28,57.9000,59.3000,57.3000,58.5000,45469,34.4687
2019-08-29,58.3000,61.0000,57.9000,60.0000,61516,35.3525
2019-08-30,59.9000,63.7000,59.9000,63.4000,51868,37.3558
2019-09-02,63.1000,64.2000,62.1000,63.6000,33066,37.4737
2019-09-03,64.2000,64.4000,61.8000,62.9000,42801,37.0612
2019-09-04,62.9000,64.5000,61.6000,64.1000,37589,37.7682
2019-09-05,64.0000,67.2000,64.0000,66.0000,35460,38.8878
2019-09-06,66.7000,71.0000,65.8000,70.0000,43994,41.2446
2019-09-09,66.2000,67.5000,64.5000,65.7000,60639,38.7110
2019-09-10,65.0000,66.3000,62.5000,64.4000,60656,37.9450
2019-09-11,64.9000,66.5000,64.7000,66.0000,15564,38.8878
2019-09-12,65.7000,67.7000,65.7000,67.1000,28919,39.5359
2019-09-13,66.8000,67.4000,63.7000,64.7000,21625,38.1218
2019-09-16,63.9000,67.3000,62.6000,67.0000,30214,39.4770
2019-09-17,66.0000,66.7000,65.2000,65.2000,8761,38.4164
2019-09-18,65.0000,67.2000,65.0000,66.3000,13144,39.0645
2019-09-19,67.0000,67.0000,63.1000,64.3000,16335,37.8861
2019-09-20,64.7000,66.1000,64.1000,65.9000,40548,38.8288
2019-09-23,65.1000,66.0000,65.0000,65.5000,20208,38.5931
2019-09-24,65.8000,65.8000,63.2000,63.7000,14725,37.5326
2019-09-25,63.9000,64.1000,62.0000,63.6000,18210,37.4737
2019-09-26,63.1000,64.4000,63.1000,63.5000,15284,37.4147
2019-09-27,63.3000,63.7000,63.0000,63.6000,13326,37.4736
2019-09-30,63.0000,66.1000,63.0000,66.0000,34590,38.8878
2019-10-01,65.2000,66.5000,60.7000,61.2000,35647,36.0595
2019-10-02,62.6000,62.6000,58.5000,58.8000,29377,34.6454
2019-10-04,57.1000,61.0000,56.9000,60.6000,26120,35.7060
2019-10-07,61.5000,61.8000,59.5000,60.0000,23931,35.3525
2019-10-08,60.0000,60.0000,58.5000,58.8000,10445,34.6454
2019-10-09,58.9000,59.0000,57.9000,58.9000,15257,34.7044
2019-10-10,59.5000,60.9000,59.4000,60.1000,38838,35.4114
2019-10-11,60.0000,60.1000,58.7000,60.1000,18213,35.4114
2019-10-14,59.6000,61.1000,58.4000,60.0000,27279,35.3525
2019-10-15,60.5000,61.0000,59.7000,60.0000,12085,35.3525
2019-10-16,59.6000,60.1000,57.1000,58.8000,17332,34.6454
2019-10-17,59.1000,61.0000,58.7000,60.0000,24828,35.3525
2019-10-18,60.0000,61.1000,59.0000,60.0000,465633,35.3525
2019-10-21,60.0000,64.1000,59.0000,63.8000,61601,37.5915
2019-10-22,64.2000,64.8000,62.9000,64.1000,21293,37.7683
2019-10-23,63.3000,66.8000,63.3000,66.4000,85916,39.1234
2019-10-24,66.5000,66.6000,62.9000,64.5000,242197,38.0039
2019-10-25,65.0000,66.0000,62.6000,66.0000,175565,38.8878
2019-10-28,66.0000,69.2000,65.5000,68.0000,118007,40.0662
2019-10-29,68.5000,68.5000,65.4000,65.7000,29467,38.7110
2019-10-30,66.2000,66.9000,65.4000,66.7000,20901,39.3002
2019-10-31,67.0000,67.0000,64.4000,65.2000,27250,38.4164
2019-11-01,65.8000,66.9000,65.8000,66.6000,15784,39.2413
2019-11-04,66.0000,69.9000,66.0000,67.7000,81393,39.8894
2019-11-05,68.3000,72.1000,68.3000,71.5000,52110,42.1284
2019-11-06,71.7000,71.9000,70.1000,70.8000,29436,41.7160
2019-11-07,71.7000,72.5000,68.9000,69.0000,31875,40.6554
2019-11-08,68.9000,70.5000,67.1000,67.6000,34611,39.8305
2019-11-11,68.7000,70.5000,68.4000,69.0000,24540,40.6554
2019-11-12,69.5000,70.1000,68.6000,68.7000,16279,40.4786
2019-11-13,69.6000,70.4000,67.8000,68.2000,17402,40.1840
2019-11-14,67.7000,74.2000,67.7000,73.3000,48711,43.1890
2019-11-15,72.8000,78.1000,72.8000,77.8000,50270,45.8404
2019-11-18,77.7000,79.6000,76.7000,78.5000,37400,46.2529
2019-11-19,77.9000,79.5000,76.7000,76.7000,26013,45.1923
2019-11-20,76.2000,77.5000,74.8000,76.2000,33944,44.8977
2019-11-21,75.4000,76.1000,74.8000,75.4000,21521,44.4263
2019-11-22,74.9000,76.1000,73.5000,74.3000,30203,43.7782
2019-11-25,75.6000,77.6000,75.2000,75.6000,29759,44.5441
2019-11-26,75.9000,76.0000,75.0000,75.3000,19359,44.3674
2019-11-27,75.9000,75.9000,73.4000,73.7000,14735,43.4247
2019-11-28,74.6000,74.6000,73.0000,73.4000,8164,43.2479
2019-11-29,72.6000,73.9000,72.6000,73.2000,10778,43.1300
2019-12-02,73.9000,73.9000,70.7000,71.4000,18973,42.0695
2019-12-03,72.2000,72.5000,70.2000,71.0000,13506,41.8338
2019-12-04,70.0000,72.5000,68.8000,72.3000,27924,42.5998
2019-12-05,72.0000,72.7000,71.6000,72.5000,12140,42.7176
2019-12-06,73.0000,73.4000,72.4000,73.1000,21560,43.0711
2019-12-09,73.9000,78.2000,73.8000,75.5000,41411,44.4852
2019-12-10,76.4000,76.4000,73.0000,74.1000,20818,43.6603
2019-12-11,75.0000,75.0000,73.3000,73.8000,8708,43.4836
2019-12-12,73.1000,73.6000,71.6000,72.1000,15227,42.4819
2019-12-13,72.8000,74.1000,71.6000,71.9000,15910,42.3641
2019-12-16,71.7000,73.4000,71.7000,73.1000,11803,43.0711
2019-12-17,72.8000,72.9000,71.6000,71.9000,9276,42.3641
2019-12-18,72.9000,73.5000,72.1000,73.4000,8250,43.2479
2019-12-19,73.0000,73.0000,71.5000,73.0000,7494,43.0122
2019-12-20,72.5000,74.3000,72.5000,73.7000,32575,43.4247
2019-12-23,73.4000,75.0000,73.0000,75.0000,21695,44.1906
2019-12-27,75.6000,77.6000,75.6000,77.0000,32427,45.3690
2019-12-30,77.4000,77.4000,75.5000,76.5000,9777,45.0744
2020-01-02,76.0000,77.6000,75.8000,75.8000,18221,44.6620
2020-01-03,74.9000,75.1000,74.0000,74.7000,8288,44.0139
2020-01-06,73.9000,73.9000,70.9000,71.6000,13142,42.1873
2020-01-07,71.8000,74.1000,71.1000,74.1000,10343,43.6603
2020-01-08,74.2000,75.1000,73.3000,74.8000,10430,44.0728
2020-01-09,76.1000,78.4000,76.0000,78.1000,11612,46.0172
2020-01-10,78.0000,78.7000,74.4000,76.2000,38572,44.8977
2020-01-13,76.1000,82.0000,76.0000,79.0000,55962,46.5475
2020-01-14,79.5000,80.8000,78.2000,79.8000,18060,47.0188
2020-01-15,78.4000,80.0000,75.5000,76.2000,28401,44.8977
2020-01-16,76.8000,78.5000,76.2000,76.9000,11801,45.3101
2020-01-17,77.4000,79.2000,76.7000,76.7000,6682,45.1923
2020-01-20,77.3000,77.9000,76.6000,76.6000,5819,45.1334
2020-01-21,77.1000,79.0000,75.2000,76.0000,9859,44.7798
2020-01-22,77.1000,77.1000,75.6000,75.9000,6096,44.7209
2020-01-23,76.7000,77.8000,74.9000,76.9000,10053,45.3101
2020-01-24,77.5000,79.0000,76.1000,76.3000,8342,44.9566
2020-01-27,75.6000,76.1000,74.7000,75.1000,15250,44.2495
2020-01-28,74.9000,76.0000,74.1000,75.3000,13598,44.3674
2020-01-29,75.1000,77.0000,75.1000,75.4000,12589,44.4263
2020-01-30,74.9000,74.9000,73.2000,74.1000,19850,43.6603
2020-01-31,73.7000,74.6000,73.7000,74.2000,10566,43.7193
2020-02-03,73.6000,74.5000,73.1000,73.1000,11298,43.0711
2020-02-04,74.1000,74.3000,73.9000,74.2000,3177,43.7193
2020-02-05,73.7000,81.4000,73.7000,77.1000,11180,45.4280
2020-02-06,76.1000,77.2000,73.6000,77.1000,34362,45.4280
2020-02-07,78.1000,78.6000,76.4000,78.1000,7799,46.0172
2020-02-10,77.1000,78.5000,75.0000,75.5000,10012,44.4852
2020-02-11,75.2000,76.6000,75.2000,76.2000,7275,44.8977
2020-02-12,75.4000,77.9000,75.1000,76.8000,7522,45.2512
2020-02-13,76.4000,77.2000,75.7000,76.7000,3748,45.1923
2020-02-14,76.3000,77.5000,75.8000,76.2000,6194,44.8977
2020-02-17,75.5000,76.6000,74.5000,74.9000,7617,44.1317
2020-02-18,73.7000,75.9000,72.6000,74.8000,15884,44.0728
2020-02-19,76.0000,79.7000,76.0000,78.3000,14474,46.1350
2020-02-20,77.8000,77.8000,75.5000,75.9000,9899,44.7209
2020-02-21,75.6000,76.2000,75.2000,75.8000,10134,44.6620
2020-02-24,75.5000,76.1000,72.2000,75.8000,42706,44.6620
2020-02-25,76.0000,77.5000,73.7000,75.6000,59085,44.5441
2020-02-26,75.9000,76.1000,72.3000,74.3000,51171,43.7782
2020-02-27,72.7000,74.3000,71.0000,72.0000,112579,42.4230
2020-02-28,69.2000,72.4000,68.2000,71.3000,106294,42.0106
2020-03-02,72.2000,73.5000,70.0000,71.3000,46778,42.0106
2020-03-03,72.2000,77.3000,72.0000,74.7000,35195,44.0139
2020-03-04,75.1000,75.1000,71.9000,73.2000,22711,43.1300
2020-03-05,73.9000,73.9000,70.0000,70.3000,32653,41.4213
2020-03-06,68.0000,70.4000,67.0000,68.0000,50995,40.0662
2020-03-09,63.0000,67.0000,61.7000,65.6000,72798,38.6521
2020-03-10,65.1000,69.7000,65.1000,67.5000,53677,39.7716
2020-03-11,67.4000,68.5000,66.0000,67.8000,40584,39.9483
2020-03-12,63.9000,64.5000,62.3000,62.8000,50739,37.0023
2020-03-13,63.8000,71.8000,63.1000,66.0000,65166,38.8878
2020-03-16,61.9000,68.8000,56.1000,68.1000,51321,40.1251
2020-03-17,65.0000,72.2000,64.1000,71.0000,46879,41.8338
2020-03-18,69.5000,71.1000,66.5000,68.5000,61838,40.3608
2020-03-19,68.1000,70.6000,63.5000,65.0000,58924,38.2985
2020-03-20,69.0000,72.0000,66.5000,67.3000,31885,39.6537
2020-03-23,67.0000,71.6000,61.0000,61.5000,32891,36.2363
2020-03-24,63.1000,66.1000,62.1000,65.8000,18945,38.7699
2020-03-25,68.4000,68.9000,65.0000,65.6000,22786,38.6521
2020-03-26,63.4000,66.5000,62.2000,66.5000,19965,39.1824
2020-03-27,60.2000,65.2000,60.2000,64.9000,12899,38.2396
2020-03-30,64.6000,66.5000,62.9000,65.6000,12539,38.6521
2020-03-31,66.4000,72.6000,64.7000,71.2000,31437,41.9516
2020-04-01,69.5000,69.5000,63.3000,67.6000,23401,39.8305
2020-04-02,67.9000,69.4000,66.1000,67.0000,21548,39.4770
2020-04-03,67.2000,67.2000,61.8000,61.8000,20027,36.4131
2020-04-06,65.5000,65.5000,63.0000,64.5000,8976,38.0039
2020-04-07,67.5000,77.4000,66.5000,76.4000,32039,45.0155
2020-04-08,72.5000,75.8000,70.9000,72.7000,17198,42.8354
2020-04-09,72.4000,74.4000,71.5000,72.6000,10356,42.7765
2020-04-14,74.0000,78.2000,74.0000,75.3000,17977,44.3674
2020-04-15,76.5000,76.5000,74.9000,75.1000,9968,44.2495
2020-04-16,76.3000,79.7000,76.0000,78.3000,14154,46.1350
2020-04-17,81.0000,84.7000,79.0000,79.7000,16769,46.9599
2020-04-20,79.0000,80.9000,78.8000,80.0000,11047,47.1367
2020-04-21,80.1000,85.3000,80.1000,82.9000,9469,48.8454
2020-04-22,83.4000,92.1000,83.1000,91.4000,17773,53.8536
2020-04-23,88.0000,101.8000,86.7000,99.9000,26345,58.8619
2020-04-24,97.8000,127.0000,97.8000,119.0000,35944,70.1158
2020-04-27,111.0000,127.8000,106.8000,125.4000,47600,73.8867
2020-04-28,124.6000,169.4000,124.6000,137.8000,92468,81.1929
2020-04-29,139.0000,141.6000,126.6000,135.4000,35821,79.7788
2020-04-30,131.2000,134.4000,126.8000,131.2000,20020,77.3041
2020-05-04,115.0000,136.0000,112.6000,133.0000,35703,78.3647
2020-05-05,131.2000,148.0000,131.2000,146.2000,24300,86.1423
2020-05-06,142.0000,172.0000,141.6000,168.6000,46968,99.3405
2020-05-07,159.6000,160.0000,142.2000,152.6000,71138,89.9132
2020-05-08,140.0000,159.0000,140.0000,157.0000,29552,92.5057
2020-05-11,153.8000,160.0000,153.8000,159.2000,28009,93.8020
2020-05-12,159.0000,183.8000,159.0000,181.2000,41480,106.7645
2020-05-13,173.6000,181.4000,168.2000,173.4000,27989,102.1687
2020-05-14,175.6000,181.2000,165.6000,165.6000,33759,97.5729
2020-05-15,161.0000,186.6000,156.2000,186.6000,45947,109.9463
2020-05-18,180.2000,185.0000,151.8000,154.0000,56622,90.7381
2020-05-19,146.8000,154.6000,144.2000,153.6000,33596,90.5024
2020-05-20,154.0000,161.0000,150.2000,152.0000,26820,89.5597
2020-05-21,148.0000,155.4000,144.6000,150.8000,24163,88.8526
2020-05-22,149.0000,151.4000,145.6000,148.2000,14014,87.3207
2020-05-25,145.0000,145.0000,117.8000,121.4000,57408,71.5299
2020-05-26,119.4000,121.4000,104.8000,108.4000,73273,63.8702
2020-05-27,104.6000,107.0000,90.8000,91.9000,89829,54.1482
2020-05-28,90.0000,92.0000,83.7000,89.8000,78509,52.9109
2020-05-29,92.0000,92.5000,85.0000,86.5000,59340,50.9665
2020-06-02,88.3000,88.3000,76.1000,78.7000,98091,46.3707
2020-06-03,78.3000,79.5000,73.4000,76.4000,72940,45.0155
2020-06-04,75.2000,87.0000,75.2000,84.3000,74488,49.6703
2020-06-05,85.2000,85.5000,78.7000,80.1000,69530,47.1956
2020-06-08,80.0000,80.0000,74.5000,75.3000,57172,44.9852
2020-06-09,76.9000,76.9000,69.1000,70.8000,61866,42.2968
2020-06-10,69.2000,71.3000,65.7000,66.9000,52528,39.9669
2020-06-11,64.6000,67.8000,63.4000,64.3000,36315,38.4136
2020-06-12,64.2000,65.9000,62.5000,65.2000,23334,38.9513
2020-06-15,64.9000,64.9000,58.1000,59.8000,59342,35.7253
2020-06-16,64.0000,66.7000,62.3000,64.5000,87462,38.5331
2020-06-17,64.5000,66.5000,59.0000,61.7000,90454,36.8603
2020-06-18,60.6000,64.4000,55.6000,56.4000,98026,33.6941
2020-06-19,57.7000,58.0000,53.5000,53.8000,1236896,32.1408
2020-06-22,53.2000,59.3000,53.2000,57.9000,60319,34.5902
2020-06-23,58.4000,59.4000,53.9000,54.3000,65775,32.4395
2020-06-24,54.6000,55.6000,50.0000,50.1000,48105,29.9304
2020-06-25,49.8000,52.4000,48.5500,51.6000,42326,30.8265
2020-06-26,51.1000,52.9000,49.6500,51.4000,32917,30.7070
2020-06-29,51.1000,53.5000,49.9500,51.0000,24928,30.4680
2020-06-30,51.3000,53.5000,51.3000,51.9000,20615,31.0057
2020-07-01,51.7000,54.5000,51.7000,52.9000,23755,31.6031
2020-07-02,53.5000,55.8000,53.4000,54.2000,25967,32.3798
2020-07-03,54.3000,54.9000,51.7000,52.6000,29156,31.4239
2020-07-06,53.3000,56.8000,52.9000,54.7000,38376,32.6785
2020-07-07,55.3000,56.7000,53.8000,54.8000,22482,32.7382
2020-07-08,55.2000,56.2000,53.3000,53.3000,22067,31.8421
2020-07-09,53.6000,54.4000,51.6000,52.2000,31454,31.1849
2020-07-10,52.5000,54.4000,52.5000,53.1000,29896,31.7226
2020-07-13,53.4000,53.4000,49.9000,51.5000,27949,30.7667
2020-07-14,50.8000,52.5000,50.1000,51.4000,27865,30.7070
2020-07-15,51.7000,56.6000,51.6000,53.4000,40247,31.9018
2020-07-16,54.2000,54.2000,51.2000,51.2000,32310,30.5875
2020-07-17,52.5000,52.9000,51.2000,51.9000,22250,31.0057
2020-07-20,51.5000,53.0000,49.0000,50.9000,54981,30.4083
2020-07-21,51.4000,52.0000,50.2000,50.7000,34732,30.2888
2020-07-22,51.1000,51.1000,48.2000,48.4000,32197,28.9148
2020-07-23,49.4000,49.6000,47.5500,47.7000,17818,28.4966
2020-07-24,49.5000,54.3000,48.6000,48.8500,56515,29.1836
2020-07-27,49.1500,50.0000,48.4500,48.6500,22875,29.0641
2020-07-28,48.1500,48.9500,46.5500,48.3000,27439,28.8550
2020-07-29,48.6000,48.6000,47.1000,48.1500,19590,28.7654
2020-07-30,47.8500,48.1500,46.7000,47.2000,29611,28.1979
2020-07-31,47.2000,47.5000,45.8500,46.4000,20630,27.7199
2020-08-03,46.1000,47.5500,44.5500,47.3000,30337,28.2576
2020-08-04,47.6000,48.3500,45.8500,46.8500,30027,27.9888
2020-08-05,46.9000,48.3500,45.8000,47.6500,27473,28.4667
2020-08-06,47.9500,49.1000,45.4000,46.2500,26914,27.6303
2020-08-07,45.9500,47.8000,45.7000,47.3500,26907,28.2875
2020-08-10,47.5000,48.1000,46.1500,47.2000,19258,28.1979
2020-08-11,47.8000,50.3000,47.6500,48.7000,26404,29.0940
2020-08-12,48.1000,51.2000,48.1000,50.3000,31831,30.0498
2020-08-13,50.7000,50.9000,49.0000,49.9500,27304,29.8408
2020-08-14,52.8000,57.7000,51.7000,56.6000,87431,33.8135
2020-08-17,55.8000,62.4000,54.9000,55.2000,61184,32.9772
2020-08-18,55.7000,58.4000,54.3000,54.3000,33598,32.4395
2020-08-19,54.7000,56.4000,54.6000,55.4000,24816,33.0966
2020-08-20,55.1000,55.9000,54.5000,55.3000,23042,33.0369
2020-08-21,56.0000,58.1000,53.0000,53.0000,37891,31.6629
2020-08-24,53.1000,53.7000,50.6000,50.8000,25489,30.3486
2020-08-25,51.0000,52.8000,50.9000,50.9000,24714,30.4083
2020-08-26,51.6000,51.6000,50.1000,50.7000,21791,30.2888
2020-08-27,51.2000,51.2000,49.4000,49.4000,19987,29.5122
2020-08-28,49.0000,49.5000,47.8000,49.4000,25170,29.5122
2020-08-31,48.9500,50.2000,48.0500,48.7000,24938,29.0940
2020-09-01,49.1500,49.8000,48.3500,49.0000,21958,29.2732
2020-09-02,49.8500,50.8000,48.0500,48.1000,21919,28.7355
2020-09-03,48.0500,49.8500,47.8500,48.4500,32680,28.9446
2020-09-04,48.8500,49.2500,46.4500,47.3000,26126,28.2576
2020-09-07,49.4000,51.8000,48.5000,49.9000,36766,29.8109
2020-09-08,50.1000,50.6000,48.1000,48.8000,23841,29.1537
2020-09-09,49.3000,50.5000,48.5500,50.0000,19565,29.8706
2020-09-10,50.1000,51.5000,50.0000,51.3000,29986,30.6473
2020-09-11,51.6000,52.3000,49.2000,49.3000,27004,29.4524
2020-09-14,49.6000,50.3000,48.2500,49.8000,30125,29.7511
2020-09-15,50.1000,50.8000,49.3000,49.9500,23242,29.8408
2020-09-16,49.4000,49.4500,48.3500,48.4000,15795,28.9148
2020-09-17,48.3000,48.5000,47.0000,48.2000,29313,28.7953
2020-09-18,48.4000,48.9500,46.5000,46.7500,35403,27.9290
2020-09-21,46.5000,46.5000,42.2500,42.2500,42702,25.2407
2020-09-22,42.5000,44.1000,41.8500,43.6500,34066,26.0771
2020-09-23,43.5000,44.8500,43.3500,44.2500,17098,26.4355
2020-09-24,44.0500,44.4000,42.7000,43.5500,20671,26.0173
2020-09-25,43.3000,43.3000,40.9000,42.7000,25255,25.5095
2020-09-28,43.0000,44.4500,43.0000,43.8500,16924,26.1965
2020-09-29,45.6000,49.7000,44.5500,46.1000,60528,27.5407
2020-09-30,46.2000,46.4000,44.4500,46.1500,24933,27.5706
2020-10-01,46.7500,48.2000,45.5500,46.7000,32896,27.8992
2020-10-02,47.0000,47.0000,44.5500,44.5500,16086,26.6147
2020-10-05,44.8500,48.5000,44.5500,48.5000,26493,28.9745
2020-10-06,48.2000,48.8500,45.4500,46.2500,26091,27.6303
2020-10-07,48.8500,53.8000,48.8500,51.5000,43572,30.7667
2020-10-08,52.0000,53.0000,49.4000,49.8000,33794,29.7511
2020-10-09,50.4000,51.4000,50.0000,51.1000,19952,30.5278
2020-10-12,52.1000,52.1000,49.9500,50.8000,18506,30.3486
2020-10-13,51.3000,51.8000,50.1000,51.0000,15370,30.4680
2020-10-14,52.8000,58.6000,52.6000,58.3000,71857,34.8291
2020-10-15,57.2000,61.3000,56.2000,60.2000,84020,35.9642
2020-10-16,62.8000,63.7000,55.2000,55.9000,58447,33.3954
2020-10-19,56.2000,56.6000,53.3000,54.8000,58319,32.7382
2020-10-20,55.4000,56.2000,52.9000,54.4000,60185,32.4992
2020-10-21,54.4000,55.8000,53.5000,53.7000,59636,32.0811
2020-10-22,54.5000,54.5000,53.0000,54.0000,28240,32.2603
2020-10-23,54.3000,54.5000,53.3000,54.3000,34953,32.4395
2020-10-26,53.9000,54.8000,53.4000,54.6000,31415,32.6187
2020-10-27,54.9000,54.9000,53.6000,54.6000,23433,32.6187
2020-10-28,54.6000,54.7000,53.2000,53.9000,41446,32.2005
2020-10-29,53.3000,54.2000,52.9000,54.0000,31994,32.2603
2020-10-30,53.2000,53.9000,52.0000,53.6000,24127,32.0213
2020-11-02,53.9000,55.5000,52.5000,55.5000,25081,33.1564
2020-11-03,55.8000,56.6000,54.4000,55.5000,23694,33.1564
2020-11-04,55.9000,56.8000,54.9000,56.1000,26727,33.5148
2020-11-05,55.8000,57.2000,55.8000,56.8000,53710,33.9330
2020-11-06,56.8000,58.5000,56.2000,57.7000,18499,34.4707
2020-11-09,58.9000,62.9000,58.9000,59.8000,45456,35.7253
2020-11-10,60.2000,61.8000,57.8000,58.1000,37092,34.7097
2020-11-11,57.5000,57.5000,55.9000,57.1000,35549,34.1123
2020-11-12,58.8000,64.6000,58.7000,64.3000,92766,38.4136
2020-11-13,63.6000,64.0000,57.4000,58.0000,95365,34.6499
2020-11-16,60.1000,60.1000,56.6000,57.4000,45111,34.2915
2020-11-17,58.4000,61.0000,57.5000,58.6000,49576,35.0084
2020-11-18,58.7000,60.0000,56.9000,59.6000,41460,35.6058
2020-11-19,59.1000,59.6000,57.3000,57.6000,26998,34.4110
2020-11-20,57.9000,60.6000,57.7000,60.2000,24171,35.9642
2020-11-23,60.8000,62.7000,60.5000,62.3000,34849,37.2188
2020-11-24,62.7000,67.3000,62.4000,65.9000,45155,39.3695
2020-11-25,66.6000,66.7000,62.1000,63.0000,42283,37.6370
2020-11-26,63.6000,65.1000,62.0000,63.9000,21140,38.1747
2020-11-27,64.3000,64.4000,63.1000,63.6000,16941,37.9954
2020-11-30,64.3000,66.5000,63.4000,65.2000,30332,38.9513
2020-12-01,65.5000,67.8000,65.5000,67.7000,27036,40.4448
2020-12-02,68.4000,68.4000,66.5000,66.8000,28087,39.9072
2020-12-03,67.5000,69.6000,66.3000,69.2000,26980,41.3409
2020-12-04,69.9000,72.0000,69.7000,71.2000,37495,42.5358
2020-12-07,71.3000,73.4000,70.9000,73.3000,39683,43.7903
2020-12-08,73.6000,78.8000,73.3000,76.9000,89225,45.9410
2020-12-09,77.2000,77.2000,73.7000,74.6000,105461,44.5670
2020-12-10,75.0000,75.0000,71.8000,75.0000,43636,44.8059
2020-12-11,74.6000,75.3000,72.7000,75.0000,21444,44.8059
2020-12-14,76.3000,77.0000,74.6000,75.1000,31573,44.8657
2020-12-15,75.5000,76.8000,74.7000,76.6000,47129,45.7618
2020-12-16,76.9000,80.2000,76.4000,80.0000,50824,47.7930
2020-12-17,81.5000,86.5000,80.7000,83.4000,81282,49.8242
2020-12-18,83.4000,86.5000,82.5000,86.5000,40591,51.6762
2020-12-21,86.0000,87.5000,82.3000,83.6000,51016,49.9437
2020-12-22,84.1000,86.5000,83.6000,85.7000,23707,51.1982
2020-12-23,87.1000,87.1000,84.1000,84.7000,22170,50.6008
2020-12-28,86.7000,92.0000,86.6000,91.1000,51493,54.4243
2020-12-29,92.1000,92.1000,86.7000,87.0000,48669,51.9749
2020-12-30,86.8000,94.7000,86.3000,91.9000,29096,54.9022
2021-01-04,92.2000,96.5000,90.9000,93.7000,55769,55.9775
2021-01-05,93.6000,95.1000,90.2000,93.1000,30472,55.6191
2021-01-06,94.0000,98.8000,93.1000,98.3000,32896,58.7256
2021-01-07,98.1000,100.6000,97.6000,98.9000,53045,59.0841
2021-01-08,100.8000,108.4000,100.6000,106.6000,49233,63.6842
2021-01-11,107.4000,108.6000,103.8000,105.2000,46116,62.8478
2021-01-12,97.8000,102.2000,95.3000,101.8000,82610,60.8166
2021-01-13,101.4000,105.0000,101.4000,105.0000,34536,62.7283
2021-01-14,106.0000,106.0000,100.4000,105.2000,39782,62.8478
2021-01-15,104.2000,105.2000,101.6000,103.0000,34093,61.5335
2021-01-18,100.8000,108.6000,99.5000,108.0000,33478,64.5205
2021-01-19,107.8000,109.4000,106.6000,109.2000,26702,65.2374
2021-01-20,109.8000,109.8000,107.2000,109.6000,22924,65.4764
2021-01-21,109.6000,111.0000,108.2000,110.4000,28542,65.9543
2021-01-22,112.0000,112.0000,105.0000,106.6000,30715,63.6842
2021-01-25,107.8000,110.2000,106.0000,107.6000,28187,64.2816
2021-01-26,102.4000,107.4000,100.6000,106.6000,38289,63.6842
2021-01-27,106.6000,106.6000,93.8000,95.6000,102919,57.1126
2021-01-28,95.5000,95.6000,85.4000,94.8000,98693,56.6347
2021-01-29,94.2000,94.3000,91.3000,93.1000,37367,55.6191
2021-02-01,93.7000,98.8000,93.6000,96.7000,28840,57.7698
2021-02-02,96.6000,99.0000,96.0000,97.9000,20590,58.4867
2021-02-03,98.1000,100.6000,97.8000,98.9000,22109,59.0841
2021-02-04,99.2000,100.0000,96.6000,97.4000,27804,58.1880
2021-02-05,102.0000,104.8000,101.6000,103.0000,37496,61.5335
2021-02-08,105.0000,105.8000,102.6000,103.4000,20899,61.7725
2021-02-09,103.6000,104.0000,101.4000,102.8000,15038,61.4140
2021-02-10,101.8000,103.0000,99.0000,101.0000,32399,60.3387
2021-02-11,102.0000,105.0000,102.0000,105.0000,18732,62.7283
2021-02-12,105.0000,105.0000,101.8000,102.8000,11112,61.4140
2021-02-15,102.0000,108.2000,102.0000,107.4000,30723,64.1621
2021-02-16,108.0000,126.4000,105.4000,121.8000,118515,72.7648
2021-02-17,123.4000,123.8000,115.2000,120.6000,64338,72.0479
2021-02-18,121.2000,121.4000,115.2000,116.4000,20366,69.5388
2021-02-19,116.6000,125.8000,116.6000,124.2000,35283,74.1986
2021-02-22,130.0000,130.0000,119.2000,120.4000,53786,71.9285
2021-02-23,122.0000,123.4000,111.4000,115.4000,51756,68.9414
2021-02-24,115.8000,126.0000,115.2000,125.4000,53152,74.9155
2021-02-25,126.4000,127.2000,121.2000,122.0000,26546,72.8843
2021-02-26,117.2000,125.0000,117.0000,121.8000,30254,72.7648
2021-03-01,124.0000,127.4000,120.8000,122.8000,30299,73.3623
2021-03-02,123.2000,126.6000,122.8000,124.6000,16166,74.4376
2021-03-03,126.0000,126.8000,122.0000,124.0000,16401,74.0791
2021-03-04,123.0000,123.4000,118.2000,121.2000,20969,72.4064
2021-03-05,119.8000,120.8000,117.4000,118.2000,17584,70.6142
2021-03-08,117.6000,122.8000,117.6000,122.4000,26512,73.1233
2021-03-09,122.4000,125.8000,121.0000,125.2000,13396,74.7960
2021-03-10,125.0000,125.8000,121.4000,125.6000,13622,75.0350
2021-03-11,125.4000,133.2000,124.8000,129.2000,40158,77.1857
2021-03-12,128.0000,128.6000,123.6000,126.4000,32321,75.5129
2021-03-15,127.0000,132.2000,125.2000,129.2000,36569,77.1857
2021-03-16,130.2000,135.8000,129.8000,135.2000,18413,80.7702
2021-03-17,136.4000,137.4000,131.6000,136.2000,24308,81.3676
2021-03-18,138.2000,138.8000,125.8000,135.8000,55472,81.1286
2021-03-19,138.0000,147.2000,136.4000,144.8000,48558,86.5053
2021-03-22,144.0000,148.0000,139.4000,141.2000,34512,84.3546
2021-03-23,139.0000,142.2000,129.6000,132.0000,48175,78.8585
2021-03-24,132.4000,134.0000,125.2000,127.0000,29947,75.8714
2021-03-25,120.8000,126.6000,120.2000,124.4000,37547,74.3181
2021-03-26,128.6000,134.0000,127.6000,129.0000,43021,77.0662
2021-03-29,136.0000,136.0000,128.4000,129.8000,27763,77.5441
2021-03-30,132.2000,133.4000,129.2000,130.8000,24718,78.1416
2021-03-31,132.2000,136.8000,132.0000,132.4000,22421,79.0974
2021-04-01,134.1000,136.0000,131.8000,134.8000,22277,80.5312
2021-04-06,136.9000,139.8000,134.0000,136.3000,29252,81.4273
2021-04-07,139.0000,140.6000,136.1000,139.8000,34985,83.5183
2021-04-08,140.0000,141.3000,136.3000,140.8000,21996,84.1157
2021-04-09,140.9000,143.3000,139.9000,142.5000,20652,85.1313
2021-04-12,143.3000,146.4000,139.9000,140.4000,26271,83.8767
2021-04-13,141.4000,145.0000,138.8000,143.4000,27427,85.6689
2021-04-14,145.0000,145.0000,139.6000,141.4000,17737,84.4741
2021-04-15,143.9000,148.0000,141.4000,147.0000,20776,87.8196
2021-04-16,147.0000,149.1000,144.3000,145.3000,22718,86.8040
2021-04-19,145.3000,148.0000,143.0000,145.2000,23939,86.7443
2021-04-20,146.5000,146.8000,140.4000,141.3000,21739,84.4144
2021-04-21,141.1000,148.9000,139.9000,148.4000,41070,88.6560
2021-04-22,148.1000,153.5000,146.4000,147.4000,33544,88.0586
2021-04-23,147.6000,147.6000,142.2000,145.1000,21495,86.6846
2021-04-26,145.2000,151.9000,144.9000,149.9000,18645,89.5521
2021-04-27,150.4000,151.7000,147.4000,149.0000,21342,89.0145
2021-04-28,149.0000,149.5000,146.1000,148.1000,20297,88.4768
2021-04-29,150.0000,152.0000,147.5000,149.5000,24734,89.3132
2021-04-30,150.5000,153.6000,150.2000,151.3000,15738,90.3885
2021-05-03,156.1000,159.7000,151.2000,158.9000,47547,94.9288
2021-05-04,161.4000,163.4000,152.4000,153.8000,47591,91.8821
2021-05-05,156.6000,162.9000,154.7000,162.9000,26982,97.3185
2021-05-06,164.8000,166.5000,159.4000,162.3000,30823,96.9601
2021-05-07,162.8000,163.6000,157.5000,158.6000,31234,94.7496
2021-05-10,159.2000,163.9000,158.6000,159.9000,29183,95.5263
2021-05-11,160.0000,160.0000,152.6000,158.0000,30066,94.3912
2021-05-12,159.1000,159.9000,134.2000,135.7000,111711,81.0689
2021-05-13,135.0000,136.9000,132.1000,135.4000,47613,80.8896
2021-05-14,137.1000,139.5000,131.5000,135.6000,69973,81.0091
2021-05-17,132.9000,139.7000,132.8000,137.0000,35933,81.8455
2021-05-18,139.5000,147.1000,138.7000,147.1000,46195,87.8794
2021-05-19,146.5000,148.0000,142.8000,146.5000,36053,87.5209
2021-05-20,148.0000,152.7000,146.4000,150.7000,31844,90.0301
2021-05-21,150.3000,155.0000,150.0000,154.3000,18798,92.1807
2021-05-25,154.7000,157.5000,151.4000,154.1000,30948,92.0613
2021-05-26,155.6000,157.2000,154.0000,155.9000,13871,93.1366
2021-05-27,156.0000,158.6000,154.2000,156.7000,16347,93.6145
2021-05-28,156.5000,159.7000,154.8000,158.4000,32696,94.6301
2021-05-31,157.1000,173.3000,157.0000,169.5000,68894,103.5494
2021-06-01,171.0000,172.5000,157.9000,162.3000,56308,99.1509
2021-06-02,162.9000,167.9000,162.8000,166.8000,24742,101.9000
2021-06-03,165.3000,169.4000,161.8000,163.4000,14817,99.8229
2021-06-04,164.5000,168.8000,164.0000,166.3000,18697,101.5945
2021-06-07,166.2000,170.9000,166.2000,169.4000,21971,103.4883
2021-06-08,170.8000,170.8000,166.8000,170.5000,23032,104.1604
2021-06-09,171.6000,177.9000,170.2000,177.0000,31031,108.1313
2021-06-10,177.0000,179.4000,173.3000,176.6000,24179,107.8869
2021-06-11,173.0000,181.8000,172.3000,180.1000,27942,110.0251
2021-06-14,179.0000,185.3000,177.3000,182.5000,32681,111.4913
2021-06-15,182.6000,189.2000,182.1000,188.6000,24696,115.2178
2021-06-16,189.3000,191.3000,183.7000,188.5000,44752,115.1567
2021-06-17,186.5000,192.7000,186.2000,189.4000,26160,115.7066
2021-06-18,189.8000,193.5000,185.5000,187.6000,42794,114.6069
2021-06-21,186.8000,190.1000,182.7000,189.0000,27095,115.4622
2021-06-22,189.5000,195.0000,188.9000,193.3000,27981,118.0891
2021-06-23,193.6000,194.8000,186.7000,186.8000,25674,114.1182
2021-06-24,188.7000,191.1000,187.0000,189.6000,24538,115.8288
2021-06-25,189.1000,192.1000,188.4000,190.8000,20500,116.5619
2021-06-28,192.9000,194.2000,189.3000,190.7000,20027,116.5008
2021-06-29,190.7000,195.5000,189.8000,194.5000,18312,118.8222
2021-06-30,195.7000,196.2000,190.5000,194.1000,30584,118.5779
2021-07-01,196.7000,198.5000,191.3000,191.9000,27361,117.2339
2021-07-02,191.4000,195.1000,191.4000,193.7000,15924,118.3335
2021-07-05,194.4000,198.4000,191.8000,198.4000,14695,121.2048
2021-07-06,198.2000,202.0000,197.0000,198.8000,17998,121.4491
2021-07-07,200.8000,205.8000,200.2000,203.4000,23621,124.2593
2021-07-08,203.8000,205.0000,185.6000,187.1000,56584,114.3015
2021-07-09,190.7000,193.7000,176.9000,184.3000,70573,112.5909
2021-07-12,186.4000,188.0000,181.7000,184.7000,28797,112.8353
2021-07-13,185.0000,185.5000,180.9000,181.4000,25098,110.8193
2021-07-14,181.3000,184.6000,178.3000,181.8000,25229,111.0636
2021-07-15,182.9000,182.9000,176.7000,179.1000,19673,109.4142
2021-07-16,177.3000,178.9000,175.4000,177.5000,29822,108.4367
2021-07-19,176.5000,177.0000,170.1000,174.3000,23549,106.4818
2021-07-20,177.3000,177.8000,172.9000,176.6000,16694,107.8869
2021-07-21,177.8000,182.5000,176.0000,181.9000,22622,111.1247
2021-07-22,183.9000,189.9000,182.8000,186.0000,22389,113.6295
2021-07-23,186.4000,189.4000,182.8000,188.9000,16983,115.4011
2021-07-26,184.2000,192.3000,180.1000,189.4000,16399,115.7066
2021-07-27,189.5000,190.0000,174.0000,175.5000,35151,107.2149
2021-07-28,175.1000,179.0000,171.7000,175.2000,28600,107.0316
2021-07-29,174.8000,178.4000,174.3000,175.7000,22546,107.3371
2021-07-30,175.0000,185.1000,172.4000,182.2000,49661,111.3080
2021-08-02,184.9000,197.9000,184.3000,191.4000,38575,116.9284
2021-08-03,191.1000,194.2000,190.4000,193.9000,19399,118.4557
2021-08-04,195.4000,203.6000,194.9000,202.4000,40693,123.6484
2021-08-05,204.0000,206.8000,196.7000,203.4000,32249,124.2593
2021-08-06,204.4000,205.8000,198.7000,202.6000,19836,123.7706
2021-08-09,200.6000,204.8000,200.4000,204.2000,17110,124.7481
2021-08-10,204.4000,207.4000,203.2000,207.2000,21975,126.5808
2021-08-11,206.4000,216.6000,204.6000,213.6000,40733,130.4906
2021-08-12,214.0000,226.8000,207.8000,224.0000,40986,136.8441
2021-08-13,226.2000,230.2000,212.8000,216.2000,47670,132.0790
2021-08-16,213.6000,218.0000,211.8000,211.8000,25672,129.3910
2021-08-17,212.6000,215.2000,208.4000,213.0000,22533,130.1241
2021-08-18,214.2000,219.2000,212.6000,218.4000,16296,133.4230
2021-08-19,219.0000,219.0000,206.2000,208.4000,26528,127.3139
2021-08-20,201.2000,203.6000,187.9000,192.7000,58535,117.7226
2021-08-23,192.9000,196.2000,188.6000,194.6000,43562,118.8833
2021-08-24,196.6000,197.7000,189.6000,193.0000,22943,117.9059
2021-08-25,193.5000,193.5000,187.4000,189.9000,27884,116.0120
2021-08-26,189.8000,195.1000,188.1000,194.0000,26425,118.5168
2021-08-27,194.2000,199.0000,192.6000,198.5000,26344,121.2659
2021-08-30,198.8000,205.4000,198.0000,204.2000,29215,124.7481
2021-08-31,204.0000,207.2000,190.7000,193.0000,41532,117.9059
2021-09-01,195.1000,197.9000,190.8000,193.4000,30128,118.1502
2021-09-02,194.0000,197.3000,192.7000,197.3000,14750,120.5328
2021-09-03,200.0000,200.0000,193.5000,195.6000,20826,119.4942
2021-09-06,198.6000,202.4000,195.8000,202.2000,21882,123.5262
2021-09-07,202.8000,212.8000,202.4000,207.4000,39042,126.7030
2021-09-08,207.0000,208.4000,201.0000,201.4000,23386,123.0375
2021-09-09,200.0000,210.2000,196.3000,209.2000,28493,127.8026
2021-09-10,209.6000,212.0000,205.2000,209.6000,28253,128.0470
2021-09-13,210.8000,212.8000,208.2000,209.0000,17341,127.6804
2021-09-14,215.0000,233.8000,213.8000,229.8000,92121,140.3874
2021-09-15,229.0000,235.0000,224.0000,225.0000,33662,137.4550
2021-09-16,225.2000,232.4000,219.6000,229.8000,34983,140.3874
2021-09-17,233.2000,235.6000,229.8000,232.6000,26135,142.0979
2021-09-20,229.0000,229.0000,207.6000,207.6000,59824,126.8252
2021-09-21,213.2000,216.0000,207.6000,214.6000,43223,131.1015
2021-09-22,219.6000,227.6000,216.0000,224.6000,34440,137.2106
2021-09-23,226.2000,235.4000,226.0000,234.8000,35941,143.4419
2021-09-24,233.0000,235.6000,214.6000,217.4000,53278,132.8121
2021-09-27,217.6000,220.2000,207.2000,210.8000,50503,128.7801
2021-09-28,214.0000,214.0000,196.0000,198.4000,45698,121.2048
2021-09-29,200.2000,206.0000,197.8000,198.8000,31315,121.4491
2021-09-30,201.8000,201.8000,184.0000,188.9000,54996,115.4011
2021-10-01,185.6000,196.1000,181.6000,193.6000,46170,118.2724
2021-10-04,190.2000,191.0000,172.8000,175.0000,67971,106.9094
2021-10-05,174.4000,183.2000,173.3000,183.2000,51152,111.9189
2021-10-06,180.5000,180.5000,174.0000,176.6000,30527,107.8869
2021-10-07,181.0000,184.6000,176.5000,184.0000,32368,112.4077
2021-10-08,183.6000,184.2000,177.5000,178.9000,29533,109.2920
2021-10-11,177.8000,179.0000,172.2000,176.3000,27838,107.7036
2021-10-12,174.2000,179.4000,172.5000,175.6000,29742,107.2760
2021-10-13,175.8000,179.7000,174.3000,176.4000,23322,107.7647
2021-10-14,177.6000,179.4000,171.7000,175.4000,22721,107.1538
2021-10-15,174.4000,176.0000,167.6000,175.1000,42380,106.9706
2021-10-18,174.9000,175.6000,170.0000,175.3000,27045,107.0927
2021-10-19,175.1000,179.7000,175.1000,179.6000,30110,109.7197
2021-10-20,177.9000,178.4000,173.3000,174.5000,22892,106.6040
2021-10-21,174.3000,179.0000,171.6000,177.2000,46285,108.2535
2021-10-22,177.0000,177.2000,173.2000,176.9000,12314,108.0702
2021-10-25,177.2000,184.2000,176.9000,183.5000,29720,112.1022
2021-10-26,184.3000,187.2000,182.3000,183.1000,29044,111.8578
2021-10-27,182.3000,184.4000,177.8000,178.8000,22031,109.2309
2021-10-28,178.8000,187.0000,176.9000,186.4000,28296,113.8738
2021-10-29,186.7000,188.8000,180.8000,185.9000,52911,113.5684
2021-11-01,192.0000,204.6000,190.7000,198.7000,67403,121.3881
2021-11-02,199.9000,205.0000,193.9000,204.0000,42342,124.6259
2021-11-03,204.0000,217.2000,204.0000,216.6000,42619,132.3234
2021-11-04,219.4000,222.2000,212.6000,222.2000,145569,135.7444
2021-11-05,220.4000,221.0000,208.6000,209.4000,39147,127.9248
2021-11-08,215.6000,218.8000,212.0000,218.8000,36902,133.6674
2021-11-09,218.2000,230.0000,216.2000,228.8000,41010,139.7765
2021-11-10,225.8000,227.0000,212.0000,217.0000,35846,132.5677
2021-11-11,216.2000,223.6000,212.6000,220.8000,23183,134.8892
2021-11-12,224.2000,234.4000,209.8000,216.8000,62601,132.4455
2021-11-15,223.6000,232.2000,219.0000,226.6000,56727,138.4325
2021-11-16,225.4000,226.0000,212.2000,212.6000,46774,129.8797
2021-11-17,212.6000,219.0000,208.8000,216.2000,29699,132.0790
2021-11-18,216.2000,218.2000,210.2000,211.8000,22684,129.3910
2021-11-19,212.8000,221.0000,212.8000,219.6000,23151,134.1561
2021-11-22,218.6000,222.0000,213.0000,213.0000,21634,130.1241
2021-11-23,211.0000,212.4000,203.0000,204.6000,32056,124.9924
2021-11-24,205.2000,210.4000,203.4000,209.6000,38824,128.0470
2021-11-25,213.6000,217.4000,209.6000,211.8000,17375,129.3910
2021-11-26,203.0000,211.6000,202.0000,205.0000,43804,125.2368
2021-11-29,209.6000,220.6000,208.8000,219.6000,35549,134.1561
2021-11-30,215.0000,225.2000,214.0000,221.0000,38887,135.0114
2021-12-01,225.6000,236.2000,225.6000,231.2000,48757,141.2427
2021-12-02,225.0000,228.8000,221.6000,226.6000,25109,138.4325
2021-12-03,228.6000,232.4000,224.0000,227.0000,25320,138.6768
2021-12-06,227.0000,227.8000,211.0000,211.0000,22960,128.9023
2021-12-07,214.6000,226.8000,214.4000,224.4000,28199,137.0885
2021-12-08,223.8000,228.6000,223.4000,225.8000,12153,137.9437
2021-12-09,225.0000,227.0000,220.4000,224.8000,11284,137.3328
2021-12-10,223.0000,227.6000,221.2000,226.2000,11342,138.1881
2021-12-13,226.6000,238.2000,226.6000,230.2000,33430,140.6317
2021-12-14,231.0000,233.0000,220.2000,221.8000,18062,135.5001
2021-12-15,221.6000,228.0000,221.6000,223.6000,10034,136.5997
2021-12-16,229.2000,233.4000,227.6000,230.6000,15041,140.8761
2021-12-17,230.0000,230.6000,223.8000,225.6000,15158,137.8216
2021-12-20,220.0000,234.4000,217.4000,233.6000,23536,142.7088
2021-12-21,234.6000,239.8000,231.6000,238.8000,30127,145.8856
2021-12-22,239.2000,253.4000,239.0000,253.2000,18960,154.6827
2021-12-23,253.4000,261.2000,250.2000,258.4000,19271,157.8594
2021-12-27,261.2000,265.0000,258.2000,263.4000,12274,160.9140
2021-12-28,263.0000,279.2000,263.0000,272.0000,28372,166.1678
2021-12-29,270.8000,270.8000,262.6000,267.6000,17071,163.4798
2021-12-30,269.6000,277.0000,268.2000,277.0000,13454,169.2224
2022-01-03,277.4000,290.0000,277.2000,287.4000,27227,175.5758
2022-01-04,291.8000,295.0000,284.6000,286.8000,19471,175.2093
2022-01-05,286.2000,290.2000,277.6000,285.4000,18563,174.3540
2022-01-06,283.0000,283.0000,271.0000,278.4000,19521,170.0777
2022-01-07,278.8000,284.8000,277.8000,280.4000,9588,171.2995
2022-01-10,282.0000,286.6000,255.4000,257.2000,37963,157.1264
2022-01-11,258.2000,266.0000,258.0000,262.0000,27434,160.0587
2022-01-12,261.8000,276.6000,261.8000,270.2000,18041,165.0682
2022-01-13,268.6000,273.4000,263.0000,271.2000,18025,165.6791
2022-01-14,267.6000,273.4000,263.2000,266.0000,23953,162.5023
2022-01-17,265.2000,265.2000,252.0000,261.2000,30417,159.5700
2022-01-18,258.8000,270.2000,257.2000,266.0000,27906,162.5023
2022-01-19,263.0000,273.2000,259.2000,265.4000,27275,162.1358
2022-01-20,264.2000,271.8000,254.2000,268.6000,24370,164.0907
2022-01-21,263.2000,264.4000,252.0000,258.0000,21993,157.6151
2022-01-24,251.8000,261.0000,240.2000,243.6000,52053,148.8180
2022-01-25,243.0000,248.8000,236.2000,245.0000,21396,149.6732
2022-01-26,252.4000,259.4000,250.8000,257.8000,18229,157.4929
2022-01-27,252.2000,263.0000,248.6000,260.0000,19698,158.8369
2022-01-28,260.0000,261.6000,253.4000,258.6000,14645,157.9816
2022-01-31,264.0000,270.2000,261.4000,263.6000,25162,161.0362
2022-02-01,268.8000,268.8000,230.6000,232.8000,56507,142.2201
2022-02-02,237.2000,243.0000,228.2000,238.2000,40743,145.5190
2022-02-03,236.4000,236.4000,228.6000,233.0000,27314,142.3423
2022-02-04,233.8000,234.6000,225.4000,230.4000,24527,140.7539
2022-02-07,232.8000,239.0000,226.8000,238.0000,20999,145.3969
2022-02-08,236.2000,240.8000,234.6000,237.2000,18300,144.9081
2022-02-09,233.8000,263.4000,233.8000,259.2000,49630,158.3482
2022-02-10,260.0000,263.8000,253.2000,257.4000,20074,157.2485
2022-02-11,252.2000,261.2000,250.2000,257.0000,18208,157.0042
2022-02-14,246.0000,252.0000,242.2000,250.2000,28026,152.8500
2022-02-15,249.2000,265.2000,249.2000,264.2000,23081,161.4027
2022-02-16,265.8000,273.4000,265.8000,272.2000,22645,166.2900
2022-02-17,270.8000,278.6000,264.2000,267.8000,16629,163.6020
2022-02-18,267.0000,270.0000,257.2000,262.0000,18906,160.0587
2022-02-21,262.0000,263.4000,246.4000,249.4000,21446,152.3613
2022-02-22,237.0000,258.6000,233.4000,254.8000,27130,155.6602
2022-02-23,255.4000,261.8000,248.6000,248.6000,13068,151.8725
2022-02-24,232.0000,246.0000,225.4000,243.2000,44472,148.5736
2022-02-25,247.4000,262.8000,244.0000,262.2000,53777,160.1809
2022-02-28,267.4000,279.4000,258.8000,269.2000,54545,164.4573
2022-03-01,268.6000,273.0000,262.6000,264.2000,25681,161.4027
2022-03-02,262.0000,271.6000,253.0000,262.8000,33969,160.5475
2022-03-03,261.4000,270.2000,259.6000,266.6000,20805,162.8689
2022-03-04,263.6000,273.8000,252.4000,253.4000,31114,154.8049
2022-03-07,245.0000,257.2000,239.8000,252.0000,28615,153.9496
2022-03-08,248.0000,257.0000,228.4000,230.2000,45960,140.6317
2022-03-09,238.4000,260.4000,232.0000,260.4000,45786,159.0813
2022-03-10,265.0000,277.0000,246.6000,250.0000,59626,152.7278
2022-03-11,256.0000,288.2000,247.0000,278.4000,70274,170.0777
2022-03-14,281.4000,288.8000,270.6000,282.2000,49979,172.3991
2022-03-15,282.0000,313.8000,277.2000,308.8000,62961,188.6494
2022-03-16,310.0000,331.0000,310.0000,324.4000,56944,198.1796
2022-03-17,327.6000,356.4000,327.4000,342.0000,89839,208.9316
2022-03-18,337.6000,351.8000,323.0000,349.8000,159836,213.6967
2022-03-21,350.0000,358.4000,341.6000,357.0000,37003,218.0953
2022-03-22,356.4000,360.0000,344.2000,351.0000,27717,214.4298
2022-03-23,351.0000,359.0000,348.8000,357.4000,25629,218.3396
2022-03-24,355.0000,359.0000,337.6000,342.0000,32546,208.9316
2022-03-25,343.2000,356.2000,340.2000,342.4000,26363,209.1760
2022-03-28,348.8000,366.6000,344.0000,362.0000,31892,221.1499
2022-03-29,353.0000,354.0000,301.2000,319.0000,78176,194.8807
2022-03-30,318.6000,325.8000,311.8000,320.6000,38102,195.8581
2022-03-31,322.8000,325.0000,315.6000,316.6000,29357,193.4145
2022-04-01,324.0000,328.6000,315.2000,323.8000,22881,197.8130
2022-04-04,327.8000,329.4000,312.6000,313.8000,22721,191.7039
2022-04-05,315.2000,318.6000,306.4000,311.2000,17984,190.1156
2022-04-06,310.6000,311.8000,288.6000,296.8000,52356,181.3185
2022-04-07,298.8000,303.2000,294.2000,296.0000,19502,180.8297
2022-04-08,309.0000,315.0000,304.2000,306.0000,28789,186.9388
2022-04-11,307.2000,307.8000,293.0000,298.6000,24532,182.4181
2022-04-12,293.0000,311.6000,292.0000,304.8000,22709,186.2057
2022-04-13,306.8000,311.0000,302.6000,309.2000,16768,188.8937
2022-04-14,309.0000,320.4000,308.6000,314.6000,17384,192.1927
2022-04-19,325.8000,337.4000,323.4000,333.8000,35027,203.9221
2022-04-20,334.2000,351.4000,328.6000,348.4000,42596,212.8414
2022-04-21,352.0000,356.8000,342.6000,342.8000,28434,209.4203
2022-04-22,340.6000,348.8000,333.8000,337.2000,23894,205.9993
2022-04-25,332.0000,332.0000,308.2000,314.6000,36066,192.1927
2022-04-26,331.0000,347.0000,316.0000,316.6000,39008,193.4145
2022-04-27,318.0000,327.8000,313.8000,324.2000,38959,198.0574
2022-04-28,330.0000,351.0000,329.0000,349.6000,44153,213.5745
2022-04-29,352.0000,383.2000,352.0000,383.0000,62131,233.9790
2022-05-02,378.6000,398.0000,365.0000,394.2000,28937,240.8212
2022-05-03,404.4000,410.2000,394.0000,404.2000,33569,246.9303
2022-05-04,410.0000,416.2000,402.8000,407.0000,28213,248.6408
2022-05-05,414.6000,420.0000,399.0000,399.8000,27660,244.2423
2022-05-06,398.0000,420.6000,395.0000,419.4000,27476,256.2161
2022-05-09,411.2000,415.2000,389.4000,392.0000,34196,239.4772
2022-05-10,394.0000,419.0000,390.2000,405.6000,27092,247.7856
2022-05-11,410.0000,417.6000,400.4000,412.2000,22521,251.8176
2022-05-12,409.0000,436.0000,395.6000,428.0000,40143,261.4700
2022-05-13,410.0000,429.8000,396.0000,426.0000,65284,260.2481
2022-05-16,415.4000,430.0000,409.0000,427.8000,27664,261.3478
2022-05-17,430.0000,474.6000,429.8000,456.4000,46350,278.8199
2022-05-18,461.6000,463.6000,445.2000,447.4000,20824,273.3217
2022-05-19,440.0000,443.2000,411.2000,420.0000,37625,256.5827
2022-05-20,420.0000,450.8000,420.0000,439.0000,31095,268.1900
2022-05-23,460.0000,466.6000,439.6000,444.6000,29291,271.6111
2022-05-24,443.0000,456.6000,439.0000,440.6000,23707,269.1674
2022-05-25,451.2000,453.2000,437.8000,448.4000,22258,273.9325
2022-05-26,415.8000,420.8000,396.4000,396.4000,30537,262.6678
2022-05-27,387.6000,393.6000,345.8000,369.4000,78744,244.7767
2022-05-30,367.0000,388.6000,360.0000,368.6000,33630,244.2466
2022-05-31,365.2000,370.0000,360.0000,364.4000,24663,241.4635
2022-06-01,364.4000,370.8000,357.4000,360.6000,20817,238.9456
2022-06-02,356.4000,356.8000,344.6000,354.2000,26360,234.7047
2022-06-03,354.4000,364.8000,353.0000,357.6000,15457,236.9577
2022-06-06,359.2000,363.0000,352.2000,357.4000,8256,236.8251
2022-06-07,352.2000,362.8000,346.8000,353.2000,15652,234.0421
2022-06-08,358.0000,359.8000,316.8000,324.6000,48848,215.0907
2022-06-09,318.2000,323.2000,306.8000,314.2000,34433,208.1994
2022-06-10,303.0000,311.0000,290.2000,293.6000,36589,194.5491
2022-06-13,293.6000,298.8000,281.4000,286.6000,34272,189.9107
2022-06-14,290.2000,290.2000,273.2000,282.4000,32908,187.1276
2022-06-15,292.8000,292.8000,275.0000,278.2000,21695,184.3446
2022-06-16,272.0000,274.2000,258.4000,262.2000,27625,173.7424
2022-06-17,263.0000,263.8000,255.2000,256.8000,38339,170.1642
2022-06-20,263.0000,271.0000,260.0000,263.8000,30500,174.8026
2022-06-21,266.0000,276.4000,262.2000,271.2000,22845,179.7061
2022-06-22,265.2000,273.8000,263.6000,269.0000,19283,178.2483
2022-06-23,267.2000,267.2000,254.2000,259.4000,21695,171.8871
2022-06-24,259.2000,265.6000,252.8000,263.6000,17894,174.6701
2022-06-27,269.0000,274.2000,261.8000,266.6000,27349,176.6580
2022-06-28,266.8000,269.4000,251.4000,253.6000,23577,168.0438
2022-06-29,251.8000,259.2000,248.4000,252.8000,17010,167.5137
2022-06-30,248.2000,252.2000,240.6000,247.0000,21899,163.6704
2022-07-01,242.6000,250.2000,240.4000,244.6000,16347,162.0801
2022-07-04,243.0000,245.2000,240.6000,244.0000,12220,161.6825
2022-07-05,246.2000,253.8000,240.0000,248.6000,28810,164.7306
2022-07-06,249.0000,256.8000,246.2000,251.2000,39645,166.4535
2022-07-07,252.2000,274.8000,251.0000,272.4000,37202,180.5013
2022-07-08,272.4000,281.8000,269.6000,281.4000,22707,186.4650
2022-07-11,280.8000,285.6000,274.0000,278.0000,23218,184.2120
2022-07-12,278.0000,283.2000,269.2000,274.0000,24727,181.5615
2022-07-13,272.0000,275.8000,266.8000,272.0000,8359,180.2362
2022-07-14,271.8000,278.6000,269.4000,272.2000,12656,180.3688
2022-07-15,261.0000,267.0000,252.8000,265.6000,21285,175.9954
2022-07-18,267.2000,278.4000,265.6000,276.8000,12089,183.4169
2022-07-19,273.8000,278.4000,262.0000,278.2000,19393,184.3446
2022-07-20,279.6000,282.0000,273.6000,281.6000,9488,186.5975
2022-07-21,279.2000,284.8000,277.0000,284.4000,9407,188.4529
2022-07-22,283.8000,286.0000,280.0000,283.4000,8914,187.7902
2022-07-25,280.4000,285.2000,273.8000,281.6000,10376,186.5975
2022-07-26,282.8000,291.0000,282.4000,289.4000,13509,191.7661
2022-07-27,289.6000,299.6000,289.6000,293.0000,11545,194.1515
2022-07-28,296.4000,323.4000,296.4000,319.0000,43649,211.3800
2022-07-29,331.0000,340.0000,321.4000,335.0000,29344,221.9821
2022-08-01,338.4000,358.6000,338.4000,342.4000,33542,226.8856
2022-08-02,342.0000,355.2000,340.0000,355.2000,24425,235.3673
2022-08-03,355.0000,357.2000,344.8000,357.2000,20605,236.6926
2022-08-04,358.0000,374.0000,357.2000,359.4000,20351,238.1503
2022-08-05,360.0000,362.0000,340.0000,343.0000,24054,227.2832
2022-08-08,345.0000,350.0000,330.8000,332.6000,16480,220.3918
2022-08-09,332.2000,335.6000,323.6000,330.6000,14500,219.0665
2022-08-10,330.8000,344.2000,323.0000,340.8000,14232,225.8254
2022-08-11,340.8000,349.0000,299.6000,318.4000,23072,210.9824
2022-08-12,307.6000,317.4000,282.8000,311.8000,30889,206.6090
2022-08-15,316.4000,320.0000,297.6000,300.0000,16603,198.7900
2022-08-16,303.0000,317.8000,303.0000,304.6000,22967,201.8381
2022-08-17,307.8000,318.0000,293.6000,294.4000,20543,195.0792
2022-08-18,296.8000,309.0000,292.4000,304.2000,14322,201.5730
2022-08-19,304.6000,305.0000,295.0000,296.6000,11420,196.5370
2022-08-22,296.0000,298.4000,288.2000,294.8000,12933,195.3443
2022-08-23,283.0000,288.8000,274.2000,277.2000,23378,183.6819
2022-08-24,277.4000,285.0000,268.8000,284.0000,22469,188.1878
2022-08-25,282.0000,295.0000,282.0000,287.0000,20626,190.1757
2022-08-26,291.8000,295.2000,268.6000,272.0000,27108,180.2362
2022-08-29,262.0000,271.6000,260.0000,270.4000,20236,179.1760
2022-08-30,268.8000,270.8000,262.2000,262.2000,20371,173.7424
2022-08-31,264.0000,270.2000,257.0000,259.2000,20928,171.7545
2022-09-01,245.0000,246.4000,231.4000,240.8000,32519,159.5621
2022-09-02,244.0000,245.8000,227.0000,227.8000,29152,150.9479
2022-09-05,223.0000,225.4000,220.0000,220.0000,15530,145.7793
2022-09-06,220.2000,221.6000,209.4000,213.4000,18917,141.4059
2022-09-07,210.0000,212.2000,204.8000,212.2000,15735,140.6108
2022-09-08,214.2000,216.8000,207.8000,212.0000,23309,140.4782
2022-09-09,213.0000,221.2000,211.4000,218.8000,19993,144.9841
2022-09-12,220.0000,225.0000,215.0000,215.2000,15373,142.5987
2022-09-13,216.0000,219.6000,204.8000,208.2000,19043,137.9602
2022-09-14,208.2000,217.6000,205.4000,206.8000,20086,137.0325
2022-09-15,206.8000,207.0000,199.7000,202.0000,19458,133.8519
2022-09-16,195.1000,195.2000,182.2000,190.6000,37639,126.2979
2022-09-19,191.6000,196.6000,185.8000,188.2000,25505,124.7076
2022-09-20,188.0000,190.0000,183.9000,186.0000,19792,123.2498
2022-09-21,182.0000,184.8000,181.8000,183.8000,17343,121.7920
2022-09-22,180.0000,180.9000,172.2000,173.2000,18894,114.7681
2022-09-23,173.2000,176.8000,162.6000,165.5000,25512,109.6658
2022-09-26,163.6000,174.5000,163.6000,168.9000,26558,111.9187
2022-09-27,171.4000,177.4000,170.5000,176.3000,22513,116.8222
2022-09-28,172.7000,177.4000,170.6000,176.4000,18506,116.8885
2022-09-29,178.0000,178.1000,166.8000,170.0000,15582,112.6476
2022-09-30,169.3000,176.4000,169.2000,174.7000,29448,115.7620
2022-10-03,173.5000,184.9000,171.3000,181.0000,20323,119.9366
2022-10-04,184.3000,192.2000,182.0000,192.0000,31901,127.2256
2022-10-05,190.0000,191.0000,180.8000,184.0000,24617,121.9245
2022-10-06,187.1000,189.7000,178.4000,183.5000,12072,121.5932
2022-10-07,183.2000,186.6000,175.0000,175.0000,18156,115.9608
2022-10-10,173.5000,181.5000,173.4000,177.0000,12786,117.2861
2022-10-11,175.0000,175.4000,165.0000,169.0000,21799,111.9850
2022-10-12,169.1000,175.0000,168.5000,170.3000,13689,112.8464
2022-10-13,169.6000,175.9000,165.6000,175.9000,23667,116.5572
2022-10-14,179.3000,186.0000,178.2000,181.2000,14903,120.0691
2022-10-17,181.9000,190.4000,181.1000,189.9000,17636,125.8340
2022-10-18,190.0000,195.6000,185.7000,187.4000,23993,124.1775
2022-10-19,187.9000,190.6000,183.1000,183.9000,9216,121.8582
2022-10-20,185.7000,189.3000,179.9000,186.2000,52586,123.3823
2022-10-21,184.2000,192.2000,182.9000,190.1000,11029,125.9666
2022-10-24,190.9000,197.3000,189.6000,193.5000,18919,128.2195
2022-10-25,198.1000,200.0000,185.3000,194.8000,23097,129.0809
2022-10-26,194.0000,199.0000,191.4000,198.1000,13154,131.2677
2022-10-27,196.6000,198.2000,184.3000,189.1000,17238,125.3039
2022-10-28,186.6000,188.3000,177.4000,179.1000,26907,118.6776
2022-10-31,179.9000,188.0000,178.3000,182.9000,13207,121.1956
2022-11-01,186.0000,192.7000,185.4000,191.2000,17829,126.6955
2022-11-02,190.6000,196.9000,169.9000,169.9000,137647,112.5814
2022-11-03,171.0000,172.0000,159.5000,164.0000,45322,108.6718
2022-11-04,165.7000,171.5000,161.3000,165.9000,28833,109.9308
2022-11-07,166.7000,176.4000,165.5000,173.3000,19480,114.8343
2022-11-08,173.5000,177.8000,171.1000,177.8000,18677,117.8162
2022-11-09,179.9000,182.0000,168.7000,168.7000,26844,111.7862
2022-11-10,179.0000,180.9000,159.7000,175.7000,71637,116.4247
2022-11-11,182.1000,189.0000,179.1000,185.8000,61961,123.1172
2022-11-14,190.4000,200.4000,184.3000,193.1000,56625,127.9545
2022-11-15,194.7000,196.6000,182.2000,190.9000,30326,126.4967
2022-11-16,190.0000,190.2000,185.1000,188.0000,26424,124.5750
2022-11-17,188.2000,191.9000,185.2000,187.7000,11621,124.3763
2022-11-18,187.0000,189.7000,182.8000,187.0000,16268,123.9124
2022-11-21,186.2000,191.2000,185.3000,190.0000,11068,125.9003
2022-11-22,188.1000,192.7000,185.6000,192.1000,14100,127.2918
2022-11-23,190.4000,194.5000,186.2000,190.5000,16135,126.2316
2022-11-24,190.5000,198.2000,189.6000,195.7000,18850,129.6773
2022-11-25,195.0000,196.8000,192.1000,194.7000,13968,129.0147
2022-11-28,195.0000,198.6000,190.4000,197.4000,20916,130.8038
2022-11-29,197.4000,198.9000,192.3000,196.7000,20238,130.3400
2022-11-30,198.4000,203.6000,198.2000,202.4000,19108,134.1170
2022-12-01,205.2000,209.0000,197.0000,198.4000,20748,131.4664
2022-12-02,197.1000,200.2000,191.8000,194.3000,21838,128.7496
2022-12-05,195.8000,200.6000,194.7000,195.5000,13494,129.5448
2022-12-06,195.7000,196.5000,189.7000,189.7000,19856,125.7015
2022-12-07,189.3000,194.6000,187.1000,188.9000,17395,125.1714
2022-12-08,189.9000,190.4000,181.7000,183.4000,22138,121.5269
2022-12-09,183.6000,191.8000,183.6000,190.3000,12615,126.0991
2022-12-12,190.0000,190.3000,184.4000,187.0000,8865,123.9124
2022-12-13,187.0000,197.0000,186.0000,187.7000,25339,124.3763
2022-12-14,188.1000,189.5000,184.5000,187.9000,10993,124.5088
2022-12-15,184.3000,190.2000,181.5000,186.3000,15900,123.4486
2022-12-16,186.9000,189.0000,185.0000,185.1000,12842,122.6534
2022-12-19,186.3000,189.1000,183.9000,185.3000,8508,122.7859
2022-12-20,183.7000,186.9000,180.4000,186.4000,9680,123.5148
2022-12-21,186.5000,194.2000,186.5000,194.2000,18055,128.6834
2022-12-22,193.8000,197.0000,188.5000,190.3000,11477,126.0991
2022-12-23,192.5000,194.0000,190.0000,192.8000,7522,127.7557
2022-12-27,194.4000,196.2000,189.6000,191.3000,6628,126.7617
2022-12-28,192.0000,192.3000,185.5000,186.2000,8269,123.3823
2022-12-29,186.3000,187.2000,183.3000,185.7000,6401,123.0510
2022-12-30,184.7000,186.0000,177.5000,177.6000,30701,117.6837
2023-01-02,178.0000,184.9000,177.6000,184.1000,6890,121.9908
2023-01-03,184.8000,191.1000,184.8000,188.3000,16082,124.7738
2023-01-04,187.8000,187.8000,174.3000,176.3000,41358,116.8222
2023-01-05,176.3000,180.3000,174.2000,177.9000,15454,117.8825
2023-01-06,177.3000,177.8000,166.4000,176.3000,26141,116.8222
2023-01-09,178.8000,186.2000,178.8000,186.2000,29515,123.3823
2023-01-10,185.0000,192.9000,183.8000,185.6000,26592,122.9847
2023-01-11,186.0000,191.3000,183.0000,186.8000,16396,123.7799
2023-01-12,188.9000,191.5000,185.0000,191.3000,30227,126.7617
2023-01-13,191.1000,192.7000,187.0000,192.1000,12300,127.2918
2023-01-16,195.7000,203.6000,195.5000,203.0000,33493,134.5145
2023-01-17,203.0000,219.6000,203.0000,216.8000,39508,143.6589
2023-01-18,220.0000,224.2000,206.0000,210.8000,56484,139.6831
2023-01-19,207.6000,208.2000,202.0000,205.2000,23562,135.9723
2023-01-20,208.6000,215.4000,205.6000,210.2000,26065,139.2855
2023-01-23,211.0000,220.0000,207.8000,217.8000,17078,144.3215
2023-01-24,217.0000,219.0000,210.0000,210.6000,12591,139.5506
2023-01-25,210.4000,211.2000,193.7000,194.7000,35794,129.0147
2023-01-26,199.0000,204.4000,195.9000,197.6000,39067,130.9363
2023-01-27,198.0000,201.0000,195.0000,199.7000,12745,132.3279
2023-01-30,204.0000,209.8000,200.0000,203.0000,19529,134.5145
2023-01-31,199.0000,202.6000,196.0000,200.6000,34314,132.9242
2023-02-01,201.6000,206.4000,201.0000,205.8000,19222,136.3699
2023-02-02,207.0000,218.6000,207.0000,218.6000,24583,144.8516
2023-02-03,211.2000,218.2000,210.0000,217.8000,19934,144.3215
2023-02-06,216.0000,217.0000,211.2000,215.0000,19607,142.4661
2023-02-07,215.2000,221.0000,214.8000,219.6000,16124,145.5143
2023-02-08,224.2000,252.0000,224.2000,246.2000,108123,163.1403
2023-02-09,255.0000,273.6000,255.0000,267.0000,76111,176.9231
2023-02-10,268.8000,268.8000,254.0000,265.4000,39360,175.8628
2023-02-13,265.0000,269.6000,258.0000,259.8000,25466,172.1521
2023-02-14,260.2000,263.0000,254.0000,258.0000,21659,170.9594
2023-02-15,260.8000,270.0000,260.6000,267.6000,23558,177.3206
2023-02-16,268.2000,279.8000,267.0000,276.2000,29946,183.0193
2023-02-17,268.8000,272.0000,264.2000,269.0000,25284,178.2483
2023-02-20,273.8000,280.0000,269.2000,280.0000,23463,185.5373
2023-02-21,276.2000,292.4000,276.0000,287.8000,24835,190.7058
2023-02-22,287.0000,287.4000,274.0000,274.2000,21713,181.6941
2023-02-23,275.6000,278.8000,271.2000,271.6000,12308,179.9712
2023-02-24,272.8000,276.0000,261.0000,266.2000,28624,176.3930
2023-02-27,268.0000,273.2000,268.0000,272.0000,13690,180.2362
2023-02-28,271.8000,278.0000,270.4000,270.4000,20076,179.1760
2023-03-01,273.8000,284.4000,271.8000,282.2000,27774,186.9951
2023-03-02,283.2000,286.0000,277.0000,284.4000,16545,188.4529
2023-03-03,286.8000,292.0000,283.4000,290.0000,34154,192.1636
2023-03-06,292.0000,298.0000,290.0000,296.2000,24868,196.2720
2023-03-07,296.2000,299.0000,289.2000,294.4000,24557,195.0792
2023-03-08,294.0000,294.8000,289.0000,290.0000,14652,192.1636
2023-03-09,292.0000,297.2000,289.0000,296.6000,14758,196.5370
2023-03-10,291.0000,303.0000,291.0000,303.0000,35982,200.7779
2023-03-13,298.0000,303.6000,276.8000,297.0000,43194,196.8021
2023-03-14,295.2000,303.8000,293.0000,298.8000,18820,197.9948
2023-03-15,298.0000,303.8000,285.6000,300.0000,42150,198.7900
2023-03-16,304.0000,304.4000,290.8000,295.6000,27510,195.8744
2023-03-17,296.2000,302.0000,291.0000,302.0000,56828,200.1152
2023-03-20,298.0000,302.4000,292.2000,298.6000,25042,197.8623
2023-03-21,299.2000,302.2000,294.0000,300.2000,21725,198.9225
2023-03-22,299.8000,301.8000,294.6000,295.8000,16674,196.0069
2023-03-23,296.8000,302.8000,292.8000,299.2000,35879,198.2599
2023-03-24,297.4000,297.4000,289.0000,292.0000,19274,193.4889
2023-03-27,296.2000,301.8000,292.4000,297.8000,22378,197.3322
2023-03-28,300.0000,301.2000,296.6000,299.4000,17333,198.3924
2023-03-29,300.2000,303.0000,294.0000,297.8000,21168,197.3322
2023-03-30,300.0000,303.0000,296.4000,300.2000,23213,198.9225
2023-03-31,300.8000,302.0000,297.2000,302.0000,19669,200.1152
2023-04-03,303.0000,303.0000,291.0000,291.6000,39405,193.2239
2023-04-04,294.4000,295.0000,291.8000,292.6000,16268,193.8865
2023-04-05,293.2000,297.8000,289.0000,293.2000,28072,194.2841
2023-04-06,293.0000,296.0000,288.2000,289.6000,18586,191.8986
2023-04-11,297.0000,303.4000,294.8000,298.8000,39280,197.9948
2023-04-12,298.0000,301.4000,294.2000,298.4000,20362,197.7298
2023-04-13,298.4000,312.6000,298.4000,310.2000,42178,205.5488
2023-04-14,312.6000,337.0000,312.6000,326.0000,50744,216.0184
2023-04-17,324.0000,349.4000,324.0000,349.2000,39538,231.3915
2023-04-18,349.6000,359.8000,348.0000,359.2000,35136,238.0179
2023-04-19,355.0000,357.8000,309.8000,320.6000,74577,212.4402
2023-04-20,312.8000,314.8000,299.0000,310.6000,42830,205.8139
2023-04-21,312.4000,315.2000,302.0000,310.0000,24807,205.4163
2023-04-24,310.0000,331.0000,309.8000,318.2000,25489,210.8499
2023-04-25,322.0000,330.6000,318.6000,318.6000,25709,211.1150
2023-04-26,322.0000,323.2000,305.0000,305.6000,29538,202.5007
2023-04-27,309.4000,312.8000,295.0000,298.8000,36889,197.9948
2023-04-28,298.0000,299.0000,267.2000,281.2000,69932,186.3325
2023-05-02,283.2000,286.8000,267.4000,271.2000,45540,179.7061
2023-05-03,274.0000,276.0000,263.2000,266.8000,31214,176.7905
2023-05-04,198.8000,198.9000,186.8000,194.0000,81346,168.2893
2023-05-05,197.9000,199.7000,189.9000,197.8000,39104,171.5857
2023-05-08,198.8000,200.0000,195.2000,195.2000,31871,169.3303
2023-05-09,195.7000,198.0000,191.3000,191.9000,29066,166.4677
2023-05-10,191.9000,194.2000,187.1000,190.5000,30084,165.2532
2023-05-11,191.3000,193.1000,185.0000,189.2000,37343,164.1255
2023-05-12,188.9000,195.0000,185.5000,193.6000,22313,167.9424
2023-05-15,191.9000,194.0000,184.0000,185.7000,30766,161.0893
2023-05-16,185.0000,187.0000,183.2000,186.9000,22933,162.1303
2023-05-17,184.5000,187.3000,183.4000,187.0000,15862,162.2170
2023-05-18,188.7000,190.4000,187.1000,187.3000,9780,162.4773
2023-05-19,187.0000,187.0000,180.2000,184.3000,19908,159.8749
2023-05-22,183.6000,186.3000,183.6000,186.3000,12599,161.6098
2023-05-23,186.0000,186.4000,179.5000,183.1000,13417,158.8339
2023-05-24,181.1000,182.8000,178.9000,180.6000,13717,156.6652
2023-05-25,179.5000,186.7000,179.4000,184.5000,19528,160.0484
2023-05-26,186.0000,187.6000,180.3000,186.8000,11346,162.0435
2023-05-29,189.0000,189.0000,185.3000,186.2000,3705,161.5231
2023-05-30,185.0000,186.5000,183.0000,184.9000,7263,160.3953
2023-05-31,183.5000,183.5000,179.6000,180.0000,15891,156.1447
2023-06-01,182.2000,185.3000,181.0000,181.5000,13488,157.4460
2023-06-02,182.5000,186.0000,180.0000,185.5000,11678,160.9158
2023-06-05,185.9000,188.0000,181.3000,182.9000,7967,158.6604
2023-06-06,181.1000,185.1000,178.7000,183.0000,10059,158.7471
2023-06-07,183.5000,187.6000,182.5000,182.7000,12681,158.4869
2023-06-08,182.9000,189.3000,181.8000,187.5000,12663,162.6508
2023-06-09,188.1000,188.7000,179.3000,185.2000,15361,160.6556
2023-06-12,186.0000,186.0000,180.4000,181.5000,13470,157.4460
2023-06-13,182.0000,189.5000,181.9000,189.5000,18734,164.3857
2023-06-14,188.9000,191.0000,186.0000,190.5000,9896,165.2532
2023-06-15,189.9000,194.0000,188.6000,191.5000,12777,166.1207
2023-06-16,192.5000,193.5000,187.7000,187.9000,17208,162.9978
2023-06-19,188.9000,188.9000,182.4000,184.4000,8402,159.9616
2023-06-20,182.9000,185.7000,181.7000,183.4000,6837,159.0941
2023-06-21,181.6000,183.5000,180.5000,182.9000,7049,158.6604
2023-06-22,180.3000,183.7000,180.3000,182.0000,9773,157.8797
2023-06-23,181.1000,185.7000,180.0000,184.2000,5787,159.7881
2023-06-26,184.5000,188.0000,182.0000,185.4000,17499,160.8291
2023-06-27,187.3000,193.5000,187.1000,193.0000,17747,167.4219
2023-06-28,193.4000,194.0000,192.3000,193.8000,12793,168.1158
2023-06-29,193.6000,194.0000,188.4000,188.4000,6402,163.4315
2023-06-30,189.3000,191.2000,185.9000,185.9000,10274,161.2628
2023-07-03,185.9000,192.8000,185.5000,191.1000,12178,165.7737
2023-07-04,189.9000,194.7000,189.8000,193.6000,15653,167.9424
2023-07-05,190.4000,195.7000,190.4000,192.4000,19036,166.9014
2023-07-06,190.9000,194.7000,190.6000,192.6000,9791,167.0749
2023-07-07,192.5000,198.2000,191.0000,197.8000,19165,171.5857
2023-07-10,196.1000,200.8000,195.3000,197.7000,38508,171.4990
2023-07-11,198.9000,211.8000,198.7000,211.2000,27083,183.2098
2023-07-12,213.0000,221.6000,212.2000,216.2000,23843,187.5472
2023-07-13,217.6000,225.0000,213.2000,225.0000,17296,195.1809
2023-07-14,222.0000,231.4000,222.0000,230.6000,23239,200.0388
2023-07-17,230.0000,233.4000,224.6000,226.6000,10627,196.5689
2023-07-18,227.0000,233.6000,226.4000,232.4000,14768,201.6002
2023-07-19,233.8000,235.0000,225.0000,228.4000,12788,198.1303
2023-07-20,228.0000,230.6000,205.2000,208.6000,26173,180.9544
2023-07-21,207.0000,210.0000,200.2000,204.0000,18852,176.9641
2023-07-24,205.0000,209.6000,204.6000,205.8000,8713,178.5255
2023-07-25,207.2000,208.4000,201.2000,205.4000,6798,178.1785
2023-07-26,203.0000,205.4000,195.0000,198.6000,9037,172.2797
2023-07-27,199.4000,210.6000,199.4000,207.8000,18347,180.2604
2023-07-28,206.0000,206.0000,200.6000,204.2000,6984,177.1375
2023-07-31,203.0000,208.8000,203.0000,207.4000,6919,179.9134
2023-08-01,207.0000,209.8000,205.8000,207.4000,6195,179.9134
2023-08-02,205.6000,208.0000,202.0000,203.0000,9913,176.0966
2023-08-03,200.6000,205.6000,199.5000,204.8000,4902,177.6580
2023-08-04,205.2000,208.0000,199.3000,199.5000,12243,173.0604
2023-08-07,198.1000,199.3000,191.4000,195.3000,13972,169.4170
2023-08-08,195.5000,197.5000,193.3000,194.1000,4165,168.3761
2023-08-09,195.8000,195.8000,191.0000,193.0000,7212,167.4219
2023-08-10,192.0000,192.2000,180.5000,180.5000,18716,156.5785
2023-08-11,180.1000,181.9000,178.4000,180.0000,12950,156.1447
2023-08-14,180.5000,184.0000,179.5000,182.9000,8352,158.6604
2023-08-15,183.0000,189.9000,182.0000,189.9000,9930,164.7327
2023-08-16,189.0000,194.9000,187.5000,189.5000,9735,164.3857
2023-08-17,189.1000,189.1000,183.8000,185.4000,9721,160.8291
2023-08-18,184.2000,187.6000,183.1000,184.0000,6460,159.6146
2023-08-21,183.6000,184.9000,180.4000,182.0000,6291,157.8797
2023-08-22,182.6000,185.8000,182.6000,185.8000,5289,161.1761
2023-08-23,184.9000,185.2000,178.4000,178.4000,14091,154.7568
2023-08-24,178.6000,184.0000,176.5000,177.8000,7245,154.2363
2023-08-25,178.4000,184.8000,177.8000,179.1000,10595,155.3640
2023-08-28,181.5000,183.8000,179.9000,181.9000,9915,157.7929
2023-08-29,182.6000,186.8000,181.9000,185.6000,12437,161.0026
2023-08-30,186.6000,188.1000,182.6000,184.1000,15381,159.7014
2023-08-31,182.9000,188.5000,182.0000,183.4000,14934,159.0941
2023-09-01,185.2000,188.3000,184.9000,186.4000,13126,161.6966
2023-09-04,185.5000,190.3000,185.5000,188.7000,4957,163.6917
2023-09-05,188.7000,191.0000,186.4000,189.6000,5378,164.4725
2023-09-06,188.6000,192.6000,188.6000,191.9000,6629,166.4677
2023-09-07,191.0000,191.0000,184.9000,188.1000,6887,163.1713
2023-09-08,187.3000,190.6000,183.8000,184.3000,9580,159.8749
2023-09-11,184.5000,186.5000,178.7000,184.6000,12828,160.1351
2023-09-12,187.0000,187.0000,181.4000,183.3000,5948,159.0074
2023-09-13,181.4000,185.0000,181.1000,183.2000,11739,158.9206
2023-09-14,187.0000,187.0000,181.7000,183.8000,10556,159.4411
2023-09-15,186.9000,187.0000,182.2000,182.2000,13411,158.0532
2023-09-18,183.4000,185.5000,181.2000,182.7000,2626,158.4869
2023-09-19,181.7000,184.6000,181.1000,183.3000,3662,159.0074
2023-09-20,184.4000,194.0000,183.4000,192.8000,10450,167.2484
2023-09-21,193.0000,196.2000,185.0000,185.4000,8985,160.8291
2023-09-22,180.1000,181.8000,170.0000,171.8000,31309,149.0315
2023-09-25,170.0000,174.2000,167.8000,172.5000,10106,149.6387
2023-09-26,171.7000,176.5000,171.7000,173.4000,7846,150.4194
2023-09-27,173.0000,179.0000,173.0000,176.0000,8611,152.6749
2023-09-28,175.7000,175.7000,170.3000,171.9000,7992,149.1182
2023-09-29,170.8000,177.5000,170.8000,172.2000,10690,149.3785
2023-10-02,175.8000,180.4000,173.4000,175.7000,7867,152.4146
2023-10-03,175.7000,180.6000,173.3000,178.0000,6789,154.4098
2023-10-04,177.4000,179.9000,168.8000,169.1000,11766,146.6893
2023-10-05,170.7000,176.8000,170.5000,174.8000,6909,151.6339
2023-10-06,177.4000,177.4000,172.2000,174.1000,5027,151.0267
2023-10-09,174.0000,181.1000,173.8000,178.0000,10186,154.4098
2023-10-10,180.2000,184.1000,168.9000,170.6000,21100,147.9905
2023-10-11,167.0000,170.0000,163.8000,165.0000,19183,143.1327
2023-10-12,165.1000,170.4000,165.0000,165.7000,11224,143.7399
2023-10-13,165.1000,169.4000,165.1000,166.4000,5817,144.3471
2023-10-16,165.0000,166.6000,161.1000,162.1000,8684,140.6170
2023-10-17,160.6000,163.9000,160.1000,162.0000,5058,140.5303
2023-10-18,160.0000,166.6000,159.0000,159.8000,21141,138.6218
2023-10-19,159.5000,160.9000,156.6000,158.7000,10266,137.6676
2023-10-20,156.9000,160.2000,155.5000,156.2000,10438,135.4989
2023-10-23,155.6000,160.2000,155.6000,159.7000,5901,138.5351
2023-10-24,155.0000,156.8000,152.8000,154.5000,8737,134.0242
2023-10-25,154.1000,155.0000,149.2000,149.5000,10103,129.6869
2023-10-26,144.3000,149.9000,143.8000,148.1000,13240,128.4724
2023-10-27,145.8000,155.1000,145.8000,147.1000,13243,127.6050
2023-10-30,147.0000,148.3000,134.1000,137.3000,30163,119.1037
2023-10-31,136.0000,137.9000,132.6000,136.1000,16749,118.0628
2023-11-01,135.3000,135.9000,128.8000,132.3000,15066,114.7664
2023-11-02,132.9000,136.9000,131.0000,136.2000,16356,118.1495
2023-11-03,132.6000,132.6000,121.7000,122.6000,38845,106.3519
2023-11-06,118.9000,120.7000,114.5000,115.0000,43897,99.7591
2023-11-07,114.0000,116.9000,113.1000,113.1000,21342,98.1109
2023-11-08,113.5000,117.8000,107.9000,117.3000,96886,101.7543
2023-11-09,115.1000,129.4000,109.8000,127.6000,40892,110.6893
2023-11-10,126.2000,127.0000,120.3000,122.0000,29443,105.8314
2023-11-13,119.1000,123.4000,118.3000,119.3000,17159,103.4893
2023-11-14,117.5000,125.9000,117.0000,125.5000,10820,108.8676
2023-11-15,125.5000,129.8000,124.9000,129.2000,19930,112.0772
2023-11-16,128.6000,129.1000,118.3000,119.0000,22372,103.2290
2023-11-17,118.5000,123.5000,118.5000,120.3000,13314,104.3567
2023-11-20,122.1000,123.0000,118.6000,122.2000,8859,106.0049
2023-11-21,120.0000,121.5000,118.0000,118.0000,10329,102.3616
2023-11-22,117.1000,118.4000,115.3000,116.3000,8936,100.8869
2023-11-23,116.5000,119.2000,116.5000,117.9000,4296,102.2748
2023-11-24,117.6000,119.9000,117.2000,118.3000,4498,102.6218
2023-11-27,117.8000,120.3000,117.2000,118.6000,8823,102.8820
2023-11-28,118.2000,118.4000,115.0000,116.1000,8535,100.7134
2023-11-29,118.6000,120.4000,117.5000,117.8000,10048,102.1881
2023-11-30,118.8000,118.8000,114.6000,114.8000,13501,99.5856
2023-12-01,114.6000,117.1000,113.7000,114.4000,11615,99.2387
2023-12-04,113.3000,116.0000,112.0000,112.3000,11895,97.4170
2023-12-05,109.6000,110.3000,107.0000,109.6000,16277,95.0748
2023-12-06,108.8000,112.8000,108.8000,110.8000,16445,96.1158
2023-12-07,110.1000,110.9000,109.1000,110.1000,11607,95.5085
2023-12-08,110.5000,112.2000,109.0000,110.5000,9433,95.8555
2023-12-11,110.3000,110.9000,107.6000,109.8000,10235,95.2483
2023-12-12,110.0000,111.4000,105.7000,105.9000,13469,91.8652
2023-12-13,105.9000,107.7000,103.4000,103.4000,15083,89.6965
2023-12-14,104.9000,111.2000,104.6000,108.1000,35304,93.7736
2023-12-15,109.2000,129.0000,107.9000,125.8000,65475,109.1278
2023-12-18,131.0000,137.6000,127.4000,135.8000,54888,117.8025
2023-12-19,138.5000,140.8000,128.6000,133.0000,48365,115.3736
2023-12-20,133.1000,138.4000,131.9000,136.8000,28249,118.6700
2023-12-21,136.6000,144.3000,135.2000,142.8000,34554,123.8748
2023-12-22,145.0000,147.5000,140.7000,147.5000,21961,127.9519
2023-12-27,147.0000,147.8000,134.3000,135.4000,41546,117.4555
2023-12-28,134.2000,136.1000,132.1000,133.5000,13756,115.8074
2023-12-29,135.1000,136.4000,132.9000,135.0000,11771,117.1086
2024-01-02,140.0000,143.0000,137.6000,139.4000,14157,120.9254
2024-01-03,142.6000,147.9000,142.4000,146.4000,27462,126.9977
2024-01-04,150.0000,171.3000,150.0000,168.1000,76540,145.8219
2024-01-05,178.5000,179.4000,158.3000,170.0000,62217,147.4700
2024-01-08,169.1000,171.4000,152.0000,152.7000,59305,132.4628
2024-01-09,155.8000,159.6000,152.7000,152.7000,30996,132.4628
2024-01-10,155.0000,158.9000,149.4000,152.9000,27158,132.6363
2024-01-11,152.4000,159.9000,150.5000,159.7000,32594,138.5351
2024-01-12,165.0000,167.3000,156.1000,156.4000,38939,135.6724
2024-01-15,158.0000,161.6000,154.4000,161.2000,17079,139.8363
2024-01-16,160.4000,164.3000,158.3000,159.8000,16756,138.6218
2024-01-17,158.3000,165.2000,151.4000,158.6000,23979,137.5809
2024-01-18,160.0000,161.7000,152.0000,154.1000,23639,133.6773
2024-01-19,154.4000,157.8000,150.3000,151.9000,29705,131.7688
2024-01-22,153.9000,156.1000,152.6000,153.3000,23044,132.9833
2024-01-23,156.2000,158.4000,151.2000,154.7000,19516,134.1977
2024-01-24,155.9000,156.9000,152.5000,153.7000,15622,133.3303
2024-01-25,154.7000,157.8000,154.2000,155.0000,20159,134.4580
2024-01-26,153.1000,154.7000,151.2000,151.4000,17850,131.3351
2024-01-29,151.2000,155.3000,151.2000,154.6000,10447,134.1110
2024-01-30,151.0000,151.9000,138.6000,139.7000,70632,121.1857
2024-01-31,139.8000,143.2000,138.8000,139.1000,22964,120.6652
2024-02-01,140.0000,140.9000,138.2000,138.5000,12052,120.1447
2024-02-02,136.2000,137.6000,131.0000,135.0000,33779,117.1086
2024-02-05,134.6000,143.1000,134.6000,141.5000,27294,122.7471
2024-02-06,141.8000,144.7000,140.5000,144.7000,15344,125.5230
2024-02-07,144.4000,145.0000,140.2000,141.8000,12787,123.0074
2024-02-08,135.7000,136.2000,123.9000,128.7000,86377,111.6435
2024-02-09,128.9000,131.0000,125.5000,128.3000,18893,111.2965
2024-02-12,129.1000,133.6000,128.8000,132.8000,12426,115.2001
2024-02-13,136.0000,136.9000,129.1000,129.6000,12928,112.4242
2024-02-14,133.5000,133.5000,129.3000,131.5000,10690,114.0724
2024-02-15,131.9000,132.9000,130.1000,130.4000,6879,113.1182
2024-02-16,131.0000,131.2000,128.0000,129.7000,7747,112.5110
2024-02-19,129.6000,136.2000,129.6000,134.5000,15643,116.6748
2024-02-20,134.5000,137.4000,130.8000,131.2000,15891,113.8122
2024-02-21,133.1000,135.1000,131.0000,133.7000,10520,115.9808
2024-02-22,135.3000,137.5000,134.7000,136.0000,8337,117.9760
2024-02-23,136.6000,136.9000,131.7000,135.6000,15587,117.6291
2024-02-26,134.1000,135.7000,132.2000,133.4000,13217,115.7206
2024-02-27,132.9000,133.6000,129.5000,130.5000,11273,113.2049
2024-02-28,130.5000,133.7000,130.5000,133.3000,10352,115.6339
2024-02-29,133.3000,136.0000,132.1000,132.7000,14548,115.1134
2024-03-01,132.8000,135.6000,129.9000,135.0000,15134,117.1086
2024-03-04,133.6000,134.6000,130.0000,134.2000,16444,116.4146
2024-03-05,132.3000,133.8000,130.8000,132.8000,7161,115.2001
2024-03-06,132.9000,135.1000,130.8000,131.9000,6842,114.4194
2024-03-07,131.3000,137.0000,131.3000,135.4000,11282,117.4555
2024-03-08,134.8000,136.3000,132.4000,133.9000,9192,116.1543
2024-03-11,133.0000,134.3000,131.9000,133.4000,7728,115.7206
2024-03-12,133.0000,135.9000,132.8000,135.7000,10773,117.7158
2024-03-13,135.6000,138.2000,133.1000,134.3000,11871,116.5013
2024-03-14,132.3000,137.4000,112.6000,113.6000,46442,98.5447
2024-03-15,116.3000,126.0000,116.0000,124.2000,97566,107.7399
2024-03-18,122.9000,125.4000,120.1000,122.8000,11365,106.5254
2024-03-19,123.9000,124.0000,119.9000,120.7000,11127,104.7037
2024-03-20,121.8000,123.9000,118.6000,123.9000,14292,107.4796
2024-03-21,123.3000,126.9000,122.1000,124.9000,12148,108.3471
2024-03-22,123.4000,126.2000,123.4000,125.5000,7020,108.8676
2024-03-25,123.2000,125.1000,122.2000,125.1000,8135,108.5206
2024-03-26,123.5000,128.7000,122.3000,128.7000,19077,111.6435
2024-03-27,129.1000,137.4000,128.9000,137.4000,20338,119.1905
2024-03-28,136.8000,139.7000,135.2000,139.7000,16297,121.1857
2024-04-02,146.3000,146.3000,138.8000,138.8000,22809,120.4049
2024-04-03,138.7000,141.8000,132.3000,139.0000,23259,120.5784
2024-04-04,138.3000,143.2000,138.3000,143.2000,12925,124.2218
2024-04-05,141.6000,142.4000,138.4000,139.7000,9000,121.1857
2024-04-08,140.0000,143.1000,139.5000,140.7000,10263,122.0531
2024-04-09,140.2000,147.0000,139.6000,145.1000,17017,125.8700
2024-04-10,147.0000,148.2000,139.2000,146.5000,16807,127.0845
2024-04-11,149.8000,151.9000,145.6000,147.4000,20128,127.8652
2024-04-12,150.0000,152.0000,147.5000,148.1000,15478,128.4724
2024-04-15,148.1000,152.6000,147.2000,148.0000,16738,128.3857
2024-04-16,147.6000,148.0000,144.0000,146.2000,6704,126.8242
2024-04-17,147.5000,149.5000,145.6000,145.6000,5425,126.3037
2024-04-18,145.5000,147.4000,144.0000,144.9000,3981,125.6965
2024-04-19,143.0000,152.3000,142.4000,152.3000,12347,132.1158
2024-04-22,152.5000,158.4000,151.6000,157.3000,20844,136.4532
2024-04-23,157.7000,169.2000,156.5000,168.5000,33598,146.1688
2024-04-24,169.0000,177.9000,167.4000,174.7000,29573,151.5471
2024-04-25,175.0000,176.3000,169.1000,170.3000,19710,147.7303
2024-04-26,170.0000,171.1000,162.4000,167.8000,24059,145.5616
2024-04-29,171.5000,173.8000,166.6000,167.3000,19319,145.1279
2024-04-30,167.0000,172.5000,165.6000,172.5000,7968,149.6387
2024-05-02,163.5000,165.6000,150.1000,151.0000,29800,138.4101
2024-05-03,150.8000,155.8000,147.3000,147.9000,19898,135.5685
2024-05-06,148.0000,150.9000,140.0000,142.5000,35478,130.6188
2024-05-07,139.0000,148.7000,138.5000,143.7000,24276,131.7187
2024-05-08,144.0000,148.6000,142.9000,148.6000,9014,136.2102
2024-05-09,150.0000,161.9000,150.0000,160.0000,19215,146.6597
2024-05-10,159.1000,170.0000,159.0000,166.6000,29393,152.7094
2024-05-13,166.0000,169.5000,163.3000,163.6000,16706,149.9595
2024-05-14,163.0000,164.5000,158.8000,164.5000,11443,150.7845
2024-05-15,164.9000,168.9000,158.6000,167.0000,17325,153.0760
2024-05-16,166.0000,168.2000,164.2000,165.5000,13880,151.7011
2024-05-17,167.2000,168.7000,160.0000,160.1000,11265,146.7514
2024-05-20,159.7000,162.8000,159.0000,159.7000,7076,146.3847
2024-05-21,159.5000,162.3000,159.5000,161.3000,5829,147.8513
2024-05-22,160.0000,161.8000,158.6000,160.6000,8111,147.2097
2024-05-23,161.1000,162.1000,159.1000,160.3000,12703,146.9347
2024-05-24,159.3000,166.6000,159.3000,164.2000,10048,150.5095
2024-05-27,164.6000,172.8000,163.5000,170.9000,26161,156.6509
2024-05-28,172.5000,173.7000,168.3000,172.2000,11963,157.8425
2024-05-29,170.2000,175.0000,169.7000,172.9000,9673,158.4841
2024-05-30,172.5000,174.5000,169.2000,172.0000,19436,157.6592
2024-05-31,172.5000,177.8000,172.0000,174.1000,17555,159.5841
2024-06-03,177.7000,178.9000,173.9000,174.5000,13054,159.9507
2024-06-04,177.5000,190.5000,176.5000,180.6000,33881,165.5421
2024-06-05,183.0000,184.8000,175.0000,178.1000,17311,163.2506
2024-06-06,178.4000,185.3000,178.0000,178.0000,9625,163.1589
2024-06-07,178.0000,180.9000,170.0000,180.8000,17577,165.7254
2024-06-10,179.4000,181.4000,173.9000,179.1000,8405,164.1672
2024-06-11,176.0000,176.0000,162.5000,162.9000,30162,149.3179
2024-06-12,162.9000,168.8000,162.9000,168.8000,10123,154.7260
2024-06-13,167.9000,170.3000,165.0000,165.4000,5999,151.6095
2024-06-14,167.7000,169.3000,164.6000,164.6000,8865,150.8762
2024-06-17,164.2000,173.6000,163.0000,173.6000,13240,159.1258
2024-06-18,173.9000,176.3000,167.0000,173.3000,12480,158.8508
2024-06-19,172.8000,172.8000,168.0000,171.0000,5757,156.7426
2024-06-20,171.0000,175.0000,170.7000,173.1000,8413,158.6674
2024-06-21,172.4000,174.2000,170.0000,174.2000,23208,159.6757
2024-06-24,173.0000,175.5000,170.0000,173.1000,5850,158.6674
2024-06-25,170.2000,173.6000,168.4000,170.5000,9857,156.2842
2024-06-26,170.6000,175.5000,170.5000,171.6000,12923,157.2925
2024-06-27,172.3000,172.9000,170.5000,172.1000,3756,157.7508
2024-06-28,172.5000,175.2000,169.9000,173.3000,7010,158.8508
2024-07-01,174.3000,177.0000,171.2000,172.1000,6201,157.7508
2024-07-02,172.0000,179.9000,171.3000,179.1000,9767,164.1672
2024-07-03,180.0000,180.8000,176.9000,179.4000,12034,164.4422
2024-07-04,178.4000,179.2000,172.7000,175.5000,6673,160.8674
2024-07-05,175.4000,175.4000,160.9000,162.2000,34618,148.6763
2024-07-08,159.6000,159.7000,152.6000,154.4000,22615,141.5266
2024-07-09,153.8000,155.4000,152.5000,153.3000,9501,140.5183
2024-07-10,165.3000,165.3000,160.0000,161.8000,12391,148.3096
2024-07-11,163.0000,163.1000,156.1000,156.1000,11193,143.0849
2024-07-12,157.2000,157.3000,149.0000,149.0000,41217,136.5768
2024-07-15,148.5000,150.4000,146.3000,147.6000,15089,135.2936
2024-07-16,147.5000,155.0000,146.9000,150.5000,9651,137.9518
2024-07-17,151.5000,154.2000,149.2000,152.4000,7763,139.6933
2024-07-18,152.4000,155.0000,151.2000,153.2000,5442,140.4267
2024-07-19,151.4000,151.8000,146.9000,149.3000,11069,136.8518
2024-07-22,152.6000,156.1000,152.5000,155.0000,9109,142.0766
2024-07-23,155.0000,157.8000,152.4000,153.1000,7074,140.3350
2024-07-24,153.1000,155.0000,151.5000,152.4000,3005,139.6933
2024-07-25,151.6000,154.5000,151.0000,151.5000,3852,138.8684
2024-07-26,153.5000,153.5000,149.5000,149.5000,7247,137.0351
2024-07-29,151.0000,163.0000,151.0000,162.4000,23048,148.8596
2024-07-30,161.5000,161.5000,156.0000,161.1000,8456,147.6680
2024-07-31,161.5000,164.4000,160.6000,164.4000,7385,150.6928
2024-08-01,164.0000,168.0000,159.7000,160.8000,14677,147.3930
2024-08-02,158.6000,159.1000,150.4000,157.5000,11222,144.3681
2024-08-05,151.5000,154.3000,146.2000,154.3000,15293,141.4350
2024-08-06,156.6000,156.6000,149.1000,153.7000,11351,140.8850
2024-08-07,156.1000,158.0000,154.5000,157.4000,7052,144.2765
2024-08-08,156.5000,157.6000,150.1000,155.7000,4319,142.7182
2024-08-09,156.3000,158.1000,153.1000,153.9000,5875,141.0683
2024-08-12,155.0000,162.6000,155.0000,161.5000,10011,148.0346
2024-08-13,160.0000,162.1000,158.4000,159.5000,7066,146.2014
2024-08-14,155.3000,157.4000,148.4000,152.5000,14844,139.7850
2024-08-15,153.0000,153.8000,149.3000,150.8000,8161,138.2268
2024-08-16,152.1000,152.1000,144.9000,146.9000,15934,134.6519
2024-08-19,146.5000,149.5000,145.5000,149.5000,6801,137.0351
2024-08-20,151.2000,151.2000,147.2000,148.0000,7166,135.6602
2024-08-21,148.0000,151.5000,146.5000,150.8000,7709,138.2268
2024-08-22,149.7000,150.8000,148.0000,150.3000,3019,137.7684
2024-08-23,151.1000,153.4000,148.5000,152.0000,2904,139.3267
2024-08-26,151.5000,153.6000,150.5000,152.2000,4033,139.5100
2024-08-27,150.3000,151.0000,146.2000,146.2000,6916,134.0103
2024-08-28,146.2000,146.5000,143.4000,145.6000,10719,133.4603
2024-08-29,144.9000,148.9000,143.9000,145.9000,9499,133.7353
2024-08-30,145.4000,149.7000,145.4000,146.4000,9305,134.1936
2024-09-02,146.9000,147.8000,145.2000,145.2000,3278,133.0937
2024-09-03,145.1000,146.6000,139.1000,141.3000,15956,129.5188
2024-09-04,141.0000,144.0000,141.0000,142.9000,4782,130.9854
2024-09-05,142.8000,144.1000,140.1000,140.5000,6621,128.7855
2024-09-06,140.8000,140.8000,136.6000,137.0000,10716,125.5774
2024-09-09,136.0000,136.6000,132.7000,133.2000,11206,122.0942
2024-09-10,129.8000,135.9000,129.0000,135.9000,15175,124.5691
2024-09-11,136.6000,139.7000,136.6000,137.7000,4689,126.2190
2024-09-12,138.4000,141.3000,138.4000,139.9000,7239,128.2355
2024-09-13,140.3000,143.6000,139.2000,141.1000,8889,129.3355
2024-09-16,141.0000,144.0000,139.0000,143.5000,6666,131.5354
2024-09-17,144.0000,147.6000,143.2000,147.6000,17350,135.2936
2024-09-18,146.8000,150.0000,146.7000,148.8000,6964,136.3935
2024-09-19,149.3000,150.0000,147.9000,149.1000,5890,136.6685
2024-09-20,148.5000,151.5000,147.2000,151.5000,22480,138.8684
2024-09-23,151.0000,153.0000,149.4000,153.0000,6806,140.2433
2024-09-24,153.1000,160.7000,153.1000,160.3000,24621,146.9347
2024-09-25,160.0000,168.0000,160.0000,160.8000,22165,147.3930
2024-09-26,161.3000,167.3000,161.3000,164.2000,10037,150.5095
2024-09-27,165.9000,166.0000,162.0000,163.2000,8396,149.5929
2024-09-30,163.0000,166.1000,162.0000,162.8000,13589,149.2262
2024-10-01,163.5000,165.2000,156.1000,160.0000,16716,146.6597
2024-10-02,159.7000,161.6000,157.8000,161.6000,7673,148.1263
2024-10-03,160.6000,166.8000,157.9000,165.1000,15820,151.3345
2024-10-04,154.0000,154.1000,138.7000,138.7000,114734,127.1356
2024-10-07,141.7000,143.5000,137.4000,143.5000,29800,131.5354
2024-10-08,141.4000,143.6000,139.3000,141.7000,13569,129.8855
2024-10-09,141.6000,141.6000,139.5000,139.6000,8421,127.9606
2024-10-10,139.4000,140.5000,137.1000,139.9000,16206,128.2355
2024-10-11,141.9000,143.6000,139.6000,142.0000,14736,130.1605
2024-10-14,144.1000,147.9000,140.7000,146.7000,21344,134.4686
2024-10-15,147.0000,150.7000,144.7000,150.3000,17072,137.7684
2024-10-16,150.8000,157.0000,148.8000,155.6000,20541,142.6266
2024-10-17,155.4000,158.4000,154.6000,158.1000,12838,144.9181
2024-10-18,157.6000,159.0000,156.3000,158.6000,14290,145.3764
2024-10-21,158.0000,164.1000,156.3000,162.6000,21797,149.0429
2024-10-22,163.7000,168.8000,160.3000,168.5000,26490,154.4510
2024-10-23,165.9000,167.2000,162.9000,163.4000,16338,149.7762
2024-10-24,163.1000,171.3000,155.0000,168.2000,59354,154.1760
2024-10-25,168.2000,174.6000,168.1000,171.5000,37517,157.2009
2024-10-28,171.6000,171.9000,164.9000,165.0000,12616,151.2428
2024-10-29,166.1000,166.6000,163.3000,164.7000,7378,150.9678
2024-10-30,164.1000,164.1000,157.9000,157.9000,10427,144.7348
2024-10-31,157.9000,163.6000,156.9000,161.8000,11002,148.3096
2024-11-01,161.8000,170.7000,161.8000,166.3000,11182,152.4344
2024-11-04,166.3000,169.5000,165.0000,169.4000,6764,155.2759
2024-11-05,169.6000,170.7000,168.4000,170.7000,8289,156.4676
2024-11-06,168.4000,168.5000,153.7000,153.7000,35552,140.8850
2024-11-07,156.2000,166.9000,156.2000,163.2000,25925,149.5929
2024-11-08,162.0000,163.8000,159.1000,159.1000,11019,145.8347
2024-11-11,159.9000,160.2000,156.0000,156.1000,7590,143.0849
2024-11-12,155.2000,161.0000,153.2000,156.5000,14026,143.4515
2024-11-13,156.1000,160.1000,156.0000,157.5000,14077,144.3681
2024-11-14,157.5000,168.6000,157.0000,168.6000,25066,154.5426
2024-11-15,166.0000,169.4000,165.7000,166.6000,10453,152.7094
2024-11-18,166.3000,169.5000,164.0000,166.3000,12172,152.4344
2024-11-19,167.4000,168.3000,163.4000,164.4000,8936,150.6928
2024-11-20,165.0000,167.1000,162.2000,163.3000,7908,149.6845
2024-11-21,162.2000,164.1000,157.6000,160.0000,10926,146.6597
2024-11-22,160.7000,161.0000,159.3000,160.5000,6429,147.1180
2024-11-25,160.5000,160.5000,153.7000,153.7000,13927,140.8850
2024-11-26,153.2000,157.4000,152.5000,154.7000,11021,141.8016
2024-11-27,154.6000,154.6000,151.9000,153.3000,7120,140.5183
2024-11-28,154.6000,154.6000,152.8000,153.6000,3312,140.7933
2024-11-29,153.2000,153.7000,151.9000,152.8000,4357,140.0600
2024-12-02,152.9000,155.0000,150.7000,151.2000,9008,138.5934
2024-12-03,152.1000,159.8000,150.1000,159.8000,13644,146.4764
2024-12-04,159.1000,159.6000,154.3000,154.6000,9352,141.7099
2024-12-05,155.9000,163.4000,155.5000,162.0000,13941,148.4929
2024-12-06,161.0000,161.8000,157.9000,159.3000,5296,146.0181
2024-12-09,160.3000,160.9000,158.1000,159.8000,10704,146.4764
2024-12-10,160.0000,161.0000,158.8000,160.2000,4057,146.8430
2024-12-11,157.6000,158.2000,153.0000,155.0000,9166,142.0766
2024-12-12,156.2000,159.0000,152.5000,156.0000,9287,142.9932
2024-12-13,157.0000,162.0000,155.7000,155.9000,11907,142.9015
2024-12-16,157.6000,158.3000,154.7000,157.2000,6677,144.0931
2024-12-17,156.2000,156.3000,150.1000,150.8000,13332,138.2268
2024-12-18,152.2000,154.2000,150.7000,150.7000,7379,138.1351
2024-12-19,150.0000,150.7000,148.9000,150.0000,12233,137.4935
2024-12-20,148.9000,153.5000,147.7000,153.5000,27096,140.7016
2024-12-23,153.5000,158.0000,152.6000,157.4000,8071,144.2765
2024-12-27,155.3000,157.0000,152.8000,153.1000,9018,140.3350
2024-12-30,153.0000,156.5000,152.8000,153.4000,4045,140.6100
2025-01-02,154.4000,162.4000,154.4000,162.3000,17862,148.7679
2025-01-03,159.9000,162.4000,158.3000,160.1000,10940,146.7514
2025-01-06,162.0000,162.5000,157.0000,160.8000,6136,147.3930
2025-01-07,160.5000,160.5000,152.5000,157.2000,12389,144.0931
2025-01-08,157.1000,158.1000,152.8000,156.9000,11605,143.8181
2025-01-09,152.7000,152.7000,142.2000,143.4000,50526,131.4437
2025-01-10,144.2000,147.9000,140.8000,143.5000,21662,131.5354
2025-01-13,147.0000,147.3000,142.2000,143.0000,13908,131.0771
2025-01-14,143.1000,145.3000,141.9000,145.3000,11977,133.1853
2025-01-15,145.5000,147.0000,142.3000,142.3000,16338,130.4355
2025-01-16,140.6000,141.0000,134.7000,134.8000,45642,123.5608
2025-01-17,136.0000,136.1000,130.5000,131.0000,30707,120.0776
2025-01-20,130.9000,133.7000,130.0000,132.2000,18254,121.1776
2025-01-21,133.7000,133.7000,129.8000,131.5000,14262,120.5359
2025-01-22,131.0000,134.3000,130.8000,132.8000,14439,121.7275
2025-01-23,132.9000,135.3000,131.8000,132.9000,13065,121.8192
2025-01-24,134.8000,134.8000,130.7000,130.7000,17024,119.8026
2025-01-27,130.7000,134.5000,129.5000,133.5000,11657,122.3692
2025-01-28,133.8000,134.4000,131.2000,133.7000,9312,122.5525
2025-01-29,133.8000,135.9000,133.3000,135.6000,8240,124.2941
2025-01-30,138.7000,139.1000,135.4000,136.5000,10017,125.1191
2025-01-31,137.2000,139.9000,136.8000,139.2000,14778,127.5939
2025-02-03,135.4000,136.6000,132.6000,135.5000,19431,124.2024
2025-02-04,134.9000,138.0000,132.2000,137.4000,12014,125.9440
2025-02-05,137.0000,141.1000,136.4000,141.1000,18081,129.3355
2025-02-06,143.1000,147.5000,140.0000,140.7000,31209,128.9689
2025-02-07,140.5000,146.5000,140.0000,144.5000,22527,132.4520
2025-02-10,144.9000,148.2000,144.3000,146.2000,13619,134.0103
2025-02-11,145.7000,156.0000,145.7000,155.5000,39325,142.5349
2025-02-12,154.0000,155.8000,152.0000,153.1000,16692,140.3350
2025-02-13,153.0000,153.2000,148.3000,148.6000,17703,136.2102
2025-02-14,148.8000,151.3000,147.9000,150.1000,13056,137.5851
2025-02-17,150.1000,150.6000,146.5000,147.0000,9514,134.7436
2025-02-18,147.0000,151.1000,146.6000,150.1000,8560,137.5851
2025-02-19,149.5000,151.7000,147.8000,149.4000,10597,136.9435
2025-02-20,148.8000,154.0000,148.8000,150.3000,9497,137.7684
2025-02-21,149.4000,153.2000,149.3000,149.8000,7600,137.3101
2025-02-24,148.2000,151.9000,146.9000,149.5000,12999,137.0351
2025-02-25,148.9000,153.4000,148.8000,151.4000,11480,138.7767
2025-02-26,152.1000,154.3000,149.6000,149.8000,11575,137.3101
2025-02-27,149.8000,151.2000,147.1000,149.1000,8664,136.6685
2025-02-28,149.0000,149.5000,147.3000,147.6000,7983,135.2936
2025-03-03,148.1000,152.9000,148.1000,149.0000,10624,136.5768
2025-03-04,148.0000,148.0000,143.9000,144.5000,14548,132.4520
2025-03-05,146.5000,150.0000,145.3000,146.2000,14819,134.0103
2025-03-06,146.5000,149.5000,146.2000,147.1000,12877,134.8353
2025-03-07,146.3000,147.3000,142.0000,146.0000,14415,133.8270
2025-03-10,145.1000,155.4000,145.1000,155.4000,25628,142.4432
2025-03-11,152.2000,154.9000,145.1000,145.1000,20191,133.0020
2025-03-12,146.5000,150.1000,142.9000,145.3000,13659,133.1853
2025-03-13,144.8000,148.3000,144.4000,145.6000,10399,133.4603
2025-03-14,146.5000,146.5000,139.4000,140.6000,23044,128.8772
2025-03-17,143.5000,143.7000,140.1000,141.7000,14378,129.8855
2025-03-18,142.9000,147.4000,142.2000,147.0000,22680,134.7436
2025-03-19,146.4000,148.4000,145.5000,146.0000,9619,133.8270
2025-03-20,146.0000,146.0000,130.2000,134.8000,70671,123.5608
2025-03-21,134.9000,137.1000,132.5000,135.3000,103298,124.0191
2025-03-24,137.6000,142.2000,137.5000,139.8000,24822,128.1439
2025-03-25,140.4000,146.3000,138.9000,145.5000,15333,133.3687
2025-03-26,145.9000,148.5000,143.8000,144.3000,16501,132.2687
2025-03-27,143.5000,149.0000,142.4000,149.0000,17118,136.5768
2025-03-28,149.0000,151.3000,144.8000,145.9000,14689,133.7353
2025-03-31,144.0000,144.2000,138.7000,139.3000,14748,127.6856
2025-04-01,140.5000,144.8000,138.4000,144.8000,16194,132.7270
2025-04-02,140.9000,143.0000,139.0000,140.9000,10427,129.1522
2025-04-03,133.0000,133.9000,127.3000,128.1000,72390,117.4194
2025-04-04,125.5000,126.5000,120.0000,120.9000,42616,110.8197
2025-04-07,110.5000,126.8000,108.3000,119.9000,53184,109.9031
2025-04-08,125.3000,127.7000,122.6000,125.6000,26321,115.1279
2025-04-09,120.7000,123.0000,115.5000,116.8000,27178,107.0616
2025-04-10,133.4000,133.4000,122.9000,124.4000,25882,114.0279
2025-04-11,126.0000,132.0000,124.3000,130.0000,19307,119.1610
2025-04-14,134.1000,135.0000,131.2000,132.6000,13919,121.5442
2025-04-15,135.3000,138.0000,133.4000,135.6000,27537,124.2941
2025-04-16,135.0000,139.2000,132.8000,139.2000,14577,127.5939
2025-04-17,138.1000,138.6000,134.7000,135.3000,16182,124.0191
2025-04-22,135.5000,135.5000,130.9000,134.0000,14563,122.8275
2025-04-23,137.0000,137.8000,134.6000,136.1000,19850,124.7524
2025-04-24,135.5000,137.2000,131.7000,135.6000,9687,124.2941
2025-04-25,139.0000,139.2000,136.4000,137.5000,12416,126.0357
2025-04-28,140.2000,140.9000,136.0000,137.7000,12466,126.2190
2025-04-29,137.9000,139.5000,136.0000,138.7000,8262,127.1356
2025-04-30,138.4000,139.6000,135.8000,137.8000,22701,126.3107
2025-05-02,132.7000,136.5000,130.6000,132.9000,23871,129.5269
2025-05-05,133.6000,137.3000,133.1000,134.0000,10869,130.5990
2025-05-06,132.6000,134.0000,131.4000,132.0000,14634,128.6497
2025-05-07,131.2000,131.2000,124.5000,128.0000,31298,124.7513
2025-05-08,128.2000,128.9000,126.6000,128.0000,13620,124.7513
2025-05-09,130.8000,131.0000,128.0000,129.7000,13070,126.4081
2025-05-12,132.0000,149.2000,132.0000,146.5000,78306,142.7817
2025-05-13,143.0000,147.9000,142.3000,147.7000,27894,143.9513
2025-05-14,147.9000,167.8000,147.9000,165.7000,103603,161.4944
2025-05-15,162.0000,168.4000,159.2000,166.6000,55849,162.3716
2025-05-16,166.5000,171.8000,165.0000,167.0000,32634,162.7614
2025-05-19,166.9000,166.9000,160.1000,165.0000,17560,160.8122
2025-05-20,163.9000,164.2000,161.3000,163.2000,12925,159.0579
2025-05-21,160.2000,164.1000,159.5000,163.3000,21343,159.1553
2025-05-22,161.9000,163.5000,157.5000,159.2000,27414,155.1594
2025-05-23,159.6000,162.5000,156.0000,159.1000,29861,155.0619
2025-05-26,160.0000,160.9000,154.8000,155.8000,12297,151.8457
2025-05-27,154.5000,156.2000,153.5000,154.3000,10366,150.3838
2025-05-28,154.0000,154.3000,145.1000,146.5000,19145,142.7817
2025-05-29,149.6000,150.0000,145.7000,146.6000,16958,142.8792
2025-05-30,145.5000,148.8000,143.9000,144.4000,12093,140.7350
2025-06-02,142.1000,150.1000,142.1000,148.6000,15589,144.8284
2025-06-03,149.0000,149.0000,144.3000,145.1000,7339,141.4173
2025-06-04,146.8000,146.8000,144.1000,144.4000,11184,140.7350
2025-06-05,144.8000,145.7000,143.9000,144.3000,9395,140.6376
2025-06-06,144.6000,149.9000,143.8000,147.4000,15798,143.6589
2025-06-09,147.1000,147.1000,143.4000,144.3000,8236,140.6376
2025-06-10,144.0000,145.2000,142.9000,143.8000,7778,140.1503
2025-06-11,143.2000,144.8000,143.1000,143.6000,6280,139.9553
2025-06-12,142.3000,144.9000,141.0000,141.7000,6960,138.1035
2025-06-13,143.6000,148.2000,142.4000,142.9000,16616,139.2731
2025-06-16,145.1000,145.9000,140.8000,141.5000,10946,137.9086
2025-06-17,141.2000,142.7000,139.4000,139.6000,7678,136.0569
2025-06-18,138.9000,140.7000,137.1000,138.8000,9556,135.2772
2025-06-19,138.9000,139.1000,134.9000,136.2000,7336,132.7431
2025-06-20,136.1000,136.8000,133.7000,135.7000,21514,132.2558
2025-06-23,135.0000,137.4000,133.5000,136.5000,7975,133.0355
2025-06-24,137.7000,137.7000,127.5000,128.0000,43525,124.7513
2025-06-25,130.0000,130.4000,126.6000,127.6000,19443,124.3614
2025-06-26,128.9000,129.2000,126.4000,126.9000,16111,123.6792
2025-06-27,128.6000,129.3000,126.1000,128.5000,16256,125.2386
2025-06-30,129.5000,131.2000,125.7000,127.0000,18123,123.7766
2025-07-01,128.0000,128.3000,125.3000,126.9000,11588,123.6792
2025-07-02,128.0000,129.2000,127.2000,127.7000,6999,124.4589
2025-07-03,128.7000,128.8000,126.1000,127.1000,15664,123.8741
2025-07-04,127.0000,127.3000,124.0000,125.1000,14190,121.9249
2025-07-07,124.5000,128.6000,124.5000,126.8000,15619,123.5817
2025-07-08,128.2000,129.0000,126.1000,127.5000,13988,124.2640
2025-07-09,129.0000,130.0000,126.7000,128.2000,12590,124.9462
2025-07-10,129.0000,129.3000,126.7000,128.7000,16143,125.4335
2025-07-11,128.7000,130.7000,127.1000,127.3000,12070,124.0690
2025-07-14,127.0000,128.7000,125.8000,127.3000,8534,124.0690
2025-07-15,128.3000,129.2000,127.0000,127.0000,9042,123.7766
2025-07-16,129.6000,130.1000,127.0000,128.9000,9560,125.6284
2025-07-17,129.0000,130.4000,127.7000,128.9000,9933,125.6284
2025-07-18,130.2000,130.2000,126.1000,126.1000,31642,122.8995
2025-07-21,126.8000,128.4000,126.1000,127.3000,13872,124.0690
2025-07-22,126.1000,130.0000,125.8000,128.9000,15017,125.6284
2025-07-23,130.0000,133.5000,130.0000,131.7000,13760,128.3574
2025-07-24,132.1000,133.9000,131.7000,132.4000,10231,129.0396
2025-07-25,133.0000,133.9000,131.6000,133.6000,8932,130.2091
2025-07-28,135.0000,136.6000,131.3000,131.8000,8883,128.4548
2025-07-29,133.6000,135.0000,132.5000,133.9000,14265,130.5015
2025-07-30,131.7000,132.7000,130.0000,131.7000,11555,128.3574
2025-07-31,130.3000,132.0000,126.4000,126.9000,12970,123.6792
2025-08-01,126.0000,127.7000,124.0000,124.2000,15646,121.0477
2025-08-04,125.3000,125.6000,123.0000,123.9000,9986,120.7553
2025-08-05,124.2000,128.4000,124.2000,128.4000,12947,125.1411
2025-08-06,128.8000,130.2000,127.8000,128.1000,10099,124.8487
2025-08-07,130.0000,133.9000,129.0000,131.3000,18925,127.9675
2025-08-08,131.1000,132.6000,130.2000,130.4000,6818,127.0903
2025-08-11,129.1000,130.2000,126.8000,127.7000,10661,124.4589
2025-08-12,127.3000,132.9000,127.3000,131.4000,12190,128.0650
2025-08-13,131.4000,135.2000,131.0000,133.1000,26299,129.7218
2025-08-14,127.5000,127.5000,117.9000,121.9000,76265,118.8061
2025-08-15,123.0000,123.4000,119.6000,119.6000,38086,116.5645
2025-08-18,120.6000,121.5000,119.3000,119.5000,21723,116.4670
2025-08-19,119.5000,121.9000,119.5000,119.5000,11765,116.4670
2025-08-20,119.5000,122.6000,118.7000,120.3000,12448,117.2467
2025-08-21,121.0000,121.6000,119.6000,120.7000,13483,117.6365
2025-08-22,121.4000,122.5000,120.6000,120.8000,9447,117.7340
2025-08-25,121.1000,122.4000,120.0000,120.9000,6515,117.8315
2025-08-26,120.9000,121.2000,119.4000,120.7000,10458,117.6365
2025-08-27,121.9000,122.0000,119.7000,119.7000,12787,116.6619
2025-08-28,119.1000,122.0000,119.1000,120.7000,18041,117.6365
2025-08-29,120.8000,121.4000,118.4000,118.6000,23239,115.5898
2025-09-01,119.5000,121.2000,119.0000,119.9000,8003,116.8568
2025-09-02,120.9000,121.4000,119.2000,120.2000,9932,117.1492
2025-09-03,120.4000,120.7000,117.0000,117.4000,16973,114.4203
2025-09-04,118.5000,120.6000,117.7000,119.7000,10310,116.6619
2025-09-05,120.4000,120.9000,118.0000,118.2000,14604,115.2000
2025-09-08,120.9000,120.9000,118.0000,119.7000,10243,116.6619
2025-09-09,119.0000,121.7000,119.0000,119.3000,20700,116.2721
2025-09-10,120.3000,120.7000,116.8000,117.0000,16704,114.0305
2025-09-11,117.2000,120.6000,115.6000,118.8000,14651,115.7848
2025-09-12,119.4000,121.0000,118.7000,119.5000,7815,116.4670
2025-09-15,118.7000,120.7000,118.7000,120.0000,10490,116.9543
2025-09-16,119.8000,123.8000,119.8000,123.2000,19032,120.0731
2025-09-17,123.2000,124.4000,122.3000,122.5000,11876,119.3909
2025-09-18,122.8000,123.6000,121.1000,123.6000,13236,120.4629
2025-09-19,123.0000,123.0000,117.0000,117.6000,41093,114.6152
2025-09-22,117.0000,117.6000,114.8000,115.7000,28026,112.7634
2025-09-23,115.7000,118.7000,114.5000,116.5000,14731,113.5431
2025-09-24,116.6000,118.5000,115.1000,117.3000,12626,114.3228
2025-09-25,117.3000,117.5000,114.8000,115.0000,11138,112.0812
2025-09-26,115.0000,115.6000,113.7000,114.9000,9727,111.9838
2025-09-29,114.9000,115.4000,113.0000,113.5000,17785,110.6193
2025-09-30,113.4000,113.8000,111.1000,112.0000,18556,109.1574
2025-10-01,113.5000,115.6000,112.0000,115.1000,19482,112.1787
2025-10-02,115.4000,117.5000,115.4000,116.5000,14305,113.5431
2025-10-03,116.4000,119.3000,116.4000,118.4000,19850,115.3949
2025-10-06,118.6000,118.6000,114.8000,115.7000,20840,112.7634
2025-10-07,115.9000,116.8000,114.7000,116.7000,10957,113.7381
2025-10-08,117.0000,117.7000,115.5000,116.1000,10527,113.1533
2025-10-09,115.9000,117.1000,113.5000,113.5000,20255,110.6193
2025-10-10,113.7000,115.8000,113.1000,113.1000,15100,110.2294
2025-10-13,113.2000,115.0000,112.6000,115.0000,11890,112.0812
2025-10-14,114.7000,118.6000,114.7000,117.5000,20625,114.5178
2025-10-15,117.5000,119.6000,117.4000,118.3000,11105,115.2975
2025-10-16,119.2000,120.0000,117.7000,118.7000,13767,115.6873
2025-10-17,117.5000,121.1000,117.4000,121.1000,21986,118.0264
2025-10-20,120.8000,121.0000,118.5000,119.1000,10113,116.0772
2025-10-21,119.0000,119.0000,116.6000,118.3000,12314,115.2975
2025-10-22,118.9000,118.9000,116.6000,117.6000,6266,114.6152
2025-10-23,115.8000,119.3000,115.8000,118.2000,15110,115.2000
2025-10-24,118.0000,119.5000,116.8000,119.0000,6367,115.9797
2025-10-27,119.2000,121.8000,118.5000,120.6000,14014,117.5391
2025-10-28,120.3000,123.5000,119.9000,123.5000,12126,120.3655
2025-10-29,123.4000,126.4000,123.4000,124.2000,22616,121.0477
2025-10-30,124.0000,124.1000,120.9000,123.7000,14573,120.5604
2025-10-31,123.4000,125.1000,122.7000,124.6000,10201,121.4376
2025-11-03,124.7000,125.6000,121.0000,121.1000,12192,118.0264
2025-11-04,120.5000,120.5000,116.7000,117.8000,11537,114.8102
2025-11-05,117.6000,119.1000,117.6000,118.9000,10504,115.8822
2025-11-06,118.2000,120.4000,115.2000,117.8000,13757,114.8102
2025-11-07,118.1000,119.0000,116.8000,117.6000,5368,114.6152
2025-11-10,120.1000,120.1000,116.4000,117.3000,5793,114.3228
2025-11-11,117.9000,118.5000,115.1000,116.0000,13079,113.0558
2025-11-12,116.7000,118.2000,115.8000,117.3000,5378,114.3228
2025-11-13,112.0000,115.1000,109.0000,115.0000,37708,112.0812
2025-11-14,114.7000,115.9000,112.0000,115.4000,12474,112.4711
2025-11-17,114.7000,114.7000,110.8000,111.5000,17688,108.6701
2025-11-18,111.1000,111.8000,108.7000,110.0000,14242,107.2081
2025-11-19,111.1000,112.6000,110.0000,112.0000,21461,109.1574
2025-11-20,112.0000,113.6000,110.6000,110.9000,8259,108.0853
2025-11-21,110.1000,111.7000,110.1000,111.0000,6727,108.1827
2025-11-24,112.0000,112.0000,110.2000,111.4000,5421,108.5726
2025-11-25,111.0000,112.7000,109.4000,112.7000,13456,109.8396
2025-11-26,111.8000,113.6000,111.2000,113.1000,7676,110.2294
2025-11-27,112.5000,115.0000,112.5000,113.9000,5416,111.0091
2025-11-28,114.4000,115.7000,112.8000,115.1000,10385,112.1787
2025-12-01,115.1000,117.6000,114.2000,116.5000,12074,113.5431
2025-12-02,116.0000,117.7000,115.8000,116.4000,5830,113.4457
2025-12-03,116.3000,118.7000,115.2000,115.3000,5746,112.3736
2025-12-04,115.8000,119.0000,110.7000,117.9000,18638,114.9076
2025-12-05,118.9000,119.5000,116.9000,118.6000,9038,115.5898
2025-12-08,118.3000,120.2000,117.8000,119.4000,8160,116.3695
2025-12-09,119.4000,121.1000,118.5000,120.7000,7864,117.6365
2025-12-10,120.4000,123.7000,120.2000,122.9000,16092,119.7807
2025-12-11,122.0000,126.6000,122.0000,124.6000,13855,121.4376
2025-12-12,125.0000,125.3000,123.5000,124.0000,10040,120.8528
2025-12-15,124.5000,124.5000,121.7000,122.0000,6047,118.9035
2025-12-16,122.6000,122.6000,119.1000,120.6000,16520,117.5391
2025-12-17,120.1000,120.1000,115.1000,115.4000,13900,112.4711
2025-12-18,115.1000,116.0000,112.9000,115.7000,15344,112.7634
2025-12-19,115.5000,116.0000,113.4000,113.4000,23175,110.5218
2025-12-22,114.3000,114.9000,112.9000,114.6000,12113,111.6914
2025-12-23,115.8000,115.8000,113.6000,114.8000,15416,111.8863
2025-12-29,115.8000,118.5000,115.6000,118.2000,18736,115.2000
2025-12-30,118.2000,118.9000,117.4000,117.6000,5187,114.6152
2026-01-02,118.5000,118.5000,116.4000,117.4000,13426,114.4203
2026-01-05,116.4000,117.2000,115.5000,116.3000,10839,113.3482
2026-01-06,116.9000,122.9000,116.1000,122.0000,21707,118.9035
2026-01-07,122.1000,125.2000,121.6000,124.2000,12524,121.0477
2026-01-08,124.1000,124.1000,121.4000,122.8000,7202,119.6833
2026-01-09,123.4000,126.0000,123.4000,125.3000,9214,122.1198
2026-01-12,126.8000,131.1000,125.3000,130.3000,25155,126.9929
2026-01-13,130.3000,130.5000,126.5000,127.3000,20501,124.0690
2026-01-14,126.8000,128.0000,124.8000,127.1000,8085,123.8741
2026-01-15,127.9000,127.9000,120.4000,123.6000,21615,120.4629
2026-01-16,123.0000,123.0000,119.5000,120.2000,22353,117.1492
2026-01-19,118.2000,118.2000,116.2000,116.8000,21144,113.8355
2026-01-20,116.7000,120.3000,116.1000,116.6000,11827,113.6406
2026-01-21,116.5000,119.0000,116.2000,118.8000,9877,115.7848
2026-01-22,120.6000,120.6000,117.5000,118.8000,8583,115.7848
2026-01-23,119.4000,119.4000,115.0000,115.0000,22881,112.0812
2026-01-26,115.0000,116.4000,114.3000,116.3000,13789,113.3482
2026-01-27,116.8000,118.4000,116.3000,118.1000,7775,115.1025
2026-01-28,118.3000,120.6000,117.6000,119.1000,11904,116.0772
2026-01-29,120.4000,122.1000,119.7000,121.1000,13693,118.0264
2026-01-30,121.6000,121.6000,119.4000,121.2000,8366,118.1239
2026-02-02,120.7000,121.7000,119.9000,120.7000,6424,117.6365
2026-02-03,121.6000,122.2000,117.6000,119.8000,21526,116.7594
2026-02-04,119.2000,120.4000,117.3000,119.2000,15494,116.1746
2026-02-05,117.6000,121.1000,115.2000,120.0000,17486,116.9543
2026-02-06,119.8000,120.2000,117.2000,119.8000,16038,116.7594
2026-02-09,120.2000,124.1000,117.3000,119.8000,43702,116.7594
2026-02-10,121.5000,122.8000,118.6000,121.0000,16508,117.9289
2026-02-11,121.5000,121.7000,117.8000,119.3000,18930,116.2721
2026-02-12,119.8000,121.2000,115.3000,115.9000,36553,112.9584
2026-02-13,116.2000,120.9000,115.9000,120.4000,20576,117.3442
2026-02-16,120.9000,120.9000,109.6000,110.4000,87375,107.5980
2026-02-17,113.9000,116.0000,112.2000,116.0000,38854,113.0558
2026-02-18,116.3000,121.9000,116.0000,119.9000,42348,116.8568
2026-02-19,119.9000,122.9000,119.9000,122.4000,21025,119.2934
2026-02-20,122.2000,126.0000,122.2000,123.9000,15196,120.7553
2026-02-23,124.5000,124.5000,122.0000,122.6000,16343,119.4883
2026-02-24,123.0000,126.5000,123.0000,125.4000,22113,122.2173
2026-02-25,125.8000,126.9000,124.7000,126.0000,10866,122.8020
2026-02-26,125.7000,128.2000,124.8000,126.7000,17863,123.4843
2026-02-27,125.5000,132.4000,125.5000,130.7000,27186,127.3827
2026-03-02,132.7000,140.3000,132.1000,139.0000,61225,135.4721
2026-03-03,137.4000,144.7000,137.1000,144.7000,36749,141.0274
2026-03-04,142.8000,144.8000,138.0000,141.7000,41836,138.1035
2026-03-05,142.1000,142.1000,138.0000,139.2000,25156,135.6670
2026-03-06,139.6000,142.2000,136.4000,140.5000,35937,136.9340
2026-03-09,140.5000,143.0000,136.5000,139.1000,34405,135.5695
2026-03-10,136.5000,136.7000,129.4000,133.0000,37405,129.6244
2026-03-11,133.0000,136.2000,131.4000,135.7000,38623,132.2558
2026-03-12,135.6000,136.0000,132.6000,133.4000,12042,130.0142
2026-03-13,136.4000,147.4000,134.1000,142.3000,48580,138.6883
2026-03-16,144.0000,147.4000,142.3000,146.3000,19526,142.5868
2026-03-17,146.5000,154.7000,145.9000,154.2000,31770,150.2863
2026-03-18,151.3000,159.0000,150.5000,156.3000,23281,152.3330
2026-03-19,156.4000,159.3000,155.5000,156.5000,26944,152.5279
2026-03-20,154.0000,154.6000,145.4000,145.5000,67759,141.8071
2026-03-23,141.1000,143.7000,135.9000,140.1000,39104,136.5442
2026-03-24,140.8000,143.4000,138.4000,143.4000,16648,139.7604
2026-03-25,144.1000,144.1000,137.2000,137.8000,16868,134.3025
2026-03-26,137.3000,142.9000,128.2000,131.3000,51517,127.9675
2026-03-27,130.1000,130.4000,113.7000,113.7000,54174,110.8142
2026-03-30,114.0000,117.5000,112.4000,116.7000,33952,113.7381
2026-03-31,116.8000,121.2000,115.2000,120.7000,30513,117.6365
2026-04-01,124.6000,124.6000,118.4000,120.5000,18879,117.4416
2026-04-02,118.3000,118.3000,114.2000,115.3000,27499,112.3736
2026-04-07,114.0000,117.8000,112.0000,114.0000,21809,111.1066
2026-04-08,124.4000,124.4000,114.2000,121.9000,43518,118.8061
2026-04-09,122.1000,122.3000,119.4000,120.2000,15384,117.1492
2026-04-10,120.8000,120.8000,116.3000,117.9000,26032,114.9076
2026-04-13,116.3000,117.5000,115.5000,117.0000,14585,114.0305
2026-04-14,118.0000,119.0000,114.9000,115.3000,24030,112.3736
2026-04-15,113.8000,118.5000,113.6000,118.5000,23784,115.4924
2026-04-16,117.2000,118.7000,115.8000,118.4000,13436,115.3949
2026-04-17,118.5000,120.4000,116.9000,120.4000,22812,117.3442
2026-04-20,118.6000,120.6000,117.9000,119.3000,13685,116.2721
2026-04-21,119.7000,120.5000,117.8000,117.9000,15026,114.9076
2026-04-22,117.9000,118.8000,115.8000,117.0000,19512,114.0305
2026-04-23,117.1000,118.8000,114.5000,115.8000,16802,112.8609
2026-04-24,116.4000,116.4000,111.3000,111.3000,29747,108.4751
2026-04-27,113.5000,113.5000,109.8000,110.7000,25556,107.8904
2026-04-28,111.6000,113.0000,110.9000,112.3000,15513,109.4497
2026-04-29,113.0000,113.0000,109.1000,109.7000,22672,106.9157
2026-04-30,109.0000,111.0000,109.0000,110.2000,176279,107.4030
2026-05-04,113.5000,116.7000,112.6000,116.0000,40851,113.0558
2026-05-05,115.2000,119.9000,113.6000,119.5000,34946,116.4670
2026-05-06,120.0000,121.8000,118.6000,118.6000,23515,115.5898
2026-05-07,120.9000,120.9000,115.7000,116.3000,18863,113.3482
2026-05-08,118.6000,118.6000,115.3000,116.0000,7660,113.0558
2026-05-11,115.7000,118.3000,115.5000,116.8000,13615,113.8355
2026-05-12,114.8000,118.4000,114.8000,116.8000,15470,113.8355
2026-05-13,115.4000,122.5000,113.8000,117.6000,29523,114.6152
2026-05-14,116.5000,118.1000,114.2000,114.9000,9529,111.9838
2026-05-15,116.0000,117.4000,114.9000,116.9000,17045,113.9330
2026-05-18,116.9000,118.2000,115.8000,118.0000,9318,115.0051
2026-05-19,118.9000,120.4000,115.9000,115.9000,9090,112.9584
2026-05-20,115.6000,118.4000,115.2000,118.2000,17226,115.2000
2026-05-21,116.0000,116.9000,114.2000,114.3000,19716,114.3000
2026-05-22,119.0000,119.0000,111.6000,112.9000,13902,112.9000
2026-05-25,114.0000,115.0000,112.6000,114.7000,15625,114.7000
2026-05-26,114.7000,114.7000,112.1000,112.1000,11140,112.1000
2026-05-27,112.3000,114.0000,110.3000,110.3000,31850,110.3000
2026-05-28,110.0000,114.0000,109.7000,110.7000,20053,110.7000
2026-05-29,110.0000,113.1000,109.6000,111.0000,26669,111.0000
2026-06-01,112.5000,116.1000,110.6000,115.0000,34063,115.0000
2026-06-02,114.2000,118.0000,111.8000,112.3000,22583,112.3000
2026-06-03,114.0000,114.0000,110.2000,112.9000,13218,112.9000
2026-06-04,112.1000,118.1000,111.4000,116.4000,24176,116.4000
2026-06-05,116.6000,118.2000,115.1000,116.8000,16775,116.8000
2026-06-08,116.7000,118.2000,115.7000,117.1000,11222,117.1000
2026-06-09,115.8000,116.9000,114.6000,114.6000,10197,114.6000
2026-06-10,114.0000,119.4000,113.7000,118.1000,21366,118.1000
2026-06-11,117.4000,121.0000,117.4000,119.1000,22672,119.1000
2026-06-12,118.8000,119.5000,115.6000,116.8000,12746,116.8000
2026-06-15,117.0000,117.3000,113.2000,115.3000,20807,115.3000
2026-06-16,115.8000,116.1000,113.5000,114.1000,11640,114.1000
2026-06-17,117.0000,121.0000,111.8000,113.0000,35904,113.0000
2026-06-18,113.5000,113.5000,110.4000,111.1000,26814,111.1000
2026-06-19,112.0000,113.8000,111.9000,113.8000,15434,113.8000
2026-06-22,113.4000,115.6000,113.4000,114.8000,20673,114.8000
2026-06-23,114.5000,116.4000,113.5000,115.6000,9285,115.6000
2026-06-24,115.3000,117.6000,114.2000,115.9000,11506,115.9000
2026-06-25,115.8000,117.6000,114.5000,116.4000,12964,116.4000
2026-06-26,116.4000,116.7000,111.7000,112.6000,13853,112.6000
2026-06-29,113.4000,113.4000,110.7000,110.7000,18379,110.7000
2026-06-30,112.2000,114.6000,110.5000,111.5000,19932,111.5000
2026-07-01,113.2000,113.2000,110.5000,113.0000,14336,113.0000
2026-07-02,112.6000,117.6000,112.6000,115.3000,24029,115.3000
2026-07-03,115.2000,119.1000,115.2000,117.5000,16754,117.5000
2026-07-06,117.9000,118.7000,112.1000,115.1000,17158,115.1000
2026-07-07,115.3000,117.0000,114.8000,116.1000,8692,116.1000
2026-07-08,115.8000,118.0000,115.8000,117.2000,15154,117.2000
2026-07-09,117.0000,118.7000,115.0000,117.5000,19671,117.5000
2026-07-10,119.0000,119.0000,115.4000,116.7000,4013,116.7000
2026-07-13,114.6000,120.7000,114.6000,119.8000,30034,119.8000
2026-07-14,124.5000,129.6000,123.7000,127.1000,50858,127.1000
2026-07-15,127.1000,130.3000,126.2000,127.6000,23617,127.6000
2026-07-16,127.5000,128.5000,126.3000,128.3000,11459,128.3000
2026-07-17,127.8000,130.2000,126.4000,126.9000,9949,126.9000
2026-07-20,126.3000,126.3000,121.7000,123.2000,10681,123.2000
2026-07-21,122.6000,126.2000,121.6000,125.8000,8716,125.8000
2026-07-22,125.5000,130.2000,124.5000,127.2000,18519,127.2000
2026-07-23,127.3000,129.3000,127.0000,127.7000,15528,127.7000
2026-07-24,126.3000,130.5000,126.3000,130.5000,13743,130.5000
2026-07-27,129.7000,129.7000,125.7000,125.7000,8590,125.7000
2026-07-28,127.0000,128.9000,125.5000,126.9000,6505,126.9000
2026-07-29,125.7000,128.5000,124.2000,125.8000,10669,125.8000
2026-07-30,124.0000,127.9000,124.0000,126.9000,10072,126.9000
2026-07-31,127.0000,127.6000,124.5000,127.1000,7260,127.1000
2026-08-03,129.1000,129.9000,126.3000,126.5000,8274,126.5000
2026-08-04,126.4000,127.0000,122.8000,124.2000,7394,124.2000
2026-08-05,126.0000,126.0000,120.5000,121.7000,16161,121.7000
2026-08-06,122.0000,124.3000,120.4000,124.3000,8931,124.3000
2026-08-07,125.5000,128.0000,122.9000,125.1000,8470,125.1000
2026-08-10,124.1000,126.6000,122.0000,124.6000,9960,124.6000
2026-08-11,125.0000,125.0000,121.3000,122.8000,7092,122.8000
2026-08-12,122.0000,123.2000,121.8000,122.9000,7321,122.9000
2026-08-13,122.8000,128.4000,122.8000,128.0000,21274,128.0000
2026-08-14,125.8000,133.0000,125.8000,132.4000,33704,132.4000
2026-08-17,132.7000,139.3000,132.5000,134.4000,29256,134.4000
2026-08-18,132.1000,133.0000,129.5000,132.0000,13446,132.0000
2026-08-19,133.0000,136.1000,131.8000,136.1000,12971,136.1000
2026-08-20,134.3000,135.0000,132.4000,134.3000,10114,134.3000
2026-08-21,135.1000,137.9000,133.8000,136.8000,12713,136.8000
2026-08-24,135.0000,141.6000,135.0000,138.0000,23403,138.0000
2026-08-25,137.2000,138.2000,135.5000,137.9000,10532,137.9000
2026-08-26,137.9000,137.9000,133.0000,133.0000,12519,133.0000
2026-08-27,136.0000,136.3000,131.4000,133.0000,7439,133.0000
2026-08-28,134.0000,134.9000,132.4000,132.8000,5843,132.8000
2026-08-31,132.7000,133.1000,129.8000,131.0000,7013,131.0000
2026-09-01,132.1000,132.1000,128.2000,129.6000,6838,129.6000
2026-09-02,129.3000,130.7000,128.0000,130.7000,5883,130.7000
2026-09-03,131.0000,135.8000,131.0000,135.7000,9041,135.7000
2026-09-04,136.5000,140.3000,135.8000,138.9000,20325,138.9000
2026-09-07,138.8000,138.8000,134.6000,134.8000,7397,134.8000
2026-09-08,134.5000,136.3000,133.3000,134.2000,5486,134.2000
2026-09-09,138.5000,138.5000,132.3000,133.4000,7689,133.4000
2026-09-10,133.4000,138.0000,133.4000,136.0000,7117,136.0000
2026-09-11,137.4000,137.4000,134.3000,134.7000,5810,134.7000
2026-09-14,135.8000,138.7000,135.3000,136.5000,9378,136.5000
2026-09-15,137.4000,138.3000,135.6000,137.5000,11743,137.5000
2026-09-16,137.6000,137.9000,133.1000,133.8000,12689,133.8000
2026-09-17,134.2000,135.5000,133.7000,134.2000,8354,134.2000
2026-09-18,134.0000,134.2000,129.0000,130.0000,30575,130.0000
2026-09-21,130.0000,137.9000,130.0000,136.4000,13875,136.4000
2026-09-22,136.3000,137.9000,135.1000,136.1000,9988,136.1000
2026-09-23,137.0000,137.0000,132.6000,135.2000,5331,135.2000
