Date,Open,High,Low,Close,Volume,AdjClose
2001-02-12,33.5000,34.6667,33.5000,34.5000,97200,33.0251
2001-02-13,35.0000,35.4010,33.3490,33.4844,51600,32.0529
2001-02-14,33.5677,33.5677,32.1146,32.9010,24600,31.4945
2001-02-15,33.3333,33.3333,32.9323,33.2500,23400,31.8286
2001-02-16,32.4688,32.8177,32.0990,32.2500,24300,30.8713
2001-02-20,32.4167,32.4167,31.4167,31.8177,32700,30.4575
2001-02-21,31.7812,32.7500,31.4792,31.4844,58800,30.1384
2001-02-22,31.5521,31.7812,30.3333,30.3333,21000,29.0366
2001-02-23,30.6354,31.6146,30.5156,31.6146,17100,30.2631
2001-02-26,32.0677,33.3177,32.0677,33.1823,130500,31.7638
2001-02-27,33.3333,33.3333,32.2656,32.3333,61200,30.9511
2001-02-28,32.4688,33.0990,31.6823,32.3021,22200,30.9212
2001-03-01,31.9688,31.9688,30.5990,31.7344,32400,30.3777
2001-03-02,31.1979,32.6458,31.1667,31.9167,30000,30.5522
2001-03-05,32.0156,32.1823,31.3854,31.6146,45300,30.2631
2001-03-06,31.9844,32.1354,31.4167,31.5677,19500,30.2182
2001-03-07,31.5990,31.5990,30.5833,30.6823,36600,29.3706
2001-03-08,30.4323,30.4375,29.5052,29.6510,45300,28.3835
2001-03-09,29.2656,29.9688,28.8333,28.8333,36300,27.6007
2001-03-12,28.4167,28.4167,26.3333,26.3333,49500,25.2076
2001-03-13,26.5312,27.4688,26.2812,27.3021,32100,26.1349
2001-03-14,26.1667,27.9844,26.1667,26.7812,42900,25.6364
2001-03-15,27.5312,27.5312,26.8490,26.8490,21600,25.7012
2001-03-16,26.8021,26.8021,25.3177,25.3177,24000,24.2354
2001-03-19,25.5990,26.4167,25.3646,26.4167,27300,25.2874
2001-03-20,26.6667,26.6667,25.0677,25.0677,32400,23.9961
2001-03-21,25.1979,25.1979,22.9323,23.0833,72600,22.0965
2001-03-22,22.5000,22.6354,20.3333,22.6354,206700,21.6678
2001-03-23,23.1667,23.8021,22.8854,23.8021,26700,22.7845
2001-03-26,24.4323,25.3229,24.4323,24.8854,192000,23.8216
2001-03-27,25.0000,25.6510,24.7656,25.6510,48300,24.5545
2001-03-28,24.8490,25.5312,24.8490,25.0312,20700,23.9612
2001-03-29,24.9844,25.9844,24.7656,25.0052,28800,23.9362
2001-03-30,25.5990,25.6354,25.0833,25.4688,179700,24.3800
2001-04-02,25.1979,25.2188,23.8177,23.8333,612600,22.8145
2001-04-03,23.4688,23.6146,22.4167,22.5312,41700,21.5680
2001-04-04,22.6146,23.1354,22.2656,22.5312,171300,21.5680
2001-04-05,23.3333,24.3646,23.1667,24.3281,33600,23.2881
2001-04-06,23.6354,25.0156,23.6354,24.0677,117600,23.0388
2001-04-09,24.3500,24.8333,24.3500,24.7500,10500,23.6919
2001-04-10,25.1167,26.2000,25.1167,26.0667,108300,24.9523
2001-04-11,26.7667,26.7667,25.5833,25.7333,120600,24.6332
2001-04-12,25.8167,27.1000,25.8167,27.0833,105000,25.9255
2001-04-16,27.4000,27.5167,26.6667,26.6667,26100,25.5267
2001-04-17,26.1833,27.4667,26.1833,27.3667,25500,26.1967
2001-04-18,28.4333,29.6167,28.1067,29.5000,108900,28.2389
2001-04-19,29.5000,29.5000,28.8667,29.5000,61200,28.2389
2001-04-20,28.9333,28.9667,28.4000,28.7667,40800,27.5369
2001-04-23,28.3333,28.4667,27.8333,27.9833,63900,26.7870
2001-04-24,27.7333,27.8000,26.6833,26.6833,149100,25.5426
2001-04-25,26.7333,28.0833,26.7333,27.8500,143400,26.6594
2001-04-26,28.2167,28.6300,28.0000,28.0000,66900,26.8030
2001-04-27,28.7000,29.3167,28.7000,29.1333,38100,27.8879
2001-04-30,29.9000,31.0667,29.7333,30.4167,148800,29.1164
2001-05-01,30.4833,30.7833,29.7667,30.6467,209700,29.3365
2001-05-02,30.9000,30.9333,30.0833,30.6600,130800,29.3493
2001-05-03,30.0833,30.0833,29.2667,29.3167,123900,28.0634
2001-05-04,28.4333,30.4000,28.3667,30.4000,398400,29.1004
2001-05-07,30.6333,30.9500,30.4167,30.6167,48600,29.3078
2001-05-08,30.9000,30.9500,30.3000,30.7833,16500,29.4674
2001-05-09,30.5667,31.2400,30.5667,30.8167,41100,29.4993
2001-05-10,31.2000,31.2000,30.1667,30.1667,60900,28.8771
2001-05-11,30.2333,30.5500,30.0000,30.0000,14100,28.7175
2001-05-14,30.0333,30.0333,29.2333,29.3333,195600,28.0793
2001-05-15,29.5667,29.9000,29.3167,29.9000,13800,28.6218
2001-05-16,28.9167,31.1667,28.9167,30.8833,44700,29.5631
2001-05-17,31.0500,32.7067,30.9333,32.6333,99300,31.2383
2001-05-18,32.5667,32.6833,32.0833,32.6833,121200,31.2861
2001-05-21,32.7500,34.3833,32.7500,34.3833,90000,32.9135
2001-05-22,34.7000,34.8667,33.8000,34.6300,426000,33.1496
2001-05-23,34.1833,34.1833,32.8000,32.9000,110400,31.4935
2001-05-24,32.9667,34.2500,32.8333,34.2333,63000,32.7699
2001-05-25,34.2333,34.2333,33.4333,34.0200,27900,32.5657
2001-05-29,33.9167,34.1000,33.6000,33.6000,36000,32.1636
2001-05-30,32.9333,33.4833,32.2333,32.3433,110700,30.9607
2001-05-31,32.3333,33.5167,32.3333,33.0500,37800,31.6371
2001-06-01,33.2667,33.9500,32.0000,33.7000,18900,32.2593
2001-06-04,34.4333,34.8667,34.1667,34.8167,57900,33.3282
2001-06-05,35.2500,36.4333,35.2500,36.2667,226500,34.7163
2001-06-06,36.3333,36.3333,35.3000,35.6333,563700,34.1100
2001-06-07,35.5667,36.1333,35.3333,35.6000,62700,34.0781
2001-06-08,35.6667,35.6667,34.8100,34.9767,151800,33.4814
2001-06-11,34.9667,34.9667,33.5000,33.9333,932100,32.4827
2001-06-12,32.2667,33.5567,31.9833,33.2333,898500,31.8126
2001-06-13,33.6333,34.2000,33.3667,33.3667,177600,31.9403
2001-06-14,32.7833,33.1500,32.4667,32.5000,78300,31.1106
2001-06-15,32.0833,33.1300,31.9667,33.1300,838200,31.7137
2001-06-18,33.3333,33.6700,32.7667,32.8000,212700,31.3978
2001-06-19,33.3333,33.4467,32.2667,32.3167,102000,30.9351
2001-06-20,32.2333,33.6667,32.2333,33.6667,463500,32.2274
2001-06-21,33.6667,34.1500,33.4000,33.7667,619500,32.3231
2001-06-22,33.7667,33.7667,32.7000,32.8833,423900,31.4776
2001-06-25,32.9500,32.9500,31.6667,31.9833,231000,30.6161
2001-06-26,31.6667,32.5333,31.6667,32.0667,259200,30.6958
2001-06-27,32.1500,32.2833,31.6167,32.0333,456000,30.6639
2001-06-28,32.6333,33.3167,32.5833,32.8167,391800,31.4138
2001-06-29,32.8333,33.4833,32.6833,33.2667,393900,31.8445
2001-07-02,33.3000,33.4367,32.9533,32.9533,216900,31.5446
2001-07-03,32.9333,33.1833,32.8733,33.1267,11100,31.7105
2001-07-05,32.9167,32.9167,31.6733,31.6733,384300,30.3193
2001-07-06,31.2600,31.2600,30.5333,30.8667,583500,29.5471
2001-07-09,30.9500,31.8500,30.9400,31.4000,1706100,30.0577
2001-07-10,31.4833,31.4833,29.7333,29.7500,1140300,28.4782
2001-07-11,29.6667,29.7500,28.8167,29.1667,623400,27.9198
2001-07-12,29.4167,29.4167,28.7167,28.9467,551400,27.7092
2001-07-13,28.9333,30.1167,28.9333,29.6667,1152600,28.3984
2001-07-16,29.6667,29.6667,27.9667,28.0833,1349700,26.8828
2001-07-17,28.4167,28.7133,28.1667,28.7000,383700,27.4731
2001-07-18,28.7000,29.3833,28.7000,29.1667,966000,27.9198
2001-07-19,29.4000,29.6000,28.7000,28.8833,75000,27.6486
2001-07-20,29.0500,29.4300,29.0500,29.3833,112500,28.1272
2001-07-23,29.8167,29.8333,28.7000,28.7000,220200,27.4731
2001-07-24,28.6333,28.6333,27.2167,27.5667,926700,26.3882
2001-07-25,27.4667,28.2333,27.4667,28.2333,420900,27.0264
2001-07-26,28.2333,29.0333,28.1833,28.8000,220200,27.5688
2001-07-27,29.1000,29.8333,29.1000,29.3967,1162800,28.1400
2001-07-30,29.3333,29.3333,28.7000,28.8833,247800,27.6486
2001-07-31,28.9333,29.5333,28.9333,29.0000,921600,27.7603
2001-08-01,29.0833,29.2000,28.7700,29.0000,60300,27.7603
2001-08-02,29.2500,29.3500,28.5333,28.8000,320400,27.5688
2001-08-03,28.5333,28.8967,28.4000,28.8800,94800,27.6454
2001-08-06,28.7000,28.8500,28.5833,28.6500,47400,27.4252
2001-08-07,28.5333,28.7300,28.3000,28.4233,33600,27.2082
2001-08-08,28.4667,28.6000,27.3833,27.4667,531000,26.2925
2001-08-09,27.5000,27.5000,26.6333,27.3000,453900,26.1329
2001-08-10,27.5333,27.6667,27.1667,27.5333,602700,26.3563
2001-08-13,27.5833,28.3933,27.4367,28.3933,149700,27.1795
2001-08-14,28.5667,28.5667,28.2000,28.2000,361200,26.9945
2001-08-15,28.2667,28.2667,27.5167,27.5833,674400,26.4041
2001-08-16,27.2667,27.8167,26.9500,27.8167,504300,26.6275
2001-08-17,27.3833,27.6167,27.2333,27.2333,313500,26.0691
2001-08-20,27.2667,27.3667,26.7333,27.0667,79800,25.9096
2001-08-21,27.3333,27.8733,26.9333,26.9667,396900,25.8138
2001-08-22,27.3333,28.1133,27.0500,28.1133,216300,26.9115
2001-08-23,28.1667,29.2667,28.1667,29.1300,419400,27.8847
2001-08-24,29.2100,30.0800,29.1667,30.0000,548100,28.7175
2001-08-27,30.0833,30.4667,29.8833,30.3400,1090500,29.0430
2001-08-28,30.3000,30.3000,29.4667,29.6667,160500,28.3984
2001-08-29,29.7833,29.8133,29.3333,29.5000,575700,28.2389
2001-08-30,29.4667,30.1500,29.3333,29.5833,891900,28.3187
2001-08-31,29.4333,29.5333,29.1000,29.2667,370800,28.0155
2001-09-04,29.2667,30.2500,29.2667,29.3800,238500,28.1240
2001-09-05,29.4000,29.6467,28.7500,29.1833,441000,27.9357
2001-09-06,29.2000,29.2000,28.5167,28.7967,505800,27.5656
2001-09-07,28.4167,28.4167,27.7000,28.0667,1167600,26.8668
2001-09-10,27.7167,28.4333,27.5000,27.7500,1646100,26.5637
2001-09-17,25.9333,26.7333,25.5333,25.7000,371100,24.6013
2001-09-18,25.7667,25.7667,24.1333,24.1667,585300,23.1336
2001-09-19,24.5833,24.5833,22.7000,23.8333,500100,22.8145
2001-09-20,23.0000,24.1667,23.0000,23.9000,290100,22.8783
2001-09-21,23.0000,23.3333,22.6667,23.0000,233400,22.0168
2001-09-24,23.5333,23.7167,22.8733,23.0667,721800,22.0806
2001-09-25,23.3333,23.6167,23.0500,23.3667,118500,22.3677
2001-09-26,23.4500,23.7167,23.2833,23.3333,200100,22.3358
2001-09-27,23.4000,24.5667,23.1667,24.5333,1050600,23.4845
2001-09-28,25.1667,25.6333,24.5900,24.7833,845700,23.7238
2001-10-01,24.8333,25.0500,24.1367,24.8333,196500,23.7717
2001-10-02,24.8167,25.6000,24.8167,25.6000,120900,24.5056
2001-10-03,25.3833,26.4833,25.3833,26.3333,81300,25.2076
2001-10-04,26.6667,26.6667,25.6333,25.6667,269100,24.5694
2001-10-05,25.5167,25.9000,24.8833,25.7833,98700,24.6811
2001-10-08,25.5000,25.6333,25.0167,25.2333,212400,24.1546
2001-10-09,25.3333,25.6167,25.1333,25.3967,68100,24.3110
2001-10-10,25.4000,26.5500,25.3667,26.5333,285900,25.3990
2001-10-11,27.4667,27.8867,27.4667,27.7700,127200,26.5828
2001-10-12,27.5000,27.7833,26.8833,27.7833,264300,26.5956
2001-10-15,27.5500,28.0500,27.5000,28.0333,135000,26.8349
2001-10-16,28.5000,28.7167,27.9500,28.4467,846000,27.2306
2001-10-17,28.6333,28.6333,27.0000,27.0333,258900,25.8777
2001-10-18,26.7500,27.4467,26.7000,27.2667,643500,26.1010
2001-10-19,27.2000,27.9167,26.9500,27.9167,160800,26.7232
2001-10-22,27.7000,28.7167,27.7000,28.7167,175200,27.4890
2001-10-23,29.0000,29.0000,28.2000,28.2000,137400,26.9945
2001-10-24,28.4167,28.6500,28.1333,28.5167,731100,27.2976
2001-10-25,28.3000,29.4667,27.9900,29.4167,880800,28.1591
2001-10-26,29.5000,30.4667,29.5000,30.1167,175800,28.8292
2001-10-29,30.1667,30.1667,29.0500,29.0500,1879500,27.8081
2001-10-30,28.7000,28.7967,27.8333,28.4000,697800,27.1859
2001-10-31,29.0500,29.2667,28.6667,28.7667,638700,27.5369
2001-11-01,28.8000,29.1000,28.4433,29.1000,313800,27.8560
2001-11-02,28.9333,29.2800,28.4167,28.4167,292500,27.2019
2001-11-05,29.1000,29.5667,29.0000,29.5000,314100,28.2389
2001-11-06,29.5000,29.9333,29.1500,29.8333,82200,28.5580
2001-11-07,29.9000,30.3500,29.6267,29.6667,408600,28.3984
2001-11-08,30.1167,30.1300,29.1133,29.1633,1012500,27.9166
2001-11-09,28.9333,28.9333,28.0667,28.5000,1618800,27.2816
2001-11-12,27.7667,28.8167,27.5167,28.7633,775200,27.5337
2001-11-13,29.4667,29.7500,29.2667,29.6333,503400,28.3665
2001-11-14,30.1000,30.1367,29.2333,29.6000,276600,28.3346
2001-11-15,29.6000,30.1333,29.4500,29.4500,141300,28.1910
2001-11-16,29.4667,29.7633,29.4333,29.7333,72600,28.4622
2001-11-19,29.8667,30.8167,29.7000,30.8167,2115600,29.4993
2001-11-20,30.7500,30.8333,30.1667,30.1833,244200,28.8930
2001-11-21,30.4167,30.6500,30.2167,30.4833,172200,29.1802
2001-11-23,30.6167,31.1333,30.5400,31.0067,185700,29.6811
2001-11-26,31.3000,31.9500,30.9667,31.9500,837300,30.5842
2001-11-27,31.9000,32.1833,31.4833,31.6967,676500,30.3416
2001-11-28,31.3333,31.6500,30.7000,30.7333,233700,29.4195
2001-11-29,30.6667,31.3000,30.6667,31.3000,567900,29.9619
2001-11-30,31.2333,31.6333,31.1833,31.5167,1660200,30.1693
2001-12-03,31.1000,31.3333,30.8867,31.0000,189900,29.6748
2001-12-04,31.4167,31.4833,30.9833,31.4667,841500,30.1215
2001-12-05,31.6667,32.2500,31.6667,32.0833,1008000,30.7118
2001-12-06,32.1500,32.6733,32.0700,32.3000,1572000,30.9192
2001-12-07,32.1000,32.1000,31.3500,31.7000,1124400,30.3448
2001-12-10,31.3333,31.7000,30.6167,30.6167,2365500,29.3078
2001-12-11,30.8667,30.8667,30.1000,30.3667,387900,29.0685
2001-12-12,30.3500,30.4167,29.2167,30.0333,1464600,28.7494
2001-12-13,29.7000,30.5733,29.7000,30.1500,1827600,28.8611
2001-12-14,30.0833,30.1300,29.6000,30.0000,484200,28.7175
2001-12-17,30.0000,31.0000,30.0000,30.9667,293400,29.6428
2001-12-18,31.1667,31.2500,30.8000,31.1667,781500,29.8343
2001-12-19,30.6667,31.1333,30.5000,30.8000,379200,29.4833
2001-12-20,30.6333,30.8167,30.2267,30.3833,384300,29.0844
2001-12-21,30.4500,31.0167,30.3367,30.8500,77100,29.5312
2001-12-24,31.0000,31.0767,30.8500,31.0000,18000,29.6748
2001-12-26,30.9500,31.3300,30.9500,31.1500,68700,29.8183
2001-12-27,31.2000,31.2167,30.8833,31.0500,211200,29.7226
2001-12-28,31.3000,31.5500,31.1667,31.3867,411600,30.0449
2001-12-31,31.0833,31.1000,30.3333,30.3500,1073100,29.0525
2002-01-02,30.1667,30.2833,29.0833,29.6333,1478700,28.3665
2002-01-03,29.6667,29.9333,29.0167,29.2667,908400,28.0155
2002-01-04,29.3000,29.7500,28.2667,29.5167,3177900,28.2548
2002-01-07,29.8000,29.9500,28.9833,28.9833,1851600,27.7443
2002-01-08,28.9833,29.1167,28.7667,29.1167,141300,27.8719
2002-01-09,29.1167,29.5667,28.6667,28.7500,1029300,27.5209
2002-01-10,28.5333,29.2167,28.4167,29.0833,105600,27.8400
2002-01-11,29.1667,29.6833,29.1667,29.3333,1156500,28.0793
2002-01-14,29.2500,29.2500,28.2667,28.2900,515700,27.0806
2002-01-15,28.2167,28.4167,27.8667,28.2667,630000,27.0583
2002-01-16,28.2733,28.4900,27.7033,27.7033,220500,26.5190
2002-01-17,27.9500,27.9833,26.9333,27.5767,815700,26.3978
2002-01-18,27.1667,27.8167,26.4000,26.6333,1152600,25.4948
2002-01-22,26.6667,26.9000,26.2667,26.9000,123600,25.7500
2002-01-23,26.9667,27.8667,26.6667,27.7500,1107300,26.5637
2002-01-24,27.7500,27.8500,27.1733,27.5533,1064400,26.3754
2002-01-25,27.1500,27.2667,26.9033,27.0833,93300,25.9255
2002-01-28,27.1667,27.1667,26.2500,26.3333,1040700,25.2076
2002-01-29,26.5000,26.6667,25.6133,25.8667,427200,24.7609
2002-01-30,25.4667,25.9667,24.8000,25.8667,3283200,24.7609
2002-01-31,26.1333,26.2833,25.8000,26.1000,71700,24.9842
2002-02-01,26.3667,26.6667,26.1667,26.3167,587700,25.1916
2002-02-04,26.0000,26.1500,24.8333,24.9833,368700,23.9153
2002-02-05,24.7500,25.5967,24.7500,25.1667,1344600,24.0908
2002-02-06,25.3333,25.3333,24.2667,24.4167,1095900,23.3729
2002-02-07,24.4500,24.4500,23.7167,24.0833,1239900,23.0538
2002-02-08,24.0667,25.2833,24.0667,25.1833,1086600,24.1068
2002-02-11,25.4333,25.6833,25.2333,25.6333,758100,24.5375
2002-02-12,25.4000,26.7333,25.2833,26.6833,2275500,25.5426
2002-02-13,26.9167,27.1167,26.5000,26.5200,1853100,25.3863
2002-02-14,26.5333,26.7167,25.7667,25.9333,1115400,24.8247
2002-02-15,25.7000,25.9467,25.2500,25.6333,417300,24.5375
2002-02-19,25.1667,25.3167,24.7333,24.9000,153300,23.8355
2002-02-20,25.4500,25.5667,24.8000,25.5167,742200,24.4258
2002-02-21,25.7167,25.8833,24.8333,24.9667,426000,23.8993
2002-02-22,24.6667,25.3000,24.5833,25.1833,97500,24.1068
2002-02-25,25.2333,25.3333,24.4333,25.0967,1302000,24.0238
2002-02-26,25.2333,25.6233,24.9167,25.5133,1402800,24.4226
2002-02-27,26.0333,26.0567,25.1933,25.1933,1184400,24.1163
2002-02-28,25.4167,25.4667,24.7433,24.8167,706500,23.7558
2002-03-01,24.3333,25.0000,24.1167,24.9333,152700,23.8674
2002-03-04,25.4000,25.8000,25.4000,25.6667,668100,24.5694
2002-03-05,25.6000,25.9667,25.3333,25.3667,302100,24.2823
2002-03-06,25.6000,26.7000,25.4533,26.7000,478200,25.5586
2002-03-07,26.6333,26.8967,26.2167,26.3000,273600,25.1757
2002-03-08,26.4667,26.5833,26.0833,26.2967,211200,25.1725
2002-03-11,26.2667,26.5167,26.0833,26.4167,211200,25.2874
2002-03-12,26.0000,26.3333,25.8667,26.2000,111600,25.0800
2002-03-13,26.2667,26.5633,26.2000,26.4500,174900,25.3193
2002-03-14,26.7000,26.7667,26.4000,26.6000,201000,25.4629
2002-03-15,26.4500,26.9167,26.4167,26.9000,456300,25.7500
2002-03-18,27.1333,27.4333,27.0167,27.2833,584700,26.1170
2002-03-19,27.4167,27.5167,27.1667,27.3333,935100,26.1648
2002-03-20,27.1667,27.1667,26.6333,26.6667,566400,25.5267
2002-03-21,26.7333,27.5000,26.5333,27.5000,372900,26.3244
2002-03-22,27.4167,27.5800,27.1667,27.1700,284400,26.0085
2002-03-25,27.2000,27.2000,26.2000,26.2167,912300,25.0959
2002-03-26,26.2667,26.6000,25.9000,26.0500,655200,24.9364
2002-03-27,26.0500,26.3000,25.9167,25.9700,975300,24.8598
2002-03-28,25.9333,26.0633,25.6933,25.7000,710700,24.6013
2002-04-01,25.6667,26.0000,25.3000,25.9667,737400,24.8566
2002-04-02,25.9500,26.0333,25.3333,25.3333,648000,24.2503
2002-04-03,25.5000,25.5000,24.6833,24.9833,923700,23.9153
2002-04-04,24.7667,25.0667,24.4000,24.4667,1287900,23.4207
2002-04-05,24.6667,24.7300,23.7667,23.8500,759900,22.8304
2002-04-08,23.5333,23.9500,23.2833,23.8833,1704900,22.8623
2002-04-09,24.0667,24.0667,23.2900,23.3333,1759200,22.3358
2002-04-10,23.9333,24.2833,23.7500,24.2500,2492100,23.2133
2002-04-11,24.2000,24.6300,23.6333,23.6833,1639500,22.6709
2002-04-12,23.7500,24.0833,23.6167,24.0100,968400,22.9836
2002-04-15,24.2500,24.2800,23.6667,24.1667,127500,23.1336
2002-04-16,24.4167,24.5633,24.2333,24.4167,543000,23.3729
2002-04-17,24.6167,24.6667,24.0833,24.1333,824700,23.1016
2002-04-18,24.3667,24.8000,24.0000,24.7500,1435200,23.6919
2002-04-19,24.8167,24.9667,24.3000,24.3800,500700,23.3378
2002-04-22,23.8333,23.9833,23.5167,23.7167,417600,22.7028
2002-04-23,23.6667,23.7667,23.2500,23.3333,196500,22.3358
2002-04-24,23.4500,23.5333,23.0667,23.2167,515400,22.2242
2002-04-25,23.0500,23.1667,22.1333,22.4000,1557000,21.4424
2002-04-26,22.5000,22.5833,21.5333,21.6167,2284500,20.6926
2002-04-29,21.5500,21.5500,20.8367,21.0667,541200,20.1661
2002-04-30,20.7000,21.8067,20.6000,21.6333,2323800,20.7085
2002-05-01,21.8000,21.8633,21.3000,21.4500,2876400,20.5330
2002-05-02,21.3333,21.5300,20.8000,20.8400,2613000,19.9491
2002-05-03,20.5000,21.0167,20.0333,20.5833,3141900,19.7034
2002-05-06,20.5000,20.5000,19.3333,19.4000,1617300,18.5707
2002-05-07,19.5833,19.7500,19.0000,19.1333,2425800,18.3154
2002-05-08,19.9000,20.6300,19.6000,20.6133,2575200,19.7321
2002-05-09,20.4667,20.7000,19.8333,19.8333,1357500,18.9855
2002-05-10,19.7333,19.7667,18.9367,19.1667,2661600,18.3473
2002-05-13,19.1500,19.8833,19.1167,19.8167,2422800,18.9695
2002-05-14,20.5167,21.0333,20.4500,20.9433,1757100,20.0480
2002-05-15,20.7500,21.4667,20.5000,21.0333,1071600,20.1342
2002-05-16,20.6000,20.6000,20.1167,20.3167,444300,19.4481
2002-05-17,20.3667,20.7667,20.2333,20.6667,1921800,19.7832
2002-05-20,20.6667,20.6667,20.0833,20.1167,581700,19.2567
2002-05-21,20.2500,20.4167,19.5100,19.5533,903900,18.7174
2002-05-22,19.4667,19.9000,19.2933,19.6667,712800,18.8259
2002-05-23,19.9167,21.3333,19.3500,21.2500,2759400,20.3416
2002-05-24,20.9000,20.9133,20.0033,20.0833,799200,19.2248
2002-05-28,20.2500,20.4667,19.8033,20.4600,423600,19.5853
2002-05-29,20.4167,20.5667,19.7667,19.7667,1054200,18.9216
2002-05-30,19.6667,19.9467,19.5000,19.9000,999600,19.0493
2002-05-31,19.9667,20.0000,19.2667,19.3167,441000,18.4909
2002-06-03,19.1733,19.3833,18.0833,18.2500,2747100,17.4698
2002-06-04,18.0000,18.3000,17.5667,18.0500,2664300,17.2784
2002-06-05,18.2833,18.4500,17.9033,18.2500,1249500,17.4698
2002-06-06,18.2500,18.2500,17.1700,17.1700,2330400,16.4360
2002-06-07,16.4167,17.2933,16.4167,17.1333,2622900,16.4009
2002-06-10,17.3333,17.6267,17.2333,17.3167,969600,16.5764
2002-06-11,17.3667,17.3667,16.0167,16.0867,2237100,15.3990
2002-06-12,16.0167,16.1333,15.5367,16.0667,2798100,15.3798
2002-06-13,16.0833,16.5000,15.9333,15.9333,1842300,15.2522
2002-06-14,15.6833,16.9000,15.5500,16.8300,2984700,16.1105
2002-06-17,17.2133,17.8333,17.2133,17.8000,1882500,17.0390
2002-06-18,17.8000,18.1167,17.5667,17.7800,1888800,17.0199
2002-06-19,17.8333,18.0000,17.3367,17.4267,1169100,16.6817
2002-06-20,17.1667,17.2333,16.5000,16.5833,1777800,15.8744
2002-06-21,16.5333,17.0300,16.2700,16.3500,1054200,15.6510
2002-06-24,16.2833,17.1500,16.0333,16.7000,2209200,15.9861
2002-06-25,16.8000,16.9167,16.1000,16.2000,1699800,15.5075
2002-06-26,15.5000,16.4667,15.4700,16.2667,1009800,15.5713
2002-06-27,16.7333,16.7967,16.2667,16.7967,709500,16.0786
2002-06-28,16.8833,17.5000,16.8000,17.0000,1875600,16.2733
2002-07-01,16.7500,16.7500,15.4167,15.4633,2933400,14.8023
2002-07-02,15.1333,15.5433,14.6000,14.8000,4142400,14.1673
2002-07-03,14.4167,14.6967,13.7933,14.6000,3784200,13.9759
2002-07-05,14.9667,15.2833,14.8333,15.2500,1272900,14.5981
2002-07-08,15.2667,15.3000,14.8833,14.9000,1408800,14.2630
2002-07-09,15.0567,15.1667,14.3067,14.3333,1603500,13.7206
2002-07-10,14.1833,14.3567,13.3700,13.4733,960600,12.8974
2002-07-11,13.6667,14.0867,13.2167,14.0833,1378500,13.4813
2002-07-12,14.1333,14.6033,13.8300,14.2667,2127300,13.6568
2002-07-15,13.9333,14.4600,13.8333,14.4600,1130100,13.8418
2002-07-16,14.4667,15.3667,14.3833,14.7833,2731200,14.1513
2002-07-17,15.7500,16.1333,15.5000,15.9667,5303700,15.2841
2002-07-18,15.9333,15.9333,15.1833,15.1833,1858200,14.5342
2002-07-19,14.7500,15.1333,14.6667,14.8400,5363100,14.2056
2002-07-22,14.8333,15.3167,14.5067,14.8833,5469900,14.2471
2002-07-23,14.9500,15.1333,14.3433,14.3433,3494400,13.7302
2002-07-24,13.8667,15.1667,13.8333,15.1667,5240400,14.5183
2002-07-25,15.6667,16.1167,15.3400,15.7833,6241200,15.1086
2002-07-26,15.5667,15.6667,15.1500,15.6667,2647800,14.9969
2002-07-29,15.9667,16.4333,15.8667,16.3833,3996600,15.6829
2002-07-30,16.3333,17.4000,16.0667,17.0500,5681700,16.3211
2002-07-31,16.7500,17.4267,16.6067,17.2000,5329800,16.4647
2002-08-01,17.2000,17.2133,16.4500,16.5167,2019300,15.8106
2002-08-02,16.4167,16.7167,15.9167,16.3500,4188600,15.6510
2002-08-05,16.2000,16.4967,15.5333,15.5367,3357300,14.8725
2002-08-06,15.9167,16.6667,15.8833,16.6333,2236200,15.9223
2002-08-07,16.8333,16.9633,16.1233,16.6500,2898600,15.9382
2002-08-08,16.5000,17.5500,16.5000,17.4667,4658400,16.7200
2002-08-09,17.3467,18.0000,17.0533,17.7333,4188600,16.9752
2002-08-12,17.4500,18.0700,17.3000,17.9067,2332800,17.1412
2002-08-13,17.8667,17.9067,16.9333,16.9867,4182000,16.2605
2002-08-14,16.9500,17.9167,16.6033,17.8833,3998700,17.1188
2002-08-15,18.1667,18.2433,17.4500,17.8833,2935500,17.1188
2002-08-16,17.6000,17.9567,17.5000,17.6700,936600,16.9146
2002-08-19,17.4833,17.4833,17.0867,17.1000,2675400,16.3690
2002-08-20,17.1667,17.5333,17.0000,17.3500,2563200,16.6083
2002-08-21,17.6833,17.8133,17.2833,17.7833,1737600,17.0231
2002-08-22,17.7833,18.4133,17.6167,18.1567,1711800,17.3805
2002-08-23,18.0067,18.1333,17.5333,17.5333,1566600,16.7838
2002-08-26,17.6000,17.6000,16.9000,17.4667,4018200,16.7200
2002-08-27,17.5000,17.6367,16.7000,16.7000,2921400,15.9861
2002-08-28,16.6667,16.8400,16.4333,16.5333,1998000,15.8265
2002-08-29,16.3333,17.0600,16.2833,16.7667,2351100,16.0499
2002-08-30,16.8000,17.0000,16.2667,16.3333,2447100,15.6351
2002-09-03,15.9333,16.0333,15.3900,15.4500,1601400,14.7895
2002-09-04,15.3333,16.1000,15.2833,16.0000,2242500,15.3160
2002-09-05,15.6667,15.7500,15.3500,15.3500,1922400,14.6938
2002-09-06,15.7500,16.1600,15.7500,15.9167,2088900,15.2362
2002-09-09,15.9167,16.4167,15.5500,16.3600,961800,15.6606
2002-09-10,16.1333,16.5000,16.0367,16.4333,1338000,15.7308
2002-09-11,16.8333,16.9333,16.3900,16.4333,1163400,15.7308
2002-09-12,16.1000,16.2333,15.9000,15.9200,441000,15.2394
2002-09-13,15.8667,16.3167,15.7333,16.2333,777600,15.5394
2002-09-16,16.0833,16.2600,15.8833,16.1067,490500,15.4181
2002-09-17,16.6667,16.6667,15.8833,15.8833,736500,15.2043
2002-09-18,16.0667,16.3333,15.6433,16.1333,1501500,15.4436
2002-09-19,15.8500,16.0000,15.2667,15.2667,3201300,14.6140
2002-09-20,15.3333,15.4667,14.9833,15.3333,1941600,14.6778
2002-09-23,15.2667,15.2667,14.4033,14.5833,1579500,13.9599
2002-09-24,14.3333,15.2600,14.2933,15.1333,3383700,14.4864
2002-09-25,15.4667,15.9633,15.2833,15.9000,2997600,15.2203
2002-09-26,16.1333,16.1833,15.5067,15.7933,2461200,15.1182
2002-09-27,15.7333,16.1000,15.2667,15.2800,1847400,14.6268
2002-09-30,15.0000,15.7333,14.9067,15.4167,2594100,14.7576
2002-10-01,15.4833,16.1300,15.2000,16.0500,2322300,15.3639
2002-10-02,16.0000,16.4000,15.6500,15.7067,1285800,15.0352
2002-10-03,15.7500,16.0500,15.6167,15.6733,756600,15.0033
2002-10-04,15.8333,15.8333,15.0033,15.0033,2589000,14.3619
2002-10-07,14.9167,15.3467,14.9067,14.9833,1782000,14.3428
2002-10-08,15.0500,15.3333,14.8867,15.2667,1476000,14.6140
2002-10-09,15.1000,15.3000,14.8000,14.8667,1218000,14.2311
2002-10-10,14.8333,15.6000,14.7000,15.5000,3354000,14.8374
2002-10-11,15.8000,15.9833,15.5833,15.6667,1716900,14.9969
2002-10-14,15.7333,16.3667,15.7300,16.3333,2357700,15.6351
2002-10-15,16.9667,17.0000,16.5833,16.6667,1244100,15.9542
2002-10-16,16.3667,17.0000,16.3667,16.6367,2114700,15.9255
2002-10-17,17.1667,17.2000,16.7833,17.0000,3552000,16.2733
2002-10-18,16.9667,17.1633,16.8067,17.0000,1681800,16.2733
2002-10-21,16.8000,17.1500,16.7333,17.1500,1694700,16.4168
2002-10-22,17.1333,17.1633,16.7400,16.8933,1764900,16.1711
2002-10-23,16.7000,16.9167,16.4067,16.9167,1792500,16.1935
2002-10-24,16.9500,16.9500,16.4200,16.4500,1238100,15.7468
2002-10-25,16.5000,16.9433,16.4167,16.9433,1144500,16.2190
2002-10-28,17.1000,17.1333,16.8533,16.9333,2881500,16.2094
2002-10-29,16.9667,16.9967,16.6833,16.9067,2608500,16.1839
2002-10-30,16.9833,17.3600,16.9833,17.1167,1377600,16.3849
2002-10-31,17.1667,17.3333,16.8733,17.0333,1868700,16.3052
2002-11-01,17.0267,17.3000,16.9000,17.3000,897600,16.5604
2002-11-04,17.5333,18.0000,17.4667,17.7333,2743800,16.9752
2002-11-05,17.7500,18.0667,17.7500,18.0267,1013700,17.2560
2002-11-06,17.9500,18.0667,17.6333,17.9400,1539900,17.1731
2002-11-07,17.8667,18.1000,17.6067,17.6767,574800,16.9210
2002-11-08,17.7333,17.7633,17.2233,17.3333,580500,16.5923
2002-11-11,17.3667,17.5400,16.9400,16.9667,1871400,16.2413
2002-11-12,17.0000,17.3300,16.9867,17.2133,375900,16.4775
2002-11-13,17.0000,17.3233,16.8500,17.0933,1158000,16.3626
2002-11-14,17.3333,17.7333,17.2367,17.6667,759000,16.9114
2002-11-15,17.7400,17.8000,17.5100,17.6100,495000,16.8572
2002-11-18,17.9500,17.9967,17.6000,17.6000,443400,16.8476
2002-11-19,17.4233,17.6767,17.3000,17.3767,395100,16.6338
2002-11-20,17.4167,17.9667,17.4167,17.9167,886500,17.1507
2002-11-21,18.2333,18.6667,18.1833,18.6667,2125500,17.8687
2002-11-22,18.4667,18.8467,18.4033,18.7133,1010100,17.9133
2002-11-25,18.7667,19.0067,18.5200,18.7333,813900,17.9325
2002-11-26,18.4667,18.6633,18.0167,18.0333,1198500,17.2624
2002-11-27,18.2500,18.7000,18.2500,18.6933,1194600,17.8942
2002-11-29,18.7067,18.7633,18.5033,18.6267,1002000,17.8304
2002-12-02,19.0000,19.0333,18.2667,18.5000,1796400,17.7091
2002-12-03,18.4833,18.5133,18.1333,18.1500,654300,17.3741
2002-12-04,18.0000,18.1767,17.8333,18.0333,1599600,17.2624
2002-12-05,18.1667,18.2567,18.0133,18.0833,920400,17.3103
2002-12-06,17.8333,18.3933,17.8333,18.2533,476400,17.4730
2002-12-09,18.1000,18.3767,17.6333,17.6333,353700,16.8795
2002-12-10,17.7000,17.8600,17.4000,17.4667,716700,16.7200
2002-12-11,17.5000,17.6633,17.3667,17.5633,133800,16.8125
2002-12-12,17.9000,17.9933,17.7333,17.8333,398700,17.0710
2002-12-13,17.5667,17.7633,17.3000,17.3167,658800,16.5764
2002-12-16,17.3167,17.4500,17.2000,17.3733,749400,16.6306
2002-12-17,17.4167,17.6500,17.4033,17.6333,754800,16.8795
2002-12-18,17.6333,17.6333,17.2933,17.3667,708900,16.6243
2002-12-19,17.3333,17.6100,17.0333,17.0833,1955700,16.3530
2002-12-20,17.3333,17.3933,17.1667,17.3267,1033500,16.5860
2002-12-23,17.1500,17.5333,17.1500,17.4500,726000,16.7040
2002-12-24,17.5000,17.6500,17.5000,17.5500,512700,16.7997
2002-12-26,17.6000,17.6000,17.2733,17.3267,205200,16.5860
2002-12-27,17.1667,17.2133,16.7400,16.7467,2121900,16.0308
2002-12-30,16.8000,16.8000,16.3167,16.4967,1409100,15.7914
2002-12-31,16.4867,16.9167,16.3667,16.4500,3340500,15.7468
2003-01-02,16.7500,16.9967,16.5033,16.9967,923700,16.2701
2003-01-03,17.0333,17.0500,16.7967,16.8600,1211700,16.1392
2003-01-06,16.8667,17.2100,16.8667,17.0667,596100,16.3371
2003-01-07,17.0333,17.2100,16.8833,16.9333,2922600,16.2094
2003-01-08,17.0000,17.0000,16.5000,16.5000,976500,15.7946
2003-01-09,16.6667,16.9933,16.6000,16.8167,1657200,16.0978
2003-01-10,16.7333,17.2733,16.6867,17.2167,1728000,16.4807
2003-01-13,17.4833,17.5133,17.2500,17.4667,555600,16.7200
2003-01-14,17.5000,17.6000,17.4167,17.6000,587700,16.8476
2003-01-15,17.6167,17.6167,17.3700,17.5000,731100,16.7519
2003-01-16,17.5667,18.0000,17.5500,17.7333,2213100,16.9752
2003-01-17,17.4833,17.6933,17.3833,17.4667,1308900,16.7200
2003-01-21,17.3333,17.4000,17.1000,17.1400,1345800,16.4073
2003-01-22,17.0000,17.4167,17.0000,17.1867,514200,16.4519
2003-01-23,17.5000,17.5000,17.1000,17.3367,864900,16.5955
2003-01-24,17.2167,17.2667,16.7000,16.7667,1438500,16.0499
2003-01-27,16.5500,16.6667,16.1833,16.2500,600000,15.5553
2003-01-28,16.2500,16.5833,16.1500,16.5833,1237200,15.8744
2003-01-29,16.4167,16.5767,16.1733,16.5000,1226700,15.7946
2003-01-30,16.5167,16.6300,16.1700,16.1700,760200,15.4787
2003-01-31,16.1700,16.4000,16.0833,16.1900,717000,15.4979
2003-02-03,16.1333,16.2667,16.0800,16.0833,264000,15.3958
2003-02-04,15.8333,15.8333,15.5800,15.7500,937200,15.0767
2003-02-05,15.7667,15.9800,15.6333,15.7000,612600,15.0288
2003-02-06,15.5167,15.7600,15.5167,15.6667,309000,14.9969
2003-02-07,15.9100,15.9967,15.7333,15.8533,1052100,15.1756
2003-02-10,15.8667,15.9667,15.6667,15.9667,429000,15.2841
2003-02-11,15.9667,16.1467,15.8300,15.9500,365100,15.2681
2003-02-12,15.9000,16.0000,15.7533,15.7667,398400,15.0926
2003-02-13,15.7000,15.7000,15.4200,15.5533,919800,14.8884
2003-02-14,15.5533,15.7633,15.5000,15.7633,438600,15.0895
2003-02-18,15.7100,16.0067,15.7100,15.9667,867600,15.2841
2003-02-19,16.0333,16.0967,15.9167,16.0233,607500,15.3383
2003-02-20,15.8333,15.8967,15.7000,15.8267,662700,15.1501
2003-02-21,15.7833,16.1633,15.7200,16.0500,856800,15.3639
2003-02-24,15.9500,16.0167,15.6233,15.6400,656700,14.9714
2003-02-25,15.4500,15.7467,15.3233,15.7367,989700,15.0639
2003-02-26,15.6500,15.8933,15.5633,15.5633,111000,14.8980
2003-02-27,15.6733,15.8833,15.5500,15.8533,918000,15.1756
2003-02-28,15.8333,16.0233,15.7933,15.9500,390300,15.2681
2003-03-03,15.9933,16.2000,15.7367,15.7467,1359600,15.0735
2003-03-04,15.8100,15.9167,15.6833,15.6833,138900,15.0129
2003-03-05,15.6833,15.8967,15.6800,15.8967,1076400,15.2171
2003-03-06,15.8667,15.8767,15.7167,15.8267,129900,15.1501
2003-03-07,15.6333,15.9800,15.6333,15.9467,297300,15.2649
2003-03-10,15.8500,15.8833,15.7100,15.7667,231900,15.0926
2003-03-11,15.7000,15.8233,15.5833,15.6400,702900,14.9714
2003-03-12,15.6667,15.6867,15.4000,15.6833,247200,15.0129
2003-03-13,15.9600,16.3300,15.8533,16.3300,1220700,15.6319
2003-03-14,16.3167,16.5000,16.2533,16.3267,1008300,15.6287
2003-03-17,16.2500,16.8733,16.1367,16.8667,939000,16.1456
2003-03-18,16.9967,17.2833,16.8533,17.2833,1825500,16.5445
2003-03-19,17.2667,17.2833,17.0000,17.1167,375900,16.3849
2003-03-20,17.0500,17.2733,16.7867,17.2100,851100,16.4743
2003-03-21,17.3000,17.5500,17.2667,17.3833,1148100,16.6402
2003-03-24,17.0000,17.0233,16.8000,16.8833,237000,16.1616
2003-03-25,16.8067,17.2800,16.8067,17.1500,1809900,16.4168
2003-03-26,17.2267,17.3633,17.1000,17.1200,1211100,16.3881
2003-03-27,17.0500,17.4667,17.0400,17.4667,1359600,16.7200
2003-03-28,17.4667,17.6333,17.3667,17.3667,1714800,16.6243
2003-03-31,17.0000,17.2467,16.9367,17.0667,816300,16.3371
2003-04-01,17.0667,17.1967,17.0333,17.1500,282900,16.4168
2003-04-02,17.5667,17.7333,17.4533,17.6267,1452300,16.8731
2003-04-03,17.8667,18.0100,17.6033,17.9167,1392000,17.1507
2003-04-04,17.9267,17.9333,17.6500,17.6800,889500,16.9242
2003-04-07,18.1333,18.2467,17.2667,17.2667,2251500,16.5285
2003-04-08,17.2667,17.5200,17.2667,17.4500,796500,16.7040
2003-04-09,17.6167,17.6633,17.1667,17.1667,818400,16.4328
2003-04-10,17.0000,17.0633,16.7967,16.9667,967200,16.2413
2003-04-11,17.1500,17.1633,16.6667,16.7500,916500,16.0339
2003-04-14,16.9667,17.1633,16.8833,17.1400,440700,16.4073
2003-04-15,17.1667,17.2933,17.0367,17.2833,876600,16.5445
2003-04-16,17.4000,17.4000,16.9833,17.0267,455400,16.2988
2003-04-17,17.1000,17.3667,17.0200,17.3333,287100,16.5923
2003-04-21,17.5167,17.5300,17.3267,17.4333,356100,16.6881
2003-04-22,17.4000,18.0500,17.3867,18.0500,1636500,17.2784
2003-04-23,18.0833,18.6333,18.0533,18.6333,2120700,17.8368
2003-04-24,18.5333,18.8333,18.3333,18.6667,1665900,17.8687
2003-04-25,18.6667,18.7667,18.5500,18.5500,611100,17.7570
2003-04-28,18.6667,19.0000,18.6267,19.0000,496800,18.1878
2003-04-29,18.9500,19.3333,18.9267,18.9767,836400,18.1654
2003-04-30,19.0000,19.2067,18.8800,19.1000,884700,18.2835
2003-05-01,19.0000,19.4333,18.7567,19.4200,892500,18.5898
2003-05-02,19.3500,19.9133,19.3400,19.8167,1152300,18.9695
2003-05-05,20.0000,20.1633,19.8100,19.9100,1890000,19.0588
2003-05-06,19.9667,20.0500,19.5400,19.7067,2370900,18.8642
2003-05-07,19.6000,19.6233,19.3333,19.3433,1083300,18.5164
2003-05-08,19.1667,19.3100,19.0500,19.1000,1309200,18.2835
2003-05-09,19.1000,19.5000,19.1000,19.4667,822300,18.6345
2003-05-12,19.4767,20.0100,19.3400,20.0067,1175400,19.1514
2003-05-13,19.8367,20.1667,19.8367,19.9500,1921800,19.0971
2003-05-14,20.1667,20.4167,20.0333,20.3700,1238400,19.4992
2003-05-15,20.6500,20.9133,20.3900,20.8300,2418900,19.9395
2003-05-16,20.8000,20.9000,20.5633,20.5867,761100,19.7066
2003-05-19,21.1000,21.1133,20.0667,20.1667,1499100,19.3045
2003-05-20,20.3333,20.3333,19.7867,20.1167,1454100,19.2567
2003-05-21,19.8833,20.1200,19.8167,20.1200,1206300,19.2599
2003-05-22,20.0667,20.8433,20.0233,20.7167,464700,19.8310
2003-05-23,20.6667,21.2500,20.6667,21.2300,1356300,20.3224
2003-05-27,21.6333,22.5000,21.5667,22.5000,1746000,21.5381
2003-05-28,22.7667,22.7667,22.2033,22.2900,1911600,21.3371
2003-05-29,22.2500,22.5833,21.9767,22.0900,1085400,21.1457
2003-05-30,22.5833,22.7267,22.4533,22.6867,1829700,21.7168
2003-06-02,23.7667,23.8300,22.7367,22.9167,2619300,21.9370
2003-06-03,22.7600,22.7833,22.4333,22.6667,1826100,21.6977
2003-06-04,22.6667,23.3167,22.6500,23.3167,781500,22.3199
2003-06-05,23.2500,24.8167,23.2033,24.7100,2209200,23.6537
2003-06-06,25.3000,25.8367,24.0600,24.3067,3945600,23.2676
2003-06-09,23.9733,24.3333,23.3667,23.4333,1613700,22.4316
2003-06-10,23.7533,23.9167,23.2200,23.7033,1269300,22.6900
2003-06-11,23.9167,24.6667,23.9167,24.6300,2501700,23.5771
2003-06-12,24.9667,24.9667,24.3067,24.7000,1507500,23.6441
2003-06-13,24.7467,24.7467,24.1867,24.3700,1187400,23.3282
2003-06-16,24.7333,25.0667,24.5033,25.0633,1569900,23.9919
2003-06-17,25.0367,25.1200,24.5333,24.6067,1007700,23.5547
2003-06-18,24.5467,24.5467,23.5667,23.7000,1790400,22.6868
2003-06-19,23.7000,23.8300,22.1167,22.2667,10280400,21.3148
2003-06-20,22.5600,22.8900,22.2833,22.5900,1611600,21.6243
2003-06-23,22.7500,22.7500,21.7167,21.7333,4093200,20.8042
2003-06-24,21.9000,22.3133,21.7333,22.0167,2384400,21.0755
2003-06-25,22.3333,22.6567,22.1933,22.3800,2434800,21.4233
2003-06-26,22.5500,23.0833,22.4367,23.0267,3390000,22.0423
2003-06-27,23.2333,23.4100,22.5533,22.6133,2842500,21.6466
2003-06-30,22.5367,22.8333,22.1233,22.3300,2865300,21.3754
2003-07-01,22.0333,22.4400,21.7000,22.3033,4395300,21.3499
2003-07-02,22.4033,23.0633,22.3833,22.7333,3954000,21.7615
2003-07-03,22.6333,22.9433,22.6000,22.8000,455100,21.8253
2003-07-07,23.2333,23.7267,23.2333,23.6433,3370500,22.6326
2003-07-08,23.8167,24.1800,23.6167,24.1367,1077900,23.1048
2003-07-09,24.1367,24.5467,23.9000,24.5333,2037900,23.4845
2003-07-10,24.2667,24.2667,23.8167,24.1333,1420500,23.1016
2003-07-11,24.1333,24.4167,24.1333,24.2833,701400,23.2452
2003-07-14,24.7167,24.7900,24.5167,24.5467,764100,23.4973
2003-07-15,24.7400,24.7667,24.3500,24.5000,502200,23.4526
2003-07-16,24.6000,24.6000,24.0333,24.3167,574800,23.2771
2003-07-17,23.9833,24.2333,23.3600,23.4000,3161400,22.3997
2003-07-18,23.6633,23.6833,23.3633,23.6333,1544700,22.6230
2003-07-21,23.4567,23.5567,23.1700,23.1833,1004700,22.1922
2003-07-22,23.3333,23.7000,23.2800,23.6000,1336800,22.5911
2003-07-23,23.7667,23.8467,23.4267,23.7833,660600,22.7666
2003-07-24,24.1167,24.2467,23.5000,23.5233,1283100,22.5177
2003-07-25,23.6667,23.8800,23.3500,23.8300,532200,22.8113
2003-07-28,24.1233,24.5867,23.9200,24.4333,840900,23.3888
2003-07-29,24.6600,24.6600,24.0000,24.3333,733200,23.2931
2003-07-30,24.4167,24.4167,24.0033,24.0033,1334100,22.9772
2003-07-31,24.4500,24.7000,24.2200,24.3833,1930200,23.3410
2003-08-01,24.3000,24.3300,23.7267,23.7667,1024800,22.7506
2003-08-04,23.4400,23.5500,22.7467,23.3533,1602600,22.3550
2003-08-05,23.1833,23.2967,22.3000,22.3000,3306300,21.3467
2003-08-06,22.0000,22.2167,21.5700,21.7167,4970100,20.7883
2003-08-07,21.9300,22.3067,21.8233,22.1333,2039700,21.1871
2003-08-08,22.2333,22.2900,21.9100,22.0000,1041000,21.0595
2003-08-11,21.8200,22.3000,21.8200,22.2267,1835400,21.2765
2003-08-12,22.2833,22.9667,22.2833,22.9300,1853700,21.9497
2003-08-13,23.0600,23.0600,22.6700,22.7100,671700,21.7392
2003-08-14,22.7100,22.9167,22.5200,22.7700,1719900,21.7966
2003-08-15,22.9167,22.9467,22.8367,22.8733,63900,21.8955
2003-08-18,22.8733,23.5267,22.8733,23.5000,1074300,22.4954
2003-08-19,23.6667,23.7667,23.4200,23.6633,804900,22.6517
2003-08-20,23.6467,23.9467,23.5367,23.8200,748800,22.8017
2003-08-21,24.1633,24.3700,24.0500,24.3000,1342800,23.2612
2003-08-22,24.5833,24.5833,23.7000,23.7333,2265600,22.7187
2003-08-25,23.6667,23.7667,23.5333,23.6867,833100,22.6741
2003-08-26,23.5500,23.6933,23.1867,23.6633,922500,22.6517
2003-08-27,23.7167,23.9133,23.5333,23.8867,587700,22.8655
2003-08-28,24.1067,24.4667,23.7933,24.4667,1906200,23.4207
2003-08-29,24.5467,24.7333,24.5000,24.5867,1827300,23.5356
2003-09-02,24.6200,25.0767,24.4733,25.0767,1381800,24.0046
2003-09-03,25.2333,25.2667,24.7333,24.8000,1807200,23.7398
2003-09-04,24.8467,25.1667,24.7767,25.1333,1905000,24.0589
2003-09-05,25.0667,25.4867,24.9200,25.2867,1312800,24.2057
2003-09-08,25.5667,26.3167,25.5667,26.2667,1805100,25.1438
2003-09-09,26.4167,26.6033,26.1867,26.4733,1332900,25.3416
2003-09-10,26.4000,26.4800,25.6867,25.6867,3903600,24.5886
2003-09-11,25.7533,25.9900,25.3867,25.9000,1688100,24.7928
2003-09-12,25.8833,25.9967,25.5167,25.9267,857100,24.8183
2003-09-15,26.0967,26.2200,25.8533,25.9200,669000,24.8119
2003-09-16,26.0133,26.1500,25.8567,26.1500,950400,25.0321
2003-09-17,26.1633,26.4100,26.1300,26.2800,806100,25.1565
2003-09-18,26.2800,26.5000,26.2567,26.4800,1321500,25.3480
2003-09-19,26.4200,26.5667,26.3133,26.5000,1194300,25.3671
2003-09-22,26.0000,26.1300,25.8067,25.9833,1846500,24.8726
2003-09-23,26.0000,26.1300,25.8733,26.0800,1096200,24.9651
2003-09-24,26.0033,26.0600,24.8467,24.8700,3783900,23.8068
2003-09-25,25.0333,25.1100,24.2400,24.4267,4721400,23.3824
2003-09-26,24.3467,24.3500,23.5767,23.5767,1903200,22.5688
2003-09-29,23.8000,24.1200,23.1067,24.0167,4510500,22.9900
2003-09-30,24.0133,24.2833,23.6833,23.9167,2611800,22.8942
2003-10-01,24.0000,24.3500,23.7000,24.2133,4185000,23.1782
2003-10-02,24.3667,24.9333,24.3367,24.8367,3107100,23.7749
2003-10-03,25.2333,25.4500,24.7667,24.9300,2520000,23.8642
2003-10-06,24.9000,24.9833,24.7433,24.9000,478200,23.8355
2003-10-07,24.8333,25.1733,24.6667,25.1333,1018800,24.0589
2003-10-08,25.2333,25.2333,24.6267,24.7133,1213200,23.6568
2003-10-09,25.0000,25.3333,24.7533,24.9567,1716600,23.8898
2003-10-10,25.0167,25.1800,24.7667,24.9333,408300,23.8674
2003-10-13,24.9500,25.4833,24.9500,25.2400,448200,24.1610
2003-10-14,25.1533,25.2667,25.0600,25.2667,488400,24.1865
2003-10-15,25.2967,25.2967,24.5167,24.5333,2320200,23.4845
2003-10-16,24.5033,24.8300,24.4433,24.5200,378600,23.4718
2003-10-17,24.5667,24.5667,23.6833,23.8633,2827200,22.8432
2003-10-20,23.8300,23.8300,23.0833,23.3300,4199700,22.3326
2003-10-21,23.4133,24.3667,23.4133,24.2733,3934500,23.2357
2003-10-22,23.8433,23.8433,23.1000,23.1000,3402300,22.1125
2003-10-23,22.8467,23.6633,22.7667,23.4100,3672000,22.4092
2003-10-24,23.2000,23.6633,23.1167,23.5933,1306800,22.5847
2003-10-27,23.7300,23.8667,23.2333,23.4400,1054200,22.4380
2003-10-28,23.7067,23.9000,23.5600,23.8367,714900,22.8177
2003-10-29,23.5700,23.9067,23.5500,23.8167,496800,22.7985
2003-10-30,24.1467,24.2367,23.5767,23.5833,3221700,22.5752
2003-10-31,23.6367,23.9100,23.5900,23.6633,521700,22.6517
2003-11-03,23.9667,23.9667,23.4467,23.4667,1892100,22.4635
2003-11-04,23.3200,23.7500,23.3200,23.4200,1376700,22.4188
2003-11-05,23.3700,23.6333,23.1500,23.4900,836700,22.4858
2003-11-06,23.4333,23.7433,23.3367,23.7233,1464600,22.7092
2003-11-07,23.8600,23.9600,23.6100,23.6233,544500,22.6134
2003-11-10,23.6633,23.6633,22.7000,22.7000,3203700,21.7296
2003-11-11,22.6700,22.6700,22.0833,22.2667,2486400,21.3148
2003-11-12,22.3467,23.2400,22.3467,23.1167,2725500,22.1284
2003-11-13,23.3600,23.4767,23.2033,23.4667,1440600,22.4635
2003-11-14,23.3833,23.4700,22.4767,22.4833,3702000,21.5222
2003-11-17,22.3367,22.4733,22.1500,22.4167,1883700,21.4584
2003-11-18,22.6000,22.7367,21.9000,21.9200,1968900,20.9829
2003-11-19,22.0000,22.3800,22.0000,22.1967,1589400,21.2478
2003-11-20,22.3600,22.8933,22.0667,22.2200,2806800,21.2701
2003-11-21,22.3600,22.4200,22.1967,22.3300,941100,21.3754
2003-11-24,22.4633,23.0000,22.4000,22.9600,1192800,21.9785
2003-11-25,22.9067,23.0567,22.8667,22.9633,772800,21.9816
2003-11-26,22.9633,23.1367,22.7367,23.0167,547800,22.0327
2003-11-28,22.9733,23.1333,22.9467,23.1167,270300,22.1284
2003-12-01,23.3500,23.7400,23.2767,23.7400,830100,22.7251
2003-12-02,23.7167,24.1700,23.6833,23.8667,1849800,22.8464
2003-12-03,24.0967,24.1067,23.4767,23.4833,696600,22.4794
2003-12-04,23.4833,23.5767,23.0867,23.4667,2495400,22.4635
2003-12-05,23.3733,23.5133,23.1700,23.3200,1211100,22.3231
2003-12-08,23.4200,23.4333,22.8767,23.2833,706200,22.2880
2003-12-09,23.4867,23.4933,22.9333,22.9333,2025000,21.9529
2003-12-10,22.9667,22.9967,22.4000,22.6333,3536700,21.6658
2003-12-11,22.6367,23.2933,22.6367,23.2833,2526900,22.2880
2003-12-12,23.2833,23.3633,23.0267,23.2533,595800,22.2592
2003-12-15,23.7300,23.7333,23.0500,23.0500,2424300,22.0646
2003-12-16,23.0967,23.1300,22.7600,23.0833,1874700,22.0965
2003-12-17,23.0967,23.3267,22.9400,23.1733,1175100,22.1827
2003-12-18,23.3133,23.5000,23.1900,23.3333,2045700,22.3358
2003-12-19,23.4167,23.4967,23.1900,23.4700,1596900,22.4667
2003-12-22,23.5000,23.6633,23.4000,23.5333,1802700,22.5273
2003-12-23,23.5833,23.8533,23.5700,23.8533,1289700,22.8336
2003-12-24,23.8467,23.9800,23.7333,23.9000,140700,22.8783
2003-12-26,23.8167,23.9633,23.7167,23.8600,661500,22.8400
2003-12-29,24.0633,24.2900,24.0067,24.2900,567600,23.2516
2003-12-30,24.2633,24.3333,24.0833,24.3333,970800,23.2931
2003-12-31,24.4133,24.4300,23.9833,23.9833,827100,22.9580
2004-01-02,24.3467,24.4833,24.2067,24.3067,644400,23.2676
2004-01-05,24.4600,24.4900,24.2433,24.3100,2706900,23.2708
2004-01-06,24.4300,24.5267,24.3100,24.4000,837000,23.3569
2004-01-07,24.3333,24.8333,24.3000,24.7867,598800,23.7270
2004-01-08,24.8833,24.9633,24.7400,24.9533,564900,23.8866
2004-01-09,24.8367,25.4700,24.6700,25.0533,4395300,23.9823
2004-01-12,25.1833,25.2833,24.8433,25.1167,2512200,24.0429
2004-01-13,25.2300,25.2300,24.6333,24.8933,1049400,23.8291
2004-01-14,24.9500,25.0767,24.8367,25.0333,833400,23.9632
2004-01-15,25.2333,25.3667,24.8333,25.2667,1670700,24.1865
2004-01-16,25.3800,25.7533,25.3533,25.7467,2348400,24.6460
2004-01-20,25.8967,25.8967,25.5000,25.7667,1604100,24.6652
2004-01-21,25.7633,26.2533,25.6667,26.0633,903600,24.9491
2004-01-22,26.2633,26.2967,25.7233,25.8367,834600,24.7322
2004-01-23,25.8333,26.1267,25.8200,26.0900,927000,24.9747
2004-01-26,26.0967,26.5400,25.9500,26.5367,598800,25.4022
2004-01-27,26.5300,26.5300,26.0367,26.1367,1337400,25.0193
2004-01-28,26.3667,26.3667,25.5800,25.6700,951900,24.5726
2004-01-29,25.8667,26.0467,25.4233,25.8033,1808400,24.7002
2004-01-30,25.7333,25.8633,25.5667,25.6167,668400,24.5216
2004-02-02,25.8500,26.3133,25.6867,26.0000,1131300,24.8885
2004-02-03,26.1500,26.3067,26.0000,26.2667,807000,25.1438
2004-02-04,25.9667,26.1000,25.5167,25.5167,1731300,24.4258
2004-02-05,25.7667,25.7667,25.1900,25.3667,2450700,24.2823
2004-02-06,25.4167,25.9333,25.3333,25.8833,1242900,24.7768
2004-02-09,26.0100,26.3333,25.8833,25.9533,825600,24.8438
2004-02-10,25.9833,26.2400,25.8533,26.2400,413700,25.1182
2004-02-11,26.3333,26.5333,26.1333,26.4533,765600,25.3225
2004-02-12,26.5000,26.6133,26.0000,26.3533,2520600,25.2267
2004-02-13,26.4333,26.4933,26.0167,26.0933,718500,24.9779
2004-02-17,26.2833,26.3500,26.0400,26.1500,669000,25.0321
2004-02-18,26.5333,26.5333,26.2533,26.3333,4116600,25.2076
2004-02-19,26.6000,26.6000,25.8333,25.8333,1347900,24.7290
2004-02-20,26.1167,26.1167,25.4367,25.7333,2350800,24.6332
2004-02-23,25.9167,25.9167,25.2667,25.2667,1284900,24.1865
2004-02-24,25.1667,25.5167,25.0000,25.2333,2098500,24.1546
2004-02-25,25.2333,25.5967,25.2333,25.5833,1249500,24.4896
2004-02-26,25.6500,25.9067,25.4200,25.8667,2460300,24.7609
2004-02-27,26.0667,26.2333,25.7967,25.8333,1627500,24.7290
2004-03-01,26.0367,26.1667,25.8333,26.1333,825900,25.0161
2004-03-02,26.2000,26.3167,26.0500,26.1667,664500,25.0480
2004-03-03,26.0667,26.4133,25.9367,26.2967,2370000,25.1725
2004-03-04,26.4333,26.7100,26.2800,26.6933,1299600,25.5522
2004-03-05,26.6333,27.2167,26.5233,26.9667,3526800,25.8138
2004-03-08,27.0333,27.0933,26.4700,26.4867,2074500,25.3544
2004-03-09,26.5000,26.7233,26.0400,26.1600,1497900,25.0417
2004-03-10,26.1000,26.2933,25.4167,25.4500,3597300,24.3620
2004-03-11,25.2667,25.8667,25.1833,25.1833,3116700,24.1068
2004-03-12,25.5000,25.8800,25.4200,25.8333,2769000,24.7290
2004-03-15,25.8000,25.8000,25.0333,25.0833,1923900,24.0110
2004-03-16,25.1667,25.4000,24.5033,24.8433,3320400,23.7813
2004-03-17,25.1000,25.5600,24.8033,25.4800,2792700,24.3907
2004-03-18,25.3367,25.6433,25.1733,25.4667,1483200,24.3780
2004-03-19,25.6000,25.6333,25.2533,25.3300,1493700,24.2471
2004-03-22,25.1333,25.1333,24.5533,24.6267,3076800,23.5739
2004-03-23,24.9333,24.9333,24.2867,24.3667,1141800,23.3250
2004-03-24,24.4167,24.6533,24.2900,24.3733,813000,23.3314
2004-03-25,24.4967,25.1233,24.4500,25.0833,1551900,24.0110
2004-03-26,25.0833,25.1700,24.8033,24.8033,854700,23.7430
2004-03-29,25.1667,25.7500,25.1667,25.5867,2916600,24.4928
2004-03-30,25.5000,25.9100,25.5000,25.8733,725400,24.7673
2004-03-31,25.8633,25.9800,25.6000,25.7633,966000,24.6620
2004-04-01,25.8000,26.1767,25.7633,26.1167,1201200,25.0002
2004-04-02,26.6167,26.6833,26.3333,26.6833,2865300,25.5426
2004-04-05,26.7500,27.1000,26.6667,27.0567,1400700,25.9000
2004-04-06,26.9667,26.9667,26.6767,26.7167,2044500,25.5745
2004-04-07,26.7000,26.8333,26.4000,26.6667,1543200,25.5267
2004-04-08,26.9667,26.9667,26.3667,26.4700,968400,25.3384
2004-04-12,26.5000,26.8000,26.5000,26.6033,653400,25.4661
2004-04-13,26.7000,26.7667,25.9700,26.0667,1733100,24.9523
2004-04-14,25.8667,26.3800,25.7767,26.0967,3127800,24.9810
2004-04-15,26.2167,26.3633,25.9567,26.1567,1696500,25.0385
2004-04-16,26.2833,26.4967,26.0933,26.3967,1695000,25.2682
2004-04-19,26.5500,26.9333,26.3900,26.8867,2083200,25.7373
2004-04-20,27.0500,27.1833,26.3333,26.3333,4828500,25.2076
2004-04-21,26.5167,26.6733,26.3000,26.6333,2957100,25.4948
2004-04-22,26.7000,27.1167,26.6033,27.0633,3596400,25.9064
2004-04-23,27.2833,27.3700,26.9333,27.0667,2431500,25.9096
2004-04-26,27.9333,28.2433,27.7067,28.0667,6015600,26.8668
2004-04-27,28.2833,28.3333,27.9067,28.0900,3819300,26.8892
2004-04-28,27.9167,27.9167,27.1367,27.2000,2998800,26.0372
2004-04-29,27.0667,27.3200,26.5833,26.8033,4002600,25.6575
2004-04-30,26.8333,26.9067,25.8200,25.9200,3729000,24.8119
2004-05-03,25.7733,26.6667,25.7733,26.2333,4539300,25.1119
2004-05-04,26.3667,26.3667,25.8233,25.9667,4128300,24.8566
2004-05-05,26.1167,26.5733,25.9667,26.4533,1957200,25.3225
2004-05-06,26.2833,26.3000,25.6667,26.0633,3785700,24.9491
2004-05-07,25.8667,26.3267,25.4000,25.4667,5261400,24.3780
2004-05-10,25.1333,25.2000,24.5700,24.8000,6191100,23.7398
2004-05-11,25.0667,25.3767,24.9833,25.2000,5207700,24.1227
2004-05-12,25.1333,25.4667,24.4333,25.4667,8277300,24.3780
2004-05-13,25.4000,25.7300,25.2100,25.2833,3222900,24.2025
2004-05-14,25.3600,25.5467,24.9033,25.1333,2251200,24.0589
2004-05-17,24.9600,25.0467,24.5167,24.8667,1557600,23.8036
2004-05-18,25.1167,25.2000,24.6800,24.9833,2940300,23.9153
2004-05-19,25.2833,25.2833,24.4433,24.5167,7642200,23.4686
2004-05-20,24.6333,24.7833,24.2500,24.3000,5330400,23.2612
2004-05-21,24.5500,24.7300,24.3133,24.4667,3241200,23.4207
2004-05-24,24.7000,24.7833,24.4033,24.4833,1253100,23.4367
2004-05-25,24.3667,25.0300,24.3667,24.9967,1466400,23.9281
2004-05-26,24.9833,25.3633,24.9700,25.2700,2807100,24.1897
2004-05-27,25.5500,25.6533,25.0867,25.3300,3238200,24.2471
2004-05-28,25.3633,25.4000,25.1033,25.2000,1609800,24.1227
2004-06-01,25.2333,25.4167,25.0033,25.3867,738900,24.3014
2004-06-02,25.4100,25.6000,25.3033,25.4367,1395900,24.3493
2004-06-03,25.5933,25.5933,24.9500,25.0000,2528700,23.9313
2004-06-04,25.3000,25.3800,25.0933,25.2000,2143200,24.1227
2004-06-07,25.2467,25.4167,25.0000,25.2833,1884600,24.2025
2004-06-08,25.2333,25.2667,24.9000,25.0500,1990800,23.9791
2004-06-09,24.8667,25.0000,24.1867,24.2233,8384400,23.1878
2004-06-10,24.4500,24.4500,23.7333,24.0333,7418400,23.0059
2004-06-14,24.0000,24.1367,23.8667,24.0000,5189100,22.9740
2004-06-15,24.1367,24.2733,24.0600,24.1600,1777800,23.1272
2004-06-16,24.1833,24.5733,24.1667,24.5733,5266200,23.5228
2004-06-17,24.4333,24.4333,24.1267,24.3333,5125500,23.2931
2004-06-18,24.2667,24.4467,24.2233,24.2333,3296400,23.1974
2004-06-21,24.3667,24.3667,24.0000,24.0633,1529100,23.0346
2004-06-22,23.9333,24.1267,23.7333,24.0333,2664000,23.0059
2004-06-23,24.1000,24.7100,24.1000,24.6333,2429400,23.5803
2004-06-24,24.8167,24.9267,24.6333,24.7033,2211900,23.6473
2004-06-25,24.7467,24.8667,24.6067,24.7367,1155600,23.6792
2004-06-28,25.0000,25.0067,24.5100,24.6333,1676400,23.5803
2004-06-29,24.6333,25.0000,24.6333,24.9400,2226600,23.8738
2004-06-30,25.0000,25.1100,24.8133,25.0333,1360800,23.9632
2004-07-01,25.1667,25.1667,24.6633,24.7967,2161500,23.7366
2004-07-02,24.8333,24.8433,24.5667,24.7533,707100,23.6951
2004-07-06,24.6833,24.7000,24.2433,24.2433,834300,23.2069
2004-07-07,24.3833,24.5167,24.0933,24.1700,964500,23.1367
2004-07-08,24.2500,24.2500,23.5533,23.6333,1864500,22.6230
2004-07-09,23.6367,23.9167,23.4933,23.5667,2155500,22.5592
2004-07-12,23.4200,23.5333,23.1800,23.3767,1885500,22.3773
2004-07-13,23.4333,23.5467,23.3167,23.3333,1638000,22.3358
2004-07-14,23.3167,23.8600,23.2867,23.5333,3730200,22.5273
2004-07-15,23.7667,23.7667,23.4200,23.4367,1053900,22.4348
2004-07-16,23.5600,23.6667,22.9000,22.9000,1603500,21.9210
2004-07-19,22.9333,23.0700,22.2500,22.6000,3927300,21.6339
2004-07-20,22.7000,23.1567,22.6667,23.1567,1878600,22.1667
2004-07-21,23.2000,23.2000,22.0333,22.0667,5281500,21.1233
2004-07-22,21.8833,22.4333,21.8067,22.2967,3760500,21.3435
2004-07-23,22.0833,22.2667,21.8333,21.9567,1787100,21.0180
2004-07-26,21.8833,22.0000,21.2500,21.4500,3718500,20.5330
2004-07-27,21.5500,22.1333,21.4700,22.0833,4968600,21.1393
2004-07-28,22.0000,22.3233,21.5833,22.1433,3574200,21.1967
2004-07-29,22.1667,22.4500,21.9767,22.4500,2253000,21.4903
2004-07-30,22.3667,22.8000,22.3667,22.6167,1755000,21.6498
2004-08-02,22.4000,22.5133,22.1333,22.2667,2574900,21.3148
2004-08-03,22.1500,22.3167,21.9600,21.9600,1387800,21.0212
2004-08-04,21.9167,22.0967,21.6733,21.8233,1604100,20.8904
2004-08-05,21.9500,21.9500,21.2900,21.3300,2414700,20.4181
2004-08-06,21.0500,21.1500,20.6333,20.6700,2673300,19.7864
2004-08-09,20.6833,20.8333,20.4067,20.4167,1165800,19.5439
2004-08-10,20.6000,20.8267,20.4567,20.8200,3126600,19.9300
2004-08-11,20.7100,21.4300,20.5833,21.2933,2859000,20.3830
2004-08-12,21.1800,21.2833,20.9367,20.9833,2547600,20.0863
2004-08-13,21.0067,21.1333,20.6667,20.7667,1806600,19.8789
2004-08-16,20.9333,21.5033,20.8700,21.4400,2271300,20.5234
2004-08-17,21.6167,21.7667,21.4800,21.5833,1647000,20.6607
2004-08-18,21.5167,22.3100,21.4333,22.3100,2294700,21.3563
2004-08-19,22.2500,22.3400,22.0333,22.2000,3197700,21.2510
2004-08-20,22.1333,22.6667,22.1333,22.6500,2177100,21.6817
2004-08-23,22.7167,22.7600,22.3100,22.4167,3828300,21.4584
2004-08-24,22.6000,22.6667,22.3400,22.4967,2012100,21.5349
2004-08-25,22.4700,22.9267,22.3800,22.8400,2143500,21.8636
2004-08-26,22.9000,22.9567,22.6533,22.7500,945600,21.7774
2004-08-27,22.6933,23.1167,22.6900,23.0700,1930200,22.0838
2004-08-30,22.8833,22.8833,22.4000,22.4167,1150800,21.4584
2004-08-31,22.5167,22.7000,22.2433,22.5667,1282800,21.6019
2004-09-01,22.6833,23.0933,22.5867,22.9433,2037300,21.9625
2004-09-02,23.0333,23.3967,22.8833,23.2400,1800600,22.2465
2004-09-03,23.1700,23.4533,22.9767,23.0367,1464600,22.0519
2004-09-07,23.1733,23.3933,22.9900,23.1267,3872400,22.1380
2004-09-08,23.2867,23.2867,22.9533,22.9800,3435900,21.9976
2004-09-09,23.0167,23.1833,22.8267,23.0200,2364600,22.0359
2004-09-10,23.0300,23.2833,22.9033,23.2167,1496100,22.2242
2004-09-13,23.3333,23.6633,23.2333,23.5167,2062800,22.5113
2004-09-14,23.5833,23.7833,23.3900,23.6333,2128500,22.6230
2004-09-15,23.5833,23.6300,23.4000,23.5167,2123400,22.5113
2004-09-16,23.6500,23.7933,23.5500,23.5667,1271100,22.5592
2004-09-17,23.7333,23.7900,23.5333,23.7200,697500,22.7060
2004-09-20,24.1600,24.1600,23.5567,23.6933,1290600,22.6805
2004-09-21,23.8667,24.0000,23.5933,23.9167,1446300,22.8942
2004-09-22,23.7833,23.7833,23.2567,23.2833,2915400,22.2880
2004-09-23,23.3633,23.4867,23.2000,23.2333,1128600,22.2401
2004-09-24,23.2667,23.5233,23.2667,23.2800,2191200,22.2848
2004-09-27,23.2000,23.2000,22.8333,22.8700,3675600,21.8923
2004-09-28,23.0000,23.3433,22.9433,23.2667,3482700,22.2720
2004-09-29,23.3000,23.4100,23.2033,23.3900,1498200,22.3901
2004-09-30,23.3000,23.4767,23.1700,23.3100,1457700,22.3135
2004-10-01,23.5000,23.7800,23.4033,23.7500,1788900,22.7347
2004-10-04,24.0000,24.0600,23.8700,23.9567,2358000,22.9325
2004-10-05,23.9667,24.0000,23.5833,23.6100,3837900,22.6007
2004-10-06,23.6000,23.7067,23.3733,23.5833,1062600,22.5752
2004-10-07,23.5500,23.6000,23.0067,23.0167,3977100,22.0327
2004-10-08,23.0167,23.1633,22.7533,22.7933,2564700,21.8189
2004-10-11,22.7833,23.0767,22.7833,22.9767,1533600,21.9944
2004-10-12,22.8333,22.9733,22.6067,22.8533,2414100,21.8764
2004-10-13,22.9833,23.0067,22.3667,22.3933,3981600,21.4360
2004-10-14,22.5833,22.8767,22.1333,22.2333,1801500,21.2829
2004-10-15,22.3667,22.5933,22.0767,22.4367,5268000,21.4775
2004-10-18,22.3833,22.9000,22.3833,22.7367,3932100,21.7647
2004-10-19,23.0000,23.0000,22.4467,22.4833,2306400,21.5222
2004-10-20,22.5333,22.6333,22.3333,22.5867,1792500,21.6211
2004-10-21,22.3667,22.5567,22.1433,22.4667,2516100,21.5062
2004-10-22,22.4333,22.4333,21.9533,21.9933,1080000,21.0531
2004-10-25,22.0000,22.0000,21.5000,21.6667,3754200,20.7404
2004-10-26,21.6833,22.1600,21.6667,22.1000,4443300,21.1552
2004-10-27,22.1500,22.6667,22.0767,22.6167,2654400,21.6498
2004-10-28,22.5667,22.8733,22.4700,22.7667,2772000,21.7934
2004-10-29,22.8167,22.9000,22.4333,22.6900,1909200,21.7200
2004-11-01,22.7333,22.8333,22.5767,22.6400,836400,21.6721
2004-11-02,22.7167,22.9467,22.2500,22.3667,2518800,21.4105
2004-11-03,23.0000,23.3333,22.8900,23.0833,4482600,22.0965
2004-11-04,23.0667,23.1933,22.7000,23.1000,1857000,22.1125
2004-11-05,23.4333,23.7433,23.3167,23.6700,2449500,22.6581
2004-11-08,23.6700,23.7833,23.3867,23.5333,2066100,22.5273
2004-11-09,23.6667,23.8533,23.5000,23.6967,1807500,22.6836
2004-11-10,23.6667,24.0533,23.5833,23.8000,2437800,22.7826
2004-11-11,23.8567,24.1700,23.8533,24.0833,1290300,23.0538
2004-11-12,24.0667,24.1133,23.7400,24.0233,1649700,22.9963
2004-11-15,23.9167,24.0400,23.8500,23.9733,1314900,22.9485
2004-11-16,23.9167,24.0333,23.7700,23.7700,961200,22.7538
2004-11-17,23.9333,24.1467,23.6000,23.7433,2285700,22.7283
2004-11-18,23.8133,23.8333,23.6333,23.7967,1042500,22.7794
2004-11-19,23.6667,23.6667,23.2500,23.3033,1788600,22.3071
2004-11-22,23.2333,23.4000,22.9967,23.3067,2646600,22.3103
2004-11-23,23.3167,23.3633,23.0033,23.2367,1134600,22.2433
2004-11-24,23.3333,23.4900,23.2833,23.4900,1780800,22.4858
2004-11-26,23.5667,23.6867,23.4933,23.5500,1398300,22.5432
2004-11-29,23.7000,23.7500,23.3500,23.5200,1076100,22.5145
2004-11-30,23.5200,23.6467,23.4333,23.5000,890700,22.4954
2004-12-01,23.5367,23.9367,23.5367,23.9333,1884000,22.9102
2004-12-02,23.8500,24.3967,23.8500,24.3967,3765300,23.3537
2004-12-03,24.3933,24.5500,24.2200,24.2200,2799600,23.1846
2004-12-06,24.4000,24.4000,23.9767,24.1300,2843400,23.0984
2004-12-07,24.3833,24.3833,23.6667,23.6833,2058600,22.6709
2004-12-08,23.8500,24.1733,23.7333,24.1667,2601900,23.1336
2004-12-09,24.0033,24.3500,23.7800,24.3000,1823700,23.2612
2004-12-10,24.2333,24.3867,24.1667,24.2867,2173800,23.2484
2004-12-13,24.5667,24.7233,24.3567,24.7000,2280000,23.6441
2004-12-14,24.7333,25.0300,24.6667,24.9833,2865000,23.9153
2004-12-15,25.0000,25.1100,24.7500,24.8267,2112900,23.7653
2004-12-16,25.0000,25.0567,24.7167,24.7667,3422400,23.7079
2004-12-17,24.8000,25.0333,24.8000,24.8333,2113500,23.7717
2004-12-20,25.0000,25.1233,24.6800,24.7267,2785800,23.6696
2004-12-21,24.7667,24.8933,24.6667,24.8433,883800,23.7813
2004-12-22,24.8000,25.0233,24.8000,24.9433,1289100,23.8770
2004-12-23,24.9500,25.1200,24.9000,25.0667,1396200,23.9951
2004-12-27,25.2000,25.2167,24.7000,24.8667,1038300,23.8036
2004-12-28,24.9000,25.3333,24.9000,25.2833,2261100,24.2025
2004-12-29,25.3333,25.3967,25.1667,25.3100,2196600,24.2280
2004-12-30,25.3833,25.3833,25.2033,25.2500,686100,24.1706
2004-12-31,25.3000,25.3000,25.1300,25.1333,2190900,24.0589
2005-01-03,25.2833,25.3133,24.6800,24.8167,2110200,23.7558
2005-01-04,24.9500,24.9833,24.0833,24.0833,3006300,23.0538
2005-01-05,24.1333,24.2833,23.9133,23.9167,4038600,22.8942
2005-01-06,24.1333,24.4500,24.0667,24.3667,2185200,23.3250
2005-01-07,24.4500,24.5100,24.0867,24.2867,2689200,23.2484
2005-01-10,24.3333,24.8300,24.3333,24.6167,1924800,23.5643
2005-01-11,24.1167,24.5333,24.0267,24.1333,2771400,23.1016
2005-01-12,24.2000,24.3600,23.9500,24.3333,2555100,23.2931
2005-01-13,24.3000,24.3933,23.8700,23.9933,1605900,22.9676
2005-01-14,24.1667,24.1800,23.8100,24.1333,3843300,23.1016
2005-01-18,24.1167,24.4833,24.0000,24.4833,1640100,23.4367
2005-01-19,24.3667,24.4667,24.0667,24.0667,1178100,23.0378
2005-01-20,24.0633,24.2433,23.8700,23.8833,2345100,22.8623
2005-01-21,23.9167,24.0500,23.6667,23.7233,4198800,22.7092
2005-01-24,23.7467,23.8533,23.1467,23.2367,5842800,22.2433
2005-01-25,23.3833,23.6667,23.1900,23.3333,2415300,22.3358
2005-01-26,23.3833,23.8167,23.3833,23.8000,1573500,22.7826
2005-01-27,23.6667,23.9667,23.5733,23.7000,3651600,22.6868
2005-01-28,23.6833,23.7767,23.2000,23.4333,3765900,22.4316
2005-01-31,23.6667,23.7867,23.5467,23.7467,1404600,22.7315
2005-02-01,23.7833,23.9567,23.6833,23.8433,1676100,22.8240
2005-02-02,23.8667,23.9833,23.7400,23.8500,1689300,22.8304
2005-02-03,23.8000,23.8133,23.5567,23.6533,1482600,22.6422
2005-02-04,23.7667,24.3500,23.6667,24.3100,3998700,23.2708
2005-02-07,24.3500,24.3733,24.1833,24.2333,881400,23.1974
2005-02-08,24.2333,24.3267,24.0267,24.1167,1317600,23.0857
2005-02-09,24.0500,24.0900,23.3500,23.4267,3064800,22.4252
2005-02-10,23.5833,23.5833,23.0333,23.3333,5218200,22.3358
2005-02-11,23.2333,23.7633,23.2033,23.6667,3955800,22.6549
2005-02-14,23.7500,23.8000,23.5867,23.7133,1644000,22.6996
2005-02-15,23.7167,23.8767,23.5700,23.6167,1771800,22.6071
2005-02-16,23.5000,23.7300,23.4633,23.6167,1774500,22.6071
2005-02-17,23.7900,23.9500,23.5000,23.5367,2254800,22.5305
2005-02-18,23.4833,23.5967,23.3767,23.4333,1418700,22.4316
2005-02-22,23.2500,23.5300,23.0167,23.1000,4447500,22.1125
2005-02-23,23.1167,23.2367,22.9667,23.2233,5071200,22.2305
2005-02-24,23.1667,23.4467,22.8733,23.3867,4253700,22.3869
2005-02-25,23.3000,23.7667,23.3000,23.7667,2770200,22.7506
2005-02-28,22.8333,23.0167,22.5300,22.7667,7354200,21.7934
2005-03-01,22.7167,22.8733,22.6700,22.8333,2240700,21.8572
2005-03-02,23.1067,23.1167,22.6567,22.7567,1074900,21.7838
2005-03-03,22.6667,22.8933,22.4367,22.4667,4969500,21.5062
2005-03-04,22.6000,22.6633,22.2200,22.2333,4624500,21.2829
2005-03-07,22.2667,22.4900,22.1533,22.1667,4725600,21.2190
2005-03-08,22.1667,22.2667,22.0300,22.0367,3842100,21.0946
2005-03-09,22.0333,22.0833,21.8000,21.9433,6201300,21.0053
2005-03-10,21.9333,22.0500,21.7033,21.8300,3893400,20.8968
2005-03-11,21.8667,21.9900,21.5600,21.6600,2406600,20.7340
2005-03-14,21.7000,22.3833,21.7000,22.3333,14747400,21.3786
2005-03-15,22.4500,22.4567,21.8100,21.8167,12231600,20.8840
2005-03-16,21.6667,21.9300,21.5233,21.5733,4670700,20.6511
2005-03-17,21.4533,21.8000,21.4533,21.6900,2472600,20.7628
2005-03-18,21.6500,21.7700,21.5900,21.6333,3124500,20.7085
2005-03-21,21.8667,21.8667,21.4933,21.6333,3142200,20.7085
2005-03-22,21.7167,21.8667,21.5833,21.6667,2985000,20.7404
2005-03-23,21.6000,21.8267,21.5000,21.7333,3338100,20.8042
2005-03-24,21.7333,22.0033,21.7333,21.9000,2647500,20.9638
2005-03-28,22.0333,22.0333,21.5233,21.5533,2931000,20.6319
2005-03-29,21.5000,21.5733,21.0000,21.1000,7985100,20.1980
2005-03-30,21.1333,21.4400,21.1333,21.4333,2963100,20.5171
2005-03-31,21.3333,21.3533,21.1667,21.1833,4568400,20.2778
2005-04-01,21.4333,21.5133,20.9067,21.0000,3701100,20.1023
2005-04-04,20.9500,21.1167,20.8133,21.0100,3822900,20.1118
2005-04-05,21.0500,21.2733,21.0333,21.2333,2837400,20.3256
2005-04-06,21.4333,21.8033,21.4067,21.5967,6984600,20.6734
2005-04-07,21.6667,21.9433,21.4733,21.9000,2877300,20.9638
2005-04-08,22.2500,22.2533,21.7033,21.7900,2177700,20.8585
2005-04-11,21.8667,21.9433,21.7700,21.8000,1378500,20.8681
2005-04-12,21.7667,22.1000,21.4900,22.0800,5651700,21.1361
2005-04-13,22.0667,22.0900,21.8200,21.9000,1961400,20.9638
2005-04-14,21.8333,21.9700,21.5333,21.5333,3111600,20.6128
2005-04-15,21.5500,21.8667,21.5000,21.5333,5997300,20.6128
2005-04-18,21.6167,21.6833,21.3233,21.4500,3374700,20.5330
2005-04-19,21.5833,21.6567,21.4700,21.6167,1629300,20.6926
2005-04-20,21.6967,21.7000,21.3667,21.3667,1909200,20.4532
2005-04-21,21.6667,21.8300,21.5467,21.8167,3382200,20.8840
2005-04-22,21.6400,21.8367,21.5100,21.6333,2023500,20.7085
2005-04-25,21.6667,21.7800,21.5167,21.6833,1339800,20.7564
2005-04-26,21.7500,21.9500,21.6333,21.6467,2663400,20.7213
2005-04-27,21.5833,21.5833,21.3367,21.5200,3199800,20.6000
2005-04-28,21.4167,21.4167,20.9767,21.0000,5184900,20.1023
2005-04-29,21.0567,21.1800,20.7667,21.1567,2176500,20.2522
2005-05-02,21.1833,21.3667,21.1833,21.3000,1829100,20.3894
2005-05-03,21.3800,21.5833,21.3033,21.4167,2362800,20.5011
2005-05-04,21.4667,21.8267,21.4267,21.7500,1366500,20.8202
2005-05-05,21.7333,21.8733,21.5867,21.8133,2821200,20.8808
2005-05-06,21.6900,22.0000,21.6900,21.8367,1096800,20.9031
2005-05-09,21.9500,22.2167,21.8300,22.2167,1998000,21.2669
2005-05-10,22.2000,22.4300,22.1300,22.3333,5010000,21.3786
2005-05-11,22.4833,22.4833,22.0733,22.4667,3756900,21.5062
2005-05-12,22.4667,22.6033,22.2567,22.3467,1831200,21.3914
2005-05-13,22.4333,22.4333,21.9833,22.1667,3206100,21.2190
2005-05-16,22.2167,22.3033,22.0367,22.3033,1706400,21.3499
2005-05-17,22.2833,22.2833,22.0000,22.1833,3557700,21.2350
2005-05-18,22.3000,22.4900,22.2500,22.3700,4028700,21.4137
2005-05-19,22.5000,22.5000,22.2667,22.4000,2010600,21.4424
2005-05-20,22.2500,22.3900,22.2500,22.3200,2530800,21.3658
2005-05-23,22.3167,22.4567,22.2733,22.3667,2433900,21.4105
2005-05-24,22.4000,22.4900,22.2500,22.3067,4404000,21.3531
2005-05-25,22.3500,22.3600,22.0867,22.1333,1309200,21.1871
2005-05-26,22.2600,22.3800,22.1733,22.3167,1311300,21.3626
2005-05-27,22.3933,22.4667,22.2733,22.4100,947400,21.4520
2005-05-31,22.4333,22.4333,22.1833,22.2333,1103400,21.2829
2005-06-01,22.3000,22.4367,22.2000,22.3233,1091400,21.3690
2005-06-02,22.3333,22.3433,22.2500,22.2833,1181400,21.3307
2005-06-03,21.6067,22.3200,21.6067,21.8500,3598800,20.9159
2005-06-06,21.9167,21.9167,21.6233,21.6500,4327500,20.7245
2005-06-07,21.6667,21.8367,21.5000,21.5700,2916900,20.6479
2005-06-08,21.6500,21.6500,21.4267,21.4600,1282500,20.5426
2005-06-09,21.5333,21.8300,21.4467,21.7667,2577900,20.8362
2005-06-10,21.7667,21.8067,21.6867,21.7667,1011300,20.8362
2005-06-13,21.8000,21.8933,21.7133,21.7667,795900,20.8362
2005-06-14,21.7600,21.8833,21.7367,21.8567,2474700,20.9223
2005-06-15,21.9333,21.9333,21.6667,21.8367,1067400,20.9031
2005-06-16,22.0167,22.6433,21.9733,22.5000,8094000,21.5381
2005-06-17,22.6333,22.7467,22.5033,22.6667,3946800,21.6977
2005-06-20,22.8333,22.9300,22.6833,22.8567,4551600,21.8795
2005-06-21,22.9500,22.9833,22.7000,22.7667,4719300,21.7934
2005-06-22,22.8667,22.9033,22.6167,22.6533,2841300,21.6849
2005-06-23,22.7500,22.7867,22.4233,22.4500,2319900,21.4903
2005-06-24,22.4167,22.5500,22.3667,22.5233,2474400,21.5605
2005-06-27,22.6000,22.6000,22.3067,22.3833,2352900,21.4265
2005-06-28,22.4667,22.8000,22.4300,22.8000,1795800,21.8253
2005-06-29,22.8500,22.8500,22.6567,22.7667,2123400,21.7934
2005-06-30,22.7000,22.8000,22.5667,22.6333,1252500,21.6658
2005-07-01,22.7000,22.7333,22.5100,22.6167,1017900,21.6498
2005-07-05,22.6167,22.9467,22.5400,22.9367,1593000,21.9561
2005-07-06,23.0333,23.1867,22.9667,23.0300,3925200,22.0455
2005-07-07,22.9500,23.3867,22.8333,23.3833,5541000,22.3837
2005-07-08,23.5167,24.1267,23.4333,24.0333,4785600,23.0059
2005-07-11,24.1000,24.1400,23.9467,24.1000,4845000,23.0697
2005-07-12,24.1667,24.2200,23.9367,24.1333,3118800,23.1016
2005-07-13,24.2133,24.2167,23.9167,24.0267,1478400,22.9995
2005-07-14,24.2167,24.4133,24.1400,24.2500,2006100,23.2133
2005-07-15,24.4433,24.8233,24.3233,24.7600,4333200,23.7015
2005-07-18,24.7733,24.7733,24.5567,24.6533,3245400,23.5994
2005-07-19,24.7333,24.9333,24.6333,24.9000,3008100,23.8355
2005-07-20,25.1633,25.8467,25.1633,25.8067,6217500,24.7034
2005-07-21,25.7333,25.9667,25.4267,25.7233,6639600,24.6237
2005-07-22,25.7667,25.7667,25.0967,25.4300,5780100,24.3429
2005-07-25,25.4333,25.4500,25.0367,25.0833,3996600,24.0110
2005-07-26,25.2333,25.4967,25.1067,25.4033,2754900,24.3174
2005-07-27,25.3333,25.4000,25.1600,25.2000,2284800,24.1227
2005-07-28,25.4000,25.4667,25.2600,25.4467,1572300,24.3588
2005-07-29,25.4667,25.5100,25.2367,25.3333,2016900,24.2503
2005-08-01,25.3933,25.7233,25.3933,25.6867,2283000,24.5886
2005-08-02,25.7333,25.9333,25.7333,25.9000,2988300,24.7928
2005-08-03,25.8600,26.0000,25.7767,25.9700,988200,24.8598
2005-08-04,25.9200,25.9200,25.4667,25.5267,3636300,24.4354
2005-08-05,25.4567,25.5133,25.1200,25.1233,4885500,24.0493
2005-08-08,25.1433,25.2000,24.6233,24.6567,6456300,23.6026
2005-08-09,24.6467,24.9033,24.6467,24.8967,3238200,23.8323
2005-08-10,24.9433,25.0133,24.6800,24.7867,1979700,23.7270
2005-08-11,24.7833,25.1233,24.7767,25.0667,2898000,23.9951
2005-08-12,24.9500,24.9500,24.6700,24.7733,2142600,23.7143
2005-08-15,24.8200,25.1167,24.6800,25.0333,1754700,23.9632
2005-08-16,24.9933,25.0300,24.6667,24.6700,1396200,23.6154
2005-08-17,24.6700,24.8467,24.5900,24.6767,1353300,23.6217
2005-08-18,24.5167,24.8833,24.4833,24.6900,4071000,23.6345
2005-08-19,24.7400,24.8833,24.7100,24.7967,1801500,23.7366
2005-08-22,24.8433,24.9733,24.6567,24.7667,2574300,23.7079
2005-08-23,24.9267,24.9700,24.7167,24.8433,1271400,23.7813
2005-08-24,24.7700,25.1100,24.7700,24.8267,3603000,23.7653
2005-08-25,24.8433,24.9767,24.8333,24.9400,1997100,23.8738
2005-08-26,24.9167,24.9167,24.6667,24.7967,1820400,23.7366
2005-08-29,24.6500,25.1000,24.6233,25.0533,2053500,23.9823
2005-08-30,25.0500,25.0533,24.8167,24.8667,1632600,23.8036
2005-08-31,24.7433,25.4200,24.7433,25.4200,3727800,24.3333
2005-09-01,25.5167,25.7400,25.4433,25.6033,4197900,24.5088
2005-09-02,25.6200,25.6633,25.4100,25.4933,1587900,24.4035
2005-09-06,25.4933,25.9567,25.4933,25.9000,2610600,24.7928
2005-09-07,25.9000,26.1133,25.8500,26.0800,2098500,24.9651
2005-09-08,26.0300,26.2733,25.8933,26.1067,3147000,24.9906
2005-09-09,26.1867,26.3300,26.0833,26.3300,2326800,25.2044
2005-09-12,26.3267,26.4667,26.3000,26.3333,1882500,25.2076
2005-09-13,26.2000,26.2500,26.0000,26.0833,3108600,24.9683
2005-09-14,26.1467,26.1500,25.8333,25.8900,1998300,24.7832
2005-09-15,25.9000,26.0667,25.8500,25.9167,2989500,24.8087
2005-09-16,26.0000,26.0800,25.7967,26.0533,2595600,24.9396
2005-09-19,26.1333,26.1733,25.9700,26.0767,1373700,24.9619
2005-09-20,26.1500,26.3333,25.8367,25.9800,2359800,24.8694
2005-09-21,26.2300,26.2300,25.3300,25.4833,2101800,24.3939
2005-09-22,25.1667,25.6000,25.1667,25.5000,4742100,24.4099
2005-09-23,25.4167,25.6167,25.2833,25.4100,3870300,24.3237
2005-09-26,25.6167,25.7033,25.2600,25.5000,2930700,24.4099
2005-09-27,25.5000,25.5367,25.2067,25.3667,2924700,24.2823
2005-09-28,25.3167,25.4700,25.2533,25.3000,2175900,24.2184
2005-09-29,25.2933,25.4967,25.1967,25.4967,3325800,24.4067
2005-09-30,25.6500,25.6667,25.4400,25.6667,1983900,24.5694
2005-10-03,25.7000,25.9433,25.6267,25.9400,5272800,24.8311
2005-10-04,25.9500,26.3500,25.8433,25.8433,3407100,24.7385
2005-10-05,25.8767,25.8767,25.1467,25.1600,6299700,24.0844
2005-10-06,25.0333,25.1267,24.2000,24.4167,16857300,23.3729
2005-10-07,24.4167,24.7500,24.2867,24.5433,6033000,23.4941
2005-10-10,24.6667,24.7467,24.4433,24.4833,2398500,23.4367
2005-10-11,24.6500,24.7267,23.9900,24.0333,7640700,23.0059
2005-10-12,24.0000,24.0667,23.4267,23.5667,12071700,22.5592
2005-10-13,24.1033,24.1033,23.4600,23.9733,10264500,22.9485
2005-10-14,24.4533,24.4533,23.9800,24.3833,6632400,23.3410
2005-10-17,24.3167,24.5033,24.0667,24.2867,4165200,23.2484
2005-10-18,24.8100,24.8100,24.1733,24.1733,1590000,23.1399
2005-10-19,24.1333,24.6300,23.8633,24.5167,5937300,23.4686
2005-10-20,24.3367,24.4267,23.9333,24.0233,2967300,22.9963
2005-10-21,24.2400,24.2467,24.0000,24.0500,2511900,23.0219
2005-10-24,24.1467,24.7433,24.1467,24.7433,4025400,23.6856
2005-10-25,24.6733,24.8867,24.6067,24.8633,3408000,23.8004
2005-10-26,24.7633,25.0200,24.5933,24.6000,2630400,23.5484
2005-10-27,24.5233,24.5233,24.0333,24.0600,4344900,23.0314
2005-10-28,24.1667,24.3067,24.0400,24.2367,1944000,23.2006
2005-10-31,24.8867,24.9300,24.3767,24.7467,3363300,23.6888
2005-11-01,24.6167,24.6167,24.3367,24.4233,1977300,23.3792
2005-11-02,24.4733,24.7633,24.4733,24.6467,2320800,23.5930
2005-11-03,25.2167,25.2933,24.8567,25.1700,3453900,24.0940
2005-11-04,25.4833,25.4900,25.1467,25.3133,2921100,24.2312
2005-11-07,25.4700,25.5267,25.0300,25.3933,2875800,24.3078
2005-11-08,25.3367,25.4900,25.3133,25.4267,1368000,24.3397
2005-11-09,25.7000,25.7000,25.3067,25.3767,2135400,24.2918
2005-11-10,25.1667,25.8167,25.1500,25.8167,2571300,24.7130
2005-11-11,26.1500,26.1500,25.7667,25.9133,1390800,24.8055
2005-11-14,26.1800,26.1800,25.6833,25.6933,1781700,24.5949
2005-11-15,25.7733,25.8700,25.5600,25.6100,1884600,24.5152
2005-11-16,25.9500,25.9500,25.4100,25.5833,1977300,24.4896
2005-11-17,25.2667,26.0500,25.2667,26.0467,2187900,24.9332
2005-11-18,26.3800,26.4000,26.1000,26.1533,6339600,25.0353
2005-11-21,26.7500,26.7500,26.0533,26.3867,2249400,25.2586
2005-11-22,26.8167,26.8167,26.3667,26.6467,2035200,25.5075
2005-11-23,26.7000,26.7000,26.3033,26.3667,1882800,25.2395
2005-11-25,26.4000,26.4000,26.1867,26.3033,927600,25.1789
2005-11-28,25.9400,26.6767,25.6367,25.6367,2736600,24.5407
2005-11-29,26.1000,26.1000,25.4767,25.5600,2941800,24.4673
2005-11-30,25.5433,25.7933,25.4567,25.5700,2014800,24.4769
2005-12-01,25.7000,25.8933,25.5533,25.7333,2457000,24.6332
2005-12-02,25.6900,25.7267,25.4600,25.6833,1815300,24.5854
2005-12-05,25.7033,25.7867,25.5067,25.7867,2633400,24.6843
2005-12-06,25.8733,25.8733,25.5500,25.5533,1988700,24.4609
2005-12-07,25.6367,25.6700,25.3167,25.5100,1590000,24.4195
2005-12-08,25.4800,25.7933,25.4300,25.7067,2907600,24.6077
2005-12-09,25.6000,25.8233,25.5767,25.6800,1083000,24.5822
2005-12-12,25.8233,25.8900,25.4900,25.6267,2189100,24.5311
2005-12-13,25.6267,25.8367,25.5767,25.7100,2047500,24.6109
2005-12-14,26.0667,26.0667,25.4833,25.5800,3243600,24.4865
2005-12-15,25.6667,25.9333,25.6200,25.8233,3348600,24.7194
2005-12-16,25.7467,25.8067,25.5700,25.5767,1148700,24.4833
2005-12-19,25.5500,25.6233,25.0867,25.1533,5069100,24.0780
2005-12-20,25.1000,25.4367,24.9367,25.2633,3453300,24.1833
2005-12-21,25.3500,25.7700,25.3000,25.7600,2623500,24.6588
2005-12-22,25.8667,26.2267,25.8667,26.2267,2085600,25.1055
2005-12-23,26.2633,26.3300,26.1433,26.3300,1939500,25.2047
2005-12-27,26.4833,26.4867,25.9633,26.0033,2211900,24.8920
2005-12-28,26.0167,26.1333,25.9067,25.9767,2754600,24.8665
2005-12-29,26.0467,26.0667,25.8333,25.8367,1283400,24.7325
2005-12-30,25.8667,25.8667,25.5867,25.7467,1638300,24.6463
2006-01-03,26.0767,26.3400,25.5367,26.1333,2474400,25.0165
2006-01-04,26.1667,26.4467,26.1433,26.4167,1558200,25.2877
2006-01-05,26.3133,26.6000,26.3133,26.5767,4301700,25.4408
2006-01-06,26.6667,26.8933,26.6000,26.7833,4842900,25.6387
2006-01-09,26.9467,27.2800,26.8333,27.2800,2442600,26.1141
2006-01-10,27.2000,27.2067,27.0400,27.1533,5370600,25.9929
2006-01-11,27.1433,27.2333,26.9733,27.1467,5280300,25.9865
2006-01-12,27.0967,27.1333,26.8033,26.9433,2810400,25.7918
2006-01-13,26.9467,26.9800,26.7533,26.9800,2414700,25.8269
2006-01-17,27.0633,27.1000,26.7333,26.9833,1681800,25.8301
2006-01-18,26.3333,27.0433,26.3333,26.9567,3270000,25.8046
2006-01-19,26.9567,27.2133,26.8367,27.1500,2555400,25.9897
2006-01-20,27.2067,27.2067,26.5900,26.7500,4632600,25.6068
2006-01-23,25.9433,26.5833,25.9433,26.3567,7151700,25.2302
2006-01-24,26.5800,26.5867,26.3133,26.4733,3229200,25.3419
2006-01-25,26.5767,26.6400,26.3533,26.4600,2037900,25.3292
2006-01-26,26.5933,26.6333,26.3633,26.4667,2152500,25.3355
2006-01-27,26.4667,26.7367,26.4367,26.6700,2856600,25.5302
2006-01-30,26.7467,26.7467,26.5400,26.5867,650100,25.4504
2006-01-31,26.5500,26.9100,26.5500,26.7700,1437600,25.6259
2006-02-01,27.6000,27.6000,27.0267,27.3100,2465100,26.1428
2006-02-02,27.2500,27.2500,26.7933,26.8667,1708500,25.7184
2006-02-03,26.8000,26.9833,26.6200,26.8700,1934100,25.7216
2006-02-06,26.8400,26.8400,26.5733,26.7600,2557800,25.6163
2006-02-07,26.6500,26.8767,26.4733,26.5433,1301400,25.4089
2006-02-08,26.4800,26.6033,26.3200,26.5367,3352500,25.4026
2006-02-09,26.5167,26.7733,26.3233,26.3700,3430800,25.2430
2006-02-10,26.3367,26.5367,26.0567,26.5133,2339100,25.3802
2006-02-13,26.4833,26.4833,26.1633,26.3433,3691800,25.2175
2006-02-14,26.1033,26.8267,26.1033,26.7167,3000000,25.5749
2006-02-15,26.7333,27.1467,26.6567,27.1067,4356000,25.9482
2006-02-16,27.2600,27.5500,27.1667,27.5500,4142100,26.3726
2006-02-17,27.5533,27.6233,27.4400,27.5400,4040100,26.3630
2006-02-21,27.5967,27.5967,27.1600,27.2967,3147300,26.1301
2006-02-22,27.3333,27.7067,27.2067,27.6667,3157200,26.4843
2006-02-23,27.6500,27.7267,27.4933,27.6500,3149700,26.4683
2006-02-24,27.5700,27.9633,27.5367,27.9333,4902300,26.7395
2006-02-27,28.0800,28.5667,28.0500,28.4700,5520900,27.2533
2006-02-28,28.4900,28.5000,27.8833,28.0367,5317800,26.8384
2006-03-01,27.9500,28.3467,27.8467,28.3333,4230000,27.1224
2006-03-02,28.2367,28.3300,28.0800,28.3300,3242400,27.1192
2006-03-03,28.2533,28.3433,28.0233,28.0400,2845200,26.8416
2006-03-06,28.1200,28.1200,27.6600,27.8167,1629600,26.6278
2006-03-07,27.4667,27.6367,27.3400,27.5200,2176800,26.3439
2006-03-08,27.3300,28.0767,27.1967,27.8333,7678800,26.6438
2006-03-09,27.8333,27.8333,27.4333,27.4333,2019600,26.2609
2006-03-10,27.4000,27.6500,27.2733,27.5867,1465200,26.4077
2006-03-13,27.8333,27.8633,27.5333,27.6167,2130300,26.4364
2006-03-14,27.3733,27.8867,27.3733,27.8467,2737200,26.6566
2006-03-15,27.8900,28.0267,27.7767,27.9733,1607400,26.7778
2006-03-16,28.2500,28.2500,27.8067,27.8667,2931600,26.6757
2006-03-17,27.8633,27.9267,27.7700,27.8467,1386300,26.6566
2006-03-20,27.8367,27.9033,27.5833,27.8633,3582000,26.6725
2006-03-21,27.6767,27.9233,27.2700,27.3267,5366400,26.1588
2006-03-22,27.1000,27.5633,26.9333,27.5033,5750700,26.3279
2006-03-23,27.4900,27.4933,27.1733,27.4167,2153400,26.2449
2006-03-24,27.3700,27.4533,27.2067,27.4267,1539900,26.2545
2006-03-27,27.3500,27.3933,27.1333,27.3000,1482300,26.1333
2006-03-28,27.3033,27.3467,26.9433,27.0600,2349300,25.9035
2006-03-29,27.0667,27.3467,26.9900,27.1867,3869700,26.0248
2006-03-30,27.3333,27.5233,27.2267,27.3467,4011000,26.1779
2006-03-31,27.3533,27.4833,27.2833,27.4600,3150300,26.2864
2006-04-03,27.2800,27.3867,26.9300,27.0833,6021300,25.9259
2006-04-04,27.0100,27.1033,26.9167,27.0767,2576400,25.9195
2006-04-05,27.1200,27.1200,26.8200,27.0200,2710800,25.8652
2006-04-06,27.0100,27.0100,26.3333,26.5667,9015900,25.4313
2006-04-07,26.5167,26.6867,26.0333,26.1167,5181600,25.0005
2006-04-10,26.1367,26.1767,25.8967,25.9500,3502200,24.8410
2006-04-11,25.8967,26.0633,25.3933,25.5700,6526200,24.4772
2006-04-12,25.5133,25.8967,25.5067,25.7500,5161500,24.6495
2006-04-13,25.6700,26.1233,25.6467,26.0367,4371300,24.9239
2006-04-17,26.0733,26.1867,25.6100,25.8867,5127300,24.7803
2006-04-18,26.0433,26.3833,25.9100,26.2833,4908300,25.1600
2006-04-19,26.3100,26.3767,26.0667,26.3533,2613900,25.2271
2006-04-20,26.3600,26.3600,26.1333,26.2133,3070200,25.0930
2006-04-21,26.3167,26.4567,25.9333,25.9733,2791800,24.8633
2006-04-24,25.9333,25.9933,25.7567,25.9667,4302600,24.8569
2006-04-25,25.9533,25.9533,25.5500,25.7333,6036900,24.6336
2006-04-26,25.5833,25.7067,25.2800,25.3800,5735400,24.2953
2006-04-27,25.4033,26.0000,25.4000,25.9167,6262800,24.8091
2006-04-28,25.7800,25.9600,25.6367,25.8833,2633400,24.7771
2006-05-01,25.8833,26.0667,25.5533,25.5533,2968200,24.4612
2006-05-02,25.6100,25.6933,25.2200,25.3667,7003200,24.2826
2006-05-03,25.2167,25.4633,25.1433,25.3567,8584200,24.2730
2006-05-04,25.6633,25.6633,25.4400,25.4767,4853700,24.3878
2006-05-05,25.7500,26.0367,25.6167,25.9967,7537200,24.8856
2006-05-08,25.9300,25.9633,25.8133,25.8767,2309400,24.7708
2006-05-09,25.9333,25.9700,25.6733,25.7333,2135700,24.6336
2006-05-10,25.5000,25.6933,25.3700,25.4267,4302300,24.3400
2006-05-11,25.3567,25.3567,24.9900,24.9967,5562000,23.9284
2006-05-12,24.8367,24.9333,24.5367,24.8400,9937500,23.7784
2006-05-15,24.6700,24.9933,24.6133,24.7933,11185200,23.7337
2006-05-16,24.7967,24.8067,24.4700,24.6433,5398800,23.5901
2006-05-17,24.4433,24.5833,24.0700,24.1967,5093700,23.1626
2006-05-18,24.3167,24.4200,23.7100,23.8267,6603600,22.8084
2006-05-19,23.8267,24.0333,23.5400,24.0167,13627500,22.9902
2006-05-22,23.7833,24.0467,23.5633,23.7400,5462100,22.7254
2006-05-23,23.7500,24.1067,23.4033,23.4667,5923800,22.4638
2006-05-24,23.5000,23.8367,23.0900,23.7033,8373600,22.6903
2006-05-25,23.8467,24.2167,23.8467,24.2067,8420400,23.1721
2006-05-26,24.3733,24.7400,24.3333,24.7133,7181700,23.6571
2006-05-30,24.5500,24.6667,24.1100,24.1200,6237000,23.0892
2006-05-31,24.2000,24.5467,24.2000,24.4000,4401900,23.3572
2006-06-01,24.6167,24.9033,24.5433,24.8867,7154100,23.8231
2006-06-02,25.1633,25.2533,24.8333,25.0600,6810900,23.9890
2006-06-05,24.9767,25.0467,24.2667,24.3833,6728700,23.3412
2006-06-06,24.4000,24.4467,23.9533,24.2467,7678200,23.2104
2006-06-07,24.2133,24.6967,24.1500,24.1733,6827100,23.1402
2006-06-08,24.0433,24.4133,23.7433,24.2767,9495600,23.2391
2006-06-09,24.2833,24.6267,24.0000,24.1333,3245400,23.1019
2006-06-12,24.1333,24.1467,23.6067,23.6667,6562500,22.6552
2006-06-13,23.5167,23.8467,23.2833,23.3467,6952800,22.3489
2006-06-14,23.4833,23.5667,23.2067,23.5200,3993600,22.5148
2006-06-15,23.6667,24.1967,23.6667,24.1400,5957100,23.1083
2006-06-16,24.0233,24.1033,23.7700,23.8333,4226700,22.8147
2006-06-19,23.8333,23.9267,23.3500,23.4300,6506400,22.4286
2006-06-20,23.2000,24.1433,23.2000,23.3333,2958300,22.3361
2006-06-21,23.0500,23.6333,23.0500,23.4700,3589500,22.4669
2006-06-22,23.4000,23.4667,23.1800,23.2633,1942800,22.2691
2006-06-23,23.2200,23.6600,23.1733,23.5633,2535900,22.5563
2006-06-26,23.5500,23.6133,23.4600,23.5833,1820100,22.5754
2006-06-27,23.6200,23.6833,23.1100,23.1333,4190100,22.1447
2006-06-28,23.1667,23.2833,22.9267,23.2333,2464200,22.2404
2006-06-29,23.3200,23.9700,23.3200,23.9700,4590300,22.9456
2006-06-30,23.9800,24.3633,23.9767,24.2333,4362000,23.1977
2006-07-03,24.3733,24.4033,24.2267,24.3200,770400,23.2806
2006-07-05,24.1633,24.2000,23.9633,24.0833,2777700,23.0541
2006-07-06,24.1667,24.3500,24.1333,24.2767,1858500,23.2391
2006-07-07,24.1833,24.3433,24.0100,24.0200,2760600,22.9934
2006-07-10,24.0767,24.2267,23.7800,23.8767,4338600,22.8562
2006-07-11,23.9500,24.0167,23.6767,23.9867,4275600,22.9615
2006-07-12,23.9067,24.2233,23.8200,23.8200,3273000,22.8020
2006-07-13,23.6667,23.6800,23.2933,23.2933,5688000,22.2978
2006-07-14,23.2833,23.3300,22.8500,22.9133,5004000,21.9341
2006-07-17,22.9567,23.1367,22.6467,22.7067,4540500,21.7362
2006-07-18,22.6600,22.9267,22.3967,22.6467,8335200,21.6788
2006-07-19,22.6767,23.5400,22.6767,23.3900,6753300,22.3904
2006-07-20,23.3967,23.4067,22.9033,22.9167,5942400,21.9373
2006-07-21,22.8333,22.9000,22.6667,22.7700,3858600,21.7969
2006-07-24,22.9633,23.3433,22.9633,23.3433,4129800,22.3457
2006-07-25,23.3333,23.8533,23.2967,23.7733,5166600,22.7573
2006-07-26,23.6933,24.1300,23.5667,24.0167,8114400,22.9902
2006-07-27,24.0167,24.0900,23.4367,23.5700,4107600,22.5627
2006-07-28,23.5867,23.9267,23.5767,23.9200,4769400,22.8977
2006-07-31,23.8867,23.9400,23.6400,23.8300,2731500,22.8116
2006-08-01,23.6733,23.7467,23.5367,23.6333,2091900,22.6233
2006-08-02,23.8000,24.0367,23.8000,23.8933,3125400,22.8722
2006-08-03,23.8867,24.2367,23.6367,24.1467,2816400,23.1147
2006-08-04,24.2500,24.4000,23.6433,23.8133,5361600,22.7956
2006-08-07,23.6433,23.7633,23.3833,23.4667,2757000,22.4638
2006-08-08,23.4967,23.5767,23.1467,23.2500,5187300,22.2563
2006-08-09,23.5667,23.6800,23.1600,23.1700,2750100,22.1798
2006-08-10,22.9667,23.2400,22.9000,23.0667,2481600,22.0809
2006-08-11,23.0333,23.1633,22.8733,22.9733,2940600,21.9915
2006-08-14,23.1667,23.3867,22.9200,22.9200,2730900,21.9405
2006-08-15,23.3167,23.4000,23.1300,23.3967,3203400,22.3967
2006-08-16,23.5933,23.8433,23.4867,23.7867,3373200,22.7701
2006-08-17,23.8233,24.0967,23.7500,24.0000,5416200,22.9743
2006-08-18,24.0667,24.0867,23.7933,24.0633,3590700,23.0349
2006-08-21,23.8033,24.0800,23.8033,23.9333,2125500,22.9105
2006-08-22,23.9000,24.0700,23.7600,23.9200,1241400,22.8977
2006-08-23,23.8367,24.0000,23.7067,23.8067,2356500,22.7892
2006-08-24,24.0233,24.0233,23.7500,23.9200,1352400,22.8977
2006-08-25,23.9133,24.1633,23.8400,24.1333,1034400,23.1019
2006-08-28,24.1667,24.4067,24.0600,24.3900,3542700,23.3476
2006-08-29,24.4333,24.6000,24.2033,24.6000,2590200,23.5487
2006-08-30,24.6633,24.7333,24.4933,24.7333,3090300,23.6763
2006-08-31,25.0267,25.0267,24.4267,24.5800,2740800,23.5295
2006-09-01,24.6133,24.7900,24.6000,24.7767,1482900,23.7178
2006-09-05,24.6767,24.7933,24.5200,24.6567,2936100,23.6029
2006-09-06,24.4333,24.4667,24.0400,24.0400,4485000,23.0126
2006-09-07,23.9000,24.1600,23.7900,23.9067,6301500,22.8850
2006-09-08,23.8867,24.0800,23.8500,24.0733,2582400,23.0445
2006-09-11,23.7667,24.0167,23.6667,23.9100,4401900,22.8881
2006-09-12,23.8500,24.3000,23.8133,24.2833,3007500,23.2455
2006-09-13,24.2533,24.3533,24.1367,24.3333,3118800,23.2934
2006-09-14,24.2733,24.3767,24.1933,24.2367,2846100,23.2009
2006-09-15,24.4667,24.4667,24.1667,24.3400,5162100,23.2998
2006-09-18,24.0400,24.4233,24.0400,24.2900,1904400,23.2519
2006-09-19,24.3500,24.3500,23.9600,24.1467,3244500,23.1147
2006-09-20,24.3567,24.4800,24.2400,24.3900,3166800,23.3476
2006-09-21,24.4433,24.4967,24.1400,24.2167,2953800,23.1817
2006-09-22,24.2533,24.2533,23.8333,23.9500,3065400,22.9264
2006-09-25,24.0033,24.2467,23.7933,24.1967,1824300,23.1626
2006-09-26,24.1967,24.8400,23.9967,24.1567,2246700,23.1243
2006-09-27,24.0667,24.5533,24.0667,24.5000,4791300,23.4529
2006-09-28,24.4633,24.6633,24.4433,24.5667,2899200,23.5168
2006-09-29,24.7000,24.7700,24.5600,24.5933,4585800,23.5423
2006-10-02,24.5167,24.7633,24.1000,24.3700,3643800,23.3285
2006-10-03,24.3367,24.4867,24.1667,24.3633,4766400,23.3221
2006-10-04,24.4067,24.9533,24.3000,24.9533,5283600,23.8869
2006-10-05,24.8833,25.3867,24.8833,25.3333,3933300,24.2506
2006-10-06,25.4167,25.4333,25.1933,25.3767,1874700,24.2921
2006-10-09,25.3500,25.6667,25.3500,25.6267,2286600,24.5314
2006-10-10,25.6600,25.6933,25.4033,25.5333,3024900,24.4421
2006-10-11,25.4833,25.6000,25.2367,25.5100,2349900,24.4198
2006-10-12,25.4833,25.8667,25.4667,25.8667,2002200,24.7612
2006-10-13,25.8067,25.8833,25.6633,25.8567,3637200,24.7516
2006-10-16,25.7933,25.9833,25.7633,25.8833,2085000,24.7771
2006-10-17,25.8500,26.1300,25.7467,26.0000,5296500,24.8888
2006-10-18,26.3233,26.3600,25.9800,26.1667,3315900,25.0484
2006-10-19,26.2467,26.3233,26.1500,26.2567,2395200,25.1345
2006-10-20,26.3267,26.3267,25.9333,26.1500,3318000,25.0324
2006-10-23,26.2667,26.3400,26.0100,26.1967,2046900,25.0771
2006-10-24,26.2167,26.2867,25.9400,26.1000,1140900,24.9845
2006-10-25,26.0333,26.1033,25.7967,26.0567,2611500,24.9431
2006-10-26,26.0833,26.4800,26.0467,26.4800,1962600,25.3483
2006-10-27,26.5333,26.6667,26.3200,26.3233,4773000,25.1983
2006-10-30,26.2000,26.3700,26.0633,26.2733,5108100,25.1505
2006-10-31,26.5667,26.6533,26.3867,26.5200,6675300,25.3866
2006-11-01,26.6333,26.6667,26.1200,26.1500,2454000,25.0324
2006-11-02,26.0767,26.1367,25.9233,26.1167,2267400,25.0005
2006-11-03,26.1167,26.2633,25.9000,26.2433,4688700,25.1217
2006-11-06,26.4667,26.8000,26.4300,26.7833,8031600,25.6387
2006-11-07,26.7700,27.0967,26.6700,26.9333,5353200,25.7823
2006-11-08,26.6667,27.0100,26.5000,27.0000,4112100,25.8461
2006-11-09,26.9500,26.9900,26.2633,26.3433,3425700,25.2175
2006-11-10,26.2967,26.7333,26.2667,26.7333,3539400,25.5908
2006-11-13,26.5500,26.8167,26.5500,26.7000,4054200,25.5589
2006-11-14,26.6200,26.8833,26.4000,26.8833,2673300,25.7344
2006-11-15,26.8333,27.1400,26.8200,27.1400,2283600,25.9801
2006-11-16,27.1667,27.2000,27.0267,27.0633,3024900,25.9067
2006-11-17,26.9433,27.2900,26.9433,27.2833,2223900,26.1173
2006-11-20,27.2333,27.3833,27.1067,27.3067,1960800,26.1396
2006-11-21,27.1700,27.2567,27.0167,27.1333,1870200,25.9737
2006-11-22,27.0600,27.2000,26.9667,27.1267,2466600,25.9673
2006-11-24,27.0900,27.1567,26.9167,27.0667,771900,25.9099
2006-11-27,27.0600,27.0600,26.5233,26.5333,4051800,25.3994
2006-11-28,26.3500,26.5867,26.2833,26.5267,3427200,25.3930
2006-11-29,26.6000,26.9167,26.6000,26.9167,2056200,25.7663
2006-11-30,27.0000,27.0333,26.6533,26.6933,3151200,25.5525
2006-12-01,26.7500,26.8333,26.3333,26.5733,2483100,25.4377
2006-12-04,26.5833,26.9933,26.5833,26.9667,2563500,25.8142
2006-12-05,26.9933,27.0567,26.8533,27.0500,3614700,25.8939
2006-12-06,27.0733,27.1600,26.9300,27.1067,1537500,25.9482
2006-12-07,27.1600,27.1700,26.7967,26.9067,2173200,25.7567
2006-12-08,26.8833,27.1700,26.7233,27.0667,3501000,25.9099
2006-12-11,26.8500,26.9767,26.7433,26.8067,2322300,25.6610
2006-12-12,26.8467,26.8500,26.5100,26.5367,2677800,25.4026
2006-12-13,26.5667,26.6700,26.3467,26.3733,5073900,25.2462
2006-12-14,26.4333,26.7033,26.4333,26.4367,6040800,25.3068
2006-12-15,26.6600,26.7667,26.5333,26.5733,2878200,25.4377
2006-12-18,26.6367,26.7500,26.2633,26.3833,5698200,25.2558
2006-12-19,26.2400,26.5167,26.0800,26.2667,3624000,25.1441
2006-12-20,26.3833,26.4367,26.2333,26.3000,2054100,25.1760
2006-12-21,26.2533,26.3967,26.1333,26.2000,2400600,25.0806
2006-12-22,26.1333,26.2633,26.0400,26.1233,2281800,25.0072
2006-12-26,26.0667,26.1867,25.9967,26.0167,962700,24.9051
2006-12-27,26.2000,26.3167,26.0633,26.0867,2968800,24.9721
2006-12-28,26.1467,26.2000,25.9900,26.0667,2816100,24.9530
2006-12-29,25.9900,26.0833,25.8900,25.9200,2253300,24.8126
2007-01-03,26.1667,26.2500,25.4567,25.8800,4227600,24.7743
2007-01-04,25.8300,26.3767,25.7133,26.2800,4701000,25.1572
2007-01-05,26.2433,26.3400,26.0933,26.2100,3203100,25.0902
2007-01-08,26.2000,26.3300,26.0767,26.3200,1440600,25.1955
2007-01-09,26.1833,26.3667,26.1133,26.3033,3020700,25.1795
2007-01-10,26.0867,26.4200,26.0867,26.4167,3020400,25.2880
2007-01-11,26.3700,26.7633,26.3700,26.7167,3131100,25.5752
2007-01-12,26.7833,27.1133,26.7333,27.1133,3455700,25.9549
2007-01-16,27.0667,27.2333,26.9867,27.0867,4748400,25.9294
2007-01-17,26.9667,27.2500,26.8933,27.1733,3402600,26.0123
2007-01-18,27.2067,27.2067,26.8467,26.9167,2282400,25.7666
2007-01-19,26.8667,27.0533,26.8300,27.0267,2618400,25.8719
2007-01-22,27.0667,27.1000,26.8500,26.9133,2405400,25.7635
2007-01-23,26.9067,26.9067,26.6333,26.7500,3002700,25.6071
2007-01-24,26.8500,26.9967,26.8033,26.9700,3426900,25.8177
2007-01-25,26.9200,26.9500,26.5167,26.5167,4279500,25.3837
2007-01-26,26.4167,26.5333,26.2333,26.4267,2973000,25.2976
2007-01-29,26.3700,26.5933,26.3533,26.5167,2044800,25.3837
2007-01-30,26.4367,26.6867,26.4367,26.6400,1883400,25.5018
2007-01-31,26.5333,26.7033,26.4167,26.6133,1629300,25.4763
2007-02-01,26.8333,26.9800,26.7200,26.9300,3134700,25.7794
2007-02-02,26.9300,26.9633,26.7367,26.7500,1689900,25.6071
2007-02-05,26.7100,26.7667,26.5500,26.5667,2568000,25.4316
2007-02-06,26.5500,26.6667,26.3733,26.5500,3359100,25.4156
2007-02-07,26.5933,26.7900,26.5367,26.7500,2023800,25.6071
2007-02-08,26.7733,26.9400,26.7033,26.8467,1885200,25.6996
2007-02-09,26.8767,26.9500,26.5533,26.6667,6098400,25.5273
2007-02-12,26.7067,26.7567,26.5300,26.6500,3668400,25.5114
2007-02-13,26.8833,26.9167,26.6567,26.7667,3216900,25.6230
2007-02-14,26.8433,27.0167,26.8100,26.9633,2904000,25.8113
2007-02-15,26.8900,26.9100,26.7333,26.8200,2094000,25.6741
2007-02-16,26.7667,26.8467,26.6433,26.8333,1968900,25.6869
2007-02-20,26.6733,27.0133,26.6300,26.9633,2718900,25.8113
2007-02-21,26.8433,27.0167,26.7900,26.9567,2746200,25.8049
2007-02-22,26.9767,27.0400,26.7667,26.9067,2063100,25.7571
2007-02-23,26.9167,26.9600,26.6633,26.8600,3931500,25.7124
2007-02-26,26.9467,26.9833,26.7233,26.8433,1122300,25.6964
2007-02-27,26.4767,26.4767,25.6033,25.7000,8581800,24.6020
2007-02-28,25.8200,25.9300,25.5267,25.7433,6506700,24.6434
2007-03-01,25.5000,25.5000,24.7667,25.1933,14680200,24.1169
2007-03-02,25.1733,25.2267,24.7333,24.7333,6034200,23.6766
2007-03-05,24.4333,24.9667,24.3567,24.4067,7365000,23.3639
2007-03-06,24.7800,25.0000,24.5933,24.9167,6103800,23.8521
2007-03-07,24.8767,24.9400,24.7167,24.7400,3057900,23.6830
2007-03-08,24.9167,25.0433,24.7867,24.8533,4058400,23.7915
2007-03-09,25.0067,25.0400,24.6200,24.8133,3097200,23.7532
2007-03-12,24.7533,24.9800,24.6733,24.9333,2666100,23.8680
2007-03-13,24.7500,24.9733,24.4167,24.4567,3466800,23.4117
2007-03-14,24.4467,24.6033,24.1233,24.4833,7143600,23.4373
2007-03-15,24.4833,24.8667,24.4133,24.5500,2520300,23.5011
2007-03-16,24.5000,24.5933,24.3133,24.3267,3091500,23.2873
2007-03-19,24.4500,24.6567,24.4333,24.5500,2457900,23.5011
2007-03-20,24.5967,24.7733,24.5500,24.7567,2377500,23.6989
2007-03-21,24.7833,25.2333,24.6700,25.1967,3595500,24.1201
2007-03-22,25.3167,25.3200,25.1600,25.2500,4428900,24.1712
2007-03-23,25.1667,25.2500,25.0667,25.2333,1983600,24.1552
2007-03-26,25.4000,25.4000,25.0367,25.1133,2227800,24.0404
2007-03-27,25.1967,25.1967,24.9933,25.0167,2939400,23.9478
2007-03-28,24.9033,25.0167,24.8000,24.9167,2402700,23.8521
2007-03-29,25.0400,25.1033,24.7067,25.0100,3996900,23.9414
2007-03-30,25.0667,25.3700,25.0500,25.2600,3234300,24.1807
2007-04-02,25.3100,25.4833,25.2000,25.2667,2477100,24.1871
2007-04-03,25.2100,25.6967,25.1667,25.6467,2612700,24.5509
2007-04-04,25.7067,25.8467,25.6633,25.8000,1999200,24.6977
2007-04-05,25.8667,26.3100,25.8667,26.2700,5990400,25.1476
2007-04-09,26.4000,26.4633,26.2100,26.3800,2703600,25.2529
2007-04-10,26.4167,26.5900,26.1533,26.2733,5277000,25.1508
2007-04-11,26.1900,26.2500,25.9233,26.1167,4304100,25.0008
2007-04-12,26.1233,26.5400,26.0667,26.4967,3358500,25.3646
2007-04-13,26.6133,26.8000,26.5033,26.8000,4914600,25.6550
2007-04-16,26.8800,26.9667,26.8267,26.8733,4041600,25.7252
2007-04-17,26.9033,26.9667,26.7967,26.8333,1720500,25.6869
2007-04-18,26.8267,26.9067,26.7233,26.8233,1671600,25.6773
2007-04-19,26.7667,27.2067,26.7667,26.9967,3656100,25.8432
2007-04-20,27.2333,27.2333,27.0333,27.1533,2219100,25.9932
2007-04-23,27.3700,27.6267,27.3700,27.5300,6419400,26.3538
2007-04-24,27.5667,27.5667,27.2767,27.4600,3568200,26.2868
2007-04-25,27.5633,27.7700,27.4033,27.7000,3211200,26.5165
2007-04-26,27.7333,27.9000,27.6200,27.8667,1897200,26.6760
2007-04-27,27.7233,27.7833,27.6433,27.7133,1551000,26.5293
2007-04-30,27.6900,27.6900,27.3067,27.3067,3201300,26.1400
2007-05-01,27.3500,27.4600,27.1300,27.4533,4985400,26.2804
2007-05-02,27.6200,27.8767,27.4733,27.7667,4383000,26.5803
2007-05-03,27.7633,27.7667,27.5967,27.5967,1716600,26.4176
2007-05-04,27.6333,27.7533,27.5633,27.7133,1597800,26.5293
2007-05-07,27.7700,27.8000,27.6267,27.6267,1118700,26.4463
2007-05-08,27.4500,27.5167,27.3100,27.4833,3159600,26.3091
2007-05-09,27.4400,27.4400,27.1467,27.2900,1962600,26.1240
2007-05-10,27.0833,27.2467,26.4867,26.5000,5099700,25.3678
2007-05-11,26.4400,26.8700,26.3333,26.8033,4060800,25.6581
2007-05-14,26.8067,26.9667,26.6800,26.7033,3007200,25.5624
2007-05-15,26.5333,26.8400,26.4567,26.5067,5982900,25.3742
2007-05-16,26.5833,26.7700,26.4733,26.7367,1762200,25.5943
2007-05-17,26.7600,26.7667,26.5300,26.6667,3051600,25.5273
2007-05-18,26.5833,26.7533,26.4567,26.7133,3339300,25.5720
2007-05-21,26.7433,27.0267,26.6967,26.9300,4579500,25.7794
2007-05-22,26.9900,27.2000,26.9300,27.0833,2244300,25.9262
2007-05-23,27.2133,27.3667,27.0933,27.1433,2628900,25.9836
2007-05-24,27.1400,27.2067,26.6467,26.7600,3166500,25.6167
2007-05-25,26.8667,26.8667,26.6900,26.8267,1016700,25.6805
2007-05-29,26.8400,26.9967,26.8200,26.9067,1058400,25.7571
2007-05-30,26.8633,26.9967,26.7867,26.9933,7350600,25.8400
2007-05-31,27.1000,27.1533,27.0067,27.1267,4105200,25.9677
2007-06-01,27.1000,27.3300,27.1000,27.1967,6776100,26.0347
2007-06-04,27.2267,27.2667,27.0267,27.1367,3168300,25.9772
2007-06-05,27.1500,27.2067,27.0200,27.1767,2108100,26.0155
2007-06-06,27.0167,27.0167,26.8233,26.8233,3834300,25.6773
2007-06-07,26.7633,26.7700,26.1900,26.2733,9660600,25.1508
2007-06-08,26.1733,26.4767,26.1167,26.4033,7240500,25.2752
2007-06-11,26.4700,26.6833,26.4700,26.5667,2511600,25.4316
2007-06-12,26.4167,26.5567,26.2000,26.3167,4977000,25.1923
2007-06-13,26.3333,26.6133,26.2467,26.5333,5190600,25.3997
2007-06-14,26.6267,26.9033,26.6267,26.7200,4419900,25.5784
2007-06-15,27.0167,27.1333,26.9333,27.0967,5133000,25.9389
2007-06-18,27.0933,27.0933,26.7833,26.8600,2539200,25.7124
2007-06-19,26.8000,26.8800,26.7467,26.8133,4122600,25.6677
2007-06-20,26.8600,26.8600,26.3333,26.3833,4849200,25.2561
2007-06-21,26.2833,26.4567,26.2200,26.3700,4512300,25.2433
2007-06-22,26.2400,26.3333,25.9067,26.0333,9081300,24.9210
2007-06-25,25.9800,26.1700,25.6667,25.8200,9506100,24.7168
2007-06-26,25.9133,26.0500,25.7300,25.7833,6584700,24.6817
2007-06-27,25.7900,26.3500,25.7833,26.3100,8888400,25.1859
2007-06-28,26.3600,26.4133,26.2167,26.2167,5134800,25.0965
2007-06-29,26.2200,26.3733,25.9067,26.0400,4254000,24.9553
2007-07-02,26.2033,26.3400,26.1600,26.2333,2022000,25.1406
2007-07-03,26.3167,26.3867,26.2633,26.3100,950700,25.2141
2007-07-05,26.1833,26.3767,26.1433,26.2467,2516100,25.1534
2007-07-06,26.3100,26.3933,26.2100,26.3533,1797300,25.2556
2007-07-09,26.4367,26.5400,26.3867,26.4400,1479000,25.3387
2007-07-10,25.9867,26.4400,25.9867,26.2400,3987600,25.1470
2007-07-11,26.2700,26.4600,26.1367,26.4033,3936000,25.3036
2007-07-12,26.5167,26.7233,26.4267,26.6667,4005000,25.5559
2007-07-13,26.6867,26.9167,26.6567,26.7833,4092300,25.6677
2007-07-16,26.7333,26.7833,26.4700,26.5500,4284300,25.4441
2007-07-17,26.5733,26.6267,26.4433,26.5033,3475800,25.3994
2007-07-18,26.4200,26.5767,26.2967,26.5000,8262600,25.3962
2007-07-19,26.7800,26.7833,26.5700,26.6733,5070000,25.5623
2007-07-20,26.5833,26.6633,26.2700,26.4533,6117000,25.3515
2007-07-23,26.5600,26.5600,26.3333,26.4100,2078100,25.3099
2007-07-24,26.2133,26.4800,25.8333,26.1433,6366600,25.0544
2007-07-25,26.3167,26.5400,26.1433,26.4600,5590800,25.3579
2007-07-26,26.1667,26.4833,25.9567,26.2467,8473500,25.1534
2007-07-27,26.0567,26.2167,25.7300,25.7600,5379000,24.6870
2007-07-30,25.7667,25.8300,25.5267,25.7833,6935400,24.7094
2007-07-31,25.9267,26.0500,25.4100,25.4300,5662200,24.3708
2007-08-01,25.4133,25.5300,25.0400,25.2967,11654700,24.2430
2007-08-02,25.4633,25.6700,25.3467,25.6400,5237400,24.5720
2007-08-03,25.6400,25.7933,25.3400,25.4167,4442100,24.3580
2007-08-06,25.4000,25.8200,25.1900,25.7167,7420500,24.6455
2007-08-07,25.6200,26.2767,25.6167,26.0667,5449500,24.9809
2007-08-08,26.2967,26.7433,26.2633,26.5833,7479900,25.4760
2007-08-09,26.3367,26.7900,26.2467,26.2633,5295600,25.1694
2007-08-10,25.8267,26.0967,25.6333,25.7667,11522400,24.6934
2007-08-13,26.0400,26.1133,25.8333,25.8700,3786600,24.7924
2007-08-14,25.9200,26.0533,25.7133,25.7933,5919600,24.7190
2007-08-15,25.7500,26.2333,25.5333,25.6667,8848800,24.5976
2007-08-16,25.6667,25.6667,24.9333,25.4500,11039700,24.3899
2007-08-17,25.9133,26.0033,25.4100,25.8500,6042900,24.7733
2007-08-20,25.8800,25.9267,25.5533,25.9233,2029200,24.8435
2007-08-21,25.7900,25.9967,25.7367,25.8900,2386200,24.8116
2007-08-22,26.1300,26.1667,25.9067,26.0000,2499000,24.9170
2007-08-23,26.1167,26.1833,25.9367,26.0333,4448400,24.9490
2007-08-24,25.9567,26.2467,25.9500,26.1600,2200500,25.0704
2007-08-27,26.1700,26.2600,25.9733,26.0133,2846700,24.9298
2007-08-28,25.9200,25.9400,25.5833,25.5833,6256200,24.5177
2007-08-29,25.6200,26.1100,25.6200,26.1100,2766000,25.0224
2007-08-30,25.9033,26.3100,25.9033,26.1333,5000700,25.0448
2007-08-31,26.3033,26.6633,26.2167,26.3500,2364900,25.2524
2007-09-04,26.3700,26.9900,26.3700,26.8267,3961800,25.7093
2007-09-05,26.3533,27.1067,26.2900,26.8600,3910500,25.7412
2007-09-06,27.0100,27.3400,27.0100,27.1167,5888700,25.9872
2007-09-07,26.8567,27.0667,26.7133,26.9833,4603500,25.8594
2007-09-10,27.0067,27.0367,26.5067,26.6800,3596400,25.5687
2007-09-11,26.9400,27.2633,26.9200,27.2333,3525600,26.0990
2007-09-12,27.2200,27.5233,27.1967,27.2967,4700100,26.1597
2007-09-13,27.4200,27.4200,27.1400,27.1600,3864300,26.0287
2007-09-14,26.9267,27.2100,26.9267,27.1000,1550400,25.9712
2007-09-17,27.0500,27.1000,26.6900,26.7767,5446500,25.6613
2007-09-18,26.8567,27.4533,26.7267,27.3000,6315900,26.1629
2007-09-19,27.5500,27.7200,27.4067,27.4100,3737400,26.2683
2007-09-20,27.4600,27.6200,27.3000,27.3000,3284100,26.1629
2007-09-21,27.4767,27.6433,27.4600,27.5867,1800900,26.4376
2007-09-24,27.4533,27.6567,27.4067,27.5333,2168400,26.3865
2007-09-25,27.4667,27.6267,27.4667,27.5333,1987800,26.3865
2007-09-26,27.6833,27.9467,27.6767,27.8133,2289600,26.6548
2007-09-27,27.9867,28.0067,27.7433,27.8233,4383600,26.6644
2007-09-28,27.9000,27.9967,27.5467,27.6667,5010000,26.5143
2007-10-01,27.7933,28.0967,27.7600,28.0033,2505600,26.8369
2007-10-02,28.0467,28.1433,27.9267,28.0833,5175900,26.9136
2007-10-03,28.0167,28.4033,28.0167,28.1167,3190800,26.9455
2007-10-04,28.1767,28.3800,28.1200,28.1200,1409700,26.9487
2007-10-05,28.2967,28.7367,28.2033,28.6000,2329500,27.4087
2007-10-08,28.5900,28.5967,28.4133,28.5167,4339200,27.3288
2007-10-09,28.7267,28.8200,28.6167,28.7433,4038000,27.5461
2007-10-10,28.8167,29.1333,28.7433,29.1333,5610600,27.9198
2007-10-11,29.4967,29.4967,28.7000,28.8267,5395200,27.6259
2007-10-12,29.0900,29.1900,28.8233,28.9533,4256400,27.7473
2007-10-15,29.6400,29.6667,28.9633,29.0333,5467500,27.8240
2007-10-16,28.9700,29.0167,28.7667,28.8300,2447400,27.6291
2007-10-17,29.0667,29.0867,28.5367,28.9300,4849200,27.7250
2007-10-18,28.7200,29.0267,28.6667,28.7267,13871400,27.5301
2007-10-19,28.7933,28.7933,28.1167,28.1167,6889500,26.9455
2007-10-22,28.0000,28.3600,27.7800,28.2767,3045900,27.0989
2007-10-23,28.3067,28.7233,28.2667,28.7000,6920700,27.5046
2007-10-24,28.6367,28.7033,28.2000,28.6000,4774200,27.4087
2007-10-25,28.5533,28.6500,28.2267,28.6000,2102700,27.4087
2007-10-26,28.7800,28.9333,28.5667,28.9333,3631200,27.7282
2007-10-29,28.8933,28.9600,28.6467,28.7167,1928400,27.5205
2007-10-30,28.6300,28.7767,28.5767,28.6000,905700,27.4087
2007-10-31,28.7200,28.9500,28.5200,28.8700,1572000,27.6675
2007-11-01,29.1233,29.1233,28.4200,28.4300,5021400,27.2458
2007-11-02,28.4833,28.7933,28.2867,28.6867,2351700,27.4918
2007-11-05,28.3333,28.6067,28.2033,28.4767,2331600,27.2905
2007-11-06,28.3667,28.6167,28.2767,28.5400,2545800,27.3512
2007-11-07,28.1167,28.4667,27.8167,27.9000,6006000,26.7379
2007-11-08,28.1367,28.1367,27.4867,27.8667,6349500,26.7059
2007-11-09,27.8800,27.8800,27.4233,27.5767,2807400,26.4280
2007-11-12,27.2567,27.7100,27.2500,27.3667,3551400,26.2268
2007-11-13,27.1733,27.6333,27.1733,27.5600,4621800,26.4120
2007-11-14,28.0033,28.0033,27.5000,27.5233,3771000,26.3769
2007-11-15,27.5033,27.8767,27.3567,27.4733,1609200,26.3290
2007-11-16,27.4567,27.7033,27.3167,27.5033,1641600,26.3577
2007-11-19,27.3367,27.5267,26.9833,27.0367,2999700,25.9105
2007-11-20,26.9500,27.3567,26.6000,27.1000,6983100,25.9712
2007-11-21,26.8033,27.0500,26.4667,26.4733,4662900,25.3706
2007-11-23,26.4500,27.1933,26.4500,26.8233,931800,25.7061
2007-11-26,26.8433,26.9900,26.2567,26.4000,4081200,25.3004
2007-11-27,26.3600,27.0133,26.3400,26.8833,3752100,25.7636
2007-11-28,27.2867,27.7800,27.1500,27.6667,7281000,26.5143
2007-11-29,27.6133,28.0667,27.6133,28.0000,2502900,26.8337
2007-11-30,28.3067,28.3200,28.0100,28.0867,2562000,26.9168
2007-12-03,27.8133,28.0367,27.8133,27.9167,2929200,26.7538
2007-12-04,27.5967,27.8533,27.5967,27.6333,2463900,26.4823
2007-12-05,27.7633,28.1200,27.7633,28.0000,3971700,26.8337
2007-12-06,28.0400,28.5900,28.0400,28.5600,2553600,27.3704
2007-12-07,28.5233,28.5433,28.2500,28.3833,1711200,27.2011
2007-12-10,28.3233,28.4167,28.0500,28.1667,4054800,26.9934
2007-12-11,28.2667,28.2833,27.5667,27.5667,5022600,26.4184
2007-12-12,28.1067,28.1233,27.5633,27.7667,3842400,26.6101
2007-12-13,27.1767,27.5833,27.1100,27.5633,4840500,26.4152
2007-12-14,27.3733,27.7667,27.3733,27.4700,2355600,26.3258
2007-12-17,27.4600,27.5133,26.8333,26.8667,5669400,25.7476
2007-12-18,27.0433,27.1767,26.6833,27.1333,6746100,26.0031
2007-12-19,26.9433,27.1667,26.7967,27.0933,5478300,25.9648
2007-12-20,27.2100,27.4167,26.9100,27.4167,3660600,26.2747
2007-12-21,27.8333,27.8333,27.4833,27.6733,3303300,26.5206
2007-12-24,27.6267,27.9067,27.6167,27.8667,1939500,26.7059
2007-12-26,27.6600,28.0067,27.6600,27.9167,1462800,26.7538
2007-12-27,27.7500,27.9733,27.4267,27.5467,3397800,26.3993
2007-12-28,27.5200,27.5700,27.2200,27.3200,1773000,26.1820
2007-12-31,27.0267,27.2700,27.0000,27.0600,2516100,25.9329
2008-01-02,27.0000,27.3100,26.8200,26.9233,5036400,25.8019
2008-01-03,26.8900,27.1933,26.8900,27.0500,3412800,25.9233
2008-01-04,26.6767,27.0467,26.6367,26.6467,3873600,25.5367
2008-01-07,26.7567,27.1167,26.5300,27.0200,4059900,25.8945
2008-01-08,27.1267,27.6933,27.0800,27.0833,7141800,25.9552
2008-01-09,27.1000,27.5533,27.0700,27.4933,3038700,26.3481
2008-01-10,27.5600,27.8900,26.5300,27.7500,4292700,26.5941
2008-01-11,27.7333,27.9333,27.5700,27.6933,2815200,26.5398
2008-01-14,27.7667,27.8367,27.4967,27.6600,3856200,26.5079
2008-01-15,27.2533,27.4933,27.1133,27.2933,5084400,26.1565
2008-01-16,27.1933,27.8000,27.1933,27.4467,6866400,26.3034
2008-01-17,27.4633,27.7333,27.3600,27.4067,14388300,26.2651
2008-01-18,27.2900,27.4600,26.6733,27.0467,9372900,25.9201
2008-01-22,25.3133,26.5267,25.3133,26.1867,7177200,25.0959
2008-01-23,25.6033,26.2600,24.9533,26.1367,12288600,25.0480
2008-01-24,26.1567,26.4067,25.8267,25.8967,6123900,24.8180
2008-01-25,26.1967,26.2000,25.5733,25.6667,4317300,24.5976
2008-01-28,25.5300,25.9533,25.5300,25.9367,3424800,24.8563
2008-01-29,25.9400,26.1300,25.9000,26.0300,2634300,24.9458
2008-01-30,25.9733,26.3267,25.7600,25.8033,4015800,24.7285
2008-01-31,25.6600,26.2367,25.3433,26.0667,6761100,24.9809
2008-02-01,26.0733,26.6933,26.0733,26.6433,4701600,25.5335
2008-02-04,26.4433,26.6933,26.4433,26.6600,2695500,25.5495
2008-02-05,26.0400,26.4167,25.9367,25.9533,5133900,24.8723
2008-02-06,25.9567,26.4067,25.8367,25.8500,3784800,24.7733
2008-02-07,25.5767,26.1233,25.5533,25.9067,3419100,24.8276
2008-02-08,25.7867,25.9600,25.6667,25.8367,3738000,24.7605
2008-02-11,25.9033,25.9667,25.6100,25.8167,3325500,24.7413
2008-02-12,25.5000,26.2000,25.5000,25.9900,4317000,24.9074
2008-02-13,26.0200,26.3567,26.0200,26.3467,2572800,25.2492
2008-02-14,26.5333,26.5333,25.9733,26.0000,6005400,24.9170
2008-02-15,25.7533,25.8767,25.4933,25.7567,6114600,24.6838
2008-02-19,25.9267,26.0500,25.6800,25.7067,3695700,24.6359
2008-02-20,25.2033,25.6500,25.1267,25.5333,9325800,24.4698
2008-02-21,25.6667,25.6900,24.9067,25.2233,8638500,24.1727
2008-02-22,25.3600,25.3600,24.7667,25.0467,4849800,24.0034
2008-02-25,25.1233,25.6900,25.1233,25.5900,6890100,24.5241
2008-02-26,25.4567,26.2800,25.4567,25.9167,7580100,24.8372
2008-02-27,25.6100,26.0200,25.2867,25.7500,2880600,24.6774
2008-02-28,25.7267,25.9367,25.4333,25.7367,2384400,24.6646
2008-02-29,25.7300,25.7300,25.1533,25.4133,4152000,24.3548
2008-03-03,25.2467,25.6900,25.1933,25.4533,4200000,24.3931
2008-03-04,25.3700,25.5033,25.0233,25.4133,3861000,24.3548
2008-03-05,25.5433,25.5433,25.0933,25.2700,3137400,24.2174
2008-03-06,25.2500,25.2667,24.4100,24.4600,5986200,23.4412
2008-03-07,24.1267,24.4900,23.9000,24.3500,8493300,23.3357
2008-03-10,24.4000,24.4000,23.2067,23.2667,10094400,22.2975
2008-03-11,23.9000,23.9433,23.2267,23.8667,6902700,22.8725
2008-03-12,23.8000,24.3333,23.8000,23.9967,12380700,22.9971
2008-03-13,23.5033,24.5333,23.3567,24.3500,7888800,23.3357
2008-03-14,24.6633,24.9767,23.4067,23.9700,11665800,22.9716
2008-03-17,23.2833,23.8400,23.1967,23.2900,12603600,22.3199
2008-03-18,23.9367,24.0000,23.2967,24.0000,6818400,23.0003
2008-03-19,23.9867,24.2533,23.8433,23.9000,11026800,22.9045
2008-03-20,23.3733,24.2833,23.3733,24.1467,4339200,23.1409
2008-03-24,24.4233,25.1600,24.2000,25.0367,8524200,23.9938
2008-03-25,24.8933,25.2900,24.8933,25.2167,5405400,24.1663
2008-03-26,25.1467,25.2633,24.9533,25.2633,5562000,24.2110
2008-03-27,25.2633,25.5367,25.1900,25.2700,6223800,24.2174
2008-03-28,25.6000,25.6000,24.7867,24.8433,6621600,23.8085
2008-03-31,25.1433,25.4367,24.8033,25.2600,3542700,24.2078
2008-04-01,25.4033,26.1900,25.4033,26.0900,6891900,25.0033
2008-04-02,26.1633,26.2000,25.9300,26.0067,2610600,24.9234
2008-04-03,25.7967,26.0133,25.6833,25.9267,4630200,24.8467
2008-04-04,26.1633,26.4367,25.9900,26.2333,2398800,25.1406
2008-04-07,26.1133,26.2733,26.0367,26.1533,3818700,25.0640
2008-04-08,25.8500,26.0800,25.8500,25.9033,2170800,24.8244
2008-04-09,25.7867,25.9367,25.3933,25.4700,4107900,24.4091
2008-04-10,25.8467,26.4900,25.7800,26.3200,6045300,25.2237
2008-04-11,26.2133,26.2133,25.7400,25.8133,2465700,24.7381
2008-04-14,25.6567,25.8400,25.5600,25.7200,2714400,24.6487
2008-04-15,25.7433,25.7433,25.3767,25.5600,2053500,24.4953
2008-04-16,25.8833,26.0700,25.7167,26.0600,5013300,24.9745
2008-04-17,25.8633,26.0367,25.6433,25.7733,3327900,24.6998
2008-04-18,26.5000,26.5000,26.0033,26.1067,2554800,25.0192
2008-04-21,26.0933,26.1233,25.9467,26.0400,804000,24.9553
2008-04-22,25.8200,25.9867,25.5367,25.7067,2775000,24.6359
2008-04-23,25.8833,26.0800,25.7767,25.9700,1406400,24.8883
2008-04-24,25.8933,26.3100,25.7500,26.0267,1128600,24.9426
2008-04-25,26.1500,26.2367,25.8667,26.1000,8086200,25.0128
2008-04-28,25.9967,26.3600,25.9967,26.2500,3266100,25.1566
2008-04-29,26.2700,26.2700,25.9400,25.9500,1257300,24.8691
2008-04-30,25.9467,26.2700,25.8467,25.8733,1744800,24.7956
2008-05-01,25.9767,26.5267,25.8833,26.4567,2900700,25.3547
2008-05-02,26.6667,26.6933,26.2867,26.4000,1801800,25.3004
2008-05-05,26.4433,26.5433,26.2700,26.4067,4417800,25.3067
2008-05-06,26.3300,26.3700,26.1000,26.2367,1758600,25.1438
2008-05-07,26.1933,26.2833,25.5967,25.6733,4584000,24.6040
2008-05-08,25.8967,25.8967,25.6067,25.8133,2774400,24.7381
2008-05-09,25.6867,25.8767,25.4267,25.8067,2248500,24.7317
2008-05-12,25.7767,26.1167,25.7100,26.0167,1440600,24.9330
2008-05-13,25.9800,26.0000,25.7700,25.8467,1336200,24.7701
2008-05-14,25.9000,26.1500,25.8200,25.8933,2346000,24.8148
2008-05-15,25.9500,26.0433,25.7467,25.9300,1146300,24.8499
2008-05-16,25.9033,26.0633,25.8133,26.0200,1837800,24.9362
2008-05-19,25.9867,26.2967,25.8267,26.0600,2374800,24.9745
2008-05-20,25.9667,26.1667,25.8633,26.0467,3241200,24.9617
2008-05-21,25.9233,26.1000,25.4533,25.5133,7174500,24.4506
2008-05-22,25.6400,26.0167,25.6367,25.8233,3560700,24.7477
2008-05-23,25.5000,25.8000,25.5000,25.7200,1417200,24.6487
2008-05-27,25.5700,25.9900,25.5700,25.9533,2997300,24.8723
2008-05-28,25.9467,26.0600,25.6667,25.9000,1377300,24.8212
2008-05-29,25.8100,26.5667,25.8100,26.4533,4377600,25.3515
2008-05-30,26.3733,26.5433,26.3067,26.5000,2051100,25.3962
2008-06-02,26.4600,26.5500,26.0100,26.2333,2199300,25.1406
2008-06-03,26.2267,26.3500,25.9233,26.1167,1768200,25.0288
2008-06-04,25.9733,26.4967,25.9733,26.4100,1505400,25.3099
2008-06-05,26.3233,26.9967,26.3233,26.9633,4370400,25.8402
2008-06-06,26.8933,26.9100,26.2633,26.2633,4135500,25.1694
2008-06-09,26.3633,26.4100,25.7567,26.0233,5157000,24.9394
2008-06-10,25.8000,25.9633,25.6567,25.7500,3075000,24.6774
2008-06-11,26.0867,26.0867,25.2267,25.2267,3194700,24.1759
2008-06-12,25.2667,25.6067,25.2067,25.2400,1854000,24.1887
2008-06-13,25.3900,25.7700,25.3900,25.7500,1910400,24.6774
2008-06-16,25.5367,26.0767,25.5367,25.9667,1795800,24.8851
2008-06-17,26.0133,26.0533,25.6933,25.6933,1149000,24.6231
2008-06-18,25.6400,25.8933,25.5367,25.5733,2200200,24.5081
2008-06-19,25.4800,26.0467,25.4800,26.0067,5305200,24.9234
2008-06-20,26.0867,26.0867,25.6000,25.8000,1738500,24.7253
2008-06-23,25.8800,25.9767,25.6333,25.6333,759600,24.5656
2008-06-24,25.4100,25.6300,25.3333,25.4967,2268600,24.4910
2008-06-25,25.5233,26.0867,25.4667,26.0000,3373500,24.9745
2008-06-26,25.4967,25.7500,25.4967,25.5400,1926600,24.5326
2008-06-27,25.7433,25.8100,25.5333,25.6433,1416900,24.6319
2008-06-30,25.5700,25.8700,25.5700,25.6133,748500,24.6031
2008-07-01,25.4800,26.1167,25.4233,26.0600,5439900,25.0321
2008-07-02,25.9967,26.4033,25.9967,26.0833,7808400,25.0545
2008-07-03,26.1833,26.3533,26.0033,26.1933,2049900,25.1602
2008-07-07,26.1367,26.2700,25.6467,25.8400,1726800,24.8208
2008-07-08,26.0667,26.9633,25.9200,26.8200,4228500,25.7621
2008-07-09,26.9933,27.3567,26.7133,26.9000,6465300,25.8390
2008-07-10,26.9600,27.2067,26.7600,27.0167,6278400,25.9511
2008-07-11,26.9467,27.0300,26.6433,26.9100,2494800,25.8486
2008-07-14,27.2400,27.2400,26.6633,26.7867,2461800,25.7301
2008-07-15,26.6233,27.5500,26.6033,27.3367,6465600,26.2584
2008-07-16,27.5133,27.6933,27.1933,27.5033,4876800,26.4185
2008-07-17,27.9633,27.9633,27.6067,27.7933,5625300,26.6971
2008-07-18,27.9433,27.9433,27.3333,27.4467,4087200,26.3641
2008-07-21,27.9567,28.0833,27.7267,27.7500,7662900,26.6555
2008-07-22,27.7567,28.4067,27.7100,28.3667,2949900,27.2478
2008-07-23,28.5733,28.6867,28.3133,28.4333,7395300,27.3119
2008-07-24,28.3400,28.6700,28.1633,28.4533,3391500,27.3311
2008-07-25,28.5733,28.7300,28.2733,28.6367,3204000,27.5072
2008-07-28,29.4200,29.4333,28.5733,28.8000,5170800,27.6641
2008-07-29,28.9933,29.1233,28.8033,28.9300,7583700,27.7889
2008-07-30,29.1600,29.1933,28.5667,29.0467,6114000,27.9010
2008-07-31,29.3167,29.9533,29.1333,29.6333,8839500,28.4645
2008-08-01,29.5767,29.5767,29.2067,29.5333,7576500,28.3685
2008-08-04,29.6167,29.6167,28.9400,29.1533,4858200,28.0035
2008-08-05,29.3333,29.6667,29.2900,29.6667,3592800,28.4965
2008-08-06,29.8233,29.8467,29.2067,29.7467,5351700,28.5734
2008-08-07,29.7333,29.7333,28.4533,28.5667,4312200,27.4399
2008-08-08,28.4567,29.4000,28.4267,29.4000,5565000,28.2404
2008-08-11,29.4000,29.7833,29.1667,29.7833,4082700,28.6086
2008-08-12,29.8167,29.8167,29.3467,29.7000,2500800,28.5286
2008-08-13,29.6467,29.7100,29.3400,29.6600,2143800,28.4901
2008-08-14,29.6767,30.1067,29.5000,30.1067,4568100,28.9192
2008-08-15,30.2233,30.2900,29.8500,30.0133,3786300,28.8295
2008-08-18,30.0967,30.0967,29.4267,29.6300,2317500,28.4613
2008-08-19,29.4500,29.5167,29.0000,29.1833,2971800,28.0323
2008-08-20,29.3333,29.3633,28.8533,29.0700,3382800,27.9234
2008-08-21,29.1167,29.1167,28.5333,28.8067,6072300,27.6705
2008-08-22,28.8133,29.1500,28.8133,29.0567,7776900,27.9106
2008-08-25,29.0000,29.0000,28.5233,28.7033,1890600,27.5712
2008-08-26,28.6000,29.0567,28.6000,28.7833,1683000,27.6480
2008-08-27,28.8933,28.8933,28.2800,28.5400,7747800,27.4143
2008-08-28,28.5567,28.8567,28.4433,28.8567,1790100,27.7185
2008-08-29,28.6800,28.8867,28.5333,28.6333,1516800,27.5040
2008-09-02,28.6533,29.1400,28.2700,28.3933,6597300,27.2734
2008-09-03,28.5300,28.6933,28.2800,28.6867,1668600,27.5552
2008-09-04,28.8300,28.8300,27.8533,27.9367,2942100,26.8348
2008-09-05,27.6633,27.7733,27.3167,27.6733,3661800,26.5818
2008-09-08,28.0033,28.2633,27.3700,27.6067,2475300,26.5178
2008-09-09,27.3000,27.8600,27.2200,27.2567,2750700,26.1816
2008-09-10,27.1700,27.8400,27.1700,27.7000,5336400,26.6074
2008-09-11,27.5867,28.1400,27.3367,28.0633,3274800,26.9565
2008-09-12,28.0633,28.0633,27.7567,27.9667,2516100,26.8636
2008-09-15,27.2433,27.8300,27.2433,27.4467,2376000,26.3641
2008-09-16,27.1633,28.1233,27.1500,28.1133,4669500,27.0045
2008-09-17,27.8200,27.8567,26.5233,26.6833,8721000,25.6309
2008-09-18,26.8133,27.5833,26.1167,27.5833,12759300,26.4954
2008-09-19,29.2233,29.2233,26.3333,28.0000,3923400,26.8956
2008-09-22,28.6000,28.6000,27.0467,27.1667,2809200,26.0952
2008-09-23,27.0800,27.2933,26.8033,26.8233,1840800,25.7654
2008-09-24,26.7200,27.3933,26.6667,27.1833,3601200,26.1112
2008-09-25,28.0033,28.0033,27.2300,27.5700,2764800,26.4826
2008-09-26,27.0967,28.3333,27.0867,28.1333,5067300,27.0237
2008-09-29,27.8600,27.8600,26.5933,26.7333,5040900,25.6789
2008-09-30,26.8333,27.1200,26.4267,27.1200,2524800,26.0503
2008-10-01,27.1800,27.1800,26.6467,26.9133,3360600,25.8518
2008-10-02,26.8433,26.9400,25.9300,25.9400,3057600,24.9169
2008-10-03,26.3133,26.6333,25.6167,25.6333,4530300,24.6223
2008-10-06,25.1967,25.2867,23.0500,24.3300,8518800,23.3704
2008-10-07,24.4233,24.5667,23.3733,23.3733,5920500,22.4514
2008-10-08,22.6433,24.1867,22.4767,23.3900,6497700,22.4674
2008-10-09,23.5300,23.6500,21.8567,22.1333,4245000,21.2603
2008-10-10,21.1933,21.8300,19.6100,21.7233,9727200,20.8665
2008-10-13,22.5567,24.0567,22.2067,23.8667,4143900,22.9253
2008-10-14,23.9467,24.6667,23.1000,23.8767,5518200,22.9349
2008-10-15,23.3800,23.3867,21.3933,22.5333,3051600,21.6446
2008-10-16,21.9300,22.7333,20.9167,22.3767,5629800,21.4941
2008-10-17,22.2533,23.6233,22.2533,23.0033,3636900,22.0960
2008-10-20,22.7400,23.8033,22.6500,23.8033,1322700,22.8645
2008-10-21,23.7833,24.0133,23.2300,23.2300,2667300,22.3138
2008-10-22,23.1667,23.1667,21.9900,22.1033,4038000,21.2315
2008-10-23,22.5700,23.0233,21.4233,22.4433,4314600,21.5581
2008-10-24,21.5000,22.2633,21.0433,21.9767,2012700,21.1099
2008-10-27,21.2267,21.8267,20.7300,20.7933,3909300,19.9732
2008-10-28,21.0900,21.9933,20.6433,21.9433,3465900,21.0778
2008-10-29,22.6767,23.0100,21.7067,22.6267,6657900,21.7342
2008-10-30,22.7300,23.3267,22.7100,23.3267,5475000,22.4066
2008-10-31,23.1400,23.9600,23.0800,23.8033,4402200,22.8645
2008-11-03,23.7867,24.3567,23.6233,24.3000,2769600,23.3416
2008-11-04,24.6400,24.7367,23.9533,24.2833,3961500,23.3255
2008-11-05,24.2167,24.2167,23.4233,23.4900,1994700,22.5635
2008-11-06,23.3767,23.5867,22.8333,22.8400,2565000,21.9391
2008-11-07,23.1667,23.5600,23.1000,23.5267,2020800,22.5987
2008-11-10,23.6300,24.0700,23.2567,23.5367,3134100,22.6083
2008-11-11,23.2667,23.5167,23.0333,23.0567,1944900,22.1473
2008-11-12,22.8533,22.9233,22.1333,22.1667,1993500,21.2924
2008-11-13,22.1233,23.6833,21.7567,23.6833,6428400,22.7492
2008-11-14,23.7233,23.7333,22.7700,22.8200,2494200,21.9199
2008-11-17,22.4900,22.9333,22.3767,22.4733,2148300,21.5869
2008-11-18,22.3933,22.6067,21.6233,22.2933,2234400,21.4140
2008-11-19,22.5267,22.5267,21.2700,21.2933,2870100,20.4535
2008-11-20,20.9933,21.1667,20.0167,20.2133,5440500,19.4161
2008-11-21,20.0233,20.4233,19.0467,20.2667,10190700,19.4673
2008-11-24,20.3700,21.0867,20.2300,20.9867,2714700,20.1589
2008-11-25,21.0100,21.2867,20.7367,21.0800,2933100,20.2486
2008-11-26,20.8333,21.7100,20.6667,21.6400,3848100,20.7865
2008-11-28,21.4100,21.7900,21.3900,21.7833,568800,20.9241
2008-12-01,21.6900,21.6900,20.2633,20.3033,2292600,19.5025
2008-12-02,20.5967,20.9800,20.3667,20.9333,2571300,20.1077
2008-12-03,20.7167,21.6433,20.4367,21.6200,2919900,20.7673
2008-12-04,21.4733,21.8833,21.0633,21.3000,1971600,20.4599
2008-12-05,21.0000,22.0400,20.7033,21.9700,2628900,21.1035
2008-12-08,22.3333,22.4900,22.0700,22.2400,2718900,21.3628
2008-12-09,22.3333,22.5400,21.7033,21.9167,2905200,21.0522
2008-12-10,22.1733,22.3633,21.8867,22.1000,1266000,21.2283
2008-12-11,22.0000,22.4067,21.5667,21.5667,2951700,20.7160
2008-12-12,21.1333,22.2567,21.1333,22.2567,1169700,21.3788
2008-12-15,22.3400,22.3400,21.5433,21.7333,4418100,20.8761
2008-12-16,22.9867,22.9867,21.6967,22.9867,3257100,22.0800
2008-12-17,22.7433,23.3300,22.6867,23.1200,2133600,22.2081
2008-12-18,23.1333,23.6667,22.9600,23.1800,2924700,22.2657
2008-12-19,23.3833,23.8133,23.1533,23.2900,2992500,22.3714
2008-12-22,23.2000,23.3800,22.5900,22.9733,7893900,22.0672
2008-12-23,23.0000,23.3933,22.9600,23.0467,1818300,22.1376
2008-12-24,22.4700,23.1933,22.4700,23.0267,438900,22.1184
2008-12-26,22.6667,23.2267,22.6667,23.2267,834600,22.3106
2008-12-29,23.2267,23.2267,22.5433,22.7100,2777400,21.8143
2008-12-30,22.7733,23.2767,22.7733,23.2700,726000,22.3522
2008-12-31,23.3267,23.6833,23.2133,23.6833,936600,22.7492
2009-01-02,23.5100,24.0233,23.3333,24.0233,1627200,23.0758
2009-01-05,23.9833,24.2100,23.5200,24.2100,1578300,23.2551
2009-01-06,24.2033,24.3067,23.6267,23.6933,2823900,22.7588
2009-01-07,23.5833,23.7333,23.2133,23.4333,1516800,22.5091
2009-01-08,23.3633,23.6900,23.2500,23.6900,1514700,22.7556
2009-01-09,23.6867,23.6867,23.0067,23.0600,1917300,22.1505
2009-01-12,23.1067,23.1667,22.6667,22.8867,1289400,21.9840
2009-01-13,22.8300,23.5267,22.8300,23.4100,3351900,22.4867
2009-01-14,23.1767,23.2900,22.8133,22.9167,3668700,22.0128
2009-01-15,22.9167,23.4600,22.5433,23.4333,3073800,22.5091
2009-01-16,23.6567,23.7333,23.1600,23.6000,3464700,22.6692
2009-01-20,23.6233,23.7067,22.6233,22.6633,3267300,21.7694
2009-01-21,22.8633,23.5667,22.5833,23.4667,3902700,22.5411
2009-01-22,23.1833,23.2967,22.8433,23.0267,1446600,22.1184
2009-01-23,22.7767,23.0433,22.6033,22.7433,1932600,21.8463
2009-01-26,22.8033,23.2733,22.7733,22.9833,2288400,22.0768
2009-01-27,23.1167,23.3733,23.0567,23.2767,1561200,22.3586
2009-01-28,23.5833,23.9933,23.4500,23.7667,4919100,22.8292
2009-01-29,23.6533,23.8967,23.5200,23.6667,3856500,22.7332
2009-01-30,23.7767,23.9333,23.4967,23.5767,2871600,22.6468
2009-02-02,23.2700,23.8967,23.2500,23.7933,3521100,22.8549
2009-02-03,23.9033,24.3367,23.7433,24.2233,2657700,23.2679
2009-02-04,24.4033,24.8200,24.2267,24.3133,4310700,23.3544
2009-02-05,24.0833,24.7867,24.0533,24.6467,2445300,23.6745
2009-02-06,24.6600,24.9967,24.5667,24.8300,2731800,23.8506
2009-02-09,25.0000,25.0000,24.4600,24.7267,2247600,23.7514
2009-02-10,24.5933,24.7433,23.9167,24.0867,2970000,23.1366
2009-02-11,24.2333,24.2500,23.9267,24.1867,1541100,23.2327
2009-02-12,23.9700,24.6533,23.9033,24.6500,4301400,23.6777
2009-02-13,24.5500,24.6933,24.3400,24.4000,4781700,23.4376
2009-02-17,23.8333,24.2833,23.7467,24.0500,2145900,23.1014
2009-02-18,24.0733,24.1767,23.7133,23.8833,3699300,22.9413
2009-02-19,23.9833,24.0667,23.5400,23.5400,2288400,22.6115
2009-02-20,23.2700,23.5300,23.0600,23.3400,3174600,22.4194
2009-02-23,23.5733,23.9467,22.8167,22.9633,3444600,22.0576
2009-02-24,22.9967,23.4600,22.9000,23.3133,3042900,22.3938
2009-02-25,23.1767,23.4367,22.9000,23.0200,2445300,22.1120
2009-02-26,23.2067,23.2067,21.8667,21.8800,7655400,21.0170
2009-02-27,21.4667,21.6333,20.9300,21.0233,10549500,20.1941
2009-03-02,20.5800,20.8200,20.0367,20.0500,14352600,19.2592
2009-03-03,20.1700,20.4967,19.9333,20.1767,6711300,19.3808
2009-03-04,20.4467,20.8033,20.2033,20.5800,11039700,19.7683
2009-03-05,20.1633,20.3600,19.6900,19.7533,5994300,18.9742
2009-03-06,19.9167,20.0867,19.5900,19.9200,5915400,19.1343
2009-03-09,19.6933,20.2933,19.6100,19.6833,3763800,18.9070
2009-03-10,19.8600,20.4500,19.8600,20.4267,4527600,19.6210
2009-03-11,20.6733,20.8300,20.0167,20.0767,7505400,19.2848
2009-03-12,20.0033,21.4333,19.8600,21.3033,9087000,20.4631
2009-03-13,21.4833,21.7967,21.2700,21.6667,4485300,20.8121
2009-03-16,21.8333,21.8333,21.1600,21.2200,3840000,20.3830
2009-03-17,21.1967,21.9567,21.1967,21.9567,5970300,21.0906
2009-03-18,21.8333,22.2433,21.6533,21.8900,5869200,21.0266
2009-03-19,21.8900,22.1033,21.3667,21.6167,6144300,20.7641
2009-03-20,21.6567,21.7867,21.2667,21.2767,4029600,20.4375
2009-03-23,21.7567,22.3600,21.5567,22.3500,4314000,21.4685
2009-03-24,22.1333,22.3133,21.8133,21.8800,2422500,21.0170
2009-03-25,21.9200,22.4100,21.5167,22.0900,5874600,21.2187
2009-03-26,22.3933,22.7067,22.1267,22.7067,4280700,21.8111
2009-03-27,22.5433,22.7833,22.3033,22.3600,3497100,21.4781
2009-03-30,21.9867,22.1233,21.6733,22.0733,4137900,21.2027
2009-03-31,22.2933,22.4867,22.0767,22.1167,2688300,21.2443
2009-04-01,21.5100,21.7500,21.2233,21.6500,4764900,20.7961
2009-04-02,22.1267,22.1267,21.6800,21.8233,6528000,20.9626
2009-04-03,21.8800,21.9433,21.4800,21.6833,4289700,20.8281
2009-04-06,21.4833,21.7567,21.4533,21.7000,2871000,20.8441
2009-04-07,21.4000,21.7167,21.2867,21.3500,3730500,20.5079
2009-04-08,21.3767,21.6867,21.3167,21.6600,2742600,20.8057
2009-04-09,21.9933,22.1433,21.8533,22.0633,2360100,21.1931
2009-04-13,22.0000,22.0667,21.8433,21.9733,2458200,21.1066
2009-04-14,21.9833,22.1300,21.5000,21.6733,5377200,20.8185
2009-04-15,21.4933,21.6833,21.2233,21.4533,4943100,20.6072
2009-04-16,21.7300,21.8167,21.3300,21.6700,3976200,20.8153
2009-04-17,21.9467,21.9467,21.4733,21.7067,5527200,20.8505
2009-04-20,21.3933,21.5533,21.0367,21.0367,3885300,20.2069
2009-04-21,21.1200,21.3167,21.0600,21.1933,2788500,20.3574
2009-04-22,21.1933,21.5600,21.0833,21.1433,3692700,20.3094
2009-04-23,21.1700,21.1833,20.8067,21.1267,3372600,20.2934
2009-04-24,21.4267,21.6300,21.1600,21.5033,2831400,20.6552
2009-04-27,21.6667,21.9367,21.6400,21.8300,1568400,20.9690
2009-04-28,21.8333,22.3333,21.7733,22.3000,6590700,21.4204
2009-04-29,22.4000,22.5600,22.2367,22.4167,3435900,21.5325
2009-04-30,22.6067,22.6067,21.7367,21.8300,2338200,20.9690
2009-05-01,21.7867,21.8600,21.4500,21.5333,1715100,20.6840
2009-05-04,21.6667,21.8100,21.5133,21.7867,1683900,20.9273
2009-05-05,21.5200,21.7967,21.4933,21.6767,1922700,20.8217
2009-05-06,21.7267,21.8900,21.2233,21.4433,5900700,20.5976
2009-05-07,21.3367,21.9500,21.3367,21.7300,2867100,20.8729
2009-05-08,21.9100,22.1233,21.6567,21.8867,3371400,21.0234
2009-05-11,21.6700,22.3100,21.6433,22.0533,3931200,21.1835
2009-05-12,22.2833,22.3900,21.9867,22.2933,1743000,21.4140
2009-05-13,21.9033,22.1167,21.7067,21.7900,2695800,20.9306
2009-05-14,21.7000,22.0633,21.6967,21.8367,1789800,20.9754
2009-05-15,21.9400,21.9400,21.6233,21.7800,2949300,20.9209
2009-05-18,21.9033,22.0500,21.6400,22.0400,1890000,21.1707
2009-05-19,21.9833,22.0800,21.8600,22.0133,1932000,21.1451
2009-05-20,22.1600,22.4167,22.0033,22.1233,2864400,21.2507
2009-05-21,21.9300,22.0633,21.5700,21.8200,3189000,20.9594
2009-05-22,21.8700,22.0133,21.7167,21.8267,888900,20.9658
2009-05-26,22.2633,22.3600,21.6100,22.3567,1958400,21.4749
2009-05-27,22.2867,22.4933,22.1367,22.1533,2180700,21.2795
2009-05-28,22.2333,22.3967,22.0233,22.2933,1280400,21.4140
2009-05-29,22.2967,22.5667,22.0933,22.5433,1211700,21.6542
2009-06-01,22.8467,22.9867,22.6433,22.7067,2867100,21.8111
2009-06-02,22.6700,23.2167,22.6167,23.1000,3651300,22.1889
2009-06-03,22.9967,23.5667,22.9500,23.4267,4011300,22.5027
2009-06-04,23.6067,23.6333,23.3467,23.5167,3021000,22.5891
2009-06-05,23.7033,23.7633,23.2067,23.3400,2590200,22.4194
2009-06-08,23.2567,23.5067,23.0933,23.2400,1462200,22.3234
2009-06-09,23.4300,23.4867,23.2333,23.3033,2660100,22.3842
2009-06-10,23.4767,23.5167,22.8567,23.1367,1473600,22.2241
2009-06-11,23.2000,23.6067,23.1900,23.3600,3247800,22.4386
2009-06-12,23.2500,23.5667,23.2267,23.4667,2720700,22.5411
2009-06-15,23.2700,23.2833,22.8000,22.9067,2159400,22.0032
2009-06-16,23.0733,23.1233,22.7767,22.8467,1122900,21.9455
2009-06-17,22.8967,23.5800,22.8900,23.4267,2185200,22.5027
2009-06-18,23.4267,23.6433,23.2200,23.5700,2451600,22.6403
2009-06-19,23.7633,23.9733,23.6167,23.7533,3901800,22.8164
2009-06-22,23.5200,23.6100,23.1900,23.2467,2901900,22.3298
2009-06-23,23.2667,23.3333,23.0667,23.1967,1799700,22.2817
2009-06-24,23.2633,23.5467,23.1800,23.4400,1763700,22.5155
2009-06-25,23.3167,24.0900,23.1067,24.0500,3064500,23.1014
2009-06-26,23.9867,24.3467,23.8667,24.2767,2348400,23.3191
2009-06-29,24.2733,24.3767,23.8600,24.3267,2718000,23.3672
2009-06-30,24.3267,24.4600,24.0833,24.2533,2560500,23.2967
2009-07-01,24.2467,24.3067,24.0333,24.0967,2680800,23.1462
2009-07-02,23.7100,23.7333,23.3533,23.4633,3344700,22.5379
2009-07-06,23.3033,23.4933,23.1333,23.4900,2432400,22.5635
2009-07-07,23.4567,23.4700,23.0867,23.1000,2698200,22.1889
2009-07-08,23.6167,23.6767,23.1667,23.3067,3013200,22.3874
2009-07-09,23.3233,23.3467,23.1333,23.2067,1573800,22.2913
2009-07-10,23.1267,23.3400,23.0100,23.1500,1460700,22.2369
2009-07-13,23.2000,23.4700,22.8967,23.4333,2470200,22.5091
2009-07-14,23.4467,23.5900,23.4067,23.4700,857400,22.5443
2009-07-15,23.7000,23.8067,23.4900,23.7233,2564100,22.7876
2009-07-16,23.7300,24.0000,23.6600,23.9300,2733300,22.9861
2009-07-17,24.0167,24.0333,23.8500,23.9133,6933000,22.9701
2009-07-20,24.0967,24.2533,24.0000,24.1867,2129400,23.2327
2009-07-21,24.3233,24.4900,24.1100,24.4300,1842300,23.4664
2009-07-22,24.3600,24.6133,24.3333,24.3867,2557200,23.4248
2009-07-23,24.8600,25.6333,24.8600,25.5133,4826700,24.5070
2009-07-24,25.4200,26.0267,25.4000,26.0267,2547300,25.0001
2009-07-27,25.9833,26.0867,25.7867,26.0533,1394100,25.0257
2009-07-28,26.1600,26.4800,26.0600,26.4800,2132400,25.4356
2009-07-29,26.3400,26.5833,26.2967,26.5800,3321600,25.5316
2009-07-30,26.7567,26.8500,26.4433,26.4800,3010500,25.4356
2009-07-31,26.4367,26.6333,26.2167,26.2500,1503600,25.2146
2009-08-03,26.3867,26.3900,26.0333,26.3867,1936500,25.3459
2009-08-04,26.2100,26.5967,26.2067,26.4733,1089000,25.4292
2009-08-05,26.5633,26.5633,25.9867,26.0533,1347600,25.0257
2009-08-06,26.1267,26.1500,25.4600,25.5167,1534200,24.5102
2009-08-07,25.7600,25.8433,25.4000,25.6400,3264000,24.6287
2009-08-10,25.4467,25.6267,25.4000,25.6100,1818900,24.5999
2009-08-11,25.5000,25.6933,25.2867,25.5000,1471500,24.4942
2009-08-12,25.4633,25.9633,25.4267,25.7600,2440200,24.7440
2009-08-13,25.8667,26.0667,25.5567,25.7167,1856100,24.7023
2009-08-14,25.6967,25.6967,25.1667,25.4967,1688100,24.4910
2009-08-17,25.0767,25.1667,24.9267,25.0633,6219000,24.0748
2009-08-18,25.1100,25.2633,24.9500,25.1200,1667400,24.1292
2009-08-19,25.0733,25.8467,25.0000,25.8467,3840900,24.8272
2009-08-20,25.6300,25.8867,25.5367,25.7267,1819800,24.7119
2009-08-21,25.9767,26.1800,25.8300,25.9533,1604700,24.9297
2009-08-24,26.1300,26.1833,25.9900,26.1000,1687800,25.0706
2009-08-25,26.1900,26.4967,25.9533,25.9533,3518100,24.9297
2009-08-26,26.2900,26.6333,26.2133,26.4333,2935200,25.3907
2009-08-27,26.4600,26.5000,26.0067,26.4067,2153700,25.3651
2009-08-28,26.5233,26.5233,25.9867,26.2633,2865300,25.2274
2009-08-31,25.9367,26.1767,25.8633,26.0933,2031900,25.0641
2009-09-01,25.9900,26.5500,25.7167,25.8100,3332400,24.7920
2009-09-02,25.7533,25.9167,25.6300,25.8233,1653300,24.8048
2009-09-03,25.8400,25.9100,25.5967,25.8467,964500,24.8272
2009-09-04,25.8567,26.3467,25.8567,26.3300,1041000,25.2915
2009-09-08,26.6700,26.6700,26.2467,26.4433,2659200,25.4004
2009-09-09,26.5700,26.8500,26.5133,26.7600,1986600,25.7045
2009-09-10,26.7967,26.8833,26.6933,26.8267,1270200,25.7686
2009-09-11,26.8033,26.9467,26.6400,26.7767,1171200,25.7205
2009-09-14,26.6133,27.1300,26.5933,27.0600,1521300,25.9927
2009-09-15,27.0767,27.2000,26.9433,27.0567,1570200,25.9895
2009-09-16,27.1800,27.3300,27.0667,27.3300,1243500,26.2520
2009-09-17,27.2967,27.5100,27.2933,27.4567,1401300,26.3737
2009-09-18,27.5600,27.6400,27.3567,27.5433,1188000,26.4570
2009-09-21,27.4700,27.9733,27.4700,27.8700,1926600,26.7707
2009-09-22,27.9900,28.0000,27.5033,27.5100,1770000,26.4249
2009-09-23,27.6333,27.6333,27.1467,27.1467,2153400,26.0759
2009-09-24,27.2700,27.2700,26.7500,26.9267,1816800,25.8646
2009-09-25,26.8167,27.0967,26.8167,26.9200,1861500,25.8582
2009-09-28,27.0000,27.5000,27.0000,27.3433,1075500,26.2648
2009-09-29,27.3933,27.4400,27.1067,27.2300,703800,26.1560
2009-09-30,27.2367,27.2367,26.7533,27.1200,1796400,26.0503
2009-10-01,27.0700,27.1100,26.2767,26.2800,1995000,25.2435
2009-10-02,26.1300,26.3600,26.0200,26.2133,1692300,25.1794
2009-10-05,26.3167,26.4333,26.1367,26.2900,941700,25.2531
2009-10-06,26.3833,26.7167,26.2167,26.5233,1820400,25.4772
2009-10-07,26.4867,26.5000,26.3400,26.4433,958800,25.4004
2009-10-08,26.5500,26.6767,26.3533,26.3767,1023000,25.3363
2009-10-09,26.3533,26.6067,26.3367,26.5667,1098000,25.5188
2009-10-12,26.8167,26.9733,26.4967,26.5800,733500,25.5316
2009-10-13,26.5500,26.6767,26.3767,26.5033,783600,25.4580
2009-10-14,26.7333,26.9067,26.5800,26.8300,942300,25.7718
2009-10-15,26.7500,27.1367,26.7500,27.0967,1932600,26.0279
2009-10-16,26.9433,27.0167,26.7100,26.8500,1367400,25.7910
2009-10-19,26.8667,26.9467,26.6800,26.8133,1560000,25.7557
2009-10-20,26.7200,26.7533,26.1400,26.1600,2966400,25.1282
2009-10-21,26.1167,26.3900,25.9267,25.9367,3363300,24.9137
2009-10-22,25.9067,26.1400,25.7367,26.0067,2154900,24.9809
2009-10-23,25.9800,25.9900,25.5367,25.5533,2726100,24.5455
2009-10-26,25.6500,25.8367,25.1133,25.2500,4461900,24.2541
2009-10-27,25.2800,25.4733,25.1367,25.2300,2696100,24.2349
2009-10-28,25.0500,25.0633,24.3333,24.4367,5065200,23.4728
2009-10-29,24.5033,24.8400,24.5033,24.7667,3727200,23.7898
2009-10-30,24.7767,24.9167,24.3867,24.4600,3502800,23.4952
2009-11-02,24.7133,24.9300,24.3800,24.5367,1971300,23.5689
2009-11-03,24.4000,25.0400,24.4000,24.9800,2161500,23.9947
2009-11-04,25.1600,25.2233,24.7333,24.7867,1834800,23.8090
2009-11-05,24.7800,25.5800,24.7800,25.5167,3181500,24.5102
2009-11-06,25.4600,25.8667,25.4033,25.8167,1734000,24.7984
2009-11-09,26.0833,26.1133,25.8833,26.0467,2451000,25.0193
2009-11-10,25.9000,26.1767,25.8433,26.0033,1763100,24.9777
2009-11-11,26.1667,26.4167,26.0967,26.3300,1274400,25.2915
2009-11-12,26.1833,26.4233,26.0633,26.1000,1139700,25.0706
2009-11-13,25.9767,26.2300,25.9667,26.0700,1508100,25.0417
2009-11-16,26.0700,26.6000,26.0700,26.5367,2114100,25.4900
2009-11-17,26.3033,26.5533,26.3000,26.5033,812700,25.4580
2009-11-18,26.3867,26.5633,26.1333,26.2967,2660400,25.2595
2009-11-19,26.0200,26.1667,25.7933,25.9533,2166900,24.9297
2009-11-20,25.7267,25.9967,25.7267,25.8700,2013000,24.8496
2009-11-23,25.9133,26.2900,25.9133,26.0567,1995900,25.0289
2009-11-24,26.1967,26.2100,25.8767,26.1667,964200,25.1346
2009-11-25,26.1667,26.4267,26.1667,26.3700,799200,25.3299
2009-11-27,25.7433,26.3200,25.7033,26.1167,986100,25.0866
2009-11-30,26.0133,26.2700,25.9233,26.1367,1554300,25.1058
2009-12-01,26.1400,26.5900,26.1367,26.5200,1986600,25.4740
2009-12-02,26.3900,26.8233,26.3900,26.7267,1208100,25.6725
2009-12-03,26.6700,26.9000,26.4467,26.4833,1485900,25.4388
2009-12-04,26.4867,26.8833,26.3533,26.5467,5244000,25.4996
2009-12-07,26.6500,26.6933,26.3500,26.4400,1780200,25.3972
2009-12-08,26.2267,26.4333,26.0567,26.2467,1655400,25.2114
2009-12-09,26.1100,26.3700,25.9400,26.2900,1323600,25.2531
2009-12-10,26.4733,26.5067,26.2267,26.2900,1544100,25.2531
2009-12-11,26.4567,26.4867,26.1000,26.3467,1610100,25.3075
2009-12-14,26.3833,26.7000,26.3833,26.6967,1055700,25.6437
2009-12-15,26.7000,26.7000,26.4633,26.5267,903000,25.4804
2009-12-16,26.4133,26.6867,26.3233,26.3400,984600,25.3011
2009-12-17,26.1300,26.2967,25.9633,26.0967,1370700,25.0674
2009-12-18,26.1200,26.4700,26.1200,26.4500,1653600,25.4067
2009-12-21,26.5333,26.8333,26.5333,26.7733,1127400,25.7173
2009-12-22,26.9500,27.2000,26.8233,27.1600,1235100,26.0887
2009-12-23,27.1467,27.3333,27.1467,27.2900,528300,26.2136
2009-12-24,27.1300,27.3533,27.1300,27.3533,402000,26.2745
2009-12-28,27.4600,27.5167,27.3333,27.5167,310500,26.4313
2009-12-29,27.5167,27.5167,27.3200,27.3633,1076700,26.2841
2009-12-30,27.2400,27.4500,27.2133,27.4467,574200,26.3641
2009-12-31,27.4900,27.4900,27.2400,27.2767,690000,26.2008
2010-01-04,27.4900,27.6833,27.3400,27.6833,1867500,26.5914
2010-01-05,27.5000,27.6633,27.3133,27.4900,2460000,26.4057
2010-01-06,27.6500,27.7400,27.5433,27.7000,1690500,26.6074
2010-01-07,27.7500,27.7600,27.4833,27.6867,1040400,26.5946
2010-01-08,27.6800,27.9067,27.4333,27.9067,1153800,26.8060
2010-01-11,28.0567,28.2667,27.8067,28.0533,1516500,26.9468
2010-01-12,27.9433,28.0333,27.6500,27.9667,2004600,26.8636
2010-01-13,28.0800,28.3733,27.9467,28.2933,1252500,27.1774
2010-01-14,28.1667,28.4233,28.1533,28.3700,1803900,27.2510
2010-01-15,28.3967,28.4367,27.9033,28.0700,2597700,26.9629
2010-01-19,28.2700,28.5900,28.1700,28.5900,1729800,27.4623
2010-01-20,28.7333,28.7833,28.0000,28.3567,2141400,27.2382
2010-01-21,28.4600,28.4600,27.7867,27.8967,2541000,26.7964
2010-01-22,27.7000,28.1067,27.7000,27.8000,3003600,26.7035
2010-01-25,28.0567,28.0567,27.5533,27.5933,1909500,26.5050
2010-01-26,27.4467,27.7367,27.3433,27.5867,943500,26.4986
2010-01-27,27.4400,27.9900,27.4100,27.9900,1892400,26.8860
2010-01-28,28.0533,28.0533,27.5700,27.7300,1954500,26.6363
2010-01-29,27.8433,28.0333,27.7300,27.7600,2264700,26.6651
2010-02-01,27.7700,27.9267,27.7400,27.9233,2329500,26.8220
2010-02-02,27.7167,28.4967,27.7167,28.4967,1959900,27.3727
2010-02-03,28.4000,28.6667,28.2033,28.4533,1356300,27.3311
2010-02-04,28.3700,28.3700,27.2833,27.4333,9285300,26.3513
2010-02-05,27.3367,27.4767,26.6933,27.3600,3991200,26.2808
2010-02-08,27.4767,27.4767,27.0533,27.2100,2499900,26.1368
2010-02-09,27.3067,27.6800,27.2200,27.4667,2728800,26.3833
2010-02-10,27.3800,27.5067,27.0700,27.4067,2342400,26.3257
2010-02-11,27.5200,27.8967,27.2400,27.8900,1656900,26.7899
2010-02-12,27.5667,28.0833,27.5667,28.0833,1625100,26.9757
2010-02-16,28.3600,28.3600,27.8167,28.1567,1307400,27.0461
2010-02-17,28.2100,28.5500,28.1500,28.5500,1758000,27.4239
2010-02-18,28.5300,28.5533,28.2900,28.4233,1462200,27.3022
2010-02-19,28.4333,28.5433,28.2333,28.4433,2249700,27.3215
2010-02-22,28.3867,28.5500,28.2733,28.4033,1723800,27.2830
2010-02-23,28.4200,28.4700,27.9733,28.0733,1946400,26.9660
2010-02-24,28.0833,28.4000,28.0833,28.2700,1552800,27.1550
2010-02-25,27.9667,28.3467,27.8900,28.3467,1849200,27.2286
2010-02-26,28.2533,28.4733,28.1300,28.4667,2091000,27.3439
2010-03-01,28.6533,29.1533,28.6267,29.1367,3035400,27.9874
2010-03-02,29.0633,29.4900,29.0633,29.4200,1649400,28.2596
2010-03-03,29.4200,29.4467,29.2100,29.2967,875400,28.1411
2010-03-04,29.2900,29.3733,29.1067,29.2500,1461000,28.0963
2010-03-05,29.4167,29.7067,29.3800,29.7067,1665000,28.5350
2010-03-08,29.7600,29.7667,29.5633,29.6100,1178100,28.4421
2010-03-09,29.4800,29.9333,29.3367,29.9333,2493000,28.7527
2010-03-10,30.0300,30.2533,30.0100,30.2033,2571000,29.0120
2010-03-11,30.1433,30.3733,29.9700,30.2833,2204700,29.0889
2010-03-12,30.5567,30.6033,30.0400,30.4267,2463000,29.2266
2010-03-15,30.2567,30.2733,30.0100,30.1900,2098800,28.9992
2010-03-16,30.3000,30.3967,30.0867,30.3467,1380600,29.1497
2010-03-17,30.4600,30.4600,30.1800,30.2367,1574400,29.0441
2010-03-18,30.2067,30.5033,30.1600,30.5033,1017600,29.3002
2010-03-19,30.3900,30.5233,30.3633,30.4933,2346900,29.2906
2010-03-22,30.1667,30.8267,30.1667,30.7567,2329800,29.5436
2010-03-23,30.9800,31.1267,30.7233,31.1267,1284000,29.8990
2010-03-24,30.8033,31.1767,30.7400,30.7733,2105700,29.5596
2010-03-25,30.9967,30.9967,30.5367,30.5567,2046000,29.3514
2010-03-26,30.7900,30.7900,30.2567,30.4333,2283300,29.2330
2010-03-29,30.5367,30.6733,30.5333,30.6433,1016100,29.4347
2010-03-30,30.5367,30.6333,30.3767,30.5233,1482600,29.3194
2010-03-31,30.4233,30.5833,30.2767,30.3133,1286400,29.1177
2010-04-01,30.5333,30.7167,30.4000,30.6133,1432200,29.4059
2010-04-05,30.8000,30.8667,30.5467,30.8667,1059600,29.6492
2010-04-06,30.6633,30.9733,30.6633,30.8600,1007700,29.6428
2010-04-07,30.9833,30.9833,30.5133,30.6933,1192200,29.4827
2010-04-08,30.4933,30.7433,30.3300,30.6800,1241100,29.4699
2010-04-09,30.7333,30.7333,30.4733,30.6900,1128600,29.4795
2010-04-12,30.5433,30.6800,30.3533,30.6000,698100,29.3931
2010-04-13,30.6500,30.7000,30.4767,30.6833,1228200,29.4731
2010-04-14,30.9200,30.9200,30.6367,30.8300,1970700,29.6140
2010-04-15,30.8500,30.9667,30.8000,30.9000,553200,29.6812
2010-04-16,30.9000,30.9433,30.4433,30.7600,1882200,29.5468
2010-04-19,30.7000,30.9100,30.3833,30.6467,3035400,29.4379
2010-04-20,30.7833,30.7833,30.5067,30.7600,3585900,29.5468
2010-04-21,30.6667,30.6667,30.0367,30.2600,6213900,29.0665
2010-04-22,30.0000,30.0500,29.6333,29.9967,2012100,28.8135
2010-04-23,29.9733,30.4500,29.9367,30.2633,2316600,29.0697
2010-04-26,30.2600,30.3800,30.0467,30.1033,1944600,28.9160
2010-04-27,29.9000,30.3000,29.6100,29.6800,2098500,28.5094
2010-04-28,29.7700,29.9000,29.6500,29.8367,2397000,28.6598
2010-04-29,29.8967,30.9667,29.8967,30.6233,7744200,29.4155
2010-04-30,30.6267,30.9200,30.3500,30.4100,3199500,29.2106
2010-05-03,30.7233,30.8833,30.4233,30.7967,1385400,29.5820
2010-05-04,30.5100,30.5700,29.9333,30.1900,3570000,28.9992
2010-05-05,29.5700,29.5900,28.9333,29.5867,4085100,28.4197
2010-05-06,29.4467,29.6167,23.3333,28.7667,13332900,27.6320
2010-05-07,28.3667,28.4567,27.1700,27.5167,10778400,26.4313
2010-05-10,28.3800,28.8967,28.1967,28.4200,7674000,27.2990
2010-05-11,28.0700,29.0333,28.0300,28.7333,3654900,27.6000
2010-05-12,28.8500,29.3067,28.7333,29.3067,2671800,28.1507
2010-05-13,29.2467,29.3133,28.9167,28.9567,1571700,27.8146
2010-05-14,28.6900,28.8833,28.0967,28.3933,4167900,27.2734
2010-05-17,28.4633,28.6167,27.8633,28.4567,3213300,27.3343
2010-05-18,28.6033,28.6867,28.0500,28.1300,3456900,27.0205
2010-05-19,28.0667,28.3067,27.7467,28.0600,3446100,26.9533
2010-05-20,27.7100,27.7100,26.8200,26.9567,5034600,25.8934
2010-05-21,26.4900,27.1967,26.4700,26.9167,3453300,25.8550
2010-05-24,26.9400,27.1833,26.6867,26.8733,2548800,25.8134
2010-05-25,26.2333,26.8267,25.9167,26.8267,3488400,25.7686
2010-05-26,26.8367,27.1633,26.4100,26.5000,5544000,25.4548
2010-05-27,26.9267,27.2033,26.8333,27.1867,3055800,26.1144
2010-05-28,27.2900,27.3400,26.8733,27.0767,3590700,26.0087
2010-06-01,26.6333,27.2533,26.5200,26.5667,1617600,25.5188
2010-06-02,26.7667,27.5367,26.7167,27.5367,4471200,26.4506
2010-06-03,27.6167,27.8233,27.4233,27.8233,2986500,26.7259
2010-06-04,27.1700,27.3967,26.6700,26.7533,3533700,25.6981
2010-06-07,26.9300,27.0400,26.3200,26.3467,1643700,25.3075
2010-06-08,26.4400,26.4500,25.6667,26.0633,3473400,25.0353
2010-06-09,26.3233,26.4500,25.8767,25.9767,3831300,24.9521
2010-06-10,26.3167,26.7833,26.2333,26.7833,1528500,25.7269
2010-06-11,26.3633,27.1367,26.3633,27.0800,1389600,26.0119
2010-06-14,27.2567,27.5567,27.1300,27.1633,1155000,26.0919
2010-06-15,27.4600,27.7467,27.2600,27.7100,793800,26.6170
2010-06-16,27.3500,27.8233,27.3500,27.6267,848400,26.5370
2010-06-17,27.7667,27.7667,27.3367,27.6733,1973400,26.5818
2010-06-18,27.7700,27.9000,27.5667,27.7900,2433600,26.6939
2010-06-21,28.1033,28.1733,27.2867,27.3933,3153300,26.3129
2010-06-22,27.5133,27.6733,27.0067,27.0500,3034200,25.9831
2010-06-23,27.1567,27.2367,26.8400,27.0800,924000,26.0119
2010-06-24,26.8533,27.1400,26.7667,26.8700,1400700,25.8102
2010-06-25,26.9000,27.4733,26.7933,27.3533,2625600,26.2745
2010-06-28,27.3533,27.4467,26.9100,27.1267,1074600,26.0567
2010-06-29,26.7567,26.7767,26.0900,26.2200,2376000,25.1858
2010-06-30,26.1667,26.4067,25.7900,25.8400,1635000,24.8208
2010-07-01,25.7967,25.7967,24.8333,25.3533,6140400,24.3533
2010-07-02,25.5967,25.8100,25.4133,25.5367,2728500,24.5294
2010-07-06,25.6900,25.8867,25.0667,25.2300,3054300,24.2349
2010-07-07,25.2233,25.6933,24.9933,25.6633,3316500,24.6511
2010-07-08,25.9200,26.1133,25.6933,26.1133,1991700,25.0834
2010-07-09,25.9433,26.5000,25.9433,26.4900,2108700,25.4452
2010-07-12,26.3333,26.5300,26.0533,26.0967,1061400,25.0674
2010-07-13,26.4200,26.7833,26.3567,26.7200,2324400,25.6661
2010-07-14,26.6300,26.7700,26.5067,26.6633,508800,25.6117
2010-07-15,26.6967,26.9700,26.5533,26.7433,1579200,25.6885
2010-07-16,26.6233,26.7033,25.8033,25.8400,4202100,24.8208
2010-07-19,25.9933,26.0900,25.7533,26.0367,1119900,25.0097
2010-07-20,25.5900,26.0833,25.5833,26.0833,1983900,25.0545
2010-07-21,26.3567,26.3567,25.7867,25.8633,3036900,24.8432
2010-07-22,26.1833,26.5300,26.1467,26.3367,1725600,25.2979
2010-07-23,26.2767,26.6367,25.8267,26.5800,10621800,25.5316
2010-07-26,26.8633,27.4267,26.6367,27.3500,5302200,26.2712
2010-07-27,27.5667,27.5733,27.0333,27.1967,2081100,26.1240
2010-07-28,27.1367,27.3467,26.6033,26.6433,2686500,25.5925
2010-07-29,26.7667,27.0467,26.2533,26.5600,1710600,25.5124
2010-07-30,26.3333,27.1400,26.2567,27.0100,4135200,25.9447
2010-08-02,27.2700,27.6467,27.2400,27.5133,1717200,26.4281
2010-08-03,27.4100,27.7367,27.3500,27.5633,2167500,26.4762
2010-08-04,27.7033,28.0367,27.6667,27.9500,1475700,26.8476
2010-08-05,27.7767,28.0000,27.7567,27.8600,402900,26.7611
2010-08-06,27.6800,28.0467,27.4400,28.0067,1881600,26.9020
2010-08-09,28.2700,28.2700,27.9800,28.2167,1340700,27.1037
2010-08-10,27.7867,28.2400,27.7233,28.0833,1101600,26.9757
2010-08-11,27.5567,27.5900,27.0767,27.1367,3723000,26.0663
2010-08-12,26.7333,27.5267,26.7333,27.4300,2835300,26.3481
2010-08-13,27.1433,27.3967,27.1433,27.1967,748800,26.1240
2010-08-16,26.9633,27.4067,26.9600,27.2367,619500,26.1624
2010-08-17,27.5167,27.6067,27.2300,27.4667,1104000,26.3833
2010-08-18,27.5867,27.6733,27.2267,27.4633,1501500,26.3801
2010-08-19,27.3733,27.4133,26.7667,26.8967,4133100,25.8358
2010-08-20,26.7500,26.9200,26.5667,26.8333,1097100,25.7750
2010-08-23,26.9433,27.1500,26.6633,26.7067,1121400,25.6533
2010-08-24,26.5067,26.5067,26.1333,26.2300,1644000,25.1954
2010-08-25,25.9500,26.6433,25.9500,26.5967,981900,25.5476
2010-08-26,26.6333,26.6333,26.1233,26.2467,5350200,25.2114
2010-08-27,26.2967,26.7100,25.9300,26.6667,1078800,25.6149
2010-08-30,26.4767,26.7200,26.3033,26.3333,1679400,25.2947
2010-08-31,26.1533,26.5033,26.1067,26.1933,2048400,25.1602
2010-09-01,26.5000,26.9933,26.5000,26.9567,1263300,25.8934
2010-09-02,26.9667,27.2800,26.8367,27.2800,1781700,26.2040
2010-09-03,27.4633,27.5900,27.3267,27.5333,1608600,26.4474
2010-09-07,27.3333,27.4367,27.2067,27.2567,930300,26.1816
2010-09-08,27.3933,27.7933,27.3267,27.7200,1898400,26.6267
2010-09-09,27.9367,27.9867,27.7800,27.9300,1121700,26.8284
2010-09-10,27.9600,28.2533,27.9500,28.2067,1722000,27.0941
2010-09-13,28.4533,28.4533,28.2067,28.3067,1513800,27.1902
2010-09-14,28.2267,28.4167,28.1833,28.3000,2770500,27.1838
2010-09-15,28.1633,28.5800,28.1133,28.5333,1093500,27.4079
2010-09-16,28.5100,28.5100,28.3033,28.4367,1390200,27.3151
2010-09-17,28.6533,28.6533,28.3033,28.5033,1943100,27.3791
2010-09-20,28.6600,28.9933,28.4867,28.9367,1626900,27.7953
2010-09-21,28.8467,29.0867,28.8467,28.9500,1184400,27.8081
2010-09-22,28.7867,29.1567,28.7100,28.8400,2387100,27.7025
2010-09-23,28.7267,28.9767,28.5700,28.7200,1706400,27.5872
2010-09-24,28.8200,29.0367,28.7200,29.0067,2798700,28.0285
2010-09-27,28.9567,28.9733,28.7167,28.7733,4400700,27.8030
2010-09-28,28.8933,28.9800,28.5567,28.9467,1303200,27.9705
2010-09-29,28.8133,28.9200,28.6167,28.7133,3467400,27.7450
2010-09-30,28.8633,28.9633,28.5700,28.7467,1986300,27.7773
2010-10-01,28.9400,28.9533,28.5567,28.7567,1235700,27.7869
2010-10-04,28.6967,28.8167,28.4000,28.5767,1799700,27.6130
2010-10-05,28.6833,29.1867,28.6833,29.1367,5278500,28.1541
2010-10-06,29.1433,29.1567,28.8000,28.9267,1920600,27.9512
2010-10-07,28.9967,29.0333,28.7467,28.9733,986700,27.9963
2010-10-08,28.9467,29.2900,28.8833,29.1833,1913700,28.1992
2010-10-11,29.1100,29.3033,29.0967,29.1800,1202700,28.1960
2010-10-12,29.0567,29.3833,28.8567,29.3533,3135000,28.3635
2010-10-13,29.6267,29.6267,29.3800,29.4600,1663500,28.4665
2010-10-14,29.4167,29.5033,29.2333,29.3733,846900,28.3828
2010-10-15,29.2200,29.7067,29.2167,29.7067,926400,28.7049
2010-10-18,29.5633,29.8467,29.5633,29.8467,1074600,28.8402
2010-10-19,29.4433,29.7200,29.1967,29.3800,2932800,28.3892
2010-10-20,29.4333,29.6667,29.2333,29.3967,2640000,28.4053
2010-10-21,29.5500,29.7100,29.1000,29.3633,2954700,28.3731
2010-10-22,29.3667,29.4600,29.2233,29.4167,1533300,28.4247
2010-10-25,29.5633,29.9000,29.5633,29.5800,1675500,28.5825
2010-10-26,29.3900,29.5767,29.2600,29.5133,691800,28.5181
2010-10-27,29.3200,29.6933,29.3133,29.6433,1458600,28.6437
2010-10-28,30.0833,30.0833,29.6767,29.8133,1319700,28.8079
2010-10-29,29.7267,29.9200,29.7267,29.7667,542700,28.7628
2010-11-01,29.9200,29.9500,29.4767,29.6133,1410300,28.6147
2010-11-02,29.7400,29.8733,29.6300,29.7433,2787000,28.7403
2010-11-03,29.9100,29.9100,29.5467,29.7733,1832400,28.7693
2010-11-04,29.9300,30.0333,29.6833,29.7100,1103400,28.7081
2010-11-05,29.7467,29.7467,29.3733,29.5367,1922400,28.5406
2010-11-08,29.4967,29.4967,29.2367,29.4200,936600,28.4279
2010-11-09,29.5833,29.5833,29.0667,29.1600,756000,28.1766
2010-11-10,29.1400,29.3667,28.9567,29.3100,1823700,28.3216
2010-11-11,29.0300,29.4600,29.0300,29.4100,1039200,28.4182
2010-11-12,29.1533,29.3067,28.9200,29.0500,1575600,28.0704
2010-11-15,29.1333,29.3600,29.1067,29.2267,1597500,28.2411
2010-11-16,28.9767,29.2533,28.8333,28.9367,2572200,27.9608
2010-11-17,28.9367,29.0400,28.8300,28.9900,2878500,28.0124
2010-11-18,29.4333,29.5933,29.2733,29.4400,2805300,28.4472
2010-11-19,29.3700,29.5467,29.2733,29.4733,1890000,28.4794
2010-11-22,29.5367,29.7633,29.3600,29.6500,1705200,28.6501
2010-11-23,29.5567,29.5567,29.1867,29.3367,1678800,28.3473
2010-11-24,29.6833,29.8233,29.6100,29.7867,1862100,28.7822
2010-11-26,29.5400,29.7433,29.5267,29.6733,1057500,28.6727
2010-11-29,29.6667,29.6667,29.1300,29.4300,1228500,28.4375
2010-11-30,29.1500,29.2767,29.0500,29.1333,1806900,28.1509
2010-12-01,29.4733,29.6567,29.4067,29.4733,2043300,28.4794
2010-12-02,29.6300,29.6733,29.4200,29.6433,861000,28.6437
2010-12-03,29.4433,29.8333,29.4433,29.7933,1071900,28.7886
2010-12-06,29.7133,29.7133,29.5133,29.6467,1105500,28.6469
2010-12-07,29.7700,29.9767,29.6933,29.7100,1801800,28.7081
2010-12-08,29.8967,29.9333,29.7567,29.7933,400200,28.7886
2010-12-09,29.9133,30.0367,29.8567,29.9867,332400,28.9754
2010-12-10,30.0967,30.4167,30.0000,30.3233,2066700,29.3007
2010-12-13,30.5400,30.5400,30.1433,30.1933,980400,29.1751
2010-12-14,30.3300,30.5967,30.2767,30.5233,1337400,29.4940
2010-12-15,30.5233,30.8867,30.4800,30.6467,1095600,29.6132
2010-12-16,30.6333,31.0400,30.6000,31.0133,1012800,29.9675
2010-12-17,31.0700,31.4733,31.0600,31.3967,1996500,30.3379
2010-12-20,31.5167,31.5633,31.2267,31.4067,711300,30.3475
2010-12-21,31.5667,31.5867,31.3767,31.5267,475500,30.4635
2010-12-22,31.6400,31.6400,31.5000,31.5400,516300,30.4764
2010-12-23,31.4900,31.5833,31.3867,31.5567,954900,30.4925
2010-12-27,31.5933,31.6533,31.3333,31.5733,535500,30.5086
2010-12-28,31.6667,31.6667,31.4200,31.4567,754200,30.3959
2010-12-29,31.3733,31.5233,31.3733,31.4267,1282500,30.3669
2010-12-30,31.3000,31.4600,31.2767,31.3267,1277700,30.2702
2010-12-31,31.3933,31.3933,31.0933,31.1400,773100,30.0899
2011-01-03,31.3033,31.7100,31.2800,31.4300,1298400,30.3701
2011-01-04,31.6200,31.6200,31.1400,31.3000,1088100,30.2445
2011-01-05,31.3000,31.6233,31.2400,31.5500,1756800,30.4860
2011-01-06,31.4500,31.7500,31.4500,31.6967,714300,30.6278
2011-01-07,31.6733,31.7967,31.4667,31.6833,1017300,30.6149
2011-01-10,31.6600,31.6933,31.4400,31.6467,938400,30.5795
2011-01-11,31.9133,31.9133,31.7300,31.8200,1281300,30.7469
2011-01-12,31.9367,31.9933,31.7167,31.9933,524700,30.9144
2011-01-13,31.9500,32.0700,31.9200,32.0233,556500,30.9434
2011-01-14,31.9833,32.1200,31.8933,32.0700,529800,30.9885
2011-01-18,32.0467,32.4233,32.0467,32.4233,867300,31.3299
2011-01-19,32.4733,32.4733,31.5567,31.6367,2564700,30.5698
2011-01-20,31.4433,31.7333,31.4133,31.6300,1150500,30.5634
2011-01-21,31.6333,31.6533,31.3300,31.3400,1440300,30.2831
2011-01-24,31.4567,31.7733,31.4000,31.6067,1100100,30.5408
2011-01-25,31.4167,31.6767,31.4167,31.6467,1076100,30.5795
2011-01-26,31.7767,32.1167,31.7067,32.0567,652800,30.9756
2011-01-27,32.0567,32.1367,31.8267,31.9200,1442100,30.8436
2011-01-28,32.0333,32.0333,31.0000,31.0133,1962900,29.9675
2011-01-31,31.1033,31.3933,30.9400,31.2400,4022700,30.1865
2011-02-01,31.4700,31.6133,31.3033,31.4733,2752800,30.4120
2011-02-02,31.5233,31.5933,31.4533,31.5200,492300,30.4571
2011-02-03,31.5067,31.5067,31.0967,31.3100,1290600,30.2541
2011-02-04,31.2200,31.4767,31.1733,31.3833,1026600,30.3250
2011-02-07,31.4633,31.6333,31.3133,31.3500,5430900,30.2928
2011-02-08,31.3667,31.3667,31.1700,31.3400,1633800,30.2831
2011-02-09,31.2967,31.3200,31.0133,31.1300,747300,30.0802
2011-02-10,30.7867,31.3500,30.7833,31.3067,3338400,30.2509
2011-02-11,30.9833,31.4100,30.9833,31.3767,441000,30.3186
2011-02-14,31.5167,31.6133,31.3767,31.5767,1022100,30.5118
2011-02-15,31.5767,31.7033,31.4800,31.6600,1794300,30.5923
2011-02-16,31.8633,31.8633,31.6200,31.7667,3776400,30.6954
2011-02-17,31.6067,31.9267,31.6067,31.8500,3058500,30.7759
2011-02-18,31.9900,31.9900,31.6567,31.7733,712200,30.7018
2011-02-22,31.6433,31.6633,31.1333,31.1933,1434000,30.1414
2011-02-23,31.1933,31.3467,30.8900,30.9333,1466100,29.8902
2011-02-24,30.8100,31.0167,30.6400,30.8900,1727700,29.8483
2011-02-25,31.0333,31.5300,30.9800,31.5067,988500,30.4442
2011-02-28,31.6333,31.7933,31.4167,31.5600,616800,30.4957
2011-03-01,31.6333,31.6900,31.2433,31.3400,1576200,30.2831
2011-03-02,31.2700,31.7067,31.2700,31.5567,973500,30.4925
2011-03-03,31.7167,32.0633,31.7167,32.0133,1042800,30.9337
2011-03-04,31.9133,32.0933,31.8733,32.0133,610800,30.9337
2011-03-07,32.1100,32.1933,31.5167,31.8300,561600,30.7566
2011-03-08,31.8233,32.2867,31.6667,32.2100,628200,31.1238
2011-03-09,32.0967,32.3267,31.9767,32.2167,853200,31.1302
2011-03-10,31.8167,32.0167,31.6133,31.6867,1026900,30.6181
2011-03-11,31.5700,32.0267,31.5600,31.9000,2371800,30.8242
2011-03-14,31.8000,31.9900,31.5900,31.7367,1178400,30.6664
2011-03-15,30.9933,31.6433,30.9933,31.4633,1396500,30.4023
2011-03-16,31.4267,31.5067,30.9600,31.0733,1792500,30.0255
2011-03-17,31.5133,31.5133,31.1567,31.1767,1252500,30.1253
2011-03-18,31.5600,31.5600,31.3000,31.3767,845700,30.3186
2011-03-21,31.9000,31.9000,31.5633,31.6300,811800,30.5634
2011-03-22,31.7900,31.7900,31.4533,31.5500,574200,30.4860
2011-03-23,31.6200,31.7267,31.3333,31.6400,281700,30.5730
2011-03-24,31.8333,32.2267,31.7467,32.1167,737700,31.0336
2011-03-25,32.2633,32.4667,32.1567,32.1867,620400,31.1012
2011-03-28,32.4367,32.4367,32.1133,32.1133,586800,31.0304
2011-03-29,32.2700,32.6167,32.1667,32.6067,2046300,31.5071
2011-03-30,32.9067,33.2533,32.9067,33.1800,2190900,32.0611
2011-03-31,33.1767,33.4067,33.1767,33.3867,642000,32.2608
2011-04-01,33.6200,33.6400,33.3833,33.6300,981000,32.4959
2011-04-04,33.7233,33.8467,33.6433,33.7133,815400,32.5764
2011-04-05,33.7833,34.2233,33.7833,34.1433,2484900,32.9919
2011-04-06,34.3333,34.4167,33.9833,34.1467,1803000,32.9951
2011-04-07,34.0833,34.2700,33.9000,34.0600,1506900,32.9114
2011-04-08,34.0567,34.2200,33.8667,34.0667,804600,32.9178
2011-04-11,34.1833,34.3133,33.9033,34.0867,1248900,32.9372
2011-04-12,34.0000,34.0367,33.8067,33.9867,1304100,32.8405
2011-04-13,34.2833,34.3533,34.0333,34.2967,1183800,33.1401
2011-04-14,34.2433,34.5800,34.0733,34.5700,2049900,33.4042
2011-04-15,34.5633,34.9833,34.5333,34.9833,843000,33.8036
2011-04-18,34.4567,34.8133,34.2067,34.5600,1154700,33.3945
2011-04-19,34.7333,34.7333,34.1667,34.4100,1645500,33.2496
2011-04-20,34.8767,35.0333,34.7867,35.0300,841800,33.8487
2011-04-21,35.1633,35.1633,34.8767,35.0233,1236300,33.8422
2011-04-25,35.1300,35.1300,34.5867,34.8700,472500,33.6941
2011-04-26,34.8800,35.5333,34.8800,35.3967,1639500,34.2030
2011-04-27,35.6033,36.2500,35.4633,36.2367,2515800,35.0147
2011-04-28,36.3333,36.5367,36.0000,36.3167,2303400,35.0920
2011-04-29,36.2900,36.2900,35.8167,35.8167,603000,34.6088
2011-05-02,35.8867,36.3933,35.8867,36.0400,1428300,34.8246
2011-05-03,35.8667,36.0733,35.5333,35.7367,984900,34.5315
2011-05-04,35.7167,35.9400,35.2400,35.4767,4269600,34.2803
2011-05-05,35.3600,35.4667,34.9300,35.0033,1045500,33.8229
2011-05-06,35.2467,35.8000,35.2467,35.4833,1176000,34.2867
2011-05-09,35.6633,36.1233,35.5767,36.0500,1025400,34.8343
2011-05-10,36.0900,36.2667,35.8500,36.2400,2248200,35.0179
2011-05-11,36.3333,36.3333,35.7300,36.0167,3599700,34.8021
2011-05-12,35.8200,36.5333,35.6700,36.5000,1770000,35.2691
2011-05-13,36.5733,36.6733,36.1667,36.3167,1246500,35.0920
2011-05-16,36.1867,36.2433,35.7467,35.7733,1186500,34.5670
2011-05-17,35.5167,35.8700,35.4700,35.8500,989100,34.6410
2011-05-18,35.9067,36.1967,35.7333,36.1600,373800,34.9406
2011-05-19,36.3567,36.3567,35.7300,35.9767,1393800,34.7634
2011-05-20,35.9400,36.2467,35.7733,36.0833,1138500,34.8665
2011-05-23,35.9767,35.9767,35.3100,35.5367,1028100,34.3383
2011-05-24,35.9067,35.9067,35.3900,35.3967,1346400,34.2030
2011-05-25,35.1633,35.7133,35.1633,35.6433,1095600,34.4413
2011-05-26,35.4933,35.9133,35.4600,35.9133,650700,34.7022
2011-05-27,36.0667,36.0667,35.8567,36.0167,734700,34.8021
2011-05-31,36.5533,36.5533,36.0033,36.4533,1121100,35.2240
2011-06-01,36.4133,36.4900,35.7200,35.7233,2105700,34.5186
2011-06-02,35.6400,36.0133,35.6300,35.9567,1049100,34.7441
2011-06-03,35.5767,35.9400,35.4800,35.5667,1149900,34.3672
2011-06-06,35.3233,35.5567,34.9033,34.9300,1806300,33.7521
2011-06-07,35.0333,35.5300,35.0333,35.3467,1333200,34.1547
2011-06-08,35.3900,35.5767,35.0867,35.1967,1603500,34.0097
2011-06-09,35.1700,35.4433,34.8333,35.1033,1537200,33.9195
2011-06-10,35.0000,35.0267,34.4367,34.4367,3540300,33.2754
2011-06-13,34.3867,34.7300,34.2500,34.3400,1886700,33.1820
2011-06-14,34.7533,34.7833,34.4100,34.6433,1162500,33.4751
2011-06-15,34.3967,34.8733,34.2367,34.2533,1884600,33.0982
2011-06-16,34.2067,34.4133,33.7933,34.1033,1475400,32.9533
2011-06-17,34.2567,34.4000,33.8133,33.8733,1981200,32.7310
2011-06-20,33.8833,34.3300,33.8300,34.1767,645000,33.0241
2011-06-21,34.4567,34.6700,34.2000,34.6233,1661100,33.4557
2011-06-22,34.4367,34.7633,34.3933,34.5100,786000,33.3462
2011-06-23,34.1367,34.7100,33.8633,34.7000,2084400,33.5298
2011-06-24,34.6767,34.6767,34.2267,34.4433,849600,33.2818
2011-06-27,34.3567,34.7667,34.1800,34.7500,1236000,33.5781
2011-06-28,34.7567,35.4433,34.6700,35.3567,3676500,34.1643
2011-06-29,35.5867,35.5867,35.1933,35.4800,2229900,34.2835
2011-06-30,35.6500,35.7033,35.5067,35.5533,1092900,34.3544
2011-07-01,35.3967,35.9400,35.3867,35.9033,1091400,34.6926
2011-07-05,36.0000,36.0567,35.8133,36.0500,1799400,34.8343
2011-07-06,36.0700,36.3033,36.0100,36.2300,780300,35.0082
2011-07-07,36.6667,36.6667,36.1633,36.4833,715200,35.2530
2011-07-08,36.1900,36.5567,36.1900,36.5333,759600,35.3013
2011-07-11,36.3633,36.3633,35.7233,35.8467,3444600,34.6378
2011-07-12,35.6767,36.1500,35.6633,35.8200,1186800,34.6120
2011-07-13,35.9700,36.4200,35.9600,36.0967,1794000,34.8794
2011-07-14,36.1500,36.4900,35.7767,35.8633,1611300,34.6539
2011-07-15,35.8767,35.8900,35.5900,35.7933,704100,34.5863
2011-07-18,35.6233,35.7033,35.0400,35.3867,3502200,34.1933
2011-07-19,35.6133,36.0067,35.4667,36.0067,4244100,34.7924
2011-07-20,36.0433,36.1000,35.5067,35.6767,435300,34.4735
2011-07-21,35.7867,36.3333,35.7867,36.2067,1404600,34.9857
2011-07-22,36.2700,36.4567,36.1367,36.3800,412200,35.1532
2011-07-25,36.0733,36.1667,35.7567,35.7833,426300,34.5766
2011-07-26,35.7533,35.7533,35.3433,35.4033,933600,34.2094
2011-07-27,35.2300,35.2333,34.2900,34.4133,4839300,33.2528
2011-07-28,34.2633,35.1733,34.2633,34.4733,2724900,33.3108
2011-07-29,34.1600,34.8600,33.9433,34.6333,1296900,33.4654
2011-08-01,35.2033,35.3033,33.8333,34.1267,2614800,32.9758
2011-08-02,33.9067,34.3333,33.0433,33.0733,4895100,31.9580
2011-08-03,32.9800,33.2167,31.8967,33.0433,6918900,31.9290
2011-08-04,32.3500,32.3500,30.4133,30.4400,7947600,29.4135
2011-08-05,30.5633,30.8500,29.2100,30.1167,6551400,29.1011
2011-08-08,29.1333,29.6267,28.0133,28.2567,7977300,27.3038
2011-08-09,29.0233,29.9933,27.9867,29.9400,8009400,28.9303
2011-08-10,29.1700,29.5467,28.4500,28.4867,5076300,27.5260
2011-08-11,28.3767,29.9700,28.3733,29.6067,3841500,28.6082
2011-08-12,30.0367,30.4833,29.6567,30.2500,1654200,29.2299
2011-08-15,30.3433,31.2367,30.3433,31.2133,2246700,30.1607
2011-08-16,30.6733,31.2833,30.6733,31.0800,3290400,30.0319
2011-08-17,31.0833,31.4800,30.5467,30.9133,2787600,29.8708
2011-08-18,30.0167,30.1533,29.2100,29.4600,2574900,28.4665
2011-08-19,29.0700,29.9233,29.0667,29.5000,1975800,28.5052
2011-08-22,30.3000,30.3033,29.2367,29.3700,1681500,28.3796
2011-08-23,29.4900,30.5633,29.2367,30.5300,2081400,29.5004
2011-08-24,30.3033,30.7367,30.0000,30.7367,1829400,29.7001
2011-08-25,30.5533,30.8433,29.9533,30.0300,1989300,29.0173
2011-08-26,29.7400,30.7733,29.3667,30.7033,1872600,29.6679
2011-08-29,31.0900,31.7367,30.9767,31.7267,1461600,30.6567
2011-08-30,31.3933,32.2200,31.3933,32.0500,903000,30.9692
2011-08-31,32.3267,32.5833,31.7833,32.0700,1231800,30.9885
2011-09-01,32.0100,32.3900,31.4767,31.5833,1091400,30.5182
2011-09-02,31.1867,31.7233,30.8367,30.9500,1857600,29.9063
2011-09-06,30.1767,31.4467,30.1767,31.3967,1614600,30.3379
2011-09-07,31.7567,32.3200,31.6800,32.3167,1835100,31.2269
2011-09-08,32.2200,32.6467,31.9433,32.2633,1353000,31.1753
2011-09-09,31.9333,32.0500,31.1333,31.3033,2473200,30.2477
2011-09-12,30.8233,31.5433,30.8233,31.5433,2000700,30.4796
2011-09-13,31.4967,32.0667,31.4733,31.9533,2900700,30.8758
2011-09-14,32.2567,32.6633,31.6533,32.2700,3083700,31.1818
2011-09-15,32.6933,32.6933,32.1100,32.6167,2081700,31.5167
2011-09-16,32.5267,32.8533,32.3767,32.6433,1794000,31.5425
2011-09-19,32.2367,32.8033,32.0033,32.5467,2961600,31.4491
2011-09-20,32.5400,33.1800,32.5000,32.8200,3082500,31.7132
2011-09-21,32.8733,33.1400,32.2333,32.2433,1716000,31.1560
2011-09-22,31.3333,31.7833,30.8933,31.3733,4008600,30.3153
2011-09-23,31.1467,31.7267,31.1433,31.5967,2889900,30.5311
2011-09-26,31.7867,31.9367,31.0500,31.7500,3705600,30.6793
2011-09-27,32.5000,32.6567,32.0733,32.2233,2955300,31.1367
2011-09-28,32.3667,32.4800,31.3333,31.3467,1629300,30.2896
2011-09-29,32.0133,32.0133,30.6033,31.3700,1182600,30.3121
2011-09-30,31.0533,31.6100,30.9100,31.1167,2865000,30.0673
2011-10-03,30.7800,31.1533,29.6733,29.7067,2163300,28.7049
2011-10-04,29.3300,30.4400,29.2233,30.3733,3049500,29.3491
2011-10-05,30.5600,31.3633,30.1900,31.2700,1911600,30.2155
2011-10-06,31.2933,32.0467,31.0867,32.0000,1761000,30.9209
2011-10-07,31.8867,31.8867,31.2967,31.3633,1583100,30.3057
2011-10-10,31.8000,32.2567,31.7533,32.1233,760500,31.0400
2011-10-11,31.9100,32.4133,31.9100,32.0767,585600,30.9949
2011-10-12,32.4300,32.4300,31.7933,31.8267,1687800,30.7534
2011-10-13,31.8933,32.4400,31.8100,32.3267,1306500,31.2365
2011-10-14,32.6200,32.6200,32.1200,32.4300,899400,31.3364
2011-10-17,32.1333,32.3833,31.6667,31.7633,1083600,30.6922
2011-10-18,31.7933,32.2400,31.2833,32.0067,1004400,30.9273
2011-10-19,31.8700,32.3267,31.6600,31.7067,1087500,30.6374
2011-10-20,31.8367,32.0533,31.3900,31.9567,1278000,30.8790
2011-10-21,32.2433,32.6667,31.8233,32.4100,3102000,31.3170
2011-10-24,32.5433,33.0500,32.4367,32.9600,1449900,31.8485
2011-10-25,32.6600,32.8433,32.0300,32.1133,2281800,31.0304
2011-10-26,32.3900,32.7867,31.8600,32.6167,1541100,31.5167
2011-10-27,33.3367,33.5000,32.8200,33.2733,3026400,32.1513
2011-10-28,33.4233,33.5167,33.2267,33.4100,1484700,32.2833
2011-10-31,33.1533,33.1833,32.7167,32.7433,1935300,31.6391
2011-11-01,32.2833,32.4367,31.7433,32.0633,2682600,30.9821
2011-11-02,32.4500,32.5167,31.7433,32.1167,1453200,31.0336
2011-11-03,32.3333,32.5733,31.9133,32.5100,1863000,31.4137
2011-11-04,32.2767,32.2800,31.7867,31.9967,1388700,30.9177
2011-11-07,32.1733,32.2367,31.5267,32.0900,1359600,31.0078
2011-11-08,32.2833,32.2833,31.5600,32.0533,1174800,30.9724
2011-11-09,31.3133,31.7700,31.1100,31.1900,1371000,30.1382
2011-11-10,31.4567,31.6067,30.8067,31.1667,1559100,30.1156
2011-11-11,31.3433,31.7900,31.3433,31.6733,1828200,30.6052
2011-11-14,31.5067,31.7367,31.4100,31.6167,1145700,30.5505
2011-11-15,31.4467,31.8500,31.3900,31.7233,1151400,30.6535
2011-11-16,31.4800,31.7933,31.1367,31.2633,2376000,30.2090
2011-11-17,31.1967,31.4100,30.7267,30.9933,1682100,29.9481
2011-11-18,30.9700,31.2133,30.7167,30.7767,1926600,29.7388
2011-11-21,32.1467,32.4067,31.9900,32.2467,3968400,31.1592
2011-11-22,32.1633,32.8100,32.1633,32.6867,2467800,31.5844
2011-11-23,32.3400,32.5733,32.1533,32.1900,1250100,31.1045
2011-11-25,32.1033,32.1767,31.8667,31.8767,241800,30.8017
2011-11-28,32.8100,33.0400,32.3633,32.9767,1764000,31.8646
2011-11-29,33.2300,33.2300,32.8400,33.0033,1142700,31.8904
2011-11-30,33.5933,34.1200,33.5700,34.0667,2903100,32.9178
2011-12-01,34.1000,34.2467,33.9167,34.1367,1233300,32.9855
2011-12-02,34.5500,34.5500,33.8833,33.9167,2087100,32.7729
2011-12-05,34.4600,34.4600,33.8433,33.9700,1752600,32.8244
2011-12-06,33.8533,34.0867,33.7800,33.9567,852600,32.8116
2011-12-07,33.7067,33.9667,33.4267,33.8300,1038300,32.6892
2011-12-08,33.8133,33.8633,33.2167,33.2933,1413000,32.1706
2011-12-09,33.3833,33.9867,33.3833,33.8800,873300,32.7375
2011-12-12,33.6700,33.6700,33.3400,33.5467,1216800,32.4154
2011-12-13,33.7933,33.8333,33.0067,33.1433,1496400,32.0256
2011-12-14,32.9200,33.2100,32.8667,33.0400,1140600,31.9258
2011-12-15,33.2233,33.3700,33.0433,33.2267,1702500,32.1062
2011-12-16,33.2400,33.6433,33.2400,33.3700,1363800,32.2447
2011-12-19,33.4133,33.9200,33.2700,33.3467,518100,32.2221
2011-12-20,33.6833,34.2133,33.6833,34.1833,970800,33.0306
2011-12-21,34.0300,34.3633,33.8700,34.3167,639000,33.1594
2011-12-22,34.4067,34.4933,34.2900,34.4067,377400,33.2509
2011-12-23,34.5433,34.5433,34.3467,34.4967,508800,33.3379
2011-12-27,34.3500,34.8767,34.3500,34.7667,489600,33.5988
2011-12-28,34.7267,34.7467,34.3600,34.4200,698400,33.2638
2011-12-29,34.3933,34.7267,34.3333,34.6533,1201200,33.4893
2011-12-30,34.7367,34.9667,34.5133,34.7833,1260000,33.6149
2012-01-03,35.1767,35.5333,34.9833,35.1067,1275000,33.9274
2012-01-04,34.8233,35.1267,34.8233,34.9567,554400,33.7824
2012-01-05,34.7533,35.6933,34.7533,35.4500,619200,34.2592
2012-01-06,35.5267,35.8667,35.4933,35.7367,1488600,34.5362
2012-01-09,36.1400,36.3000,35.9500,36.2333,2531400,35.0162
2012-01-10,36.6433,36.9733,36.5500,36.9500,3159000,35.7088
2012-01-11,36.9033,37.2033,36.6733,37.1767,2859000,35.9278
2012-01-12,37.1533,37.4533,36.8867,37.4367,2166600,36.1791
2012-01-13,37.2767,37.4500,36.9633,37.4500,2669700,36.1920
2012-01-17,37.9000,37.9600,37.4933,37.6833,2175000,36.4175
2012-01-18,37.7000,38.1433,37.5900,38.1100,1171500,36.8298
2012-01-19,38.2900,38.2900,37.9300,37.9367,2074800,36.6623
2012-01-20,37.9000,38.0033,37.6033,37.6667,1928400,36.4014
2012-01-23,37.8600,37.9067,37.3367,37.4400,2538900,36.1823
2012-01-24,37.2833,37.6867,37.2500,37.6567,3687000,36.3917
2012-01-25,37.8833,38.6400,37.8300,38.5767,2953200,37.2808
2012-01-26,38.6967,38.9200,38.1300,38.2367,3427500,36.9523
2012-01-27,38.2733,38.8300,38.2067,38.7133,2215800,37.4129
2012-01-30,38.5367,38.5667,38.1100,38.5333,1709700,37.2390
2012-01-31,38.7800,38.7933,38.4567,38.6667,1573200,37.3678
2012-02-01,39.1200,39.6167,39.0000,39.5100,4076400,38.1828
2012-02-02,39.6367,39.8500,39.4300,39.7367,2064900,38.4019
2012-02-03,40.2733,40.4467,39.9000,40.2133,2744100,38.8625
2012-02-06,40.1133,40.6900,39.9133,40.6300,1877700,39.2652
2012-02-07,40.8167,40.8167,40.2167,40.3500,1619400,38.9946
2012-02-08,40.3667,40.3667,39.5567,40.0367,5289300,38.6918
2012-02-09,40.2067,40.2067,39.7000,39.8133,1678200,38.4760
2012-02-10,39.5700,39.7233,39.3967,39.6267,1543500,38.2956
2012-02-13,40.0867,40.6333,40.0867,40.5533,1362600,39.1911
2012-02-14,40.3400,40.4667,40.0233,40.1933,2617800,38.8432
2012-02-15,40.5400,40.5933,40.0900,40.1867,1609800,38.8367
2012-02-16,40.3100,40.6400,40.2200,40.5000,853500,39.1395
2012-02-17,40.2867,40.2867,39.6267,39.6800,3370500,38.3471
2012-02-21,39.7167,39.7167,38.8033,38.9167,5057400,37.6094
2012-02-22,38.6300,39.0633,38.5467,38.9000,2655900,37.5933
2012-02-23,39.2133,39.8167,39.1367,39.7733,1812600,38.4373
2012-02-24,39.7333,39.9533,39.6233,39.8200,867000,38.4824
2012-02-27,39.7333,39.9867,39.3367,39.8100,1254900,38.4727
2012-02-28,39.7967,40.0800,39.7267,39.9267,805800,38.5855
2012-02-29,40.0733,40.2367,39.6867,39.6867,1510200,38.3535
2012-03-01,39.6200,40.2400,39.6200,40.1433,1003800,38.7949
2012-03-02,40.0067,40.2533,39.7900,39.9667,599100,38.6241
2012-03-05,39.9533,39.9667,39.4700,39.6467,1354200,38.3149
2012-03-06,39.3233,39.3333,38.6100,38.8467,2487300,37.5418
2012-03-07,38.8833,39.1933,38.8467,39.0833,1068000,37.7705
2012-03-08,39.1967,39.8233,39.1967,39.7500,1419000,38.4148
2012-03-09,39.7333,39.9433,39.6533,39.8033,1076100,38.4663
2012-03-12,39.9133,39.9800,39.6967,39.8133,738000,38.4760
2012-03-13,39.9333,40.2333,39.7500,40.2100,1208700,38.8593
2012-03-14,40.1433,40.2500,39.9067,40.0100,816000,38.6660
2012-03-15,40.0200,40.3867,39.9500,40.3567,1399800,39.0010
2012-03-16,40.3233,40.5000,40.2567,40.3367,2238000,38.9817
2012-03-19,40.1867,40.6967,40.1867,40.5633,1753800,39.2008
2012-03-20,40.2467,40.4233,40.0300,40.2267,1486200,38.8754
2012-03-21,40.2267,40.5867,40.1867,40.3933,835800,39.0365
2012-03-22,40.2800,40.4500,40.0000,40.4167,561600,39.0590
2012-03-23,40.3967,40.6267,40.1867,40.6267,386400,39.2707
2012-03-26,40.7867,41.3767,40.7867,41.3633,1083600,39.9828
2012-03-27,41.4633,41.4633,41.1300,41.1800,1101600,39.8056
2012-03-28,41.3300,41.5533,40.5967,40.9667,1331400,39.5994
2012-03-29,40.8133,41.0267,40.6133,40.9300,842400,39.5639
2012-03-30,41.0200,41.2833,40.9400,41.1000,986100,39.7282
2012-04-02,41.2067,41.5367,40.9300,41.4933,822600,40.1084
2012-04-03,41.5167,41.7533,41.3867,41.7533,776400,40.3598
2012-04-04,41.6133,41.6133,40.9267,41.1367,912600,39.7637
2012-04-05,41.0633,41.3233,40.9100,41.2533,1215600,39.8765
2012-04-09,40.6567,40.8567,40.4367,40.4967,1103700,39.1451
2012-04-10,40.3367,40.3967,39.2867,39.3867,1959900,38.0721
2012-04-11,39.7033,40.0267,39.6000,39.7333,2236800,38.4072
2012-04-12,39.8100,40.0600,39.7600,39.9333,854400,38.6005
2012-04-13,39.8333,39.9233,39.3000,39.3833,1909800,38.0689
2012-04-16,39.4600,39.5667,38.8100,39.2467,1428000,37.9368
2012-04-17,39.5933,40.1167,39.5300,39.8700,1388100,38.5393
2012-04-18,39.7767,39.8800,39.6000,39.6967,1175700,38.3717
2012-04-19,40.2333,40.8600,40.1067,40.2833,4836300,38.9388
2012-04-20,40.6200,40.8667,40.4233,40.6567,1421100,39.2997
2012-04-23,40.4800,40.5300,39.9700,40.5133,1656300,39.1611
2012-04-24,40.5633,40.7433,40.3900,40.5567,1242300,39.2030
2012-04-25,40.8667,41.3767,40.7433,41.2800,1866600,39.9022
2012-04-26,41.4367,41.7433,41.4367,41.6133,920700,40.2244
2012-04-27,41.8400,42.1567,41.3733,42.0133,1281900,40.6111
2012-04-30,42.2167,42.2167,41.6733,41.7967,714000,40.4016
2012-05-01,41.6867,42.0567,41.4167,41.6400,753000,40.2502
2012-05-02,41.5800,42.0333,41.4233,41.9900,796200,40.5885
2012-05-03,41.9200,42.0733,41.3100,41.4133,717000,40.0311
2012-05-04,41.3000,41.3000,40.6033,40.6100,1662300,39.2546
2012-05-07,40.7133,41.6600,40.7133,41.4800,1899600,40.0956
2012-05-08,41.1467,41.7367,40.7433,41.6933,1787700,40.3018
2012-05-09,41.2933,41.3700,40.8967,41.1767,1267500,39.8024
2012-05-10,41.3800,41.7100,41.3067,41.5900,909000,40.2019
2012-05-11,41.3433,42.3000,41.3433,42.1433,2846100,40.7368
2012-05-14,41.9767,42.2900,41.7267,42.1033,1012500,40.6981
2012-05-15,42.1433,42.2933,41.7567,41.9933,3225900,40.5918
2012-05-16,41.9867,42.2600,41.8767,41.8933,1442400,40.4951
2012-05-17,41.8933,41.9967,40.7533,40.7767,3866700,39.4157
2012-05-18,40.7233,40.8267,38.3233,40.1333,4202100,38.7938
2012-05-21,40.2500,41.2933,40.2433,41.2400,5448000,39.8636
2012-05-22,41.3933,41.7933,41.0700,41.3200,1895100,39.9409
2012-05-23,40.8867,41.2100,40.5000,41.1667,2142000,39.7927
2012-05-24,41.3067,41.6300,41.0800,41.5967,1316400,40.2083
2012-05-25,41.6300,41.7500,41.4300,41.7333,1051200,40.3404
2012-05-29,41.6667,41.7967,41.2833,41.7633,1572600,40.3694
2012-05-30,41.4033,41.5933,41.1767,41.4667,3278700,40.0827
2012-05-31,41.3167,41.4333,40.6867,41.0700,2858700,39.6992
2012-06-01,40.3367,40.6600,39.7467,39.8233,2376900,38.4942
2012-06-04,39.8233,40.3700,39.4300,40.0500,3414000,38.7133
2012-06-05,39.8400,40.5900,39.8400,40.4433,2103000,39.0935
2012-06-06,40.7733,41.2200,40.7000,41.1533,1068000,39.7798
2012-06-07,41.6433,41.7067,40.6833,40.7000,1026600,39.3416
2012-06-08,40.6667,41.2733,40.3800,41.1900,447300,39.8152
2012-06-11,41.6267,41.6267,40.4400,40.4467,1015200,39.0967
2012-06-12,40.6633,41.2000,40.3633,41.1267,1392600,39.7540
2012-06-13,41.1033,41.2933,40.4467,40.5600,609900,39.2063
2012-06-14,40.5567,41.3133,40.4600,41.2133,1970700,39.8378
2012-06-15,41.3900,41.7867,41.1667,41.7267,1571100,40.3340
2012-06-18,41.5667,42.2700,41.4567,42.0767,1556100,40.6723
2012-06-19,42.4533,42.9100,42.3500,42.6633,2104800,41.2394
2012-06-20,42.8400,42.8933,42.3867,42.7967,842700,41.3683
2012-06-21,42.8333,42.9067,42.0533,42.1967,2619000,40.7883
2012-06-22,42.3100,42.9700,41.9567,42.9500,996000,41.5776
2012-06-25,42.5200,42.5433,42.1000,42.3033,1109100,40.9516
2012-06-26,42.4667,42.8433,42.4233,42.6900,1266000,41.3259
2012-06-27,42.7333,43.3767,42.7000,43.3267,2374200,41.9422
2012-06-28,42.7400,43.1067,41.6033,42.1833,3069300,40.8354
2012-06-29,43.1033,43.3300,42.8733,43.3200,2029500,41.9358
2012-07-02,43.4700,44.4000,43.2800,44.3367,2406300,42.9199
2012-07-03,44.3933,44.7533,44.2433,44.6867,1336800,43.2588
2012-07-05,44.6667,44.6800,44.3767,44.5033,811200,43.0813
2012-07-06,44.3767,44.4867,43.9167,44.0900,1963200,42.6812
2012-07-09,44.1200,44.3900,43.9800,44.3467,532200,42.9296
2012-07-10,44.6200,44.6600,43.5533,43.6767,1566000,42.2810
2012-07-11,43.6100,43.6100,42.8433,43.1567,2243100,41.7777
2012-07-12,42.9367,43.6700,42.4800,43.5433,1301400,42.1520
2012-07-13,43.5800,43.9967,43.5800,43.9167,648300,42.5134
2012-07-16,44.0800,44.3333,43.7767,44.2100,1603200,42.7973
2012-07-17,44.4400,44.8133,44.0133,44.7200,1294200,43.2910
2012-07-18,44.6467,45.1267,44.5900,44.9200,1779600,43.4846
2012-07-19,45.0400,45.1333,44.4767,44.7067,1718400,43.2781
2012-07-20,44.6000,44.6100,44.2267,44.2367,1526400,42.8231
2012-07-23,43.8267,43.8267,43.0400,43.6667,2104200,42.2714
2012-07-24,43.8967,43.8967,43.0067,43.1800,2192400,41.8002
2012-07-25,43.7867,44.0833,43.3733,44.0300,2531700,42.6231
2012-07-26,44.6967,45.2500,44.5100,44.8700,3554400,43.4362
2012-07-27,45.8600,46.2500,45.2567,46.2500,4416000,44.7721
2012-07-30,45.8633,45.9133,45.1933,45.2633,1581000,43.8170
2012-07-31,45.1800,45.4800,44.5633,44.6033,1946700,43.1781
2012-08-01,44.8833,45.0200,43.7633,43.7633,1363500,42.3649
2012-08-02,43.5333,43.9667,43.1433,43.6700,2829000,42.2746
2012-08-03,44.4633,44.7700,44.1000,44.1300,1795500,42.7199
2012-08-06,44.3833,44.6733,44.1733,44.4833,1939500,43.0619
2012-08-07,44.7633,44.7733,44.3767,44.5933,1040400,43.1684
2012-08-08,44.5133,44.5433,44.1167,44.2467,1484100,42.8328
2012-08-09,44.2267,44.4867,44.0967,44.2700,1326600,42.8554
2012-08-10,44.0200,44.3467,44.0200,44.2900,738900,42.8748
2012-08-13,44.1100,44.2400,43.7633,44.1867,1340700,42.7747
2012-08-14,44.6633,44.6633,44.3167,44.5667,1202700,43.1426
2012-08-15,44.5667,44.9967,44.5300,44.9433,903600,43.5072
2012-08-16,44.8633,44.8633,44.3367,44.5667,1383900,43.1426
2012-08-17,44.5367,44.5900,44.0067,44.3833,1075500,42.9651
2012-08-20,44.3367,44.3500,43.9933,44.2833,997500,42.8683
2012-08-21,44.3500,44.6533,44.1367,44.2800,1234200,42.8651
2012-08-22,44.2667,44.7733,44.1867,44.6733,838500,43.2459
2012-08-23,44.6600,44.8667,44.3667,44.7200,817200,43.2910
2012-08-24,44.7033,45.4100,44.6667,45.3333,1491900,43.8848
2012-08-27,45.4633,45.5200,45.0633,45.2633,999000,43.8170
2012-08-28,45.2800,45.4933,45.0667,45.4333,589500,43.9816
2012-08-29,45.4367,45.5667,45.2167,45.3733,567300,43.9235
2012-08-30,45.0867,45.2133,44.8933,45.1133,460500,43.6718
2012-08-31,45.3733,45.5133,44.8800,45.4600,1654200,44.0074
2012-09-04,45.5800,46.2967,45.2600,46.1433,1961400,44.6689
2012-09-05,46.1833,46.2500,45.8400,46.0333,1504500,44.5624
2012-09-06,46.2300,47.0867,46.2300,46.9767,1611300,45.4756
2012-09-07,47.1433,47.1733,46.6933,46.9533,1766100,45.4530
2012-09-10,46.9367,46.9567,46.4733,46.5633,721200,45.0755
2012-09-11,46.5700,46.6033,46.3867,46.4533,961500,44.9690
2012-09-12,46.6500,46.6800,46.2200,46.4500,862500,44.9658
2012-09-13,46.3367,47.0333,46.2700,46.8267,1976700,45.3304
2012-09-14,47.0000,47.4600,46.8533,47.2533,3798300,45.7434
2012-09-17,47.2133,47.7200,47.0733,47.7167,883500,46.1919
2012-09-18,47.6667,48.1233,47.6400,48.0833,2047500,46.5469
2012-09-19,48.2000,48.2567,47.6133,47.8667,1531800,46.3371
2012-09-20,47.7900,48.0200,47.6567,47.9767,698400,46.4436
2012-09-21,48.1767,48.4100,48.0767,48.2467,947100,46.7050
2012-09-24,47.9533,47.9533,47.5367,47.6667,883500,46.2522
2012-09-25,47.8967,48.2067,47.3433,47.4367,803400,46.0290
2012-09-26,47.7033,47.7033,46.6600,46.7667,1858500,45.3789
2012-09-27,46.9933,47.5700,46.8533,47.4533,532500,46.0452
2012-09-28,47.4033,47.6267,47.0067,47.5300,823200,46.1196
2012-10-01,47.7333,48.2033,47.6433,47.8767,1138500,46.4560
2012-10-02,48.3100,48.4033,48.0700,48.3933,5371200,46.9573
2012-10-03,48.5800,48.7500,48.2033,48.7400,1315200,47.2937
2012-10-04,49.0000,49.2600,48.6867,48.9400,1197900,47.4877
2012-10-05,49.2000,49.5133,48.8567,49.0600,2350800,47.6042
2012-10-08,49.0600,49.0600,48.5233,48.5967,2432100,47.1546
2012-10-09,48.4367,48.5667,47.5967,47.6833,1336800,46.2684
2012-10-10,47.6800,47.7000,47.0533,47.3133,1541400,45.9093
2012-10-11,47.5933,47.9467,47.4267,47.5467,990300,46.1358
2012-10-12,47.7567,47.7600,47.1467,47.2133,1375200,45.8123
2012-10-15,47.3333,47.5167,47.0200,47.4433,1790400,46.0355
2012-10-16,47.5467,48.0400,47.5467,48.0200,946200,46.5950
2012-10-17,48.0333,48.7700,48.0233,48.6400,1767000,47.1966
2012-10-18,48.6300,48.6300,47.9133,47.9133,851100,46.4915
2012-10-19,47.8667,47.8667,46.3367,46.4667,2826000,45.0878
2012-10-22,46.4833,46.5333,45.8867,46.2967,3099300,44.9228
2012-10-23,45.7800,45.8700,44.8333,45.4000,3440700,44.0528
2012-10-24,46.0000,46.0433,45.4200,45.4833,2343600,44.1337
2012-10-25,45.7200,46.2967,45.3967,45.5000,1356600,44.1498
2012-10-26,45.4900,45.7267,44.7133,44.9867,1709400,43.6517
2012-10-31,44.9000,44.9567,43.8500,43.9567,3277500,42.6523
2012-11-01,44.0000,45.0133,44.0000,44.6833,3361200,43.3574
2012-11-02,44.6200,44.6767,43.5833,43.6300,2110800,42.3353
2012-11-05,43.7333,44.4933,43.7333,44.4267,1841400,43.1083
2012-11-06,44.4600,44.6667,44.1800,44.3600,1199700,43.0436
2012-11-07,43.7467,44.1433,43.0000,43.3200,3719700,42.0345
2012-11-08,43.3533,43.3533,42.7300,42.8033,2076900,41.5332
2012-11-09,42.5000,43.6767,41.8767,43.3367,2923500,42.0507
2012-11-12,44.0000,44.3333,43.8700,44.1000,3089100,42.7914
2012-11-13,43.7600,44.3633,43.7600,44.0967,1585800,42.7881
2012-11-14,44.3233,44.3233,43.1033,43.2467,1651200,41.9633
2012-11-15,43.2167,43.2467,42.4567,42.8533,2127900,41.5817
2012-11-16,42.8033,44.0433,42.8033,43.8733,2824800,42.5714
2012-11-19,44.4600,44.5967,43.9600,44.4767,1847100,43.1568
2012-11-20,44.3633,45.4033,44.3633,45.4033,1660500,44.0560
2012-11-21,45.6600,45.6600,45.2133,45.5100,1334100,44.1595
2012-11-23,45.6733,46.0733,45.6733,46.0733,912900,44.7061
2012-11-26,46.0467,46.0467,45.4167,45.8433,702300,44.4829
2012-11-27,45.6767,46.0933,45.5900,45.6733,1020600,44.3180
2012-11-28,45.5567,45.8867,44.8233,45.8867,962100,44.5250
2012-11-29,46.4433,46.6533,46.0433,46.6233,1300500,45.2398
2012-11-30,46.6667,46.7533,46.1167,46.2500,1029900,44.8776
2012-12-03,46.7433,46.7433,46.0267,46.1467,1075500,44.7773
2012-12-04,46.2300,46.3267,45.9133,46.1600,649200,44.7902
2012-12-05,46.4233,46.6900,45.7167,46.1167,535800,44.7482
2012-12-06,45.9633,46.3167,45.8400,45.9100,438300,44.5476
2012-12-07,46.1300,46.2767,45.4800,45.6367,984300,44.2824
2012-12-10,45.6500,46.4267,45.6400,46.3233,1361100,44.9487
2012-12-11,46.6000,47.1133,46.5400,47.0533,1653000,45.6571
2012-12-12,47.2900,47.2900,46.7633,46.8933,730200,45.5018
2012-12-13,46.8833,46.9233,46.1633,46.3100,924600,44.9358
2012-12-14,46.0867,46.5033,45.9633,46.0200,741000,44.6544
2012-12-17,46.0700,46.4700,46.0500,46.4700,861300,45.0910
2012-12-18,46.6967,46.9867,46.4167,46.9233,1193400,45.5309
2012-12-19,47.0000,47.0000,46.2433,46.3567,774600,45.0140
2012-12-20,46.3700,46.5067,46.0967,46.3600,798600,45.0172
2012-12-21,45.8933,46.1433,45.6000,45.9833,1636500,44.6515
2012-12-24,45.8267,46.0367,45.7500,45.9467,291300,44.6159
2012-12-26,46.0500,46.0833,45.3433,45.5433,1083900,44.2242
2012-12-27,45.5933,45.9867,44.8367,45.4033,1278300,44.0883
2012-12-28,45.2333,45.4667,44.9267,44.9800,1412100,43.6772
2012-12-31,44.9700,45.7533,44.7367,45.7400,811500,44.4152
2013-01-02,46.7700,47.2400,46.4900,47.2067,2048700,45.8394
2013-01-03,47.2067,47.5733,46.9900,47.2567,1151400,45.8879
2013-01-04,47.2467,47.7533,47.2467,47.5400,1484100,46.1631
2013-01-07,47.2733,47.8767,47.2533,47.8467,1403700,46.4608
2013-01-08,47.7767,48.1533,47.5967,48.1200,703500,46.7263
2013-01-09,48.2667,48.7700,48.0800,48.7700,924900,47.3574
2013-01-10,49.1233,49.1233,48.2733,48.8800,1693800,47.4642
2013-01-11,48.9667,48.9667,48.2667,48.4933,1296900,47.0888
2013-01-14,48.4900,48.6333,48.3367,48.6067,1779900,47.1988
2013-01-15,48.4767,48.7667,48.1367,48.6900,1072800,47.2798
2013-01-16,48.6600,48.7433,48.1367,48.1400,674700,46.7457
2013-01-17,48.3333,48.3333,47.8567,48.1733,1152300,46.7781
2013-01-18,48.4267,48.4300,47.9167,48.2600,1096200,46.8622
2013-01-22,48.4700,48.5500,47.9533,48.4933,1698000,47.0888
2013-01-23,48.5500,48.6267,48.1133,48.1700,1121100,46.7748
2013-01-24,48.3633,48.6600,47.9933,48.2300,1654800,46.8331
2013-01-25,48.3833,48.7067,48.1200,48.6800,1215900,47.2700
2013-01-28,48.9300,48.9300,48.4433,48.4967,991800,47.0920
2013-01-29,48.4833,48.7600,48.1900,48.7333,1094700,47.3218
2013-01-30,48.7767,48.7967,48.2833,48.3467,651300,46.9464
2013-01-31,48.3200,48.7200,48.1733,48.5267,489900,47.1211
2013-02-01,48.8033,49.4733,48.7967,49.2567,1711200,47.8300
2013-02-04,49.1100,49.2067,48.4667,48.5567,699900,47.1503
2013-02-05,48.6667,49.1333,48.6667,49.0867,1071000,47.6649
2013-02-06,49.1600,49.2600,48.6567,48.8767,922500,47.4610
2013-02-07,48.8067,48.9133,48.0667,48.4000,1820400,46.9981
2013-02-08,48.6367,48.9500,48.5167,48.8433,1729800,47.4286
2013-02-11,49.0433,49.2333,48.6200,48.7067,1806900,47.2959
2013-02-12,48.7233,48.7667,48.4600,48.4900,1119000,47.0855
2013-02-13,48.7333,48.8333,48.4667,48.7967,665100,47.3833
2013-02-14,48.8333,48.9033,48.2233,48.6833,1712700,47.2733
2013-02-15,48.6667,48.6800,48.3867,48.5867,866700,47.1794
2013-02-19,48.5533,48.7500,48.3500,48.7133,698700,47.3024
2013-02-20,48.7133,48.9867,48.3033,48.3033,621000,46.9043
2013-02-21,48.0267,48.2800,47.7167,47.9133,1408800,46.5256
2013-02-22,48.1467,48.6767,48.1400,48.6767,1354800,47.2668
2013-02-25,48.7067,49.0800,48.0800,48.1233,1704900,46.7295
2013-02-26,48.1767,48.3467,47.7500,48.1533,1081500,46.7586
2013-02-27,48.2767,49.1433,48.1500,48.8967,1685400,47.4804
2013-02-28,48.8933,49.5433,48.8933,49.2633,1917900,47.8365
2013-03-01,48.8300,49.8667,48.8167,49.8567,1580400,48.4126
2013-03-04,49.7300,50.4900,49.5833,50.4233,1017000,48.9629
2013-03-05,50.7933,51.2333,50.6667,51.0767,1771200,49.5973
2013-03-06,51.5300,51.5300,51.1700,51.4933,1871100,50.0019
2013-03-07,51.5000,51.5933,51.3167,51.4567,1260900,49.9663
2013-03-08,51.5033,51.9233,51.3500,51.8867,1356300,50.3838
2013-03-11,51.9900,52.0333,51.8233,52.0333,821700,50.5262
2013-03-12,52.0333,52.2367,51.7900,52.2267,1001100,50.7140
2013-03-13,52.1700,52.1933,51.8067,52.0367,1435500,50.5295
2013-03-14,52.1700,52.3333,52.0433,52.3233,1382400,50.8078
2013-03-15,52.4167,52.4167,51.9033,51.9633,606300,50.4583
2013-03-18,51.3400,51.8667,51.0233,51.6367,1297800,50.1411
2013-03-19,51.8033,52.0267,51.2400,51.5267,1731900,50.0343
2013-03-20,51.6800,52.1933,51.6800,52.0167,1054200,50.5101
2013-03-21,51.9200,52.0000,51.4733,51.6633,1110900,50.1670
2013-03-22,51.4833,52.0367,51.4833,52.0300,1084200,50.5230
2013-03-25,52.2333,52.2533,51.4700,51.6967,1085400,50.1993
2013-03-26,51.9733,52.1100,51.6333,51.8833,514200,50.3806
2013-03-27,51.7867,52.6033,51.4633,52.5900,1120500,51.0668
2013-03-28,52.6567,53.3967,52.6333,53.3100,1846200,51.7659
2013-04-01,53.5033,53.7500,52.9167,53.1867,1175700,51.6462
2013-04-02,53.6200,54.2533,53.3767,54.0633,2303700,52.4975
2013-04-03,54.4867,54.4867,52.8433,53.1600,1919100,51.6203
2013-04-04,53.3333,53.6333,52.9100,53.3933,1101000,51.8469
2013-04-05,52.9433,53.3733,52.3933,53.3133,1552500,51.7692
2013-04-08,53.4033,53.4500,52.8533,53.4500,790800,51.9019
2013-04-09,53.7033,53.9667,53.3933,53.6500,975600,52.0961
2013-04-10,53.9033,55.1000,53.8700,55.1000,1593300,53.5041
2013-04-11,55.3200,55.9967,55.2333,55.8100,2026200,54.1935
2013-04-12,55.6233,56.4200,55.6167,56.4000,2768700,54.7664
2013-04-15,56.3367,56.4467,54.7967,54.8933,2168400,53.3034
2013-04-16,55.6967,55.9867,55.0067,55.9800,2065500,54.3586
2013-04-17,55.9667,55.9667,54.7300,55.7067,1979400,54.0932
2013-04-18,55.9333,55.9400,54.4700,54.9833,1852200,53.3908
2013-04-19,56.3733,57.5600,56.0267,57.5267,4014300,55.8605
2013-04-22,57.9933,58.1267,57.5300,57.9900,2312100,56.3104
2013-04-23,58.3333,59.0233,57.8333,58.2600,3558900,56.5726
2013-04-24,57.8567,57.8733,56.5000,56.5567,4364400,54.9186
2013-04-25,57.1233,57.7500,56.8733,57.7133,4272000,56.0417
2013-04-26,57.8800,58.1667,57.3333,57.7100,1326600,56.0385
2013-04-29,58.0000,58.2033,57.6667,57.8233,2318100,56.1485
2013-04-30,57.7400,57.8533,56.8167,57.4367,1976100,55.7731
2013-05-01,57.5200,58.0533,56.9367,57.0567,2282700,55.4041
2013-05-02,57.4767,58.2667,57.3567,57.9967,1366200,56.3169
2013-05-03,58.9367,59.6800,58.7900,58.8733,2589000,57.1681
2013-05-06,59.1533,59.2033,58.3367,58.6500,1464000,56.9513
2013-05-07,58.9667,58.9667,58.0600,58.1733,1890900,56.4884
2013-05-08,58.3667,58.6533,57.8400,58.2600,2121600,56.5726
2013-05-09,58.1667,58.7000,58.1667,58.2967,1160100,56.6082
2013-05-10,58.5333,60.0233,58.2967,60.0067,1305000,58.2686
2013-05-13,60.0067,61.0933,59.7867,61.0133,2946900,59.2461
2013-05-14,61.0733,62.1133,61.0333,62.0600,3849300,60.2625
2013-05-15,62.0600,62.3267,60.9567,61.3400,1950600,59.5634
2013-05-16,61.6533,61.6533,59.7733,60.0767,2446200,58.3366
2013-05-17,60.4267,60.7000,59.9167,60.6700,1480800,58.9128
2013-05-20,60.7767,60.9967,59.8067,59.9200,2694600,58.1845
2013-05-21,60.0333,60.7333,59.7867,60.5133,1773000,58.7606
2013-05-22,60.7567,62.1333,59.7533,60.3267,3194700,58.5794
2013-05-23,59.5000,60.7433,58.3300,60.4233,2391900,58.6732
2013-05-24,60.2967,60.3133,59.6433,60.2467,1619100,58.5017
2013-05-28,61.1600,61.6533,60.5533,61.0100,1656900,59.2429
2013-05-29,60.6167,60.7667,59.8400,60.3567,1295400,58.6085
2013-05-30,60.4967,61.3567,60.2700,61.0767,1423500,59.3076
2013-05-31,61.0433,61.1900,59.8333,59.8333,1758300,58.1003
2013-06-03,59.8533,59.9200,57.6867,59.1433,4434300,57.4303
2013-06-04,59.2300,59.4500,57.7667,58.0700,2481000,56.3881
2013-06-05,57.8000,58.6800,56.4033,56.7533,6094500,55.1095
2013-06-06,56.7067,58.4533,56.7067,58.3933,3132900,56.7020
2013-06-07,58.7633,59.7967,58.6767,59.7300,2424600,58.0000
2013-06-10,60.1000,60.1000,58.9967,59.4267,1140300,57.7055
2013-06-11,58.9667,60.0367,58.5100,59.4667,1927800,57.7443
2013-06-12,59.8500,60.0100,58.1100,58.1433,2491500,56.4593
2013-06-13,58.0667,59.0833,57.7200,58.9433,1650300,57.2361
2013-06-14,58.9433,59.1067,58.2700,58.5633,1459200,56.8671
2013-06-17,58.9667,59.1867,57.8400,58.0633,1905600,56.3816
2013-06-18,57.9933,59.0067,57.8433,58.8500,2017200,57.1455
2013-06-19,58.8900,59.0167,57.6533,57.6733,1437300,56.0029
2013-06-20,57.0800,57.0800,55.6767,55.9733,4209300,54.3521
2013-06-21,56.2900,56.8033,55.1633,56.1967,3719100,54.5690
2013-06-24,55.4733,56.5133,54.7133,55.9900,3764700,54.3683
2013-06-25,56.8900,56.8900,55.7933,56.2133,2513100,54.5852
2013-06-26,56.7733,57.9667,56.6867,57.6733,2930400,56.0029
2013-06-27,58.3167,58.4200,57.7100,58.1300,1692300,56.4698
2013-06-28,57.9400,58.5300,57.8167,57.9600,1439400,56.3047
2013-07-01,59.3767,60.6167,59.3333,59.4200,4547400,57.7230
2013-07-02,59.6667,59.8400,59.2900,59.6200,1630500,57.9173
2013-07-03,59.1300,59.8533,59.0700,59.5833,1239900,57.8816
2013-07-05,60.3700,60.7400,59.8767,60.7400,2269500,59.0053
2013-07-08,61.2667,61.2667,60.2800,60.4800,1673100,58.7527
2013-07-09,60.8433,60.9533,60.2067,60.8300,2219700,59.0927
2013-07-10,60.9500,61.5667,60.6167,61.5400,1359900,59.7824
2013-07-11,62.9400,62.9400,62.2200,62.7900,2299800,60.9967
2013-07-12,62.9967,64.7767,62.8200,64.3433,6689100,62.5057
2013-07-15,64.8500,64.8500,63.8233,64.3533,2449200,62.5154
2013-07-16,64.4833,64.5067,63.4067,63.6967,2523600,61.8775
2013-07-17,63.8467,64.2533,63.8467,64.0700,1311600,62.2402
2013-07-18,64.2967,64.3200,63.7167,63.9800,1310100,62.1527
2013-07-19,64.0600,65.1200,63.9767,65.0000,2027100,63.1436
2013-07-22,65.2533,65.5300,64.7567,65.2300,2029500,63.3671
2013-07-23,65.6567,65.6567,64.0933,64.1167,2792100,62.2855
2013-07-24,64.6000,64.6767,63.8800,64.3367,2549400,62.4992
2013-07-25,65.0033,65.2100,63.6333,65.1500,2942700,63.2894
2013-07-26,64.5133,65.5533,64.5133,65.4700,2215200,63.6002
2013-07-29,65.4200,65.5800,64.6833,64.9100,1578000,63.0562
2013-07-30,64.9700,65.8700,64.9467,65.7267,1931700,63.8495
2013-07-31,65.7800,66.4000,65.7733,65.9433,1675800,64.0600
2013-08-01,66.6833,66.9067,66.2700,66.8700,1297200,64.9602
2013-08-02,67.0633,67.0633,66.6700,66.9800,950100,65.0671
2013-08-05,67.0000,67.1567,66.6100,66.8200,1998600,64.9116
2013-08-06,66.8200,66.8200,65.2267,65.4133,2294100,63.5451
2013-08-07,65.0233,65.7100,64.6200,65.5200,2189400,63.6488
2013-08-08,65.7367,65.8600,65.0233,65.2133,1144800,63.3508
2013-08-09,65.1500,65.7467,64.9167,65.0733,843300,63.2149
2013-08-12,64.8233,65.0000,64.2267,64.5233,2005200,62.6806
2013-08-13,64.6867,64.8467,64.0333,64.5500,2786100,62.7065
2013-08-14,64.4267,65.1433,64.3867,64.3867,865800,62.5478
2013-08-15,63.8567,63.8567,62.7667,62.9500,3107700,61.1522
2013-08-16,62.8700,63.2867,62.5933,62.6133,2570400,60.8251
2013-08-19,62.3867,63.1533,62.3500,62.3700,1399800,60.5887
2013-08-20,62.5433,63.4967,62.3767,63.1100,2065800,61.3076
2013-08-21,63.0167,64.4500,63.0167,63.7033,2900100,61.8840
2013-08-22,64.0500,64.7033,63.9267,64.4300,1091700,62.5899
2013-08-23,64.7167,64.7600,63.9700,64.3500,1134900,62.5122
2013-08-26,64.7933,66.1533,64.7867,65.7000,1678500,63.8236
2013-08-27,64.8333,65.1267,63.6700,63.7567,3050100,61.9358
2013-08-28,63.7100,64.6100,63.4833,64.4400,2098500,62.5996
2013-08-29,64.5533,65.6800,64.3633,65.2600,1569000,63.3962
2013-08-30,65.2733,65.4000,64.3333,64.5800,1593000,62.7356
2013-09-03,65.8200,66.0900,65.1667,65.9500,2090400,64.0665
2013-09-04,66.1533,67.2500,65.6867,67.1267,2742600,65.2096
2013-09-05,67.3333,67.6367,67.0167,67.3067,2291400,65.3844
2013-09-06,67.5000,67.5667,66.0200,67.1833,1488000,65.2646
2013-09-09,67.5533,68.5667,67.5100,68.5667,2448300,66.6084
2013-09-10,69.2600,69.2600,68.2800,68.7567,2124000,66.7930
2013-09-11,68.8800,69.0733,67.9300,68.6600,2343300,66.6991
2013-09-12,68.8833,69.1167,68.4100,68.7167,1502100,66.7541
2013-09-13,68.7133,69.1667,68.3333,69.1667,1011300,67.1913
2013-09-16,70.4300,70.4567,69.0933,69.4567,2158800,67.4730
2013-09-17,69.6933,69.7333,69.0833,69.6633,2368500,67.6738
2013-09-18,69.9967,70.6767,69.4100,70.3967,3490200,68.3862
2013-09-19,70.8200,70.8333,69.8400,70.4433,1101600,68.4315
2013-09-20,70.6333,70.6333,69.9400,69.9667,1485000,67.9685
2013-09-23,69.8333,69.9833,68.7467,69.2100,2757000,67.2334
2013-09-24,69.1867,69.6400,68.8233,69.3267,1018800,67.3467
2013-09-25,69.3000,69.4733,68.8500,68.9200,1116900,66.9517
2013-09-26,68.9600,70.3833,68.9600,70.0533,1665600,68.0526
2013-09-27,69.9500,70.5933,69.4600,70.2433,1729200,68.2372
2013-09-30,69.4333,70.4000,69.0900,69.8667,2711100,67.8713
2013-10-01,70.4067,71.2600,69.9733,71.2600,4085100,69.2248
2013-10-02,70.9433,71.2500,70.7233,71.0600,3789600,69.0306
2013-10-03,71.1000,71.1400,69.3000,70.0533,5211300,68.0526
2013-10-04,70.3300,71.0567,70.1433,70.8333,2018100,68.8104
2013-10-07,70.4200,70.4967,69.2300,69.2633,3842400,67.2852
2013-10-08,69.3333,69.4900,66.2333,66.2333,8331900,64.3417
2013-10-09,66.3333,66.4500,63.7633,64.8333,12005100,62.9817
2013-10-10,66.0400,67.2000,66.0000,67.1567,4126500,65.2387
2013-10-11,67.2800,67.4467,66.5500,66.9267,3807900,65.0153
2013-10-14,66.5533,67.5733,65.9433,67.4333,2271300,65.5075
2013-10-15,67.6000,67.9000,66.7867,66.8567,3734700,64.9473
2013-10-16,67.7367,69.4567,67.4367,68.9500,4546500,66.9808
2013-10-17,68.6800,69.5567,68.3467,69.4567,1312500,67.4730
2013-10-18,69.9200,69.9200,68.1667,68.9267,3338700,66.9582
2013-10-21,69.0700,69.1600,67.5533,67.8300,3042600,65.8928
2013-10-22,68.1700,69.4967,67.9033,69.3533,3479100,67.3726
2013-10-23,69.0067,69.7267,68.6100,69.7033,2566800,67.7127
2013-10-24,70.0433,70.6967,69.9733,70.4333,1945800,68.4218
2013-10-25,70.7300,70.7300,69.8367,70.5033,2266500,68.4898
2013-10-28,70.8100,71.0533,70.1600,70.5267,1657800,68.5125
2013-10-29,70.5433,70.5767,69.6433,70.5333,2293200,68.5189
2013-10-30,70.5333,70.9333,68.8167,69.0833,6069900,67.1103
2013-10-31,68.9133,69.4633,68.0467,68.4433,3851400,66.4886
2013-11-01,68.7367,68.9400,68.0067,68.6867,2865600,66.7250
2013-11-04,69.2633,69.2633,68.4567,68.5567,1530000,66.5987
2013-11-05,68.7000,69.2633,68.1467,69.0367,1697100,67.0650
2013-11-06,69.3333,69.3833,66.9467,67.0233,5013600,65.1092
2013-11-07,67.4533,68.0533,65.8133,65.9400,5412000,64.0568
2013-11-08,66.3467,68.2833,66.3467,68.0600,3322500,66.1162
2013-11-11,68.4033,68.7000,67.8200,68.5133,2014800,66.5566
2013-11-12,68.3167,68.7900,67.8000,68.7633,1536000,66.7995
2013-11-13,68.2000,69.3067,67.9933,69.3067,4206000,67.3273
2013-11-14,69.3367,70.1267,69.0967,69.8233,2059500,67.8292
2013-11-15,70.0000,70.7700,69.6300,70.7700,1203000,68.7488
2013-11-18,70.7700,71.2800,69.4433,69.6800,2297700,67.6899
2013-11-19,69.4200,70.1600,69.0500,69.7433,2831700,67.7515
2013-11-20,69.9400,71.1133,69.8967,70.3567,3109500,68.3473
2013-11-21,70.5700,71.5433,70.5200,71.4033,2890800,69.3641
2013-11-22,72.8100,73.7400,72.6667,73.5433,4182300,71.4430
2013-11-25,74.1667,74.6767,73.5767,74.2633,2238000,72.1424
2013-11-26,74.2633,74.4833,73.8333,74.4833,1900200,72.3561
2013-11-27,74.6567,74.7533,74.0200,74.4433,1553400,72.3173
2013-11-29,74.6900,75.0333,74.6000,74.7200,1243200,72.5861
2013-12-02,74.5100,74.9967,74.2300,74.9100,2020500,72.7706
2013-12-03,74.4033,74.5667,73.3567,73.5533,2697000,71.4527
2013-12-04,73.0700,73.8500,72.7700,73.5500,1535700,71.4494
2013-12-05,73.2667,73.9233,73.1233,73.3967,2031000,71.3005
2013-12-06,74.1300,74.2933,73.1000,74.0033,1246500,71.8898
2013-12-09,74.0300,74.6667,73.5867,73.8300,2263800,71.7214
2013-12-10,73.6533,73.9533,72.5533,73.2133,3751800,71.1224
2013-12-11,73.1700,73.1767,71.2267,71.3967,5938200,69.3576
2013-12-12,71.3500,72.4767,71.3467,71.9067,1787400,69.8531
2013-12-13,72.2500,72.3633,71.3033,71.8300,1807800,69.7786
2013-12-16,71.8300,73.1300,71.8300,71.9667,1653000,69.9113
2013-12-17,72.2067,72.2067,70.8567,71.1300,1935000,69.0985
2013-12-18,71.4633,73.1400,70.9667,73.1033,3307500,71.0155
2013-12-19,72.7900,73.3933,72.5533,72.6633,1047300,70.5881
2013-12-20,73.1067,74.6900,73.1067,74.5667,2746200,72.4371
2013-12-23,75.4133,75.9133,74.9333,75.3400,2926800,73.1884
2013-12-24,75.3867,75.5033,74.7433,75.1667,898500,73.0199
2013-12-26,75.4667,75.9633,75.2133,75.7467,756900,73.5834
2013-12-27,76.0367,76.0367,75.1033,75.3067,1070700,73.1559
2013-12-30,75.4267,75.6933,74.7167,75.6133,1065000,73.4539
2013-12-31,75.6100,75.9200,75.1867,75.6867,1334700,73.5251
2014-01-02,75.2433,75.7833,74.7800,75.6967,1387200,73.5348
2014-01-03,75.6867,75.9667,75.1167,75.3433,1176300,73.1915
2014-01-06,75.3333,75.7433,74.0967,74.6067,4290900,72.4759
2014-01-07,75.2133,75.7600,74.9600,75.6433,1553700,73.4830
2014-01-08,75.6767,77.2767,75.5000,77.1933,2728500,74.9887
2014-01-09,78.1233,78.3933,77.1233,78.1600,4373700,75.9278
2014-01-10,78.5133,79.5767,77.5900,79.5767,2218800,77.3040
2014-01-13,80.2967,80.9800,77.9967,78.5033,4784400,76.2613
2014-01-14,78.7200,81.3500,78.7200,81.3500,3137100,79.0267
2014-01-15,81.6667,81.6667,80.3267,81.0467,3921600,78.7320
2014-01-16,81.3667,82.1500,81.0733,82.1267,1825800,79.7812
2014-01-17,82.4767,83.1667,82.1800,82.4767,2864100,80.1212
2014-01-21,83.9133,84.0600,82.6167,83.9967,3021300,81.5977
2014-01-22,84.5233,84.7033,83.7400,84.5800,3095700,82.1644
2014-01-23,83.9633,84.2600,83.2033,84.2467,2709000,81.8406
2014-01-24,83.2333,83.4000,81.3200,81.3400,5266500,79.0170
2014-01-27,81.2233,81.2500,78.0500,79.5333,8907000,77.2619
2014-01-28,80.2000,81.5533,80.0000,81.2800,4796400,78.9587
2014-01-29,79.5000,82.2867,79.3233,80.9333,4068300,78.6219
2014-01-30,82.7667,83.7900,82.1667,83.3200,4179300,80.9404
2014-01-31,82.0000,82.8767,81.6667,81.9700,3890400,79.6290
2014-02-03,82.3333,83.2400,79.2167,79.4767,5574900,77.2068
2014-02-04,79.8967,80.8333,79.5933,80.3367,2949900,78.0423
2014-02-05,80.4033,80.4033,77.6433,78.9833,5945700,76.7276
2014-02-06,79.4333,79.8833,78.6200,78.9300,3372900,76.6758
2014-02-07,79.6533,82.1200,79.2200,82.1100,4891800,79.7650
2014-02-10,82.7033,83.5733,82.0033,83.5733,5016600,81.1865
2014-02-11,84.2967,85.0967,83.4933,84.8900,3765000,82.4656
2014-02-12,86.1400,86.1400,85.1000,85.2800,3237000,82.8444
2014-02-13,84.4667,86.7067,84.3333,86.6767,3388200,84.2012
2014-02-14,86.7933,86.9800,85.4633,85.8367,4197300,83.3852
2014-02-18,86.7800,88.1933,86.6033,88.0800,3364200,85.5645
2014-02-19,88.1133,88.4433,87.0000,87.1600,3757500,84.6707
2014-02-20,87.3633,88.5967,86.3667,88.4867,4068300,85.9595
2014-02-21,88.7833,90.3500,88.5200,89.5700,2911200,87.0119
2014-02-24,90.3233,91.2933,90.0033,90.6933,4502700,88.1031
2014-02-25,91.5300,91.8000,90.1967,91.0767,3219300,88.4755
2014-02-26,91.1433,91.3333,89.7833,90.0667,4159200,87.4944
2014-02-27,90.1167,91.2200,89.7133,90.7167,3935400,88.1258
2014-02-28,90.8000,91.0067,86.9900,88.1400,9636300,85.6228
2014-03-03,86.3533,88.2833,86.2600,87.9700,7548900,85.4576
2014-03-04,89.4300,90.1500,89.2400,89.7433,5450400,87.1803
2014-03-05,90.0567,90.1500,89.1267,89.4300,2237100,86.8759
2014-03-06,89.9067,90.2000,86.6200,87.0467,10358700,84.5607
2014-03-07,88.0067,88.0933,84.8233,86.4667,11698200,83.9972
2014-03-10,86.4667,86.9067,85.2467,86.8333,4291200,84.3534
2014-03-11,87.2033,87.7867,86.0167,86.3567,3992100,83.8904
2014-03-12,85.6267,87.1667,85.3800,87.1667,6990300,84.6772
2014-03-13,87.6067,87.6167,84.3500,84.9333,7734600,82.5077
2014-03-14,84.3367,85.5767,83.9300,84.6233,7256400,82.2065
2014-03-17,85.5667,86.6000,85.0033,85.1567,4806900,82.7246
2014-03-18,85.6933,87.4400,85.4733,87.4067,4202100,84.9103
2014-03-19,87.6867,87.8167,85.9000,86.4900,4167600,84.0199
2014-03-20,86.1967,86.7100,85.5400,86.0833,2944800,83.6248
2014-03-21,86.7667,86.7667,81.9533,82.0033,16479000,79.6613
2014-03-24,82.4533,82.5833,77.6133,79.7433,19526400,77.4659
2014-03-25,80.5500,81.8700,78.5533,79.8133,10469700,77.5339
2014-03-26,80.6667,81.2967,78.3367,78.3633,10449900,76.1253
2014-03-27,78.0700,79.5767,76.2400,78.7133,10846200,76.4653
2014-03-28,78.8733,79.5133,76.2300,76.4600,11472900,74.2763
2014-03-31,77.0267,78.8633,77.0267,78.8000,9426000,76.5495
2014-04-01,79.5700,81.5367,79.3267,80.5500,9660300,78.2495
2014-04-02,81.3767,81.8067,79.8300,80.5333,5668800,78.2333
2014-04-03,80.6433,80.7133,77.4567,78.2367,9137400,76.0023
2014-04-04,78.9900,79.2900,74.6200,75.1000,16753800,72.9552
2014-04-07,74.9433,77.0267,74.0833,75.6067,16315500,73.4474
2014-04-08,75.9667,76.1267,73.7267,75.2767,11855400,73.1268
2014-04-09,75.6833,78.4167,75.6667,78.3600,8291100,76.1220
2014-04-10,78.1900,78.1900,73.2300,73.9633,13776600,71.8510
2014-04-11,72.9567,75.3267,71.7500,71.8167,20819400,69.7656
2014-04-14,72.8067,73.8133,70.4500,71.7900,12357600,69.7397
2014-04-15,72.2400,73.3700,69.1600,72.5367,19251900,70.4650
2014-04-16,73.4467,74.3800,72.4767,74.2433,13761300,72.1230
2014-04-17,73.7967,75.4633,73.4800,74.0533,8912700,71.9384
2014-04-21,74.6033,75.7800,73.7900,75.7800,6567900,73.6158
2014-04-22,76.7833,78.6133,76.6667,78.2400,11827500,76.0055
2014-04-23,78.5100,78.5867,76.4167,76.9967,7235700,74.7977
2014-04-24,77.6867,77.7400,74.5367,76.5400,8472300,74.3540
2014-04-25,75.8000,76.4267,74.4767,74.6533,8308200,72.5213
2014-04-28,75.2400,76.0900,72.4700,74.3533,10294500,72.2298
2014-04-29,74.8433,76.7467,74.2800,76.3633,6291000,74.1824
2014-04-30,76.0000,76.7500,75.0000,76.7500,4164300,74.5581
2014-05-01,76.6200,78.3000,76.0467,77.5000,4355700,75.2867
2014-05-02,77.6033,77.6900,75.9000,76.3500,5515500,74.1695
2014-05-05,75.3500,77.7600,75.1133,77.7600,4199400,75.5392
2014-05-06,77.5100,77.8633,76.3133,76.4433,3311100,74.2601
2014-05-07,76.7567,76.7767,74.3333,75.8267,4581900,73.6611
2014-05-08,75.2700,77.0467,74.2900,74.4500,4251600,72.3237
2014-05-09,74.1667,75.4800,73.3467,75.4800,4163400,73.3243
2014-05-12,75.9467,77.4667,75.6967,77.3067,5514000,75.0988
2014-05-13,77.5000,77.9767,76.7533,76.8367,3479700,74.6423
2014-05-14,76.6100,77.9333,76.0833,77.1367,3997500,74.9337
2014-05-15,76.6667,77.1900,75.1267,76.2667,5061300,74.0885
2014-05-16,76.3467,76.5967,75.0700,76.1000,3416400,73.9266
2014-05-19,75.5000,77.3200,75.4833,77.1667,2717100,74.9628
2014-05-20,77.1333,77.1933,75.6900,76.1200,3927300,73.9460
2014-05-21,76.1500,77.1167,75.9433,76.5800,2308800,74.3929
2014-05-22,76.6667,78.7600,76.3333,78.0500,4858500,75.8209
2014-05-23,78.3033,78.5233,77.4067,78.2133,2566800,75.9796
2014-05-27,78.9000,80.2267,78.8667,80.1567,4367400,77.8674
2014-05-28,80.3967,80.4300,79.6700,79.8633,3496800,77.5825
2014-05-29,80.0000,80.7600,79.9833,80.3200,1527900,78.0261
2014-05-30,80.3367,80.5300,79.3467,79.8633,2968500,77.5825
2014-06-02,80.0033,80.2467,78.7500,79.9700,2884500,77.6861
2014-06-03,79.3667,80.3333,79.1600,80.3067,2726100,78.0132
2014-06-04,80.1000,81.2400,79.7800,81.1567,2722800,78.8388
2014-06-05,81.2533,82.2533,80.6933,81.7300,3227700,79.3958
2014-06-06,82.2000,82.2300,81.3233,82.0300,2024700,79.6873
2014-06-09,82.1833,83.3500,82.1833,82.6767,4217400,80.3155
2014-06-10,82.6667,83.3067,81.9533,83.1000,4106700,80.7267
2014-06-11,82.4500,83.5367,82.2333,83.0100,3846300,80.6393
2014-06-12,82.5033,83.4167,82.2333,82.6100,2778900,80.2507
2014-06-13,82.7500,82.9700,81.7233,82.5300,2871600,80.1730
2014-06-16,82.4767,83.4800,82.0667,82.8300,2997300,80.4644
2014-06-17,82.5233,83.1367,82.1467,82.5900,2127300,80.2312
2014-06-18,82.7000,83.3067,82.0933,83.2867,2481600,80.9080
2014-06-19,83.3367,83.7200,82.8800,83.5200,2841900,81.1347
2014-06-20,83.6867,85.2133,83.6167,85.2133,4366500,82.7796
2014-06-23,85.2267,85.5767,84.1667,84.3033,3206700,81.8956
2014-06-24,85.5033,86.6233,84.7867,85.1600,4559100,82.7279
2014-06-25,84.5500,85.8733,84.5500,85.2933,2177100,82.9850
2014-06-26,85.0467,85.4700,84.2600,85.4600,2562000,83.1472
2014-06-27,85.3300,85.5767,84.7200,85.5767,2974200,83.2607
2014-06-30,85.6400,86.0400,85.2133,85.6767,3087900,83.3580
2014-07-01,86.2967,87.7667,86.0600,87.7067,3385500,85.3331
2014-07-02,87.7333,88.5900,87.3467,88.1833,2171400,85.7968
2014-07-03,88.4300,88.8100,87.7467,88.6733,1838400,86.2736
2014-07-07,88.4567,88.6333,86.2767,86.3633,5930100,84.0261
2014-07-08,85.9667,86.1667,83.9200,84.5433,6713700,82.2553
2014-07-09,84.4233,85.5700,83.4467,85.3900,4099500,83.0791
2014-07-10,83.8500,85.6167,83.6200,85.1600,3119100,82.8553
2014-07-11,85.1367,85.9433,84.7767,85.5867,1755600,83.2704
2014-07-14,86.4367,86.6167,85.6367,86.0333,1842000,83.7050
2014-07-15,85.9933,86.2467,83.6300,84.1433,8153400,81.8662
2014-07-16,84.3333,84.4733,82.7333,82.8400,7299900,80.5981
2014-07-17,82.0500,83.1567,80.7867,81.0233,8252100,78.8306
2014-07-18,81.3733,83.7600,81.2267,83.4633,7296300,81.2046
2014-07-21,82.9800,83.8400,82.5167,83.6200,3366000,81.3570
2014-07-22,84.0900,84.9600,84.0900,84.5600,3554400,82.2716
2014-07-23,85.9233,86.7700,85.6733,86.4467,5501700,84.1072
2014-07-24,86.6700,86.6700,84.8967,85.1500,5151600,82.8456
2014-07-25,85.0000,85.1167,83.9800,84.6867,3358200,82.3948
2014-07-28,84.4300,84.6867,83.3133,83.9700,2862600,81.6975
2014-07-29,83.9700,85.3833,83.7733,84.9267,2501100,82.6283
2014-07-30,86.3000,86.9367,85.4300,85.7500,3553200,83.4293
2014-07-31,84.9267,85.1533,83.3367,83.6100,5130300,81.3473
2014-08-01,83.1300,84.6067,82.4933,83.4267,4770300,81.1689
2014-08-04,83.8467,84.4000,82.9700,84.0233,2643900,81.7494
2014-08-05,83.6567,84.6600,83.1567,83.8800,2463000,81.6099
2014-08-06,83.0867,84.6600,82.9433,83.9400,2622300,81.6683
2014-08-07,84.1467,84.3133,82.4500,82.7167,3012000,80.4781
2014-08-08,82.5000,84.0300,82.5000,83.8300,3757800,81.5613
2014-08-11,84.3667,84.9167,83.6133,84.4033,1983300,82.1191
2014-08-12,84.3167,84.3700,83.6367,83.8867,2448300,81.6165
2014-08-13,84.3700,85.8633,84.2033,85.7100,3288600,83.3904
2014-08-14,85.9167,87.1067,85.6700,87.0667,2796300,84.7104
2014-08-15,87.5467,88.0267,86.3167,87.8033,3243300,85.4271
2014-08-18,88.5267,89.0900,88.2800,88.7367,3906000,86.3352
2014-08-19,88.9733,89.2933,88.2033,89.0767,2877000,86.6660
2014-08-20,89.0000,89.5333,88.6133,88.9500,2004900,86.5427
2014-08-21,88.9967,89.2700,87.8833,88.1500,3400200,85.7644
2014-08-22,88.1700,88.9733,87.6833,88.8100,1730700,86.4065
2014-08-25,89.5867,90.9600,89.5833,90.8767,3343800,88.4172
2014-08-26,91.0300,92.1567,90.8100,91.9033,2708400,89.4161
2014-08-27,91.8433,92.2367,91.3333,91.6867,2827200,89.2053
2014-08-28,91.0000,92.1400,91.0000,91.3733,2831700,88.9005
2014-08-29,91.4000,92.2100,91.2833,92.1833,1809600,89.6886
2014-09-02,92.6733,92.9267,91.6100,92.0233,3053700,89.5329
2014-09-03,92.3633,92.6333,91.5300,91.8200,1714500,89.3351
2014-09-04,91.8367,92.0733,90.0767,90.3067,3665700,87.8627
2014-09-05,90.1700,90.3867,88.5200,90.2000,3962700,87.7589
2014-09-08,89.8667,91.0767,89.8633,91.0200,1905600,88.5567
2014-09-09,90.8633,90.8967,89.5233,89.8267,2269800,87.3957
2014-09-10,89.8667,91.5467,89.8367,91.4700,2274600,88.9945
2014-09-11,91.1600,91.5400,90.1400,91.1167,2013300,88.6508
2014-09-12,90.9233,91.1667,89.4133,89.8567,2500500,87.4249
2014-09-15,89.3733,89.6633,87.8800,88.6967,3578100,86.2963
2014-09-16,88.2433,90.4833,88.0167,90.2733,3997800,87.8303
2014-09-17,90.6667,91.4667,90.1467,90.9933,3809400,88.5308
2014-09-18,91.3233,91.6900,90.8600,91.6900,1347300,89.2086
2014-09-19,92.0633,92.4100,91.0300,91.7433,2468400,89.2605
2014-09-22,91.7367,91.7400,90.0367,90.8500,3226200,88.3913
2014-09-23,90.1467,91.3667,90.1000,90.5567,3003300,88.1059
2014-09-24,90.9500,93.1833,90.9033,93.0967,3139500,90.5952
2014-09-25,92.9433,93.3567,90.8967,91.3233,4424400,88.8695
2014-09-26,91.6667,92.2167,91.0033,92.1367,3611700,89.6610
2014-09-29,90.9433,92.6367,90.8733,92.0200,2497500,89.5475
2014-09-30,92.1767,92.1800,90.7400,91.2100,3726900,88.7592
2014-10-01,90.8167,91.2167,89.1933,89.8100,6124200,87.3968
2014-10-02,89.6433,90.2533,88.2133,89.5300,4781700,87.1244
2014-10-03,90.6467,91.9700,90.1767,91.7767,3447600,89.3107
2014-10-06,92.1000,92.4767,90.2400,90.5733,3487800,88.1397
2014-10-07,90.1700,90.2500,88.6833,88.8733,4344900,86.4853
2014-10-08,88.8233,91.5667,88.1733,91.3767,6015300,88.9214
2014-10-09,91.0700,91.2800,88.8967,89.3167,6923700,86.9168
2014-10-10,88.7667,90.4167,87.3600,87.4467,5730000,85.0970
2014-10-13,87.6667,88.1433,85.1467,85.7067,8499600,83.4038
2014-10-14,86.1600,87.0200,83.8867,85.0900,8585700,82.8036
2014-10-15,83.7467,85.9367,82.6200,85.4900,8101800,83.1929
2014-10-16,83.8333,88.0467,83.7300,86.9933,9836400,84.6559
2014-10-17,88.9767,89.3433,87.7033,88.4567,5110800,86.0799
2014-10-20,88.3333,90.0600,88.3333,89.8633,3500400,87.4488
2014-10-21,90.8700,92.8533,90.7067,92.7567,5154000,90.2643
2014-10-22,91.9733,92.9367,91.1667,92.0800,4233900,89.6058
2014-10-23,92.6333,95.0767,92.6333,94.5400,5752800,91.9997
2014-10-24,94.6067,96.3000,94.2633,96.2567,4267500,93.6703
2014-10-27,96.2300,96.8133,95.0400,96.8133,3891600,94.2120
2014-10-28,97.6567,98.2167,97.1733,97.9833,4829400,95.3506
2014-10-29,97.6733,97.9467,95.9667,96.8767,5800800,94.2737
2014-10-30,96.6100,99.0700,96.6100,98.9000,3747600,96.2426
2014-10-31,100.4067,100.9933,98.4333,98.8733,5327400,96.2167
2014-11-03,99.0800,99.6500,98.2667,98.7700,4512300,96.1161
2014-11-04,98.0500,98.6900,97.2000,97.7800,3720000,95.1527
2014-11-05,98.8067,98.8067,95.9033,96.3000,4163700,93.7125
2014-11-06,96.6033,97.8533,96.3867,97.7733,3871200,95.1462
2014-11-07,97.6467,97.8800,95.5700,96.7133,3915900,94.1147
2014-11-10,97.3867,98.4167,96.7567,98.4000,3893400,95.7561
2014-11-11,98.6033,99.2500,97.9367,98.7500,3249000,96.0967
2014-11-12,98.3600,98.9100,97.8033,98.8300,2592600,96.1745
2014-11-13,99.0000,99.4300,97.5967,97.9633,3971100,95.3311
2014-11-14,98.0000,98.0367,95.3700,96.0567,5748900,93.4757
2014-11-17,96.0300,97.5233,95.9333,96.2800,5235900,93.6930
2014-11-18,96.6967,98.5233,96.5300,98.4167,4025100,95.7723
2014-11-19,98.0833,98.9367,97.4567,98.0700,2786700,95.4349
2014-11-20,97.5633,98.5833,97.2300,98.0067,2130600,95.3733
2014-11-21,99.0000,99.5833,98.1000,98.3367,3833400,95.6944
2014-11-24,98.4100,100.0500,98.4100,100.0500,3426600,97.3617
2014-11-25,100.4733,100.4967,99.0433,99.8900,2674500,97.2060
2014-11-26,99.9600,101.2900,99.8000,101.2900,2474400,98.5684
2014-11-28,101.4133,102.3867,100.9433,101.3000,1483200,98.5781
2014-12-01,100.8833,101.4867,99.8367,100.2067,3051000,97.5141
2014-12-02,101.0733,102.5567,101.0700,102.2900,3432000,99.5415
2014-12-03,102.6367,102.8133,101.3333,102.7500,3513000,99.9892
2014-12-04,102.7167,103.0400,101.7000,102.0667,2461500,99.3242
2014-12-05,102.3200,103.0567,102.0567,102.9367,2047800,100.1708
2014-12-08,103.1000,105.6000,103.1000,104.5967,5609400,101.7862
2014-12-09,103.5633,105.2200,102.2733,104.9733,3908100,102.1527
2014-12-10,104.7900,105.1200,102.6733,102.8200,4010100,100.0573
2014-12-11,103.6667,105.1067,103.0100,103.3500,4859700,100.5730
2014-12-12,102.7200,103.7067,101.9467,102.0333,4029600,99.2917
2014-12-15,102.6533,102.8100,98.8667,99.2200,7627800,96.5540
2014-12-16,98.4333,100.8367,97.6567,97.8900,6093600,95.2598
2014-12-17,98.2467,101.2967,97.8267,101.1267,5803200,98.4094
2014-12-18,102.9633,104.6567,102.4000,104.6567,4554300,101.8446
2014-12-19,104.8700,106.3800,103.6233,105.7333,6056400,102.8923
2014-12-22,103.5000,104.4067,102.1233,103.0267,6477900,100.2584
2014-12-23,103.0700,103.3133,97.3467,98.2267,10931700,95.5873
2014-12-24,97.6900,100.8533,97.6667,99.9333,3782700,97.2482
2014-12-26,100.7433,102.3533,100.5067,102.2033,2502000,99.4572
2014-12-29,102.3533,102.9800,101.7300,102.6700,2161200,99.9113
2014-12-30,102.0700,102.7200,101.4100,101.5400,1736700,98.8117
2014-12-31,101.9000,103.1400,101.0500,101.1167,3754800,98.3997
2015-01-02,102.1300,103.1300,101.1567,102.1133,2784300,99.3696
2015-01-05,101.3333,103.1400,101.1667,101.9500,4631700,99.2106
2015-01-06,102.4100,103.1200,99.3467,100.2700,5651100,97.5758
2015-01-07,101.4867,104.0000,101.4200,104.0000,4649100,101.2056
2015-01-08,105.3167,105.5667,103.8867,104.8133,4237200,101.9971
2015-01-09,105.5333,105.6933,103.4067,104.4400,3108000,101.6337
2015-01-12,105.1800,105.9800,104.1100,105.0200,6644700,102.1982
2015-01-13,106.3900,107.4867,103.7933,104.9900,7133400,102.1689
2015-01-14,103.8067,105.6467,103.5200,105.1900,4441800,102.3636
2015-01-15,105.7933,106.0933,102.4333,102.5667,5412900,99.8108
2015-01-16,102.5100,105.9900,102.5000,105.9400,5792100,103.0935
2015-01-20,106.7600,107.9400,104.9433,107.7433,5039100,104.8483
2015-01-21,107.1333,107.7700,105.8533,106.1633,4413900,103.3108
2015-01-22,106.6267,107.0100,103.7067,106.9900,4982700,104.1152
2015-01-23,106.8333,107.6633,106.4133,107.4700,2269500,104.5823
2015-01-26,107.7100,109.4400,107.0500,109.3333,3930900,106.3956
2015-01-27,107.8733,109.7333,107.8733,108.6600,4299300,105.7404
2015-01-28,109.2667,109.5167,106.2033,106.3267,4239000,103.4697
2015-01-29,106.6267,107.6700,104.9133,107.6167,3568500,104.7251
2015-01-30,107.9767,109.7200,107.0200,107.2167,5065800,104.3358
2015-02-02,107.8833,108.1500,105.1300,106.5267,5682900,103.6644
2015-02-03,106.9433,107.3333,103.3767,105.9300,9231000,103.0837
2015-02-04,103.3767,104.8933,101.6700,104.1833,9524700,101.3840
2015-02-05,104.9033,106.8300,104.5567,106.6367,2820900,103.7714
2015-02-06,106.6367,107.6067,104.9300,105.1967,3095700,102.3701
2015-02-09,104.7300,105.8200,104.3600,104.4700,3246300,101.6629
2015-02-10,105.4767,106.4200,104.8100,106.0867,2543100,103.2362
2015-02-11,106.0600,107.4967,105.1500,105.7500,3672300,102.9085
2015-02-12,106.6633,106.8567,105.2567,106.8067,2194800,103.9368
2015-02-13,107.2967,107.8500,106.0433,107.8200,2461800,104.9229
2015-02-17,107.7300,109.0800,107.5767,108.9400,2646300,106.0128
2015-02-18,108.9400,109.8067,108.1933,109.8067,2783400,106.8562
2015-02-19,109.5000,110.8833,109.5000,110.6633,2758500,107.6899
2015-02-20,110.5167,112.1433,110.4067,112.1433,2802600,109.1301
2015-02-23,112.6067,113.8200,112.1533,112.6667,4569000,109.6394
2015-02-24,112.8800,112.9400,110.9600,111.7167,4664400,108.7149
2015-02-25,111.7900,113.8300,110.6667,113.1500,5595300,110.1097
2015-02-26,112.9233,113.6433,111.6900,113.6000,3985800,110.5476
2015-02-27,113.2133,113.6467,112.0700,112.4900,4445700,109.4674
2015-03-02,112.4100,113.4067,112.3833,113.2500,3087600,110.2070
2015-03-03,113.2233,113.2467,111.3233,112.6400,5032500,109.6134
2015-03-04,112.1800,113.9767,111.3333,113.3633,3923700,110.3173
2015-03-05,114.7567,116.3267,114.5900,115.8900,4975500,112.7761
2015-03-06,115.4067,115.6667,113.8533,114.1200,4872000,111.0537
2015-03-09,114.1700,114.4800,112.9500,114.2900,3171900,111.2191
2015-03-10,113.1567,115.2200,112.4700,113.8100,5323200,110.7520
2015-03-11,114.2600,114.6933,113.2233,114.1800,3143400,111.1120
2015-03-12,114.7467,115.0233,113.7000,114.9433,2447400,111.8549
2015-03-13,114.8667,116.4367,114.0900,115.1100,3033000,112.0171
2015-03-16,115.9200,117.9900,115.8400,117.9900,5038200,114.8197
2015-03-17,117.6700,118.8767,117.1933,118.7500,3957300,115.5593
2015-03-18,118.4700,120.1467,117.4533,119.3800,4645500,116.1723
2015-03-19,120.0100,121.9633,120.0000,121.7500,7547100,118.4786
2015-03-20,124.8733,124.9900,121.2100,122.1733,10006800,118.8906
2015-03-23,120.5333,120.8900,118.7500,119.4267,8198700,116.2177
2015-03-24,119.6333,120.9767,118.5733,118.6500,7538400,115.4619
2015-03-25,118.8333,119.6133,113.5867,113.7667,14417400,110.7098
2015-03-26,112.2267,115.0433,111.2600,113.6033,15654300,110.5508
2015-03-27,113.9933,116.4800,113.8800,115.8200,5925000,112.7080
2015-03-30,117.5567,117.6800,115.8333,117.1067,6453600,113.9601
2015-03-31,116.5000,116.6033,114.4767,114.4767,5955900,111.4008
2015-04-01,114.2267,114.4067,111.3733,113.3600,11784300,110.3141
2015-04-02,113.4767,113.8233,112.4167,113.2333,6243900,110.1908
2015-04-06,112.3433,114.0800,112.2667,112.9500,4216800,109.9151
2015-04-07,113.1367,115.6400,113.1033,113.9733,7179000,110.9109
2015-04-08,114.3100,117.8067,114.3100,117.3367,6975600,114.1839
2015-04-09,117.1867,118.5100,116.2633,117.6867,4931400,114.5245
2015-04-10,118.1567,119.4133,117.6033,119.1500,3066600,115.9485
2015-04-13,119.2333,120.6467,118.9100,119.4400,3680100,116.2307
2015-04-14,119.6933,119.9900,118.0400,119.0700,3690000,115.8707
2015-04-15,120.0567,120.6667,118.6800,120.3133,6820800,117.0806
2015-04-16,120.3333,120.9800,119.7133,120.5000,2315700,117.2622
2015-04-17,119.6200,120.0333,117.7033,118.8200,5530500,115.6274
2015-04-20,119.5400,119.8333,118.0833,119.3167,3607200,116.1107
2015-04-21,120.5600,121.7767,119.9700,121.5000,4911300,118.2354
2015-04-22,122.4767,122.6000,120.6233,121.2800,3666600,118.0213
2015-04-23,121.3267,122.7500,120.6667,122.5600,3802200,119.2669
2015-04-24,121.7533,122.5000,120.9400,121.2333,3560100,117.9759
2015-04-27,121.5467,121.7367,115.8633,116.1833,12968700,113.0616
2015-04-28,116.4800,117.5100,112.8667,114.8333,12921000,111.7478
2015-04-29,114.2000,116.3500,113.5767,114.9367,7077900,111.8484
2015-04-30,114.1333,115.2067,110.2000,111.2200,10579500,108.2316
2015-05-01,112.9200,114.8500,112.6700,114.6667,7509300,111.5856
2015-05-04,114.9067,116.9133,114.7700,115.0633,6854700,111.9716
2015-05-05,114.7500,114.9667,112.3600,112.6667,6056700,109.6394
2015-05-06,113.9433,114.6667,112.2700,113.5733,6186000,110.5217
2015-05-07,114.3767,114.9800,112.9000,114.7033,4801500,111.6213
2015-05-08,116.2600,117.9067,116.0300,117.3800,6302400,114.2260
2015-05-11,117.9967,118.3100,117.0000,117.4300,3516000,114.2747
2015-05-12,116.3033,117.6433,115.3367,117.2633,6048000,114.1125
2015-05-13,117.5967,118.3867,116.3967,116.9500,3414300,113.8076
2015-05-14,117.8067,118.5500,115.9800,118.5300,4252200,115.3451
2015-05-15,118.6400,118.9967,117.9333,118.5367,3575700,115.3516
2015-05-18,117.9867,120.2233,117.9867,120.1000,4345800,116.8730
2015-05-19,120.2700,120.6500,119.5300,120.1600,3495600,116.9314
2015-05-20,120.1600,121.9000,119.0433,121.1967,4174800,117.9402
2015-05-21,121.3833,121.7600,120.5400,121.2000,2675700,117.9434
2015-05-22,121.1767,121.8300,120.8900,121.5133,2651100,118.2483
2015-05-26,120.8367,121.4000,119.5000,120.1000,3967800,116.8730
2015-05-27,120.1000,122.3333,119.8500,122.3200,4057200,119.0333
2015-05-28,121.7800,122.3300,120.6667,121.6300,4662300,118.3619
2015-05-29,121.5167,122.6133,121.0700,121.6767,6650400,118.4073
2015-06-01,122.3333,122.4567,120.2000,121.6033,4046400,118.3359
2015-06-02,121.1400,122.0400,120.0933,121.1533,5007000,117.8980
2015-06-03,121.8800,122.0667,120.8600,121.6067,2614200,118.3391
2015-06-04,121.2100,122.0600,120.0200,120.9300,4602900,117.6806
2015-06-05,120.4933,122.5700,119.7000,122.3467,6040200,119.0593
2015-06-08,122.3733,122.6500,121.0867,121.6700,4745700,118.4008
2015-06-09,121.6133,121.6567,119.4900,120.2133,7665600,116.9833
2015-06-10,119.9200,122.0300,119.2667,121.9433,5847000,118.6668
2015-06-11,122.3167,122.8700,121.7667,122.6900,3821700,119.3934
2015-06-12,121.9100,122.3000,120.6667,121.3000,3837900,118.0408
2015-06-15,120.3000,121.3633,119.4100,121.2267,4170000,117.9694
2015-06-16,120.6700,121.8467,120.5000,121.4600,2786100,118.1964
2015-06-17,121.9200,122.6667,121.4633,122.1833,3907800,118.9003
2015-06-18,122.7200,126.1200,122.5100,125.9600,10119600,122.5755
2015-06-19,126.0000,126.3867,125.0000,125.8300,6169800,122.4490
2015-06-22,126.8933,127.8467,126.4300,127.7233,5211300,124.2915
2015-06-23,127.8333,128.3400,126.9367,127.7500,3612300,124.3174
2015-06-24,127.4600,127.7600,125.5200,125.8633,3753900,122.5000
2015-06-25,126.0200,126.6567,124.5067,125.2800,4518300,121.9322
2015-06-26,125.6667,125.8333,123.1000,124.2600,5629800,120.9395
2015-06-29,122.6633,123.9767,120.1900,120.1900,6110100,116.9782
2015-06-30,122.0600,123.3900,121.0900,122.9900,6465600,119.7034
2015-07-01,124.6800,125.0000,122.6367,123.3000,4024800,120.0051
2015-07-02,124.0333,124.0333,122.6867,123.4500,2522400,120.1511
2015-07-06,122.5533,125.2767,122.0000,124.1200,3436200,120.8032
2015-07-07,124.4200,124.6400,121.9500,124.4733,4275600,121.1471
2015-07-08,123.0000,123.5833,120.6300,120.9267,7446600,117.6952
2015-07-09,122.7700,123.1433,121.7833,122.2467,3891900,118.9800
2015-07-10,124.0067,124.2867,122.5133,124.2667,4064100,120.9460
2015-07-13,125.4000,126.6900,125.3333,126.3833,3642600,123.0061
2015-07-14,126.8067,129.5600,126.4167,129.3133,5626200,125.8578
2015-07-15,131.0200,132.3133,129.7000,130.2533,7240200,126.7727
2015-07-16,131.1700,132.1600,130.4500,131.8900,4417500,128.3656
2015-07-17,131.6667,132.5633,130.9500,132.5300,3879600,128.9885
2015-07-20,133.0900,133.5967,132.1667,132.6667,3635100,129.1215
2015-07-21,132.6667,132.8900,130.3467,131.8300,4172700,128.3072
2015-07-22,130.0367,131.8700,129.6367,131.4500,4094100,127.9374
2015-07-23,131.4500,132.5267,130.7733,131.2500,5461200,127.7427
2015-07-24,128.8767,129.6667,125.3200,125.8600,11766300,122.4967
2015-07-27,124.8167,125.5233,123.2300,124.5267,8741400,121.1990
2015-07-28,125.9200,127.7767,124.5633,127.6133,6431700,124.2032
2015-07-29,128.2500,128.4933,124.8933,125.8100,4540800,122.4481
2015-07-30,124.6667,126.7133,123.4333,126.2667,4700700,122.8925
2015-07-31,127.1400,128.4567,126.5833,127.5100,3256200,124.1027
2015-08-03,127.8000,128.5000,126.2767,127.3767,2483700,123.9729
2015-08-04,128.0867,128.9400,127.4033,127.9367,2487300,124.5179
2015-08-05,128.9400,130.0167,128.5000,128.9067,3444600,125.4620
2015-08-06,129.1167,129.2133,123.2100,123.3600,9180000,120.0635
2015-08-07,124.0000,124.0000,120.5433,122.8900,10519200,119.6061
2015-08-10,124.1333,125.5100,123.5467,123.8067,5478300,120.4983
2015-08-11,122.7900,124.1767,121.2467,122.3900,4472700,119.1195
2015-08-12,121.1767,123.7100,119.0367,123.3867,6894600,120.0895
2015-08-13,123.7100,124.1400,121.8900,122.1300,3201000,118.8664
2015-08-14,121.9967,122.3100,119.7067,121.3533,4200300,118.1105
2015-08-17,120.5033,124.0000,120.0200,123.8733,3870600,120.5631
2015-08-18,123.7667,124.3033,122.5567,122.7600,2232600,119.4796
2015-08-19,121.6667,122.9733,120.5233,121.8900,4169100,118.6328
2015-08-20,120.6667,121.6167,116.9000,116.9400,7516500,113.8151
2015-08-21,115.0667,117.9133,113.2667,113.2800,14558700,110.2529
2015-08-24,104.0967,113.4100,94.7200,108.2933,14632500,105.3995
2015-08-25,112.3333,115.0133,108.4200,108.4200,8665500,105.5228
2015-08-26,111.6667,114.1100,108.1667,113.9167,8207700,110.8726
2015-08-27,116.1433,117.2367,114.3667,116.9700,8760000,113.8443
2015-08-28,116.2500,117.7600,115.8167,117.7600,5060700,114.6132
2015-08-31,117.3400,118.1667,113.6300,113.9967,5460600,110.9504
2015-09-01,111.3167,113.6433,110.5667,111.1133,6798300,108.1441
2015-09-02,112.5567,115.4100,111.1467,115.4100,5130300,112.3260
2015-09-03,115.4067,116.4900,112.5000,112.8767,6551700,109.8603
2015-09-04,111.2033,113.6667,110.6733,112.3667,5403600,109.3640
2015-09-08,114.7333,117.3867,114.0900,117.2567,6017400,114.1233
2015-09-09,118.3000,118.8100,114.3800,114.7400,5736000,111.6739
2015-09-10,114.7333,117.5000,114.4567,116.9067,5133900,113.7827
2015-09-11,116.0433,118.3200,115.8333,118.2467,4027200,115.0868
2015-09-14,118.2133,118.6300,116.5000,117.8000,2611200,114.6521
2015-09-15,118.0833,119.3967,117.1667,119.1533,3548700,115.9693
2015-09-16,119.2167,119.9500,117.2367,118.3800,5234100,115.2166
2015-09-17,118.3333,122.1867,118.0167,120.8333,6697500,117.6044
2015-09-18,118.6400,120.2867,118.6400,118.9200,6016500,115.7422
2015-09-21,119.8133,119.9200,112.5200,113.4900,16399500,110.4573
2015-09-22,111.7300,112.6333,109.5767,111.8000,13431000,108.8125
2015-09-23,111.6000,113.0367,110.1100,110.9400,5983500,107.9755
2015-09-24,109.8433,110.7733,106.7033,108.7400,12867000,105.8342
2015-09-25,110.2633,110.3333,101.5200,103.4133,27253500,100.6505
2015-09-28,102.1767,102.6667,95.1767,96.8700,35551800,94.2820
2015-09-29,97.2200,101.1033,95.5033,96.4933,24563100,93.9154
2015-09-30,99.6267,101.7133,98.3400,101.1100,17572500,98.4087
2015-10-01,101.0700,101.9800,99.0000,101.6533,11092800,98.9375
2015-10-02,99.0733,105.3333,99.0733,105.1767,12829500,102.3667
2015-10-05,106.1667,107.8633,102.8867,104.4000,10434900,101.6108
2015-10-06,103.1500,103.3333,97.5167,100.6367,17507400,97.9480
2015-10-07,100.9967,103.8200,99.1833,102.5967,14959200,99.8557
2015-10-08,102.0567,103.0967,98.9367,102.4000,11133300,99.6643
2015-10-09,102.4367,103.8333,101.2033,102.8167,6156000,100.0698
2015-10-12,103.8100,104.1000,102.0000,102.8467,5952000,100.0990
2015-10-13,101.9033,104.1600,99.4900,99.5867,8836500,96.9261
2015-10-14,100.7533,102.4800,99.1333,100.5267,13754100,97.8410
2015-10-15,99.3333,104.9500,99.1267,104.9200,10670100,102.1169
2015-10-16,105.0000,106.1100,103.3333,104.7733,9627900,101.9742
2015-10-19,104.3433,107.0200,102.8933,105.3133,11850000,102.4997
2015-10-20,105.2700,105.4200,101.8167,101.9867,9554700,99.2620
2015-10-21,103.7133,104.2300,98.3667,101.4867,18375000,98.7753
2015-10-22,101.6967,102.6100,99.4600,102.0367,11796000,99.3106
2015-10-23,103.4267,105.4367,102.8900,105.4267,11672400,102.6101
2015-10-26,105.0000,107.4033,103.7500,105.8167,7387500,102.9896
2015-10-27,106.0167,109.2167,105.9133,109.2167,7767300,106.2988
2015-10-28,108.9533,110.5967,106.9600,110.5967,8876700,107.6419
2015-10-29,110.7967,112.2967,109.1667,109.5167,7860600,106.5908
2015-10-30,109.9533,110.0000,108.2633,108.4867,6084900,105.5883
2015-11-02,108.9400,112.8867,108.8000,112.6867,6058200,109.6761
2015-11-03,112.3133,113.7500,111.0400,113.0267,6390600,110.0070
2015-11-04,113.5000,113.7300,110.7033,112.5433,6015300,109.5366
2015-11-05,111.8433,111.9833,109.2333,110.3800,7906200,107.4311
2015-11-06,110.2633,110.7667,107.9033,110.0800,6071700,107.1391
2015-11-09,109.3367,110.9900,109.0933,110.1933,3623700,107.2494
2015-11-10,109.6433,110.7800,109.0200,110.6533,3300300,107.6971
2015-11-11,111.0000,111.1633,108.9200,108.9500,3448500,106.0393
2015-11-12,108.3467,109.2300,101.9300,106.7033,5588700,103.8526
2015-11-13,106.7033,109.4867,106.2833,107.8800,7596600,104.9978
2015-11-16,107.1667,108.3300,105.8367,108.2967,5008200,105.4034
2015-11-17,108.8067,110.5033,107.7333,109.7133,4267500,106.7822
2015-11-18,110.3300,113.0033,109.7733,112.9133,7876800,109.8967
2015-11-19,112.9967,113.1367,110.9100,111.1400,4864500,108.1708
2015-11-20,111.7800,112.2400,110.9433,111.1633,3689100,108.1935
2015-11-23,111.1033,112.9300,111.0167,111.9733,5441700,108.9818
2015-11-24,111.0567,111.9067,110.5000,111.7567,3404100,108.7709
2015-11-25,111.6667,113.1800,111.6567,112.9500,3422100,109.9324
2015-11-27,113.0800,113.8400,113.0100,113.6700,1374000,110.6332
2015-11-30,113.9433,114.2967,110.7000,111.4567,5771100,108.4789
2015-12-01,112.0900,112.4133,110.4700,112.0533,6147300,109.0597
2015-12-02,112.0533,113.0000,110.9333,111.3133,3737400,108.3395
2015-12-03,111.3733,111.6067,106.6133,107.3233,7607700,104.4561
2015-12-04,107.6667,110.6100,107.5633,110.5733,6663600,107.6192
2015-12-07,110.1700,110.3467,107.8433,108.0933,5368200,105.2055
2015-12-08,106.9233,110.5500,106.9233,110.1967,4528500,107.2527
2015-12-09,109.5033,110.3133,107.6867,108.4000,4754100,105.5040
2015-12-10,108.4500,110.1567,108.1100,109.8033,3627300,106.8698
2015-12-11,108.7400,109.2767,106.5000,106.6300,7915200,103.7812
2015-12-14,106.9467,107.9000,104.8433,106.9467,6553800,104.0894
2015-12-15,108.3833,110.3833,107.8600,109.9967,5105700,107.0580
2015-12-16,110.9667,112.7200,110.0000,112.4667,4420500,109.4620
2015-12-17,113.0000,113.0000,110.4533,110.7067,7539900,107.7490
2015-12-18,110.4267,111.5900,109.7367,110.4967,6702300,107.5446
2015-12-21,110.5533,111.0400,109.3900,110.7100,2226300,107.7523
2015-12-22,111.0367,111.5000,109.8700,110.8867,3122100,107.9242
2015-12-23,111.8333,113.1600,111.6067,112.9000,3036900,109.8837
2015-12-24,112.9433,113.6200,112.6767,113.2633,954900,110.2478
2015-12-28,112.5833,112.9400,111.7333,112.4067,2553300,109.4139
2015-12-29,113.0000,114.6233,112.8367,114.3700,2558400,111.3250
2015-12-30,114.0133,114.4667,113.2900,113.6200,2928600,110.5949
2015-12-31,113.1933,113.9233,112.7733,112.7767,2885400,109.7741
2016-01-04,110.3833,110.5933,108.1733,108.9567,9717000,106.0558
2016-01-05,109.1133,110.3233,108.2167,108.9867,4901100,106.0850
2016-01-06,106.8333,108.5367,106.0167,107.0400,6814800,104.1901
2016-01-07,104.4900,105.3933,102.5933,102.5933,10040100,99.8619
2016-01-08,104.1667,104.4300,100.5300,100.7333,7579500,98.0514
2016-01-11,101.5500,101.5867,95.0100,97.2300,11290500,94.6413
2016-01-12,98.5000,100.8000,95.3533,98.7333,11864100,96.1046
2016-01-13,99.0000,99.6333,93.1533,93.3800,10349100,90.8938
2016-01-14,93.5033,98.3767,91.1567,97.1467,13084200,94.5602
2016-01-15,92.2867,95.4967,92.2867,94.7267,10547400,92.2046
2016-01-19,95.8900,96.6333,91.0200,92.6133,9985800,90.1476
2016-01-20,90.4933,96.5767,89.5067,95.1633,13780200,92.6296
2016-01-21,94.4067,95.8333,92.7600,92.9167,9902100,90.4428
2016-01-22,95.2733,96.3900,93.9133,96.0067,7226700,93.4506
2016-01-25,95.6767,96.8433,94.3067,94.4000,5445000,91.8866
2016-01-26,94.6200,94.9500,91.9333,94.0267,7225500,91.5233
2016-01-27,94.6267,95.2967,90.4900,91.1333,7804200,88.7069
2016-01-28,91.1733,92.0567,86.3533,87.8233,18116100,85.4851
2016-01-29,87.6300,89.4400,86.8233,89.0167,8804700,86.6467
2016-02-01,88.2767,90.1467,87.2667,89.5100,6125400,87.1269
2016-02-02,88.2467,88.9233,86.2433,87.0033,7153200,84.6870
2016-02-03,87.1667,88.0367,83.8767,88.0000,12018600,85.6571
2016-02-04,87.5100,90.5900,86.6667,88.2300,11823600,85.8809
2016-02-05,87.8533,88.2567,84.2833,85.4133,12503100,83.1393
2016-02-08,83.5833,83.9367,81.2667,82.7067,9744600,80.5047
2016-02-09,80.2400,84.4033,80.0100,82.8000,10568100,80.5955
2016-02-10,83.1533,85.8600,82.8800,83.3100,6445800,81.0919
2016-02-11,80.9833,82.0833,80.1833,81.3467,8374200,79.1809
2016-02-12,82.4967,83.7867,80.5367,83.7300,7249800,81.5008
2016-02-16,85.1133,86.2500,84.8000,86.2400,7945500,83.9439
2016-02-17,87.8367,88.8733,86.2333,88.7733,7645500,86.4098
2016-02-18,89.0600,89.2000,86.3367,86.4733,6281100,84.1710
2016-02-19,86.2167,87.5900,85.1733,87.2767,5489400,84.9530
2016-02-22,88.6500,88.7933,87.3233,87.8733,4351800,85.5338
2016-02-23,87.4467,88.2933,85.7400,85.8067,4092600,83.5221
2016-02-24,84.6933,86.4200,83.4000,86.2600,6380400,83.9634
2016-02-25,86.6667,87.7133,85.5533,86.4400,3517200,84.1386
2016-02-26,87.2500,87.9067,86.5500,87.1633,5088300,84.8427
2016-02-29,87.1100,87.2000,84.6967,84.6967,5165700,82.4417
2016-03-01,85.5300,88.4433,84.5800,88.4233,8280000,86.0691
2016-03-02,88.4133,89.9300,88.0233,89.3733,6778200,86.9938
2016-03-03,89.4300,89.4667,87.6400,88.0800,3186900,85.7350
2016-03-04,88.2933,89.2433,87.1333,87.7100,7288200,85.3747
2016-03-07,87.2333,90.6900,86.9733,89.9200,6287700,87.5259
2016-03-08,89.4867,89.6533,86.4833,86.7100,5064900,84.4014
2016-03-09,87.1000,87.2667,84.5533,85.7100,8793300,83.4280
2016-03-10,85.9100,87.4000,84.1333,85.0267,6606900,82.7629
2016-03-11,85.9800,87.3867,85.4733,87.3133,5350800,84.9887
2016-03-14,87.2567,87.8867,86.8933,87.1467,2841300,84.8265
2016-03-15,85.9933,86.4900,83.4800,83.8233,7684800,81.5916
2016-03-16,83.8233,85.1667,82.2533,83.4000,9705600,81.1795
2016-03-17,83.0400,83.4833,80.6167,82.3633,8577300,80.1705
2016-03-18,82.6667,84.3000,81.6033,83.7800,8157300,81.5494
2016-03-21,83.5300,86.0067,83.4200,85.4967,6484500,83.2204
2016-03-22,85.1000,87.9900,84.9200,87.7000,7379700,85.3651
2016-03-23,87.4200,87.9800,84.6167,84.7533,7237200,82.5448
2016-03-24,84.1667,86.3967,83.0700,85.1600,6909000,82.9409
2016-03-28,85.6633,85.9600,83.8567,84.0267,4261800,81.8371
2016-03-29,83.6000,85.6033,82.3333,85.5367,6835200,83.3077
2016-03-30,86.3400,87.4667,84.5600,84.9800,6782100,82.7656
2016-03-31,84.9733,87.9533,84.9600,86.9367,6299700,84.6713
2016-04-01,86.7900,89.5967,85.8600,89.4367,10987800,87.1061
2016-04-04,89.8233,91.5600,89.5067,90.2167,8947500,87.8658
2016-04-05,89.5200,90.9833,89.0133,89.8800,7493700,87.5379
2016-04-06,90.2733,95.2867,90.2300,95.2667,17846400,92.7842
2016-04-07,95.1667,95.9233,93.0433,93.5667,13478100,91.1285
2016-04-08,94.6667,94.6667,91.6100,92.4500,9370800,90.0409
2016-04-11,92.9633,93.1667,90.6000,90.9000,4605600,88.5313
2016-04-12,90.8933,92.2167,90.0633,91.9700,6482400,89.5735
2016-04-13,92.7033,93.9433,92.1667,93.7300,6850500,91.2876
2016-04-14,94.5167,94.5167,93.0633,93.8733,4241400,91.4272
2016-04-15,94.1900,94.2267,92.5400,93.5367,4600200,91.0993
2016-04-18,93.2733,95.4500,92.9667,94.9900,4956600,92.5148
2016-04-19,94.6067,94.8300,92.5733,93.1767,5448000,90.7487
2016-04-20,93.4267,93.9333,92.6000,93.1433,3968100,90.7162
2016-04-21,93.5433,95.9533,93.1967,95.8500,8690700,93.3524
2016-04-22,96.2867,96.5700,94.4467,96.1133,6392400,93.6088
2016-04-25,95.8333,96.5000,95.0033,95.3167,5957700,92.8329
2016-04-26,95.3033,95.3333,92.9867,93.8000,5975400,91.3558
2016-04-27,93.9067,93.9067,92.0433,92.4967,5909700,90.0864
2016-04-28,92.3333,93.8667,90.8200,91.7567,6022800,89.3657
2016-04-29,91.1433,91.6300,88.5933,89.3167,9022500,86.9893
2016-05-02,89.5633,90.4067,88.2133,90.3133,5728800,87.9600
2016-05-03,89.7833,90.1867,88.4833,88.5833,4938000,86.2750
2016-05-04,88.3533,88.3533,85.7867,86.0100,7965000,83.7688
2016-05-05,86.3567,86.8167,85.3433,86.3967,4208400,84.1454
2016-05-06,85.5067,86.4433,84.0000,85.0933,6726900,82.8760
2016-05-09,85.4000,87.9767,85.3333,87.3000,4116600,85.0251
2016-05-10,88.2833,88.3533,86.2767,88.0167,4575600,85.7231
2016-05-11,88.2567,88.2667,85.2600,85.3667,3310500,83.1422
2016-05-12,85.4767,85.9133,82.9667,83.9100,8158200,81.7235
2016-05-13,83.5700,85.4533,83.5700,84.6333,3538500,82.4280
2016-05-16,85.4667,87.3733,85.1500,87.2233,4709100,84.9505
2016-05-17,87.1533,87.6200,86.0467,86.3900,4221300,84.1388
2016-05-18,85.9467,87.9233,85.9333,87.5900,4584000,85.3076
2016-05-19,87.0633,88.0000,85.5600,86.3000,4157400,84.0512
2016-05-20,86.6267,88.3833,86.5100,88.0600,3422400,85.7653
2016-05-23,88.1667,89.4167,87.8900,88.6767,3777900,86.3660
2016-05-24,89.3500,90.8567,88.9700,90.6800,4047900,88.3171
2016-05-25,91.0000,91.9667,90.8433,91.6767,3596700,89.2878
2016-05-26,91.6767,91.6867,90.6000,91.2300,2545800,88.8527
2016-05-27,91.6000,92.0633,90.8133,92.0633,2502600,89.6643
2016-05-31,92.8000,93.7167,92.5000,93.2567,5422200,90.8266
2016-06-01,92.9833,94.0333,92.4700,93.7267,4647300,91.2844
2016-06-02,93.6833,95.4300,93.6833,95.4267,5378400,92.9401
2016-06-03,94.7600,95.2100,92.6433,93.9233,6130800,91.4759
2016-06-06,94.0400,95.6033,92.8667,95.3567,4620900,92.8719
2016-06-07,94.1133,94.2167,92.4333,92.9200,6059700,90.4987
2016-06-08,93.2967,93.2967,92.1700,92.8433,3295200,90.4240
2016-06-09,92.0767,93.1700,91.1200,91.1933,4588500,88.8170
2016-06-10,90.1567,90.4100,88.7333,89.2000,5657700,86.8756
2016-06-13,88.5100,89.9933,87.9733,88.1433,5683200,85.8465
2016-06-14,87.8133,88.7233,86.5667,87.4967,4809900,85.2167
2016-06-15,88.3267,88.5200,87.2700,87.4967,3641400,85.2167
2016-06-16,87.0600,87.5133,86.0633,87.3333,4380600,85.0576
2016-06-17,87.3333,87.6633,85.4467,85.4567,7318800,83.2298
2016-06-20,86.4400,87.5400,86.1467,86.2333,4091100,83.9862
2016-06-21,86.3500,86.5000,84.2167,84.9300,5638800,82.7687
2016-06-22,85.2967,87.3133,84.3700,85.5200,13375800,83.3437
2016-06-23,86.5533,87.3967,85.8033,87.3667,4626000,85.1434
2016-06-24,84.0000,85.4500,82.9433,83.0133,11564700,80.9008
2016-06-27,82.2100,83.0700,80.1000,80.4967,9033300,78.4482
2016-06-28,82.3200,83.6600,81.7967,83.5533,6763800,81.4271
2016-06-29,84.1667,85.7500,83.9467,85.3500,6920100,83.1780
2016-06-30,85.6100,85.9600,84.3367,85.7800,4128300,83.5971
2016-07-01,85.8633,87.8233,85.5100,87.5833,3978900,85.3546
2016-07-05,87.3333,87.3333,85.9800,86.7967,3912000,84.5879
2016-07-06,86.0467,88.8600,86.0467,88.7467,5201400,86.4883
2016-07-07,89.0000,89.6200,88.2800,89.2800,3641100,87.0080
2016-07-08,89.0300,90.6333,88.9567,90.3767,3843000,88.0768
2016-07-11,90.5000,91.0333,90.1133,90.1867,2874000,87.8916
2016-07-12,90.5967,91.4933,90.5367,90.8533,3794100,88.5413
2016-07-13,91.3167,91.6033,89.2033,89.2667,4171500,86.9950
2016-07-14,90.0167,90.1667,89.0267,89.4900,3092400,87.2127
2016-07-15,89.5900,91.2133,89.5900,90.8433,2914500,88.5316
2016-07-18,90.6700,91.4067,90.3533,91.1633,2345100,88.8435
2016-07-19,91.0967,91.5100,89.7167,89.9967,2516700,87.7064
2016-07-20,90.1667,92.3633,89.3533,92.1800,5632800,89.8342
2016-07-21,93.0200,94.0333,92.6133,93.4167,6491700,91.0394
2016-07-22,93.6667,94.1167,92.9267,93.6333,3127800,91.2506
2016-07-25,93.4733,94.2467,92.9367,94.0867,3266700,91.6924
2016-07-26,93.0600,94.0333,92.7400,93.4267,3529200,91.0492
2016-07-27,93.4167,95.8333,93.4167,95.6767,4872600,93.2419
2016-07-28,95.8200,96.1067,94.6067,95.8933,4519500,93.4531
2016-07-29,95.8900,96.5900,94.9567,96.4800,4216500,94.0248
2016-08-01,96.6233,98.9467,96.6233,98.0233,9261900,95.5289
2016-08-02,98.2600,99.6667,96.2067,98.2300,9819600,95.7303
2016-08-03,97.9600,99.4333,97.6267,99.3067,5924400,96.7795
2016-08-04,99.6700,99.8300,98.4733,98.7167,2894700,96.2045
2016-08-05,99.4233,99.7000,98.5700,99.0967,3099000,96.5749
2016-08-08,99.3133,99.5400,97.7167,98.0600,4509000,95.5646
2016-08-09,98.0500,98.6533,97.7167,98.1867,2463000,95.6880
2016-08-10,97.9567,98.1367,96.0033,96.2700,3827700,93.8201
2016-08-11,96.3767,97.5633,96.0267,97.3033,4835700,94.8272
2016-08-12,96.9933,97.6167,96.3333,97.5067,3812400,95.0253
2016-08-15,97.9833,98.7433,97.5433,98.4033,2991000,95.8992
2016-08-16,98.1900,98.3200,96.9333,97.0300,2302800,94.5608
2016-08-17,96.9100,97.2367,96.2267,96.9667,2198700,94.4991
2016-08-18,96.9667,97.6267,96.4600,97.2200,1877100,94.7460
2016-08-19,96.6200,97.2900,96.3833,96.7700,1584900,94.3074
2016-08-22,97.2833,98.8900,97.2800,98.6700,3597900,96.1591
2016-08-23,99.1067,99.3567,98.4833,98.7267,2780400,96.2143
2016-08-24,98.9633,99.7500,95.1067,95.4100,11319000,92.9820
2016-08-25,95.6667,96.3633,92.9667,94.2900,9237000,91.8906
2016-08-26,94.3900,95.9467,94.1833,95.0467,5840100,92.6279
2016-08-29,95.3333,95.5467,94.0533,94.6233,4208400,92.2154
2016-08-30,94.4900,95.2767,94.0200,94.4300,3050700,92.0270
2016-08-31,94.1300,94.4700,93.2367,93.6300,2745300,91.2473
2016-09-01,93.5400,94.0833,92.8667,93.8133,2631300,91.4260
2016-09-02,93.8333,94.2667,93.1533,93.5367,3327600,91.1564
2016-09-06,93.6867,95.1600,93.6067,94.6967,4540200,92.2868
2016-09-07,94.6967,95.7167,94.5633,95.3667,2677800,92.9398
2016-09-08,95.5467,96.2033,94.6233,96.0100,2399400,93.5668
2016-09-09,94.8733,95.3100,92.8767,92.8767,5459100,90.5132
2016-09-12,92.3333,95.9333,92.2100,95.7033,4333800,93.2679
2016-09-13,94.9200,95.0033,93.1967,94.2067,4855800,91.8093
2016-09-14,94.6667,96.4833,94.5900,95.3100,4776600,92.8846
2016-09-15,95.2067,96.9733,94.7333,96.7167,3950400,94.2555
2016-09-16,96.0367,97.4200,95.9000,97.2100,3947100,94.7362
2016-09-19,97.6667,98.3033,96.8033,97.1733,4085400,94.7005
2016-09-20,98.1400,99.0000,97.6667,98.5667,5038800,96.0584
2016-09-21,98.7500,99.4867,97.1433,99.1767,6001200,96.6529
2016-09-22,99.7633,100.0967,98.8033,100.0267,4378200,97.4812
2016-09-23,100.0267,100.6000,99.3367,99.3933,3195000,96.8640
2016-09-26,98.7267,99.0567,97.8167,98.1767,3978300,95.7059
2016-09-27,97.3667,99.2067,97.3667,99.1600,3110100,96.6645
2016-09-28,99.1100,99.4833,97.6167,98.3600,2566500,95.8846
2016-09-29,98.1300,98.4367,95.0533,95.2900,4733700,92.8919
2016-09-30,95.2467,96.8433,94.5733,96.4867,6414300,94.0584
2016-10-03,96.5033,96.6967,95.1133,96.6667,5411100,94.2339
2016-10-04,96.4500,97.0833,95.6000,96.0867,2550900,93.6685
2016-10-05,96.5200,97.5233,96.0567,96.9333,3069600,94.4939
2016-10-06,95.8333,96.0000,94.5200,94.7200,4312500,92.3362
2016-10-07,94.7733,95.1400,93.7933,94.7000,2995800,92.3167
2016-10-10,95.6733,96.4667,95.5767,96.0233,2488500,93.6068
2016-10-11,94.5167,94.8100,91.6667,92.3333,9365700,90.0096
2016-10-12,92.3533,92.7833,89.9333,90.0433,7533000,87.7773
2016-10-13,89.3333,90.9700,89.2033,90.3700,6831000,88.0957
2016-10-14,91.3700,91.3700,88.6267,88.6933,4347300,86.4612
2016-10-17,88.5267,89.3033,87.5167,88.5733,4401900,86.3442
2016-10-18,89.8167,90.4033,89.4600,89.8100,3864600,87.5498
2016-10-19,90.0367,90.0367,89.0700,89.1600,3099000,86.9161
2016-10-20,89.0800,90.3900,89.0033,90.0133,4845600,87.7480
2016-10-21,90.0167,90.0167,89.0000,89.2567,2182200,87.0104
2016-10-24,89.1733,89.7600,88.6500,88.8033,2609700,86.5684
2016-10-25,89.1900,89.3000,88.1233,88.3933,2522700,86.1688
2016-10-26,88.6767,89.5833,87.8400,88.4367,4350900,86.2110
2016-10-27,89.3500,90.0967,88.3733,88.4900,4632600,86.2630
2016-10-28,87.9667,87.9733,85.8300,86.8300,8968200,84.6448
2016-10-31,86.9867,87.0000,85.4833,85.5600,4731000,83.4068
2016-11-01,85.7633,86.6867,84.8500,86.3633,6369600,84.1899
2016-11-02,86.1167,86.2400,84.7667,84.7767,4102500,82.6431
2016-11-03,85.0067,85.4300,82.2367,82.2900,9406500,80.2190
2016-11-04,82.3267,84.8300,82.2900,83.9000,6271200,81.7885
2016-11-07,85.4933,87.3433,85.2067,87.0567,5961900,84.8657
2016-11-08,86.4967,88.3333,86.0900,87.2067,6393300,85.0120
2016-11-09,94.0000,96.3333,92.0233,94.9967,33943800,92.6059
2016-11-10,96.5433,98.1200,94.9333,96.5933,16931400,94.1624
2016-11-11,95.9667,96.3333,94.2033,96.0000,7980900,93.5840
2016-11-14,96.1333,97.7833,95.4000,97.6967,9624600,95.2380
2016-11-15,97.4067,97.5200,95.7467,97.1100,4535400,94.6661
2016-11-16,96.4833,97.2367,95.4600,95.5033,3587400,93.0998
2016-11-17,95.8367,96.3667,94.5833,96.1733,3670200,93.7530
2016-11-18,96.2700,96.4900,94.5767,94.9067,4932000,92.5182
2016-11-21,95.3233,95.7333,94.7933,95.5700,2853000,93.1648
2016-11-22,95.7700,96.0667,93.0100,93.7867,5725200,91.4264
2016-11-23,91.6567,94.6900,91.4100,94.5800,5626200,92.1998
2016-11-25,95.0000,95.2067,93.7600,94.8200,1760400,92.4337
2016-11-28,94.8000,94.8000,93.1600,93.3300,3129000,90.9812
2016-11-29,93.1500,94.2233,92.6633,93.4367,3050700,91.0852
2016-11-30,93.9733,94.0000,91.2967,91.3567,4829100,89.0575
2016-12-01,91.7700,91.8033,89.5533,89.8300,6024300,87.5693
2016-12-02,89.5967,90.9433,89.2033,90.1533,5086200,87.8845
2016-12-05,91.2467,91.7967,90.1567,90.6433,3119700,88.3621
2016-12-06,91.1100,91.6167,90.1967,91.4467,3092700,89.1453
2016-12-07,89.4333,90.1000,87.2167,88.7600,12656700,86.5262
2016-12-08,88.3867,89.6367,87.2433,89.5067,7899900,87.2541
2016-12-09,90.5500,91.7967,89.4167,89.8900,6594000,87.6278
2016-12-12,89.1167,89.6667,88.5900,89.1767,3477900,86.9324
2016-12-13,89.8267,90.6100,89.5233,89.6833,3881700,87.4263
2016-12-14,89.6000,90.3933,89.1267,89.8067,2978700,87.5465
2016-12-15,89.9567,90.8233,89.6067,90.6467,2952000,88.3654
2016-12-16,90.8700,91.8600,90.5033,90.8067,4992300,88.5214
2016-12-19,90.6667,91.5600,89.4433,89.5967,3778200,87.3418
2016-12-20,90.0500,90.5633,89.8233,90.3067,3290100,88.0340
2016-12-21,90.3900,90.4667,89.0267,89.2833,2932800,87.0364
2016-12-22,89.2833,89.3767,88.4500,88.9000,2445900,86.6925
2016-12-23,88.9867,90.9433,88.7600,90.7733,3762900,88.5193
2016-12-27,90.8667,92.0433,90.4033,90.4200,2555100,88.1747
2016-12-28,90.4033,90.5467,89.1800,89.3600,2617200,87.1411
2016-12-29,89.3333,89.7567,88.6667,89.0367,2149200,86.8258
2016-12-30,89.3333,89.3867,87.9733,88.4600,3537300,86.2634
2017-01-03,89.1200,90.2500,88.9067,90.0800,3725100,87.8432
2017-01-04,90.2067,92.9067,90.2067,92.4100,6222900,90.1153
2017-01-05,92.8433,93.1433,91.8767,92.7000,3709200,90.3981
2017-01-06,93.2800,93.8300,92.7900,93.4200,4624500,91.1002
2017-01-09,94.0533,95.0000,93.3967,94.7600,4605600,92.4070
2017-01-10,95.1867,95.7233,94.1400,95.5000,4728900,93.1286
2017-01-11,95.1667,95.5633,91.6900,92.6467,16901100,90.3461
2017-01-12,91.9667,93.4433,91.5500,92.9767,5598300,90.6679
2017-01-13,92.9600,94.2333,92.7833,93.3367,4142700,91.0190
2017-01-17,92.5000,92.5000,91.2200,91.5067,6395700,89.2344
2017-01-18,91.6700,92.3733,91.5467,92.2700,3516600,89.9788
2017-01-19,92.2700,92.3333,91.0933,91.4933,2042700,89.2214
2017-01-20,91.4700,92.1500,90.8867,91.1400,3489300,88.8768
2017-01-23,91.0400,91.4900,89.9733,90.2833,3442500,88.0415
2017-01-24,90.0600,90.6667,88.9600,90.0033,3882600,87.7684
2017-01-25,90.5033,91.2000,90.2267,90.8933,3215400,88.6363
2017-01-26,91.3500,91.8100,90.4000,90.5667,2890500,88.3178
2017-01-27,90.8600,91.5300,90.6733,91.3600,2463900,89.0914
2017-01-30,91.2167,91.3233,89.5500,90.1300,2744100,87.8920
2017-01-31,89.1867,92.8100,89.1867,92.6900,7958400,90.3884
2017-02-01,92.9367,93.6400,92.4500,93.4733,4413000,91.1523
2017-02-02,93.1567,93.7300,92.5100,93.2933,3757200,90.9767
2017-02-03,94.0000,94.4100,93.1033,94.3500,3100800,92.0071
2017-02-06,94.3633,94.5700,93.7000,94.5133,2888100,92.1664
2017-02-07,94.7333,94.8267,93.6233,94.1367,3411900,91.7991
2017-02-08,93.3333,94.1467,92.7700,93.9067,3217800,91.5748
2017-02-09,94.2000,95.1100,93.6733,94.8533,3184800,92.4980
2017-02-10,94.8267,95.2933,94.5167,94.7900,2292300,92.4362
2017-02-13,95.0067,95.6733,94.9167,95.4333,2349000,93.0636
2017-02-14,95.4600,96.6667,95.1400,96.6000,4371000,94.2013
2017-02-15,96.2900,98.5000,96.2833,98.3167,5337300,95.8753
2017-02-16,98.3333,98.9767,96.6667,97.6600,4772400,95.2350
2017-02-17,97.3300,98.1700,97.0333,98.1167,2805900,95.6803
2017-02-21,98.3367,98.4967,97.2733,97.6000,2834700,95.1765
2017-02-22,97.6933,97.7700,96.6500,96.7700,2687700,94.3670
2017-02-23,96.9167,96.9667,95.3867,96.4400,2841300,94.0452
2017-02-24,95.6133,96.7000,95.5733,96.6333,5527200,94.2338
2017-02-27,96.4700,99.4967,96.4600,99.4233,7717200,96.9545
2017-02-28,98.9700,99.9467,98.4667,99.0767,5241300,96.6164
2017-03-01,100.2667,100.7200,99.3367,100.3133,5556000,97.8224
2017-03-02,100.5200,101.2467,99.7133,99.9300,4108800,97.4486
2017-03-03,99.5200,100.9133,99.5200,100.8300,3012900,98.3262
2017-03-06,100.2833,100.5000,99.3033,99.9433,3171000,97.4616
2017-03-07,98.7633,99.2833,98.0000,98.3433,5643900,95.9013
2017-03-08,98.1333,100.0533,98.1333,99.2167,4475100,96.7530
2017-03-09,98.9667,99.9667,98.6000,99.5767,2581200,97.1040
2017-03-10,100.2500,100.3200,98.8800,100.2000,4374900,97.7119
2017-03-13,100.5000,100.5000,99.4267,100.2033,2473800,97.7151
2017-03-14,99.7500,100.0000,99.1400,99.3333,2897100,96.8667
2017-03-15,99.5500,101.2167,99.4300,100.8133,3560100,98.3100
2017-03-16,100.6633,100.6833,99.0500,99.5300,4371600,97.0585
2017-03-17,97.9167,99.0267,97.8567,98.4267,5106600,95.9826
2017-03-20,98.3167,99.2067,98.2700,98.8600,2405100,96.4052
2017-03-21,99.3967,99.3967,96.0133,96.1233,7747200,93.7364
2017-03-22,96.3533,96.7867,95.8367,96.6400,4785900,94.2403
2017-03-23,96.3500,97.3600,96.1067,96.3300,2151000,93.9380
2017-03-24,96.2667,97.0633,96.1467,96.6867,3378600,94.3834
2017-03-27,95.5567,97.9700,95.5533,97.7133,3636900,95.3857
2017-03-28,98.1200,98.2900,96.9367,97.3367,2371500,95.0180
2017-03-29,97.9467,98.8967,97.6833,98.1400,2686200,95.8021
2017-03-30,98.4633,98.5300,97.3833,97.7967,1966800,95.4670
2017-03-31,97.7967,98.1067,97.3900,97.7567,2045100,95.4279
2017-04-03,98.0067,98.5300,96.9333,96.9933,2086200,94.6828
2017-04-04,96.6433,97.5000,96.6433,97.1333,1732200,94.8195
2017-04-05,97.1767,97.7167,95.5267,95.8067,2672100,93.5244
2017-04-06,95.8967,96.3600,95.4000,96.0733,2232600,93.7847
2017-04-07,95.9000,97.0567,95.7667,96.8400,2375100,94.5331
2017-04-10,96.8300,97.4300,96.4000,96.4633,1436400,94.1654
2017-04-11,96.3067,96.8333,95.2833,96.1233,2289600,93.8335
2017-04-12,96.4400,96.6767,95.7900,96.2167,1473300,93.9246
2017-04-13,95.9467,97.2433,95.9433,96.8633,2325300,94.5559
2017-04-17,96.6667,97.0533,96.2400,96.8600,1462500,94.5526
2017-04-18,96.5433,96.7033,95.3033,95.8900,2818200,93.6058
2017-04-19,96.2033,96.9067,95.8900,96.2833,2063700,93.9897
2017-04-20,96.6667,97.0167,95.8333,96.7800,2672700,94.4745
2017-04-21,96.9667,96.9667,95.5333,95.8300,3210900,93.5472
2017-04-24,96.8800,97.4667,96.6100,97.2467,2742600,94.9301
2017-04-25,98.0500,98.9900,97.9733,98.5167,3427500,96.1698
2017-04-26,98.5500,99.0867,98.2700,98.8000,2561400,96.4464
2017-04-27,98.6667,99.2800,98.1533,98.8400,2015400,96.4855
2017-04-28,98.8067,99.4367,98.5567,99.2133,1708800,96.8499
2017-05-01,99.4000,99.9933,99.1100,99.7933,2511300,97.4161
2017-05-02,100.0000,100.2900,98.9233,99.4233,2848800,97.0549
2017-05-03,99.0900,99.2533,98.3867,98.7800,1898100,96.4269
2017-05-04,99.0933,99.6667,98.8400,99.4833,3174900,97.1135
2017-05-05,99.4167,99.5567,98.1333,98.6233,2111700,96.2740
2017-05-08,98.1900,98.5700,96.2800,96.4833,4045800,94.1850
2017-05-09,96.7700,97.7300,96.6333,97.6500,2652000,95.3238
2017-05-10,97.5767,97.5767,96.3767,97.2967,2245800,94.9789
2017-05-11,97.1000,97.4200,96.1533,97.1900,3217200,94.8748
2017-05-12,97.1867,97.9500,96.9033,97.6233,1562100,95.2978
2017-05-15,97.7333,98.3067,97.5367,98.0400,1684200,95.7045
2017-05-16,98.1767,98.5600,97.7967,98.4333,1545300,96.0885
2017-05-17,97.4000,97.6767,96.1167,96.1967,3506400,93.9051
2017-05-18,96.3400,97.8400,96.3000,97.4233,2278800,95.1026
2017-05-19,97.7400,98.2467,96.7033,96.8167,2019300,94.5103
2017-05-22,96.8400,97.1567,96.2833,97.1067,2629800,94.7934
2017-05-23,97.1667,97.2467,96.5600,96.9867,1985400,94.6763
2017-05-24,96.9900,97.2500,96.0967,97.0533,2144400,94.7414
2017-05-25,97.6667,97.6667,96.8267,96.8400,2277900,94.5331
2017-05-26,96.5767,97.0133,96.0200,96.0733,1858500,93.7847
2017-05-30,96.0000,96.2267,94.5667,94.7667,2865600,92.5092
2017-05-31,95.0000,95.4567,94.2000,95.2500,4801800,92.9810
2017-06-01,95.5000,97.1567,95.3567,96.9633,3387000,94.6535
2017-06-02,97.3333,98.8833,97.2367,98.5967,3573900,96.2479
2017-06-05,98.8500,99.0267,97.2500,98.0500,2733000,95.7143
2017-06-06,97.6900,98.3300,97.3667,97.6000,1388700,95.2750
2017-06-07,97.7500,98.1433,97.1833,97.6600,1403100,95.3336
2017-06-08,97.6067,98.6033,97.5067,98.2500,1732800,95.9095
2017-06-09,98.3133,99.5167,97.5467,98.0367,3776700,95.7013
2017-06-12,97.5500,98.6300,97.0200,97.7433,3865200,95.4149
2017-06-13,98.1100,98.2467,97.3333,98.1433,2431200,95.8054
2017-06-14,98.3900,99.3467,97.9400,98.6967,3177300,96.3456
2017-06-15,98.2700,98.3167,97.0667,97.9333,5649300,95.6004
2017-06-16,97.7533,97.9133,96.8367,97.5767,2242500,95.2522
2017-06-19,98.2400,100.3300,97.8967,99.9300,3571800,97.5495
2017-06-20,100.1433,102.7067,99.9333,101.1967,11655900,98.7860
2017-06-21,102.2367,105.4433,101.8833,105.3667,15264300,102.8567
2017-06-22,106.0133,107.8167,105.6833,106.7033,11516700,104.1615
2017-06-23,106.5467,107.0900,105.3733,106.9133,7870800,104.3665
2017-06-26,107.1300,107.2900,105.8500,106.5733,4661700,104.0346
2017-06-27,106.2900,106.4967,103.5000,103.6300,5651700,101.2174
2017-06-28,104.0400,105.8867,103.4933,105.6267,4929900,103.1676
2017-06-29,105.6667,105.6867,102.9033,104.1167,4397700,101.6927
2017-06-30,104.4000,104.5867,103.1167,103.3600,2150100,100.9537
2017-07-03,103.9633,104.5300,102.8533,103.6500,1565400,101.2369
2017-07-05,104.0767,105.3933,103.4700,105.0967,4525200,102.6499
2017-07-06,104.4167,104.8600,102.9600,103.4833,3297900,101.0741
2017-07-07,104.3100,104.5400,103.6067,104.1533,2269200,101.7286
2017-07-10,104.3167,104.3633,102.8300,103.3133,1921200,100.9081
2017-07-11,103.7833,104.2167,103.0933,104.0033,3229200,101.5821
2017-07-12,104.8633,104.8733,104.1300,104.6700,3323100,102.2332
2017-07-13,104.9067,106.0433,103.5233,105.4700,6099000,103.0146
2017-07-14,105.6033,106.0933,105.2333,105.4700,2446200,103.0146
2017-07-17,105.6967,106.1867,104.9767,105.0267,2411100,102.5815
2017-07-18,105.0167,105.1400,104.2267,105.0467,2240700,102.6011
2017-07-19,106.3467,107.3333,106.1633,106.5433,3086400,104.0629
2017-07-20,106.9867,108.2033,106.7400,107.6400,4112100,105.1340
2017-07-21,107.5967,108.4333,107.3800,108.2933,3873600,105.7722
2017-07-24,108.3300,109.1800,107.6900,109.1133,3100500,106.5731
2017-07-25,109.9433,109.9667,107.6000,107.9367,4994700,105.4238
2017-07-26,108.1967,108.8833,107.7000,108.6333,2288400,106.1042
2017-07-27,109.5900,109.6200,105.8067,106.5967,5549400,104.1150
2017-07-28,106.1100,107.5400,105.9533,107.2733,2196300,104.7759
2017-07-31,107.1533,107.5133,106.2667,106.3633,1941300,103.8871
2017-08-01,106.7967,106.7967,104.8533,105.2567,2835600,102.8062
2017-08-02,105.6400,105.9867,104.4633,105.6800,2047500,103.2197
2017-08-03,105.9233,105.9967,104.6667,104.8500,2361000,102.4090
2017-08-04,105.0800,105.3633,104.2700,105.1933,2042400,102.7444
2017-08-07,105.2100,105.9633,104.8100,105.7567,1615500,103.2946
2017-08-08,105.5533,106.0833,104.4500,104.7633,1926900,102.3243
2017-08-09,103.9600,105.0700,103.7767,104.4333,2559300,102.0020
2017-08-10,104.0067,104.0733,101.3733,101.4833,4984500,99.1207
2017-08-11,101.5533,102.5733,101.3467,102.1367,3467100,99.7588
2017-08-14,102.7500,103.4300,102.6967,103.1933,1600800,100.7909
2017-08-15,103.3333,103.7767,102.8933,103.1033,1647300,100.7030
2017-08-16,103.6400,104.0800,103.0533,103.3600,1862700,100.9537
2017-08-17,103.4533,103.7533,101.5633,101.6033,2977200,99.2379
2017-08-18,101.3300,102.1100,100.8933,101.3533,2810100,98.9937
2017-08-21,101.5167,101.9400,100.8567,101.5600,1707600,99.1956
2017-08-22,102.1300,103.6933,101.9400,103.5067,2728200,101.0970
2017-08-23,103.1600,103.6167,102.8600,103.0533,1436700,100.6542
2017-08-24,103.2700,104.5033,102.9200,104.2900,1984800,101.8620
2017-08-25,104.6400,104.9300,103.4833,103.6833,2266500,101.2695
2017-08-28,104.7300,105.9667,104.6033,105.6300,3081300,103.1708
2017-08-29,104.7500,106.1633,104.5033,105.9400,2082300,103.4737
2017-08-30,106.0633,108.5367,105.7667,108.1067,4439700,105.5899
2017-08-31,108.3000,111.2300,108.3000,111.1167,5669700,108.5298
2017-09-01,111.3400,112.2400,110.4700,111.9467,3744300,109.3404
2017-09-05,111.6300,112.0833,109.8567,111.0133,3507600,108.4289
2017-09-06,111.5300,112.0500,110.6033,111.4467,2396700,108.8521
2017-09-07,111.0000,112.1167,110.3500,111.7433,1802100,109.1419
2017-09-08,111.9267,112.1967,111.0633,111.3667,2083800,108.7740
2017-09-11,112.1233,112.1800,110.8067,111.4700,2620200,108.8749
2017-09-12,111.1167,111.8067,110.6267,111.7167,1920000,109.1158
2017-09-13,111.3367,111.7300,111.0067,111.3433,1388700,108.7512
2017-09-14,111.2000,111.6467,110.0400,110.6867,4056300,108.1098
2017-09-15,110.6667,111.3067,110.0933,110.6067,2964000,108.0317
2017-09-18,110.8567,111.3633,110.3067,110.7233,2065800,108.1456
2017-09-19,110.6667,110.8267,109.7467,109.9867,1186200,107.4261
2017-09-20,110.2100,111.2567,109.9367,110.9167,2156100,108.3344
2017-09-21,110.9133,111.2000,110.2267,110.4233,1073100,107.8526
2017-09-22,110.0367,110.1800,109.2433,109.9800,2238600,107.4196
2017-09-25,109.8300,111.0567,109.8267,110.4667,8910300,107.8949
2017-09-26,110.7567,110.9533,109.2400,109.4033,2345100,106.8947
2017-09-27,109.4433,110.4333,109.4433,110.0300,2156400,107.5070
2017-09-28,109.9933,110.6433,109.2667,110.1833,3078600,107.6568
2017-09-29,110.4600,111.3100,109.6833,111.1967,2643300,108.6469
2017-10-02,111.6533,112.9333,111.3733,112.8800,5541900,110.2916
2017-10-03,113.0067,113.1333,111.5333,112.6167,2390400,110.0344
2017-10-04,113.0000,113.6400,112.4800,113.4933,3184800,110.8909
2017-10-05,113.5000,113.9800,112.8967,113.6167,2173800,111.0114
2017-10-06,113.4400,114.1667,112.9367,113.4933,1710000,110.8909
2017-10-09,113.5933,113.9100,112.9167,113.1600,1509600,110.5653
2017-10-10,113.0567,113.5700,112.6300,113.1967,1119300,110.6011
2017-10-11,113.1967,113.1967,112.5333,112.9633,1473900,110.3731
2017-10-12,112.8967,113.1267,111.9633,112.3767,2249700,109.7999
2017-10-13,112.7567,112.8367,111.8567,112.1267,2973600,109.5556
2017-10-16,112.2600,113.8967,111.8400,112.2800,4217400,109.7054
2017-10-17,112.3267,113.1200,112.1400,112.7067,1809300,110.1223
2017-10-18,113.0567,113.4567,111.8233,111.9900,1960500,109.4221
2017-10-19,111.6667,112.3633,110.8333,111.7033,2235300,109.1420
2017-10-20,111.1700,111.1767,109.8067,110.6000,2924100,108.0640
2017-10-23,110.3667,110.6433,109.1400,109.2467,2601000,106.7416
2017-10-24,109.3000,109.3000,107.2933,108.3900,3416700,105.9046
2017-10-25,108.3900,108.5633,106.4300,107.1500,3887100,104.6931
2017-10-26,104.8700,105.7733,104.0067,104.6600,7059000,102.2601
2017-10-27,104.6000,105.6333,103.7467,105.3733,3754200,102.9571
2017-10-30,105.2167,106.6200,104.8033,105.5533,3804900,103.1330
2017-10-31,105.6667,106.1967,104.2933,104.7267,2780400,102.3253
2017-11-01,105.1000,105.6667,103.8367,104.0633,3384000,101.6772
2017-11-02,104.0700,104.9400,103.5600,104.0200,3062100,101.6348
2017-11-03,103.8433,105.7400,103.8433,105.6233,3376800,103.2014
2017-11-06,105.9833,106.1933,105.1367,105.1967,2568300,102.7845
2017-11-07,105.6367,105.6367,104.3000,104.6733,2484600,102.2732
2017-11-08,105.1333,105.5667,103.9467,104.2667,1791600,101.8758
2017-11-09,103.6667,103.9467,102.6233,103.6800,2837700,101.3026
2017-11-10,103.6667,104.2200,102.8867,104.0600,3202500,101.6739
2017-11-13,103.9300,104.0267,103.0200,103.3600,2012100,100.9900
2017-11-14,103.3067,103.3067,100.6833,101.6833,6211200,99.3517
2017-11-15,101.1100,102.6100,100.6733,102.0833,4297500,99.7426
2017-11-16,102.8467,103.7833,102.2033,103.6033,2822100,101.2277
2017-11-17,103.6033,103.9500,103.0300,103.7367,2194800,101.3579
2017-11-20,103.7767,103.9800,102.6400,102.7767,2645700,100.4200
2017-11-21,103.3967,103.8167,103.1033,103.5700,2373300,101.1951
2017-11-22,103.9800,104.2733,103.6667,104.1733,1557300,101.7846
2017-11-24,104.3167,104.5400,103.9333,104.2100,1072200,101.8205
2017-11-27,104.2533,104.6167,103.2867,103.4833,2555100,101.1105
2017-11-28,103.6500,103.9333,102.7967,103.7700,2913300,101.3905
2017-11-29,103.7700,104.9967,103.1467,103.7567,2691000,101.3775
2017-11-30,103.8700,105.4067,103.8700,105.2533,3077100,102.8399
2017-12-01,105.3600,106.3300,103.3500,105.7000,2822700,103.2763
2017-12-04,106.6000,107.0000,103.7600,104.0300,2351200,101.6446
2017-12-05,104.2700,105.0700,103.1500,103.3300,3054800,100.9606
2017-12-06,103.0300,103.6800,101.4700,102.5800,3020300,100.2278
2017-12-07,103.0000,104.4600,102.4700,104.0500,2132200,101.6641
2017-12-08,104.5600,106.5300,104.5600,106.0700,2811500,103.6378
2017-12-11,107.1300,107.4900,105.7800,106.2300,2544200,103.7942
2017-12-12,105.7600,106.2700,105.3000,105.7600,1728300,103.3349
2017-12-13,105.9200,107.2800,105.6200,106.7200,2902800,104.2729
2017-12-14,106.7300,107.2300,104.8300,105.1700,2640800,102.7585
2017-12-15,105.6100,106.6600,104.8300,106.6000,3038100,104.1557
2017-12-18,107.2900,107.3900,106.2400,106.3600,1985700,103.9212
2017-12-19,106.2300,106.9400,105.9100,106.1100,1451000,103.6769
2017-12-20,106.2000,107.0000,106.2000,106.6600,1391100,104.2143
2017-12-21,106.4600,107.2400,106.3200,106.8000,1489700,104.4735
2017-12-22,106.4700,107.3100,106.1100,106.9400,1041600,104.6104
2017-12-26,106.8000,107.5500,106.5300,107.4400,992000,105.0996
2017-12-27,107.5000,108.1600,107.3600,107.5900,1679000,105.2463
2017-12-28,107.6500,108.1500,107.0000,107.7900,1067100,105.4419
2017-12-29,107.5800,108.2800,106.6800,106.7700,1965300,104.4442
2018-01-02,107.4900,109.4600,106.6800,109.3400,3765800,106.9582
2018-01-03,109.5100,111.2200,109.1500,110.8800,3637600,108.4646
2018-01-04,111.0200,111.3700,109.4600,109.9700,2437600,107.5745
2018-01-05,110.4900,110.7600,109.1900,109.8300,2010900,107.4375
2018-01-08,110.0600,110.1500,107.5600,108.3700,3548000,106.0093
2018-01-09,108.7900,110.8400,108.6100,110.4100,3759300,108.0049
2018-01-10,110.0000,111.0400,109.1400,110.9100,1728300,108.4940
2018-01-11,111.2800,111.5500,110.2900,111.2300,1770800,108.8070
2018-01-12,111.5000,112.4000,111.0100,111.9800,2199100,109.5407
2018-01-16,112.3100,113.3000,110.3600,110.6000,3959700,108.1907
2018-01-17,111.6000,111.9300,110.6200,111.4100,2192300,108.9831
2018-01-18,111.3900,111.5200,110.1600,111.2700,1458900,108.8461
2018-01-19,111.4500,112.1500,111.2800,112.0000,2119500,109.5603
2018-01-22,112.9800,115.6700,112.8200,115.5200,3390800,113.0036
2018-01-23,115.5000,117.4200,115.4200,116.8100,3569400,114.2654
2018-01-24,117.0300,117.3600,114.8600,115.9000,2823100,113.3753
2018-01-25,116.3100,117.0100,115.5500,116.6300,2208800,114.0894
2018-01-26,117.0600,118.4000,116.9800,118.0400,2631700,115.4687
2018-01-29,117.9900,119.3000,117.8500,118.5000,2519200,115.9187
2018-01-30,116.4100,117.4800,115.8200,116.2700,4559700,113.7372
2018-01-31,116.3200,117.1500,113.7000,114.0800,3730600,111.5949
2018-02-01,113.7500,114.7400,113.2500,113.9800,2864100,111.4971
2018-02-02,113.0100,113.9800,111.9500,112.1400,4360400,109.6972
2018-02-05,111.0500,112.4900,107.1800,107.1800,6085600,104.8452
2018-02-06,105.6700,109.6400,105.3200,109.3600,7984300,106.9777
2018-02-07,108.9600,110.8900,108.7900,109.4100,3007700,107.0266
2018-02-08,109.8900,110.0700,104.7600,104.8600,4131400,102.5758
2018-02-09,105.5800,106.5900,101.0200,105.6700,7967100,103.3681
2018-02-12,105.8300,108.4000,105.8100,107.3500,3049700,105.0115
2018-02-13,107.3000,107.7800,105.9200,107.5400,1809400,105.1974
2018-02-14,106.9900,110.2800,106.5200,109.7300,4541400,107.3397
2018-02-15,110.5100,110.9800,109.1900,110.7600,2053800,108.3472
2018-02-16,110.7400,111.5400,109.8800,110.3600,1927000,107.9560
2018-02-20,109.5300,110.7800,108.8900,109.2500,2587900,106.8701
2018-02-21,109.4300,111.2500,109.0300,109.0800,1770200,106.7038
2018-02-22,109.8000,110.2500,108.2900,108.4200,2496500,106.0582
2018-02-23,109.1100,110.7700,108.1200,110.6800,2392800,108.2690
2018-02-26,111.3600,111.8300,110.5100,111.4900,2021500,109.0613
2018-02-27,111.3200,111.9400,110.0600,110.1000,1842600,107.7016
2018-02-28,110.0000,110.2700,107.8300,108.0800,3109200,105.7256
2018-03-01,108.1000,108.6900,106.1200,107.0400,7605300,104.7083
2018-03-02,105.8700,109.8800,105.1600,109.6500,4076500,107.2614
2018-03-05,109.1900,111.1500,109.0500,110.8600,5538200,108.4450
2018-03-06,111.5600,111.5600,109.9900,111.1200,3840200,108.6994
2018-03-07,110.1300,111.8700,110.0700,111.8000,3092700,109.3646
2018-03-08,111.8000,112.7000,111.3700,112.6200,2399600,110.1667
2018-03-09,113.0100,114.4600,112.7800,114.3600,3099900,111.8688
2018-03-12,114.5400,115.0000,113.7700,114.7300,2128600,112.2308
2018-03-13,114.5000,115.6000,113.5800,113.9200,2139100,111.4384
2018-03-14,114.1100,114.6500,113.2700,113.7800,1547700,111.3014
2018-03-15,114.2700,114.3500,112.2800,112.6700,1506800,110.2156
2018-03-16,112.6700,113.5600,112.5500,112.7400,2627600,110.2841
2018-03-19,112.0000,112.6400,109.4100,110.4800,3181700,108.0733
2018-03-20,110.3000,111.0900,109.9200,110.5400,2741300,108.1320
2018-03-21,110.4000,111.4700,110.2100,110.6700,1904100,108.2592
2018-03-22,110.2300,110.7000,108.0500,108.1300,3040700,105.7745
2018-03-23,108.0100,108.5400,105.2900,105.2900,3398500,102.9964
2018-03-26,106.8000,108.3200,105.1500,108.1100,3036000,105.7550
2018-03-27,108.7700,108.9200,104.6700,105.1200,2791100,102.8301
2018-03-28,105.9000,106.8400,104.5700,105.9800,2971100,103.6714
2018-03-29,106.2200,107.9500,105.6800,106.7400,2623200,104.4148
2018-04-02,106.7300,106.7300,101.4500,102.5200,3223300,100.2867
2018-04-03,103.3200,103.3300,100.9600,102.9000,2645200,100.6585
2018-04-04,101.3400,106.2200,101.3400,105.8900,3285400,103.5834
2018-04-05,106.6200,106.6200,103.8600,104.1700,2150700,101.9008
2018-04-06,102.8000,103.5500,100.2200,101.0300,2840400,98.8292
2018-04-09,102.5300,104.5800,102.0400,102.8700,3161000,100.6291
2018-04-10,104.1100,106.0500,103.5800,105.7000,2762700,103.3975
2018-04-11,104.7400,106.8200,104.6500,105.3300,2009600,103.0356
2018-04-12,106.4400,107.3400,105.9800,106.7200,2177000,104.3953
2018-04-13,107.1900,107.2200,105.3800,105.9600,2168600,103.6518
2018-04-16,106.5600,106.8000,104.8600,105.2400,2602200,102.9475
2018-04-17,105.6500,107.7300,105.6400,107.2800,1814700,104.9430
2018-04-18,107.3200,108.0800,107.0700,107.3500,2040000,105.0115
2018-04-19,105.8900,107.6500,105.5200,105.8900,2129400,103.5834
2018-04-20,105.7400,106.0900,104.6900,104.9600,2099500,102.6736
2018-04-23,104.9000,105.6700,104.2000,104.7900,2084400,102.5073
2018-04-24,105.0800,105.1600,102.7100,103.2700,2084600,101.0204
2018-04-25,103.2900,103.9800,102.3100,103.2600,1891200,101.0106
2018-04-26,103.7000,105.9200,103.5500,105.3000,3178400,103.0062
2018-04-27,105.3000,105.7800,104.5400,105.6100,1205300,103.3095
2018-04-30,105.5700,106.0000,103.5200,103.6500,2294700,101.3921
2018-05-01,103.5000,104.1100,102.5600,104.0500,2358100,101.7834
2018-05-02,103.0700,103.8900,102.3300,102.6800,2249000,100.4432
2018-05-03,102.2500,103.0900,100.4300,101.2800,2504100,99.0737
2018-05-04,101.0000,102.9400,101.0000,102.3500,2723700,100.1204
2018-05-07,102.5100,103.3200,102.5100,103.0000,2689000,100.7563
2018-05-08,102.8300,103.1300,101.7300,102.4100,2597200,100.1791
2018-05-09,102.6100,104.2500,102.0300,103.7900,2294500,101.5291
2018-05-10,103.8700,104.9100,103.4100,103.7300,2787300,101.4704
2018-05-11,103.7300,106.9300,103.7300,106.5800,5060300,104.2583
2018-05-14,106.8000,108.4800,106.8000,107.6800,3458500,105.3344
2018-05-15,106.8200,106.9600,106.2300,106.5800,2117900,104.2583
2018-05-16,106.6000,107.9800,106.4500,107.5300,1393700,105.1876
2018-05-17,107.4800,107.7200,106.8400,107.5900,2489200,105.2463
2018-05-18,107.7900,108.1600,107.2500,107.8000,5527100,105.4517
2018-05-21,108.1300,108.4300,105.9300,106.3800,2515200,104.0627
2018-05-22,106.5000,107.4000,106.1900,106.7200,2129600,104.3953
2018-05-23,106.1000,107.6300,106.1000,107.2500,1505300,104.9137
2018-05-24,107.2500,107.7200,106.7900,107.3400,1967100,105.0017
2018-05-25,107.5100,107.7800,107.2600,107.5600,2078800,105.2170
2018-05-29,106.8000,107.6200,105.8500,107.0800,3021700,104.7474
2018-05-30,107.5500,108.8400,107.2600,108.5100,2797900,106.1463
2018-05-31,108.8000,109.2800,107.7100,108.4500,3137100,106.0876
2018-06-01,109.1300,110.1000,108.5400,109.8400,2076800,107.4473
2018-06-04,109.7000,109.9600,107.6100,109.1300,2479000,106.7527
2018-06-05,109.0700,109.9600,108.4800,109.1600,2133200,106.7821
2018-06-06,109.1800,110.8200,109.1300,110.5200,1560600,108.1125
2018-06-07,110.6000,110.9400,109.0600,109.7600,1985100,107.3690
2018-06-08,109.5300,110.4500,109.2500,110.1100,1261900,107.7114
2018-06-11,110.0700,110.3500,109.6600,109.9800,2639900,107.5842
2018-06-12,110.0000,111.2900,109.9800,110.9100,1332900,108.4940
2018-06-13,110.7800,111.7100,110.1800,110.4900,2685900,108.0831
2018-06-14,110.4700,111.6400,110.3400,111.3800,1783700,108.9537
2018-06-15,111.0900,111.7500,110.5900,111.2600,2545800,108.8363
2018-06-18,110.1600,110.5200,109.4400,110.4300,3346100,108.0244
2018-06-19,109.3300,112.2100,109.2600,112.0400,3046400,109.5994
2018-06-20,112.2500,113.9800,112.0400,113.9000,2969100,111.4188
2018-06-21,113.5600,113.9000,112.2900,112.6100,2822400,110.1570
2018-06-22,112.7400,112.8800,111.6900,112.2300,2432600,109.7852
2018-06-25,111.3800,112.0100,109.4000,110.2000,2356500,107.7994
2018-06-26,110.1700,110.7000,108.6000,109.5700,4988600,107.3351
2018-06-27,109.8500,110.0700,107.2900,107.3400,3008000,105.1506
2018-06-28,107.4400,108.3100,106.1800,107.9500,2165800,105.7482
2018-06-29,108.7600,110.7000,108.7600,109.8200,3219500,107.5800
2018-07-02,108.8800,111.0300,108.6400,110.6900,1941700,108.4323
2018-07-03,110.9200,111.6400,110.4100,110.5900,1488700,108.3343
2018-07-05,110.8900,112.1500,110.7400,111.9800,2414100,109.6959
2018-07-06,113.5900,116.5000,113.4900,116.2100,4152500,113.8397
2018-07-09,116.5100,116.9000,115.8900,116.8100,3054200,114.4274
2018-07-10,116.8100,116.9800,116.0400,116.6100,4210200,114.2315
2018-07-11,115.7200,116.8000,115.4400,116.2700,1543900,113.8985
2018-07-12,116.7800,118.5600,116.6800,118.1500,2066200,115.7401
2018-07-13,118.0000,118.7700,117.8400,118.3500,1342300,115.9360
2018-07-16,118.0700,118.4500,117.0600,117.4900,1416800,115.0936
2018-07-17,117.0500,118.6000,116.8900,118.3700,919500,115.9556
2018-07-18,118.1900,118.3600,117.4700,118.2300,1424400,115.8185
2018-07-19,117.7500,118.8000,117.1600,118.3500,3570000,115.9360
2018-07-20,118.0000,118.7500,117.9700,118.2600,1723400,115.8478
2018-07-23,118.3500,118.5400,117.9000,118.1900,3203200,115.7793
2018-07-24,119.7700,120.0600,117.2300,118.0200,4365800,115.6127
2018-07-25,118.0000,119.5000,117.7900,119.3300,2744200,116.8960
2018-07-26,118.1900,118.6200,116.8500,117.8500,4051500,115.4462
2018-07-27,117.7700,118.0200,114.5900,115.4100,4095000,113.0560
2018-07-30,115.1900,115.4500,113.9000,114.1300,2426800,111.8021
2018-07-31,114.5600,116.7800,114.5600,116.4900,1955700,114.1140
2018-08-01,116.3800,117.6200,116.2300,117.1700,1305500,114.7801
2018-08-02,116.5200,118.5200,116.3100,118.0500,1686500,115.6421
2018-08-03,118.1300,118.5000,116.8300,117.1700,1296000,114.7801
2018-08-06,117.2700,117.4900,116.3300,116.9400,1670000,114.5548
2018-08-07,117.5000,118.7500,117.0200,118.3800,1031800,115.9654
2018-08-08,118.0000,118.0000,116.8800,117.5500,1333100,115.1524
2018-08-09,117.0400,118.5800,117.0400,117.3700,1147600,114.9761
2018-08-10,117.0000,117.8700,116.4100,116.7300,3414000,114.3491
2018-08-13,116.7900,117.1400,115.8700,116.5600,4782000,114.1825
2018-08-14,116.6200,117.7600,116.6200,117.2100,1046400,114.8193
2018-08-15,116.3200,116.6900,115.0000,115.3800,1548800,113.0266
2018-08-16,115.6600,116.6200,115.0800,116.2700,1057400,113.8985
2018-08-17,116.0200,116.6200,115.4000,116.2900,1498300,113.9180
2018-08-20,116.2200,116.8300,115.6000,116.0900,1130400,113.7221
2018-08-21,116.2800,117.5100,116.1600,117.1700,2637600,114.7801
2018-08-22,116.5300,118.2800,116.5300,118.0000,977900,115.5932
2018-08-23,117.7900,118.1000,116.5600,117.3200,1271400,114.9271
2018-08-24,117.4700,117.8700,117.0500,117.4000,985200,115.0054
2018-08-27,117.8600,119.7800,117.8600,119.4600,4242900,117.0234
2018-08-28,119.8600,120.2700,119.4400,120.0500,2253300,117.6014
2018-08-29,120.1100,121.9000,119.7600,121.5600,2645400,119.0806
2018-08-30,121.5000,122.4900,121.2800,122.0300,1634800,119.5410
2018-08-31,121.3000,122.5300,121.3000,122.1900,1103900,119.6977
2018-09-04,122.0100,122.1000,119.8400,121.0000,1713000,118.5320
2018-09-05,120.6800,121.1500,119.9100,120.5600,1219400,118.1009
2018-09-06,120.2300,120.9800,118.0500,118.4200,1916200,116.0046
2018-09-07,118.2000,118.6600,116.9800,117.7400,1312000,115.3385
2018-09-10,117.8800,118.4900,117.4900,117.9400,1301400,115.5344
2018-09-11,117.4100,118.0400,116.8100,117.4400,1333400,115.0446
2018-09-12,118.0000,118.2100,116.3600,117.5000,1463800,115.1034
2018-09-13,117.9600,118.7700,117.5900,118.3700,1025900,115.9556
2018-09-14,118.4700,118.8800,117.4200,117.7700,2329100,115.3679
2018-09-17,117.3200,117.9900,116.0200,116.2100,3265100,113.8397
2018-09-18,116.2100,117.9700,116.1400,117.5100,1166700,115.1132
2018-09-19,117.4600,118.2700,117.3700,117.6600,991000,115.2601
2018-09-20,118.0400,119.4000,118.0400,119.2900,1311700,116.8569
2018-09-21,119.6700,119.9300,118.2700,118.5500,2235500,116.1320
2018-09-24,119.0100,120.3900,118.7400,119.9600,1512000,117.5132
2018-09-25,120.3300,121.0200,120.1300,120.2300,1675600,117.7777
2018-09-26,120.4700,121.8000,120.2600,120.6100,1420100,118.1814
2018-09-27,120.5700,122.1400,120.5100,121.8700,1486500,119.4160
2018-09-28,121.3200,122.3000,121.2300,121.9400,1349000,119.4846
2018-10-01,122.2200,122.9700,120.8000,121.1700,1920100,118.7301
2018-10-02,121.0500,121.2800,119.9100,120.3700,1451800,117.9462
2018-10-03,120.6500,121.6200,119.8800,121.2600,1465300,118.8183
2018-10-04,120.7600,120.9300,116.9800,117.8800,2272600,115.5064
2018-10-05,117.6000,118.6300,114.8400,116.5300,2413200,114.1835
2018-10-08,116.1900,116.8000,114.3000,115.6500,1820300,113.3213
2018-10-09,115.3500,116.3800,114.8400,115.1300,1805800,112.8117
2018-10-10,114.8400,115.2100,111.1700,111.3100,2657200,109.0687
2018-10-11,111.0300,111.9600,108.2300,109.0800,3933800,106.8835
2018-10-12,111.2600,111.6600,109.4100,111.2500,2547000,109.0099
2018-10-15,110.8400,111.2700,109.7200,110.0900,1885000,107.8732
2018-10-16,110.8000,114.9900,110.8000,114.7500,1693400,112.4394
2018-10-17,114.6700,114.8600,113.0000,114.6900,1009300,112.3806
2018-10-18,114.7500,114.8000,111.8700,113.0000,1471900,110.7246
2018-10-19,113.2300,114.2500,110.9900,111.2200,1550500,108.9805
2018-10-22,111.4200,111.8700,108.5700,109.6200,2028200,107.4127
2018-10-23,108.0100,110.3900,106.5100,109.0900,2522600,106.8934
2018-10-24,108.8700,109.6000,102.1200,102.8100,7129700,100.7398
2018-10-25,102.8000,105.3200,101.3900,103.9900,6733900,101.8960
2018-10-26,102.0000,105.0000,101.3700,103.6100,3109500,101.5237
2018-10-29,105.2700,105.8000,100.6600,102.6100,2243100,100.5438
2018-10-30,102.3600,104.1100,101.8300,103.6300,1496500,101.5433
2018-10-31,104.7700,105.4800,103.6100,104.0700,1791700,101.9744
2018-11-01,104.4200,108.3300,104.4200,108.0700,2338000,105.8939
2018-11-02,108.7900,110.2800,106.9800,108.1000,2314400,105.9233
2018-11-05,108.1700,108.6500,106.6400,108.0300,1393100,105.8547
2018-11-06,107.7000,109.2700,107.7000,108.5000,1177200,106.3152
2018-11-07,109.7100,111.2500,109.0000,111.0300,2555600,108.7943
2018-11-08,110.5300,111.5000,109.8900,110.1700,1045000,107.9516
2018-11-09,109.2900,109.5900,106.8600,107.7300,1602100,105.5607
2018-11-12,107.2300,107.8100,104.1000,104.4500,2374900,102.3468
2018-11-13,104.9900,106.3300,103.7900,104.0300,1634400,101.9352
2018-11-14,104.7300,105.2900,101.2900,101.9200,3460000,99.8677
2018-11-15,101.9100,104.5600,101.2100,104.1500,1871900,102.0528
2018-11-16,103.8500,105.5500,103.2900,105.0500,2693800,102.9347
2018-11-19,104.6800,105.0500,101.8800,102.8000,1649600,100.7300
2018-11-20,101.6400,103.3700,100.8400,102.1800,2044400,100.1225
2018-11-21,102.7600,103.4900,102.1900,102.8000,1379900,100.7300
2018-11-23,101.7900,104.7700,101.7200,103.2100,1701500,101.1317
2018-11-26,104.2100,105.5000,103.9000,104.9700,1171400,102.8563
2018-11-27,104.3200,105.0200,103.4200,104.7000,1530800,102.5917
2018-11-28,105.0600,107.7500,104.2900,107.5400,1614800,105.3746
2018-11-29,107.0000,108.4700,106.6800,107.4900,1127400,105.3256
2018-11-30,107.2600,109.1000,106.9200,109.1000,2223500,106.9031
2018-12-03,111.1500,111.6000,109.5900,110.3500,2174000,108.1280
2018-12-04,110.2400,111.5500,106.4100,106.7100,1738700,104.5613
2018-12-06,104.9400,106.9900,103.9700,106.8800,2981500,104.7279
2018-12-07,106.3000,107.0800,103.0000,103.6400,2011000,101.5531
2018-12-10,103.2000,104.3000,101.2700,103.8200,1815700,101.7295
2018-12-11,104.8200,105.7500,103.1300,104.1700,1239100,102.0724
2018-12-12,105.0300,106.6200,104.9200,105.4800,1489700,103.3560
2018-12-13,106.0000,106.2200,103.2500,103.8900,1918500,101.7981
2018-12-14,102.7200,103.6500,101.7000,101.9300,1614500,99.8775
2018-12-17,101.5700,103.4000,99.3900,100.2500,2263700,98.2313
2018-12-18,101.6100,101.6100,97.0800,98.3100,3584800,96.3304
2018-12-19,98.4000,99.9400,95.0500,96.2100,3392500,94.2727
2018-12-20,95.9900,96.5300,93.4700,94.5600,5164500,92.6559
2018-12-21,94.7100,94.9200,90.4700,90.8600,4818300,89.0305
2018-12-24,89.9600,91.7200,89.0100,89.6100,2415100,87.8056
2018-12-26,90.2500,95.2800,90.1300,94.8100,4231800,92.9009
2018-12-27,93.6200,95.2900,91.5100,95.1600,3389300,93.2439
2018-12-28,95.2000,96.6800,94.3700,94.8400,3059200,92.9303
2018-12-31,95.8600,97.0800,95.4100,96.4300,3309400,94.4883
2019-01-02,95.2600,97.7100,95.0100,97.5000,1367100,95.5367
2019-01-03,99.6500,100.1500,97.6400,97.6400,3774600,95.6739
2019-01-04,99.1200,103.0300,99.0400,102.5500,2995900,100.4850
2019-01-07,103.7900,106.8600,103.6800,105.9900,3158600,103.8558
2019-01-08,107.0600,107.0800,104.4800,106.7500,2291700,104.6005
2019-01-09,106.9500,108.1000,106.7700,107.5000,2171800,105.3354
2019-01-10,107.0000,109.0000,106.1200,108.9000,2108400,106.7072
2019-01-11,108.4400,109.1700,107.8300,109.0100,1631400,106.8150
2019-01-14,108.3300,108.5400,106.9700,107.1700,2924100,105.0120
2019-01-15,107.3900,109.2900,107.2000,109.2400,1624800,107.0403
2019-01-16,109.3500,110.6600,108.5400,108.6500,2208000,106.4622
2019-01-17,108.0000,110.5200,108.0000,109.7900,1267300,107.5792
2019-01-18,110.0500,110.6000,108.8500,110.4700,2524300,108.2456
2019-01-22,109.6600,109.8500,107.9800,108.7200,3550200,106.5308
2019-01-23,108.6800,109.7800,106.5500,107.8100,2062300,105.6391
2019-01-24,107.5100,108.2500,107.2400,107.7900,1512600,105.6195
2019-01-25,108.4000,109.5400,107.8900,109.4400,2023200,107.2363
2019-01-28,108.2400,108.4500,106.6800,107.2600,2615900,105.1002
2019-01-29,107.2600,107.8700,106.5600,107.4700,1214900,105.3060
2019-01-30,107.2500,108.3400,106.0200,108.2000,1755600,106.0213
2019-01-31,108.0600,109.8800,107.8900,109.6900,2154300,107.4813
2019-02-01,109.7500,110.5100,109.1300,110.2700,1588600,108.0496
2019-02-04,110.3300,110.5000,109.1500,110.2400,1632800,108.0202
2019-02-05,110.0000,111.2700,109.5300,110.0600,1876000,107.8438
2019-02-06,110.0300,110.5600,109.1500,109.8800,2201400,107.6674
2019-02-07,109.0600,109.2300,106.6300,107.1300,2893400,104.9728
2019-02-08,106.8100,107.9500,106.3500,107.8000,2529700,105.6293
2019-02-11,107.9500,108.4900,107.4800,108.3400,1852200,106.1585
2019-02-12,108.8700,109.5100,108.4600,109.4200,1360600,107.2167
2019-02-13,109.4800,110.5100,109.4400,109.7500,1280000,107.5401
2019-02-14,109.6200,110.5500,109.2200,110.2200,1251400,108.0006
2019-02-15,110.3500,112.0500,110.3500,112.0400,1683600,109.7840
2019-02-19,111.8100,112.5900,111.2900,111.4000,1193200,109.1568
2019-02-20,111.5900,111.9200,110.0700,111.1000,1347700,108.8629
2019-02-21,110.7400,111.0100,108.7600,109.1500,1280400,106.9521
2019-02-22,109.4400,110.8900,109.1000,110.7100,1340300,108.4807
2019-02-25,112.1100,113.3600,112.0800,112.9600,3085900,110.6854
2019-02-26,112.6500,113.3200,112.0600,112.5000,1576800,110.2347
2019-02-27,112.1600,114.3800,112.0900,114.1400,1172200,111.8416
2019-02-28,113.3600,113.5300,112.1600,112.7400,1656000,110.4699
2019-03-01,113.2200,115.2600,113.0800,115.1100,2363000,112.7921
2019-03-04,115.9500,116.2500,112.5200,114.0100,4013800,111.7143
2019-03-05,114.1100,114.7100,113.1900,113.4200,2686300,111.1361
2019-03-06,113.3500,113.4500,109.8100,109.8700,4948600,107.6577
2019-03-07,109.8900,110.0600,108.3200,109.1400,3179500,106.9423
2019-03-08,108.0000,108.8000,107.5300,108.6100,2828100,106.4230
2019-03-11,109.1300,111.0500,108.8900,110.9300,2063500,108.6963
2019-03-12,111.2700,112.4100,110.9400,111.8400,2139500,109.5880
2019-03-13,111.9800,113.4600,111.9800,113.3000,1433700,111.0186
2019-03-14,113.4300,113.9400,112.4900,112.9900,2436900,110.7148
2019-03-15,113.1600,114.3400,113.1400,114.2000,2552800,111.9005
2019-03-18,114.2400,115.0000,113.2400,113.9200,3012400,111.6261
2019-03-19,114.2800,114.4400,113.5900,113.8500,2245800,111.5575
2019-03-20,113.6000,114.2900,112.3500,113.1800,2845100,111.0249
2019-03-21,110.0000,111.9800,109.7700,111.9700,3856500,109.8379
2019-03-22,111.4400,111.7100,108.1100,108.1700,3560100,106.1102
2019-03-25,108.4200,108.8000,106.9800,108.3200,2534000,106.2574
2019-03-26,109.1300,110.4100,109.1300,110.3300,1852000,108.2291
2019-03-27,110.1000,110.4800,107.7700,108.8000,3342200,106.7282
2019-03-28,109.0000,109.9700,108.6900,109.4600,2379700,107.3757
2019-03-29,110.5000,112.0500,110.5000,111.8000,2439200,109.6711
2019-04-01,112.6800,113.0300,111.7300,111.9100,2180800,109.7790
2019-04-02,111.7800,113.2500,111.6500,112.8200,1658900,110.6717
2019-04-03,113.3700,113.7500,112.5900,113.4900,2670500,111.3290
2019-04-04,113.2800,113.9400,111.9800,113.0300,1767500,110.8777
2019-04-05,113.1700,115.0900,113.1700,114.9300,2544500,112.7415
2019-04-08,114.8800,114.8800,113.3100,114.4400,2737700,112.2609
2019-04-09,113.8300,114.0200,112.3100,112.6000,2035200,110.4559
2019-04-10,112.7900,114.0100,112.7400,113.8400,1290300,111.6723
2019-04-11,113.8900,114.0000,111.4900,111.9000,4255200,109.7692
2019-04-12,112.3900,112.7700,110.7200,111.0500,2850900,108.9354
2019-04-15,111.0300,111.5300,109.5200,110.4900,2408600,108.3861
2019-04-16,111.0400,111.3600,109.0900,109.3900,2448300,107.3070
2019-04-17,109.6900,109.8700,104.4600,105.1400,7447500,103.1379
2019-04-18,105.5300,106.1300,102.8200,104.5400,6185600,102.5494
2019-04-22,104.6000,105.4400,103.7600,104.5900,4224200,102.5984
2019-04-23,104.8000,107.3700,104.3500,106.8000,4124500,104.7663
2019-04-24,107.0400,107.1500,105.3200,105.6400,3576100,103.6284
2019-04-25,105.2600,107.0400,104.5700,106.7100,2452900,104.6781
2019-04-26,106.5300,107.4400,105.9400,107.4000,1547900,105.3549
2019-04-29,107.4600,107.9600,106.6400,107.3100,1741000,105.2666
2019-04-30,107.1500,107.6900,105.3000,106.4200,3892200,104.3936
2019-05-01,106.2500,106.9900,105.3600,105.5600,1519000,103.5499
2019-05-02,105.3800,106.5700,104.6900,105.9800,2539300,103.9620
2019-05-03,106.2100,108.0000,106.2100,107.9100,1783000,105.8552
2019-05-06,106.0300,109.0600,105.8000,108.8300,2306800,106.7577
2019-05-07,107.6100,108.4500,104.8000,105.6300,3152600,103.6186
2019-05-08,105.0500,106.4200,104.4700,105.5900,2725300,103.5794
2019-05-09,104.5100,105.8600,103.2400,105.3400,3257700,103.3342
2019-05-10,104.6400,105.3400,103.0000,105.0000,5118600,103.0006
2019-05-13,103.0000,103.3000,100.8600,101.3200,3798300,99.3907
2019-05-14,101.8300,103.1800,101.3300,102.4400,2591000,100.4893
2019-05-15,101.9100,103.6000,101.4700,103.3700,1723900,101.4016
2019-05-16,103.9300,105.3700,103.7500,104.4400,2315400,102.4513
2019-05-17,104.0000,104.9300,103.3600,103.7700,2947900,101.7940
2019-05-20,103.1700,103.2600,102.0400,102.3200,2510900,100.3716
2019-05-21,102.8900,104.5300,102.7500,104.3500,1575400,102.3630
2019-05-22,103.9100,105.1000,103.1800,104.6800,2414900,102.6867
2019-05-23,103.8100,104.1000,102.9300,103.7700,2583900,101.7940
2019-05-24,104.1100,105.1700,103.8300,104.2000,1342100,102.2158
2019-05-28,103.7600,104.8900,102.7300,102.9000,2439100,100.9406
2019-05-29,102.2100,102.4600,101.1400,101.7500,2533700,99.8125
2019-05-30,101.8800,102.5700,101.0300,101.7900,1511400,99.8517
2019-05-31,100.9200,101.1000,99.8400,99.9800,2053800,98.0762
2019-06-03,100.3400,102.1900,100.3000,101.0600,2039100,99.1356
2019-06-04,102.0000,103.3100,101.4700,103.0100,2523800,101.0485
2019-06-05,103.6500,103.6800,102.4000,103.1800,2136200,101.2153
2019-06-06,102.9400,103.7900,101.9700,102.1700,2021000,100.2245
2019-06-07,102.3700,103.9800,102.2200,103.8300,1269200,101.8529
2019-06-10,104.0300,104.5900,103.2100,103.2100,1216600,101.2447
2019-06-11,104.1200,104.1600,102.5100,102.7000,1327800,100.7444
2019-06-12,102.8400,103.4800,102.2900,103.3300,912900,101.3624
2019-06-13,103.5100,104.2800,103.1200,104.1000,1385300,102.1178
2019-06-14,103.8900,104.3400,102.9500,103.1300,1361900,101.1662
2019-06-17,103.8100,106.2700,103.7800,106.1000,2051500,104.1604
2019-06-18,107.0400,108.2200,106.6000,107.5600,2549500,105.5938
2019-06-19,107.3100,108.1900,107.1800,108.1700,1399000,106.1926
2019-06-20,108.9800,110.1800,108.0700,108.6200,1766100,106.6344
2019-06-21,108.5600,109.4500,107.3600,109.4500,1866300,107.4492
2019-06-24,109.1600,109.4100,106.9000,107.1200,3633000,105.1618
2019-06-25,107.7600,108.3900,106.6600,106.8900,2886100,104.9360
2019-06-26,107.1200,107.5000,105.4600,105.8200,2019300,103.8856
2019-06-27,106.2700,107.4300,106.0000,107.2800,1633400,105.3189
2019-06-28,107.7400,109.1600,107.4500,109.1000,4102700,107.1056
2019-07-01,110.1700,110.3300,109.1600,109.7300,1916800,107.7241
2019-07-02,109.9000,109.9500,108.8900,109.6500,1965400,107.6456
2019-07-03,109.9900,110.9300,109.6300,110.9300,852500,108.9022
2019-07-05,110.3600,110.8700,109.1000,109.2200,3780700,107.2234
2019-07-08,108.8200,108.9700,106.6700,107.7400,4555900,105.7705
2019-07-09,107.1400,108.8700,106.7700,108.8400,2548700,106.8504
2019-07-10,109.1600,109.5000,107.1900,108.5300,2374900,106.5460
2019-07-11,108.1700,108.4400,105.8100,106.9800,3505800,105.0244
2019-07-12,105.9700,106.2600,105.0300,105.5200,3450900,103.5911
2019-07-15,105.4800,106.4200,105.2800,106.0800,1438100,104.1408
2019-07-16,106.3400,106.4100,105.4200,105.4700,2059000,103.5420
2019-07-17,105.4400,106.2500,105.1200,105.5800,1112200,103.6500
2019-07-18,105.2900,106.7200,105.2900,106.4500,2428000,104.5041
2019-07-19,106.5100,106.7100,104.8200,104.8800,3076500,102.9628
2019-07-22,104.9200,105.8000,104.7500,105.1200,1536000,103.1984
2019-07-23,105.3600,105.7300,104.7100,105.3900,1981600,103.4634
2019-07-24,105.3800,105.7100,104.1200,105.6800,1896300,103.7481
2019-07-25,105.5100,105.5500,104.1900,104.2000,3440300,102.2952
2019-07-26,104.2800,105.3200,104.0100,105.3200,1719800,103.3947
2019-07-29,105.6000,105.9800,104.3700,105.4100,1641400,103.4831
2019-07-30,104.7800,106.4100,104.4600,106.3600,2261000,104.4157
2019-07-31,106.4600,107.3900,104.8500,105.6600,1819900,103.7285
2019-08-01,105.8700,108.1300,105.6500,106.3800,2960600,104.4353
2019-08-02,105.9200,106.2600,104.2800,105.0700,2026600,103.1493
2019-08-05,103.7500,104.0000,101.4300,102.2900,2928700,100.4201
2019-08-06,102.7900,103.9300,101.7300,103.7400,2231100,101.8436
2019-08-07,103.1000,104.4100,101.7200,104.0200,1884600,102.1185
2019-08-08,104.2200,106.0300,104.1600,105.8800,2907200,103.9445
2019-08-09,105.2500,106.1100,103.9500,105.4800,2352300,103.5518
2019-08-12,104.7300,105.8100,103.8800,104.1600,1799500,102.2559
2019-08-13,103.8300,106.4000,103.8300,105.3800,1501100,103.4536
2019-08-14,103.9500,104.5700,102.9400,103.0300,10952700,101.1466
2019-08-15,103.1300,103.6200,102.1600,102.6800,2287600,100.8030
2019-08-16,103.2300,105.1700,103.1700,104.9700,2866500,103.0511
2019-08-19,105.9300,106.5400,105.3200,106.1600,3254500,104.2194
2019-08-20,105.6600,106.3200,104.8300,105.0800,2817400,103.1591
2019-08-21,105.7900,106.2700,105.2300,106.0400,1185300,104.1015
2019-08-22,106.2000,106.3000,104.0800,105.0900,1471500,103.1689
2019-08-23,104.6900,105.6600,101.9600,102.4100,3694800,100.5379
2019-08-26,103.2000,103.4900,102.5600,103.1600,1427100,101.2742
2019-08-27,103.8400,104.3700,101.7300,102.2200,1946400,100.3514
2019-08-28,101.9300,103.7000,101.5600,102.8800,2338400,100.9993
2019-08-29,103.8700,104.3400,103.0200,103.6200,1490100,101.7258
2019-08-30,104.0400,104.0400,102.3000,102.9300,1349100,101.0484
2019-09-03,102.3000,103.0300,100.7200,101.1500,3332800,99.3009
2019-09-04,101.7800,101.9900,100.3600,101.2100,2092700,99.3598
2019-09-05,101.9400,102.8500,101.2900,102.3900,1947400,100.5183
2019-09-06,102.3800,103.1600,102.0700,102.2400,1701700,100.3710
2019-09-09,102.4200,102.4900,100.9500,101.8300,2149900,99.9685
2019-09-10,101.2500,103.0300,100.5800,102.9800,1778000,101.0975
2019-09-11,103.2800,104.8200,103.0000,104.7600,2421400,102.8450
2019-09-12,105.2000,105.2000,103.6700,104.1500,2400800,102.2461
2019-09-13,104.2200,105.2600,104.2000,104.2000,1435700,102.2952
2019-09-16,103.9200,105.4500,103.7200,105.1400,1664900,103.2180
2019-09-17,104.7700,105.4800,104.4100,105.1900,1286000,103.2671
2019-09-18,105.2700,105.2900,103.3500,104.4400,1591300,102.5308
2019-09-19,104.3500,105.4600,104.3200,104.6300,2598800,102.7173
2019-09-20,104.5800,105.9800,104.5200,105.5500,2630000,103.6205
2019-09-23,105.4800,105.8700,104.6000,104.6300,1609600,102.7173
2019-09-24,104.9800,104.9800,101.7800,102.4200,2825900,100.6160
2019-09-25,102.3600,102.8900,101.5800,102.1300,1834500,100.3311
2019-09-26,102.1500,102.2000,99.6000,100.0800,3019300,98.3172
2019-09-27,100.2600,101.2800,98.7200,99.3000,3503100,97.5510
2019-09-30,99.6100,100.3400,99.0000,99.5000,1781300,97.7474
2019-10-01,99.8000,100.6400,97.7300,98.0000,3441400,96.2738
2019-10-02,97.4300,97.8100,96.0300,97.2400,4262100,95.5272
2019-10-03,97.4600,98.8200,96.5000,98.7900,3077900,97.0499
2019-10-04,99.0100,99.9300,98.1000,99.5300,2642400,97.7769
2019-10-07,99.2900,100.3200,99.0400,99.4100,1931100,97.6590
2019-10-08,98.7000,98.9300,97.3100,97.6100,2957500,95.8907
2019-10-09,98.1800,98.6000,97.6400,97.7500,1487400,96.0283
2019-10-10,97.9000,99.1700,97.8300,99.0000,1357200,97.2562
2019-10-11,99.6600,101.1000,99.6600,100.2400,4992900,98.4744
2019-10-14,100.1400,101.5500,100.0000,100.6200,1206600,98.8477
2019-10-15,101.1700,102.7900,101.0500,102.4600,1542200,100.6553
2019-10-16,102.2500,102.9500,102.0200,102.3500,2232500,100.5472
2019-10-17,102.6600,103.4300,102.5200,103.0300,1442900,101.2153
2019-10-18,102.9100,103.4500,101.4900,102.2700,1788100,100.4687
2019-10-21,102.7000,104.1000,102.4300,103.5800,1389800,101.7556
2019-10-22,106.6000,107.6200,105.3000,105.3000,4385500,103.4453
2019-10-23,105.1900,106.4200,104.9500,105.6400,1642700,103.7793
2019-10-24,105.8400,105.8400,105.0600,105.7400,1440100,103.8775
2019-10-25,104.7200,105.8500,104.4100,105.5900,1659200,103.7301
2019-10-28,105.8100,107.2000,105.7100,107.0000,1098400,105.1154
2019-10-29,106.9600,108.1000,106.9100,107.4600,1771400,105.5672
2019-10-30,107.6500,107.7200,106.8000,107.5900,1630700,105.6949
2019-10-31,107.3100,107.5700,106.4800,107.3400,1978100,105.4493
2019-11-01,107.9200,109.8800,107.6000,109.8500,2133600,107.9151
2019-11-04,110.2900,110.6000,109.3500,109.5000,1879700,107.5713
2019-11-05,109.6300,110.0700,109.1800,109.5200,1357000,107.5910
2019-11-06,109.4500,109.5000,108.1500,108.3100,3852000,106.4023
2019-11-07,108.7600,109.1100,108.0600,108.3500,1261300,106.4416
2019-11-08,108.0100,110.4600,107.5800,110.3600,1611800,108.4162
2019-11-11,109.9400,110.2100,109.4400,110.0400,1866400,108.1018
2019-11-12,110.0200,111.3300,109.8200,110.3800,2516900,108.4358
2019-11-13,110.0000,111.1500,109.5300,110.5800,1689000,108.6323
2019-11-14,110.1900,110.6800,108.7900,109.8500,3426000,107.9151
2019-11-15,110.2900,111.6200,110.2600,111.5000,2175600,109.5361
2019-11-18,111.5400,111.8500,110.5800,111.2400,1957500,109.2807
2019-11-19,111.9300,113.7800,111.8200,113.4500,2788000,111.4517
2019-11-20,113.0000,114.6300,112.7500,113.9600,4992300,111.9527
2019-11-21,114.2600,114.4200,113.1500,114.3000,3851400,112.2868
2019-11-22,114.7500,115.5300,114.1600,115.4100,4064400,113.3772
2019-11-25,116.1900,118.7500,116.1600,118.2500,4700200,116.1672
2019-11-26,118.6900,118.8300,117.9600,118.4800,2827800,116.3931
2019-11-27,118.6400,119.5200,118.4100,119.3900,1750500,117.2871
2019-11-29,119.0200,120.0500,118.9800,119.6500,1345200,117.5425
2019-12-02,119.6400,119.9500,117.7700,118.4500,2708300,116.3637
2019-12-03,117.9000,119.3400,117.4300,119.1500,1997000,117.0513
2019-12-04,119.4900,120.5100,118.7500,120.4000,1698600,118.2793
2019-12-05,119.9200,120.0000,118.2500,118.8600,3594200,116.7664
2019-12-06,119.5200,120.3100,119.0200,120.0300,3085600,117.9158
2019-12-09,120.3600,121.1600,119.3000,119.4100,1899800,117.3067
2019-12-10,119.1400,120.4400,118.7100,120.1000,1664000,117.9846
2019-12-11,120.2000,120.9200,119.1900,119.4800,1795700,117.3755
2019-12-12,119.2300,121.1000,119.2300,120.2900,1847000,118.1713
2019-12-13,120.6700,122.0000,119.8900,120.6300,2851200,118.5053
2019-12-16,121.4300,121.9500,120.7700,121.6100,1964000,119.5255
2019-12-17,121.6200,121.6600,120.3800,120.9900,1462700,118.9161
2019-12-18,120.8200,121.3000,119.8300,120.5600,1735700,118.4935
2019-12-19,120.8000,121.1700,120.0600,121.1500,1722900,119.0734
2019-12-20,121.3500,122.1300,121.0400,122.0500,3751500,119.9579
2019-12-23,122.5500,123.0400,121.6900,122.9200,4348700,120.8130
2019-12-24,122.7200,123.7400,122.4800,123.5000,973200,121.3831
2019-12-26,123.5100,123.6800,122.4000,122.5800,2539500,120.4788
2019-12-27,123.1000,123.1000,121.1700,121.5600,3284500,119.4763
2019-12-30,121.3400,121.7900,119.6600,120.1800,4155100,118.1812
2019-12-31,119.9700,120.7500,119.4800,120.5100,3002900,118.5057
2020-01-02,121.3000,121.7500,118.9400,119.8900,2844400,117.8961
2020-01-03,118.2000,119.1400,117.7700,118.3600,5480900,116.3915
2020-01-06,117.6900,119.1800,116.9500,119.1200,2199100,117.1389
2020-01-07,119.1600,119.6400,117.9600,119.1500,1718400,117.1684
2020-01-08,119.0700,120.8800,118.8600,120.2200,3388200,118.2206
2020-01-09,120.8100,121.6300,120.5300,121.0400,1979400,119.0269
2020-01-10,121.2000,121.9100,120.3800,120.4500,2498500,118.4467
2020-01-13,120.5800,120.5800,118.0800,119.1600,3960100,117.1782
2020-01-14,119.0500,121.6200,118.3800,121.1100,3855900,119.0958
2020-01-15,121.1000,122.5800,121.0100,121.7300,4309800,119.7055
2020-01-16,122.5900,122.9600,121.5600,122.3500,1908000,120.3151
2020-01-17,122.7600,122.8400,121.4700,121.8900,1907100,119.8628
2020-01-21,121.7000,121.9300,120.5400,120.7200,2795100,118.7122
2020-01-22,121.0000,121.6800,120.3300,120.4600,1395400,118.4566
2020-01-23,120.1600,120.2500,118.4600,119.5000,3413300,117.5125
2020-01-24,119.8500,120.0000,116.2700,116.8800,4309700,114.9361
2020-01-27,115.0000,116.7700,114.5400,116.0900,2580300,114.1592
2020-01-28,117.0300,117.8400,116.5400,117.3200,2347300,115.3688
2020-01-29,117.7500,117.9800,117.1600,117.2400,1585400,115.2901
2020-01-30,116.4800,116.8300,114.7400,115.5400,4027100,113.6184
2020-01-31,115.2100,115.3400,112.6400,113.8100,3398500,111.9172
2020-02-03,114.8800,116.1900,114.7100,115.8200,2085500,113.8937
2020-02-04,117.3800,118.9400,117.2800,118.5500,3072900,116.5783
2020-02-05,119.6000,123.4800,119.5300,121.5600,7266900,119.5383
2020-02-06,122.8200,122.9500,121.3200,122.4700,3570500,120.4331
2020-02-07,122.0700,122.2100,120.9900,121.5300,2062900,119.5088
2020-02-10,121.2900,122.7500,121.0000,122.7300,1948200,120.6888
2020-02-11,123.0000,123.5800,122.4400,122.6700,2229200,120.6298
2020-02-12,123.1200,123.3600,122.0600,122.9400,2463800,120.8953
2020-02-13,122.7600,122.8600,121.8800,121.9500,2553900,119.9218
2020-02-14,122.1700,122.6400,121.3000,122.4700,1374300,120.4331
2020-02-18,122.3000,122.6500,121.5200,122.5200,1951400,120.4823
2020-02-19,122.9600,123.9200,122.8200,123.4800,1405500,121.4263
2020-02-20,123.6500,123.6500,121.2900,123.3100,2381300,121.2592
2020-02-21,123.2700,123.5800,122.1300,123.0800,2149200,121.0330
2020-02-24,120.7500,120.9200,118.5100,119.8400,4531700,117.8469
2020-02-25,120.6300,121.1300,116.4800,116.8000,4565200,114.8575
2020-02-26,118.0000,119.5700,117.1800,118.3600,5381800,116.3915
2020-02-27,117.7000,118.2700,113.4300,113.4300,6086300,111.5435
2020-02-28,110.0000,114.2200,109.7000,113.8800,8506700,111.9860
2020-03-02,114.9000,119.4200,114.0200,119.4200,6159600,117.4339
2020-03-03,118.6000,120.7300,114.6800,116.2300,7118900,114.2969
2020-03-04,118.6400,121.6800,117.6100,121.6800,4937600,119.6563
2020-03-05,118.9800,121.8600,118.4900,119.5600,3456900,117.5715
2020-03-06,116.4300,118.6300,115.9300,118.0300,3915500,116.0670
2020-03-09,110.8500,114.1400,109.6000,110.0000,4898000,108.1705
2020-03-10,113.1500,113.1700,106.8000,112.3100,4877800,110.4421
2020-03-11,109.8700,111.7900,105.7200,106.9700,6625100,105.1909
2020-03-12,101.2200,103.1300,97.5000,97.5000,7480200,95.8784
2020-03-13,102.0000,104.3500,95.2800,103.6800,8756000,101.9557
2020-03-16,95.1200,101.1900,92.1500,94.3900,4581500,92.8202
2020-03-17,96.8600,103.0800,94.6900,101.3000,4414300,99.6152
2020-03-18,95.8500,101.7000,94.0300,98.3300,6421900,96.6946
2020-03-19,97.7600,103.0000,97.1300,101.0600,4073000,99.3792
2020-03-20,102.6400,104.9900,97.8800,98.0400,5778000,96.4095
2020-03-23,98.3700,99.8000,94.1700,97.5000,3351500,95.8784
2020-03-24,101.3200,102.9200,99.9600,102.6200,3932900,100.9133
2020-03-25,102.7300,105.2300,101.3800,102.0000,2555200,100.3574
2020-03-26,102.6000,107.6600,102.4000,106.7900,3225600,105.0703
2020-03-27,104.2400,107.5000,104.1200,104.7100,1783700,103.0237
2020-03-30,105.8500,109.2300,105.8000,108.8400,2800800,107.0872
2020-03-31,107.8600,109.1000,106.4500,107.7400,2075700,106.0049
2020-04-01,104.9300,106.7200,103.0000,103.7900,3146000,102.1185
2020-04-02,102.9200,107.8100,102.7400,107.7000,2055700,105.9656
2020-04-03,107.5500,108.6100,105.4300,106.2500,1616700,104.5389
2020-04-06,110.0100,111.9700,109.0100,111.7100,4806100,109.9110
2020-04-07,113.9100,114.1000,109.3100,109.5400,4070300,107.7759
2020-04-08,111.0000,113.2200,109.3600,112.9400,2276200,111.1212
2020-04-09,113.6500,114.3000,112.3900,113.9700,2762900,112.1346
2020-04-13,114.1500,114.8500,112.6200,114.4900,1764600,112.6462
2020-04-14,116.4700,118.8400,116.2200,118.6500,6610500,116.7393
2020-04-15,116.6400,117.1600,115.1400,115.6900,1809300,113.8269
2020-04-16,117.0000,119.3400,116.5400,119.0800,2737200,117.1623
2020-04-17,123.3800,124.7700,121.6900,124.6400,6166000,122.6328
2020-04-20,123.7500,128.4600,123.5200,126.2500,3997600,124.2168
2020-04-21,124.6700,125.7100,121.7400,122.4200,3534900,120.4485
2020-04-22,124.0000,124.2400,121.7700,123.5800,1971600,121.5899
2020-04-23,124.3800,126.7400,122.8500,123.2000,3038500,121.2160
2020-04-24,124.1700,126.2700,123.0100,126.1800,2627000,124.1480
2020-04-27,128.0000,128.5100,126.4000,127.5300,2245100,125.4762
2020-04-28,128.9500,128.9500,124.1800,124.8100,2997200,122.8000
2020-04-29,127.2600,127.4700,124.8100,125.8000,3420100,123.7741
2020-04-30,125.5000,125.8500,123.6000,124.0000,1885800,122.0031
2020-05-01,121.9900,122.7300,119.6500,120.9000,2447200,118.9530
2020-05-04,121.0100,124.6300,120.9000,124.5500,2635300,122.5442
2020-05-05,126.0700,127.9300,125.6000,126.9800,2711600,124.9351
2020-05-06,127.3900,128.5200,126.3100,127.0000,2801800,124.9548
2020-05-07,128.6800,128.6800,126.5600,127.1700,2633700,125.1220
2020-05-08,128.5000,129.1200,127.5800,128.4100,2166100,126.3420
2020-05-11,128.3000,134.0900,128.1000,133.9000,5590600,131.7437
2020-05-12,134.9100,136.1300,131.0500,131.0500,7037200,128.9395
2020-05-13,131.9100,133.6600,127.3000,129.6000,5363900,127.5129
2020-05-14,128.2600,129.8600,127.1200,129.0200,3568000,126.9422
2020-05-15,128.5200,132.3400,127.7500,132.2500,3740100,130.1202
2020-05-18,135.8700,136.2000,133.4700,133.7800,3870700,131.6256
2020-05-19,133.7800,134.1800,131.0000,131.2100,2817100,129.0970
2020-05-20,132.4200,134.1300,131.4000,133.9100,2585600,131.7535
2020-05-21,133.3300,133.8500,131.1100,132.4700,2890600,130.3367
2020-05-22,132.1300,133.4800,131.5000,133.3400,2322100,131.1927
2020-05-26,135.5400,135.5400,130.7000,130.8100,4892100,128.7034
2020-05-27,130.4500,132.0300,126.6300,132.0000,6186700,129.8742
2020-05-28,132.1400,134.3100,131.8400,132.3300,3999000,130.1989
2020-05-29,132.4600,134.9200,130.3600,134.7400,4893700,132.5701
2020-06-01,134.2500,134.8000,133.2300,134.1100,3155600,131.9503
2020-06-02,133.9700,134.4600,131.5300,134.4300,2791200,132.2651
2020-06-03,134.4300,134.7000,132.1800,132.6500,3318200,130.5138
2020-06-04,131.9400,133.7300,130.6200,131.4400,4044600,129.3233
2020-06-05,132.1800,133.0300,130.0900,131.3500,5814000,129.2347
2020-06-08,131.6300,133.3800,130.4400,133.1000,3325300,130.9565
2020-06-09,132.6100,134.3000,132.4500,132.9100,4825700,130.7696
2020-06-10,133.8900,134.4800,132.7200,133.3400,4905500,131.1927
2020-06-11,131.8000,132.3100,127.1900,127.4100,6498100,125.3582
2020-06-12,129.6900,130.3400,125.1800,128.0800,5871300,126.0174
2020-06-15,126.7300,130.8500,126.1700,130.5000,3564900,128.5259
2020-06-16,132.3800,133.0900,129.8000,132.3300,3433800,130.3282
2020-06-17,133.0100,134.1800,132.5100,132.8200,2525200,130.8108
2020-06-18,131.6900,134.0700,131.6400,133.4900,2794900,131.4706
2020-06-19,134.6100,138.0500,133.8500,137.8500,4642000,135.7647
2020-06-22,137.7100,138.5900,135.6100,138.1300,4959500,136.0405
2020-06-23,139.1000,140.5700,138.3300,138.6500,3330000,136.5526
2020-06-24,138.2400,140.0200,135.0900,136.4000,5051800,134.3366
2020-06-25,136.1700,138.1100,135.0300,137.9200,2493100,135.8336
2020-06-26,137.6100,138.1500,134.1700,135.1600,5036700,133.1154
2020-06-29,135.8500,136.1300,133.5700,134.6800,2122200,132.6426
2020-06-30,134.8100,137.1800,134.1500,136.6900,3148200,134.6222
2020-07-01,137.2100,137.8500,135.3000,137.3700,3454700,135.2920
2020-07-02,138.8100,139.8200,137.6800,138.5400,2786400,136.4442
2020-07-06,140.3600,140.9300,139.0400,139.4400,3107800,137.3306
2020-07-07,139.0500,142.3300,138.5700,140.0600,2752900,137.9412
2020-07-08,141.2800,141.3700,139.1800,140.8100,2240200,138.6799
2020-07-09,141.1000,141.8100,138.3400,140.5700,2807000,138.4435
2020-07-10,140.8700,140.8700,138.6200,139.2100,2913500,137.1041
2020-07-13,140.1500,142.6800,136.8700,137.3500,4882700,135.2722
2020-07-14,136.6200,140.4000,135.2200,140.2600,5507900,138.1382
2020-07-15,142.3900,143.1300,140.8300,142.6200,4253800,140.4625
2020-07-16,142.0900,142.1600,139.7100,141.4500,3067300,139.3102
2020-07-17,141.9600,144.5400,141.5200,143.9600,2705500,141.7823
2020-07-20,144.5100,146.5300,143.5900,145.8000,4717800,143.5944
2020-07-21,146.2200,146.2900,142.0400,142.4600,2808600,140.3049
2020-07-22,142.7800,143.2300,141.1200,142.1000,1882100,139.9504
2020-07-23,142.2400,143.0400,138.9000,139.4700,3003700,137.3602
2020-07-24,138.0100,138.3000,135.2100,136.4100,3652600,134.3464
2020-07-27,137.6600,140.2100,137.0800,140.0500,2642000,137.9314
2020-07-28,140.0000,140.7500,137.9400,138.1600,1683100,136.0700
2020-07-29,138.7500,138.7500,136.3900,136.6200,2138600,134.5533
2020-07-30,135.4400,137.8100,135.1200,137.0200,1770600,134.9472
2020-07-31,136.8600,137.0600,132.7100,134.3700,4527500,132.3374
2020-08-03,135.3100,138.8100,135.1700,138.5700,2615800,136.4738
2020-08-04,138.7400,138.7400,136.3900,137.6800,2362600,135.5972
2020-08-05,138.4000,138.8300,136.6800,137.2800,2504300,135.2033
2020-08-06,137.2100,138.0200,135.7400,136.7600,3862900,134.6912
2020-08-07,136.2700,137.0400,134.9600,136.2300,2705400,134.1692
2020-08-10,136.2100,136.4900,134.0100,134.8700,1699700,132.8297
2020-08-11,134.5900,134.8500,131.6800,131.8800,4092900,129.8850
2020-08-12,132.5600,134.1200,132.4200,133.8100,3022600,131.7858
2020-08-13,133.8400,134.6500,133.3400,134.0000,3876500,131.9729
2020-08-14,134.2700,134.2800,132.8000,133.3600,3318900,131.3426
2020-08-17,133.8200,136.2500,133.5300,135.9900,1842300,133.9328
2020-08-18,136.2800,136.5100,133.9900,135.2200,2067500,133.1745
2020-08-19,134.6800,135.2000,133.3600,133.7800,2571300,131.7563
2020-08-20,133.2900,133.5800,132.3600,133.3800,3071100,131.3623
2020-08-21,132.8400,133.2100,131.6200,132.6000,2040200,130.5941
2020-08-24,133.2000,133.3800,130.1900,131.0500,3466600,129.0676
2020-08-25,131.2100,133.3900,130.5500,133.0500,3267900,131.0373
2020-08-26,132.8400,133.3900,132.1900,132.8200,2353300,130.8108
2020-08-27,132.8700,133.5500,131.6900,132.6700,2450300,130.6630
2020-08-28,132.8500,133.1000,131.9500,133.0500,2428900,131.0373
2020-08-31,133.2100,136.0400,133.1000,135.6000,2927000,133.5487
2020-09-01,135.0700,135.6200,132.6500,133.0200,3360300,131.0077
2020-09-02,133.2600,135.2000,132.6300,134.9700,2839300,132.9282
2020-09-03,134.7700,134.9400,129.5000,129.9100,4831600,127.9448
2020-09-04,130.3200,130.6500,126.0000,129.2800,4930400,127.3243
2020-09-08,127.6400,129.1800,126.2200,126.8800,3747800,124.9606
2020-09-09,128.0300,130.0000,127.9900,129.3600,2043700,127.4031
2020-09-10,129.4300,130.7800,126.7900,127.1700,3225100,125.2462
2020-09-11,127.8500,129.3000,126.5700,127.7900,2569500,125.8568
2020-09-14,130.8600,135.0600,130.6500,134.7100,4988900,132.6722
2020-09-15,135.8600,137.0000,135.4000,136.0700,3205500,134.0116
2020-09-16,137.0000,138.0500,135.8800,136.1600,2507200,134.1002
2020-09-17,134.1500,136.3300,133.9100,135.6300,2657100,133.5782
2020-09-18,136.0000,136.5100,133.2600,136.3200,2643900,134.2578
2020-09-21,134.0500,134.3900,131.4700,132.8300,3273500,130.8206
2020-09-22,132.9600,134.0300,130.8600,133.8400,3491900,131.8153
2020-09-23,134.2700,134.8500,131.8900,132.0800,2615500,130.1432
2020-09-24,131.0100,131.4500,129.2500,130.6900,3637900,128.7736
2020-09-25,130.5300,133.7800,130.3000,133.4700,3167900,131.5128
2020-09-28,134.7100,134.9500,133.2700,134.4800,1816100,132.5080
2020-09-29,134.7000,135.4900,133.7900,134.6100,1858700,132.6361
2020-09-30,135.3400,136.7300,134.5000,135.4100,3192100,133.4244
2020-10-01,136.1000,136.9400,135.3900,136.6700,2298900,134.6659
2020-10-02,134.7500,136.6600,133.1700,133.8700,2711100,131.9070
2020-10-05,136.1300,139.7600,136.1100,139.5700,3115000,137.5234
2020-10-06,139.9300,140.3700,137.7100,137.8800,2865000,135.8582
2020-10-07,138.8000,141.4900,138.7200,140.9900,1775700,138.9225
2020-10-08,141.7500,141.9100,140.6000,141.3800,1522400,139.3069
2020-10-09,142.0800,142.6300,141.2500,142.5300,2394200,140.4400
2020-10-12,143.7500,144.2000,142.0100,143.6500,2006400,141.5435
2020-10-13,143.4800,144.7500,143.0100,144.3400,1863600,142.2234
2020-10-14,144.6200,144.8200,142.2300,142.4500,2090000,140.3611
2020-10-15,139.9500,140.1800,138.1700,139.2100,2351200,137.1686
2020-10-16,139.5000,141.7600,139.3600,139.7100,3973100,137.6613
2020-10-19,140.5000,140.7400,136.7600,137.4300,3152900,135.4147
2020-10-20,137.8100,138.1300,136.2100,136.5300,2505600,134.5280
2020-10-21,136.5700,136.8600,134.1900,134.1900,3162300,132.2223
2020-10-22,134.2200,136.5500,134.2200,136.1500,3150200,134.1535
2020-10-23,137.4400,137.4400,135.4200,136.4900,1580700,134.4885
2020-10-26,135.1300,136.5000,133.6400,135.1100,2267700,133.1288
2020-10-27,135.5100,136.3300,134.7400,135.8700,1959000,133.8776
2020-10-28,133.7500,134.2700,132.0500,132.3600,2653200,130.4191
2020-10-29,132.5500,134.1400,130.9700,133.0600,2237800,131.1089
2020-10-30,131.7400,132.5700,128.9100,130.6200,3326700,128.7046
2020-11-02,131.4400,131.6600,128.2300,130.3800,4223200,128.4681
2020-11-03,131.3900,133.3300,131.1200,132.6900,4654900,130.7442
2020-11-04,135.5600,143.3600,135.1300,140.7000,10946700,138.6368
2020-11-05,142.0800,142.0800,139.5100,140.6300,3220000,138.5678
2020-11-06,139.9600,139.9600,136.7200,137.7400,6017500,135.7202
2020-11-09,142.0100,142.0100,136.7600,137.6300,5203300,135.6118
2020-11-10,137.7600,138.8300,136.0200,137.7400,2631700,135.7202
2020-11-11,139.1600,139.9500,137.9600,139.5100,2493800,137.4642
2020-11-12,139.4700,140.7600,138.4800,139.5300,2406000,137.4839
2020-11-13,139.8700,141.5900,139.7900,141.0600,1937200,138.9915
2020-11-16,142.3600,142.3600,140.5800,141.0800,3306600,139.0113
2020-11-17,140.6400,140.7800,138.9900,140.7600,3116700,138.6960
2020-11-18,140.9000,141.0000,137.7200,137.9200,4035100,135.8976
2020-11-19,138.0000,138.8700,137.3900,138.0900,2776300,136.0651
2020-11-20,138.0100,139.1900,137.2800,138.8700,2958100,136.8336
2020-11-23,139.8500,140.0500,138.3200,139.0800,2156800,137.0406
2020-11-24,139.3000,139.6000,138.0700,138.2500,3006600,136.2227
2020-11-25,138.6000,139.4000,138.3400,138.9500,1079100,136.9125
2020-11-27,139.9900,143.3700,139.6300,143.2200,2271600,141.1199
2020-11-30,144.3700,145.6800,142.6700,144.9800,3013800,142.8540
2020-12-01,147.3000,148.0100,144.8600,145.3200,4457700,143.1891
2020-12-02,144.9600,145.8200,143.5700,144.9900,2932900,142.8639
2020-12-03,145.0500,146.4400,144.6300,146.4400,1728000,144.2926
2020-12-04,146.6200,147.9500,146.0000,147.8000,2695800,145.6327
2020-12-07,148.3100,149.3100,147.2300,147.8100,3192000,145.6425
2020-12-08,148.2300,150.4300,147.8900,150.4300,3146700,148.2242
2020-12-09,151.0000,151.2500,146.2500,147.6000,2672100,145.4356
2020-12-10,147.1800,149.9800,146.5600,149.8200,1989100,147.6231
2020-12-11,149.4100,150.9800,148.6700,150.1900,1533100,147.9876
2020-12-14,153.0000,156.4000,152.9400,153.6300,3102600,151.4427
2020-12-15,154.9700,155.1600,152.1300,153.9200,2428800,151.7286
2020-12-16,153.8200,154.0400,152.1700,152.9000,2599100,150.7231
2020-12-17,153.7700,155.0900,153.0100,155.0900,2711800,152.8820
2020-12-18,155.7600,156.0000,154.5700,155.7500,5067000,153.5325
2020-12-21,154.0800,156.5000,153.1200,156.3000,1856900,154.0748
2020-12-22,156.7400,157.3300,155.6900,156.6000,3421500,154.3705
2020-12-23,157.0400,157.6900,154.8300,157.3100,1454500,155.0703
2020-12-24,157.2800,157.9200,155.6200,156.1200,844200,153.8974
2020-12-28,157.1400,157.3900,153.4300,153.6700,1557700,151.4822
2020-12-29,153.9200,154.6000,151.0900,151.9100,3564600,149.7473
2020-12-30,152.5500,153.9500,151.9300,152.4800,2107100,150.3092
2020-12-31,152.4500,152.7000,150.0100,151.4900,2499800,149.3332
2021-01-04,152.5300,152.5400,148.5000,150.4900,4303400,148.3474
2021-01-05,150.3500,151.0500,149.5500,150.8000,3352100,148.6530
2021-01-06,149.1800,153.9300,149.1500,152.6300,3667600,150.4570
2021-01-07,153.8300,157.4200,153.5800,157.2700,2737900,155.0309
2021-01-08,156.7600,159.6100,155.7600,158.2300,4413500,155.9772
2021-01-11,157.4600,159.2100,156.0100,157.9700,3752800,155.7209
2021-01-12,158.6200,159.6200,156.8600,158.3600,3240900,156.1054
2021-01-13,158.7000,159.6200,157.7400,158.0300,1790900,155.7801
2021-01-14,158.4900,162.2200,158.4200,161.8700,1753500,159.5655
2021-01-15,161.9100,163.6000,159.9700,161.7100,2222700,159.4077
2021-01-19,163.1500,164.9600,162.9500,164.8300,4840800,162.4833
2021-01-20,165.4200,166.3600,164.5200,165.0000,1868700,162.6509
2021-01-21,165.6200,165.7500,162.5300,163.5300,2790500,161.2019
2021-01-22,162.6300,165.2600,162.5900,164.6900,1371200,162.3453
2021-01-25,165.8600,167.8400,164.2100,167.7500,2456100,165.3618
2021-01-26,168.1000,168.5100,164.5400,164.8300,3364100,162.4833
2021-01-27,162.7500,164.5400,159.3100,159.8500,4177900,157.5742
2021-01-28,160.5800,164.3400,160.2500,160.4100,2921900,158.1262
2021-01-29,162.3500,164.1700,158.7600,160.6400,2901100,158.3530
2021-02-01,163.2800,163.7700,160.7800,162.6900,2473900,160.3737
2021-02-02,164.2700,164.7000,161.9500,164.5000,3561300,162.1580
2021-02-03,164.6800,166.3000,163.0900,163.8800,1943300,161.5468
2021-02-04,164.7900,166.4100,163.6800,166.1200,1746000,163.7549
2021-02-05,167.1300,169.5300,166.2600,169.0500,1869800,166.6432
2021-02-08,170.0600,172.6000,169.3200,172.6000,1830200,170.1427
2021-02-09,172.8900,172.9100,171.1100,171.6600,2613400,169.2161
2021-02-10,173.0100,174.0400,168.6100,170.2600,3334500,167.8360
2021-02-11,171.0800,171.5900,168.4000,169.7300,2313500,167.3135
2021-02-12,169.3600,171.3700,168.3300,170.7200,1839000,168.2895
2021-02-16,171.7800,171.9900,166.5000,167.0100,2445700,164.6323
2021-02-17,166.4000,167.7300,164.5800,167.5300,2550200,165.1449
2021-02-18,166.3400,166.3400,163.3900,164.7000,1725300,162.3551
2021-02-19,165.6500,167.8500,165.2200,166.3100,2216700,163.9422
2021-02-22,165.0100,165.2800,162.1100,162.1400,2256600,159.8316
2021-02-23,160.3100,161.3000,155.1800,159.8700,5894400,157.5939
2021-02-24,159.9500,162.7700,159.1500,161.4200,2357600,159.1219
2021-02-25,161.2200,162.5900,156.0800,157.1500,4837900,154.9126
2021-02-26,158.3300,159.1700,154.1300,156.9300,4556600,154.6957
2021-03-01,158.8600,160.0200,158.3700,159.6500,2699800,157.3770
2021-03-02,159.2000,159.2000,156.3700,156.3700,2396800,154.1438
2021-03-03,155.5000,156.2500,150.7600,150.7700,5018200,148.6234
2021-03-04,150.5600,151.7500,145.2400,147.1400,9033400,145.0452
2021-03-05,148.4700,150.1500,142.4700,150.1500,7698200,148.0123
2021-03-08,150.0000,152.4000,147.1000,147.2300,4065400,145.1339
2021-03-09,149.7600,153.1100,149.5600,151.5600,3577900,149.4022
2021-03-10,153.4200,154.6000,151.2700,151.6100,3793900,149.4515
2021-03-11,153.9500,156.3300,153.2900,155.8800,3764400,153.6607
2021-03-12,154.0500,155.0400,152.4400,154.7500,2618900,152.5468
2021-03-15,155.5000,157.2400,154.3300,157.0600,2079200,154.8239
2021-03-16,158.0000,159.2200,155.0800,157.0900,2874900,154.8535
2021-03-17,155.5700,159.3000,154.4500,158.1900,3377200,155.9379
2021-03-18,156.0800,157.2400,152.9400,153.2800,2859200,151.0977
2021-03-19,153.7100,156.2500,152.8800,155.8900,5255300,153.6706
2021-03-22,156.0100,158.7300,155.7400,157.8200,3357600,155.5731
2021-03-23,157.1600,157.6400,151.1700,151.6200,4527600,149.4614
2021-03-24,152.3400,152.4800,147.2700,147.3100,5016800,145.2127
2021-03-25,146.6700,149.1800,145.1800,148.6800,6168200,146.6937
2021-03-26,149.1300,149.6700,146.3800,149.1400,3775500,147.1476
2021-03-29,148.8000,149.0500,146.4700,147.2500,3402200,145.2828
2021-03-30,146.5000,148.3500,144.8200,146.6800,3668900,144.7204
2021-03-31,147.9000,151.0800,147.5000,150.5600,3762200,148.5486
2021-04-01,152.0000,153.4200,150.9600,151.5200,2310100,149.4958
2021-04-05,152.3900,152.6900,151.1700,152.1700,2414700,150.1371
2021-04-06,152.6600,153.8400,151.1100,151.5700,2805800,149.5451
2021-04-07,151.1700,151.4100,148.3600,148.8500,4340100,146.8614
2021-04-08,150.0600,151.0400,148.7200,149.3900,3958100,147.3942
2021-04-09,148.9800,149.3000,147.8500,148.7300,4062800,146.7430
2021-04-12,148.6400,148.7700,145.6700,146.5000,5119600,144.5428
2021-04-13,147.6100,149.3500,146.8700,149.2100,2783500,147.2166
2021-04-14,150.1400,153.1500,149.6900,151.3400,3832700,149.3181
2021-04-15,152.4900,154.5100,152.1600,153.1900,3612500,151.1434
2021-04-16,154.0700,154.2800,152.3900,153.2600,2563600,151.2125
2021-04-19,152.5200,153.6700,150.6800,151.5800,2030200,149.5549
2021-04-20,151.3300,152.8400,149.5500,151.5800,2867000,149.5549
2021-04-21,151.6900,154.7700,151.0300,154.5700,3577500,152.5050
2021-04-22,154.4000,157.1700,152.8300,154.6600,5064200,152.5938
2021-04-23,155.0000,155.8600,154.2800,155.3100,1618400,153.2351
2021-04-26,155.9200,158.6100,154.7500,158.2900,4271000,156.1753
2021-04-27,158.8600,159.3700,157.1100,157.8800,3417300,155.7708
2021-04-28,156.9700,157.4800,155.2000,156.7700,3711800,154.6756
2021-04-29,157.2400,157.4000,153.4800,154.9100,2751300,152.8405
2021-04-30,153.7500,156.7100,153.7500,154.6400,2660500,152.5741
2021-05-03,156.0100,156.4600,154.4400,154.6600,2455000,152.5938
2021-05-04,153.8700,153.8700,149.4500,150.2700,4030400,148.2624
2021-05-05,151.0000,151.6600,147.9800,148.9300,3372400,146.9403
2021-05-06,147.4400,148.4700,145.1000,148.4000,6713500,146.4174
2021-05-07,149.6400,151.7500,149.0200,149.7100,3464700,147.7099
2021-05-10,149.8500,149.8600,146.5500,147.0300,3408900,145.0658
2021-05-11,143.7800,148.8100,143.0500,147.8400,6554700,145.8649
2021-05-12,145.9100,148.4000,145.8100,146.3600,4667600,144.4047
2021-05-13,147.2100,148.0400,144.3900,146.1300,3904100,144.1777
2021-05-14,147.5100,150.2200,146.7700,149.6800,2904400,147.6803
2021-05-17,148.9900,150.6300,148.1800,150.0000,2584500,147.9960
2021-05-18,150.3100,152.8600,149.8900,150.5400,2987600,148.5288
2021-05-19,148.2900,149.4600,147.6500,149.1500,4575700,147.1574
2021-05-20,149.5300,153.4000,149.3400,152.1800,4657200,150.1469
2021-05-21,153.2900,153.6700,151.2600,151.3800,1966100,149.3576
2021-05-24,152.0900,152.5900,150.4500,150.4600,2235800,148.4499
2021-05-25,150.8900,151.3000,149.2900,149.6900,3211100,147.6902
2021-05-26,150.0800,150.6000,149.1900,150.5900,2704200,148.5781
2021-05-27,150.7700,151.1900,149.7000,150.7700,3715300,148.7558
2021-05-28,151.6900,153.9500,151.5400,151.9500,3201400,149.9200
2021-06-01,153.0100,153.0100,149.7700,150.9000,3262100,148.8840
2021-06-02,151.1000,152.1200,150.2000,151.0800,3364800,149.0616
2021-06-03,150.5500,151.4900,149.1500,150.8800,3041600,148.8643
2021-06-04,152.0300,153.8400,151.7100,153.0200,3746600,150.9757
2021-06-07,153.2700,161.8300,153.0000,158.2800,15198800,156.1654
2021-06-08,159.2300,159.8500,155.5900,158.0800,3986400,155.9681
2021-06-09,158.9100,161.4600,158.9100,160.5100,3466900,158.3656
2021-06-10,160.5500,163.6300,159.5900,163.2000,2778500,161.0428
2021-06-11,162.7000,162.8100,160.8800,162.1100,2534400,159.9672
2021-06-14,161.9900,162.7300,161.0800,161.8400,2314000,159.7007
2021-06-15,161.7100,161.7400,158.8900,159.4400,5075100,157.3325
2021-06-16,159.3500,160.5000,156.1500,158.2900,2406500,156.1977
2021-06-17,157.7900,159.8300,157.3800,159.0600,2273000,156.9575
2021-06-18,157.7900,158.8300,156.7700,158.7700,2918100,156.6713
2021-06-21,159.0300,160.9200,158.0800,160.2000,3403200,158.0824
2021-06-22,160.3400,161.2200,159.3900,160.9100,2334900,158.7831
2021-06-23,160.8200,161.8400,159.4000,160.5000,2174600,158.3784
2021-06-24,161.0000,162.8500,160.8700,161.7700,3199900,159.6317
2021-06-25,162.0500,163.1300,161.8200,163.1300,3590300,160.9737
2021-06-28,164.5200,165.0000,163.0400,163.3700,1804700,161.2105
2021-06-29,163.3400,164.3700,162.4200,163.6000,1461600,161.4375
2021-06-30,163.5100,164.8200,162.4800,163.6500,2428500,161.4868
2021-07-01,163.7000,165.1800,162.9100,165.1100,2886000,162.9275
2021-07-02,165.7900,165.7900,163.4300,164.7400,2354600,162.5625
2021-07-06,163.9900,164.0100,161.8400,162.8600,2256800,160.7073
2021-07-07,163.2700,163.2700,160.0600,161.4300,2093500,159.2962
2021-07-08,158.6800,162.2200,158.6000,161.7500,2088100,159.6120
2021-07-09,161.9900,163.5900,160.9400,163.1500,3490200,160.9934
2021-07-12,163.5400,163.9900,162.1400,162.5400,1715900,160.3915
2021-07-13,162.0000,162.3500,160.6900,160.9400,782700,158.8127
2021-07-14,161.2900,161.2900,158.5300,158.8900,2178400,156.7897
2021-07-15,158.5800,159.5000,157.1100,159.2500,5134000,157.1450
2021-07-16,160.2000,161.8100,159.5600,160.6800,4890900,158.5561
2021-07-19,159.3100,162.6700,158.5000,161.7800,4554500,159.6415
2021-07-20,162.1200,165.1200,161.9200,164.0800,6134800,161.9112
2021-07-21,163.6700,164.8900,161.4000,164.8400,2269300,162.6611
2021-07-22,165.0000,165.9800,164.2900,165.2700,1254200,163.0854
2021-07-23,165.9900,166.7500,164.3000,166.7200,3120200,164.5163
2021-07-26,166.3600,166.8500,163.1300,163.5700,1961400,161.4079
2021-07-27,163.3200,163.5200,159.8400,162.2500,3123400,160.1053
2021-07-28,163.3400,167.4600,162.7700,166.8100,2673800,164.6050
2021-07-29,167.6100,167.8200,165.4200,165.8000,1858600,163.6084
2021-07-30,165.7800,166.8400,165.0800,165.7800,2202600,163.5887
2021-08-02,167.2000,167.4400,165.5100,165.8500,2237800,163.6577
2021-08-03,166.1900,169.4000,165.3300,169.4000,1651200,167.1608
2021-08-04,168.9300,173.6400,168.6000,172.1500,4682300,169.8745
2021-08-05,172.0000,174.8700,170.6900,174.8500,3481200,172.5388
2021-08-06,173.2400,173.5100,170.2400,172.1200,1974200,169.8449
2021-08-09,172.1200,176.8100,172.0800,176.2100,5510900,173.8808
2021-08-10,176.5000,177.3700,172.3400,173.0200,4075800,170.7330
2021-08-11,173.1100,173.1400,166.3600,167.8500,4647500,165.6313
2021-08-12,168.7200,169.8400,167.1300,169.2400,2459800,167.0030
2021-08-13,170.4200,170.5600,168.8900,169.4000,2036900,167.1608
2021-08-16,168.6800,168.6900,164.7900,167.4000,3303900,165.1872
2021-08-17,165.3200,170.5600,165.2300,170.5600,3034800,168.3055
2021-08-18,171.0100,171.3900,168.2000,168.3400,1636100,166.1149
2021-08-19,165.9700,167.3300,164.2700,164.6200,1930800,162.4440
2021-08-20,165.0800,167.8000,164.4500,167.1600,1956300,164.9504
2021-08-23,168.9500,172.2300,168.7900,171.9300,2226700,169.6574
2021-08-24,171.2700,171.8400,170.1100,171.4500,1425900,169.1837
2021-08-25,171.1300,172.8500,170.3300,172.6000,2245700,170.3186
2021-08-26,172.5100,173.6900,170.8000,171.4100,1921300,169.1442
2021-08-27,171.7500,173.5900,170.4400,171.8100,2498400,169.5390
2021-08-30,171.8600,173.5700,171.1300,171.9900,1989700,169.7166
2021-08-31,172.6900,173.5900,171.3300,172.2800,1916500,170.0027
2021-09-01,173.1300,174.6000,172.3500,174.0600,2075900,171.7592
2021-09-02,174.9000,176.0200,174.3400,176.0000,1830300,173.6736
2021-09-03,175.7500,175.9800,174.3200,175.8100,1235000,173.4861
2021-09-07,175.3300,175.8000,173.8500,175.4400,2406800,173.1209
2021-09-08,175.1000,175.3700,172.8400,173.7600,1599400,171.4632
2021-09-09,173.5600,175.6000,173.5600,173.8800,2599600,171.5816
2021-09-10,175.2900,175.2900,172.7900,173.2300,1441600,170.9402
2021-09-13,174.1300,174.1300,169.7000,170.3200,2158900,168.0687
2021-09-14,170.6700,172.4000,169.6300,169.9300,2114300,167.6838
2021-09-15,170.5900,172.1900,169.9500,171.8000,1606700,169.5291
2021-09-16,171.2100,172.9300,170.2800,172.5100,1827200,170.2297
2021-09-17,172.9400,173.7400,170.6900,173.6100,4448600,171.3151
2021-09-20,170.5500,172.1900,168.3600,169.9100,1968300,167.6641
2021-09-21,170.7300,172.5600,170.3800,171.5600,1006200,169.2923
2021-09-22,171.8900,172.6400,170.1700,171.6000,1296000,169.3317
2021-09-23,172.0900,174.4500,171.8600,173.9200,2782600,171.6210
2021-09-24,172.9200,173.0500,170.2100,170.4900,1508100,168.3564
2021-09-27,169.9400,170.3700,167.0500,167.5100,1548300,165.4137
2021-09-28,165.4500,165.4500,161.9000,162.1300,3189300,160.1010
2021-09-29,163.7000,164.1400,161.1600,161.4100,2437200,159.3901
2021-09-30,162.6000,163.6300,161.6000,161.6800,2822400,159.6567
2021-10-01,160.1600,160.1600,155.0800,158.9300,4672900,156.9411
2021-10-04,156.4500,157.3900,154.9700,155.6800,3367400,153.7318
2021-10-05,156.0500,157.7700,155.7500,155.7900,1895400,153.8404
2021-10-06,154.6200,155.3600,153.3800,153.9200,3641200,151.9938
2021-10-07,155.0100,157.5700,154.1700,156.2300,1771700,154.2749
2021-10-08,156.9300,157.0200,154.7600,155.0500,1290800,153.1096
2021-10-11,155.0200,156.4800,154.2300,154.5100,1763100,152.5764
2021-10-12,155.5000,156.2200,154.2600,154.6900,1308100,152.7542
2021-10-13,155.6500,156.3100,155.1300,155.5900,1197200,153.6429
2021-10-14,157.1300,158.8000,157.0200,157.8700,1293400,155.8944
2021-10-15,158.8600,159.2400,156.8000,157.0600,1006900,155.0945
2021-10-18,156.5800,156.5800,154.8300,155.7200,1764900,153.7713
2021-10-19,156.7500,158.2200,156.7000,157.4000,1553000,155.4303
2021-10-20,157.4700,158.7500,157.4600,157.7000,1928200,155.7265
2021-10-21,158.2400,159.0400,157.7600,158.9000,821600,156.9115
2021-10-22,159.3600,159.3600,156.8000,158.4400,1179800,156.4572
2021-10-25,158.5900,160.4500,157.5700,160.2400,816100,158.2347
2021-10-26,161.1400,161.5500,159.6500,160.0400,2157400,158.0372
2021-10-27,160.2100,160.4200,157.4400,157.5400,1935300,155.5685
2021-10-28,157.6200,160.2900,157.2400,160.1900,2093400,158.1853
2021-10-29,159.9200,159.9200,158.4000,159.6000,2016100,157.6028
2021-11-01,159.8300,161.7500,158.9500,161.6300,2370400,159.6074
2021-11-02,162.0000,162.7300,159.6500,162.6700,1719200,160.6343
2021-11-03,162.8100,164.8300,161.8700,164.7800,991200,162.7179
2021-11-04,162.9400,162.9400,160.6700,161.8300,1872400,159.8048
2021-11-05,158.0200,158.3800,154.6100,156.9400,3119600,154.9760
2021-11-08,157.3600,158.2000,156.6200,157.6300,1415100,155.6574
2021-11-09,157.6300,158.2000,155.1800,155.5200,3014800,153.5738
2021-11-10,154.7400,156.7500,153.3200,153.5100,2693700,151.5889
2021-11-11,154.0800,154.4100,152.7400,153.4200,1329700,151.5001
2021-11-12,154.0000,154.4800,152.6500,154.0000,1037100,152.0728
2021-11-15,154.4500,154.5000,152.8900,153.1800,972200,151.2631
2021-11-16,153.1800,154.3400,152.4100,154.0600,1448800,152.1321
2021-11-17,154.0000,154.6600,153.3700,154.1000,1855100,152.1716
2021-11-18,155.0400,155.5000,153.1100,153.6800,1113900,151.7568
2021-11-19,154.4600,155.6600,153.8800,154.5600,1949700,152.6258
2021-11-22,155.0400,155.2300,152.8800,153.6800,2015800,151.7568
2021-11-23,153.4100,153.4100,150.2100,153.0100,2807800,151.0952
2021-11-24,151.6500,153.6800,150.8500,153.4000,1445500,151.4803
2021-11-26,155.1400,157.8500,154.5500,154.9000,2969900,152.9615
2021-11-29,158.1600,158.4300,155.8500,156.0600,5072800,154.1070
2021-11-30,154.5600,156.2200,152.3700,154.2200,3236600,152.2900
2021-12-01,154.3000,155.2700,150.6000,150.7400,3139400,148.8536
2021-12-02,150.0100,152.3100,149.1100,151.2300,1916400,149.3375
2021-12-03,152.6500,152.6500,147.2300,148.3900,2243600,146.5331
2021-12-06,147.0000,147.2000,143.2500,145.2700,3973500,143.4521
2021-12-07,147.4100,151.4100,147.2800,150.9700,2613000,149.0808
2021-12-08,151.7900,153.3200,149.9200,152.6800,2223600,150.7693
2021-12-09,152.2800,152.6200,149.3700,149.5200,1241000,147.6488
2021-12-10,147.5500,149.1100,146.8300,147.2400,2472900,145.3975
2021-12-13,147.5800,150.0200,147.2500,149.3600,3927100,147.5320
2021-12-14,147.9900,149.4300,146.8500,148.6200,2649900,146.8010
2021-12-15,148.1000,152.0600,147.4600,151.9000,3485100,150.0409
2021-12-16,152.7200,153.8700,149.7400,150.3900,3414900,148.5494
2021-12-17,149.7800,154.8600,148.5300,154.4600,4605100,152.5696
2021-12-20,154.7800,155.1100,152.0900,153.0100,1674300,151.1373
2021-12-21,153.1900,154.2000,151.5700,153.9500,1413700,152.0658
2021-12-22,153.4600,153.8900,151.7500,153.7600,1034200,151.8781
2021-12-23,154.1400,155.1700,152.8900,154.6900,1922500,152.7967
2021-12-27,154.5900,154.5900,152.8800,153.3700,1718100,151.4929
2021-12-28,153.0800,154.9000,151.8300,152.2000,1561400,150.3372
2021-12-29,151.8200,153.5200,150.8400,152.8300,2033200,150.9595
2021-12-30,152.6500,155.0600,152.2800,153.7600,1792800,151.8781
2021-12-31,153.7200,154.8900,152.5000,152.6200,1873700,150.7521
2022-01-03,152.3100,152.4900,149.3400,152.3700,3753900,150.5051
2022-01-04,151.8700,152.0100,147.1000,148.2900,3000900,146.4751
2022-01-05,147.7900,148.8800,142.3000,142.5000,3551300,140.7559
2022-01-06,142.0700,143.6800,139.8300,142.4200,2724800,140.6769
2022-01-07,142.3500,143.8000,140.4600,140.5500,2718400,138.8298
2022-01-10,139.7600,142.5200,138.3300,142.1600,3270800,140.4201
2022-01-11,142.1600,143.7500,140.8400,143.5200,3373600,141.7634
2022-01-12,143.3200,144.0700,141.3500,141.9300,1855800,140.1929
2022-01-13,141.6500,141.6700,137.8300,138.0500,2373700,136.3604
2022-01-14,136.7600,139.0300,135.5900,138.9500,2697900,137.2494
2022-01-18,136.5600,136.9700,133.0500,133.4600,2897900,131.8266
2022-01-19,134.2900,135.2600,131.7700,131.8300,2332700,130.2165
2022-01-20,133.2000,134.6600,130.3600,130.6500,2573900,129.0510
2022-01-21,130.0400,131.5000,128.2000,128.6800,4331500,127.1051
2022-01-24,126.7300,130.0400,122.9400,129.8600,5791700,128.2706
2022-01-25,128.4200,129.5800,126.1700,127.5900,4125000,126.0284
2022-01-26,128.2800,131.0700,125.2600,126.2200,4106700,124.6752
2022-01-27,127.4300,127.9300,123.5000,123.6800,3501000,122.1663
2022-01-28,124.1300,128.0700,122.5000,127.9700,4197900,126.4037
2022-01-31,128.2200,132.0700,128.1000,131.8600,4046900,130.2461
2022-02-01,132.8800,134.3200,131.3300,134.2500,3956600,132.6069
2022-02-02,133.9100,133.9100,131.5700,132.9800,2377200,131.3524
2022-02-03,131.0000,132.1300,129.9800,130.2100,4006500,128.6163
2022-02-04,129.3300,131.7100,129.0900,130.6300,2459000,129.0312
2022-02-07,130.8800,132.7700,130.6000,131.6400,2191100,130.0288
2022-02-08,131.2200,132.0700,129.5200,131.5500,2404300,129.9399
2022-02-09,132.5400,135.3400,132.4300,135.1000,3348900,133.4465
2022-02-10,132.2500,135.5200,130.7100,131.8000,3406400,130.1869
2022-02-11,131.8800,133.3400,129.5800,130.0700,2839700,128.4781
2022-02-14,129.6800,129.8900,126.9000,127.6800,2150900,126.1173
2022-02-15,128.9800,130.5600,128.3100,129.9800,2114900,128.3891
2022-02-16,129.3600,130.4100,127.9800,129.9100,1667000,128.3200
2022-02-17,128.9800,128.9800,125.8700,126.0000,1894400,124.4579
2022-02-18,125.9900,126.9200,124.0700,125.0400,1579900,123.5096
2022-02-22,124.2500,125.7000,123.4900,124.1600,2584300,122.6404
2022-02-23,125.1700,125.1700,121.3800,121.5000,2177200,120.0129
2022-02-24,118.7900,124.7100,118.6300,124.5900,3820000,123.0651
2022-02-25,125.1900,126.3700,123.8200,126.2900,3024200,124.7443
2022-02-28,125.0200,126.8500,124.4800,126.0700,2506300,124.5270
2022-03-01,125.6600,127.7200,124.6300,125.4000,2158300,123.8652
2022-03-02,125.5400,126.8600,124.1800,126.0700,1680300,124.5270
2022-03-03,126.8000,126.8200,123.7600,124.4400,1929200,122.9170
2022-03-04,123.2400,124.3600,122.1300,122.5700,1415800,121.0698
2022-03-07,121.7300,123.5300,120.5300,120.6200,2657300,119.1437
2022-03-08,120.0100,123.6800,118.6000,120.3200,4737800,118.8474
2022-03-09,122.5300,124.8500,122.3700,124.2600,2811700,122.7392
2022-03-10,122.7100,123.2700,121.0700,123.0000,2496900,121.4946
2022-03-11,123.9100,124.4700,120.4700,120.6500,2069000,119.1733
2022-03-14,121.0000,123.4000,118.9800,119.6000,3091700,118.1362
2022-03-15,120.2800,121.2300,119.3200,121.1300,1395700,119.6475
2022-03-16,122.7800,126.0300,122.2700,125.9700,3287300,124.4282
2022-03-17,125.6400,128.6500,124.9500,128.6200,3403100,127.0458
2022-03-18,128.3700,131.0600,127.9900,130.9900,3153300,129.3868
2022-03-21,130.7200,131.2200,128.4900,129.2300,2507100,127.6483
2022-03-22,129.4700,132.1100,128.9200,131.6900,2368100,130.0782
2022-03-23,131.0100,131.1300,128.2500,128.3700,1791700,126.7989
2022-03-24,128.9300,130.0600,127.6800,130.0300,1382800,128.5567
2022-03-25,130.2400,130.2400,127.1700,128.1600,2271200,126.7079
2022-03-28,128.1600,129.7400,126.7600,129.0700,1820400,127.6076
2022-03-29,130.4700,132.9600,130.2800,132.7100,2719900,131.2064
2022-03-30,132.9800,133.6800,130.5000,130.9700,2145100,129.4860
2022-03-31,131.4500,132.1000,130.2100,130.3000,2023100,128.8237
2022-04-01,130.8900,133.2600,130.5300,133.0600,2234600,131.5524
2022-04-04,133.7800,135.0100,133.4300,134.7600,2733200,133.2331
2022-04-05,134.4800,135.5700,132.4200,132.6800,2556800,131.1767
2022-04-06,131.4600,133.2900,130.6100,132.4800,3131200,130.9790
2022-04-07,132.3300,134.5000,132.1600,133.9100,2031800,132.3928
2022-04-08,133.4000,135.0200,132.9800,133.3400,2095900,131.8292
2022-04-11,132.4600,132.9600,130.1000,130.2700,2090300,128.7940
2022-04-12,131.0200,131.8400,128.2800,129.2700,4622400,127.8053
2022-04-13,129.2700,132.9300,129.2700,132.5000,1969500,130.9987
2022-04-14,132.1600,132.6900,130.7300,130.8600,2211500,129.3773
2022-04-18,130.5100,130.7500,126.4200,127.1000,2532900,125.6599
2022-04-19,127.0500,128.8900,126.5700,128.3200,1998300,126.8661
2022-04-20,129.0500,129.9900,127.3300,129.0000,2287700,127.5384
2022-04-21,129.7600,130.3200,125.8000,125.9600,1979500,124.5328
2022-04-22,125.6600,126.2700,122.8700,123.0400,2557200,121.6459
2022-04-25,122.2300,124.3100,121.4800,124.1800,2552800,122.7730
2022-04-26,123.4200,123.8300,119.3700,119.3900,2954600,118.0373
2022-04-27,119.6300,121.0700,118.6600,119.0500,4230500,117.7011
2022-04-28,119.4400,119.7600,115.4700,119.0500,4727900,117.7011
2022-04-29,119.0700,121.5700,116.5000,116.6500,4313700,115.3283
2022-05-02,116.2000,118.5500,115.3500,118.3600,3763000,117.0189
2022-05-03,118.7400,120.2600,118.1600,119.4400,2267100,118.0867
2022-05-04,120.0200,122.2900,116.6800,121.8600,3208500,120.4793
2022-05-05,120.9700,120.9700,115.9400,117.3600,3228600,116.0303
2022-05-06,115.7700,116.0600,112.3300,113.1700,4535500,111.8877
2022-05-09,111.5000,112.1600,106.8200,107.2800,4404000,106.0645
2022-05-10,110.1100,111.7800,108.2200,110.1400,6190700,108.8921
2022-05-11,108.7000,110.9200,106.1400,106.4600,4390000,105.2538
2022-05-12,105.4600,109.7200,105.3900,109.4500,4709200,108.2099
2022-05-13,110.8400,113.7800,110.8400,113.1400,3217700,111.8581
2022-05-16,112.9100,114.6400,112.0900,113.2900,3030300,112.0064
2022-05-17,114.8600,116.6800,114.2600,116.5200,2321800,115.1998
2022-05-18,114.5200,115.9600,112.9100,113.5600,2081900,112.2733
2022-05-19,113.4000,115.9900,113.1500,115.0300,2253300,113.7267
2022-05-20,116.2300,116.3900,112.6000,115.6100,1845000,114.3001
2022-05-23,116.8200,117.0700,115.6100,116.4400,2201200,115.1207
2022-05-24,115.4800,115.9000,113.5100,114.5800,1780600,113.2818
2022-05-25,114.1200,115.3700,113.1000,114.7700,2062900,113.4696
2022-05-26,115.1500,116.3400,114.7600,115.8000,2095200,114.4879
2022-05-27,116.0700,119.5000,115.3600,119.5000,2204500,118.1460
2022-05-31,118.8200,118.9700,115.6000,116.6700,3178900,115.3481
2022-06-01,117.5700,118.2400,114.0300,115.4400,1727200,114.1320
2022-06-02,115.1400,116.3600,113.1300,116.3600,1955000,115.0416
2022-06-03,115.7900,117.5700,115.2300,116.5000,1719900,115.1800
2022-06-06,117.3100,117.7600,114.5800,115.2400,1495500,113.9343
2022-06-07,114.4100,117.9800,114.3400,117.8300,1576300,116.4949
2022-06-08,117.6800,119.6700,117.3500,118.1300,1269100,116.7915
2022-06-09,117.6900,117.6900,113.9000,113.9800,1537000,112.7182
2022-06-10,112.0700,112.2700,109.7200,110.4800,2227700,109.2569
2022-06-13,107.6200,108.2100,105.3800,105.9700,2998300,104.7968
2022-06-14,106.4000,106.7400,104.6700,106.2300,2611000,105.0539
2022-06-15,107.1700,109.7700,106.2300,108.6600,2455400,107.4571
2022-06-16,106.1600,106.5900,104.2900,105.8200,2992300,104.6485
2022-06-17,106.3200,110.9800,106.3200,109.5600,5617100,108.3471
2022-06-21,111.1900,112.8000,111.1900,111.8700,2132700,110.6315
2022-06-22,110.3000,114.8000,110.3000,113.2500,2563500,111.9962
2022-06-23,114.1500,118.3100,113.8500,118.0100,1920100,116.7035
2022-06-24,119.2300,120.3700,117.3500,120.0400,4176000,118.7111
2022-06-27,120.2800,120.5100,118.5800,120.1200,1763300,118.7902
2022-06-28,119.9800,120.4200,116.8700,117.3600,1821000,116.0607
2022-06-29,117.0200,118.7000,116.1600,117.9900,1300400,116.6838
2022-06-30,117.0100,118.9900,115.9600,117.6300,2387500,116.3277
2022-07-01,117.5900,120.3600,116.9700,120.1700,2046900,118.8396
2022-07-05,118.8600,122.8700,118.5800,122.8100,3539400,121.4504
2022-07-06,122.7500,124.1100,121.9700,122.7900,2279300,121.4306
2022-07-07,123.0300,126.1100,122.8500,125.8200,2689700,124.4271
2022-07-08,124.9300,127.1500,124.5800,126.6600,2101500,125.2578
2022-07-11,125.8100,126.3600,124.0400,124.3100,1623200,122.9338
2022-07-12,124.0500,124.6400,121.7200,123.5000,2027400,122.1327
2022-07-13,121.5000,124.6400,121.4200,123.5500,2097600,122.1822
2022-07-14,122.4500,122.6800,120.4000,121.4700,1953000,120.1252
2022-07-15,122.3200,123.4200,120.5900,123.2500,2054000,121.8855
2022-07-18,124.2400,124.6500,119.8900,120.5200,1439200,119.1857
2022-07-19,121.8500,123.9100,121.1600,123.6200,1486900,122.2514
2022-07-20,123.7400,125.5700,122.8600,123.9400,1958500,122.5679
2022-07-21,124.0300,125.7000,123.7000,125.1000,1555600,123.7150
2022-07-22,125.1800,126.3500,122.0900,122.6200,1534700,121.2625
2022-07-25,122.8900,123.0400,121.4500,122.6200,1287300,121.2625
2022-07-26,122.3700,124.1200,121.3500,122.8700,1249900,121.5097
2022-07-27,122.9400,124.7000,121.8300,124.0000,1961400,122.6272
2022-07-28,124.3200,124.8600,121.1900,124.1200,1756500,122.7459
2022-07-29,123.9500,124.2400,122.7900,124.0800,1328700,122.7063
2022-08-01,123.4500,124.1700,121.9200,122.2700,1740700,120.9164
2022-08-02,121.3900,123.9600,121.2400,122.6300,1261900,121.2724
2022-08-03,125.4800,128.6100,125.3200,127.3300,2761100,125.9204
2022-08-04,128.1300,130.5400,127.8200,130.1800,1562500,128.7388
2022-08-05,128.4600,131.5300,127.5700,131.4400,2406200,129.9848
2022-08-08,131.9300,133.2500,130.6900,132.0300,2668200,130.5683
2022-08-09,131.2600,131.9800,128.8200,129.9100,1769600,128.4718
2022-08-10,131.6200,133.0500,130.5900,133.0400,1499100,131.5671
2022-08-11,133.1000,135.0800,130.8100,131.2900,2117200,129.8365
2022-08-12,131.4800,132.8700,131.0900,132.5200,1346200,131.0529
2022-08-15,131.9600,134.9300,131.9600,134.8200,1555800,133.3274
2022-08-16,134.2400,134.6500,132.1100,132.9900,1453200,131.5177
2022-08-17,131.5200,132.4100,130.0000,130.4000,1453600,128.9563
2022-08-18,130.1900,130.2000,127.8900,128.9200,1725300,127.4927
2022-08-19,127.8000,128.6200,127.1900,127.6500,1498000,126.2368
2022-08-22,126.7900,127.9500,125.0700,125.6100,1342100,124.2194
2022-08-23,125.3900,125.9200,124.0000,125.3700,1186300,123.9821
2022-08-24,125.6100,127.5200,124.8200,127.0700,1874900,125.6632
2022-08-25,127.7800,128.2300,126.0900,127.4500,770500,126.0390
2022-08-26,127.3200,127.5000,122.5500,122.9500,1689700,121.5888
2022-08-29,121.4500,123.2700,121.2200,122.1000,1031300,120.7483
2022-08-30,122.5200,122.9100,120.5100,121.1400,1308200,119.7989
2022-08-31,121.9000,123.2300,120.9100,121.4600,1569900,120.1153
2022-09-01,121.0200,123.4400,119.9200,123.2200,2233000,121.8559
2022-09-02,124.1500,124.2100,120.6800,121.1900,1855800,119.8483
2022-09-06,121.6300,121.6300,119.3400,119.5400,2808300,118.2166
2022-09-07,119.4300,123.2600,119.3100,122.8900,1345200,121.5295
2022-09-08,123.2400,127.3300,122.7700,126.9800,5006300,125.5742
2022-09-09,127.2500,128.9500,126.9700,128.4000,1350300,126.9785
2022-09-12,128.8400,128.9000,127.6800,128.6300,1175600,127.2060
2022-09-13,125.8600,126.3900,122.6300,122.8400,2106800,121.4800
2022-09-14,123.1200,124.3200,122.4600,123.9200,2036500,122.5481
2022-09-15,123.9000,125.3500,123.0200,124.0500,1918900,122.6767
2022-09-16,122.6700,123.3500,121.4800,122.9600,1988200,121.5987
2022-09-19,121.8100,121.9500,119.4900,121.8000,2139100,120.4516
2022-09-20,120.6400,121.5800,119.5200,120.5500,1928200,119.2154
2022-09-21,121.1100,122.0300,117.7000,117.9100,3179200,116.6047
2022-09-22,117.0700,117.6400,115.7500,116.7300,1978800,115.4377
2022-09-23,115.7400,116.2100,113.9000,115.3200,2058100,114.0433
2022-09-26,114.6900,116.2200,113.3700,113.4200,1560200,112.3192
2022-09-27,114.6500,116.4200,114.2100,114.8200,3592900,113.7056
2022-09-28,117.8000,120.0500,117.3000,119.3300,3228100,118.1719
2022-09-29,118.6900,118.9800,116.0500,117.6000,1735200,116.4586
2022-09-30,117.5200,119.8100,116.9500,116.9600,2590600,115.8249
2022-10-03,118.5800,119.7300,116.7000,119.2400,1663900,118.0827
2022-10-04,121.1800,123.0400,120.6600,122.6500,1775600,121.4596
2022-10-05,121.4900,123.6400,120.4200,122.8700,1940600,121.6775
2022-10-06,122.5000,123.5000,121.6300,122.2700,1348500,121.0833
2022-10-07,121.0800,121.3800,118.4200,118.8400,1433700,117.6866
2022-10-10,118.7800,119.0200,117.3200,117.9500,1821800,116.8053
2022-10-11,117.7600,120.1800,116.6900,118.1700,2639000,117.0231
2022-10-12,118.9900,119.6500,118.2200,119.0300,1323700,117.8748
2022-10-13,116.6600,122.0000,116.0500,121.4100,1911400,120.2317
2022-10-14,122.4000,123.1700,119.4800,119.5800,1456500,118.4194
2022-10-17,120.9500,122.8100,120.6400,122.4900,1609500,121.3012
2022-10-18,124.2900,124.9400,122.1200,122.7100,2407700,121.5191
2022-10-19,121.6100,121.9000,118.0000,118.5300,1841300,117.3796
2022-10-20,118.3100,119.8800,117.3900,117.5800,1306200,116.4388
2022-10-21,117.8800,121.1800,117.3000,120.9000,1413000,119.7266
2022-10-24,121.2800,122.4400,119.8800,122.1800,1652700,120.9942
2022-10-25,122.5000,124.9700,122.5000,124.6300,1070000,123.4204
2022-10-26,124.9100,128.5600,124.8500,126.6000,2391700,125.3713
2022-10-27,127.5000,127.5500,124.5900,124.8800,1492400,123.6680
2022-10-28,125.9700,129.8900,125.2300,129.6800,2768800,128.4214
2022-10-31,128.7000,129.7900,128.0100,128.5900,2360300,127.3420
2022-11-01,129.8900,130.6300,128.8700,129.7500,2435400,128.4907
2022-11-02,129.5500,131.9000,127.5700,127.5800,3065900,126.3418
2022-11-03,125.6000,128.6400,125.0400,128.0200,2480800,126.7775
2022-11-04,128.6800,128.6800,126.0900,128.3400,2544300,127.0944
2022-11-07,128.3700,129.5700,127.3600,129.0800,1360500,127.8272
2022-11-08,129.0500,132.1400,128.3300,130.3500,2054800,129.0849
2022-11-09,129.8400,131.1500,128.8100,129.0500,2525300,127.7975
2022-11-10,132.8000,134.0600,131.2600,133.5800,2655600,132.2836
2022-11-11,133.4000,134.7300,131.7100,134.2500,2964300,132.9471
2022-11-14,134.5700,136.7200,134.5000,134.6800,2801800,133.3729
2022-11-15,136.7600,136.8900,133.6800,135.1100,2368900,133.7987
2022-11-16,135.4400,136.0200,133.7600,134.2100,1702600,132.9074
2022-11-17,133.1700,133.8300,131.8900,133.2800,1212500,131.9865
2022-11-18,134.3400,134.5800,133.1000,133.7400,1058700,132.4420
2022-11-21,133.7400,134.0700,132.7300,133.0000,851400,131.7092
2022-11-22,133.1200,134.1000,131.6900,134.0500,1301400,132.7490
2022-11-23,134.1500,134.8900,133.0400,133.5500,1865200,132.2539
2022-11-25,133.3200,134.1200,132.6000,133.8200,469800,132.5212
2022-11-28,133.3900,135.6200,132.5100,132.8900,3242300,131.6002
2022-11-29,133.0700,133.3400,131.9700,132.2700,1579000,130.9863
2022-11-30,132.9800,136.5300,132.4500,136.5300,2633200,135.2049
2022-12-01,136.5300,137.5400,135.8600,137.1600,2087700,135.8288
2022-12-02,135.7800,138.7400,135.4000,138.4300,2947200,137.0865
2022-12-05,137.3600,137.5800,134.6500,135.4900,1811800,134.1750
2022-12-06,134.7500,135.1200,132.2400,133.2500,1491700,131.9568
2022-12-07,132.6900,134.4800,132.6900,134.1300,1591500,132.8282
2022-12-08,134.5100,136.2400,133.7800,135.8900,1269500,134.5711
2022-12-09,135.3600,135.6300,132.9700,133.0100,2417700,131.7191
2022-12-12,132.7700,134.0800,132.2500,134.0600,1636700,132.7589
2022-12-13,136.8000,138.0700,135.0700,136.0000,1888600,134.7816
2022-12-14,136.1600,138.2000,134.9800,136.7300,2061300,135.5050
2022-12-15,135.6400,136.1800,133.5700,134.2400,1607300,133.0374
2022-12-16,132.9900,133.8900,132.0000,133.0000,1874100,131.8085
2022-12-19,133.3000,133.3900,129.8900,130.5600,2158400,129.3903
2022-12-20,129.8600,132.3400,129.5200,132.0800,1195000,130.8967
2022-12-21,132.4300,134.5700,131.7500,133.7300,1647200,132.5319
2022-12-22,132.8000,133.9700,131.8400,133.8300,1326500,132.6310
2022-12-23,133.6900,134.0400,131.2900,132.0300,1357600,130.8472
2022-12-27,132.0300,132.2500,128.9600,129.2700,1245200,128.1119
2022-12-28,129.2800,130.2800,128.0600,128.3900,1690500,127.2398
2022-12-29,129.1600,132.2300,128.7100,131.3400,1318100,130.1633
2022-12-30,130.2800,131.4400,129.1600,131.2900,1629500,130.1138
2023-01-03,131.7600,132.5100,129.5500,130.0400,1120200,128.8750
2023-01-04,131.2400,132.0500,130.4500,131.7100,1292200,130.5300
2023-01-05,131.2000,132.3900,130.5300,131.8200,1035400,130.6391
2023-01-06,132.9000,134.6900,130.6900,133.1400,2929000,131.9472
2023-01-09,133.1800,133.2800,130.0600,130.2800,2555500,129.1129
2023-01-10,129.7400,133.2700,129.7400,133.2300,1089700,132.0364
2023-01-11,133.1500,134.1500,132.1400,133.9900,1055500,132.7896
2023-01-12,133.9000,135.1800,131.9300,135.1100,1115200,133.8996
2023-01-13,134.6700,136.6000,134.5500,136.2300,1110500,135.0095
2023-01-17,136.1100,136.8800,135.2100,136.2800,1147400,135.0591
2023-01-18,136.7500,138.1300,135.1200,135.2600,1705900,134.0482
2023-01-19,134.1800,135.0400,133.3800,134.0500,1350500,132.8491
2023-01-20,134.5100,135.7400,133.8400,135.4700,1271700,134.2564
2023-01-23,135.4100,137.1300,135.1800,136.7900,1759900,135.5645
2023-01-24,136.7000,137.0300,135.6800,136.7800,982000,135.5546
2023-01-25,136.1600,136.8000,135.0300,136.7900,1102900,135.5645
2023-01-26,137.6000,137.8700,135.7400,137.1600,1133500,135.9312
2023-01-27,136.6400,137.7400,136.4200,137.2300,957500,136.0006
2023-01-30,136.4400,136.7000,134.3000,134.8000,1401000,133.5923
2023-01-31,134.4500,136.7700,134.4500,136.5500,1508800,135.3267
2023-02-01,136.1800,137.5400,134.0800,136.7100,1633300,135.4852
2023-02-02,136.8100,137.2500,135.4500,137.1700,3452100,135.9411
2023-02-03,136.8500,138.2600,136.0700,136.5900,1945200,135.3663
2023-02-06,135.6900,137.2700,135.2600,135.6100,1478200,134.3951
2023-02-07,135.0700,136.5800,133.9000,136.3200,1413500,135.0988
2023-02-08,135.3100,135.7400,133.2700,133.3300,1365100,132.1355
2023-02-09,133.7000,134.8300,131.9400,132.4000,1531100,131.2138
2023-02-10,132.0900,132.7200,131.1200,132.3600,1430200,131.1742
2023-02-13,132.2200,134.3100,131.6400,134.1800,1283900,132.9779
2023-02-14,133.6400,134.9400,132.3100,133.7700,1119100,132.5716
2023-02-15,132.8700,133.8300,132.2000,133.7700,1146300,132.5716
2023-02-16,132.4200,133.5000,132.0700,132.0900,1323500,130.9066
2023-02-17,131.3800,133.6900,130.8000,133.3600,1350900,132.1652
2023-02-21,132.3300,132.6300,129.6200,129.6400,1456700,128.4786
2023-02-22,129.6400,130.2500,128.9400,129.4000,1070300,128.2408
2023-02-23,129.4200,129.8200,127.7900,129.0000,1111600,127.8443
2023-02-24,127.8300,127.8300,126.1800,126.4100,1264200,125.2775
2023-02-27,127.4800,128.2800,126.7300,126.8700,1172900,125.7334
2023-02-28,126.6400,127.7700,126.4200,127.1800,2838700,126.0406
2023-03-01,127.4600,128.3900,127.3000,128.0600,1753000,126.9127
2023-03-02,127.4300,128.7300,126.8900,128.3600,1340500,127.2100
2023-03-03,128.6600,130.8700,128.3300,130.5200,1050800,129.3507
2023-03-06,130.5100,130.5100,128.9400,129.3000,1102600,128.1416
2023-03-07,129.3100,129.4200,127.2500,127.2500,1630500,126.1100
2023-03-08,127.1900,127.4000,125.7100,126.3800,1498800,125.2478
2023-03-09,126.4600,127.0000,123.4000,123.9500,1940000,122.8396
2023-03-10,124.2800,124.2800,120.7200,121.9700,3341300,120.8773
2023-03-13,122.3400,126.8800,122.3300,125.3700,2798500,124.2468
2023-03-14,126.5200,127.5400,125.8100,126.9500,2748700,125.8127
2023-03-15,125.6000,126.1900,124.5300,126.0600,2095000,124.9307
2023-03-16,125.3600,127.1800,123.7300,126.7400,1954800,125.6046
2023-03-17,125.7800,126.2000,123.9100,124.5000,2630700,123.3846
2023-03-20,124.7000,125.9900,124.1700,125.8500,1905400,124.7225
2023-03-21,126.4900,126.6900,125.4500,126.0000,1177500,124.8712
2023-03-22,126.1500,126.2800,123.2500,123.3000,1705000,122.1954
2023-03-23,124.9600,126.0200,123.3000,124.3500,1479700,123.3010
2023-03-24,124.4100,126.1600,123.4200,125.8700,1227000,124.8082
2023-03-27,126.0700,126.8600,125.6800,126.0300,964300,124.9668
2023-03-28,126.0700,126.7400,125.6700,126.0600,818500,124.9966
2023-03-29,127.0300,128.0300,126.8700,127.8300,1448600,126.7516
2023-03-30,128.3100,128.4600,126.6200,127.2300,1344200,126.1567
2023-03-31,127.6200,129.3400,127.5800,129.1600,891600,128.0704
2023-04-03,128.8100,129.7700,128.5700,129.7700,1504000,128.6752
2023-04-04,129.6200,129.8300,128.3800,128.8600,947200,127.7729
2023-04-05,128.6000,129.9800,128.4900,129.5100,1247200,128.4174
2023-04-06,129.6800,131.2700,129.5900,131.0500,1128000,129.9445
2023-04-10,130.4700,130.6500,129.4000,130.3600,1454500,129.2603
2023-04-11,130.2600,131.3200,130.2000,130.7100,2455100,129.6073
2023-04-12,131.2300,131.8600,130.3900,130.5600,1145800,129.4586
2023-04-13,130.7300,133.8100,130.7300,133.5800,1667200,132.4531
2023-04-14,133.1200,133.6900,131.6900,132.4300,1264400,131.3128
2023-04-17,133.4600,133.7800,132.9400,133.5700,1756900,132.4432
2023-04-18,133.8200,133.8400,131.9100,132.6600,1838800,131.5409
2023-04-19,131.9900,133.5300,131.7700,133.2200,1207200,132.0962
2023-04-20,132.3600,132.5700,131.6000,131.9400,1370800,130.8269
2023-04-21,132.0800,133.5900,132.0400,133.4600,1623000,132.3341
2023-04-24,133.4600,133.4600,132.5300,133.0500,1274200,131.9276
2023-04-25,132.7900,133.4200,130.2900,130.5000,1769600,129.3991
2023-04-26,129.9300,129.9300,127.8200,128.7400,1461800,127.6539
2023-04-27,128.8600,129.4700,127.4100,129.2000,1409000,128.1100
2023-04-28,128.5500,131.2500,127.9900,130.5100,2189000,129.4090
2023-05-01,130.5000,132.0400,130.2400,131.5400,1220300,130.4303
2023-05-02,130.9100,131.8300,129.5300,129.8100,1754900,128.7149
2023-05-03,130.1000,132.2500,129.9500,130.6800,2744800,129.5776
2023-05-04,130.1300,130.6000,129.4600,130.3000,1673100,129.2008
2023-05-05,131.0000,132.4100,130.1000,131.9200,1271300,130.8071
2023-05-08,131.9800,132.0500,130.1800,130.8500,1349500,129.7462
2023-05-09,129.8700,130.8200,129.3500,130.6000,1030700,129.4983
2023-05-10,131.3300,131.6700,130.1900,131.0300,1044500,129.9246
2023-05-11,130.7600,130.8200,129.3400,130.4300,1100000,129.3297
2023-05-12,130.4000,130.8900,129.3800,130.1800,1173400,129.0818
2023-05-15,130.2800,131.9300,130.1800,131.7400,1295600,130.6286
2023-05-16,130.1500,130.5000,128.5500,129.0400,2784000,127.9514
2023-05-17,129.0600,129.4700,127.3600,129.3300,1474300,128.2390
2023-05-18,129.0300,129.1200,127.4900,128.9700,1566600,127.8820
2023-05-19,129.2700,130.6500,129.1000,130.0800,1398300,128.9827
2023-05-22,130.2800,131.6900,130.2800,131.1500,1238800,130.0436
2023-05-23,130.8300,132.4600,130.8300,131.1100,1330300,130.0039
2023-05-24,130.3600,130.6800,128.6800,129.2800,1844000,128.1894
2023-05-25,128.7800,128.8000,125.9800,126.8400,1673800,125.7700
2023-05-26,127.0200,127.5600,126.3000,127.0900,1337600,126.0178
2023-05-30,126.9400,127.4000,125.5500,126.1700,1448300,125.1056
2023-05-31,125.9500,127.3300,125.3300,126.2800,1357300,125.2147
2023-06-01,126.5000,127.1600,125.2400,126.7700,1675300,125.7006
2023-06-02,127.3800,129.0500,127.0100,128.9800,1840900,127.8919
2023-06-05,128.9600,129.8600,128.5600,129.4700,1106500,128.3778
2023-06-06,129.4900,129.8900,128.9100,129.0800,937500,127.9910
2023-06-07,129.0500,129.3200,128.1500,128.8300,1580600,127.7491
2023-06-08,128.8300,129.3100,128.2300,129.0300,991800,127.9474
2023-06-09,129.1200,129.2000,127.8600,128.8400,2017400,127.7590
2023-06-12,129.1500,130.0100,128.6900,129.8700,1247100,128.7804
2023-06-13,129.8300,131.6000,129.8300,131.3500,1463900,130.2480
2023-06-14,131.4300,131.9200,129.3700,130.3000,1802100,129.2068
2023-06-15,129.8500,132.0200,129.7300,131.8100,1327300,130.7041
2023-06-16,132.4500,133.1900,130.9800,131.3000,2449900,130.1984
2023-06-20,130.8100,130.8600,129.6300,130.3800,2272000,129.2861
2023-06-21,129.8500,130.3900,129.0800,129.8200,1304000,128.7308
2023-06-22,129.5100,130.2000,129.1200,129.8500,1293100,128.7606
2023-06-23,128.9900,129.1500,128.1200,128.5000,5288400,127.4219
2023-06-26,128.3900,128.3900,126.6200,127.0700,1380800,126.0039
2023-06-27,127.0800,127.1000,125.1400,125.5300,2867700,124.4768
2023-06-28,125.3600,126.2800,124.5900,126.2500,1209000,125.1908
2023-06-29,125.9600,126.5000,125.2300,125.9500,2065000,124.8933
2023-06-30,126.6400,127.3500,126.4300,126.9600,1465700,125.8948
2023-07-03,126.5900,126.9600,126.1300,126.8100,624500,125.7461
2023-07-05,126.6900,127.4400,126.3200,127.0300,2273200,125.9642
2023-07-06,126.0400,126.1300,124.5600,125.4500,1598800,124.3975
2023-07-07,125.2700,125.6200,124.1100,124.3800,1172000,123.3364
2023-07-10,124.1700,127.0300,124.1700,126.6500,2499000,125.5874
2023-07-11,126.5700,127.0400,125.9600,126.7200,1372500,125.6568
2023-07-12,128.0000,128.6600,127.3500,127.9600,1424100,126.8864
2023-07-13,128.5600,129.0200,128.0300,128.3000,1415300,127.2236
2023-07-14,128.2700,128.7200,127.2800,128.2400,1500400,127.1641
2023-07-17,128.6100,130.1700,128.4300,129.2400,1566900,128.1557
2023-07-18,129.2300,130.4400,129.2000,129.7200,1168500,128.6317
2023-07-19,129.9500,131.3000,129.9500,130.4100,2513200,129.3159
2023-07-20,130.4600,131.1700,130.0700,130.2600,2146800,129.1671
2023-07-21,131.1400,131.9300,130.2000,131.4700,1601800,130.3670
2023-07-24,131.2100,131.4600,129.2200,129.4200,1494600,128.3342
2023-07-25,129.0600,129.9100,128.6100,129.1100,745300,128.0268
2023-07-26,128.7400,129.0700,127.9800,128.8400,928000,127.7590
2023-07-27,129.4500,129.5300,127.7000,127.9100,1179700,126.8368
2023-07-28,128.4300,129.9500,128.0700,129.8600,1646100,128.7705
2023-07-31,129.8400,129.9500,128.8300,129.3100,1388100,128.2251
2023-08-01,128.7200,128.7400,127.5300,128.0500,1322000,126.9757
2023-08-02,127.8800,128.4300,126.9600,127.3600,1859900,126.2915
2023-08-03,127.4200,127.8100,126.7900,126.8900,1282100,125.8254
2023-08-04,127.1800,128.7400,127.1600,127.3500,2167700,126.2815
2023-08-07,126.8800,127.0500,126.1100,126.5500,1446400,125.4882
2023-08-08,126.2400,127.4900,126.2400,127.3300,1463700,126.2617
2023-08-09,127.4100,128.6100,127.3400,127.7500,1179000,126.6782
2023-08-10,128.3900,129.8400,127.8700,128.1700,1235000,127.0947
2023-08-11,127.6900,128.8100,127.6300,128.5700,725500,127.4913
2023-08-14,128.1900,128.5200,127.4500,128.4200,1169200,127.3426
2023-08-15,127.8400,128.4000,127.5300,128.0100,827300,126.9360
2023-08-16,127.7800,127.7800,126.1600,126.1800,1448100,125.1213
2023-08-17,126.2300,126.5900,125.5300,125.5600,1088900,124.5066
2023-08-18,124.7500,125.8300,124.5700,125.4100,1638000,124.3578
2023-08-21,125.3900,127.5100,125.3900,127.2300,1160700,126.1625
2023-08-22,127.2800,127.7700,126.9700,127.2900,1025300,126.2220
2023-08-23,127.9800,128.7300,127.9400,128.0300,1387400,126.9558
2023-08-24,127.9700,128.5000,126.7700,126.8600,1143400,125.7956
2023-08-25,126.9800,127.9500,126.2200,127.5800,1220800,126.5096
2023-08-28,128.0500,128.8100,127.6600,128.1000,1751900,127.0253
2023-08-29,128.0100,129.5200,128.0100,129.4700,1345700,128.3838
2023-08-30,129.3400,130.2300,129.3400,129.8500,890900,128.7606
2023-08-31,129.6900,129.9300,128.7100,128.7100,1180100,127.6301
2023-09-01,129.8300,130.7000,129.7900,130.0100,1626100,128.9192
2023-09-05,129.6700,130.0100,128.1200,128.1400,1376600,127.0649
2023-09-06,127.9800,128.2700,126.5000,127.3100,1820000,126.2419
2023-09-07,126.7500,127.2900,126.5300,126.8800,1160100,125.8155
2023-09-08,126.8500,127.6900,126.6800,126.8500,1314800,125.7857
2023-09-11,127.0400,127.9600,126.5800,127.6800,1177100,126.6088
2023-09-12,127.6500,127.9100,126.9300,127.4800,1332700,126.4105
2023-09-13,127.4300,128.3100,126.8800,127.1000,1260700,126.0336
2023-09-14,127.2100,128.0300,127.0100,127.5800,1211000,126.5096
2023-09-15,127.3500,127.7400,126.3600,126.6100,1522600,125.5478
2023-09-18,126.4100,126.7700,125.0500,125.2500,1042300,124.1992
2023-09-19,125.0500,125.8500,124.6900,125.7100,1353200,124.6553
2023-09-20,125.9200,126.0900,124.6100,124.6300,1604300,123.5844
2023-09-21,124.0500,124.0500,122.6700,123.0500,1521700,122.0176
2023-09-22,123.1800,123.4200,122.5100,122.5600,1254600,121.5317
2023-09-25,122.1900,122.4200,121.3900,122.2700,1456300,121.2441
2023-09-26,122.3500,123.4000,122.1000,122.5400,1708800,121.6641
2023-09-27,122.7800,123.8100,122.1500,123.1100,1833600,122.2301
2023-09-28,122.7100,123.2200,121.8500,122.8400,2154400,121.9620
2023-09-29,123.1400,123.5900,122.1100,122.2900,2077700,121.4159
2023-10-02,122.1600,122.1600,119.7100,120.6400,2635200,119.7777
2023-10-03,119.8800,120.2700,118.7100,119.3200,2728200,118.4672
2023-10-04,119.5000,120.3000,118.5200,120.1800,2412400,119.3210
2023-10-05,120.1500,121.8900,119.7900,121.7800,2436700,120.9096
2023-10-06,120.9100,123.1600,120.9100,122.4800,2244200,121.6046
2023-10-09,121.5500,122.2700,120.3700,122.0400,2049400,121.1677
2023-10-10,121.7200,123.5100,121.5300,123.0300,1880100,122.1506
2023-10-11,123.3100,124.1300,122.8300,123.6300,2074000,122.7464
2023-10-12,123.4400,123.4800,120.8900,121.1400,2120600,120.2742
2023-10-13,121.3700,121.9500,120.7000,121.6300,2558500,120.7606
2023-10-16,121.4500,122.8400,120.8800,122.3000,2667700,121.4259
2023-10-17,121.6100,122.8600,121.6100,122.1400,2082000,121.2670
2023-10-18,121.2700,121.4900,119.3700,119.5700,2197800,118.7154
2023-10-19,119.6600,119.6600,117.3400,117.6100,4005300,116.7694
2023-10-20,117.6300,118.3400,116.9800,117.1700,2559300,116.3325
2023-10-23,116.8000,116.9900,115.8600,116.0200,2852800,115.1907
2023-10-24,116.4900,117.7500,116.3700,117.3500,2177200,116.5112
2023-10-25,116.4600,116.5300,114.5000,115.1100,2915100,114.2872
2023-10-26,115.0600,115.6900,114.5600,115.0500,2480400,114.2277
2023-10-27,115.1300,115.1600,112.1500,112.4100,2862200,111.6066
2023-10-30,113.2300,113.7000,112.3400,113.0300,1858800,112.2221
2023-10-31,112.2700,113.7900,111.8300,113.6800,2180900,112.8675
2023-11-01,113.7000,115.3900,113.2200,115.2100,2103600,114.3865
2023-11-02,115.7700,117.0900,115.0000,116.8200,2598000,115.9850
2023-11-03,118.0400,120.4600,118.0400,119.7900,2513300,118.9338
2023-11-06,120.4600,120.8800,119.0900,119.4100,1730900,118.5565
2023-11-07,118.9300,120.4500,118.6600,120.3000,2632700,119.4402
2023-11-08,120.1000,120.1400,117.8100,118.4800,2607200,117.6332
2023-11-09,118.6800,118.7400,114.7700,114.9800,2322200,114.1582
2023-11-10,115.2500,115.7200,113.5600,115.5300,2001900,114.7042
2023-11-13,115.0100,115.4500,113.8400,115.4200,1866500,114.5950
2023-11-14,117.4000,118.6400,117.3600,117.9100,2894400,117.0672
2023-11-15,118.0000,119.5600,117.7700,118.0300,2556000,117.1864
2023-11-16,118.2500,118.6700,116.7000,117.0300,1938700,116.1935
2023-11-17,117.4700,118.2500,117.0800,118.1000,1624400,117.2559
2023-11-20,118.0300,119.2600,117.8500,118.9200,1319700,118.0700
2023-11-21,118.6400,119.1100,117.9500,117.9700,1349600,117.1268
2023-11-22,118.7500,119.4200,118.2500,118.7200,1241300,117.8714
2023-11-24,118.7000,119.7100,118.7000,119.3600,534500,118.5069
2023-11-27,118.9500,119.1200,118.0600,118.5700,1713900,117.7225
2023-11-28,118.1000,118.3700,117.2800,118.2100,1207200,117.3651
2023-11-29,118.7000,120.2300,118.5300,119.3400,1804100,118.4870
2023-11-30,120.1800,121.9000,120.1500,120.9300,1881500,120.0656
2023-12-01,120.7000,122.6300,119.9500,122.6000,1645800,121.7237
2023-12-04,122.1300,123.5800,121.8400,123.3900,1604700,122.5081
2023-12-05,122.5600,123.2300,122.0900,122.9000,1548100,122.0216
2023-12-06,123.2400,124.8100,122.7800,123.8600,1314800,122.9747
2023-12-07,123.9900,124.8700,123.2700,124.7400,1553800,123.8484
2023-12-08,124.3000,125.0600,123.6300,123.8800,1282900,122.9946
2023-12-11,123.9600,124.8300,123.5600,124.7700,1640200,123.8782
2023-12-12,125.6900,126.4300,124.1900,126.1300,1687200,125.2285
2023-12-13,126.8100,131.6200,126.5700,131.4000,3413000,130.4608
2023-12-14,132.3600,133.6200,131.9500,132.7500,2889200,131.8012
2023-12-15,133.0000,133.8900,131.1800,131.7800,2525800,130.8381
2023-12-18,132.1100,132.1100,130.3600,130.8300,1181500,129.8949
2023-12-19,131.4200,133.1600,131.2700,132.9200,1401800,131.9700
2023-12-20,131.7900,131.8100,128.8500,128.8800,1692300,128.0783
2023-12-21,129.8100,131.0800,129.8100,130.9100,1268300,130.0957
2023-12-22,131.7400,134.2600,131.7400,133.7700,1665200,132.9379
2023-12-26,134.4000,135.3300,133.7100,135.0300,1292900,134.1900
2023-12-27,135.8700,136.9200,135.3000,136.8600,1842800,136.0087
2023-12-28,136.6700,137.8500,136.5000,137.0300,1747200,136.1776
2023-12-29,137.0600,137.0600,135.6000,135.8500,1041100,135.0050
2024-01-02,134.9300,139.0500,134.6500,138.0700,2308800,137.2111
2024-01-03,137.7600,137.8600,135.4000,135.9200,2103300,135.0745
2024-01-04,136.3500,137.1400,135.8100,136.5200,1635300,135.6708
2024-01-05,135.9400,136.8300,134.2400,136.1200,2250700,135.2733
2024-01-08,135.1000,139.4100,134.5300,139.3900,1968300,138.5229
2024-01-09,138.3000,139.4900,137.6400,138.9400,2056400,138.0758
2024-01-10,138.9500,138.9500,136.8200,137.9600,1864400,137.1018
2024-01-11,137.5200,137.5200,135.4500,136.8800,1627800,136.0285
2024-01-12,137.4200,138.9300,136.8500,137.1300,1329500,136.2770
2024-01-16,136.1800,136.2200,134.8500,135.9300,2223200,135.0845
2024-01-17,135.0500,135.2200,133.8900,135.0200,1163100,134.1801
2024-01-18,134.8100,134.8600,133.4300,134.5500,1613900,133.7130
2024-01-19,134.5500,135.4800,133.4500,135.1800,1332900,134.3391
2024-01-22,134.5700,136.1100,134.4000,135.6200,1823700,134.7764
2024-01-23,135.8400,136.4200,135.0200,136.3600,1125300,135.5118
2024-01-24,137.0100,137.0100,134.7200,134.8000,1959900,133.9615
2024-01-25,135.4900,136.5200,134.9100,135.6900,2536200,134.8459
2024-01-26,135.8800,136.7500,135.3200,135.3500,2099900,134.5081
2024-01-29,135.3500,137.5400,134.6300,137.4900,1490400,136.6348
2024-01-30,136.8800,137.0400,135.7500,136.5800,2035900,135.7304
2024-01-31,136.3700,136.6900,134.2300,134.3800,1868900,133.5441
2024-02-01,134.6300,136.4900,133.8300,136.2500,2173000,135.4025
2024-02-02,135.2200,135.5000,133.7800,134.6000,2165300,133.7627
2024-02-05,134.0400,135.2700,132.8700,134.8500,2247000,134.0112
2024-02-06,134.7100,136.1600,134.4400,136.1400,2276000,135.2931
2024-02-07,135.6700,135.6700,133.4300,133.7200,1844800,132.8882
2024-02-08,133.7300,134.5500,133.1500,134.2500,1252600,133.4149
2024-02-09,134.3400,134.8900,133.9200,134.5900,1675800,133.7528
2024-02-12,134.9300,135.7800,134.0900,135.7600,1358200,134.9155
2024-02-13,133.1100,133.7100,131.2700,132.3000,2290200,131.4771
2024-02-14,133.3600,134.9000,133.2400,134.8000,1492200,133.9615
2024-02-15,135.1000,136.7700,134.7600,136.5200,1912700,135.6708
2024-02-16,135.9300,136.9000,135.4100,135.7300,2247600,134.8857
2024-02-20,135.1900,136.0600,134.1600,134.8700,2035500,134.0310
2024-02-21,134.8400,135.4600,134.0800,135.2600,1549400,134.4186
2024-02-22,135.5300,137.7900,135.1500,137.1700,1342300,136.3167
2024-02-23,137.3700,138.8200,137.3700,138.1900,1259000,137.3304
2024-02-26,137.8700,139.4000,137.6700,139.1600,2567300,138.2944
2024-02-27,139.6500,141.1600,138.7900,140.8900,2326000,140.0136
2024-02-28,140.4100,140.7700,139.3200,139.4200,2958800,138.5527
2024-02-29,140.3400,140.6600,136.5400,136.8400,3291700,135.9888
2024-03-01,137.2400,140.4400,137.1100,139.8100,2449100,138.9403
2024-03-04,139.8500,140.1900,138.0500,138.5100,2096600,137.6484
2024-03-05,138.0600,139.0500,136.8500,137.3400,2903300,136.4857
2024-03-06,137.9700,138.5100,137.5100,137.8700,1333500,137.0124
2024-03-07,138.5500,139.1600,137.7900,138.3200,1824500,137.4596
2024-03-08,138.9300,140.2200,138.1400,138.6500,2040400,137.7875
2024-03-11,138.6300,140.0100,138.4400,138.7000,1237500,137.8372
2024-03-12,138.9700,138.9700,137.5700,138.0400,1428900,137.1813
2024-03-13,138.2600,139.2800,137.6600,138.2600,1248100,137.3999
2024-03-14,138.0700,138.2400,134.7600,135.7100,2746600,134.8658
2024-03-15,135.4200,136.9900,135.3400,135.9200,2384500,135.0745
2024-03-18,136.0100,136.4300,135.1900,135.2600,1673700,134.4186
2024-03-19,135.0600,136.3600,134.8600,136.1400,1300100,135.2931
2024-03-20,135.8300,136.6100,134.2700,136.4900,1948000,135.6410
2024-03-21,137.6200,138.6200,137.2000,137.2300,1635400,136.5024
2024-03-22,137.1600,137.4000,136.0300,136.2500,2043400,135.5276
2024-03-25,136.2700,136.9400,135.6800,136.0100,1117500,135.2888
2024-03-26,136.4100,137.2000,135.8500,135.8700,1146700,135.1496
2024-03-27,136.5600,137.8100,135.8300,137.7900,1274000,137.0594
2024-03-28,138.4000,138.4000,137.1300,137.2200,1441200,136.4924
2024-04-01,137.2100,137.2100,135.5000,136.8100,1435100,136.0846
2024-04-02,135.8600,135.8600,133.5900,133.8900,1384900,133.1801
2024-04-03,133.3200,134.1300,133.1600,133.5300,1116800,132.8220
2024-04-04,134.3800,134.9400,131.4700,131.6300,1198600,130.9321
2024-04-05,131.5200,133.3400,130.5500,132.5100,1358100,131.8074
2024-04-08,132.5500,132.8600,131.8200,132.6700,724400,131.9666
2024-04-09,133.1100,134.6400,133.1000,134.2700,1349900,133.5581
2024-04-10,132.0700,132.1500,131.1600,131.8500,1716200,131.1509
2024-04-11,132.3200,133.3600,131.4500,132.3300,1318300,131.6283
2024-04-12,131.4400,131.6300,128.9800,129.5800,2165700,128.8929
2024-04-15,130.4100,130.4100,127.4800,127.8400,2542400,127.1622
2024-04-16,127.5400,127.8900,126.8300,126.9700,1753600,126.2968
2024-04-17,127.4900,127.6200,125.8700,125.8900,1444700,125.2225
2024-04-18,125.3100,125.9200,124.5600,124.6400,2114700,123.9791
2024-04-19,125.0300,125.5700,123.6000,124.7200,1996800,124.0587
2024-04-22,125.3200,127.0900,124.7800,126.1100,1873200,125.4413
2024-04-23,126.5900,128.8800,126.5900,128.0200,1926700,127.3412
2024-04-24,128.0000,128.8600,127.3800,127.7600,1238600,127.0826
2024-04-25,126.7800,127.2700,124.4000,125.6700,2024200,125.0037
2024-04-26,125.9500,126.9300,125.0500,126.4900,833000,125.8193
2024-04-29,126.7600,129.0700,126.5200,128.3700,1761000,127.6893
2024-04-30,127.4100,128.1900,126.8800,126.9200,1075300,126.2470
2024-05-01,127.2200,131.3200,126.9900,129.4900,2006300,128.8034
2024-05-02,130.5700,131.2500,128.9400,130.6500,2786500,129.9572
2024-05-03,132.9000,134.0600,132.6000,132.9600,1804200,132.2550
2024-05-06,133.1400,133.5500,131.8500,133.0200,2140500,132.3147
2024-05-07,133.3200,133.5400,132.4700,133.2800,1220400,132.5733
2024-05-08,132.6200,133.4100,132.1500,132.5900,1257500,131.8870
2024-05-09,132.6500,133.7200,132.2200,133.4200,994500,132.7126
2024-05-10,133.8200,134.6700,133.1800,133.4000,1083400,132.6927
2024-05-13,133.7300,135.1300,133.7300,134.4100,1311400,133.6973
2024-05-14,134.5600,135.9200,134.5600,135.4700,1619100,134.7517
2024-05-15,136.5400,137.7800,136.3800,137.3400,1372600,136.6118
2024-05-16,137.2200,137.5000,136.0100,137.2900,1019100,136.5620
2024-05-17,137.0000,137.4400,136.0900,136.6900,906500,135.9652
2024-05-20,136.8300,137.8000,136.2700,137.5100,647900,136.7809
2024-05-21,137.0400,137.3700,136.0800,136.9100,829000,136.1841
2024-05-22,136.6800,138.7900,136.5900,137.8900,1849200,137.1589
2024-05-23,137.6800,137.6800,135.1800,135.6300,1347700,134.9109
2024-05-24,135.9700,136.3200,135.4900,135.6700,1594100,134.9507
2024-05-28,136.0000,136.2900,133.2400,134.0800,1244200,133.3691
2024-05-29,133.2500,133.2500,131.5500,132.5100,2721400,131.8074
2024-05-30,132.7100,133.5900,131.5700,133.3500,1976400,132.6430
2024-05-31,133.3700,134.8100,132.9000,133.8800,1710400,133.1702
2024-06-03,134.0300,136.9500,133.5900,135.5000,1317500,134.7815
2024-06-04,135.2000,136.2100,134.7800,135.4800,1314500,134.7616
2024-06-05,136.0900,138.1600,135.2300,138.0600,1014200,137.3280
2024-06-06,138.4800,138.4800,137.2100,137.6000,846500,136.8704
2024-06-07,136.7600,137.6000,136.1100,136.7200,844200,135.9951
2024-06-10,136.0100,137.2200,135.0300,136.9400,2069800,136.2139
2024-06-11,135.9400,137.1700,135.4900,136.8100,815400,136.0846
2024-06-12,138.7000,138.8400,137.2300,137.8100,1168300,137.0793
2024-06-13,137.3000,137.8200,136.7900,137.3300,947300,136.6018
2024-06-14,136.1000,137.0400,135.8500,136.4500,803800,135.7265
2024-06-17,135.7700,136.0800,135.2000,135.4400,995700,134.7219
2024-06-18,135.1300,135.7700,134.2600,134.3800,922100,133.6675
2024-06-20,134.0700,135.9900,133.7600,135.7000,1213500,134.9804
2024-06-21,136.6500,137.7300,136.6500,137.3400,1244400,136.6118
2024-06-24,139.2200,140.6200,138.9800,139.9600,2003400,139.2179
2024-06-25,140.0300,140.8700,139.3900,139.5300,1326000,138.7902
2024-06-26,139.0000,139.0000,137.6500,137.9200,990000,137.1887
2024-06-27,137.7500,138.1400,136.9700,137.9100,1001900,137.1788
2024-06-28,137.9900,138.3300,136.4200,137.2600,1282700,136.5322
2024-07-01,137.0200,139.5400,136.4800,136.9700,988600,136.2438
2024-07-02,136.5100,136.8300,135.5000,136.0200,1272000,135.2988
2024-07-03,136.2700,136.5400,134.7400,135.0900,1045800,134.3737
2024-07-05,135.3000,136.4200,134.7600,136.2000,870900,135.4778
2024-07-08,137.1000,138.0100,136.8700,137.7300,1403600,136.9997
2024-07-09,137.8000,138.9700,137.3300,138.8600,1097900,138.1237
2024-07-10,139.2400,140.5900,138.8400,140.5300,1456100,139.7849
2024-07-11,141.2300,144.4400,141.2300,143.8500,2659400,143.0873
2024-07-12,145.4700,146.3400,144.5400,145.0300,2007100,144.2610
2024-07-15,145.6100,145.8100,144.4800,145.1500,1368500,144.3803
2024-07-16,145.9200,148.3500,145.8100,147.9300,1242100,147.1456
2024-07-17,146.6600,148.6000,145.7300,146.3700,2130900,145.5939
2024-07-18,146.1100,147.8500,143.6100,144.1200,2063400,143.3559
2024-07-19,144.3300,144.7500,143.3700,144.0200,1302800,143.2564
2024-07-22,145.0000,146.5000,144.1200,146.2400,984500,145.4646
2024-07-23,145.7600,146.1900,145.0300,145.3500,932300,144.5793
2024-07-24,144.7100,146.6900,144.5000,145.6500,1529100,144.8777
2024-07-25,145.9800,149.2700,145.8700,147.0300,1901100,146.2504
2024-07-26,147.5100,149.4500,147.3700,148.2600,902000,147.4739
2024-07-29,148.5200,148.5400,146.9600,147.9100,1879600,147.1257
2024-07-30,148.1400,149.5300,146.9200,147.8800,1066900,147.0959
2024-07-31,148.4900,150.1700,147.4500,147.9700,1262000,147.1854
2024-08-01,147.2900,148.5400,146.7500,147.1000,1066400,146.3200
2024-08-02,145.4300,145.4500,142.1700,144.1700,2915800,143.4055
2024-08-05,139.4800,141.4200,137.6900,140.1000,2036800,139.3571
2024-08-06,140.7000,142.9000,139.5900,140.7300,1420700,139.9838
2024-08-07,142.1900,142.1900,137.9000,138.1900,1702100,137.4573
2024-08-08,139.0000,142.2800,138.2400,142.1800,1381500,141.4261
2024-08-09,142.4600,142.6700,141.2700,142.1700,1041000,141.4162
2024-08-12,142.7100,142.7100,140.5300,141.5600,891900,140.8094
2024-08-13,141.6400,143.8300,141.5500,143.5500,940600,142.7889
2024-08-14,144.0000,144.0000,142.3100,142.7900,769400,142.0329
2024-08-15,143.8000,145.2200,143.6400,144.9500,1044300,144.1814
2024-08-16,145.1700,145.2100,143.7900,144.8500,966400,144.0820
2024-08-19,145.0000,147.8300,144.6300,147.8000,1164000,147.0163
2024-08-20,147.6100,148.0400,147.0000,147.3800,1059300,146.5986
2024-08-21,148.1700,148.7900,147.5200,148.1500,751800,147.3645
2024-08-22,148.2500,148.5800,146.2000,146.4500,584000,145.6735
2024-08-23,146.9800,148.6400,146.7000,147.9500,988200,147.1655
2024-08-26,148.7700,148.8400,147.7300,147.8800,479200,147.0959
2024-08-27,147.8600,148.1600,146.6000,147.8700,427200,147.0860
2024-08-28,147.2200,148.8000,147.2200,147.7800,1043300,146.9964
2024-08-29,148.5000,150.0000,147.8200,148.2800,745200,147.4938
2024-08-30,148.3600,149.1700,146.5500,148.1700,778500,147.3844
2024-09-03,147.8800,149.2500,145.3400,145.6600,1207400,144.8877
2024-09-04,145.0000,146.4500,144.5000,145.5000,1194800,144.7285
2024-09-05,145.6100,145.7500,143.6000,144.7900,1079400,144.0223
2024-09-06,145.2700,145.6400,141.8000,142.7500,1310100,141.9931
2024-09-09,143.1600,145.4700,143.1500,144.5300,921900,143.7637
2024-09-10,144.4800,144.9800,143.0400,144.9200,860700,144.1516
2024-09-11,144.4500,145.8100,142.7800,145.6200,907800,144.8479
2024-09-12,144.8500,146.0600,143.3200,145.5600,1302500,144.7882
2024-09-13,145.6600,147.9300,145.6600,147.8100,1365900,147.0263
2024-09-16,148.4400,148.7000,147.3300,148.0900,1038300,147.3048
2024-09-17,148.2300,149.2600,147.1100,147.8300,1152800,147.0461
2024-09-18,148.1000,149.9600,147.3600,147.5200,1153300,146.7378
2024-09-19,150.2400,150.5700,148.9300,149.4700,1535700,148.6775
2024-09-20,149.3600,149.3600,147.4100,147.9800,1875600,147.1954
2024-09-23,148.3900,148.5200,145.4300,145.5800,1223000,144.8081
2024-09-24,145.6000,145.7700,144.4400,145.0800,1351300,144.3107
2024-09-25,145.0100,145.2400,142.3500,142.6800,1004400,142.1194
2024-09-26,144.1600,144.5700,143.4400,144.2400,727100,143.6733
2024-09-27,145.0000,146.0400,144.6000,144.9000,1195500,144.3307
2024-09-30,144.8900,145.9600,144.0800,145.6000,1168200,145.0279
2024-10-01,145.3900,145.8600,143.2300,144.7700,1401000,144.2012
2024-10-02,144.2600,145.0800,142.9900,144.8000,792900,144.2311
2024-10-03,144.0900,144.5500,142.4300,142.6100,806200,142.0497
2024-10-04,143.2700,144.3500,142.9200,143.9000,650100,143.3346
2024-10-07,143.6400,143.6400,141.7000,142.1800,968300,141.6214
2024-10-08,142.4100,143.3800,141.9900,143.0000,619000,142.4381
2024-10-09,142.8200,143.4700,142.3100,143.1400,939600,142.5776
2024-10-10,142.9100,143.4600,141.7700,143.1500,844500,142.5875
2024-10-11,143.1000,145.6600,142.7800,145.5900,2178900,145.0180
2024-10-14,145.2300,146.0000,144.5000,145.7100,1221600,145.1375
2024-10-15,145.7200,146.4800,145.4500,145.8200,706200,145.2471
2024-10-16,146.3700,146.7200,145.3700,146.4000,714800,145.8248
2024-10-17,146.6500,147.1600,145.6500,145.6900,556700,145.1176
2024-10-18,145.9500,146.3200,144.9300,145.9100,815300,145.3367
2024-10-21,145.5000,145.8300,143.4900,143.9900,1379800,143.4242
2024-10-22,143.2100,144.2100,142.6500,144.0000,1233400,143.4342
2024-10-23,143.3200,143.9900,141.5100,142.1600,1291000,141.6014
2024-10-24,142.3600,143.2300,141.5100,141.5900,730400,141.0337
2024-10-25,142.2000,142.8900,141.4600,141.5100,745400,140.9540
2024-10-28,142.2900,143.5300,142.2300,142.7400,720800,142.1792
2024-10-29,142.5300,143.0200,141.7900,142.4200,687500,141.8604
2024-10-30,141.9500,143.5100,141.8600,142.4100,1020900,141.8504
2024-10-31,141.2400,141.5400,139.9600,140.2900,1645100,139.7388
2024-11-01,140.8900,143.0900,140.8900,142.7800,1390700,142.2190
2024-11-04,142.3800,143.6900,141.6400,142.8500,1090300,142.2887
2024-11-05,142.1700,145.0800,141.8500,145.0600,938600,144.4900
2024-11-06,147.6000,148.0900,145.0200,146.6000,1570200,146.0240
2024-11-07,147.7500,148.5100,147.3800,148.0200,1344700,147.4384
2024-11-08,147.9700,149.1500,147.5800,148.8500,1271800,148.2652
2024-11-11,149.3500,150.0400,147.7200,147.7200,1016200,147.1396
2024-11-12,147.0100,147.6800,144.1400,144.3600,1335400,143.7928
2024-11-13,145.3300,146.1100,143.8000,143.8000,961400,143.2350
2024-11-14,143.4000,143.5700,139.9400,140.0900,2134000,139.5396
2024-11-15,139.0000,139.1300,133.1900,133.3800,3546400,132.8559
2024-11-18,133.3700,133.8900,132.2400,133.0400,1533600,132.5173
2024-11-19,131.9100,133.4600,131.5600,133.3900,1312200,132.8659
2024-11-20,133.5500,135.0300,132.7400,134.8400,1272300,134.3102
2024-11-21,135.5100,136.6200,133.6200,136.1000,1324300,135.5652
2024-11-22,136.3300,138.3800,135.9800,137.9600,1260000,137.4180
2024-11-25,139.5300,141.1000,139.3700,139.9100,3319900,139.3603
2024-11-26,138.8300,140.3900,137.4300,140.2300,1801000,139.6790
2024-11-27,140.7100,141.9000,140.4000,141.5900,1151100,141.0337
2024-11-29,142.1700,142.1700,140.9800,141.5500,1585100,140.9939
2024-12-02,141.3600,142.2100,141.0000,141.7300,991100,141.1731
2024-12-03,141.9300,141.9300,139.8500,140.0000,1136600,139.4499
2024-12-04,139.9200,141.4900,139.2400,140.9600,1304500,140.4061
2024-12-05,140.6000,141.1200,139.5800,139.9500,751100,139.4001
2024-12-06,140.3800,142.2300,140.2400,141.3000,1627400,140.7448
2024-12-09,141.6700,142.8400,141.3500,141.7400,1255800,141.1831
2024-12-10,141.5700,142.1100,140.2200,140.5600,1281500,140.0077
2024-12-11,140.5400,141.3200,139.4300,140.1000,1033800,139.5495
2024-12-12,139.2600,139.7400,137.5800,137.6700,1492400,137.1291
2024-12-13,137.1800,137.6500,135.8400,136.6100,1400300,136.0732
2024-12-16,136.9200,138.5400,136.2400,137.2500,1510000,136.7107
2024-12-17,136.7100,138.6700,136.4700,137.6600,2653300,137.1811
2024-12-18,137.6100,137.9600,131.6700,132.3200,2210700,131.8597
2024-12-19,131.1300,132.0400,129.6100,131.2100,2418800,130.7535
2024-12-20,130.7300,134.0200,130.5100,132.7300,1998600,132.2682
2024-12-23,132.3700,133.7500,131.9700,133.6100,1624000,133.1452
2024-12-24,133.5800,134.0200,132.5000,133.9500,462800,133.4840
2024-12-26,133.3600,134.8100,132.9000,134.6700,879900,134.2015
2024-12-27,133.7400,134.9000,132.7400,133.5200,838900,133.0555
2024-12-30,132.3200,132.6500,130.9800,131.6700,1035200,131.2119
2024-12-31,132.0600,133.0600,131.3700,132.2100,1334500,131.7501
2025-01-02,132.9400,134.0600,132.3600,132.9100,1077000,132.4476
2025-01-03,133.1700,134.7500,132.8900,134.1500,840900,133.6833
2025-01-06,134.1500,135.5200,133.8100,134.2900,1145500,133.8228
2025-01-07,134.4500,137.0700,134.4500,135.4700,1549600,134.9987
2025-01-08,135.3300,135.4100,134.1600,134.8300,1339900,134.3609
2025-01-10,133.5400,133.8100,131.7600,132.7300,2770600,132.2682
2025-01-13,131.4900,134.0600,130.8100,134.0200,1446900,133.5538
2025-01-14,134.3600,134.5900,131.2200,131.5700,2304900,131.1123
2025-01-15,133.0000,134.6200,132.5000,133.4200,2360700,132.9558
2025-01-16,133.2900,133.5100,132.0600,132.9600,1113500,132.4974
2025-01-17,133.9300,134.1400,132.6100,132.6500,1236500,132.1885
2025-01-21,133.6200,136.4200,133.5300,136.1000,1283900,135.6265
2025-01-22,136.1000,137.0100,135.7400,136.2900,1988200,135.8158
2025-01-23,136.0200,138.4500,134.6400,138.2500,2047100,137.7690
2025-01-24,137.9900,138.6600,136.9800,137.3000,1144600,136.8223
2025-01-27,137.2600,139.5700,136.9800,138.3700,1483700,137.8886
2025-01-28,138.5500,139.1700,137.4900,138.1600,1389700,137.6794
2025-01-29,137.8400,138.9100,136.5400,137.4900,1014600,137.0117
2025-01-30,138.2800,139.6800,137.7100,138.8700,770500,138.3869
2025-01-31,139.0400,140.9400,138.4200,138.6600,1279300,138.1776
2025-02-03,136.5500,138.8900,136.4700,137.8500,1031800,137.3704
2025-02-04,137.5500,139.6800,136.8900,138.8100,1475500,138.3271
2025-02-05,139.5900,142.6200,139.4900,142.3300,1616300,141.8349
2025-02-06,142.7300,142.8000,140.4700,140.5600,2120100,140.0710
2025-02-07,140.3300,140.6700,137.6300,137.6700,2195000,137.1911
2025-02-10,138.0700,138.2400,135.8400,136.1500,1295800,135.6763
2025-02-11,134.7500,134.9700,133.8900,134.2400,1331100,133.7730
2025-02-12,133.3100,135.7400,133.0400,135.4700,1792400,134.9987
2025-02-13,135.8300,137.1800,134.9500,137.0400,1176600,136.5632
2025-02-14,137.2900,138.5700,136.3400,136.5500,1190800,136.0750
2025-02-18,136.9400,138.4100,136.5700,137.1100,1034200,136.6330
2025-02-19,137.0500,138.8300,136.8500,138.7400,996000,138.2573
2025-02-20,139.1800,139.6100,138.3900,139.4300,1439300,138.9449
2025-02-21,140.0300,140.7300,138.7800,138.9100,1258800,138.4267
2025-02-24,139.0600,140.1900,138.7200,138.7400,798700,138.2573
2025-02-25,138.7800,139.3400,137.0000,137.8600,837500,137.3804
2025-02-26,137.8100,138.8000,136.6000,137.0400,649300,136.5632
2025-02-27,136.9500,138.4600,135.4200,135.4800,1234400,135.0087
2025-02-28,135.0900,137.0900,134.9300,137.0300,1354100,136.5533
2025-03-03,137.2600,137.9500,133.7000,134.2400,1599100,133.7730
2025-03-04,133.5100,135.5000,132.7400,134.3600,1871000,133.8926
2025-03-05,134.3500,137.1300,134.3000,136.7900,845700,136.3141
2025-03-06,135.3600,137.2600,135.0700,136.2100,801700,135.7361
2025-03-07,135.8200,138.2900,135.4500,136.9500,1054600,136.4736
2025-03-10,135.3300,137.5700,135.0700,135.8400,1232400,135.3674
2025-03-11,135.5800,135.7000,132.1200,133.9900,1634400,133.5239
2025-03-12,134.1700,134.9800,133.1700,134.2500,1190300,133.7830
2025-03-13,134.2300,135.4800,132.4800,133.1400,1225500,132.6768
2025-03-14,133.9000,135.0100,133.3800,134.1900,989400,133.7232
2025-03-17,133.7800,136.5700,133.7800,136.1000,740000,135.6265
2025-03-18,135.2000,135.4900,133.9400,134.0900,509400,133.7424
2025-03-19,133.7400,134.9600,133.2000,134.5700,891200,134.2212
2025-03-20,133.7600,134.7800,132.5300,132.7400,1786300,132.3959
2025-03-21,132.5800,134.0300,131.9700,133.5800,1185200,133.2337
2025-03-24,134.4900,135.6700,134.0200,135.3100,752800,134.9592
2025-03-25,135.3800,135.5000,132.0800,132.9700,915500,132.6253
2025-03-26,132.9500,132.9600,130.8300,131.1400,600600,130.8000
2025-03-27,131.1900,132.4600,131.1600,131.5800,881600,131.2389
2025-03-28,131.4200,131.8500,129.9700,130.2900,1278000,129.9522
2025-03-31,127.5700,128.5500,124.9800,127.9000,1646800,127.5685
2025-04-01,127.7500,128.0600,124.1500,124.4400,2561900,124.1174
2025-04-02,123.2800,126.8800,123.2100,126.7900,1659300,126.4613
2025-04-03,123.9400,126.1000,123.5000,123.7900,1322900,123.4691
2025-04-04,121.5500,122.3300,117.0200,117.1600,3213800,116.8563
2025-04-07,113.4100,119.9400,111.2300,116.2100,2694000,115.9088
2025-04-08,118.5000,118.8000,110.5600,112.0200,2731500,111.7296
2025-04-09,109.1900,119.3700,107.4300,118.6300,3602300,118.3225
2025-04-10,116.3000,116.6400,109.6800,113.1400,2173200,112.8467
2025-04-11,113.4000,117.1800,112.4100,116.9600,2044200,116.6568
2025-04-14,119.1100,120.9800,117.6000,120.3000,3415700,119.9882
2025-04-15,120.1300,121.0900,118.9200,119.8500,1908300,119.5393
2025-04-16,119.2700,119.6300,116.6600,117.7900,1243000,117.4847
2025-04-17,117.6100,118.6200,116.9200,118.2900,1184600,117.9834
2025-04-21,117.1800,119.1800,116.2500,117.2400,1343500,116.9361
2025-04-22,119.4600,120.6300,118.2300,120.4300,991100,120.1178
2025-04-23,122.4500,124.7000,121.7500,122.0000,2088900,121.6838
2025-04-24,122.1800,124.2800,121.3700,124.2000,2728700,123.8781
2025-04-25,122.9400,123.6000,121.6600,123.2200,1244000,122.9006
2025-04-28,123.5700,125.2600,123.2900,124.6200,1740900,124.2970
2025-04-29,123.7800,125.6100,122.4500,124.7500,2267400,124.4266
2025-04-30,124.2700,126.9400,123.6800,126.5800,1150900,126.2519
2025-05-01,126.6700,126.6700,123.2300,124.8800,1757500,124.5563
2025-05-02,126.7000,128.0800,125.8900,126.6000,2470300,126.2718
2025-05-05,126.0000,126.7600,125.3100,125.8600,874800,125.5337
2025-05-06,123.9300,124.3200,118.2700,118.6000,3506400,118.2926
2025-05-07,119.1900,119.9100,118.3300,119.4000,1383900,119.0905
2025-05-08,118.2800,120.3200,116.2500,119.1800,4415800,118.8711
2025-05-09,119.3300,120.6100,116.4900,116.6300,2304500,116.3277
2025-05-12,117.9600,122.5300,117.9600,122.0500,3268600,121.7336
2025-05-13,121.2800,121.7500,119.1700,119.5300,2555000,119.2201
2025-05-14,119.7000,120.3200,116.8200,116.9200,2284800,116.6169
2025-05-15,117.1400,119.2400,116.4900,119.2400,2018000,118.9309
2025-05-16,119.3400,121.2100,118.5200,121.1600,1051500,120.8459
2025-05-19,120.2200,122.6600,120.2200,122.5100,1441000,122.1924
2025-05-20,122.7700,125.0500,122.1900,124.6700,1532000,124.3468
2025-05-21,124.3800,124.7800,121.2600,121.6900,1904400,121.3746
2025-05-22,121.6400,121.9000,120.5800,121.4200,1390200,121.1053
2025-05-23,120.7600,121.6200,119.7800,121.2500,732700,120.9357
2025-05-27,123.1700,123.6000,122.2300,122.8500,2001100,122.5316
2025-05-28,122.6000,123.2500,121.6800,121.9100,2203100,121.5940
2025-05-29,122.8100,124.2600,121.6100,124.2400,2132400,123.9179
2025-05-30,122.3500,122.3700,120.3300,121.7200,2799700,121.4045
2025-06-02,122.3000,124.1200,121.5100,123.7100,2234600,123.3893
2025-06-03,123.6300,125.6100,122.5500,124.8300,2045600,124.5064
2025-06-04,125.5600,126.7700,124.9400,125.1200,1723800,124.7957
2025-06-05,125.5000,126.2300,123.9100,125.0600,1476000,124.7358
2025-06-06,126.1600,127.4000,125.8500,126.9600,797400,126.6309
2025-06-09,128.1900,128.4200,126.2100,127.5900,2600600,127.2593
2025-06-10,128.0200,129.5400,127.5500,128.7900,2771400,128.4561
2025-06-11,129.3800,129.7200,127.8200,127.8600,2652700,127.5286
2025-06-12,127.8900,129.2700,127.3100,129.0000,2437900,128.6656
2025-06-13,127.4700,128.7300,126.8900,128.0000,3170400,127.6682
2025-06-16,128.4500,128.4900,126.3300,127.8500,2295500,127.5186
2025-06-17,127.0600,127.6200,125.1500,125.3200,2157100,124.9951
2025-06-18,125.3800,126.7700,124.3800,125.7700,1426900,125.4440
2025-06-20,126.4100,126.9000,124.7700,125.5100,1255900,125.1847
2025-06-23,125.7100,126.1000,123.6100,124.9400,1782100,124.6161
2025-06-24,125.9200,127.7200,125.2500,127.4100,1584700,127.0797
2025-06-25,127.0700,127.1700,125.7700,126.6900,1024900,126.3616
2025-06-26,127.0600,127.5200,126.3200,127.0100,1728700,126.6808
2025-06-27,127.1100,127.7400,125.9000,126.4700,1513900,126.1422
2025-06-30,126.7400,127.2900,126.0100,126.5100,1516400,126.1821
2025-07-01,126.3900,129.9500,125.7000,127.6300,1766700,127.2992
2025-07-02,127.5600,129.9500,127.1900,129.5500,1638400,129.2142
2025-07-03,129.9500,130.2900,129.2100,130.0000,659000,129.6630
2025-07-07,129.4100,129.9500,127.1100,128.1200,1987800,127.7879
2025-07-08,128.2400,130.5300,128.0600,129.3300,2335800,128.9948
2025-07-09,130.6500,132.5800,129.9900,132.2900,2454200,131.9471
2025-07-10,132.4500,134.1600,131.7500,133.6500,1513700,133.3035
2025-07-11,132.7700,133.0300,131.3600,131.5900,1653100,131.2489
2025-07-14,131.1300,132.5300,130.9100,131.8900,746000,131.5481
2025-07-15,132.5000,132.8200,128.9300,129.0500,1471800,128.7155
2025-07-16,129.4800,131.4500,129.4800,131.1800,1051100,130.8400
2025-07-17,131.0800,132.2900,130.8800,131.7400,1026100,131.3985
2025-07-18,132.1500,132.9600,129.4400,129.7300,1114300,129.3937
2025-07-21,130.3000,130.9000,128.8400,129.1300,956600,128.7953
2025-07-22,129.8500,133.1800,129.8500,132.8400,1037600,132.4957
2025-07-23,134.1600,135.6600,133.4900,135.4100,1292700,135.0590
2025-07-24,135.4400,136.3600,135.0500,135.4300,1073100,135.0789
2025-07-25,135.6400,135.8800,134.3300,135.5000,924300,135.1487
2025-07-28,135.2800,135.7800,133.6200,134.1100,2209700,133.7624
2025-07-29,133.9700,134.3100,133.0800,133.8600,1284500,133.5130
2025-07-30,134.2600,135.4000,132.8900,133.7000,967600,133.3534
2025-07-31,133.7000,135.7200,132.4300,132.7600,2140500,132.4159
2025-08-01,132.0800,133.3900,130.9800,133.0400,1944700,132.6951
2025-08-04,133.6100,135.7100,132.8300,135.3700,960600,135.0191
2025-08-05,134.1000,134.4200,132.8200,133.4100,1642400,133.0642
2025-08-06,132.9300,132.9600,130.5500,131.4900,2477000,131.1492
2025-08-07,131.6500,132.0100,130.2500,131.2300,1468400,130.8898
2025-08-08,132.0200,132.9400,131.4400,132.0400,1306800,131.6977
2025-08-11,131.6800,132.7300,131.3600,131.7400,1507200,131.3985
2025-08-12,131.9000,134.0600,131.8200,134.0000,2002000,133.6526
2025-08-13,134.5400,137.3100,134.5000,137.1000,2026800,136.7446
2025-08-14,136.2300,137.5100,135.6800,137.2700,1944100,136.9142
2025-08-15,137.9500,138.8700,137.3900,138.7600,1627000,138.4003
2025-08-18,138.9700,139.6800,138.2800,138.3800,1143700,138.0213
2025-08-19,138.4000,139.0900,137.6900,137.8900,1142600,137.5326
2025-08-20,137.5800,138.7900,137.3200,138.4200,1484400,138.0612
2025-08-21,138.0000,139.3200,137.1200,138.7600,929700,138.4003
2025-08-22,139.6100,141.6600,139.2500,139.8400,1313600,139.4775
2025-08-25,139.9900,140.2900,136.8900,137.0700,1575300,136.7147
2025-08-26,137.3900,138.5700,137.0900,138.4700,1412100,138.1111
2025-08-27,138.0600,138.9600,137.9900,138.5900,1071500,138.2307
2025-08-28,138.5900,139.0000,137.8300,138.2100,1240000,137.8517
2025-08-29,138.1300,138.8600,137.6400,138.2200,1213400,137.8617
2025-09-02,139.2000,141.1000,139.0300,140.4100,1826200,140.0460
2025-09-03,140.3900,141.9800,139.7100,140.3600,1653000,139.9962
2025-09-04,140.2700,140.7000,139.2400,140.3500,1698500,139.9862
2025-09-05,140.6500,143.2200,140.6500,143.1200,3304600,142.7490
2025-09-08,142.7400,142.7400,141.0400,142.2100,2216200,141.8414
2025-09-09,142.7100,143.2300,141.5400,142.9400,2018500,142.5695
2025-09-10,142.7300,142.7400,140.1700,140.6500,1885200,140.2854
2025-09-11,140.8100,143.8500,140.7300,143.8000,1596200,143.4272
2025-09-12,143.4000,143.4200,140.9400,140.9800,1629500,140.6145
2025-09-15,141.4300,141.5400,139.5600,140.7200,1852600,140.3552
2025-09-16,140.6000,141.5700,140.4000,140.9400,1170100,140.6576
2025-09-17,141.3700,143.3900,140.4500,141.0000,2380900,140.7175
2025-09-18,141.8200,143.7900,141.8200,143.6300,1067700,143.3422
2025-09-19,143.8200,144.3400,142.6100,142.7200,2476400,142.4341
2025-09-22,142.9900,143.8800,142.0400,143.4100,2928500,143.1227
2025-09-23,142.9800,143.5800,142.4100,142.4900,1299600,142.2045
2025-09-24,142.4000,142.8700,141.1900,141.6400,1852100,141.3562
2025-09-25,141.4400,141.5000,138.7900,139.0700,2134100,138.7914
2025-09-26,139.6000,141.0200,139.2000,140.9600,1936800,140.6776
2025-09-29,141.5600,142.7900,140.8300,142.4100,1829500,142.1247
2025-09-30,142.2300,144.8600,141.9200,144.3700,3350000,144.0807
2025-10-01,144.6500,149.3100,144.6500,148.5100,3771500,148.2125
2025-10-02,148.6800,149.6700,147.9500,149.6200,2213700,149.3202
2025-10-03,150.3200,151.6200,149.8300,151.0000,3416900,150.6975
2025-10-06,151.4100,151.7900,150.3200,150.5200,2434700,150.2184
2025-10-07,150.4900,150.9400,149.6400,150.4800,1962100,150.1785
2025-10-08,150.8200,153.0100,150.4300,151.9900,1831800,151.6855
2025-10-09,152.2300,152.9000,151.7700,152.0500,1216000,151.7454
2025-10-10,152.6300,152.6300,149.5700,149.9500,2957900,149.6496
2025-10-13,149.8800,151.7600,149.2000,150.9400,2210500,150.6376
2025-10-14,149.5400,152.4100,149.0900,151.3200,1640100,151.0168
2025-10-15,151.1600,153.8400,151.0100,153.3900,1652900,153.0827
2025-10-16,154.0900,156.3600,152.6400,153.4200,2043300,153.1126
2025-10-17,152.9100,154.6900,152.1700,154.1900,2557200,153.8811
2025-10-20,155.0300,157.0100,154.5600,156.4900,2520500,156.1765
2025-10-21,156.4000,157.1900,155.1800,156.0300,2281400,155.7174
2025-10-22,155.7300,156.3700,153.2500,153.9200,1239600,153.6116
2025-10-23,154.4100,154.9000,153.5000,154.5800,953900,154.2703
2025-10-24,155.7300,155.9300,154.9000,155.1600,1745900,154.8491
2025-10-27,156.6700,157.4400,156.0000,157.1100,3044400,156.7952
2025-10-28,156.7100,158.2900,156.4000,157.6600,1133900,157.3441
2025-10-29,157.5200,158.6400,156.1900,156.9700,1582900,156.6555
2025-10-30,156.5300,158.6200,155.0000,157.3100,2577300,156.9948
2025-10-31,156.7900,159.7900,156.0000,159.3800,1999400,159.0607
2025-11-03,158.9800,159.2300,154.6200,157.4600,2473800,157.1445
2025-11-04,155.8100,158.0600,154.6300,156.0800,2057900,155.7673
2025-11-05,155.5300,158.9800,155.1000,158.3100,2006400,157.9928
2025-11-06,157.6800,159.0500,157.3000,158.4300,1636600,158.1126
2025-11-07,157.3900,157.7200,154.9800,157.7200,2098800,157.4040
2025-11-10,158.9900,159.9400,158.3700,159.5400,1850000,159.2203
2025-11-11,159.8300,164.3300,159.4200,164.1400,4016700,163.8111
2025-11-12,164.4500,165.8100,163.5100,164.9600,3101000,164.6295
2025-11-13,164.2200,166.2900,163.2400,163.3200,3989700,162.9928
2025-11-14,162.0300,165.9600,161.6600,164.1900,2523300,163.8610
2025-11-17,164.1100,167.1500,163.3900,165.2600,5183800,164.9289
2025-11-18,164.7600,167.1400,163.7800,166.4700,4622400,166.1365
2025-11-19,166.0500,166.7700,164.3900,165.2200,1945500,164.8890
2025-11-20,166.8100,168.5000,164.1100,164.2400,2594700,163.9109
2025-11-21,164.3800,168.7300,164.0500,167.5200,2873500,167.1844
2025-11-24,167.8400,170.2800,167.8400,169.7100,3462900,169.3700
2025-11-25,170.5700,172.4100,170.0700,172.3300,1794600,171.9847
2025-11-26,172.5500,174.2300,172.1400,173.6600,1759500,173.3121
2025-11-28,174.1400,174.4000,172.8400,173.8300,1007100,173.4817
2025-12-01,172.5500,172.6900,169.9000,170.1100,1834700,169.7692
2025-12-02,170.1600,171.0200,168.7900,169.2200,2899100,168.8810
2025-12-03,169.5900,172.4500,169.5500,172.2300,1865900,171.8849
2025-12-04,172.1400,172.8100,170.1000,172.1100,1711300,171.7652
2025-12-05,172.3000,172.7900,170.4900,171.1600,1139200,170.8171
2025-12-08,172.4800,172.6800,169.7300,169.9500,1514600,169.6095
2025-12-09,169.3800,170.6900,166.9400,167.0900,1545900,166.7552
2025-12-10,167.0700,169.3800,166.9100,168.9300,1326700,168.5915
2025-12-11,168.9600,170.6200,168.6200,170.2800,1590400,169.9388
2025-12-12,170.0100,170.4300,168.5200,169.4200,1621400,169.0806
2025-12-15,169.6500,170.6400,168.5800,169.3800,1358200,169.0406
2025-12-16,168.9600,169.3900,167.2900,168.1100,856400,167.9546
2025-12-17,168.4100,169.3200,167.4100,167.5300,1407500,167.3752
2025-12-18,166.8800,168.3300,165.7000,166.1900,1597600,166.0364
2025-12-19,166.9300,170.7400,166.7500,170.2000,2095800,170.0427
2025-12-22,170.4500,173.1600,170.2200,172.7700,1860800,172.6103
2025-12-23,172.4400,173.6000,171.9000,172.1000,1305100,171.9409
2025-12-24,172.2600,173.5300,172.2500,173.2500,637900,173.0899
2025-12-26,172.8900,172.9000,171.4000,172.0300,963500,171.8710
2025-12-29,171.4800,172.0300,170.3600,170.7600,1793900,170.6022
2025-12-30,170.7700,170.7700,168.3100,168.8900,1208800,168.7339
2025-12-31,169.1000,169.5800,168.1400,168.7700,1761900,168.6140
2026-01-02,169.6500,169.7700,167.4700,169.0000,1932800,168.8438
2026-01-05,168.5000,168.9900,165.0900,167.3400,2716500,167.1853
2026-01-06,167.3900,171.6100,167.3900,171.2400,1643900,171.0818
2026-01-07,172.4000,179.6400,172.2600,176.7400,3167200,176.5767
2026-01-08,175.3400,175.9000,170.6100,172.2600,2482500,172.1008
2026-01-09,173.9200,174.6600,172.1700,172.3900,2504800,172.2307
2026-01-12,172.0300,172.3800,169.1200,171.4000,1755600,171.2416
2026-01-13,171.5400,171.7600,170.0000,171.3200,1207200,171.1617
2026-01-14,170.9100,172.8900,170.6300,172.8300,1820400,172.6703
2026-01-15,172.4900,173.4200,170.3100,170.5600,1519600,170.4024
2026-01-16,171.7400,171.8400,169.6400,169.9600,1925000,169.8029
2026-01-20,167.6000,170.8800,165.8100,170.7200,2476600,170.5622
2026-01-21,170.6300,175.2500,170.2500,175.1600,2378000,174.9981
2026-01-22,175.3900,178.7400,174.5000,177.6400,1882100,177.4758
2026-01-23,177.4300,177.8800,174.7200,175.3300,1651400,175.1680
2026-01-26,174.3500,176.4100,173.3700,175.8500,1044800,175.6875
2026-01-27,176.1700,178.4800,175.9400,176.9000,999800,176.7365
2026-01-28,177.0600,177.0600,173.7100,174.0300,1595200,173.8692
2026-01-29,174.2400,175.1100,173.1800,174.2500,1041700,174.0890
2026-01-30,173.2400,175.2400,171.5200,172.4300,1990900,172.2706
2026-02-02,171.5200,174.2800,171.2100,174.1400,1585100,173.9791
2026-02-03,174.0800,176.8600,172.7100,173.8000,3665000,173.6394
2026-02-04,175.2000,175.6300,172.4800,174.0500,2978100,173.8891
2026-02-05,173.5900,176.2800,169.6700,170.0400,2848500,169.8828
2026-02-06,171.7900,175.1600,171.1700,174.9800,2486400,174.8183
2026-02-09,175.0200,175.0200,173.1100,174.3700,1570000,174.2088
2026-02-10,174.2100,174.4500,172.0100,172.0600,1657700,171.9010
2026-02-11,171.7100,172.8200,169.6200,172.7000,2624000,172.5404
2026-02-12,172.5000,173.0700,169.7800,170.6400,1701600,170.4823
2026-02-13,171.3700,175.0200,170.8000,172.5000,1569900,172.3406
2026-02-17,172.4900,174.8500,172.3900,174.0200,1930500,173.8592
2026-02-18,173.9000,175.2900,173.0700,174.7600,1412600,174.5985
2026-02-19,173.9400,175.2200,171.6500,175.0300,1597800,174.8682
2026-02-20,174.0500,175.1000,172.5000,174.3900,1342600,174.2288
2026-02-23,173.8700,176.7900,173.7000,175.1000,2804100,174.9382
2026-02-24,174.8400,176.8400,174.4300,176.3600,1365200,176.1970
2026-02-25,176.7500,178.2900,174.8500,175.3000,1580900,175.1380
2026-02-26,175.0900,175.0900,170.9000,173.8800,1250700,173.7193
2026-02-27,173.1400,175.6700,172.1600,175.3700,1386400,175.2079
2026-03-02,172.9100,174.7400,171.8500,173.9200,1708600,173.7593
2026-03-03,170.3600,171.6500,168.2500,170.1000,2531200,169.9428
2026-03-04,171.5000,173.5000,169.7800,172.9700,1526000,172.8102
2026-03-05,171.6400,171.6400,167.3700,168.6700,2210400,168.5141
2026-03-06,166.4800,167.9700,165.3100,167.5600,1883100,167.4052
2026-03-09,166.6200,171.4900,166.5500,171.2900,2234500,171.1317
2026-03-10,172.1200,174.0600,171.3100,172.2700,1235500,172.1108
2026-03-11,171.9600,172.6700,170.4200,170.8700,1121400,170.7121
2026-03-12,169.7700,169.7700,166.0400,166.2300,2600500,166.0764
2026-03-13,167.7200,169.0000,164.7800,165.5100,1877400,165.3570
2026-03-16,166.3900,168.8000,166.3900,167.1400,1199300,166.9855
2026-03-17,167.6500,168.4000,166.9600,167.1700,1570700,167.1375
2026-03-18,166.8100,166.8100,163.4000,163.7800,1719300,163.7482
2026-03-19,162.9000,165.4300,162.5100,164.4600,1346000,164.4281
2026-03-20,163.5700,165.3600,161.1700,161.6500,2528600,161.6186
2026-03-23,163.7200,165.3100,162.1700,162.6900,2084800,162.6584
2026-03-24,161.3400,162.3800,159.6800,161.6400,1424600,161.6086
2026-03-25,163.7100,166.7500,163.2500,165.7500,2030200,165.7178
2026-03-26,164.2000,166.9800,164.0200,165.2600,1780900,165.2279
2026-03-27,165.1900,165.3400,160.2700,160.4100,1113600,160.3788
2026-03-30,161.7900,162.9500,160.5600,161.8600,1497500,161.8285
2026-03-31,164.3600,169.1200,164.1300,168.8500,2202400,168.8172
2026-04-01,169.7500,172.0400,169.7200,170.1300,2210600,170.0969
2026-04-02,167.7000,171.0900,167.1400,169.4300,1544000,169.3971
2026-04-06,169.2400,170.3500,168.5100,168.8300,1642800,168.7972
2026-04-07,168.0100,168.7500,165.8600,168.5000,793200,168.4672
2026-04-08,172.3700,172.5500,170.2700,171.8600,1274900,171.8266
2026-04-09,171.4100,172.6200,170.3300,172.1600,796100,172.1265
2026-04-10,172.4900,173.4400,168.5600,169.3700,1130800,169.3371
2026-04-13,170.3600,173.3600,170.1000,172.1900,1412200,172.1565
2026-04-14,172.7900,176.1700,172.6900,175.8500,986800,175.8158
2026-04-15,176.3500,177.3600,174.4300,175.9900,1815700,175.9558
2026-04-16,175.5300,176.0500,173.4400,174.1200,1282200,174.0862
2026-04-17,176.3300,177.3400,175.5000,176.6600,1256200,176.6257
2026-04-20,176.2300,176.7900,175.2900,175.7600,1197300,175.7258
2026-04-21,175.7800,175.7800,173.1900,173.9900,1571300,173.9562
2026-04-22,174.8300,175.5100,173.5300,174.3600,1316600,174.3261
2026-04-23,174.1700,174.7000,170.5100,171.5300,1649300,171.4967
2026-04-24,171.6300,171.6300,168.4500,169.7800,1486000,169.7470
2026-04-27,169.3700,172.0100,168.8100,169.0200,1208800,168.9872
2026-04-28,169.1900,170.7800,167.5100,167.8100,971300,167.7774
2026-04-29,166.2700,166.9200,164.0200,165.3800,1764200,165.3479
2026-04-30,166.2300,169.1100,165.9800,168.6900,1516400,168.6572
2026-05-01,167.9700,168.1100,166.0000,167.2700,1200300,167.2375
2026-05-04,166.5700,170.2600,166.5300,170.1600,746000,170.1269
2026-05-05,171.2900,172.6800,168.7600,170.3400,1036400,170.3069
2026-05-06,171.2800,174.2500,171.1100,173.8700,1342900,173.8362
2026-05-07,172.8300,173.4500,168.8100,170.1000,1390500,170.0670
2026-05-08,169.5500,171.0800,168.8200,169.9400,2267700,169.9070
2026-05-11,170.0700,173.3100,169.3600,170.0000,1456600,169.9669
2026-05-12,170.0100,172.8000,169.9500,172.2800,962800,172.2465
2026-05-13,171.9600,172.9900,170.6200,172.6500,775100,172.6164
2026-05-14,172.7100,173.4000,170.3500,171.3300,1595500,171.2967
2026-05-15,170.6700,170.7800,166.7200,166.8300,2114800,166.7976
2026-05-18,165.9800,166.3800,163.1100,164.0300,2006500,163.9981
2026-05-19,163.4100,165.3400,162.0800,164.1900,2054900,164.1581
2026-05-20,165.0800,167.9500,165.0800,167.9100,1817500,167.8774
2026-05-21,166.5900,169.6600,165.7000,169.0600,2466600,169.0271
2026-05-22,169.0800,170.9300,168.6600,168.7900,984200,168.7572
2026-05-26,169.7500,170.2500,168.5700,169.4200,978300,169.3871
2026-05-27,169.4700,171.5600,169.2200,169.8800,823200,169.8470
2026-05-28,169.7500,172.7000,169.2400,172.2400,1278600,172.2065
2026-05-29,172.4100,172.9100,171.5300,172.1800,1406900,172.1465
2026-06-01,170.8800,171.5800,168.3400,169.3700,1365600,169.3371
2026-06-02,167.1600,167.8000,163.9000,164.2700,1965000,164.2381
2026-06-03,163.6200,167.6200,163.3700,167.5000,1018900,167.4675
2026-06-04,169.3500,172.4400,168.8900,171.4300,1470300,171.3967
2026-06-05,171.1000,172.2800,168.2200,168.4400,1482500,168.4073
2026-06-08,169.2300,170.2800,166.3700,166.9200,995900,166.8876
2026-06-09,168.1000,170.2800,166.1100,169.3600,2357500,169.3271
2026-06-10,168.6800,170.8100,165.8800,165.9300,1272100,165.8977
2026-06-11,166.7300,171.2900,166.1000,170.4900,1549100,170.4569
2026-06-12,170.7200,172.2800,169.9800,170.6600,1706900,170.6268
2026-06-15,171.1400,172.5300,170.4900,172.1700,904700,172.1607
2026-06-16,172.0600,172.8500,170.2600,171.4400,1029100,171.4308
2026-06-17,171.6900,175.7900,171.2500,173.4400,1214900,173.4307
2026-06-18,174.8200,176.5800,171.7900,173.6400,998900,173.6307
2026-06-22,175.6800,177.4500,174.9700,177.0000,2018300,176.9905
2026-06-23,176.3600,179.9500,176.0400,178.0900,1621400,178.0804
2026-06-24,178.2600,183.0400,178.2600,181.5300,2591700,181.5202
2026-06-25,182.1700,186.8100,182.0000,183.6700,1967900,183.6601
2026-06-26,183.8200,188.6900,183.5100,187.3600,2114900,187.3499
2026-06-29,188.4000,189.8500,187.0500,189.7900,1767200,189.7798
2026-06-30,190.4500,191.1500,189.3100,190.1900,1838600,190.1798
2026-07-01,190.5800,191.0800,189.4800,190.1200,1662600,190.1098
2026-07-02,191.6000,195.9900,190.9200,195.7000,2213000,195.6895
2026-07-06,195.7000,196.0200,192.6300,195.3100,1648700,195.2995
2026-07-07,197.7900,198.7100,195.3400,198.2300,2626500,198.2193
2026-07-08,196.9400,197.8100,194.4000,196.3400,1961800,196.3294
2026-07-09,197.3700,199.0500,196.3300,197.3400,1359800,197.3294
2026-07-10,196.9900,197.4600,190.6200,192.0600,2974700,192.0497
2026-07-13,191.1700,191.1700,187.9100,189.5500,1941400,189.5398
2026-07-14,189.5500,189.7400,187.5600,188.6700,1206600,188.6599
2026-07-15,188.2500,190.2000,186.8400,189.9000,1174000,189.8898
2026-07-16,189.5500,190.9700,188.4000,189.5100,1214300,189.4998
2026-07-17,187.6500,191.3800,187.1500,189.7600,2145700,189.7498
2026-07-20,189.8000,191.1800,186.4700,186.5300,1540800,186.5200
2026-07-21,186.2400,189.3900,185.5900,189.3100,1245800,189.2998
2026-07-22,188.3600,189.8000,187.0000,187.0000,817000,186.9899
2026-07-23,186.2300,189.5200,185.2600,188.9800,1291300,188.9698
2026-07-24,189.9700,190.3900,187.9500,188.1400,1695400,188.1299
2026-07-27,189.2100,191.3700,188.2900,188.3300,933100,188.3199
2026-07-28,190.0300,190.9300,188.8200,190.5200,1060300,190.5098
2026-07-29,190.4000,191.4200,188.3300,188.5300,1380700,188.5199
2026-07-30,186.4900,190.1800,185.7500,189.9600,1846800,189.9498
2026-07-31,189.1400,189.2900,184.7800,186.4100,1609600,186.4000
2026-08-03,186.4600,187.1000,184.2500,185.9100,1361200,185.9000
2026-08-04,187.4100,190.2000,186.0300,190.1500,1146200,190.1398
2026-08-05,191.8800,194.1300,190.8700,191.8000,1155200,191.7897
2026-08-06,193.7000,195.0700,191.3500,192.9700,1998300,192.9596
2026-08-07,196.1500,197.8800,194.7200,197.7100,1526200,197.6994
2026-08-10,198.2700,200.4900,197.9100,200.0200,1900200,200.0092
2026-08-11,200.0800,201.2600,199.1500,199.7400,1647600,199.7293
2026-08-12,199.1400,201.5600,198.0700,200.7200,1779700,200.7092
2026-08-13,201.2200,201.7200,198.7300,198.9400,1298300,198.9293
2026-08-14,198.1500,198.2800,195.6700,198.2600,583400,198.2493
2026-08-17,198.2900,202.0000,197.9900,201.9300,1104500,201.9191
2026-08-18,201.9300,204.0700,201.2900,203.5600,1535000,203.5491
2026-08-19,210.4000,217.0600,209.7700,216.9600,2402200,216.9483
2026-08-20,213.1300,214.3400,210.3100,210.8300,2785500,210.8187
2026-08-21,211.5500,215.6100,211.0600,213.5600,2681200,213.5485
2026-08-24,212.7000,213.4600,210.0900,212.5300,1243100,212.5186
2026-08-25,213.4000,217.1200,213.2200,216.4000,1466000,216.3884
2026-08-26,215.4300,216.0700,214.0300,215.2300,1390600,215.2184
2026-08-27,213.8700,215.5200,213.3000,214.8000,1271700,214.7885
2026-08-28,213.1000,213.8900,208.5400,208.9500,1420500,208.9388
2026-08-31,207.2400,209.8400,206.0100,209.0500,1221800,209.0388
2026-09-01,208.7400,211.2400,208.4700,210.8200,1566900,210.8087
2026-09-02,211.9400,215.3100,210.7700,213.8000,1634400,213.7885
2026-09-03,214.7000,214.9400,211.4900,213.8100,1614400,213.7985
2026-09-04,211.5800,213.2300,211.1800,211.9200,710000,211.9086
2026-09-08,209.0400,209.4100,205.2300,207.3300,1803900,207.3188
2026-09-09,206.5700,207.8500,205.2000,205.4900,1114700,205.4790
2026-09-10,203.5900,204.6600,201.9200,202.6400,1893900,202.6291
2026-09-11,203.9400,205.3100,202.7500,202.9300,2286300,202.9191
2026-09-14,203.7000,205.7000,202.5700,204.6000,1329800,204.5890
2026-09-15,203.8200,204.1800,200.5200,202.0000,1917100,202.0000
2026-09-16,202.4900,204.1600,200.9800,202.4000,1098600,202.4000
2026-09-17,205.2700,207.5200,204.8100,207.0700,1313400,207.0700
2026-09-18,207.0400,207.4800,204.2500,204.5600,1355100,204.5600
2026-09-21,205.7100,208.0900,204.2400,207.1600,1720300,207.1600
2026-09-23,211.2300,211.8300,205.6600,206.6000,1836500,206.6000
2026-09-24,206.0000,209.5200,205.6300,209.2500,1595300,209.2500
