Date,Open,High,Low,Close,Volume,AdjClose
2002-07-30,81.9400,82.1200,81.7000,81.7700,41300,40.0006
2002-07-31,82.0500,82.5800,82.0500,82.5200,32600,40.3675
2002-08-01,82.5400,82.9000,82.5200,82.8600,71400,40.5338
2002-08-02,83.0200,83.7000,82.9000,83.5000,120300,40.8469
2002-08-05,83.6800,83.9200,83.5300,83.9200,159300,41.0523
2002-08-06,83.5100,83.5100,83.0300,83.2400,90100,40.7197
2002-08-07,83.1900,83.6500,83.1000,83.5000,38100,40.8469
2002-08-08,83.3300,83.4000,83.0900,83.2100,142600,40.7050
2002-08-09,83.3200,83.8800,83.3200,83.8300,99600,41.0083
2002-08-12,84.1000,84.2800,83.9500,84.0000,38100,41.0915
2002-08-13,84.3200,84.7400,84.0600,84.6700,109300,41.4192
2002-08-14,84.9900,85.2300,84.3600,84.4200,146100,41.2969
2002-08-15,84.0000,84.3300,83.7500,83.9300,60500,41.0572
2002-08-16,84.2500,84.2700,83.2700,83.3800,55800,40.7882
2002-08-19,83.5100,83.5100,83.1300,83.4600,41600,40.8273
2002-08-20,83.8000,84.2300,83.7000,84.2300,56900,41.2040
2002-08-21,83.7800,84.0400,83.7000,84.0200,37900,41.1013
2002-08-22,83.8000,83.8000,83.5000,83.5700,43600,40.8811
2002-08-23,83.7200,84.0000,83.6600,83.9500,26500,41.0670
2002-08-26,83.9200,84.2000,83.8700,83.9900,27800,41.0866
2002-08-27,83.7500,83.9300,83.5700,83.7400,38800,40.9643
2002-08-28,84.0900,84.1700,84.0000,84.0500,40200,41.1160
2002-08-29,84.5700,84.5900,84.3300,84.4400,101500,41.3067
2002-08-30,84.5800,84.6400,84.3000,84.6000,28900,41.3850
2002-09-03,85.0900,85.6000,85.0000,85.2300,110700,41.8366
2002-09-04,85.1600,85.4500,85.0800,85.2000,77300,41.8218
2002-09-05,85.6000,85.6500,85.1900,85.5400,57900,41.9888
2002-09-06,85.0900,85.2500,84.8400,84.8800,32200,41.6648
2002-09-09,84.9400,85.1500,84.7500,84.7600,88800,41.6059
2002-09-10,84.7100,85.2100,84.6600,85.0600,21400,41.7532
2002-09-11,84.6100,84.7500,84.4900,84.7500,77500,41.6009
2002-09-12,84.8000,85.2300,84.8000,85.1900,39900,41.8170
2002-09-13,85.3800,85.6500,85.2900,85.5900,125900,42.0133
2002-09-16,85.7100,85.9200,85.6200,85.6200,108700,42.0280
2002-09-17,85.4000,85.9600,85.4000,85.9000,30400,42.1655
2002-09-18,85.9200,86.2200,85.9100,86.0000,76400,42.2146
2002-09-19,86.4200,86.4700,86.1200,86.4300,61100,42.4256
2002-09-20,86.3000,86.4800,86.2000,86.4000,128600,42.4109
2002-09-23,86.8800,87.0600,86.7200,86.8900,293700,42.6514
2002-09-24,87.0600,87.4500,86.8800,87.2000,158200,42.8036
2002-09-25,86.7000,86.9900,86.4000,86.5400,88900,42.4796
2002-09-26,86.3300,86.5900,86.0600,86.4800,256100,42.4502
2002-09-27,86.5800,87.0500,86.5100,87.0500,199400,42.7300
2002-09-30,87.4000,87.7000,87.3100,87.5600,97200,42.9804
2002-10-01,86.7600,87.0200,86.5400,86.5400,150100,42.6052
2002-10-02,86.5700,86.8600,86.3800,86.8300,43000,42.7479
2002-10-03,86.8500,86.8700,86.4200,86.7800,37500,42.7233
2002-10-04,86.1700,86.9600,86.1600,86.8700,61400,42.7676
2002-10-07,87.1800,87.2600,86.9500,87.2100,80300,42.9350
2002-10-08,86.9300,87.5000,86.8700,87.0500,134600,42.8563
2002-10-09,87.4400,87.4900,87.1700,87.4900,94500,43.0729
2002-10-10,87.4000,87.4700,86.9000,86.9900,120400,42.8267
2002-10-11,86.6800,86.7700,86.1800,86.3700,133600,42.5215
2002-10-14,86.6000,86.6000,86.1300,86.3000,51300,42.4870
2002-10-15,85.3400,85.5800,84.8000,84.8500,167000,41.7731
2002-10-16,84.9300,85.2200,84.8100,84.8500,124200,41.7731
2002-10-17,84.2200,84.5400,84.2200,84.4000,205300,41.5516
2002-10-18,84.4100,84.7100,83.8800,84.6500,98600,41.6747
2002-10-21,84.7000,84.7000,83.9800,84.0000,572300,41.3547
2002-10-22,84.0500,84.1800,83.8700,83.9600,197500,41.3350
2002-10-23,84.2000,84.5000,84.0500,84.1400,64300,41.4236
2002-10-24,84.0500,84.7100,83.9200,84.5400,41800,41.6205
2002-10-25,84.9600,84.9600,84.7300,84.9100,566500,41.8027
2002-10-28,85.1100,85.2200,85.0000,85.0100,22100,41.8519
2002-10-29,85.4200,86.1100,85.3300,85.7800,118300,42.2310
2002-10-30,85.6300,85.9800,85.5800,85.7700,53000,42.2261
2002-10-31,85.6500,86.7000,85.6100,86.2100,71100,42.4427
2002-11-01,85.7300,85.7600,85.0900,85.4000,63400,42.1883
2002-11-04,84.9500,85.1300,84.8100,85.1300,85000,42.0549
2002-11-05,85.0000,85.0000,84.7500,84.9000,426300,41.9413
2002-11-06,84.6600,85.6500,84.6600,85.1800,135100,42.0796
2002-11-07,85.6800,86.0700,85.5500,86.0100,68000,42.4896
2002-11-08,86.0900,86.2200,85.9900,86.2200,27300,42.5934
2002-11-11,86.1000,86.4400,86.1000,86.4400,52100,42.7021
2002-11-12,86.4600,86.4900,86.1200,86.1700,48200,42.5687
2002-11-13,86.1300,86.3700,86.1000,86.2700,330200,42.6181
2002-11-14,85.6600,85.7100,85.1900,85.1900,71800,42.0846
2002-11-15,84.9000,85.2500,84.6500,85.2500,40900,42.1141
2002-11-18,85.1300,85.4400,85.0500,85.3300,35300,42.1537
2002-11-19,85.6200,85.6700,85.3200,85.4000,11000,42.1883
2002-11-20,85.5900,85.6000,84.8100,84.9300,251800,41.9561
2002-11-21,84.5700,84.6500,84.2400,84.4400,95000,41.7140
2002-11-22,84.5500,84.5600,84.2600,84.3400,144800,41.6646
2002-11-25,84.5000,84.5100,84.2000,84.2100,49700,41.6004
2002-11-26,84.5400,84.9800,84.4600,84.9700,103800,41.9759
2002-11-27,84.5700,84.6100,83.7500,84.0000,324900,41.4967
2002-11-29,83.9700,84.1600,83.8900,84.1200,15000,41.5560
2002-12-02,83.0000,83.6500,82.9900,83.5700,78000,41.5410
2002-12-03,83.8200,83.8200,83.4000,83.5600,38200,41.5361
2002-12-04,83.9400,83.9800,83.7400,83.8500,135600,41.6802
2002-12-05,83.6400,84.2200,83.6400,84.0800,194900,41.7946
2002-12-06,84.8200,84.8200,84.1500,84.4200,194800,41.9636
2002-12-09,84.5000,84.7900,84.4100,84.7400,143900,42.1226
2002-12-10,84.7000,84.7900,84.5400,84.6700,154600,42.0878
2002-12-11,84.9600,85.1400,84.7900,84.9500,287200,42.2270
2002-12-12,84.9000,85.1300,84.8200,85.0200,69800,42.2618
2002-12-13,84.9800,84.9800,84.5700,84.7100,32400,42.1077
2002-12-16,84.7900,84.8000,84.3300,84.3600,37600,41.9338
2002-12-17,84.6500,84.6500,84.3900,84.5600,73700,42.0331
2002-12-18,84.8800,85.0800,84.8400,85.0800,106600,42.2916
2002-12-19,85.2100,85.6000,85.0900,85.5200,187800,42.5104
2002-12-20,85.4600,85.5800,85.3700,85.5200,79900,42.5104
2002-12-23,85.3700,85.5300,85.2200,85.4700,109300,42.4855
2002-12-24,85.8300,85.8800,85.7800,85.7900,37400,42.6446
2002-12-26,85.8000,85.9200,85.6900,85.9200,85200,42.7092
2002-12-27,86.2700,86.5400,86.1500,86.4300,149600,42.9627
2002-12-30,86.4400,86.7600,86.4100,86.5900,60700,43.0423
2002-12-31,86.2700,86.4600,86.0800,86.1500,194300,43.0303
2003-01-02,85.6000,85.7400,84.7400,84.7900,106700,42.3510
2003-01-03,84.7000,84.9300,84.6000,84.9300,518400,42.4209
2003-01-06,84.8000,84.8000,84.5100,84.7200,214500,42.3160
2003-01-07,84.7200,85.0400,84.6800,84.9900,101700,42.4508
2003-01-08,85.1700,85.3000,85.1200,85.1900,162600,42.5507
2003-01-09,84.5800,84.6200,84.0600,84.1600,98000,42.0363
2003-01-10,84.5600,84.6100,84.0200,84.2500,235800,42.0813
2003-01-13,84.2000,84.4600,84.1400,84.4000,219700,42.1561
2003-01-14,84.6000,84.6900,84.5400,84.6000,204500,42.2561
2003-01-15,84.7600,85.0400,84.7200,84.7900,239000,42.3510
2003-01-16,84.6600,84.8000,84.3200,84.7600,205700,42.3360
2003-01-17,85.1500,85.2200,85.0600,85.1100,60100,42.5108
2003-01-21,84.9300,85.4000,84.9300,85.4000,82600,42.6556
2003-01-22,85.5500,85.7500,85.4500,85.7500,120500,42.8304
2003-01-23,85.4300,85.7100,85.4300,85.5700,78300,42.7406
2003-01-24,85.8000,86.0300,85.6900,85.7400,209400,42.8254
2003-01-27,85.6300,85.6900,85.4000,85.4800,413800,42.6956
2003-01-28,85.4400,85.5000,85.1200,85.4900,1596500,42.7006
2003-01-29,85.5300,85.5300,85.0000,85.1200,83200,42.5158
2003-01-30,85.0000,85.5100,84.9400,85.4500,31700,42.6806
2003-01-31,85.6200,85.6200,85.2500,85.4900,44000,42.7006
2003-02-03,85.2500,85.3000,84.8600,85.0800,57400,42.6344
2003-02-04,85.3900,85.4200,85.2200,85.3600,88700,42.7747
2003-02-05,85.2600,85.4100,84.8000,85.0300,138100,42.6094
2003-02-06,85.2800,85.4300,85.2500,85.3600,92500,42.7747
2003-02-07,85.0900,85.4900,85.0200,85.4000,44200,42.7948
2003-02-10,85.4000,85.4800,85.1200,85.2400,29100,42.7146
2003-02-11,85.1600,85.3500,85.0200,85.3200,272100,42.7547
2003-02-12,85.4600,85.6900,85.3800,85.6900,50300,42.9401
2003-02-13,85.8000,86.2600,85.7400,86.0000,107100,43.0955
2003-02-14,85.8100,85.9000,85.5000,85.7000,51300,42.9451
2003-02-18,85.5200,85.7000,85.3700,85.7000,62600,42.9451
2003-02-19,85.8000,86.0600,85.8000,86.0200,34600,43.1055
2003-02-20,86.0200,86.3500,85.9700,86.3200,59400,43.2559
2003-02-21,86.2700,86.2900,85.9700,86.0000,21500,43.0955
2003-02-24,86.2900,86.3700,86.1400,86.3400,47000,43.2658
2003-02-25,86.5600,86.7600,86.4500,86.4600,72800,43.3260
2003-02-26,86.5100,86.7800,86.4500,86.7200,52900,43.4563
2003-02-27,86.7000,86.8300,86.5200,86.8000,209300,43.4964
2003-02-28,86.7500,87.1500,86.6100,87.0900,80700,43.6417
2003-03-03,86.8100,87.0800,86.7800,87.0300,24800,43.7321
2003-03-04,87.0200,87.2400,86.9700,87.2000,41100,43.8176
2003-03-05,87.3800,87.4400,87.1200,87.3600,50500,43.8979
2003-03-06,87.3700,87.3900,87.0700,87.1800,83600,43.8075
2003-03-07,87.7200,87.7300,87.2200,87.4700,79800,43.9532
2003-03-10,87.6600,87.8200,87.6600,87.7600,58500,44.0990
2003-03-11,87.7800,87.8600,87.5900,87.7400,61200,44.0889
2003-03-12,87.6700,87.6900,87.5000,87.5400,51600,43.9884
2003-03-13,86.9400,87.0800,86.5500,86.5700,326900,43.5010
2003-03-14,86.7500,86.9300,86.6600,86.8500,50800,43.6417
2003-03-17,87.1000,87.1000,86.1100,86.1700,98700,43.3000
2003-03-18,86.2500,86.3500,85.7000,85.7000,203900,43.0638
2003-03-19,85.6500,85.7000,85.2700,85.2900,152800,42.8578
2003-03-20,85.6000,85.7000,85.0400,85.3500,170600,42.8879
2003-03-21,85.1300,85.1300,84.5300,84.5700,148800,42.4960
2003-03-24,85.2500,85.4800,85.1800,85.3900,45800,42.9080
2003-03-25,85.5000,85.6500,85.1100,85.4000,107500,42.9130
2003-03-26,85.4000,85.6000,85.3400,85.6000,75400,43.0135
2003-03-27,85.7900,85.8800,85.5700,85.7600,45800,43.0939
2003-03-28,86.0300,86.0500,85.8500,85.9000,144700,43.1643
2003-03-31,86.3000,86.5900,86.3000,86.5200,99300,43.4759
2003-04-01,86.2300,86.2700,85.2000,86.1600,36500,43.4199
2003-04-02,85.6000,85.7200,85.4200,85.5500,147400,43.1125
2003-04-03,85.4900,85.7800,85.4600,85.7000,170400,43.1881
2003-04-04,85.5400,85.7600,85.4500,85.5500,26400,43.1125
2003-04-07,84.8500,85.3500,84.7600,85.3500,62300,43.0117
2003-04-08,85.3800,85.6700,85.3800,85.6700,41500,43.1730
2003-04-09,85.7200,85.9800,85.5000,85.9600,101000,43.3191
2003-04-10,85.8700,85.9900,85.6900,85.7300,77900,43.2032
2003-04-11,85.3000,85.6200,85.2000,85.5100,102800,43.0924
2003-04-14,85.4800,85.4800,85.1300,85.2700,107700,42.9714
2003-04-15,85.6000,85.6400,85.3400,85.5700,27600,43.1226
2003-04-16,85.4900,85.7900,85.4900,85.7600,23700,43.2183
2003-04-17,85.9500,85.9600,84.7500,85.6500,20600,43.1629
2003-04-21,85.3600,85.4900,85.1900,85.4900,24300,43.0823
2003-04-22,85.7300,85.8200,85.4100,85.5100,24200,43.0924
2003-04-23,85.5200,85.5900,85.3800,85.4700,75600,43.0722
2003-04-24,85.7500,86.1300,85.7500,85.9700,87400,43.3242
2003-04-25,86.0100,86.2300,85.9900,86.1100,325600,43.3947
2003-04-28,86.3500,86.3500,86.0000,86.0200,41300,43.3494
2003-04-29,85.8400,85.9400,85.6600,85.8700,54900,43.2738
2003-04-30,85.8500,86.4100,85.8000,86.3900,113200,43.5358
2003-05-01,86.2400,86.4400,86.0000,86.1200,77200,43.5723
2003-05-02,86.0400,86.1400,85.6300,85.6500,158900,43.3344
2003-05-05,85.6600,85.9900,85.5200,85.9200,76900,43.4711
2003-05-06,85.9600,86.4600,85.8000,86.4500,74900,43.7392
2003-05-07,86.7000,87.1500,86.7000,87.0500,159400,44.0428
2003-05-08,87.3000,87.5700,87.0600,87.1400,113200,44.0883
2003-05-09,87.0200,87.3000,86.9700,87.2800,82800,44.1591
2003-05-12,87.8000,87.8100,87.4000,87.6500,36300,44.3463
2003-05-13,87.3700,87.7300,87.3600,87.7300,120300,44.3868
2003-05-14,87.9100,88.2900,87.7200,88.2100,177500,44.6297
2003-05-15,87.8900,88.3000,87.8300,88.1200,68500,44.5842
2003-05-16,88.4000,88.6100,88.2100,88.5900,137800,44.8219
2003-05-19,88.9200,88.9200,88.4500,88.5700,69000,44.8118
2003-05-20,88.4500,89.1600,88.4400,89.1600,130900,45.1103
2003-05-21,88.8400,89.3600,88.8400,88.8800,83500,44.9686
2003-05-22,89.0800,89.3000,89.0100,89.3000,414300,45.1812
2003-05-23,89.3600,89.5000,89.1400,89.2000,82200,45.1305
2003-05-27,89.2600,89.3500,88.8500,88.8700,176200,44.9636
2003-05-28,88.6700,88.9700,88.4700,88.8900,204400,44.9737
2003-05-29,89.1200,89.3900,89.0800,89.3600,97800,45.2115
2003-05-30,89.2100,89.3600,88.8900,89.3100,165000,45.1862
2003-06-02,88.7000,88.7600,88.5100,88.7200,165700,45.0107
2003-06-03,88.9700,89.4400,88.9700,89.3100,77000,45.3100
2003-06-04,89.4900,89.6300,89.2700,89.5700,183600,45.4419
2003-06-05,89.7600,89.8200,89.1900,89.2500,61500,45.2795
2003-06-06,88.9700,89.1900,88.8400,89.1500,110900,45.2288
2003-06-09,89.5300,89.6800,89.3700,89.6400,48800,45.4774
2003-06-10,89.9000,90.2000,89.9000,90.1400,65600,45.7311
2003-06-11,90.2100,90.3700,89.9400,89.9500,79600,45.6347
2003-06-12,90.0800,90.4800,90.0300,90.3000,50100,45.8123
2003-06-13,90.5200,90.7600,90.4700,90.6300,75200,45.9797
2003-06-16,90.8000,90.8000,90.1400,90.1600,161200,45.7412
2003-06-17,89.9600,90.0200,89.6200,89.6700,135200,45.4927
2003-06-18,89.4400,89.5000,89.1000,89.1300,252300,45.2187
2003-06-19,89.1400,89.3800,88.8500,89.2600,202600,45.2847
2003-06-20,89.0200,89.1700,88.8600,89.1200,61300,45.2136
2003-06-23,89.1200,89.5900,89.1000,89.4600,38100,45.3861
2003-06-24,89.5700,89.9100,89.4200,89.8800,132200,45.5992
2003-06-25,90.1600,90.1600,89.0100,89.2000,164700,45.2542
2003-06-26,88.8600,88.8600,88.2300,88.3200,470200,44.8077
2003-06-27,88.4700,88.5000,87.8900,88.2400,244200,44.7671
2003-06-30,88.2300,88.4900,88.1200,88.4500,126500,44.8737
2003-07-01,88.2300,88.5600,87.9300,88.0200,167200,44.9928
2003-07-02,87.5300,88.2100,87.5300,88.1100,86900,45.0388
2003-07-03,88.0200,88.0700,87.4900,87.5500,205300,44.7526
2003-07-07,87.1600,87.3600,87.0600,87.0800,196100,44.5123
2003-07-08,87.3800,87.4000,86.9100,87.1100,156700,44.5276
2003-07-09,87.3300,87.4600,87.1300,87.2700,90600,44.6095
2003-07-10,87.5200,87.6300,87.2800,87.4700,292800,44.7117
2003-07-11,87.3400,87.7900,87.3400,87.7800,37900,44.8701
2003-07-14,87.6700,87.8600,87.2500,87.2700,187400,44.6095
2003-07-15,87.1600,87.2500,85.8900,86.0800,530600,44.0011
2003-07-16,85.5200,86.1300,85.5200,86.1100,304400,44.0165
2003-07-17,85.4700,85.9700,85.4600,85.9300,173800,43.9245
2003-07-18,85.8200,85.9000,85.6800,85.7100,182600,43.8120
2003-07-21,85.4400,85.6000,84.4000,84.5900,497800,43.2395
2003-07-22,84.6800,84.9300,84.4800,84.8900,121500,43.3928
2003-07-23,85.2500,85.5000,85.0800,85.1500,209400,43.5257
2003-07-24,84.8000,84.8900,84.6500,84.8200,186300,43.3571
2003-07-25,84.9000,85.3100,84.6400,84.7100,34700,43.3008
2003-07-28,84.4500,84.4700,84.0600,84.0900,124100,42.9839
2003-07-29,83.9700,84.6500,83.2700,83.2700,297800,42.5648
2003-07-30,83.7000,84.3200,83.6500,83.9400,158600,42.9072
2003-07-31,83.5000,83.7200,82.7000,83.3800,241800,42.6210
2003-08-01,82.7100,83.3300,82.6400,83.0000,160400,42.7947
2003-08-04,83.0900,83.6600,83.0000,83.6100,498600,43.1092
2003-08-05,83.5500,83.7600,82.8300,83.0500,169300,42.8205
2003-08-06,83.2600,84.0400,83.2200,83.9000,338000,43.2588
2003-08-07,84.1700,84.2300,83.6900,84.2000,292400,43.4134
2003-08-08,84.3700,84.7500,84.1000,84.1900,235900,43.4083
2003-08-11,84.0500,84.0500,83.5600,83.8400,150300,43.2279
2003-08-12,83.8600,84.1000,83.6000,83.6900,197500,43.1505
2003-08-13,83.2500,83.3000,82.6700,82.7600,346200,42.6710
2003-08-14,82.5000,82.9500,82.1600,82.9300,314300,42.7587
2003-08-15,83.1000,83.1000,82.9000,82.9000,10700,42.7432
2003-08-18,83.1400,83.2200,82.8700,83.1500,137700,42.8721
2003-08-19,83.0800,83.8100,83.0000,83.8100,162100,43.2124
2003-08-20,83.8600,83.9000,83.2200,83.4100,99000,43.0062
2003-08-21,83.2500,83.4000,82.6700,83.1000,129800,42.8463
2003-08-22,82.8800,83.2300,82.8500,83.1600,241900,42.8773
2003-08-25,83.1000,83.3000,82.6500,82.8000,99600,42.6916
2003-08-26,82.5400,83.1000,82.5000,83.1000,87500,42.8463
2003-08-27,83.1600,83.1600,82.6600,82.9000,50800,42.7432
2003-08-28,83.0600,83.5500,83.0600,83.4800,64600,43.0422
2003-08-29,83.5100,83.5300,83.0600,83.2500,62600,42.9236
2003-09-02,82.4000,82.7000,82.1500,82.1500,118000,42.7488
2003-09-03,82.2600,82.4000,82.1900,82.3600,105600,42.8581
2003-09-04,82.6000,82.9500,82.4100,82.8900,145000,43.1339
2003-09-05,83.6200,84.0000,83.3800,83.9400,130000,43.6803
2003-09-08,83.8100,84.3700,83.5500,83.5500,224000,43.4773
2003-09-09,83.7600,83.9900,83.4900,83.9500,69300,43.6854
2003-09-10,84.1000,84.5800,84.0200,84.5200,136800,43.9821
2003-09-11,84.2800,84.3000,84.0500,84.2200,79200,43.8260
2003-09-12,84.7000,85.0300,84.5300,84.5600,146000,44.0029
2003-09-15,84.4600,84.8200,84.2500,84.7100,125700,44.0810
2003-09-16,84.5800,84.7700,84.3600,84.6400,80100,44.0445
2003-09-17,84.7800,85.2400,84.6500,85.1100,177100,44.2891
2003-09-18,85.1200,85.1800,84.6800,85.1000,132200,44.2839
2003-09-19,85.0500,85.1800,84.8800,85.1000,195200,44.2839
2003-09-22,84.6600,84.7800,84.2500,84.7300,249500,44.0913
2003-09-23,84.6100,84.9600,84.5200,84.9300,96300,44.1955
2003-09-24,84.8700,85.5100,84.8100,85.3600,258000,44.4192
2003-09-25,85.4500,85.6600,85.3400,85.4800,314800,44.4817
2003-09-26,85.7400,86.1500,85.6700,86.1300,281300,44.8199
2003-09-29,85.9000,86.0700,85.7200,85.7600,97500,44.6274
2003-09-30,85.9400,86.8800,85.9400,86.5900,450400,45.0593
2003-10-01,86.2700,86.4600,86.0500,86.2400,102100,45.2592
2003-10-02,85.7300,86.1500,85.5600,85.9300,163500,45.0965
2003-10-03,85.1700,85.1700,84.6500,84.7400,319500,44.4720
2003-10-06,84.5700,85.1100,84.5700,84.9900,89900,44.6032
2003-10-07,84.9300,84.9500,84.4600,84.5000,93000,44.3461
2003-10-08,84.3400,84.8000,84.3400,84.6500,116100,44.4248
2003-10-09,84.1700,84.4000,84.1000,84.3800,173700,44.2831
2003-10-10,84.6500,84.8000,84.5700,84.6300,73400,44.4143
2003-10-13,84.7500,84.7500,84.3500,84.5000,62100,44.3461
2003-10-14,84.1800,84.4300,84.0800,84.1600,118700,44.1676
2003-10-15,83.8400,83.9300,83.6500,83.8600,62800,44.0102
2003-10-16,83.9600,84.1500,83.3700,83.4000,89600,43.7688
2003-10-17,83.5700,83.9000,83.4300,83.8500,84800,44.0049
2003-10-20,83.7500,84.1400,83.6600,83.9100,90700,44.0364
2003-10-21,84.1600,84.3200,84.0000,84.0600,213400,44.1151
2003-10-22,84.5100,84.7600,84.3700,84.6700,167300,44.4353
2003-10-23,84.7000,84.7500,84.2400,84.4000,146700,44.2936
2003-10-24,84.7500,85.1500,84.6200,84.9900,136500,44.6032
2003-10-27,84.8100,85.0000,84.6300,84.7600,171300,44.4825
2003-10-28,84.6600,85.2700,84.4400,85.1600,174300,44.6924
2003-10-29,85.0200,85.0500,84.6100,84.6100,111400,44.4038
2003-10-30,84.1500,84.4100,84.0700,84.3000,302000,44.2411
2003-10-31,84.4500,84.6600,84.4100,84.6000,77600,44.3985
2003-11-03,84.0600,84.1000,83.7300,84.0000,133500,44.2295
2003-11-04,84.1600,84.3100,84.0900,84.3000,84700,44.3874
2003-11-05,84.2400,84.2900,83.9200,84.0000,172900,44.2295
2003-11-06,83.7500,83.7700,83.5300,83.5700,143700,44.0031
2003-11-07,83.3200,83.5000,83.2200,83.4300,112900,43.9294
2003-11-10,83.5000,83.6700,83.2700,83.4000,97800,43.9136
2003-11-11,83.3000,83.7500,83.3000,83.5300,27300,43.9820
2003-11-12,83.5800,83.8100,83.5800,83.8000,80200,44.1242
2003-11-13,84.1200,84.5500,84.1100,84.5300,134700,44.5086
2003-11-14,84.5600,85.0000,84.5600,84.9900,70000,44.7508
2003-11-17,85.0800,85.3600,85.0800,85.0900,113300,44.8035
2003-11-18,84.9400,85.4400,84.8700,85.4400,95700,44.9877
2003-11-19,85.5000,85.5300,84.8200,84.8600,524800,44.6823
2003-11-20,85.3200,85.3900,84.9900,85.3900,59600,44.9614
2003-11-21,85.4800,85.5500,85.3400,85.3500,237400,44.9403
2003-11-24,85.0900,85.1300,84.8000,84.9000,164400,44.7034
2003-11-25,84.9700,85.2600,84.9700,85.1100,126400,44.8139
2003-11-26,85.0100,85.1500,84.8000,84.9000,56800,44.7034
2003-11-28,84.5800,84.5800,84.3300,84.3400,121400,44.4086
2003-12-01,83.7200,83.7500,83.2700,83.6000,201100,44.1371
2003-12-02,83.6600,83.8400,83.4000,83.8400,278700,44.2639
2003-12-03,83.8000,83.9400,83.5100,83.6200,119300,44.1477
2003-12-04,83.6500,83.9500,83.5900,83.8000,78000,44.2428
2003-12-05,84.5200,85.0000,84.4200,84.8200,1858200,44.7813
2003-12-08,84.8200,84.8200,84.4500,84.5000,107200,44.6124
2003-12-09,84.7200,84.8500,83.9000,84.0800,282800,44.3906
2003-12-10,84.3800,84.3900,84.0500,84.2900,158200,44.5015
2003-12-11,84.1500,84.8800,84.0200,84.8000,52200,44.7707
2003-12-12,84.8700,85.1600,84.7700,84.8000,96700,44.7707
2003-12-15,84.7600,84.9500,84.5700,84.7600,204500,44.7496
2003-12-16,84.8200,84.9500,84.5900,84.9300,79000,45.2882
2003-12-17,85.2400,85.4300,85.0900,85.1500,92600,45.4055
2003-12-18,85.1600,85.4700,85.0800,85.4400,71900,45.5601
2003-12-19,85.3100,85.4500,85.1600,85.4500,342100,45.5655
2003-12-22,85.5300,85.5700,85.1400,85.2200,80500,45.4428
2003-12-23,85.0900,85.1200,84.6400,84.6400,87400,45.1335
2003-12-24,84.9400,85.1800,84.8700,85.1700,33900,45.4162
2003-12-26,85.3600,85.4600,85.3200,85.4400,120800,45.5601
2003-12-29,85.1200,85.2000,84.9200,84.9200,88300,45.2828
2003-12-30,84.7500,84.9500,84.6300,84.8300,86500,45.2348
2003-12-31,84.6000,84.7300,84.5000,84.7000,182200,45.3146
2004-01-02,84.5200,84.5200,83.7500,84.0200,259700,44.9508
2004-01-05,83.8000,84.0100,83.7200,83.9500,210700,44.9133
2004-01-06,84.1000,84.6900,84.1000,84.5800,144300,45.2504
2004-01-07,84.5300,84.9300,84.4900,84.7700,66500,45.3520
2004-01-08,84.7000,84.8900,84.6000,84.7700,140000,45.3520
2004-01-09,85.7000,85.8200,85.5500,85.7700,914600,45.8870
2004-01-12,85.7000,86.1500,85.6300,85.7700,136000,45.8870
2004-01-13,85.7600,86.2500,85.6500,86.2300,77200,46.1331
2004-01-14,86.1000,86.4400,85.9900,86.4000,114200,46.2240
2004-01-15,86.4000,86.8700,86.1200,86.4500,472900,46.2508
2004-01-16,86.6200,86.6200,86.0000,86.0900,64400,46.0582
2004-01-20,85.8800,86.2200,85.8400,85.9400,86900,45.9780
2004-01-21,86.0900,86.2300,85.9000,86.1900,248700,46.1117
2004-01-22,86.3200,86.5600,86.1600,86.5600,176000,46.3096
2004-01-23,86.6700,86.7800,85.8200,85.9100,344900,45.9619
2004-01-26,85.9000,85.9000,85.4800,85.5500,283700,45.7693
2004-01-27,85.5300,85.9200,85.5300,85.8900,138100,45.9512
2004-01-28,85.8600,86.2300,84.7800,85.2700,805400,45.6195
2004-01-29,85.0400,85.2500,84.8600,85.1700,155100,45.5660
2004-01-30,85.4800,85.6000,85.2800,85.5600,110000,45.7747
2004-02-02,85.2200,85.6700,85.1500,85.2200,78600,45.7290
2004-02-03,85.4800,85.5500,85.3300,85.5500,89200,45.9061
2004-02-04,85.4600,85.4600,85.2500,85.4100,126100,45.8310
2004-02-05,85.3800,85.5000,85.0000,85.0900,209700,45.6593
2004-02-06,85.6000,85.7500,85.5200,85.6100,297000,45.9383
2004-02-09,85.8100,85.9000,85.7000,85.8100,176000,46.0456
2004-02-10,85.7000,85.7500,85.5100,85.5700,344200,45.9168
2004-02-11,85.4700,86.3000,85.3800,86.0200,202200,46.1583
2004-02-12,86.1000,86.2000,85.8300,85.9700,109000,46.1315
2004-02-13,86.2100,86.4000,86.0800,86.1900,205900,46.2496
2004-02-17,86.3200,86.3200,86.1000,86.1900,48000,46.2496
2004-02-18,86.5200,86.5200,86.1100,86.1700,74200,46.2388
2004-02-19,86.0200,86.2500,85.9800,86.2300,39700,46.2711
2004-02-20,86.1800,86.2000,85.8200,85.9400,62300,46.1154
2004-02-23,86.0200,86.2600,85.9600,86.2200,230200,46.2657
2004-02-24,86.3600,86.5600,86.2600,86.3700,299600,46.3461
2004-02-25,86.4700,86.5400,86.4000,86.4700,108700,46.3998
2004-02-26,86.3200,86.3900,86.2000,86.3400,169800,46.3300
2004-02-27,86.5700,86.7400,86.4400,86.6800,161900,46.5125
2004-03-01,86.6500,86.7300,86.3600,86.5200,284600,46.5615
2004-03-02,86.2900,86.3100,85.8600,86.0200,284500,46.2924
2004-03-03,85.8700,85.9800,85.7000,85.9400,270400,46.2493
2004-03-04,85.9000,86.2100,85.8300,86.2100,383700,46.3946
2004-03-05,87.4500,87.5000,87.2300,87.2800,904800,46.9705
2004-03-08,87.6900,87.7800,87.5900,87.7700,208400,47.2342
2004-03-09,87.7600,88.1400,87.7300,88.1000,254300,47.4118
2004-03-10,87.9400,88.1600,87.9200,88.0900,245100,47.4064
2004-03-11,88.3100,88.3300,87.7200,88.1000,486800,47.4118
2004-03-12,88.0500,88.1700,87.8200,87.8300,245600,47.2664
2004-03-15,87.8500,88.0300,87.7100,87.8800,432800,47.2933
2004-03-16,87.7500,88.3700,87.6400,88.3100,178400,47.5247
2004-03-17,88.5500,88.5500,88.1600,88.2500,522300,47.4925
2004-03-18,88.0700,88.2800,87.9000,87.9700,207200,47.3418
2004-03-19,87.9100,87.9700,87.7400,87.8500,329500,47.2772
2004-03-22,88.0000,88.2300,87.9500,88.1800,87300,47.4548
2004-03-23,88.1400,88.3100,88.1000,88.3100,200400,47.5247
2004-03-24,88.2700,88.3300,88.1700,88.2500,397900,47.4925
2004-03-25,88.1000,88.2000,88.0200,88.1300,71000,47.4279
2004-03-26,88.0500,88.0500,87.4400,87.5700,316200,47.1265
2004-03-29,87.2200,87.2400,87.0400,87.2000,196500,46.9274
2004-03-30,87.4500,87.4500,87.1500,87.2300,78500,46.9436
2004-03-31,87.3100,87.6200,87.2900,87.5500,222000,47.1158
2004-04-01,87.2200,87.2500,86.8800,87.0800,438500,47.0003
2004-04-02,85.7000,85.8000,85.3500,85.4700,321800,46.1313
2004-04-05,85.1300,85.2000,84.9000,85.0500,214500,45.9046
2004-04-06,85.3000,85.4100,85.2000,85.3500,87400,46.0665
2004-04-07,85.3800,85.5900,85.3000,85.3600,144100,46.0719
2004-04-08,85.2700,85.4100,85.1900,85.2000,43200,45.9856
2004-04-12,85.0100,85.0100,84.8300,84.9300,98900,45.8398
2004-04-13,84.4400,84.5700,84.2700,84.2700,382100,45.4836
2004-04-14,83.7000,84.2200,83.7000,84.2100,473900,45.4512
2004-04-15,84.1000,84.2700,83.9500,84.0900,128200,45.3864
2004-04-16,84.3600,84.4900,84.2000,84.4000,135900,45.5538
2004-04-19,84.5100,84.5600,84.1500,84.1800,211700,45.4350
2004-04-20,84.0800,84.2000,83.5700,83.5700,395700,45.1058
2004-04-21,83.6200,83.9400,83.6200,83.7400,340300,45.1975
2004-04-22,84.0600,84.2000,83.9000,84.0700,1074000,45.3757
2004-04-23,83.7700,83.8400,83.5900,83.7200,94800,45.1868
2004-04-26,83.6200,83.7800,83.6200,83.7100,51700,45.1814
2004-04-27,83.8900,84.0400,83.6700,84.0400,65700,45.3595
2004-04-28,83.8500,83.9600,83.4400,83.4900,86800,45.0626
2004-04-29,83.5700,83.7000,83.1100,83.3000,197000,44.9601
2004-04-30,83.3600,83.5700,83.2100,83.5000,57000,45.0680
2004-05-03,83.1600,83.3300,83.1200,83.2000,69400,45.0507
2004-05-04,83.4000,83.6500,82.9600,82.9600,588700,44.9208
2004-05-05,83.2500,83.2500,82.7600,82.7700,290200,44.8179
2004-05-06,82.7600,82.8300,82.6500,82.6900,256000,44.7745
2004-05-07,81.9800,81.9800,81.5200,81.6700,428400,44.2222
2004-05-10,81.7100,81.8400,81.5500,81.6500,275300,44.2114
2004-05-11,81.6700,81.8500,81.6200,81.8100,132400,44.2980
2004-05-12,81.7700,81.9100,81.6000,81.6900,74100,44.2331
2004-05-13,81.5000,81.5400,81.3100,81.4400,143200,44.0977
2004-05-14,81.6000,81.9300,81.5700,81.8500,186900,44.3197
2004-05-17,82.2200,82.4400,82.2200,82.3800,623700,44.6067
2004-05-18,82.1800,82.2500,82.0600,82.2200,148000,44.5200
2004-05-19,81.8300,81.9500,81.7600,81.8400,59200,44.3143
2004-05-20,82.2000,82.2900,82.0500,82.2500,136900,44.5363
2004-05-21,82.4700,82.4700,82.0000,82.0700,212800,44.4388
2004-05-24,82.1000,82.1500,81.9400,82.1300,64000,44.4713
2004-05-25,82.2700,82.3400,82.1400,82.1600,74600,44.4875
2004-05-26,82.4300,82.6100,82.3400,82.5700,131000,44.7095
2004-05-27,82.9100,83.0500,82.7800,83.0200,577000,44.9532
2004-05-28,82.9300,83.0200,82.5900,82.7900,59800,44.8287
2004-06-01,82.2600,82.3000,81.9100,82.1000,188900,44.6054
2004-06-02,82.0800,82.1700,81.9500,81.9600,141200,44.5293
2004-06-03,81.9800,82.1600,81.9000,82.0900,165000,44.6000
2004-06-04,82.1200,82.1200,81.7200,81.7500,157000,44.4152
2004-06-07,81.6800,81.8800,81.5600,81.8700,119600,44.4804
2004-06-08,81.6800,81.8500,81.5700,81.8500,627400,44.4696
2004-06-09,81.6300,81.7300,81.4100,81.6100,146000,44.3392
2004-06-10,81.5700,81.7600,81.4600,81.7000,156600,44.3881
2004-06-14,81.5000,81.5500,81.2500,81.3000,185900,44.1707
2004-06-15,81.9000,82.4700,81.8300,82.3800,423700,44.7575
2004-06-16,82.0800,82.2700,82.0100,82.2000,55100,44.6597
2004-06-17,82.0300,82.4300,81.9500,82.4300,91500,44.7846
2004-06-18,82.4400,82.4800,82.2500,82.2600,114600,44.6923
2004-06-21,82.4000,82.4700,82.2700,82.3900,44300,44.7630
2004-06-22,82.3400,82.3600,82.2500,82.2800,209400,44.7032
2004-06-23,82.1800,82.4200,82.1700,82.4000,149000,44.7684
2004-06-24,82.7500,82.8900,82.6500,82.7200,188800,44.9422
2004-06-25,82.6200,82.7700,82.6000,82.7600,61200,44.9640
2004-06-28,82.4500,82.5000,82.1400,82.1500,102800,44.6325
2004-06-29,82.2200,82.5400,82.1000,82.5400,103600,44.8444
2004-06-30,82.6600,83.1100,82.6100,83.0500,452200,45.1215
2004-07-01,82.7700,83.0200,82.5700,82.9400,115500,45.2104
2004-07-02,83.7200,83.8400,83.4500,83.6500,146900,45.5974
2004-07-06,83.6600,83.7300,83.4600,83.4900,107100,45.5102
2004-07-07,83.5000,83.6600,83.4600,83.5300,61500,45.5320
2004-07-08,83.5900,83.7500,83.5100,83.5400,186500,45.5374
2004-07-09,83.6400,83.7200,83.5500,83.6800,192300,45.6137
2004-07-12,83.7300,83.8400,83.7200,83.7800,182400,45.6682
2004-07-13,83.5900,83.6200,83.4100,83.6000,84200,45.5701
2004-07-14,83.5400,83.6300,83.5000,83.5600,252300,45.5483
2004-07-15,83.5600,83.6000,83.4500,83.5200,77600,45.5265
2004-07-16,83.9200,84.3300,83.9200,84.3300,225800,45.9680
2004-07-19,84.2300,84.3400,84.2100,84.3100,44700,45.9572
2004-07-20,84.1200,84.2500,83.7200,83.7600,111200,45.6573
2004-07-21,83.5500,83.6200,83.3400,83.5800,98800,45.5592
2004-07-22,83.6900,83.8100,83.6300,83.6800,54400,45.6137
2004-07-23,83.7000,83.9000,83.7000,83.8800,54000,45.7228
2004-07-26,83.6900,83.7400,83.5800,83.5900,65300,45.5647
2004-07-27,83.5700,83.5700,82.9700,83.0000,73800,45.2431
2004-07-28,82.8600,83.1500,82.7700,83.1300,83600,45.3139
2004-07-29,83.0900,83.2200,83.0500,83.2100,39600,45.3575
2004-07-30,83.5200,83.8000,83.5100,83.7800,64700,45.6682
2004-08-02,83.7600,83.7600,83.5200,83.5900,226300,45.7137
2004-08-03,83.5900,83.8800,83.5900,83.7900,167700,45.8230
2004-08-04,83.7900,84.0000,83.7100,83.7400,103100,45.7957
2004-08-05,83.9000,84.0700,83.9000,83.9900,130000,45.9324
2004-08-06,85.0500,85.2000,84.8600,85.1400,235700,46.5613
2004-08-09,85.0000,85.0400,84.8500,84.8600,96100,46.4082
2004-08-10,84.9700,85.0400,84.4900,84.5100,151600,46.2167
2004-08-11,84.5500,84.8000,84.5200,84.8000,174900,46.3754
2004-08-12,84.7000,84.9600,84.6000,84.9100,80100,46.4355
2004-08-13,85.2000,85.2900,85.0600,85.0600,78300,46.5176
2004-08-16,85.0300,85.0400,84.7900,84.9700,304300,46.4683
2004-08-17,85.0400,85.3700,85.0100,85.3700,66400,46.6871
2004-08-18,85.5000,85.5500,85.0400,85.0900,79600,46.5340
2004-08-19,85.1100,85.3200,85.0200,85.3000,61800,46.6488
2004-08-20,85.2300,85.3300,85.1200,85.1300,36700,46.5558
2004-08-23,84.9200,84.9600,84.8100,84.8400,73100,46.3972
2004-08-24,84.7500,84.9300,84.7000,84.9200,94300,46.4410
2004-08-25,84.9800,85.1700,84.9300,84.9300,88900,46.4465
2004-08-26,85.1400,85.3000,85.0100,85.3000,98700,46.6488
2004-08-27,85.2800,85.4000,85.1800,85.2000,62200,46.5941
2004-08-30,85.3600,85.5400,85.2900,85.5000,41400,46.7582
2004-08-31,85.5800,85.9900,85.5200,85.8700,127600,46.9605
2004-09-01,85.7000,85.7500,85.3500,85.5900,209500,46.9529
2004-09-02,85.5800,85.5800,85.1200,85.1300,107100,46.7005
2004-09-03,84.9000,84.9600,84.6600,84.9000,211800,46.5743
2004-09-07,84.8300,84.9700,84.7300,84.9500,53300,46.6018
2004-09-08,84.8000,85.4700,84.7400,85.4400,142700,46.8706
2004-09-09,85.4900,85.6600,85.2500,85.2900,105300,46.7882
2004-09-10,85.5800,85.6500,85.4300,85.4600,150300,46.8816
2004-09-13,85.5200,85.6900,85.4400,85.6700,90300,46.9967
2004-09-14,85.6300,85.7800,85.4800,85.6900,119500,47.0077
2004-09-15,85.6500,85.6800,85.5000,85.6000,66900,46.9583
2004-09-16,85.6500,86.1800,85.6500,86.0700,249500,47.2162
2004-09-17,86.0000,86.1300,85.7700,85.7700,142100,47.0516
2004-09-20,86.0100,86.2900,86.0100,86.2600,181200,47.3204
2004-09-21,86.1700,86.4000,85.9600,86.3200,81700,47.3533
2004-09-22,86.2500,86.7100,86.2200,86.6700,93600,47.5453
2004-09-23,86.7200,86.7500,86.3200,86.3700,246700,47.3808
2004-09-24,86.2900,86.3700,86.1100,86.3600,93100,47.3752
2004-09-27,86.5300,86.6400,86.4400,86.6000,201200,47.5069
2004-09-28,86.6000,86.6900,86.3700,86.5100,202800,47.4575
2004-09-29,86.1600,86.1800,85.9500,85.9700,226100,47.1613
2004-09-30,85.7000,85.9000,85.5200,85.8800,175000,47.1119
2004-10-01,85.3500,85.3900,85.1300,85.2800,270200,46.9232
2004-10-04,85.0100,85.3500,85.0000,85.3100,278100,46.9397
2004-10-05,85.3100,85.4000,85.2100,85.3100,220000,46.9397
2004-10-06,85.2700,85.2700,84.9700,85.0300,137100,46.7857
2004-10-07,85.0100,85.0600,84.8300,84.8800,130500,46.7031
2004-10-08,85.5800,85.6800,85.4900,85.6000,123400,47.0993
2004-10-11,85.5600,85.7500,85.5500,85.7400,48800,47.1763
2004-10-12,85.8500,85.8800,85.7300,85.7400,142700,47.1763
2004-10-13,85.6700,86.0600,85.6100,86.0500,130600,47.3469
2004-10-14,86.0700,86.4000,85.9900,86.3500,81300,47.5119
2004-10-15,86.2100,86.2700,85.7900,86.0600,195100,47.3524
2004-10-18,86.1500,86.2100,85.9400,86.1900,207800,47.4239
2004-10-19,85.8800,86.2500,85.8500,86.1600,65300,47.4074
2004-10-20,86.4500,86.5600,86.3300,86.5500,110700,47.6220
2004-10-21,86.4600,86.7500,86.4300,86.4300,156600,47.5559
2004-10-22,86.4300,86.6700,86.3200,86.6700,64100,47.6880
2004-10-25,86.8000,86.8700,86.6900,86.7700,172300,47.7430
2004-10-26,86.7500,86.8100,86.5800,86.6200,37400,47.6606
2004-10-27,86.7200,86.8000,86.0100,86.0900,126800,47.3689
2004-10-28,85.9400,86.3200,85.8600,86.2200,49500,47.4404
2004-10-29,86.2100,86.4700,86.1000,86.4700,341100,47.5780
2004-11-01,86.0600,86.1500,85.7400,85.7800,128800,47.3434
2004-11-02,85.8100,86.0000,85.7100,85.9900,191300,47.4593
2004-11-03,85.5200,86.0000,85.4500,85.9600,139800,47.4427
2004-11-04,86.1000,86.1700,85.8700,85.9100,435100,47.4152
2004-11-05,85.3100,85.3700,85.0800,85.2700,886400,47.0619
2004-11-08,85.1700,85.2000,85.0300,85.1500,300600,46.9957
2004-11-09,85.1600,85.2600,85.1000,85.1700,95000,47.0067
2004-11-10,85.0800,85.1900,84.8000,85.0000,118700,46.9129
2004-11-11,85.2000,85.2000,84.9800,84.9800,94500,46.9019
2004-11-12,85.1600,85.4200,85.0600,85.3000,154700,47.0785
2004-11-15,85.3000,85.4000,85.1900,85.3400,144700,47.1005
2004-11-16,85.2200,85.2700,85.1500,85.2500,125900,47.0509
2004-11-17,85.2500,85.7400,85.2200,85.7000,199600,47.2993
2004-11-18,85.5800,85.8200,85.5700,85.7700,110100,47.3378
2004-11-19,85.7000,85.7500,85.1600,85.3000,2162100,47.0785
2004-11-22,85.2500,85.4300,85.2400,85.3600,168100,47.1116
2004-11-23,85.2700,85.5900,85.2100,85.2800,183600,47.0675
2004-11-24,85.3400,85.4000,85.2500,85.4000,51900,47.1337
2004-11-26,85.0500,85.1300,85.0200,85.0900,62600,46.9626
2004-11-29,84.7400,84.7800,84.5100,84.5800,455700,46.6811
2004-11-30,84.4700,84.6200,84.4000,84.5000,182100,46.6369
2004-12-01,84.4600,84.4600,84.1000,84.2100,257600,46.6214
2004-12-02,84.0400,84.1700,83.8800,84.0200,886300,46.5162
2004-12-03,84.8300,85.0800,84.7500,84.8600,224100,46.9813
2004-12-06,84.9800,85.1100,84.8800,85.0200,325500,47.0699
2004-12-07,84.9500,85.0600,84.8500,85.0100,1053000,47.0643
2004-12-08,85.2000,85.6600,85.2000,85.6400,158500,47.4132
2004-12-09,85.5800,85.7900,85.3700,85.4400,169400,47.3025
2004-12-10,85.5800,85.7000,85.4800,85.5700,191900,47.3744
2004-12-13,85.5000,85.7800,85.4700,85.6300,141800,47.4076
2004-12-14,85.5000,85.8100,85.4100,85.7800,190900,47.4907
2004-12-15,85.9500,86.0900,85.8800,86.0900,95000,47.6623
2004-12-16,85.9200,85.9200,85.4300,85.4300,478500,47.2969
2004-12-17,85.2000,85.5000,85.2000,85.3200,163600,47.2360
2004-12-20,85.5200,85.5200,85.3300,85.4200,62900,47.2914
2004-12-21,85.4300,85.5700,85.3100,85.5400,168400,47.3578
2004-12-22,85.5800,85.5800,85.3100,85.4500,465100,47.3080
2004-12-23,85.4100,85.4400,85.3000,85.3400,66400,47.2471
2004-12-27,85.1000,85.1600,84.8300,84.9800,165200,47.0478
2004-12-28,84.9400,85.0100,84.6700,84.9700,366800,47.0422
2004-12-29,85.0500,85.0500,84.7400,84.8000,127800,46.9481
2004-12-30,84.9100,85.1800,84.8200,85.1200,135000,47.1253
2004-12-31,84.9800,85.1700,84.9500,84.9500,151300,47.1814
2005-01-03,84.9200,85.1600,84.8300,85.1200,323400,47.2758
2005-01-04,85.1200,85.1200,84.5800,84.5900,1181000,46.9814
2005-01-05,84.6800,84.8700,84.6100,84.7300,369000,47.0592
2005-01-06,84.6400,84.9000,84.6400,84.8100,389100,47.1036
2005-01-07,84.9400,85.0000,84.7000,84.7400,182400,47.0647
2005-01-10,84.8100,84.8400,84.6400,84.7300,226300,47.0592
2005-01-11,84.8000,84.9500,84.7200,84.9000,483900,47.1536
2005-01-12,84.8700,85.0900,84.8000,85.0300,100600,47.2258
2005-01-13,85.1200,85.3900,84.9700,85.3700,101600,47.4146
2005-01-14,85.1700,85.4400,85.1000,85.3200,510300,47.3868
2005-01-18,85.1400,85.3200,85.0300,85.2900,215100,47.3702
2005-01-19,85.3000,85.3700,85.1600,85.3400,95500,47.3979
2005-01-20,85.2800,85.5000,85.2200,85.4900,151800,47.4813
2005-01-21,85.4500,85.6700,85.3900,85.6600,324700,47.5757
2005-01-24,85.6600,85.7300,85.5200,85.6500,217000,47.5701
2005-01-25,85.6000,85.6600,85.2600,85.3300,270900,47.3924
2005-01-26,85.3900,85.4700,85.3000,85.3500,674400,47.4035
2005-01-27,85.2100,85.2200,85.1400,85.2200,60300,47.3313
2005-01-28,85.4400,85.6800,85.4400,85.6600,103200,47.5757
2005-01-31,85.5900,85.7000,85.4700,85.6900,74900,47.5923
2005-02-01,85.4200,85.4900,85.2900,85.3700,115300,47.5595
2005-02-02,85.4100,85.4200,85.2200,85.3800,220900,47.5650
2005-02-03,85.0600,85.2400,85.0600,85.2400,65000,47.4870
2005-02-04,85.6000,85.9000,85.6000,85.6800,414100,47.7322
2005-02-07,85.7300,85.8800,85.6600,85.8500,149600,47.8269
2005-02-08,85.8300,86.0400,85.7200,85.9300,120800,47.8715
2005-02-09,85.9100,86.3500,85.9100,86.3500,325200,48.1054
2005-02-10,86.1700,86.1900,85.8100,85.8100,175800,47.8046
2005-02-11,85.7700,85.8700,85.6400,85.7000,176400,47.7433
2005-02-14,85.6700,85.8700,85.6100,85.8100,129200,47.8046
2005-02-15,85.7000,85.8000,85.6200,85.6800,130000,47.7322
2005-02-16,85.6300,85.7000,85.2900,85.3700,64900,47.5595
2005-02-17,85.1600,85.3200,85.1200,85.1800,128000,47.4536
2005-02-18,84.8000,84.9500,84.6700,84.7500,243900,47.2141
2005-02-22,84.8000,84.8700,84.6800,84.7600,104700,47.2197
2005-02-23,85.0300,85.0500,84.6600,84.8300,258300,47.2587
2005-02-24,85.0100,85.0100,84.6500,84.6900,142500,47.1806
2005-02-25,84.7500,84.8800,84.6300,84.8100,425500,47.2475
2005-02-28,84.6500,84.7800,84.1500,84.2600,397900,46.9411
2005-03-01,83.9800,84.1300,83.8900,84.0300,300500,46.9416
2005-03-02,83.9700,84.1100,83.9300,84.0200,149600,46.9361
2005-03-03,84.1300,84.1800,83.9400,83.9700,598500,46.9082
2005-03-04,84.2400,84.4500,84.2000,84.3500,179400,47.1204
2005-03-07,84.3900,84.5000,84.3600,84.3700,163100,47.1316
2005-03-08,84.1500,84.1600,83.9400,83.9700,696200,46.9082
2005-03-09,83.7000,83.7000,83.2500,83.3300,262300,46.5506
2005-03-10,83.4000,83.6500,83.2100,83.4800,262300,46.6344
2005-03-11,83.3400,83.4000,83.1100,83.1300,203400,46.4389
2005-03-14,83.0400,83.3300,83.0200,83.3300,192300,46.5506
2005-03-15,83.4900,83.4900,83.0700,83.1700,99600,46.4612
2005-03-16,83.3500,83.6800,83.2800,83.3600,223700,46.5674
2005-03-17,83.6900,83.8000,83.5500,83.6800,342100,46.7461
2005-03-18,83.5200,83.5400,83.3800,83.4700,200300,46.6288
2005-03-21,83.4200,83.4500,83.3300,83.3700,448200,46.5729
2005-03-22,83.5800,83.6600,82.7600,82.7600,302800,46.2322
2005-03-23,82.5800,83.0200,82.5800,82.9500,355900,46.3384
2005-03-24,82.9900,83.1000,82.9200,83.0200,132000,46.3774
2005-03-28,82.8200,82.8500,82.7000,82.7500,68500,46.2266
2005-03-29,82.9100,83.1000,82.9100,83.0900,349300,46.4165
2005-03-30,83.0400,83.2900,83.0200,83.2800,244500,46.5227
2005-03-31,83.6200,83.6900,83.4600,83.6900,675000,46.7517
2005-04-01,83.6900,83.7300,83.0800,83.5800,367200,46.8464
2005-04-04,83.4900,83.7900,83.4700,83.5400,135900,46.8240
2005-04-05,83.5500,83.6500,83.4400,83.5500,75100,46.8296
2005-04-06,83.7300,83.8000,83.6900,83.8000,51200,46.9698
2005-04-07,83.8300,84.0000,83.4600,83.4800,196500,46.7904
2005-04-08,83.4500,83.5800,83.3100,83.5700,86300,46.8408
2005-04-11,83.5500,83.8200,83.4900,83.8200,41900,46.9810
2005-04-12,83.7000,84.2700,83.6300,84.2600,146100,47.2276
2005-04-13,84.3700,84.4300,84.1000,84.3000,171500,47.2500
2005-04-14,84.3800,84.5200,84.2500,84.5200,194700,47.3734
2005-04-15,84.7200,85.0700,84.5100,85.0700,177900,47.6816
2005-04-18,85.1300,85.1600,84.8700,84.8900,326100,47.5807
2005-04-19,84.9600,85.3800,84.9400,85.3800,107600,47.8554
2005-04-20,84.8800,85.3800,84.8800,85.3300,229300,47.8273
2005-04-21,85.0000,85.1700,84.7100,84.7200,565200,47.4854
2005-04-22,85.0100,85.1400,84.8800,85.0800,74800,47.6872
2005-04-25,85.0700,85.1200,85.0000,85.0800,79100,47.6872
2005-04-26,85.1900,85.2000,84.8600,85.0400,119600,47.6648
2005-04-27,85.2800,85.4500,85.1800,85.3000,123700,47.8105
2005-04-28,85.4300,85.8200,85.3700,85.8200,103300,48.1020
2005-04-29,85.6000,85.8800,85.4800,85.5100,174200,47.9282
2005-05-02,85.3100,85.3800,85.1300,85.3300,141400,47.9771
2005-05-03,85.3900,85.5100,85.1800,85.4400,259200,48.0390
2005-05-04,85.2500,85.5000,85.2000,85.4200,114500,48.0278
2005-05-05,85.5200,85.8000,85.3600,85.6900,108000,48.1795
2005-05-06,85.1800,85.2800,84.9900,85.0800,591000,47.8365
2005-05-09,85.0300,85.0900,84.9500,85.0700,32900,47.8309
2005-05-10,85.1700,85.3900,85.1600,85.3700,101300,47.9996
2005-05-11,85.5300,85.7000,85.4200,85.4800,408600,48.0615
2005-05-12,85.3000,85.6200,85.2000,85.5600,546800,48.1065
2005-05-13,85.7600,85.9000,85.6300,85.7800,214400,48.2301
2005-05-16,85.9000,85.9200,85.7500,85.7900,111900,48.2358
2005-05-17,85.9300,86.0100,85.8700,85.9000,112800,48.2976
2005-05-18,86.2300,86.3000,86.0600,86.1800,93000,48.4551
2005-05-19,86.1400,86.2300,85.9200,85.9200,116200,48.3089
2005-05-20,85.9200,85.9700,85.8300,85.9100,70400,48.3032
2005-05-23,86.0500,86.3700,86.0200,86.3000,163800,48.5225
2005-05-24,86.5300,86.5800,86.3200,86.5300,188900,48.6518
2005-05-25,86.7000,86.7000,86.2100,86.2200,150000,48.4775
2005-05-26,86.2200,86.4300,86.1700,86.2700,181400,48.5057
2005-05-27,86.3400,86.4200,86.2200,86.3600,69600,48.5563
2005-05-31,86.6100,86.8100,86.6100,86.8100,122600,48.8093
2005-06-01,86.7100,87.1300,86.6500,87.0800,781400,49.1104
2005-06-02,87.0100,87.1800,86.9600,87.0500,154500,49.0935
2005-06-03,87.4800,87.4900,86.5500,86.5500,245300,48.8115
2005-06-06,86.6200,86.8400,86.5300,86.7800,311700,48.9412
2005-06-07,87.0200,87.1000,86.7800,87.0300,111200,49.0822
2005-06-08,87.0100,87.0300,86.8400,86.8700,104600,48.9920
2005-06-09,86.6600,86.8500,86.4600,86.8200,783400,48.9638
2005-06-10,86.5500,86.5500,86.2600,86.2700,200900,48.6536
2005-06-13,86.1300,86.1700,85.9700,86.0400,276400,48.5239
2005-06-14,86.0300,86.0300,85.8100,85.9400,301500,48.4675
2005-06-15,85.8000,85.9100,85.7000,85.9100,116700,48.4506
2005-06-16,85.8700,86.1900,85.7700,86.1800,215700,48.6029
2005-06-17,86.0300,86.1800,85.9400,86.0800,149000,48.5465
2005-06-20,85.8200,85.9500,85.7400,85.9500,178800,48.4731
2005-06-21,86.0500,86.2500,85.9900,86.2200,217900,48.6254
2005-06-22,86.6300,86.9500,86.4500,86.8700,487300,48.9920
2005-06-23,86.7500,86.8200,86.6200,86.7800,169200,48.9412
2005-06-24,86.9900,87.0500,86.8900,86.9900,67500,49.0597
2005-06-27,87.0600,87.1400,86.9800,87.0600,880800,49.0991
2005-06-28,86.9500,86.9500,86.6600,86.6900,168000,48.8904
2005-06-29,86.9200,86.9200,86.5300,86.6600,350300,48.8735
2005-06-30,86.6600,87.0000,86.6000,86.9600,299500,49.0428
2005-07-01,86.4900,86.5400,85.8400,85.9500,270000,48.6207
2005-07-05,85.6900,85.8300,85.5600,85.6000,142200,48.4227
2005-07-06,85.7300,85.8200,85.6300,85.7800,299700,48.5246
2005-07-07,86.1700,86.2100,85.9600,85.9800,209900,48.6377
2005-07-08,86.0600,86.0600,85.5500,85.6700,157300,48.4623
2005-07-11,85.4300,85.6700,85.3500,85.6300,171300,48.4398
2005-07-12,85.5000,85.5900,85.4000,85.4100,123700,48.3153
2005-07-13,85.4100,85.4300,85.2800,85.3300,108300,48.2701
2005-07-14,85.3800,85.4000,85.1500,85.2200,236000,48.2078
2005-07-15,85.1600,85.3000,85.1400,85.2400,318800,48.2191
2005-07-18,85.2100,85.2900,85.0300,85.1000,182700,48.1399
2005-07-19,85.1200,85.3200,85.0600,85.2200,156600,48.2078
2005-07-20,85.2400,85.4700,84.9300,85.3800,341100,48.2983
2005-07-21,85.0700,85.0900,84.7300,84.7500,509200,47.9419
2005-07-22,85.0000,85.2000,84.9000,85.1500,368100,48.1682
2005-07-25,85.0800,85.2100,84.9600,85.0000,125600,48.0834
2005-07-26,85.0200,85.1000,85.0000,85.0600,90800,48.1173
2005-07-27,84.9000,85.0000,84.8600,84.9400,64600,48.0494
2005-07-28,85.0100,85.3400,85.0100,85.3100,142900,48.2587
2005-07-29,85.0700,85.1400,84.7500,84.8000,205800,47.9702
2005-08-01,84.4600,84.4600,84.2000,84.3600,109700,47.8743
2005-08-02,84.3500,84.4800,84.2600,84.2800,337600,47.8289
2005-08-03,84.4100,84.5500,84.3700,84.4900,129600,47.9481
2005-08-04,84.5000,84.5900,84.3400,84.4300,179300,47.9141
2005-08-05,84.0800,84.0800,83.9100,83.9800,160100,47.6586
2005-08-08,83.9500,84.0000,83.7500,83.7600,146800,47.5338
2005-08-09,83.8100,84.0000,83.7100,84.0000,293300,47.6700
2005-08-10,84.1100,84.1400,83.8700,83.9600,91900,47.6473
2005-08-11,84.0700,84.3400,83.9600,84.3200,278200,47.8516
2005-08-12,84.3700,84.7700,84.3300,84.6600,130600,48.0446
2005-08-15,84.6900,84.6900,84.5400,84.5500,147200,47.9822
2005-08-16,84.8100,84.9700,84.7800,84.9500,214800,48.2092
2005-08-17,84.8000,84.8700,84.5400,84.6200,138400,48.0219
2005-08-18,84.8000,85.0800,84.7700,85.0700,247800,48.2772
2005-08-19,84.8600,85.0600,84.8300,85.0200,76000,48.2488
2005-08-22,84.9100,85.1500,84.7600,85.0900,1267300,48.2886
2005-08-23,85.1000,85.3000,85.0300,85.2500,90400,48.3794
2005-08-24,85.3600,85.3800,85.1500,85.2900,80500,48.4021
2005-08-25,85.3000,85.4000,85.2000,85.3400,202000,48.4304
2005-08-26,85.3900,85.4300,85.1100,85.2000,100500,48.3510
2005-08-29,85.3700,85.3800,85.1600,85.2600,176500,48.3851
2005-08-30,85.4300,85.7900,85.3500,85.6600,168900,48.6120
2005-08-31,85.8600,86.2500,85.8500,86.2200,290100,48.9299
2005-09-01,85.9000,86.2000,85.8500,86.0300,242800,48.9776
2005-09-02,85.9700,86.1600,85.9100,86.0500,71800,48.9891
2005-09-06,86.0300,86.0400,85.7000,85.7800,142800,48.8353
2005-09-07,85.6700,85.6900,85.3900,85.5000,125000,48.6759
2005-09-08,85.6300,85.6500,85.4500,85.5000,264600,48.6759
2005-09-09,85.6400,85.7400,85.5000,85.5700,79400,48.7158
2005-09-12,85.3800,85.4000,85.1500,85.3000,103600,48.5621
2005-09-13,85.4900,85.6500,85.4800,85.5600,120800,48.7101
2005-09-14,85.5900,85.6200,85.3300,85.3800,108000,48.6076
2005-09-15,85.4100,85.4100,85.0200,85.1200,97600,48.4596
2005-09-16,85.0100,85.0500,84.7300,84.7900,224800,48.2717
2005-09-19,84.8100,85.0100,84.7400,84.9600,203400,48.3685
2005-09-20,84.9300,84.9900,84.6500,84.8900,124000,48.3286
2005-09-21,85.2500,85.3400,85.1900,85.2800,101500,48.5507
2005-09-22,85.3300,85.3800,85.2200,85.3400,124700,48.5848
2005-09-23,85.1900,85.1900,84.8700,84.8700,101200,48.3173
2005-09-26,84.6200,84.7500,84.5600,84.6500,69300,48.1920
2005-09-27,84.7100,84.8500,84.4900,84.7000,93400,48.2205
2005-09-28,84.6400,84.9200,84.5800,84.8700,71000,48.3173
2005-09-29,84.7200,84.7400,84.6100,84.6800,116200,48.2091
2005-09-30,84.6800,84.7300,84.3900,84.4400,145900,48.0725
2005-10-03,84.1600,84.1600,83.8000,83.8400,138400,47.8880
2005-10-04,84.0000,84.0600,83.8400,83.8800,151200,47.9108
2005-10-05,84.0400,84.1700,83.9400,84.0800,130300,48.0251
2005-10-06,84.0500,84.1100,83.9200,83.9700,218100,47.9622
2005-10-07,83.7600,84.1600,83.7200,84.0800,59900,48.0251
2005-10-10,84.3000,84.3400,84.0000,84.1000,42900,48.0365
2005-10-11,84.0400,84.0700,83.8300,83.9400,105800,47.9451
2005-10-12,83.9200,83.9300,83.5600,83.6200,139500,47.7623
2005-10-13,83.4600,83.5500,83.3500,83.4900,303100,47.6881
2005-10-14,83.6700,83.6900,83.2500,83.4900,134300,47.6881
2005-10-17,83.4800,83.5900,83.3400,83.3900,153000,47.6309
2005-10-18,83.4800,83.5300,83.4000,83.5100,81700,47.6995
2005-10-19,83.7000,83.7700,83.5600,83.6100,68100,47.7566
2005-10-20,83.5000,83.6900,83.4200,83.6600,111500,47.7852
2005-10-21,83.7400,84.0800,83.7300,84.0300,92500,47.9965
2005-10-24,83.9500,83.9700,83.5800,83.6700,343300,47.7909
2005-10-25,83.7300,83.8100,83.1800,83.2800,190500,47.5681
2005-10-26,83.0600,83.1100,82.8800,82.9600,148700,47.3853
2005-10-27,83.1200,83.2300,82.9600,83.1500,245800,47.4939
2005-10-28,83.2000,83.2500,82.8800,83.0600,784300,47.4425
2005-10-31,83.0600,83.2600,83.0500,83.1200,123300,47.4767
2005-11-01,82.9000,82.9100,82.6800,82.7800,144000,47.4469
2005-11-02,82.6500,82.8400,82.5500,82.6100,85800,47.3495
2005-11-03,82.6900,82.6900,82.3000,82.3200,201600,47.1833
2005-11-04,82.3900,82.5000,82.1500,82.2800,156200,47.1603
2005-11-07,82.4800,82.5000,82.3200,82.4300,132400,47.2463
2005-11-08,82.7000,82.8900,82.7000,82.8400,71200,47.4813
2005-11-09,82.6500,82.7400,82.3800,82.4000,124300,47.2291
2005-11-10,82.6000,82.8900,82.5500,82.8700,102700,47.4985
2005-11-11,83.0000,83.0200,82.8000,82.9700,72600,47.5558
2005-11-14,82.8300,82.8700,82.4600,82.6000,199700,47.3437
2005-11-15,82.6000,82.9100,82.6000,82.8800,194100,47.5043
2005-11-16,83.0000,83.3300,83.0000,83.3000,102500,47.7450
2005-11-17,83.2300,83.6000,83.1700,83.4600,99900,47.8367
2005-11-18,83.2600,83.4100,83.2100,83.2600,100000,47.7220
2005-11-21,83.4200,83.5500,83.3300,83.4200,274600,47.8138
2005-11-22,83.4800,83.7500,83.4100,83.7100,186700,47.9800
2005-11-23,83.6800,83.7500,83.4000,83.4900,177200,47.8539
2005-11-25,83.6300,83.7400,83.5900,83.7400,31400,47.9972
2005-11-28,83.7200,83.9300,83.7000,83.8500,158300,48.0602
2005-11-29,83.8400,83.8400,83.3800,83.3900,86300,47.7966
2005-11-30,83.5400,83.5400,83.2400,83.3500,46100,47.7736
2005-12-01,83.1000,83.2400,82.7500,82.8800,321100,47.6661
2005-12-02,82.8900,82.9700,82.8000,82.9500,343200,47.7063
2005-12-05,82.8400,82.8400,82.6000,82.7000,305700,47.5626
2005-12-06,82.8100,83.1700,82.8100,83.0900,1021700,47.7869
2005-12-07,83.1000,83.1400,82.9200,83.0400,73000,47.7581
2005-12-08,83.1500,83.4300,83.1000,83.4000,70600,47.9652
2005-12-09,83.1700,83.2400,82.9400,83.0300,66100,47.7524
2005-12-12,83.1000,83.1000,82.8000,82.8400,592500,47.6431
2005-12-13,83.0500,83.1000,82.9000,83.0400,210700,47.7581
2005-12-14,83.3700,83.6000,83.2900,83.5600,83300,48.0572
2005-12-15,83.4300,83.4700,83.1800,83.4500,116500,47.9939
2005-12-16,83.7000,83.7200,83.4800,83.6000,420400,48.0802
2005-12-19,83.5000,83.7000,83.4400,83.6500,143600,48.1089
2005-12-20,83.5100,83.5700,83.4000,83.5100,103600,48.0284
2005-12-21,83.4100,83.4600,83.3500,83.4000,143700,47.9652
2005-12-22,83.5200,83.7700,83.5200,83.7300,124500,48.1549
2005-12-23,83.6900,84.1200,83.6100,83.9300,84100,48.2700
2005-12-27,83.9300,84.3300,83.9100,84.3300,178300,48.5000
2005-12-28,83.9600,84.0300,83.7500,83.7800,558000,48.3511
2005-12-29,83.9200,83.9300,83.6800,83.8800,159100,48.4088
2005-12-30,84.0300,84.0900,83.7500,83.9100,166900,48.4262
2006-01-03,83.6900,84.0300,83.6200,83.9000,299500,48.4204
2006-01-04,83.9100,84.1200,83.8100,84.0500,112300,48.5069
2006-01-05,84.0400,84.1100,83.9300,84.0700,159700,48.5185
2006-01-06,84.0200,84.0500,83.8600,83.9600,179100,48.4550
2006-01-09,83.9200,84.0000,83.8100,84.0000,78600,48.4781
2006-01-10,83.8200,83.8800,83.6100,83.6600,140500,48.2819
2006-01-11,83.7800,83.7800,83.4300,83.4500,384300,48.1606
2006-01-12,83.6300,83.7900,83.5300,83.7500,97800,48.3338
2006-01-13,83.9000,84.1600,83.8200,84.1200,96200,48.5473
2006-01-17,84.0600,84.2700,84.0200,84.2200,166600,48.6050
2006-01-18,84.3200,84.3400,84.1100,84.2500,125900,48.6224
2006-01-19,84.0400,84.1700,83.9500,84.0400,108600,48.5012
2006-01-20,84.1500,84.1800,83.9700,84.1800,98000,48.5820
2006-01-23,83.9300,84.2200,83.8900,84.1600,79100,48.5704
2006-01-24,84.0200,84.1100,83.9100,84.0200,66200,48.4896
2006-01-25,83.8700,83.8700,83.4700,83.5000,95500,48.1895
2006-01-26,83.3800,83.4200,83.2000,83.3200,77100,48.0856
2006-01-27,83.5200,83.5200,83.1500,83.3800,114600,48.1202
2006-01-30,83.2800,83.3200,83.1300,83.2000,125400,48.0164
2006-01-31,83.2900,83.3900,83.1100,83.3200,255700,48.0856
2006-02-01,83.0000,83.0500,82.7600,82.8000,474200,47.9374
2006-02-02,82.8600,82.9800,82.7800,82.8000,94800,47.9374
2006-02-03,82.6800,83.0900,82.5700,83.0500,283800,48.0822
2006-02-06,83.0000,83.0300,82.9200,82.9300,53300,48.0127
2006-02-07,83.0500,83.0600,82.7900,82.8300,228800,47.9548
2006-02-08,82.9500,82.9600,82.7000,82.7800,62000,47.9258
2006-02-09,82.8000,82.9500,82.6700,82.8600,96600,47.9722
2006-02-10,83.0500,83.0700,82.5300,82.6200,102900,47.8332
2006-02-13,82.7000,82.7000,82.5700,82.6200,66000,47.8332
2006-02-14,82.5300,82.6200,82.4100,82.5000,77100,47.7637
2006-02-15,82.7000,82.7400,82.4600,82.6500,75200,47.8506
2006-02-16,82.6800,82.6800,82.5100,82.6100,248200,47.8274
2006-02-17,82.9200,83.0100,82.8400,82.8900,199200,47.9896
2006-02-21,82.9000,82.9400,82.7700,82.7900,164200,47.9316
2006-02-22,82.9500,83.1000,82.9000,83.1000,115700,48.1111
2006-02-23,82.9500,82.9600,82.7600,82.9000,73300,47.9953
2006-02-24,82.9600,82.9600,82.7200,82.8000,343300,47.9374
2006-02-27,82.8600,82.8600,82.6100,82.6400,287700,47.8448
2006-02-28,82.7900,83.0100,82.7700,82.9700,95900,48.0359
2006-03-01,82.6400,82.7300,82.4500,82.5400,227000,47.9412
2006-03-02,82.3100,82.4100,82.1000,82.2100,113300,47.7495
2006-03-03,82.1600,82.1600,81.9800,82.0100,76500,47.6334
2006-03-06,81.7700,81.9100,81.6500,81.7500,350700,47.4823
2006-03-07,81.6500,81.8300,81.6000,81.7900,130300,47.5056
2006-03-08,81.7900,81.8400,81.7100,81.8300,84500,47.5288
2006-03-09,81.8000,81.9100,81.7100,81.9100,507200,47.5753
2006-03-10,81.7400,81.7900,81.5400,81.7500,408500,47.4823
2006-03-13,81.6500,81.7300,81.5500,81.6800,246900,47.4417
2006-03-14,81.9000,82.2000,81.8200,82.1500,122700,47.7147
2006-03-15,81.9800,82.1100,81.9000,82.0000,118400,47.6276
2006-03-16,82.1200,82.5500,82.1100,82.5200,174900,47.9295
2006-03-17,82.4100,82.4600,82.3000,82.3500,111300,47.8308
2006-03-20,82.5700,82.6000,82.4300,82.5100,240100,47.9238
2006-03-21,82.4600,82.4600,82.0500,82.1700,96800,47.7263
2006-03-22,82.3000,82.3600,82.1600,82.2700,131500,47.7843
2006-03-23,82.3200,82.3200,81.9900,82.0600,109700,47.6624
2006-03-24,82.1100,82.5100,82.0400,82.4200,68800,47.8714
2006-03-27,82.3200,82.3800,82.1800,82.2400,79700,47.7669
2006-03-28,82.1500,82.1800,81.7500,81.8400,125600,47.5346
2006-03-29,81.7700,81.9000,81.6400,81.7600,58100,47.4882
2006-03-30,81.6400,81.6600,81.3500,81.5200,100800,47.3487
2006-03-31,81.5900,81.6600,81.4300,81.5800,87400,47.3836
2006-04-03,81.0900,81.2600,81.0500,81.2300,244300,47.3311
2006-04-04,81.2900,81.3600,81.1400,81.2400,127200,47.3370
2006-04-05,81.4700,81.4800,81.3200,81.4300,101800,47.4477
2006-04-06,81.3000,81.3200,81.1200,81.2000,289900,47.3136
2006-04-07,81.0200,81.0700,80.7400,80.8300,129700,47.0981
2006-04-10,80.9000,80.9500,80.8000,80.9300,118300,47.1563
2006-04-11,81.0800,81.1400,80.9500,81.0800,154100,47.2437
2006-04-12,81.1000,81.1900,80.8000,80.8900,201600,47.1330
2006-04-13,80.6000,80.7000,80.4400,80.4600,175800,46.8825
2006-04-17,80.6800,80.8400,80.5400,80.7700,162200,47.0631
2006-04-18,80.9500,81.1200,80.7700,81.0300,276200,47.2146
2006-04-19,80.7900,80.8200,80.6200,80.8000,128600,47.0806
2006-04-20,80.7700,80.8100,80.6200,80.7300,128400,47.0398
2006-04-21,80.8300,80.9200,80.6500,80.9000,108500,47.1389
2006-04-24,80.8900,81.1400,80.8500,81.0000,118800,47.1971
2006-04-25,80.9700,80.9700,80.4800,80.4900,241400,46.9000
2006-04-26,80.5000,80.5200,80.3500,80.4500,76300,46.8767
2006-04-27,80.4000,80.7900,80.3400,80.6700,132900,47.0048
2006-04-28,80.6800,80.8100,80.5500,80.8100,70700,47.0864
2006-05-01,80.2800,80.3500,80.0100,80.0800,169700,46.8314
2006-05-02,80.1100,80.2700,80.0300,80.2100,87900,46.9075
2006-05-03,80.2100,80.2300,79.9100,80.1000,116600,46.8431
2006-05-04,80.1700,80.1700,79.9800,80.0500,193200,46.8140
2006-05-05,80.3200,80.4100,80.1500,80.2400,85200,46.9250
2006-05-08,80.3400,80.3500,80.1400,80.2800,82400,46.9484
2006-05-09,80.2500,80.2700,80.1200,80.2500,59600,46.9308
2006-05-10,80.3800,80.5000,80.1600,80.2900,98600,46.9543
2006-05-11,80.1800,80.1800,80.0000,80.1500,203700,46.8724
2006-05-12,79.8800,80.0200,79.8100,79.8500,134700,46.6969
2006-05-15,79.8400,80.2000,79.8400,80.0200,106100,46.7964
2006-05-16,80.2200,80.4200,80.1400,80.3200,86200,46.9718
2006-05-17,80.0700,80.1900,79.9400,80.0900,245300,46.8373
2006-05-18,80.4200,80.6600,80.3300,80.6600,168500,47.1706
2006-05-19,80.5900,80.8400,80.4800,80.6100,223600,47.1414
2006-05-22,80.9200,81.0100,80.7000,80.7200,189000,47.2057
2006-05-23,80.5700,80.7200,80.5000,80.6900,102500,47.1882
2006-05-24,80.9600,81.0000,80.7800,80.8100,171700,47.2583
2006-05-25,80.8700,80.9200,80.6300,80.6800,181600,47.1824
2006-05-26,80.7400,80.9500,80.7200,80.7500,178000,47.2233
2006-05-30,80.7100,80.7500,80.5500,80.6800,95600,47.1824
2006-05-31,80.7700,80.7700,80.3700,80.4300,110900,47.0362
2006-06-01,80.0700,80.3000,80.0400,80.2700,96100,47.1148
2006-06-02,80.7800,80.9200,80.6200,80.8900,403900,47.4787
2006-06-05,80.8600,80.8800,80.6700,80.7300,100200,47.3848
2006-06-06,80.6700,80.8500,80.6000,80.8000,96600,47.4259
2006-06-07,80.6800,80.7700,80.5800,80.6900,141900,47.3613
2006-06-08,80.8200,81.1000,80.7400,80.8000,152600,47.4259
2006-06-09,80.8500,81.0700,80.8300,81.0000,73900,47.5433
2006-06-12,80.9400,81.0100,80.8600,80.9600,122500,47.5198
2006-06-13,81.1100,81.1500,80.9400,81.0700,111600,47.5843
2006-06-14,80.8400,80.9000,80.5300,80.5300,165500,47.2674
2006-06-15,80.4700,80.5000,80.3300,80.3500,112200,47.1617
2006-06-16,80.5300,80.5300,80.2200,80.3000,126100,47.1324
2006-06-19,80.2500,80.2800,80.1000,80.2100,67200,47.0796
2006-06-20,80.2200,80.2200,80.0800,80.1500,105200,47.0443
2006-06-21,80.2300,80.2300,80.1000,80.1400,180600,47.0385
2006-06-22,80.0600,80.0800,79.8800,79.8800,112600,46.8859
2006-06-23,79.9000,79.9700,79.7300,79.8100,167600,46.8448
2006-06-26,79.8400,79.8500,79.6800,79.7600,264400,46.8154
2006-06-27,79.8300,80.0000,79.8000,79.9700,231900,46.9387
2006-06-28,79.8800,79.9400,79.6800,79.7100,229700,46.7861
2006-06-29,79.8500,80.0700,79.8400,80.0400,328400,46.9798
2006-06-30,80.1300,80.4200,80.0200,80.3200,125400,47.1442
2006-07-03,80.0300,80.0500,79.8700,79.9700,41200,47.1217
2006-07-05,79.8300,79.8300,79.5800,79.6800,1712900,46.9509
2006-07-06,79.7400,79.9300,79.7100,79.9300,132400,47.0982
2006-07-07,80.1300,80.2600,80.0200,80.1800,274600,47.2455
2006-07-10,80.1200,80.2500,80.0900,80.2400,133200,47.2808
2006-07-11,80.3500,80.4800,80.3100,80.3300,167200,47.3338
2006-07-12,80.2000,80.4000,80.1700,80.4000,114300,47.3751
2006-07-13,80.4200,80.5900,80.3500,80.5800,343800,47.4812
2006-07-14,80.5800,80.6900,80.5200,80.6400,397600,47.5166
2006-07-17,80.5500,80.6300,80.4400,80.5700,153400,47.4753
2006-07-18,80.4300,80.4300,80.1900,80.2600,182100,47.2926
2006-07-19,80.1000,80.7800,80.1000,80.7700,235300,47.5931
2006-07-20,80.6800,80.9500,80.6500,80.9400,297600,47.6933
2006-07-21,81.0500,81.0600,80.7900,80.8900,288300,47.6639
2006-07-24,80.9200,80.9500,80.8200,80.8900,361000,47.6639
2006-07-25,80.7700,80.9400,80.7100,80.8100,176500,47.6167
2006-07-26,80.7900,81.0600,80.7600,81.0100,157700,47.7345
2006-07-27,81.1100,81.1100,80.9000,81.0000,74200,47.7286
2006-07-28,81.2400,81.3200,81.1800,81.2200,89400,47.8583
2006-07-31,81.2600,81.3500,81.1800,81.3500,89700,47.9349
2006-08-01,80.9500,81.0500,80.8600,81.0500,97600,47.9461
2006-08-02,81.0500,81.2000,80.9500,81.1200,91200,47.9876
2006-08-03,81.1200,81.2700,81.0200,81.1400,111500,47.9994
2006-08-04,81.5500,81.5700,81.4200,81.5400,157100,48.2360
2006-08-07,81.4800,81.4900,81.3700,81.4300,172600,48.1709
2006-08-08,81.4200,81.5500,81.3300,81.4400,118200,48.1769
2006-08-09,81.2100,81.4100,81.2100,81.4000,110700,48.1532
2006-08-10,81.4200,81.4200,81.1900,81.4200,166700,48.1650
2006-08-11,81.2100,81.2500,81.1300,81.1600,192000,48.0112
2006-08-14,81.0800,81.1100,81.0000,81.0200,191700,47.9284
2006-08-15,81.3400,81.4800,81.3000,81.4100,147200,48.1591
2006-08-16,81.7300,81.8100,81.6600,81.7500,182600,48.3602
2006-08-17,81.9000,81.9000,81.6800,81.7300,300000,48.3484
2006-08-18,81.8300,81.9700,81.7700,81.9500,344300,48.4785
2006-08-21,81.9900,82.0500,81.9600,82.0500,83800,48.5377
2006-08-22,82.0200,82.1600,82.0000,82.0800,187200,48.5554
2006-08-23,82.0100,82.0600,81.8800,82.0000,239800,48.5081
2006-08-24,82.1400,82.1700,82.0600,82.0800,111400,48.5554
2006-08-25,82.0800,82.2400,82.0300,82.1900,96900,48.6205
2006-08-28,82.1500,82.1900,82.0800,82.1800,106000,48.6146
2006-08-29,81.9700,82.2500,81.8800,82.2500,248600,48.6560
2006-08-30,82.2700,82.4000,82.2600,82.3500,131800,48.7152
2006-08-31,82.4200,82.5500,82.3900,82.4600,171200,48.7803
2006-09-01,82.1500,82.3100,82.0500,82.2700,252800,48.8527
2006-09-05,82.1600,82.1600,81.9600,82.0000,284800,48.6923
2006-09-06,81.7800,81.9500,81.7200,81.9400,334400,48.6567
2006-09-07,81.8300,82.0500,81.7500,82.0000,135200,48.6923
2006-09-08,82.0800,82.2000,82.0500,82.0800,66000,48.7399
2006-09-11,82.0400,82.1000,81.8400,81.9300,196600,48.6508
2006-09-12,81.8700,82.1600,81.8200,82.1600,111000,48.7873
2006-09-13,82.2400,82.3200,82.1600,82.2400,114000,48.8348
2006-09-14,82.1000,82.2600,82.0100,82.0800,69600,48.7399
2006-09-15,82.2100,82.2900,81.9900,82.0300,110900,48.7102
2006-09-18,81.7300,81.9500,81.7300,81.9100,188000,48.6389
2006-09-19,82.2400,82.4400,82.2200,82.4000,128400,48.9299
2006-09-20,82.5900,82.5900,82.3600,82.4200,112200,48.9418
2006-09-21,82.4100,83.0200,82.4100,83.0100,114600,49.2921
2006-09-22,83.1200,83.2700,83.1000,83.2600,327000,49.4405
2006-09-25,83.4000,83.5700,83.3000,83.5400,286200,49.6068
2006-09-26,83.4600,83.4600,83.2400,83.3300,276800,49.4821
2006-09-27,83.5500,83.5500,83.2100,83.3100,233800,49.4702
2006-09-28,83.2400,83.2600,83.0900,83.2300,160800,49.4227
2006-09-29,83.3200,83.3500,82.9500,83.1400,259000,49.3693
2006-10-02,82.8000,83.0400,82.7500,82.9700,337500,49.4563
2006-10-03,83.0400,83.0500,82.8800,82.9600,135400,49.4504
2006-10-04,83.1000,83.3400,83.0700,83.3400,136000,49.6768
2006-10-05,83.2500,83.2500,82.9500,83.0500,139800,49.5040
2006-10-06,82.9000,82.9000,82.5000,82.6000,624700,49.2358
2006-10-09,82.7000,82.8400,82.5700,82.7000,898300,49.2954
2006-10-10,82.4100,82.4400,82.1600,82.2000,1711900,48.9973
2006-10-11,82.4000,82.4100,81.9900,82.1000,502600,48.9377
2006-10-12,82.1500,82.2600,82.0700,82.1500,230000,48.9675
2006-10-13,82.0400,82.0400,81.9000,82.0100,1280200,48.8841
2006-10-16,82.1400,82.1500,82.0200,82.1500,240400,48.9675
2006-10-17,82.3400,82.4500,82.1200,82.2400,300300,49.0211
2006-10-18,82.2100,82.2900,82.1200,82.2200,294600,49.0093
2006-10-19,82.1100,82.2500,82.0300,82.1500,175500,48.9675
2006-10-20,82.2000,82.2000,82.1000,82.1300,69200,48.9556
2006-10-23,81.9800,81.9900,81.8000,81.9000,356600,48.8185
2006-10-24,81.9200,82.0100,81.9100,82.0100,203700,48.8841
2006-10-25,82.0300,82.3200,81.9800,82.3100,127200,49.0629
2006-10-26,82.5300,82.6000,82.4300,82.5900,115900,49.2298
2006-10-27,82.8400,82.8700,82.7000,82.8600,249000,49.3908
2006-10-30,82.8700,82.9100,82.7500,82.9000,128800,49.4146
2006-10-31,82.9700,83.2700,82.9000,83.2700,266600,49.6351
2006-11-01,83.0400,83.5300,82.9000,83.2500,396400,49.8075
2006-11-02,83.1300,83.1300,82.9700,83.0200,163200,49.6698
2006-11-03,82.5800,82.6500,82.3500,82.3900,271800,49.2929
2006-11-06,82.3800,82.4800,82.3000,82.4700,227000,49.3408
2006-11-07,82.7200,82.8900,82.7000,82.7500,203300,49.5083
2006-11-08,82.8100,82.9500,82.7100,82.9300,146200,49.6160
2006-11-09,82.8600,82.9600,82.8400,82.9200,211000,49.6100
2006-11-10,83.0000,83.2000,83.0000,83.1000,111300,49.7177
2006-11-13,83.1200,83.1200,82.8900,83.0600,153600,49.6938
2006-11-14,83.2300,83.3400,83.1900,83.2300,222800,49.7955
2006-11-15,83.1600,83.1600,82.9400,83.0000,237100,49.6579
2006-11-16,83.1900,83.1900,82.7200,82.7900,497900,49.5322
2006-11-17,82.9100,83.2200,82.8200,83.0900,362400,49.7117
2006-11-20,83.1900,83.1900,83.0400,83.1400,178200,49.7417
2006-11-21,83.2200,83.3000,83.0800,83.2600,413200,49.8134
2006-11-22,83.3500,83.4500,83.2900,83.3900,133400,49.8912
2006-11-24,83.6200,83.6200,83.4600,83.4800,119200,49.9451
2006-11-27,83.3400,83.5700,83.2400,83.5600,708600,49.9929
2006-11-28,83.7100,83.7900,83.5200,83.7100,470600,50.0827
2006-11-29,83.9200,83.9200,83.5900,83.6100,335500,50.0228
2006-11-30,83.8700,84.0700,83.8000,84.0500,418500,50.2860
2006-12-01,83.7200,84.0800,83.6600,83.9400,289800,50.4025
2006-12-04,83.8400,83.9600,83.7800,83.9300,208200,50.3966
2006-12-05,83.8700,84.0000,83.7300,83.8200,1133300,50.3305
2006-12-06,83.7900,83.8000,83.6300,83.6900,156800,50.2525
2006-12-07,83.7500,83.7500,83.5700,83.6600,138200,50.2345
2006-12-08,83.6400,83.6400,83.2400,83.2800,277000,50.0063
2006-12-11,83.5100,83.5600,83.4300,83.5400,167800,50.1624
2006-12-12,83.5700,83.7300,83.5000,83.6900,360000,50.2525
2006-12-13,83.3700,83.4200,83.1600,83.2600,188300,49.9942
2006-12-14,83.2300,83.2300,83.0700,83.1300,314000,49.9162
2006-12-15,83.6000,83.6500,83.1000,83.1500,215600,49.9282
2006-12-18,83.1800,83.2300,83.1000,83.1900,111600,49.9522
2006-12-19,83.1800,83.2600,83.1000,83.1700,174000,49.9402
2006-12-20,83.1100,83.2100,83.1100,83.1500,139300,49.9282
2006-12-21,83.2600,83.5300,83.1600,83.4500,624200,50.1083
2006-12-22,83.2800,83.3400,83.0400,83.0700,268500,49.8802
2006-12-26,83.1800,83.2900,83.0500,83.1300,144500,49.9162
2006-12-27,83.0100,83.0100,82.6200,82.6700,193400,49.7831
2006-12-28,82.8000,82.8000,82.3000,82.4800,185100,49.6687
2006-12-29,82.4300,82.4900,82.3100,82.4400,272100,49.6446
2007-01-03,82.7100,82.8000,82.4800,82.6800,1210700,49.7891
2007-01-04,82.8300,82.9800,82.7300,82.9800,171200,49.9698
2007-01-05,82.5800,82.8100,82.5200,82.7100,201000,49.8072
2007-01-08,82.7200,82.7700,82.6600,82.7700,163800,49.8433
2007-01-09,82.8200,82.8300,82.7000,82.7500,168600,49.8313
2007-01-10,82.6200,82.6900,82.5600,82.6100,95900,49.7470
2007-01-11,82.5500,82.5500,82.2900,82.3900,361700,49.6145
2007-01-12,82.2900,82.3000,82.1100,82.2200,161000,49.5121
2007-01-16,82.3000,82.3800,82.2600,82.3800,162600,49.6085
2007-01-17,82.3300,82.3600,82.1400,82.2200,141300,49.5121
2007-01-18,82.2200,82.3400,82.0900,82.3300,225400,49.5784
2007-01-19,82.2600,82.3700,82.1500,82.2000,270800,49.5001
2007-01-22,82.3000,82.3800,82.2700,82.3500,119000,49.5904
2007-01-23,82.2400,82.2900,82.0700,82.1100,412800,49.4459
2007-01-24,82.1300,82.1500,82.0700,82.1200,138400,49.4519
2007-01-25,82.0500,82.0500,81.7500,81.8000,201700,49.2592
2007-01-26,81.7300,81.8900,81.6500,81.7900,441300,49.2531
2007-01-29,81.9200,81.9200,81.6500,81.7300,161700,49.2171
2007-01-30,81.7800,81.8300,81.7500,81.8100,200500,49.2652
2007-01-31,81.7500,82.1400,81.7500,82.1100,412200,49.4459
2007-02-01,82.0100,82.0600,81.7000,81.7400,238600,49.4102
2007-02-02,81.7900,81.9000,81.7400,81.8100,163500,49.4526
2007-02-05,81.8800,81.9400,81.8600,81.9000,216000,49.5069
2007-02-06,81.8600,82.1500,81.8300,82.1300,238100,49.6460
2007-02-07,82.2300,82.3200,82.1800,82.3100,155000,49.7548
2007-02-08,82.2600,82.4000,82.2000,82.3300,447600,49.7668
2007-02-09,82.1800,82.1900,82.0100,82.0800,237400,49.6157
2007-02-12,82.0500,82.1000,81.9100,81.9700,146900,49.5492
2007-02-13,81.9700,81.9900,81.8600,81.9100,204800,49.5130
2007-02-14,82.0500,82.4300,82.0500,82.3800,192600,49.7971
2007-02-15,82.5900,82.6500,82.5100,82.5100,317000,49.8757
2007-02-16,82.6100,82.6900,82.5600,82.6000,308900,49.9300
2007-02-20,82.5900,82.7400,82.5900,82.7000,152900,49.9905
2007-02-21,82.5500,82.6900,82.5500,82.6900,173000,49.9845
2007-02-22,82.5500,82.5600,82.4100,82.4800,135000,49.8575
2007-02-23,82.5900,82.8800,82.5800,82.8100,111700,50.0570
2007-02-26,82.9900,83.1000,82.9200,83.0700,160900,50.2142
2007-02-27,83.2900,84.0700,83.2000,83.7700,496500,50.6373
2007-02-28,83.6100,83.7000,83.4000,83.4800,228100,50.4620
2007-03-01,83.5700,83.5900,83.2000,83.2800,500500,50.5075
2007-03-02,83.4200,83.6100,83.3100,83.5500,249000,50.6712
2007-03-05,83.7200,83.7200,83.4600,83.6000,298800,50.7016
2007-03-06,83.3600,83.6100,83.3600,83.4900,302200,50.6349
2007-03-07,83.4400,83.6700,83.4200,83.6400,265500,50.7258
2007-03-08,83.5100,83.6800,83.4900,83.6300,170300,50.7198
2007-03-09,83.1200,83.2800,83.1100,83.1600,333800,50.4347
2007-03-12,83.3000,83.4400,83.2700,83.3900,253300,50.5742
2007-03-13,83.6900,83.8000,83.5100,83.7600,196000,50.7986
2007-03-14,83.6900,83.9300,83.6100,83.6500,267900,50.7319
2007-03-15,83.5600,83.6200,83.4900,83.5600,338900,50.6773
2007-03-16,83.4400,83.5900,83.4100,83.5500,340500,50.6712
2007-03-19,83.4100,83.4400,83.3400,83.4400,238200,50.6046
2007-03-20,83.6400,83.6400,83.5200,83.5600,169400,50.6773
2007-03-21,83.4600,83.7800,83.3000,83.6800,369800,50.7501
2007-03-22,83.6100,83.6100,83.3200,83.4000,236500,50.5803
2007-03-23,83.5100,83.5200,83.2100,83.2700,163400,50.5014
2007-03-26,83.1800,83.5000,83.1500,83.3400,142100,50.5439
2007-03-27,83.2800,83.3700,83.2300,83.3200,165900,50.5318
2007-03-28,83.4700,83.6000,83.2300,83.3100,240500,50.5257
2007-03-29,83.2000,83.2600,83.1500,83.1900,121400,50.4529
2007-03-30,83.2100,83.5200,82.9500,83.0900,464400,50.3923
2007-04-02,82.9500,82.9600,82.8000,82.8600,156600,50.4483
2007-04-03,82.7900,82.8400,82.7500,82.7900,257400,50.4057
2007-04-04,82.9200,83.0000,82.8200,82.9200,182300,50.4848
2007-04-05,82.8200,82.9100,82.7100,82.7100,161200,50.3570
2007-04-09,82.3900,82.4000,82.3000,82.3300,198900,50.1256
2007-04-10,82.5000,82.5700,82.4700,82.5000,97600,50.2291
2007-04-11,82.5800,82.6200,82.4000,82.4000,150700,50.1683
2007-04-12,82.5300,82.5700,82.4300,82.4800,111200,50.2169
2007-04-13,82.5300,82.5300,82.2800,82.3400,139100,50.1317
2007-04-16,82.4700,82.5000,82.3700,82.4300,262300,50.1865
2007-04-17,82.5900,82.8000,82.5900,82.7800,1080400,50.3996
2007-04-18,82.8700,83.0300,82.8700,82.9700,252500,50.5153
2007-04-19,83.0700,83.0900,82.8500,82.9600,153600,50.5092
2007-04-20,82.9800,82.9800,82.8200,82.8700,88800,50.4544
2007-04-23,82.9200,83.1200,82.8400,83.0400,90500,50.5579
2007-04-24,83.1100,83.3000,83.1000,83.2000,660500,50.6553
2007-04-25,83.1700,83.3000,83.1100,83.1500,537400,50.6248
2007-04-26,83.1000,83.1100,82.8900,82.9100,307600,50.4788
2007-04-27,82.9700,82.9900,82.8600,82.9100,180000,50.4788
2007-04-30,83.0800,83.2900,83.0700,83.2700,171500,50.6979
2007-05-01,83.0400,83.0800,82.7700,82.9600,158900,50.7003
2007-05-02,82.9900,82.9900,82.8600,82.8600,167000,50.6393
2007-05-03,82.8000,82.8700,82.6600,82.7700,113200,50.5842
2007-05-04,82.9400,83.0000,82.8900,82.9800,144800,50.7126
2007-05-07,83.0100,83.0500,82.9500,83.0500,104500,50.7553
2007-05-08,83.1300,83.1300,83.0300,83.0500,158900,50.7553
2007-05-09,83.0200,83.0500,82.7700,82.7800,201600,50.5904
2007-05-10,82.8300,83.0100,82.8100,82.9900,153100,50.7187
2007-05-11,83.0900,83.1300,82.7800,82.8200,178000,50.6148
2007-05-14,82.8300,82.8500,82.7000,82.7000,142400,50.5415
2007-05-15,82.8300,82.8500,82.5700,82.6900,168400,50.5354
2007-05-16,82.6700,82.7200,82.6100,82.6400,191300,50.5048
2007-05-17,82.5400,82.5800,82.3800,82.4200,263500,50.3703
2007-05-18,82.3400,82.4200,82.1300,82.1800,236400,50.2236
2007-05-21,82.1600,82.2900,82.1000,82.2900,222000,50.2909
2007-05-22,82.2000,82.2600,82.0000,82.0600,217000,50.1503
2007-05-23,82.1100,82.1100,81.8500,81.9000,228100,50.0525
2007-05-24,81.9000,82.0100,81.7100,82.0100,153300,50.1198
2007-05-25,81.8900,82.0100,81.8600,81.9200,183900,50.0648
2007-05-29,81.9000,81.9300,81.7500,81.7500,152800,49.9609
2007-05-30,82.0400,82.0400,81.8100,81.8300,245600,50.0097
2007-05-31,81.9100,81.9100,81.6400,81.8000,235100,49.9914
2007-06-01,81.3100,81.3300,81.0800,81.1200,230300,49.7761
2007-06-04,81.2200,81.2800,81.1200,81.2500,139200,49.8558
2007-06-05,81.1600,81.2000,80.9200,80.9900,351500,49.6963
2007-06-06,80.9900,81.1300,80.9900,81.0300,266800,49.7208
2007-06-07,80.7100,80.7300,80.2100,80.2200,472300,49.2238
2007-06-08,80.1600,80.3800,80.0800,80.3700,409900,49.3158
2007-06-11,80.1700,80.3200,80.1200,80.1600,198300,49.1870
2007-06-12,79.8600,79.9300,79.5200,79.5900,698800,48.8372
2007-06-13,79.6300,79.9200,79.6000,79.8500,514600,48.9968
2007-06-14,79.8500,80.0500,79.7800,79.8700,207300,49.0090
2007-06-15,79.9500,80.2200,79.8700,80.2200,594800,49.2238
2007-06-18,80.1900,80.2900,80.0100,80.1800,413500,49.1993
2007-06-19,80.4200,80.6800,80.3200,80.5700,460100,49.4385
2007-06-20,80.4700,80.4900,80.2700,80.3100,152900,49.2790
2007-06-21,80.3300,80.4200,80.1900,80.2100,276700,49.2177
2007-06-22,80.1100,80.4600,80.0300,80.4500,246000,49.3649
2007-06-25,80.6900,80.7800,80.5500,80.7100,253200,49.5245
2007-06-26,80.7700,80.8000,80.5800,80.7300,141000,49.5368
2007-06-27,80.9300,81.0100,80.6800,80.7200,218600,49.5306
2007-06-28,80.7600,80.8100,80.5700,80.6700,436800,49.5000
2007-06-29,80.9300,81.1400,80.7700,81.0900,374700,49.7576
2007-07-02,80.7600,80.9700,80.6500,80.9000,1030600,49.8334
2007-07-03,80.9000,80.9900,80.6500,80.6600,169200,49.6856
2007-07-05,80.4400,80.5000,80.1100,80.2100,269000,49.4084
2007-07-06,80.0400,80.1000,79.9300,80.0200,468100,49.2913
2007-07-09,80.1700,80.3100,80.0900,80.3100,118900,49.4699
2007-07-10,80.5900,80.8600,80.5000,80.8600,191300,49.8088
2007-07-11,80.8100,80.8900,80.5200,80.5800,218100,49.6363
2007-07-12,80.6200,80.7200,80.2800,80.3500,309700,49.4946
2007-07-13,80.5600,80.6000,80.2900,80.5300,157400,49.6055
2007-07-16,80.5200,80.8500,80.5200,80.8500,154100,49.8026
2007-07-17,80.6900,80.8100,80.5300,80.6800,136600,49.6979
2007-07-18,80.7500,81.1400,80.7300,80.9700,215700,49.8765
2007-07-19,80.7700,80.9700,80.7500,80.9600,200600,49.8704
2007-07-20,81.1600,81.5100,81.1100,81.3600,463300,50.1168
2007-07-23,81.3000,81.4300,81.2600,81.3300,327500,50.0983
2007-07-24,81.4600,81.6100,81.3700,81.5500,251200,50.2338
2007-07-25,81.5700,81.7600,81.5300,81.6600,409500,50.3016
2007-07-26,82.0900,82.5000,82.0100,82.3100,391800,50.7020
2007-07-27,82.3100,82.5700,82.1800,82.4700,305800,50.8005
2007-07-30,82.4800,82.5200,82.2000,82.2600,279600,50.6712
2007-07-31,82.2300,82.6200,82.1500,82.6000,417200,50.8806
2007-08-01,82.1700,82.4000,82.0400,82.0500,195100,50.7396
2007-08-02,82.1000,82.2300,81.9600,82.1100,212100,50.7767
2007-08-03,82.2600,82.6400,81.9100,82.6400,950100,51.1045
2007-08-06,82.4500,82.6900,82.2500,82.3100,267900,50.9004
2007-08-07,82.3700,82.5600,82.0800,82.3000,567300,50.8942
2007-08-08,82.0400,82.0400,81.6100,81.7300,314600,50.5418
2007-08-09,82.2900,82.2900,81.8800,82.1900,235600,50.8261
2007-08-10,82.4000,82.4000,81.9300,82.0700,685000,50.7519
2007-08-13,82.0000,82.2400,81.9500,82.2000,154400,50.8323
2007-08-14,81.9700,82.5100,81.9700,82.5000,530100,51.0179
2007-08-15,82.7100,82.8200,82.4400,82.6500,902100,51.1106
2007-08-16,82.8900,83.4700,82.8700,82.9700,900500,51.3086
2007-08-17,82.9500,83.0700,82.8700,83.0300,308400,51.3456
2007-08-20,83.1400,83.4400,83.0500,83.2100,926600,51.4569
2007-08-21,83.4900,83.6400,83.3300,83.5700,459200,51.6795
2007-08-22,83.1500,83.4300,83.1300,83.3000,197000,51.5126
2007-08-23,83.2400,83.5000,83.1700,83.3300,234900,51.5311
2007-08-24,83.4600,83.4700,83.2100,83.3600,123400,51.5497
2007-08-27,83.4700,83.6300,83.3600,83.5900,120000,51.6919
2007-08-28,83.6900,84.0500,83.6900,84.0200,274400,51.9578
2007-08-29,83.9400,84.1700,83.7000,83.7000,507600,51.7600
2007-08-30,84.0400,84.2000,83.9500,84.1200,201800,52.0196
2007-08-31,83.8400,84.4200,83.7600,84.1400,261500,52.0321
2007-09-04,83.8400,84.0000,83.4400,83.6500,281800,51.9352
2007-09-05,83.7800,84.2100,83.7800,84.1700,313300,52.2580
2007-09-06,84.1300,84.2000,83.9300,83.9900,267100,52.1463
2007-09-07,84.5300,84.8900,84.4900,84.8900,410800,52.7050
2007-09-10,84.8700,85.2300,84.7900,85.0800,238000,52.8230
2007-09-11,84.9800,85.0900,84.8100,84.9000,123200,52.7113
2007-09-12,84.7900,84.8400,84.5700,84.6900,147900,52.5809
2007-09-13,84.4700,84.4700,84.1000,84.1900,178500,52.2705
2007-09-14,84.6700,84.6700,84.1300,84.3000,160700,52.3388
2007-09-17,84.2500,84.3700,84.1400,84.3500,237900,52.3698
2007-09-18,84.1500,84.4700,83.9100,84.2600,344700,52.3139
2007-09-19,84.0900,84.1300,83.7700,83.9600,1369300,52.1277
2007-09-20,83.6800,83.7400,83.0100,83.0100,685800,51.5378
2007-09-21,83.2200,83.5000,83.2200,83.4300,754900,51.7986
2007-09-24,83.4600,83.5800,83.3700,83.5400,236300,51.8669
2007-09-25,83.8100,83.9200,83.5400,83.5500,225500,51.8731
2007-09-26,83.4500,83.6600,83.3500,83.5800,151100,51.8917
2007-09-27,83.6700,83.9600,83.6100,83.8500,437100,52.0594
2007-09-28,84.0400,84.1800,83.7400,83.8800,185600,52.0780
2007-10-01,83.6300,83.7800,83.5200,83.6700,510600,52.1403
2007-10-02,83.6500,83.9800,83.5900,83.8500,205900,52.2525
2007-10-03,84.0700,84.1000,83.6700,83.7900,1232800,52.2151
2007-10-04,83.7100,83.9700,83.7100,83.9400,120300,52.3085
2007-10-05,83.4700,83.5000,83.1200,83.2000,1173000,51.8474
2007-10-08,83.3000,83.7900,83.0800,83.5000,129100,52.0344
2007-10-09,83.2800,83.4600,83.1100,83.2400,184000,51.8723
2007-10-10,83.1600,83.4400,83.0600,83.3200,298700,51.9222
2007-10-11,83.0100,83.3500,82.8500,83.3300,264100,51.9284
2007-10-12,82.9400,83.3400,82.9400,83.0500,151400,51.7539
2007-10-15,82.8600,83.2000,82.8400,83.1300,196200,51.8038
2007-10-16,83.2700,83.3900,83.1600,83.3600,205200,51.9471
2007-10-17,83.4000,84.2800,83.3700,83.8700,201200,52.2649
2007-10-18,84.1400,84.2600,84.0600,84.1900,193200,52.4644
2007-10-19,84.3300,84.9400,84.3300,84.9100,270500,52.9130
2007-10-22,84.8800,84.8900,84.5800,84.7500,218900,52.8133
2007-10-23,84.5900,84.8400,84.5000,84.7300,368300,52.8009
2007-10-24,84.9300,85.3400,84.9200,85.1600,273300,53.0688
2007-10-25,85.2300,85.2800,85.0600,85.0900,169800,53.0252
2007-10-26,84.8400,85.1700,84.7600,84.8800,189500,52.8944
2007-10-29,84.8900,85.0500,84.8200,84.9500,171500,52.9380
2007-10-30,85.0000,85.0400,84.8500,85.0400,118400,52.9940
2007-10-31,84.8300,84.9800,84.4600,84.4700,313300,52.6388
2007-11-01,84.3400,85.0100,84.3400,84.8600,219100,53.0685
2007-11-02,84.6500,85.3100,84.6500,85.0900,337600,53.2123
2007-11-05,85.2200,85.2800,84.9100,84.9900,172100,53.1498
2007-11-06,84.8700,85.1800,84.7800,84.8400,184100,53.0560
2007-11-07,85.0200,85.2200,84.9000,85.1500,299700,53.2498
2007-11-08,85.2300,85.5300,85.1600,85.3400,1078400,53.3686
2007-11-09,85.6000,85.8600,85.5700,85.8500,276700,53.6876
2007-11-12,85.9700,86.0000,85.7700,86.0000,117900,53.7814
2007-11-13,85.7400,85.7400,85.4500,85.5600,125300,53.5062
2007-11-14,85.2300,85.6200,85.2300,85.6200,96400,53.5437
2007-11-15,85.7400,86.2100,85.7000,86.1000,210400,53.8439
2007-11-16,86.1100,86.3400,86.0200,86.1000,742300,53.8439
2007-11-19,86.2000,86.8100,86.1000,86.7200,503500,54.2316
2007-11-20,86.6800,86.8500,86.3300,86.4900,378500,54.0878
2007-11-21,87.0500,87.2200,86.9100,87.1700,317600,54.5130
2007-11-23,86.9500,87.2300,86.6800,86.9100,216700,54.3505
2007-11-26,87.1500,88.2500,87.0200,88.1000,637600,55.0947
2007-11-27,87.6700,88.0400,87.0300,87.2800,353300,54.5818
2007-11-28,87.2400,87.3600,86.8600,86.9700,159600,54.3880
2007-11-29,87.4400,87.7500,87.3300,87.4600,145300,54.6944
2007-11-30,86.9200,87.5800,86.7000,87.5800,395100,54.7695
2007-12-03,88.0500,88.0500,87.4000,87.6300,214700,54.9859
2007-12-04,87.8400,87.8600,87.3700,87.7100,196800,55.0362
2007-12-05,87.4100,87.6700,87.2800,87.3800,284600,54.8291
2007-12-06,87.2000,87.2800,86.8100,86.9200,217900,54.5404
2007-12-07,86.7300,86.7300,86.2000,86.3600,193000,54.1890
2007-12-10,86.4200,86.4700,85.9300,86.1600,257800,54.0636
2007-12-11,86.2800,87.3400,86.2800,87.3400,318800,54.8040
2007-12-12,86.1900,86.8500,86.0000,86.6100,470500,54.3459
2007-12-13,86.4100,86.4700,85.9700,85.9700,221000,53.9443
2007-12-14,85.8300,85.9200,85.6200,85.7200,240100,53.7874
2007-12-17,85.9000,86.2800,85.8000,86.2300,191000,54.1075
2007-12-18,86.3100,86.6900,86.2300,86.4000,644300,54.2141
2007-12-19,86.8100,87.2000,86.3000,87.0900,411600,54.6471
2007-12-20,87.0400,87.3100,86.9100,86.9500,308600,54.5592
2007-12-21,86.8900,86.9200,86.2700,86.3200,560200,54.1640
2007-12-24,86.0800,86.2200,85.9700,86.0700,197400,54.0070
2007-12-26,85.9800,86.2500,85.5900,85.6600,135700,53.7498
2007-12-27,86.3800,86.3800,85.6500,85.9200,211000,54.1107
2007-12-28,86.2200,86.7100,86.1600,86.6100,302900,54.5452
2007-12-31,86.7200,87.1300,86.6500,87.0100,181100,54.7971
2008-01-02,86.9900,87.7300,86.9400,87.6300,564700,55.1876
2008-01-03,87.5000,87.8400,87.3100,87.8100,198600,55.3010
2008-01-04,88.0000,88.2400,87.9500,88.0400,368700,55.4458
2008-01-07,87.8700,88.3000,87.8700,88.2000,341100,55.5466
2008-01-08,88.0900,88.4200,87.8700,88.3900,293200,55.6662
2008-01-09,88.4400,88.7200,88.2300,88.2500,335600,55.5780
2008-01-10,88.4300,88.4700,87.9100,88.0100,258300,55.4269
2008-01-11,88.1200,88.5900,88.0500,88.5700,310100,55.7796
2008-01-14,88.5200,88.6500,88.4000,88.6100,347000,55.8048
2008-01-15,88.9000,89.2000,88.7900,89.1900,353700,56.1700
2008-01-16,89.2400,89.7300,88.8000,89.0200,459400,56.0630
2008-01-17,89.0100,89.7900,88.9300,89.7400,608600,56.5164
2008-01-18,89.4900,89.7000,89.3100,89.6100,628100,56.4346
2008-01-22,90.8000,90.8000,89.8800,90.6100,863800,57.0643
2008-01-23,91.7600,91.7800,90.1200,90.1900,1417600,56.7998
2008-01-24,89.9100,90.1300,89.3600,89.3700,398500,56.2834
2008-01-25,89.0000,90.2000,88.9700,90.2000,442600,56.8061
2008-01-28,89.9300,90.1100,89.7800,89.8700,254900,56.5983
2008-01-29,89.6900,89.7300,89.3200,89.5100,433100,56.3716
2008-01-30,89.3400,89.6500,89.0100,89.4700,694000,56.3464
2008-01-31,90.1900,90.1900,89.6400,89.9300,384900,56.6361
2008-02-01,90.0400,90.1200,89.5600,89.9400,597500,56.8199
2008-02-04,89.4000,89.6200,89.3300,89.4400,442300,56.5041
2008-02-05,90.0600,90.1900,89.7900,90.0700,234400,56.9021
2008-02-06,89.7900,89.9400,89.6600,89.9100,161700,56.8010
2008-02-07,89.9700,89.9800,88.6800,88.9000,246500,56.1629
2008-02-08,89.3900,89.6900,89.2700,89.6500,219300,56.6367
2008-02-11,89.8000,90.0500,89.6600,89.8500,200000,56.7630
2008-02-12,89.4600,89.7100,89.1800,89.6600,425500,56.6430
2008-02-13,89.2800,89.6500,89.2500,89.2800,310900,56.4030
2008-02-14,89.0200,89.1600,88.5600,88.7900,477900,56.0934
2008-02-15,88.9300,89.1500,88.8200,88.9800,512000,56.2134
2008-02-19,88.5200,88.7900,88.1900,88.3400,564300,55.8092
2008-02-20,88.1900,88.5400,88.0900,88.2600,496700,55.7586
2008-02-21,88.5000,89.2200,88.5000,89.1700,361900,56.3335
2008-02-22,89.1200,89.3900,88.8400,88.9200,237200,56.1755
2008-02-25,88.7500,88.9200,88.2400,88.3300,175400,55.8028
2008-02-26,88.4800,88.7100,88.4000,88.5500,259700,55.9418
2008-02-27,89.0500,89.0800,88.4300,88.7600,201600,56.0744
2008-02-28,89.5000,89.8000,89.3000,89.8000,289500,56.7315
2008-02-29,90.2500,90.8100,90.1500,90.7600,420700,57.3379
2008-03-03,90.2900,90.4400,90.0100,90.2500,480300,57.1922
2008-03-04,90.3500,90.6500,89.8200,89.9100,305600,56.9768
2008-03-05,90.1100,90.1300,89.4300,89.5200,358300,56.7296
2008-03-06,89.8600,90.3600,89.8200,90.2400,292600,57.1859
2008-03-07,90.7800,90.8500,90.1200,90.5500,414000,57.3823
2008-03-10,90.7200,91.3400,90.6300,91.2000,200300,57.7942
2008-03-11,90.4800,90.5000,90.0200,90.2100,350800,57.1669
2008-03-12,90.4300,91.3000,90.2900,91.2500,289800,57.8259
2008-03-13,91.4700,91.5300,90.5200,90.7700,626400,57.5217
2008-03-14,91.1600,91.8900,91.1600,91.7100,301700,58.1174
2008-03-17,91.6700,92.5900,91.6700,92.1700,569100,58.4089
2008-03-18,92.0600,92.0600,91.4200,91.5400,333400,58.0097
2008-03-19,91.4500,92.4000,91.4200,92.3300,1370400,58.5103
2008-03-20,92.4700,92.5600,92.0800,92.5300,626300,58.6371
2008-03-24,91.6100,91.6100,90.9000,90.9000,898300,57.6041
2008-03-25,91.1900,91.3700,91.0400,91.2200,314600,57.8070
2008-03-26,91.4600,91.5900,91.1700,91.2900,615400,57.8513
2008-03-27,91.1900,91.5100,90.9800,91.1700,345100,57.7752
2008-03-28,91.2800,91.6400,91.0900,91.5300,131800,58.0034
2008-03-31,91.9200,91.9700,91.6200,91.6900,431000,58.1048
2008-04-01,91.5400,91.5400,90.3700,90.5800,786700,57.5967
2008-04-02,90.3200,90.6000,90.0800,90.2800,734700,57.4059
2008-04-03,90.6000,90.6000,90.1400,90.2800,560200,57.4059
2008-04-04,90.7500,91.0000,90.7400,90.9700,421800,57.8447
2008-04-07,90.4700,90.6400,90.0600,90.3700,330400,57.4631
2008-04-08,90.6300,90.6500,90.2900,90.3800,469900,57.4695
2008-04-09,90.5500,91.0800,90.4300,90.9200,761000,57.8129
2008-04-10,90.9200,91.0300,90.3600,90.5600,199700,57.5840
2008-04-11,90.9500,91.0900,90.8300,90.9500,716400,57.8320
2008-04-14,90.9400,91.0900,90.6600,90.7200,246000,57.6858
2008-04-15,90.4400,90.6000,90.1900,90.3100,273700,57.4250
2008-04-16,90.2500,90.3500,89.4600,89.7000,1116400,57.0371
2008-04-17,89.6700,89.7700,89.1800,89.4900,815000,56.9036
2008-04-18,88.9300,89.4700,88.6500,89.4000,2284800,56.8464
2008-04-21,89.2700,89.5200,89.1500,89.4100,303600,56.8527
2008-04-22,89.3400,89.6700,89.2500,89.4800,427900,56.8973
2008-04-23,89.4300,89.5000,89.1300,89.3900,191300,56.8400
2008-04-24,88.7900,89.0200,88.5400,88.6900,306600,56.3949
2008-04-25,88.5100,88.7500,88.2800,88.5700,211400,56.3186
2008-04-28,88.5000,88.8100,88.4600,88.7300,167800,56.4203
2008-04-29,88.9000,89.1200,88.7700,88.8900,144300,56.5221
2008-04-30,88.8600,89.2600,88.5800,89.1700,168700,56.7001
2008-05-01,89.3000,89.3700,88.7000,88.8800,336700,56.6937
2008-05-02,88.2900,88.5000,88.0800,88.1600,341700,56.2344
2008-05-05,88.3600,88.4100,88.0000,88.2900,158800,56.3174
2008-05-06,88.4700,88.5800,87.9300,88.0100,557400,56.1388
2008-05-07,87.9100,88.4000,87.8100,88.3600,361300,56.3621
2008-05-08,88.5300,88.9300,88.4800,88.9300,445600,56.7256
2008-05-09,89.1500,89.2100,88.8800,89.0300,236600,56.7894
2008-05-12,88.9500,89.2300,88.8300,88.8800,112200,56.6937
2008-05-13,88.3600,88.5600,88.0800,88.1400,458800,56.2218
2008-05-14,88.3800,88.3800,87.7800,88.1100,174400,56.2026
2008-05-15,88.0300,88.6400,88.0300,88.6000,269100,56.5152
2008-05-16,88.4000,88.9000,88.3700,88.4500,318100,56.4195
2008-05-19,88.5500,88.6800,88.2300,88.6500,163600,56.5470
2008-05-20,88.8500,88.9600,88.6400,88.9200,230400,56.7192
2008-05-21,88.6100,88.9400,88.5600,88.7100,183100,56.5853
2008-05-22,88.3700,88.3800,87.8500,88.1300,223800,56.2154
2008-05-23,88.3100,88.6500,88.3000,88.5200,413200,56.4641
2008-05-27,88.0900,88.3200,87.9600,88.0900,258900,56.1898
2008-05-28,87.7600,87.8200,87.4000,87.4300,197900,55.7688
2008-05-29,87.2300,87.2300,86.7600,87.0200,387600,55.5073
2008-05-30,87.3500,87.4800,87.2400,87.3100,2838400,55.6923
2008-06-02,87.5000,87.6600,86.1900,87.5200,240300,56.0232
2008-06-03,87.3600,88.1700,87.1800,87.9800,561500,56.3177
2008-06-04,88.1900,88.2000,87.5600,87.6600,462400,56.1129
2008-06-05,87.4100,87.4500,87.1200,87.2000,1079400,55.8184
2008-06-06,87.7000,88.0500,87.5300,87.9600,250000,56.3049
2008-06-09,87.5200,87.7300,87.2000,87.3300,288000,55.9016
2008-06-10,87.1200,87.2100,86.6800,86.8100,221200,55.5688
2008-06-11,86.9900,87.3400,86.7200,86.9000,247100,55.6263
2008-06-12,86.5200,86.5200,86.0000,86.1400,546800,55.1399
2008-06-13,86.1400,86.4300,85.8600,85.9400,579300,55.0118
2008-06-16,86.1300,86.1600,85.8000,85.9500,180600,55.0182
2008-06-17,86.1100,86.3200,85.9300,86.2400,266600,55.2039
2008-06-18,86.3900,86.7800,86.3500,86.7100,296200,55.5047
2008-06-19,86.5200,86.6100,86.1900,86.2100,152900,55.1847
2008-06-20,86.6900,86.8400,86.4700,86.6100,318300,55.4407
2008-06-23,86.7100,86.8500,86.4600,86.5700,472000,55.4152
2008-06-24,86.8000,87.1500,86.7500,87.0300,273400,55.7096
2008-06-25,87.0100,87.0800,86.5600,87.0200,254200,55.7032
2008-06-26,87.0300,87.6100,87.0300,87.5100,320500,56.0168
2008-06-27,87.6200,88.0500,87.5200,87.9400,173000,56.2921
2008-06-30,87.8400,88.0400,87.7300,88.0000,240500,56.3305
2008-07-01,88.0100,88.1100,87.4700,87.4700,355300,56.1776
2008-07-02,87.5500,87.8000,87.4900,87.6800,469800,56.3125
2008-07-03,87.5700,87.8800,87.4500,87.7100,261800,56.3318
2008-07-07,87.7700,88.4500,87.5400,88.1200,507900,56.5951
2008-07-08,88.1800,88.4700,88.1500,88.3400,206400,56.7364
2008-07-09,88.3500,88.8300,88.2500,88.7600,308200,57.0061
2008-07-10,88.8000,88.9400,88.4100,88.7900,291100,57.0254
2008-07-11,88.7900,88.8900,87.8500,87.9600,378000,56.4923
2008-07-14,88.0100,88.6400,88.0000,88.4300,296400,56.7942
2008-07-15,88.6200,89.1000,88.5400,88.7500,506300,56.9997
2008-07-16,88.4500,88.5000,87.9400,87.9400,309500,56.4795
2008-07-17,87.9000,88.0900,87.3600,87.5200,266400,56.2098
2008-07-18,87.5500,87.7300,87.1500,87.2200,365500,56.0171
2008-07-21,87.1700,87.4200,87.0500,87.4200,264600,56.1455
2008-07-22,87.3400,87.3800,87.0100,87.1200,263000,55.9529
2008-07-23,86.9500,87.0600,86.6900,86.9800,550000,55.8629
2008-07-24,87.0900,87.7800,87.0700,87.7300,276300,56.3446
2008-07-25,87.5100,87.6400,87.1000,87.2200,296900,56.0171
2008-07-28,87.5100,87.8800,87.4800,87.7200,363000,56.3382
2008-07-29,87.5800,87.6200,87.3000,87.4700,190000,56.1776
2008-07-30,87.2700,87.8000,87.1500,87.6400,274900,56.2868
2008-07-31,88.1100,88.3400,88.0400,88.3400,275000,56.7364
2008-08-01,87.7300,88.1000,87.7100,88.0800,308500,56.7648
2008-08-04,87.9200,88.2000,87.8500,88.0200,367500,56.7261
2008-08-05,87.9400,88.0400,87.5700,87.5700,355600,56.4361
2008-08-06,87.5700,87.6100,87.2000,87.6000,272400,56.4554
2008-08-07,87.9700,88.6000,87.8600,88.4200,341200,56.9839
2008-08-08,88.5100,88.5400,88.2200,88.3800,202800,56.9581
2008-08-11,88.2600,88.2600,87.6700,87.9500,412500,56.6809
2008-08-12,88.2700,88.5800,88.2400,88.5600,302200,57.0741
2008-08-13,88.7000,88.7200,88.2000,88.3700,210100,56.9517
2008-08-14,88.6400,88.7800,88.4600,88.6400,303000,57.1257
2008-08-15,88.8800,89.1100,88.8300,88.9700,292500,57.3383
2008-08-18,88.9600,89.2300,88.8800,89.1900,381000,57.4801
2008-08-19,89.2900,89.3200,88.9600,89.0600,373400,57.3963
2008-08-20,89.2200,89.4500,89.1400,89.3200,487300,57.5639
2008-08-21,89.3700,89.3700,88.9400,89.1300,279900,57.4414
2008-08-22,88.9600,88.9600,88.7000,88.8700,157200,57.2739
2008-08-25,89.3800,89.5500,89.3500,89.4600,232700,57.6541
2008-08-26,89.3600,89.4900,89.1900,89.4900,166900,57.6734
2008-08-27,89.1100,89.6500,89.1100,89.6200,255700,57.7572
2008-08-28,89.3700,89.5900,89.2000,89.4900,201600,57.6734
2008-08-29,89.2900,89.4200,89.1000,89.3800,496900,57.6026
2008-09-02,88.8900,89.5900,88.7000,89.5700,349200,57.9162
2008-09-03,89.5600,89.9000,89.5300,89.7900,410300,58.0584
2008-09-04,89.9600,90.2800,89.8500,90.2400,460500,58.3494
2008-09-05,90.4700,90.6400,90.0000,90.0400,363400,58.2201
2008-09-08,89.4300,90.0800,89.2400,90.0500,418500,58.2265
2008-09-09,89.8800,90.5300,89.7400,90.4600,323800,58.4916
2008-09-10,89.9300,90.3500,89.8700,90.2300,248900,58.3429
2008-09-11,90.4900,90.5400,90.0000,90.0700,393500,58.2395
2008-09-12,90.1700,90.2000,89.4700,89.6200,358300,57.9485
2008-09-15,90.9700,91.4100,90.6200,91.3400,526200,59.0606
2008-09-16,92.6300,92.6400,91.0300,91.0800,810900,58.8925
2008-09-17,91.6700,92.1100,91.3200,91.9000,829800,59.4227
2008-09-18,91.4000,91.9300,90.7900,90.8200,687700,58.7244
2008-09-19,89.0600,89.7500,89.0600,89.2000,1339500,57.6769
2008-09-22,88.6400,89.1100,88.4800,89.0100,785800,57.5541
2008-09-23,89.1400,89.2900,88.7200,89.0100,455500,57.5541
2008-09-24,89.3300,89.5400,89.0100,89.2400,415400,57.7028
2008-09-25,89.2000,89.2000,88.4500,88.9700,427200,57.5282
2008-09-26,89.1400,89.2900,88.8300,88.9100,310600,57.4894
2008-09-29,89.4900,91.0700,89.4900,90.1500,528000,58.2912
2008-09-30,90.2900,90.2900,88.7800,88.9600,477900,57.5218
2008-10-01,89.1400,89.8000,88.7700,89.2800,349200,57.9272
2008-10-02,89.4300,89.9200,89.3200,89.7800,298000,58.2517
2008-10-03,89.8800,90.2000,89.0000,90.1200,505400,58.4723
2008-10-06,90.4400,91.3200,90.4300,90.8500,1065200,58.9459
2008-10-07,90.4400,91.0500,90.2700,90.7800,825400,58.9005
2008-10-08,91.0700,91.2300,88.5100,89.6200,869200,58.1479
2008-10-09,88.6700,88.7900,88.2400,88.7200,577200,57.5639
2008-10-10,88.4500,88.4500,87.4100,87.6800,1154600,56.8891
2008-10-13,87.2600,87.7600,86.8700,87.0800,478400,56.4999
2008-10-14,87.0500,87.4000,86.6200,86.6700,736700,56.2338
2008-10-15,86.6600,87.3800,86.5900,87.3800,247200,56.6945
2008-10-16,87.1100,87.5900,87.0500,87.4000,330400,56.7075
2008-10-17,87.9000,87.9500,86.9400,87.9500,445800,57.0643
2008-10-20,87.4900,88.1000,87.2900,88.0400,315900,57.1227
2008-10-21,88.5900,89.1300,88.1800,88.9700,225500,57.7261
2008-10-22,89.1100,89.6500,89.0600,89.6500,347700,58.1673
2008-10-23,89.9100,90.1500,89.2900,89.7700,330000,58.2452
2008-10-24,90.4000,90.4000,89.1700,89.3900,1924600,57.9986
2008-10-27,89.4600,89.6800,88.9100,89.3400,213700,57.9662
2008-10-28,88.9000,89.3300,88.3100,88.6200,278100,57.4990
2008-10-29,88.6900,89.0400,88.3200,88.7500,255400,57.5834
2008-10-30,88.0600,88.3100,87.8300,88.0700,406300,57.1422
2008-10-31,88.4300,88.7300,87.5900,87.8900,264100,57.0254
2008-11-03,87.7000,87.8500,87.3900,87.7100,1942300,57.1165
2008-11-04,87.7400,88.8800,87.7400,88.7600,269700,57.8003
2008-11-05,88.7800,89.2300,88.6700,89.2300,286500,58.1064
2008-11-06,88.8000,89.1700,88.5000,88.9600,173000,57.9305
2008-11-07,88.7300,88.8500,88.4400,88.6400,212300,57.7222
2008-11-10,88.5400,88.9700,88.2900,88.7300,205400,57.7808
2008-11-11,88.7200,89.3700,88.7200,89.0600,130100,57.9956
2008-11-12,89.2800,89.7500,89.2500,89.6100,266900,58.3539
2008-11-13,89.4900,89.9500,88.8800,88.9600,300500,57.9305
2008-11-14,89.7300,90.0600,89.5300,89.8400,324100,58.5036
2008-11-17,89.8500,90.3000,89.8000,90.2200,473100,58.7510
2008-11-18,90.6000,91.1500,90.4200,90.9200,543600,59.2069
2008-11-19,91.3000,92.0500,91.0900,91.9000,432400,59.8451
2008-11-20,93.1100,93.7500,92.6100,93.7500,727900,61.0498
2008-11-21,92.7400,93.1200,92.4300,92.8900,791300,60.4897
2008-11-24,92.5200,92.6000,91.7100,92.0200,611600,59.9232
2008-11-25,93.2100,95.7000,92.8500,93.6000,411600,60.9521
2008-11-26,93.7300,94.2400,93.6900,94.1700,483400,61.3233
2008-11-28,94.0500,94.5200,94.0100,94.3600,134000,61.4470
2008-12-01,95.0500,96.0800,94.6400,95.3200,663900,62.2787
2008-12-02,95.2600,95.8700,95.1700,95.8200,278300,62.6054
2008-12-03,95.7700,96.1200,95.2000,95.9700,352200,62.7034
2008-12-04,96.1700,96.7900,95.8700,96.5700,443800,63.0955
2008-12-05,96.2500,96.6600,95.4200,95.5500,557500,62.4290
2008-12-08,95.5000,95.7100,95.0700,95.1900,523400,62.1938
2008-12-09,95.3800,96.2100,95.0700,96.0000,1421700,62.7230
2008-12-10,95.4900,95.9100,95.2800,95.9100,737000,62.6643
2008-12-11,96.0400,96.5600,95.6300,96.4900,327500,63.0432
2008-12-12,96.4800,96.7700,95.4900,96.7600,281300,63.2196
2008-12-15,96.8400,97.2400,96.7100,96.9700,328900,63.3568
2008-12-16,98.5100,98.6300,96.6400,98.5100,406000,64.3630
2008-12-17,99.7800,100.0200,99.0100,99.1800,667900,64.8007
2008-12-18,99.9500,100.3100,99.6700,99.8500,477700,65.2385
2008-12-19,99.4400,99.9900,99.4400,99.5200,598000,65.0229
2008-12-22,99.5600,99.7200,99.1500,99.2600,804200,64.8530
2008-12-23,99.1000,99.5500,99.0000,99.2100,324500,64.8203
2008-12-24,99.1600,99.4400,99.0500,99.1100,129200,64.7550
2008-12-26,99.5100,99.6400,99.2000,99.6400,181100,65.1013
2008-12-29,99.4500,99.9200,99.3800,99.4900,211900,65.2449
2008-12-30,99.2300,99.6400,99.1000,99.6300,201300,65.3367
2008-12-31,99.3700,99.5800,98.2000,98.5300,404600,64.6154
2009-01-02,98.7800,98.9600,96.9400,97.1200,455200,63.6907
2009-01-05,96.7100,97.3000,96.4500,96.9500,1383500,63.5792
2009-01-06,96.2100,97.0800,96.0000,96.8900,900800,63.5399
2009-01-07,96.7400,97.1400,96.5500,96.9100,296700,63.5529
2009-01-08,97.0100,97.5300,96.8600,97.1700,262600,63.7235
2009-01-09,97.0000,97.9500,97.0000,97.6200,278700,64.0186
2009-01-12,97.3800,98.3100,97.3400,98.2300,747700,64.4186
2009-01-13,97.9800,98.3600,97.9100,98.3000,157700,64.4645
2009-01-14,98.7200,99.2200,98.7000,98.8500,321100,64.8252
2009-01-15,98.9700,99.1200,98.5900,98.7700,414500,64.7727
2009-01-16,97.5500,98.5000,97.4700,97.8600,288800,64.1759
2009-01-20,96.8100,98.0500,96.7500,97.7100,357200,64.0776
2009-01-21,97.1000,97.5500,96.6200,96.8400,484100,63.5071
2009-01-22,96.7200,96.7700,95.9000,96.2000,262600,63.0873
2009-01-23,95.8600,96.2200,95.5600,96.2200,361900,63.1004
2009-01-26,95.8500,96.1100,95.5600,95.9800,324900,62.9431
2009-01-27,95.9100,96.7500,95.8500,96.6100,269300,63.3562
2009-01-28,96.7500,96.8200,95.5800,95.9900,266200,62.9497
2009-01-29,95.5100,95.7400,94.4800,94.7400,325900,62.1299
2009-01-30,95.0200,95.1500,94.6200,94.7000,296900,62.1037
2009-02-02,94.8000,95.3700,94.4700,95.2000,347600,62.6074
2009-02-03,94.8400,94.9400,94.2000,94.3800,436000,62.0681
2009-02-04,94.1500,94.2500,93.5000,93.9000,325000,61.7525
2009-02-05,94.0300,94.4600,93.7400,94.1200,641800,61.8971
2009-02-06,94.0000,94.0300,93.5000,93.5500,667000,61.5223
2009-02-09,93.5200,93.5800,93.1200,93.3600,468300,61.3974
2009-02-10,94.1000,94.8500,93.9800,94.6100,437400,62.2194
2009-02-11,94.8600,95.4900,94.8200,95.3400,316800,62.6995
2009-02-12,95.5800,95.7800,95.2100,95.3100,379900,62.6797
2009-02-13,94.9100,95.0300,94.4200,94.5600,304100,62.1865
2009-02-17,95.5600,96.2200,95.5600,96.1500,416200,63.2322
2009-02-18,96.1400,96.1900,95.3400,95.4500,422300,62.7718
2009-02-19,94.5600,95.2900,94.5600,94.9200,229300,62.4232
2009-02-20,95.4800,95.8700,95.1300,95.1900,338800,62.6008
2009-02-23,94.8300,95.3200,94.6900,95.2800,440600,62.6600
2009-02-24,95.4300,95.7900,94.8500,94.9200,557000,62.4232
2009-02-25,94.8700,95.1300,93.9700,94.0600,428700,61.8577
2009-02-26,93.8300,94.0600,93.6600,93.8200,224800,61.6998
2009-02-27,94.0700,94.2800,93.5600,93.7400,288300,61.6472
2009-03-02,93.9700,94.6300,93.9000,94.4300,500400,62.2658
2009-03-03,93.9000,94.6100,93.7800,94.3100,528400,62.1867
2009-03-04,93.4700,93.8700,93.4400,93.8300,331600,61.8701
2009-03-05,94.5100,95.0500,94.1900,94.9300,475000,62.5954
2009-03-06,94.4600,95.1800,94.4600,94.4800,414800,62.2987
2009-03-09,94.6300,94.7600,94.1000,94.5200,224900,62.3251
2009-03-10,94.0500,94.1500,93.7300,93.8300,244500,61.8701
2009-03-11,93.6300,94.5000,93.5600,94.5000,320700,62.3119
2009-03-12,94.5700,95.1000,94.4000,94.7700,271100,62.4900
2009-03-13,94.5000,95.1000,94.3000,94.7000,553200,62.4438
2009-03-16,94.0700,94.3900,94.0200,94.1600,512100,62.0877
2009-03-17,94.4600,94.6300,93.7900,93.9800,222200,61.9690
2009-03-18,94.1500,97.5000,94.1500,97.2000,751400,64.0923
2009-03-19,97.5100,97.6800,96.8500,96.8700,711100,63.8746
2009-03-20,97.0400,97.2100,96.7000,96.8700,231400,63.8746
2009-03-23,96.8100,97.1000,96.4900,96.5400,285100,63.6571
2009-03-24,96.4100,96.8100,96.0000,96.4000,810500,63.5647
2009-03-25,96.1700,96.4200,95.6700,95.8200,443500,63.1823
2009-03-26,95.8300,96.3400,95.6500,96.0700,507900,63.3471
2009-03-27,96.2800,96.4000,95.8200,96.0100,394200,63.3076
2009-03-30,96.5500,96.6700,96.1100,96.4200,321200,63.5779
2009-03-31,96.4200,96.7000,96.4100,96.5900,1150800,63.6900
2009-04-01,96.5700,96.7200,96.2200,96.5500,230200,63.8461
2009-04-02,96.2200,96.2900,95.7000,95.9200,552400,63.4295
2009-04-03,95.5100,95.7400,94.7900,94.8200,1177200,62.7021
2009-04-06,94.9700,95.0400,94.5400,94.6000,363600,62.5566
2009-04-07,94.8200,95.0100,94.6700,94.8400,289700,62.7153
2009-04-08,94.9800,95.3100,94.8500,95.3100,250800,63.0261
2009-04-09,94.7200,95.1600,94.6000,94.7500,249600,62.6558
2009-04-13,95.1600,95.4600,95.1100,95.3100,207300,63.0261
2009-04-14,95.5600,95.9100,95.4200,95.8000,254000,63.3501
2009-04-15,95.9300,96.0100,95.5000,95.8900,238500,63.4096
2009-04-16,95.6800,95.8000,95.3500,95.5100,240100,63.1584
2009-04-17,95.2400,95.2800,94.6500,94.7400,239400,62.6492
2009-04-20,95.1000,95.5000,95.0800,95.4000,277700,63.0856
2009-04-21,95.7900,95.8600,94.9000,95.0300,218500,62.8410
2009-04-22,95.1400,95.1900,94.5000,94.8000,160900,62.6888
2009-04-23,94.7000,94.9000,94.4300,94.7800,238200,62.6756
2009-04-24,94.5100,94.6500,94.2400,94.4100,253500,62.4310
2009-04-27,94.8000,94.9500,94.4500,94.8000,207500,62.6888
2009-04-28,95.1100,95.1200,94.2000,94.3400,283800,62.3846
2009-04-29,94.3500,94.5500,93.5100,93.8300,454400,62.0475
2009-04-30,93.5900,93.7900,93.2900,93.6700,410500,61.9416
2009-05-01,93.1600,93.2100,92.8300,93.0900,562700,61.7426
2009-05-04,93.1500,93.3600,92.9600,93.1800,516400,61.8023
2009-05-05,93.1900,93.3600,92.9700,93.1600,245000,61.7890
2009-05-06,93.0800,93.5500,93.0100,93.2000,442600,61.8156
2009-05-07,92.6800,92.9700,92.2500,92.4200,489800,61.2983
2009-05-08,92.5100,92.8000,92.4100,92.5300,399900,61.3712
2009-05-11,93.1500,93.4500,92.9900,93.4000,698000,61.9483
2009-05-12,93.2300,93.4800,93.0900,93.3400,206800,61.9085
2009-05-13,93.5700,93.8600,93.5600,93.7700,287500,62.1937
2009-05-14,93.7100,93.8300,93.5500,93.7800,186500,62.2003
2009-05-15,93.6300,93.7000,93.4000,93.5500,254100,62.0478
2009-05-18,93.6100,93.6800,92.9600,93.0000,456100,61.6829
2009-05-19,92.8000,92.9300,92.5900,92.8700,268900,61.5967
2009-05-20,92.8800,93.2900,92.7300,93.1600,408600,61.7890
2009-05-21,93.4600,93.4600,92.0600,92.1400,374900,61.1125
2009-05-22,91.7400,92.0100,91.4600,91.6000,382200,60.7544
2009-05-26,91.8700,91.9900,90.9700,90.9900,519900,60.3498
2009-05-27,91.0000,91.0600,89.8800,89.9600,733500,59.6666
2009-05-28,90.6100,90.6300,89.7100,90.4300,660100,59.9784
2009-05-29,90.4700,91.5400,90.4500,91.4500,1119300,60.6549
2009-06-01,90.2600,90.3500,89.4300,89.6900,970300,59.6650
2009-06-02,89.9200,90.0400,89.4500,89.9900,1903800,59.8646
2009-06-03,90.2800,90.6400,90.1400,90.5400,568800,60.2305
2009-06-04,89.9800,90.0900,89.3400,89.4900,591100,59.5320
2009-06-05,88.6800,89.1400,88.4100,88.6000,1273900,58.9399
2009-06-08,88.7100,88.8400,88.0800,88.1500,1135800,58.6406
2009-06-09,88.5500,88.7900,88.2900,88.5300,1127200,58.8933
2009-06-10,88.2700,88.4800,87.7000,88.0000,1406500,58.5408
2009-06-11,87.9800,88.9500,87.8200,88.6000,781400,58.9399
2009-06-12,88.7200,89.2900,88.7200,89.0700,608300,59.2526
2009-06-15,89.4100,89.6200,89.3000,89.4700,531500,59.5187
2009-06-16,89.4400,90.0000,89.2900,89.9700,403000,59.8513
2009-06-17,90.0000,90.4000,89.7300,89.7300,594800,59.6917
2009-06-18,89.2300,89.4200,88.5400,88.6400,1015500,58.9665
2009-06-19,88.5100,89.0700,88.4400,89.0500,850900,59.2393
2009-06-22,89.4100,89.6400,89.3000,89.5300,1218000,59.5586
2009-06-23,89.5600,89.9500,89.4300,89.8200,492200,59.7515
2009-06-24,89.8700,90.3200,89.4800,89.4800,687600,59.5253
2009-06-25,89.7000,90.6000,89.4900,90.6000,790700,60.2704
2009-06-26,90.6700,90.9000,90.5000,90.7200,263700,60.3503
2009-06-29,90.9700,91.0900,90.7200,90.9100,903200,60.4766
2009-06-30,90.4600,90.9900,90.3200,90.6700,608800,60.3170
2009-07-01,90.0500,90.3600,89.8800,90.3600,394100,60.2782
2009-07-02,90.5300,90.8800,90.5300,90.6600,431700,60.4784
2009-07-06,90.5100,90.7700,90.4100,90.7200,472200,60.5184
2009-07-07,90.5800,91.0900,90.5800,91.0800,741600,60.7586
2009-07-08,91.1600,92.2800,91.0800,92.1300,658900,61.4590
2009-07-09,91.6000,91.7400,91.2500,91.5900,668900,61.0988
2009-07-10,91.9600,92.3500,91.8200,92.1600,400300,61.4791
2009-07-13,92.2100,92.3100,91.7500,91.8300,327400,61.2589
2009-07-14,91.3100,91.5700,91.0700,91.2200,942100,60.8519
2009-07-15,90.7400,90.8200,90.0400,90.0400,714400,60.0648
2009-07-16,90.6500,90.8900,90.5200,90.5800,194900,60.4250
2009-07-17,90.1900,90.3800,89.9700,89.9700,616000,60.0181
2009-07-20,89.7500,90.6100,89.7100,90.3000,335400,60.2383
2009-07-21,90.0900,91.3700,90.0800,91.3100,837700,60.9120
2009-07-22,91.2000,91.2000,90.6500,90.7700,298300,60.5518
2009-07-23,90.7600,90.7800,89.7100,89.8900,518100,59.9647
2009-07-24,89.8500,90.1200,89.8300,90.0800,292400,60.0915
2009-07-27,89.5900,89.8200,89.3800,89.6600,326800,59.8113
2009-07-28,89.8400,90.3200,89.5800,89.8400,299300,59.9314
2009-07-29,90.2400,90.2700,89.5500,89.9000,265200,59.9714
2009-07-30,89.7200,90.3000,89.5500,90.2600,367400,60.2116
2009-07-31,90.6500,91.2400,90.4600,91.1700,631800,60.8186
2009-08-03,90.3700,90.4000,89.7000,89.9400,453700,60.1723
2009-08-04,90.1700,90.2400,89.3500,89.6800,552000,59.9984
2009-08-05,89.2800,89.9600,89.1300,89.1700,393900,59.6572
2009-08-06,89.1300,89.5000,88.9700,89.1700,311200,59.6572
2009-08-07,88.6600,88.7600,88.4700,88.5800,507200,59.2625
2009-08-10,88.6900,89.1800,88.6000,89.1500,1487700,59.6438
2009-08-11,89.4800,89.7700,89.3900,89.7700,327400,60.0586
2009-08-12,89.8500,89.9200,89.1400,89.5200,624700,59.8913
2009-08-13,89.7900,90.3900,89.7000,90.2200,614700,60.3596
2009-08-14,90.4300,90.9700,90.4200,90.5000,695000,60.5470
2009-08-17,90.8700,91.1700,90.8500,91.1200,572900,60.9618
2009-08-18,91.1300,91.1500,90.7800,90.8000,514700,60.7477
2009-08-19,91.4300,91.4500,90.9400,91.1400,495400,60.9752
2009-08-20,91.2400,91.4300,90.9700,91.3800,542900,61.1357
2009-08-21,91.3100,91.3800,90.4200,90.4500,435100,60.5135
2009-08-24,90.2400,91.0400,90.2300,91.0100,369100,60.8882
2009-08-25,90.9300,91.3300,90.7200,91.2500,315800,61.0487
2009-08-26,91.3300,91.4300,91.1400,91.3700,219600,61.1290
2009-08-27,91.0900,91.4500,91.0100,91.1200,378700,60.9618
2009-08-28,90.9300,91.3900,90.8600,91.3300,303500,61.1023
2009-08-31,91.4100,91.7000,91.2600,91.6000,483700,61.2829
2009-09-01,91.1300,91.7800,90.9800,91.5800,464500,61.4419
2009-09-02,91.7100,92.1300,91.6100,92.0800,381900,61.7774
2009-09-03,91.8300,92.0300,91.7300,91.7500,246400,61.5560
2009-09-04,91.7000,91.8200,91.1700,91.2000,521400,61.1870
2009-09-08,90.9900,91.4300,90.9600,90.9900,408700,61.0461
2009-09-09,90.8600,91.0900,90.6600,91.0700,568400,61.0998
2009-09-10,91.4100,92.0700,91.3700,91.7500,626900,61.5560
2009-09-11,92.1500,92.4500,91.9600,92.0200,1319500,61.7371
2009-09-14,91.7600,91.8900,91.4300,91.4800,477100,61.3748
2009-09-15,91.1200,91.4700,91.1200,91.2900,710100,61.2474
2009-09-16,91.4200,91.4500,90.9800,91.2200,743200,61.2004
2009-09-17,91.2800,91.6800,91.0000,91.6700,846500,61.5023
2009-09-18,91.3900,91.5300,91.0400,91.1800,910200,61.1735
2009-09-21,91.3400,91.5200,91.0000,91.1200,617200,61.1333
2009-09-22,91.0500,91.3600,91.0400,91.3600,438800,61.2943
2009-09-23,91.1500,91.6100,90.9000,91.5600,794500,61.4285
2009-09-24,91.6000,91.9300,91.4800,91.8100,501200,61.5962
2009-09-25,91.8700,92.2100,91.6700,92.1800,454100,61.8444
2009-09-28,92.1000,92.4300,92.0500,92.3400,514000,61.9519
2009-09-29,92.1000,92.4500,91.9900,92.3000,276400,61.9250
2009-09-30,92.2100,92.4900,92.1600,92.3700,670900,61.9720
2009-10-01,92.4500,92.9500,92.3300,92.8100,1762800,62.4382
2009-10-02,93.2100,93.2300,92.6900,92.7700,936600,62.4112
2009-10-05,93.0300,93.0600,92.7000,92.7600,509100,62.4045
2009-10-06,92.6500,92.6900,92.4400,92.4600,382300,62.2027
2009-10-07,92.8000,93.1400,92.7800,93.0500,269500,62.5996
2009-10-08,93.1700,93.2000,92.6100,92.7100,422200,62.3709
2009-10-09,92.2600,92.4400,91.6200,91.8200,543800,61.7721
2009-10-12,91.8200,92.2100,91.7800,92.0900,464800,61.9538
2009-10-13,92.2500,92.3600,92.0700,92.3000,489200,62.0951
2009-10-14,91.7600,92.0000,91.5100,91.6700,523400,61.6713
2009-10-15,91.3000,91.7500,91.2300,91.3700,826100,61.4694
2009-10-16,91.5500,91.7900,91.3400,91.7900,765300,61.7519
2009-10-19,91.6200,91.9300,91.5600,91.9300,487000,61.8462
2009-10-20,92.1800,92.3300,92.0700,92.1400,640800,61.9874
2009-10-21,91.8600,91.9400,91.5700,91.9300,406400,61.8462
2009-10-22,91.5400,91.8300,91.5100,91.6600,421300,61.6645
2009-10-23,91.2900,91.4600,91.2000,91.2100,424800,61.3617
2009-10-26,91.0200,91.1000,90.6300,90.6900,762500,61.0119
2009-10-27,90.8800,91.5000,90.8800,91.4700,669800,61.5366
2009-10-28,91.4800,91.9400,91.4400,91.7500,684100,61.7250
2009-10-29,91.4900,91.5300,91.0800,91.3100,351200,61.4290
2009-10-30,91.5800,92.0000,91.5500,91.9900,600100,61.8865
2009-11-02,91.2800,91.2800,90.8900,90.9800,671100,61.7237
2009-11-03,91.2300,91.2300,90.6000,90.7700,353000,61.5812
2009-11-04,90.4800,90.7000,90.2300,90.5200,497700,61.4116
2009-11-05,90.4100,90.6000,90.2900,90.5400,147600,61.4251
2009-11-06,90.7500,90.8300,90.4300,90.8100,327300,61.6083
2009-11-09,90.7700,90.9700,90.7400,90.8500,531500,61.6355
2009-11-10,91.0800,91.1600,90.7500,90.9200,523000,61.6830
2009-11-11,91.2000,91.4200,91.0500,91.1800,275600,61.8594
2009-11-12,90.9700,91.2400,90.6200,91.2100,374500,61.8797
2009-11-13,91.2000,91.3000,91.0700,91.2800,229300,61.9272
2009-11-16,91.4600,91.8900,91.3700,91.7700,514800,62.2596
2009-11-17,91.7000,92.0300,91.6000,91.9700,506000,62.3953
2009-11-18,91.8200,91.9100,91.6200,91.7400,285300,62.2393
2009-11-19,91.8600,92.0900,91.7700,91.8500,378200,62.3139
2009-11-20,91.9000,91.9800,91.7000,91.8400,304200,62.3071
2009-11-23,91.6100,91.7500,91.4600,91.7100,505100,62.2190
2009-11-24,91.9000,92.2600,91.8000,92.1800,753800,62.5378
2009-11-25,92.1100,92.5400,91.9800,92.4900,431200,62.7481
2009-11-27,92.9000,93.0000,92.7300,92.9100,412200,63.0331
2009-11-30,92.8800,93.1200,92.7200,93.0600,404100,63.1348
2009-12-01,92.6100,92.6600,92.3000,92.3400,529600,62.7867
2009-12-02,92.2600,92.4100,92.0200,92.1500,463800,62.6575
2009-12-03,91.6000,91.7800,91.5700,91.7200,463500,62.3651
2009-12-04,90.9600,91.1400,90.7900,91.0400,756700,61.9027
2009-12-07,91.0600,91.3700,91.0400,91.2900,399100,62.0727
2009-12-08,91.7400,91.8800,91.5000,91.6100,502200,62.2903
2009-12-09,91.6500,91.8000,91.3700,91.4300,721800,62.1680
2009-12-10,91.2500,91.2800,90.8500,91.1200,423200,61.9571
2009-12-11,90.8100,90.8100,90.4800,90.6700,454000,61.6512
2009-12-14,90.7400,90.8600,90.6300,90.6700,195200,61.6512
2009-12-15,90.3100,90.4700,90.2000,90.3800,326000,61.4540
2009-12-16,90.5400,90.7000,90.2800,90.3800,761500,61.4540
2009-12-17,90.9000,91.1800,90.7300,91.1800,468800,61.9979
2009-12-18,90.9800,91.1300,90.7000,90.7300,517600,61.6920
2009-12-21,90.3200,90.3300,89.7500,89.8000,609900,61.0596
2009-12-22,89.5500,89.5900,89.3300,89.4000,366700,60.7876
2009-12-23,89.5700,89.7800,89.3500,89.3600,351400,60.7605
2009-12-24,89.3000,89.3600,89.0400,89.0400,160200,60.5429
2009-12-28,88.9500,88.9700,88.7900,88.8000,1181400,60.3797
2009-12-29,88.7400,88.9300,88.6300,88.8700,428800,60.5390
2009-12-30,88.9200,89.0600,88.8100,89.0300,473100,60.6480
2009-12-31,88.5900,88.9600,88.2900,88.6000,304300,60.3551
2010-01-04,88.7400,88.9500,88.6300,88.8200,619100,60.5049
2010-01-05,89.0600,89.3500,89.0600,89.2100,1547500,60.7706
2010-01-06,89.1500,89.2000,88.7800,88.8500,365500,60.5254
2010-01-07,88.8700,89.0500,88.8100,88.8500,390900,60.5254
2010-01-08,89.1300,89.1400,88.8200,88.9600,382500,60.6004
2010-01-11,89.0100,89.1500,88.9300,89.0200,653600,60.6412
2010-01-12,89.6000,89.7200,89.4800,89.6600,403000,61.0772
2010-01-13,89.4800,89.6700,89.2000,89.2300,281900,60.7843
2010-01-14,89.4900,89.7700,89.3900,89.6500,511700,61.0704
2010-01-15,89.9800,90.1500,89.9600,90.0500,429200,61.3428
2010-01-19,89.8600,89.9600,89.7100,89.8900,411900,61.2339
2010-01-20,90.1400,90.3200,90.1300,90.2000,228800,61.4450
2010-01-21,90.0800,90.6000,90.0600,90.5300,349200,61.6699
2010-01-22,90.4600,90.6800,90.4300,90.6100,272900,61.7243
2010-01-25,90.4100,90.5300,90.4000,90.4100,1699000,61.5881
2010-01-26,90.6900,90.7100,90.4200,90.5900,490600,61.7107
2010-01-27,90.6400,90.8100,90.3000,90.3800,342100,61.5677
2010-01-28,90.0900,90.4500,90.0900,90.3500,318100,61.5472
2010-01-29,90.2600,90.7000,90.1500,90.7000,396700,61.7857
2010-02-01,90.2600,90.2600,89.9900,90.0900,634300,61.5738
2010-02-02,90.1300,90.2500,90.1000,90.2400,426000,61.6763
2010-02-03,89.9800,90.0500,89.7800,89.8100,435300,61.3824
2010-02-04,90.2000,90.5900,90.2000,90.5500,503400,61.8882
2010-02-05,90.4900,91.0000,90.4300,90.8400,694700,62.0864
2010-02-08,90.6800,90.7800,90.5600,90.7600,257600,62.0317
2010-02-09,90.5200,90.7300,90.2500,90.2700,481200,61.6968
2010-02-10,90.4100,90.4600,89.8900,90.0200,496200,61.5260
2010-02-11,90.0300,90.0300,89.6700,89.9100,496900,61.4507
2010-02-12,90.2000,90.2700,90.1000,90.1200,219800,61.5943
2010-02-16,89.9400,90.3500,89.9100,90.3200,175400,61.7310
2010-02-17,90.0900,90.2200,89.6800,89.8400,358000,61.4029
2010-02-18,89.9000,89.9000,89.3100,89.5200,474300,61.1842
2010-02-19,89.4600,89.5700,89.2600,89.5700,527900,61.2184
2010-02-22,89.4400,89.5800,89.4200,89.5000,349700,61.1705
2010-02-23,89.6100,90.2300,89.5800,90.1800,557200,61.6353
2010-02-24,90.2100,90.3800,90.0500,90.2300,394300,61.6695
2010-02-25,90.5700,90.6200,90.4200,90.5600,256600,61.8950
2010-02-26,90.6200,90.9100,90.6100,90.7000,609900,61.9907
2010-03-01,90.5600,90.6200,90.4000,90.5500,468600,62.0552
2010-03-02,90.3600,90.6200,90.3200,90.6000,417900,62.0894
2010-03-03,90.4100,90.5600,90.3000,90.5100,476700,62.0277
2010-03-04,90.4700,90.7800,90.3700,90.6700,431100,62.1374
2010-03-05,90.3100,90.3300,90.0500,90.2400,549900,61.8427
2010-03-08,90.0100,90.0800,89.9700,90.0000,399800,61.6782
2010-03-09,90.1800,90.2300,90.0000,90.2300,350500,61.8358
2010-03-10,89.9300,90.1000,89.8800,90.0800,329800,61.7330
2010-03-11,89.9100,90.1400,89.8500,90.0000,283100,61.6782
2010-03-12,89.8000,90.2500,89.7900,90.1400,276400,61.7742
2010-03-15,90.1300,90.2000,89.9700,90.1400,190100,61.7742
2010-03-16,90.1600,90.5300,90.1300,90.4900,388200,62.0141
2010-03-17,90.5600,90.6300,90.4500,90.6000,288300,62.0894
2010-03-18,90.5300,90.5900,90.3300,90.3600,202600,61.9249
2010-03-19,90.2400,90.5200,90.2300,90.2400,171300,61.8427
2010-03-22,90.4600,90.5400,90.3900,90.5400,338100,62.0483
2010-03-23,90.5100,90.6000,90.3500,90.3500,244100,61.9180
2010-03-24,89.8700,89.9900,89.3200,89.4500,531300,61.3013
2010-03-25,89.2700,89.3700,88.8200,89.1200,601900,61.0751
2010-03-26,89.0300,89.3600,89.0200,89.3300,734100,61.2191
2010-03-29,89.3000,89.3700,89.1000,89.2000,521400,61.1299
2010-03-30,89.1900,89.2900,89.0200,89.2900,246500,61.1916
2010-03-31,89.4600,89.5800,89.3500,89.5000,398900,61.3355
2010-04-01,89.1100,89.1600,88.9400,89.0600,397600,61.2084
2010-04-05,88.4400,88.5300,88.1200,88.2600,656100,60.6586
2010-04-06,88.5600,88.6000,88.3700,88.5200,566100,60.8373
2010-04-07,88.5100,89.1700,88.4900,89.0700,562000,61.2153
2010-04-08,89.1600,89.3100,88.9200,88.9700,465400,61.1466
2010-04-09,88.8500,89.1000,88.7500,89.0700,314600,61.2153
2010-04-12,89.2100,89.4100,89.1200,89.3100,402000,61.3802
2010-04-13,89.5300,89.5900,89.3300,89.4800,309100,61.4971
2010-04-14,89.4800,89.5700,89.2000,89.2400,315800,61.3321
2010-04-15,89.1100,89.4700,89.0700,89.3900,299900,61.4352
2010-04-16,89.5400,89.9600,89.4300,89.9300,409900,61.8063
2010-04-19,89.8500,89.8800,89.6400,89.7100,215300,61.6552
2010-04-20,89.6700,89.7500,89.5500,89.7500,171300,61.6826
2010-04-21,89.8400,90.0800,89.7500,90.0400,446500,61.8820
2010-04-22,90.1500,90.2500,89.8000,89.8300,169300,61.7376
2010-04-23,89.6100,89.6800,89.4900,89.5800,174200,61.5658
2010-04-26,89.7800,89.8100,89.5500,89.6400,161900,61.6070
2010-04-27,90.0500,90.5400,89.9500,90.4800,442800,62.1843
2010-04-28,90.1600,90.2900,89.8600,90.0200,409700,61.8682
2010-04-29,90.0100,90.2300,89.8900,90.1700,350500,61.9713
2010-04-30,90.2800,90.7300,90.2700,90.7200,423200,62.3493
2010-05-03,90.1700,90.2800,90.1100,90.2100,300500,62.1859
2010-05-04,90.7600,90.8900,90.6100,90.8200,355000,62.6064
2010-05-05,91.1800,91.5900,90.9800,91.1700,672000,62.8477
2010-05-06,91.2400,93.0600,91.1000,92.1700,902400,63.5370
2010-05-07,91.9300,92.7500,91.7800,91.9200,3856500,63.3646
2010-05-10,90.9900,91.4100,90.9800,91.2200,836200,62.8821
2010-05-11,91.4100,91.4600,91.0300,91.3300,891400,62.9580
2010-05-12,91.2200,91.3400,91.0400,91.1000,424000,62.7994
2010-05-13,91.3500,91.4300,90.8900,91.3500,420300,62.9718
2010-05-14,91.7600,92.2100,91.7000,91.9400,488700,63.3785
2010-05-17,91.9300,92.3300,91.7000,91.7400,535100,63.2406
2010-05-18,91.7800,92.4800,91.7400,92.4100,1711400,63.7024
2010-05-19,92.4300,92.8900,92.3800,92.4900,839700,63.7576
2010-05-20,93.2100,93.6300,93.0500,93.3900,1221600,64.3780
2010-05-21,94.1400,94.2100,93.2700,93.4400,1196200,64.4125
2010-05-24,93.5200,93.6700,93.3300,93.4400,2949400,64.4125
2010-05-25,94.0300,94.2000,93.6200,93.7600,1064000,64.6331
2010-05-26,93.4600,93.6000,93.1100,93.5700,551600,64.5021
2010-05-27,92.8800,92.9000,92.5700,92.6800,522800,63.8886
2010-05-28,92.9000,93.1400,92.7200,93.1000,511700,64.1781
2010-06-01,93.1600,93.1900,92.7300,92.9600,978900,64.2611
2010-06-02,92.9200,93.0300,92.3900,92.4300,519100,63.8947
2010-06-03,92.1400,92.5600,92.0800,92.3000,274300,63.8048
2010-06-04,93.1900,93.6100,93.0900,93.5800,728300,64.6897
2010-06-07,93.4700,93.9800,93.4200,93.9600,413800,64.9523
2010-06-08,93.6800,93.9200,93.6300,93.6700,604300,64.7519
2010-06-09,93.4100,93.7900,93.3000,93.6800,264000,64.7587
2010-06-10,93.2900,93.3300,92.7700,92.8100,655200,64.1573
2010-06-11,93.2400,93.5600,93.0000,93.4000,404800,64.5652
2010-06-14,92.9300,93.3300,92.8100,93.3200,627700,64.5100
2010-06-15,93.3400,93.4300,92.9000,93.0300,1114400,64.3095
2010-06-16,93.3100,93.3700,93.0200,93.2900,621900,64.4892
2010-06-17,93.3900,93.8700,93.3900,93.7300,792500,64.7933
2010-06-18,93.6700,93.7100,93.5300,93.5400,463400,64.6620
2010-06-21,93.0300,93.5100,93.0000,93.4700,569100,64.6136
2010-06-22,93.5400,94.0700,93.4900,94.0300,549200,65.0008
2010-06-23,94.1200,94.5300,94.1000,94.3800,632500,65.2427
2010-06-24,94.5700,94.6600,94.1700,94.3000,1075100,65.1874
2010-06-25,94.2100,94.6800,94.1900,94.4500,455400,65.2910
2010-06-28,94.7800,95.1300,94.7800,95.1200,924300,65.7543
2010-06-29,95.3400,95.6000,95.3000,95.5300,920400,66.0376
2010-06-30,95.6100,95.6700,95.3300,95.6700,891500,66.1344
2010-07-01,95.4300,95.8400,95.3400,95.3800,1293700,66.1053
2010-07-02,95.2100,95.4200,95.0800,95.2100,1072400,65.9875
2010-07-06,95.1600,95.5700,95.0500,95.4400,914100,66.1469
2010-07-07,95.5100,95.5200,95.1100,95.1400,473900,65.9389
2010-07-08,94.8500,95.0400,94.7100,94.9100,508400,65.7796
2010-07-09,94.7800,94.8600,94.6600,94.6600,439800,65.6063
2010-07-12,94.8200,95.0600,94.7500,94.8200,685200,65.7172
2010-07-13,94.6300,94.6700,94.3300,94.3500,679700,65.3914
2010-07-14,94.6800,94.9800,94.5000,94.8200,566500,65.7172
2010-07-15,95.0200,95.4900,95.0200,95.3100,703600,66.0568
2010-07-16,95.3900,95.9200,95.3900,95.8600,864200,66.4380
2010-07-19,95.7200,95.8400,95.5200,95.6100,489800,66.2648
2010-07-20,95.9000,96.1100,95.6900,95.7100,895900,66.3341
2010-07-21,95.7800,96.4100,95.7700,96.3200,470700,66.7568
2010-07-22,96.0500,96.0500,95.7800,95.7900,656800,66.3895
2010-07-23,95.8600,95.9300,95.1500,95.4800,799500,66.1746
2010-07-26,95.4400,95.5500,95.2300,95.4500,626300,66.1539
2010-07-27,95.1400,95.3600,95.1000,95.1200,528200,65.9252
2010-07-28,95.1800,95.6100,95.1000,95.5300,933000,66.2093
2010-07-29,95.4900,95.9200,95.4300,95.7300,737300,66.3479
2010-07-30,96.2300,96.3500,96.0300,96.2900,563600,66.7360
2010-08-02,95.7900,95.9200,95.6800,95.7400,1160900,66.5296
2010-08-03,96.0300,96.2600,95.9900,96.1900,911900,66.8423
2010-08-04,96.1500,96.1700,95.7900,95.7900,777600,66.5644
2010-08-05,96.1200,96.2900,96.0300,96.2500,817400,66.8840
2010-08-06,96.6800,96.8900,96.5300,96.8800,438400,67.3218
2010-08-09,96.7500,96.8800,96.7000,96.8600,464800,67.3079
2010-08-10,96.8100,97.4200,96.7200,97.3500,641200,67.6485
2010-08-11,97.7000,97.9300,97.6400,97.9000,911200,68.0306
2010-08-12,97.9600,97.9700,97.5500,97.6500,1701100,67.8569
2010-08-13,97.8400,98.0900,97.7800,98.0700,705800,68.1488
2010-08-16,98.6600,98.8100,98.5400,98.7800,1453200,68.6421
2010-08-17,98.5200,98.5400,98.1000,98.2800,774300,68.2947
2010-08-18,98.5400,98.6600,98.1400,98.1800,1148600,68.2252
2010-08-19,98.1500,98.7700,98.1200,98.6200,684100,68.5310
2010-08-20,98.6100,98.6800,98.2500,98.3000,306000,68.3086
2010-08-23,98.2600,98.5000,98.1600,98.4300,575600,68.3989
2010-08-24,98.9700,99.3900,98.8400,99.2100,973400,68.9410
2010-08-25,99.4700,99.6600,98.6700,98.7600,690100,68.6282
2010-08-26,98.8100,99.2100,98.7100,99.2100,845000,68.9410
2010-08-27,98.7800,99.1300,97.9000,98.0700,1014100,68.1488
2010-08-30,98.3900,98.8300,98.3100,98.8200,463500,68.6700
2010-08-31,99.2200,99.3400,99.0100,99.2600,1276700,68.9757
2010-09-01,98.6400,98.6900,97.9200,98.3000,1268700,68.4790
2010-09-02,98.0700,98.0900,97.8300,97.8900,1273500,68.1933
2010-09-03,97.1200,97.5000,97.0800,97.3300,1308300,67.8032
2010-09-07,97.8500,98.1300,97.7300,98.1000,778200,68.3397
2010-09-08,97.8400,98.0000,97.6200,97.8300,1124900,68.1516
2010-09-09,97.3900,97.4700,97.0100,97.0600,929300,67.6152
2010-09-10,96.7900,96.9000,96.5800,96.7800,725300,67.4201
2010-09-13,96.7200,97.3000,96.7200,97.2400,1450100,67.7406
2010-09-14,97.4200,97.7900,97.4100,97.7300,590900,68.0819
2010-09-15,97.6000,97.8300,97.3400,97.3900,900600,67.8450
2010-09-16,97.2800,97.3600,96.8600,97.0500,2902900,67.6082
2010-09-17,97.3400,97.5400,97.1700,97.2700,1738600,67.7614
2010-09-20,97.4200,97.5700,97.2100,97.5700,619900,67.9705
2010-09-21,97.8500,98.4900,97.5100,98.4800,1279500,68.6043
2010-09-22,98.7600,99.0200,98.5600,98.6300,978800,68.7088
2010-09-23,99.1400,99.1400,98.5500,98.7700,514000,68.8064
2010-09-24,98.3600,98.4600,98.2400,98.2800,1317500,68.4651
2010-09-27,98.6400,99.0500,98.6400,99.0400,782100,68.9945
2010-09-28,99.0700,99.5000,99.0600,99.3700,776000,69.2243
2010-09-29,99.3900,99.4400,99.0800,99.1300,820400,69.0572
2010-09-30,99.0600,99.0700,98.4000,99.0100,813200,68.9736
2010-10-01,98.5100,98.9500,98.3800,98.8300,846600,69.0106
2010-10-04,99.0300,99.2400,98.9600,99.1800,1260800,69.2550
2010-10-05,99.2400,99.3000,99.0900,99.2000,1092900,69.2689
2010-10-06,99.8800,100.1200,99.7500,99.8400,614400,69.7158
2010-10-07,99.9200,100.0600,99.8300,99.9400,534700,69.7857
2010-10-08,100.2000,100.3800,99.9700,99.9800,868200,69.8137
2010-10-11,100.1200,100.2000,99.9600,100.0800,400300,69.8835
2010-10-12,100.1000,100.2600,99.7300,99.7900,991900,69.6809
2010-10-13,99.4800,99.8300,99.3200,99.7900,473800,69.6809
2010-10-14,99.7500,99.8100,99.1500,99.2200,955100,69.2830
2010-10-15,99.0800,99.1500,98.6200,98.7900,807100,68.9827
2010-10-18,99.2300,99.4900,99.0900,99.2600,1149600,69.3109
2010-10-19,99.1300,99.7400,99.1100,99.6000,763700,69.5483
2010-10-20,99.3700,99.7600,99.2900,99.5400,615100,69.5064
2010-10-21,99.3700,99.4600,98.9900,98.9900,594300,69.1223
2010-10-22,98.8800,99.1100,98.8700,99.0200,643600,69.1432
2010-10-25,99.4000,99.5000,98.9500,98.9900,1436800,69.1223
2010-10-26,98.6700,98.7200,98.3300,98.3300,831800,68.6614
2010-10-27,98.1200,98.1900,97.7500,97.7600,1223500,68.2634
2010-10-28,98.1300,98.4200,98.0800,98.3300,738700,68.6614
2010-10-29,98.5400,98.8400,98.4900,98.7700,768600,68.9687
2010-11-01,98.8400,98.8400,98.3000,98.3700,1042700,68.8533
2010-11-02,98.6200,98.7300,98.5600,98.7000,356700,69.0842
2010-11-03,99.0300,99.1900,98.4200,99.0200,912000,69.3082
2010-11-04,99.6000,99.9500,99.6000,99.8200,1092500,69.8681
2010-11-05,99.6800,99.8500,99.4000,99.4000,1108100,69.5741
2010-11-08,99.5500,99.6700,99.3200,99.4300,469400,69.5952
2010-11-09,99.4300,99.4800,98.5600,98.5900,744600,69.0072
2010-11-10,98.6500,99.0400,98.0600,98.9600,1298900,69.2662
2010-11-11,99.0200,99.0700,98.5800,98.8500,403500,69.1892
2010-11-12,98.6100,98.8000,98.0200,98.0300,2041400,68.6152
2010-11-15,97.4600,97.7300,96.7600,96.7700,1174200,67.7333
2010-11-16,97.2000,97.5400,96.6500,97.4900,954600,68.2373
2010-11-17,97.5200,97.7700,97.0900,97.2100,580200,68.0412
2010-11-18,96.9600,97.0500,96.6000,96.9800,2968200,67.8803
2010-11-19,96.9700,97.1900,96.9200,97.1800,530600,68.0203
2010-11-22,97.4800,97.7100,97.3700,97.7000,495400,68.3842
2010-11-23,98.0900,98.2300,97.7900,97.9000,659400,68.5242
2010-11-24,97.4900,97.5400,96.7800,96.8500,1112700,67.7893
2010-11-26,97.1100,97.2800,97.0200,97.2700,210100,68.0832
2010-11-29,97.5500,97.6100,97.3000,97.4800,527800,68.2303
2010-11-30,98.0100,98.0300,97.5600,97.6500,874200,68.3492
2010-12-01,96.4100,96.6800,96.0800,96.1300,1967700,67.4504
2010-12-02,96.0700,96.3500,95.8700,95.8900,983500,67.2821
2010-12-03,96.5000,96.5400,95.8000,95.9000,374500,67.2890
2010-12-06,96.3600,96.5100,96.1700,96.5000,902000,67.7100
2010-12-07,95.6500,95.7400,94.6700,94.9000,1335700,66.5873
2010-12-08,94.2500,94.2900,93.4300,94.0900,2155300,66.0190
2010-12-09,94.3300,94.5100,93.9000,94.2900,1664700,66.1593
2010-12-10,93.9800,94.0900,93.4900,93.4900,1002400,65.5980
2010-12-13,93.3500,94.0600,93.2100,93.7900,1323400,65.8085
2010-12-14,93.4000,93.6200,92.5000,92.8000,1878500,65.1139
2010-12-15,93.0400,93.2100,92.1000,92.4200,1871900,64.8473
2010-12-16,92.4600,92.9900,92.0600,92.9700,1351000,65.2332
2010-12-17,93.2000,93.8700,93.1200,93.7700,1361700,65.7945
2010-12-20,94.1200,94.3600,93.5500,93.7600,804000,65.7875
2010-12-21,93.9200,93.9700,93.4700,93.9600,848500,65.9278
2010-12-22,93.9100,93.9500,93.5700,93.7000,308900,65.7454
2010-12-23,93.5400,93.5400,93.2400,93.3700,540600,65.5139
2010-12-27,93.3700,93.7700,93.1200,93.7300,407100,65.7665
2010-12-28,93.3200,93.3700,92.5000,92.5000,955200,65.0756
2010-12-29,92.6100,93.7000,92.4700,93.5400,1362200,65.8073
2010-12-30,93.3600,93.4900,93.0400,93.3500,529800,65.6736
2010-12-31,93.4300,94.1500,93.4100,93.8200,674300,66.0043
2011-01-03,93.1900,93.7900,93.0400,93.5300,1396100,65.8002
2011-01-04,93.6500,93.8800,93.4800,93.7500,1234100,65.9550
2011-01-05,93.0600,93.1700,92.5500,92.7400,1111900,65.2444
2011-01-06,93.0100,93.2900,92.8400,93.2200,1452400,65.5821
2011-01-07,93.3000,94.0100,93.1800,93.8400,736500,66.0183
2011-01-10,94.0100,94.1600,93.8200,94.1600,1096400,66.2435
2011-01-11,94.0400,94.0400,93.5600,93.7900,760400,65.9832
2011-01-12,93.4100,93.6900,93.2400,93.5200,753000,65.7931
2011-01-13,93.4900,94.1500,93.4600,94.1500,1051500,66.2364
2011-01-14,94.3300,94.4300,93.8600,93.8900,734500,66.0535
2011-01-18,93.6800,93.8400,93.3400,93.6600,1063800,65.8917
2011-01-19,93.6200,93.9700,93.6100,93.9000,732200,66.0605
2011-01-20,93.4900,93.5600,92.9400,93.1700,697000,65.5469
2011-01-21,93.1000,93.4800,92.9800,93.4800,523900,65.7650
2011-01-24,93.5200,93.6600,93.4300,93.4900,497800,65.7720
2011-01-25,93.6700,94.1800,93.4100,93.9600,1126500,66.1027
2011-01-26,93.7600,93.7700,93.3000,93.3900,869900,65.7017
2011-01-27,93.4700,93.8000,93.2600,93.7400,531500,65.9480
2011-01-28,93.5100,94.3200,93.4900,94.1700,1056600,66.2505
2011-01-31,94.0700,94.2100,93.6900,93.8000,555100,65.9902
2011-02-01,93.2500,93.3600,93.0200,93.1300,1009200,65.6834
2011-02-02,93.3700,93.4200,92.7600,92.9100,1120000,65.5282
2011-02-03,92.5900,92.7700,92.3400,92.3800,1310900,65.1544
2011-02-04,92.1400,92.2700,91.6500,91.8100,1523900,64.7524
2011-02-07,91.5700,91.8000,91.4600,91.7700,850700,64.7241
2011-02-08,91.7000,91.7800,91.0700,91.1400,997200,64.2798
2011-02-09,91.3200,91.8500,91.1000,91.6600,786000,64.6466
2011-02-10,91.5600,91.7000,91.2800,91.3600,617000,64.4350
2011-02-11,91.7600,92.0200,91.6000,91.7800,1492700,64.7312
2011-02-14,91.6500,92.0200,91.6500,91.8100,1311100,64.7524
2011-02-15,91.7800,92.0400,91.7500,92.0200,603700,64.9005
2011-02-16,91.9200,92.1600,91.6800,91.8900,620100,64.8088
2011-02-17,92.2400,92.3800,92.1100,92.2300,776500,65.0486
2011-02-18,91.9900,92.2200,91.8600,92.2100,418400,65.0345
2011-02-22,92.5200,93.1100,92.4700,93.1000,1383500,65.6622
2011-02-23,93.0800,93.2500,92.8000,92.8700,651700,65.5000
2011-02-24,93.1500,93.3500,93.0000,93.1100,508800,65.6693
2011-02-25,93.0800,93.4100,93.0800,93.4100,571900,65.8808
2011-02-28,93.4200,93.4900,93.3300,93.3700,372400,65.8526
2011-03-01,92.7300,93.3000,92.6900,93.2600,530800,65.9276
2011-03-02,93.1000,93.2900,92.7700,92.7700,425400,65.5812
2011-03-03,92.4500,92.5000,92.1200,92.1400,616800,65.1358
2011-03-04,92.3600,92.8200,92.3300,92.8000,637300,65.6024
2011-03-07,92.4100,92.9000,92.3600,92.5700,489600,65.4398
2011-03-08,92.5200,92.6200,92.3400,92.3500,538100,65.2842
2011-03-09,92.5600,93.0600,92.4400,92.8900,626000,65.6660
2011-03-10,93.1400,93.6800,93.0000,93.6800,1576500,66.2245
2011-03-11,93.6900,93.7300,93.3300,93.4600,690300,66.0689
2011-03-14,93.7400,93.9800,93.6700,93.6700,806200,66.2174
2011-03-15,94.5300,94.6600,93.9700,94.0100,1661100,66.4578
2011-03-16,94.4800,95.2900,94.3200,94.8100,1588800,67.0233
2011-03-17,94.5300,94.7200,94.2600,94.5200,639900,66.8183
2011-03-18,94.2300,94.5200,94.2000,94.4600,1513200,66.7758
2011-03-21,94.1500,94.1800,93.7400,93.9700,1029000,66.4294
2011-03-22,93.8000,94.0300,93.7800,94.0200,573500,66.4649
2011-03-23,94.2900,94.3300,93.7800,93.9000,696900,66.3800
2011-03-24,93.6300,93.7600,93.3800,93.4200,1098100,66.0406
2011-03-25,93.5800,93.6200,93.1000,93.1700,782400,65.8639
2011-03-28,93.0400,93.2800,92.9500,93.2000,634900,65.8851
2011-03-29,93.0900,93.3300,92.8000,92.9300,1047300,65.6943
2011-03-30,92.9500,93.2800,92.9200,93.2500,773500,65.9204
2011-03-31,93.4100,93.4400,92.9700,93.0100,1093100,65.7508
2011-04-01,92.5400,92.9600,92.5100,92.9600,1062700,65.8912
2011-04-04,93.0900,93.3100,93.0200,93.1700,886100,66.0400
2011-04-05,93.0300,93.0900,92.6100,92.7000,777000,65.7069
2011-04-06,92.5800,92.5800,92.2600,92.3000,857500,65.4234
2011-04-07,92.3200,92.4800,92.1200,92.3100,743800,65.4305
2011-04-08,92.0100,92.2100,91.9400,92.0400,595100,65.2391
2011-04-11,92.0700,92.2700,91.9600,92.1600,364200,65.3241
2011-04-12,92.5500,92.8700,92.5300,92.6800,1055400,65.6927
2011-04-13,92.4900,93.0400,92.4600,93.0400,678700,65.9479
2011-04-14,93.1900,93.1900,92.7300,92.7300,1036300,65.7281
2011-04-15,93.2700,93.4500,93.1500,93.4100,881400,66.2102
2011-04-18,93.3400,93.7500,93.1400,93.6400,902400,66.3732
2011-04-19,93.6300,93.8500,93.6000,93.7600,532000,66.4583
2011-04-20,93.6300,93.6500,93.3600,93.3900,708200,66.1960
2011-04-21,93.4700,93.6900,93.4300,93.4600,670600,66.2456
2011-04-25,93.5700,93.8200,93.5200,93.7900,826200,66.4795
2011-04-26,93.9000,94.1900,93.8500,94.1900,519700,66.7630
2011-04-27,93.8700,93.9700,93.6600,93.9200,1379500,66.5716
2011-04-28,94.1800,94.3500,94.0000,94.2800,975600,66.8268
2011-04-29,94.1500,94.4800,94.1100,94.4700,436000,66.9615
2011-05-02,94.1400,94.3900,94.0800,94.2000,632300,66.9409
2011-05-03,94.4100,94.5000,94.2700,94.4500,1660700,67.1185
2011-05-04,94.4600,94.7800,94.4600,94.6900,1169500,67.2891
2011-05-05,94.9000,95.1900,94.8500,95.1600,898400,67.6231
2011-05-06,94.7700,95.3900,94.7200,95.2100,1034800,67.6587
2011-05-09,95.2300,95.3900,95.2100,95.3500,559600,67.7581
2011-05-10,95.1400,95.2000,94.8600,94.8900,661600,67.4312
2011-05-11,94.8500,95.2700,94.7600,95.2300,611100,67.6728
2011-05-12,95.2600,95.3500,94.8800,95.0200,652000,67.5236
2011-05-13,95.2700,95.7100,95.2300,95.3900,494100,67.7865
2011-05-16,95.4200,95.6400,95.2600,95.6200,590800,67.9500
2011-05-17,95.8300,95.9700,95.7100,95.9000,986400,68.1489
2011-05-18,95.8000,95.8300,95.3500,95.3500,790700,67.7581
2011-05-19,94.9900,95.4900,94.9500,95.4500,718000,67.8291
2011-05-20,95.4500,95.7100,95.4400,95.6800,669600,67.9926
2011-05-23,96.0600,96.0900,95.7600,95.8100,928000,68.0850
2011-05-24,95.6900,95.9800,95.6400,95.9100,639300,68.1561
2011-05-25,96.0200,96.0800,95.8000,95.9200,1345600,68.1631
2011-05-26,96.0500,96.4500,96.0200,96.4500,806200,68.5398
2011-05-27,96.3400,96.5100,96.3100,96.4400,943800,68.5327
2011-05-31,96.2700,96.6300,96.2200,96.5900,2917900,68.6393
2011-06-01,96.7000,97.1700,96.6600,97.1400,2997200,69.2050
2011-06-02,96.7500,97.0000,96.5500,96.5600,1744400,68.7917
2011-06-03,97.1900,97.1900,96.6800,96.9400,1531200,69.0624
2011-06-06,96.7100,96.9700,96.6300,96.8800,1106900,69.0197
2011-06-07,96.6800,97.0800,96.5100,97.0600,1710300,69.1480
2011-06-08,97.1200,97.4100,97.0800,97.2700,1471600,69.2976
2011-06-09,97.3000,97.3800,96.7800,96.8800,1016900,69.0197
2011-06-10,97.1100,97.3800,97.1000,97.1900,1020500,69.2406
2011-06-13,96.9600,97.3200,96.9000,96.9800,1009900,69.0909
2011-06-14,96.4700,96.5500,96.2000,96.2100,2088800,68.5424
2011-06-15,96.4500,97.2600,96.4500,97.2500,1352300,69.2833
2011-06-16,97.3800,97.6700,97.2200,97.5200,1958400,69.4757
2011-06-17,97.3100,97.5100,97.2400,97.4500,998000,69.4258
2011-06-20,97.5800,97.5800,97.1600,97.3000,774100,69.3189
2011-06-21,97.2300,97.3300,97.0000,97.1700,1064900,69.2263
2011-06-22,97.3900,97.4500,96.9900,97.1300,1119300,69.1978
2011-06-23,97.5600,97.8700,97.5600,97.6400,1264700,69.5611
2011-06-24,97.6900,98.1900,97.6700,98.0500,997200,69.8533
2011-06-27,98.1300,98.1500,97.6200,97.6700,1185700,69.5825
2011-06-28,97.5200,97.5500,96.5900,96.7700,1315300,68.9414
2011-06-29,96.5800,96.6700,96.1300,96.1900,1376300,68.5281
2011-06-30,96.4000,96.4100,95.5200,95.8600,1948200,68.2930
2011-07-01,95.7600,95.8000,95.2500,95.3900,1921800,68.1224
2011-07-05,95.7900,96.0200,95.7400,95.9900,2896800,68.5508
2011-07-06,96.2300,96.4000,96.0800,96.1600,1234900,68.6722
2011-07-07,95.8300,95.8600,95.6500,95.7900,1289100,68.4080
2011-07-08,96.5800,96.9000,96.5400,96.8100,1278100,69.1364
2011-07-11,97.2500,97.5600,97.1300,97.5500,1158800,69.6649
2011-07-12,97.6900,97.7200,97.3600,97.6900,1205400,69.7649
2011-07-13,97.4900,97.8600,97.3000,97.8500,1247900,69.8792
2011-07-14,97.4900,97.7200,97.2800,97.2900,959000,69.4792
2011-07-15,97.1500,97.7400,97.1300,97.6900,874200,69.7649
2011-07-18,97.7800,97.9000,97.5600,97.6300,883600,69.7220
2011-07-19,97.5300,98.0000,97.4400,98.0000,1211400,69.9862
2011-07-20,97.7100,97.7800,97.4700,97.5200,752900,69.6435
2011-07-21,97.2900,97.4000,96.7900,96.9800,1211000,69.2578
2011-07-22,97.1900,97.3600,97.1400,97.3500,813700,69.5221
2011-07-25,97.0000,97.5200,96.9200,97.0400,1541700,69.3007
2011-07-26,97.1900,97.5700,97.1500,97.4500,655600,69.5935
2011-07-27,97.3100,97.5400,97.0700,97.2900,1066600,69.4792
2011-07-28,97.5900,97.6400,97.4000,97.4800,671500,69.6149
2011-07-29,98.0300,98.7900,98.0000,98.6600,1602200,70.4576
2011-08-01,98.3100,98.9900,98.3000,98.7800,2389600,70.7139
2011-08-02,99.1200,99.7900,98.9400,99.6900,2287600,71.3653
2011-08-03,99.6900,100.1300,99.5900,99.7700,1922600,71.4226
2011-08-04,99.9100,101.1100,99.8700,101.0900,2813700,72.3675
2011-08-05,100.3000,100.9000,99.7900,99.9200,3041500,71.5300
2011-08-08,100.6100,101.6400,100.5400,101.5100,5178100,72.6682
2011-08-09,101.2100,103.7600,101.0000,102.1000,3768400,73.0906
2011-08-10,102.8500,103.6900,102.4800,103.4500,2768900,74.0570
2011-08-11,102.7700,103.0300,101.6700,101.9300,2344700,72.9689
2011-08-12,102.2500,102.6900,102.1300,102.6400,1176300,73.4771
2011-08-15,102.5300,102.7200,102.2500,102.2600,986300,73.2051
2011-08-16,102.3100,103.0300,102.2900,102.7300,2025400,73.5416
2011-08-17,102.9100,103.4500,102.6200,103.4500,826200,74.0570
2011-08-18,104.1400,104.7200,103.7500,103.9900,2211800,74.4436
2011-08-19,103.9700,104.1000,103.6200,104.1000,683200,74.5223
2011-08-22,103.6400,103.9500,103.5800,103.9100,913600,74.3863
2011-08-23,103.6000,104.1300,103.4600,103.4900,1414200,74.0856
2011-08-24,103.3300,103.3500,102.3800,102.3800,1089800,73.2910
2011-08-25,102.6500,103.1200,102.5600,103.0100,1391200,73.7420
2011-08-26,103.4700,103.7700,103.0200,103.3400,1080300,73.9783
2011-08-29,102.5300,102.8500,102.5300,102.6600,1106000,73.4915
2011-08-30,103.1900,103.5800,103.1600,103.3700,693800,73.9997
2011-08-31,103.6100,103.6200,102.9800,103.0000,1069300,73.7348
2011-09-01,103.0500,103.6000,102.5000,103.5900,1566800,74.3225
2011-09-02,104.2500,104.6600,104.0100,104.5400,1137900,75.0041
2011-09-06,105.0100,105.0600,104.5800,104.6800,1200500,75.1046
2011-09-07,104.2700,104.4900,104.0400,104.1200,945800,74.7027
2011-09-08,104.4500,104.6600,104.1900,104.6300,935700,75.0687
2011-09-09,104.8200,105.2900,104.7400,105.1400,1014200,75.4345
2011-09-12,105.0400,105.1800,104.8000,104.8200,2177800,75.2050
2011-09-13,104.7100,104.8100,104.4200,104.5100,932600,74.9826
2011-09-14,104.5100,104.8100,104.3000,104.5700,1214000,75.0256
2011-09-15,103.7900,103.9800,103.6000,103.7900,1037900,74.4659
2011-09-16,103.5900,104.0200,103.5500,103.9900,699000,74.6095
2011-09-19,104.7600,105.0300,104.7000,104.8400,896500,75.2194
2011-09-20,104.8200,104.9800,104.7100,104.9800,1005000,75.3198
2011-09-21,104.9400,105.5700,104.7900,105.4300,929500,75.6426
2011-09-22,106.3100,106.6600,106.0000,106.4100,3436500,76.3457
2011-09-23,106.3500,106.4400,105.5200,105.5300,1764700,75.7144
2011-09-26,105.3400,105.5000,105.0000,105.0900,1214800,75.3987
2011-09-27,104.3300,104.5100,104.1700,104.3900,1159700,74.8965
2011-09-28,104.3100,104.4100,103.8000,104.4100,1270500,74.9108
2011-09-29,104.2300,104.7000,104.1000,104.4100,1096000,74.9108
2011-09-30,105.0700,105.1700,104.7000,105.0700,1604500,75.3844
2011-10-03,105.0800,105.8300,104.9700,105.8300,2105600,76.0824
2011-10-04,106.0600,106.2600,105.2900,105.2900,2056100,75.6942
2011-10-05,105.1800,105.2400,104.7600,104.8500,1174300,75.3779
2011-10-06,104.5800,104.7100,104.0900,104.1200,1336400,74.8530
2011-10-07,103.5800,103.8800,103.2500,103.5800,2276300,74.4648
2011-10-10,102.6900,102.9300,102.1300,102.4900,803900,73.6812
2011-10-11,102.9800,103.0700,102.7200,102.8300,978400,73.9257
2011-10-12,102.4100,102.6500,102.0500,102.4800,2324400,73.6740
2011-10-13,102.8000,103.2400,102.7000,102.8900,1474100,73.9688
2011-10-14,102.3600,102.5900,102.2300,102.3800,703100,73.6021
2011-10-17,102.5600,103.0800,102.5600,103.0500,1274600,74.0838
2011-10-18,103.1600,103.4500,102.7100,102.9400,912600,74.0047
2011-10-19,102.8100,103.2900,102.7400,103.1000,733400,74.1197
2011-10-20,102.9700,103.4500,102.6100,102.8900,700200,73.9688
2011-10-21,102.8000,102.9900,102.5200,102.7000,1276000,73.8322
2011-10-24,102.7600,102.8100,102.5300,102.6500,1381500,73.7963
2011-10-25,102.5600,103.5700,102.5500,103.5300,1020200,74.4290
2011-10-26,103.2400,103.4900,102.7500,102.7700,989900,73.8825
2011-10-27,102.1400,102.3200,101.3600,101.5300,1636600,72.9911
2011-10-28,101.9000,102.2700,101.8800,102.1400,936300,73.4296
2011-10-31,102.7900,103.5100,102.7400,103.5100,1182700,74.4145
2011-11-01,104.2300,104.5800,103.8600,104.5400,2251700,75.3071
2011-11-02,103.9000,104.4000,103.8200,104.2900,1088000,75.1269
2011-11-03,103.8000,104.1700,103.7100,103.8000,739700,74.7740
2011-11-04,103.8200,104.2100,103.7600,104.1100,735400,74.9973
2011-11-07,104.0500,104.6500,103.9700,104.2300,844100,75.0837
2011-11-08,104.1100,104.4000,103.6900,103.7600,418300,74.7451
2011-11-09,104.6300,104.8900,103.7700,104.6800,760300,75.4079
2011-11-10,104.2500,104.5300,103.8400,104.1700,664200,75.0405
2011-11-11,103.8900,103.9100,103.5800,103.6900,323600,74.6947
2011-11-14,104.0800,104.4100,104.0300,104.3400,586500,75.1630
2011-11-15,104.4000,104.6700,104.0900,104.2000,480100,75.0621
2011-11-16,104.5100,104.6000,104.2400,104.5800,335200,75.3359
2011-11-17,104.4100,105.0100,104.3300,104.7900,805500,75.4872
2011-11-18,104.6100,104.7100,104.2500,104.4000,1883100,75.2061
2011-11-21,104.7500,104.9100,104.6400,104.6900,692300,75.4151
2011-11-22,104.7900,105.0300,104.5600,105.0100,2619500,75.6457
2011-11-23,104.7800,105.4300,104.7100,105.3700,2189500,75.9050
2011-11-25,104.9800,104.9800,104.6800,104.7000,466700,75.4223
2011-11-28,103.9600,104.8400,103.9200,104.7100,1286600,75.4295
2011-11-29,104.3900,104.7600,104.1300,104.5100,602100,75.2855
2011-11-30,104.0300,104.2000,103.8100,103.9000,962800,74.8460
2011-12-01,103.5000,103.8800,103.2900,103.6700,1027100,74.8243
2011-12-02,103.4900,104.1700,103.4700,104.1300,892400,75.1564
2011-12-05,103.5700,104.2100,103.5700,104.0700,979100,75.1131
2011-12-06,103.7700,104.0200,103.6500,103.8000,543000,74.9182
2011-12-07,104.0100,104.3500,103.9100,104.2700,739300,75.2574
2011-12-08,104.2300,104.8100,104.1200,104.8000,658200,75.6400
2011-12-09,104.7100,104.7700,104.0800,104.0800,961100,75.1203
2011-12-12,104.4700,104.6800,104.3700,104.4400,1068900,75.3801
2011-12-13,104.2400,105.0100,104.1500,104.9200,512500,75.7266
2011-12-14,105.0200,105.3800,104.9100,105.3600,760100,76.0441
2011-12-15,105.0500,105.3700,105.0300,105.2700,968900,75.9792
2011-12-16,105.4300,105.9000,105.4300,105.7800,748700,76.3473
2011-12-19,105.7500,106.1800,105.6800,106.1400,1126600,76.6071
2011-12-20,105.7000,105.7000,105.1800,105.1800,1365000,75.9142
2011-12-21,105.3200,105.3700,104.8300,104.8400,479000,75.6688
2011-12-22,105.1500,105.3200,104.9400,104.9700,731900,75.7627
2011-12-23,104.7200,104.7800,104.3800,104.5400,435500,75.4523
2011-12-27,104.4300,104.4400,104.2500,104.4100,616500,75.4950
2011-12-28,104.5800,105.1800,104.5400,105.0700,919900,75.9722
2011-12-29,105.0300,105.3200,104.9100,105.2000,556000,76.0662
2011-12-30,105.3300,106.0400,105.2800,105.5700,1230000,76.3337
2012-01-03,104.9000,105.1900,104.7700,104.9000,1297700,75.8493
2012-01-04,104.8900,104.9300,104.4500,104.5700,1789000,75.6106
2012-01-05,104.6600,105.0100,104.5200,104.5900,1311300,75.6251
2012-01-06,104.7200,105.0600,104.7200,105.0000,998200,75.9215
2012-01-09,104.9400,105.2700,104.9000,105.0200,379900,75.9360
2012-01-10,104.7400,105.0100,104.6900,104.8100,1636100,75.7842
2012-01-11,105.0800,105.4500,105.0800,105.4200,931600,76.2252
2012-01-12,105.3600,105.4100,105.0900,105.2000,685000,76.0662
2012-01-13,105.7000,105.9100,105.6400,105.6700,554000,76.4060
2012-01-17,105.6200,105.8300,105.6000,105.7700,1158100,76.4784
2012-01-18,105.9200,105.9200,105.3900,105.4400,455200,76.2397
2012-01-19,105.2300,105.3000,104.6900,104.8100,1587200,75.7842
2012-01-20,104.6100,104.7800,104.4200,104.4500,650600,75.5239
2012-01-23,104.1400,104.3200,104.0000,104.2200,734000,75.3576
2012-01-24,104.3400,104.3400,104.0500,104.3400,1388100,75.4443
2012-01-25,104.2800,105.4400,104.2300,104.8400,1149200,75.8059
2012-01-26,105.1200,105.4600,105.1200,105.4000,1055000,76.2108
2012-01-27,105.5600,105.7500,105.3700,105.7200,767600,76.4422
2012-01-30,106.1000,106.3100,106.0200,106.0800,1152400,76.7025
2012-01-31,105.9300,106.4900,105.9300,106.4800,1001800,76.9916
2012-02-01,106.0400,106.0800,105.8400,105.9200,1698800,76.7244
2012-02-02,105.9800,106.1300,105.8800,106.0700,839900,76.8330
2012-02-03,105.2800,105.4100,105.0900,105.2300,1112600,76.2246
2012-02-06,105.2700,105.5900,105.1500,105.5200,2968500,76.4347
2012-02-07,105.0700,105.1500,104.7600,104.8400,1164900,75.9421
2012-02-08,104.8300,105.0000,104.7300,104.8900,404800,75.9783
2012-02-09,104.7000,104.8000,104.3800,104.6500,1802500,75.8044
2012-02-10,105.1500,105.3400,105.0200,105.2400,1322600,76.2318
2012-02-13,105.0400,105.3000,105.0000,105.1700,299300,76.1811
2012-02-14,105.3200,105.5500,105.2300,105.3900,615500,76.3405
2012-02-15,105.3600,105.6800,105.3500,105.4700,344100,76.3984
2012-02-16,105.2100,105.3400,104.8100,104.9900,1540500,76.0508
2012-02-17,104.6700,104.9200,104.6400,104.8800,653600,75.9711
2012-02-21,104.6700,104.7100,104.3700,104.5000,635300,75.6958
2012-02-22,104.6600,105.0000,104.6600,104.9100,538200,75.9928
2012-02-23,104.8200,105.1900,104.6800,105.0600,805900,76.1015
2012-02-24,105.1300,105.2100,105.0600,105.1400,360100,76.1594
2012-02-27,105.6000,105.6600,105.4500,105.4900,588600,76.4129
2012-02-28,105.6900,105.8000,105.4600,105.5400,817900,76.4491
2012-02-29,105.5000,105.5300,104.9900,105.1200,787500,76.1449
2012-03-01,104.4800,104.6400,104.3400,104.6100,1185200,75.8982
2012-03-02,104.7300,105.1000,104.7300,105.0300,360100,76.2030
2012-03-05,104.9400,105.0900,104.7800,104.8200,1406100,76.0506
2012-03-06,105.2300,105.4200,105.2000,105.2600,605800,76.3698
2012-03-07,105.2100,105.2500,105.0100,105.0600,436100,76.2247
2012-03-08,104.9700,105.0700,104.7100,104.7500,329900,75.9998
2012-03-09,104.6300,104.7100,104.4300,104.6700,286800,75.9418
2012-03-12,104.8600,104.9000,104.6400,104.6400,503100,75.9200
2012-03-13,104.4000,104.4400,103.8700,103.8900,618600,75.3758
2012-03-14,103.3900,103.4400,102.6200,102.7000,1733100,74.5125
2012-03-15,102.5700,102.9000,102.5700,102.6700,2302300,74.4907
2012-03-16,102.2400,102.6500,102.1500,102.6400,681200,74.4690
2012-03-19,102.5000,102.5600,101.8300,102.0100,1133200,74.0118
2012-03-20,102.1100,102.2500,101.7700,102.0600,769100,74.0481
2012-03-21,102.2700,102.6300,102.2600,102.5800,458100,74.4254
2012-03-22,102.8200,102.9000,102.6300,102.7100,326200,74.5197
2012-03-23,102.9800,103.2500,102.9500,103.0900,396100,74.7954
2012-03-26,103.0200,103.1300,102.6700,102.9700,471700,74.7083
2012-03-27,103.1600,103.6100,103.1400,103.5400,579200,75.1219
2012-03-28,103.3600,103.7400,103.3600,103.3600,314700,74.9913
2012-03-29,103.7300,103.7900,103.5700,103.7900,727700,75.3033
2012-03-30,103.7700,103.9100,103.1500,103.2800,502600,74.9333
2012-04-02,103.5300,103.5400,103.2500,103.3500,1433800,75.1128
2012-04-03,103.5100,103.6900,102.5100,102.5900,833100,74.5605
2012-04-04,103.0100,103.1200,102.9000,103.1100,461300,74.9383
2012-04-05,103.5700,103.6000,103.2900,103.5700,456400,75.2727
2012-04-09,104.6600,104.7600,104.5300,104.6300,573700,76.0431
2012-04-10,104.8000,105.2000,104.7200,105.1200,900500,76.3992
2012-04-11,104.7100,104.8300,104.6100,104.7100,435000,76.1012
2012-04-12,104.7900,104.8200,104.4700,104.5000,451500,75.9486
2012-04-13,104.9000,105.1500,104.8700,105.1300,461400,76.4064
2012-04-16,105.0900,105.4200,105.0500,105.1000,1179600,76.3847
2012-04-17,104.9700,105.0800,104.8800,104.9900,923400,76.3047
2012-04-18,105.1400,105.2300,105.0800,105.2000,502900,76.4573
2012-04-19,105.3100,105.4000,105.2700,105.3200,408800,76.5445
2012-04-20,105.1300,105.3300,105.0700,105.3300,377500,76.5518
2012-04-23,105.6000,105.7200,105.5100,105.5400,746600,76.7044
2012-04-24,105.4300,105.4600,105.2500,105.2700,506100,76.5082
2012-04-25,105.0200,105.3200,104.7700,105.1400,681200,76.4137
2012-04-26,105.5000,105.5300,105.3100,105.4900,314300,76.6681
2012-04-27,105.4200,105.6100,105.4100,105.6000,368100,76.7480
2012-04-30,105.6900,105.8100,105.6400,105.6900,1820300,76.8134
2012-05-01,105.6600,105.7000,105.2200,105.3300,864100,76.6737
2012-05-02,105.5700,105.6100,105.3900,105.5300,1030200,76.8193
2012-05-03,105.3100,105.5800,105.3100,105.5200,360000,76.8120
2012-05-04,105.6800,105.9400,105.6700,105.9400,814100,77.1178
2012-05-07,105.9800,106.0400,105.8700,105.9100,490800,77.0959
2012-05-08,106.1200,106.3800,106.1000,106.1500,522300,77.2706
2012-05-09,106.4400,106.5000,106.1400,106.2400,961400,77.3361
2012-05-10,106.0000,106.1300,105.8500,106.0900,347000,77.2270
2012-05-11,106.4400,106.4700,106.2700,106.4400,403500,77.4817
2012-05-14,106.8800,107.0000,106.7300,106.9100,650200,77.8238
2012-05-15,106.8400,107.0000,106.7600,106.9400,922100,77.8457
2012-05-16,106.6500,107.0800,106.6200,107.0200,761600,77.9039
2012-05-17,106.9200,107.4300,106.9000,107.4200,764000,78.1951
2012-05-18,107.1000,107.4400,107.0700,107.3500,831900,78.1442
2012-05-21,107.1800,107.2600,107.0700,107.0700,791600,77.9403
2012-05-22,106.7900,106.9400,106.6300,106.8400,538300,77.7728
2012-05-23,107.1300,107.4000,107.0800,107.1200,658000,77.9767
2012-05-24,106.9600,107.0400,106.8500,106.8900,417700,77.8092
2012-05-25,107.1100,107.2500,107.0600,107.2000,370400,78.0349
2012-05-29,107.2600,107.4700,107.1100,107.1100,865400,77.9694
2012-05-30,107.8500,108.2100,107.8100,108.1300,645600,78.7119
2012-05-31,108.3400,108.8900,108.3000,108.5500,2994300,79.0177
2012-06-01,109.0600,109.3700,108.9100,109.3100,2186400,79.6964
2012-06-04,108.8400,108.9900,108.6400,108.6800,849500,79.2371
2012-06-05,108.5100,108.6500,108.3100,108.3200,836700,78.9746
2012-06-06,108.2900,108.3200,107.5800,107.6100,1492800,78.4570
2012-06-07,107.5800,107.9400,107.5100,107.8700,631800,78.6465
2012-06-08,108.3900,108.4300,107.8600,107.9500,468000,78.7049
2012-06-11,107.7100,108.3200,107.7100,108.2400,1050900,78.9163
2012-06-12,107.9200,108.1000,107.6400,107.6600,569700,78.4934
2012-06-13,107.8500,108.3100,107.7100,108.2300,1332100,78.9091
2012-06-14,108.1600,108.2500,107.8300,107.9400,802600,78.6975
2012-06-15,108.3900,108.5400,108.2600,108.4400,769400,79.0621
2012-06-18,108.4600,108.5300,108.2400,108.4100,718800,79.0403
2012-06-19,108.1700,108.2100,107.8800,108.0400,1536800,78.7705
2012-06-20,107.7000,108.1200,107.5300,107.8200,913100,78.6101
2012-06-21,107.9300,108.2000,107.8700,108.0500,1655900,78.7778
2012-06-22,107.6300,107.8200,107.5700,107.5800,1770300,78.4351
2012-06-25,107.9900,108.1800,107.9800,108.1700,594900,78.8652
2012-06-26,107.9000,108.1200,107.8200,107.9300,2395600,78.6902
2012-06-27,108.0700,108.1200,107.8500,108.0800,3445300,78.7997
2012-06-28,108.4700,108.5400,108.3500,108.4300,413400,79.0548
2012-06-29,107.8200,108.0400,107.7800,107.9300,646900,78.6902
2012-07-02,108.0000,108.5400,107.9800,108.2700,1580800,79.0554
2012-07-03,108.2500,108.2700,107.9500,108.0000,588000,78.8582
2012-07-05,108.1400,108.3600,108.0800,108.2900,1602600,79.0700
2012-07-06,108.6200,108.7600,108.5600,108.6700,1146900,79.3474
2012-07-09,108.7700,108.9900,108.7400,108.9700,495300,79.5664
2012-07-10,108.8900,109.0800,108.8600,109.0200,631900,79.6030
2012-07-11,109.0700,109.3400,108.8800,108.9200,825800,79.5300
2012-07-12,109.0800,109.2000,109.0400,109.1700,840400,79.7125
2012-07-13,109.1300,109.1300,108.9100,109.0800,307900,79.6468
2012-07-16,109.4200,109.5400,109.2800,109.3200,349400,79.8220
2012-07-17,109.1500,109.3000,109.0000,109.0400,637900,79.6176
2012-07-18,109.2200,109.2800,109.1300,109.1500,606000,79.6979
2012-07-19,109.0600,109.2000,108.9400,108.9900,949100,79.5811
2012-07-20,109.2900,109.5000,109.2900,109.4200,250900,79.8950
2012-07-23,109.7400,109.7700,109.5200,109.6000,1675600,80.0265
2012-07-24,109.4400,109.8900,109.4200,109.8100,905500,80.1798
2012-07-25,109.7600,109.8800,109.6900,109.8700,1246800,80.2236
2012-07-26,109.6600,109.7400,109.5000,109.5300,742000,79.9754
2012-07-27,109.1800,109.1800,108.3600,108.7400,1072300,79.3985
2012-07-30,108.7800,109.1200,108.7100,109.0900,666000,79.6541
2012-07-31,109.2600,109.3200,108.9400,109.2800,2209700,79.7929
2012-08-01,108.8400,109.0500,108.5500,108.7200,977300,79.5019
2012-08-02,109.0500,109.2800,108.9300,108.9800,620000,79.6920
2012-08-03,108.5200,108.6300,108.1900,108.4100,765500,79.2751
2012-08-06,108.4800,108.6600,108.4300,108.4800,850800,79.3263
2012-08-07,107.9800,108.0200,107.7900,107.9100,1228200,78.9095
2012-08-08,107.9500,108.0600,107.6800,107.7600,862800,78.7998
2012-08-09,107.6300,107.8300,107.4200,107.6800,833700,78.7413
2012-08-10,108.1400,108.1800,107.6800,107.9900,466900,78.9680
2012-08-13,108.1000,108.1900,107.9200,107.9200,729500,78.9169
2012-08-14,107.5000,107.6300,107.3900,107.3900,642100,78.5292
2012-08-15,107.1400,107.2100,106.8000,106.8500,934600,78.1343
2012-08-16,106.8800,106.9800,106.4300,106.5900,861400,77.9442
2012-08-17,106.6800,106.9000,106.6800,106.7200,784300,78.0393
2012-08-20,106.7000,106.9200,106.6800,106.7800,1000100,78.0832
2012-08-21,106.6700,106.8900,106.4200,106.8700,684500,78.1490
2012-08-22,107.2600,107.7000,107.1800,107.7000,730600,78.7559
2012-08-23,107.8600,108.0100,107.7000,107.8900,440200,78.8949
2012-08-24,108.0700,108.1400,107.8000,107.8400,311500,78.8583
2012-08-27,108.0100,108.1300,107.9800,108.1200,467400,79.0631
2012-08-28,108.1900,108.3700,108.1400,108.1600,615000,79.0923
2012-08-29,108.1600,108.1600,107.9200,108.0900,764700,79.0411
2012-08-30,108.3500,108.4500,108.2800,108.2900,642200,79.1874
2012-08-31,108.2900,108.9900,108.2200,108.9900,912700,79.6992
2012-09-04,108.6000,108.8300,108.5200,108.5900,1200200,79.5169
2012-09-05,108.5600,108.6800,108.4400,108.5500,782300,79.4876
2012-09-06,108.0600,108.0800,107.7900,107.8100,1376700,78.9457
2012-09-07,108.5300,108.5700,107.9500,107.9500,2748500,79.0483
2012-09-10,108.0400,108.1000,107.8200,108.0000,1614100,79.0849
2012-09-11,107.9300,107.9500,107.7100,107.8000,375200,78.9384
2012-09-12,107.3900,107.8000,107.2000,107.2700,660700,78.5503
2012-09-13,107.5600,107.7700,106.7700,107.5800,1458700,78.7774
2012-09-14,106.9800,107.5800,106.4200,106.5700,1050800,78.0377
2012-09-17,106.6700,106.9600,106.6500,106.7900,745300,78.1988
2012-09-18,107.2200,107.2800,107.0100,107.0600,578700,78.3965
2012-09-19,107.3600,107.4100,107.1800,107.3100,437200,78.5796
2012-09-20,107.6900,107.7400,107.2400,107.3700,422300,78.6236
2012-09-21,107.2600,107.6100,107.2300,107.6000,682000,78.7919
2012-09-24,107.7400,107.9300,107.7400,107.8400,943800,78.9677
2012-09-25,107.9500,108.2500,107.7000,108.2400,471900,79.2606
2012-09-26,108.4900,108.6900,108.4300,108.6900,444600,79.5901
2012-09-27,108.4300,108.5400,108.3200,108.4600,295400,79.4217
2012-09-28,108.5800,108.7000,108.3600,108.4600,612500,79.4217
2012-10-01,108.4100,108.5400,108.2300,108.5200,1213500,79.5691
2012-10-02,108.3000,108.5600,108.2900,108.4500,846500,79.5178
2012-10-03,108.4400,108.5600,108.3000,108.5600,938000,79.5984
2012-10-04,108.3200,108.4200,108.0900,108.1300,376700,79.2831
2012-10-05,107.7600,107.8100,107.5700,107.6400,805200,78.9238
2012-10-08,107.8800,108.0100,107.8600,107.9900,403700,79.1805
2012-10-09,107.7000,107.9500,107.6800,107.7700,387200,79.0192
2012-10-10,107.6000,108.0700,107.5300,108.0300,318100,79.2098
2012-10-11,107.6900,108.1400,107.6300,108.1300,1217500,79.2831
2012-10-12,108.2100,108.3800,108.1100,108.1400,427900,79.2905
2012-10-15,108.1800,108.2500,108.0600,108.1700,635000,79.3124
2012-10-16,107.9300,107.9300,107.6600,107.6600,585500,78.9385
2012-10-17,107.3400,107.3800,106.9400,106.9800,597300,78.4399
2012-10-18,107.0800,107.1800,106.7500,106.7900,1157500,78.3006
2012-10-19,106.9500,107.3400,106.9200,107.2400,808100,78.6305
2012-10-22,107.0300,107.1300,106.8800,106.8800,760000,78.3666
2012-10-23,107.2000,107.3900,107.2000,107.3900,414600,78.7406
2012-10-24,107.1500,107.3200,107.0900,107.1600,682400,78.5720
2012-10-25,106.6500,107.0400,106.5900,106.7700,437300,78.2860
2012-10-26,107.1400,107.4600,107.1100,107.4500,414800,78.7845
2012-10-31,107.6900,107.9800,107.6500,107.8900,728100,79.1072
2012-11-01,107.6400,107.6800,107.4000,107.5300,918300,78.9493
2012-11-02,107.2900,107.6400,107.2500,107.6200,527200,79.0154
2012-11-05,107.8400,107.9900,107.8100,107.8800,805400,79.2063
2012-11-06,107.7900,107.8600,107.3700,107.3900,486000,78.8465
2012-11-07,108.3300,108.5400,108.2000,108.2900,979800,79.5073
2012-11-08,108.2700,108.7900,108.1500,108.7700,514700,79.8597
2012-11-09,108.7100,108.8200,108.5500,108.7800,368200,79.8671
2012-11-12,108.7800,108.8700,108.7000,108.8500,267900,79.9184
2012-11-13,108.9900,109.0000,108.8100,108.9800,1608900,80.0139
2012-11-14,108.7000,109.0300,108.6700,109.0100,1477300,80.0360
2012-11-15,108.7900,109.0700,108.7700,108.9600,1448500,79.9992
2012-11-16,108.9400,109.2000,108.9100,109.0300,578100,80.0506
2012-11-19,108.7200,108.8200,108.6800,108.8100,712300,79.8891
2012-11-20,108.6400,108.7000,108.3600,108.3600,970700,79.5587
2012-11-21,108.2000,108.2800,108.1600,108.2000,291500,79.4412
2012-11-23,108.2000,108.2100,108.1300,108.1400,466000,79.3972
2012-11-26,108.4000,108.5200,108.2900,108.3200,1522400,79.5294
2012-11-27,108.3900,108.5800,108.3300,108.5700,579100,79.7129
2012-11-28,108.7700,108.8700,108.6600,108.7100,1057500,79.8157
2012-11-29,108.7100,108.8600,108.6500,108.8200,814200,79.8965
2012-11-30,108.9000,108.9100,108.7600,108.8000,557800,79.8817
2012-12-03,108.4400,108.6400,108.3700,108.6200,750400,79.8501
2012-12-04,108.6900,108.8200,108.6600,108.8100,479300,79.9898
2012-12-05,108.9200,109.0600,108.8700,108.9000,505500,80.0559
2012-12-06,109.1000,109.1500,108.9500,108.9600,443700,80.1001
2012-12-07,108.6900,108.8600,108.6300,108.6500,515700,79.8722
2012-12-10,108.7900,108.8200,108.6500,108.7500,707500,79.9457
2012-12-11,108.5100,108.5500,108.4200,108.5400,734300,79.7913
2012-12-12,108.4200,108.6000,108.0800,108.0800,1165600,79.4531
2012-12-13,107.9500,108.1000,107.8000,107.8700,862900,79.2988
2012-12-14,108.0000,108.1500,108.0000,108.1100,380700,79.4752
2012-12-17,108.0100,108.0300,107.5100,107.5400,660100,79.0562
2012-12-18,107.4800,107.5400,107.0000,107.1200,846400,78.7474
2012-12-19,107.2700,107.5300,107.2200,107.2700,675300,78.8577
2012-12-20,107.4200,107.5800,107.2900,107.3400,377100,78.9092
2012-12-21,107.7400,107.8100,107.6100,107.6300,499200,79.1224
2012-12-24,107.5500,107.5800,107.5000,107.5200,903400,79.0415
2012-12-26,107.4900,107.6400,107.4800,107.5900,780000,79.2042
2012-12-27,107.5400,108.0200,107.5200,107.8100,446700,79.3661
2012-12-28,108.0100,108.0700,107.9000,108.0600,552200,79.5502
2012-12-31,107.9100,107.9600,107.4500,107.4900,1742800,79.1306
2013-01-02,107.0000,107.1500,106.9500,107.0000,2561300,78.7699
2013-01-03,107.0300,107.0500,106.4400,106.4500,2131900,78.3650
2013-01-04,106.3400,106.5000,106.2100,106.5000,975400,78.4018
2013-01-07,106.5000,106.6000,106.4200,106.5600,1387400,78.4459
2013-01-08,106.7100,106.8400,106.6900,106.8200,364200,78.6374
2013-01-09,106.8500,106.9800,106.7400,106.8800,517700,78.6815
2013-01-10,106.5800,106.7700,106.5300,106.5700,689100,78.4533
2013-01-11,106.4100,106.9100,106.3700,106.9100,553900,78.7036
2013-01-14,107.0200,107.0600,106.8500,106.8700,971700,78.6741
2013-01-15,107.2200,107.2700,107.0900,107.1300,428800,78.8655
2013-01-16,107.3000,107.3400,107.1500,107.2700,534000,78.9686
2013-01-17,106.8400,106.9100,106.6700,106.7800,436100,78.6079
2013-01-18,106.9600,107.1300,106.9300,107.0800,560100,78.8287
2013-01-22,106.8700,107.2200,106.8500,107.1700,595400,78.8950
2013-01-23,107.2500,107.3500,107.1500,107.2200,603600,78.9318
2013-01-24,107.1400,107.1600,106.9100,107.0400,376300,78.7993
2013-01-25,106.5300,106.6300,106.2600,106.3300,570600,78.2766
2013-01-28,105.8900,106.1400,105.8900,106.1100,1328000,78.1147
2013-01-29,106.1500,106.3200,105.9300,105.9500,480600,77.9969
2013-01-30,105.8700,106.0300,105.7200,106.0100,453200,78.0410
2013-01-31,106.1100,106.1100,105.9300,106.1000,902500,78.1073
2013-02-01,106.4100,106.4300,105.5600,105.6000,2587800,77.8419
2013-02-04,105.9300,106.2700,105.8900,106.2100,693400,78.2916
2013-02-05,105.8100,105.8800,105.7300,105.8300,797700,78.0115
2013-02-06,106.0600,106.2000,105.9500,106.1500,816800,78.2474
2013-02-07,106.1500,106.4500,106.1400,106.2000,970000,78.2842
2013-02-08,106.2200,106.3200,105.9700,106.2800,952800,78.3432
2013-02-11,106.2000,106.3100,106.1700,106.1700,558800,78.2621
2013-02-12,106.0100,106.1700,105.9800,106.0600,531500,78.1810
2013-02-13,105.7200,105.8700,105.6400,105.6900,610700,77.9083
2013-02-14,105.9500,106.1500,105.8100,106.1400,988000,78.2400
2013-02-15,106.0400,106.1000,105.8500,106.0400,681700,78.1663
2013-02-19,106.1900,106.2100,105.8600,105.8700,498800,78.0410
2013-02-20,105.8300,106.1200,105.7900,106.1000,869900,78.2105
2013-02-21,106.3300,106.5000,106.2800,106.3100,681000,78.3653
2013-02-22,106.3400,106.4800,106.3300,106.4400,412800,78.4611
2013-02-25,106.1700,107.2600,106.1600,107.2600,2909000,79.0656
2013-02-26,107.0600,107.3800,106.9800,107.0600,860900,78.9182
2013-02-27,107.3400,107.3700,106.9200,107.0100,398800,78.8813
2013-02-28,107.1200,107.1700,106.9900,107.1600,534400,78.9919
2013-03-01,107.1900,107.3300,107.1100,107.3000,876500,79.1889
2013-03-04,107.2200,107.2600,107.0500,107.0500,572600,79.0044
2013-03-05,106.9700,107.0100,106.8200,106.9400,224700,78.9232
2013-03-06,106.6200,106.7800,106.6000,106.6000,1091700,78.6723
2013-03-07,106.4100,106.4300,106.1700,106.1900,804500,78.3697
2013-03-08,105.6400,105.8400,105.5700,105.6500,1651900,77.9712
2013-03-11,105.7500,105.8000,105.6500,105.7000,1465800,78.0081
2013-03-12,105.8600,106.0500,105.8500,105.9900,525300,78.2221
2013-03-13,105.8000,106.0100,105.7200,105.9000,1116500,78.1557
2013-03-14,105.6900,106.0100,105.6600,105.9300,557400,78.1779
2013-03-15,105.9900,106.3200,105.9900,106.3000,1184700,78.4509
2013-03-18,106.6800,106.6900,106.4900,106.6500,1442000,78.7092
2013-03-19,106.7700,107.1100,106.7400,106.9800,545300,78.9527
2013-03-20,106.7000,106.8300,106.5600,106.5700,742800,78.6502
2013-03-21,106.8500,106.8600,106.6800,106.8500,669700,78.8568
2013-03-22,106.9200,106.9500,106.6800,106.8900,297000,78.8863
2013-03-25,106.7100,107.1200,106.6800,106.9700,319500,78.9454
2013-03-26,106.7500,107.1200,106.7300,107.0800,546300,79.0266
2013-03-27,107.4600,107.6600,107.4600,107.5400,623700,79.3660
2013-03-28,107.4300,107.5700,107.3200,107.3400,378400,79.2184
2013-04-01,107.2200,107.5500,107.2200,107.4800,2471100,79.4290
2013-04-02,107.3200,107.3500,107.2200,107.2700,984900,79.2739
2013-04-03,107.4100,107.8200,107.4100,107.7200,1234000,79.6064
2013-04-04,107.9100,108.1600,107.8800,108.1500,584800,79.9242
2013-04-05,108.5300,108.7000,108.4300,108.4900,663800,80.1755
2013-04-08,108.4300,108.5100,108.1300,108.1400,858200,79.9168
2013-04-09,108.3200,108.3800,108.1200,108.1800,507800,79.9463
2013-04-10,107.9400,107.9700,107.7100,107.7300,340900,79.6138
2013-04-11,107.8500,107.9700,107.7900,107.8500,1132200,79.7025
2013-04-12,108.2500,108.4500,108.1300,108.4500,827700,80.1459
2013-04-15,108.4000,108.6900,108.3600,108.6900,587300,80.3233
2013-04-16,108.3500,108.5100,108.3300,108.3800,1226700,80.0942
2013-04-17,108.4400,108.8100,108.4000,108.5800,988300,80.2419
2013-04-18,108.6600,108.7600,108.5700,108.6400,705600,80.2863
2013-04-19,108.5800,108.5800,108.4900,108.5800,750500,80.2419
2013-04-22,108.6300,108.7500,108.5800,108.6400,379900,80.2863
2013-04-23,108.7700,109.0400,108.5400,108.5700,449800,80.2345
2013-04-24,108.5600,108.6900,108.5500,108.6200,279400,80.2715
2013-04-25,108.4700,108.5400,108.3900,108.5000,293300,80.1828
2013-04-26,108.7800,108.9200,108.7500,108.8900,433300,80.4710
2013-04-29,108.9600,108.9900,108.8300,108.8500,810000,80.4415
2013-04-30,109.0100,109.1400,108.7900,108.8300,752700,80.4267
2013-05-01,108.9200,109.1700,108.9200,109.0500,803600,80.6894
2013-05-02,108.9900,109.0600,108.9300,109.0500,921300,80.6894
2013-05-03,108.4700,108.5000,108.0500,108.1200,879500,80.0012
2013-05-06,108.1500,108.1900,107.8900,107.9800,434000,79.8977
2013-05-07,107.8100,107.9400,107.8100,107.8300,544000,79.7867
2013-05-08,107.9300,108.0900,107.9000,107.9600,1114400,79.8828
2013-05-09,108.0400,108.2400,107.9100,107.9400,587300,79.8680
2013-05-10,107.7500,107.7500,107.0800,107.3300,529700,79.4167
2013-05-13,107.1000,107.1700,107.0700,107.1400,417600,79.2761
2013-05-14,107.2800,107.3200,106.6700,106.7100,876900,78.9579
2013-05-15,107.0300,107.1300,106.7300,106.9900,768200,79.1652
2013-05-16,107.2400,107.6200,107.2200,107.5000,697900,79.5425
2013-05-17,107.3300,107.3700,106.9000,106.9200,365800,79.1133
2013-05-20,107.0900,107.1200,106.7300,106.8400,1440000,79.0541
2013-05-21,106.8000,107.1400,106.5800,107.1200,530600,79.2613
2013-05-22,107.2000,107.4300,106.2200,106.2700,1797400,78.6324
2013-05-23,106.6100,106.6400,106.1300,106.3800,950100,78.7138
2013-05-24,106.5000,106.6800,106.3600,106.4200,349800,78.7434
2013-05-28,106.0800,106.1500,105.1500,105.1700,1157000,77.8185
2013-05-29,105.2500,105.6000,105.1900,105.6000,1588400,78.1367
2013-05-30,105.5700,105.7500,105.4100,105.6100,578000,78.1440
2013-05-31,105.7100,105.7500,104.8300,105.3200,1639400,77.9294
2013-06-03,104.9800,105.8400,104.2200,105.3300,3269200,78.0420
2013-06-04,105.0900,105.3200,105.0100,105.0600,1235100,77.8420
2013-06-05,105.2900,105.6100,105.2500,105.5700,1298900,78.2199
2013-06-06,105.4800,106.3300,105.3000,105.7000,2471900,78.3162
2013-06-07,105.3500,105.5500,104.8800,104.8800,652300,77.7087
2013-06-10,104.6800,104.8100,104.4700,104.6200,694600,77.5160
2013-06-11,104.2500,104.8800,104.1900,104.8800,756100,77.7087
2013-06-12,104.4900,104.9500,104.4100,104.4100,528700,77.3604
2013-06-13,104.6700,105.3200,104.6600,105.2000,1180100,77.9457
2013-06-14,105.4100,105.6400,105.2700,105.3400,599700,78.0495
2013-06-17,105.4600,105.4800,105.0200,105.0900,478400,77.8642
2013-06-18,104.8500,105.1200,104.7900,105.0300,429000,77.8198
2013-06-19,105.0900,107.5900,103.4800,103.5900,1281500,76.7529
2013-06-20,103.2200,103.4300,102.8100,103.1200,1982500,76.4046
2013-06-21,102.9100,103.0000,102.0200,102.0300,1777200,75.5970
2013-06-24,101.2600,102.2000,101.2500,101.7800,2731500,75.4118
2013-06-25,102.0600,102.1200,101.5600,101.6600,772000,75.3229
2013-06-26,102.2400,102.3100,101.7600,102.0700,1015300,75.6266
2013-06-27,102.4900,102.6600,102.2200,102.6200,949000,76.0341
2013-06-28,102.1300,102.5600,101.9700,102.5000,1017700,75.9452
2013-07-01,102.2100,102.4800,102.0300,102.4000,1127100,75.9742
2013-07-02,102.4200,102.5700,102.2800,102.4400,385400,76.0039
2013-07-03,102.4500,102.6500,102.2300,102.2400,1233200,75.8555
2013-07-05,100.8900,100.9300,100.4500,100.5200,924100,74.5794
2013-07-08,100.8600,101.1900,100.8400,101.1100,1137200,75.0171
2013-07-09,101.2800,101.3900,101.2000,101.2800,558400,75.1432
2013-07-10,101.2400,101.3800,100.9000,100.9200,1005500,74.8761
2013-07-11,101.6600,101.9300,101.5700,101.9300,818700,75.6255
2013-07-12,102.2100,102.3100,101.6800,101.8500,1919500,75.5661
2013-07-15,101.9700,102.1700,101.9400,102.1700,563700,75.8035
2013-07-16,102.1600,102.3200,102.1000,102.2200,713300,75.8407
2013-07-17,102.8100,102.8500,102.5200,102.6700,696300,76.1745
2013-07-18,102.6400,102.6400,102.1900,102.1900,717800,75.8184
2013-07-19,102.4500,102.7600,102.4400,102.7500,459500,76.2339
2013-07-22,102.7400,102.8600,102.6700,102.7400,450300,76.2264
2013-07-23,102.5100,102.6500,102.3900,102.6200,13316500,76.1374
2013-07-24,102.0000,102.1100,101.6500,101.9300,837400,75.6255
2013-07-25,101.6200,102.0900,101.6000,102.0800,712300,75.7367
2013-07-26,102.1800,102.2400,102.0600,102.1700,544900,75.8035
2013-07-29,102.0400,102.0900,101.8500,101.9600,420300,75.6477
2013-07-30,102.0600,102.1000,101.8100,101.9300,306800,75.6255
2013-07-31,101.2200,102.0800,101.1400,102.0000,930500,75.6774
2013-08-01,101.4900,101.5300,100.8600,100.9600,1177300,75.0095
2013-08-02,101.4800,101.8200,101.4200,101.8200,4360000,75.6485
2013-08-05,101.6100,101.6500,101.4100,101.5000,390400,75.4107
2013-08-06,101.4400,101.5900,101.3900,101.5300,257000,75.4330
2013-08-07,101.6500,101.9600,101.6300,101.9000,493200,75.7078
2013-08-08,102.0400,102.1500,101.9300,102.0500,804900,75.8193
2013-08-09,101.9000,102.1300,101.8800,102.1200,557600,75.8713
2013-08-12,102.2700,102.2700,101.8800,101.9200,400400,75.7227
2013-08-13,101.3000,101.3000,100.9200,101.0000,566500,75.0392
2013-08-14,101.0000,101.1500,100.9700,101.0900,1672300,75.1060
2013-08-15,100.5300,100.8600,100.3000,100.5300,15452300,74.6900
2013-08-16,100.5600,100.5600,99.8500,100.1400,1066900,74.4002
2013-08-19,99.8600,99.9200,99.6100,99.7100,892200,74.0808
2013-08-20,100.0700,100.2700,100.0500,100.2500,1221100,74.4819
2013-08-21,100.0000,100.2500,99.5800,99.6200,945100,74.0139
2013-08-22,99.5400,99.7500,99.3300,99.5800,755100,73.9842
2013-08-23,99.5000,100.2100,99.4100,100.1400,991100,74.4002
2013-08-26,100.3600,100.3900,100.1500,100.3400,512600,74.5488
2013-08-27,100.6800,100.9700,100.5300,100.9100,532500,74.9723
2013-08-28,100.6200,100.6500,100.3000,100.5000,761700,74.6677
2013-08-29,100.2100,100.7300,100.1600,100.6000,470900,74.7420
2013-08-30,100.6700,100.7200,100.4100,100.4100,1038200,74.6009
2013-09-03,99.8300,99.9200,99.2700,99.6900,796000,74.1775
2013-09-04,99.7500,99.7900,99.2900,99.3600,824400,73.9319
2013-09-05,99.0300,99.1100,98.6000,98.6000,1722700,73.3664
2013-09-06,99.3100,99.5900,99.0400,99.2000,1033900,73.8129
2013-09-09,99.5900,99.6300,99.3500,99.4000,764300,73.9617
2013-09-10,99.0500,99.2700,98.9400,98.9400,1895300,73.6194
2013-09-11,99.2600,99.4600,99.0000,99.4400,885300,73.9914
2013-09-12,99.7200,99.8200,99.4100,99.4500,796800,73.9989
2013-09-13,99.4700,99.6900,99.4500,99.5800,1166500,74.0956
2013-09-16,100.4800,100.5000,99.7600,99.8000,1855200,74.2593
2013-09-17,100.0500,100.0600,99.8000,100.0000,943300,74.4082
2013-09-18,99.9000,101.4900,99.5900,101.2400,1341800,75.3308
2013-09-19,101.2300,101.2300,100.0000,100.8900,1592800,75.0704
2013-09-20,100.9600,101.1500,100.8300,100.9900,300600,75.1448
2013-09-23,101.0900,101.3800,101.0900,101.3700,2003200,75.4276
2013-09-24,101.4600,101.8000,101.4100,101.7400,1149800,75.7028
2013-09-25,101.7000,102.0400,101.6700,102.0200,569900,75.9112
2013-09-26,101.7700,101.8700,101.6700,101.8000,568100,75.7475
2013-09-27,101.8400,102.1500,101.8400,101.9400,2349400,75.8517
2013-09-30,102.0600,102.1100,101.8400,102.1100,3785200,75.9781
2013-10-01,101.8500,101.8900,101.6600,101.7300,1937000,75.8090
2013-10-02,101.8700,102.1500,101.8600,101.9000,799900,75.9357
2013-10-03,101.8300,102.2800,101.7800,102.0400,651800,76.0400
2013-10-04,101.9200,101.9600,101.6400,101.7600,1160900,75.8313
2013-10-07,102.0600,102.0800,101.8100,101.8500,454400,75.8984
2013-10-08,101.8000,102.0000,101.7000,101.8000,818100,75.8612
2013-10-09,101.7900,101.8300,101.5400,101.6200,506500,75.7270
2013-10-10,101.2700,101.4800,101.1900,101.4000,649100,75.5631
2013-10-11,101.6900,101.8300,101.5000,101.5500,850100,75.6749
2013-10-14,101.5500,101.6900,101.1300,101.2100,183200,75.4215
2013-10-15,101.4100,101.4600,101.1700,101.2300,368100,75.4364
2013-10-16,101.1300,101.7300,101.0000,101.7200,2339600,75.8015
2013-10-17,102.1000,102.4100,102.0400,102.3000,2950500,76.2338
2013-10-18,102.4300,102.4600,102.2800,102.3100,582600,76.2412
2013-10-21,102.2800,102.2900,102.1100,102.2400,321700,76.1891
2013-10-22,102.7500,102.9700,102.7200,102.9500,484700,76.7181
2013-10-23,103.0200,103.3100,103.0200,103.1300,280800,76.8523
2013-10-24,103.2100,103.2300,102.9100,102.9200,591200,76.6958
2013-10-25,103.0100,103.1400,102.9800,103.1000,552800,76.8299
2013-10-28,103.0000,103.1200,102.9600,103.0000,600800,76.7554
2013-10-29,102.9100,103.1400,102.8800,103.1400,274700,76.8597
2013-10-30,103.2000,103.4000,102.7600,102.8700,1753100,76.6585
2013-10-31,103.1100,103.1300,102.5600,102.7500,893000,76.5691
2013-11-01,102.3800,102.4200,101.9900,102.0200,680100,76.1444
2013-11-04,102.2100,102.3200,102.1700,102.2200,437000,76.2937
2013-11-05,101.9300,101.9900,101.6700,101.7600,656900,75.9503
2013-11-06,101.9200,102.1100,101.9200,102.0700,692700,76.1817
2013-11-07,102.1600,102.4200,102.1300,102.3400,415000,76.3833
2013-11-08,101.3300,101.4000,101.1600,101.1900,2497700,75.5249
2013-11-11,101.2500,101.2600,101.1400,101.1400,144000,75.4876
2013-11-12,101.0900,101.2500,100.9800,101.0500,1052100,75.4205
2013-11-13,101.3600,101.5200,101.3200,101.4700,1122700,75.7339
2013-11-14,101.5500,101.9900,101.5500,101.9600,694100,76.0996
2013-11-15,101.9700,101.9900,101.7900,101.8800,359200,76.0399
2013-11-18,101.9400,102.2700,101.9400,102.2400,2853000,76.3087
2013-11-19,102.0400,102.1000,101.8300,101.8600,559100,76.0250
2013-11-20,101.8800,102.1100,101.2600,101.3000,1562700,75.6070
2013-11-21,101.0900,101.4400,100.9600,101.3900,804800,75.6742
2013-11-22,101.4900,101.7100,101.4500,101.6800,807900,75.8907
2013-11-25,101.6300,101.8400,101.6100,101.7600,487400,75.9503
2013-11-26,101.8500,102.0800,101.8100,101.9800,425400,76.1146
2013-11-27,101.9400,101.9500,101.5000,101.7500,476900,75.9429
2013-11-29,101.5600,101.7700,101.5500,101.6900,652100,75.8981
2013-12-02,101.3000,101.3300,101.0100,101.0900,2912200,75.5722
2013-12-03,101.3500,101.4400,101.2300,101.2700,477200,75.7067
2013-12-04,100.7700,100.9300,100.7100,100.8100,943600,75.3628
2013-12-05,100.6500,100.7800,100.5100,100.5600,374100,75.1759
2013-12-06,100.5000,100.8100,100.4600,100.6500,415600,75.2432
2013-12-09,100.7100,100.8500,100.6500,100.7700,540900,75.3329
2013-12-10,101.1000,101.2300,100.9700,101.1900,334700,75.6469
2013-12-11,101.0300,101.1100,100.8000,100.8000,371700,75.3554
2013-12-12,100.6100,100.6900,100.4800,100.5100,1156200,75.1386
2013-12-13,100.6600,100.7200,100.5500,100.6600,434000,75.2507
2013-12-16,100.8600,100.8700,100.5200,100.6100,572400,75.2133
2013-12-17,100.6000,100.9300,100.6000,100.9300,694800,75.4526
2013-12-18,100.6500,101.0400,100.1500,100.5500,1997700,75.1685
2013-12-19,100.1100,100.2200,100.0000,100.1300,978700,74.8545
2013-12-20,100.2600,100.4600,100.1800,100.4400,510500,75.0863
2013-12-23,100.2800,100.3800,100.1000,100.1200,5238400,74.8470
2013-12-24,99.8400,99.9100,99.7000,99.7300,770600,74.5555
2013-12-26,99.4900,99.5600,99.4300,99.4800,787500,74.4911
2013-12-27,99.4700,99.6000,99.3800,99.4200,640400,74.4461
2013-12-30,99.5500,99.7000,99.5400,99.6900,1328000,74.6483
2013-12-31,99.5100,99.6300,99.1800,99.2400,1553600,74.3114
2014-01-02,99.3900,99.6800,99.3800,99.6300,1161800,74.6034
2014-01-03,99.5100,99.7400,99.4800,99.5700,637500,74.5585
2014-01-06,99.6600,99.9700,99.6600,99.8500,666200,74.7681
2014-01-07,99.9200,100.0500,99.8500,100.0100,1055700,74.8879
2014-01-08,99.6800,99.7400,99.4600,99.5200,1216700,74.5210
2014-01-09,99.6700,99.8300,99.5000,99.7800,806100,74.7157
2014-01-10,100.3000,100.6700,100.2900,100.6200,713300,75.3447
2014-01-13,100.7200,100.9700,100.7000,100.9100,581600,75.5619
2014-01-14,100.7000,100.7800,100.5100,100.5300,366700,75.2773
2014-01-15,100.2600,100.4900,100.2300,100.4400,997300,75.2099
2014-01-16,100.6800,100.7700,100.6100,100.7200,333300,75.4196
2014-01-17,100.7000,100.9600,100.6100,100.9600,754400,75.5993
2014-01-21,100.8000,100.9200,100.7800,100.8500,1927100,75.5169
2014-01-22,100.6200,100.7300,100.5500,100.5700,1150900,75.3072
2014-01-23,100.9000,101.3800,100.9000,101.2500,1080200,75.8164
2014-01-24,101.6000,101.7500,101.4500,101.6600,564300,76.1235
2014-01-27,101.4900,101.6900,101.3300,101.3500,758600,75.8913
2014-01-28,101.4900,101.5100,101.3100,101.5000,452700,76.0037
2014-01-29,101.8100,102.1300,101.6200,101.9800,1420200,76.3631
2014-01-30,101.7400,101.9100,101.6400,101.8800,685400,76.2882
2014-01-31,102.2100,102.2800,102.0500,102.2800,670500,76.5877
2014-02-03,101.9600,102.6700,101.8600,102.6600,4629800,77.0040
2014-02-04,102.3200,102.3900,102.2400,102.3500,2617300,76.7715
2014-02-05,102.2100,102.2500,101.9800,101.9800,817600,76.4940
2014-02-06,101.8600,101.8800,101.7100,101.7900,885900,76.3514
2014-02-07,101.8800,102.2100,101.8600,102.0600,1065800,76.5540
2014-02-10,101.9500,102.1400,101.9500,102.1100,589300,76.5914
2014-02-11,101.7500,101.8200,101.6100,101.6600,625800,76.2539
2014-02-12,101.5200,101.5200,101.2800,101.4200,743500,76.0739
2014-02-13,101.7900,101.9200,101.7300,101.9000,941400,76.4339
2014-02-14,101.8500,101.9000,101.7200,101.8300,463400,76.3815
2014-02-18,101.9800,102.1700,101.9300,102.0800,1003600,76.5689
2014-02-19,102.2900,102.3100,101.8300,101.8800,907200,76.4189
2014-02-20,101.7600,101.9400,101.5700,101.7700,842900,76.3364
2014-02-21,101.6600,101.9100,101.6400,101.9000,405000,76.4339
2014-02-24,101.9000,101.9100,101.6500,101.8000,1531100,76.3589
2014-02-25,101.9900,102.1700,101.9500,102.1500,402600,76.6215
2014-02-26,102.1500,102.4500,102.1100,102.4500,486000,76.8465
2014-02-27,102.5100,102.6400,102.4800,102.5700,559400,76.9365
2014-02-28,102.3800,102.5600,102.1600,102.4700,609900,76.8615
2014-03-03,102.6000,102.8300,102.4300,102.8100,2540500,77.2416
2014-03-04,102.4400,102.4400,102.0000,102.0200,1080200,76.6481
2014-03-05,101.8800,102.1400,101.8100,102.1300,614700,76.7308
2014-03-06,101.6900,101.8100,101.6100,101.6900,534700,76.4002
2014-03-07,101.1700,101.3700,101.1500,101.2500,645100,76.0696
2014-03-10,101.2800,101.4300,101.2500,101.3600,1013900,76.1523
2014-03-11,101.3200,101.5400,101.2300,101.4600,1571000,76.2274
2014-03-12,101.7700,101.9200,101.6900,101.8600,819000,76.5279
2014-03-13,101.5900,102.4700,101.5800,102.4600,1638900,76.9787
2014-03-14,102.6000,102.6100,102.2900,102.4700,1314400,76.9862
2014-03-17,102.2600,102.3300,102.0400,102.0600,1085400,76.6782
2014-03-18,102.0800,102.3100,102.0600,102.3100,861200,76.8660
2014-03-19,102.1600,102.2200,101.2100,101.3600,1355500,76.1523
2014-03-20,101.3200,101.4600,101.2300,101.3800,1748100,76.1673
2014-03-21,101.3700,101.6000,101.3600,101.5700,466500,76.3101
2014-03-24,101.3200,101.7100,101.3100,101.6100,1222600,76.3401
2014-03-25,101.5300,101.7100,101.4500,101.5500,739400,76.2950
2014-03-26,101.5900,101.9800,101.5800,101.9800,830000,76.6181
2014-03-27,101.8400,102.1900,101.8400,102.0800,303600,76.6932
2014-03-28,101.9800,102.0300,101.6400,101.7200,661600,76.4227
2014-03-31,101.4500,101.7600,101.3800,101.7300,1982900,76.4303
2014-04-01,101.4000,101.4200,101.2600,101.3300,2562600,76.2722
2014-04-02,101.0500,101.0800,100.8600,100.8900,806800,75.9410
2014-04-03,100.9700,101.1200,100.9100,100.9600,298000,75.9937
2014-04-04,101.2500,101.6300,101.2500,101.5800,731900,76.4604
2014-04-07,101.7400,101.9200,101.7200,101.8200,1751700,76.6411
2014-04-08,101.8000,102.0000,101.6600,101.9600,666100,76.7464
2014-04-09,101.7200,102.0700,101.6300,101.9300,1350500,76.7238
2014-04-10,102.0000,102.5900,102.0000,102.3600,1056600,77.0475
2014-04-11,102.6200,102.6500,102.4400,102.5700,918500,77.2056
2014-04-14,102.4400,102.5300,102.3000,102.4100,1468600,77.0851
2014-04-15,102.3300,102.7400,102.2600,102.5300,614300,77.1754
2014-04-16,102.2800,102.4300,102.2500,102.3700,1405500,77.0549
2014-04-17,102.3100,102.3100,101.6500,101.7900,584600,76.6185
2014-04-21,101.8800,101.9600,101.7100,101.7700,1021100,76.6034
2014-04-22,101.6100,101.7500,101.5200,101.7300,482800,76.5732
2014-04-23,101.8800,102.0700,101.8400,101.9900,306400,76.7690
2014-04-24,101.7600,102.0400,101.7500,101.9600,345700,76.7464
2014-04-25,102.1300,102.3400,102.0800,102.1000,388900,76.8518
2014-04-28,102.0700,102.1700,101.8100,101.9500,574900,76.7389
2014-04-29,101.7900,102.0400,101.7600,102.0400,760100,76.8066
2014-04-30,102.1800,102.3600,102.0000,102.3100,544700,77.0099
2014-05-01,102.1800,102.6100,102.1100,102.4100,21829500,77.2316
2014-05-02,102.1100,102.7400,102.0000,102.5600,1343700,77.3447
2014-05-05,102.7100,102.7100,102.4200,102.5000,929400,77.2994
2014-05-06,102.5200,102.6500,102.4500,102.6200,566300,77.3899
2014-05-07,102.5600,102.7700,102.4200,102.7000,1107600,77.4502
2014-05-08,102.8000,102.9800,102.6500,102.8100,1444300,77.5332
2014-05-09,102.6400,102.8000,102.6400,102.7300,354500,77.4729
2014-05-12,102.5400,102.6100,102.4100,102.4600,759600,77.2693
2014-05-13,102.7200,102.8600,102.6800,102.8600,603700,77.5709
2014-05-14,103.1100,103.4800,103.0700,103.3300,635400,77.9254
2014-05-15,103.5000,103.8900,103.3300,103.7000,1347300,78.2044
2014-05-16,103.5300,103.6700,103.4600,103.4800,452600,78.0385
2014-05-19,103.6100,103.7400,103.3500,103.3500,325400,77.9404
2014-05-20,103.3900,103.7600,103.3900,103.6500,34764400,78.1667
2014-05-21,103.4100,103.5100,103.2800,103.4900,881700,78.0460
2014-05-22,103.4300,103.4800,103.2800,103.3800,678800,77.9631
2014-05-23,103.5300,103.6200,103.4700,103.5900,486800,78.1215
2014-05-27,103.5000,103.6400,103.3400,103.6200,997000,78.1440
2014-05-28,103.9600,104.2600,103.9400,104.1900,968200,78.5740
2014-05-29,104.3100,104.5300,104.0600,104.0600,753100,78.4759
2014-05-30,103.9100,104.1000,103.7700,103.9800,902400,78.4156
2014-06-02,103.5300,103.6800,103.2300,103.3300,2032800,78.0568
2014-06-03,103.1800,103.1800,102.8000,102.8100,1563600,77.6640
2014-06-04,102.9100,102.9200,102.6700,102.7300,1566600,77.6035
2014-06-05,102.6800,103.0000,102.6800,102.8800,1585800,77.7168
2014-06-06,103.1000,103.2000,102.7700,102.8000,940600,77.6564
2014-06-09,102.6900,102.7100,102.5500,102.6500,816500,77.5431
2014-06-10,102.5300,102.5600,102.4000,102.4700,1207100,77.4071
2014-06-11,102.5700,102.7000,102.4700,102.6100,814800,77.5129
2014-06-12,102.6500,103.0600,102.5600,103.0100,1319500,77.8150
2014-06-13,102.5400,102.9400,102.5300,102.8100,752900,77.6640
2014-06-16,102.8200,102.9500,102.7400,102.8100,1401000,77.6640
2014-06-17,102.6200,102.6600,102.3600,102.3800,33268500,77.3391
2014-06-18,102.6300,102.9200,102.4200,102.9200,1472200,77.7471
2014-06-19,103.0800,103.1600,102.5600,102.6600,1055000,77.5507
2014-06-20,102.5700,102.7900,102.5300,102.7800,577000,77.6413
2014-06-23,102.9200,102.9600,102.7100,102.7100,764200,77.5884
2014-06-24,102.9800,103.1300,102.7900,103.1300,443800,77.9056
2014-06-25,103.4000,103.4700,103.2000,103.2300,977500,77.9812
2014-06-26,103.4200,103.6200,103.4000,103.5000,822300,78.1852
2014-06-27,103.6200,103.7300,103.5000,103.5000,933200,78.1852
2014-06-30,103.6100,103.6800,103.4300,103.5800,1268900,78.2455
2014-07-01,103.1400,103.2600,103.0300,103.0500,17393000,77.9898
2014-07-02,102.8400,102.8500,102.6000,102.6300,1779100,77.6719
2014-07-03,102.2200,102.4600,102.2000,102.4200,1079900,77.5130
2014-07-07,102.5400,102.7400,102.5400,102.6700,1031000,77.7022
2014-07-08,102.9900,103.1900,102.9500,103.1400,491500,78.0580
2014-07-09,103.0500,103.2800,102.8000,103.1600,1113900,78.0730
2014-07-10,103.5200,103.6400,103.3400,103.3800,728600,78.2395
2014-07-11,103.5000,103.6500,103.4600,103.5500,688600,78.3682
2014-07-14,103.4700,103.4700,103.2900,103.3200,974800,78.1941
2014-07-15,103.2900,103.5600,103.1300,103.2300,933500,78.1260
2014-07-16,103.2600,103.4200,103.2000,103.3800,15784300,78.2395
2014-07-17,103.7000,104.0500,103.5400,103.9800,1367400,78.6937
2014-07-18,103.8800,103.9300,103.6300,103.7700,386900,78.5347
2014-07-21,103.8400,104.0400,103.8000,103.8000,339600,78.5574
2014-07-22,103.8400,103.9300,103.6800,103.9300,484200,78.6558
2014-07-23,104.0300,104.0500,103.8900,103.9200,523600,78.6482
2014-07-24,103.6100,103.6500,103.4900,103.5000,600900,78.3304
2014-07-25,103.7700,103.9300,103.7000,103.9000,781400,78.6331
2014-07-28,103.7800,103.9000,103.6400,103.7800,1448000,78.5422
2014-07-29,103.9000,103.9500,103.7200,103.9200,465700,78.6482
2014-07-30,103.4900,103.5000,103.1000,103.1900,1067500,78.0958
2014-07-31,102.9300,103.3000,102.8800,103.1600,1506500,78.0730
2014-08-01,103.2700,103.6700,103.0500,103.5700,3466800,78.5325
2014-08-04,103.6700,103.7700,103.5900,103.6300,1672600,78.5780
2014-08-05,103.5000,103.7700,103.3600,103.6800,1013000,78.6159
2014-08-06,103.9900,103.9900,103.7400,103.7700,1139100,78.6842
2014-08-07,103.8200,104.2400,103.6900,104.2400,1386100,79.0406
2014-08-08,104.4100,104.5700,104.1100,104.1500,913900,78.9723
2014-08-11,104.1800,104.2300,104.0100,104.1000,419800,78.9344
2014-08-12,104.1400,104.2000,103.9500,103.9500,416300,78.8207
2014-08-13,104.1100,104.3400,104.0600,104.2900,732400,79.0785
2014-08-14,104.4900,104.5500,104.3100,104.5000,638800,79.2377
2014-08-15,104.4900,105.2300,104.4500,104.9200,1570700,79.5562
2014-08-18,104.6900,104.7400,104.5400,104.5900,13822300,79.3060
2014-08-19,104.8100,104.8100,104.4300,104.4800,769900,79.2226
2014-08-20,104.4100,104.4600,104.1200,104.1700,1052200,78.9875
2014-08-21,104.1900,104.4400,104.1900,104.3900,630300,79.1544
2014-08-22,104.3600,104.4600,104.0700,104.4000,1393400,79.1619
2014-08-25,104.4000,104.5000,104.3000,104.4800,837500,79.2226
2014-08-26,104.6100,104.6300,104.4300,104.4600,590200,79.2074
2014-08-27,104.6400,104.7600,104.5400,104.7500,881300,79.4273
2014-08-28,105.0200,105.0400,104.8100,104.8900,938400,79.5334
2014-08-29,104.8700,105.0400,104.8100,104.9000,1407100,79.5410
2014-09-02,104.3000,104.3100,104.0500,104.0500,2058600,79.0329
2014-09-03,103.9300,104.2400,103.8700,104.2000,1456900,79.1468
2014-09-04,104.0800,104.1600,103.7700,103.8300,1994400,78.8658
2014-09-05,104.1800,104.2400,103.8100,103.8600,1098400,78.8885
2014-09-08,104.1300,104.1800,103.6700,103.7500,1340900,78.8050
2014-09-09,103.5300,103.6500,103.4600,103.5100,1205900,78.6227
2014-09-10,103.3300,103.3800,103.2300,103.2500,1311800,78.4252
2014-09-11,103.4000,103.4600,103.1000,103.1200,1224800,78.3265
2014-09-12,102.8800,102.9400,102.6800,102.7300,2178400,78.0302
2014-09-15,102.8700,102.9700,102.8300,102.9200,1505400,78.1746
2014-09-16,103.0400,103.1500,102.8700,102.8900,24978400,78.1518
2014-09-17,103.0500,103.2700,102.6200,102.6300,2704700,77.9543
2014-09-18,102.6300,102.6500,102.4500,102.5600,556800,77.9011
2014-09-19,102.7300,102.9800,102.5800,102.9500,920600,78.1973
2014-09-22,103.0500,103.2300,102.9900,103.1700,1932600,78.3644
2014-09-23,103.2600,103.3900,103.1700,103.3900,963700,78.5315
2014-09-24,103.3300,103.4100,103.0700,103.1000,485300,78.3113
2014-09-25,103.2500,103.6100,103.2500,103.6000,399000,78.6911
2014-09-26,103.4800,103.4900,103.2600,103.3800,716100,78.5240
2014-09-29,103.7300,103.7800,103.6400,103.7100,2344500,78.7747
2014-09-30,103.6000,103.7700,103.5400,103.6200,1544600,78.7063
2014-10-01,103.8400,104.3100,103.8400,104.3000,3346000,79.3675
2014-10-02,104.2500,104.3800,103.9700,103.9900,2084100,79.1316
2014-10-03,103.7300,103.9700,103.6100,103.9600,1159100,79.1088
2014-10-06,103.9700,104.2600,103.8800,104.1300,1201700,79.2382
2014-10-07,104.4600,104.7800,104.3400,104.7400,1429800,79.7024
2014-10-08,104.8100,105.1300,104.4900,105.1100,2701900,79.9839
2014-10-09,105.0400,105.1800,104.9100,104.9300,5848000,79.8469
2014-10-10,105.1000,105.3900,105.0300,105.3400,4675300,80.1589
2014-10-13,105.5200,105.9400,105.4400,105.8900,2074300,80.5774
2014-10-14,105.9100,106.1300,105.7700,106.1000,2196700,80.7372
2014-10-15,107.5000,108.8800,106.4500,106.7000,2196800,81.1938
2014-10-16,107.2400,107.3200,106.2500,106.4100,1786700,80.9731
2014-10-17,106.1400,106.2600,105.8800,106.1000,1143300,80.7372
2014-10-20,106.3900,106.4200,106.1100,106.2500,1562200,80.8514
2014-10-21,106.0000,106.2000,105.9100,105.9600,1973200,80.6307
2014-10-22,105.8400,105.9600,105.7200,105.9300,951800,80.6078
2014-10-23,105.6300,105.6800,105.3100,105.4900,1281700,80.2730
2014-10-24,105.6000,105.8200,105.5200,105.5800,678800,80.3415
2014-10-27,105.5500,105.7900,105.5500,105.6900,872500,80.4252
2014-10-28,105.5800,105.6100,105.3700,105.4300,771500,80.2274
2014-10-29,105.2900,105.3500,104.7400,105.0800,1453100,79.9611
2014-10-30,105.2800,105.4400,105.1400,105.1900,1363500,80.0447
2014-10-31,105.1200,105.1600,104.8900,105.0200,886900,79.9154
2014-11-03,104.7000,104.8500,104.4500,104.8000,2348900,79.8857
2014-11-04,104.8800,105.0500,104.7500,104.7900,3854700,79.8780
2014-11-05,104.6400,104.8300,104.6200,104.8200,1079700,79.9009
2014-11-06,104.6200,104.7900,104.4900,104.5000,1026100,79.6570
2014-11-07,104.7700,105.1800,104.7600,105.1700,994200,80.1677
2014-11-10,105.1600,105.1600,104.7300,104.7400,1427900,79.8400
2014-11-11,104.7400,104.7700,104.6200,104.7500,1220800,79.8476
2014-11-12,104.9900,105.0600,104.6800,104.7100,658300,79.8171
2014-11-13,104.8400,104.9500,104.7200,104.8800,743400,79.9467
2014-11-14,104.7500,105.1600,104.7000,105.1000,629800,80.1143
2014-11-17,105.2500,105.2500,104.9100,104.9800,496500,80.0229
2014-11-18,105.0100,105.1300,104.9800,105.1000,510100,80.1143
2014-11-19,104.8200,105.1100,104.7700,104.8200,560000,79.9009
2014-11-20,105.2200,105.2200,104.8900,105.0100,811500,80.0457
2014-11-21,105.0400,105.2200,105.0100,105.2200,855800,80.2058
2014-11-24,105.0400,105.3500,104.9900,105.3400,13802400,80.2973
2014-11-25,105.2900,105.6300,105.2500,105.6000,1244600,80.4955
2014-11-26,105.8200,105.9000,105.7400,105.7800,523300,80.6327
2014-11-28,106.0700,106.2000,106.0000,106.1900,367300,80.9453
2014-12-01,106.3100,106.3700,105.7500,105.7500,2063400,80.7467
2014-12-02,105.4300,105.5000,105.2600,105.2800,990600,80.3878
2014-12-03,105.2200,105.3500,105.1500,105.3200,851900,80.4184
2014-12-04,105.3400,105.6900,105.2600,105.6900,968300,80.7009
2014-12-05,105.2800,105.3100,104.9300,105.1000,1035900,80.2504
2014-12-08,105.1000,105.6300,105.0900,105.4500,858300,80.5177
2014-12-09,105.9200,106.1200,105.7400,105.8400,945900,80.8155
2014-12-10,105.7900,106.3700,105.7800,106.3200,996800,81.1819
2014-12-11,106.1000,106.2500,105.9100,106.1400,15223600,81.0445
2014-12-12,106.6200,107.0200,106.4700,107.0100,7233700,81.7088
2014-12-15,106.6300,106.9500,106.5000,106.6200,1248100,81.4110
2014-12-16,107.2800,107.2800,106.7600,107.1600,10633800,81.8233
2014-12-17,106.9800,107.2000,106.3900,106.4200,2086100,81.2583
2014-12-18,105.8600,105.9500,105.7300,105.8200,4833300,80.8001
2014-12-19,105.9900,106.2100,105.9100,106.2100,847800,81.0980
2014-12-22,106.1200,106.3000,106.0500,106.2100,2366700,81.0980
2014-12-23,105.9100,105.9800,105.3200,105.3300,1360300,80.4260
2014-12-24,105.0300,105.2800,104.9400,105.2500,1098200,80.4841
2014-12-26,105.4400,105.4400,105.2500,105.3900,373600,80.5912
2014-12-29,105.5800,105.8300,105.5600,105.7500,2447300,80.8664
2014-12-30,106.0100,106.0800,105.8100,105.8700,1194700,80.9583
2014-12-31,105.9400,106.0800,105.9300,105.9900,1010400,81.0500
2015-01-02,106.0900,106.6600,106.0600,106.5300,2028600,81.4629
2015-01-05,106.7100,107.2500,106.6600,107.1800,1521700,81.9600
2015-01-06,107.6300,108.4700,107.5300,107.9000,1890200,82.5105
2015-01-07,107.5900,108.0100,107.4600,107.8800,1558000,82.4953
2015-01-08,107.5300,107.5700,107.3100,107.4400,1671000,82.1588
2015-01-09,107.5700,108.1000,107.4600,107.9700,1107800,82.5641
2015-01-12,108.0800,108.4400,108.0200,108.3500,2700900,82.8547
2015-01-13,108.2300,108.6400,108.1200,108.4500,1038800,82.9312
2015-01-14,109.2000,109.3500,108.8800,108.9500,1545800,83.3135
2015-01-15,109.0100,109.9000,108.9400,109.8800,1374100,84.0247
2015-01-16,109.6400,109.7400,109.0600,109.0700,1689100,83.4053
2015-01-20,109.2900,109.6600,109.1600,109.3200,1346200,83.5964
2015-01-21,109.3900,109.5300,108.7500,108.8000,2298200,83.1988
2015-01-22,109.0700,109.1000,108.4000,108.5300,1330800,82.9923
2015-01-23,108.9300,109.2800,108.9300,109.2400,1248200,83.5353
2015-01-26,109.1600,109.2700,108.9000,108.9900,1546200,83.3441
2015-01-27,109.5900,109.7100,109.0200,109.1400,863300,83.4588
2015-01-28,109.1800,110.1300,109.1800,109.9800,3346300,84.1012
2015-01-29,109.6700,109.8000,109.4200,109.5900,1393400,83.8029
2015-01-30,110.5200,110.5900,110.0700,110.5500,2219800,84.5370
2015-02-02,109.9500,110.4000,109.9300,110.2300,11544700,84.4313
2015-02-03,109.7300,109.7400,109.2900,109.3000,1465200,83.7190
2015-02-04,108.9600,109.5400,108.8800,109.4800,1655500,83.8569
2015-02-05,109.2300,109.2700,108.9700,109.0800,1392700,83.5505
2015-02-06,108.3700,108.4700,107.8500,107.8600,2016700,82.6160
2015-02-09,108.2000,108.2100,107.8000,107.8100,1599900,82.5777
2015-02-10,107.6300,107.7400,107.4600,107.5400,1244500,82.3709
2015-02-11,107.6500,107.7500,107.3200,107.5000,1286100,82.3402
2015-02-12,107.4800,107.8100,107.4600,107.5400,1845200,82.3709
2015-02-13,107.5000,107.5500,107.1700,107.1800,1302400,82.0952
2015-02-17,107.0600,107.1500,106.2500,106.4200,2170100,81.5130
2015-02-18,106.5000,107.2100,106.4000,106.9300,8204600,81.9037
2015-02-19,106.8300,107.0600,106.5600,106.6600,1459500,81.6968
2015-02-20,107.0300,107.2100,106.3900,106.6000,1893000,81.6509
2015-02-23,106.8900,107.1200,106.8500,107.0900,818200,82.0263
2015-02-24,106.9400,107.8100,106.7100,107.8000,1180900,82.5700
2015-02-25,107.7800,107.9500,107.6300,107.9000,595300,82.6466
2015-02-26,107.7400,107.8600,107.2500,107.2600,865900,82.1564
2015-02-27,107.5100,107.6800,107.2300,107.6400,2901700,82.4475
2015-03-02,107.3800,107.4100,106.6500,106.6700,10270800,81.8337
2015-03-03,106.6400,106.8100,106.4000,106.4400,1224400,81.6574
2015-03-04,106.6300,106.7200,106.3700,106.5200,1871100,81.7187
2015-03-05,106.5400,106.7500,106.3600,106.5800,2253200,81.7647
2015-03-06,105.8400,105.8600,105.4400,105.4900,1734000,80.9285
2015-03-09,105.9000,105.9800,105.7500,105.9800,1218100,81.3044
2015-03-10,106.4500,106.5900,106.2900,106.4300,1309200,81.6496
2015-03-11,106.3900,106.7100,106.3300,106.6200,945700,81.7954
2015-03-12,107.0100,107.0600,106.5500,106.7200,916800,81.8722
2015-03-13,106.6100,106.9300,106.5000,106.5600,846900,81.7494
2015-03-16,106.9600,107.1000,106.7500,106.9300,639400,82.0332
2015-03-17,107.1700,107.2000,107.0200,107.1500,768500,82.2020
2015-03-18,107.4500,108.4800,107.1300,108.3800,1963600,83.1456
2015-03-19,108.1300,108.2900,107.7300,107.8700,985600,82.7544
2015-03-20,108.2300,108.3100,108.1200,108.3100,1194800,83.0919
2015-03-23,108.4100,108.5000,108.2000,108.4500,795100,83.1993
2015-03-24,108.4600,108.7800,108.3700,108.7800,584500,83.4525
2015-03-25,108.7900,108.8400,108.3100,108.3100,1240200,83.0919
2015-03-26,108.1400,108.1500,107.6100,107.7000,928300,82.6239
2015-03-27,107.9100,108.2000,107.9100,108.1200,2492500,82.9461
2015-03-30,108.1600,108.2400,107.9700,108.1100,2017700,82.9385
2015-03-31,108.1000,108.4000,108.0200,108.3900,2137200,83.1533
2015-04-01,108.5500,108.8500,108.5300,108.7300,2570100,83.5490
2015-04-02,108.7100,108.7300,108.3900,108.4200,1126400,83.3108
2015-04-06,108.9500,109.0400,108.4900,108.5600,1268500,83.4184
2015-04-07,108.4300,108.6900,108.3200,108.6500,750700,83.4876
2015-04-08,108.6700,108.6900,108.3300,108.5500,886400,83.4107
2015-04-09,108.4800,108.4900,108.0100,108.1100,890600,83.0726
2015-04-10,108.3200,108.3800,108.0600,108.0800,789700,83.0495
2015-04-13,108.1400,108.3700,108.1200,108.3000,624800,83.2186
2015-04-14,108.8000,108.9700,108.5300,108.6200,825400,83.4645
2015-04-15,108.7900,108.8500,108.6300,108.6800,566400,83.5106
2015-04-16,108.7400,108.9000,108.4300,108.7600,903300,83.5721
2015-04-17,108.6700,109.1200,108.6000,108.9800,1945700,83.7411
2015-04-20,108.9300,108.9600,108.6500,108.7800,878100,83.5875
2015-04-21,108.7000,108.7200,108.5000,108.5500,811000,83.4107
2015-04-22,108.4800,108.4800,107.9000,107.9200,725100,82.9266
2015-04-23,107.9900,108.3800,107.9300,108.2500,918700,83.1802
2015-04-24,108.4200,108.6600,108.4100,108.6300,739100,83.4722
2015-04-27,108.5100,108.6200,108.3000,108.4600,854400,83.3416
2015-04-28,108.2000,108.4400,107.9200,107.9600,1101100,82.9573
2015-04-29,107.4500,107.7300,107.3100,107.5600,1118000,82.6500
2015-04-30,107.1800,107.6200,106.9600,107.5300,2650600,82.6269
2015-05-01,107.0500,107.1600,106.7000,106.7800,1854300,82.1752
2015-05-04,106.8700,107.0200,106.5500,106.5600,2784900,82.0058
2015-05-05,106.6200,106.6200,106.1200,106.3800,2050800,81.8673
2015-05-06,106.2000,106.2700,105.7400,105.8600,1802100,81.4672
2015-05-07,106.0500,106.4200,105.9700,106.3100,2201300,81.8135
2015-05-08,106.9600,107.0400,106.6000,106.7200,1004300,82.1290
2015-05-11,106.3900,106.3900,105.6400,105.6700,1324400,81.3209
2015-05-12,105.5000,105.9700,105.4000,105.7500,1431000,81.3825
2015-05-13,106.1500,106.1500,105.5600,105.6100,1221200,81.2748
2015-05-14,105.7500,106.0800,105.7500,105.9700,617500,81.5518
2015-05-15,106.2800,106.8000,106.2300,106.7300,854900,82.1367
2015-05-18,106.3000,106.3900,105.9900,106.0100,1000400,81.5826
2015-05-19,105.5300,105.9800,105.4200,105.5400,1240400,81.2209
2015-05-20,105.8000,106.0700,105.6200,105.7700,1682600,81.3979
2015-05-21,106.1000,106.4200,106.0300,106.4000,836700,81.8828
2015-05-22,106.2000,106.2800,105.9400,106.1600,852300,81.6980
2015-05-26,106.2100,106.8200,106.1700,106.8200,1925600,82.2060
2015-05-27,106.6800,106.8400,106.4600,106.7600,1015000,82.1598
2015-05-28,106.7500,106.9500,106.6600,106.8600,1068200,82.2367
2015-05-29,107.0500,107.1900,106.9100,106.9200,1148500,82.2829
2015-06-01,106.7300,106.8100,106.1500,106.2800,2161700,81.9199
2015-06-02,105.8800,105.9100,105.4700,105.5400,1484500,81.3495
2015-06-03,105.1400,105.1400,104.5800,104.6400,1703400,80.6557
2015-06-04,104.8600,105.3000,104.8600,105.1500,1594800,81.0489
2015-06-05,104.4100,104.7100,104.2100,104.3900,1384900,80.4631
2015-06-08,104.6600,104.7400,104.5300,104.5400,877800,80.5787
2015-06-09,104.4500,104.4900,104.0800,104.2000,822400,80.3166
2015-06-10,104.0300,104.0900,103.7600,103.8000,967000,80.0083
2015-06-11,104.1600,104.6300,104.0200,104.6200,3069700,80.6403
2015-06-12,104.4400,104.9900,104.4200,104.5600,1578100,80.5941
2015-06-15,105.0900,105.1500,104.7100,104.8100,1478800,80.7869
2015-06-16,105.0400,105.2400,104.8900,105.2100,779000,81.0951
2015-06-17,105.0600,105.3800,104.5800,105.2700,1994000,81.1414
2015-06-18,105.1300,105.2900,104.7900,105.1900,1481600,81.0797
2015-06-19,105.5800,105.7800,105.5100,105.7500,1849600,81.5113
2015-06-22,105.2800,105.3200,104.8200,104.8600,860300,80.8253
2015-06-23,104.4800,104.9100,104.4300,104.5400,925000,80.5787
2015-06-24,104.7200,104.9000,104.5300,104.8500,1176500,80.8176
2015-06-25,104.5900,104.7700,104.4300,104.5900,919800,80.6172
2015-06-26,104.1900,104.2900,103.9700,104.0900,1441500,80.2318
2015-06-29,104.7500,105.4000,104.6100,105.3000,1500900,81.1645
2015-06-30,104.8500,105.3700,104.8500,105.0100,1599400,80.9410
2015-07-01,104.4000,104.5100,104.1500,104.3000,3738800,80.5180
2015-07-02,104.6600,104.8600,104.5900,104.6700,1924600,80.8036
2015-07-06,105.4600,105.5600,105.0200,105.4100,1723300,81.3748
2015-07-07,105.9800,106.3100,105.6400,105.6900,2083900,81.5910
2015-07-08,105.9000,106.2400,105.7900,106.1100,1991200,81.9152
2015-07-09,105.5900,105.7200,105.3500,105.3700,1206900,81.3439
2015-07-10,104.6900,104.9700,104.4600,104.6400,3719900,80.7804
2015-07-13,104.1800,104.5900,104.1800,104.3600,1322300,80.5642
2015-07-14,104.6400,104.7200,104.5400,104.6900,1321600,80.8190
2015-07-15,104.5700,105.1700,104.5600,105.0900,1239500,81.1278
2015-07-16,104.8200,105.1700,104.7500,105.0500,811400,81.0969
2015-07-17,104.9500,105.1600,104.9400,105.0600,881300,81.1047
2015-07-20,104.8800,104.9200,104.6700,104.8500,842500,80.9425
2015-07-21,104.7400,105.1900,104.7000,105.1400,676600,81.1663
2015-07-22,105.1700,105.4300,105.1600,105.2700,523800,81.2667
2015-07-23,105.1700,105.7000,105.1400,105.7000,1064800,81.5987
2015-07-24,105.7800,105.8500,105.6100,105.8000,1098400,81.6759
2015-07-27,106.1800,106.2300,106.0000,106.1500,1392600,81.9460
2015-07-28,105.8900,105.9900,105.8000,105.8500,6205200,81.7145
2015-07-29,105.7500,106.0900,105.5500,105.7000,2107300,81.5987
2015-07-30,105.6300,105.8500,105.5600,105.8200,683200,81.6913
2015-07-31,106.3500,106.5200,106.2400,106.4400,1113000,82.1700
2015-08-03,106.3000,106.7000,106.2600,106.6000,2627700,82.4205
2015-08-04,106.4500,106.5000,105.9900,106.0500,1036000,81.9952
2015-08-05,105.8000,105.8200,105.4900,105.6400,1283300,81.6782
2015-08-06,105.8000,106.0600,105.7500,106.0100,731700,81.9643
2015-08-07,106.1000,106.4600,106.0400,106.4300,1533700,82.2890
2015-08-10,106.0800,106.1900,105.8700,105.9900,1123900,81.9488
2015-08-11,106.5600,106.9300,106.5500,106.6900,2263800,82.4901
2015-08-12,106.8600,107.2200,106.6400,106.6500,1765700,82.4591
2015-08-13,106.4100,106.6400,106.2800,106.3700,1626500,82.2427
2015-08-14,106.1800,106.4400,106.0800,106.2600,612500,82.1576
2015-08-17,106.6200,106.7000,106.4300,106.4500,905300,82.3045
2015-08-18,106.2700,106.4900,106.2400,106.2800,690400,82.1731
2015-08-19,106.0700,107.0100,106.0600,106.9300,1444500,82.6756
2015-08-20,107.0900,107.3100,107.0100,107.2200,1933300,82.8999
2015-08-21,107.3700,107.7100,107.2500,107.6500,2123600,83.2323
2015-08-24,108.5000,108.7600,107.5800,107.8300,3074800,83.3715
2015-08-25,107.4100,107.4200,106.8500,107.2400,2925500,82.9153
2015-08-26,106.7500,107.2300,106.4900,106.5800,3512900,82.4050
2015-08-27,106.4300,106.7100,106.3300,106.5200,1414100,82.3586
2015-08-28,106.9500,107.0300,106.4600,106.5400,1998000,82.3741
2015-08-31,106.9200,106.9500,106.3300,106.3600,5431600,82.2349
2015-09-01,106.4900,106.7000,106.3800,106.6700,3749700,82.6043
2015-09-02,106.4300,106.6700,106.3300,106.3800,2441700,82.3797
2015-09-03,106.6400,106.6900,106.3700,106.6400,1791300,82.5811
2015-09-04,106.8400,107.0800,106.6200,106.9700,1421300,82.8366
2015-09-08,106.5200,106.6300,106.4200,106.5000,1583500,82.4726
2015-09-09,106.0900,106.6800,106.0600,106.5400,1397200,82.5036
2015-09-10,106.4500,106.4600,106.1700,106.3000,1601600,82.3178
2015-09-11,106.5200,106.7100,106.4800,106.5800,1069000,82.5346
2015-09-14,106.8000,106.8100,106.5600,106.6800,897500,82.6120
2015-09-15,106.4700,106.5100,105.8200,105.8400,1903000,81.9615
2015-09-16,105.7800,106.0200,105.7000,105.8100,1305300,81.9383
2015-09-17,105.7600,106.7000,105.7600,106.6900,2394300,82.6198
2015-09-18,106.9700,107.2100,106.8500,107.1900,2074200,83.0070
2015-09-21,106.8000,107.1900,106.4800,106.5800,1591700,82.5346
2015-09-22,106.9900,107.3000,106.9100,107.1100,1395500,82.9450
2015-09-23,107.0300,107.1200,106.8500,106.9900,1364300,82.8521
2015-09-24,107.4300,107.5400,107.1200,107.1500,1393000,82.9760
2015-09-25,106.8300,106.9600,106.7100,106.8700,1564000,82.7592
2015-09-28,107.0200,107.4800,106.9700,107.4800,1926000,83.2316
2015-09-29,107.5700,107.9300,107.4800,107.8500,2460900,83.5181
2015-09-30,107.6200,107.9000,107.5900,107.8700,2676000,83.5336
2015-10-01,107.9000,108.0500,107.7500,107.7900,10101300,83.5987
2015-10-02,108.7500,108.9700,108.1300,108.3100,3320200,84.0020
2015-10-05,108.0800,108.0800,107.6700,107.7100,3034900,83.5367
2015-10-06,107.6300,107.9800,107.5900,107.9300,2104000,83.7073
2015-10-07,107.6700,107.8100,107.5200,107.6600,2338000,83.4979
2015-10-08,107.7000,107.7900,107.2800,107.3800,2176800,83.2807
2015-10-09,107.3300,107.5300,107.2800,107.4400,1069400,83.3273
2015-10-12,107.6500,107.8200,107.5600,107.8000,1336300,83.6065
2015-10-13,107.8800,107.9400,107.6200,107.9000,1849700,83.6840
2015-10-14,108.2800,108.5100,108.0600,108.4900,1359600,84.1416
2015-10-15,108.3100,108.3400,108.0500,108.1200,1075500,83.8547
2015-10-16,108.2300,108.2300,107.9700,108.0300,1773000,83.7848
2015-10-19,108.0300,108.0500,107.7500,107.9800,1744500,83.7461
2015-10-20,107.6700,107.7300,107.5600,107.6100,1134500,83.4591
2015-10-21,107.8100,108.0500,107.8100,107.9800,6576500,83.7461
2015-10-22,108.0300,108.2000,107.8500,108.0900,2411400,83.8314
2015-10-23,107.6200,107.6200,107.4500,107.4800,2029600,83.3583
2015-10-26,107.6600,107.8000,107.6300,107.7600,3131500,83.5755
2015-10-27,108.0000,108.1900,107.9400,108.0300,1373100,83.7848
2015-10-28,107.9800,108.0000,107.3300,107.4700,2058200,83.3505
2015-10-29,107.2100,107.2200,106.7900,106.8100,1772400,82.8386
2015-10-30,106.8900,107.0800,106.8500,107.0200,3424800,83.0015
2015-11-02,106.6300,106.7000,106.5200,106.5500,5313500,82.7631
2015-11-03,106.4600,106.5200,106.2200,106.2700,1941700,82.5455
2015-11-04,106.3000,106.4700,106.0600,106.1600,1933200,82.4601
2015-11-05,106.1600,106.1900,105.9300,106.0900,1554600,82.4057
2015-11-06,105.4400,105.5200,105.2300,105.3700,2968600,81.8465
2015-11-09,105.0400,105.3500,105.0200,105.1900,3223900,81.7067
2015-11-10,105.3600,105.5800,105.2500,105.3900,1467900,81.8620
2015-11-11,105.2900,105.3900,105.2500,105.3400,1638100,81.8231
2015-11-12,105.3500,105.5800,105.3500,105.4000,2399100,81.8698
2015-11-13,105.6200,105.8300,105.6200,105.8000,2665300,82.1805
2015-11-16,105.9900,106.0900,105.8200,105.9400,1412800,82.2893
2015-11-17,105.6200,106.0600,105.5400,105.9100,1180000,82.2660
2015-11-18,105.7900,105.9700,105.6800,105.8600,941500,82.2271
2015-11-19,106.1200,106.2000,106.0300,106.0900,1967200,82.4057
2015-11-20,106.1500,106.2300,105.9500,105.9500,1287900,82.2970
2015-11-23,105.8900,106.1800,105.8500,106.0900,1377100,82.4057
2015-11-24,106.1500,106.3200,106.1200,106.1900,1094500,82.4834
2015-11-25,106.2500,106.3200,106.0900,106.2500,752400,82.5300
2015-11-27,106.3500,106.4400,106.3400,106.3600,759600,82.6155
2015-11-30,106.3500,106.4200,106.3400,106.4000,2266900,82.6466
2015-12-01,106.2400,106.8100,106.2400,106.8000,2805800,83.0861
2015-12-02,106.5600,106.6300,106.3600,106.5000,1579000,82.8527
2015-12-03,106.0300,106.0400,105.1700,105.3800,2750500,81.9814
2015-12-04,105.5900,105.8800,105.4900,105.7700,2231500,82.2848
2015-12-07,105.8300,106.3500,105.8000,106.1100,1954000,82.5493
2015-12-08,106.3700,106.3700,106.0500,106.1700,1519900,82.5960
2015-12-09,106.1100,106.4600,105.8700,106.3300,3711100,82.7204
2015-12-10,106.3700,106.3800,106.0900,106.1000,1545000,82.5415
2015-12-11,106.6100,107.0900,106.5800,106.9500,3352900,83.2028
2015-12-14,106.5000,106.6400,106.1600,106.1600,2204400,82.5882
2015-12-15,105.7600,105.9900,105.7200,105.8900,1591000,82.3782
2015-12-16,105.6900,105.9800,105.4000,105.6100,1911800,82.1603
2015-12-17,105.7600,106.1100,105.7600,106.0500,1202600,82.5026
2015-12-18,106.3000,106.5400,106.2100,106.4300,4396700,82.7983
2015-12-21,106.3900,106.6100,106.3900,106.4800,1603200,82.8372
2015-12-22,106.3000,106.3600,106.0800,106.1800,1411800,82.6037
2015-12-23,105.9000,105.9900,105.8000,105.9400,1380800,82.4171
2015-12-24,105.8600,105.9700,105.7800,105.9700,654200,82.5682
2015-12-28,105.9400,106.1600,105.8800,105.9900,2198300,82.5838
2015-12-29,105.8800,105.8800,105.3500,105.4300,1752500,82.1475
2015-12-30,105.3500,105.5900,105.2800,105.4700,1358100,82.1787
2015-12-31,105.6400,105.7900,105.5000,105.5900,1906000,82.2721
2016-01-04,106.0900,106.4000,105.9900,106.0400,6183700,82.6227
2016-01-05,105.9700,106.2000,105.8300,106.0100,2122800,82.5994
2016-01-06,106.4600,106.6700,106.3700,106.6500,1906100,83.0980
2016-01-07,106.7900,106.8800,106.4200,106.8800,3106000,83.2772
2016-01-08,106.7800,107.2000,106.6900,107.1500,1783200,83.4876
2016-01-11,106.7800,107.0500,106.7000,106.8100,4816100,83.2227
2016-01-12,106.7700,107.5300,106.7000,107.2900,8962500,83.5967
2016-01-13,107.2200,107.8600,107.1300,107.7100,2664100,83.9240
2016-01-14,107.6000,107.8000,107.2400,107.4900,2597300,83.7525
2016-01-15,108.1700,108.1900,107.8900,107.9900,4334300,84.1421
2016-01-19,107.8200,108.0900,107.7200,107.8500,4896500,84.0330
2016-01-20,108.3700,108.7800,108.3000,108.3800,4949100,84.4460
2016-01-21,108.5200,108.6300,108.0400,108.1100,2385700,84.2356
2016-01-22,107.7500,107.9600,107.6200,107.8700,1735600,84.0486
2016-01-25,108.1100,108.2400,108.0000,108.2300,1190900,84.3291
2016-01-26,108.2300,108.4300,108.1300,108.3100,1288000,84.3915
2016-01-27,108.2300,108.4200,107.8500,108.3900,1802300,84.4538
2016-01-28,108.2300,108.5900,108.1800,108.5300,2222900,84.5629
2016-01-29,108.9100,109.1800,108.7800,109.1100,3805500,85.0148
2016-02-01,108.8100,108.9500,108.5600,108.7000,6813000,84.8189
2016-02-02,109.2200,109.5500,109.2100,109.4700,4141600,85.4198
2016-02-03,109.3700,110.0700,109.3200,109.3500,12145000,85.3261
2016-02-04,109.4800,109.6500,109.2900,109.6100,2431100,85.5290
2016-02-05,109.4000,109.8200,109.3100,109.7500,1440200,85.6383
2016-02-08,110.1400,110.6500,110.0800,110.5700,2824800,86.2781
2016-02-09,110.9200,110.9200,110.4900,110.5900,2679600,86.2938
2016-02-10,110.5700,110.9600,110.3100,110.9200,2027200,86.5512
2016-02-11,111.7400,112.0100,111.3000,111.4300,3743000,86.9492
2016-02-12,110.9400,111.0900,110.3800,110.5800,3258700,86.2859
2016-02-16,110.3800,110.4000,110.1100,110.2500,2816800,86.0284
2016-02-17,110.0200,110.0400,109.6700,109.9800,4856500,85.8177
2016-02-18,109.8800,110.5400,109.8800,110.4900,3125700,86.2157
2016-02-19,110.3900,110.6300,110.2900,110.4900,1340000,86.2157
2016-02-22,110.3800,110.4700,110.3000,110.3800,1012200,86.1299
2016-02-23,110.0900,110.7000,110.0400,110.6000,2257800,86.3015
2016-02-24,111.0200,111.3900,110.4900,110.6000,2947700,86.3015
2016-02-25,110.9200,111.1600,110.7000,110.9300,1983600,86.5590
2016-02-26,110.3500,110.5000,110.2300,110.3900,2957900,86.1376
2016-02-29,110.4000,110.6300,110.3400,110.5700,3861600,86.2781
2016-03-01,110.5400,110.5400,109.5000,109.5500,5901200,85.6038
2016-03-02,109.2700,109.4000,109.1600,109.3600,3011200,85.4553
2016-03-03,109.3400,109.6200,109.2500,109.4900,2093000,85.5569
2016-03-04,109.2700,109.4400,108.9300,109.1200,1781200,85.2677
2016-03-07,108.9500,108.9800,108.8100,108.9000,2349400,85.0958
2016-03-08,109.5400,109.7500,109.4600,109.5300,1747600,85.5881
2016-03-09,109.1900,109.3200,108.9800,109.1000,1537800,85.2521
2016-03-10,109.1100,109.2400,108.5400,108.7100,2798700,84.9474
2016-03-11,108.7300,108.7300,108.3100,108.4000,1785000,84.7051
2016-03-14,108.5400,108.6900,108.4300,108.4800,2661800,84.7677
2016-03-15,108.7100,108.8000,108.4300,108.4600,2960800,84.7520
2016-03-16,108.3100,110.9600,108.2000,109.0300,2052300,85.1974
2016-03-17,109.1500,109.2700,109.0700,109.1500,2745500,85.2912
2016-03-18,109.3000,109.4700,109.2100,109.3400,2434600,85.4396
2016-03-21,109.1000,109.1800,108.9900,109.0300,1725000,85.1974
2016-03-22,109.2800,109.3000,108.7700,108.8000,1437700,85.0177
2016-03-23,108.9200,109.4000,108.9200,109.3000,1405400,85.4084
2016-03-24,109.4800,109.5800,109.0100,109.1900,1548200,85.3224
2016-03-28,109.3100,109.5200,109.2300,109.3500,1291400,85.4475
2016-03-29,109.6000,110.0900,109.5300,110.0900,2981000,86.0257
2016-03-30,109.8400,110.0200,109.6100,109.9400,2808800,85.9085
2016-03-31,110.0700,110.4400,109.9200,110.3400,3759100,86.2211
2016-04-01,110.1800,110.3100,109.9100,110.1400,5489100,86.1960
2016-04-04,110.2500,110.3400,110.1100,110.2700,3035600,86.2978
2016-04-05,110.6800,110.7600,110.5500,110.7100,1951500,86.6421
2016-04-06,110.5700,110.6600,110.3300,110.4700,1646000,86.4542
2016-04-07,110.7800,111.0900,110.7400,111.0400,2069600,86.9004
2016-04-08,110.8100,110.8900,110.6800,110.8700,1309500,86.7673
2016-04-11,110.6000,110.9200,110.5700,110.8500,879600,86.7517
2016-04-12,110.5400,110.6600,110.3300,110.4100,1363200,86.4073
2016-04-13,110.2500,110.5600,110.2200,110.4900,1466400,86.4699
2016-04-14,110.2700,110.4200,110.1400,110.2300,1403900,86.2665
2016-04-15,110.3500,110.6600,110.3100,110.5600,1657800,86.5247
2016-04-18,110.4800,110.4800,110.2800,110.4500,1297800,86.4386
2016-04-19,110.3000,110.3900,110.1300,110.2700,1219600,86.2978
2016-04-20,110.2800,110.4500,109.6800,109.7100,1939800,85.8594
2016-04-21,109.4700,109.6600,109.4000,109.5300,1636600,85.7186
2016-04-22,109.5300,109.5900,109.3400,109.4100,952100,85.6247
2016-04-25,109.3600,109.5000,109.2800,109.2900,1416300,85.5308
2016-04-26,109.2400,109.2500,109.0000,109.0600,1127100,85.3508
2016-04-27,109.3500,109.7600,109.1900,109.6600,1734000,85.8203
2016-04-28,109.6800,110.0700,109.6300,110.0400,2807300,86.1178
2016-04-29,109.8200,110.1000,109.7200,110.0000,2858500,86.0865
2016-05-02,109.6600,109.7900,109.5100,109.5200,2226800,85.8364
2016-05-03,110.1400,110.2700,110.0800,110.1700,2330900,86.3458
2016-05-04,110.1900,110.3900,110.0000,110.3700,1176900,86.5026
2016-05-05,110.3300,110.6700,110.1400,110.6700,1257500,86.7378
2016-05-06,110.5900,110.6400,110.2900,110.4100,1675600,86.5340
2016-05-09,110.5500,110.6300,110.4600,110.6200,1459900,86.6985
2016-05-10,110.5700,110.6500,110.4800,110.6000,1506900,86.6829
2016-05-11,110.5500,110.8900,110.4900,110.7700,1606800,86.8161
2016-05-12,110.4400,110.6000,110.3600,110.4700,1261500,86.5810
2016-05-13,110.5400,110.9200,110.4900,110.8900,5007300,86.9102
2016-05-16,110.6200,110.6200,110.4500,110.4900,1708100,86.5967
2016-05-17,110.4100,110.5700,110.3300,110.3400,1158700,86.4791
2016-05-18,110.1000,110.1200,109.3200,109.4500,2946500,85.7816
2016-05-19,109.5700,109.7300,109.5100,109.5600,1345000,85.8678
2016-05-20,109.5800,109.7400,109.4800,109.6300,1059400,85.9227
2016-05-23,109.7200,109.8000,109.5700,109.7000,892300,85.9776
2016-05-24,109.5100,109.6300,109.3600,109.5200,965200,85.8364
2016-05-25,109.4900,109.6300,109.4200,109.4700,890300,85.7972
2016-05-26,109.6500,109.9000,109.5800,109.8100,998200,86.0637
2016-05-27,109.8500,109.8900,109.4700,109.6000,1995300,85.8991
2016-05-31,109.3300,109.8400,109.3300,109.7300,1734700,86.0010
2016-06-01,109.8500,109.9000,109.4800,109.5300,2786400,85.9720
2016-06-02,109.7000,109.9500,109.7000,109.8700,5038500,86.2389
2016-06-03,110.7200,110.9100,110.6900,110.8900,1971300,87.0395
2016-06-06,110.6600,110.8100,110.5700,110.6000,1715700,86.8119
2016-06-07,110.8100,110.8900,110.7500,110.7600,2672900,86.9375
2016-06-08,110.8400,110.9400,110.7900,110.8900,1284200,87.0395
2016-06-09,111.2100,111.2500,111.0500,111.0600,1328400,87.1729
2016-06-10,111.3900,111.5800,111.2700,111.4500,1878900,87.4790
2016-06-13,111.6500,111.7500,111.4800,111.6700,1026200,87.6517
2016-06-14,111.9600,111.9600,111.6100,111.6400,1390600,87.6282
2016-06-15,111.6400,112.1000,111.6400,111.9800,2377600,87.8951
2016-06-16,112.2800,112.5300,111.9900,112.1000,3088700,87.9893
2016-06-17,112.0000,112.0000,111.6400,111.7200,3140900,87.6910
2016-06-20,111.2300,111.3100,111.1600,111.2400,1956500,87.3142
2016-06-21,111.2200,111.3600,110.9700,110.9900,1494500,87.1180
2016-06-22,110.9900,111.2300,110.9600,111.2100,1378700,87.2907
2016-06-23,110.7500,110.9800,110.6500,110.6800,1715000,86.8746
2016-06-24,112.4700,112.4800,112.0900,112.2100,4390000,88.0756
2016-06-27,112.9600,113.2400,112.9000,113.1800,4493700,88.8369
2016-06-28,113.1500,113.2300,112.9500,113.1600,1799700,88.8212
2016-06-29,113.0700,113.1600,112.6900,112.7000,2670900,88.4602
2016-06-30,112.8800,113.2000,112.7200,112.9500,5690800,88.6564
2016-07-01,113.3000,113.3200,112.8700,113.0900,5292300,88.8906
2016-07-05,113.5100,113.9100,113.4700,113.7100,2926300,89.3780
2016-07-06,113.8200,113.8400,113.5500,113.7300,1921600,89.3937
2016-07-07,113.5200,113.7700,113.3200,113.5800,1323000,89.2758
2016-07-08,113.5900,113.8300,113.4200,113.8000,2097900,89.4487
2016-07-11,113.4800,113.5800,113.2000,113.2000,2728800,88.9771
2016-07-12,112.7400,112.8300,112.3800,112.5300,4116200,88.4505
2016-07-13,112.8600,113.0200,112.7800,112.8200,3077200,88.6784
2016-07-14,112.2000,112.4900,112.1800,112.3500,2761900,88.3090
2016-07-15,112.0300,112.1000,111.8000,111.9200,2811600,87.9710
2016-07-18,112.1000,112.2000,111.7800,111.8900,4173500,87.9474
2016-07-19,112.1600,112.2900,112.0600,112.1900,4171900,88.1832
2016-07-20,112.0300,112.0300,111.8500,111.9600,2213700,88.0025
2016-07-21,111.6800,112.2500,111.6600,112.2100,1944700,88.1989
2016-07-22,111.9600,112.3200,111.9200,112.1200,1140000,88.1282
2016-07-25,112.0900,112.2300,112.0100,112.0300,889100,88.0575
2016-07-26,112.2000,112.2000,111.8900,112.1000,1694100,88.1125
2016-07-27,112.2400,112.5800,112.1100,112.5800,1962700,88.4898
2016-07-28,112.4000,112.7400,112.3600,112.6400,1220200,88.5369
2016-07-29,112.8500,113.1000,112.7600,113.0700,2386800,88.8749
2016-08-01,112.5600,112.7700,112.4800,112.5200,2479100,88.5664
2016-08-02,112.0200,112.4800,112.0200,112.2500,2920500,88.3539
2016-08-03,112.3200,112.3500,112.0200,112.3100,1148600,88.4011
2016-08-04,112.5500,112.8000,112.5400,112.5800,1065000,88.6136
2016-08-05,112.2600,112.3600,111.8700,111.8800,2368100,88.0626
2016-08-08,111.7500,111.9900,111.6400,111.8200,1304000,88.0154
2016-08-09,111.9500,112.2600,111.8900,112.2200,1817000,88.3302
2016-08-10,112.2800,112.6000,112.2600,112.5200,1262500,88.5664
2016-08-11,112.4300,112.5000,111.8700,111.9800,1823600,88.1413
2016-08-12,112.5400,112.7000,112.3500,112.3800,1377100,88.4562
2016-08-15,112.2100,112.2800,112.0300,112.0500,1031800,88.1965
2016-08-16,111.9500,112.0500,111.7700,111.8600,1433500,88.0469
2016-08-17,111.8900,112.1900,111.7500,112.0400,1733900,88.1886
2016-08-18,112.1200,112.3200,111.9500,112.2400,1245600,88.3460
2016-08-19,111.9300,112.0400,111.7200,111.8600,1396700,88.0469
2016-08-22,112.1100,112.2000,111.9900,112.1100,1084600,88.2437
2016-08-23,112.1900,112.3000,112.0000,112.1000,939900,88.2358
2016-08-24,112.1900,112.2200,111.9700,112.0600,1345600,88.2043
2016-08-25,111.9600,112.0800,111.8600,111.8800,1037700,88.0626
2016-08-26,112.0500,112.3200,111.3700,111.4500,1988300,87.7241
2016-08-29,111.6500,111.9800,111.6400,111.9100,1497400,88.0862
2016-08-30,111.9600,112.0000,111.8400,111.9000,2498400,88.0784
2016-08-31,111.9100,112.0500,111.7700,111.7700,2008100,87.9760
2016-09-01,111.3300,111.8200,111.2700,111.7900,1775900,88.1140
2016-09-02,111.5800,111.6700,111.3100,111.5000,1550100,87.8854
2016-09-06,111.4700,112.1000,111.4200,112.0200,1284000,88.2952
2016-09-07,112.1800,112.2600,112.0200,112.0800,836800,88.3426
2016-09-08,111.8700,111.9700,111.4000,111.5300,1287300,87.9090
2016-09-09,111.1300,111.1500,110.9500,111.0000,1700700,87.4912
2016-09-12,110.8800,111.1900,110.8400,111.1000,1446600,87.5701
2016-09-13,111.1800,111.1900,110.4400,110.6900,1993700,87.2470
2016-09-14,110.7100,111.0900,110.7100,110.9400,1062100,87.4440
2016-09-15,110.8800,111.0500,110.6700,110.9700,994100,87.4676
2016-09-16,111.1000,111.1700,110.9500,111.0900,833600,87.5622
2016-09-19,110.9900,111.0800,110.9000,110.9000,490400,87.4125
2016-09-20,111.0300,111.2200,110.9900,111.0700,1177800,87.5464
2016-09-21,110.9500,111.3000,110.8300,111.2500,1108300,87.6883
2016-09-22,111.4400,111.7100,111.4100,111.5800,1012300,87.9484
2016-09-23,111.5300,111.7000,111.5000,111.6300,952500,87.9879
2016-09-26,111.7800,112.0500,111.7600,111.9500,764000,88.2400
2016-09-27,112.2700,112.2700,112.0300,112.1400,1583700,88.3898
2016-09-28,112.1900,112.3000,112.0500,112.0900,594800,88.3504
2016-09-29,111.8900,112.3300,111.8200,112.1600,1123900,88.4056
2016-09-30,112.1700,112.2000,111.7200,111.8800,1774600,88.1849
2016-10-03,111.7000,111.7300,111.4500,111.4700,3112000,87.9797
2016-10-04,111.3300,111.4300,110.9500,110.9600,3949600,87.5771
2016-10-05,110.9100,110.9500,110.5900,110.7100,1490600,87.3799
2016-10-06,110.5900,110.7700,110.4600,110.4800,1577400,87.1983
2016-10-07,110.5800,110.7200,110.3800,110.6400,1601100,87.3246
2016-10-10,110.4000,110.4000,110.1800,110.3500,1067000,87.0957
2016-10-11,110.3300,110.5100,110.2000,110.3200,1942600,87.0721
2016-10-12,110.2300,110.3200,110.1000,110.3200,1037800,87.0721
2016-10-13,110.5100,110.6900,110.5100,110.5500,1188400,87.2536
2016-10-14,110.2700,110.5700,110.1800,110.2100,2105300,86.9852
2016-10-17,110.3200,110.5500,110.3200,110.4500,1490800,87.1746
2016-10-18,110.3100,110.6700,110.3000,110.6700,1484400,87.3483
2016-10-19,110.5100,110.8000,110.5100,110.7200,1264200,87.3878
2016-10-20,110.8800,110.8800,110.5800,110.6200,979900,87.3088
2016-10-21,110.7800,110.7800,110.5900,110.7400,571100,87.4035
2016-10-24,110.8100,110.8100,110.4600,110.5900,900800,87.2851
2016-10-25,110.4500,110.7400,110.4300,110.5700,735100,87.2693
2016-10-26,110.4100,110.4600,110.2900,110.3300,1136600,87.0800
2016-10-27,109.9500,110.0000,109.7200,109.9500,3668500,86.7800
2016-10-28,109.8500,110.0600,109.8000,109.9700,1313200,86.7958
2016-10-31,110.1000,110.1400,109.9600,110.0600,4413900,86.8668
2016-11-01,109.5900,110.1200,109.5300,109.9100,2004000,86.8700
2016-11-02,110.1100,110.4300,110.0300,110.2400,1455900,87.1308
2016-11-03,110.0800,110.2300,110.0100,110.1700,686600,87.0755
2016-11-04,110.3000,110.5600,110.2800,110.5100,1699800,87.3442
2016-11-07,110.1000,110.1700,110.0100,110.0500,2617900,86.9807
2016-11-08,110.0700,110.1100,109.6100,109.6600,1182200,86.6724
2016-11-09,109.1600,109.1600,107.9100,107.9900,6381300,85.3525
2016-11-10,107.6700,108.0300,107.3200,107.3400,5445300,84.8388
2016-11-11,107.5500,107.6400,107.0800,107.1200,2482900,84.6648
2016-11-14,106.5000,106.9000,106.2800,106.5000,3753800,84.1748
2016-11-15,106.4900,106.6900,106.4200,106.5000,1391700,84.1748
2016-11-16,106.2700,106.6700,106.2700,106.6000,2765700,84.2539
2016-11-17,106.4200,106.4800,106.0500,106.1300,2499200,83.8824
2016-11-18,106.1000,106.2100,105.5600,105.6600,4093700,83.5109
2016-11-21,105.7400,105.8900,105.6300,105.7500,1364300,83.5821
2016-11-22,105.8900,106.0800,105.7500,105.8500,1744700,83.6611
2016-11-23,105.2500,105.5900,105.0000,105.4700,4607100,83.3607
2016-11-25,105.5100,105.5600,105.2400,105.3800,948200,83.2896
2016-11-28,105.7300,105.9000,105.6200,105.8600,2474800,83.6690
2016-11-29,105.6800,106.0000,105.6100,105.9700,1745000,83.7559
2016-11-30,105.2900,105.5300,105.1700,105.2600,3362500,83.1947
2016-12-01,104.6200,104.8100,104.3100,104.7100,3467600,82.8774
2016-12-02,104.9300,105.3200,104.9300,105.1800,1660400,83.2494
2016-12-05,104.8300,105.4000,104.7100,105.1400,2281600,83.2177
2016-12-06,105.1700,105.2800,105.0800,105.1800,989400,83.2494
2016-12-07,105.3700,105.5800,105.3600,105.5300,1237600,83.5263
2016-12-08,105.1900,105.2600,105.0300,105.1300,1357500,83.2098
2016-12-09,105.0800,105.2000,104.5400,104.5900,3261000,82.7824
2016-12-12,104.5200,104.7200,104.3700,104.6100,1538200,82.7982
2016-12-13,104.7900,104.8600,104.4800,104.6700,1993500,82.8457
2016-12-14,105.0200,105.1000,103.7800,103.8000,3941000,82.1571
2016-12-15,103.7800,103.8200,103.4300,103.5100,1999200,81.9276
2016-12-16,103.6900,103.9600,103.4600,103.6400,1811800,82.0304
2016-12-19,104.0000,104.1700,103.8800,104.1200,1691800,82.4104
2016-12-20,103.7500,103.9600,103.6800,103.9000,969400,82.2362
2016-12-21,104.0000,104.1300,103.9400,104.0700,1870500,82.3708
2016-12-22,103.7900,103.9500,103.7100,103.8600,1872100,82.3351
2016-12-23,103.9700,104.0800,103.9400,103.9600,830400,82.4144
2016-12-27,103.7100,103.8100,103.7000,103.8100,1148800,82.2954
2016-12-28,103.8600,104.3000,103.7900,104.1900,1369800,82.5967
2016-12-29,104.3600,104.6600,104.3600,104.5100,1328600,82.8504
2016-12-30,104.5600,104.9600,104.5300,104.8200,2439500,83.0962
2017-01-03,104.3500,104.8900,104.2900,104.7700,3230500,83.0565
2017-01-04,104.7300,104.9400,104.6200,104.8900,1523000,83.1517
2017-01-05,105.1000,105.6800,105.0300,105.5700,3344400,83.6907
2017-01-06,105.1800,105.3800,105.0400,105.0900,1601400,83.3102
2017-01-09,105.4700,105.5300,105.3600,105.4900,1275000,83.6273
2017-01-10,105.4400,105.6000,105.3900,105.4400,1352700,83.5877
2017-01-11,105.5000,105.9300,105.3100,105.5600,1833700,83.6828
2017-01-12,105.8200,106.0300,105.5900,105.6200,1544700,83.7304
2017-01-13,105.3700,105.5600,105.0500,105.3900,1833200,83.5480
2017-01-17,105.9700,106.0300,105.7300,105.9200,1656800,83.9682
2017-01-18,105.6000,105.6900,105.1300,105.1700,3640400,83.3736
2017-01-19,104.8300,104.8900,104.5600,104.7700,1840000,83.0565
2017-01-20,104.6400,104.9200,104.4800,104.8200,1306400,83.0962
2017-01-23,105.0100,105.5700,104.8400,105.3700,1720200,83.5322
2017-01-24,105.1400,105.2800,104.8300,104.9700,1344000,83.2151
2017-01-25,104.5500,104.6800,104.3100,104.4500,1816000,82.8028
2017-01-26,104.4100,104.6200,104.1800,104.5900,2212900,82.9138
2017-01-27,104.6500,104.8000,104.6400,104.7200,2285200,83.0169
2017-01-30,104.7400,104.9500,104.6900,104.6900,1909300,82.9931
2017-01-31,104.7900,105.2200,104.7900,105.0500,1411700,83.2785
2017-02-01,104.5600,104.8500,104.3900,104.6900,2055100,83.1189
2017-02-02,105.0300,105.1000,104.7200,104.7300,1423500,83.1507
2017-02-03,105.0000,105.2200,104.6200,104.8100,1711100,83.2142
2017-02-06,105.2400,105.4100,105.0000,105.3100,1500500,83.6112
2017-02-07,105.2500,105.6900,105.1800,105.5000,1540600,83.7620
2017-02-08,105.5000,106.0000,105.5000,105.9300,3182200,84.1034
2017-02-09,105.9300,105.9300,105.2800,105.3000,1530200,83.6032
2017-02-10,105.0700,105.3100,105.0700,105.2300,1646400,83.5477
2017-02-13,105.0000,105.0800,104.8800,105.0700,1045200,83.4206
2017-02-14,105.0200,105.1000,104.4600,104.6900,2318100,83.1189
2017-02-15,104.3300,104.5600,104.3200,104.4900,2750900,82.9601
2017-02-16,104.6000,105.0100,104.6000,104.9100,2459800,83.2936
2017-02-17,105.2000,105.3200,105.1200,105.1900,2237700,83.5159
2017-02-21,104.9400,105.2800,104.9200,105.1400,2832700,83.4762
2017-02-22,105.3600,105.4200,104.9600,105.3100,2812800,83.6112
2017-02-23,105.5000,105.5900,105.4300,105.5900,1842700,83.8335
2017-02-24,105.9400,106.1600,105.8200,106.0800,2677000,84.2225
2017-02-27,105.9900,106.0000,105.6400,105.7000,3292600,83.9208
2017-02-28,105.7500,105.9100,105.6300,105.6500,2482500,83.8811
2017-03-01,104.7100,104.8000,104.6500,104.7700,2249000,83.2967
2017-03-02,104.5600,104.6000,104.3300,104.4700,2023300,83.0582
2017-03-03,104.5000,104.5800,104.2600,104.5700,2509000,83.1377
2017-03-06,104.5900,104.6000,104.4300,104.5500,1401700,83.1218
2017-03-07,104.4300,104.4800,104.3500,104.4000,1596300,83.0026
2017-03-08,103.9200,104.1500,103.9000,104.0500,2392800,82.7243
2017-03-09,103.9400,103.9800,103.7000,103.7600,2322900,82.4938
2017-03-10,103.9800,104.0100,103.7500,103.9800,1333000,82.6686
2017-03-13,103.8100,103.9200,103.6900,103.7200,1342600,82.4620
2017-03-14,103.7700,103.9400,103.7500,103.8300,864600,82.5494
2017-03-15,103.9900,104.7400,103.9200,104.7400,3701900,83.2729
2017-03-16,104.4900,104.6200,104.4200,104.4500,2749900,83.0424
2017-03-17,104.5800,104.8200,104.5600,104.7300,1186700,83.2650
2017-03-20,104.7500,105.0100,104.7500,104.9800,1362700,83.4637
2017-03-21,104.9100,105.3700,104.9100,105.3300,1407000,83.7420
2017-03-22,105.5300,105.7300,105.4500,105.5300,2231300,83.9010
2017-03-23,105.5900,105.6400,105.2400,105.4200,2584700,83.8135
2017-03-24,105.3900,105.6100,105.3500,105.4800,2540000,83.8612
2017-03-27,105.9200,105.9600,105.6700,105.7400,2614000,84.0680
2017-03-28,105.8600,105.8600,105.3700,105.3800,1356800,83.7818
2017-03-29,105.5600,105.7200,105.5600,105.6800,1860400,84.0202
2017-03-30,105.6300,105.6400,105.3600,105.3800,1487800,83.7818
2017-03-31,105.5300,105.6300,105.4500,105.5900,1698500,83.9487
2017-04-03,105.5600,106.0000,105.5300,105.9500,4175500,84.3619
2017-04-04,105.9200,106.0200,105.8000,105.8000,1319600,84.2425
2017-04-05,105.6700,106.1000,105.6200,106.0000,2551100,84.4017
2017-04-06,106.0300,106.1000,105.8000,105.9300,1496300,84.3460
2017-04-07,106.1900,106.3200,105.6100,105.6100,1185400,84.0912
2017-04-10,105.7500,105.9200,105.7000,105.8000,1752500,84.2425
2017-04-11,106.0500,106.4000,106.0300,106.2900,2219200,84.6327
2017-04-12,106.3700,106.6800,106.2900,106.6200,2273600,84.8954
2017-04-13,106.8000,107.0100,106.6100,106.9400,1868200,85.1502
2017-04-17,106.9500,107.0400,106.6800,106.7700,1110500,85.0149
2017-04-18,107.0600,107.4700,107.0000,107.3800,1678400,85.5006
2017-04-19,107.1200,107.1700,106.9900,107.1000,1750000,85.2776
2017-04-20,106.9300,107.0100,106.7200,106.8600,1694700,85.0865
2017-04-21,106.9600,107.1200,106.8800,106.9100,2792500,85.1263
2017-04-24,106.4300,106.6900,106.3700,106.6900,3558000,84.9512
2017-04-25,106.3500,106.4700,106.0900,106.1400,1985700,84.5132
2017-04-26,106.1400,106.4200,106.1200,106.4200,1314400,84.7362
2017-04-27,106.3800,106.6200,106.3300,106.4900,1988200,84.7919
2017-04-28,106.3200,106.6500,106.2700,106.6000,5489800,84.8795
2017-05-01,106.3200,106.4900,106.0500,106.2100,2044400,84.6961
2017-05-02,106.1600,106.4900,106.1400,106.4300,1585300,84.8715
2017-05-03,106.4500,106.4900,106.1500,106.2100,1861300,84.6961
2017-05-04,105.8500,105.9900,105.8200,105.9700,1237100,84.5047
2017-05-05,105.9800,106.0200,105.8000,105.9900,980000,84.5206
2017-05-08,105.8900,105.8900,105.6700,105.7300,4887400,84.3133
2017-05-09,105.5900,105.6600,105.4700,105.6100,1457900,84.2177
2017-05-10,105.8400,105.8600,105.5000,105.5700,995500,84.1858
2017-05-11,105.4100,105.7000,105.4100,105.6500,1088800,84.2495
2017-05-12,106.0600,106.2800,106.0600,106.1900,2005600,84.6801
2017-05-15,106.1400,106.1700,106.0500,106.1200,672200,84.6243
2017-05-16,106.1100,106.4100,106.1100,106.2600,1314500,84.7359
2017-05-17,106.8000,107.1700,106.7300,107.1100,5644700,85.4138
2017-05-18,107.2000,107.2500,106.9700,107.0800,1715200,85.3898
2017-05-19,106.9700,107.0700,106.8000,107.0500,3503100,85.3659
2017-05-22,106.9300,107.0100,106.8800,106.9300,1425800,85.2702
2017-05-23,107.0500,107.0500,106.6000,106.6500,2984700,85.0469
2017-05-24,106.6500,106.9300,106.5500,106.8700,1776300,85.2224
2017-05-25,106.9300,106.9800,106.8000,106.9300,1361000,85.2702
2017-05-26,107.0300,107.0800,106.9400,107.0000,1016600,85.3260
2017-05-30,107.1800,107.2700,107.1000,107.2700,2335200,85.5414
2017-05-31,107.2200,107.4000,107.1600,107.3200,1752300,85.5813
2017-06-01,106.9400,107.1200,106.9000,107.1000,1769300,85.5365
2017-06-02,107.5000,107.6900,107.4100,107.5700,1803200,85.9119
2017-06-05,107.4000,107.4900,107.3700,107.3900,1414900,85.7682
2017-06-06,107.7800,107.8300,107.6600,107.7300,2078900,86.0397
2017-06-07,107.6200,107.7100,107.4300,107.5300,1795800,85.8800
2017-06-08,107.4300,107.4300,107.1700,107.3600,3863000,85.7442
2017-06-09,107.1500,107.3400,107.1100,107.2600,1203400,85.6643
2017-06-12,107.1200,107.4500,107.1200,107.2400,766700,85.6483
2017-06-13,107.1400,107.3200,107.1400,107.2800,682300,85.6803
2017-06-14,107.9200,108.1700,107.7100,107.8400,3712100,86.1275
2017-06-15,107.6900,107.7200,107.5700,107.6500,2000400,85.9758
2017-06-16,107.6700,107.8300,107.6700,107.7100,3460300,86.0237
2017-06-19,107.5900,107.6300,107.4100,107.4100,1105900,85.7841
2017-06-20,107.5000,107.7600,107.5000,107.6800,1252000,85.9998
2017-06-21,107.5600,107.7400,107.5400,107.6700,1159800,85.9918
2017-06-22,107.8300,107.8600,107.6400,107.7700,1160100,86.0716
2017-06-23,107.7200,107.8400,107.6700,107.8000,1581000,86.0956
2017-06-26,107.9000,108.0100,107.8800,107.8900,3625000,86.1674
2017-06-27,107.5200,107.5500,107.2600,107.3600,1755200,85.7442
2017-06-28,107.3100,107.3100,107.0900,107.2600,1530900,85.6643
2017-06-29,106.7000,106.9700,106.6400,106.8600,1997200,85.3448
2017-06-30,106.8400,106.8400,106.5400,106.6100,1909600,85.1452
2017-07-03,106.4500,106.4600,106.0100,106.0600,1255300,84.8325
2017-07-05,106.0400,106.2600,105.9800,106.1400,10477800,84.8964
2017-07-06,105.9400,105.9700,105.7300,105.9400,1794300,84.7365
2017-07-07,105.8100,105.8900,105.7200,105.7700,1799900,84.6005
2017-07-10,105.8400,106.0100,105.8300,105.9100,1247700,84.7125
2017-07-11,105.8700,106.0800,105.8400,106.0500,1112600,84.8244
2017-07-12,106.4500,106.5100,106.3200,106.3600,2451700,85.0724
2017-07-13,106.3500,106.3500,106.0500,106.2500,2095900,84.9844
2017-07-14,106.6900,106.7400,106.3800,106.4000,1260400,85.1044
2017-07-17,106.4600,106.6100,106.4000,106.5300,1289200,85.2083
2017-07-18,106.8700,106.9700,106.7800,106.9200,1776100,85.5203
2017-07-19,106.9300,107.0100,106.8500,106.9200,2466000,85.5203
2017-07-20,107.1000,107.1600,106.9100,106.9500,2317200,85.5443
2017-07-21,107.1500,107.2700,107.1200,107.1400,1664200,85.6963
2017-07-24,107.0800,107.1500,106.9900,107.0700,2342700,85.6403
2017-07-25,106.7000,106.7000,106.4400,106.4700,2513600,85.1604
2017-07-26,106.4700,106.9200,106.4100,106.8100,3010400,85.4323
2017-07-27,106.6000,106.7300,106.5200,106.6400,1853000,85.2964
2017-07-28,106.6300,106.8500,106.6000,106.8200,1001600,85.4403
2017-07-31,106.7600,106.8600,106.6900,106.8500,921800,85.4643
2017-08-01,106.5200,106.9900,106.4700,106.9500,1958300,85.6766
2017-08-02,106.9000,107.0500,106.8400,106.8500,516100,85.5965
2017-08-03,107.0700,107.2500,106.9800,107.2200,1576200,85.8929
2017-08-04,106.9700,106.9700,106.7000,106.9300,1266100,85.6606
2017-08-07,106.8800,107.0000,106.8200,106.9900,554100,85.7086
2017-08-08,106.9500,106.9600,106.7300,106.9000,1277800,85.6366
2017-08-09,107.2900,107.3200,107.0300,107.0300,1268000,85.7407
2017-08-10,107.2400,107.4700,107.2200,107.4300,1412000,86.0612
2017-08-11,107.3700,107.6200,107.3200,107.5500,911000,86.1573
2017-08-14,107.3400,107.4500,107.2500,107.2900,1386100,85.9490
2017-08-15,106.8600,107.0600,106.8300,106.9700,1146300,85.6926
2017-08-16,106.8700,107.3300,106.8500,107.1700,2160100,85.8528
2017-08-17,107.2100,107.5900,107.1700,107.5500,1637300,86.1573
2017-08-18,107.7400,107.8100,107.4100,107.5700,1235700,86.1733
2017-08-21,107.6000,107.7100,107.5600,107.6400,718800,86.2294
2017-08-22,107.5400,107.5400,107.3700,107.4300,984500,86.0612
2017-08-23,107.6600,107.8000,107.5700,107.8000,1246100,86.3575
2017-08-24,107.6300,107.7500,107.5700,107.6300,2520900,86.2213
2017-08-25,107.6400,107.8700,107.5700,107.8100,1007500,86.3655
2017-08-28,107.7600,107.9200,107.7200,107.9100,921700,86.4457
2017-08-29,108.4100,108.4300,108.0400,108.1600,1590200,86.6459
2017-08-30,107.9900,108.1300,107.9900,108.0700,1299900,86.5738
2017-08-31,108.0800,108.2500,108.0700,108.2400,1023600,86.7100
2017-09-01,107.9600,107.9900,107.7000,107.7600,3460000,86.4549
2017-09-05,108.1600,108.5200,108.1300,108.5100,3054800,87.0566
2017-09-06,108.4800,108.5500,108.1300,108.2500,1601500,86.8480
2017-09-07,108.3500,108.8100,108.3500,108.7200,4292500,87.2251
2017-09-08,108.6800,108.6800,108.5000,108.6400,1249100,87.1609
2017-09-11,108.2000,108.2400,108.0200,108.0200,2206200,86.6635
2017-09-12,107.8500,107.8500,107.6600,107.7600,3167800,86.4549
2017-09-13,107.7800,107.7800,107.5200,107.5400,1590900,86.2784
2017-09-14,107.4300,107.5800,107.4000,107.5600,1377700,86.2944
2017-09-15,107.5700,107.6900,107.3800,107.6900,1477000,86.3988
2017-09-18,107.2600,107.3600,107.1700,107.2700,3032500,86.0617
2017-09-19,107.3000,107.3500,107.1200,107.1500,673300,85.9655
2017-09-20,107.2500,107.2700,106.7700,106.9400,2397500,85.7970
2017-09-21,106.9900,107.1300,106.8000,106.8000,2390000,85.6847
2017-09-22,107.1400,107.1600,106.9600,106.9900,826600,85.8372
2017-09-25,107.1100,107.3900,107.0000,107.3100,1927000,86.0938
2017-09-26,107.2100,107.2800,107.1200,107.2200,1061000,86.0217
2017-09-27,106.6900,106.8300,106.6400,106.6700,4039100,85.5804
2017-09-28,106.5400,106.7300,106.4800,106.6500,1873300,85.5644
2017-09-29,106.7600,106.7700,106.4600,106.5200,2037800,85.4601
2017-10-02,106.4200,106.4700,106.2400,106.2400,3221600,85.3628
2017-10-03,106.2700,106.4300,106.2400,106.3900,2521700,85.4834
2017-10-04,106.4900,106.4900,106.2600,106.3600,2198300,85.4592
2017-10-05,106.4000,106.4600,106.1900,106.2500,1779900,85.3709
2017-10-06,105.9700,106.2400,105.8500,106.1200,2350600,85.2664
2017-10-09,106.2100,106.2800,106.1400,106.2400,893100,85.3628
2017-10-10,106.3000,106.5300,106.2500,106.2800,1123100,85.3949
2017-10-11,106.4300,106.4400,106.2800,106.4000,2841200,85.4914
2017-10-12,106.4700,106.5400,106.3600,106.5000,1349300,85.5717
2017-10-13,106.8200,106.9200,106.6900,106.8600,1521700,85.8610
2017-10-16,106.6700,106.7900,106.5700,106.6800,1666100,85.7164
2017-10-17,106.5200,106.6800,106.5000,106.6400,673800,85.6842
2017-10-18,106.3100,106.4100,106.2700,106.3700,1788500,85.4673
2017-10-19,106.6600,106.7000,106.4100,106.4800,1518700,85.5557
2017-10-20,106.1400,106.2100,106.0000,106.0400,2651400,85.2021
2017-10-23,106.0900,106.2100,106.0900,106.1400,709800,85.2825
2017-10-24,105.8800,105.9600,105.7600,105.8200,1605600,85.0254
2017-10-25,105.4700,105.7400,105.4700,105.6500,1838800,84.8888
2017-10-26,105.7500,105.7700,105.5000,105.5100,2062400,84.7763
2017-10-27,105.6200,105.8600,105.5400,105.8500,1315000,85.0495
2017-10-30,106.0900,106.2400,106.0300,106.2300,1692700,85.3548
2017-10-31,106.2400,106.2500,106.1400,106.1600,1178000,85.2985
2017-11-01,105.9200,106.2200,105.9200,106.0600,1321500,85.3501
2017-11-02,106.1800,106.3500,106.1200,106.2000,1997900,85.4627
2017-11-03,106.3400,106.4000,106.1500,106.3700,2532400,85.5995
2017-11-06,106.4700,106.5600,106.4000,106.5000,858400,85.7041
2017-11-07,106.5200,106.6200,106.4600,106.5400,734800,85.7363
2017-11-08,106.5900,106.6300,106.3800,106.4100,947800,85.6317
2017-11-09,106.2700,106.4600,106.2300,106.3700,925900,85.5995
2017-11-10,106.0000,106.0300,105.7900,105.8300,1862000,85.1650
2017-11-13,105.9100,105.9600,105.7700,105.7800,868300,85.1247
2017-11-14,105.8100,106.0000,105.7900,105.9300,1629200,85.2455
2017-11-15,106.2800,106.3500,106.0900,106.3100,1933100,85.5512
2017-11-16,106.1400,106.2000,106.0200,106.0400,1749200,85.3339
2017-11-17,106.2300,106.2800,106.1000,106.1800,941200,85.4466
2017-11-20,106.0500,106.1500,105.9500,106.0100,1153400,85.3098
2017-11-21,106.1800,106.2300,105.9500,106.0300,835600,85.3260
2017-11-22,106.1400,106.4200,106.1000,106.3700,1657900,85.5995
2017-11-24,106.2700,106.3400,106.2400,106.2800,614400,85.5271
2017-11-27,106.3300,106.4200,106.1900,106.3500,1927500,85.5834
2017-11-28,106.5100,106.5500,106.2800,106.3700,1388000,85.5995
2017-11-29,106.0200,106.0800,105.8800,106.0300,3193600,85.3260
2017-11-30,105.9600,106.0100,105.5900,105.7000,3306400,85.0603
2017-12-01,105.7000,106.3400,105.5000,105.9300,4341500,85.3747
2017-12-04,105.6500,105.8800,105.6400,105.8800,2356200,85.3344
2017-12-05,105.7100,105.9900,105.6900,105.9600,1586000,85.3988
2017-12-06,106.2000,106.3100,106.1600,106.1800,1459000,85.5762
2017-12-07,106.1800,106.2700,105.8600,105.9900,1953400,85.4231
2017-12-08,105.9700,106.0200,105.8300,105.9100,2519500,85.3585
2017-12-11,105.9700,106.0200,105.8100,105.8400,702200,85.3021
2017-12-12,105.7400,105.7600,105.6000,105.7500,2557500,85.2296
2017-12-13,105.9000,106.2200,105.7900,106.1800,1477800,85.5762
2017-12-14,105.9900,106.2300,105.8600,106.1400,982100,85.5439
2017-12-15,105.9800,106.1700,105.9200,106.1200,1845200,85.5278
2017-12-18,106.0300,106.0600,105.8400,105.8800,1610300,85.3344
2017-12-19,105.6200,105.6300,105.2500,105.4000,4535100,84.9475
2017-12-20,105.1000,105.2900,105.0400,105.0900,3027000,84.6977
2017-12-21,104.9400,105.0100,104.8700,105.0000,2098800,84.7574
2017-12-22,104.9900,105.0400,104.9500,105.0400,696900,84.7897
2017-12-26,105.0500,105.2000,105.0300,105.0800,2584800,84.8220
2017-12-27,105.2300,105.5700,105.2300,105.5300,2291500,85.1852
2017-12-28,105.4300,105.4800,105.3400,105.4000,1540500,85.0803
2017-12-29,105.4700,105.6400,105.4600,105.5700,1849600,85.2175
2018-01-02,105.4400,105.4700,105.0900,105.2200,3902000,84.9350
2018-01-03,105.3500,105.4100,105.2200,105.3300,2135900,85.0238
2018-01-04,105.1000,105.2900,105.0200,105.2800,2430000,84.9834
2018-01-05,105.2800,105.3200,105.0600,105.1500,2163600,84.8785
2018-01-08,105.2000,105.2200,105.0100,105.1000,2450600,84.8381
2018-01-09,104.9200,104.9200,104.5800,104.6000,5924200,84.4345
2018-01-10,104.2900,104.6200,104.2300,104.5700,2142500,84.4103
2018-01-11,104.5200,104.7300,104.4200,104.6400,1798700,84.4668
2018-01-12,104.4200,104.6100,104.4000,104.5700,1430700,84.4103
2018-01-16,104.7400,104.7600,104.4800,104.6200,5927500,84.4507
2018-01-17,104.4600,104.6300,104.3200,104.3900,2186100,84.2650
2018-01-18,104.1100,104.2100,103.9800,104.0600,3326100,83.9986
2018-01-19,104.0000,104.0000,103.7300,103.7900,2921600,83.7807
2018-01-22,103.8700,103.9500,103.6700,103.7500,8047400,83.7484
2018-01-23,103.9900,104.1100,103.9000,104.0500,1780100,83.9905
2018-01-24,103.8700,103.9500,103.7300,103.8500,1952200,83.8291
2018-01-25,103.7400,104.0900,103.6200,104.0800,3342000,84.0147
2018-01-26,103.9600,103.9600,103.6600,103.7700,3324500,83.7645
2018-01-29,103.5000,103.5500,103.3100,103.5100,2328200,83.5547
2018-01-30,103.4200,103.4800,103.2200,103.2700,2346900,83.3609
2018-01-31,103.4400,103.4900,103.0200,103.3000,2966400,83.3851
2018-02-01,103.1000,103.1000,102.5700,102.6000,8958300,82.9550
2018-02-02,102.2900,102.3700,102.1100,102.2200,5753500,82.6478
2018-02-05,102.2500,103.3100,102.0900,103.0600,6902000,83.3269
2018-02-06,102.9500,103.0400,102.6100,102.6100,5382900,82.9631
2018-02-07,102.7500,102.7700,102.1900,102.3100,4773700,82.7206
2018-02-08,102.0300,102.5300,101.8900,102.4000,5685300,82.7933
2018-02-09,102.1100,102.8100,102.1100,102.2200,4376900,82.6478
2018-02-12,102.2200,102.3600,102.0800,102.1900,2836300,82.6235
2018-02-13,102.2700,102.3900,102.1800,102.3600,2698100,82.7609
2018-02-14,102.0600,102.0600,101.6300,101.7400,4141900,82.2596
2018-02-15,101.7600,101.9600,101.7400,101.7700,3057300,82.2839
2018-02-16,102.0900,102.1800,101.9600,102.0100,2277800,82.4780
2018-02-20,101.8100,101.9600,101.7200,101.9000,2138300,82.3891
2018-02-21,102.0000,102.0000,101.4700,101.6000,2253900,82.1464
2018-02-22,101.7600,101.8700,101.7000,101.7400,4411800,82.2596
2018-02-23,102.0100,102.2100,101.9800,102.1300,4484700,82.5750
2018-02-26,102.3600,102.4500,102.2000,102.2500,2725600,82.6720
2018-02-27,102.2900,102.3300,101.7400,101.9300,3308900,82.4133
2018-02-28,102.0500,102.1900,101.9700,102.1700,2521400,82.6073
2018-03-01,102.1600,102.6100,102.0300,102.4500,5352600,82.9628
2018-03-02,102.3200,102.3300,102.0100,102.0700,2140800,82.6551
2018-03-05,102.3500,102.3500,101.8200,101.9400,2059300,82.5499
2018-03-06,101.9700,102.1500,101.9200,101.9300,2331300,82.5417
2018-03-07,102.1600,102.2200,101.9200,101.9300,1258100,82.5417
2018-03-08,102.0700,102.2400,102.0200,102.1400,1636700,82.7118
2018-03-09,101.8900,102.0000,101.7700,101.9200,1604500,82.5336
2018-03-12,102.0000,102.1700,101.9400,102.1600,1885700,82.7280
2018-03-13,102.3200,102.3800,102.1300,102.3300,1742100,82.8657
2018-03-14,102.2700,102.6600,102.2500,102.5300,2598900,83.0276
2018-03-15,102.5100,102.6200,102.3900,102.4900,2758000,82.9952
2018-03-16,102.3600,102.3900,102.2400,102.3700,3595300,82.8980
2018-03-19,102.1500,102.4600,102.1400,102.2700,2825000,82.8171
2018-03-20,102.0900,102.1600,102.0400,102.0700,2600600,82.6551
2018-03-21,101.9400,102.2200,101.6800,102.1400,3365600,82.7118
2018-03-22,102.5200,102.7700,102.3900,102.5600,5026500,83.0519
2018-03-23,102.4600,102.7500,102.4600,102.7000,2519000,83.1653
2018-03-26,102.5200,102.6500,102.3900,102.4200,4184900,82.9385
2018-03-27,102.5300,103.0500,102.5200,103.0000,3495900,83.4082
2018-03-28,103.2100,103.2600,102.8900,102.9800,2762500,83.3920
2018-03-29,103.0100,103.3100,103.0100,103.1900,2572100,83.5621
2018-04-02,102.9400,103.3400,102.8900,103.1200,2748800,83.6472
2018-04-03,102.9600,103.0000,102.7500,102.7900,4229600,83.3796
2018-04-04,103.0000,103.0000,102.6800,102.7300,2216900,83.3309
2018-04-05,102.5700,102.6100,102.4300,102.4700,1789300,83.1200
2018-04-06,102.8000,102.9600,102.6600,102.9200,2651200,83.4850
2018-04-09,102.7400,102.9400,102.6500,102.9400,2071100,83.5013
2018-04-10,102.8100,102.8700,102.6800,102.7600,1622400,83.3552
2018-04-11,102.9600,103.0000,102.7600,102.8600,2520600,83.4364
2018-04-12,102.7200,102.7300,102.4600,102.4900,2188600,83.1362
2018-04-13,102.4000,102.6300,102.4000,102.5800,2937700,83.2093
2018-04-16,102.3300,102.5500,102.3100,102.5300,1637400,83.1686
2018-04-17,102.4800,102.6600,102.4400,102.5900,1301800,83.2173
2018-04-18,102.3800,102.5000,102.1900,102.1900,2127600,82.8928
2018-04-19,101.9500,102.0200,101.7900,101.9100,3181500,82.6657
2018-04-20,101.7800,101.8400,101.5700,101.5700,2309400,82.3899
2018-04-23,101.4800,101.5300,101.3400,101.4700,5022800,82.3088
2018-04-24,101.3300,101.4500,101.2600,101.3500,3178800,82.2115
2018-04-25,101.1900,101.2500,101.0600,101.1300,3295800,82.0330
2018-04-26,101.3700,101.4600,101.3100,101.4200,1989500,82.2683
2018-04-27,101.5100,101.6500,101.5000,101.5900,2409300,82.4062
2018-04-30,101.6400,101.8100,101.6200,101.7000,3504400,82.4954
2018-05-01,101.5000,101.5000,101.3100,101.3500,1894000,82.3662
2018-05-02,101.3900,101.5100,101.3000,101.3700,3852600,82.3824
2018-05-03,101.5800,101.7700,101.5600,101.6300,6026900,82.5937
2018-05-04,101.7500,101.7900,101.4900,101.6400,2370500,82.6018
2018-05-07,101.6300,101.6600,101.5400,101.5900,1854900,82.5612
2018-05-08,101.4300,101.5200,101.3200,101.4200,1654600,82.4231
2018-05-09,101.1900,101.3000,101.1600,101.1900,2838400,82.2362
2018-05-10,101.4300,101.4800,101.3000,101.4000,4183700,82.4068
2018-05-11,101.4700,101.4700,101.3000,101.4100,2816300,82.4149
2018-05-14,101.2500,101.2800,101.1800,101.1900,4762000,82.2362
2018-05-15,100.8000,100.8000,100.4900,100.6300,6812500,81.7811
2018-05-16,100.5000,100.7000,100.4200,100.4200,4784200,81.6103
2018-05-17,100.4600,100.5200,100.3300,100.3600,1702300,81.5616
2018-05-18,100.5500,100.8100,100.5500,100.7500,2642300,81.8785
2018-05-21,100.7000,100.8300,100.6400,100.8200,2845100,81.9355
2018-05-22,100.8200,100.8300,100.6900,100.7800,1977000,81.9029
2018-05-23,101.0900,101.3000,101.0700,101.2400,5102500,82.2768
2018-05-24,101.4700,101.6400,101.4300,101.5000,2994100,82.4881
2018-05-25,101.8100,101.9100,101.7600,101.9000,2838400,82.8132
2018-05-29,102.3500,103.2000,102.2400,103.0000,11256200,83.7071
2018-05-30,102.5700,102.7200,102.3800,102.5600,4512200,83.3495
2018-05-31,102.5700,102.7400,102.3400,102.5100,5321700,83.3089
2018-06-01,101.8500,102.0900,101.7700,101.9300,7891000,83.0011
2018-06-04,101.8200,101.8300,101.5700,101.5700,3131800,82.7079
2018-06-05,101.8400,101.9700,101.7200,101.8300,4305500,82.9197
2018-06-06,101.5600,101.5900,101.3600,101.4200,3910500,82.5858
2018-06-07,101.4200,102.1300,101.3900,101.8500,4400400,82.9359
2018-06-08,101.7400,101.8600,101.6800,101.7100,7342800,82.8219
2018-06-11,101.5300,101.6400,101.5100,101.6100,1875800,82.7405
2018-06-12,101.4700,101.6000,101.4500,101.5500,1664800,82.6917
2018-06-13,101.5800,101.6500,101.1600,101.4300,3294700,82.5939
2018-06-14,101.6200,101.7600,101.5400,101.7500,3626400,82.8545
2018-06-15,101.9700,102.1000,101.8000,101.8300,5826500,82.9197
2018-06-18,101.9600,101.9800,101.8000,101.8800,4600500,82.9604
2018-06-19,102.1800,102.2800,102.0900,102.1500,4172800,83.1803
2018-06-20,102.1100,102.1300,101.8100,101.8200,3059000,82.9115
2018-06-21,101.9800,102.1700,101.9800,102.0900,2680500,83.1314
2018-06-22,101.9600,102.1600,101.9500,102.1100,2309500,83.1477
2018-06-25,102.2200,102.4000,102.2100,102.2500,8110800,83.2617
2018-06-26,102.2700,102.3600,102.2100,102.3000,3873200,83.3024
2018-06-27,102.5600,102.7300,102.4800,102.6900,3044200,83.6200
2018-06-28,102.6800,102.7100,102.5100,102.5900,3705600,83.5385
2018-06-29,102.5800,102.6800,102.5000,102.5100,2721200,83.4734
2018-07-02,102.4200,102.4500,102.2200,102.2500,3911500,83.4163
2018-07-03,102.2900,102.5100,102.2800,102.5100,1463800,83.6284
2018-07-05,102.4800,102.6400,102.4600,102.5200,1682300,83.6366
2018-07-06,102.6400,102.7100,102.5200,102.6100,3206500,83.7099
2018-07-09,102.3700,102.4400,102.3300,102.3500,2258800,83.4979
2018-07-10,102.2500,102.3600,102.2100,102.2700,4461100,83.4325
2018-07-11,102.4600,102.5100,102.3200,102.4800,2198700,83.6039
2018-07-12,102.3500,102.4800,102.3300,102.4400,1385900,83.5713
2018-07-13,102.5500,102.6400,102.4800,102.6100,2891800,83.7099
2018-07-16,102.3900,102.4800,102.2600,102.4400,1782600,83.5713
2018-07-17,102.5000,102.5000,102.3500,102.3800,1034700,83.5223
2018-07-18,102.4300,102.4500,102.2700,102.3000,1355300,83.4571
2018-07-19,102.3700,102.6700,102.3500,102.5800,4201700,83.6855
2018-07-20,102.4600,102.4600,102.1800,102.2200,3362700,83.3918
2018-07-23,102.1000,102.1100,101.7000,101.7200,5285700,82.9839
2018-07-24,101.7000,101.8400,101.6300,101.7900,3293800,83.0410
2018-07-25,101.9100,101.9800,101.6600,101.7200,2403800,82.9839
2018-07-26,101.8200,101.8700,101.5900,101.6100,2598200,82.8942
2018-07-27,101.8400,101.8400,101.6800,101.7700,1435100,83.0247
2018-07-30,101.5700,101.7600,101.5600,101.6400,3832700,82.9186
2018-07-31,101.8000,101.8300,101.7100,101.7800,3053600,83.0328
2018-08-01,101.2600,101.4100,101.1900,101.3400,5366800,82.8367
2018-08-02,101.4100,101.4800,101.3200,101.4600,3370800,82.9348
2018-08-03,101.5400,101.7500,101.5300,101.7200,2174800,83.1473
2018-08-06,101.7900,101.9500,101.7600,101.7700,3867200,83.1881
2018-08-07,101.7100,101.7100,101.5400,101.5600,2181400,83.0165
2018-08-08,101.5900,101.7100,101.5800,101.6500,2777900,83.0901
2018-08-09,101.8100,101.9300,101.7900,101.9300,4318000,83.3190
2018-08-10,102.2000,102.5000,102.1700,102.3700,4327800,83.6786
2018-08-13,102.3100,102.4600,102.2300,102.3400,1764700,83.6541
2018-08-14,102.3200,102.3300,102.1900,102.2400,2487600,83.5724
2018-08-15,102.4600,102.6800,102.4300,102.4900,4810700,83.7767
2018-08-16,102.5100,102.5200,102.2800,102.4600,2594400,83.7522
2018-08-17,102.5500,102.6400,102.4000,102.5000,3043400,83.7849
2018-08-20,102.7000,102.8600,102.6800,102.8200,2901100,84.0464
2018-08-21,102.7300,102.7300,102.6100,102.6800,2516700,83.9320
2018-08-22,102.9600,102.9600,102.7700,102.8700,2396500,84.0873
2018-08-23,102.9100,102.9500,102.8300,102.8600,871000,84.0792
2018-08-24,102.6800,102.9100,102.6400,102.8900,1296600,84.1037
2018-08-27,102.7500,102.7800,102.6400,102.6600,1851900,83.9156
2018-08-28,102.4800,102.5200,102.3900,102.4300,1506300,83.7276
2018-08-29,102.4600,102.4700,102.3000,102.4000,1420400,83.7031
2018-08-30,102.5400,102.6800,102.5100,102.5900,2780900,83.8584
2018-08-31,102.8200,102.8300,102.6000,102.6100,2132200,83.8748
2018-09-04,102.2600,102.3200,102.1200,102.1700,3419500,83.6831
2018-09-05,102.1500,102.2300,102.0500,102.1600,1332300,83.6749
2018-09-06,102.2200,102.4500,102.2100,102.3700,1656700,83.8469
2018-09-07,102.0100,102.0400,101.8700,101.9100,4405000,83.4702
2018-09-10,101.8900,102.0100,101.8900,101.9700,3110800,83.5193
2018-09-11,101.7700,101.8000,101.6000,101.6000,3360500,83.2163
2018-09-12,101.7600,101.8100,101.7200,101.7200,1398800,83.3146
2018-09-13,101.8600,101.8600,101.6900,101.7100,1281600,83.3064
2018-09-14,101.5100,101.6200,101.4600,101.5200,3749900,83.1507
2018-09-17,101.4100,101.5800,101.3800,101.5400,3808400,83.1671
2018-09-18,101.4100,101.4200,101.0900,101.1200,4972900,82.8231
2018-09-19,101.0600,101.0700,100.8000,100.9500,5515900,82.6838
2018-09-20,100.8300,101.0600,100.8000,100.9600,2973500,82.6921
2018-09-21,100.9000,101.0600,100.9000,101.0000,1024100,82.7248
2018-09-24,100.8500,101.0100,100.8400,100.8900,2389800,82.6347
2018-09-25,100.7700,100.8100,100.6800,100.7900,2878300,82.5528
2018-09-26,100.8900,101.1400,100.8400,101.1200,2502900,82.8231
2018-09-27,101.0500,101.1500,100.9900,101.1200,6342800,82.8231
2018-09-28,101.2900,101.3000,101.1300,101.1700,3931000,82.8641
2018-10-01,100.8300,100.8900,100.7100,100.7100,6408000,82.6539
2018-10-02,100.8600,101.0400,100.8600,100.9700,2915000,82.8674
2018-10-03,100.7800,100.7900,100.0900,100.2200,6612700,82.2518
2018-10-04,99.9800,100.1300,99.8800,99.9600,6427500,82.0384
2018-10-05,99.8200,99.9100,99.6000,99.7200,5676600,81.8414
2018-10-08,99.8200,99.8600,99.7400,99.7600,1947800,81.8743
2018-10-09,99.7900,99.9500,99.7600,99.9500,3066300,82.0302
2018-10-10,99.7100,100.0300,99.6700,100.0000,3001900,82.0713
2018-10-11,100.2200,100.5500,100.0900,100.4100,5821500,82.4077
2018-10-12,100.2900,100.5300,100.2400,100.2900,2647900,82.3093
2018-10-15,100.3900,100.4400,100.2600,100.3500,1860000,82.3585
2018-10-16,100.2700,100.3500,100.2000,100.3400,2703900,82.3503
2018-10-17,100.3200,100.4200,100.0500,100.0500,3336200,82.1123
2018-10-18,100.0000,100.4000,99.9500,100.2300,2587700,82.2600
2018-10-19,100.2200,100.2400,100.0300,100.1100,5531900,82.1615
2018-10-22,100.2200,100.2600,100.1200,100.1300,1690100,82.1780
2018-10-23,100.6500,100.7900,100.3400,100.3900,4420100,82.3913
2018-10-24,100.6700,100.9600,100.6000,100.9300,4881200,82.8345
2018-10-25,100.7500,100.8200,100.6000,100.6900,3559900,82.6376
2018-10-26,101.0700,101.3000,101.0400,101.1400,4220800,83.0069
2018-10-29,101.0100,101.2400,100.8500,101.1300,3766900,82.9986
2018-10-30,100.9400,101.0600,100.8700,100.9100,5746600,82.8181
2018-10-31,100.6100,100.7400,100.5500,100.6600,3956700,82.6129
2018-11-01,100.3600,100.5700,100.3300,100.5300,4834300,82.6836
2018-11-02,100.2900,100.3200,99.9300,99.9700,5250900,82.2231
2018-11-05,100.1600,100.2000,100.0300,100.0300,2446700,82.2724
2018-11-06,100.1000,100.1000,99.9100,99.9200,2456700,82.1820
2018-11-07,100.0900,100.1700,99.9100,99.9200,3297600,82.1820
2018-11-08,100.0000,100.0200,99.7500,99.7800,2188900,82.0668
2018-11-09,99.9300,100.2200,99.9200,100.1700,2772700,82.3875
2018-11-12,100.3800,100.5100,100.3300,100.4700,3704900,82.6343
2018-11-13,100.4200,100.5800,100.3500,100.5500,3265000,82.7001
2018-11-14,100.4300,100.9600,100.3900,100.7600,4626400,82.8728
2018-11-15,101.0100,101.0600,100.7100,100.8300,2621300,82.9304
2018-11-16,101.0600,101.1800,100.9800,101.1400,7226700,83.1854
2018-11-19,101.0600,101.3200,101.0600,101.2900,3447800,83.3087
2018-11-20,101.3200,101.4200,101.2300,101.2700,3658600,83.2923
2018-11-21,101.1800,101.2500,101.0700,101.2500,1897000,83.2759
2018-11-23,101.4600,101.4700,101.3100,101.3100,531200,83.3252
2018-11-26,101.1900,101.2300,101.1300,101.2300,2345600,83.2594
2018-11-27,101.2000,101.4000,101.1900,101.3300,2334400,83.3417
2018-11-28,101.2500,101.4600,101.1700,101.3200,3582500,83.3334
2018-11-29,101.5900,101.7300,101.4600,101.5800,4313000,83.5473
2018-11-30,101.7300,101.8200,101.6600,101.7800,3069700,83.7118
2018-12-03,101.4400,101.7900,101.4100,101.7900,6008500,83.8947
2018-12-04,101.9700,102.4600,101.9400,102.2600,7748800,84.2821
2018-12-06,102.6500,102.9700,102.5000,102.5200,9429900,84.4964
2018-12-07,102.4900,102.8600,102.3600,102.8200,7319100,84.7437
2018-12-10,102.8400,103.0400,102.7100,102.8800,9045700,84.7931
2018-12-11,102.6400,102.8500,102.5000,102.6200,5290100,84.5788
2018-12-12,102.4500,102.5000,102.3100,102.3400,3727200,84.3480
2018-12-13,102.4600,102.5000,102.3400,102.4000,4116000,84.3975
2018-12-14,102.5700,102.7200,102.5200,102.5600,3530000,84.5294
2018-12-17,102.6600,102.9300,102.6500,102.8600,7627000,84.7766
2018-12-18,102.7500,102.9500,102.6800,102.9000,4461400,84.9856
2018-12-19,103.0100,103.4800,102.7800,103.2600,7710900,85.2829
2018-12-20,103.4500,103.4700,103.0900,103.1300,9245200,85.1755
2018-12-21,103.2000,103.2300,103.0600,103.2200,4918800,85.2499
2018-12-24,103.3800,103.4900,103.2600,103.4800,6373000,85.4646
2018-12-26,103.4700,103.6200,102.9500,102.9900,5477700,85.0599
2018-12-27,103.4300,103.6300,103.2300,103.2500,4602100,85.2746
2018-12-28,103.4200,103.8200,103.3900,103.8100,4543100,85.7371
2018-12-31,103.6900,104.6600,103.6300,104.2000,7227500,86.0593
2019-01-02,104.3100,104.4300,104.1800,104.4200,18668600,86.2409
2019-01-03,104.4600,105.3200,104.4400,105.2500,10616700,86.9265
2019-01-04,104.5500,104.5900,104.2700,104.4000,6616700,86.2244
2019-01-07,104.5200,104.5700,104.0700,104.1100,5459200,85.9849
2019-01-08,104.0000,104.0900,103.8500,103.8500,6879500,85.7702
2019-01-09,103.8400,103.9900,103.7700,103.9100,3248700,85.8197
2019-01-10,104.0700,104.1400,103.7900,103.8600,14413000,85.7784
2019-01-11,104.1400,104.2600,104.0700,104.1700,3825700,86.0345
2019-01-14,104.2100,104.2900,104.0500,104.1100,3090100,85.9849
2019-01-15,104.2900,104.2900,103.9700,104.0100,4148000,85.9023
2019-01-16,103.8900,104.0000,103.8100,103.9500,4820800,85.8527
2019-01-17,103.9000,103.9500,103.6800,103.7600,5328100,85.6959
2019-01-18,103.6100,103.7200,103.3500,103.4300,6617500,85.4233
2019-01-22,103.7200,103.9100,103.6700,103.7900,5814400,85.7206
2019-01-23,103.6100,103.8500,103.5800,103.7400,3507300,85.6793
2019-01-24,104.0600,104.1800,103.9800,104.0700,6030700,85.9519
2019-01-25,103.8900,103.9400,103.7300,103.8300,2763300,85.7537
2019-01-28,103.7900,103.9800,103.7900,103.8600,3116100,85.7784
2019-01-29,103.9400,104.1600,103.9300,104.1600,2836700,86.0262
2019-01-30,104.0500,104.4300,103.9600,104.4000,5788300,86.2244
2019-01-31,104.6400,104.9300,104.6100,104.8800,10206500,86.6208
2019-02-01,104.4700,104.4900,104.0900,104.1000,9191900,86.1574
2019-02-04,103.9700,103.9700,103.8100,103.8700,7283500,85.9670
2019-02-05,104.0000,104.1800,103.9900,104.0500,3331100,86.1160
2019-02-06,104.2800,104.2900,104.0700,104.1300,3489800,86.1822
2019-02-07,104.4200,104.5500,104.3500,104.4700,6937400,86.4636
2019-02-08,104.6300,104.7300,104.5900,104.6100,2602700,86.5795
2019-02-11,104.4500,104.5400,104.3700,104.4500,2637200,86.4471
2019-02-12,104.3800,104.3900,104.2200,104.3100,3305300,86.3312
2019-02-13,104.0700,104.1700,104.0000,104.0500,3772100,86.1160
2019-02-14,104.6100,104.6200,104.4100,104.5400,10568700,86.5215
2019-02-15,104.3500,104.4700,104.3400,104.4400,6879000,86.4388
2019-02-19,104.6300,104.7000,104.5500,104.6200,8557400,86.5878
2019-02-20,104.6200,104.7000,104.5200,104.6000,4751100,86.5712
2019-02-21,104.3000,104.3400,104.2200,104.2900,4140200,86.3146
2019-02-22,104.5000,104.7200,104.4600,104.6000,3351000,86.5712
2019-02-25,104.4300,104.5000,104.3600,104.4400,2849600,86.4388
2019-02-26,104.7500,104.7900,104.6000,104.7500,2647700,86.6954
2019-02-27,104.5700,104.5800,104.3000,104.3800,2530600,86.3891
2019-02-28,104.3400,104.3500,104.0600,104.1100,4949900,86.1657
2019-03-01,103.7400,103.8500,103.5700,103.5700,9003000,85.8829
2019-03-04,103.7300,103.9500,103.6600,103.8900,3506600,86.1482
2019-03-05,103.7700,103.9600,103.7000,103.9500,2112200,86.1980
2019-03-06,103.9900,104.2900,103.9900,104.2400,2401600,86.4385
2019-03-07,104.4400,104.6700,104.4300,104.5900,4822900,86.7287
2019-03-08,104.6900,104.8300,104.5800,104.7400,5212000,86.8531
2019-03-11,104.7300,104.7300,104.5700,104.6600,4654100,86.7867
2019-03-12,104.7400,105.0000,104.7000,104.9500,4942800,87.0272
2019-03-13,104.8400,104.9400,104.8000,104.9100,1715000,86.9941
2019-03-14,104.8600,104.9100,104.6500,104.7600,2514700,86.8697
2019-03-15,105.0800,105.1700,104.9700,105.0900,7846600,87.1433
2019-03-18,104.9900,105.0800,104.9400,104.9500,4166200,87.0272
2019-03-19,104.7800,104.9900,104.7500,104.8800,2138000,86.9692
2019-03-20,105.0300,105.6400,105.0100,105.6100,8061700,87.5745
2019-03-21,105.7300,105.7500,105.4800,105.5600,4633500,87.5331
2019-03-22,106.0900,106.5100,106.0400,106.3400,4721900,88.1799
2019-03-25,106.3400,106.8600,106.2500,106.6100,7828800,88.4037
2019-03-26,106.3900,106.6900,106.3400,106.5200,7483700,88.3291
2019-03-27,106.8100,107.0800,106.7500,106.8300,3555900,88.5862
2019-03-28,106.8000,106.9100,106.6600,106.8400,3769600,88.5944
2019-03-29,106.4700,106.6800,106.4400,106.6700,2748900,88.4535
2019-04-01,106.1000,106.1300,105.6800,105.7200,9430400,87.8453
2019-04-02,105.8200,105.9200,105.7600,105.9000,7318600,87.9948
2019-04-03,105.5700,105.6900,105.5200,105.5700,5207300,87.7206
2019-04-04,105.6200,105.7200,105.5500,105.6800,2293700,87.8120
2019-04-05,105.6000,105.8000,105.5900,105.7300,1749900,87.8536
2019-04-08,105.7100,105.7600,105.5600,105.5600,3591500,87.7123
2019-04-09,105.8200,105.8800,105.7200,105.7500,3210600,87.8702
2019-04-10,105.9200,106.0700,105.9100,106.0000,2059800,88.0779
2019-04-11,105.8300,105.8700,105.7200,105.7600,1547500,87.8785
2019-04-12,105.3900,105.4500,105.2700,105.2700,6032100,87.4714
2019-04-15,105.2900,105.4200,105.2900,105.4100,2410700,87.5877
2019-04-16,105.1900,105.2500,105.0300,105.0500,5003600,87.2885
2019-04-17,105.0000,105.1800,105.0000,105.0700,2348800,87.3051
2019-04-18,105.3300,105.4600,105.2900,105.3200,4893200,87.5129
2019-04-22,105.2600,105.2700,105.1200,105.1700,3630000,87.3882
2019-04-23,105.3200,105.3900,105.2800,105.3600,2462100,87.5461
2019-04-24,105.6600,105.7700,105.6400,105.7600,3266700,87.8785
2019-04-25,105.7300,105.7900,105.5900,105.6300,1457600,87.7705
2019-04-26,105.9700,105.9900,105.8500,105.9100,2156100,88.0031
2019-04-29,105.7200,105.7700,105.6100,105.6900,2715000,87.8203
2019-04-30,105.6300,105.9300,105.6200,105.9000,3621900,87.9948
2019-05-01,105.7000,106.1100,105.5500,105.6400,6870700,87.9548
2019-05-02,105.5300,105.5700,105.2700,105.3400,3126200,87.7051
2019-05-03,105.4600,105.6200,105.4300,105.4800,2625200,87.8216
2019-05-06,105.8800,105.9200,105.7300,105.7500,3370100,88.0465
2019-05-07,106.0100,106.1900,105.9600,106.1100,3965800,88.3462
2019-05-08,106.2100,106.2500,105.8600,105.9100,4226600,88.1797
2019-05-09,106.3000,106.4300,106.0500,106.1900,4224100,88.4128
2019-05-10,106.2400,106.4200,106.0500,106.1200,2855400,88.3545
2019-05-13,106.5700,106.7400,106.5200,106.6500,5653400,88.7958
2019-05-14,106.5700,106.6200,106.4400,106.5500,2573200,88.7125
2019-05-15,106.9400,106.9700,106.7400,106.8900,5512300,88.9956
2019-05-16,106.6500,106.7200,106.5500,106.6800,3898400,88.8208
2019-05-17,106.9100,106.9100,106.6200,106.7300,2128400,88.8624
2019-05-20,106.7500,106.8400,106.5300,106.5500,2439600,88.7125
2019-05-21,106.4800,106.5200,106.3400,106.4300,2675300,88.6126
2019-05-22,106.6000,106.8000,106.5700,106.7500,3561900,88.8790
2019-05-23,107.0100,107.5600,107.0100,107.4000,6184500,89.4202
2019-05-24,107.3300,107.3700,107.2300,107.3700,2422800,89.3953
2019-05-28,107.6200,107.8400,107.5300,107.8400,7039000,89.7865
2019-05-29,108.0900,108.2400,107.7800,107.8000,5251800,89.7532
2019-05-30,107.8600,108.2400,107.7200,108.1900,3461100,90.0780
2019-05-31,108.5600,108.9500,108.4900,108.9100,6020600,90.6775
2019-06-03,108.8800,109.3400,108.7700,109.2200,23830900,91.1137
2019-06-04,108.7600,108.9900,108.6000,108.8200,5503200,90.7800
2019-06-05,108.9600,109.1300,108.7600,108.8200,7712300,90.7800
2019-06-06,108.9100,109.1000,108.7300,108.8000,2392400,90.7633
2019-06-07,109.4000,109.4200,109.1400,109.2300,2805900,91.1221
2019-06-10,108.8600,108.8800,108.6800,108.6900,6071200,90.6716
2019-06-11,108.6200,108.7700,108.5800,108.6900,2735800,90.6716
2019-06-12,108.7700,108.9900,108.7600,108.9700,2062800,90.9052
2019-06-13,109.0700,109.3300,109.0500,109.2400,1684700,91.1304
2019-06-14,109.1600,109.3800,109.1500,109.3200,3880700,91.1971
2019-06-17,109.3000,109.3800,109.1700,109.3000,3038800,91.1805
2019-06-18,109.7500,109.8000,109.4100,109.5100,4564900,91.3557
2019-06-19,109.2800,109.9000,109.2100,109.8100,4541500,91.6059
2019-06-20,110.0400,110.2800,109.9700,109.9900,4575000,91.7561
2019-06-21,109.7300,109.7700,109.4500,109.5400,4305200,91.3807
2019-06-24,109.7400,109.9400,109.7100,109.9200,3046300,91.6977
2019-06-25,110.0300,110.2300,109.9500,110.0900,5251000,91.8395
2019-06-26,109.9500,109.9500,109.6000,109.6400,6675000,91.4641
2019-06-27,109.7700,110.0300,109.6800,109.9700,2538400,91.7394
2019-06-28,109.8700,110.1100,109.8100,110.0200,4341500,91.7811
2019-07-01,109.8200,109.8700,109.5000,109.6900,8183600,91.6658
2019-07-02,109.8100,110.1500,109.7900,110.0800,3117100,91.9917
2019-07-03,110.2100,110.4000,110.2000,110.2900,2607000,92.1672
2019-07-05,109.6500,109.6500,109.3400,109.5900,3664100,91.5822
2019-07-08,109.7500,109.8200,109.4800,109.4800,3254100,91.4903
2019-07-09,109.4900,109.5000,109.3400,109.4100,2061800,91.4318
2019-07-10,109.5100,109.6200,109.3400,109.4700,4343700,91.4819
2019-07-11,109.3300,109.4000,108.8800,108.9300,4769800,91.0307
2019-07-12,108.9200,109.1700,108.8900,109.0500,4141900,91.1310
2019-07-15,109.1400,109.2800,109.0700,109.2800,1753200,91.3231
2019-07-16,108.9300,109.0800,108.8300,109.0400,2766100,91.1226
2019-07-17,109.2300,109.5600,109.2200,109.5500,2624400,91.5488
2019-07-18,109.4300,109.8900,109.4000,109.8200,2386700,91.7744
2019-07-19,109.5900,109.7300,109.5100,109.6200,1728100,91.6073
2019-07-22,109.7900,109.8000,109.6300,109.6700,1629800,91.6491
2019-07-23,109.5500,109.6600,109.4200,109.4900,2329800,91.4987
2019-07-24,109.6400,109.7500,109.5600,109.6500,2268500,91.6324
2019-07-25,109.5200,109.5300,109.2300,109.4600,3172000,91.4736
2019-07-26,109.5000,109.5100,109.3200,109.4400,3004100,91.4569
2019-07-29,109.6200,109.6600,109.5200,109.5400,2505600,91.5404
2019-07-30,109.6300,109.6700,109.4500,109.5900,2514800,91.5822
2019-07-31,109.5600,109.9900,109.3900,109.8700,6669300,91.8162
2019-08-01,109.8400,110.9200,109.7900,110.9200,16938700,92.8576
2019-08-02,110.9400,111.2000,110.8400,111.1500,8503000,93.0502
2019-08-05,111.8200,112.2000,111.7600,112.1100,7626200,93.8539
2019-08-06,111.8800,112.3000,111.7900,112.2900,6462400,94.0045
2019-08-07,113.0700,113.2700,112.1700,112.2900,9665300,94.0045
2019-08-08,111.9900,112.4100,111.6600,112.3000,5178800,94.0129
2019-08-09,112.3800,112.6000,112.0600,112.1300,2869000,93.8706
2019-08-12,112.5400,112.9800,112.5100,112.8400,4739900,94.4650
2019-08-13,112.8600,112.8900,112.1500,112.4400,5888000,94.1301
2019-08-14,113.0900,113.2900,113.0000,113.1900,8124300,94.7580
2019-08-15,113.3400,114.1700,113.2800,113.9100,5240200,95.3607
2019-08-16,113.5100,113.6700,113.1700,113.6100,4957800,95.1096
2019-08-19,113.0400,113.2600,113.0100,113.0700,3691400,94.6575
2019-08-20,113.5200,113.6600,113.4600,113.5700,3161800,95.0761
2019-08-21,113.2700,113.5700,113.2100,113.2700,4921700,94.8250
2019-08-22,113.0500,113.3700,113.0000,113.0200,5860400,94.6157
2019-08-23,113.1300,113.9400,113.0100,113.7800,8192600,95.2519
2019-08-26,113.7300,113.9300,113.5800,113.6700,7581600,95.1598
2019-08-27,113.8100,114.1900,113.8100,114.1600,3266900,95.5700
2019-08-28,114.3500,114.3900,114.1200,114.2000,2505400,95.6035
2019-08-29,114.1000,114.1000,113.6900,113.9800,4232400,95.4193
2019-08-30,113.7800,114.0500,113.7400,114.0100,3651100,95.4445
2019-09-03,113.8800,114.4400,113.7000,114.0700,11754000,95.6540
2019-09-04,113.9500,114.3000,113.9500,114.2500,3447000,95.8050
2019-09-05,113.5900,113.6200,113.0800,113.3300,4597800,95.0336
2019-09-06,113.3400,113.5300,113.2700,113.4000,3111000,95.0922
2019-09-09,112.8600,112.9400,112.6900,112.7000,4818700,94.5053
2019-09-10,112.5300,112.6300,111.8800,111.8800,4797200,93.8176
2019-09-11,111.7800,111.9700,111.7500,111.7700,4737000,93.7254
2019-09-12,112.1000,112.1600,111.3500,111.5200,8612500,93.5157
2019-09-13,111.1000,111.2100,110.5000,110.5000,24187700,92.6605
2019-09-16,110.9000,111.1000,110.7500,110.9800,5388300,93.0630
2019-09-17,111.0400,111.3800,110.9400,111.2700,8211700,93.3061
2019-09-18,111.5700,111.8000,111.2000,111.3100,5170400,93.3397
2019-09-19,111.5800,111.5900,111.3200,111.3600,7131900,93.3816
2019-09-20,111.5400,112.0200,111.4800,112.0000,9915000,93.9183
2019-09-23,112.1400,112.4800,112.0600,112.1600,13163900,94.0524
2019-09-24,112.2200,112.8200,112.2100,112.7200,10459100,94.5220
2019-09-25,112.5900,112.6900,111.9000,111.9800,8430900,93.9015
2019-09-26,112.2500,112.4300,112.1600,112.2200,4233000,94.1028
2019-09-27,112.2300,112.4900,112.1900,112.3800,4545500,94.2369
2019-09-30,112.2100,112.5100,112.1700,112.4700,2797900,94.3124
2019-10-01,111.8500,112.8600,111.8100,112.6100,8555100,94.5736
2019-10-02,112.7300,113.1800,112.7100,113.0000,3908600,94.9011
2019-10-03,113.1600,113.8800,113.1400,113.5900,6128300,95.3966
2019-10-04,113.5800,113.8900,113.5100,113.8100,4707600,95.5814
2019-10-07,113.5600,113.6800,113.4000,113.4300,3193100,95.2623
2019-10-08,113.8200,113.8700,113.4800,113.6700,4304900,95.4638
2019-10-09,113.5500,113.5500,113.2000,113.3800,3336800,95.2203
2019-10-10,113.0600,113.0800,112.5600,112.6700,3924400,94.6239
2019-10-11,112.1300,112.1800,111.7200,111.9000,8685300,93.9773
2019-10-14,112.2500,112.2900,112.1600,112.2100,1932200,94.2376
2019-10-15,112.1600,112.2400,111.6400,111.6700,6638500,93.7841
2019-10-16,111.8400,112.0200,111.7500,111.8900,2755500,93.9689
2019-10-17,111.8000,112.0900,111.7200,111.8500,3188700,93.9353
2019-10-18,111.9200,112.1200,111.8700,111.9500,2406400,94.0193
2019-10-21,111.6600,111.7900,111.5100,111.5400,1735300,93.6749
2019-10-22,111.8100,111.8500,111.5000,111.8000,3334400,93.8933
2019-10-23,112.0200,112.0700,111.7900,111.8400,3305600,93.9269
2019-10-24,111.8900,112.0700,111.7800,111.8200,2645400,93.9101
2019-10-25,111.9000,111.9200,111.4200,111.5800,2381000,93.7086
2019-10-28,111.1900,111.2200,111.0500,111.1600,5837600,93.3558
2019-10-29,111.3000,111.3500,111.1500,111.2600,2199500,93.4398
2019-10-30,111.3500,111.8100,111.3100,111.8000,5276700,93.8933
2019-10-31,112.1100,112.5800,112.0700,112.5100,5540700,94.4896
2019-11-01,112.1800,112.4200,111.8800,112.1300,8149400,94.3113
2019-11-04,111.6300,111.6900,111.5000,111.5600,4145200,93.8319
2019-11-05,111.1300,111.1700,110.8500,110.9600,6853500,93.3272
2019-11-06,111.1900,111.3900,110.9800,111.2800,4129800,93.5964
2019-11-07,110.7100,110.7100,109.9800,110.3900,5890100,92.8478
2019-11-08,110.2900,110.6400,110.2400,110.2400,3037300,92.7216
2019-11-11,110.4900,110.5200,110.2400,110.3600,1563000,92.8226
2019-11-12,110.3500,110.5000,110.1800,110.4100,4446200,92.8646
2019-11-13,110.8200,110.8600,110.6300,110.7100,2475200,93.1170
2019-11-14,111.1900,111.4000,111.1400,111.2700,3189600,93.5879
2019-11-15,111.0900,111.2900,111.0800,111.1800,2104500,93.5123
2019-11-18,111.3600,111.4900,111.3300,111.3700,1893600,93.6721
2019-11-19,111.3900,111.6200,111.3900,111.5800,8306500,93.8487
2019-11-20,111.8000,112.0200,111.7200,111.9900,3838000,94.1935
2019-11-21,111.7200,111.8300,111.5700,111.7100,3034700,93.9581
2019-11-22,111.7700,111.8100,111.6000,111.6900,1879700,93.9412
2019-11-25,111.7000,111.7800,111.6800,111.7400,3573100,93.9833
2019-11-26,111.9100,111.9900,111.8500,111.9500,3579300,94.1599
2019-11-27,111.7200,111.7700,111.6100,111.6600,2351800,93.9160
2019-11-29,111.6200,111.6300,111.4400,111.5700,2882300,93.8403
2019-12-02,110.8700,111.1200,110.8100,111.0100,6826400,93.5034
2019-12-03,111.5800,112.1700,111.5700,112.0000,6561900,94.3372
2019-12-04,111.7700,111.8600,111.3900,111.5700,2072200,93.9750
2019-12-05,111.1500,111.4200,111.1400,111.3100,3062000,93.7561
2019-12-06,110.8800,111.1900,110.8300,110.9700,2717400,93.4697
2019-12-09,111.2100,111.2200,111.0400,111.0600,1928500,93.5454
2019-12-10,111.1500,111.1900,110.9100,110.9300,1707000,93.4360
2019-12-11,111.1000,111.4700,111.0800,111.3900,2462600,93.8234
2019-12-12,111.2800,111.3000,110.3100,110.5100,5490400,93.0823
2019-12-13,110.8100,111.2300,110.4800,111.1600,4162000,93.6297
2019-12-16,110.8800,110.8800,110.5700,110.6400,3028500,93.1917
2019-12-17,110.7700,110.8200,110.5800,110.6500,3471400,93.2001
2019-12-18,110.5800,110.6100,110.2300,110.3500,2249500,92.9475
2019-12-19,110.1200,110.4200,110.0800,110.2800,1962500,93.0200
2019-12-20,110.1100,110.3000,110.0800,110.2800,4660500,93.0200
2019-12-23,110.3100,110.3800,110.0900,110.1800,1809400,92.9356
2019-12-24,110.0400,110.4100,110.0400,110.3700,857600,93.0959
2019-12-26,110.4100,110.5300,110.2700,110.5300,1285100,93.2309
2019-12-27,110.6200,110.7300,110.6200,110.6900,1771100,93.3658
2019-12-30,110.3100,110.6200,110.2400,110.6200,2035400,93.3068
2019-12-31,110.4400,110.4900,110.2100,110.2200,2801600,92.9694
2020-01-02,110.6900,110.9500,110.6300,110.7300,4022300,93.3995
2020-01-03,111.1500,111.4900,111.0400,111.4700,3839600,94.0238
2020-01-06,111.6600,111.6700,111.2600,111.3500,2714300,93.9225
2020-01-07,111.3300,111.4300,111.1900,111.1900,2038800,93.7876
2020-01-08,111.2900,111.4200,110.7900,110.9300,5081100,93.5683
2020-01-09,110.6800,111.0400,110.6300,111.0100,3680600,93.6358
2020-01-10,111.0900,111.3200,111.0900,111.2500,2600000,93.8382
2020-01-13,111.1100,111.1400,110.9800,111.1200,2672600,93.7285
2020-01-14,111.1800,111.3600,111.1600,111.3400,2376300,93.9141
2020-01-15,111.5500,111.6200,111.4300,111.6200,2734800,94.1503
2020-01-16,111.4500,111.5100,111.3000,111.3900,2200500,93.9563
2020-01-17,111.1300,111.3000,111.0900,111.3000,2627000,93.8803
2020-01-21,111.5500,111.7800,111.5400,111.7400,2355600,94.2515
2020-01-22,111.7400,111.8200,111.6800,111.7600,1787600,94.2684
2020-01-23,112.0300,112.2400,111.9900,112.0400,1891300,94.5045
2020-01-24,112.1800,112.6100,112.1600,112.4400,7932600,94.8420
2020-01-27,113.1900,113.2100,113.0300,113.2000,3824600,95.4830
2020-01-28,113.0900,113.1200,112.7800,112.8200,1923600,95.1625
2020-01-29,112.9700,113.4100,112.9700,113.3600,2429500,95.6180
2020-01-30,113.5500,113.8300,113.4000,113.4700,4405500,95.7107
2020-01-31,113.7200,114.1200,113.6900,114.0400,9764500,96.1915
2020-02-03,113.6100,113.8400,113.3200,113.7900,5722100,96.1096
2020-02-04,113.2400,113.2500,112.9600,113.1300,2569600,95.5522
2020-02-05,112.7100,112.8700,112.6200,112.6400,9027500,95.1383
2020-02-06,112.6100,112.8000,112.5600,112.7200,1697100,95.2059
2020-02-07,113.1800,113.3600,113.0900,113.2600,6177900,95.6619
2020-02-10,113.5000,113.6200,113.3700,113.4800,1909100,95.8478
2020-02-11,113.3300,113.3700,113.1400,113.2100,1657100,95.6197
2020-02-12,112.9700,112.9900,112.8300,112.9200,1473800,95.3748
2020-02-13,112.9800,113.1400,112.9400,113.0200,1868000,95.4593
2020-02-14,113.2700,113.3700,113.2100,113.3000,2043600,95.6957
2020-02-18,113.4500,113.6500,113.3500,113.4800,8356600,95.8478
2020-02-19,113.3600,113.5100,113.3000,113.4600,1681800,95.8309
2020-02-20,113.6300,113.9400,113.6200,113.7900,3452900,96.1096
2020-02-21,114.0900,114.5300,114.0800,114.2500,5381000,96.4981
2020-02-24,115.2000,115.2900,115.0200,115.1400,6803600,97.2498
2020-02-25,115.1100,115.7100,115.0800,115.4600,10014300,97.5201
2020-02-26,115.2100,115.7900,115.0900,115.4000,19649400,97.4695
2020-02-27,116.1400,116.3400,115.5800,115.9600,8629700,97.9424
2020-02-28,116.8900,117.4500,116.7600,117.2600,13437000,99.0404
2020-03-02,117.5500,117.9400,116.9700,117.0400,19402100,98.9728
2020-03-03,117.1600,119.2900,117.0300,118.4000,11462300,100.1228
2020-03-04,118.5700,118.9100,118.0500,118.1400,7627100,99.9029
2020-03-05,119.0000,119.3200,118.9200,119.1900,5284200,100.7909
2020-03-06,120.9800,121.3100,120.0900,120.4000,11614800,101.8141
2020-03-09,123.2500,123.4100,121.4500,121.4800,24791700,102.7274
2020-03-10,120.8800,121.7600,119.2500,119.2500,15072900,100.8416
2020-03-11,120.2700,120.5900,117.6000,118.0600,13316100,99.8353
2020-03-12,120.1500,120.7700,114.4000,118.1200,10671600,99.8860
2020-03-13,117.8000,118.9800,117.0100,117.3500,8697200,99.2349
2020-03-16,120.0300,120.6800,119.0000,120.4500,6971700,101.8564
2020-03-17,119.9100,120.2900,117.4200,117.4300,5680300,99.3026
2020-03-18,116.6000,117.8000,115.3400,115.8000,13256300,97.9242
2020-03-19,116.1400,117.6300,115.9200,116.1800,6702900,98.2456
2020-03-20,117.6400,119.8800,117.4100,119.1400,9641600,100.7486
2020-03-23,119.4500,121.0600,119.4500,120.5500,12234700,101.9410
2020-03-24,119.5200,119.9700,119.2600,119.7300,5235500,101.2475
2020-03-25,119.7600,120.2600,119.4000,119.8000,5527600,101.3067
2020-03-26,120.1900,120.5000,119.9100,120.0900,3384400,101.5519
2020-03-27,120.8100,121.3900,120.6800,120.9800,5282300,102.3046
2020-03-30,121.7900,122.0900,121.1800,121.2600,4649400,102.5414
2020-03-31,121.4500,121.8100,121.3100,121.4800,6356500,102.7274
2020-04-01,122.1300,122.2600,121.7300,121.8300,9256400,103.1456
2020-04-02,122.1700,122.2200,121.6700,121.8500,4789400,103.1625
2020-04-03,122.0400,122.2900,121.8200,121.9400,3441100,103.2387
2020-04-06,121.5300,121.6000,121.2800,121.3900,4697500,102.7731
2020-04-07,120.5500,120.8900,120.2700,120.8500,9340600,102.3159
2020-04-08,120.6000,120.8700,120.4600,120.7000,3341000,102.1889
2020-04-09,120.6400,121.1100,120.5300,120.9600,4543600,102.4091
2020-04-13,120.8500,121.0200,120.6700,120.7000,2103100,102.1889
2020-04-14,120.8400,121.0500,120.8000,120.8600,2180100,102.3244
2020-04-15,121.5200,122.0300,121.4800,121.9400,3137400,103.2387
2020-04-16,122.1100,122.2500,121.9900,122.0700,1901600,103.3488
2020-04-17,121.9700,122.3000,121.6400,121.7500,2375000,103.0779
2020-04-20,121.9800,122.0800,121.7900,122.0700,4230700,103.3488
2020-04-21,122.5700,122.6900,122.3000,122.4100,3287700,103.6367
2020-04-22,122.1300,122.2500,121.8100,122.0300,3168700,103.3149
2020-04-23,121.9700,122.1400,121.8700,122.1100,2345900,103.3827
2020-04-24,121.8900,122.1500,121.8800,122.1400,2373500,103.4081
2020-04-27,121.8500,121.8800,121.4600,121.4900,2508100,102.8578
2020-04-28,121.7500,122.0900,121.7400,122.0200,2847600,103.3065
2020-04-29,122.0300,122.2100,121.7100,121.9600,2600100,103.2557
2020-04-30,122.0500,122.2600,121.6700,121.6700,5371500,103.0102
2020-05-01,121.7900,121.9100,121.5700,121.7100,8357700,103.1526
2020-05-04,121.6800,121.8200,121.5500,121.7300,3580500,103.1695
2020-05-05,121.4500,121.6800,121.3700,121.6400,3487600,103.0932
2020-05-06,120.9900,121.2800,120.8500,121.1900,3279500,102.7119
2020-05-07,121.3000,121.9800,121.2600,121.9300,3252800,103.3390
2020-05-08,121.6200,121.9800,121.4400,121.5300,3486800,103.0000
2020-05-11,121.5100,121.5800,121.0900,121.1900,4569400,102.7119
2020-05-12,121.1300,121.6300,121.1100,121.5900,4267700,103.0508
2020-05-13,121.7400,121.9900,121.6500,121.8400,2615800,103.2627
2020-05-14,122.0500,122.2100,121.9800,122.0300,2257600,103.4237
2020-05-15,122.2000,122.2300,121.8600,121.9500,1828900,103.3559
2020-05-18,121.6600,121.6700,121.0600,121.2000,3091200,102.7203
2020-05-19,121.1700,121.5600,121.1700,121.5400,1941700,103.0085
2020-05-20,121.3700,121.7100,121.2800,121.5700,2366700,103.0339
2020-05-21,121.6900,121.8500,121.6000,121.6500,2063800,103.1017
2020-05-22,121.7100,121.8800,121.6900,121.8800,1352400,103.2966
2020-05-26,121.5000,121.6300,121.3900,121.5600,3484800,103.0254
2020-05-27,121.4900,121.8400,121.4800,121.6600,2542900,103.1102
2020-05-28,121.4400,121.6100,121.3700,121.5500,3873900,103.0169
2020-05-29,121.7500,121.9900,121.6300,121.9400,2993800,103.3475
2020-06-01,121.6200,121.7700,121.4900,121.7700,8531700,103.3067
2020-06-02,121.6300,121.7400,121.4900,121.5700,4711800,103.1371
2020-06-03,121.1700,121.1900,120.7500,120.8500,4226600,102.5262
2020-06-04,120.6600,120.6700,120.3100,120.3700,4744100,102.1190
2020-06-05,119.6000,119.8100,119.3500,119.7700,10611700,101.6100
2020-06-08,119.6700,120.0100,119.6600,119.9000,3314700,101.7203
2020-06-09,120.3700,120.5300,120.2500,120.3300,3238600,102.0851
2020-06-10,120.6100,121.2300,120.5500,121.2300,4944600,102.8486
2020-06-11,121.6800,121.8500,121.5900,121.6600,6365800,103.2134
2020-06-12,121.4400,121.6600,121.3300,121.3900,3051000,102.9844
2020-06-15,121.6600,121.7400,121.2900,121.2900,2658000,102.8995
2020-06-16,120.8400,121.2700,120.7300,121.0400,5252000,102.6874
2020-06-17,121.1600,121.2700,120.9700,121.2300,2308300,102.8486
2020-06-18,121.5100,121.5600,121.4200,121.5000,1694600,103.0777
2020-06-19,121.2300,121.6100,121.2300,121.5400,2033200,103.1116
2020-06-22,121.6600,121.7100,121.3700,121.4300,2284900,103.0183
2020-06-23,121.3100,121.4300,121.2400,121.3900,2010600,102.9844
2020-06-24,121.2900,121.6600,121.2900,121.6200,2310700,103.1795
2020-06-25,121.8000,121.8300,121.6100,121.6400,1650900,103.1964
2020-06-26,121.8000,122.0700,121.7800,121.9700,3413900,103.4764
2020-06-29,121.9300,122.1400,121.9200,122.0900,28632400,103.5782
2020-06-30,122.1500,122.1900,121.7900,121.8700,4126700,103.3916
2020-07-01,121.5300,121.6600,121.3500,121.5700,8416500,103.2302
2020-07-02,121.4400,121.7400,121.3500,121.7200,3054100,103.3577
2020-07-06,121.4100,121.5600,121.2900,121.5400,2821900,103.2048
2020-07-07,121.6300,121.9400,121.5700,121.9300,2920400,103.5360
2020-07-08,121.7200,121.8700,121.6100,121.7400,2096700,103.3746
2020-07-09,121.7700,122.2400,121.7600,122.1300,2769400,103.7058
2020-07-10,122.2500,122.2900,121.8500,121.8900,1939000,103.5020
2020-07-13,121.7100,122.0400,121.6800,122.0200,2051100,103.6123
2020-07-14,122.1800,122.2300,121.9900,122.0100,1721500,103.6039
2020-07-15,121.8300,122.0900,121.8200,121.9700,2085400,103.5699
2020-07-16,122.1600,122.2500,122.0600,122.0600,1907100,103.6464
2020-07-17,122.1200,122.1500,121.9700,122.0300,2405200,103.6208
2020-07-20,122.2000,122.2200,122.0200,122.1100,2695900,103.6888
2020-07-21,122.1600,122.2800,122.1200,122.2400,3228400,103.7992
2020-07-22,122.3900,122.3900,122.2400,122.2800,2431500,103.8332
2020-07-23,122.4300,122.4500,122.2900,122.4000,2006500,103.9350
2020-07-24,122.3000,122.4300,122.2700,122.3400,3395600,103.8841
2020-07-27,122.4400,122.4600,122.1200,122.1500,1976500,103.7227
2020-07-28,122.3000,122.4700,122.2600,122.4400,1870300,103.9690
2020-07-29,122.4500,122.6000,122.3100,122.6000,1874200,104.1049
2020-07-30,122.7500,122.7800,122.6700,122.7700,28331800,104.2492
2020-07-31,122.6400,122.8900,122.5900,122.8000,4039200,104.2747
2020-08-03,122.5200,122.6500,122.4600,122.6400,6595900,104.2237
2020-08-04,122.8300,123.0900,122.7900,123.0600,3842000,104.5806
2020-08-05,122.7500,122.7800,122.6100,122.6500,2423700,104.2322
2020-08-06,122.8900,123.0600,122.7300,122.7900,2286500,104.3512
2020-08-07,122.8300,122.9000,122.4900,122.5300,2363400,104.1302
2020-08-10,122.7000,122.7200,122.4000,122.4000,1994900,104.0197
2020-08-11,121.9600,122.0400,121.6900,121.9800,7166500,103.6628
2020-08-12,121.6500,121.7600,121.4700,121.6200,5538100,103.3568
2020-08-13,121.6000,121.7100,121.2500,121.3700,5748400,103.1444
2020-08-14,121.4800,121.5900,121.4200,121.4300,2722800,103.1954
2020-08-17,121.6900,121.8300,121.6000,121.6300,3357700,103.3653
2020-08-18,121.7600,121.9200,121.6900,121.8400,1853600,103.5438
2020-08-19,121.9000,121.9700,121.6500,121.6800,4493800,103.4079
2020-08-20,122.0500,122.0800,121.9500,122.0300,2880300,103.7053
2020-08-21,122.1100,122.1500,121.9200,122.1200,2103700,103.7818
2020-08-24,122.0900,122.2100,121.9300,121.9500,1974900,103.6373
2020-08-25,121.5600,121.7200,121.3900,121.6600,3562800,103.3908
2020-08-26,121.5400,121.6700,121.3800,121.6100,3337400,103.3484
2020-08-27,121.8700,121.8700,121.1800,121.1800,4672900,102.9830
2020-08-28,121.4100,121.5300,121.2600,121.3800,2277200,103.1529
2020-08-31,121.4000,121.7100,121.3800,121.5100,3273300,103.2634
2020-09-01,121.4000,121.8200,121.3000,121.8200,4622900,103.6019
2020-09-02,121.7200,122.0400,121.7000,121.9900,3013400,103.7464
2020-09-03,122.0800,122.3900,122.0200,122.1500,5750500,103.8825
2020-09-04,121.8300,121.9200,121.3800,121.4700,7512800,103.3042
2020-09-08,121.7400,121.9200,121.7000,121.7300,3442700,103.5253
2020-09-09,121.7600,121.8300,121.5400,121.6700,3964300,103.4743
2020-09-10,121.5100,121.8400,121.4400,121.8200,3164200,103.6019
2020-09-11,121.8800,122.0100,121.8400,122.0100,4905000,103.7635
2020-09-14,122.0200,122.1000,121.8300,121.9000,1797100,103.6699
2020-09-15,121.8300,121.9000,121.7600,121.8400,2897600,103.6189
2020-09-16,122.0000,122.0000,121.6600,121.7700,4015700,103.5593
2020-09-17,122.0500,122.0500,121.7700,121.8100,3426800,103.5934
2020-09-18,121.8500,121.8800,121.7000,121.7000,5606900,103.4998
2020-09-21,122.0100,122.1500,121.9000,121.9200,5838100,103.6869
2020-09-22,121.9200,122.0300,121.8800,121.9200,3387900,103.6869
2020-09-23,121.9200,121.9600,121.7600,121.9200,3172000,103.6869
2020-09-24,121.9700,122.0200,121.9100,121.9800,2866900,103.7380
2020-09-25,122.0600,122.1200,122.0000,122.0800,2187400,103.8230
2020-09-28,122.0400,122.0800,122.0000,122.0600,4167200,103.8060
2020-09-29,122.1300,122.2200,122.0900,122.1500,2577100,103.8825
2020-09-30,122.0300,122.0300,121.6600,121.8200,4276400,103.6019
2020-10-01,121.5300,121.9000,121.4300,121.8100,8733800,103.6606
2020-10-02,121.9100,121.9300,121.6000,121.6900,7509700,103.5585
2020-10-05,121.3500,121.3600,120.9200,120.9200,6132200,102.9032
2020-10-06,120.9500,121.4000,120.8700,121.2000,8516400,103.1414
2020-10-07,120.9700,121.1000,120.7800,120.8500,7116700,102.8436
2020-10-08,120.9900,121.0900,120.9400,121.0700,3499000,103.0309
2020-10-09,120.9700,121.1300,120.7800,121.0100,4358500,102.9798
2020-10-12,121.0600,121.1400,120.9900,121.1400,3287900,103.0904
2020-10-13,121.2700,121.4300,121.2700,121.4100,6583300,103.3202
2020-10-14,121.4800,121.5500,121.4000,121.4500,5200600,103.3542
2020-10-15,121.5800,121.6000,121.2900,121.3200,3839200,103.2436
2020-10-16,121.3200,121.4600,121.2100,121.2500,2726200,103.1840
2020-10-19,121.0200,121.1300,120.9000,121.0500,3635800,103.0138
2020-10-20,120.9000,120.9800,120.7500,120.7900,6129700,102.7926
2020-10-21,120.6400,120.7600,120.5600,120.6300,6425300,102.6564
2020-10-22,120.5300,120.5700,120.2000,120.2100,6749000,102.2990
2020-10-23,120.1900,120.4900,120.1800,120.3800,5049900,102.4436
2020-10-26,120.6400,120.8300,120.5900,120.7000,4817800,102.7160
2020-10-27,120.8700,121.0100,120.8200,120.9700,3620100,102.9458
2020-10-28,121.1500,121.1800,120.8800,120.9600,5586600,102.9372
2020-10-29,120.9200,120.9400,120.3700,120.4500,7504800,102.5032
2020-10-30,120.4000,120.4500,120.0600,120.0600,7246800,102.1714
2020-11-02,120.3400,120.4200,120.1300,120.1900,7674300,102.3468
2020-11-03,120.0100,120.0300,119.8300,119.9200,9203500,102.1169
2020-11-04,120.9300,121.0600,120.7800,120.9300,14922300,102.9769
2020-11-05,120.9800,121.0200,120.7700,120.9100,6250700,102.9599
2020-11-06,120.5300,120.5900,120.3600,120.5000,10402200,102.6107
2020-11-09,119.5900,119.6300,119.1900,119.6100,11195800,101.8529
2020-11-10,119.2200,119.5000,119.2100,119.2700,4810500,101.5633
2020-11-11,119.2800,119.5100,119.2600,119.4600,1699900,101.7251
2020-11-12,119.8200,120.1500,119.7800,120.1400,6324000,102.3042
2020-11-13,120.0900,120.1300,119.9600,119.9800,6766000,102.1679
2020-11-16,119.9000,120.0000,119.8800,119.8900,3911400,102.0913
2020-11-17,120.1200,120.2500,120.0900,120.2000,4707900,102.3553
2020-11-18,120.2800,120.2800,119.9900,120.1600,7931200,102.3212
2020-11-19,120.2900,120.4100,120.2500,120.2900,9323000,102.4319
2020-11-20,120.3500,120.5200,120.3300,120.5000,16772200,102.6107
2020-11-23,120.3400,120.3600,120.2000,120.2600,2511900,102.4064
2020-11-24,120.1700,120.1900,120.0100,120.0700,4349300,102.2446
2020-11-25,120.1600,120.3300,120.1000,120.1100,2125500,102.2786
2020-11-27,120.3100,120.4700,120.3000,120.4700,2988100,102.5852
2020-11-30,120.4200,120.5100,120.3500,120.3900,2390900,102.5171
2020-12-01,119.9700,120.0100,119.5300,119.6700,13902200,101.9717
2020-12-02,119.5600,119.5800,119.3000,119.4700,5578500,101.8013
2020-12-03,119.6500,119.9000,119.6000,119.7900,4484900,102.0739
2020-12-04,119.4100,119.4400,119.2000,119.3200,4709100,101.6735
2020-12-07,119.6100,119.7600,119.5900,119.6900,4441600,101.9887
2020-12-08,119.9100,120.0400,119.8000,119.8100,4735700,102.0910
2020-12-09,119.5900,119.7700,119.4700,119.6400,3444100,101.9461
2020-12-10,119.7400,119.9500,119.6400,119.9100,3557600,102.1762
2020-12-11,120.0800,120.2700,120.0500,120.1500,4336600,102.3807
2020-12-14,119.8400,120.1600,119.7800,120.0800,2870600,102.3211
2020-12-15,119.9300,120.0300,119.8400,119.9600,2889200,102.2188
2020-12-16,119.6900,120.0000,119.6400,119.8600,5058400,102.1336
2020-12-17,119.9900,120.0700,119.6200,119.7000,3233200,102.0594
2020-12-18,119.7900,119.8500,119.5800,119.6000,3189500,101.9742
2020-12-21,119.7900,119.8300,119.5800,119.6800,2850500,102.0424
2020-12-22,119.8300,119.9000,119.7100,119.8800,3688500,102.2129
2020-12-23,119.6500,119.6600,119.4200,119.6300,3047100,101.9997
2020-12-24,119.7400,119.8000,119.7100,119.8000,1529300,102.1447
2020-12-28,119.6100,119.8100,119.5400,119.8100,3677500,102.1532
2020-12-29,119.6400,119.8300,119.6400,119.7900,2157300,102.1362
2020-12-30,119.7400,119.8700,119.7300,119.8700,2549100,102.2044
2020-12-31,119.8500,120.0000,119.8500,119.9500,2626200,102.2726
2021-01-04,119.6800,120.0600,119.6500,119.9800,5499000,102.2982
2021-01-05,119.8700,119.8900,119.5800,119.7000,5004400,102.0594
2021-01-06,119.1200,119.1200,118.7700,119.0000,10039300,101.4626
2021-01-07,118.5800,118.6600,118.4800,118.5800,7751700,101.1045
2021-01-08,118.3500,118.4300,118.1300,118.2400,8378700,100.8146
2021-01-11,118.1500,118.1600,117.9900,118.0100,6061000,100.6185
2021-01-12,117.7700,118.0400,117.5700,117.9900,6516600,100.6014
2021-01-13,118.1700,118.5500,118.1400,118.4000,7562900,100.9510
2021-01-14,118.3900,118.4700,118.0300,118.1300,8113000,100.7208
2021-01-15,118.3800,118.5300,118.2100,118.4500,5978400,100.9936
2021-01-19,118.2800,118.5200,118.2300,118.5200,4035700,101.0533
2021-01-20,118.3900,118.5700,118.3600,118.5700,4277700,101.0960
2021-01-21,118.3700,118.4800,118.3000,118.4000,4254500,100.9510
2021-01-22,118.5000,118.6000,118.4400,118.5800,4706200,101.1045
2021-01-25,118.7500,119.0600,118.7100,119.0600,5689200,101.5137
2021-01-26,118.9400,119.0600,118.9200,119.0200,4257100,101.4796
2021-01-27,119.2200,119.3400,119.1200,119.1600,5764700,101.5990
2021-01-28,119.0000,119.0100,118.7200,118.8500,5394200,101.3347
2021-01-29,118.5100,118.7900,118.4700,118.6400,7952100,101.1557
2021-02-01,118.5700,118.7700,118.5300,118.7100,3640700,101.2819
2021-02-02,118.3400,118.4600,118.3000,118.4100,3609800,101.0259
2021-02-03,118.2500,118.3100,118.1000,118.1200,3844200,100.7785
2021-02-04,117.9800,118.1300,117.8900,118.0800,2146000,100.7444
2021-02-05,118.0500,118.1800,117.8300,117.8300,5498000,100.5311
2021-02-08,117.8100,118.0400,117.7400,117.8800,2861300,100.5738
2021-02-09,118.0100,118.1300,117.9200,117.9700,4458500,100.6506
2021-02-10,118.1000,118.2700,118.0900,118.2700,6726800,100.9065
2021-02-11,118.2700,118.3100,118.1300,118.1800,5949900,100.8297
2021-02-12,117.8900,118.0200,117.7500,117.7900,8802400,100.4970
2021-02-16,117.2700,117.3800,116.8600,116.9400,8909000,99.7718
2021-02-17,117.0200,117.1700,116.8800,117.0200,4789700,99.8400
2021-02-18,116.8300,117.1000,116.7400,117.0100,4469900,99.8315
2021-02-19,116.6600,116.7700,116.3700,116.5400,5851800,99.4305
2021-02-22,116.4500,116.6700,116.2600,116.3500,3828000,99.2684
2021-02-23,116.2700,116.5800,116.1700,116.4400,7344900,99.3452
2021-02-24,115.8600,116.3400,115.7900,116.2800,7133700,99.2087
2021-02-25,115.6100,115.7200,114.1000,114.7300,35760600,97.8862
2021-02-26,115.1400,115.8100,114.7100,115.7600,28188400,98.7650
2021-03-01,115.4700,115.6900,115.2500,115.5600,9616500,98.6540
2021-03-02,115.4600,115.7800,115.4100,115.7700,6271000,98.8333
2021-03-03,115.2200,115.2400,114.9300,115.1500,8377300,98.3040
2021-03-04,115.1400,115.2700,114.4100,114.5800,12327900,97.8174
2021-03-05,114.1200,114.5700,114.0200,114.4200,8634600,97.6808
2021-03-08,114.1500,114.1800,113.9300,113.9700,7416400,97.2967
2021-03-09,114.4700,114.6100,114.2900,114.5100,7035000,97.7577
2021-03-10,114.5100,114.8600,114.4500,114.7500,5683100,97.9625
2021-03-11,114.7400,114.8700,114.5400,114.7100,7576500,97.9284
2021-03-12,113.9800,113.9900,113.7600,113.8800,7332600,97.2198
2021-03-15,113.9500,114.1300,113.9200,114.0200,4465500,97.3393
2021-03-16,114.1500,114.2400,113.8700,114.0000,5479400,97.3223
2021-03-17,113.5700,114.0500,113.3600,113.8100,8975900,97.1601
2021-03-18,112.9000,113.2300,112.7900,113.1000,8281400,96.5539
2021-03-19,112.8600,113.2000,112.8300,113.0300,8748100,96.4941
2021-03-22,113.3200,113.4600,113.2300,113.4000,4679800,96.8100
2021-03-23,113.6500,113.9800,113.5700,113.9600,7544000,97.2881
2021-03-24,113.7300,114.1300,113.7000,114.1100,14634800,97.4162
2021-03-25,114.1700,114.2400,113.7900,113.9600,10573800,97.2881
2021-03-26,113.6500,113.8900,113.5700,113.5800,6409700,96.9637
2021-03-29,113.6800,113.6900,113.0900,113.1900,6298000,96.6308
2021-03-30,112.8800,113.1600,112.7800,113.0900,5784900,96.5454
2021-03-31,113.0600,113.1900,112.7900,112.9300,8620000,96.4088
2021-04-01,113.2100,113.4200,113.1300,113.3600,8535300,96.8359
2021-04-05,112.9700,113.1300,112.8000,113.0400,9944500,96.5625
2021-04-06,113.2800,113.6100,113.2400,113.5900,8765200,97.0324
2021-04-07,113.5700,113.8000,113.4800,113.5200,6316800,96.9726
2021-04-08,113.7200,113.9200,113.7000,113.9100,6334700,97.3057
2021-04-09,113.5400,113.8200,113.4400,113.6100,5887400,97.0495
2021-04-12,113.5200,113.5700,113.4200,113.5400,5466000,96.9896
2021-04-13,113.5700,114.0100,113.5400,114.0100,7663800,97.3912
2021-04-14,113.8200,113.9100,113.7200,113.8700,4876900,97.2716
2021-04-15,114.2300,114.7700,114.2300,114.6000,9958500,97.8952
2021-04-16,114.2600,114.4700,114.2300,114.2900,7334900,97.6303
2021-04-19,114.1000,114.3600,114.0400,114.1700,5738600,97.5278
2021-04-20,114.1400,114.5900,114.1400,114.5100,6468300,97.8183
2021-04-21,114.5000,114.6300,114.3400,114.5700,7976500,97.8695
2021-04-22,114.5600,114.6900,114.2900,114.6600,7681300,97.9464
2021-04-23,114.6400,114.6500,114.3300,114.5100,5509900,97.8183
2021-04-26,114.4600,114.5500,114.3900,114.3900,7145300,97.7158
2021-04-27,114.2300,114.3300,113.9400,113.9400,7720500,97.3314
2021-04-28,113.9500,114.1100,113.6600,114.0900,8692900,97.4595
2021-04-29,113.5500,113.9000,113.4400,113.8900,5547800,97.2886
2021-04-30,113.9400,114.0300,113.7700,113.9900,5160000,97.3741
2021-05-03,113.9600,114.3500,113.9200,114.1100,8593300,97.5399
2021-05-04,114.3400,114.5600,114.2000,114.2600,11171000,97.6681
2021-05-05,114.1400,114.4300,114.1400,114.4000,6810000,97.7878
2021-05-06,114.3200,114.5800,114.3000,114.4500,6546200,97.8305
2021-05-07,114.7200,114.9500,114.3900,114.4900,10657600,97.8647
2021-05-10,114.5400,114.6300,114.2100,114.2600,5906800,97.6681
2021-05-11,114.0900,114.1700,114.0200,114.0700,6591300,97.5057
2021-05-12,113.6500,113.7300,113.4700,113.5200,14509800,97.0356
2021-05-13,113.6600,113.9400,113.5900,113.9000,8242700,97.3604
2021-05-14,114.0700,114.1900,113.9500,114.1500,7943100,97.5741
2021-05-17,114.0700,114.1200,113.9900,114.0400,6711100,97.4801
2021-05-18,114.0300,114.0900,113.9200,114.0400,4319600,97.4801
2021-05-19,114.0200,114.2500,113.6000,113.7000,13156500,97.1894
2021-05-20,113.9000,114.1800,113.8700,114.1700,8412700,97.5912
2021-05-21,114.2800,114.3100,114.0800,114.2100,6648700,97.6254
2021-05-24,114.2700,114.4300,114.2200,114.3200,4826000,97.7194
2021-05-25,114.4400,114.7600,114.4400,114.7400,5748200,98.0784
2021-05-26,114.6600,114.8100,114.5600,114.6100,4501600,97.9673
2021-05-27,114.3600,114.4100,114.2000,114.4100,5998100,97.7963
2021-05-28,114.3600,114.6400,114.3600,114.4000,5575700,97.7878
2021-06-01,114.1900,114.3200,114.0500,114.3000,9498100,97.7698
2021-06-02,114.4200,114.5100,114.3700,114.4300,4269900,97.8810
2021-06-03,114.3300,114.3300,114.0900,114.1400,3591200,97.6329
2021-06-04,114.4300,114.7800,114.4100,114.7700,6326000,98.1719
2021-06-07,114.6300,114.7200,114.6000,114.6800,3068500,98.0949
2021-06-08,115.0400,115.0700,114.9600,115.0100,4760500,98.3771
2021-06-09,115.4200,115.5500,115.2200,115.3700,5679300,98.6851
2021-06-10,115.1200,115.7900,115.0700,115.7800,6494800,99.0358
2021-06-11,115.7000,115.7200,115.5100,115.6100,3914200,98.8904
2021-06-14,115.4900,115.5000,115.2000,115.2500,3730900,98.5825
2021-06-15,115.1900,115.2900,115.1300,115.2700,4212700,98.5996
2021-06-16,115.3200,115.3800,114.3100,114.4800,13529000,97.9238
2021-06-17,114.6600,115.2600,114.5800,114.8900,8838100,98.2745
2021-06-18,115.0400,115.5800,114.8100,115.5400,13435000,98.8305
2021-06-21,115.2600,115.3500,115.0800,115.1700,6460000,98.5140
2021-06-22,115.0400,115.4100,115.0100,115.3800,5459700,98.6936
2021-06-23,115.2500,115.3700,115.1000,115.1500,5429800,98.4969
2021-06-24,115.1500,115.2800,115.0800,115.1300,3631700,98.4798
2021-06-25,115.2100,115.2500,114.6900,114.8900,6716800,98.2745
2021-06-28,115.1100,115.3600,115.1000,115.2500,4968900,98.5825
2021-06-29,115.1000,115.3200,115.0900,115.3100,3373200,98.6337
2021-06-30,115.4800,115.6600,115.4600,115.4900,6572800,98.7877
2021-07-01,115.3800,115.4500,115.1700,115.3300,11966200,98.7167
2021-07-02,115.4700,115.7500,115.4400,115.7500,5071900,99.0762
2021-07-06,115.8900,116.4400,115.8900,116.3600,9095300,99.5983
2021-07-07,116.5800,116.9100,116.4700,116.7000,7456400,99.8893
2021-07-08,116.9200,117.1900,116.8200,117.0000,7368000,100.1461
2021-07-09,116.5200,116.5400,116.4000,116.4100,5531200,99.6411
2021-07-12,116.5100,116.5600,116.2600,116.3500,3867700,99.5898
2021-07-13,116.4100,116.5300,115.8900,115.9900,6926500,99.2816
2021-07-14,116.3100,116.5200,116.2100,116.4900,6029200,99.7096
2021-07-15,116.7900,117.0400,116.5300,116.9800,5704500,100.1290
2021-07-16,116.6700,116.9800,116.6600,116.9600,3577900,100.1118
2021-07-19,117.7400,118.1100,117.6800,117.9600,20557500,100.9678
2021-07-20,118.4700,118.5200,117.7100,117.8100,8729000,100.8394
2021-07-21,117.3300,117.4100,117.0200,117.1300,7438300,100.2574
2021-07-22,117.1300,117.6400,117.1200,117.4000,6363500,100.4885
2021-07-23,116.9800,117.2500,116.9700,117.2200,6804600,100.3344
2021-07-26,117.4000,117.4200,117.1200,117.1400,6179600,100.2659
2021-07-27,117.6200,117.7100,117.5100,117.6400,8621200,100.6939
2021-07-28,117.4200,117.7500,117.2600,117.7400,11533500,100.7795
2021-07-29,117.3100,117.5300,117.2800,117.3800,6203800,100.4714
2021-07-30,117.5800,117.7800,117.5700,117.7100,5656400,100.7538
2021-08-02,117.8200,118.3800,117.7100,118.1500,19495800,101.1958
2021-08-03,118.1800,118.3700,118.1200,118.1800,6627300,101.2215
2021-08-04,118.5300,118.6300,117.7800,118.1500,7545000,101.1958
2021-08-05,117.9000,117.9600,117.6400,117.7200,5164600,100.8275
2021-08-06,117.1400,117.2500,117.0000,117.0300,7807600,100.2365
2021-08-09,117.2000,117.3100,116.7800,116.7800,10842500,100.0224
2021-08-10,116.8700,116.8800,116.5500,116.5600,7192400,99.8340
2021-08-11,116.6400,116.9900,116.4400,116.6900,7254300,99.9453
2021-08-12,116.5700,116.7000,116.4300,116.5700,6932200,99.8425
2021-08-13,116.7500,117.2400,116.7300,117.2400,6896500,100.4164
2021-08-16,117.5500,117.8200,117.5000,117.5000,6928100,100.6391
2021-08-17,117.4800,117.7000,117.4200,117.4400,7785500,100.5877
2021-08-18,117.3900,117.4900,117.1300,117.3800,7025800,100.5363
2021-08-19,117.6300,117.7200,117.5300,117.6400,6242600,100.7590
2021-08-20,117.6400,117.7100,117.4100,117.5300,6510200,100.6647
2021-08-23,117.5000,117.5800,117.4000,117.5600,3958500,100.6905
2021-08-24,117.4100,117.5100,117.2100,117.2400,3649700,100.4164
2021-08-25,117.2000,117.2400,116.7200,116.7800,5874700,100.0224
2021-08-26,116.7200,116.8300,116.5900,116.7800,6850600,100.0224
2021-08-27,116.7800,117.1600,116.6300,117.1600,6360700,100.3479
2021-08-30,117.1400,117.4000,117.1000,117.3900,6546200,100.5448
2021-08-31,117.3300,117.4900,117.1200,117.1700,7418400,100.3564
2021-09-01,117.2500,117.2900,117.0400,117.1400,11908600,100.3992
2021-09-02,117.2700,117.2800,117.1400,117.2800,2976200,100.5193
2021-09-03,117.0100,117.0500,116.8800,117.0000,4988900,100.2793
2021-09-07,116.5900,116.6800,116.4400,116.5400,7098600,99.8850
2021-09-08,116.7000,116.9400,116.6300,116.8600,6046200,100.1593
2021-09-09,116.9100,117.3200,116.8100,117.1900,7009500,100.4421
2021-09-10,116.9300,117.0300,116.7100,116.8200,8147100,100.1250
2021-09-13,116.9300,117.0600,116.9100,116.9600,4269300,100.2450
2021-09-14,117.1600,117.5200,117.1000,117.4000,6991000,100.6221
2021-09-15,117.3300,117.3500,117.0000,117.2000,5108900,100.4507
2021-09-16,116.7900,117.0100,116.6800,116.8300,5682700,100.1336
2021-09-17,116.5400,116.5700,116.3800,116.4900,7611700,99.8422
2021-09-20,116.9100,117.2100,116.8200,117.0800,8781600,100.3479
2021-09-21,117.1200,117.1500,116.9400,117.0100,4867900,100.2878
2021-09-22,117.0100,117.2200,116.7900,117.1200,10966400,100.3821
2021-09-23,116.5800,116.6100,116.0600,116.0600,10650100,99.4736
2021-09-24,115.9000,115.9100,115.6400,115.7100,10528000,99.1736
2021-09-27,115.4000,115.6000,115.3700,115.4000,6742100,98.9079
2021-09-28,114.9800,115.2200,114.7300,114.9600,10295500,98.5308
2021-09-29,115.2000,115.3600,114.8700,115.0800,8364000,98.6337
2021-09-30,114.9700,115.2600,114.9200,115.2200,7307900,98.7537
2021-10-01,115.3600,115.6600,115.2600,115.6100,19830100,99.1568
2021-10-04,115.4100,115.6700,115.2600,115.4700,7691800,99.0367
2021-10-05,115.2900,115.3200,114.9900,115.1100,6861900,98.7279
2021-10-06,115.1500,115.2600,115.0500,115.1400,7473500,98.7537
2021-10-07,114.8800,114.9100,114.6700,114.6800,8160200,98.3591
2021-10-08,114.6200,114.6200,114.3000,114.4300,9455100,98.1447
2021-10-11,114.2300,114.3200,114.1300,114.1500,2261300,97.9046
2021-10-12,114.3500,114.7100,114.2800,114.6700,7938400,98.3506
2021-10-13,114.7400,115.0500,114.6800,114.8900,11662400,98.5393
2021-10-14,115.0200,115.2100,114.9000,115.1600,9518200,98.7708
2021-10-15,114.7400,114.7700,114.5300,114.5900,8689700,98.2820
2021-10-18,114.2500,114.5200,114.0700,114.4300,8703300,98.1447
2021-10-19,114.2700,114.3200,114.0000,114.0200,7445200,97.7931
2021-10-20,114.0200,114.2100,113.9400,113.9700,6230000,97.7502
2021-10-21,113.9000,113.9500,113.6300,113.6700,7103900,97.4929
2021-10-22,113.7800,114.0500,113.6700,113.9600,10204600,97.7416
2021-10-25,113.9800,114.2200,113.9800,114.1000,4835000,97.8617
2021-10-26,114.1200,114.2400,113.9000,114.2400,5603100,97.9818
2021-10-27,114.6400,115.0600,114.3200,114.8800,16140300,98.5307
2021-10-28,114.7600,114.9100,114.4600,114.5800,9940400,98.2734
2021-10-29,114.2700,114.8600,114.1900,114.6300,11254300,98.3162
2021-11-01,114.2200,114.6300,114.1900,114.5400,14479000,98.3085
2021-11-02,114.6700,114.9600,114.6600,114.8200,12191100,98.5489
2021-11-03,114.8400,114.8800,114.2700,114.4600,17031100,98.2399
2021-11-04,114.6600,115.1700,114.6600,115.0800,12665400,98.7720
2021-11-05,115.3400,115.8100,115.2200,115.7100,12955100,99.3127
2021-11-08,115.5200,115.5200,115.1600,115.2100,7404300,98.8836
2021-11-09,115.7000,115.9800,115.6500,115.7400,12345400,99.3385
2021-11-10,115.5400,115.5700,114.5400,114.7500,19425100,98.4888
2021-11-11,114.7500,114.8000,114.3800,114.3800,3746100,98.1712
2021-11-12,114.8000,114.9400,114.5200,114.6200,10613400,98.3772
2021-11-15,114.5500,114.5800,114.1300,114.1700,8021400,97.9910
2021-11-16,114.1800,114.4000,114.0500,114.0700,6573700,97.9051
2021-11-17,114.0700,114.4900,114.0500,114.4800,10006200,98.2570
2021-11-18,114.3100,114.5800,114.2900,114.5500,10183400,98.3171
2021-11-19,114.9200,115.1100,114.7900,114.8600,10731600,98.5832
2021-11-22,114.3300,114.4400,113.9500,114.0200,10876200,97.8622
2021-11-23,113.8200,113.8800,113.5500,113.5500,11543700,97.4588
2021-11-24,113.5700,113.9200,113.5000,113.9000,8322900,97.7592
2021-11-26,114.9800,115.3900,114.9200,115.3700,13878500,99.0209
2021-11-29,114.6900,115.2000,114.6600,115.1100,13908200,98.7978
2021-11-30,115.8200,116.1500,115.2200,115.8000,19416800,99.3900
2021-12-01,115.3000,115.9300,115.1600,115.9300,24991000,99.5772
2021-12-02,115.9000,115.9500,115.4100,115.6800,11448900,99.3625
2021-12-03,115.4900,116.6400,115.3900,116.3600,19790900,99.9466
2021-12-06,116.1900,116.2800,115.6500,115.7800,9863200,99.4484
2021-12-07,115.4600,115.7000,115.2600,115.3400,7678400,99.0704
2021-12-08,115.1700,115.2000,114.8200,114.9700,11126500,98.7527
2021-12-09,115.2500,115.4400,115.1000,115.2600,9198400,99.0017
2021-12-10,115.4400,115.6600,115.2800,115.3400,5051500,99.0704
2021-12-13,115.6300,115.9900,115.6100,115.8900,5706900,99.5429
2021-12-14,115.6500,115.8100,115.4300,115.6900,4749500,99.3711
2021-12-15,115.4100,115.7300,115.2800,115.5200,8428000,99.2251
2021-12-16,115.5800,115.9100,115.5600,115.7500,9085400,99.5139
2021-12-17,116.1200,116.3400,115.9400,116.0100,7933100,99.7374
2021-12-20,116.2000,116.3500,115.8800,115.9100,13772100,99.6515
2021-12-21,115.4900,115.5400,115.2300,115.4500,7672800,99.2560
2021-12-22,115.6300,115.6400,115.3400,115.5600,5538200,99.3506
2021-12-23,115.4800,115.4900,115.1800,115.3200,7209700,99.1442
2021-12-27,115.2800,115.4200,115.2500,115.3600,3471800,99.1786
2021-12-28,115.5500,115.5800,115.2800,115.3400,8314500,99.1614
2021-12-29,114.9700,115.0700,114.6700,114.7500,11879900,98.6542
2021-12-30,114.9800,115.1400,114.7900,115.1300,10296000,98.9809
2021-12-31,115.1600,115.3100,115.0000,115.0000,7584500,98.8691
2022-01-03,114.3700,114.4100,113.9300,113.9300,27744600,97.9492
2022-01-04,113.6700,113.8900,113.5800,113.8700,15911800,97.8977
2022-01-05,113.8900,113.9000,113.3100,113.3900,13715700,97.4850
2022-01-06,113.1300,113.2100,112.9800,113.1100,10957400,97.2443
2022-01-07,112.9600,113.0000,112.4700,112.7400,13318200,96.9261
2022-01-10,112.4500,112.7500,112.3800,112.7100,8430700,96.9003
2022-01-11,112.6600,112.9900,112.5600,112.9800,8086500,97.1325
2022-01-12,113.1700,113.4300,112.9800,113.0000,7996500,97.1497
2022-01-13,113.0700,113.4000,112.9800,113.3600,8431100,97.4592
2022-01-14,113.0700,113.0900,112.5500,112.5800,10595700,96.7886
2022-01-18,112.1000,112.2000,111.6900,111.7300,11594100,96.0578
2022-01-19,111.9100,112.2200,111.8400,112.0000,10349700,96.2899
2022-01-20,112.1800,112.2400,112.0300,112.2400,8297300,96.4962
2022-01-21,112.8700,113.0500,112.6500,112.8900,13250000,97.0551
2022-01-24,113.2400,113.2900,112.7700,112.7900,22377400,96.9691
2022-01-25,112.8900,113.0900,112.5700,112.6400,13534000,96.8402
2022-01-26,112.6600,112.7600,111.8400,111.8400,12694700,96.1524
2022-01-27,112.1100,112.5200,112.0900,112.3100,11609400,96.5564
2022-01-28,112.1500,112.6600,112.1200,112.5700,6713500,96.7800
2022-01-31,112.3600,112.6500,112.2900,112.5700,8258600,96.7800
2022-02-01,112.5000,112.5400,112.1300,112.3100,16338700,96.6492
2022-02-02,112.4000,112.8100,112.4000,112.5400,5997100,96.8471
2022-02-03,112.0400,112.1600,111.9200,112.0600,8032600,96.4340
2022-02-04,111.4200,111.4500,111.0900,111.2000,8616400,95.6940
2022-02-07,111.2300,111.3500,111.0900,111.2300,10294700,95.7198
2022-02-08,110.9300,110.9900,110.8100,110.8700,8111500,95.4100
2022-02-09,111.1300,111.3700,110.9800,111.0200,10113400,95.5391
2022-02-10,110.6100,110.6800,109.9600,110.0000,16633900,94.6613
2022-02-11,110.4700,111.2300,109.9200,111.1400,18315600,95.6423
2022-02-14,110.5400,110.8300,110.2100,110.3700,11090000,94.9797
2022-02-15,110.0500,110.2400,109.9600,110.0400,8490500,94.6957
2022-02-16,110.3200,110.3400,109.9400,110.2700,9007700,94.8936
2022-02-17,110.5300,110.9000,110.5200,110.8600,8749500,95.4014
2022-02-18,111.0400,111.2300,110.9700,111.2200,8486800,95.7112
2022-02-22,110.9700,111.2200,110.8400,111.2100,8392500,95.7026
2022-02-23,110.8000,110.9000,110.5100,110.6300,7941800,95.2034
2022-02-24,111.5200,111.5500,110.7300,110.8900,19162100,95.4272
2022-02-25,110.7200,110.8800,110.4800,110.8600,8101900,95.4014
2022-02-28,111.6200,112.1400,111.5800,112.1200,12291800,96.4857
2022-03-01,112.6000,113.4900,112.5500,113.1100,28285600,97.4254
2022-03-02,112.4600,112.5600,111.3900,111.4100,12303800,95.9612
2022-03-03,111.6900,112.1000,111.4900,111.8900,12247400,96.3746
2022-03-04,112.8800,113.3000,112.7700,113.0000,20102300,97.3306
2022-03-07,112.4700,113.0800,112.4400,112.5200,13633200,96.9172
2022-03-08,111.8700,112.0700,111.6500,111.7900,10819400,96.2884
2022-03-09,111.3300,111.4300,110.9800,111.1000,7932300,95.6941
2022-03-10,110.7200,110.8300,110.3600,110.5900,11100100,95.2548
2022-03-11,110.4700,110.7000,110.3500,110.5600,5567600,95.2290
2022-03-14,109.6700,109.7400,109.1600,109.1600,8622500,94.0231
2022-03-15,109.7400,109.8000,109.0300,109.1100,9294400,93.9801
2022-03-16,109.0000,109.1200,108.2500,108.9600,12847300,93.8509
2022-03-17,109.0300,109.2400,108.5500,108.7500,7215900,93.6700
2022-03-18,108.9300,109.2200,108.9300,109.0700,7509200,93.9456
2022-03-21,108.2800,108.4500,107.5700,107.6500,11003600,92.7225
2022-03-22,107.2000,107.2400,106.9700,107.0600,7710300,92.2143
2022-03-23,107.3200,107.7800,107.0900,107.7800,11222700,92.8345
2022-03-24,107.1500,107.5000,107.1100,107.1800,11112300,92.3177
2022-03-25,106.6900,106.7000,105.9700,106.0800,9055600,91.3702
2022-03-28,106.2500,106.7000,106.1200,106.3200,12858500,91.5769
2022-03-29,106.5800,106.9800,106.3500,106.8500,7539900,92.0334
2022-03-30,106.6300,107.3000,106.5600,107.2700,6430100,92.3952
2022-03-31,107.4300,107.6200,107.2700,107.4700,9147200,92.5675
2022-04-01,106.3100,107.0100,106.2000,106.6500,10237000,91.9647
2022-04-04,106.7600,106.7800,106.3800,106.5800,7372100,91.9043
2022-04-05,106.2700,106.2900,105.2000,105.3100,9675600,90.8092
2022-04-06,104.6500,105.3200,104.6500,104.9400,9054400,90.4902
2022-04-07,104.6800,104.9700,104.4600,104.6800,5518900,90.2660
2022-04-08,104.0800,104.4200,104.0000,104.1500,8091800,89.8089
2022-04-11,103.7800,103.9000,103.5200,103.6500,7356400,89.3778
2022-04-12,104.1900,104.5900,104.0300,104.1500,12211000,89.8089
2022-04-13,104.4400,104.9100,104.3100,104.3800,6346100,90.0073
2022-04-14,104.2300,104.2700,103.3200,103.4400,6158700,89.1967
2022-04-18,103.5300,103.5500,103.1100,103.1400,4591500,88.9380
2022-04-19,102.7400,102.9300,102.3900,102.4600,7004900,88.3517
2022-04-20,102.8800,103.4200,102.7600,103.2600,7479300,89.0415
2022-04-21,102.9700,102.9800,102.2700,102.6900,9137500,88.5500
2022-04-22,102.4300,103.0200,102.3800,102.7400,5451600,88.5931
2022-04-25,103.5500,103.9800,103.3400,103.4000,8617400,89.1622
2022-04-26,104.1000,104.2700,103.7600,104.0900,9575400,89.7572
2022-04-27,104.0300,104.1300,103.4600,103.5100,7908900,89.2571
2022-04-28,103.1600,103.3900,102.9600,103.3600,6943500,89.1277
2022-04-29,102.6000,103.2100,102.5500,102.8100,10012500,88.6535
2022-05-02,102.1500,102.2200,101.8200,101.9200,11327000,87.9930
2022-05-03,102.5200,102.6000,102.0200,102.0400,8129100,88.0966
2022-05-04,102.0000,102.7800,101.8100,102.7000,11934700,88.6664
2022-05-05,101.8900,102.0300,101.1500,101.6700,11675700,87.7772
2022-05-06,101.1500,101.6100,100.9900,101.0900,12538400,87.2764
2022-05-09,101.1400,101.8900,101.0900,101.8400,7301200,87.9239
2022-05-10,102.3100,102.5800,102.1200,102.1800,8054600,88.2175
2022-05-11,101.9300,102.8500,101.7900,102.8100,7167900,88.7614
2022-05-12,103.1200,103.5700,103.0100,103.1500,8132400,89.0549
2022-05-13,102.8700,102.9400,102.5500,102.6100,6016900,88.5887
2022-05-16,102.9800,103.3300,102.8700,103.0400,3315600,88.9600
2022-05-17,102.3500,102.6500,102.2300,102.2600,4286800,88.2865
2022-05-18,102.2600,103.1000,102.1900,102.9900,4465500,88.9168
2022-05-19,103.9000,103.9300,103.2800,103.3600,5137600,89.2362
2022-05-20,103.3000,103.9900,103.2700,103.8400,5908800,89.6506
2022-05-23,103.5700,103.7700,103.2000,103.2100,5720600,89.1067
2022-05-24,103.7400,104.4700,103.7100,104.1000,6786600,89.8751
2022-05-25,104.4700,104.4700,104.0700,104.3100,4274500,90.0564
2022-05-26,104.3700,104.4100,103.8800,104.2600,3478900,90.0133
2022-05-27,104.4500,104.5900,104.2200,104.4100,2508200,90.1428
2022-05-31,103.6200,103.6300,103.1500,103.3200,6773200,89.2017
2022-06-01,103.2700,103.3700,102.4200,102.6100,5555900,88.6995
2022-06-02,102.9100,102.9200,102.5200,102.7600,3014300,88.8291
2022-06-03,102.3600,102.6500,102.3300,102.5600,2687800,88.6562
2022-06-06,102.3100,102.4100,101.7300,101.7900,4800600,87.9906
2022-06-07,102.0600,102.4300,102.0400,102.2000,3230000,88.3451
2022-06-08,102.0100,102.1700,101.8100,101.8200,2917900,88.0166
2022-06-09,101.6900,101.9400,101.5100,101.7300,4178600,87.9388
2022-06-10,101.2100,101.3100,100.6000,100.7300,4443400,87.0743
2022-06-13,99.6600,99.8000,98.4200,98.9400,9200800,85.5270
2022-06-14,99.1600,99.3000,97.9900,98.1500,7829800,84.8441
2022-06-15,98.9500,99.5600,98.4000,99.5200,10256200,86.0284
2022-06-16,98.5500,100.2200,98.4300,100.1700,9168800,86.5902
2022-06-17,100.2600,100.4600,99.5500,100.2000,7029700,86.6162
2022-06-21,99.6600,99.9500,99.5500,99.6800,10342000,86.1667
2022-06-22,100.8400,101.1200,100.7100,100.9400,9501900,87.2559
2022-06-23,101.5600,102.1700,101.4000,101.5100,9247200,87.7486
2022-06-24,101.3800,101.7600,101.0700,101.1500,5127000,87.4374
2022-06-27,100.5700,101.0200,100.4500,100.5800,5439400,86.9447
2022-06-28,100.4700,100.7400,100.3300,100.7100,3763300,87.0570
2022-06-29,100.8800,101.5200,100.7900,101.5200,3559600,87.7572
2022-06-30,102.1000,102.5400,102.0100,102.3000,5409500,88.4315
2022-07-01,103.1200,103.9700,102.9800,103.2400,63222900,89.3795
2022-07-05,103.7500,104.0200,103.4400,103.6200,6651400,89.7085
2022-07-06,104.0000,104.0100,102.7200,102.7400,4754700,88.9466
2022-07-07,102.7700,102.7700,102.0300,102.1100,4058100,88.4012
2022-07-08,101.8300,101.8400,101.3700,101.4900,3664900,87.8644
2022-07-11,102.0300,102.4600,101.9800,102.2900,2765700,88.5570
2022-07-12,102.8300,103.0300,102.4500,102.5300,3669200,88.7648
2022-07-13,101.9100,103.0500,101.7800,102.9700,6809400,89.1457
2022-07-14,102.2000,102.6400,101.9300,102.4000,5370400,88.6522
2022-07-15,102.4700,102.9900,102.4400,102.7500,3834000,88.9552
2022-07-18,102.4200,102.6000,102.0300,102.4500,3150700,88.6955
2022-07-19,102.3200,102.4100,101.8800,101.9800,2996100,88.2886
2022-07-20,102.4800,102.4900,101.8000,101.8800,53057500,88.2021
2022-07-21,102.2900,103.0400,102.1900,103.0400,5344300,89.2063
2022-07-22,104.0000,104.4600,103.8200,104.2200,7747100,90.2279
2022-07-25,103.5800,103.9000,103.5500,103.8500,2994500,89.9076
2022-07-26,104.5500,104.7000,103.8500,103.8900,4736300,89.9422
2022-07-27,104.1400,104.6100,104.0200,104.1000,7475300,90.1240
2022-07-28,105.1000,105.3200,104.7500,105.1300,5768100,91.0157
2022-07-29,104.9200,105.5800,104.8100,105.1700,5961100,91.0504
2022-08-01,105.2900,105.6700,105.1300,105.6000,9672400,91.5829
2022-08-02,105.5600,105.7500,104.0700,104.1400,9269700,90.3167
2022-08-03,103.9800,104.5800,103.4300,104.5700,7829500,90.6896
2022-08-04,104.6800,105.1300,104.5300,105.1000,9873200,91.1492
2022-08-05,103.7300,103.7700,103.3500,103.5800,10047200,89.8310
2022-08-08,104.0000,104.2400,103.9100,104.1900,6681300,90.3600
2022-08-09,103.9000,104.0800,103.7800,103.8800,3814700,90.0911
2022-08-10,104.3500,104.7100,103.9300,103.9400,7260300,90.1432
2022-08-11,104.1800,104.2900,103.1400,103.2500,8309300,89.5448
2022-08-12,103.6500,103.7000,103.3200,103.6600,4128600,89.9004
2022-08-15,104.1700,104.3300,103.9500,103.9900,3441100,90.1866
2022-08-16,103.7900,103.9100,103.3900,103.8700,3241800,90.0825
2022-08-17,103.3100,103.3600,102.9600,103.1700,6366700,89.4754
2022-08-18,103.4500,103.7300,103.2800,103.3700,3709200,89.6489
2022-08-19,102.6200,102.6900,102.3600,102.4800,6678000,88.8770
2022-08-22,102.4000,102.4500,101.9800,102.0300,4125800,88.4867
2022-08-23,101.8600,102.4900,101.7100,101.7800,7755000,88.2699
2022-08-24,101.5400,101.6400,101.2900,101.4400,3504600,87.9751
2022-08-25,101.5200,102.1300,101.3900,102.0900,6645300,88.5388
2022-08-26,101.8600,102.2300,101.6200,101.9700,5535900,88.4347
2022-08-29,101.5800,101.5800,101.2500,101.3900,4416900,87.9317
2022-08-30,101.3900,101.7200,101.0200,101.3600,4474200,87.9057
2022-08-31,101.2100,101.4400,100.7700,100.9400,5797600,87.5414
2022-09-01,100.0900,100.3100,99.7300,99.9600,10324200,86.8455
2022-09-02,100.3600,100.7900,100.2200,100.5200,5741900,87.3320
2022-09-06,99.9100,99.9400,99.3500,99.4000,6769400,86.3590
2022-09-07,99.7900,100.1700,99.7400,100.0500,7169700,86.9237
2022-09-08,100.0400,100.2600,99.6800,99.6800,5773600,86.6023
2022-09-09,99.9000,100.0900,99.5700,99.6900,5780600,86.6109
2022-09-12,99.9700,100.0500,99.2700,99.4500,4034200,86.4024
2022-09-13,98.7600,98.9500,98.6500,98.8900,5100500,85.9159
2022-09-14,98.7400,99.1800,98.6900,98.9400,3866600,85.9593
2022-09-15,98.6700,98.7900,98.5000,98.6000,4622600,85.6639
2022-09-16,98.5200,98.9900,98.4500,98.6800,4718200,85.7335
2022-09-19,98.3100,98.6100,98.2400,98.4000,3879000,85.4902
2022-09-20,97.7000,98.0400,97.5400,97.7900,4869100,84.9602
2022-09-21,97.9600,98.2800,97.3000,98.1800,5414900,85.2990
2022-09-22,97.1600,97.2200,96.5900,96.7000,6662400,84.0132
2022-09-23,96.6600,96.9700,96.2800,96.8200,7630600,84.1174
2022-09-26,96.2900,96.3000,95.0700,95.2100,8015500,82.7187
2022-09-27,95.2400,95.3500,94.5100,94.5600,8668400,82.1540
2022-09-28,95.9000,96.8000,95.5200,96.6900,8471700,84.0045
2022-09-29,95.9800,96.5800,95.8900,96.2400,6056500,83.6136
2022-09-30,96.6600,96.8800,95.6600,95.9900,8847200,83.3964
2022-10-03,96.7200,97.6500,96.4900,96.9400,10579900,84.3861
2022-10-04,97.3300,97.7000,96.9600,97.1400,7361400,84.5602
2022-10-05,96.5600,96.5900,95.9800,96.2200,8603700,83.7593
2022-10-06,96.0600,96.1900,95.5600,95.6900,11298400,83.2980
2022-10-07,95.1900,95.5300,95.0700,95.2200,5085300,82.8889
2022-10-10,95.0800,95.1400,94.3200,94.6600,3829100,82.4014
2022-10-11,94.9800,95.4300,94.6400,94.9000,5498500,82.6103
2022-10-12,94.7700,95.3400,94.7100,95.2100,5847400,82.8802
2022-10-13,93.9800,95.2400,93.9700,94.8100,6220100,82.5319
2022-10-14,95.3200,95.3300,94.2300,94.2800,5886200,82.0706
2022-10-17,94.9600,95.1100,94.3300,94.3800,3215200,82.1576
2022-10-18,94.6300,94.8000,94.0700,94.6200,4006600,82.3665
2022-10-19,93.8800,94.0700,93.5600,93.6300,5762600,81.5048
2022-10-20,93.4100,93.6500,92.8600,92.9300,5738400,80.8954
2022-10-21,92.6000,93.3300,92.4800,93.1400,7528500,81.0782
2022-10-24,93.1100,93.4300,92.6900,93.0200,6210800,80.9738
2022-10-25,94.0400,94.4400,93.9600,94.1800,6301500,81.9836
2022-10-26,94.4100,94.8200,94.4000,94.6600,6692700,82.4014
2022-10-27,94.9600,95.4700,94.6700,95.3300,7238100,82.9846
2022-10-28,94.7200,95.1900,94.5800,94.8400,5659800,82.5581
2022-10-31,94.4300,94.5600,94.0100,94.4100,4586900,82.1838
2022-11-01,94.9600,94.9900,94.0300,94.1900,6066400,82.1689
2022-11-02,94.3100,94.8700,93.7900,94.0300,7581400,82.0294
2022-11-03,93.1900,93.7900,93.1800,93.6200,8403900,81.6717
2022-11-04,93.6400,93.9500,93.4000,93.4200,5287000,81.4972
2022-11-07,93.5400,93.5900,93.0700,93.0900,4289300,81.2093
2022-11-08,93.3500,93.8800,93.3200,93.7100,4679200,81.7502
2022-11-09,93.6100,94.0900,93.5400,94.0300,3658100,82.0294
2022-11-10,95.4300,96.1800,95.4300,96.1400,9608300,83.8701
2022-11-11,95.7000,96.0600,95.6500,95.9400,2840200,83.6956
2022-11-14,95.8400,95.8500,95.5300,95.7100,4130800,83.4949
2022-11-15,96.1800,96.4900,95.9400,96.4200,6841600,84.1143
2022-11-16,96.8700,97.2300,96.6400,97.1300,6140100,84.7337
2022-11-17,96.5300,96.6300,96.2600,96.4700,5986800,84.1579
2022-11-18,96.4700,96.5900,96.1100,96.1300,3102100,83.8613
2022-11-21,96.5400,96.6100,96.0400,96.0700,4477700,83.8090
2022-11-22,96.4800,96.7200,96.3800,96.6200,5532800,84.2888
2022-11-23,96.7500,97.1800,96.6500,97.1400,5236500,84.7424
2022-11-25,96.8700,97.1200,96.8500,97.1100,1345400,84.7163
2022-11-28,97.2200,97.3500,97.0100,97.1500,4218400,84.7512
2022-11-29,96.7600,97.0800,96.7100,96.7400,3356600,84.3935
2022-11-30,96.5700,97.6100,96.4000,97.6100,7127100,85.1524
2022-12-01,97.6000,98.5000,97.5700,98.4800,17629100,86.0825
2022-12-02,97.9200,98.6900,97.6100,98.6800,5783700,86.2574
2022-12-05,98.0900,98.1300,97.6300,97.6800,6295800,85.3832
2022-12-06,97.9300,98.4100,97.8500,98.2800,5745500,85.9077
2022-12-07,98.6800,99.2500,98.6200,99.1400,5386200,86.6594
2022-12-08,98.6200,98.8800,98.4500,98.5800,5325800,86.1699
2022-12-09,98.2900,98.3700,97.8500,97.8500,4343100,85.5318
2022-12-12,98.3000,98.3900,97.5800,97.7100,5192200,85.4094
2022-12-13,99.1400,99.2600,98.5000,98.5900,7856600,86.1787
2022-12-14,98.6500,98.9900,98.2100,98.8600,6533200,86.4147
2022-12-15,98.8100,99.0100,98.5500,98.8600,4344200,86.5828
2022-12-16,98.1700,98.7900,98.0700,98.6100,4432800,86.3639
2022-12-19,98.0500,98.0600,97.7300,97.8100,3951100,85.6632
2022-12-20,97.0800,97.3100,96.9900,97.1000,4199800,85.0414
2022-12-21,97.5000,97.5400,97.0900,97.2200,4406600,85.1465
2022-12-22,97.2400,97.4800,97.1400,97.1900,2143100,85.1202
2022-12-23,96.7300,96.9500,96.6900,96.7500,3164900,84.7349
2022-12-27,96.2200,96.4100,95.9000,95.9400,4780800,84.0254
2022-12-28,96.0800,96.1600,95.6900,95.7100,3161200,83.8240
2022-12-29,95.9700,96.2700,95.9200,96.1800,4021800,84.2357
2022-12-30,95.8600,96.2700,95.6200,95.7800,5043800,83.8853
2023-01-03,96.9100,97.0000,96.3400,96.5300,6808300,84.5422
2023-01-04,97.3400,97.4200,96.9900,97.2700,7800100,85.1903
2023-01-05,96.7000,97.2200,96.5700,97.1300,3177900,85.0677
2023-01-06,97.1700,98.4300,97.0800,98.3800,6807700,86.1624
2023-01-09,98.2600,98.8100,98.2000,98.6300,4988000,86.3814
2023-01-10,98.2200,98.3300,97.8300,98.0100,4026900,85.8384
2023-01-11,98.3000,98.6600,98.2400,98.6400,7118700,86.3901
2023-01-12,98.9600,99.5200,98.4800,99.5200,5768000,87.1609
2023-01-13,99.2600,99.5000,98.8600,98.9900,5573500,86.6967
2023-01-17,98.6600,99.0200,98.6400,98.6800,3709000,86.4252
2023-01-18,99.8700,100.0600,99.5500,100.0200,7926400,87.5988
2023-01-19,99.8200,99.9800,99.6300,99.8300,4234100,87.4324
2023-01-20,99.3200,99.4500,99.0600,99.1700,8822700,86.8543
2023-01-23,98.8400,99.1400,98.8100,98.8500,4334900,86.5741
2023-01-24,98.9800,99.4400,98.6500,99.4200,3540300,87.0733
2023-01-25,99.4900,99.7300,99.2100,99.5300,2924700,87.1696
2023-01-26,99.3400,99.5300,99.0300,99.1700,2875400,86.8543
2023-01-27,98.8000,99.0200,98.7700,99.0200,5524100,86.7229
2023-01-30,98.7400,98.9500,98.6600,98.7100,2584600,86.4514
2023-01-31,99.1600,99.2500,98.7400,99.2100,4856400,86.8893
2023-02-01,99.2000,99.7700,98.8300,99.7100,20159100,87.5143
2023-02-02,100.0200,100.2100,99.6400,99.6700,5823000,87.4792
2023-02-03,98.8100,99.0000,98.4700,98.6000,5267000,86.5400
2023-02-06,97.9000,98.0400,97.7000,97.7500,5500400,85.7940
2023-02-07,97.6500,98.1300,97.4600,97.5100,5678900,85.5834
2023-02-08,97.6100,97.8800,97.4000,97.8700,6137600,85.8993
2023-02-09,98.1200,98.1400,97.3200,97.4300,7358300,85.5131
2023-02-10,97.3500,97.3800,96.8900,96.9600,5290000,85.1006
2023-02-13,96.9700,97.2400,96.9500,97.1900,17262300,85.3025
2023-02-14,96.8900,97.1200,96.4900,96.7500,7133600,84.9163
2023-02-15,96.5800,96.8000,96.3300,96.4600,4964700,84.6618
2023-02-16,96.2300,96.4300,96.0500,96.1400,27126400,84.3809
2023-02-17,95.9300,96.4400,95.9000,96.4100,4540500,84.6179
2023-02-21,95.7500,95.8300,95.3400,95.3600,11382100,83.6963
2023-02-22,95.6400,95.8100,95.4800,95.5300,30136400,83.8456
2023-02-23,95.5600,96.0000,95.5100,95.9000,7059800,84.1703
2023-02-24,95.2900,95.4500,95.1100,95.3200,10757200,83.6612
2023-02-27,95.6600,95.7600,95.4500,95.6100,3693200,83.9158
2023-02-28,95.3200,95.7900,95.2000,95.7600,4690000,84.0474
2023-03-01,95.1400,95.3000,94.7500,94.8000,8328600,83.3755
2023-03-02,94.2900,94.4900,94.2100,94.4100,12952800,83.0325
2023-03-03,94.9100,95.1700,94.6300,95.1700,5696900,83.7009
2023-03-06,95.3900,95.4200,94.9300,95.0000,3766400,83.5514
2023-03-07,95.1700,95.2900,94.7800,95.0100,5053300,83.5602
2023-03-08,95.3800,95.5600,94.8600,94.9800,5163500,83.5338
2023-03-09,95.1400,95.7200,95.0800,95.5700,12498800,84.0527
2023-03-10,96.8100,97.4200,96.6700,97.3300,11041300,85.6006
2023-03-13,98.9500,99.4200,98.1400,98.5100,23930600,86.6384
2023-03-14,98.0900,98.1800,97.3800,97.5800,47886700,85.8204
2023-03-15,99.2600,99.7800,98.5200,98.9900,25157400,87.0605
2023-03-16,99.5300,99.7600,97.9800,98.1000,13961000,86.2778
2023-03-17,98.8600,99.6300,98.7700,99.2600,12293700,87.2980
2023-03-20,99.4200,99.4300,98.6300,98.8600,7982400,86.9462
2023-03-21,98.1800,98.4600,97.8600,98.0000,9851600,86.1899
2023-03-22,97.8300,99.3700,97.7500,99.2900,10705200,87.3244
2023-03-23,99.1300,99.9400,98.9800,99.8600,7118800,87.8257
2023-03-24,100.4400,100.5800,99.7600,99.8900,9135800,87.8521
2023-03-27,98.9400,99.1400,98.6300,98.6600,8284400,86.7703
2023-03-28,98.4500,98.7500,98.3600,98.6000,13324800,86.7175
2023-03-29,98.2300,98.6200,98.1900,98.4300,13404700,86.5680
2023-03-30,98.3400,98.6700,98.3100,98.5800,4157500,86.6999
2023-03-31,98.7400,99.1900,98.5800,99.1200,6330100,87.1749
2023-04-03,98.8100,99.5600,98.7400,99.3900,7226600,87.5855
2023-04-04,98.9700,100.1400,98.9500,100.0300,6763200,88.1495
2023-04-05,100.4000,100.7700,100.3000,100.4500,6257100,88.5196
2023-04-06,100.4900,100.7200,100.4600,100.4800,4264700,88.5460
2023-04-10,99.6900,99.7600,99.3700,99.4900,6025100,87.6736
2023-04-11,99.5700,99.5800,99.2200,99.4500,5459000,87.6384
2023-04-12,99.9100,99.9500,99.2900,99.7400,5857200,87.8940
2023-04-13,99.9000,100.0700,99.3300,99.4100,39858200,87.6032
2023-04-14,99.0800,99.1000,98.7900,98.9200,4968500,87.1713
2023-04-17,98.5400,98.6000,98.2600,98.2900,5681000,86.6161
2023-04-18,98.3200,98.6700,98.3000,98.4500,5061300,86.7572
2023-04-19,98.2200,98.3100,97.9800,98.2400,4648100,86.5721
2023-04-20,98.7800,98.8900,98.6800,98.8100,4608000,87.0744
2023-04-21,99.0200,99.1000,98.4900,98.5700,5948100,86.8629
2023-04-24,98.8400,99.0700,98.7700,99.0500,5143700,87.2859
2023-04-25,99.6100,100.0700,99.5900,100.0300,13076800,88.1495
2023-04-26,100.0100,100.1300,99.4900,99.6400,5903000,87.8058
2023-04-27,99.2300,99.2800,98.8800,98.9900,5065800,87.2330
2023-04-28,99.5900,99.7400,99.3700,99.7300,8525900,87.8851
2023-05-01,99.1100,99.1700,98.1900,98.3200,17442000,86.8507
2023-05-02,98.6600,99.6300,98.6000,99.6000,8540700,87.9814
2023-05-03,99.8700,100.2800,99.6900,100.2500,9534800,88.5556
2023-05-04,99.9800,100.8000,99.9600,100.2300,12014100,88.5379
2023-05-05,99.6500,99.7300,99.4400,99.6900,11254400,88.0609
2023-05-08,99.0700,99.2900,99.0300,99.0800,7022400,87.5221
2023-05-09,99.0700,99.1700,98.9400,98.9600,7317200,87.4161
2023-05-10,99.4100,99.7800,99.4000,99.7000,9930800,88.0698
2023-05-11,100.2900,100.4100,99.9600,100.0700,5979600,88.3966
2023-05-12,99.9900,100.0700,99.4400,99.4700,5107300,87.8666
2023-05-15,99.1900,99.2500,99.1200,99.2500,4459100,87.6722
2023-05-16,98.8700,99.0000,98.6500,98.9300,7194000,87.3896
2023-05-17,98.9900,99.0200,98.4900,98.6100,5542600,87.1069
2023-05-18,98.2500,98.2600,97.9600,98.0000,9448900,86.5681
2023-05-19,97.6500,98.1000,97.4600,97.6300,12923500,86.2412
2023-05-22,97.6500,97.9000,97.4000,97.4500,7034700,86.0822
2023-05-23,97.3100,97.7300,97.2300,97.6100,8264200,86.2235
2023-05-24,97.7300,97.7700,97.3100,97.3600,7415400,86.0027
2023-05-25,97.1800,97.2600,96.6700,96.7500,11647700,85.4639
2023-05-26,96.6000,96.9300,96.3900,96.9300,7408900,85.6229
2023-05-30,97.2200,97.6900,97.1500,97.6900,7883000,86.2942
2023-05-31,97.7500,98.2100,97.6200,98.0600,10817900,86.6211
2023-06-01,98.1200,98.3800,97.9700,98.1000,18161600,86.8619
2023-06-02,97.9300,97.9600,97.2400,97.3200,7585400,86.1713
2023-06-05,96.9200,97.5600,96.8200,97.2900,6243100,86.1447
2023-06-06,97.3300,97.3800,97.0600,97.3500,3986200,86.1978
2023-06-07,97.2200,97.3200,96.5400,96.6400,8226600,85.5692
2023-06-08,96.8100,97.3100,96.7700,97.2900,5841900,86.1447
2023-06-09,96.9600,97.0800,96.7700,96.9400,6421900,85.8348
2023-06-12,97.0900,97.1200,96.6700,97.1000,5261700,85.9764
2023-06-13,97.2500,97.3200,96.2600,96.4100,9173500,85.3655
2023-06-14,96.7000,96.8300,96.1800,96.5400,7704400,85.4806
2023-06-15,97.1100,97.3600,96.9800,97.2900,5959100,86.1447
2023-06-16,96.8100,97.0500,96.5900,96.8700,6538100,85.7728
2023-06-20,97.0500,97.3900,97.0500,97.1600,5477300,86.0296
2023-06-21,96.9000,97.3300,96.7500,97.2500,5119600,86.1093
2023-06-22,96.9600,97.1300,96.6300,96.7000,4102100,85.6223
2023-06-23,97.4700,97.5000,96.9800,97.1000,4112100,85.9764
2023-06-26,97.3500,97.4300,97.1600,97.3400,2976600,86.1889
2023-06-27,97.3200,97.5000,96.8700,97.0000,4752500,85.8879
2023-06-28,97.1400,97.4300,96.9500,97.3900,5257300,86.2332
2023-06-29,96.5100,96.5800,96.2200,96.3900,8268700,85.3478
2023-06-30,96.4200,96.6600,96.3100,96.6000,7450600,85.5337
2023-07-03,96.3200,96.6200,95.9500,95.9500,4687100,85.1627
2023-07-05,95.9500,96.0000,95.3700,95.4900,10181200,84.7544
2023-07-06,94.7600,94.8600,94.3600,94.7100,9285100,84.0621
2023-07-07,94.5800,94.9500,94.5400,94.5900,6577600,83.9556
2023-07-10,94.7400,95.2200,94.7300,95.0800,6622700,84.3905
2023-07-11,95.2600,95.4200,95.1300,95.2800,6327100,84.5681
2023-07-12,95.9100,96.3400,95.7700,96.2100,8255100,85.3935
2023-07-13,96.6800,97.0700,96.5800,97.0100,9742600,86.1036
2023-07-14,96.8000,96.9200,96.4900,96.5300,7491100,85.6776
2023-07-17,96.6000,96.7800,96.4800,96.6900,3182400,85.8195
2023-07-18,97.0000,97.1200,96.7400,96.8000,3626500,85.9172
2023-07-19,96.9800,97.1900,96.7900,97.1300,5059300,86.2100
2023-07-20,96.6300,96.6700,96.1900,96.3600,9486600,85.5266
2023-07-21,96.5700,96.6600,96.4100,96.4400,4560100,85.5976
2023-07-24,96.6100,96.7100,96.1700,96.2100,7451100,85.3935
2023-07-25,95.8300,96.0900,95.8200,96.0300,4079300,85.2337
2023-07-26,96.2500,96.4100,95.9700,96.3600,4880100,85.5266
2023-07-27,95.9900,96.1000,95.1800,95.3100,8522800,84.5947
2023-07-28,95.5300,95.7400,95.4400,95.6200,5794100,84.8698
2023-07-31,95.5800,95.9100,95.5700,95.7400,6347000,84.9763
2023-08-01,95.0400,95.1800,94.7800,94.9400,7714000,84.4798
2023-08-02,94.6600,94.7900,94.3600,94.7500,8009200,84.3108
2023-08-03,94.1100,94.2500,93.9600,94.0500,11057900,83.6879
2023-08-04,94.4000,95.1300,94.4000,95.0500,10189900,84.5777
2023-08-07,94.9300,94.9800,94.7100,94.8200,4007400,84.3730
2023-08-08,95.3100,95.5400,95.1900,95.3000,5401400,84.8002
2023-08-09,95.3000,95.5200,95.2600,95.3600,5317200,84.8536
2023-08-10,95.3600,95.5400,94.6200,94.6300,8462100,84.2040
2023-08-11,94.2400,94.5600,94.0900,94.1300,5915000,83.7591
2023-08-14,93.9800,94.2600,93.7800,93.9800,6218400,83.6256
2023-08-15,93.8800,94.1800,93.7500,93.8000,9602600,83.4654
2023-08-16,93.7800,94.0000,93.3700,93.4400,7199600,83.1451
2023-08-17,93.4100,93.4700,93.0600,93.3200,9858300,83.0383
2023-08-18,93.4900,93.8100,93.4400,93.6000,7510500,83.2875
2023-08-21,93.1600,93.2000,92.9100,93.0200,10864000,82.7714
2023-08-22,92.9400,93.1600,92.8500,93.0600,6330500,82.8070
2023-08-23,93.6300,94.0700,93.6000,94.0700,8550500,83.7057
2023-08-24,93.7800,94.0500,93.6900,93.7200,5735800,83.3942
2023-08-25,93.5900,93.9300,93.3400,93.6900,7895700,83.3676
2023-08-28,93.9100,93.9800,93.7100,93.9500,3301700,83.5989
2023-08-29,93.7300,94.6600,93.7100,94.6200,7064200,84.1951
2023-08-30,94.7400,94.7900,94.5500,94.6100,6346700,84.1862
2023-08-31,94.7200,94.9400,94.6300,94.8000,6167300,84.3552
2023-09-01,94.5700,94.5800,93.8600,93.9800,7746600,83.8396
2023-09-05,93.7100,93.7200,93.3700,93.4100,4993400,83.3311
2023-09-06,93.5700,93.5900,93.1200,93.1700,7344100,83.1170
2023-09-07,93.3900,93.5300,93.2900,93.4900,7137500,83.4025
2023-09-08,93.7200,93.8600,93.4700,93.5100,4648500,83.4203
2023-09-11,93.3100,93.4400,93.2400,93.3500,4321700,83.2776
2023-09-12,93.3800,93.5000,93.2700,93.4800,4998400,83.3936
2023-09-13,93.3400,93.7200,93.3200,93.5900,6675400,83.4917
2023-09-14,93.6600,93.7400,93.3200,93.3800,6421000,83.3043
2023-09-15,93.2300,93.2900,93.0200,93.0900,9367700,83.0456
2023-09-18,92.9700,93.2500,92.9700,93.1800,4622200,83.1259
2023-09-19,92.9700,93.1400,92.8000,92.8400,7536800,82.8226
2023-09-20,93.1000,93.2400,92.7500,92.7700,10751800,82.7602
2023-09-21,92.1300,92.2200,92.0200,92.0800,8702500,82.1446
2023-09-22,92.1700,92.5200,92.1000,92.4400,8637800,82.4658
2023-09-25,91.8500,92.0200,91.7200,91.7600,11712000,81.8592
2023-09-26,91.9300,91.9900,91.6200,91.7300,8281800,81.8324
2023-09-27,91.9700,92.0100,91.0800,91.3200,10586100,81.4666
2023-09-28,91.1100,91.5900,90.8500,91.5700,11654600,81.6897
2023-09-29,91.9500,92.0400,91.4500,91.5900,13488300,81.7075
2023-10-02,90.8900,90.9900,90.5000,90.6100,21010000,81.0447
2023-10-03,90.4200,90.5900,89.8100,89.8600,21364700,80.3739
2023-10-04,90.1400,90.4800,89.9300,90.4300,14054000,80.8837
2023-10-05,90.6400,90.6600,90.4100,90.6000,11315900,81.0358
2023-10-06,89.7700,90.3600,89.6900,90.0700,12257100,80.5617
2023-10-09,90.7500,91.2200,90.6100,91.2200,5816700,81.5903
2023-10-10,90.7600,91.2900,90.6500,91.0400,11508300,81.4293
2023-10-11,91.4000,91.6000,91.2000,91.5400,14815800,81.8765
2023-10-12,91.3400,91.3900,90.5500,90.6600,12855900,81.0894
2023-10-13,91.3200,91.3600,91.0600,91.2400,9872500,81.6082
2023-10-16,90.7100,90.7700,90.5800,90.7000,7248000,81.1252
2023-10-17,89.9000,90.0400,89.6500,89.8100,11191600,80.3292
2023-10-18,89.5600,89.6900,89.2400,89.3900,13794200,79.9535
2023-10-19,89.1400,89.5000,88.8600,88.9500,27116700,79.5600
2023-10-20,89.2700,89.6000,89.2500,89.4700,12587100,80.0250
2023-10-23,89.1500,90.0000,89.0100,89.8900,12365000,80.4007
2023-10-24,89.8200,90.0600,89.6100,90.0500,10906000,80.5438
2023-10-25,89.5800,89.6100,89.1500,89.2600,15170200,79.8372
2023-10-26,89.3500,89.9800,89.3300,89.9400,15901300,80.4454
2023-10-27,89.8700,90.0900,89.7100,90.0800,11628200,80.5707
2023-10-30,89.6400,89.9300,89.4800,89.7800,11022500,80.3023
2023-10-31,89.8300,90.0200,89.5700,89.5900,11574700,80.1324
2023-11-01,89.6000,90.4200,89.5600,90.3700,22448900,81.0553
2023-11-02,91.0600,91.2200,90.7300,90.9300,14046200,81.5576
2023-11-03,92.0400,92.2400,91.6200,91.6300,23133700,82.1855
2023-11-06,91.2900,91.3200,91.0000,91.1000,11246700,81.7101
2023-11-07,91.3900,91.8200,91.3900,91.6200,13189400,82.1765
2023-11-08,91.6400,92.0800,91.6300,91.9900,11117600,82.5084
2023-11-09,91.8300,91.8400,91.0300,91.0800,17067900,81.6921
2023-11-10,91.4600,91.4800,91.0800,91.1800,10674700,81.7818
2023-11-13,90.8300,91.1600,90.6900,91.1300,8930200,81.7370
2023-11-14,92.4300,92.5700,92.2800,92.5000,14313600,82.9658
2023-11-15,92.0500,92.0600,91.7000,91.7800,12969400,82.3200
2023-11-16,92.3200,92.6100,92.3100,92.4700,10375600,82.9389
2023-11-17,92.5800,92.6300,92.3500,92.5300,8462000,82.9927
2023-11-20,92.3400,92.7200,92.3100,92.6600,7481200,83.1093
2023-11-21,92.7700,92.9100,92.5400,92.7800,9153300,83.2169
2023-11-22,92.9200,92.9900,92.5200,92.7500,7255100,83.1900
2023-11-24,92.3500,92.4200,92.2600,92.2700,4125800,82.7595
2023-11-27,92.5500,92.9800,92.4900,92.9700,9539800,83.3873
2023-11-28,92.8600,93.4100,92.8100,93.3800,13563300,83.7551
2023-11-29,93.7200,93.9700,93.5900,93.8700,19075400,84.1946
2023-11-30,93.5200,93.5500,93.2200,93.4100,18446700,83.7820
2023-12-01,93.1400,94.0900,93.1100,94.0400,21393200,84.5725
2023-12-04,93.6800,93.8900,93.4500,93.6500,16402000,84.2218
2023-12-05,94.0500,94.4100,93.9900,94.3100,25452100,84.8153
2023-12-06,94.5200,94.7900,94.4100,94.7000,14023400,85.1661
2023-12-07,94.5000,94.8600,94.4600,94.5600,13730100,85.0401
2023-12-08,94.0300,94.1500,93.7300,93.9500,13825300,84.4916
2023-12-11,93.7500,94.0000,93.5600,93.9600,10484600,84.5005
2023-12-12,93.9500,94.2200,93.8600,94.1600,7248000,84.6804
2023-12-13,94.4400,95.6800,94.3700,95.5600,16155200,85.9394
2023-12-14,95.7700,96.2700,95.7200,96.0700,32373200,86.6539
2023-12-15,95.8900,96.1500,95.8400,95.9900,9407100,86.5817
2023-12-18,95.8100,95.8200,95.6300,95.7800,8634100,86.3923
2023-12-19,95.9400,96.1400,95.8900,95.9600,9047100,86.5546
2023-12-20,96.1800,96.4900,95.9800,96.4300,12659100,86.9785
2023-12-21,96.6400,96.7000,96.1500,96.2800,8939700,86.8432
2023-12-22,96.4600,96.4800,96.0500,96.1900,4956400,86.7621
2023-12-26,96.1500,96.3400,96.1300,96.2500,3342500,86.8162
2023-12-27,96.6600,97.0400,96.5900,97.0000,7362400,87.4927
2023-12-28,96.8000,96.9600,96.5300,96.6300,4858500,87.1589
2023-12-29,96.3500,96.6400,96.2900,96.3900,7820500,86.9425
2024-01-02,95.9400,96.1500,95.9200,96.0300,9444000,86.6178
2024-01-03,95.6100,96.3400,95.5300,96.2600,11040500,86.8252
2024-01-04,95.6900,95.8300,95.5800,95.6800,7354800,86.3021
2024-01-05,95.3300,96.0200,95.2600,95.3300,10001000,85.9864
2024-01-08,95.3900,95.9600,95.3600,95.6500,7044700,86.2750
2024-01-09,95.5200,95.7500,95.5200,95.6100,7360800,86.2389
2024-01-10,95.7900,95.8600,95.4400,95.4600,9212700,86.1036
2024-01-11,95.6000,96.0400,95.4800,95.9700,10305400,86.5636
2024-01-12,96.2300,96.4800,96.0200,96.2300,8469600,86.7982
2024-01-16,95.8400,95.9600,95.3200,95.4500,9847100,86.0946
2024-01-17,95.1700,95.2300,94.9500,95.1400,9170700,85.8150
2024-01-18,95.1000,95.1700,94.8300,94.9300,8910100,85.6256
2024-01-19,94.7800,94.9600,94.5400,94.9400,17711100,85.6346
2024-01-22,95.2800,95.3900,95.1500,95.2300,9831500,85.8962
2024-01-23,95.0000,95.0200,94.8700,94.9900,6428600,85.6797
2024-01-24,95.3400,95.3700,94.6600,94.7200,9718000,85.4361
2024-01-25,95.0500,95.1600,94.9000,95.1300,11588100,85.8060
2024-01-26,95.0500,95.0500,94.8400,94.9600,9134600,85.6526
2024-01-29,95.2500,95.6200,95.1800,95.5300,6947500,86.1668
2024-01-30,95.6900,95.7400,95.1500,95.6600,7265800,86.2840
2024-01-31,96.0900,96.4800,95.9900,96.4600,15778300,87.0056
2024-02-01,96.6000,97.1100,96.3400,96.8200,33372900,87.5445
2024-02-02,95.7400,95.9000,95.3800,95.5600,13809200,86.4052
2024-02-05,94.9000,94.9900,94.5300,94.6300,12147700,85.5643
2024-02-06,94.7400,95.2300,94.7100,95.1400,9327000,86.0255
2024-02-07,94.9700,95.3500,94.9400,94.9700,8619800,85.8718
2024-02-08,94.7600,94.8400,94.5700,94.6600,7808000,85.5915
2024-02-09,94.4300,94.5700,94.4000,94.4900,8492500,85.4377
2024-02-12,94.5700,94.6900,94.4000,94.5800,7023600,85.5191
2024-02-13,93.8800,93.9700,93.5200,93.5400,11978400,84.5787
2024-02-14,93.6400,94.0600,93.6400,93.8900,8979600,84.8952
2024-02-15,94.3000,94.4000,94.0300,94.1500,6788300,85.1303
2024-02-16,93.6000,93.7900,93.5500,93.7400,7147400,84.7596
2024-02-20,93.9300,94.1200,93.8900,93.9000,8286300,84.9043
2024-02-21,93.9700,94.0200,93.5400,93.6000,6433900,84.6330
2024-02-22,93.5700,93.7900,93.4400,93.6100,8688500,84.6420
2024-02-23,93.6400,94.1100,93.6400,94.0400,6426700,85.0309
2024-02-26,94.0500,94.0600,93.6800,93.9000,6417200,84.9043
2024-02-27,93.7600,93.9200,93.6300,93.6900,7540600,84.7144
2024-02-28,93.8000,94.0300,93.7400,94.0300,5293600,85.0218
2024-02-29,94.1000,94.3300,94.0800,94.2200,11919200,85.1936
2024-03-01,93.8500,94.4600,93.6200,94.4000,11857200,85.5825
2024-03-04,94.0800,94.2900,94.0700,94.1900,6641600,85.3921
2024-03-05,94.6700,94.9400,94.5600,94.7700,7673100,85.9179
2024-03-06,94.9400,95.1900,94.8900,95.0000,9499200,86.1265
2024-03-07,95.1900,95.2200,94.9200,95.1600,8420900,86.2716
2024-03-08,95.3200,95.3900,95.1500,95.2300,8103600,86.3350
2024-03-11,95.2600,95.2900,95.0200,95.1100,5568200,86.2262
2024-03-12,94.8400,94.8700,94.6100,94.7200,6556500,85.8726
2024-03-13,94.5800,94.6500,94.4700,94.5100,9708400,85.6823
2024-03-14,94.1600,94.1700,93.7900,93.8100,10055900,85.0476
2024-03-15,93.7400,93.8200,93.6300,93.6500,6591400,84.9026
2024-03-18,93.6200,93.7000,93.4500,93.5400,5319700,84.8028
2024-03-19,93.7300,93.9400,93.6700,93.8100,5470300,85.0476
2024-03-20,93.9100,94.3500,93.7000,94.0300,10190800,85.2471
2024-03-21,94.2100,94.2800,93.9600,94.0400,8271200,85.2562
2024-03-22,94.5600,94.5600,94.4100,94.5000,6119800,85.6732
2024-03-25,94.4100,94.4100,94.1900,94.2500,4488900,85.4465
2024-03-26,94.2200,94.4100,94.1100,94.3900,5477600,85.5735
2024-03-27,94.5000,94.7900,94.4900,94.7500,4838500,85.8998
2024-03-28,94.5400,94.7700,94.4800,94.6600,7561400,85.8182
2024-04-01,93.9900,93.9900,93.4600,93.5300,10854000,85.0418
2024-04-02,93.1100,93.3700,93.0200,93.3300,7214900,84.8599
2024-04-03,92.9500,93.4400,92.8600,93.4400,12908000,84.9599
2024-04-04,93.6400,93.7800,93.3800,93.7600,6960500,85.2509
2024-04-05,93.2500,93.5400,93.1300,93.1400,6334600,84.6871
2024-04-08,92.9100,93.0600,92.8100,92.9300,7115100,84.4962
2024-04-09,93.2000,93.3800,93.2000,93.3000,5151100,84.8326
2024-04-10,92.5100,92.5700,91.9200,92.0600,14993700,83.7051
2024-04-11,92.2300,92.2700,91.8100,91.9300,9371400,83.5869
2024-04-12,92.4100,92.5600,92.3100,92.3100,11675600,83.9325
2024-04-15,91.6800,91.7400,91.3500,91.7200,12315300,83.3960
2024-04-16,91.3200,91.5300,91.1800,91.3600,12027200,83.0687
2024-04-17,91.6900,92.0100,91.5400,91.9400,10515400,83.5960
2024-04-18,91.8500,91.8500,91.5000,91.6200,6964500,83.3051
2024-04-19,91.8400,91.8600,91.6400,91.7400,6125800,83.4142
2024-04-22,91.5700,91.8200,91.5500,91.7500,4002900,83.4233
2024-04-23,91.6300,92.1000,91.5400,91.8700,8319800,83.5324
2024-04-24,91.6600,91.6900,91.4400,91.5900,7567400,83.2778
2024-04-25,91.0900,91.3300,91.0200,91.2400,5784300,82.9596
2024-04-26,91.4500,91.6300,91.4200,91.4900,5432600,83.1869
2024-04-29,91.7000,91.8800,91.6200,91.8600,4846500,83.5233
2024-04-30,91.5100,91.6500,91.3500,91.4300,7516700,83.1323
2024-05-01,91.4300,91.8600,91.1900,91.5200,12392500,83.4615
2024-05-02,91.5200,92.0100,91.4500,91.9500,8661500,83.8537
2024-05-03,92.6100,92.7000,92.2200,92.4600,8501100,84.3187
2024-05-06,92.5000,92.6400,92.4100,92.5400,4043400,84.3917
2024-05-07,92.8700,93.0200,92.7000,92.7800,7776200,84.6106
2024-05-08,92.5800,92.6600,92.5100,92.5200,9024000,84.3735
2024-05-09,92.5000,92.8700,92.4700,92.8000,9625200,84.6288
2024-05-10,92.6000,92.6400,92.4500,92.5000,3205000,84.3553
2024-05-13,92.7400,92.7700,92.6000,92.6100,3228700,84.4556
2024-05-14,92.7900,92.9200,92.6900,92.8800,4688800,84.7018
2024-05-15,93.4200,93.6500,93.3000,93.5800,11384500,85.3402
2024-05-16,93.6100,93.6100,93.3700,93.4000,4278400,85.1760
2024-05-17,93.2500,93.3300,93.0900,93.1100,3883900,84.9115
2024-05-20,92.9800,93.0600,92.9400,92.9700,4575900,84.7839
2024-05-21,93.2500,93.2900,93.1600,93.2100,2669700,85.0027
2024-05-22,92.9800,93.2000,92.9700,93.0900,3616300,84.8933
2024-05-23,93.1300,93.1400,92.6200,92.7600,6005500,84.5923
2024-05-24,92.6700,92.8900,92.6400,92.8800,3926400,84.7018
2024-05-28,92.9600,92.9800,92.3400,92.3600,8761400,84.2276
2024-05-29,92.1300,92.1400,91.7200,91.9100,10126800,83.8172
2024-05-30,92.2200,92.3900,92.1700,92.3700,5069500,84.2367
2024-05-31,92.6500,92.8200,92.6100,92.8000,4807400,84.6288
2024-06-03,92.6500,93.1800,92.6500,93.1300,7675900,85.1831
2024-06-04,93.4400,93.7300,93.3800,93.6400,8752000,85.6496
2024-06-05,93.7600,93.9900,93.4900,93.9800,6466800,85.9606
2024-06-06,93.8200,94.0300,93.7900,93.9400,5849400,85.9240
2024-06-07,93.1400,93.1600,92.9400,92.9500,7125100,85.0185
2024-06-10,92.7800,92.8400,92.6600,92.7500,3938900,84.8355
2024-06-11,92.9100,93.2600,92.8200,93.2400,3954700,85.2837
2024-06-12,94.0800,94.3200,93.7400,93.7600,9243200,85.7594
2024-06-13,94.1800,94.5200,94.0800,94.3800,6529900,86.3264
2024-06-14,94.5100,94.6900,94.4600,94.6000,5424600,86.5277
2024-06-17,94.1400,94.2200,94.0300,94.1600,4957200,86.1252
2024-06-18,94.3200,94.6800,94.2800,94.5700,5232600,86.5003
2024-06-20,94.1000,94.3600,94.0500,94.3300,3573100,86.2807
2024-06-21,94.5100,94.6000,94.1800,94.3500,6908700,86.2990
2024-06-24,94.3700,94.4300,94.2300,94.4300,5276000,86.3722
2024-06-25,94.3700,94.5500,94.3300,94.5100,3790100,86.4454
2024-06-26,94.0200,94.0900,93.9200,93.9400,4196400,85.9240
2024-06-27,94.1200,94.2400,94.1100,94.1500,4946600,86.1161
2024-06-28,94.3600,94.3800,93.6500,93.6500,6032400,85.6588
2024-07-01,92.8400,93.1100,92.5800,92.6700,13662800,85.0211
2024-07-02,93.0600,93.1300,92.8800,93.0200,8195700,85.3422
2024-07-03,93.2500,93.6800,93.2000,93.6400,3861000,85.9110
2024-07-05,93.9700,94.2200,93.8500,94.1600,5111500,86.3881
2024-07-08,94.1300,94.2600,93.9900,94.1900,5294600,86.4157
2024-07-09,94.0400,94.1700,93.8300,94.0600,3006900,86.2964
2024-07-10,94.1400,94.2000,94.0100,94.1500,4076600,86.3790
2024-07-11,94.8200,94.9800,94.7100,94.7500,9658400,86.9294
2024-07-12,94.7700,94.9500,94.7100,94.9500,4304500,87.1129
2024-07-15,94.7100,94.8300,94.5700,94.6500,3754500,86.8377
2024-07-16,94.8200,95.0800,94.7300,95.0700,4705800,87.2230
2024-07-17,94.9300,95.2100,94.8400,95.1500,5113500,87.2964
2024-07-18,94.9400,95.1500,94.8200,94.8800,8640600,87.0487
2024-07-19,94.6300,94.7000,94.5300,94.5800,5274400,86.7735
2024-07-22,94.6900,94.7600,94.3400,94.4900,3869800,86.6909
2024-07-23,94.6200,94.7500,94.5500,94.5600,5095600,86.7551
2024-07-24,94.7300,94.8800,94.3400,94.3500,4733500,86.5625
2024-07-25,94.5400,94.8800,94.4900,94.5600,4335600,86.7551
2024-07-26,94.9600,95.0400,94.8700,95.0100,5217500,87.1679
2024-07-29,95.2500,95.2600,95.0800,95.1700,6165600,87.3148
2024-07-30,95.2800,95.4700,95.1100,95.3700,4419200,87.4983
2024-07-31,95.6500,96.0800,95.4500,96.0700,10982900,88.1405
2024-08-01,96.0000,96.4300,95.9800,96.1900,10492600,88.5169
2024-08-02,97.1900,97.7500,97.1300,97.6800,18286500,89.8880
2024-08-05,98.3900,98.5800,97.4000,97.7800,19098200,89.9800
2024-08-06,97.5400,97.5800,96.8400,96.9100,9507000,89.1794
2024-08-07,96.6300,96.7300,96.3800,96.5600,8419700,88.8573
2024-08-08,96.1600,96.3400,96.0700,96.2700,4856100,88.5905
2024-08-09,96.7800,96.7900,96.5800,96.6600,5174900,88.9494
2024-08-12,96.5400,96.9800,96.4800,96.9300,4166400,89.1978
2024-08-13,97.3300,97.3600,97.1900,97.3600,6458700,89.5935
2024-08-14,97.3200,97.6300,97.3000,97.4900,4275700,89.7132
2024-08-15,96.7000,96.8800,96.6200,96.8800,5507000,89.1518
2024-08-16,97.0800,97.0900,96.8100,97.0700,4437000,89.3267
2024-08-19,97.0400,97.3100,97.0200,97.2000,4437600,89.4463
2024-08-20,97.4400,97.6300,97.3600,97.5900,4886000,89.8052
2024-08-21,97.6900,98.0100,97.4600,97.7900,5386000,89.9892
2024-08-22,97.5500,97.5700,97.2000,97.3400,4819500,89.5751
2024-08-23,97.5400,97.8600,97.4300,97.7900,5475400,89.9892
2024-08-26,97.9600,97.9700,97.6700,97.6700,3062400,89.8788
2024-08-27,97.4100,97.7000,97.3600,97.6300,4433700,89.8420
2024-08-28,97.6500,97.7300,97.5400,97.5800,8147000,89.7960
2024-08-29,97.3600,97.4500,97.2600,97.4100,6199800,89.6395
2024-08-30,97.4300,97.5500,97.0500,97.0700,4802600,89.3267
2024-09-03,97.3100,97.5700,97.2500,97.4200,8232700,89.9155
2024-09-04,97.5300,98.0400,97.5000,97.9900,9914900,90.4416
2024-09-05,98.2500,98.3000,97.9100,98.2200,33635000,90.6539
2024-09-06,98.2600,98.8500,98.0200,98.3600,17777600,90.7831
2024-09-09,98.3000,98.5700,98.1800,98.5000,8532500,90.9123
2024-09-10,98.5100,98.9700,98.4900,98.9200,7921400,91.3000
2024-09-11,98.7200,99.1500,98.6600,98.8500,7286200,91.2354
2024-09-12,98.7700,98.8800,98.5100,98.6900,5929800,91.0877
2024-09-13,98.9600,99.0000,98.7600,98.8800,5305500,91.2630
2024-09-16,98.9900,99.1800,98.8700,99.1400,6666900,91.5030
2024-09-17,99.0800,99.1400,98.8900,98.9600,7807000,91.3369
2024-09-18,98.7300,99.0500,98.4800,98.5300,8584500,90.9400
2024-09-19,98.2600,98.4700,98.2200,98.4500,16770800,90.8662
2024-09-20,98.3100,98.5500,98.1800,98.4200,6580600,90.8385
2024-09-23,98.2200,98.4500,97.9900,98.3600,7491700,90.7831
2024-09-24,98.0900,98.5000,98.0100,98.4700,6580800,90.8846
2024-09-25,98.2700,98.2700,98.0700,98.0700,10455100,90.5154
2024-09-26,98.1500,98.2000,97.8400,98.0000,8026500,90.4508
2024-09-27,98.2300,98.4400,98.1500,98.3900,6207700,90.8108
2024-09-30,98.3200,98.3500,97.9600,98.1200,8902400,90.5616
2024-10-01,98.1700,98.4700,98.0800,98.1900,11665600,90.8911
2024-10-02,97.7500,97.9500,97.6400,97.9100,7742100,90.6320
2024-10-03,97.6500,97.7200,97.3800,97.4100,11556100,90.1691
2024-10-04,96.5700,96.7800,96.4200,96.4700,8878300,89.2990
2024-10-07,96.1100,96.2700,96.0700,96.1200,10152600,88.9750
2024-10-08,95.9700,96.2000,95.9300,96.2000,5975200,89.0490
2024-10-09,96.0300,96.0800,95.7900,95.8400,6769200,88.7158
2024-10-10,95.7700,95.8800,95.5300,95.8300,5959000,88.7066
2024-10-11,95.7300,95.9500,95.6800,95.8600,5394100,88.7343
2024-10-14,95.4600,95.6900,95.4100,95.6900,3850900,88.5770
2024-10-15,96.0600,96.2200,96.0100,96.1800,7736900,89.0306
2024-10-16,96.3600,96.4600,96.2700,96.3300,5041100,89.1694
2024-10-17,95.9100,95.9500,95.7500,95.8300,5460200,88.7066
2024-10-18,95.9900,96.0500,95.9200,95.9400,5174700,88.8084
2024-10-21,95.5700,95.6000,95.1900,95.2000,6633600,88.1234
2024-10-22,95.3200,95.3800,95.0300,95.1100,5433900,88.0401
2024-10-23,94.8300,95.0000,94.7400,94.8900,6914300,87.8364
2024-10-24,94.9800,95.2600,94.8700,95.1000,5486300,88.0308
2024-10-25,95.3100,95.3200,94.8200,94.8900,6455300,87.8364
2024-10-28,94.9100,94.9200,94.4900,94.6700,5447300,87.6328
2024-10-29,94.2700,94.7300,94.2200,94.7100,8475400,87.6698
2024-10-30,94.9300,95.1700,94.5300,94.5700,6341100,87.5402
2024-10-31,94.4200,94.7000,94.2200,94.5200,8662900,87.4939
2024-11-01,94.3700,94.4600,93.6400,93.6700,15659500,86.9758
2024-11-04,94.3200,94.4400,93.9900,94.1700,8179300,87.4401
2024-11-05,94.0500,94.3400,93.7400,94.2200,8118500,87.4865
2024-11-06,93.0400,93.5100,93.0100,93.2500,15261400,86.5858
2024-11-07,93.6300,94.1700,93.5800,94.0000,15674000,87.2822
2024-11-08,94.2000,94.4800,94.0900,94.2000,12335300,87.4679
2024-11-11,93.9200,93.9600,93.7800,93.9400,3980000,87.2265
2024-11-12,93.5700,93.7600,93.2400,93.3500,8037600,86.6787
2024-11-13,93.7700,93.7800,93.1700,93.2900,6661800,86.6230
2024-11-14,93.4400,93.6600,93.1700,93.2800,7510000,86.6137
2024-11-15,93.1000,93.6300,92.9000,93.3200,16761500,86.6508
2024-11-18,93.2800,93.5900,93.1700,93.5300,4788200,86.8458
2024-11-19,93.8200,93.8800,93.6900,93.7300,4951500,87.0315
2024-11-20,93.4700,93.7600,93.4400,93.5900,5752900,86.9015
2024-11-21,93.6600,93.8300,93.4200,93.5400,5098200,86.8551
2024-11-22,93.6700,93.7300,93.5000,93.6000,5373900,86.9108
2024-11-25,94.4600,94.6400,94.3200,94.6100,7716000,87.8486
2024-11-26,94.4100,94.4400,94.2200,94.4100,5093100,87.6629
2024-11-27,94.7900,94.9200,94.6000,94.7900,5587600,88.0158
2024-11-29,95.1300,95.2000,95.0000,95.1900,5136200,88.3872
2024-12-02,94.6100,95.0100,94.5000,94.8900,5950600,88.3797
2024-12-03,94.9900,95.0300,94.5600,94.6200,5364800,88.1283
2024-12-04,94.3800,95.0100,94.3500,94.9800,5908800,88.4635
2024-12-05,94.7000,95.0300,94.7000,94.9700,5210300,88.4542
2024-12-06,95.3600,95.4200,95.0700,95.2700,6880200,88.7337
2024-12-09,95.1500,95.1600,94.9400,94.9400,4303100,88.4263
2024-12-10,94.7400,94.8400,94.6500,94.7700,3543400,88.2680
2024-12-11,94.9100,95.0000,94.4600,94.4900,6452800,88.0072
2024-12-12,94.3800,94.4600,94.1000,94.1300,4518000,87.6719
2024-12-13,93.9800,94.0100,93.6400,93.6900,5230100,87.2621
2024-12-16,93.8600,93.8700,93.6200,93.7200,4607600,87.2900
2024-12-17,93.7000,93.8700,93.6700,93.7200,4881100,87.2900
2024-12-18,93.4000,93.5200,92.6200,92.6900,11553900,86.6153
2024-12-19,92.3800,92.4400,92.1200,92.2700,9273800,86.2229
2024-12-20,92.7500,92.9000,92.5900,92.6100,6070900,86.5406
2024-12-23,92.5400,92.5800,92.1300,92.2000,5954500,86.1574
2024-12-24,92.0100,92.2600,91.9700,92.2500,3076100,86.2042
2024-12-26,91.9600,92.3600,91.9300,92.3200,3703300,86.2696
2024-12-27,92.2600,92.3900,92.0600,92.0800,3752500,86.0453
2024-12-30,92.5300,92.6700,92.5200,92.6200,4797700,86.5499
2024-12-31,92.7500,92.8200,92.3800,92.4500,5856000,86.3911
2025-01-02,92.6500,92.7800,92.3100,92.5000,5034800,86.4378
2025-01-03,92.6000,92.6700,92.3200,92.3500,2863700,86.2976
2025-01-06,92.2400,92.3300,92.0600,92.2600,3894600,86.2135
2025-01-07,92.1400,92.2100,91.7500,91.8400,5524400,85.8210
2025-01-08,91.7100,92.0200,91.6900,92.0000,6402900,85.9705
2025-01-10,91.4600,91.6300,91.2300,91.3300,8210900,85.3445
2025-01-13,91.2800,91.3100,91.0800,91.1700,5094300,85.1949
2025-01-14,91.2100,91.2800,91.0800,91.2000,4365500,85.2230
2025-01-15,92.1300,92.2300,91.9800,92.1600,7846600,86.1201
2025-01-16,92.0800,92.5800,91.9500,92.3800,7550900,86.3256
2025-01-17,92.5200,92.5800,92.3600,92.4500,3912800,86.3911
2025-01-21,92.7500,92.8300,92.6100,92.7600,4431300,86.6807
2025-01-22,92.7200,92.7300,92.4100,92.5200,3656400,86.4565
2025-01-23,92.1300,92.3500,92.1300,92.2800,4860900,86.2322
2025-01-24,92.2500,92.5800,92.2000,92.4700,4468700,86.4098
2025-01-27,93.0800,93.1500,92.8700,93.0700,4297100,86.9704
2025-01-28,92.8400,93.1000,92.7800,93.0800,3906600,86.9798
2025-01-29,93.1800,93.2500,92.7000,92.9700,4918400,86.8770
2025-01-30,93.1700,93.3200,93.0800,93.1700,4365600,87.0639
2025-01-31,93.2000,93.3400,92.8100,93.0200,6277400,86.9237
2025-02-03,92.9900,93.2800,92.6600,92.7900,8294000,86.9856
2025-02-04,92.6000,93.0200,92.6000,93.0200,6742300,87.2012
2025-02-05,93.4000,93.7300,93.3700,93.5600,6576300,87.7074
2025-02-06,93.4600,93.5800,93.3100,93.4500,5268500,87.6043
2025-02-07,93.1500,93.2300,92.9800,93.1400,4565300,87.3137
2025-02-10,93.2400,93.3700,93.0700,93.1200,3229100,87.2949
2025-02-11,92.8900,92.9600,92.8200,92.8800,3379500,87.0699
2025-02-12,92.2600,92.3200,92.0800,92.2400,7280200,86.4700
2025-02-13,92.7200,93.0000,92.7000,92.9300,6121900,87.1168
2025-02-14,93.3700,93.5100,93.2800,93.3200,5157900,87.4824
2025-02-18,93.0300,93.1300,92.8100,92.8200,4484100,87.0137
2025-02-19,92.7700,93.0100,92.7700,92.9700,4607000,87.1543
2025-02-20,93.1200,93.2600,93.1100,93.1600,7545400,87.3324
2025-02-21,93.2800,93.8300,93.2700,93.7100,6156500,87.8480
2025-02-24,93.6200,93.9700,93.5900,93.9100,4109500,88.0355
2025-02-25,94.5000,94.7000,94.4200,94.6500,7697100,88.7292
2025-02-26,94.6100,94.9700,94.4900,94.9100,7379800,88.9730
2025-02-27,94.5900,94.8300,94.5500,94.8000,5907900,88.8698
2025-02-28,95.0900,95.3600,94.9000,95.3200,11831500,89.3573
2025-03-03,94.7200,95.4500,94.7100,95.3900,9637400,89.6817
2025-03-04,95.5400,95.7800,94.9300,95.0900,12745500,89.3996
2025-03-05,95.1100,95.2400,94.5300,94.5600,15590000,88.9013
2025-03-06,94.5100,94.6900,94.1600,94.5100,9318900,88.8543
2025-03-07,94.9800,95.0200,94.3000,94.3900,9210200,88.7415
2025-03-10,94.9400,95.2000,94.8500,95.0500,7698500,89.3620
2025-03-11,95.0500,95.3100,94.5800,94.7100,10408600,89.0423
2025-03-12,94.4100,94.6600,94.3900,94.4300,7610300,88.7791
2025-03-13,94.2900,94.8500,94.2000,94.8100,6902300,89.1364
2025-03-14,94.5700,94.6500,94.4500,94.4800,4390900,88.8261
2025-03-17,94.6500,94.8500,94.4600,94.5600,6734000,88.9013
2025-03-18,94.4200,94.8300,94.4100,94.6700,8993300,89.0047
2025-03-19,94.5900,94.9900,94.4400,94.9600,5854500,89.2774
2025-03-20,95.4700,95.4900,94.9900,95.1000,4409100,89.4090
2025-03-21,95.2500,95.3400,95.0000,95.0200,4919600,89.3338
2025-03-24,94.7600,94.7800,94.4400,94.4700,4823500,88.8167
2025-03-25,94.4700,94.7400,94.4500,94.6300,6825800,88.9672
2025-03-26,94.4700,94.5700,94.3300,94.4100,8281700,88.7603
2025-03-27,94.3000,94.4100,94.2100,94.3300,5085100,88.6851
2025-03-28,94.7800,95.1500,94.7500,95.0900,6224500,89.3996
2025-03-31,95.4900,95.5600,95.0900,95.3700,13255800,89.6629
2025-04-01,95.2700,95.6600,95.2700,95.4000,18128800,89.9779
2025-04-02,95.8000,95.8000,95.0100,95.3100,7635900,89.8930
2025-04-03,96.4100,96.6500,96.1800,96.2900,18188000,90.8173
2025-04-04,97.2000,97.5200,96.5500,96.5600,27006500,91.0719
2025-04-07,96.4900,96.6600,95.1900,95.4100,68670600,89.9873
2025-04-08,94.9100,95.5900,94.8800,94.9300,19508000,89.5346
2025-04-09,94.2300,94.6800,93.6100,94.6300,24170800,89.2516
2025-04-10,94.5200,94.7800,93.9900,94.0400,12093800,88.6952
2025-04-11,93.4700,93.7300,92.7900,93.5100,55446600,88.1953
2025-04-14,93.9200,94.3600,93.8000,94.2600,12630900,88.9027
2025-04-15,94.2500,94.7600,94.2400,94.5400,7708100,89.1668
2025-04-16,94.6600,95.0800,94.4600,94.9500,8708400,89.5535
2025-04-17,94.9000,94.9900,94.5900,94.6800,6987000,89.2988
2025-04-21,94.4000,94.7500,94.1500,94.1700,4901300,88.8178
2025-04-22,94.4200,94.4400,94.2300,94.2400,5233000,88.8838
2025-04-23,95.0400,95.2200,94.2200,94.3400,8041300,88.9781
2025-04-24,94.7200,94.8800,94.6200,94.8500,7308900,89.4591
2025-04-25,95.1100,95.2800,94.9800,95.2100,5341300,89.7987
2025-04-28,95.1000,95.6200,95.0700,95.5900,4950500,90.1571
2025-04-29,95.5400,95.9300,95.5300,95.9200,5350200,90.4683
2025-04-30,95.9000,96.1600,95.8000,96.0700,13923200,90.6098
2025-05-01,95.8800,95.9000,95.1500,95.3400,13703300,90.2152
2025-05-02,94.8500,94.9900,94.5400,94.7000,9331600,89.6096
2025-05-05,94.6700,94.6800,94.3300,94.5300,10089400,89.4487
2025-05-06,94.4900,94.7900,94.4000,94.7700,6081200,89.6758
2025-05-07,94.8700,95.1400,94.8500,95.0200,9471100,89.9124
2025-05-08,94.9600,94.9800,94.2600,94.2800,6409000,89.2122
2025-05-09,94.4500,94.6100,94.3200,94.3500,3698700,89.2784
2025-05-12,93.7300,93.9700,93.7300,93.7500,9483700,88.7107
2025-05-13,93.8700,93.9200,93.5300,93.6800,13166800,88.6444
2025-05-14,93.6400,93.7100,93.2700,93.3300,6994700,88.3133
2025-05-15,93.7200,93.9900,93.6000,93.9400,9024900,88.8905
2025-05-16,94.3100,94.3300,93.9600,93.9700,6819200,88.9189
2025-05-19,93.4300,93.9400,93.3900,93.9200,11704900,88.8715
2025-05-20,93.6700,93.8700,93.5300,93.8000,8929600,88.7580
2025-05-21,93.4300,93.5600,93.0300,93.1500,11383500,88.1429
2025-05-22,93.1800,93.5400,93.0600,93.5000,10981200,88.4741
2025-05-23,93.9100,93.9200,93.6400,93.7700,9860700,88.7296
2025-05-27,93.9800,94.2600,93.8700,94.1600,10834400,89.0986
2025-05-28,93.9700,94.0400,93.7900,93.9000,8591500,88.8526
2025-05-29,94.1500,94.3800,94.1000,94.2900,9679100,89.2217
2025-05-30,94.3600,94.6200,94.3000,94.5700,10268600,89.4866
2025-06-02,94.0000,94.1400,93.7800,93.9400,13341900,89.1828
2025-06-03,94.0700,94.2000,93.7700,93.8500,8508900,89.0974
2025-06-04,94.2100,94.6200,94.1300,94.5400,10115900,89.7524
2025-06-05,94.5400,94.6600,94.2300,94.2600,8762800,89.4866
2025-06-06,93.7800,93.8600,93.4800,93.5100,7624200,88.7746
2025-06-09,93.5200,93.8000,93.5100,93.6800,6061200,88.9360
2025-06-10,93.9800,94.0200,93.7400,93.8400,5579900,89.0879
2025-06-11,94.0200,94.2700,93.9400,94.2300,6594900,89.4581
2025-06-12,94.5900,94.6500,94.4200,94.6400,7795400,89.8474
2025-06-13,94.4300,94.5000,94.0400,94.2900,9195200,89.5151
2025-06-16,94.1800,94.3800,94.0000,94.0200,7508400,89.2587
2025-06-17,94.2600,94.5200,94.1100,94.4800,5285000,89.6955
2025-06-18,94.6400,94.8400,94.3800,94.5400,6732400,89.7524
2025-06-20,94.3500,94.7400,94.2900,94.6000,6261700,89.8094
2025-06-23,94.8700,95.2400,94.8000,94.9300,9310300,90.1227
2025-06-24,94.8400,95.3100,94.8000,95.2600,7694500,90.4360
2025-06-25,95.0800,95.3400,94.9800,95.3000,6393300,90.4739
2025-06-26,95.4800,95.6500,95.3500,95.6400,7131900,90.7967
2025-06-27,95.3900,95.6800,95.3300,95.3900,8402400,90.5594
2025-06-30,95.6000,95.8100,95.4600,95.7700,10542300,90.9201
2025-07-01,95.4200,95.5100,95.1200,95.2900,10659800,90.7516
2025-07-02,94.9900,95.1400,94.9300,95.0900,6026200,90.5611
2025-07-03,94.8000,94.8600,94.6400,94.7600,7398900,90.2468
2025-07-07,94.6100,94.6200,94.3800,94.4600,8518600,89.9611
2025-07-08,94.2100,94.3300,94.1600,94.3200,5282800,89.8278
2025-07-09,94.4600,94.8200,94.4600,94.8100,6900800,90.2944
2025-07-10,94.7400,94.7800,94.5700,94.7600,4451900,90.2468
2025-07-11,94.4400,94.4700,94.2700,94.3200,6004300,89.8278
2025-07-14,94.3200,94.4600,94.1700,94.2800,5101600,89.7897
2025-07-15,94.3900,94.4000,93.8600,93.9100,5628100,89.4373
2025-07-16,94.0600,94.2400,93.9300,94.1700,12786300,89.6849
2025-07-17,94.2200,94.3300,94.0600,94.1400,4747200,89.6563
2025-07-18,94.4100,94.4800,94.3000,94.4000,4035000,89.9040
2025-07-21,94.8000,94.9000,94.6800,94.7300,5232300,90.2182
2025-07-22,94.8300,95.0600,94.8100,95.0000,6098000,90.4754
2025-07-23,94.7800,94.8400,94.6100,94.6600,5074000,90.1516
2025-07-24,94.3300,94.6200,94.3200,94.5200,5867400,90.0182
2025-07-25,94.4900,94.7400,94.4500,94.7400,3614000,90.2278
2025-07-28,94.5700,94.6400,94.4900,94.5300,5073200,90.0278
2025-07-29,94.6700,95.1500,94.6500,95.1500,7864000,90.6182
2025-07-30,94.8200,95.0800,94.7500,94.8200,7425600,90.3039
2025-07-31,94.9700,95.1300,94.8600,94.9000,10411800,90.3801
2025-08-01,95.3600,95.7300,95.3400,95.6800,11870100,91.4207
2025-08-04,95.7700,95.8500,95.5300,95.8100,8449500,91.5449
2025-08-05,95.6400,95.8600,95.6200,95.7400,8218700,91.4780
2025-08-06,95.6000,95.7200,95.2600,95.6700,10107500,91.4111
2025-08-07,95.6700,95.7700,95.5300,95.6000,5725900,91.3442
2025-08-08,95.4700,95.4700,95.3300,95.3800,5623800,91.1340
2025-08-11,95.4500,95.5400,95.3600,95.4100,4920200,91.1627
2025-08-12,95.2900,95.3900,95.1800,95.3900,6724600,91.1436
2025-08-13,95.6600,95.8300,95.6400,95.7300,5925200,91.4684
2025-08-14,95.5700,95.6000,95.3500,95.4200,5527500,91.1722
2025-08-15,95.3800,95.4400,95.1700,95.2300,7428500,90.9907
2025-08-18,95.3000,95.3100,95.0500,95.1400,9669600,90.9047
2025-08-19,95.2800,95.4200,95.2700,95.3800,6499300,91.1340
2025-08-20,95.3800,95.6100,95.3600,95.5200,6270700,91.2678
2025-08-21,95.3900,95.4400,95.1100,95.2400,5351300,91.0003
2025-08-22,95.4000,95.8800,95.3700,95.7700,10867700,91.5066
2025-08-25,95.6000,95.7100,95.5300,95.5800,9936400,91.3251
2025-08-26,95.6600,95.8600,95.6000,95.8300,5871200,91.5640
2025-08-27,95.7000,96.0100,95.6400,96.0100,5222800,91.7360
2025-08-28,95.9800,96.2300,95.9400,96.2300,6544700,91.9462
2025-08-29,96.1200,96.2300,96.0300,96.1500,6818900,91.8697
2025-09-02,95.4600,95.6300,95.4300,95.5500,8623200,91.5956
2025-09-03,95.5600,96.0200,95.5600,95.8800,7586100,91.9119
2025-09-04,96.1200,96.3100,96.0000,96.3100,6395300,92.3241
2025-09-05,96.9100,97.0200,96.7800,96.7800,9566300,92.7747
2025-09-08,97.0200,97.0900,96.9200,97.0800,7599600,93.0623
2025-09-09,97.0300,97.1400,96.7600,96.8500,8223100,92.8418
2025-09-10,97.0500,97.2300,96.9600,97.1100,8864500,93.0910
2025-09-11,97.2400,97.4600,97.2300,97.2600,8554300,93.2348
2025-09-12,97.0300,97.0400,96.8400,96.9800,36502700,92.9664
2025-09-15,97.1500,97.2200,97.1000,97.1400,4990100,93.1198
2025-09-16,97.1500,97.2900,97.1100,97.2000,5847700,93.1773
2025-09-17,97.3000,97.5200,96.8700,96.9900,10701700,92.9760
2025-09-18,96.6500,96.8100,96.5100,96.6700,7589200,92.6692
2025-09-19,96.6200,96.7000,96.5000,96.6300,5528800,92.6309
2025-09-22,96.6300,96.6600,96.4600,96.4700,5282700,92.4775
2025-09-23,96.6100,96.7500,96.4900,96.7400,7077500,92.7363
2025-09-24,96.6200,96.6300,96.4400,96.4800,5419700,92.4871
2025-09-25,96.2600,96.3200,96.1000,96.2700,6517500,92.2858
2025-09-26,96.2500,96.4300,96.1300,96.2200,7295300,92.2378
2025-09-29,96.3400,96.5500,96.3300,96.5000,6357500,92.5063
2025-09-30,96.5800,96.7600,96.4200,96.4600,9257800,92.4679
2025-10-01,96.5600,96.6300,96.3400,96.4900,8347000,92.7794
2025-10-02,96.4500,96.6500,96.3900,96.5900,9420600,92.8756
2025-10-03,96.6000,96.6400,96.3800,96.4000,5154300,92.6929
2025-10-06,96.1700,96.3400,96.1100,96.1200,6319600,92.4237
2025-10-07,96.2400,96.4900,96.1800,96.3600,5119900,92.6545
2025-10-08,96.5400,96.5600,96.3200,96.3800,5141900,92.6737
2025-10-09,96.2900,96.3600,96.2300,96.3100,7130600,92.6064
2025-10-10,96.6500,97.0200,96.5700,96.9100,10417700,93.1833
2025-10-13,96.9000,96.9900,96.7800,96.9600,5607600,93.2314
2025-10-14,97.0600,97.2400,96.9800,97.2100,7650600,93.4718
2025-10-15,97.2100,97.3300,97.0200,97.1000,7769300,93.3660
2025-10-16,97.0200,97.5900,97.0000,97.5500,11627200,93.7987
2025-10-17,97.4600,97.4800,97.2700,97.3900,12491000,93.6448
2025-10-20,97.4500,97.5300,97.3700,97.5200,10437800,93.7698
2025-10-21,97.6900,97.7700,97.6300,97.7000,7642000,93.9429
2025-10-22,97.6500,97.7700,97.5600,97.7200,6523500,93.9621
2025-10-23,97.5200,97.5800,97.3800,97.4000,6138300,93.6545
2025-10-24,97.5200,97.5400,97.3300,97.4900,7555200,93.7410
2025-10-27,97.3400,97.4900,97.2100,97.4900,7272300,93.7410
2025-10-28,97.4300,97.6300,97.4300,97.5800,5539600,93.8275
2025-10-29,97.5300,97.5300,96.9000,96.9500,11223300,93.2218
2025-10-30,96.6700,96.9600,96.6500,96.8100,8958800,93.0871
2025-10-31,96.8700,96.9500,96.7900,96.8500,9739900,93.1256
2025-11-03,96.4200,96.5600,96.3700,96.5000,8012500,93.0813
2025-11-04,96.5700,96.6700,96.5500,96.6200,6119000,93.1970
2025-11-05,96.4500,96.4700,96.1300,96.1600,11749200,92.7533
2025-11-06,96.5200,96.7200,96.5100,96.6500,7665000,93.2259
2025-11-07,96.5600,96.8600,96.5500,96.6900,11460300,93.2645
2025-11-10,96.5700,96.6500,96.5100,96.5600,9097300,93.1391
2025-11-11,96.8100,96.8900,96.7300,96.8600,4937700,93.4285
2025-11-12,96.8100,96.9500,96.7800,96.8800,7188200,93.4478
2025-11-13,96.6500,96.8000,96.6000,96.6000,46965300,93.1777
2025-11-14,96.8800,96.9300,96.4200,96.4400,11288500,93.0234
2025-11-17,96.5400,96.6200,96.4900,96.5500,6648500,93.1295
2025-11-18,96.8400,96.9300,96.5700,96.7100,8769000,93.2838
2025-11-19,96.8100,96.8600,96.6000,96.6400,13075900,93.2163
2025-11-20,96.7400,96.9500,96.7000,96.8700,9076400,93.4381
2025-11-21,97.1900,97.2300,97.0000,97.1900,12551100,93.7468
2025-11-24,97.2900,97.3600,97.1800,97.3400,6903900,93.8915
2025-11-25,97.4400,97.7000,97.4300,97.5900,9193400,94.1326
2025-11-26,97.4800,97.6700,97.3300,97.6700,7747100,94.2098
2025-11-28,97.6300,97.6500,97.3900,97.5000,7798000,94.0458
2025-12-01,96.7700,96.8400,96.6800,96.6900,9898100,93.5408
2025-12-02,96.6600,96.8200,96.6000,96.7700,7317200,93.6182
2025-12-03,96.9300,97.0300,96.8100,96.9700,6855100,93.8117
2025-12-04,96.8200,96.8300,96.6200,96.6700,8928900,93.5215
2025-12-05,96.6900,96.7000,96.4200,96.4700,9118700,93.3280
2025-12-08,96.4100,96.4200,96.0900,96.2700,14728300,93.1345
2025-12-09,96.4100,96.4100,96.1100,96.1300,8509200,92.9991
2025-12-10,96.0900,96.4700,96.0800,96.4400,13356900,93.2990
2025-12-11,96.6800,96.7300,96.4200,96.4500,8672800,93.3086
2025-12-12,96.1900,96.2700,96.1700,96.1900,8348700,93.0571
2025-12-15,96.4100,96.5100,96.2500,96.2700,6117000,93.1345
2025-12-16,96.2400,96.5600,96.2300,96.5400,7456400,93.3957
2025-12-17,96.4200,96.5700,96.4000,96.5200,5673200,93.3763
2025-12-18,96.7700,96.8300,96.6400,96.7700,7357600,93.6182
2025-12-19,96.3000,96.3900,96.2000,96.2400,5806600,93.4076
2025-12-22,96.1600,96.1900,96.0800,96.1400,4672800,93.3105
2025-12-23,95.9300,96.1300,95.8800,96.1000,5093900,93.2717
2025-12-24,96.2200,96.3700,96.1700,96.3500,3967700,93.5143
2025-12-26,96.4900,96.5100,96.3300,96.4400,3491500,93.6017
2025-12-29,96.5500,96.6000,96.4500,96.5800,5034600,93.7376
2025-12-30,96.4400,96.5600,96.4000,96.4800,4108600,93.6405
2025-12-31,96.3400,96.4700,96.1500,96.1600,6802100,93.3300
2026-01-02,96.2900,96.2900,96.0700,96.0800,6611800,93.2523
2026-01-05,96.2300,96.3800,96.1700,96.3700,8693200,93.5338
2026-01-06,96.2500,96.3200,96.1000,96.3000,12834100,93.4658
2026-01-07,96.5200,96.5500,96.3400,96.4800,7990900,93.6405
2026-01-08,96.2300,96.3100,96.1800,96.1900,6931700,93.3591
2026-01-09,96.1600,96.3800,96.0700,96.3000,10277300,93.4658
2026-01-12,96.1500,96.3000,96.1200,96.1800,6360600,93.3494
2026-01-13,96.3400,96.3700,96.2000,96.3000,7622500,93.4658
2026-01-14,96.3800,96.6000,96.3700,96.5000,7331200,93.6600
2026-01-15,96.5100,96.5200,96.2800,96.3000,6172500,93.4658
2026-01-16,96.2300,96.2600,95.9100,95.9300,11979300,93.1067
2026-01-20,95.6000,95.7200,95.5300,95.5500,13607700,92.7379
2026-01-21,95.6600,95.8400,95.5600,95.8000,11969000,92.9805
2026-01-22,95.7000,95.8600,95.6500,95.7900,10209500,92.9708
2026-01-23,95.8300,95.9700,95.7500,95.9500,8147500,93.1261
2026-01-26,96.1000,96.1600,96.0400,96.0900,6803800,93.2620
2026-01-27,96.0300,96.1500,95.9500,95.9800,9857200,93.1552
2026-01-28,95.9200,95.9500,95.7300,95.9000,17032400,93.0776
2026-01-29,95.8000,96.0900,95.7800,96.0000,11049100,93.1747
2026-01-30,95.9900,96.0600,95.9100,95.9400,8238500,93.1164
2026-02-02,95.6700,95.7000,95.4400,95.4400,8987100,92.9334
2026-02-03,95.3900,95.5700,95.3700,95.5300,7313800,93.0210
2026-02-04,95.4500,95.6100,95.4100,95.5100,7268600,93.0015
2026-02-05,95.8000,96.1000,95.7100,96.0700,12086800,93.5468
2026-02-06,96.1200,96.1300,95.9200,96.0700,7759900,93.5468
2026-02-09,96.0100,96.1300,95.9300,96.0900,8165100,93.5663
2026-02-10,96.4300,96.5500,96.4100,96.5100,9752300,93.9753
2026-02-11,96.1800,96.4500,96.1600,96.2400,9106600,93.7123
2026-02-12,96.4000,96.8500,96.3900,96.8300,13099900,94.2869
2026-02-13,97.1200,97.2600,97.0900,97.2100,11681500,94.6569
2026-02-17,97.2500,97.3100,97.1500,97.2000,8623800,94.6471
2026-02-18,97.0300,97.0900,96.9700,97.0000,7778800,94.4524
2026-02-19,96.9600,97.1400,96.9400,97.0900,4993000,94.5400
2026-02-20,97.1300,97.1400,96.8900,97.0900,11200200,94.5400
2026-02-23,97.1700,97.5300,97.1700,97.4400,9862900,94.8808
2026-02-24,97.4400,97.4800,97.3300,97.4200,9493300,94.8613
2026-02-25,97.2700,97.4200,97.2700,97.3400,8762700,94.7835
2026-02-26,97.4200,97.6000,97.4200,97.6000,8177300,95.0366
2026-02-27,97.8800,98.0500,97.8300,97.9900,9970300,95.4164
2026-03-02,97.3800,97.3900,96.9500,97.1200,17709600,94.8431
2026-03-03,96.6700,97.1500,96.6400,97.0100,13708500,94.7357
2026-03-04,96.9700,96.9900,96.7900,96.8100,12535500,94.5404
2026-03-05,96.4500,96.5800,96.3900,96.5100,12599700,94.2475
2026-03-06,96.2200,96.7400,96.1700,96.4500,12758200,94.1889
2026-03-09,96.3600,96.8000,96.2500,96.7500,12134400,94.4818
2026-03-10,96.7000,96.7700,96.4100,96.4400,10571300,94.1791
2026-03-11,96.2600,96.3100,95.9800,96.0000,12197600,93.7494
2026-03-12,95.8500,95.9800,95.5900,95.6900,11401400,93.4467
2026-03-13,95.8400,95.9300,95.5500,95.5900,11839700,93.3490
2026-03-16,95.9800,96.0600,95.8700,96.0200,9092100,93.7689
2026-03-17,96.1700,96.2800,96.1300,96.1900,7209700,93.9350
2026-03-18,96.0500,96.1200,95.7300,95.7500,13048700,93.5053
2026-03-19,95.4900,95.8800,95.4800,95.7400,18464600,93.4955
2026-03-20,95.3100,95.3400,94.8500,94.8800,20761500,92.6557
2026-03-23,95.0000,95.4300,94.8900,95.1800,28336300,92.9486
2026-03-24,94.7900,95.0800,94.6200,94.8600,19785600,92.6361
2026-03-25,95.2900,95.4000,95.1400,95.3600,15939200,93.1244
2026-03-26,95.0100,95.1300,94.5900,94.5900,12897300,92.3725
2026-03-27,94.3700,94.7800,94.3600,94.6000,11401900,92.3822
2026-03-30,95.2000,95.3900,95.1300,95.2700,15430000,93.0365
2026-03-31,95.5400,95.6800,95.3500,95.4400,18649700,93.2025
2026-04-01,95.0800,95.2900,95.0200,95.0400,13557600,93.1212
2026-04-02,95.0300,95.3900,95.0100,95.2600,13171300,93.3368
2026-04-06,95.0000,95.1800,94.9100,95.0100,6104900,93.0918
2026-04-07,95.0700,95.2900,94.7600,95.2500,6737500,93.3270
2026-04-08,95.7200,95.7300,95.3700,95.4600,12107400,93.5327
2026-04-09,95.3700,95.6500,95.2300,95.4300,11065900,93.5033
2026-04-10,95.4300,95.4600,95.2600,95.2700,4404800,93.3466
2026-04-13,95.2700,95.4900,95.1700,95.4800,4300200,93.5523
2026-04-14,95.4400,95.8000,95.4100,95.7900,5239800,93.8561
2026-04-15,95.6900,95.7000,95.5000,95.5800,5592900,93.6503
2026-04-16,95.6700,95.7000,95.3800,95.4100,6618900,93.4837
2026-04-17,95.8900,96.0500,95.8400,95.9300,6912900,93.9932
2026-04-20,95.9100,95.9200,95.7100,95.8400,3868800,93.9051
2026-04-21,95.6900,95.7500,95.4100,95.4200,4872900,93.4935
2026-04-22,95.6800,95.7100,95.5000,95.5200,4121400,93.5915
2026-04-23,95.5600,95.6300,95.1900,95.3700,6795600,93.4445
2026-04-24,95.2900,95.5900,95.2100,95.5600,5490000,93.6307
2026-04-27,95.4200,95.5300,95.2800,95.3400,4055500,93.4151
2026-04-28,95.1900,95.2700,95.1100,95.2500,4867700,93.3270
2026-04-29,95.0300,95.0300,94.7000,94.8000,7200300,92.8861
2026-04-30,95.0400,95.0900,94.8700,94.9800,10382400,93.0624
2026-05-01,94.6900,95.0400,94.6200,94.7400,5359200,93.1332
2026-05-04,94.5900,94.6000,94.2200,94.3900,6593900,92.7891
2026-05-05,94.5000,94.6400,94.4700,94.5300,11281600,92.9268
2026-05-06,94.9300,95.0300,94.8600,95.0000,9031100,93.3888
2026-05-07,95.1800,95.1800,94.6900,94.7100,5610100,93.1037
2026-05-08,95.0400,95.0900,94.9200,94.9600,3215100,93.3495
2026-05-11,94.8600,94.8800,94.6400,94.6400,4025400,93.0349
2026-05-12,94.4200,94.4300,94.3000,94.3200,5686700,92.7203
2026-05-13,94.3000,94.3800,94.1100,94.3200,3459200,92.7203
2026-05-14,94.5400,94.5600,94.2500,94.2600,5167300,92.6613
2026-05-15,93.7200,93.7500,93.4900,93.5100,12498700,91.9241
2026-05-18,93.6200,93.7500,93.3400,93.4700,8422900,91.8847
2026-05-19,93.1300,93.2700,92.9500,93.1100,10069800,91.5308
2026-05-20,93.1700,93.8100,93.1500,93.7400,14892500,92.1502
2026-05-21,93.4700,93.8400,93.3100,93.8000,7762000,92.2092
2026-05-22,93.9600,93.9900,93.6300,93.8800,6321900,92.2878
2026-05-26,94.3400,94.3500,94.1300,94.2800,5494400,92.6810
2026-05-27,94.3500,94.4800,94.2900,94.3200,5958800,92.7203
2026-05-28,94.3500,94.6700,94.2900,94.5400,5938300,92.9366
2026-05-29,94.6400,94.7400,94.5300,94.6500,9639700,93.0447
2026-06-01,93.9100,94.2000,93.8100,94.1700,8054100,92.8839
2026-06-02,94.3300,94.3300,94.1600,94.2400,15426600,92.9530
2026-06-03,93.9900,94.1000,93.9100,94.0000,7056500,92.7163
2026-06-04,94.2000,94.2800,94.0900,94.1200,4417900,92.8346
2026-06-05,93.7100,93.7900,93.5900,93.6200,9880800,92.3415
2026-06-08,93.8000,93.8600,93.5200,93.5200,5352200,92.2428
2026-06-09,93.7100,93.8500,93.6100,93.7800,8007300,92.4993
2026-06-10,93.8200,93.9000,93.6000,93.6900,5804900,92.4105
2026-06-11,93.8100,94.3800,93.7500,94.3400,11281600,93.0516
2026-06-12,94.1600,94.2700,94.0200,94.1800,8861800,92.8938
2026-06-15,94.3900,94.4700,94.2600,94.2800,3787600,92.9925
2026-06-16,94.3800,94.6200,94.3500,94.5200,4675000,93.2292
2026-06-17,94.5300,94.5800,94.0100,94.0200,11508300,92.7360
2026-06-18,94.4300,94.6000,94.3300,94.3600,6836500,93.0714
2026-06-22,94.1100,94.1300,93.9700,94.0000,4572200,92.7163
2026-06-23,94.1600,94.2600,94.0900,94.1200,6504600,92.8346
2026-06-24,94.5700,94.7800,94.5600,94.7300,5179800,93.4363
2026-06-25,94.8600,95.0200,94.7800,94.7900,5630500,93.4955
2026-06-26,94.8300,95.0800,94.8300,95.0300,5584100,93.7322
2026-06-29,94.9800,95.0700,94.9300,95.0600,5901500,93.7618
2026-06-30,94.8800,94.9000,94.5500,94.5700,8034000,93.2785
2026-07-01,94.0400,94.2000,94.0000,94.0300,7890500,93.0519
2026-07-02,94.0900,94.2600,94.0300,94.1200,7605500,93.1409
2026-07-06,94.1400,94.1900,94.0300,94.1800,4600500,93.2003
2026-07-07,94.0000,94.0200,93.6900,93.7000,5813600,92.7253
2026-07-08,93.5300,93.5900,93.3600,93.5100,5509600,92.5373
2026-07-09,93.5900,93.8500,93.5900,93.7100,3223100,92.7352
2026-07-10,93.7400,93.7800,93.5900,93.6300,6507600,92.6560
2026-07-13,93.5000,93.5200,93.2600,93.2900,5769700,92.3196
2026-07-14,93.6000,93.7900,93.4600,93.5500,5315900,92.5769
2026-07-15,93.6400,93.8700,93.6400,93.7800,6735500,92.8045
2026-07-16,93.5800,93.7500,93.5400,93.7200,4841200,92.7451
2026-07-17,93.9600,94.1000,93.8200,93.8400,7561300,92.8638
2026-07-20,93.7400,93.7600,93.4400,93.5400,3784800,92.5670
2026-07-21,93.4000,93.4200,93.2600,93.3100,2786200,92.3394
2026-07-22,93.2800,93.2900,93.0800,93.1000,3428200,92.1315
2026-07-23,92.8000,92.9000,92.7600,92.8500,5002200,91.8841
2026-07-24,92.9900,93.2200,92.9400,93.0300,5092700,92.0623
2026-07-27,93.2100,93.3500,93.1400,93.2800,4046300,92.3097
2026-07-28,93.3700,93.6600,93.3700,93.5600,3320700,92.5868
2026-07-29,93.4100,93.5300,93.1600,93.1700,5391000,92.2008
2026-07-30,93.2400,93.3200,93.1200,93.2100,3973000,92.2404
2026-07-31,92.9800,92.9800,92.7300,92.9500,8490100,91.9831
2026-08-03,92.8000,92.8700,92.6900,92.8200,5758500,92.1698
2026-08-04,93.1500,93.2700,93.1000,93.2500,5461600,92.5968
2026-08-05,93.2100,93.3300,93.1300,93.3100,5609200,92.6564
2026-08-06,93.1600,93.1900,92.9000,92.9500,4831900,92.2989
2026-08-07,93.2900,93.3200,93.0600,93.1700,55016600,92.5173
2026-08-10,92.9600,92.9800,92.7600,92.7600,8610100,92.1102
2026-08-11,92.9500,93.0500,92.8700,92.8700,5052200,92.2194
2026-08-12,93.1500,93.1600,92.9300,92.9600,4810300,92.3088
2026-08-13,93.3100,93.5100,93.2800,93.3000,7637900,92.6464
2026-08-14,93.2900,93.3300,93.0000,93.0400,4659900,92.3882
2026-08-17,92.9600,93.0400,92.8300,92.8400,4755400,92.1897
2026-08-18,92.8000,93.0100,92.7200,92.9300,6312600,92.2790
2026-08-19,93.3500,93.3900,93.1200,93.3800,7762300,92.7259
2026-08-20,93.0000,93.1700,92.9200,93.0000,4956800,92.3485
2026-08-21,92.9500,92.9700,92.7700,92.8200,4508700,92.1698
2026-08-24,92.9500,93.1400,92.9400,93.0100,5809600,92.3585
2026-08-25,93.3100,93.5400,93.2600,93.5100,7753500,92.8550
2026-08-26,93.3400,93.3600,93.2300,93.3200,5671200,92.6663
2026-08-27,93.3100,93.3700,93.1600,93.2300,10555700,92.5769
2026-08-28,93.1800,93.4000,92.8200,92.8500,8008400,92.1996
2026-08-31,92.7500,92.7500,92.6200,92.7400,8136100,92.0904
2026-09-01,92.1900,92.3700,92.0700,92.1000,8030400,91.7834
2026-09-02,92.1700,92.2000,92.0400,92.1800,6075800,91.8631
2026-09-03,92.4800,92.4900,92.2700,92.2800,7194800,91.9628
2026-09-04,92.2600,92.4000,92.2200,92.2500,3011600,91.9329
2026-09-08,92.2900,92.2900,92.0400,92.1600,3481200,91.8432
2026-09-09,92.0900,92.1600,91.7800,91.9000,5440600,91.5841
2026-09-10,91.3700,91.4800,91.1100,91.1800,9840800,90.8666
2026-09-11,91.3300,91.4200,90.9800,91.0100,8728500,90.6972
2026-09-14,90.9400,91.2500,90.7500,90.9300,8884700,90.6174
2026-09-15,90.8400,90.9200,90.7500,90.8200,9403700,90.5078
2026-09-16,91.0000,91.2800,90.7000,90.7300,13144400,90.4181
2026-09-17,91.1700,91.2600,91.0900,91.2500,8137600,90.9363
2026-09-18,90.9400,90.9400,90.7900,90.8000,6721300,90.4879
2026-09-21,91.1200,91.1700,91.0100,91.1500,8832400,90.8367
2026-09-22,91.1800,91.2500,90.9700,91.1600,8941200,90.8466
2026-09-23,90.9600,90.9700,89.9900,90.1900,14504900,89.8800
2026-09-24,90.2800,90.3400,89.6900,89.6900,11008900,89.3817
2026-09-25,89.7900,90.0200,89.5400,90.0000,17320200,89.6906
2026-09-28,89.5200,89.6900,89.2900,89.5300,11366200,89.2222
2026-09-29,89.5000,89.5000,89.1900,89.4500,12706300,89.1425
2026-09-30,89.5800,89.5900,89.1500,89.3100,14324400,89.0030
2026-10-01,88.7900,89.5000,88.6400,89.3000,13505900,89.3000
