Date,Open,High,Low,Close,Volume,AdjClose
2000-05-22,16.9200,17.0200,16.7000,16.8000,97650,6.9502
2000-05-23,17.1200,17.1200,16.4000,16.6000,161400,6.8674
2000-05-24,16.3000,16.9000,16.3000,16.9000,140800,6.9916
2000-05-25,16.5800,16.5800,16.0000,16.0000,622950,6.6192
2000-05-26,15.6000,15.9800,15.1000,15.8000,345000,6.5365
2000-05-29,15.5000,15.8400,15.5000,15.5000,121250,6.4124
2000-05-30,15.6800,16.2400,15.6800,16.1600,67250,6.6854
2000-05-31,16.1800,16.3800,16.1200,16.1800,60100,6.6937
2000-06-01,16.1800,16.3800,16.1200,16.1800,60100,6.6937
2000-06-02,16.2800,16.6000,16.2000,16.4000,125500,6.7847
2000-06-05,16.4000,16.7000,15.9600,16.1800,36400,6.6937
2000-06-06,16.0000,16.1000,16.0000,16.0000,31100,6.6192
2000-06-07,16.0000,16.3000,16.0000,16.0000,136400,6.6192
2000-06-08,16.1000,16.1000,15.9000,16.1000,77000,6.6606
2000-06-09,16.0000,16.1400,16.0000,16.0000,35750,6.6192
2000-06-12,16.0000,16.0000,16.0000,16.0000,0,6.6192
2000-06-13,16.1000,16.2000,16.0000,16.0400,32100,6.6358
2000-06-14,16.0200,16.3000,16.0000,16.0000,87850,6.6192
2000-06-15,15.9000,16.0200,15.8200,16.0000,86650,6.6192
2000-06-16,16.0000,16.1000,15.9600,16.1000,14500,6.6606
2000-06-19,16.0000,16.1000,15.9600,15.9800,130500,6.6109
2000-06-20,16.0600,16.0600,15.6400,15.8000,21450,6.5365
2000-06-21,15.8000,15.8000,15.6000,15.6000,11800,6.4537
2000-06-22,15.6000,15.8000,15.4200,15.8000,16000,6.5365
2000-06-23,15.9800,15.9800,15.4000,15.4000,3300,6.3710
2000-06-26,15.2000,15.2000,15.0000,15.2000,11500,6.2883
2000-06-27,15.0200,15.4000,14.8000,14.8000,47000,6.1228
2000-06-28,14.8000,14.8800,14.4400,14.7000,29100,6.0814
2000-06-29,14.6200,14.6200,14.5000,14.5000,49250,5.9987
2000-06-30,14.5000,14.9800,14.5000,14.7200,57250,6.0897
2000-07-03,14.9800,14.9800,14.7800,14.7800,78700,6.1145
2000-07-04,14.7800,14.9200,14.7000,14.9000,151000,6.1641
2000-07-05,15.0200,15.0400,15.0200,15.0400,62450,6.2221
2000-07-06,15.0000,15.0000,14.6000,14.8000,17350,6.1228
2000-07-07,15.0200,15.6000,15.0200,15.6000,42200,6.4537
2000-07-10,15.0000,15.8000,14.8000,14.8000,55000,6.1228
2000-07-11,15.3800,15.8000,15.3800,15.7600,83300,6.5199
2000-07-12,15.7000,15.7600,15.5000,15.7600,13600,6.5199
2000-07-13,15.7400,15.7400,15.1200,15.1200,5800,6.2552
2000-07-14,15.4200,15.7600,15.4200,15.7600,11250,6.5199
2000-07-17,15.4200,15.7600,15.4000,15.4000,4550,6.3710
2000-07-18,15.4000,15.4000,15.4000,15.4000,5250,6.3710
2000-07-19,15.1200,15.8000,15.0200,15.8000,29400,6.5365
2000-07-20,15.3000,15.7000,15.3000,15.7000,8050,6.4951
2000-07-21,15.8000,15.8000,15.7000,15.7000,3500,6.4951
2000-07-24,15.4000,15.5000,15.4000,15.4000,16750,6.3710
2000-07-25,15.4600,15.4600,15.4600,15.4600,21500,6.3958
2000-07-26,15.3000,15.9400,15.3000,15.8000,44300,6.5365
2000-07-27,15.8000,16.1800,15.8000,15.8000,65250,6.5365
2000-07-28,15.8000,15.9000,15.8000,15.9000,41750,6.5778
2000-07-31,15.9000,16.0600,15.9000,15.9800,49000,6.6109
2000-08-01,15.9800,15.9800,15.9800,15.9800,0,6.6109
2000-08-02,16.0000,16.1800,16.0000,16.0000,18600,6.6192
2000-08-03,16.0000,16.0000,16.0000,16.0000,23000,6.6192
2000-08-04,16.0000,16.5000,16.0000,16.4000,77900,6.7847
2000-08-07,16.5000,16.6400,16.3000,16.3000,23150,6.7433
2000-08-08,16.3400,18.1000,16.3400,17.9800,732850,7.4383
2000-08-09,17.9800,18.3000,17.5600,17.7600,610750,7.3473
2000-08-10,17.7600,18.0800,17.7600,18.0000,119600,7.4466
2000-08-11,18.0400,18.0800,18.0000,18.0800,119550,7.4797
2000-08-14,18.0800,18.1200,18.0800,18.1000,71950,7.4880
2000-08-15,18.1200,18.2800,18.0400,18.2800,77700,7.5625
2000-08-16,18.4800,18.8000,18.4000,18.8000,32150,7.7776
2000-08-17,18.8000,19.0000,18.8000,19.0000,138450,7.8603
2000-08-18,19.0000,19.3600,18.9400,19.2400,98950,7.9596
2000-08-21,19.3600,19.6000,19.3000,19.4400,139800,8.0424
2000-08-22,19.6000,20.1000,19.5000,20.1000,139650,8.3154
2000-08-23,20.3200,20.3200,19.8400,20.3000,102400,8.3981
2000-08-24,20.0000,20.4000,20.0000,20.4000,47950,8.4395
2000-08-25,20.6800,20.9600,20.6800,20.8000,88000,8.6050
2000-08-28,20.9800,20.9800,19.2000,19.4000,148300,8.0258
2000-08-29,19.7800,20.1000,19.5200,20.0000,59700,8.2740
2000-08-30,20.0000,20.0000,19.8400,20.0000,72350,8.2740
2000-08-31,20.0000,20.6000,19.4000,20.6000,37050,8.5222
2000-09-01,20.4000,20.6000,20.2000,20.6000,50400,8.5222
2000-09-04,20.6000,20.6000,20.3000,20.3000,4050,8.3981
2000-09-05,20.2000,20.2000,20.0000,20.0000,12450,8.2740
2000-09-06,19.6000,20.2000,19.2600,19.4000,60400,8.0258
2000-09-07,19.2400,19.5000,18.7600,19.0000,16850,7.8603
2000-09-08,19.0000,19.1000,18.8200,18.9800,31250,7.8520
2000-09-11,18.9000,19.0000,18.4200,18.5000,43250,7.6535
2000-09-12,18.5200,18.9600,18.5000,18.8400,23650,7.7941
2000-09-13,18.8000,18.9200,18.7000,18.8800,50250,7.8107
2000-09-14,18.8400,19.2000,18.8000,19.2000,27150,7.9431
2000-09-15,19.0000,19.1000,19.0000,19.0000,10300,7.8603
2000-09-18,19.0000,19.1000,18.8000,18.8000,8000,7.7776
2000-09-19,18.7400,18.7800,18.2400,18.4000,36450,7.6121
2000-09-20,18.5200,18.7800,18.3600,18.4800,19000,7.6452
2000-09-21,18.3000,18.4000,18.3000,18.4000,17950,7.6121
2000-09-22,18.3000,18.8400,18.3000,18.8400,71500,7.7941
2000-09-25,18.9600,19.3200,18.7200,19.3200,37250,7.9927
2000-09-26,19.1000,19.5000,18.9000,19.5000,71000,8.0672
2000-09-27,19.4000,19.4000,18.9400,19.2000,23050,7.9431
2000-09-28,19.5000,19.8000,19.2000,19.8000,102900,8.1913
2000-09-29,20.1000,20.7000,20.1000,20.4000,337900,8.4395
2000-10-02,19.9000,20.7600,19.9000,20.7400,28750,8.5802
2000-10-03,20.7000,20.7800,20.0200,20.2000,90900,8.3568
2000-10-04,20.4800,20.5600,20.0400,20.2000,43750,8.3568
2000-10-05,20.1000,20.7800,20.1000,20.7600,37550,8.5884
2000-10-06,20.3200,20.4000,20.1200,20.1200,21250,8.3237
2000-10-09,20.1000,20.3800,20.0000,20.0000,13100,8.2740
2000-10-10,20.0000,20.0000,19.8400,20.0000,110000,8.2740
2000-10-11,20.3600,20.4200,19.3000,19.3000,36650,7.9844
2000-10-12,19.4000,19.4000,19.1000,19.1000,7450,7.9017
2000-10-13,19.2000,19.5000,19.1000,19.5000,10500,8.0672
2000-10-16,18.9000,18.9000,18.8000,18.9000,1400,7.8190
2000-10-17,19.1000,19.1000,18.8000,19.1000,15700,7.9017
2000-10-18,18.8000,18.8000,18.5000,18.5000,3500,7.6535
2000-10-19,19.1000,19.1000,18.6000,18.7200,24250,7.7445
2000-10-20,18.8000,18.8000,18.7600,18.7800,2700,7.7693
2000-10-23,18.8000,19.0000,18.8000,19.0000,26200,7.8603
2000-10-24,18.9800,19.3000,18.9800,19.2000,19250,7.9431
2000-10-25,19.0000,19.2000,19.0000,19.0000,23250,7.8603
2000-10-26,18.8000,19.4000,18.8000,19.4000,71400,8.0258
2000-10-27,19.4000,19.4000,19.1000,19.4000,56300,8.0258
2000-10-30,19.8000,19.8000,19.2000,19.2000,39700,7.9431
2000-10-31,19.4000,19.8000,19.3200,19.4000,215650,8.0258
2000-11-01,19.1400,20.3000,19.1400,20.2000,103100,8.3568
2000-11-02,20.3000,20.3800,19.9800,20.2000,47900,8.3568
2000-11-03,20.0000,20.7000,19.9000,20.7000,131900,8.5636
2000-11-06,20.4000,20.6800,20.2600,20.5000,118850,8.4809
2000-11-07,20.4000,20.5000,19.6400,20.2000,73450,8.3568
2000-11-08,20.2000,20.4000,20.0000,20.1000,47250,8.3154
2000-11-09,20.4400,20.5800,20.2000,20.2000,74700,8.3568
2000-11-10,20.4000,20.4800,20.3000,20.4000,34900,8.4395
2000-11-13,20.0000,20.0000,19.6600,19.6600,31250,8.1334
2000-11-14,19.9000,20.0000,19.6000,20.0000,43200,8.2740
2000-11-15,19.6000,20.0000,19.6000,20.0000,26200,8.2740
2000-11-16,19.8000,20.2000,19.8000,20.0200,20400,8.2823
2000-11-17,20.0000,20.2000,20.0000,20.2000,3550,8.3568
2000-11-20,19.6600,20.7400,19.6600,20.5000,149300,8.4809
2000-11-21,20.4000,20.6000,20.2200,20.3000,44700,8.3981
2000-11-22,20.2000,20.2000,19.8000,20.2000,15750,8.3568
2000-11-23,20.0000,20.1000,19.6000,19.8000,110350,8.1913
2000-11-24,20.5000,20.5000,20.0000,20.5000,91350,8.4809
2000-11-27,21.3600,22.0000,21.0000,21.4000,336300,8.8532
2000-11-28,21.3600,21.3800,20.4000,20.4000,93000,8.4395
2000-11-29,20.3000,20.4000,19.8000,19.8000,225600,8.1913
2000-11-30,20.3800,20.5000,19.8400,20.0000,150100,8.2740
2000-12-01,20.0000,20.1000,20.0000,20.1000,4350,8.3154
2000-12-04,20.1800,20.3600,19.8000,19.8000,43050,8.1913
2000-12-05,19.9800,19.9800,19.4000,19.7000,6800,8.1499
2000-12-06,19.6000,20.3800,19.6000,20.0800,105450,8.3071
2000-12-07,19.8800,19.8800,19.1000,19.3200,48400,7.9927
2000-12-08,19.3000,19.9800,19.3000,19.7000,79700,8.1499
2000-12-11,19.9800,19.9800,19.0000,19.3400,86600,8.0010
2000-12-12,19.4800,19.5400,19.2200,19.2200,71550,7.9513
2000-12-13,19.3000,20.0000,19.3000,19.9800,255750,8.2658
2000-12-14,19.9800,20.0400,19.8000,19.9400,116000,8.2492
2000-12-15,19.8000,19.8000,19.0000,19.2800,122500,7.9762
2000-12-18,19.2600,19.9000,19.2200,19.3800,44200,8.0175
2000-12-19,19.2800,19.7000,19.2800,19.4000,36650,8.0258
2000-12-20,19.1400,19.3800,18.3000,18.4600,164000,7.6369
2000-12-21,18.4600,19.1200,18.1400,19.1200,73200,7.9100
2000-12-22,18.7000,19.7200,18.7000,19.7200,63650,8.1582
2000-12-25,19.7200,19.7200,19.7200,19.7200,0,8.1582
2000-12-26,19.7200,19.7200,19.7200,19.7200,0,8.1582
2000-12-27,19.7400,19.8800,19.5000,19.5000,9050,8.0672
2000-12-28,18.6200,19.9000,18.6200,19.9000,6600,8.2327
2000-12-29,19.8000,19.9800,19.6000,19.9800,23450,8.2658
2001-01-01,19.9800,19.9800,19.9800,19.9800,0,8.2658
2001-01-02,19.9800,19.9800,19.9800,19.9800,0,8.2658
2001-01-03,19.9800,19.9800,19.4000,19.6000,29050,8.1085
2001-01-04,19.9800,19.9800,19.9800,19.9800,7700,8.2658
2001-01-05,19.7000,20.1400,19.7000,19.8000,30100,8.1913
2001-01-08,19.9800,19.9800,19.7000,19.9000,14750,8.2327
2001-01-09,19.7000,19.8600,19.7000,19.7000,30850,8.1499
2001-01-10,19.8000,19.9400,19.6400,19.6400,30300,8.1251
2001-01-11,19.6400,19.9000,18.9000,18.9000,73450,7.8190
2001-01-12,19.0000,19.3800,18.3800,19.3800,40900,8.0175
2001-01-15,19.2000,19.2000,19.0200,19.2000,16250,7.9431
2001-01-16,19.0000,19.1000,18.9000,18.9000,12800,7.8190
2001-01-17,19.0000,19.2000,19.0000,19.2000,18650,7.9431
2001-01-18,19.4000,19.4000,18.9000,19.1000,4150,7.9017
2001-01-19,18.9000,19.1000,18.8000,19.1000,6600,7.9017
2001-01-22,19.2000,19.2000,19.2000,19.2000,8250,7.9431
2001-01-23,19.1000,19.5000,19.1000,19.5000,161750,8.0672
2001-01-24,19.2000,20.2000,19.2000,20.0600,435350,8.2988
2001-01-25,20.1800,20.1800,19.8000,19.9800,45500,8.2658
2001-01-26,19.7000,20.3600,19.7000,20.3000,270400,8.3981
2001-01-29,20.3400,20.6000,20.0000,20.0000,144550,8.2740
2001-01-30,19.8200,20.2000,19.8000,19.8200,40450,8.1996
2001-01-31,19.7800,20.4000,19.7800,20.0800,33000,8.3071
2001-02-01,20.0000,20.0600,19.4000,19.6000,44000,8.1085
2001-02-02,19.4000,19.9200,19.4000,19.5800,29850,8.1003
2001-02-05,19.4000,19.8000,19.4000,19.7000,59100,8.1499
2001-02-06,19.6000,20.1800,19.6000,20.1400,67250,8.3319
2001-02-07,19.9000,20.1800,19.9000,20.1800,24600,8.3485
2001-02-08,19.9000,19.9600,19.7000,19.7400,36000,8.1665
2001-02-09,19.8400,20.0400,19.8400,19.9200,13650,8.2409
2001-02-12,19.9600,20.2200,19.9000,20.0000,90450,8.2740
2001-02-13,19.9600,20.0400,19.8400,20.0000,76500,8.2740
2001-02-14,20.0000,20.0000,19.7000,19.9600,9000,8.2575
2001-02-15,19.7000,19.9800,19.6200,19.9800,19500,8.2658
2001-02-16,19.9800,19.9800,19.7000,19.7000,3500,8.1499
2001-02-19,19.8000,19.8000,19.2000,19.3000,19750,7.9844
2001-02-20,19.2000,19.4000,19.1000,19.1800,7850,7.9348
2001-02-21,19.1000,19.1000,18.6400,18.6400,35050,7.7114
2001-02-22,18.6000,18.8800,18.0000,18.6000,166350,7.6948
2001-02-23,18.6000,18.8000,18.2000,18.6000,122200,7.6948
2001-02-26,18.4600,19.0000,18.3000,18.7800,46450,7.7693
2001-02-27,18.9400,18.9400,18.6000,18.6000,1650,7.6948
2001-02-28,18.3000,18.5000,18.2200,18.2200,31750,7.5376
2001-03-01,18.2600,18.2600,17.6200,18.1800,86800,7.5211
2001-03-02,18.0000,18.1000,18.0000,18.0200,49150,7.4549
2001-03-05,18.0000,18.4800,18.0000,18.4800,38000,7.6452
2001-03-06,18.5800,19.0000,18.5800,19.0000,186300,7.8603
2001-03-07,19.2200,19.3400,19.0000,19.3400,70700,8.0010
2001-03-08,19.5000,19.6000,19.2200,19.5800,43950,8.1003
2001-03-09,19.5800,19.5800,18.5000,18.5000,40900,7.6535
2001-03-12,18.9000,19.1000,18.8000,18.8000,12450,7.7776
2001-03-13,18.7400,18.7400,18.5000,18.5200,11200,7.6617
2001-03-14,18.5200,18.8000,16.7600,18.0000,210700,7.4466
2001-03-15,17.9800,18.1000,17.7000,18.0000,24300,7.4466
2001-03-16,17.9800,18.0000,17.7600,18.0000,19050,7.4466
2001-03-19,18.0000,18.1000,17.8000,18.1000,29000,7.4880
2001-03-20,18.2000,18.2000,18.0000,18.1600,10650,7.5128
2001-03-21,17.9600,18.0000,17.4400,17.9800,13750,7.4383
2001-03-22,18.0000,18.1000,17.1000,17.4000,59400,7.1984
2001-03-23,17.6600,17.8000,17.4000,17.6000,59700,7.2811
2001-03-26,17.7800,17.8000,17.0600,17.2000,22750,7.1157
2001-03-27,17.3800,17.6200,17.2600,17.5600,125750,7.2646
2001-03-28,17.3000,17.5800,17.2200,17.3000,26600,7.1570
2001-03-29,17.5600,17.5600,17.2200,17.2200,31500,7.1239
2001-03-30,17.2000,17.3600,16.7000,17.3200,99100,7.1653
2001-04-02,17.3000,17.3200,17.2000,17.3200,4000,7.1653
2001-04-03,17.3000,17.3200,17.0000,17.3200,26500,7.1653
2001-04-04,17.3000,17.5000,17.0600,17.2000,28400,7.1157
2001-04-05,17.2000,17.4000,17.0200,17.4000,6200,7.1984
2001-04-06,17.5600,17.6000,17.4000,17.6000,55350,7.2811
2001-04-09,17.6000,17.9000,17.6000,17.9000,6300,7.4053
2001-04-10,18.0000,18.0000,17.7600,18.0000,37350,7.4466
2001-04-11,18.0000,18.0000,18.0000,18.0000,2650,7.4466
2001-04-12,18.0000,18.0000,17.0000,17.4000,64350,7.1984
2001-04-13,17.4000,17.4000,17.4000,17.4000,0,7.1984
2001-04-16,17.4000,17.4000,17.4000,17.4000,0,7.1984
2001-04-17,17.6800,18.0000,17.6400,18.0000,59750,7.4466
2001-04-18,17.8000,17.8000,17.4000,17.5000,32250,7.2398
2001-04-19,17.9000,18.0000,17.8000,18.0000,33500,7.4466
2001-04-20,17.9000,17.9000,17.8000,17.8000,5400,7.3639
2001-04-23,17.7000,17.8000,17.0000,17.2000,52650,7.1157
2001-04-24,17.3000,17.6000,17.2000,17.6000,39700,7.2811
2001-04-25,17.7000,17.7000,17.4000,17.5000,205250,7.2398
2001-04-26,17.6200,17.7600,17.5000,17.6400,12250,7.2977
2001-04-27,17.5800,18.0000,17.5800,17.9000,51000,7.4053
2001-04-30,17.6200,18.0000,17.6200,17.8000,31350,7.3639
2001-05-01,17.8000,17.8000,17.8000,17.8000,0,7.3639
2001-05-02,18.0000,18.0000,17.8000,18.0000,98750,7.4466
2001-05-03,18.0000,18.0000,18.0000,18.0000,34700,7.4466
2001-05-04,17.8000,19.0000,17.8000,18.6400,211850,7.7114
2001-05-07,18.7000,19.1000,18.7000,18.8000,153000,7.7776
2001-05-08,18.9800,19.4200,18.9000,18.9000,100800,7.8190
2001-05-09,18.8000,19.0000,18.4200,18.6000,118350,7.6948
2001-05-10,18.4400,18.8000,18.4200,18.6000,73800,7.6948
2001-05-11,18.8000,18.8800,18.7000,18.8000,40000,7.7776
2001-05-14,18.7000,18.7000,18.5000,18.6000,34850,7.6948
2001-05-15,18.6000,18.6000,18.5000,18.6000,7400,7.6948
2001-05-16,18.5400,18.6400,18.5400,18.6000,8500,7.6948
2001-05-17,18.6000,19.4000,18.4200,19.0600,64850,7.8851
2001-05-18,18.9000,18.9000,18.4000,18.7600,39100,7.7610
2001-05-21,18.3200,18.8000,18.3000,18.8000,35900,7.7776
2001-05-22,18.8000,18.8000,18.3000,18.3000,12750,7.5707
2001-05-23,18.7600,18.7600,18.0000,18.3000,22750,7.5707
2001-05-24,18.3000,18.3000,18.3000,18.3000,0,7.5707
2001-05-25,18.3000,19.2000,18.3000,19.1600,64950,7.9265
2001-05-28,19.2000,19.2000,18.8000,18.9000,18100,7.8190
2001-05-29,18.9000,19.2000,18.8000,19.1000,29100,7.9017
2001-05-30,19.1600,19.1800,18.9800,18.9800,25300,7.8520
2001-05-31,19.0800,19.0800,18.9000,19.0000,6500,7.8603
2001-06-01,19.0000,19.5400,18.8200,19.4000,48800,8.0258
2001-06-04,19.4000,19.4000,19.4000,19.4000,0,8.0258
2001-06-05,19.4000,19.6800,19.4000,19.6800,3000,8.1416
2001-06-06,19.4000,19.4000,19.4000,19.4000,2000,8.0258
2001-06-07,19.4000,19.5000,19.4000,19.5000,44750,8.0672
2001-06-08,19.4000,19.4200,19.4000,19.4000,45000,8.0258
2001-06-11,19.4000,19.7000,19.4000,19.6000,14250,8.1085
2001-06-12,19.4000,19.5000,19.2000,19.4000,148050,8.0258
2001-06-13,19.4000,19.8000,19.3000,19.8000,100000,8.1913
2001-06-14,19.8000,19.8800,19.5000,19.8000,50600,8.1913
2001-06-15,19.7600,19.9000,19.7600,19.9000,5300,8.2327
2001-06-18,19.6000,19.6000,19.4000,19.4000,27350,8.0258
2001-06-19,19.4000,19.7800,19.4000,19.4000,44300,8.0258
2001-06-20,19.7800,19.7800,18.7000,18.7000,48750,7.7362
2001-06-21,18.7000,19.2000,18.0000,19.0000,36050,7.8603
2001-06-22,18.4000,18.5000,18.0600,18.4000,55950,7.6121
2001-06-25,18.4000,18.6000,18.4000,18.4000,13350,7.6121
2001-06-26,18.7000,19.0000,18.4000,18.8000,18250,7.7776
2001-06-27,18.6600,18.7000,18.4000,18.4000,8000,7.6121
2001-06-28,18.3000,19.0000,18.3000,19.0000,23850,7.8603
2001-06-29,19.0000,19.4800,19.0000,19.4000,13900,8.0258
2001-07-02,19.0000,19.4000,18.8000,19.2000,11600,7.9431
2001-07-03,19.0000,19.0000,18.9000,18.9000,23800,7.8190
2001-07-04,19.0000,19.0000,18.5000,18.5000,149435,7.6535
2001-07-05,18.2000,19.3000,18.2000,19.3000,2875,7.9844
2001-07-06,19.0000,19.0000,19.0000,19.0000,100,7.8603
2001-07-09,19.0000,19.0000,19.0000,19.0000,2675,7.8603
2001-07-10,18.6100,19.4000,18.2000,18.2000,15900,7.5294
2001-07-11,19.2000,19.2000,18.9500,19.0000,3095,7.8603
2001-07-12,18.6000,18.9500,18.4000,18.9500,6250,7.8396
2001-07-13,18.6000,18.6000,18.2000,18.4000,38110,7.6121
2001-07-16,18.4000,18.6000,18.4000,18.6000,5840,7.6948
2001-07-17,18.4000,18.5900,18.2000,18.5900,58000,7.6907
2001-07-18,18.6000,18.7000,18.4000,18.5000,56125,7.6535
2001-07-19,18.4000,18.6000,18.4000,18.6000,23685,7.6948
2001-07-20,18.6000,18.6000,18.0000,18.0000,8420,7.4466
2001-07-23,18.0000,18.0000,17.5600,17.6000,18580,7.2811
2001-07-24,17.4000,18.2000,17.4000,17.9600,9015,7.4301
2001-07-25,17.8900,18.1700,17.8900,18.0000,6305,7.4466
2001-07-26,17.7000,17.7000,17.2000,17.4000,25600,7.1984
2001-07-27,17.4000,17.6000,17.4000,17.5000,19030,7.2398
2001-07-30,17.7500,18.5000,17.7500,18.2000,23820,7.5294
2001-07-31,18.2000,18.7800,18.2000,18.6000,93525,7.6948
2001-08-01,18.8000,18.8000,18.8000,18.8000,3465,7.7776
2001-08-02,18.8000,18.8000,18.2000,18.2000,7825,7.5294
2001-08-03,18.2000,18.6500,18.0500,18.4000,22735,7.6121
2001-08-06,18.4000,18.6900,18.4000,18.5000,6005,7.6535
2001-08-07,18.4000,18.6000,18.4000,18.6000,12210,7.6948
2001-08-08,18.2300,18.5000,18.2300,18.5000,14475,7.6535
2001-08-09,18.2000,18.4000,18.0400,18.4000,20580,7.6121
2001-08-10,18.4000,18.8000,18.4000,18.7800,42230,7.7693
2001-08-13,18.7800,18.8000,18.7000,18.8000,13400,7.7776
2001-08-14,18.8500,18.9000,18.6000,18.6000,12405,7.6948
2001-08-15,18.8000,18.8000,18.7600,18.7600,695,7.7610
2001-08-16,18.0500,18.5000,18.0500,18.2000,15880,7.5294
2001-08-17,18.4000,18.4000,18.1500,18.4000,22710,7.6121
2001-08-20,18.4000,18.7800,18.4000,18.7800,11230,7.7693
2001-08-21,18.7800,18.9900,18.7600,18.9900,36540,7.8562
2001-08-22,18.8000,18.8900,18.7800,18.8600,26245,7.8024
2001-08-23,18.8600,18.8900,18.8000,18.8900,10830,7.8148
2001-08-24,18.7000,19.0000,18.5000,19.0000,54550,7.8603
2001-08-27,18.6200,19.0000,18.6200,19.0000,20890,7.8603
2001-08-28,18.9900,19.1500,18.8000,19.1000,66780,7.9017
2001-08-29,18.8000,18.9000,18.0400,18.7000,7155,7.7362
2001-08-30,18.5000,18.9500,18.2500,18.9500,28950,7.8396
2001-08-31,18.3000,18.5000,18.3000,18.5000,550,7.6535
2001-09-03,18.3000,18.3000,18.3000,18.3000,1000,7.5707
2001-09-04,18.3400,18.4500,18.2000,18.2000,6175,7.5294
2001-09-05,18.1100,18.5000,18.1100,18.5000,5175,7.6535
2001-09-06,18.3000,18.5000,18.3000,18.5000,1550,7.6535
2001-09-07,18.4000,18.7000,18.2000,18.7000,18950,7.7362
2001-09-10,18.2000,18.8000,17.8000,18.8000,11550,7.7776
2001-09-11,18.8000,18.8000,17.6000,17.6000,17100,7.2811
2001-09-12,17.6000,18.9000,17.2000,18.2000,21075,7.5294
2001-09-13,17.7000,17.7000,15.0000,16.0000,34910,6.6192
2001-09-14,18.0000,18.0000,15.0000,15.6000,87815,6.4537
2001-09-17,15.6000,15.6000,15.0000,15.0000,8010,6.2055
2001-09-18,15.0000,15.0000,14.0000,14.3000,20270,5.9159
2001-09-19,13.2000,17.0000,13.2000,17.0000,68230,7.0329
2001-09-20,16.2000,16.2000,13.8000,15.6000,31150,6.4537
2001-09-21,14.0000,14.6000,12.0000,13.0000,33655,5.3781
2001-09-24,12.9600,14.6000,12.7000,14.3900,150675,5.9532
2001-09-25,14.3200,14.3200,12.4000,14.0000,70650,5.7918
2001-09-26,14.2000,14.3000,12.5000,12.5000,152255,5.1713
2001-09-27,12.4000,12.8000,12.4000,12.4100,235390,5.1340
2001-09-28,13.8400,13.8400,12.4000,12.7000,48800,5.2540
2001-10-01,13.5000,13.5000,12.7200,13.0000,9125,5.3781
2001-10-02,13.0000,13.3000,12.1000,12.1000,26965,5.0058
2001-10-03,13.2000,13.2000,11.8000,12.0000,58025,4.9644
2001-10-04,12.2400,13.3000,12.2400,13.3000,112215,5.5022
2001-10-05,13.4000,13.4000,13.0000,13.0000,49515,5.3781
2001-10-08,13.6000,13.6000,12.4200,12.7700,6950,5.2830
2001-10-09,13.0000,13.2000,12.3000,12.5000,11905,5.1713
2001-10-10,12.4000,12.4000,11.8000,12.0000,33720,4.9644
2001-10-11,12.0100,13.1500,12.0100,13.1000,124320,5.4195
2001-10-12,13.2000,13.8000,12.6000,13.2000,153085,5.4609
2001-10-15,13.3800,14.1000,13.3800,14.0000,21270,5.7918
2001-10-16,14.0000,14.1000,13.7000,13.8000,10210,5.7091
2001-10-17,13.6000,15.4000,13.6000,15.0000,59625,6.2055
2001-10-18,14.9000,15.4000,14.1000,15.4000,8855,6.3710
2001-10-19,15.2000,15.5000,14.4000,15.4000,22050,6.3710
2001-10-22,15.2000,16.0000,15.2000,15.9800,11495,6.6109
2001-10-23,16.0000,16.0000,14.4000,14.4000,24570,5.9573
2001-10-24,14.8000,14.8500,14.0000,14.2400,159645,5.8911
2001-10-25,14.4000,14.5000,14.2000,14.2400,31630,5.8911
2001-10-26,15.2000,15.2000,14.5100,14.6000,7135,6.0400
2001-10-29,15.4000,15.7800,15.2000,15.2000,14870,6.2883
2001-10-30,15.2000,15.2000,14.7200,15.0000,57550,6.2055
2001-10-31,15.1000,15.7900,14.9500,15.7800,71525,6.5282
2001-11-01,15.2600,15.8000,15.2600,15.8000,4600,6.5365
2001-11-02,15.8000,16.0000,15.6800,16.0000,13115,6.6192
2001-11-05,15.7000,16.0000,15.5500,16.0000,16105,6.6192
2001-11-06,15.9200,15.9800,15.8000,15.9800,6000,6.6109
2001-11-07,15.8000,16.0000,15.5300,15.6000,15045,6.4537
2001-11-08,15.5000,15.5000,15.0000,15.3000,13100,6.3296
2001-11-09,15.2000,15.9800,15.2000,15.9000,6055,6.5778
2001-11-12,16.0000,16.0000,15.6000,15.8000,12900,6.5365
2001-11-13,16.0000,16.0000,15.6000,15.8000,9205,6.5365
2001-11-14,15.9800,16.0000,15.6000,15.9900,16515,6.6151
2001-11-15,15.9900,16.4000,15.9900,16.0200,26405,6.6275
2001-11-16,16.1900,16.4000,16.1100,16.2100,21645,6.7061
2001-11-19,16.5000,16.7800,16.1000,16.6000,39225,6.8674
2001-11-20,16.8000,16.8000,16.4200,16.4200,5000,6.7930
2001-11-21,16.6000,16.6600,16.6000,16.6400,17415,6.8840
2001-11-22,16.6000,16.9200,16.6000,16.8800,13880,6.9833
2001-11-23,17.0000,17.0000,16.6000,16.7000,11655,6.9088
2001-11-26,17.0000,17.0600,16.0000,16.0000,28890,6.6192
2001-11-27,16.1000,16.1000,15.8000,15.8000,53345,6.5365
2001-11-28,16.4000,16.5400,16.1500,16.5000,19415,6.8261
2001-11-29,16.5000,16.5000,16.0000,16.0500,35605,6.6399
2001-11-30,16.1600,16.1600,15.7800,15.7800,43960,6.5282
2001-12-03,16.0500,16.0500,15.7500,15.9100,11955,6.5820
2001-12-04,15.9100,16.2000,15.6500,15.9800,18025,6.6109
2001-12-05,16.2000,16.2000,15.7200,15.8300,36820,6.5489
2001-12-06,15.9000,16.0000,15.7800,16.0000,24500,6.6192
2001-12-07,15.9100,16.4000,15.9100,16.0000,57750,6.6192
2001-12-10,16.6000,16.9000,15.9000,15.9000,11495,6.5778
2001-12-11,15.8200,15.8200,15.6000,15.6000,44500,6.4537
2001-12-12,15.6200,15.6200,14.6000,15.0000,111025,6.2055
2001-12-13,14.8100,15.5000,14.8100,14.9600,37390,6.1890
2001-12-14,14.9600,15.0000,14.6200,15.0000,12150,6.2055
2001-12-17,15.0500,15.5000,14.9000,15.2000,9650,6.2883
2001-12-18,15.0100,15.2900,14.9000,14.9100,34450,6.1683
2001-12-19,14.8200,15.8000,14.8200,15.8000,28795,6.5365
2001-12-20,15.6500,16.0300,15.0000,15.0000,94440,6.2055
2001-12-21,16.0000,16.0000,15.2400,15.9600,31805,6.6027
2001-12-24,15.9600,15.9600,15.9600,15.9600,0,6.6027
2001-12-25,15.9600,15.9600,15.9600,15.9600,0,6.6027
2001-12-26,15.9600,15.9600,15.9600,15.9600,0,6.6027
2001-12-27,15.8000,16.0200,15.3000,16.0200,21065,6.6275
2001-12-28,16.0200,16.8000,15.9000,16.8000,13375,6.9502
2001-12-31,16.8000,16.8000,16.8000,16.8000,0,6.9502
2002-01-01,16.8000,16.8000,16.8000,16.8000,0,6.9502
2002-01-02,16.8000,16.8000,15.9000,15.9000,650,6.5778
2002-01-03,16.8000,16.8500,16.4100,16.7600,23850,6.9336
2002-01-04,16.9800,17.3000,16.8000,17.3000,61115,7.1570
2002-01-07,17.6000,17.6300,17.3000,17.5000,33575,7.2398
2002-01-08,17.4000,18.0000,17.1000,18.0000,77990,7.4466
2002-01-09,18.2000,18.5200,17.6500,18.0000,75900,7.4466
2002-01-10,18.0000,18.4000,18.0000,18.2000,63105,7.5294
2002-01-11,18.4000,18.4000,18.2000,18.2000,8025,7.5294
2002-01-14,18.0000,18.4000,17.2600,17.7000,36275,7.3225
2002-01-15,17.6100,18.0000,17.4000,18.0000,8850,7.4466
2002-01-16,17.9400,17.9500,17.6000,17.7000,33685,7.3225
2002-01-17,17.6200,17.8000,17.6000,17.7500,8585,7.3432
2002-01-18,17.8000,17.9000,17.7500,17.8000,14065,7.3639
2002-01-21,17.8000,17.8000,17.5800,17.6000,27500,7.2811
2002-01-22,17.6600,17.8000,17.6000,17.8000,1800,7.3639
2002-01-23,17.7500,18.3000,17.6500,18.3000,41125,7.5707
2002-01-24,18.3000,18.5000,18.0000,18.5000,10675,7.6535
2002-01-25,18.4000,18.5200,17.5000,17.8000,32415,7.3639
2002-01-28,18.0000,18.0000,17.8000,17.8000,1860,7.3639
2002-01-29,17.8000,17.9000,17.4000,17.4000,39990,7.1984
2002-01-30,17.4000,17.4800,17.3000,17.3000,4985,7.1570
2002-01-31,17.3000,18.5000,17.2500,17.4300,109450,7.2108
2002-02-01,17.5000,17.5000,17.2500,17.2500,65425,7.1363
2002-02-04,17.7000,17.7000,17.2100,17.3900,34030,7.1943
2002-02-05,17.4600,17.4600,17.2100,17.2400,49005,7.1322
2002-02-06,17.3900,17.4000,17.0100,17.0100,20380,7.0371
2002-02-07,17.0000,17.4000,17.0000,17.3900,16550,7.1943
2002-02-08,17.1100,17.3900,17.1100,17.3900,9830,7.1943
2002-02-11,17.2500,17.3900,17.1000,17.3900,10750,7.1943
2002-02-12,17.2600,17.4000,17.2500,17.2500,20740,7.1363
2002-02-13,17.4000,17.4000,17.2000,17.2800,24935,7.1488
2002-02-14,17.3900,17.5000,17.3900,17.4000,102260,7.1984
2002-02-15,17.4200,17.5000,17.4000,17.5000,4300,7.2398
2002-02-18,18.0000,18.5000,17.7400,18.5000,20605,7.6535
2002-02-19,17.6000,18.2000,17.6000,18.2000,14615,7.5294
2002-02-20,18.0900,18.0900,17.2000,17.2000,21960,7.1157
2002-02-21,17.6000,17.7000,17.4500,17.5000,34095,7.2398
2002-02-22,17.6000,17.6000,17.5000,17.5000,5680,7.2398
2002-02-25,17.6000,17.7000,17.2700,17.4000,6750,7.1984
2002-02-26,17.6000,18.9000,17.6000,18.5000,129150,7.6535
2002-02-27,18.5900,18.8000,18.2000,18.4000,71335,7.6121
2002-02-28,18.7000,18.7000,18.2000,18.3000,18305,7.5707
2002-03-01,18.3000,18.3000,18.3000,18.3000,1550,7.5707
2002-03-04,18.0000,18.5400,18.0000,18.4000,31310,7.6121
2002-03-05,18.5000,18.5000,18.4000,18.5000,22380,7.6535
2002-03-06,18.5000,18.8100,18.4000,18.8100,118040,7.7817
2002-03-07,18.6500,19.1000,18.6500,19.1000,31025,7.9017
2002-03-08,19.0000,19.4000,18.9100,19.4000,109605,8.0258
2002-03-11,19.2100,19.5800,19.2100,19.3100,27610,7.9886
2002-03-12,19.5500,19.6000,19.2200,19.5500,24820,8.0879
2002-03-13,19.5500,19.6800,19.5500,19.6500,32255,8.1292
2002-03-14,19.7000,19.7000,19.4300,19.6000,30750,8.1085
2002-03-15,19.6000,19.6000,19.4000,19.6000,57700,8.1085
2002-03-18,19.6000,19.6400,19.4000,19.6000,22700,8.1085
2002-03-19,19.4000,19.6000,19.0000,19.4000,7110,8.0258
2002-03-20,19.7000,19.8000,19.7000,19.7000,10110,8.1499
2002-03-21,19.7000,19.7000,19.5000,19.7000,13195,8.1499
2002-03-22,19.7000,20.9000,19.7000,20.4000,88195,8.4395
2002-03-25,21.5000,21.6000,21.0000,21.0000,134650,8.6877
2002-03-26,20.8000,21.3000,20.8000,21.0000,91245,8.6877
2002-03-27,21.0000,21.3000,21.0000,21.3000,82750,8.8118
2002-03-28,21.4000,23.0000,21.4000,22.4000,134540,9.2669
2002-03-29,22.4000,22.4000,22.4000,22.4000,0,9.2669
2002-04-01,22.4000,22.4000,22.4000,22.4000,0,9.2669
2002-04-02,22.4000,23.0000,21.7000,21.7000,37335,8.9773
2002-04-03,21.6000,22.7000,21.6000,22.6000,45070,9.3496
2002-04-04,22.6000,22.6000,22.0000,22.0000,21650,9.1014
2002-04-05,22.6000,22.6000,20.9500,22.5000,34740,9.3083
2002-04-08,22.5000,22.5500,22.0000,22.4000,22750,9.2669
2002-04-09,22.4000,22.9000,22.4000,22.6000,44905,9.3496
2002-04-10,22.9000,23.0000,22.4000,23.0000,58035,9.5151
2002-04-11,23.0000,23.0000,22.7000,23.0000,27225,9.5151
2002-04-12,22.8000,23.0000,22.4000,23.0000,78150,9.5151
2002-04-15,23.0000,23.0000,22.0000,22.0000,14520,9.1014
2002-04-16,22.7000,22.7000,21.9500,22.0000,25865,9.1014
2002-04-17,22.0000,23.6000,21.8000,23.6000,61245,9.7634
2002-04-18,23.5000,23.6000,22.8500,23.4000,74495,9.6806
2002-04-19,23.0000,23.4500,23.0000,23.3000,38620,9.6392
2002-04-22,23.6000,23.6000,22.8000,22.8000,13615,9.4324
2002-04-23,22.8000,23.3000,22.7500,22.8500,22570,9.4531
2002-04-24,22.9000,23.3000,22.8500,23.2500,32285,9.6186
2002-04-25,23.3000,23.6000,23.2500,23.6000,9780,9.7634
2002-04-26,23.6000,23.6000,22.4000,22.4000,15670,9.2669
2002-04-29,22.4500,22.4500,21.6000,21.6000,21020,8.9359
2002-04-30,22.0000,22.8000,21.8000,22.8000,32215,9.4324
2002-05-01,22.8000,22.8000,22.8000,22.8000,0,9.4324
2002-05-02,22.8000,22.8000,21.9500,22.4000,2520,9.2669
2002-05-03,22.0000,22.2000,21.9500,22.2000,22805,9.1842
2002-05-06,22.2000,22.2000,21.9500,22.0000,14710,9.1014
2002-05-07,21.9500,22.0000,21.7500,21.9000,23760,9.0601
2002-05-08,22.0000,22.0500,21.8000,22.0000,7495,9.1014
2002-05-09,22.0000,22.2000,22.0000,22.2000,375,9.1842
2002-05-10,22.2000,22.4000,21.8000,22.4000,12845,9.2669
2002-05-13,22.2000,22.2000,21.8000,22.2000,5135,9.1842
2002-05-14,21.9000,22.0000,21.8000,22.0000,17610,9.1014
2002-05-15,22.0000,22.1500,21.6500,22.1500,8100,9.1635
2002-05-16,22.0000,22.2000,21.9000,22.2000,14780,9.1842
2002-05-17,22.0000,22.2000,21.8000,21.8000,54200,9.0187
2002-05-20,21.6000,22.2000,21.4000,22.2000,25800,9.1842
2002-05-21,21.4500,22.0000,21.4000,22.0000,3500,9.3456
2002-05-22,21.8000,22.2000,21.8000,22.2000,8000,9.4306
2002-05-23,22.0000,23.0000,22.0000,22.9500,7755,9.7492
2002-05-24,22.4000,23.0000,22.4000,22.8000,2345,9.6854
2002-05-27,22.0500,22.8000,22.0500,22.8000,4720,9.6854
2002-05-28,22.4000,22.6000,22.3000,22.3000,3305,9.4730
2002-05-29,22.0000,22.0000,22.0000,22.0000,140,9.3456
2002-05-30,22.0000,22.2000,22.0000,22.2000,800,9.4306
2002-05-31,22.5000,22.5000,21.4000,22.5000,6820,9.5580
2002-06-03,22.1000,22.4000,21.3500,21.3500,2180,9.0695
2002-06-04,21.2000,21.4000,21.0000,21.4000,4825,9.0907
2002-06-05,21.4000,22.3500,21.4000,21.5000,21020,9.1332
2002-06-06,21.5500,22.1000,21.5500,22.0000,19950,9.3456
2002-06-07,22.1000,22.1000,22.1000,22.1000,15,9.3881
2002-06-10,22.1000,22.1000,22.1000,22.1000,0,9.3881
2002-06-11,22.0000,23.2000,22.0000,22.9500,31290,9.7492
2002-06-12,22.9000,23.2000,21.9500,22.6000,12180,9.6005
2002-06-13,22.4000,23.2000,22.4000,23.0000,7460,9.7704
2002-06-14,23.0000,23.2000,22.7000,22.8000,55500,9.6854
2002-06-17,22.6000,22.8000,22.0000,22.0000,4245,9.3456
2002-06-18,22.0000,22.1000,21.6000,21.6000,21360,9.1757
2002-06-19,21.6500,21.8000,21.6000,21.6000,8280,9.1757
2002-06-20,21.6000,21.9500,21.6000,21.8000,4760,9.2606
2002-06-21,21.6000,21.9500,21.5500,21.6000,11310,9.1757
2002-06-24,21.8000,21.8000,21.4000,21.4000,15310,9.0907
2002-06-25,21.2500,22.0000,21.2500,21.8000,33235,9.2606
2002-06-26,21.6000,21.8000,21.0000,21.6000,39390,9.1757
2002-06-27,21.7500,22.0000,21.4000,22.0000,10315,9.3456
2002-06-28,22.0000,22.0000,21.6000,22.0000,17370,9.3456
2002-07-01,22.0000,22.0000,21.8000,21.9000,4525,9.3031
2002-07-02,21.5000,22.0000,21.4000,21.9000,16360,9.3031
2002-07-03,21.0000,21.3500,20.9000,21.2000,8290,9.0058
2002-07-04,20.9500,21.3500,20.8000,21.0000,21430,8.9208
2002-07-05,21.0000,22.0000,20.8000,22.0000,38415,9.3456
2002-07-08,22.0000,22.0000,19.9000,22.0000,9860,9.3456
2002-07-09,22.0000,22.0000,22.0000,22.0000,0,9.3456
2002-07-10,21.0000,21.6000,21.0000,21.0000,3950,8.9208
2002-07-11,21.0000,21.0000,19.9000,20.4500,38340,8.6872
2002-07-12,20.8500,20.8500,20.2000,20.7500,6510,8.8146
2002-07-15,20.4000,20.4000,19.1000,19.9900,11365,8.4917
2002-07-16,20.3000,20.9000,19.8000,20.4000,56430,8.6659
2002-07-17,20.6000,20.6000,20.2000,20.3000,11530,8.6234
2002-07-18,20.0000,20.0000,19.0000,19.4100,4750,8.2454
2002-07-19,19.4000,19.7800,19.4000,19.4000,2500,8.2411
2002-07-22,19.4000,19.4000,19.0000,19.0000,6650,8.0712
2002-07-23,19.0000,20.0000,18.0000,18.0000,29570,7.6464
2002-07-24,18.0000,18.0000,15.7000,16.4500,42565,6.9880
2002-07-25,17.9500,18.1800,17.7600,17.9000,35940,7.6039
2002-07-26,17.8000,18.0500,17.6000,17.6000,22385,7.4765
2002-07-29,17.6000,18.3500,17.6000,18.2000,27425,7.7314
2002-07-30,18.4000,19.0000,16.8000,17.0000,74265,7.2216
2002-07-31,17.0000,17.8000,16.6000,17.4000,44705,7.3915
2002-08-01,20.0500,21.9500,18.6500,19.4000,1040,8.2411
2002-08-02,19.2700,19.2700,17.6000,17.6000,6980,7.4765
2002-08-05,17.4000,18.0000,17.4000,17.6500,16785,7.4977
2002-08-06,17.6000,18.0000,17.2000,17.4000,16995,7.3915
2002-08-07,17.3900,17.7000,17.0400,17.2000,63445,7.3066
2002-08-08,17.0500,17.2000,16.4000,16.6000,33480,7.0517
2002-08-09,16.9500,17.2000,16.9500,17.1500,12415,7.2853
2002-08-12,17.5500,17.6200,17.4000,17.4000,25955,7.3915
2002-08-13,17.6700,17.6700,17.0000,17.0000,7720,7.2216
2002-08-14,17.0100,17.6800,17.0100,17.3700,38560,7.3788
2002-08-15,17.6100,18.0000,17.6100,17.7600,22255,7.5444
2002-08-16,17.9800,18.0000,17.0000,18.0000,57675,7.6464
2002-08-19,18.0000,18.0000,17.9900,18.0000,6335,7.6464
2002-08-20,18.1000,18.5000,18.0000,18.5000,26565,7.8588
2002-08-21,18.5000,19.0000,17.9300,18.6700,16225,7.9310
2002-08-22,18.6900,20.0000,18.6900,19.1000,35100,8.1137
2002-08-23,19.6000,20.0000,19.5000,19.9700,21970,8.4833
2002-08-26,20.2000,20.2000,19.7200,20.0000,10570,8.4960
2002-08-27,20.2000,20.4000,20.0000,20.0000,9485,8.4960
2002-08-28,20.0500,20.5000,19.9200,19.9800,44750,8.4875
2002-08-29,19.7000,20.3000,19.5500,20.0000,51735,8.4960
2002-08-30,19.8000,19.8000,19.6600,19.8000,12370,8.4110
2002-09-02,19.7000,19.7000,18.9000,19.5900,45305,8.3218
2002-09-03,19.7000,19.9800,19.3500,19.6000,45055,8.3261
2002-09-04,19.4200,19.5000,17.7000,18.1600,26875,7.7144
2002-09-05,18.0100,18.1500,18.0100,18.1400,1350,7.7059
2002-09-06,18.0800,18.0800,18.0000,18.0100,1785,7.6506
2002-09-09,18.0100,18.0100,18.0000,18.0000,2400,7.6464
2002-09-10,18.2000,18.2000,17.8000,17.8000,8865,7.5614
2002-09-11,18.0000,18.7000,17.9900,18.6200,6465,7.9098
2002-09-12,18.2100,18.2100,18.0200,18.0200,42820,7.6549
2002-09-13,18.0000,18.0000,17.5000,17.5000,46995,7.4340
2002-09-16,17.0000,18.0000,16.9000,17.7000,5775,7.5190
2002-09-17,18.0000,18.0000,17.5000,17.7000,6325,7.5190
2002-09-18,17.3000,17.3000,17.3000,17.3000,2050,7.3490
2002-09-19,17.3000,17.3000,17.0000,17.2000,9740,7.3066
2002-09-20,17.0000,17.2000,16.8000,17.0000,10815,7.2216
2002-09-23,17.0500,17.2000,16.0000,16.0000,12350,6.7968
2002-09-24,16.3000,16.5500,16.0000,16.0000,24020,6.7968
2002-09-25,16.1000,16.2100,16.0000,16.0000,7050,6.7968
2002-09-26,16.0200,16.8100,16.0200,16.8000,4650,7.1366
2002-09-27,16.8100,17.0000,16.8000,16.8400,4910,7.1536
2002-09-30,16.8000,16.8000,16.4000,16.4000,31210,6.9667
2002-10-01,16.8000,17.0000,16.8000,17.0000,2400,7.2216
2002-10-02,16.9900,16.9900,16.8000,16.8200,10765,7.1451
2002-10-03,16.0100,16.6000,16.0000,16.4000,19425,6.9667
2002-10-04,16.3700,16.3800,15.6700,16.0000,26080,6.7968
2002-10-07,15.6700,16.0000,15.6000,15.6100,46755,6.6311
2002-10-08,15.6000,15.6000,15.1900,15.5000,41460,6.5844
2002-10-09,15.6000,16.2000,15.6000,16.2000,8475,6.8818
2002-10-10,15.8000,15.8400,15.6000,15.7900,51125,6.7076
2002-10-11,15.8500,16.3500,15.8000,16.0000,26240,6.7968
2002-10-14,16.0000,16.0000,15.7500,15.7500,15115,6.6906
2002-10-15,15.8000,16.5000,15.6000,16.2000,57930,6.8818
2002-10-16,16.1000,16.1000,15.8000,16.0400,19205,6.8138
2002-10-17,16.0400,16.5400,16.0400,16.4000,13940,6.9667
2002-10-18,16.4000,16.8500,16.4000,16.8000,13590,7.1366
2002-10-21,16.8000,16.9000,16.6000,16.8000,30170,7.1366
2002-10-22,16.8000,16.8400,16.6000,16.8000,16965,7.1366
2002-10-23,16.7100,17.0000,16.7100,17.0000,28495,7.2216
2002-10-24,16.8000,17.0000,16.7000,16.8000,37345,7.1366
2002-10-25,16.6000,16.9900,16.2500,16.9900,1690,7.2173
2002-10-28,17.0200,17.4000,17.0200,17.2700,17645,7.3363
2002-10-29,17.2100,17.2100,16.2300,16.2300,44290,6.8945
2002-10-30,16.7000,17.1700,16.7000,17.0000,9050,7.2216
2002-10-31,16.2300,16.9900,16.2300,16.7500,13495,7.1154
2002-11-01,16.6000,17.2000,16.4000,17.2000,18010,7.3066
2002-11-04,17.9000,17.9000,16.7200,16.9600,25675,7.2046
2002-11-05,16.9100,17.0000,16.9000,17.0000,6260,7.2216
2002-11-06,16.8100,17.6000,16.8000,17.2000,22250,7.3066
2002-11-07,17.7000,17.8000,17.2000,17.2000,11450,7.3066
2002-11-08,16.7200,16.9000,16.4400,16.7000,12375,7.0942
2002-11-11,16.8000,16.8000,16.3000,16.3000,9000,6.9242
2002-11-12,16.6000,16.6500,16.3000,16.5000,34510,7.0092
2002-11-13,16.5200,16.5500,16.1500,16.1900,19370,6.8775
2002-11-14,16.1000,17.0000,16.1000,16.5000,17735,7.0092
2002-11-15,16.7600,16.8000,16.6200,16.6200,14445,7.0602
2002-11-18,16.9000,17.2500,16.9000,17.2500,8340,7.3278
2002-11-19,17.3000,17.3500,16.8000,16.8000,4605,7.1366
2002-11-20,16.8800,17.1000,16.6200,16.6200,6250,7.0602
2002-11-21,16.9000,17.1900,16.9000,17.0300,1720,7.2343
2002-11-22,17.0800,17.5000,16.9000,17.5000,21595,7.4340
2002-11-25,17.4800,17.4800,17.0000,17.3000,71260,7.3490
2002-11-26,17.3000,17.4000,17.2500,17.4000,10360,7.3915
2002-11-27,17.4500,17.4500,17.2200,17.3000,1820,7.3490
2002-11-28,17.3000,17.4000,17.3000,17.4000,1280,7.3915
2002-11-29,17.3000,17.5000,17.3000,17.5000,11450,7.4340
2002-12-02,17.5000,17.5000,17.1000,17.2000,15800,7.3066
2002-12-03,17.2000,17.2000,16.7000,17.0500,22260,7.2428
2002-12-04,17.0500,17.0500,17.0000,17.0000,4510,7.2216
2002-12-05,17.2000,17.4000,17.2000,17.2000,6150,7.3066
2002-12-06,16.7000,16.7000,16.1800,16.3800,19610,6.9582
2002-12-09,17.1200,17.5600,16.8800,17.1800,23365,7.2981
2002-12-10,17.3000,17.5500,17.3000,17.5200,31270,7.4425
2002-12-11,17.5200,17.8000,17.5200,17.7000,75280,7.5190
2002-12-12,17.8500,18.1800,17.8500,18.0300,144340,7.6591
2002-12-13,18.1000,18.2600,18.0500,18.2000,29185,7.7314
2002-12-16,17.3000,17.4000,17.2000,17.4000,8400,7.3915
2002-12-17,17.5900,17.5900,17.2000,17.4000,27710,7.3915
2002-12-18,17.4000,17.6000,17.3700,17.4000,22120,7.3915
2002-12-19,17.4000,17.4000,17.2500,17.2500,6575,7.3278
2002-12-20,17.4000,17.5000,17.2000,17.2000,19440,7.3066
2002-12-23,17.2500,17.3000,17.1000,17.2000,38210,7.3066
2002-12-24,17.2000,17.2000,17.2000,17.2000,0,7.3066
2002-12-25,17.2000,17.2000,17.2000,17.2000,0,7.3066
2002-12-26,17.2000,17.2000,17.2000,17.2000,0,7.3066
2002-12-27,17.2500,17.2500,17.0000,17.0200,11195,7.2301
2002-12-30,17.7800,17.7800,16.9400,17.4000,10860,7.3915
2002-12-31,17.4000,17.4000,17.4000,17.4000,0,7.3915
2003-01-01,17.4000,17.4000,17.4000,17.4000,0,7.3915
2003-01-02,17.4000,17.4000,17.4000,17.4000,0,7.3915
2003-01-03,17.2800,17.6000,17.1600,17.5000,17545,7.4340
2003-01-06,17.5000,18.1900,17.5000,18.1900,28250,7.7271
2003-01-07,18.4000,18.4000,18.0000,18.1300,25345,7.7016
2003-01-08,18.2000,18.3000,17.8000,18.0000,35870,7.6464
2003-01-09,18.0000,18.0000,17.8000,17.8000,5555,7.5614
2003-01-10,17.8000,18.2300,17.8000,17.9700,3615,7.6336
2003-01-13,18.1000,19.0000,17.8000,18.0000,12450,7.6464
2003-01-14,18.0000,18.0000,18.0000,18.0000,10125,7.6464
2003-01-15,18.0000,18.0000,17.8000,17.9900,6000,7.6421
2003-01-16,17.8100,17.9000,17.7600,17.8000,43730,7.5614
2003-01-17,17.6000,17.8000,17.6000,17.8000,5900,7.5614
2003-01-20,17.8000,17.8000,17.6000,17.7000,21750,7.5190
2003-01-21,17.6000,17.6000,17.4000,17.4000,6200,7.3915
2003-01-22,17.2000,17.2400,16.8000,17.0000,18705,7.2216
2003-01-23,16.9000,17.6000,16.8000,17.6000,12820,7.4765
2003-01-24,16.8000,17.3600,16.6000,17.3600,11815,7.3745
2003-01-27,16.7000,17.0000,16.3000,17.0000,14995,7.2216
2003-01-28,17.0000,17.0100,16.6700,17.0100,35760,7.2258
2003-01-29,17.0600,17.2900,16.9000,17.0100,15200,7.2258
2003-01-30,17.0000,17.0000,16.6000,17.0000,15730,7.2216
2003-01-31,17.0000,17.0000,16.7000,17.0000,20170,7.2216
2003-02-03,17.0100,17.3500,17.0100,17.2000,7775,7.3066
2003-02-04,17.4000,17.8000,17.1400,17.8000,18875,7.5614
2003-02-05,17.2000,17.6000,17.0000,17.6000,7850,7.4765
2003-02-06,17.8000,18.2000,17.0000,17.0000,13910,7.2216
2003-02-07,17.0000,17.0000,17.0000,17.0000,500,7.2216
2003-02-10,17.0000,17.4000,17.0000,17.4000,3200,7.3915
2003-02-11,17.4000,17.8000,17.2000,17.8000,12520,7.5614
2003-02-12,17.8000,17.8000,17.8000,17.8000,1130,7.5614
2003-02-13,16.7100,17.0000,16.6500,17.0000,26345,7.2216
2003-02-14,16.7000,16.8000,16.7000,16.7500,11730,7.1154
2003-02-17,16.9000,16.9000,16.8500,16.8500,6500,7.1579
2003-02-18,16.9000,17.1500,16.9000,16.9000,3735,7.1791
2003-02-19,16.9000,16.9000,16.9000,16.9000,0,7.1791
2003-02-20,16.9000,16.9000,16.9000,16.9000,2700,7.1791
2003-02-21,16.8000,16.9000,16.7600,16.8000,37505,7.1366
2003-02-24,17.0500,17.1300,16.7600,16.7600,1440,7.1196
2003-02-25,16.7500,16.7500,16.7100,16.7400,7080,7.1111
2003-02-26,17.2000,17.4000,17.1200,17.2400,28035,7.3235
2003-02-27,17.2000,17.2000,17.0000,17.0000,550,7.2216
2003-02-28,17.0000,17.2000,16.7400,17.2000,5500,7.3066
2003-03-03,16.8000,17.2000,16.8000,17.2000,1600,7.3066
2003-03-04,16.8000,16.9500,16.8000,16.8600,3215,7.1621
2003-03-05,16.8000,17.0200,16.8000,16.8100,12285,7.1409
2003-03-06,16.8000,17.4000,16.8000,17.4000,32150,7.3915
2003-03-07,17.3300,17.8000,17.2000,17.8000,26005,7.5614
2003-03-10,17.6000,17.6000,17.0000,17.0200,13650,7.2301
2003-03-11,17.0200,17.0200,16.9000,17.0000,26445,7.2216
2003-03-12,17.0500,17.8000,17.0500,17.8000,1550,7.5614
2003-03-13,17.0000,17.6000,17.0000,17.6000,5800,7.4765
2003-03-14,17.3000,17.3000,17.3000,17.3000,1550,7.3490
2003-03-17,17.3000,17.4000,17.3000,17.3600,22955,7.3745
2003-03-18,17.3600,17.3600,17.1000,17.1000,8510,7.2641
2003-03-19,17.4400,17.7800,17.2000,17.4600,51390,7.4170
2003-03-20,17.4000,17.6000,17.2000,17.4000,12100,7.3915
2003-03-21,17.7000,17.7000,17.4000,17.5000,91750,7.4340
2003-03-24,17.4000,17.4000,17.2000,17.3000,22975,7.3490
2003-03-25,17.3000,17.4700,17.3000,17.4000,9000,7.3915
2003-03-26,17.4000,17.6000,17.4000,17.6000,2000,7.4765
2003-03-27,17.6000,18.2000,17.6000,18.0000,19290,7.6464
2003-03-28,18.0000,19.0400,18.0000,19.0000,46925,8.0712
2003-03-31,19.0000,20.0000,17.9000,20.0000,85900,8.4960
2003-04-01,19.2400,19.8000,18.6000,19.8000,24015,8.4110
2003-04-02,19.0000,19.6000,19.0000,19.2000,3800,8.1562
2003-04-03,19.2000,19.6000,19.2000,19.4000,7610,8.2411
2003-04-04,19.4000,19.5000,19.2000,19.2000,10200,8.1562
2003-04-07,19.6000,19.6000,19.4000,19.6000,12045,8.3261
2003-04-08,19.6000,19.8000,19.4000,19.6000,9075,8.3261
2003-04-09,19.8000,20.4000,19.2000,19.9000,65125,8.4535
2003-04-10,19.8000,19.8000,19.6000,19.6000,6080,8.3261
2003-04-11,19.6000,19.6000,19.4000,19.4000,1600,8.2411
2003-04-14,19.4000,19.5000,19.0000,19.4000,23170,8.2411
2003-04-15,19.7800,19.7800,19.4600,19.5500,7390,8.3048
2003-04-16,19.5300,19.6000,19.2000,19.4000,21265,8.2411
2003-04-17,19.5000,19.7000,19.3600,19.4000,27960,8.2411
2003-04-18,19.4000,19.4000,19.4000,19.4000,0,8.2411
2003-04-21,19.4000,19.4000,19.4000,19.4000,0,8.2411
2003-04-22,19.7000,19.8000,19.5000,19.8000,30920,8.4110
2003-04-23,20.0000,20.0000,19.8000,20.0000,30810,8.4960
2003-04-24,20.0000,20.3000,19.9500,20.0000,75250,8.4960
2003-04-25,20.0000,20.3000,20.0000,20.3000,18735,8.6234
2003-04-28,20.0000,20.0000,19.0000,19.3000,20805,8.1986
2003-04-29,19.2000,19.2000,18.3000,19.0000,66975,8.0712
2003-04-30,19.0000,19.1800,18.9800,19.1800,72590,8.1477
2003-05-01,19.1800,19.1800,19.1800,19.1800,0,8.1477
2003-05-02,19.0100,19.4000,19.0100,19.4000,32925,8.2411
2003-05-05,19.4000,19.4000,18.9000,19.2000,33305,8.1562
2003-05-06,19.0000,19.4000,18.6000,19.0000,68555,8.0712
2003-05-07,19.1000,19.3000,19.1000,19.2000,44685,8.1562
2003-05-08,18.9500,18.9500,18.5500,18.6600,42190,7.9268
2003-05-09,18.6600,18.8000,18.6500,18.6600,43965,7.9268
2003-05-12,18.7000,19.6000,18.7000,19.6000,2840,8.3261
2003-05-13,19.5000,19.5000,19.2000,19.2000,6470,8.1562
2003-05-14,19.0000,19.2000,19.0000,19.1500,33960,8.1349
2003-05-15,18.9000,18.9000,18.6000,18.8000,62905,7.9862
2003-05-16,18.8000,19.2000,18.8000,18.8000,45095,7.9862
2003-05-19,18.2000,18.5400,18.2000,18.5300,21785,8.1310
2003-05-20,18.4000,19.4800,18.4000,19.0000,25585,8.3373
2003-05-21,18.4000,18.8000,18.4000,18.7400,1080,8.2232
2003-05-22,18.4000,19.0000,18.3000,19.0000,31445,8.3373
2003-05-23,19.0000,19.2100,19.0000,19.2000,19130,8.4250
2003-05-26,19.2000,19.2000,18.7000,19.2000,16760,8.4250
2003-05-27,19.1600,19.4000,19.1600,19.3500,23715,8.4909
2003-05-28,19.2000,19.4000,19.2000,19.2000,690,8.4250
2003-05-29,19.2000,19.2000,19.2000,19.2000,0,8.4250
2003-05-30,19.2000,19.2000,19.1000,19.2000,7550,8.4250
2003-06-02,18.9000,19.2000,18.9000,19.1200,13125,8.3899
2003-06-03,19.0000,19.6000,19.0000,19.2000,24250,8.4250
2003-06-04,19.2000,19.2000,18.6000,18.6000,46425,8.1618
2003-06-05,18.8000,18.8000,18.4500,18.4500,4325,8.0959
2003-06-06,18.6000,19.0000,18.6000,18.8000,15065,8.2495
2003-06-09,18.8000,18.8000,18.8000,18.8000,0,8.2495
2003-06-10,18.8000,18.8000,18.8000,18.8000,315,8.2495
2003-06-11,18.8000,18.8400,18.8000,18.8000,11625,8.2495
2003-06-12,18.6000,19.0300,18.6000,19.0000,26630,8.3373
2003-06-13,18.8000,19.1800,18.8000,19.0000,22100,8.3373
2003-06-16,18.8000,18.9500,18.8000,18.8000,16280,8.2495
2003-06-17,19.0000,19.2000,19.0000,19.0500,27450,8.3592
2003-06-18,18.8000,19.4000,18.8000,19.2000,29340,8.4250
2003-06-19,19.7000,19.7500,19.2000,19.4000,12310,8.5128
2003-06-20,19.3000,19.3000,19.2200,19.2400,1910,8.4426
2003-06-23,19.0000,19.2900,19.0000,19.2900,3650,8.4645
2003-06-24,19.4000,19.4000,19.4000,19.4000,100,8.5128
2003-06-25,19.3900,19.4000,19.0000,19.4000,6850,8.5128
2003-06-26,19.4600,19.4600,19.4600,19.4600,60,8.5391
2003-06-27,19.6000,19.8000,19.2000,19.8000,7170,8.6883
2003-06-30,19.5500,19.9000,19.4000,19.9000,13160,8.7322
2003-07-01,19.6000,20.4000,19.6000,20.0000,11530,8.7761
2003-07-02,20.0000,20.3000,19.9500,20.3000,15815,8.9077
2003-07-03,20.0500,20.3000,20.0000,20.0000,13815,8.7761
2003-07-04,19.9000,20.2000,19.9000,20.0000,15305,8.7761
2003-07-07,20.0000,20.1000,19.8000,20.0000,35850,8.7761
2003-07-08,20.0000,20.4000,20.0000,20.2000,4535,8.8638
2003-07-09,20.2000,20.4000,19.8000,19.8000,4460,8.6883
2003-07-10,20.0000,20.6500,20.0000,20.6000,22630,9.0394
2003-07-11,20.8000,22.2000,20.8000,21.6000,44320,9.4782
2003-07-14,21.7500,22.0000,21.1500,21.4000,26275,9.3904
2003-07-15,21.6000,21.8000,21.2000,21.8000,9025,9.5659
2003-07-16,21.4000,21.7000,21.2000,21.7000,2000,9.5220
2003-07-17,21.4000,21.4500,21.2000,21.4500,14035,9.4123
2003-07-18,21.2000,21.2000,21.0000,21.0000,60170,9.2149
2003-07-21,21.0000,21.0000,20.7500,20.8000,45270,9.1271
2003-07-22,20.6000,20.8000,20.4000,20.4000,8685,8.9516
2003-07-23,20.8000,20.8000,20.5000,20.7000,7375,9.0832
2003-07-24,20.6500,20.6500,20.5500,20.5500,8890,9.0174
2003-07-25,20.5500,20.5500,20.5500,20.5500,1100,9.0174
2003-07-28,21.4000,22.0000,21.4000,21.5500,37090,9.4562
2003-07-29,21.8000,21.8000,21.3000,21.6000,17430,9.4782
2003-07-30,21.6000,22.4000,21.5500,21.8000,91615,9.5659
2003-07-31,22.0000,22.0000,21.3500,21.3500,23085,9.3685
2003-08-01,21.7500,21.7500,21.3000,21.3000,1415,9.3465
2003-08-04,21.2000,21.6000,21.2000,21.6000,15260,9.4782
2003-08-05,21.2000,21.8000,21.2000,21.4000,17995,9.3904
2003-08-06,21.4000,21.4000,21.2000,21.2000,3975,9.3026
2003-08-07,21.4000,21.4000,21.1500,21.2000,20000,9.3026
2003-08-08,21.5000,21.6000,21.4500,21.4500,10100,9.4123
2003-08-11,21.3000,21.3000,21.3000,21.3000,100,9.3465
2003-08-12,21.3000,21.3000,21.2000,21.2000,6660,9.3026
2003-08-13,21.2000,21.3000,21.1000,21.1000,2695,9.2588
2003-08-14,21.0500,21.6000,20.8000,21.6000,9370,9.4782
2003-08-15,21.6000,21.6000,21.6000,21.6000,0,9.4782
2003-08-18,21.1000,21.6000,21.1000,21.5000,6970,9.4343
2003-08-19,21.6000,22.4000,21.3000,21.7000,79550,9.5220
2003-08-20,21.8000,22.7000,21.6500,22.7000,37330,9.9609
2003-08-21,22.4000,22.8000,21.9000,22.5000,26835,9.8731
2003-08-22,22.7000,23.5000,22.7000,23.5000,42755,10.3119
2003-08-25,23.0500,23.6000,23.0000,23.0000,17780,10.0925
2003-08-26,23.1000,23.2000,23.0000,23.0000,69220,10.0925
2003-08-27,22.9000,22.9000,22.6000,22.9000,11250,10.0486
2003-08-28,23.0000,23.0000,22.3000,23.0000,18650,10.0925
2003-08-29,23.0000,23.2500,22.8000,23.0000,6535,10.0925
2003-09-01,22.6000,23.2500,22.6000,23.0000,4150,10.0925
2003-09-02,22.6500,22.6500,22.6000,22.6000,3700,9.9170
2003-09-03,23.2000,23.9000,23.2000,23.9000,13000,10.4874
2003-09-04,23.6000,24.0000,23.4000,23.7000,53995,10.3997
2003-09-05,23.2000,23.5000,23.0000,23.0500,21425,10.1144
2003-09-08,23.6500,23.7000,23.0000,23.2000,9125,10.1803
2003-09-09,23.0000,23.6000,23.0000,23.2000,31330,10.1803
2003-09-10,23.2000,23.2000,22.9000,23.2000,10760,10.1803
2003-09-11,23.2000,23.7000,22.8000,23.6000,12770,10.3558
2003-09-12,23.4500,23.4500,23.4000,23.4000,3000,10.2680
2003-09-15,23.5000,24.0000,23.5000,24.0000,27325,10.5313
2003-09-16,24.0000,25.2000,24.0000,24.8000,97275,10.8823
2003-09-17,24.6000,25.3000,23.6000,25.0000,119755,10.9701
2003-09-18,24.9000,24.9000,24.0000,24.5000,9695,10.7507
2003-09-19,24.1500,25.6000,24.1500,25.6000,40125,11.2334
2003-09-22,25.1000,25.6000,25.0000,25.6000,21425,11.2334
2003-09-23,25.6000,26.4000,25.3000,25.5000,41720,11.1895
2003-09-24,25.1000,25.6000,25.0500,25.2500,31565,11.0798
2003-09-25,25.2000,25.2000,24.8000,24.8000,25235,10.8823
2003-09-26,25.2000,26.0000,25.2000,25.4000,72575,11.1456
2003-09-29,25.0000,25.6000,25.0000,25.1500,3795,11.0359
2003-09-30,25.1500,26.0000,25.0000,26.0000,35625,11.4089
2003-10-01,25.4000,26.0000,25.4000,26.0000,44125,11.4089
2003-10-02,26.0000,27.8000,26.0000,27.8000,27600,12.1988
2003-10-03,27.7000,29.0000,27.7000,28.8000,22360,12.6376
2003-10-06,28.7500,28.7500,26.0000,26.3000,121430,11.5405
2003-10-07,26.3000,27.2000,26.3000,26.9000,87115,11.8038
2003-10-08,27.4000,27.4000,26.2000,26.2000,58160,11.4967
2003-10-09,26.5000,26.9000,26.5000,26.5500,31165,11.6502
2003-10-10,26.9000,27.6000,26.3000,26.3000,141625,11.5405
2003-10-13,26.8000,27.0500,26.0000,26.5000,68905,11.6283
2003-10-14,26.4000,26.6500,26.0000,26.6000,64920,11.6722
2003-10-15,26.6000,26.6000,26.1500,26.4000,56375,11.5844
2003-10-16,26.4000,26.4500,26.4000,26.4000,32505,11.5844
2003-10-17,26.4000,27.5000,26.4000,27.5000,33820,12.0671
2003-10-20,27.5500,27.6000,27.0000,27.4500,17775,12.0452
2003-10-21,27.2000,27.5000,27.0000,27.5000,12985,12.0671
2003-10-22,27.0000,27.5000,27.0000,27.4000,22110,12.0232
2003-10-23,27.2000,27.4500,27.2000,27.4500,15325,12.0452
2003-10-24,27.4000,27.7000,27.4000,27.6000,13200,12.1110
2003-10-27,27.7000,28.9500,27.7000,28.3000,61575,12.4182
2003-10-28,28.5500,28.6000,28.3000,28.6000,27075,12.5498
2003-10-29,28.8000,28.9000,28.3500,28.9000,53825,12.6814
2003-10-30,28.8000,29.2000,28.8000,28.9000,33060,12.6814
2003-10-31,29.2000,29.6000,28.6000,29.1000,78555,12.7692
2003-11-03,29.3500,29.6000,29.1000,29.2000,10690,12.8131
2003-11-04,29.2500,29.6000,28.8500,29.5500,21540,12.9667
2003-11-05,29.6000,29.6000,29.2500,29.5000,2770,12.9447
2003-11-06,29.2500,29.2500,28.9000,29.0000,13530,12.7253
2003-11-07,28.8500,29.6000,28.8000,29.6000,24380,12.9886
2003-11-10,29.8000,29.8000,29.2000,29.2000,865,12.8131
2003-11-11,29.0500,29.2000,29.0000,29.0000,4005,12.7253
2003-11-12,29.0000,29.2000,28.8000,28.8000,27330,12.6376
2003-11-13,29.2000,29.6000,28.8000,29.2000,8135,12.8131
2003-11-14,29.2000,29.2000,28.8000,29.2000,5125,12.8131
2003-11-17,28.9500,29.1000,28.9500,29.0000,80830,12.7253
2003-11-18,29.0500,29.6000,29.0000,29.5000,4250,12.9447
2003-11-19,29.2000,29.2000,29.1000,29.2000,3930,12.8131
2003-11-20,29.2000,29.3500,29.0000,29.3000,5825,12.8570
2003-11-21,29.3000,29.6000,29.3000,29.6000,25630,12.9886
2003-11-24,29.6000,29.6000,29.2000,29.2000,2210,12.8131
2003-11-25,29.7500,30.2000,29.6000,30.0500,42880,13.1861
2003-11-26,30.2000,30.2000,29.6000,29.6000,6180,12.9886
2003-11-27,29.4000,30.2000,29.2000,30.2000,6730,13.2519
2003-11-28,30.2000,30.4000,30.1000,30.4000,22675,13.3396
2003-12-01,30.3000,31.0000,30.0000,30.9500,21695,13.5810
2003-12-02,31.0000,31.6000,30.8000,31.3000,13335,13.7346
2003-12-03,31.5500,31.5500,30.7000,30.7000,11735,13.4713
2003-12-04,31.5500,32.0000,31.1000,31.5000,21835,13.8223
2003-12-05,31.5000,31.6000,31.0000,31.6000,49265,13.8662
2003-12-08,31.6500,31.6500,31.5000,31.5500,15535,13.8443
2003-12-09,31.6000,31.6000,31.1000,31.2000,19785,13.6907
2003-12-10,31.2000,31.6000,30.8000,30.8000,9155,13.5152
2003-12-11,30.8000,31.4000,30.6000,30.6500,16445,13.4493
2003-12-12,30.6500,30.8500,30.5000,30.8000,36660,13.5152
2003-12-15,30.8000,31.9500,30.8000,31.3000,14925,13.7346
2003-12-16,30.9500,31.2000,30.8000,30.8000,7890,13.5152
2003-12-17,31.6000,31.6000,31.2000,31.6000,33495,13.8662
2003-12-18,31.3000,31.9500,31.3000,31.8000,19655,13.9540
2003-12-19,31.8000,31.9500,31.4000,31.6000,8855,13.8662
2003-12-22,31.9500,31.9500,31.1500,31.1500,22200,13.6687
2003-12-23,31.4000,31.6000,31.2000,31.6000,7675,13.8662
2003-12-24,31.6000,31.6000,31.6000,31.6000,0,13.8662
2003-12-25,31.6000,31.6000,31.6000,31.6000,0,13.8662
2003-12-26,31.6000,31.6000,31.6000,31.6000,0,13.8662
2003-12-29,31.4500,31.5000,31.2000,31.5000,16250,13.8223
2003-12-30,31.4000,31.4000,31.4000,31.4000,750,13.7784
2003-12-31,31.4000,31.4000,31.4000,31.4000,0,13.7784
2004-01-01,31.4000,31.4000,31.4000,31.4000,0,13.7784
2004-01-02,31.4000,31.4000,31.4000,31.4000,0,13.7784
2004-01-05,32.0000,32.4000,32.0000,32.4000,17365,14.2173
2004-01-06,32.6000,33.8000,32.6000,33.5000,84470,14.6999
2004-01-07,33.6000,33.6000,33.0000,33.3000,54030,14.6122
2004-01-08,33.4000,33.4000,32.6500,32.6500,46835,14.3270
2004-01-09,33.3000,33.3000,33.0000,33.3000,21445,14.6122
2004-01-12,32.6000,32.8500,32.5000,32.5000,43850,14.2611
2004-01-13,32.4000,33.6000,32.4000,33.6000,29410,14.7438
2004-01-14,32.4500,33.3500,32.4000,32.6500,37325,14.3270
2004-01-15,32.6000,32.9000,32.2000,32.8500,36705,14.4147
2004-01-16,32.7500,32.7500,32.3000,32.7000,11950,14.3489
2004-01-19,32.6000,32.7000,31.2000,31.6000,71885,13.8662
2004-01-20,31.4000,32.4000,31.4000,32.2000,6875,14.1295
2004-01-21,31.9000,32.0000,31.6000,31.6000,3595,13.8662
2004-01-22,32.0000,32.2500,32.0000,32.2000,42605,14.1295
2004-01-23,31.7000,32.0500,31.4500,31.4500,27605,13.8004
2004-01-26,32.0000,32.0000,29.6000,31.1000,65995,13.6468
2004-01-27,31.6000,31.7000,30.0000,30.0000,59960,13.1641
2004-01-28,31.0000,31.3500,30.1500,31.2000,28965,13.6907
2004-01-29,31.2000,31.8000,31.2000,31.4000,54050,13.7784
2004-01-30,31.4000,31.4000,31.0000,31.4000,7460,13.7784
2004-02-02,31.4000,31.6000,30.2000,31.6000,23125,13.8662
2004-02-03,31.6000,31.6000,30.6000,31.5500,14185,13.8443
2004-02-04,31.0000,31.5500,31.0000,31.5000,3750,13.8223
2004-02-05,31.6000,32.0000,31.0500,31.9500,9225,14.0198
2004-02-06,32.0000,32.0000,31.2000,32.0000,4410,14.0417
2004-02-09,31.2000,31.9000,31.2000,31.5000,8435,13.8223
2004-02-10,31.4000,31.9000,31.0000,31.9000,6310,13.9978
2004-02-11,31.8000,31.8000,31.1000,31.8000,1330,13.9540
2004-02-12,31.9000,32.0000,30.6500,31.6000,6160,13.8662
2004-02-13,31.4000,31.4500,30.8000,31.0000,11145,13.6029
2004-02-16,31.0000,31.7500,31.0000,31.7500,6650,13.9320
2004-02-17,31.5000,31.8000,31.5000,31.5000,5580,13.8223
2004-02-18,31.6000,31.6000,31.4000,31.5000,5575,13.8223
2004-02-19,31.0000,31.1000,30.6000,30.6000,27010,13.4274
2004-02-20,30.6000,31.3000,30.6000,31.3000,21155,13.7346
2004-02-23,31.2000,31.2000,30.6000,30.7000,8190,13.4713
2004-02-24,30.8000,31.4000,30.8000,31.3000,24905,13.7346
2004-02-25,31.4000,31.4000,30.6500,30.9000,33615,13.5590
2004-02-26,31.0000,31.2000,30.8500,31.2000,12925,13.6907
2004-02-27,30.9000,31.1500,30.7500,30.8500,4625,13.5371
2004-03-01,31.0000,32.0000,30.6000,31.8500,37585,13.9759
2004-03-02,31.6000,31.8000,31.6000,31.6000,12200,13.8662
2004-03-03,31.6000,31.7000,31.2000,31.2000,7960,13.6907
2004-03-04,31.2000,31.7000,31.2000,31.6000,19970,13.8662
2004-03-05,31.8000,31.8000,31.0000,31.4500,9560,13.8004
2004-03-08,31.7500,31.7500,30.8500,31.3000,25615,13.7346
2004-03-09,31.1500,31.2000,30.6000,30.9000,18570,13.5590
2004-03-10,30.6500,30.8000,30.0000,30.0000,33315,13.1641
2004-03-11,30.0000,30.4500,29.8000,29.8000,71825,13.0764
2004-03-12,30.2000,30.2000,28.8000,29.2000,54305,12.8131
2004-03-15,28.8500,29.9000,28.8000,29.9000,22715,13.1202
2004-03-16,29.2500,30.0000,29.2500,29.9000,24100,13.1202
2004-03-17,29.6000,29.6000,28.8000,28.8000,59495,12.6376
2004-03-18,29.1000,29.5000,29.0000,29.4000,72525,12.9008
2004-03-19,29.1000,29.4000,29.0000,29.4000,45175,12.9008
2004-03-22,29.0000,29.3000,28.9500,29.0000,15960,12.7253
2004-03-23,29.0000,29.3000,28.5000,29.3000,24315,12.8570
2004-03-24,29.3500,29.3500,29.1000,29.2000,39075,12.8131
2004-03-25,29.3000,30.7000,29.3000,30.7000,25775,13.4713
2004-03-26,31.2000,32.0000,30.7000,32.0000,23785,14.0417
2004-03-29,32.0000,32.4500,32.0000,32.4000,51170,14.2173
2004-03-30,32.5500,33.8000,32.4500,33.8000,64585,14.8316
2004-03-31,33.9500,36.2000,33.9500,35.9500,184600,15.7750
2004-04-01,35.9000,36.0000,35.2500,35.7000,36815,15.6653
2004-04-02,35.8000,35.9000,34.8000,35.1000,56585,15.4020
2004-04-05,34.4000,36.0000,34.2000,35.9500,41470,15.7750
2004-04-06,36.0000,36.0000,35.0000,35.8000,24420,15.7092
2004-04-07,35.4000,35.6000,34.6000,35.1500,13985,15.4240
2004-04-08,35.2500,35.2500,33.4000,34.4000,65485,15.0949
2004-04-09,34.4000,34.4000,34.4000,34.4000,0,15.0949
2004-04-12,34.4000,34.4000,34.4000,34.4000,0,15.0949
2004-04-13,33.9000,35.0000,33.9000,34.9500,38980,15.3362
2004-04-14,34.8500,34.9000,34.0000,34.6000,30750,15.1826
2004-04-15,34.0000,34.6000,33.9500,34.6000,9790,15.1826
2004-04-16,34.2000,34.8000,34.2000,34.7000,32370,15.2265
2004-04-19,34.7000,34.9000,34.3500,34.6000,18365,15.1826
2004-04-20,34.8000,34.9000,34.6500,34.7500,25170,15.2484
2004-04-21,34.1500,34.9000,34.1500,34.6500,31655,15.2046
2004-04-22,34.6500,34.9000,34.6000,34.8000,14925,15.2704
2004-04-23,35.2000,36.5500,35.2000,36.0000,136550,15.7969
2004-04-26,36.6000,37.0000,35.8500,36.0000,26885,15.7969
2004-04-27,36.0000,36.0000,35.3000,35.6000,16660,15.6214
2004-04-28,35.6500,35.6500,35.4500,35.4500,18200,15.5556
2004-04-29,35.8000,35.8000,35.0000,35.0000,14130,15.3581
2004-04-30,35.0000,35.0000,34.4000,34.4000,4440,15.0949
2004-05-03,34.4000,34.9000,34.2500,34.9000,29850,15.3143
2004-05-04,34.9500,34.9500,34.3500,34.3500,31710,15.0729
2004-05-05,34.3500,34.6000,34.3500,34.3500,3170,15.0729
2004-05-06,34.4000,34.5000,34.0500,34.3000,7175,15.0510
2004-05-07,34.8500,34.8500,34.0000,34.6000,9950,15.1826
2004-05-10,34.8000,34.8000,34.0000,34.3500,17575,15.0729
2004-05-11,34.0000,34.4000,34.0000,34.0000,12180,14.9193
2004-05-12,34.0000,34.1000,33.9000,34.0000,10315,14.9193
2004-05-13,33.9000,34.0000,33.0500,33.5000,20870,14.6999
2004-05-14,33.6000,34.1000,33.4000,33.6000,34015,14.7438
2004-05-17,33.2000,33.6000,33.0000,33.5000,7045,15.0127
2004-05-18,33.0000,33.2000,32.6000,32.6000,34990,14.6094
2004-05-19,33.0000,33.3500,32.6000,33.2500,10975,14.9007
2004-05-20,33.2500,33.2500,33.2500,33.2500,0,14.9007
2004-05-21,32.8000,33.2500,32.7000,32.7000,29420,14.6542
2004-05-24,33.0000,33.1500,32.8000,33.1500,26610,14.8559
2004-05-25,33.1500,33.3500,33.0500,33.3500,46750,14.9455
2004-05-26,33.3000,33.4000,33.1500,33.3500,18440,14.9455
2004-05-27,33.2000,33.6000,33.1000,33.3500,19950,14.9455
2004-05-28,33.3000,33.9500,32.9000,32.9000,22515,14.7438
2004-05-31,32.9000,32.9000,32.9000,32.9000,0,14.7438
2004-06-01,34.7500,34.7500,33.3000,33.3000,14020,14.9231
2004-06-02,33.1000,34.2500,33.1000,34.2500,8340,15.3488
2004-06-03,33.7000,35.0000,33.7000,34.8500,31605,15.6177
2004-06-04,35.2000,35.6000,35.0000,35.1000,24355,15.7297
2004-06-07,35.6000,35.9000,35.5500,35.9000,12790,16.0882
2004-06-08,35.9000,36.0000,35.8000,35.8500,13950,16.0658
2004-06-09,35.9000,37.0000,35.5500,36.4500,38295,16.3347
2004-06-10,37.0000,37.0000,36.4000,36.4000,17665,16.3123
2004-06-11,36.4000,37.0500,36.4000,37.0000,18615,16.5812
2004-06-14,37.2000,37.6000,37.2000,37.2500,23255,16.6932
2004-06-15,37.4000,37.5500,37.3500,37.5500,21155,16.8277
2004-06-16,37.6000,37.7500,35.6000,36.2000,142605,16.2227
2004-06-17,36.2000,36.5000,35.4000,35.4000,153100,15.8642
2004-06-18,35.9500,36.5500,35.8000,36.0000,36810,16.1331
2004-06-21,36.7500,36.7500,36.4000,36.5000,3570,16.3571
2004-06-22,36.9000,36.9000,36.2500,36.5500,8290,16.3795
2004-06-23,36.7000,36.7000,36.3000,36.6000,22015,16.4019
2004-06-24,36.5500,36.7000,36.2500,36.2500,28900,16.2451
2004-06-25,36.0000,36.2000,35.9000,36.1500,19170,16.2003
2004-06-28,35.6000,36.2000,35.6000,36.2000,6050,16.2227
2004-06-29,36.2000,36.5000,35.9000,36.2000,10270,16.2227
2004-06-30,36.0000,36.2000,35.6000,36.1000,20415,16.1779
2004-07-01,35.8000,35.8000,35.4000,35.8000,56485,16.0434
2004-07-02,35.8000,35.8000,35.5000,35.8000,9260,16.0434
2004-07-05,35.8000,35.8000,35.3000,35.4000,22525,15.8642
2004-07-06,35.5000,35.7000,35.4000,35.6000,37930,15.9538
2004-07-07,35.6000,35.8000,35.4000,35.8000,18305,16.0434
2004-07-08,35.4000,35.8000,35.4000,35.8000,34170,16.0434
2004-07-09,35.4000,35.9500,35.4000,35.9500,32200,16.1106
2004-07-12,36.0000,36.0000,35.5000,35.5000,17225,15.9090
2004-07-13,35.5000,36.0000,35.4500,36.0000,22675,16.1331
2004-07-14,35.5500,35.9500,35.5500,35.5500,11050,15.9314
2004-07-15,36.0000,36.0000,35.2000,35.2000,11775,15.7745
2004-07-16,35.5000,36.0000,35.5000,35.6000,25535,15.9538
2004-07-19,35.8000,35.9000,35.7000,35.8000,7725,16.0434
2004-07-20,35.8000,36.5000,35.8000,36.3000,34200,16.2675
2004-07-21,36.4000,36.6000,36.0000,36.6000,16560,16.4019
2004-07-22,36.6500,36.6500,36.1000,36.4000,3545,16.3123
2004-07-23,36.4000,37.2000,36.4000,37.0000,22650,16.5812
2004-07-26,37.8000,38.2000,36.6000,37.8500,30800,16.9621
2004-07-27,37.9000,38.5500,37.6000,38.5500,74535,17.2758
2004-07-28,38.0000,38.0500,37.0500,37.6000,39960,16.8501
2004-07-29,37.6000,38.6000,37.4000,38.4000,63000,17.2086
2004-07-30,38.0000,39.0500,38.0000,38.8000,59190,17.3878
2004-08-02,38.8000,38.8500,38.5000,38.5000,59115,17.2534
2004-08-03,38.0000,38.4500,38.0000,38.1000,22300,17.0741
2004-08-04,38.1000,38.4000,38.0000,38.3000,28945,17.1638
2004-08-05,38.2000,38.2000,37.7000,37.8000,22330,16.9397
2004-08-06,38.0000,38.0000,37.6000,37.8000,12455,16.9397
2004-08-09,38.0000,38.3000,37.8000,38.0000,59330,17.0293
2004-08-10,38.0000,38.0000,37.2000,37.6000,19750,16.8501
2004-08-11,38.0000,38.0000,37.8000,38.0000,74435,17.0293
2004-08-12,38.0000,38.1000,37.6000,37.6000,16295,16.8501
2004-08-13,37.6000,38.2000,37.6000,38.0000,28845,17.0293
2004-08-16,37.4000,37.4000,37.2000,37.2000,24550,16.6708
2004-08-17,37.4000,38.3500,37.4000,38.3500,25250,17.1862
2004-08-18,37.4500,37.4500,37.3000,37.3000,5800,16.7156
2004-08-19,37.6000,37.9500,37.6000,37.6000,3170,16.8501
2004-08-20,37.4000,38.2000,37.3000,37.9000,13035,16.9845
2004-08-23,37.9000,38.0000,37.5500,37.7000,18835,16.8949
2004-08-24,37.6000,37.6500,37.5500,37.6000,11375,16.8501
2004-08-25,37.8000,37.8000,37.7000,37.7000,2780,16.8949
2004-08-26,37.8500,37.8500,37.5000,37.8000,3005,16.9397
2004-08-27,37.4000,37.6000,37.2500,37.3000,10400,16.7156
2004-08-30,37.8000,38.0000,37.8000,37.8000,15025,16.9397
2004-08-31,37.8000,37.9000,37.2000,37.9000,2945,16.9845
2004-09-01,37.8000,37.8000,37.2000,37.8000,19925,16.9397
2004-09-02,37.8000,38.0000,37.8000,38.0000,23320,17.0293
2004-09-03,37.9000,37.9500,37.4000,37.9500,8140,17.0069
2004-09-06,37.8000,38.1000,37.8000,38.0000,34895,17.0293
2004-09-07,37.9000,38.2000,37.7500,38.0000,35165,17.0293
2004-09-08,37.8000,37.9000,37.3000,37.7500,51905,16.9173
2004-09-09,37.4500,38.1000,37.4500,37.9000,23300,16.9845
2004-09-10,38.3000,38.9000,38.3000,38.8500,66395,17.4102
2004-09-13,38.8500,39.1000,38.6000,38.9000,39925,17.4327
2004-09-14,39.0000,39.1000,38.8000,39.1000,19370,17.5223
2004-09-15,39.1000,40.4000,39.1000,40.3500,77605,18.0825
2004-09-16,39.5500,40.7000,39.5500,40.5000,85820,18.1497
2004-09-17,40.9000,41.0000,39.6500,39.8000,162305,17.8360
2004-09-20,40.5500,40.9000,39.8000,40.2000,16540,18.0152
2004-09-21,39.6500,39.9000,39.5000,39.5000,56505,17.7015
2004-09-22,39.5000,39.6000,39.2000,39.2000,48340,17.5671
2004-09-23,39.5000,39.7000,39.3000,39.5000,15545,17.7015
2004-09-24,39.5000,39.5000,39.3000,39.4000,4350,17.6567
2004-09-27,39.4000,39.5000,39.0000,39.5000,14525,17.7015
2004-09-28,39.5000,39.8000,39.3500,39.5000,16015,17.7015
2004-09-29,39.7500,39.9000,39.2000,39.5000,32775,17.7015
2004-09-30,39.5000,40.9000,39.5000,40.9000,34925,18.3289
2004-10-01,40.9000,41.9500,40.4000,41.9500,46360,18.7995
2004-10-04,43.0000,43.0000,42.0000,42.3800,43625,18.9922
2004-10-05,42.8000,42.8000,40.5000,41.6000,38640,18.6426
2004-10-06,41.8000,42.4000,41.3200,42.2000,33425,18.9115
2004-10-07,42.4000,42.4000,41.7000,42.2000,64375,18.9115
2004-10-08,42.6800,43.9000,42.4000,42.4000,123985,19.0011
2004-10-11,41.6000,42.4000,40.8000,41.5000,166305,18.5978
2004-10-12,42.0000,43.2000,40.9000,41.3000,93935,18.5082
2004-10-13,42.0000,42.4600,42.0000,42.3000,94235,18.9563
2004-10-14,42.5000,42.5000,41.6000,41.8400,44800,18.7502
2004-10-15,41.8400,42.0600,41.6000,41.8000,70395,18.7323
2004-10-18,42.2000,42.2000,41.1000,41.2400,40435,18.4813
2004-10-19,41.2400,41.2400,41.2400,41.2400,0,18.4813
2004-10-20,41.2000,42.4000,40.8200,41.8200,847095,18.7412
2004-10-21,42.0000,43.4000,41.9600,43.1800,628120,19.3507
2004-10-22,43.5800,43.5800,42.7000,42.8000,87970,19.1804
2004-10-25,43.0000,43.6000,42.7400,42.8000,181080,19.1804
2004-10-26,43.0000,43.2000,42.3200,42.3600,109925,18.9832
2004-10-27,42.4000,43.1000,42.4000,43.0000,113930,19.2700
2004-10-28,43.2400,44.8000,43.2200,44.0000,299615,19.7182
2004-10-29,43.9000,43.9000,43.0000,43.3000,115470,19.4045
2004-11-01,43.4000,43.6000,43.0000,43.3000,80290,19.4045
2004-11-02,43.2000,43.7000,43.2000,43.5200,104120,19.5031
2004-11-03,44.0000,44.0000,43.2000,43.2000,98500,19.3597
2004-11-04,43.2000,43.4000,43.0000,43.2000,88885,19.3597
2004-11-05,43.1400,45.0000,43.1400,44.2000,147110,19.8078
2004-11-08,44.8000,46.3000,44.0000,45.4000,195955,20.3456
2004-11-09,45.6000,46.1000,45.4000,45.8000,107320,20.5248
2004-11-10,45.8600,46.2000,45.3200,45.7800,74150,20.5159
2004-11-11,45.5000,47.0000,45.0000,46.6000,114250,20.8833
2004-11-12,47.4000,47.4000,46.0000,46.8000,33610,20.9730
2004-11-15,47.0000,47.2000,45.8000,46.4000,98175,20.7937
2004-11-16,47.0000,47.1000,45.9400,46.4400,195170,20.8116
2004-11-17,46.6000,46.6000,45.0800,45.0800,146350,20.2022
2004-11-18,45.8000,46.0000,44.8800,45.1400,33020,20.2291
2004-11-19,45.6000,45.7800,45.2400,45.6000,27035,20.4352
2004-11-22,45.5800,45.6000,43.6000,45.0000,102915,20.1663
2004-11-23,45.0000,45.6800,45.0000,45.5800,50175,20.4262
2004-11-24,45.6000,46.0800,45.6000,46.0000,29120,20.6145
2004-11-25,45.9000,46.3000,45.9000,46.3000,21990,20.7489
2004-11-26,46.3000,46.4000,46.0000,46.2400,25370,20.7220
2004-11-29,46.4000,46.9800,46.3000,46.9600,71545,21.0447
2004-11-30,47.0000,47.0800,46.8200,47.0800,95945,21.0984
2004-12-01,47.0800,47.0800,45.8600,46.0000,111880,20.6145
2004-12-02,46.2000,46.5000,45.0000,45.4000,128090,20.3456
2004-12-03,45.5000,45.8000,45.4000,45.4000,42215,20.3456
2004-12-06,45.6000,45.8000,45.6000,45.7000,19290,20.4800
2004-12-07,46.6400,46.6600,46.0200,46.3200,120455,20.7579
2004-12-08,46.0000,46.3200,45.7200,46.0000,91785,20.6145
2004-12-09,46.4000,46.4000,46.1000,46.2000,164580,20.7041
2004-12-10,46.2600,46.6000,46.2000,46.4000,113120,20.7937
2004-12-13,46.4000,47.4000,46.4000,47.0000,47430,21.0626
2004-12-14,47.8000,47.8000,46.9000,47.1000,54350,21.1074
2004-12-15,47.7600,47.9000,47.0000,47.2000,91550,21.1522
2004-12-16,47.9800,47.9800,47.2000,47.8200,95775,21.4301
2004-12-17,48.3000,49.3400,47.9800,48.8000,188845,21.8692
2004-12-20,49.0000,50.0000,49.0000,49.8000,74525,22.3174
2004-12-21,50.0000,50.2000,49.3000,49.5000,92050,22.1829
2004-12-22,49.5000,49.7800,49.2000,49.4800,31685,22.1740
2004-12-23,49.5000,50.4000,49.3800,50.4000,61410,22.5863
2004-12-24,50.4000,50.4000,50.4000,50.4000,0,22.5863
2004-12-27,50.4000,50.4000,50.4000,50.4000,0,22.5863
2004-12-28,50.4000,50.4000,50.4000,50.4000,0,22.5863
2004-12-29,50.0000,50.0000,49.4000,49.4000,52935,22.1381
2004-12-30,49.1000,49.4600,48.6000,49.0000,47545,21.9589
2004-12-31,49.0000,49.0000,49.0000,49.0000,0,21.9589
2005-01-03,49.0000,49.0000,49.0000,49.0000,0,21.9589
2005-01-04,49.1800,49.1800,47.0000,48.0000,101855,21.5107
2005-01-05,48.8600,48.8600,47.5200,47.5800,43340,21.3225
2005-01-06,47.4000,47.7000,46.8000,46.8000,136430,20.9730
2005-01-07,46.2000,47.9000,44.4000,47.0000,117555,21.0626
2005-01-10,47.8000,48.8000,47.5600,48.6000,53345,21.7796
2005-01-11,48.6000,48.8000,48.1600,48.2000,35550,21.6004
2005-01-12,48.4000,48.4000,46.6400,47.0000,65165,21.0626
2005-01-13,47.0000,48.9800,46.9800,48.9800,88165,21.9499
2005-01-14,49.0000,49.7400,48.1000,48.8000,59295,21.8692
2005-01-17,48.8000,48.8000,48.8000,48.8000,0,21.8692
2005-01-18,48.8000,48.8000,46.9000,47.6200,148655,21.3404
2005-01-19,48.3800,48.4000,47.0000,47.7000,76550,21.3763
2005-01-20,48.4000,48.4000,47.0200,47.6600,70370,21.3584
2005-01-21,47.7400,47.7400,46.8000,47.0000,100750,21.0626
2005-01-24,47.1800,47.1800,46.4000,46.4000,155545,20.7937
2005-01-25,46.2200,46.4000,45.8000,46.1200,204330,20.6682
2005-01-26,46.1200,46.1200,46.1200,46.1200,0,20.6682
2005-01-27,46.1200,46.1200,46.1200,46.1200,0,20.6682
2005-01-28,47.9800,48.0000,47.6000,48.0000,43295,21.5107
2005-01-31,48.0000,48.6000,47.8000,48.6000,46980,21.7796
2005-02-01,48.6000,49.2000,48.0000,48.4000,63620,21.6900
2005-02-02,48.4000,49.5800,48.4000,49.1000,27605,22.0037
2005-02-03,49.2000,49.4000,49.0000,49.1000,60865,22.0037
2005-02-04,48.6000,48.8200,47.2000,48.6000,45605,21.7796
2005-02-07,48.6000,48.6000,48.6000,48.6000,0,21.7796
2005-02-08,48.8200,50.0000,48.8200,49.7000,68890,22.2726
2005-02-09,50.0500,50.4000,49.8000,50.4000,102240,22.5863
2005-02-10,50.4000,50.4000,50.4000,50.4000,0,22.5863
2005-02-11,50.0000,50.7000,50.0000,50.0000,44690,22.4070
2005-02-14,50.9000,50.9000,49.8000,49.8000,56430,22.3174
2005-02-15,50.0000,51.6000,50.0000,51.4000,125330,23.0344
2005-02-16,51.4000,51.4000,51.4000,51.4000,0,23.0344
2005-02-17,52.0000,52.3000,51.4000,51.8000,115325,23.2137
2005-02-18,51.8000,51.8000,50.4000,51.5000,32655,23.0792
2005-02-21,52.0000,52.0000,51.0000,51.2000,43475,22.9448
2005-02-22,51.6000,51.7000,50.8000,50.9000,112960,22.8103
2005-02-23,51.0000,51.1000,50.0000,50.5000,73495,22.6311
2005-02-24,50.2000,50.9500,50.2000,50.4000,41430,22.5863
2005-02-25,50.4000,51.4000,50.4000,51.4000,64460,23.0344
2005-02-28,51.6000,51.7500,50.0000,51.0000,59220,22.8552
2005-03-01,51.0000,51.4500,50.0000,50.0000,95405,22.4070
2005-03-02,50.0000,50.6000,50.0000,50.1500,79760,22.4742
2005-03-03,50.1500,50.8500,50.0000,50.8000,65240,22.7655
2005-03-04,50.5000,51.8000,50.5000,51.8000,102795,23.2137
2005-03-07,51.8000,51.8000,51.1000,51.1000,27675,22.9000
2005-03-08,51.8000,51.8000,50.8000,51.6000,33415,23.1240
2005-03-09,51.8000,51.8000,51.0000,51.0000,43870,22.8552
2005-03-10,51.8000,54.1000,51.8000,53.1500,295845,23.8187
2005-03-11,53.2000,53.7000,52.8000,53.0000,172215,23.7514
2005-03-14,53.2000,53.6500,52.6000,53.4000,97315,23.9307
2005-03-15,54.0000,55.0000,53.6000,55.0000,203080,24.6477
2005-03-16,55.0000,55.0000,53.9000,54.2000,158660,24.2892
2005-03-17,54.9000,55.0000,54.6000,55.0000,108110,24.6477
2005-03-18,55.0000,55.0000,54.4000,54.7000,179365,24.5133
2005-03-21,55.0000,55.0500,54.7000,54.8000,158230,24.5581
2005-03-22,54.9000,54.9000,54.3000,54.6000,71360,24.4685
2005-03-23,54.6000,54.7000,53.6500,53.8000,82405,24.1099
2005-03-24,54.0000,54.2000,53.4000,53.6000,51435,24.0203
2005-03-25,53.6000,53.6000,53.6000,53.6000,0,24.0203
2005-03-28,53.6000,53.6000,53.6000,53.6000,0,24.0203
2005-03-29,54.0000,54.0500,53.3500,53.4000,70595,23.9307
2005-03-30,53.2000,53.2000,52.2000,52.2000,91600,23.3929
2005-03-31,52.8000,53.3000,51.6000,51.6000,147680,23.1240
2005-04-01,51.6000,54.0000,51.0000,52.5000,151020,23.5274
2005-04-04,53.0000,53.2000,52.4000,52.8000,72940,23.6618
2005-04-05,52.0000,54.0000,52.0000,52.6000,97975,23.5722
2005-04-06,53.0000,54.4000,53.0000,54.3000,79610,24.3340
2005-04-07,54.3000,55.5000,54.3000,55.5000,142990,24.8718
2005-04-08,55.8000,56.4000,55.6000,55.8000,203985,25.0062
2005-04-11,56.2000,56.2000,54.4000,54.6500,29885,24.4909
2005-04-12,55.0000,55.1500,54.5000,54.5000,42560,24.4236
2005-04-13,54.6500,54.6500,54.4000,54.5500,43165,24.4461
2005-04-14,54.8000,54.8000,53.8000,53.8000,81185,24.1099
2005-04-15,53.8500,53.8500,51.6500,52.0500,158990,23.3257
2005-04-18,51.7000,52.0000,50.7000,50.7000,120915,22.7207
2005-04-19,51.2000,52.0000,49.4000,49.6000,120585,22.2278
2005-04-20,50.4000,52.5000,50.4000,50.9000,82495,22.8103
2005-04-21,51.0000,52.4000,50.9000,52.4000,72215,23.4825
2005-04-22,53.1500,53.4000,52.0500,52.4500,187790,23.5050
2005-04-25,52.5000,53.0500,50.4500,50.9000,91770,22.8103
2005-04-26,51.9000,51.9000,50.3000,50.3000,116845,22.5415
2005-04-27,50.2000,50.6000,47.4000,48.2600,276545,21.6273
2005-04-28,48.4000,49.5600,48.4000,48.9400,92445,21.9320
2005-04-29,48.4200,49.6000,48.4200,48.9800,128735,21.9499
2005-05-02,49.4000,50.5500,49.2000,49.9800,139165,22.3981
2005-05-03,50.0000,50.2000,48.2000,48.3000,155090,21.6452
2005-05-04,48.3400,48.8000,48.2000,48.5200,106660,21.7438
2005-05-05,48.5200,48.5200,48.5200,48.5200,0,21.7438
2005-05-06,48.5000,50.7000,48.0200,50.4000,220155,23.0131
2005-05-09,50.7000,50.7000,49.8000,50.0000,81380,22.8305
2005-05-10,49.9000,50.1000,48.4000,49.9800,134825,22.8214
2005-05-11,49.2000,50.1000,49.2000,50.0000,140735,22.8305
2005-05-12,50.1000,51.1500,50.1000,51.0000,168420,23.2871
2005-05-13,51.0000,51.0000,49.9000,50.0000,87010,22.8305
2005-05-16,50.0000,50.0000,50.0000,50.0000,0,22.8305
2005-05-17,50.0000,50.0000,49.0000,49.0000,85660,22.3739
2005-05-18,49.3000,49.8000,49.3000,49.4000,86970,22.5565
2005-05-19,49.9000,50.0000,49.2000,49.7000,153960,22.6935
2005-05-20,49.9000,50.0000,49.7000,49.8000,227910,22.7392
2005-05-23,49.8000,50.0000,49.7000,49.9200,159895,22.7940
2005-05-24,49.8800,50.2000,49.8800,50.2000,96815,22.9218
2005-05-25,50.9000,51.3500,50.3000,51.3500,40600,23.4469
2005-05-26,51.4000,51.6000,50.1500,51.1000,62435,23.3328
2005-05-27,51.0000,51.1000,50.2000,51.0000,74705,23.2871
2005-05-30,51.0000,51.6000,50.8000,51.6000,34400,23.5611
2005-05-31,51.4000,52.6000,51.4000,52.0000,119210,23.7437
2005-06-01,52.4000,53.1000,52.2000,53.1000,67965,24.2460
2005-06-02,53.8000,53.8000,52.6000,53.7000,84705,24.5200
2005-06-03,53.6000,53.6000,52.7000,53.0000,154515,24.2003
2005-06-06,53.0000,53.3500,51.7000,52.4000,61935,23.9264
2005-06-07,52.4000,53.1000,52.4000,53.0000,30040,24.2003
2005-06-08,53.0000,53.7000,53.0000,53.4000,64330,24.3830
2005-06-09,53.6000,53.6500,53.2500,53.4000,26855,24.3830
2005-06-10,53.7000,54.0000,53.1000,53.1000,31520,24.2460
2005-06-13,54.0000,54.0000,52.8000,53.0000,84020,24.2003
2005-06-14,53.0000,53.4000,52.9500,53.2000,44380,24.2917
2005-06-15,53.2000,53.3500,52.6000,53.0000,53320,24.2003
2005-06-16,53.2500,53.2500,52.8500,53.1000,23565,24.2460
2005-06-17,53.2000,53.4000,52.9000,53.4000,15880,24.3830
2005-06-20,53.6000,53.6000,52.6000,52.6000,25320,24.0177
2005-06-21,52.6000,53.6000,52.6000,53.6000,28465,24.4743
2005-06-22,53.6000,54.3000,53.4000,53.7500,31495,24.5428
2005-06-23,53.2000,53.9000,52.6000,53.4000,239720,24.3830
2005-06-24,52.7000,53.7000,52.6000,53.3500,73380,24.3601
2005-06-27,53.0000,53.5500,51.8500,51.8500,85250,23.6752
2005-06-28,51.9000,53.2000,51.9000,53.0000,111130,24.2003
2005-06-29,53.3000,53.6000,52.8500,53.1000,29815,24.2460
2005-06-30,53.2000,54.4000,53.0500,54.4000,69505,24.8396
2005-07-01,53.0500,54.3000,52.8000,53.4000,180330,24.3830
2005-07-04,53.5000,54.7000,53.1000,54.4500,96755,24.8624
2005-07-05,54.4500,54.4500,53.6000,53.8000,37610,24.5656
2005-07-06,54.2500,54.4000,53.4000,53.8000,63185,24.5656
2005-07-07,53.8000,53.8000,52.8000,53.2500,22375,24.3145
2005-07-08,53.8000,54.4000,53.2500,54.4000,41135,24.8396
2005-07-11,54.4000,54.4000,53.7500,53.7500,128535,24.5428
2005-07-12,54.2000,56.0000,54.1500,56.0000,192535,25.5702
2005-07-13,56.0000,56.4000,55.2500,55.8000,75730,25.4788
2005-07-14,55.1000,58.0500,55.1000,57.6000,197750,26.3007
2005-07-15,57.1500,57.6000,55.0000,56.2000,106045,25.6615
2005-07-18,56.5500,57.0500,56.2000,56.8000,72355,25.9354
2005-07-19,57.0000,57.8000,57.0000,57.8000,54780,26.3921
2005-07-20,57.8000,58.0000,56.4000,56.9500,83005,26.0039
2005-07-21,57.5000,57.9500,56.9500,57.0000,40405,26.0268
2005-07-22,58.0000,58.8000,56.9000,58.8000,200860,26.8487
2005-07-25,58.6000,58.6000,57.0000,57.6000,145495,26.3007
2005-07-26,57.7500,57.7500,57.3500,57.6000,95095,26.3007
2005-07-27,58.0000,58.4000,57.4000,57.8000,120340,26.3921
2005-07-28,58.4000,58.5000,57.4000,57.6000,127595,26.3007
2005-07-29,57.6000,57.9500,57.4500,57.5000,137595,26.2551
2005-08-01,58.0000,58.0000,57.4000,57.8500,30015,26.4149
2005-08-02,58.0000,58.1000,57.3000,58.1000,51750,26.5290
2005-08-03,57.3500,58.4000,57.3500,58.4000,83280,26.6660
2005-08-04,58.9000,59.5500,58.4000,59.5500,136250,27.1911
2005-08-05,59.4000,59.6000,58.4000,59.0000,73025,26.9400
2005-08-08,58.2500,59.2000,58.1500,58.4000,80415,26.6660
2005-08-09,58.4000,58.4000,57.7000,58.0000,74865,26.4834
2005-08-10,57.8000,58.8000,57.8000,58.2000,181235,26.5747
2005-08-11,58.0000,58.4000,57.6000,57.8000,58225,26.3921
2005-08-12,58.8000,58.8000,57.2000,57.9000,24550,26.4377
2005-08-15,58.2000,58.2000,57.4000,57.4000,29225,26.2094
2005-08-16,58.0000,58.0000,57.4000,57.9500,67565,26.4605
2005-08-17,58.0000,58.0000,57.4000,57.6500,39185,26.3236
2005-08-18,57.7000,57.8000,57.6000,57.8000,43610,26.3921
2005-08-19,57.6500,58.0000,57.6000,57.8000,37010,26.3921
2005-08-22,58.0000,58.8000,57.6000,58.5000,100510,26.7117
2005-08-23,58.5000,58.6000,57.3000,58.0000,31975,26.4834
2005-08-24,58.0000,58.0000,56.8000,56.9000,65410,25.9811
2005-08-25,57.0000,57.1000,56.4000,57.1000,48530,26.0724
2005-08-26,56.4500,57.0500,56.0500,56.0500,53640,25.5930
2005-08-29,56.1500,56.2000,56.0500,56.0500,16230,25.5930
2005-08-30,56.2000,56.4000,55.9000,56.0000,77365,25.5702
2005-08-31,56.0000,56.5000,55.2000,55.2000,74435,25.2049
2005-09-01,55.6000,57.8000,55.6000,57.0000,149640,26.0268
2005-09-02,56.2000,57.0500,55.9500,56.6000,74980,25.8441
2005-09-05,56.9500,57.1000,56.4500,57.0000,34940,26.0268
2005-09-06,57.1000,57.6000,57.0500,57.2000,70745,26.1181
2005-09-07,57.3000,57.3000,57.0500,57.3000,57610,26.1637
2005-09-08,57.2000,57.4000,56.7000,56.7000,32955,25.8898
2005-09-09,57.0000,57.2000,56.7000,56.7000,44025,25.8898
2005-09-12,57.0000,57.2000,56.8000,57.2000,27020,26.1181
2005-09-13,57.1000,57.2500,56.9000,57.2500,41775,26.1409
2005-09-14,57.2000,57.2000,56.8000,57.0000,34830,26.0268
2005-09-15,57.0000,57.2000,56.8000,57.1000,42875,26.0724
2005-09-16,57.0000,57.5000,56.9000,57.4000,112560,26.2094
2005-09-19,56.4000,57.5500,56.4000,57.0500,67780,26.0496
2005-09-20,57.0000,59.6000,57.0000,59.6000,177660,27.2140
2005-09-21,59.9500,60.0000,58.4000,58.8000,178370,26.8487
2005-09-22,58.4500,59.8000,58.4500,58.8000,161330,26.8487
2005-09-23,59.0500,59.3000,58.7000,59.0000,76095,26.9400
2005-09-26,59.2000,59.8000,59.1000,59.7000,107280,27.2596
2005-09-27,59.5500,59.9000,59.3000,59.7500,84035,27.2824
2005-09-28,59.6000,61.0000,59.6000,60.5000,151415,27.6249
2005-09-29,60.9000,61.0000,60.0000,60.4000,119085,27.5792
2005-09-30,60.1000,64.0000,60.1000,64.0000,361260,29.2230
2005-10-03,62.7500,63.6000,61.6500,61.8000,260600,28.2185
2005-10-04,62.4000,63.4000,61.9500,62.9000,124380,28.7208
2005-10-05,63.0000,63.2000,61.8000,61.8000,87745,28.2185
2005-10-06,61.9000,61.9000,60.0000,60.2000,69115,27.4879
2005-10-07,60.5000,60.5000,59.8000,59.8000,80415,27.3053
2005-10-10,60.4000,60.4000,59.2000,59.7000,76175,27.2596
2005-10-11,59.9000,60.5500,59.8000,60.0000,46945,27.3966
2005-10-12,60.5500,60.9500,60.3000,60.6000,69320,27.6706
2005-10-13,60.4000,60.5000,59.2000,59.6000,87840,27.2140
2005-10-14,60.0000,60.3000,59.3000,59.8000,52815,27.3053
2005-10-17,59.9000,62.6500,59.8000,61.5500,284690,28.1043
2005-10-18,62.3500,62.4000,60.2000,61.0000,183535,27.8532
2005-10-19,61.0000,61.0000,59.0000,59.8000,244830,27.3053
2005-10-20,60.4000,60.4000,58.6000,59.1000,500485,26.9856
2005-10-21,58.9000,59.4000,58.2000,59.0500,521430,26.9628
2005-10-24,59.2000,60.5500,59.1000,60.4000,311695,27.5792
2005-10-25,60.6000,60.9000,59.6500,60.8500,142690,27.7847
2005-10-26,61.0000,61.0000,60.4000,60.6000,101155,27.6706
2005-10-27,60.6000,60.6000,59.8500,59.9000,58245,27.3509
2005-10-28,59.8000,60.4000,59.8000,60.1000,206950,27.4423
2005-10-31,60.2000,60.4500,59.9000,60.4000,87625,27.5792
2005-11-01,60.5000,61.6000,60.0000,60.5000,111655,27.6249
2005-11-02,61.4500,61.5500,60.5000,61.4000,127720,28.0359
2005-11-03,61.6000,62.6000,61.4000,62.4500,219050,28.5153
2005-11-04,62.6000,62.7000,62.0000,62.6000,125490,28.5838
2005-11-07,62.5500,63.4500,62.5000,62.9500,301605,28.7436
2005-11-08,63.0000,63.0000,62.6000,62.7000,134210,28.6294
2005-11-09,62.9500,64.3500,62.9000,64.2000,198890,29.3144
2005-11-10,64.4000,66.6000,64.1000,66.0000,410780,30.1363
2005-11-11,65.8000,66.2000,65.2000,65.8500,94730,30.0678
2005-11-14,65.8000,65.9000,65.1500,65.1500,197005,29.7481
2005-11-15,65.9000,66.3000,65.0000,65.6000,207720,29.9536
2005-11-16,65.6000,65.6000,64.6000,65.3000,85525,29.8166
2005-11-17,66.2000,68.0000,66.2000,67.6500,466755,30.8897
2005-11-18,68.0000,69.4000,67.9000,68.4000,218035,31.2321
2005-11-21,68.7000,69.7000,67.2000,67.6000,121990,30.8668
2005-11-22,66.7000,68.9000,66.4000,68.9000,219895,31.4604
2005-11-23,68.9500,69.6000,68.2000,69.6000,195860,31.7801
2005-11-24,69.5000,69.7000,68.4000,68.6000,65020,31.3234
2005-11-25,68.6000,69.6000,68.3000,69.2000,181745,31.5974
2005-11-28,69.6000,69.8000,68.8000,69.5500,214275,31.7572
2005-11-29,69.7500,70.4000,69.0500,70.4000,293935,32.1453
2005-11-30,70.4000,71.8500,70.2000,70.5000,1396415,32.1910
2005-12-01,70.4000,70.4000,69.0000,70.0000,157605,31.9627
2005-12-02,70.0000,70.9500,69.5000,70.4500,164400,32.1682
2005-12-05,70.7000,70.7000,69.4000,69.9000,146780,31.9170
2005-12-06,69.9500,69.9500,67.0000,67.5000,220240,30.8212
2005-12-07,68.5500,68.5500,67.0000,68.2500,142925,31.1636
2005-12-08,68.2000,68.2000,67.1000,67.4000,154450,30.7755
2005-12-09,67.9000,68.5000,67.6000,68.2000,125070,31.1408
2005-12-12,68.4000,68.7500,67.7000,68.3000,90630,31.1865
2005-12-13,68.4000,69.0000,68.0000,68.0000,184045,31.0495
2005-12-14,67.9000,68.9000,67.8000,68.7000,276970,31.3691
2005-12-15,68.9000,69.3500,68.2500,68.8000,107150,31.4148
2005-12-16,67.9500,69.9000,67.9500,68.5500,61170,31.3006
2005-12-19,68.5000,69.9000,68.5000,69.2000,104885,31.5974
2005-12-20,68.8000,69.5500,68.6000,69.4000,170090,31.6887
2005-12-21,69.5000,71.8000,69.0500,71.2000,147960,32.5106
2005-12-22,71.8000,71.8000,70.9000,71.7000,115955,32.7389
2005-12-23,71.7000,72.0000,71.0000,72.0000,127825,32.8759
2005-12-26,72.0000,72.0000,72.0000,72.0000,0,32.8759
2005-12-27,72.0000,73.6000,71.6000,72.5500,90525,33.1270
2005-12-28,73.3000,73.6000,71.7500,72.6000,56855,33.1499
2005-12-29,72.6000,73.6000,72.6000,73.6000,76740,33.6065
2005-12-30,73.6000,74.1000,73.0000,74.1000,104635,33.8348
2006-01-02,74.1000,74.1000,74.1000,74.1000,0,33.8348
2006-01-03,75.0000,77.5000,74.8000,75.2000,256635,34.3371
2006-01-04,76.7500,77.2000,75.8000,76.8000,120080,35.0676
2006-01-05,76.9000,77.0000,74.4000,74.5000,299920,34.0174
2006-01-06,74.4000,74.5500,73.5000,73.7000,294030,33.6521
2006-01-09,73.9500,74.4000,73.0000,73.8000,229715,33.6978
2006-01-10,74.2000,74.3000,72.9000,74.0000,182215,33.7891
2006-01-11,74.0000,74.2000,73.6000,74.0000,88085,33.7891
2006-01-12,74.0000,74.0000,72.9500,73.1000,131585,33.3782
2006-01-13,73.0500,73.0500,72.2000,72.5000,129700,33.1042
2006-01-16,73.3500,73.3500,71.6500,72.0000,170915,32.8759
2006-01-17,72.1000,72.1000,70.8000,71.0000,328375,32.4193
2006-01-18,70.8000,71.6000,69.0000,71.1500,389915,32.4878
2006-01-19,71.8000,73.6000,71.7500,72.2000,127180,32.9672
2006-01-20,72.6000,73.9000,72.0000,72.4000,106590,33.0586
2006-01-23,71.6000,72.9000,70.4000,72.9000,147955,33.2869
2006-01-24,73.3000,73.8000,72.4000,73.0000,114815,33.3325
2006-01-25,73.0000,73.1000,71.7500,72.3500,155660,33.0357
2006-01-26,72.4000,73.2000,72.3500,72.4500,151335,33.0814
2006-01-27,72.9500,72.9500,72.2000,72.6000,218815,33.1499
2006-01-30,72.9000,74.2000,72.4500,72.4500,307045,33.0814
2006-01-31,72.6500,72.9000,70.6000,71.7500,188850,32.7618
2006-02-01,71.0500,72.8000,71.0500,71.6500,140420,32.7161
2006-02-02,72.0000,74.0000,71.6500,73.7500,114590,33.6750
2006-02-03,74.4000,74.4000,73.0000,74.0000,83860,33.7891
2006-02-06,73.0000,74.0000,71.6500,72.5000,95865,33.1042
2006-02-07,73.4000,73.4000,71.6000,72.2000,93455,32.9672
2006-02-08,71.6500,71.7000,70.4000,71.0000,332085,32.4193
2006-02-09,71.6000,72.4500,71.4000,72.4500,201605,33.0814
2006-02-10,72.6000,72.6000,71.1000,72.0000,63475,32.8759
2006-02-13,71.6000,71.8000,70.5000,71.2500,252410,32.5335
2006-02-14,71.8000,72.5000,71.3000,71.6500,142545,32.7161
2006-02-15,71.6500,72.6000,71.4000,72.6000,157740,33.1499
2006-02-16,72.6000,74.4000,72.2500,74.4000,178685,33.9718
2006-02-17,74.4000,75.5500,73.3000,75.1000,258480,34.2914
2006-02-20,75.4000,75.6500,74.5000,74.6000,94050,34.0631
2006-02-21,75.0000,76.2000,75.0000,76.0000,246340,34.7024
2006-02-22,76.2000,79.2000,75.9000,78.9500,427680,36.0494
2006-02-23,79.8000,81.0000,78.5500,78.6000,279230,35.8895
2006-02-24,79.1000,79.3500,77.8000,78.7000,106775,35.9352
2006-02-27,79.4000,79.4000,77.9500,79.0000,82285,36.0722
2006-02-28,79.0000,79.6000,78.4000,79.2000,188780,36.1635
2006-03-01,79.3000,79.3000,78.6000,78.8500,172655,36.0037
2006-03-02,79.0500,79.8000,79.0000,79.4000,122835,36.2548
2006-03-03,79.8000,81.0000,79.5500,80.6000,188130,36.8028
2006-03-06,80.4000,80.6000,80.2000,80.6000,94075,36.8028
2006-03-07,80.4000,80.5500,78.7000,80.0000,226455,36.5288
2006-03-08,80.0000,80.0000,76.3000,78.8000,161820,35.9809
2006-03-09,78.9000,80.7500,78.9000,79.4000,154355,36.2548
2006-03-10,79.4500,80.4000,79.4000,80.0000,227850,36.5288
2006-03-13,79.0000,80.5500,78.4000,79.2000,314630,36.1635
2006-03-14,79.9500,80.5000,78.6000,79.0000,218185,36.0722
2006-03-15,79.8000,80.0000,78.0000,78.0500,196430,35.6384
2006-03-16,78.5500,78.9000,77.2000,77.2000,133120,35.2503
2006-03-17,77.6000,79.2000,77.6000,79.0000,157120,36.0722
2006-03-20,79.0000,79.4000,77.2000,77.2000,106240,35.2503
2006-03-21,77.4000,77.7000,76.8000,76.8000,147565,35.0676
2006-03-22,77.8500,77.8500,76.8000,77.4000,160325,35.3416
2006-03-23,77.4000,79.0000,77.1000,79.0000,139510,36.0722
2006-03-24,78.5500,80.6000,78.0000,80.4000,270210,36.7114
2006-03-27,80.2000,80.6000,79.8000,80.6000,189715,36.8028
2006-03-28,80.8000,82.4000,80.0000,81.8000,316340,37.3507
2006-03-29,82.0000,82.0000,80.6000,81.7000,139355,37.3050
2006-03-30,81.6000,82.4000,81.6000,82.2000,162855,37.5333
2006-03-31,82.4000,84.5000,82.0000,84.5000,359545,38.5835
2006-04-03,84.9000,85.8000,83.7500,84.2000,206710,38.4466
2006-04-04,84.2000,84.2000,83.5000,83.6000,122500,38.1726
2006-04-05,83.5000,83.7500,81.8000,82.5000,150280,37.6703
2006-04-06,82.9500,82.9500,81.9000,82.0500,242380,37.4648
2006-04-07,82.8000,82.8500,81.9000,82.0000,71300,37.4420
2006-04-10,82.0000,83.6000,82.0000,82.6000,99105,37.7160
2006-04-11,83.3000,83.3000,79.4000,80.0000,211795,36.5288
2006-04-12,80.3500,80.8000,79.4500,80.2000,134090,36.6201
2006-04-13,80.5000,80.5000,79.5500,79.8000,111875,36.4375
2006-04-14,79.8000,79.8000,79.8000,79.8000,0,36.4375
2006-04-17,79.8000,79.8000,79.8000,79.8000,0,36.4375
2006-04-18,81.2000,81.2000,79.8000,81.0000,102660,36.9854
2006-04-19,81.0000,84.4000,80.7000,83.4000,224495,38.0813
2006-04-20,83.9500,84.9000,83.4000,84.5000,171140,38.5835
2006-04-21,85.2000,85.6000,84.1000,84.4500,272875,38.5607
2006-04-24,86.6000,89.0000,86.4000,88.4000,322420,40.3643
2006-04-25,89.0000,89.0000,87.5000,87.7500,287715,40.0675
2006-04-26,88.3000,89.0000,87.7000,88.6000,359035,40.4556
2006-04-27,89.0000,89.6000,88.6000,88.6000,193270,40.4556
2006-04-28,89.8000,90.2000,88.8000,89.9500,153875,41.0721
2006-05-01,89.9500,89.9500,89.9500,89.9500,0,41.0721
2006-05-02,91.6000,91.7500,89.0000,89.0000,320305,40.6383
2006-05-03,89.0000,89.5000,88.7000,89.2000,381745,40.7296
2006-05-04,89.6000,94.8000,88.9500,94.5500,319345,43.1725
2006-05-05,94.5500,94.5500,94.5500,94.5500,0,43.1725
2006-05-08,94.8000,99.0000,94.8000,98.0000,141644,47.5115
2006-05-09,97.2500,98.0000,94.0000,96.5500,164706,46.8086
2006-05-10,96.0000,97.0000,89.9000,94.0000,170996,45.5723
2006-05-11,92.8000,97.7500,92.6000,96.0500,177372,46.5662
2006-05-12,95.0000,95.0000,92.5000,93.0000,159431,45.0875
2006-05-15,91.4500,92.5000,86.5000,91.0500,176907,44.1421
2006-05-16,90.8000,91.3000,89.4000,90.5000,110430,43.8754
2006-05-17,90.1500,93.0000,90.0000,90.0000,149266,43.6330
2006-05-18,88.5000,89.8000,87.0000,87.0000,212685,42.1786
2006-05-19,87.0000,87.2000,85.3500,85.3500,179750,41.3787
2006-05-22,86.6000,86.8500,81.0000,82.0000,384685,39.7545
2006-05-23,81.5000,87.5000,81.0000,85.7000,218523,41.5484
2006-05-24,86.5000,89.5000,85.0000,88.9500,273651,43.1240
2006-05-25,88.9500,88.9500,88.9500,88.9500,0,43.1240
2006-05-26,90.1000,92.4000,89.0000,89.9000,174972,43.5846
2006-05-29,90.5000,90.8000,89.4000,90.0000,48965,43.6330
2006-05-30,91.3000,91.3000,87.4500,89.4000,120104,43.3422
2006-05-31,87.8000,90.9500,86.1000,90.9500,177874,44.0936
2006-06-01,90.9500,91.1000,89.6000,91.1000,115409,44.1663
2006-06-02,92.7500,94.9000,92.0000,94.0000,98094,45.5723
2006-06-05,94.0000,94.0000,94.0000,94.0000,0,45.5723
2006-06-06,92.0000,93.0000,89.8500,90.3000,232360,43.7785
2006-06-07,89.9000,90.0000,86.5500,88.0000,233594,42.6634
2006-06-08,86.0000,86.2000,82.1000,85.1500,323615,41.2817
2006-06-09,85.7000,87.2000,84.0000,85.0500,170903,41.2332
2006-06-12,85.4000,85.4000,84.2000,84.5000,79298,40.9666
2006-06-13,82.5000,83.7500,78.1000,80.0000,230189,38.7849
2006-06-14,80.0000,83.9500,78.0500,83.9500,183522,40.6999
2006-06-15,84.0000,86.3000,83.9500,85.5000,220840,41.4514
2006-06-16,87.0000,89.0000,85.8000,89.0000,237965,43.1482
2006-06-19,87.5000,88.5000,84.6000,86.0000,109503,41.6938
2006-06-20,85.3500,86.5500,84.0000,85.0000,90077,41.2090
2006-06-21,84.5000,86.0000,83.0000,84.3000,144856,40.8696
2006-06-22,85.5000,86.6500,84.1000,84.1000,128340,40.7727
2006-06-23,85.0000,86.6500,82.9500,84.4500,126645,40.9423
2006-06-26,84.7000,87.6000,84.7000,87.6000,69456,42.4695
2006-06-27,88.0000,88.0000,85.2000,88.0000,194937,42.6634
2006-06-28,86.6000,87.0000,85.0000,85.0000,123931,41.2090
2006-06-29,86.9000,87.9500,84.5000,87.2500,88721,42.2998
2006-06-30,89.0000,90.8000,87.9000,89.0000,203260,43.1482
2006-07-03,88.9000,90.0000,87.2500,89.9500,92098,43.6088
2006-07-04,90.0000,90.0000,88.4500,89.5000,65089,43.3906
2006-07-05,89.0000,89.6500,85.7500,86.7500,60983,42.0574
2006-07-06,85.8500,88.0000,85.8500,88.0000,67154,42.6634
2006-07-07,87.9500,89.0000,86.0000,86.2000,61259,41.7908
2006-07-10,85.7500,89.1000,85.7500,88.6000,51620,42.9543
2006-07-11,88.1000,88.9000,86.7500,86.7500,48336,42.0574
2006-07-12,86.7500,88.0000,85.9500,85.9500,40313,41.6695
2006-07-13,85.2500,86.0000,83.0000,83.5000,92091,40.4818
2006-07-14,82.0000,83.7000,79.0000,81.9000,163478,39.7061
2006-07-17,81.2000,82.9500,79.5000,80.2500,102904,38.9061
2006-07-18,80.2500,80.4500,77.5000,78.0000,163679,37.8153
2006-07-19,78.6000,81.9500,78.6000,81.5500,150835,39.5364
2006-07-20,83.0000,84.9000,80.5000,82.7500,260576,40.1182
2006-07-21,82.7500,83.0000,81.2500,81.8000,199465,39.6576
2006-07-24,81.5500,81.5500,75.5500,79.5000,427144,38.5425
2006-07-25,81.0000,81.0500,77.0000,77.0000,435828,37.3305
2006-07-26,77.9000,79.0000,76.5000,77.6000,264842,37.6214
2006-07-27,78.7000,80.8000,77.6000,80.2000,173263,38.8819
2006-07-28,80.4000,81.2500,79.8000,80.3500,81065,38.9546
2006-07-31,80.5000,82.3000,80.5000,82.0000,115341,39.7545
2006-08-01,82.0000,82.0000,82.0000,82.0000,0,39.7545
2006-08-02,82.0000,82.0000,79.6500,80.5000,200003,39.0273
2006-08-03,80.6500,81.4000,79.2500,79.2500,112619,38.4213
2006-08-04,80.4000,82.5500,79.7500,82.5500,131371,40.0212
2006-08-07,82.7000,82.7000,81.3000,82.0500,118551,39.7788
2006-08-08,82.0000,82.8000,81.2000,81.2500,63830,39.3909
2006-08-09,81.9000,82.5000,81.2500,81.7500,51090,39.6333
2006-08-10,81.5000,81.5000,79.9500,80.1000,72669,38.8334
2006-08-11,81.4000,82.7000,80.9500,82.0000,93868,39.7545
2006-08-14,82.9000,83.5500,81.3500,83.0000,69486,40.2394
2006-08-15,83.1000,84.4000,82.5000,84.0000,103142,40.7242
2006-08-16,84.5000,84.6000,83.8500,84.5500,135069,40.9908
2006-08-17,84.7000,85.0000,84.0000,84.0500,97027,40.7484
2006-08-18,84.0000,85.6500,82.4000,85.0000,83971,41.2090
2006-08-21,85.0500,85.9000,84.0000,85.0000,80768,41.2090
2006-08-22,85.0500,86.4500,85.0500,86.0000,88133,41.6938
2006-08-23,86.1000,86.1000,83.1000,84.8500,48494,41.1363
2006-08-24,84.5500,85.2500,84.0000,84.7000,38228,41.0635
2006-08-25,84.9000,85.0000,84.1000,84.5500,107882,40.9908
2006-08-28,84.6000,84.7000,83.5000,84.3000,77842,40.8696
2006-08-29,84.0000,85.7500,83.9000,85.3000,169062,41.3544
2006-08-30,85.5500,86.0000,85.0000,85.4500,157128,41.4271
2006-08-31,86.0000,86.5500,85.5000,86.5500,158247,41.9604
2006-09-01,86.9500,87.9000,85.0000,87.5000,236797,42.4210
2006-09-04,87.7000,88.9000,87.4500,88.9000,160721,43.0998
2006-09-05,88.1500,89.9500,88.1000,89.5000,208455,43.3906
2006-09-06,89.7000,90.0000,88.2000,88.5500,205283,42.9301
2006-09-07,87.7500,88.6500,87.3000,87.8500,114425,42.5907
2006-09-08,86.9500,87.7500,85.5000,87.0000,157477,42.1786
2006-09-11,86.5000,86.5500,84.0000,85.1500,76078,41.2817
2006-09-12,84.9500,85.7500,84.9000,85.2000,94549,41.3059
2006-09-13,85.0000,87.3500,85.0000,87.0000,172837,42.1786
2006-09-14,86.8000,87.4500,86.2500,87.2000,95107,42.2756
2006-09-15,85.8000,86.9000,85.0000,86.0000,137587,41.6938
2006-09-18,86.0000,86.7500,85.2000,86.5000,76884,41.9362
2006-09-19,86.8500,87.0000,86.1000,86.7500,49683,42.0574
2006-09-20,87.0000,87.0000,85.8000,86.5000,44966,41.9362
2006-09-21,86.5000,87.9000,85.7500,87.9000,89695,42.6149
2006-09-22,88.0000,88.0000,84.9000,85.0000,131617,41.2090
2006-09-25,85.2000,85.3000,83.9000,83.9000,69751,40.6757
2006-09-26,83.9500,84.7500,83.7000,84.0000,166433,40.7242
2006-09-27,84.7000,85.4000,84.1500,85.4000,95372,41.4029
2006-09-28,85.7000,87.7000,85.1000,87.5500,169989,42.4453
2006-09-29,87.6000,87.6000,86.2500,86.5000,137413,41.9362
2006-10-02,86.5000,86.9500,85.8500,86.2000,51538,41.7908
2006-10-03,85.7500,86.5000,84.1000,86.4000,86823,41.8877
2006-10-04,85.7500,87.2000,85.7500,86.8500,45288,42.1059
2006-10-05,86.9500,87.4500,85.2000,85.8500,98922,41.6211
2006-10-06,85.8500,86.1000,84.2000,84.9000,95719,41.1605
2006-10-09,84.8000,84.8000,83.5500,83.9000,74382,40.6757
2006-10-10,83.7500,86.3000,83.0000,86.0000,148745,41.6938
2006-10-11,85.9000,87.9000,85.3500,87.8000,127899,42.5665
2006-10-12,87.9500,88.8500,87.2000,88.8500,102476,43.0755
2006-10-13,89.0000,89.3500,87.5000,88.8000,87111,43.0513
2006-10-16,89.5000,89.8500,87.5500,89.8500,154860,43.5603
2006-10-17,89.0000,89.5000,88.1000,88.7000,72284,43.0028
2006-10-18,88.2500,89.5000,87.5500,89.0000,98351,43.1482
2006-10-19,89.0000,90.4500,88.6000,90.2500,152144,43.7542
2006-10-20,90.7000,92.0000,90.4500,91.1000,233473,44.1663
2006-10-23,89.0000,89.0000,87.4500,88.3500,337373,42.8331
2006-10-24,88.2000,88.2000,87.0000,87.2000,186795,42.2756
2006-10-25,87.3500,88.4000,86.4000,87.7000,209497,42.5180
2006-10-26,87.2000,88.2000,87.0000,87.4500,158970,42.3968
2006-10-27,87.7000,88.2000,86.3000,87.0000,115109,42.1786
2006-10-30,86.8500,86.8500,85.1500,85.2500,218694,41.3302
2006-10-31,86.0000,86.8000,85.0000,85.5000,139528,41.4514
2006-11-01,85.0000,85.9000,84.6000,84.9500,137936,41.1847
2006-11-02,85.5000,85.5000,84.0000,84.7500,102360,41.0878
2006-11-03,84.7500,85.6000,84.0500,85.2000,159463,41.3059
2006-11-06,85.1000,87.0500,85.1000,86.3500,131670,41.8635
2006-11-07,86.5000,86.6500,86.0000,86.0000,117947,41.6938
2006-11-08,85.8000,86.3500,85.5000,85.5000,104366,41.4514
2006-11-09,85.2500,86.7500,85.2500,85.8500,189672,41.6211
2006-11-10,85.3000,86.3500,85.3000,86.0500,125548,41.7180
2006-11-13,86.9000,86.9000,85.5000,86.4000,132482,41.8877
2006-11-14,86.0000,87.8000,86.0000,87.8000,136954,42.5665
2006-11-15,87.5000,89.9000,87.5000,88.7500,270348,43.0270
2006-11-16,88.5000,88.9500,88.1500,88.8000,100394,43.0513
2006-11-17,89.4000,89.5000,88.0000,89.2000,118377,43.2452
2006-11-20,89.5000,89.5000,87.2000,87.7500,168639,42.5422
2006-11-21,87.7500,88.3000,86.1000,86.6500,190949,42.0089
2006-11-22,86.3500,87.0000,85.9000,86.2500,258445,41.8150
2006-11-23,86.9000,87.0500,86.3000,86.6000,53015,41.9847
2006-11-24,86.5500,86.9000,85.0000,85.4500,249209,41.4271
2006-11-27,85.6000,85.6000,84.0500,84.5500,270597,40.9908
2006-11-28,84.1500,85.4500,84.1500,84.7500,229041,41.0878
2006-11-29,85.0000,86.9000,84.9500,86.5500,134150,41.9604
2006-11-30,86.6000,87.3000,84.5000,86.7000,147328,42.0332
2006-12-01,86.1000,87.1000,85.2500,85.7500,139718,41.5726
2006-12-04,85.9500,86.3000,85.0000,86.0000,161277,41.6938
2006-12-05,86.2500,86.7500,85.4000,86.5500,166037,41.9604
2006-12-06,86.9000,88.4500,86.1500,88.3000,239157,42.8089
2006-12-07,88.5000,90.3000,88.4000,90.0000,487238,43.6330
2006-12-08,90.0000,90.0000,88.2500,88.8000,179831,43.0513
2006-12-11,90.0000,90.0000,88.1000,88.5500,317888,42.9301
2006-12-12,88.3000,88.5000,87.7000,87.7500,88002,42.5422
2006-12-13,87.7500,88.4500,87.0000,88.0000,52954,42.6634
2006-12-14,88.7000,88.7000,87.6000,88.5500,67062,42.9301
2006-12-15,88.7500,89.0000,87.0000,87.8000,107988,42.5665
2006-12-18,88.0000,89.3000,88.0000,89.0000,199074,43.1482
2006-12-19,89.2500,89.2500,88.0000,88.5000,115168,42.9058
2006-12-20,88.6000,89.2000,88.0000,88.9000,99593,43.0998
2006-12-21,88.2500,88.5000,87.2000,87.8000,124938,42.5665
2006-12-22,87.7500,88.1500,87.5500,88.0000,88165,42.6634
2006-12-27,88.2000,89.0000,87.8500,89.0000,53993,43.1482
2006-12-28,89.3500,89.3500,88.4000,88.5000,50301,42.9058
2006-12-29,88.5500,89.3000,88.5500,88.6500,32775,42.9785
2007-01-03,89.0000,91.7000,89.0000,91.0000,219500,44.1179
2007-01-04,90.1000,93.6000,90.1000,92.9000,282439,45.0390
2007-01-05,92.9000,96.5000,92.8000,95.1500,345082,46.1298
2007-01-08,95.4000,95.9000,94.8000,95.2000,224755,46.1541
2007-01-09,96.0000,98.0000,95.8000,98.0000,295936,47.5115
2007-01-10,98.0000,98.0000,95.9500,97.3000,262903,47.1722
2007-01-11,97.9000,97.9000,93.0000,93.4000,430011,45.2814
2007-01-12,94.7500,96.4000,93.5000,94.1500,154628,45.6450
2007-01-15,94.5000,95.3000,93.2000,94.2000,291639,45.6692
2007-01-16,94.3000,95.3000,94.3000,95.2000,263698,46.1541
2007-01-17,95.5000,96.8000,95.0000,96.8000,124448,46.9298
2007-01-18,96.3000,98.8000,96.3000,97.7500,339658,47.3903
2007-01-19,97.9000,97.9000,96.9000,97.2000,93894,47.1237
2007-01-22,97.1500,99.3500,97.1500,97.5000,197638,47.2691
2007-01-23,97.8000,97.8000,96.3000,96.7500,67982,46.9055
2007-01-24,96.2000,97.3500,96.0500,96.1000,223896,46.5904
2007-01-25,96.1500,97.1000,96.1000,97.0000,181961,47.0267
2007-01-26,96.0500,97.0000,95.1000,95.1000,139928,46.1056
2007-01-29,95.0000,95.0000,95.0000,95.0000,104259,46.0571
2007-01-30,95.0000,95.8500,94.5500,95.5500,104837,46.3238
2007-01-31,95.6000,96.1000,94.8500,96.0000,141807,46.5419
2007-02-01,96.2000,97.0500,95.6500,97.0500,165630,47.0510
2007-02-02,97.2000,99.4000,97.0500,99.4000,188634,48.1903
2007-02-05,99.4000,100.5000,98.5000,100.0000,220509,48.4811
2007-02-06,100.0000,100.5000,97.6000,99.9000,142723,48.4327
2007-02-07,99.9000,102.0000,98.4500,101.5000,254316,49.2084
2007-02-08,102.0000,102.9000,101.0000,102.5000,278801,49.6932
2007-02-09,102.5000,102.7000,101.0000,101.3000,230622,49.1114
2007-02-12,101.8000,101.8000,100.1000,100.2000,72997,48.5781
2007-02-13,100.1000,100.3000,98.6000,98.6000,220937,47.8024
2007-02-14,99.0000,99.0000,97.8500,98.9000,217506,47.9479
2007-02-15,99.0000,100.3000,98.5000,100.3000,142597,48.6266
2007-02-16,100.5000,100.5000,99.0000,99.1000,88170,48.0448
2007-02-19,99.1000,99.9000,97.7500,99.7000,107664,48.3357
2007-02-20,99.1000,99.2500,98.0000,98.0000,112204,47.5115
2007-02-21,97.5500,97.6000,95.9500,97.1000,297695,47.0752
2007-02-22,97.7000,100.9000,97.0500,100.5000,259783,48.7236
2007-02-23,101.0000,101.0000,99.2000,99.5000,143596,48.2387
2007-02-26,99.1500,99.9500,99.0000,99.3500,102235,48.1660
2007-02-27,99.5000,99.5000,94.5500,95.0000,377495,46.0571
2007-02-28,94.0000,95.9000,91.0000,93.0000,511738,45.0875
2007-03-01,94.5000,96.5000,92.3500,92.6000,309936,44.8936
2007-03-02,92.5500,93.9500,91.3000,93.0000,183056,45.0875
2007-03-05,91.5000,91.7000,89.5000,91.0500,373297,44.1421
2007-03-06,92.0000,94.1000,91.1500,93.5500,230001,45.3541
2007-03-07,92.2000,93.9500,91.5000,93.0000,162500,45.0875
2007-03-08,93.0000,94.8500,92.7500,94.8500,306128,45.9844
2007-03-09,95.0000,95.3500,93.5500,94.8000,174396,45.9601
2007-03-12,94.7000,94.7000,93.2500,93.7500,189310,45.4511
2007-03-13,94.5000,95.8000,93.7500,94.8000,177173,45.9601
2007-03-14,93.5000,94.2500,93.0000,94.0000,363327,45.5723
2007-03-15,94.5000,95.9500,94.5000,95.4000,276042,46.2510
2007-03-16,94.0000,95.9500,93.5000,94.2000,236410,45.6692
2007-03-19,95.0000,96.6500,94.6500,96.3000,151794,46.6873
2007-03-20,95.8000,97.0000,95.7500,97.0000,134468,47.0267
2007-03-21,97.0000,98.0000,96.7000,97.5000,144193,47.2691
2007-03-22,98.0000,99.2500,97.9500,98.8000,239735,47.8994
2007-03-23,98.9000,100.0000,98.5000,99.5000,138816,48.2387
2007-03-26,99.2500,100.5000,99.0500,99.9500,133470,48.4569
2007-03-27,100.0000,100.5000,98.5000,99.0000,150950,47.9963
2007-03-28,99.0000,99.0500,98.3000,99.0000,118841,47.9963
2007-03-29,98.8000,99.8000,98.7000,99.6500,112093,48.3115
2007-03-30,99.4000,100.0000,99.4000,99.9500,144958,48.4569
2007-04-02,100.5000,102.9000,100.0000,102.6000,356701,49.7417
2007-04-03,102.0000,103.2000,102.0000,102.7000,237757,49.7901
2007-04-04,103.0000,103.4000,102.7000,103.2000,92049,50.0326
2007-04-05,103.2000,103.9000,102.9000,103.7000,110668,50.2750
2007-04-10,103.7000,104.5000,103.2000,103.5000,107943,50.1780
2007-04-11,104.5000,105.0000,104.0000,105.0000,124917,50.9052
2007-04-12,105.0000,105.0000,102.8000,103.9000,115567,50.3719
2007-04-13,104.5000,105.5000,103.7000,105.5000,50762,51.1476
2007-04-16,105.4000,105.9000,104.3000,104.6000,122356,50.7113
2007-04-17,105.0000,106.0000,104.0000,105.1000,151175,50.9537
2007-04-18,104.4000,106.3000,104.2000,106.3000,166124,51.5355
2007-04-19,106.0000,106.0000,103.7000,105.1000,111142,50.9537
2007-04-20,105.0000,106.9000,104.5000,106.9000,187886,51.8264
2007-04-23,107.0000,109.5000,106.9000,107.5000,322347,52.1173
2007-04-24,107.5000,108.1000,106.1000,106.7000,174864,51.7294
2007-04-25,107.4000,109.9000,106.9000,109.4000,260060,53.0384
2007-04-26,109.9000,113.3000,109.4000,112.4000,331769,54.4928
2007-04-27,113.3000,113.9000,109.0000,109.3000,237507,52.9899
2007-04-30,109.8000,113.5000,109.7000,110.9000,274865,53.7656
2007-05-02,111.7000,113.7000,111.0000,113.1000,182175,54.8322
2007-05-03,113.5000,113.8000,111.1000,112.8000,190582,54.6867
2007-05-04,112.8000,113.0000,110.2000,111.5000,129244,54.0565
2007-05-07,112.5000,113.0000,112.0000,112.5000,75936,54.5413
2007-05-08,113.0000,113.5000,111.1000,111.3000,133697,53.9595
2007-05-09,112.5000,114.2000,112.1000,114.2000,159584,55.3655
2007-05-10,112.7000,115.0000,112.7000,114.5000,277982,56.2497
2007-05-11,113.6000,113.8000,111.3000,112.3000,162203,55.1690
2007-05-14,112.0000,113.6000,111.9000,112.8000,73743,55.4146
2007-05-15,113.0000,113.6000,112.1000,112.8000,78387,55.4146
2007-05-16,112.6000,112.7000,111.2000,112.3000,102861,55.1690
2007-05-18,112.0000,114.4000,112.0000,113.2000,185308,55.6111
2007-05-21,114.2000,114.5000,112.2000,112.4000,148349,55.2181
2007-05-22,112.4000,113.8000,112.0000,113.7000,132071,55.8568
2007-05-23,113.8000,115.0000,113.5000,114.3000,181980,56.1515
2007-05-24,114.4000,116.6000,113.7000,115.7000,219188,56.8393
2007-05-25,115.5000,115.5000,112.5000,113.1000,107965,55.5620
2007-05-29,113.1000,113.7000,112.2000,112.2000,101853,55.1198
2007-05-30,112.5000,112.5000,111.1000,111.9000,110796,54.9725
2007-05-31,111.9000,113.9000,111.9000,112.5000,121642,55.2672
2007-06-01,112.1000,113.4000,112.1000,113.1000,89440,55.5620
2007-06-04,113.2000,114.6000,112.6000,114.2000,96240,56.1024
2007-06-05,114.5000,114.7000,112.9000,113.0000,114514,55.5129
2007-06-06,113.0000,114.5000,111.2000,112.2000,161602,55.1198
2007-06-07,113.8000,113.8000,112.1000,112.4000,120255,55.2181
2007-06-08,111.9000,111.9000,109.4000,109.4000,253391,53.7443
2007-06-11,109.9000,113.7000,109.9000,113.7000,179667,55.8568
2007-06-12,113.1000,114.0000,111.5000,112.7000,81538,55.3655
2007-06-13,112.6000,113.0000,111.1000,111.3000,146563,54.6777
2007-06-14,113.2000,114.5000,112.6000,113.1000,230179,55.5620
2007-06-15,114.8000,114.9000,113.5000,114.2000,122156,56.1024
2007-06-18,113.9000,115.6000,113.8000,114.8000,125282,56.3971
2007-06-19,114.4000,115.2000,113.3000,114.9000,77313,56.4463
2007-06-20,115.3000,117.4000,114.7000,115.5000,235432,56.7410
2007-06-21,115.2000,116.6000,113.3000,114.1000,85302,56.0533
2007-06-22,115.5000,115.5000,113.6000,113.9000,89064,55.9550
2007-06-25,113.5000,114.6000,112.2000,113.9000,124689,55.9550
2007-06-26,112.9000,114.2000,112.2000,112.3000,119483,55.1690
2007-06-27,112.0000,112.9000,111.3000,112.0000,143708,55.0216
2007-06-28,113.0000,113.7000,112.0000,112.4000,130180,55.2181
2007-06-29,112.7000,113.3000,111.2000,112.8000,144792,55.4146
2007-07-02,112.9000,115.2000,111.8000,114.0000,123550,56.0041
2007-07-03,114.9000,115.0000,112.9000,113.5000,102850,55.7585
2007-07-04,112.9000,114.9000,112.9000,114.9000,77689,56.4463
2007-07-05,115.0000,116.3000,115.0000,116.3000,94675,57.1340
2007-07-06,115.6000,116.0000,114.0000,116.0000,75576,56.9866
2007-07-09,115.8000,117.0000,115.5000,117.0000,73531,57.4779
2007-07-10,117.1000,118.9000,116.7000,117.1000,183641,57.5270
2007-07-11,116.3000,118.4000,115.2000,117.9000,149763,57.9201
2007-07-12,118.0000,119.9000,116.1000,119.5000,277495,58.7061
2007-07-13,120.0000,120.0000,117.8000,119.2000,103037,58.5587
2007-07-16,118.9000,120.0000,118.9000,119.8000,58918,58.8535
2007-07-17,119.4000,119.5000,118.0000,118.8000,108132,58.3622
2007-07-18,118.8000,120.4000,118.0000,120.0000,148322,58.9517
2007-07-19,119.7000,123.4000,119.7000,122.6000,275561,60.2290
2007-07-20,122.6000,123.3000,122.0000,122.8000,185602,60.3272
2007-07-23,120.1000,121.9000,119.1000,120.5000,222020,59.1973
2007-07-24,121.5000,123.0000,120.8000,121.7000,346734,59.7869
2007-07-25,121.0000,121.1000,119.2000,120.0000,247905,58.9517
2007-07-26,121.0000,121.0000,116.0000,116.5000,235612,57.2323
2007-07-27,115.5000,115.6000,114.1000,114.6000,228822,56.2989
2007-07-30,114.5000,115.5000,114.0000,114.0000,105852,56.0041
2007-07-31,115.0000,119.0000,114.5000,118.3000,182430,58.1166
2007-08-02,117.8000,118.5000,115.8000,117.6000,229026,57.7727
2007-08-03,117.7000,117.7000,114.0000,115.3000,141766,56.6428
2007-08-06,114.3000,115.5000,113.3000,113.7000,261230,55.8568
2007-08-07,115.0000,115.1000,113.0000,113.2000,147494,55.6111
2007-08-08,114.0000,116.0000,113.7000,115.2000,305225,56.5936
2007-08-09,115.4000,119.0000,114.5000,118.4000,451755,58.1657
2007-08-10,116.2000,117.9000,112.9000,114.0000,296840,56.0041
2007-08-13,114.5000,115.5000,113.7000,115.0000,180979,56.4954
2007-08-14,115.8000,115.8000,113.0000,113.5000,130935,55.7585
2007-08-15,113.1000,113.1000,110.5000,112.0000,339006,55.0216
2007-08-16,110.1000,110.3000,105.6000,106.2000,329117,52.1723
2007-08-17,105.0000,109.0000,104.0000,106.8000,522129,52.4670
2007-08-20,106.0000,108.8000,106.0000,108.3000,151787,53.2039
2007-08-21,108.0000,108.3000,105.8000,107.6000,88131,52.8600
2007-08-22,108.1000,111.0000,107.4000,110.0000,146428,54.0391
2007-08-23,110.1000,111.2000,109.3000,109.3000,158846,53.6952
2007-08-24,108.3000,109.9000,108.3000,109.7000,162632,53.8917
2007-08-27,109.9000,110.3000,109.9000,110.1000,76395,54.0882
2007-08-28,110.8000,110.8000,109.3000,109.9000,208666,53.9900
2007-08-29,108.5000,110.8000,108.1000,110.8000,75179,54.4321
2007-08-30,111.5000,111.5000,109.8000,110.4000,116542,54.2356
2007-08-31,110.5000,113.2000,110.1000,113.2000,228831,55.6111
2007-09-03,112.3000,113.9000,112.3000,113.8000,69917,55.9059
2007-09-04,113.8000,113.8000,110.7000,112.4000,234548,55.2181
2007-09-05,113.5000,113.5000,110.6000,111.8000,116493,54.9233
2007-09-06,111.5000,113.4000,110.9000,111.7000,117860,54.8742
2007-09-07,111.9000,112.2000,109.8000,110.3000,102799,54.1864
2007-09-10,110.9000,110.9000,109.4000,110.5000,173263,54.2847
2007-09-11,110.3000,111.9000,110.1000,111.4000,130335,54.7268
2007-09-12,110.7000,111.7000,109.9000,110.4000,144160,54.2356
2007-09-13,109.8000,111.0000,109.7000,110.9000,118589,54.4812
2007-09-14,110.5000,110.9000,109.4000,109.6000,102334,53.8426
2007-09-17,109.6000,109.6000,107.3000,107.6000,175165,52.8600
2007-09-18,108.0000,110.9000,107.3000,110.9000,276499,54.4812
2007-09-19,111.9000,112.8000,109.2000,111.6000,469771,54.8251
2007-09-20,110.4000,111.6000,106.0000,106.2000,394858,52.1723
2007-09-21,106.5000,108.0000,106.0000,106.0000,418903,52.0740
2007-09-24,107.5000,108.0000,106.5000,107.2000,131382,52.6635
2007-09-25,107.2000,109.0000,107.0000,108.9000,239490,53.4987
2007-09-26,108.8000,110.0000,108.3000,109.3000,161997,53.6952
2007-09-27,110.4000,112.5000,109.5000,111.8000,170225,54.9233
2007-09-28,111.2000,114.6000,111.0000,114.6000,266958,56.2989
2007-10-01,114.9000,119.3000,114.1000,118.7000,386448,58.3131
2007-10-02,119.4000,121.2000,118.9000,120.0000,250253,58.9517
2007-10-03,120.5000,121.9000,120.3000,120.6000,191280,59.2465
2007-10-04,121.0000,121.9000,120.4000,121.4000,123577,59.6395
2007-10-05,121.9000,123.0000,121.0000,122.9000,172928,60.3764
2007-10-08,121.7000,126.8000,121.7000,126.8000,284727,62.2923
2007-10-09,126.0000,128.5000,126.0000,127.9000,251002,62.8327
2007-10-10,128.0000,131.4000,127.3000,130.9000,351738,64.3065
2007-10-11,126.0000,127.5000,123.8000,126.5000,608042,62.1449
2007-10-12,124.9000,125.0000,122.9000,124.1000,480036,60.9659
2007-10-15,122.6000,125.6000,122.6000,124.5000,157091,61.1624
2007-10-16,124.0000,124.8000,122.5000,124.0000,195306,60.9168
2007-10-17,124.5000,126.9000,123.0000,125.0000,232812,61.4080
2007-10-18,125.8000,126.0000,123.4000,124.8000,170372,61.3098
2007-10-19,124.5000,126.0000,123.6000,125.0000,134934,61.4080
2007-10-22,124.5000,124.5000,120.6000,123.8000,308770,60.8185
2007-10-23,123.5000,125.0000,122.0000,122.3000,246557,60.0816
2007-10-24,122.3000,123.0000,122.0000,122.0000,145635,59.9342
2007-10-25,123.4000,123.4000,121.3000,122.0000,162118,59.9342
2007-10-26,122.2000,122.7000,119.1000,119.6000,345775,58.7552
2007-10-29,120.1000,120.9000,119.2000,120.4000,207295,59.1482
2007-10-30,119.6000,120.1000,118.5000,118.7000,201092,58.3131
2007-10-31,119.6000,124.2000,118.5000,124.2000,232422,61.0150
2007-11-01,123.5000,125.0000,120.7000,122.7000,243348,60.2781
2007-11-02,121.6000,122.6000,120.3000,120.3000,109500,59.0991
2007-11-05,120.1000,121.2000,119.9000,119.9000,90741,58.9026
2007-11-06,120.3000,122.0000,119.7000,121.4000,116286,59.6395
2007-11-07,122.2000,122.2000,120.4000,121.6000,163459,59.7377
2007-11-08,120.1000,120.9000,118.6000,119.4000,296268,58.6569
2007-11-09,119.5000,121.2000,118.5000,118.9000,192961,58.4113
2007-11-12,118.9000,119.4000,117.0000,117.1000,209089,57.5270
2007-11-13,117.2000,118.0000,115.6000,117.2000,372629,57.5762
2007-11-14,117.5000,120.5000,115.5000,119.8000,168384,58.8535
2007-11-15,120.1000,120.2000,117.0000,117.8000,144392,57.8709
2007-11-16,117.2000,118.7000,115.7000,116.5000,222641,57.2323
2007-11-19,115.6000,118.2000,112.8000,113.0000,376278,55.5129
2007-11-20,112.8000,113.5000,110.0000,110.0000,438774,54.0391
2007-11-21,110.0000,110.2000,107.5000,107.6000,312374,52.8600
2007-11-22,107.9000,108.9000,107.1000,107.2000,195722,52.6635
2007-11-23,107.0000,109.3000,107.0000,108.0000,186817,53.0565
2007-11-26,108.0000,108.0000,108.0000,108.0000,0,53.0565
2007-11-27,110.5000,110.8000,106.7000,106.9000,164405,52.5162
2007-11-28,107.5000,110.3000,107.0000,110.3000,269175,54.1864
2007-11-29,110.9000,112.8000,110.7000,111.9000,125060,54.9725
2007-11-30,112.9000,116.4000,112.5000,116.4000,235088,57.1832
2007-12-03,115.2000,117.0000,115.0000,116.0000,224511,56.9866
2007-12-04,115.9000,116.0000,111.0000,111.0000,365781,54.5303
2007-12-05,111.0000,114.9000,111.0000,114.3000,220500,56.1515
2007-12-06,114.8000,116.3000,113.6000,115.1000,183322,56.5445
2007-12-07,116.3000,116.3000,115.0000,116.0000,67466,56.9866
2007-12-10,116.5000,116.9000,114.5000,116.6000,151348,57.2814
2007-12-11,116.0000,117.0000,115.4000,117.0000,149959,57.4779
2007-12-12,116.0000,118.0000,115.5000,118.0000,105003,57.9692
2007-12-13,117.9000,118.0000,115.4000,115.4000,143767,56.6919
2007-12-14,116.6000,116.6000,113.8000,115.0000,159957,56.4954
2007-12-17,114.0000,115.0000,110.1000,111.1000,314761,54.5795
2007-12-18,111.1000,111.1000,111.1000,111.1000,0,54.5795
2007-12-19,111.3000,111.3000,109.0000,109.7000,144486,53.8917
2007-12-20,109.0000,109.6000,108.0000,108.0000,256167,53.0565
2007-12-21,109.6000,111.0000,108.0000,108.1000,190850,53.1057
2007-12-24,108.1000,108.1000,108.1000,108.1000,0,53.1057
2007-12-27,109.9000,110.0000,108.5000,109.2000,147862,53.6461
2007-12-28,109.0000,109.3000,107.8000,108.5000,136035,53.3022
2007-12-31,108.5000,108.5000,108.5000,108.5000,0,53.3022
2008-01-03,107.5000,109.0000,106.5000,107.0000,46489,52.5653
2008-01-04,107.9000,108.1000,105.9000,106.8000,369159,52.4670
2008-01-07,105.5000,107.2000,105.5000,106.1000,438353,52.1231
2008-01-08,106.0000,107.3000,105.8000,106.0000,353955,52.0740
2008-01-09,105.5000,105.8000,100.0000,101.0000,674837,49.6177
2008-01-10,101.2000,103.0000,100.7000,101.0000,321164,49.6177
2008-01-11,101.1000,102.5000,97.0500,100.6000,431166,49.4212
2008-01-14,99.2500,100.9000,97.3500,99.5000,355744,48.8808
2008-01-15,99.9000,99.9000,94.6500,95.5000,476891,46.9157
2008-01-16,95.0000,95.3000,93.0000,94.4000,478658,46.3753
2008-01-17,94.5000,98.6500,93.6000,94.9000,499551,46.6210
2008-01-18,93.5500,96.6500,93.0000,93.0000,570259,45.6876
2008-01-21,93.0000,93.4500,89.5000,89.9000,650811,44.1647
2008-01-22,89.0000,96.4500,86.0000,96.4000,595677,47.3579
2008-01-23,97.0000,97.9500,93.0000,94.9500,409601,46.6455
2008-01-24,96.1000,98.7000,96.1000,98.5000,364303,48.3895
2008-01-25,99.0000,102.9000,98.7500,102.0000,457337,50.1090
2008-01-28,100.0000,100.0000,95.8000,96.0000,603998,47.1614
2008-01-29,97.0500,100.0000,96.2000,100.0000,408969,49.1264
2008-01-30,99.1500,100.3000,98.1000,99.6500,260296,48.9545
2008-01-31,100.3000,100.3000,96.6000,98.0000,460709,48.1439
2008-02-01,99.3000,101.9000,98.6500,101.9000,422424,50.0598
2008-02-04,102.0000,106.6000,101.1000,106.4000,501325,52.2705
2008-02-05,104.5000,104.5000,98.0500,98.0500,635571,48.1685
2008-02-06,97.0000,98.5000,96.8500,98.3000,357608,48.2913
2008-02-07,97.2500,97.7000,95.0500,96.1000,317468,47.2105
2008-02-08,95.8000,97.7500,94.1000,96.1000,276945,47.2105
2008-02-11,95.0000,95.9500,94.5500,94.8000,119079,46.5718
2008-02-12,95.6000,97.8500,94.0000,97.0000,271775,47.6526
2008-02-13,95.0000,98.0000,95.0000,97.5000,212773,47.8983
2008-02-14,99.0000,102.9000,97.5000,102.4000,494152,50.3055
2008-02-15,100.9000,101.9000,99.0500,100.3000,264983,49.2738
2008-02-18,101.7000,103.4000,99.0000,103.0000,173814,50.6002
2008-02-19,102.5000,103.3000,99.4000,101.7000,299703,49.9616
2008-02-20,100.2000,100.4000,97.5000,99.9000,420556,49.0773
2008-02-21,100.7000,105.2000,100.3000,104.1000,500753,51.1406
2008-02-22,104.0000,104.0000,101.3000,101.3000,308437,49.7651
2008-02-25,101.3000,103.1000,101.2000,102.5000,237961,50.3546
2008-02-26,102.4000,106.9000,102.2000,105.1000,331276,51.6319
2008-02-27,105.2000,106.5000,102.3000,104.2000,160118,51.1897
2008-02-28,104.0000,105.8000,102.9000,103.6000,194115,50.8950
2008-02-29,103.4000,103.8000,101.0000,101.6000,273174,49.9124
2008-03-03,100.0000,101.7000,99.2000,100.5000,212455,49.3720
2008-03-04,100.9000,101.8000,98.2000,99.0500,183930,48.6597
2008-03-05,98.3000,103.0000,98.3000,102.0000,320407,50.1090
2008-03-06,103.1000,103.5000,100.4000,102.3000,247364,50.2563
2008-03-07,101.5000,102.1000,98.5000,99.1000,251888,48.6843
2008-03-10,97.0000,97.2000,94.0000,96.8000,454687,47.5544
2008-03-11,96.1000,100.7000,96.0000,100.5000,320840,49.3720
2008-03-12,101.0000,103.4000,100.9000,102.6000,404467,50.4037
2008-03-13,100.3000,100.6000,95.2000,97.0000,394556,47.6526
2008-03-14,97.4000,99.1500,94.3000,94.6000,241040,46.4736
2008-03-17,93.8000,93.8000,91.5500,91.7000,291396,45.0489
2008-03-18,93.0000,97.8000,92.6000,96.5000,348981,47.4070
2008-03-19,97.8000,97.8000,93.2000,95.1000,206167,46.7192
2008-03-20,93.1500,95.6000,92.6500,94.8500,315148,46.5964
2008-03-25,94.5000,97.8000,94.5000,97.2000,223194,47.7509
2008-03-26,94.7000,97.1000,94.7000,96.8500,199720,47.5789
2008-03-27,97.4000,99.0000,96.7500,98.4000,174618,48.3404
2008-03-28,98.0000,100.0000,97.7500,99.5000,179545,48.8808
2008-03-31,99.8000,100.9000,98.1500,99.3500,213520,48.8071
2008-04-01,98.4000,101.7000,98.4000,101.1000,186796,49.6668
2008-04-02,100.0000,102.5000,99.9000,101.9000,186932,50.0598
2008-04-03,101.9000,102.2000,100.7000,101.4000,74981,49.8142
2008-04-04,101.1000,102.6000,100.4000,100.9000,110606,49.5686
2008-04-07,100.9000,103.9000,100.9000,102.7000,141123,50.4528
2008-04-08,101.1000,102.9000,101.1000,102.1000,99959,50.1581
2008-04-09,101.8000,101.9000,99.0000,100.3000,120792,49.2738
2008-04-10,100.8000,101.5000,97.4500,101.0000,204477,49.6177
2008-04-11,100.0000,102.9000,97.8000,99.0000,227010,48.6352
2008-04-14,98.6000,100.3000,98.0000,99.6000,102954,48.9299
2008-04-15,101.8000,102.3000,99.8000,101.5000,126276,49.8633
2008-04-16,102.0000,102.7000,99.0000,102.0000,174162,50.1090
2008-04-17,102.0000,105.6000,101.8000,103.8000,246901,50.9932
2008-04-18,104.4000,108.8000,100.1000,107.0000,481484,52.5653
2008-04-21,108.8000,108.8000,100.0000,104.3000,585643,51.2389
2008-04-22,101.5000,105.4000,101.5000,104.8000,258997,51.4845
2008-04-23,104.2000,105.4000,103.6000,104.5000,193330,51.3371
2008-04-24,105.0000,105.0000,103.4000,104.8000,187970,51.4845
2008-04-25,106.0000,108.7000,105.0000,107.1000,250403,52.6144
2008-04-28,108.1000,109.2000,107.7000,108.0000,234609,53.0565
2008-04-29,108.4000,109.9000,106.3000,109.4000,294424,53.7443
2008-04-30,108.6000,112.3000,108.6000,111.6000,243457,54.8251
2008-05-02,112.0000,114.0000,111.0000,113.1000,340618,55.5620
2008-05-05,111.0000,113.0000,110.1000,112.3000,115327,56.1116
2008-05-06,112.5000,112.5000,110.9000,112.0000,127434,55.9617
2008-05-07,111.6000,114.7000,111.6000,113.8000,234175,56.8611
2008-05-08,112.6000,117.6000,112.6000,117.6000,312145,58.7598
2008-05-09,117.0000,117.9000,116.1000,116.6000,248428,58.2601
2008-05-13,116.7000,117.9000,114.5000,115.1000,310955,57.5106
2008-05-14,114.7000,116.2000,114.3000,114.6000,148307,57.2608
2008-05-15,114.1000,116.0000,114.1000,115.1000,113988,57.5106
2008-05-16,117.7000,118.8000,115.8000,116.7000,330191,58.3101
2008-05-19,117.9000,118.4000,116.3000,117.0000,198069,58.4600
2008-05-20,116.6000,116.6000,113.0000,114.0000,139382,56.9610
2008-05-21,114.1000,115.1000,111.7000,112.3000,202896,56.1116
2008-05-22,112.0000,112.0000,108.0000,111.0000,360993,55.4620
2008-05-23,110.3000,111.7000,109.1000,109.6000,230389,54.7625
2008-05-26,109.2000,109.9000,107.6000,108.1000,174226,54.0130
2008-05-27,109.0000,109.2000,107.3000,108.8000,182509,54.3628
2008-05-28,108.5000,110.5000,108.5000,109.8000,174036,54.8625
2008-05-29,110.2000,110.4000,109.3000,110.0000,195570,54.9624
2008-05-30,109.6000,112.6000,109.6000,111.5000,348052,55.7119
2008-06-02,109.3000,112.6000,109.3000,111.0000,208870,55.4620
2008-06-03,111.0000,112.2000,109.8000,111.1000,190484,55.5120
2008-06-04,110.0000,110.3000,106.3000,109.7000,362350,54.8125
2008-06-05,109.7000,112.0000,108.6000,110.5000,134199,55.2122
2008-06-06,111.8000,111.9000,106.3000,107.2000,185023,53.5633
2008-06-09,107.0000,108.0000,106.1000,106.5000,174401,53.2136
2008-06-10,106.1000,106.7000,103.3000,104.2000,307843,52.0644
2008-06-11,105.3000,107.5000,103.0000,103.6000,193360,51.7646
2008-06-12,104.0000,106.0000,102.0000,105.1000,278516,52.5141
2008-06-13,105.5000,106.1000,104.2000,104.7000,210948,52.3142
2008-06-16,105.6000,108.0000,105.0000,107.0000,177697,53.4634
2008-06-17,107.5000,111.0000,106.9000,109.9000,249757,54.9124
2008-06-18,109.2000,109.8000,105.4000,106.5000,224068,53.2136
2008-06-19,106.6000,106.9000,104.0000,105.2000,318157,52.5640
2008-06-20,104.3000,106.9000,104.0000,104.8000,283031,52.3642
2008-06-23,104.4000,105.5000,104.0000,104.4000,142579,52.1643
2008-06-24,104.0000,105.0000,101.0000,102.9000,214168,51.4148
2008-06-25,102.6000,103.1000,102.3000,102.8000,168636,51.3649
2008-06-26,102.3000,102.7000,97.3000,98.5000,312401,49.2163
2008-06-27,97.0000,98.8500,96.0000,98.5000,326149,49.2163
2008-06-30,97.7000,99.1500,95.1000,97.0500,377862,48.4918
2008-07-01,96.1000,97.0500,93.5500,94.9500,432471,47.4425
2008-07-02,95.2000,95.7500,93.0500,93.6500,270391,46.7930
2008-07-03,93.0000,95.0500,90.1500,94.3500,412968,47.1427
2008-07-04,94.3500,94.7500,93.0500,93.3000,166072,46.6181
2008-07-07,94.7500,95.5000,94.2000,94.5000,221874,47.2177
2008-07-08,93.1000,93.1000,90.2000,90.8500,402509,45.3939
2008-07-09,92.6500,95.7500,92.3000,94.0000,401086,46.9679
2008-07-10,93.4000,93.7000,91.4500,92.5000,206295,46.2184
2008-07-11,91.0000,91.4000,87.0500,88.0000,518554,43.9699
2008-07-14,89.0000,91.2000,89.0000,89.9500,293641,44.9442
2008-07-15,89.0000,89.4000,86.3500,87.8000,338270,43.8700
2008-07-16,87.6000,88.8000,84.0000,87.7000,377154,43.8200
2008-07-17,88.8000,90.9500,88.8000,90.3500,489480,45.1441
2008-07-18,85.0000,90.9000,85.0000,89.9500,275233,44.9442
2008-07-21,90.7500,93.0000,87.3500,91.0500,483091,45.4939
2008-07-22,91.9500,91.9500,87.4000,88.3000,657731,44.1198
2008-07-23,90.7500,92.5000,89.3000,91.7500,482939,45.8436
2008-07-24,93.0000,93.0000,90.1000,90.7500,388711,45.3440
2008-07-25,89.7000,90.9500,88.8500,90.2500,204806,45.0942
2008-07-28,90.2500,90.5000,88.6000,89.2500,333861,44.5945
2008-07-29,88.5000,88.5000,85.6000,86.8500,535896,43.3953
2008-07-30,86.5000,89.1500,85.9000,87.1000,485723,43.5202
2008-07-31,87.1000,89.0500,86.6000,88.0000,357551,43.9699
2008-08-04,86.2000,86.9500,84.5000,84.8000,386828,42.3710
2008-08-05,85.0000,85.0000,81.7000,84.0000,615332,41.9713
2008-08-06,83.5000,86.1500,83.5000,85.8000,342516,42.8707
2008-08-07,85.8000,86.8000,84.2000,85.0000,264600,42.4709
2008-08-08,84.0000,86.2500,82.3500,85.9000,378245,42.9206
2008-08-11,83.9000,87.0000,83.9000,85.5500,238837,42.7458
2008-08-12,85.0000,87.0000,85.0000,85.9500,283097,42.9456
2008-08-13,85.0000,86.0500,84.0000,84.6000,457144,42.2711
2008-08-14,84.7500,85.1500,83.7500,83.9000,345030,41.9213
2008-08-15,83.9000,83.9000,82.4500,82.6500,377963,41.2967
2008-08-18,82.7500,83.0000,82.1500,82.4000,318437,41.1718
2008-08-19,82.1500,82.3500,80.6000,81.2500,189507,40.5972
2008-08-20,80.1500,81.0000,80.0000,80.3000,467732,40.1226
2008-08-21,80.0000,80.7500,79.3500,79.8000,478189,39.8727
2008-08-22,80.0000,82.2500,79.5000,82.0000,305167,40.9720
2008-08-25,82.4000,83.2000,81.5000,82.0000,158005,40.9720
2008-08-26,81.7500,87.2000,81.0000,85.5000,453438,42.7208
2008-08-27,86.2000,86.2000,83.7500,84.9000,440133,42.4210
2008-08-28,84.0000,86.7000,83.8000,86.3000,282328,43.1205
2008-08-29,86.8000,89.7000,85.9500,87.5000,328878,43.7201
2008-09-01,87.0000,88.2500,86.3000,86.8500,155379,43.3953
2008-09-02,86.5000,90.9000,86.5000,90.5000,451237,45.2191
2008-09-03,89.3000,89.4500,88.6000,88.9000,307936,44.4196
2008-09-04,84.1000,89.0000,84.1000,85.0500,507734,42.4959
2008-09-05,84.1000,84.8000,83.2500,83.3000,294092,41.6215
2008-09-08,85.0000,87.7000,85.0000,86.5000,237364,43.2204
2008-09-09,86.5000,87.6500,85.1500,86.1500,318180,43.0456
2008-09-10,85.5000,87.2500,84.6000,85.3000,261914,42.6208
2008-09-11,84.8500,85.8000,83.4000,84.2500,206080,42.0962
2008-09-12,84.5500,84.8000,83.1000,84.1000,183347,42.0212
2008-09-15,81.3000,82.5500,80.1000,81.5000,465709,40.7221
2008-09-16,81.0000,82.5000,80.1500,81.3500,610802,40.6472
2008-09-17,83.0000,83.0000,80.3500,80.5000,439881,40.2225
2008-09-18,79.8000,81.1500,78.2500,79.0000,482632,39.4730
2008-09-19,82.5000,89.1500,82.2500,84.4500,1009309,42.1961
2008-09-22,85.3000,85.8000,82.9500,83.7000,226998,41.8214
2008-09-23,82.5000,83.5000,79.0000,80.1000,536440,40.0226
2008-09-24,81.2500,81.3000,78.3500,78.8500,444611,39.3980
2008-09-25,79.0000,80.7500,78.8000,79.3500,421366,39.6479
2008-09-26,78.5000,78.5500,76.0500,76.9500,399631,38.4487
2008-09-29,76.8000,77.8500,70.0500,72.8500,621667,36.4001
2008-09-30,68.0000,73.6500,68.0000,73.6500,432937,36.7998
2008-10-01,73.7500,79.3000,73.2500,74.5000,500692,37.2245
2008-10-02,74.4000,76.7500,73.5000,74.1500,518771,37.0497
2008-10-03,73.6500,79.0000,72.6000,77.2000,571671,38.5736
2008-10-06,75.1500,75.9000,71.2000,72.5000,449942,36.2252
2008-10-07,74.0000,74.0000,70.1000,72.1500,272865,36.0503
2008-10-08,68.1000,71.9500,65.5500,68.0500,507621,34.0017
2008-10-09,69.6000,70.4500,64.0000,66.1000,428882,33.0274
2008-10-10,60.0000,67.5500,60.0000,61.7000,937678,30.8289
2008-10-13,66.5000,68.4500,62.2000,68.3000,428187,34.1267
2008-10-14,70.8000,72.4500,68.4000,70.5000,453962,35.2259
2008-10-15,70.5000,71.2500,64.3500,65.9000,722579,32.9275
2008-10-16,60.1000,66.5000,60.1000,63.3500,507653,31.6533
2008-10-17,67.2500,67.2500,61.5500,62.0000,444139,30.9788
2008-10-20,63.9500,65.9500,60.1500,61.9000,768570,30.9288
2008-10-21,63.0000,66.1500,62.1500,65.0000,725639,32.4778
2008-10-22,66.0000,66.0000,62.6500,64.4000,426712,32.1780
2008-10-23,65.0000,65.7000,63.2000,65.0500,527121,32.5028
2008-10-24,63.7000,64.7500,59.7500,61.0000,663358,30.4791
2008-10-27,59.2000,65.7000,57.4000,64.1000,472844,32.0281
2008-10-28,66.0000,66.0000,59.8000,60.9500,380208,30.4542
2008-10-29,64.1000,71.0000,63.4500,69.0000,495709,34.4764
2008-10-30,68.0000,72.2500,67.5500,70.3000,517172,35.1260
2008-10-31,70.9000,70.9000,68.6000,69.8500,234444,34.9011
2008-11-03,69.8500,70.5500,68.1500,70.2000,442799,35.0760
2008-11-04,68.6000,77.8500,68.6000,77.3000,425068,38.6236
2008-11-05,77.4500,77.9500,75.1500,76.1500,333218,38.0490
2008-11-06,73.0000,75.3000,71.1000,72.7000,451928,36.3251
2008-11-07,74.2500,75.8000,73.1500,74.2500,285149,37.0996
2008-11-10,76.2000,78.5000,74.7000,75.5000,264767,37.7242
2008-11-11,74.0000,75.8000,70.5500,70.9500,205054,35.4507
2008-11-12,71.7000,72.2500,65.9000,66.9000,367158,33.4271
2008-11-13,65.8500,66.4000,62.5000,64.5000,384161,32.2280
2008-11-14,66.9500,68.9500,65.7000,67.5000,260535,33.7269
2008-11-17,67.0500,67.4500,64.5000,65.1000,185423,32.5277
2008-11-18,65.4500,66.4500,64.2000,64.5000,204413,32.2280
2008-11-19,65.0000,65.1000,61.6500,61.7500,233136,30.8539
2008-11-20,59.6000,62.1000,57.8000,58.6000,572682,29.2800
2008-11-21,59.5500,62.8000,59.3500,60.9000,361519,30.4292
2008-11-24,61.9500,64.8000,61.6500,64.3000,231259,32.1280
2008-11-25,64.5000,69.0000,63.3000,69.0000,364204,34.4764
2008-11-26,68.3000,69.5000,64.1000,65.7500,293395,32.8525
2008-11-27,66.3500,72.0000,65.5000,69.5000,191626,34.7262
2008-11-28,69.9500,74.5500,69.6500,73.7500,379810,36.8498
2008-12-01,73.7000,73.9000,68.4500,68.5000,173229,34.2266
2008-12-02,67.0500,70.6000,66.8000,68.7000,251778,34.3265
2008-12-03,69.5500,70.0000,67.4500,68.3000,216659,34.1267
2008-12-04,68.6000,71.1000,66.8000,67.5500,270611,33.7519
2008-12-05,67.3500,69.4500,65.8500,67.4000,255818,33.6770
2008-12-08,70.7500,71.4500,69.3000,70.0500,115474,35.0011
2008-12-09,69.0000,71.4500,67.7500,68.9500,285931,34.4514
2008-12-10,69.1000,70.8000,67.0000,69.9500,203822,34.9511
2008-12-11,69.4500,71.3500,68.7000,69.7500,149102,34.8512
2008-12-12,67.2000,67.2000,64.0500,64.5000,294669,33.4260
2008-12-15,65.4500,66.8000,63.9000,64.4500,319245,33.4001
2008-12-16,64.8500,65.4500,63.8500,64.6000,206147,33.4778
2008-12-17,65.5500,67.8000,64.2500,67.6500,387108,35.0584
2008-12-18,67.8500,70.0000,66.5500,68.5000,253436,35.4989
2008-12-19,69.4500,72.0000,68.4000,70.1000,395843,36.3281
2008-12-22,70.0000,70.6000,68.0000,68.2000,107451,35.3435
2008-12-23,69.2000,69.2000,65.4000,65.8500,125959,34.1256
2008-12-24,65.8500,65.8500,65.8500,65.8500,0,34.1256
2008-12-29,66.0500,68.3500,65.8000,67.5500,113038,35.0066
2008-12-30,68.0500,68.2500,67.0000,67.5500,96789,35.0066
2008-12-31,67.5500,67.5500,67.5500,67.5500,0,35.0066
2009-01-05,69.0500,73.3500,68.7000,73.0000,254038,37.8310
2009-01-06,73.8000,78.6500,72.3000,76.2000,325617,39.4893
2009-01-07,76.5000,76.5000,71.0500,73.3500,249249,38.0124
2009-01-08,72.3500,72.8500,71.0500,71.0500,117081,36.8204
2009-01-09,71.5500,71.5500,69.0000,69.9000,134905,36.2245
2009-01-12,70.0000,71.5500,69.7000,69.9000,137909,36.2245
2009-01-13,69.9000,69.9000,67.0000,67.0000,197209,34.7216
2009-01-14,68.7000,68.7000,63.5000,64.4500,267919,33.4001
2009-01-15,64.5000,65.8500,62.2000,65.3000,218971,33.8406
2009-01-16,66.9000,69.8500,65.8000,68.4500,180337,35.4730
2009-01-19,69.8000,69.8500,65.5500,66.4000,208765,34.4107
2009-01-20,66.6500,66.6500,65.0000,65.1000,224911,33.7370
2009-01-21,65.2000,66.8000,65.2000,66.4000,334662,34.4107
2009-01-22,68.0000,68.2000,66.9500,67.2000,188727,34.8252
2009-01-23,67.0000,67.8500,64.8500,65.3000,221143,33.8406
2009-01-26,65.0000,66.9500,64.6500,66.4500,232471,34.4366
2009-01-27,67.4000,67.4000,65.3000,65.9000,203963,34.1515
2009-01-28,66.5000,67.6500,65.6500,67.1000,383230,34.7734
2009-01-29,66.7000,67.0000,65.5500,66.5500,191081,34.4884
2009-01-30,66.9000,66.9000,62.7500,64.0000,514058,33.1669
2009-02-02,63.3500,64.3000,62.2500,62.3000,381778,32.2859
2009-02-03,62.5500,63.4500,62.1000,62.1500,282131,32.2082
2009-02-04,62.9500,68.1500,62.6000,67.0500,401548,34.7475
2009-02-05,65.9000,67.9000,65.4000,67.2500,311129,34.8512
2009-02-06,68.0000,70.4500,67.2500,69.5000,421751,36.0172
2009-02-09,70.0000,70.0000,68.7500,69.4500,167038,35.9913
2009-02-10,69.2500,69.2500,67.0000,67.4000,332106,34.9289
2009-02-11,65.9000,66.8000,65.5000,66.3500,233107,34.3847
2009-02-12,66.5000,68.0000,65.9000,66.9500,311645,34.6957
2009-02-13,68.1500,69.8500,67.4000,69.1500,242850,35.8358
2009-02-16,67.9500,68.1000,66.6500,66.9500,110109,34.6957
2009-02-17,66.3500,66.3500,64.3000,64.9000,252742,33.6333
2009-02-18,65.0000,65.5000,61.8000,64.0500,364223,33.1928
2009-02-19,64.2000,64.9500,62.8500,64.6500,252772,33.5038
2009-02-20,62.9500,64.5000,60.9000,62.0000,297915,32.1304
2009-02-23,63.8000,64.0000,60.6500,61.9500,281362,32.1045
2009-02-24,62.0000,62.7000,59.2500,59.9000,597570,31.0421
2009-02-25,61.1000,61.1500,57.5000,58.2000,439570,30.1611
2009-02-26,58.8000,59.8000,57.4500,59.1000,809143,30.6276
2009-02-27,58.4000,59.2500,54.2500,56.5000,719877,29.2801
2009-03-02,55.1500,55.9500,53.8500,54.0000,478112,27.9846
2009-03-03,54.5000,58.5500,53.1500,56.9000,777636,29.4874
2009-03-04,57.7500,63.0000,55.7500,61.2000,764171,31.7158
2009-03-05,61.8500,61.8500,57.2000,57.5000,538017,29.7984
2009-03-06,58.0000,58.0000,55.5000,55.7500,477420,28.8915
2009-03-09,56.1000,57.2500,55.0000,56.1000,440729,29.0729
2009-03-10,56.2500,60.6500,55.9000,59.9000,551491,31.0421
2009-03-11,60.0000,62.6000,59.0500,61.2000,522137,31.7158
2009-03-12,60.5000,62.0500,58.5500,59.5500,385842,30.8608
2009-03-13,61.0000,62.9000,60.3000,61.2000,360974,31.7158
2009-03-16,62.5000,65.6500,62.5000,65.0000,593479,33.6851
2009-03-17,64.8500,64.9500,62.7000,63.8000,198260,33.0632
2009-03-18,64.6000,64.7500,63.4500,64.7500,198604,33.5556
2009-03-19,65.7000,66.6000,64.8000,65.2000,515299,33.7888
2009-03-20,66.2000,66.2000,63.6000,64.3000,300797,33.3224
2009-03-23,64.5000,65.7000,64.3000,64.7500,338765,33.5556
2009-03-24,66.0000,66.0000,62.6500,63.5000,451095,32.9078
2009-03-25,63.5000,64.9500,62.6500,63.7500,278626,33.0373
2009-03-26,62.9500,64.1500,62.8000,64.0000,161055,33.1669
2009-03-27,65.3000,66.3000,64.6000,65.6000,222119,33.9961
2009-03-30,64.8500,66.0000,63.7000,64.0000,177962,33.1669
2009-03-31,64.8000,66.4500,64.8000,66.4500,197748,34.4366
2009-04-01,66.0000,70.0000,65.4000,69.6000,338686,36.0690
2009-04-02,71.5500,76.0000,71.5500,74.0000,762190,38.3492
2009-04-03,74.1500,78.6500,73.5000,75.5500,671812,39.1525
2009-04-06,77.0000,77.0000,71.0500,71.4500,695499,37.0277
2009-04-07,72.5000,72.5000,68.6500,69.3000,283995,35.9135
2009-04-08,68.3500,68.6500,66.7000,67.9000,406792,35.1880
2009-04-09,69.3000,72.1500,68.0000,71.8500,265113,37.2350
2009-04-14,72.2000,73.6500,70.6000,72.4000,444846,37.5201
2009-04-15,72.4500,72.8000,71.0500,72.5000,276962,37.5719
2009-04-16,72.7500,79.8000,72.5500,77.0000,582125,39.9039
2009-04-17,76.3500,81.7000,76.3500,79.9000,656296,41.4068
2009-04-20,81.0000,86.6500,80.3000,81.5500,1228797,42.2619
2009-04-21,80.8000,82.6500,78.8500,81.0000,629028,41.9769
2009-04-22,81.0000,82.4500,80.2000,81.7000,367609,42.3396
2009-04-23,81.5000,82.8000,80.5500,81.0000,277086,41.9769
2009-04-24,81.3500,84.4000,81.1500,84.0000,345123,43.5316
2009-04-27,82.3000,83.7000,80.8000,82.0000,276103,42.4951
2009-04-28,80.5500,82.3500,79.4500,81.0000,244272,41.9769
2009-04-29,82.0000,84.0000,81.1000,82.9000,174236,42.9615
2009-04-30,83.5000,87.7000,83.3000,86.6500,423251,44.9049
2009-05-04,88.9500,88.9500,85.5000,86.9500,197111,45.0603
2009-05-05,88.0000,91.4000,87.0000,89.0000,396034,46.1227
2009-05-06,88.0000,89.4000,87.3500,89.0000,389391,46.1227
2009-05-07,89.0000,89.5500,81.0000,83.6000,690018,43.3243
2009-05-08,83.0000,87.7500,83.0000,87.6000,416349,45.3972
2009-05-11,88.4000,88.4000,83.2000,84.1000,284089,43.5834
2009-05-12,83.0000,84.3500,80.6500,82.3500,466517,42.6765
2009-05-13,83.1000,83.6000,80.0500,80.2000,233691,41.5623
2009-05-14,80.6500,81.9000,78.3000,80.2500,318214,41.5882
2009-05-15,80.8000,82.8500,80.5500,81.9000,284912,42.4433
2009-05-18,80.1500,80.9000,79.0500,80.8000,272867,43.0831
2009-05-19,82.7500,85.4000,82.2000,83.6500,310232,44.6027
2009-05-20,85.0000,86.1000,82.5000,82.7500,277403,44.1229
2009-05-22,84.6000,84.6000,80.6500,81.3000,168963,43.3497
2009-05-25,81.3000,82.6000,80.2000,81.1500,116509,43.2697
2009-05-26,80.3500,81.7500,79.4000,81.5500,257847,43.4830
2009-05-27,82.8000,85.3000,81.6500,84.4500,378398,45.0293
2009-05-28,83.6500,83.9000,81.0500,82.0500,141635,43.7496
2009-05-29,83.4000,83.5000,81.9500,82.9500,203370,44.2295
2009-06-02,83.5000,90.3500,83.4000,87.8500,427532,46.8422
2009-06-03,87.1000,88.5500,86.0000,86.4500,327214,46.0957
2009-06-04,86.5000,90.8000,86.0000,87.1500,395241,46.4690
2009-06-05,88.6000,90.2500,87.4500,88.8000,315873,47.3488
2009-06-08,88.8000,89.2500,86.5500,87.1500,339588,46.4690
2009-06-09,87.7500,89.2500,86.7500,88.0500,206317,46.9489
2009-06-10,88.4500,89.9000,87.3500,87.5500,281581,46.6823
2009-06-11,87.6000,91.0000,87.3500,89.6500,221309,47.8020
2009-06-12,90.0000,91.2500,89.0000,89.9500,171631,47.9620
2009-06-15,89.0000,89.4000,87.1500,87.5000,246020,46.6556
2009-06-16,88.4000,88.5500,86.2500,86.8000,202509,46.2824
2009-06-17,85.7500,88.2000,82.0500,82.4500,336559,43.9629
2009-06-18,83.3000,85.6000,82.5500,84.9500,221463,45.2959
2009-06-19,86.2000,86.2000,84.4000,84.7500,218165,45.1893
2009-06-22,85.2000,85.2500,81.2500,81.9000,205663,43.6697
2009-06-23,81.1500,82.4500,80.4500,82.0500,235391,43.7496
2009-06-24,84.8000,84.8000,82.3000,84.2000,204545,44.8960
2009-06-25,83.6500,84.5000,81.7500,82.0000,354836,43.7230
2009-06-26,83.0000,84.1500,81.8500,82.0000,279988,43.7230
2009-06-29,82.3500,84.4500,82.0000,84.0500,174294,44.8160
2009-06-30,84.6000,85.6000,84.0500,85.1000,280036,45.3759
2009-07-01,85.5500,85.6000,82.9500,83.8500,201623,44.7094
2009-07-02,84.3500,84.6000,82.6500,83.2000,304200,44.3628
2009-07-03,82.0500,83.0000,81.5500,81.8500,105738,43.6430
2009-07-06,81.6000,82.8000,81.5500,81.7500,143429,43.5897
2009-07-07,82.8000,83.0000,81.3000,82.1000,218813,43.7763
2009-07-08,81.0500,82.1500,80.4000,80.5000,253952,42.9232
2009-07-09,81.3000,83.1500,80.8000,81.9000,198026,43.6697
2009-07-10,84.0000,85.8500,82.3500,82.9000,218053,44.2028
2009-07-13,81.8000,82.8500,81.2500,82.5000,199061,43.9896
2009-07-14,82.2500,84.9500,82.2500,84.0500,144162,44.8160
2009-07-15,85.9000,88.2500,84.3000,87.3000,284208,46.5490
2009-07-16,87.6000,87.6000,86.2000,86.7500,247762,46.2557
2009-07-17,85.7000,86.3500,83.6000,85.0500,446786,45.3492
2009-07-20,83.7000,86.5000,83.4500,85.5500,305617,45.6158
2009-07-21,85.0000,87.0000,85.0000,86.0500,279975,45.8825
2009-07-22,87.0000,88.0000,85.7000,87.3500,378796,46.5756
2009-07-23,87.4000,87.9500,86.5500,87.9000,157402,46.8689
2009-07-24,87.3000,87.6500,85.2000,86.2000,277400,45.9624
2009-07-27,87.9500,88.7000,85.5500,87.9500,343239,46.8955
2009-07-28,88.1000,89.3500,86.8500,87.0500,143190,46.4157
2009-07-29,86.3500,87.9000,86.1500,86.3000,106159,46.0158
2009-07-30,87.0000,88.1500,85.9500,88.0000,160802,46.9222
2009-07-31,87.9500,89.6000,87.7000,89.0000,202873,47.4554
2009-08-03,89.5000,89.9000,88.4000,89.1500,142813,47.5354
2009-08-04,89.6000,89.6000,87.8000,88.2000,135313,47.0288
2009-08-05,88.0000,88.9500,86.5500,87.0500,202435,46.4157
2009-08-06,88.0000,89.5500,85.9500,87.2000,266273,46.4956
2009-08-07,88.0000,88.5000,86.2500,88.0000,190292,46.9222
2009-08-10,87.8500,88.0000,86.3500,86.7000,140830,46.2290
2009-08-11,86.9500,87.1000,85.5500,85.8000,127326,45.7491
2009-08-12,85.5500,86.9000,85.3000,86.4500,140501,46.0957
2009-08-13,86.0000,87.5500,85.5000,85.5000,254235,45.5892
2009-08-14,86.0000,86.1000,83.3500,84.3000,258637,44.9493
2009-08-17,83.5000,84.3000,81.5000,83.0000,342309,44.2562
2009-08-18,84.0000,85.2000,83.4000,84.5500,181645,45.0826
2009-08-19,85.2000,85.2000,83.6000,84.3000,178759,44.9493
2009-08-20,85.5500,86.6500,85.2000,86.2000,210249,45.9624
2009-08-21,86.6000,87.1500,86.0500,86.8500,273552,46.3090
2009-08-24,87.0000,87.5500,86.2000,86.8500,247290,46.3090
2009-08-25,86.3500,87.3000,86.0000,87.3000,213734,46.5490
2009-08-26,86.6500,87.0000,86.1000,86.3000,275246,46.0158
2009-08-27,86.5000,86.7500,84.6500,85.6000,153966,45.6425
2009-08-28,86.4000,86.5000,84.7500,85.5000,201121,45.5892
2009-08-31,84.4000,85.6000,84.1000,84.1000,180422,44.8427
2009-09-01,84.2500,84.5000,82.4500,83.1500,232845,44.3361
2009-09-02,83.5000,84.0000,81.5500,83.7000,302870,44.6294
2009-09-03,84.5500,85.5500,82.6000,82.8500,241069,44.1762
2009-09-04,83.3500,83.3500,81.6500,81.8000,209804,43.6163
2009-09-07,82.2500,84.4000,82.1000,83.4500,249094,44.4961
2009-09-08,84.1500,84.6500,83.0500,83.7000,144272,44.6294
2009-09-09,83.5000,86.5000,83.5000,86.3500,287993,46.0424
2009-09-10,86.9500,87.1000,86.1000,86.4000,305768,46.0691
2009-09-11,87.0000,87.5000,86.2000,87.1000,316241,46.4423
2009-09-14,87.1000,88.0000,86.8000,88.0000,265525,46.9222
2009-09-15,88.5000,89.1500,88.3000,88.5000,287527,47.1888
2009-09-16,89.4000,90.5000,89.3000,89.8500,386689,47.9086
2009-09-17,91.0000,92.8500,90.0500,91.4000,347588,48.7351
2009-09-18,90.5000,91.2000,90.3500,90.9500,268771,48.4952
2009-09-21,90.0500,91.2500,90.0000,90.5500,249589,48.2819
2009-09-22,90.0500,91.0500,89.6000,90.1000,232166,48.0419
2009-09-23,89.3000,91.5000,89.3000,90.7500,160993,48.3885
2009-09-24,90.0500,91.7000,89.8000,90.0000,258210,47.9886
2009-09-25,86.6000,88.2500,86.0000,87.1500,290645,46.4690
2009-09-28,86.6500,89.3000,85.8000,88.9000,167715,47.4021
2009-09-29,90.0000,90.0000,88.2000,89.3500,169987,47.6420
2009-09-30,90.0000,90.4500,89.0000,90.0500,182277,48.0153
2009-10-01,90.5000,91.0000,88.4500,88.8000,314076,47.3488
2009-10-02,88.7000,88.7000,87.2500,88.0000,211217,46.9222
2009-10-05,88.3500,89.9000,87.4000,89.5000,263328,47.7220
2009-10-06,90.0500,91.3000,89.3000,91.1000,195403,48.5751
2009-10-07,91.0000,91.8000,90.2500,91.2500,139938,48.6551
2009-10-08,92.5000,95.0500,91.8000,94.4000,321091,50.3347
2009-10-09,94.5000,95.0500,94.0000,95.0500,126884,50.6813
2009-10-12,95.7000,97.2500,95.1000,95.4500,310114,50.8946
2009-10-13,95.2500,95.2500,93.9000,94.1500,257718,50.2014
2009-10-14,93.8500,95.0000,93.5000,94.4500,198762,50.3614
2009-10-15,93.9000,95.3500,93.7500,94.3500,162485,50.3081
2009-10-16,93.3000,95.9000,93.3000,94.5500,263231,50.4147
2009-10-19,95.5000,95.8000,94.8500,95.0000,295283,50.6546
2009-10-20,96.0000,96.6000,95.0000,95.9500,273839,51.1612
2009-10-21,95.9000,95.9000,92.6000,93.6500,276766,49.9348
2009-10-22,93.4000,93.5500,90.9500,91.6500,227432,48.8684
2009-10-23,92.8500,95.0000,91.7000,92.9000,197023,49.5349
2009-10-26,93.0000,94.3000,92.6500,92.7500,188342,49.4549
2009-10-27,92.6000,94.6000,92.0000,93.6500,225289,49.9348
2009-10-28,92.9500,93.0000,89.2000,91.0000,255525,48.5218
2009-10-29,90.5000,92.7000,88.5000,92.6000,250153,49.3750
2009-10-30,93.7500,95.3000,92.3000,93.2000,324151,49.6949
2009-11-02,92.4500,93.1000,90.8500,92.9000,193555,49.5349
2009-11-03,91.8000,93.4000,89.8500,91.2500,212642,48.6551
2009-11-04,93.5000,94.5000,92.8500,94.2500,205861,50.2547
2009-11-05,93.8500,95.3000,92.1500,94.9000,139538,50.6013
2009-11-06,95.5000,96.2000,94.7000,95.8500,176673,51.1079
2009-11-09,96.0000,96.4000,95.0500,96.2500,252208,51.3212
2009-11-10,96.2000,97.2000,94.4500,97.0000,167272,51.7211
2009-11-11,97.0000,98.5500,96.4500,98.3500,139338,52.4409
2009-11-12,98.5500,100.7000,97.7000,99.7500,102173,53.1874
2009-11-13,98.1000,99.3500,98.1000,99.3500,153882,52.9741
2009-11-16,99.5000,101.5000,99.5000,100.2000,286035,53.4273
2009-11-17,98.4500,99.4500,98.2000,98.7000,312453,52.6275
2009-11-18,98.2500,98.9500,97.2000,97.6000,547662,52.0410
2009-11-19,97.1500,98.2000,96.9000,97.1000,257119,51.7744
2009-11-20,97.5000,98.2500,96.7000,97.2000,257128,51.8277
2009-11-23,97.2000,99.0000,97.2000,98.5500,350924,52.5475
2009-11-24,98.5000,99.4000,97.9500,98.9000,304040,52.7342
2009-11-25,99.1500,99.1500,97.6000,98.7000,171219,52.6275
2009-11-26,98.7500,98.8500,97.0500,97.3000,127393,51.8810
2009-11-27,96.2000,97.7000,95.7000,97.4000,136088,51.9344
2009-11-30,97.7500,97.7500,95.7500,97.0000,243265,51.7211
2009-12-01,97.7500,98.7000,97.3500,98.7000,153055,52.6275
2009-12-02,99.1500,101.2000,99.1500,100.0000,239541,53.3207
2009-12-03,100.8000,103.5000,100.7000,102.7000,332155,54.7603
2009-12-04,102.0000,103.2000,100.9000,102.5000,201945,54.6537
2009-12-07,102.4000,102.4000,101.3000,102.0000,109863,54.3871
2009-12-08,102.4000,102.9000,101.0000,101.5000,117287,54.1205
2009-12-09,102.2000,102.2000,99.5500,99.8500,141388,53.2407
2009-12-10,100.2000,100.4000,99.7000,100.0000,228827,53.3207
2009-12-11,100.0000,101.0000,99.8500,99.9500,163252,53.2940
2009-12-14,100.0000,100.6000,99.6500,100.0000,145117,53.3207
2009-12-15,100.0000,100.2000,99.2000,100.0000,132936,53.3207
2009-12-16,99.4500,100.6000,99.3000,100.0000,201844,53.3207
2009-12-17,98.9500,100.9000,98.9500,99.4500,227549,53.0274
2009-12-18,98.8000,99.8000,98.8000,98.9000,172754,52.7342
2009-12-21,98.9500,99.3000,98.2000,99.3000,129971,52.9474
2009-12-22,99.3500,100.2000,98.6500,99.8000,101408,53.2140
2009-12-23,99.8500,100.4000,99.3500,100.0000,118365,53.3207
2009-12-24,100.0000,100.0000,100.0000,100.0000,0,53.3207
2009-12-28,100.0000,100.1000,99.1500,99.8000,46805,53.2140
2009-12-29,99.5000,100.5000,98.3500,100.4000,78346,53.5340
2009-12-30,100.7000,101.2000,100.1000,100.5000,75287,53.5873
2009-12-31,100.5000,100.5000,100.5000,100.5000,0,53.5873
2010-01-04,100.0000,101.2000,99.4500,100.4000,133518,53.5340
2010-01-05,100.5000,103.0000,100.3000,102.9000,225715,54.8670
2010-01-06,102.7000,104.7000,102.3000,104.3000,223335,55.6135
2010-01-07,102.5000,103.7000,102.5000,103.4000,149209,55.1336
2010-01-08,103.8000,104.4000,103.0000,103.8000,128253,55.3469
2010-01-11,103.0000,104.4000,102.1000,103.8000,184313,55.3469
2010-01-12,103.1000,103.8000,100.9000,101.8000,196734,54.2805
2010-01-13,100.0000,100.9000,98.7000,100.0000,316010,53.3207
2010-01-14,102.0000,102.2000,100.5000,101.8000,297401,54.2805
2010-01-15,101.2000,106.3000,101.2000,104.9000,689004,55.9334
2010-01-18,105.0000,106.1000,103.8000,105.4000,271762,56.2000
2010-01-19,105.7000,108.0000,104.6000,107.5000,298507,57.3197
2010-01-20,108.0000,109.0000,106.2000,107.0000,369597,57.0531
2010-01-21,108.0000,108.0000,104.5000,104.8000,293420,55.8801
2010-01-22,103.9000,105.0000,103.1000,104.1000,269106,55.5068
2010-01-25,103.5000,104.6000,102.8000,103.4000,162462,55.1336
2010-01-26,102.9000,104.1000,102.1000,103.9000,188689,55.4002
2010-01-27,103.5000,104.3000,102.2000,102.8000,334984,54.8137
2010-01-28,104.0000,104.5000,103.0000,103.0000,229297,54.9203
2010-01-29,103.2000,104.2000,102.3000,103.1000,194707,54.9736
2010-02-01,102.3000,103.8000,102.0000,102.3000,254203,54.5471
2010-02-02,102.9000,103.0000,101.4000,102.2000,301945,54.4937
2010-02-03,102.8000,102.8000,100.9000,101.9000,289151,54.3338
2010-02-04,101.1000,101.8000,97.2000,97.6000,434552,52.0410
2010-02-05,97.4000,97.7000,92.1000,97.0000,583089,51.7211
2010-02-08,97.9000,97.9000,95.7000,97.2000,229996,51.8277
2010-02-09,96.4000,97.9000,96.4000,96.7000,200813,51.5611
2010-02-10,97.5000,97.5500,95.3500,95.8000,239754,51.0812
2010-02-11,95.6500,97.0000,95.1000,95.7000,258038,51.0279
2010-02-12,95.9000,96.6000,92.4500,93.0500,358231,49.6149
2010-02-15,93.9000,94.4000,93.4000,93.5500,132486,49.8815
2010-02-16,93.9500,95.1000,93.5000,94.7500,219453,50.5213
2010-02-17,96.3000,97.2000,95.5500,96.6500,342691,51.5345
2010-02-18,97.2000,97.2000,96.0000,97.2000,243355,51.8277
2010-02-19,94.4000,96.8500,94.4000,96.8500,188415,51.6411
2010-02-22,97.5500,98.0000,97.1000,97.4000,155552,51.9344
2010-02-23,97.9000,98.7000,97.2500,98.5000,332613,52.5209
2010-02-24,98.3500,99.1000,97.1000,97.7500,331145,52.1210
2010-02-25,96.7500,97.8000,96.0000,96.6500,211351,51.5345
2010-02-26,97.3500,98.5500,96.5000,97.4500,189795,51.9610
2010-03-01,97.5000,99.6500,96.0000,99.3000,258762,52.9474
2010-03-02,102.1000,106.8000,101.5000,105.6000,335294,56.3066
2010-03-03,106.0000,106.2000,103.9000,105.8000,150840,56.4133
2010-03-04,105.8000,106.7000,104.8000,106.5000,160059,56.7865
2010-03-05,106.4000,108.8000,106.4000,108.0000,249940,57.5863
2010-03-08,107.2000,108.4000,107.2000,108.0000,128276,57.5863
2010-03-09,107.5000,108.5000,106.3000,107.5000,154339,57.3197
2010-03-10,107.9000,108.0000,107.1000,107.5000,94916,57.3197
2010-03-11,106.2000,108.0000,106.2000,107.3000,114286,57.2131
2010-03-12,108.0000,108.2000,107.2000,108.2000,115305,57.6930
2010-03-15,108.4000,108.5000,106.6000,107.0000,104472,57.0531
2010-03-16,106.8000,108.7000,106.8000,107.7000,157829,57.4264
2010-03-17,108.9000,110.6000,108.3000,109.6000,195020,58.4395
2010-03-18,108.6000,110.3000,108.6000,109.5000,110298,58.3862
2010-03-19,110.5000,110.6000,109.2000,109.8000,144513,58.5461
2010-03-22,108.5000,108.5000,106.7000,107.5000,251452,57.3197
2010-03-23,108.0000,108.3000,107.3000,107.8000,385670,57.4797
2010-03-24,107.8000,108.0000,106.7000,107.0000,114098,57.0531
2010-03-25,106.8000,107.9000,106.8000,107.6000,199535,57.3731
2010-03-26,107.7000,107.7000,105.6000,106.0000,132102,56.5199
2010-03-29,106.1000,106.8000,106.0000,106.3000,76891,56.6799
2010-03-30,106.2000,107.0000,105.3000,105.6000,159180,56.3066
2010-03-31,104.8000,107.5000,104.1000,106.7000,168294,56.8932
2010-04-01,107.5000,108.0000,107.0000,107.7000,318387,57.4264
2010-04-06,107.5000,108.8000,107.3000,108.8000,245712,58.0129
2010-04-07,108.9000,108.9000,107.5000,108.2000,170485,57.6930
2010-04-08,107.0000,108.4000,106.8000,108.1000,115939,57.6397
2010-04-09,109.0000,111.6000,108.7000,110.7000,192367,59.0260
2010-04-12,111.0000,111.4000,110.1000,110.4000,55477,58.8660
2010-04-13,112.4000,113.4000,111.0000,111.5000,226090,59.4526
2010-04-14,111.5000,113.7000,111.4000,113.3000,242250,60.4123
2010-04-15,114.8000,115.7000,113.7000,115.2000,221722,61.4254
2010-04-16,115.5000,115.5000,113.5000,113.9000,163548,60.7323
2010-04-19,112.3000,115.0000,111.5000,114.1000,234250,60.8389
2010-04-20,115.9000,117.9000,114.9000,116.6000,329816,62.1719
2010-04-21,117.2000,117.7000,116.3000,117.0000,157658,62.3852
2010-04-22,115.9000,116.0000,114.2000,115.6000,199681,61.6387
2010-04-23,116.2000,118.1000,115.5000,118.1000,188147,62.9717
2010-04-26,118.3000,118.3000,116.3000,117.3000,136086,62.5452
2010-04-27,117.4000,117.4000,113.2000,113.2000,170042,60.3590
2010-04-28,112.1000,114.7000,110.8000,113.6000,321721,60.5723
2010-04-29,113.9000,115.6000,112.4000,115.1000,187189,61.3721
2010-04-30,114.8000,115.9000,113.3000,113.3000,121650,60.4123
2010-05-03,112.2000,113.6000,111.9000,113.3000,153782,60.4123
2010-05-04,112.8000,115.0000,110.3000,111.1000,216186,59.2393
2010-05-05,110.4000,112.1000,108.2000,109.8000,262805,58.5461
2010-05-06,109.4000,112.8000,108.4000,110.0000,256806,58.6527
2010-05-07,106.7000,109.7000,104.2000,105.1000,311126,56.0400
2010-05-10,108.0000,112.4000,107.2000,111.8000,318558,59.6125
2010-05-11,108.6000,111.8000,108.6000,110.5000,248006,58.9193
2010-05-12,109.5000,114.1000,109.5000,113.3000,200566,60.4123
2010-05-14,113.9000,113.9000,109.9000,110.0000,180609,58.6527
2010-05-17,108.5000,109.6000,107.8000,108.0000,235352,57.5863
2010-05-18,110.0000,110.0000,107.9000,108.2000,245457,57.6930
2010-05-19,106.0000,107.0000,104.3000,104.3000,274212,55.6135
2010-05-20,103.0000,103.3000,100.0000,100.7000,384024,54.9047
2010-05-21,99.5500,102.4000,99.5500,102.4000,487665,55.8316
2010-05-25,99.5000,101.4000,97.8000,101.0000,483963,55.0682
2010-05-26,103.5000,104.7000,102.8000,103.9000,356716,56.6494
2010-05-27,105.3000,106.6000,104.6000,106.6000,455600,58.1215
2010-05-28,107.9000,110.3000,106.3000,109.1000,346164,59.4846
2010-05-31,108.2000,109.3000,108.2000,108.6000,88603,59.2120
2010-06-01,107.5000,108.8000,106.0000,108.0000,168818,58.8849
2010-06-02,107.1000,108.6000,107.0000,108.2000,116271,58.9939
2010-06-03,109.2000,110.6000,109.2000,110.2000,94501,60.0844
2010-06-04,110.6000,111.2000,108.0000,108.0000,154833,58.8849
2010-06-07,106.5000,108.6000,106.3000,107.5000,153866,58.6122
2010-06-08,108.6000,108.8000,106.2000,106.6000,208332,58.1215
2010-06-09,107.6000,110.1000,107.3000,109.9000,148410,59.9208
2010-06-10,108.8000,111.8000,108.6000,111.6000,119051,60.8477
2010-06-11,111.7000,112.2000,110.6000,111.6000,212169,60.8477
2010-06-14,112.9000,113.9000,112.4000,113.9000,94442,62.1017
2010-06-15,112.7000,115.6000,112.7000,115.1000,153940,62.7560
2010-06-16,116.7000,116.9000,114.4000,116.0000,156001,63.2467
2010-06-17,115.3000,119.2000,115.3000,118.8000,269385,64.7733
2010-06-18,119.5000,119.5000,116.5000,116.5000,294696,63.5193
2010-06-21,118.0000,119.4000,117.8000,118.5000,131426,64.6098
2010-06-22,118.0000,118.2000,116.6000,117.4000,92554,64.0100
2010-06-23,116.8000,117.7000,115.5000,116.3000,88859,63.4103
2010-06-24,117.2000,117.2000,114.6000,115.0000,130799,62.7015
2010-06-25,114.5000,116.0000,114.2000,114.9000,157662,62.6469
2010-06-28,115.8000,116.9000,114.6000,116.8000,112078,63.6829
2010-06-29,115.5000,116.3000,110.8000,111.7000,235384,60.9022
2010-06-30,111.6000,112.0000,110.6000,111.8000,249903,60.9567
2010-07-01,111.0000,111.3000,108.9000,109.6000,263066,59.7572
2010-07-02,110.2000,112.0000,109.6000,111.3000,156606,60.6841
2010-07-05,111.9000,112.2000,110.0000,111.8000,189189,60.9567
2010-07-06,112.4000,114.5000,112.4000,113.9000,222373,62.1017
2010-07-07,113.4000,113.5000,112.1000,113.1000,148730,61.6655
2010-07-08,114.9000,116.0000,113.8000,114.0000,196759,62.1562
2010-07-09,115.1000,115.1000,113.4000,114.0000,97150,62.1562
2010-07-12,115.0000,115.0000,113.8000,114.2000,143903,62.2653
2010-07-13,114.3000,115.5000,114.1000,115.0000,161846,62.7015
2010-07-14,115.0000,116.7000,114.9000,116.1000,228417,63.3012
2010-07-15,116.0000,116.4000,114.6000,115.2000,111444,62.8105
2010-07-16,114.4000,115.5000,112.1000,112.9000,171534,61.5565
2010-07-19,112.4000,112.5000,106.5000,108.5000,266216,59.1575
2010-07-20,110.0000,110.1000,106.5000,107.6000,175684,58.6668
2010-07-21,108.6000,110.4000,108.2000,109.7000,205076,59.8117
2010-07-22,109.0000,111.2000,108.4000,110.9000,113435,60.4660
2010-07-23,111.3000,111.9000,110.4000,111.9000,95785,61.0113
2010-07-26,112.0000,112.0000,110.4000,111.5000,176082,60.7932
2010-07-27,111.9000,112.9000,111.4000,112.2000,221821,61.1748
2010-07-28,112.4000,113.0000,111.6000,112.5000,125026,61.3384
2010-07-29,112.7000,114.0000,112.0000,112.1000,192127,61.1203
2010-07-30,112.5000,112.5000,111.0000,111.7000,134809,60.9022
2010-08-02,112.8000,113.8000,111.8000,113.3000,59620,61.7746
2010-08-03,113.7000,113.7000,112.3000,113.0000,79034,61.6110
2010-08-04,112.6000,113.3000,111.5000,113.3000,122445,61.7746
2010-08-05,113.6000,113.9000,112.3000,113.5000,140751,61.8836
2010-08-06,114.5000,114.7000,111.7000,112.4000,102148,61.2839
2010-08-09,113.0000,113.3000,112.2000,113.2000,92719,61.7200
2010-08-10,113.0000,113.0000,111.0000,111.5000,117732,60.7932
2010-08-11,111.4000,112.0000,108.2000,108.2000,113562,58.9939
2010-08-12,109.1000,110.0000,107.4000,107.6000,149109,58.6668
2010-08-13,109.4000,109.4000,106.5000,107.0000,111008,58.3396
2010-08-16,107.7000,108.2000,105.7000,106.6000,120493,58.1215
2010-08-17,106.7000,108.7000,106.3000,108.7000,153908,59.2665
2010-08-18,109.0000,110.7000,108.9000,110.2000,184599,60.0844
2010-08-19,110.0000,110.5000,107.8000,108.2000,110869,58.9939
2010-08-20,108.3000,108.3000,105.3000,105.3000,124855,57.4127
2010-08-23,105.2000,106.8000,105.2000,105.7000,90484,57.6308
2010-08-24,105.1000,105.4000,102.0000,104.0000,219964,56.7039
2010-08-25,103.1000,105.0000,102.0000,103.0000,206274,56.1587
2010-08-26,104.0000,104.4000,102.8000,102.8000,130964,56.0497
2010-08-27,102.0000,105.0000,102.0000,104.6000,182112,57.0311
2010-08-30,104.9000,105.0000,103.7000,104.9000,76693,57.1946
2010-08-31,103.9000,105.9000,103.9000,105.9000,227806,57.7399
2010-09-01,106.1000,109.3000,105.4000,109.2000,166911,59.5391
2010-09-02,108.9000,109.2000,107.2000,107.3000,135652,58.5032
2010-09-03,107.3000,107.6000,105.1000,105.9000,197817,57.7399
2010-09-06,106.7000,107.3000,106.2000,106.6000,75589,58.1215
2010-09-07,106.8000,106.8000,104.9000,105.1000,93793,57.3037
2010-09-08,105.0000,106.3000,104.3000,106.1000,102195,57.8489
2010-09-09,105.6000,107.7000,105.6000,107.6000,101627,58.6668
2010-09-10,107.7000,108.2000,106.8000,108.1000,154318,58.9394
2010-09-13,108.9000,109.0000,107.6000,107.8000,134209,58.7758
2010-09-14,108.1000,108.4000,107.7000,108.2000,72678,58.9939
2010-09-15,108.2000,108.7000,107.7000,108.1000,122344,58.9394
2010-09-16,108.0000,110.7000,107.6000,110.2000,249633,60.0844
2010-09-17,111.0000,116.4000,111.0000,114.5000,448344,62.4289
2010-09-20,115.0000,116.6000,114.2000,116.5000,175310,63.5193
2010-09-21,116.1000,116.4000,115.7000,115.7000,97222,63.0831
2010-09-22,115.5000,117.0000,115.0000,116.0000,152741,63.2467
2010-09-23,116.6000,117.0000,114.5000,115.4000,87110,62.9196
2010-09-24,115.5000,118.8000,114.7000,118.2000,233849,64.4462
2010-09-27,118.4000,119.0000,116.8000,116.8000,163245,63.6829
2010-09-28,116.2000,117.4000,115.1000,117.4000,162611,64.0100
2010-09-29,117.5000,118.3000,117.2000,117.7000,66350,64.1736
2010-09-30,117.9000,118.9000,116.4000,118.0000,180239,64.3372
2010-10-01,118.7000,118.8000,115.5000,116.3000,200263,63.4103
2010-10-04,116.4000,116.7000,114.9000,116.0000,101083,63.2467
2010-10-05,116.5000,116.5000,114.7000,115.6000,121212,63.0286
2010-10-06,116.4000,118.1000,116.0000,117.2000,117406,63.9010
2010-10-07,116.9000,117.8000,115.8000,116.9000,114780,63.7374
2010-10-08,116.9000,117.1000,115.9000,116.8000,97306,63.6829
2010-10-11,118.7000,120.9000,118.3000,119.7000,186998,65.2640
2010-10-12,119.4000,119.8000,118.5000,119.3000,141096,65.0460
2010-10-13,119.7000,121.0000,119.5000,120.3000,120036,65.5912
2010-10-14,120.9000,121.3000,118.5000,118.5000,165391,64.6098
2010-10-15,118.4000,119.0000,116.2000,117.6000,247447,64.1191
2010-10-18,118.5000,119.3000,116.5000,116.8000,111884,63.6829
2010-10-19,117.8000,117.9000,115.5000,116.4000,152830,63.4648
2010-10-20,116.1000,117.9000,115.4000,117.0000,135447,63.7919
2010-10-21,117.2000,118.8000,116.5000,118.6000,145702,64.6643
2010-10-22,118.0000,119.1000,117.4000,118.7000,67927,64.7188
2010-10-25,119.4000,120.4000,118.0000,119.0000,149727,64.8824
2010-10-26,118.0000,119.1000,118.0000,119.0000,160167,64.8824
2010-10-27,118.6000,120.1000,118.3000,118.9000,128962,64.8279
2010-10-28,119.9000,120.3000,118.5000,120.3000,127981,65.5912
2010-10-29,120.8000,121.7000,120.0000,121.7000,197279,66.3545
2010-11-01,122.1000,125.8000,122.0000,125.3000,302710,68.3173
2010-11-02,125.0000,126.6000,124.9000,126.6000,208020,69.0261
2010-11-03,126.7000,128.5000,126.1000,127.8000,240052,69.6804
2010-11-04,129.0000,129.8000,127.4000,129.0000,203035,70.3347
2010-11-05,129.5000,129.5000,127.5000,128.4000,128406,70.0075
2010-11-08,128.3000,128.3000,125.6000,126.0000,190484,68.6990
2010-11-09,125.4000,127.4000,125.2000,126.5000,148569,68.9716
2010-11-10,126.3000,126.8000,124.6000,124.9000,148691,68.0993
2010-11-11,124.6000,125.5000,124.4000,125.1000,80101,68.2083
2010-11-12,123.9000,125.9000,123.7000,125.3000,78377,68.3173
2010-11-15,124.0000,126.0000,124.0000,125.6000,80924,68.4809
2010-11-16,125.4000,126.2000,122.9000,123.0000,110374,67.0633
2010-11-17,122.6000,124.0000,122.6000,123.1000,73320,67.1178
2010-11-18,124.3000,125.8000,123.9000,125.6000,80310,68.4809
2010-11-19,126.4000,127.5000,125.9000,126.3000,77561,68.8626
2010-11-22,126.8000,127.4000,126.3000,127.1000,93949,69.2987
2010-11-23,126.9000,127.3000,124.0000,124.0000,123817,67.6085
2010-11-24,124.9000,126.1000,123.4000,126.0000,90253,68.6990
2010-11-25,126.6000,127.0000,125.6000,127.0000,92511,69.2442
2010-11-26,126.3000,128.1000,126.3000,128.0000,114453,69.7895
2010-11-29,128.4000,129.2000,125.6000,126.5000,162691,68.9716
2010-11-30,126.5000,129.0000,126.5000,128.7000,223282,70.1711
2010-12-01,129.4000,129.6000,128.4000,129.4000,144192,70.5528
2010-12-02,129.2000,132.8000,129.2000,132.8000,295038,72.4066
2010-12-03,132.7000,134.8000,131.9000,133.2000,170538,72.6247
2010-12-06,134.9000,135.1000,132.8000,135.1000,134537,73.6606
2010-12-07,135.0000,136.9000,133.6000,135.5000,177832,73.8787
2010-12-08,134.3000,136.0000,134.3000,134.5000,114028,73.3334
2010-12-09,135.2000,135.2000,130.7000,130.7000,199449,71.2616
2010-12-10,131.2000,132.6000,130.4000,131.4000,99827,71.6432
2010-12-13,132.0000,132.4000,129.3000,129.3000,134598,70.4983
2010-12-14,130.2000,130.7000,128.6000,129.1000,157219,70.3892
2010-12-15,129.4000,130.0000,129.1000,129.6000,92156,70.6618
2010-12-16,129.8000,131.4000,128.7000,131.4000,115389,71.6432
2010-12-17,130.8000,133.5000,130.6000,132.9000,221831,72.4611
2010-12-20,133.2000,133.2000,131.6000,132.1000,85298,72.0249
2010-12-21,133.1000,133.3000,132.4000,133.3000,94762,72.6792
2010-12-22,133.3000,133.3000,132.3000,132.3000,81205,72.1339
2010-12-23,133.0000,133.1000,132.0000,132.3000,79523,72.1339
2010-12-27,132.8000,132.8000,131.5000,131.6000,31419,71.7523
2010-12-28,131.8000,132.5000,131.3000,132.3000,44596,72.1339
2010-12-29,133.0000,133.0000,131.1000,131.8000,45558,71.8613
2010-12-30,131.4000,131.7000,130.0000,130.0000,71050,70.8799
2011-01-03,130.5000,133.6000,130.5000,133.3000,66095,72.6792
2011-01-04,134.2000,134.7000,133.3000,134.0000,172162,73.0608
2011-01-05,133.0000,134.6000,132.2000,134.3000,182947,73.2244
2011-01-06,134.7000,135.2000,131.7000,131.7000,161865,71.8068
2011-01-07,132.3000,133.2000,131.6000,132.4000,94295,72.1885
2011-01-10,132.6000,132.6000,130.6000,131.6000,79992,71.7523
2011-01-11,131.6000,135.8000,131.6000,134.9000,162494,73.5515
2011-01-12,133.6000,135.0000,133.6000,134.1000,145128,73.1154
2011-01-13,133.6000,133.8000,132.5000,133.5000,96775,72.7882
2011-01-14,134.3000,134.7000,133.1000,134.4000,145752,73.2789
2011-01-17,134.9000,134.9000,133.0000,133.0000,104192,72.5156
2011-01-18,132.1000,132.2000,130.4000,131.0000,265360,71.4251
2011-01-19,131.0000,133.0000,130.8000,130.8000,229059,71.3161
2011-01-20,130.0000,131.2000,125.8000,125.9000,215577,68.6445
2011-01-21,125.0000,125.1000,123.5000,124.6000,238048,67.9357
2011-01-24,125.0000,125.5000,123.5000,124.4000,176589,67.8266
2011-01-25,124.9000,125.5000,124.5000,125.0000,178145,68.1538
2011-01-26,124.0000,127.0000,124.0000,126.3000,158084,68.8626
2011-01-27,126.8000,127.9000,126.4000,126.4000,135809,68.9171
2011-01-28,126.5000,126.5000,124.1000,124.1000,112578,67.6630
2011-01-31,124.4000,125.4000,122.1000,122.1000,167167,66.5726
2011-02-01,123.8000,124.2000,121.4000,122.5000,212458,66.7907
2011-02-02,122.5000,123.8000,120.7000,121.9000,186461,66.4636
2011-02-03,121.7000,123.4000,121.1000,122.9000,173978,67.0088
2011-02-04,123.0000,123.8000,122.0000,122.4000,139485,66.7362
2011-02-07,122.6000,124.3000,122.6000,124.2000,110650,67.7176
2011-02-08,124.5000,125.8000,124.0000,125.3000,149992,68.3173
2011-02-09,126.4000,126.9000,125.1000,126.3000,139713,68.8626
2011-02-10,126.6000,126.9000,125.0000,126.5000,129800,68.9716
2011-02-11,126.5000,126.7000,124.7000,125.5000,132841,68.4264
2011-02-14,125.7000,129.5000,125.6000,128.8000,182789,70.2257
2011-02-15,128.8000,129.0000,127.0000,127.3000,101527,69.4078
2011-02-16,128.0000,128.8000,127.0000,128.7000,94664,70.1711
2011-02-17,129.1000,129.4000,128.2000,128.8000,165053,70.2257
2011-02-18,129.5000,129.5000,127.9000,129.1000,78070,70.3892
2011-02-21,129.0000,129.9000,128.2000,128.6000,102921,70.1166
2011-02-22,127.5000,128.1000,125.4000,126.8000,193259,69.1352
2011-02-23,125.8000,126.4000,123.4000,123.9000,177704,67.5540
2011-02-24,123.0000,123.0000,120.0000,121.2000,238367,66.0819
2011-02-25,122.3000,123.8000,121.7000,122.9000,126090,67.0088
2011-02-28,123.0000,124.9000,122.3000,124.9000,109009,68.0993
2011-03-01,122.5000,125.0000,118.6000,121.3000,340963,66.1364
2011-03-02,121.3000,121.3000,119.3000,120.6000,148603,65.7547
2011-03-03,122.0000,124.1000,121.6000,123.7000,140056,67.4450
2011-03-04,123.8000,125.2000,123.5000,124.4000,164130,67.8266
2011-03-07,124.0000,125.3000,123.4000,124.2000,111741,67.7176
2011-03-08,124.4000,125.3000,123.3000,124.4000,94767,67.8266
2011-03-09,125.0000,125.5000,124.1000,125.0000,141224,68.1538
2011-03-10,124.6000,126.1000,123.8000,124.6000,182228,67.9357
2011-03-11,123.7000,124.8000,123.5000,124.3000,139507,67.7721
2011-03-14,123.5000,125.0000,122.3000,124.6000,195500,67.9357
2011-03-15,122.2000,122.8000,119.1000,119.9000,347944,65.3731
2011-03-16,120.1000,120.8000,116.7000,116.7000,286104,63.6283
2011-03-17,117.0000,119.3000,116.6000,119.0000,225396,64.8824
2011-03-18,120.6000,122.6000,120.6000,122.4000,285295,66.7362
2011-03-21,124.1000,127.3000,124.0000,126.6000,185606,69.0261
2011-03-22,127.0000,127.4000,125.3000,126.9000,150261,69.1897
2011-03-23,126.4000,126.6000,125.1000,126.2000,131595,68.8080
2011-03-24,125.6000,128.1000,125.1000,127.6000,72392,69.5714
2011-03-25,127.7000,129.4000,127.7000,129.0000,86462,70.3347
2011-03-28,129.0000,130.4000,128.9000,129.9000,73135,70.8254
2011-03-29,129.9000,129.9000,127.6000,129.5000,100984,70.6073
2011-03-30,129.9000,130.0000,128.3000,129.4000,180679,70.5528
2011-03-31,129.2000,130.1000,128.5000,128.5000,121063,70.0621
2011-04-01,129.2000,131.5000,128.8000,130.8000,92354,71.3161
2011-04-04,131.0000,132.8000,130.7000,132.8000,135852,72.4066
2011-04-05,132.6000,132.6000,131.2000,131.6000,156723,71.7523
2011-04-06,132.3000,132.9000,131.7000,132.2000,111132,72.0794
2011-04-07,132.4000,132.7000,130.9000,131.6000,68503,71.7523
2011-04-08,131.9000,132.5000,131.0000,132.0000,79362,71.9704
2011-04-11,131.3000,132.1000,131.1000,131.4000,120625,71.6432
2011-04-12,130.4000,130.7000,129.3000,129.3000,112733,70.4983
2011-04-13,129.4000,130.8000,129.4000,130.2000,60269,70.9890
2011-04-14,128.8000,129.3000,127.3000,128.9000,140361,70.2802
2011-04-15,126.1000,128.4000,126.1000,128.0000,157539,69.7895
2011-04-18,132.0000,132.0000,128.1000,128.5000,163380,70.0621
2011-04-19,129.5000,131.6000,129.4000,131.0000,124461,71.4251
2011-04-20,131.8000,134.5000,131.7000,134.3000,160552,73.2244
2011-04-21,134.9000,135.4000,133.3000,135.4000,110216,73.8242
2011-04-26,136.0000,137.6000,135.6000,137.4000,176239,74.9146
2011-04-27,137.5000,138.6000,136.9000,137.2000,92394,74.8056
2011-04-28,138.3000,138.4000,136.5000,138.0000,129725,75.2418
2011-04-29,138.2000,138.6000,136.9000,138.2000,63339,75.3508
2011-05-02,138.8000,138.8000,137.2000,137.7000,59834,75.0782
2011-05-03,138.0000,138.2000,135.7000,137.7000,175162,75.0782
2011-05-04,138.3000,138.6000,136.4000,137.5000,150811,74.9691
2011-05-05,137.5000,138.1000,135.4000,136.0000,128064,74.1513
2011-05-06,136.0000,138.4000,135.0000,137.6000,109918,75.0237
2011-05-09,136.1000,138.9000,136.1000,137.9000,120523,75.1872
2011-05-10,138.6000,138.7000,137.6000,138.0000,96922,75.2418
2011-05-11,137.6000,139.1000,137.5000,138.7000,123180,75.6234
2011-05-12,135.2000,135.7000,134.0000,135.1000,111611,75.9890
2011-05-13,135.9000,135.9000,133.8000,133.8000,124713,75.2578
2011-05-16,133.5000,134.8000,133.3000,134.0000,99653,75.3703
2011-05-17,133.2000,134.0000,132.9000,132.9000,71767,74.7516
2011-05-18,133.3000,134.3000,132.9000,133.0000,63987,74.8078
2011-05-19,133.5000,133.9000,132.7000,133.2000,87033,74.9203
2011-05-20,133.5000,134.3000,133.0000,133.0000,99689,74.8078
2011-05-23,131.7000,132.3000,130.1000,130.8000,107421,73.5704
2011-05-24,131.4000,132.7000,130.7000,131.4000,75805,73.9079
2011-05-25,130.3000,131.2000,130.0000,130.5000,86959,73.4017
2011-05-26,130.9000,131.9000,130.5000,131.1000,83536,73.7392
2011-05-27,132.6000,132.8000,131.0000,131.0000,84968,73.6829
2011-05-30,130.5000,132.3000,130.5000,132.3000,42782,74.4141
2011-05-31,132.9000,134.5000,132.5000,133.9000,143403,75.3141
2011-06-01,134.5000,135.6000,133.7000,133.7000,95529,75.2016
2011-06-03,133.2000,135.0000,132.2000,133.4000,120756,75.0328
2011-06-06,133.2000,134.1000,132.4000,133.1000,124714,74.8641
2011-06-07,132.2000,133.3000,129.9000,130.0000,165771,73.1205
2011-06-08,129.1000,129.6000,127.1000,127.3000,196826,71.6018
2011-06-09,127.0000,129.4000,126.6000,128.8000,149650,72.4455
2011-06-10,128.7000,129.4000,125.8000,126.5000,112534,71.1518
2011-06-14,126.6000,129.0000,126.5000,128.0000,161851,71.9955
2011-06-15,128.0000,128.2000,125.6000,125.9000,192418,70.8143
2011-06-16,124.7000,125.2000,123.3000,123.6000,144606,69.5207
2011-06-17,123.9000,124.7000,121.9000,123.2000,220074,69.2957
2011-06-20,122.1000,122.4000,120.7000,122.1000,171184,68.6770
2011-06-21,122.3000,124.4000,122.3000,124.2000,122942,69.8582
2011-06-22,123.8000,124.7000,123.3000,124.0000,123586,69.7457
2011-06-23,124.0000,124.5000,121.1000,121.2000,115895,68.1707
2011-06-24,122.9000,124.0000,121.9000,122.4000,71348,68.8457
2011-06-27,122.0000,123.1000,121.3000,122.5000,76127,68.9020
2011-06-28,122.5000,124.0000,121.5000,122.1000,155073,68.6770
2011-06-29,123.3000,125.7000,123.1000,124.4000,136337,69.9706
2011-06-30,125.5000,128.2000,124.6000,127.6000,159370,71.7705
2011-07-01,128.0000,128.0000,126.5000,127.2000,66007,71.5455
2011-07-04,127.2000,128.4000,126.6000,127.7000,42843,71.8268
2011-07-05,127.9000,127.9000,126.3000,126.7000,51806,71.2643
2011-07-06,126.7000,127.0000,123.7000,123.9000,236341,69.6894
2011-07-07,125.0000,125.0000,122.8000,123.6000,138516,69.5207
2011-07-08,124.5000,124.5000,122.3000,122.6000,99494,68.9582
2011-07-11,122.6000,122.6000,116.4000,118.0000,236028,66.3709
2011-07-12,115.4000,118.0000,113.6000,118.0000,265990,66.3709
2011-07-13,118.0000,120.4000,117.7000,119.7000,181497,67.3270
2011-07-14,119.5000,120.0000,118.5000,119.0000,152956,66.9333
2011-07-15,118.0000,119.0000,115.9000,118.0000,287605,66.3709
2011-07-18,110.0000,115.2000,108.5000,113.0000,630218,63.5586
2011-07-19,112.2000,115.8000,112.2000,112.2000,311927,63.1086
2011-07-20,112.2000,114.2000,112.1000,114.2000,148598,64.2335
2011-07-21,114.0000,115.5000,112.8000,114.9000,156737,64.6272
2011-07-22,115.9000,117.7000,115.5000,116.5000,182483,65.5272
2011-07-25,114.1000,116.0000,114.1000,115.7000,122824,65.0772
2011-07-26,115.6000,116.8000,114.5000,116.8000,158483,65.6959
2011-07-27,116.8000,116.8000,113.9000,114.5000,102466,64.4022
2011-07-28,113.8000,114.7000,112.1000,112.3000,215808,63.1648
2011-07-29,111.4000,112.5000,109.8000,110.4000,238437,62.0961
2011-08-02,108.0000,108.1000,105.1000,105.1000,278330,59.1151
2011-08-03,104.1000,105.2000,102.8000,103.5000,321835,58.2151
2011-08-04,105.9000,106.0000,97.0000,97.0000,359047,54.5591
2011-08-05,93.0000,99.8000,92.4000,97.9500,485579,55.0934
2011-08-08,96.0000,100.1000,95.8500,96.0000,500856,53.9966
2011-08-09,95.0000,96.7500,90.9000,95.4000,448965,53.6592
2011-08-10,97.0000,97.6500,91.4500,91.8500,429901,51.6624
2011-08-11,94.9000,96.3500,91.3000,96.2000,393128,54.1091
2011-08-12,97.0500,102.5000,94.7000,101.2000,275954,56.9214
2011-08-15,103.5000,103.9000,101.0000,101.2000,111672,56.9214
2011-08-16,101.5000,101.5000,97.4500,98.9500,190433,55.6559
2011-08-17,99.1500,100.5000,97.0500,99.4000,157287,55.9090
2011-08-18,97.9500,99.5000,93.5000,95.3500,233652,53.6310
2011-08-19,95.0000,97.9500,93.1000,95.9000,353900,53.9404
2011-08-22,95.4500,98.1000,95.4500,96.4000,157154,54.2216
2011-08-23,97.2500,98.8500,96.6500,97.0000,139615,54.5591
2011-08-24,98.8000,102.7000,97.1500,101.3000,175562,56.9777
2011-08-25,102.9000,103.7000,101.6000,103.4000,220172,58.1589
2011-08-26,102.6000,104.0000,100.9000,103.1000,194593,57.9901
2011-08-29,105.4000,109.5000,104.2000,108.7000,111739,61.1399
2011-08-30,111.0000,111.0000,107.0000,108.3000,172162,60.9150
2011-08-31,109.6000,112.4000,108.6000,112.4000,165370,63.2211
2011-09-01,113.1000,113.1000,107.0000,108.3000,208856,60.9150
2011-09-02,106.2000,107.5000,104.2000,104.5000,156255,58.7776
2011-09-05,102.1000,102.9000,99.8000,100.2000,177511,56.3590
2011-09-06,100.0000,107.7000,99.7000,106.9000,236754,60.1275
2011-09-07,108.6000,110.3000,104.9000,109.8000,234231,61.7587
2011-09-08,109.9000,111.5000,108.9000,110.0000,153109,61.8711
2011-09-09,108.6000,110.3000,106.0000,106.5000,167187,59.9025
2011-09-12,103.3000,104.1000,101.7000,102.9000,235475,57.8777
2011-09-13,103.9000,104.2000,100.7000,102.8000,152993,57.8214
2011-09-14,101.6000,104.7000,101.6000,104.1000,142530,58.5526
2011-09-15,104.4000,106.3000,104.4000,105.7000,171796,59.4525
2011-09-16,107.1000,109.4000,106.1000,108.3000,329595,60.9150
2011-09-19,106.4000,107.1000,105.2000,105.7000,111790,59.4525
2011-09-20,105.8000,107.9000,104.6000,107.9000,141854,60.6900
2011-09-21,108.0000,109.0000,107.1000,108.1000,99585,60.8025
2011-09-22,105.3000,106.4000,101.8000,102.1000,175838,57.4277
2011-09-23,104.2000,104.2000,98.5000,101.3000,186345,56.9777
2011-09-26,99.0500,103.4000,98.4000,101.0000,224985,56.8090
2011-09-27,104.0000,107.4000,102.6000,107.4000,187481,60.4087
2011-09-28,106.0000,108.4000,105.7000,106.9000,156989,60.1275
2011-09-29,106.0000,108.2000,105.4000,107.3000,134226,60.3525
2011-09-30,106.2000,107.2000,101.9000,102.8000,269503,57.8214
2011-10-03,102.4000,105.0000,101.1000,104.0000,194115,58.4964
2011-10-04,103.4000,103.7000,99.7000,102.0000,144605,57.3714
2011-10-05,104.0000,104.0000,101.4000,103.1000,136047,57.9901
2011-10-06,103.2000,105.7000,103.2000,105.0000,269361,59.0588
2011-10-07,106.0000,107.6000,103.7000,106.7000,128567,60.0150
2011-10-10,106.7000,108.6000,106.0000,108.0000,85339,60.7462
2011-10-11,107.6000,108.7000,104.6000,107.1000,120513,60.2400
2011-10-12,105.1000,108.3000,103.5000,107.7000,176676,60.5775
2011-10-13,108.0000,108.4000,106.1000,106.8000,108305,60.0713
2011-10-14,107.7000,107.7000,103.8000,104.9000,191863,59.0026
2011-10-17,104.6000,105.9000,101.6000,103.0000,172475,57.9339
2011-10-18,103.3000,103.3000,100.4000,101.0000,159277,56.8090
2011-10-19,101.4000,104.1000,100.6000,101.1000,185458,56.8652
2011-10-20,100.4000,101.5000,99.2500,100.5000,172564,56.5277
2011-10-21,101.0000,102.7000,100.6000,102.7000,134004,57.7651
2011-10-24,103.4000,105.3000,102.1000,105.3000,197935,59.2276
2011-10-25,105.6000,106.5000,104.6000,106.1000,236053,59.6775
2011-10-26,105.2000,108.1000,104.7000,108.1000,275534,60.8025
2011-10-27,110.0000,113.2000,109.5000,112.4000,303368,63.2211
2011-10-28,113.2000,114.3000,112.1000,114.3000,180057,64.2897
2011-10-31,112.1000,113.6000,109.3000,109.3000,170620,61.4774
2011-11-01,107.8000,107.9000,105.1000,107.3000,246292,60.3525
2011-11-02,107.8000,108.5000,106.3000,106.6000,165427,59.9588
2011-11-03,105.5000,111.3000,105.2000,111.3000,169684,62.6024
2011-11-04,111.5000,111.7000,110.4000,111.1000,102210,62.4899
2011-11-07,111.3000,112.5000,109.9000,111.7000,91623,62.8273
2011-11-08,112.8000,113.9000,112.1000,112.7000,160441,63.3898
2011-11-09,112.2000,114.0000,110.1000,111.6000,118331,62.7711
2011-11-10,109.0000,112.9000,108.4000,108.8000,126065,61.1962
2011-11-11,109.0000,112.8000,108.7000,112.8000,67123,63.4461
2011-11-14,112.7000,113.8000,112.0000,113.2000,70710,63.6710
2011-11-15,112.9000,114.2000,111.3000,112.8000,117390,63.4461
2011-11-16,112.9000,113.4000,111.0000,112.7000,129710,63.3898
2011-11-17,112.7000,114.2000,111.7000,113.6000,126941,63.8960
2011-11-18,113.5000,113.5000,110.5000,110.7000,125445,62.2649
2011-11-21,110.0000,110.1000,107.2000,107.5000,79314,60.4650
2011-11-22,108.1000,109.0000,107.2000,107.7000,79808,60.5775
2011-11-23,107.0000,108.0000,104.0000,104.5000,171385,58.7776
2011-11-24,105.1000,107.0000,104.3000,105.3000,72647,59.2276
2011-11-25,105.1000,106.0000,102.7000,104.0000,153642,58.4964
2011-11-28,104.4000,108.4000,104.1000,108.4000,119950,60.9712
2011-11-29,108.0000,110.0000,107.4000,110.0000,95620,61.8711
2011-11-30,107.9000,112.4000,107.9000,110.9000,236272,62.3774
2011-12-01,112.2000,112.6000,110.2000,110.5000,211480,62.1524
2011-12-02,112.9000,112.9000,111.1000,112.2000,120357,63.1086
2011-12-05,112.5000,114.0000,112.5000,113.6000,132713,63.8960
2011-12-06,113.1000,113.5000,111.8000,111.9000,101478,62.9398
2011-12-07,112.9000,113.9000,112.2000,113.9000,146474,64.0648
2011-12-08,114.0000,114.0000,111.0000,111.1000,160096,62.4899
2011-12-09,109.8000,112.0000,109.1000,109.8000,151757,61.7587
2011-12-12,109.5000,110.1000,108.0000,108.0000,119612,60.7462
2011-12-13,108.0000,109.0000,107.3000,107.9000,119709,60.6900
2011-12-14,107.7000,108.0000,103.5000,103.5000,171951,58.2151
2011-12-15,103.9000,104.7000,102.0000,102.5000,201608,57.6527
2011-12-16,102.7000,106.2000,100.7000,105.9000,296618,59.5651
2011-12-19,105.6000,105.6000,101.7000,102.5000,156909,57.6527
2011-12-20,101.6000,106.2000,101.6000,105.8000,110047,59.5088
2011-12-21,106.8000,108.5000,104.9000,105.4000,155785,59.2838
2011-12-22,105.7000,106.5000,104.8000,105.2000,84320,59.1713
2011-12-23,105.7000,106.7000,105.1000,106.2000,56401,59.7338
2011-12-27,106.3000,107.6000,105.9000,106.0000,53305,59.6213
2011-12-28,106.1000,106.9000,105.4000,105.9000,37959,59.5651
2011-12-29,106.2000,106.5000,105.4000,106.0000,100649,59.6213
2011-12-30,106.3000,107.1000,105.5000,105.5000,37961,59.3401
2012-01-03,108.0000,109.4000,106.7000,109.3000,184614,61.4774
2012-01-04,110.3000,110.3000,108.2000,109.3000,205243,61.4774
2012-01-05,110.3000,110.4000,105.6000,106.0000,193941,59.6213
2012-01-06,107.0000,107.0000,101.2000,103.4000,337877,58.1589
2012-01-09,104.3000,107.4000,104.0000,105.1000,301134,59.1151
2012-01-10,105.9000,108.4000,105.4000,105.8000,254209,59.5088
2012-01-11,106.4000,106.7000,105.2000,105.8000,137357,59.5088
2012-01-12,106.0000,108.3000,105.8000,108.0000,266425,60.7462
2012-01-13,108.0000,109.7000,108.0000,108.7000,193320,61.1399
2012-01-16,107.9000,108.9000,107.8000,107.9000,88494,60.6900
2012-01-17,109.4000,110.6000,108.7000,110.2000,128949,61.9836
2012-01-18,110.4000,113.1000,110.0000,112.6000,190399,63.3336
2012-01-19,113.5000,115.0000,113.0000,115.0000,164220,64.6835
2012-01-20,114.8000,115.8000,113.9000,114.7000,157717,64.5147
2012-01-23,116.8000,118.5000,115.4000,115.6000,252214,65.0210
2012-01-24,115.7000,115.7000,113.6000,115.2000,86394,64.7960
2012-01-25,115.4000,115.9000,114.8000,115.3000,90690,64.8522
2012-01-26,115.7000,117.7000,115.3000,116.9000,112111,65.7522
2012-01-27,117.0000,117.6000,115.0000,115.2000,92434,64.7960
2012-01-30,115.1000,115.6000,112.5000,114.3000,115218,64.2897
2012-01-31,114.3000,116.5000,114.3000,115.7000,171835,65.0772
2012-02-01,115.5000,118.5000,115.5000,118.5000,151804,66.6521
2012-02-02,118.8000,118.8000,117.3000,117.7000,104679,66.2021
2012-02-03,117.7000,119.2000,116.6000,118.8000,113167,66.8208
2012-02-06,118.8000,119.2000,117.5000,119.2000,97092,67.0458
2012-02-07,119.7000,119.9000,118.0000,119.6000,111755,67.2708
2012-02-08,120.0000,123.6000,119.2000,122.9000,242755,69.1270
2012-02-09,122.5000,123.5000,121.5000,122.8000,172304,69.0707
2012-02-10,122.5000,122.5000,121.2000,121.8000,161132,68.5082
2012-02-13,121.5000,122.2000,121.2000,121.5000,97219,68.3395
2012-02-14,121.4000,122.9000,121.3000,122.5000,57644,68.9020
2012-02-15,123.1000,124.2000,122.8000,124.0000,89710,69.7457
2012-02-16,123.7000,124.2000,121.5000,122.0000,139463,68.6207
2012-02-17,122.2000,123.2000,121.8000,122.5000,100867,68.9020
2012-02-20,123.1000,125.0000,123.1000,124.8000,77251,70.1956
2012-02-21,125.0000,125.0000,122.7000,123.0000,65883,69.1832
2012-02-22,123.2000,123.3000,119.0000,120.1000,196140,67.5520
2012-02-23,119.8000,122.3000,119.4000,122.0000,92885,68.6207
2012-02-24,122.5000,123.4000,122.2000,123.2000,81721,69.2957
2012-02-27,123.1000,123.4000,119.3000,119.6000,154716,67.2708
2012-02-28,120.0000,120.8000,118.8000,119.5000,94472,67.2146
2012-02-29,120.2000,120.3000,118.9000,119.1000,165902,66.9896
2012-03-01,118.0000,118.4000,116.5000,117.5000,252855,66.0896
2012-03-02,117.1000,119.7000,115.7000,118.8000,135197,66.8208
2012-03-05,118.1000,119.0000,116.7000,116.9000,272786,65.7522
2012-03-06,116.8000,117.0000,114.1000,114.1000,201133,64.1773
2012-03-07,114.1000,118.6000,114.1000,118.0000,167419,66.3709
2012-03-08,119.1000,119.8000,118.1000,119.3000,156442,67.1021
2012-03-09,120.0000,121.8000,119.9000,121.8000,147074,68.5082
2012-03-12,121.6000,123.6000,121.0000,122.0000,152641,68.6207
2012-03-13,122.4000,123.8000,122.2000,123.3000,75969,69.3519
2012-03-14,123.8000,123.8000,122.1000,122.6000,119432,68.9582
2012-03-15,122.9000,123.1000,121.9000,122.3000,66528,68.7895
2012-03-16,122.0000,123.2000,121.3000,121.6000,191808,68.3957
2012-03-19,122.0000,123.2000,121.9000,123.0000,91835,69.1832
2012-03-20,123.5000,123.5000,121.6000,122.1000,72196,68.6770
2012-03-21,122.1000,123.2000,121.7000,121.8000,123358,68.5082
2012-03-22,121.5000,121.9000,119.3000,119.8000,103731,67.3833
2012-03-23,120.2000,121.4000,119.6000,121.0000,117566,68.0583
2012-03-26,122.0000,123.3000,121.2000,122.5000,170860,68.9020
2012-03-27,122.8000,123.5000,122.0000,122.1000,166558,68.6770
2012-03-28,122.3000,123.3000,121.7000,122.0000,113572,68.6207
2012-03-29,121.4000,122.1000,119.8000,120.2000,103586,67.6083
2012-03-30,120.4000,122.6000,120.4000,122.1000,83452,68.6770
2012-04-02,123.3000,123.5000,122.2000,123.4000,95862,69.4082
2012-04-03,123.5000,124.5000,122.4000,123.9000,91389,69.6894
2012-04-04,123.2000,123.9000,119.5000,119.7000,106854,67.3270
2012-04-05,120.4000,121.2000,119.3000,120.0000,113383,67.4958
2012-04-10,119.3000,119.9000,117.6000,118.0000,111855,66.3709
2012-04-11,118.0000,118.8000,117.2000,118.7000,87517,66.7646
2012-04-12,119.5000,122.2000,118.9000,121.8000,159837,68.5082
2012-04-13,122.0000,122.1000,119.1000,119.1000,204572,66.9896
2012-04-16,115.8000,115.8000,105.9000,107.8000,794699,60.6337
2012-04-17,108.5000,113.3000,107.4000,113.0000,444551,63.5586
2012-04-18,112.7000,112.9000,111.7000,112.0000,248806,62.9961
2012-04-19,112.2000,113.2000,112.0000,113.0000,194684,63.5586
2012-04-20,112.6000,112.7000,110.4000,111.5000,393661,62.7149
2012-04-23,112.0000,112.0000,107.2000,107.9000,181973,60.6900
2012-04-24,108.2000,109.0000,107.7000,108.4000,130005,60.9712
2012-04-25,108.9000,110.9000,108.5000,110.1000,175283,61.9274
2012-04-26,110.3000,110.5000,109.2000,109.2000,125517,61.4212
2012-04-27,108.7000,111.3000,108.7000,110.8000,112527,62.3211
2012-04-30,111.6000,111.6000,110.3000,110.3000,121359,62.0399
2012-05-02,112.0000,112.9000,108.2000,109.3000,307989,61.4774
2012-05-03,109.5000,110.0000,107.9000,108.1000,78807,60.8025
2012-05-04,108.8000,108.8000,105.5000,106.9000,216054,60.1275
2012-05-07,106.0000,107.7000,105.0000,107.2000,104953,60.2963
2012-05-08,107.6000,108.5000,105.5000,106.0000,195729,59.6213
2012-05-09,106.8000,107.2000,104.1000,105.3000,168240,59.2276
2012-05-10,103.3000,104.8000,101.3000,103.9000,180152,60.6579
2012-05-11,104.0000,106.2000,103.6000,105.3000,274911,61.4752
2012-05-14,104.2000,104.8000,102.1000,103.0000,143620,60.1325
2012-05-15,103.0000,104.0000,102.7000,103.3000,149486,60.3076
2012-05-16,102.2000,104.1000,101.4000,103.4000,143643,60.3660
2012-05-18,101.9000,103.9000,100.7000,100.9000,153290,58.9065
2012-05-21,100.9000,102.0000,100.7000,101.8000,104681,59.4319
2012-05-22,102.2000,104.7000,101.9000,104.5000,166937,61.0082
2012-05-23,103.5000,103.7000,101.6000,102.3000,147521,59.7238
2012-05-24,103.5000,105.2000,102.4000,104.9000,137734,61.2417
2012-05-25,105.2000,107.8000,104.8000,106.5000,265521,62.1758
2012-05-29,107.1000,108.4000,105.7000,107.1000,241280,62.5261
2012-05-30,106.6000,107.2000,103.7000,104.7000,227479,61.1249
2012-05-31,105.2000,105.2000,102.4000,103.2000,226768,60.2492
2012-06-01,103.8000,104.1000,101.0000,101.9000,370186,59.4903
2012-06-04,101.5000,101.6000,100.6000,101.3000,104522,59.1400
2012-06-05,102.4000,102.5000,101.1000,101.5000,122029,59.2568
2012-06-06,102.7000,103.7000,102.2000,103.6000,92587,60.4827
2012-06-07,103.6000,105.8000,103.3000,105.4000,207656,61.5336
2012-06-08,105.0000,105.5000,104.2000,105.2000,92990,61.4169
2012-06-11,106.9000,108.5000,105.2000,105.2000,220681,61.4169
2012-06-12,105.0000,105.8000,104.2000,105.8000,141546,61.7671
2012-06-13,106.0000,106.2000,101.9000,103.6000,357468,60.4827
2012-06-14,103.1000,103.2000,101.0000,103.2000,458170,60.2492
2012-06-15,102.6000,103.5000,101.5000,102.0000,313597,59.5487
2012-06-18,102.6000,104.0000,101.7000,102.3000,127558,59.7238
2012-06-19,102.2000,103.4000,101.2000,102.0000,238131,59.5487
2012-06-20,102.1000,103.1000,101.6000,102.7000,247214,59.9573
2012-06-21,101.5000,103.8000,101.5000,102.9000,283428,60.0741
2012-06-22,101.6000,102.4000,99.3500,100.4000,436244,58.6146
2012-06-25,100.2000,100.4000,97.5000,97.8500,379318,57.1259
2012-06-26,97.8000,98.2500,95.1500,96.0000,309786,56.0458
2012-06-27,96.1000,96.1000,93.1000,95.2500,397605,55.6079
2012-06-28,95.4000,97.5000,94.7000,97.0500,314843,56.6588
2012-06-29,98.5000,100.2000,98.4500,100.2000,268115,58.4978
2012-07-02,99.0000,99.7500,97.8000,99.6500,241468,58.1767
2012-07-03,99.9000,101.4000,99.8000,101.4000,130922,59.1984
2012-07-04,102.9000,105.0000,101.4000,102.0000,129181,59.5487
2012-07-05,101.9000,102.7000,101.2000,102.0000,144981,59.5487
2012-07-06,101.8000,102.3000,100.6000,100.6000,122633,58.7313
2012-07-09,100.0000,100.8000,98.8000,99.3500,259989,58.0016
2012-07-10,99.3500,100.4000,99.0500,99.4000,196216,58.0308
2012-07-11,98.8000,99.4000,97.7500,98.6500,161043,57.5929
2012-07-12,98.5500,100.6000,97.7000,98.0000,215047,57.2134
2012-07-13,98.3000,101.1000,97.8000,100.4000,229924,58.6146
2012-07-16,100.0000,102.5000,99.8000,101.9000,231440,59.4903
2012-07-17,103.3000,107.3000,103.1000,105.0000,355953,61.3001
2012-07-18,105.1000,105.3000,103.2000,103.6000,162755,60.4827
2012-07-19,103.8000,105.7000,103.7000,105.7000,171786,61.7088
2012-07-20,105.0000,108.4000,105.0000,105.9000,279337,61.8255
2012-07-23,105.9000,105.9000,103.6000,103.8000,144258,60.5995
2012-07-24,103.9000,105.3000,103.4000,105.0000,145991,61.3001
2012-07-25,105.0000,106.0000,104.3000,104.4000,132382,60.9498
2012-07-26,105.0000,108.0000,103.6000,107.4000,207854,62.7012
2012-07-27,108.0000,109.4000,107.2000,108.6000,207284,63.4018
2012-07-30,109.0000,109.3000,108.2000,109.1000,126565,63.6937
2012-07-31,109.3000,111.3000,108.9000,111.3000,171888,64.9781
2012-08-02,109.9000,110.3000,107.2000,108.3000,193459,63.2267
2012-08-03,109.0000,110.9000,108.3000,110.8000,92349,64.6862
2012-08-06,111.0000,112.3000,110.3000,111.7000,159196,65.2116
2012-08-07,111.3000,112.9000,110.7000,111.5000,79868,65.0949
2012-08-08,111.3000,111.6000,108.1000,108.9000,170768,63.5770
2012-08-09,109.2000,109.6000,108.0000,109.2000,87226,63.7521
2012-08-10,109.1000,109.3000,107.6000,108.3000,76573,63.2267
2012-08-13,107.6000,108.8000,107.2000,107.7000,76693,62.8764
2012-08-14,108.5000,108.8000,107.1000,108.6000,67587,63.4018
2012-08-15,108.1000,108.8000,107.2000,108.6000,85876,63.4018
2012-08-16,108.4000,110.7000,108.4000,110.3000,116206,64.3943
2012-08-17,111.0000,112.9000,109.9000,111.0000,179858,64.8030
2012-08-20,111.2000,111.8000,109.6000,110.2000,56814,64.3359
2012-08-21,109.6000,111.8000,109.6000,110.8000,111160,64.6862
2012-08-22,110.0000,110.3000,106.5000,109.2000,134392,63.7521
2012-08-23,109.7000,110.0000,107.8000,108.6000,42889,63.4018
2012-08-24,108.1000,108.9000,107.4000,108.3000,84004,63.2267
2012-08-27,108.3000,109.3000,108.0000,109.3000,32931,63.8105
2012-08-28,108.8000,108.8000,106.2000,107.6000,101504,62.8180
2012-08-29,107.5000,108.7000,107.1000,108.3000,117805,63.2267
2012-08-30,108.0000,109.8000,107.7000,108.2000,115273,63.1683
2012-08-31,108.2000,109.3000,108.1000,108.7000,105329,63.4602
2012-09-03,108.6000,110.9000,108.6000,109.6000,139372,63.9856
2012-09-04,109.6000,110.0000,107.2000,107.4000,99925,62.7012
2012-09-05,106.1000,107.0000,105.3000,105.9000,227598,61.8255
2012-09-06,106.7000,108.7000,106.2000,108.5000,145181,63.3434
2012-09-07,108.9000,110.5000,108.9000,110.0000,153852,64.2191
2012-09-10,110.2000,110.9000,110.0000,110.1000,97786,64.2775
2012-09-11,109.4000,110.8000,109.4000,110.8000,83811,64.6862
2012-09-12,110.8000,111.9000,110.0000,110.7000,178554,64.6278
2012-09-13,110.7000,110.9000,109.7000,110.0000,66212,64.2191
2012-09-14,111.7000,114.5000,111.4000,114.0000,189921,66.5544
2012-09-17,114.4000,114.4000,113.2000,113.9000,100668,66.4960
2012-09-18,112.4000,112.5000,109.3000,111.1000,205827,64.8613
2012-09-19,111.7000,112.9000,108.7000,109.2000,270914,63.7521
2012-09-20,108.9000,109.3000,107.4000,107.4000,251069,62.7012
2012-09-21,108.0000,109.1000,107.5000,107.5000,316566,62.7596
2012-09-24,107.4000,107.9000,106.8000,107.9000,129407,62.9931
2012-09-25,107.1000,108.1000,106.6000,107.9000,145833,62.9931
2012-09-26,107.1000,107.8000,106.7000,107.1000,170151,62.5261
2012-09-27,107.3000,107.8000,106.9000,107.4000,94884,62.7012
2012-09-28,107.6000,108.1000,106.1000,106.2000,144032,62.0007
2012-10-01,106.4000,108.2000,106.3000,107.2000,136310,62.5845
2012-10-02,106.3000,107.4000,106.3000,106.4000,102262,62.1174
2012-10-03,105.9000,106.4000,105.3000,105.8000,126906,61.7671
2012-10-04,106.1000,106.6000,105.4000,105.9000,99963,61.8255
2012-10-05,106.1000,106.3000,105.5000,106.0000,86613,61.8839
2012-10-08,105.2000,105.7000,104.1000,105.3000,114292,61.4752
2012-10-09,105.6000,106.4000,104.9000,105.7000,116581,61.7088
2012-10-10,105.4000,106.2000,105.4000,106.1000,121611,61.9423
2012-10-11,105.8000,106.4000,105.7000,106.0000,107322,61.8839
2012-10-12,105.7000,106.6000,105.7000,106.0000,135619,61.8839
2012-10-15,105.0000,108.5000,103.5000,106.0000,272289,61.8839
2012-10-16,105.0000,107.2000,104.8000,107.2000,196238,62.5845
2012-10-17,106.9000,107.4000,106.3000,107.4000,136933,62.7012
2012-10-18,107.2000,108.3000,106.8000,108.3000,141070,63.2267
2012-10-19,107.6000,108.7000,107.6000,108.5000,133843,63.3434
2012-10-22,108.3000,108.9000,107.9000,108.6000,89608,63.4018
2012-10-23,108.7000,108.7000,107.8000,108.0000,135972,63.0515
2012-10-24,108.2000,109.4000,107.4000,109.0000,136840,63.6353
2012-10-25,109.2000,109.8000,108.8000,108.9000,101987,63.5770
2012-10-26,108.8000,109.4000,107.6000,109.1000,99752,63.6937
2012-10-29,108.5000,109.3000,108.4000,109.0000,68581,63.6353
2012-10-30,108.5000,110.0000,108.5000,109.2000,107766,63.7521
2012-10-31,109.1000,109.6000,108.7000,108.7000,155578,63.4602
2012-11-01,108.9000,111.3000,108.9000,111.3000,100964,64.9781
2012-11-02,111.1000,113.6000,111.0000,113.0000,180489,65.9706
2012-11-05,112.4000,113.4000,112.4000,113.4000,101266,66.2041
2012-11-06,113.7000,114.8000,113.0000,114.5000,179426,66.8463
2012-11-07,114.6000,114.9000,112.1000,112.5000,144643,65.6787
2012-11-08,113.0000,114.3000,112.9000,113.8000,140298,66.4376
2012-11-09,114.2000,114.6000,113.7000,114.6000,129016,66.9047
2012-11-12,114.5000,114.6000,113.8000,114.0000,78696,66.5544
2012-11-13,113.5000,114.5000,113.4000,114.1000,124402,66.6128
2012-11-14,114.0000,114.2000,113.5000,113.9000,106187,66.4960
2012-11-15,114.0000,114.0000,112.2000,112.4000,132617,65.6203
2012-11-16,112.2000,114.6000,112.2000,113.7000,154081,66.3792
2012-11-19,114.6000,114.8000,114.1000,114.8000,84261,67.0214
2012-11-20,114.1000,114.9000,114.1000,114.8000,73423,67.0214
2012-11-21,114.4000,114.6000,113.8000,113.8000,121749,66.4376
2012-11-22,113.8000,115.0000,113.8000,115.0000,98878,67.1382
2012-11-23,114.7000,115.0000,114.3000,115.0000,70581,67.1382
2012-11-26,114.5000,114.8000,114.0000,114.0000,105807,66.5544
2012-11-27,114.2000,114.9000,113.5000,113.6000,110910,66.3209
2012-11-28,113.7000,114.0000,109.5000,111.6000,200460,65.1532
2012-11-29,111.5000,112.1000,111.3000,111.8000,159715,65.2700
2012-11-30,111.7000,112.4000,111.6000,111.6000,135321,65.1532
2012-12-03,111.5000,112.0000,110.8000,111.1000,191592,64.8613
2012-12-04,111.0000,111.9000,110.4000,110.7000,80847,64.6278
2012-12-05,110.9000,111.5000,110.4000,110.8000,78342,64.6862
2012-12-06,111.9000,112.4000,111.5000,112.0000,227847,65.3868
2012-12-07,111.8000,112.3000,111.3000,111.5000,78336,65.0949
2012-12-10,110.5000,111.7000,110.2000,111.5000,89542,65.0949
2012-12-11,111.4000,112.0000,110.7000,111.2000,156797,64.9197
2012-12-12,111.2000,111.5000,110.4000,110.4000,69508,64.4527
2012-12-13,110.3000,110.3000,109.1000,109.7000,196315,64.0440
2012-12-14,110.0000,111.0000,109.4000,110.5000,93094,64.5111
2012-12-17,110.2000,110.7000,109.5000,109.9000,84484,64.1608
2012-12-18,109.6000,111.0000,108.9000,110.0000,152373,64.2191
2012-12-19,110.1000,110.7000,110.0000,110.2000,146695,64.3359
2012-12-20,110.2000,111.2000,110.0000,110.8000,177295,64.6862
2012-12-21,111.0000,111.1000,110.1000,110.5000,245263,64.5111
2012-12-27,110.2000,110.5000,109.7000,110.3000,62144,64.3943
2012-12-28,110.5000,110.5000,109.7000,110.0000,88658,64.2191
2013-01-03,112.0000,114.0000,111.8000,113.0000,228230,65.9706
2013-01-04,113.1000,115.4000,112.6000,115.1000,225340,67.1966
2013-01-07,114.7000,115.1000,113.7000,114.6000,149933,66.9047
2013-01-08,114.5000,115.0000,114.3000,114.7000,98806,66.9631
2013-01-09,114.9000,115.5000,113.9000,114.9000,151347,67.0798
2013-01-10,115.1000,115.1000,113.9000,114.3000,110238,66.7295
2013-01-11,114.5000,114.9000,113.2000,113.2000,126699,66.0873
2013-01-14,113.6000,113.6000,112.5000,112.5000,85246,65.6787
2013-01-15,112.5000,112.7000,111.5000,112.1000,116027,65.4452
2013-01-16,112.0000,112.8000,111.7000,112.2000,70042,65.5035
2013-01-17,112.2000,115.4000,112.1000,115.2000,149498,67.2550
2013-01-18,115.7000,116.5000,114.4000,114.6000,127505,66.9047
2013-01-21,114.3000,114.7000,112.3000,112.4000,144163,65.6203
2013-01-22,109.9000,110.3000,108.3000,108.4000,351327,63.2850
2013-01-23,108.1000,109.1000,108.1000,109.0000,160210,63.6353
2013-01-24,109.3000,110.0000,108.7000,109.9000,139906,64.1608
2013-01-25,109.1000,109.7000,108.2000,109.7000,169321,64.0440
2013-01-28,110.0000,110.0000,107.2000,107.4000,175697,62.7012
2013-01-29,107.0000,107.0000,105.1000,105.8000,217869,61.7671
2013-01-30,105.6000,106.3000,104.7000,105.5000,138030,61.5920
2013-01-31,105.4000,107.2000,104.3000,106.9000,259938,62.4093
2013-02-01,106.9000,109.0000,106.3000,109.0000,233439,63.6353
2013-02-04,108.6000,109.5000,107.9000,108.3000,216881,63.2267
2013-02-05,107.7000,108.9000,107.7000,108.3000,116808,63.2267
2013-02-06,108.3000,109.5000,107.9000,108.5000,203594,63.3434
2013-02-07,108.0000,108.9000,107.7000,108.1000,121307,63.1099
2013-02-08,108.1000,108.9000,108.0000,108.5000,69262,63.3434
2013-02-11,108.1000,109.0000,107.7000,109.0000,110496,63.6353
2013-02-12,109.0000,109.0000,106.7000,107.5000,135707,62.7596
2013-02-13,107.5000,108.6000,106.5000,107.4000,206189,62.7012
2013-02-14,107.6000,108.9000,106.5000,108.2000,223408,63.1683
2013-02-15,108.6000,110.8000,108.0000,110.4000,191202,64.4527
2013-02-18,110.4000,110.8000,109.4000,109.9000,76798,64.1608
2013-02-19,109.4000,110.8000,108.6000,110.8000,122259,64.6862
2013-02-20,111.4000,112.9000,108.0000,108.2000,308803,63.1683
2013-02-21,107.9000,108.0000,106.5000,106.9000,146434,62.4093
2013-02-22,107.5000,109.4000,106.8000,108.9000,153733,63.5770
2013-02-25,109.0000,109.6000,108.1000,108.6000,215248,63.4018
2013-02-26,107.6000,107.6000,105.9000,106.4000,180128,62.1174
2013-02-27,106.6000,107.7000,106.2000,107.5000,144153,62.7596
2013-02-28,108.0000,108.9000,107.5000,107.8000,197660,62.9348
2013-03-01,107.9000,108.6000,105.3000,106.0000,400021,61.8839
2013-03-04,103.8000,105.9000,100.0000,105.0000,663614,61.3001
2013-03-05,105.7000,107.1000,104.7000,105.1000,489834,61.3585
2013-03-06,105.2000,105.5000,102.1000,103.2000,498391,60.2492
2013-03-07,103.9000,104.6000,103.6000,104.5000,270412,61.0082
2013-03-08,104.7000,105.7000,104.2000,105.5000,223704,61.5920
2013-03-11,104.0000,104.7000,103.6000,104.5000,233237,61.0082
2013-03-12,104.5000,105.4000,103.4000,105.0000,144907,61.3001
2013-03-13,105.0000,105.4000,104.3000,104.7000,293637,61.1249
2013-03-14,104.7000,105.4000,104.4000,104.8000,196894,61.1833
2013-03-15,105.5000,105.9000,104.5000,105.7000,316323,61.7088
2013-03-18,104.4000,106.2000,104.4000,105.9000,118014,61.8255
2013-03-19,106.2000,106.3000,104.8000,105.0000,94913,61.3001
2013-03-20,105.1000,105.5000,104.2000,105.1000,200876,61.3585
2013-03-21,104.5000,105.0000,103.4000,103.9000,123630,60.6579
2013-03-22,103.6000,103.6000,102.4000,102.6000,166923,59.8990
2013-03-25,103.0000,104.2000,102.5000,103.6000,185312,60.4827
2013-03-26,103.5000,104.0000,102.8000,103.0000,164556,60.1325
2013-03-27,103.4000,103.6000,102.0000,102.6000,144950,59.8990
2013-03-28,102.4000,104.3000,102.4000,103.5000,155472,60.4244
2013-04-02,103.9000,104.7000,103.3000,104.0000,125913,60.7163
2013-04-03,103.7000,104.2000,102.8000,103.2000,102443,60.2492
2013-04-04,103.9000,103.9000,102.3000,102.4000,163906,59.7822
2013-04-05,102.1000,102.6000,100.3000,101.1000,160660,59.0232
2013-04-08,101.7000,102.0000,100.4000,100.6000,142222,58.7313
2013-04-09,100.6000,101.5000,100.4000,101.1000,211233,59.0232
2013-04-10,101.6000,106.8000,101.3000,105.8000,309614,61.7671
2013-04-11,105.9000,107.7000,105.7000,105.8000,175701,61.7671
2013-04-12,106.0000,106.4000,105.1000,105.6000,162122,61.6504
2013-04-15,105.0000,109.7000,103.9000,104.8000,333657,61.1833
2013-04-16,104.8000,105.2000,102.5000,103.2000,183117,60.2492
2013-04-17,103.9000,105.8000,101.2000,103.4000,298385,60.3660
2013-04-18,103.6000,104.8000,101.6000,102.5000,251042,59.8406
2013-04-19,102.3000,103.8000,102.3000,103.3000,120453,60.3076
2013-04-22,103.8000,105.0000,102.3000,102.5000,126105,59.8406
2013-04-23,102.8000,104.8000,102.8000,104.3000,84146,60.8914
2013-04-24,105.1000,106.5000,105.0000,105.8000,126209,61.7671
2013-04-25,106.0000,107.5000,105.8000,107.1000,112837,62.5261
2013-04-26,107.4000,107.4000,105.2000,106.4000,95889,62.1174
2013-04-29,106.6000,107.7000,105.3000,107.1000,81422,62.5261
2013-04-30,107.7000,107.8000,105.8000,106.4000,93624,62.1174
2013-05-02,106.2000,107.3000,106.0000,106.5000,99191,62.1758
2013-05-03,106.8000,108.3000,106.5000,107.6000,114990,62.8180
2013-05-06,108.2000,108.3000,107.1000,107.7000,81977,62.8764
2013-05-07,108.2000,110.4000,107.8000,109.6000,213246,63.9856
2013-05-08,109.7000,110.7000,108.5000,109.0000,184006,63.6353
2013-05-10,110.5000,110.5000,108.0000,109.7000,128716,64.0440
2013-05-13,110.0000,110.3000,108.1000,109.0000,134119,63.6353
2013-05-14,106.6000,107.9000,106.1000,107.5000,210979,64.8417
2013-05-15,107.5000,108.0000,106.2000,106.7000,111201,64.3591
2013-05-16,106.7000,108.5000,106.4000,106.8000,218943,64.4195
2013-05-17,106.7000,108.3000,106.7000,107.2000,108324,64.6607
2013-05-21,107.9000,108.0000,106.4000,107.1000,182145,64.6004
2013-05-22,107.7000,109.2000,107.5000,108.8000,167567,65.6258
2013-05-23,107.6000,107.9000,106.2000,107.5000,207130,64.8417
2013-05-24,108.1000,108.9000,106.8000,108.1000,212530,65.2036
2013-05-27,108.0000,108.0000,106.4000,107.0000,38525,64.5401
2013-05-28,107.5000,108.1000,106.5000,107.6000,131143,64.9020
2013-05-29,107.5000,107.6000,105.9000,106.3000,122060,64.1179
2013-05-30,106.1000,108.1000,105.1000,107.8000,188712,65.0226
2013-05-31,107.6000,108.0000,106.0000,107.5000,145836,64.8417
2013-06-03,107.3000,107.4000,103.7000,104.4000,221311,62.9718
2013-06-04,104.5000,105.6000,103.8000,104.8000,166577,63.2131
2013-06-05,104.0000,104.8000,103.3000,103.5000,105238,62.4290
2013-06-06,103.4000,103.8000,102.4000,102.6000,173994,61.8861
2013-06-07,102.5000,105.0000,102.4000,104.2000,123297,62.8512
2013-06-10,104.2000,105.5000,104.2000,105.3000,72858,63.5147
2013-06-11,105.3000,105.3000,103.4000,104.4000,132848,62.9718
2013-06-12,104.7000,105.2000,103.2000,103.9000,135125,62.6702
2013-06-13,102.6000,103.6000,102.2000,103.6000,129197,62.4893
2013-06-14,103.2000,104.8000,103.1000,103.6000,63745,62.4893
2013-06-17,104.4000,104.4000,103.4000,103.7000,60444,62.5496
2013-06-18,104.1000,105.3000,103.6000,104.7000,115296,63.1528
2013-06-19,104.8000,105.0000,103.7000,104.0000,98455,62.7306
2013-06-20,103.0000,103.4000,100.7000,101.5000,184179,61.2226
2013-06-21,101.0000,102.4000,100.7000,100.8000,282162,60.8004
2013-06-24,100.8000,101.2000,98.5000,99.5000,271658,60.0163
2013-06-25,99.6500,101.2000,99.6000,101.0000,221162,60.9210
2013-06-26,101.0000,104.4000,100.9000,103.8000,187501,62.6099
2013-06-27,103.7000,105.2000,103.4000,104.7000,162650,63.1528
2013-06-28,104.7000,105.2000,103.3000,103.7000,197828,62.5496
2013-07-01,104.3000,107.7000,104.1000,107.3000,198350,64.7211
2013-07-02,108.8000,109.3000,107.2000,108.6000,236539,65.5052
2013-07-03,108.0000,108.5000,107.3000,108.4000,129719,65.3845
2013-07-04,109.0000,110.8000,108.8000,110.4000,160241,66.5909
2013-07-05,110.8000,111.9000,110.0000,110.7000,227037,66.7719
2013-07-08,111.6000,112.7000,111.4000,112.2000,131195,67.6766
2013-07-09,112.8000,113.4000,112.3000,112.9000,153976,68.0988
2013-07-10,112.7000,114.1000,111.2000,113.9000,203922,68.7020
2013-07-11,114.8000,114.8000,111.4000,112.6000,270845,67.9179
2013-07-12,112.7000,113.5000,109.3000,110.1000,353565,66.4100
2013-07-15,111.1000,114.4000,111.1000,112.3000,232756,67.7370
2013-07-16,113.2000,113.3000,108.5000,108.6000,233368,65.5052
2013-07-17,109.1000,111.1000,108.3000,110.7000,198549,66.7719
2013-07-18,110.9000,111.2000,109.7000,110.4000,94625,66.5909
2013-07-19,111.0000,111.4000,109.8000,110.8000,123262,66.8322
2013-07-22,111.2000,111.2000,109.7000,109.9000,102616,66.2893
2013-07-23,110.0000,110.6000,109.1000,110.3000,127010,66.5306
2013-07-24,110.0000,110.5000,109.4000,110.1000,113919,66.4100
2013-07-25,110.0000,110.8000,109.4000,110.0000,80925,66.3496
2013-07-26,110.0000,110.4000,108.6000,109.7000,167494,66.1687
2013-07-29,109.7000,111.0000,109.5000,110.0000,91471,66.3496
2013-07-30,109.9000,112.9000,109.9000,112.3000,150602,67.7370
2013-07-31,111.2000,112.8000,111.2000,112.0000,139459,67.5560
2013-08-02,112.9000,115.6000,112.3000,115.4000,280352,69.6068
2013-08-05,115.2000,116.0000,114.2000,115.8000,143167,69.8481
2013-08-06,115.8000,119.1000,115.4000,117.4000,415964,70.8132
2013-08-07,117.3000,117.9000,116.0000,116.8000,183183,70.4512
2013-08-08,116.7000,117.6000,115.9000,117.1000,148419,70.6322
2013-08-09,117.8000,120.7000,117.0000,120.4000,224164,72.6227
2013-08-12,119.8000,121.2000,119.4000,120.7000,270069,72.8036
2013-08-13,121.5000,121.5000,119.1000,119.8000,217637,72.2608
2013-08-14,120.0000,121.5000,117.8000,120.7000,273590,72.8036
2013-08-15,120.5000,121.2000,118.8000,119.4000,117739,72.0195
2013-08-16,120.3000,120.3000,118.1000,119.9000,220662,72.3211
2013-08-19,120.0000,120.3000,118.2000,118.7000,98748,71.5973
2013-08-20,117.8000,118.1000,116.9000,117.6000,121022,70.9338
2013-08-21,116.6000,117.6000,115.5000,116.0000,147822,69.9687
2013-08-22,116.0000,117.8000,116.0000,117.1000,146032,70.6322
2013-08-23,116.0000,117.4000,116.0000,117.0000,136353,70.5719
2013-08-26,117.3000,117.6000,116.4000,117.6000,56628,70.9338
2013-08-27,116.4000,117.0000,115.3000,116.7000,157402,70.3909
2013-08-28,115.9000,116.7000,114.6000,115.4000,166509,69.6068
2013-08-29,115.1000,116.6000,115.1000,116.2000,88257,70.0893
2013-08-30,116.2000,116.5000,115.3000,115.9000,113014,69.9084
2013-09-02,116.4000,117.6000,115.2000,117.0000,94764,70.5719
2013-09-03,116.8000,117.5000,115.9000,116.0000,100353,69.9687
2013-09-04,116.2000,117.1000,115.8000,116.5000,132489,70.2703
2013-09-05,116.3000,118.1000,116.3000,118.0000,66163,71.1751
2013-09-06,118.0000,118.5000,117.6000,118.3000,103536,71.3560
2013-09-09,118.0000,118.1000,116.5000,117.3000,114535,70.7528
2013-09-10,116.2000,118.8000,116.2000,118.7000,144789,71.5973
2013-09-11,118.9000,120.7000,118.7000,120.6000,215444,72.7433
2013-09-12,120.6000,121.4000,119.3000,120.2000,139120,72.5021
2013-09-13,120.8000,121.3000,120.1000,120.7000,122472,72.8036
2013-09-16,121.5000,121.9000,121.1000,121.9000,99167,73.5275
2013-09-17,121.6000,122.9000,121.0000,122.2000,156137,73.7084
2013-09-18,123.0000,123.2000,120.5000,121.1000,222765,73.0449
2013-09-19,122.0000,122.2000,120.3000,121.5000,158154,73.2862
2013-09-20,121.2000,121.6000,119.9000,120.5000,204650,72.6830
2013-09-23,119.9000,122.4000,119.9000,121.1000,142374,73.0449
2013-09-24,121.0000,121.1000,119.0000,119.1000,173105,71.8386
2013-09-25,118.6000,120.2000,118.6000,119.5000,111767,72.0798
2013-09-26,119.6000,120.8000,119.6000,120.3000,93121,72.5624
2013-09-27,120.4000,121.6000,120.2000,120.8000,87636,72.8640
2013-09-30,119.9000,119.9000,118.5000,118.5000,146325,71.4767
2013-10-01,118.7000,119.9000,118.6000,119.3000,125385,71.9592
2013-10-02,119.5000,119.5000,118.2000,118.3000,106091,71.3560
2013-10-03,118.9000,119.0000,117.8000,118.1000,111721,71.2354
2013-10-04,118.1000,118.2000,117.1000,117.1000,108373,70.6322
2013-10-07,117.1000,117.3000,115.7000,116.0000,92249,69.9687
2013-10-08,116.0000,116.8000,116.0000,116.2000,77613,70.0893
2013-10-09,116.0000,116.0000,114.8000,115.0000,115717,69.3655
2013-10-10,115.1000,117.4000,115.1000,117.1000,114877,70.6322
2013-10-11,118.0000,118.0000,116.6000,117.0000,80911,70.5719
2013-10-14,118.6000,118.6000,117.3000,117.7000,98641,70.9941
2013-10-15,116.0000,116.4000,112.6000,112.9000,300103,68.0988
2013-10-16,112.4000,112.7000,110.8000,112.6000,276749,67.9179
2013-10-17,113.3000,113.4000,112.0000,112.0000,124701,67.5560
2013-10-18,112.2000,112.5000,111.4000,111.6000,113172,67.3147
2013-10-21,112.1000,114.5000,112.1000,114.0000,111455,68.7624
2013-10-22,114.5000,114.7000,113.5000,114.2000,78462,68.8830
2013-10-23,114.0000,114.9000,113.9000,113.9000,74875,68.7020
2013-10-24,114.3000,115.0000,114.1000,114.7000,68753,69.1846
2013-10-25,114.9000,114.9000,114.1000,114.5000,59205,69.0639
2013-10-28,114.6000,115.6000,114.6000,114.8000,54725,69.2449
2013-10-29,114.4000,115.4000,114.2000,115.0000,69668,69.3655
2013-10-30,115.0000,116.3000,115.0000,115.5000,63175,69.6671
2013-10-31,115.3000,116.1000,114.5000,114.7000,109322,69.1846
2013-11-01,114.5000,115.0000,112.6000,112.9000,274469,68.0988
2013-11-04,113.5000,114.1000,112.6000,112.7000,99056,67.9782
2013-11-05,113.3000,113.3000,112.1000,112.6000,79149,67.9179
2013-11-06,113.3000,113.8000,113.1000,113.2000,135450,68.2798
2013-11-07,114.1000,114.2000,112.8000,113.0000,79413,68.1592
2013-11-08,113.3000,113.7000,112.1000,112.5000,83122,67.8576
2013-11-11,112.6000,113.1000,112.6000,112.8000,41536,68.0385
2013-11-12,112.0000,112.7000,111.8000,112.0000,70148,67.5560
2013-11-13,112.0000,112.1000,111.3000,112.0000,73674,67.5560
2013-11-14,112.6000,113.2000,111.7000,111.8000,58063,67.4354
2013-11-15,112.0000,112.6000,111.6000,112.4000,213923,67.7973
2013-11-18,112.5000,112.8000,111.8000,112.2000,201987,67.6766
2013-11-19,112.2000,112.9000,111.7000,112.5000,145099,67.8576
2013-11-20,112.5000,114.4000,112.5000,113.4000,143515,68.4004
2013-11-21,113.3000,113.9000,112.8000,113.5000,122050,68.4608
2013-11-22,116.0000,118.0000,115.7000,117.0000,216211,70.5719
2013-11-25,117.5000,117.6000,116.8000,116.9000,80697,70.5116
2013-11-26,116.9000,116.9000,115.7000,116.3000,128608,70.1497
2013-11-27,116.2000,116.9000,115.9000,116.6000,35865,70.3306
2013-11-28,117.1000,118.0000,117.0000,117.6000,86024,70.9338
2013-11-29,117.4000,118.4000,117.3000,117.4000,90432,70.8132
2013-12-02,117.4000,119.4000,117.4000,118.5000,122632,71.4767
2013-12-03,118.6000,118.6000,115.1000,115.4000,137781,69.6068
2013-12-04,115.4000,115.7000,113.7000,114.8000,119729,69.2449
2013-12-05,115.0000,115.7000,114.4000,114.9000,174330,69.3052
2013-12-06,115.3000,115.7000,114.0000,114.4000,152297,69.0036
2013-12-09,114.9000,115.6000,114.9000,115.1000,499785,69.4258
2013-12-10,115.1000,115.7000,114.0000,114.4000,128581,69.0036
2013-12-11,114.1000,115.5000,113.0000,115.0000,167538,69.3655
2013-12-12,115.0000,115.3000,113.5000,113.7000,196622,68.5814
2013-12-13,113.6000,114.9000,113.0000,113.9000,164537,68.7020
2013-12-16,113.6000,114.4000,113.4000,114.2000,127927,68.8830
2013-12-17,114.4000,114.9000,113.4000,113.4000,216221,68.4004
2013-12-18,113.9000,114.5000,113.3000,114.3000,209284,68.9433
2013-12-19,115.2000,116.2000,114.9000,115.5000,236555,69.6671
2013-12-20,116.2000,116.6000,115.5000,115.8000,207996,69.8481
2013-12-23,116.1000,116.9000,115.8000,116.8000,94505,70.4512
2013-12-27,117.0000,117.7000,116.8000,117.2000,105228,70.6925
2013-12-30,117.3000,117.7000,116.8000,117.1000,71574,70.6322
2014-01-03,116.8000,117.4000,115.9000,116.5000,116652,70.2703
2014-01-06,117.2000,117.2000,115.7000,116.2000,113280,70.0893
2014-01-07,116.6000,116.9000,116.1000,116.8000,179335,70.4512
2014-01-08,117.2000,117.3000,116.3000,116.7000,233598,70.3909
2014-01-09,116.9000,116.9000,115.6000,116.5000,370159,70.2703
2014-01-10,117.5000,121.2000,117.2000,120.7000,288835,72.8036
2014-01-13,121.4000,125.8000,121.3000,125.0000,401806,75.3973
2014-01-14,124.4000,125.8000,123.7000,124.1000,184446,74.8544
2014-01-15,124.2000,124.9000,122.7000,123.0000,215694,74.1909
2014-01-16,123.7000,124.5000,123.0000,124.3000,126369,74.9751
2014-01-17,124.8000,126.2000,123.8000,125.1000,296783,75.4576
2014-01-20,125.0000,127.6000,125.0000,127.6000,178520,76.9656
2014-01-21,128.0000,128.2000,126.1000,126.1000,246610,76.0608
2014-01-22,126.7000,126.7000,124.0000,124.3000,238363,74.9751
2014-01-23,124.6000,125.2000,122.6000,123.7000,141304,74.6132
2014-01-24,123.6000,124.4000,120.5000,120.8000,274690,72.8640
2014-01-27,120.5000,120.9000,119.2000,120.2000,151156,72.5021
2014-01-28,120.5000,121.9000,119.9000,121.5000,465504,73.2862
2014-01-29,123.7000,123.9000,120.1000,120.9000,193404,72.9243
2014-01-30,120.7000,121.6000,120.2000,121.0000,188162,72.9846
2014-01-31,121.3000,121.3000,119.2000,120.5000,336258,72.6830
2014-02-03,120.9000,121.9000,118.5000,118.7000,122791,71.5973
2014-02-04,118.3000,118.5000,117.2000,117.6000,135553,70.9338
2014-02-05,117.6000,118.3000,116.8000,117.9000,221083,71.1148
2014-02-06,118.7000,120.3000,117.5000,120.0000,186858,72.3814
2014-02-07,120.0000,120.8000,119.3000,119.9000,231268,72.3211
2014-02-10,120.0000,120.1000,118.9000,119.7000,123500,72.2005
2014-02-11,119.7000,121.0000,119.6000,120.3000,125307,72.5624
2014-02-12,120.9000,121.3000,120.2000,120.7000,125479,72.8036
2014-02-13,120.3000,120.6000,119.3000,119.9000,85673,72.3211
2014-02-14,120.3000,120.6000,119.4000,120.0000,212356,72.3814
2014-02-17,120.0000,120.6000,119.3000,120.5000,139979,72.6830
2014-02-18,120.7000,121.4000,119.9000,121.4000,83870,73.2259
2014-02-19,121.2000,123.3000,120.9000,122.9000,166785,74.1306
2014-02-20,122.4000,123.1000,121.2000,122.4000,99191,73.8290
2014-02-21,122.7000,123.1000,122.3000,122.7000,51414,74.0100
2014-02-24,122.6000,125.2000,122.3000,125.2000,185035,75.5179
2014-02-25,124.9000,125.2000,123.8000,125.0000,86404,75.3973
2014-02-26,125.0000,125.3000,124.1000,124.3000,130148,74.9751
2014-02-27,124.0000,124.3000,122.5000,123.0000,132848,74.1909
2014-02-28,122.4000,125.6000,121.7000,125.6000,283796,75.7592
2014-03-03,120.7000,122.2000,120.6000,121.7000,252785,73.4068
2014-03-04,122.0000,123.5000,121.3000,123.3000,157484,74.3719
2014-03-05,123.1000,123.3000,122.2000,122.3000,145070,73.7687
2014-03-06,123.5000,124.9000,123.1000,124.1000,111871,74.8544
2014-03-07,124.5000,125.0000,122.9000,123.1000,118047,74.2513
2014-03-10,122.9000,123.0000,120.7000,121.7000,92050,73.4068
2014-03-11,122.0000,122.9000,121.7000,121.7000,61353,73.4068
2014-03-12,121.7000,121.8000,120.3000,120.7000,88408,72.8036
2014-03-13,121.2000,121.7000,120.3000,120.5000,102822,72.6830
2014-03-14,120.0000,121.2000,118.9000,119.1000,179857,71.8386
2014-03-17,119.1000,120.6000,119.1000,120.1000,105634,72.4417
2014-03-18,120.1000,121.9000,119.7000,121.3000,99688,73.1656
2014-03-19,121.2000,121.8000,120.3000,121.4000,133592,73.2259
2014-03-20,120.8000,121.1000,119.4000,120.0000,152252,72.3814
2014-03-21,120.3000,120.4000,118.7000,120.0000,186887,72.3814
2014-03-24,119.9000,120.3000,118.5000,118.8000,103797,71.6576
2014-03-25,119.0000,121.1000,119.0000,120.5000,150334,72.6830
2014-03-26,121.0000,121.8000,120.8000,121.0000,171753,72.9846
2014-03-27,121.0000,121.8000,120.8000,121.7000,92176,73.4068
2014-03-28,121.9000,122.9000,121.9000,122.7000,79131,74.0100
2014-03-31,123.1000,124.2000,123.0000,123.7000,128092,74.6132
2014-04-01,123.9000,124.8000,123.2000,124.5000,92581,75.0957
2014-04-02,124.3000,124.8000,123.4000,124.2000,122260,74.9148
2014-04-03,124.2000,125.1000,124.2000,124.7000,90860,75.2164
2014-04-04,124.6000,125.2000,124.3000,125.0000,107118,75.3973
2014-04-07,124.3000,124.8000,123.5000,123.8000,96172,74.6735
2014-04-08,124.1000,124.2000,121.8000,123.2000,115679,74.3116
2014-04-09,123.5000,124.8000,123.5000,124.7000,137500,75.2164
2014-04-10,125.0000,125.3000,123.2000,124.2000,126493,74.9148
2014-04-11,123.3000,123.4000,121.4000,122.9000,182824,74.1306
2014-04-14,122.4000,122.4000,117.7000,119.7000,243157,72.2005
2014-04-15,119.9000,120.3000,118.0000,119.4000,127201,72.0195
2014-04-16,120.3000,121.6000,119.8000,121.3000,102534,73.1656
2014-04-17,120.4000,120.8000,117.7000,119.1000,236413,71.8386
2014-04-22,119.8000,121.6000,119.0000,121.5000,133263,73.2862
2014-04-23,121.6000,121.6000,119.0000,119.0000,124434,71.7782
2014-04-24,119.6000,120.7000,119.5000,120.4000,104868,72.6227
2014-04-25,119.9000,120.3000,118.9000,119.3000,81003,71.9592
2014-04-28,119.0000,119.5000,117.7000,119.0000,140005,71.7782
2014-04-29,119.0000,119.5000,118.6000,118.8000,135403,71.6576
2014-04-30,118.8000,120.4000,118.5000,120.2000,132621,72.5021
2014-05-02,120.2000,121.0000,119.0000,120.7000,85310,72.8036
2014-05-05,121.3000,122.6000,120.8000,122.1000,92258,73.6481
2014-05-06,122.4000,123.3000,121.1000,121.2000,147968,73.1052
2014-05-07,121.0000,121.7000,120.7000,121.4000,147975,73.2259
2014-05-08,116.2000,117.6000,115.6000,116.5000,240810,73.8279
2014-05-09,116.9000,117.4000,116.5000,117.0000,120288,74.1448
2014-05-12,117.1000,119.0000,117.1000,118.6000,120238,75.1587
2014-05-13,118.6000,119.7000,117.3000,118.0000,184071,74.7785
2014-05-14,118.2000,118.8000,118.0000,118.5000,68800,75.0953
2014-05-15,118.6000,118.6000,117.0000,117.3000,115144,74.3349
2014-05-16,117.4000,118.3000,116.6000,118.3000,139097,74.9686
2014-05-19,117.7000,119.6000,117.7000,119.1000,115312,75.4756
2014-05-20,119.0000,120.0000,118.9000,119.4000,81383,75.6657
2014-05-21,119.3000,120.6000,119.2000,120.2000,126398,76.1726
2014-05-22,120.4000,121.5000,120.2000,121.1000,104918,76.7430
2014-05-23,121.5000,121.5000,120.2000,120.6000,103493,76.4261
2014-05-26,120.7000,121.4000,120.7000,121.3000,45835,76.8697
2014-05-27,121.0000,121.9000,120.4000,121.7000,63253,77.1232
2014-05-28,121.0000,122.7000,120.8000,122.4000,117322,77.5668
2014-05-30,122.3000,122.9000,121.9000,122.1000,197219,77.3767
2014-06-02,122.7000,122.9000,121.8000,122.1000,87030,77.3767
2014-06-03,122.3000,122.3000,120.4000,120.8000,127918,76.5529
2014-06-04,120.7000,121.5000,120.5000,121.3000,92392,76.8697
2014-06-05,121.7000,122.4000,121.1000,121.5000,93482,76.9965
2014-06-06,121.6000,122.5000,120.8000,122.1000,91599,77.3767
2014-06-10,121.2000,123.0000,121.2000,122.4000,74785,77.5668
2014-06-11,122.8000,123.0000,121.5000,121.7000,137188,77.1232
2014-06-12,122.2000,122.4000,121.5000,121.9000,117633,77.2500
2014-06-13,122.0000,122.0000,120.5000,121.0000,124891,76.6796
2014-06-16,120.5000,121.2000,120.1000,120.4000,120202,76.2994
2014-06-17,120.3000,120.7000,119.2000,120.0000,147927,76.0459
2014-06-18,120.0000,120.4000,119.7000,119.8000,95024,75.9192
2014-06-19,120.6000,120.8000,119.5000,120.0000,144782,76.0459
2014-06-20,120.8000,120.8000,119.9000,120.7000,212084,76.4895
2014-06-23,120.4000,120.7000,118.9000,119.3000,96376,75.6023
2014-06-24,119.7000,119.7000,117.9000,118.2000,104662,74.9052
2014-06-25,118.2000,118.2000,116.7000,117.5000,145244,74.4616
2014-06-26,118.1000,118.8000,117.5000,118.2000,116185,74.9052
2014-06-27,118.2000,118.8000,117.7000,118.4000,105314,75.0320
2014-06-30,118.4000,118.8000,117.5000,118.0000,131316,74.7785
2014-07-01,118.3000,118.5000,116.8000,117.5000,181567,74.4616
2014-07-02,117.8000,118.2000,117.0000,117.4000,117240,74.3982
2014-07-03,117.5000,118.3000,116.4000,116.5000,210188,73.8279
2014-07-04,117.0000,117.9000,115.9000,117.8000,146613,74.6517
2014-07-07,117.9000,118.4000,116.7000,116.7000,205724,73.9546
2014-07-08,116.7000,117.4000,116.1000,116.1000,117433,73.5744
2014-07-09,116.2000,116.8000,115.6000,116.7000,114521,73.9546
2014-07-10,116.7000,117.0000,114.1000,115.2000,171646,73.0041
2014-07-11,115.5000,116.7000,115.1000,116.6000,135180,73.8913
2014-07-14,119.0000,121.8000,118.0000,121.8000,221546,77.1866
2014-07-15,121.6000,122.6000,120.5000,120.9000,247921,76.6162
2014-07-16,120.7000,122.4000,120.7000,121.9000,143053,77.2500
2014-07-17,121.2000,121.3000,120.1000,120.6000,127445,76.4261
2014-07-18,120.1000,120.9000,119.7000,120.6000,92733,76.4261
2014-07-21,120.8000,121.2000,119.8000,120.4000,90591,76.2994
2014-07-22,120.8000,121.4000,120.0000,121.3000,159113,76.8697
2014-07-23,120.8000,122.4000,120.8000,121.9000,109939,77.2500
2014-07-24,121.9000,122.4000,121.4000,122.3000,111248,77.5034
2014-07-25,121.8000,122.5000,121.5000,122.2000,96670,77.4401
2014-07-28,122.5000,122.9000,121.9000,122.3000,94361,77.5034
2014-07-29,122.4000,123.3000,120.6000,121.9000,162636,77.2500
2014-07-30,121.9000,122.2000,120.9000,121.6000,119337,77.0599
2014-07-31,121.5000,121.5000,120.3000,121.4000,108373,76.9331
2014-08-04,121.4000,121.4000,121.4000,121.4000,0,76.9331
2014-08-05,120.0000,120.5000,119.5000,120.0000,97557,76.0459
2014-08-06,119.2000,119.5000,117.8000,119.4000,212369,75.6657
2014-08-07,119.5000,120.2000,118.7000,119.0000,153648,75.4122
2014-08-08,117.9000,119.0000,116.6000,119.0000,258912,75.4122
2014-08-11,119.4000,120.8000,119.2000,120.6000,86730,76.4261
2014-08-12,120.4000,122.1000,120.3000,121.2000,163190,76.8064
2014-08-13,120.5000,121.8000,120.5000,121.8000,67865,77.1866
2014-08-14,121.7000,122.5000,120.9000,122.5000,85724,77.6302
2014-08-15,122.5000,122.8000,121.2000,121.5000,136514,76.9965
2014-08-18,122.5000,122.9000,122.2000,122.4000,78177,77.5668
2014-08-19,122.7000,123.5000,122.6000,123.3000,75687,78.1372
2014-08-20,123.4000,124.2000,123.4000,123.7000,104558,78.3907
2014-08-21,124.0000,124.9000,123.3000,124.6000,95787,78.9610
2014-08-22,124.1000,124.7000,124.0000,124.1000,134511,78.6441
2014-08-25,124.5000,124.8000,124.3000,124.8000,86770,79.0877
2014-08-26,124.6000,125.0000,124.3000,124.9000,108698,79.1511
2014-08-27,124.8000,125.4000,124.4000,124.9000,75872,79.1511
2014-08-28,124.6000,124.9000,123.2000,123.7000,106686,78.3907
2014-08-29,123.9000,124.1000,123.1000,123.7000,111960,78.3907
2014-09-01,124.0000,124.8000,123.9000,124.6000,75136,78.9610
2014-09-02,124.7000,125.2000,124.3000,124.5000,91806,78.8976
2014-09-03,124.2000,126.1000,124.2000,124.6000,141310,78.9610
2014-09-04,124.8000,125.6000,124.0000,125.4000,64076,79.4680
2014-09-05,125.1000,125.8000,124.8000,125.3000,61225,79.4046
2014-09-08,125.2000,125.5000,124.3000,124.9000,88751,79.1511
2014-09-09,124.6000,125.9000,124.6000,125.7000,93387,79.6581
2014-09-10,124.3000,125.0000,123.2000,123.6000,182144,78.3273
2014-09-11,123.9000,124.6000,123.7000,124.1000,95926,78.6441
2014-09-12,124.2000,124.9000,123.5000,124.4000,71432,78.8343
2014-09-15,123.9000,124.1000,123.0000,123.3000,76719,78.1372
2014-09-16,123.7000,126.0000,123.2000,126.0000,187674,79.8482
2014-09-17,126.2000,126.2000,123.3000,124.5000,209298,78.8976
2014-09-18,124.2000,125.4000,123.3000,123.5000,146239,78.2639
2014-09-19,123.8000,124.1000,122.5000,122.8000,249773,77.8203
2014-09-22,122.8000,123.8000,122.5000,122.7000,147044,77.7570
2014-09-23,122.7000,123.1000,122.0000,122.1000,180767,77.3767
2014-09-24,122.1000,122.8000,121.4000,122.2000,194885,77.4401
2014-09-25,121.8000,123.0000,120.8000,121.0000,171344,76.6796
2014-09-26,120.6000,120.6000,119.2000,119.9000,151265,75.9825
2014-09-29,120.0000,120.1000,118.4000,118.9000,133356,75.3488
2014-09-30,119.4000,120.8000,118.9000,120.6000,160814,76.4261
2014-10-01,123.5000,124.4000,120.7000,121.1000,246987,76.7430
2014-10-02,121.0000,121.2000,118.5000,118.7000,162154,75.2221
2014-10-03,119.3000,120.2000,118.9000,120.0000,115299,76.0459
2014-10-06,120.2000,121.0000,119.7000,119.8000,81322,75.9192
2014-10-07,119.3000,119.4000,117.5000,117.5000,175249,74.4616
2014-10-08,117.4000,118.1000,116.5000,118.0000,166196,74.7785
2014-10-09,118.8000,119.9000,118.5000,119.4000,210974,75.6657
2014-10-10,118.4000,118.9000,117.3000,117.3000,256771,74.3349
2014-10-13,116.3000,119.1000,115.6000,117.3000,194273,74.3349
2014-10-14,116.6000,118.6000,116.1000,118.4000,197612,75.0320
2014-10-15,118.2000,118.4000,115.3000,115.9000,211851,73.4477
2014-10-16,116.2000,117.5000,113.2000,117.1000,313307,74.2081
2014-10-17,117.0000,118.5000,116.6000,117.5000,163011,74.4616
2014-10-20,117.5000,118.3000,117.0000,118.1000,159867,74.8418
2014-10-21,117.7000,119.2000,117.3000,118.7000,277633,75.2221
2014-10-22,119.1000,121.9000,119.1000,121.6000,202072,77.0599
2014-10-23,121.7000,121.7000,120.1000,121.4000,148952,76.9331
2014-10-24,121.4000,121.6000,120.5000,121.0000,103129,76.6796
2014-10-27,121.7000,121.7000,120.2000,120.7000,106465,76.4895
2014-10-28,121.0000,122.0000,121.0000,121.6000,112742,77.0599
2014-10-29,121.9000,122.9000,121.8000,122.2000,171509,77.4401
2014-10-30,122.6000,123.3000,121.2000,123.0000,151825,77.9471
2014-10-31,123.6000,125.6000,123.6000,125.2000,285394,79.3412
2014-11-03,125.1000,126.2000,124.0000,124.4000,126926,78.8343
2014-11-04,124.1000,125.6000,123.7000,124.3000,174089,78.7709
2014-11-05,124.9000,126.3000,124.7000,125.7000,128231,79.6581
2014-11-06,125.5000,126.7000,125.1000,126.7000,116097,80.2918
2014-11-07,126.7000,126.8000,125.2000,125.9000,113279,79.7848
2014-11-10,125.5000,127.0000,125.2000,127.0000,113018,80.4819
2014-11-11,126.6000,127.4000,126.3000,127.0000,130001,80.4819
2014-11-12,127.1000,127.6000,125.7000,125.9000,168802,79.7848
2014-11-13,126.2000,126.7000,126.0000,126.2000,95911,79.9749
2014-11-14,126.4000,127.0000,125.9000,126.8000,157458,80.3552
2014-11-17,126.0000,126.8000,124.7000,126.6000,153430,80.2284
2014-11-18,126.3000,127.4000,125.8000,127.2000,121526,80.6087
2014-11-19,127.4000,127.4000,126.7000,127.2000,78168,80.6087
2014-11-20,127.4000,127.6000,126.4000,127.6000,77879,80.8621
2014-11-21,127.5000,129.5000,127.5000,129.5000,165056,82.0662
2014-11-24,129.4000,129.9000,129.0000,129.6000,91964,82.1296
2014-11-25,129.4000,131.8000,129.1000,130.8000,495736,82.8900
2014-11-26,130.8000,131.4000,130.1000,130.2000,110817,82.5098
2014-11-27,130.6000,130.7000,130.1000,130.5000,59397,82.6999
2014-11-28,130.6000,130.6000,129.3000,130.1000,131235,82.4464
2014-12-01,129.8000,131.2000,129.5000,130.7000,97479,82.8267
2014-12-02,131.1000,131.9000,130.7000,131.7000,111698,83.4604
2014-12-03,131.8000,132.4000,131.5000,132.4000,101030,83.9040
2014-12-04,132.0000,133.4000,131.7000,132.5000,129347,83.9673
2014-12-05,133.6000,133.7000,132.3000,133.6000,132128,84.6645
2014-12-08,133.1000,134.1000,132.9000,134.1000,115762,84.9813
2014-12-09,131.7000,131.8000,129.2000,130.6000,281241,82.7633
2014-12-10,131.1000,131.6000,130.3000,130.9000,115159,82.9534
2014-12-11,130.2000,132.0000,129.7000,131.6000,136958,83.3970
2014-12-12,131.2000,131.2000,129.8000,130.1000,113090,82.4464
2014-12-15,130.0000,130.8000,128.9000,128.9000,149352,81.6860
2014-12-16,129.1000,129.2000,127.3000,128.3000,160945,81.3058
2014-12-17,129.2000,130.3000,128.9000,129.7000,194447,82.1930
2014-12-18,130.6000,133.2000,130.5000,133.2000,227514,84.4109
2014-12-19,134.0000,135.2000,133.8000,134.6000,220291,85.2982
2014-12-22,135.0000,135.5000,134.5000,135.3000,101422,85.7417
2014-12-23,135.7000,136.3000,135.2000,136.1000,88123,86.2487
2014-12-29,135.8000,136.6000,134.7000,135.1000,101293,85.6150
2014-12-30,134.5000,135.4000,134.5000,135.3000,90995,85.7417
2015-01-05,135.1000,136.4000,134.1000,134.4000,138586,85.1714
2015-01-06,134.6000,135.0000,133.6000,133.6000,98554,84.6645
2015-01-07,134.1000,136.0000,133.5000,135.0000,111303,85.5517
2015-01-08,136.5000,138.0000,136.2000,137.4000,126869,87.0726
2015-01-09,137.1000,139.0000,136.8000,137.1000,113922,86.8825
2015-01-12,137.8000,137.8000,136.8000,137.0000,132111,86.8191
2015-01-13,137.0000,137.5000,136.8000,137.0000,163366,86.8191
2015-01-14,136.6000,137.0000,135.4000,135.8000,161112,86.0586
2015-01-15,136.2000,136.4000,122.8000,123.8000,661523,78.4540
2015-01-16,122.6000,122.9000,118.1000,119.2000,571886,75.5389
2015-01-19,119.5000,120.3000,118.4000,118.9000,303775,75.3488
2015-01-20,119.0000,119.2000,117.3000,118.2000,229167,74.9052
2015-01-21,118.5000,120.6000,116.6000,120.3000,364354,76.2360
2015-01-22,120.1000,120.2000,118.0000,119.2000,324729,75.5389
2015-01-23,120.0000,122.3000,119.1000,121.4000,279520,76.9331
2015-01-26,121.2000,123.8000,121.0000,123.2000,158165,78.0738
2015-01-27,123.9000,125.7000,123.5000,124.1000,195537,78.6441
2015-01-28,124.8000,125.2000,123.6000,123.9000,204135,78.5174
2015-01-29,123.2000,125.9000,123.0000,125.9000,144389,79.7848
2015-01-30,126.6000,128.0000,126.6000,126.6000,255116,80.2284
2015-02-02,126.5000,128.1000,126.5000,127.8000,182737,80.9889
2015-02-03,128.0000,130.0000,128.0000,129.5000,177993,82.0662
2015-02-04,129.6000,130.7000,129.1000,130.3000,136051,82.5732
2015-02-05,129.3000,131.5000,129.2000,131.2000,158177,83.1435
2015-02-06,131.2000,131.5000,129.7000,130.0000,152370,82.3831
2015-02-09,129.6000,130.4000,128.4000,130.4000,81230,82.6365
2015-02-10,130.8000,131.5000,130.4000,131.2000,97436,83.1435
2015-02-11,131.5000,131.5000,129.7000,130.5000,87310,82.6999
2015-02-12,131.0000,132.9000,130.3000,132.9000,98978,84.2208
2015-02-13,133.0000,134.0000,132.1000,133.9000,149162,84.8546
2015-02-16,134.1000,134.1000,132.3000,132.4000,111787,83.9040
2015-02-17,132.9000,132.9000,131.4000,132.0000,137524,83.6505
2015-02-18,132.4000,133.6000,132.3000,133.4000,129871,84.5377
2015-02-19,133.5000,134.9000,132.0000,134.5000,139375,85.2348
2015-02-20,134.2000,135.7000,133.8000,134.2000,191228,85.0447
2015-02-23,134.7000,136.1000,134.7000,135.8000,123708,86.0586
2015-02-24,135.6000,136.1000,135.0000,135.5000,149887,85.8685
2015-02-25,138.0000,140.5000,137.0000,139.6000,303674,88.4668
2015-02-26,139.0000,140.8000,138.2000,139.5000,259299,88.4034
2015-02-27,139.7000,140.1000,138.0000,138.8000,217004,87.9598
2015-03-02,139.4000,141.1000,139.0000,140.7000,199736,89.1638
2015-03-03,141.5000,142.6000,140.2000,140.5000,181352,89.0371
2015-03-04,140.4000,140.7000,138.9000,139.7000,132249,88.5301
2015-03-05,140.1000,141.9000,140.1000,141.6000,254139,89.7342
2015-03-06,141.9000,142.9000,141.4000,142.4000,128291,90.2411
2015-03-09,141.7000,142.9000,141.2000,142.7000,149270,90.4313
2015-03-10,143.0000,144.0000,142.3000,142.3000,135727,90.1778
2015-03-11,142.1000,144.0000,142.1000,143.7000,139745,91.0650
2015-03-12,143.3000,144.5000,143.3000,144.0000,264569,91.2551
2015-03-13,144.0000,144.6000,143.8000,144.1000,125017,91.3185
2015-03-16,144.7000,146.1000,144.6000,145.8000,215733,92.3958
2015-03-17,145.5000,146.1000,145.2000,145.5000,266256,92.2057
2015-03-18,145.4000,147.0000,145.1000,146.2000,189205,92.6493
2015-03-19,146.5000,147.7000,146.0000,146.4000,114705,92.7760
2015-03-20,146.0000,147.8000,146.0000,147.5000,169766,93.4731
2015-03-23,147.1000,147.3000,145.4000,145.4000,161205,92.1423
2015-03-24,145.1000,147.3000,143.8000,145.0000,229415,91.8888
2015-03-25,144.5000,145.7000,143.7000,144.2000,159041,91.3818
2015-03-26,143.5000,144.0000,141.9000,143.6000,147218,91.0016
2015-03-27,143.5000,144.6000,143.5000,143.7000,216745,91.0650
2015-03-30,144.4000,144.9000,144.2000,144.3000,135180,91.4452
2015-03-31,144.4000,146.6000,144.1000,144.5000,250791,91.5720
2015-04-01,144.2000,145.8000,144.0000,144.5000,138058,91.5720
2015-04-02,144.2000,145.6000,144.2000,144.9000,105164,91.8254
2015-04-07,147.5000,148.3000,146.3000,147.7000,180230,93.5998
2015-04-08,147.7000,148.2000,147.1000,147.5000,122718,93.4731
2015-04-09,148.2000,148.7000,147.6000,148.5000,120822,94.1068
2015-04-10,147.8000,148.2000,144.3000,145.0000,318503,91.8888
2015-04-13,145.1000,145.6000,144.1000,145.5000,207326,92.2057
2015-04-14,141.5000,143.0000,139.8000,142.6000,402415,90.3679
2015-04-15,141.0000,142.2000,141.0000,141.7000,279141,89.7975
2015-04-16,142.1000,142.3000,140.5000,140.7000,238106,89.1638
2015-04-17,140.9000,142.4000,139.9000,140.5000,285272,89.0371
2015-04-20,141.1000,142.2000,141.1000,141.9000,186581,89.9243
2015-04-21,142.3000,144.6000,142.3000,143.5000,269053,90.9382
2015-04-22,143.5000,144.2000,141.7000,142.4000,146249,90.2411
2015-04-23,142.8000,143.5000,141.7000,142.9000,147229,90.5580
2015-04-24,143.2000,144.1000,142.0000,142.4000,174650,90.2411
2015-04-27,142.6000,143.7000,142.0000,143.0000,151443,90.6214
2015-04-28,142.7000,143.3000,141.4000,141.9000,244504,89.9243
2015-04-29,142.0000,143.9000,141.6000,142.0000,192613,89.9877
2015-04-30,141.5000,141.9000,140.1000,140.6000,509481,89.1005
2015-05-04,141.4000,141.5000,140.3000,140.6000,347239,89.1005
2015-05-05,141.1000,141.3000,138.4000,138.5000,281522,87.7697
2015-05-06,138.2000,139.1000,136.8000,137.4000,224287,87.0726
2015-05-07,137.3000,137.3000,134.7000,136.7000,341450,86.6290
2015-05-08,131.4000,132.7000,130.5000,132.3000,318926,88.3655
2015-05-11,132.6000,134.5000,132.6000,134.3000,258726,89.7014
2015-05-12,134.0000,134.2000,132.6000,133.8000,274501,89.3674
2015-05-13,134.0000,134.8000,132.7000,133.3000,197049,89.0335
2015-05-15,133.8000,135.7000,133.6000,133.7000,215016,89.3006
2015-05-18,134.5000,134.5000,133.6000,134.3000,154468,89.7014
2015-05-19,135.0000,136.2000,134.8000,135.1000,152804,90.2357
2015-05-20,135.4000,135.6000,134.1000,134.5000,167463,89.8350
2015-05-21,134.6000,134.8000,133.5000,134.0000,161942,89.5010
2015-05-22,134.0000,134.7000,133.1000,133.3000,202450,89.0335
2015-05-26,132.9000,133.4000,132.7000,133.0000,213573,88.8331
2015-05-27,132.9000,133.7000,132.9000,133.5000,194686,89.1671
2015-05-28,133.0000,134.8000,133.0000,133.8000,187639,89.3674
2015-05-29,133.7000,133.9000,132.0000,132.0000,396979,88.1652
2015-06-01,133.1000,133.3000,132.6000,132.8000,166792,88.6995
2015-06-02,133.5000,133.6000,132.3000,132.9000,204223,88.7663
2015-06-03,132.9000,133.5000,132.5000,133.0000,232249,88.8331
2015-06-04,132.6000,133.1000,132.0000,132.7000,137534,88.6327
2015-06-05,132.5000,132.6000,131.5000,131.7000,170930,87.9648
2015-06-08,131.9000,132.2000,131.2000,131.2000,143940,87.6308
2015-06-09,131.2000,132.2000,130.7000,131.7000,187402,87.9648
2015-06-10,131.6000,133.3000,131.6000,132.8000,197812,88.6995
2015-06-11,132.9000,133.6000,132.2000,132.4000,153159,88.4323
2015-06-12,132.3000,132.3000,131.0000,131.2000,180938,87.6308
2015-06-15,130.5000,130.7000,128.1000,128.1000,283429,85.5603
2015-06-16,128.0000,129.4000,127.4000,128.9000,168891,86.0946
2015-06-17,129.3000,129.4000,127.2000,127.2000,149386,84.9592
2015-06-18,126.6000,126.6000,124.6000,125.2000,367221,83.6233
2015-06-19,125.1000,126.6000,125.1000,125.7000,262777,83.9573
2015-06-22,127.0000,127.1000,125.6000,126.6000,211298,84.5584
2015-06-23,126.7000,127.8000,126.6000,127.1000,179311,84.8924
2015-06-24,127.5000,127.7000,126.7000,127.2000,204703,84.9592
2015-06-25,126.8000,126.9000,125.4000,125.5000,236701,83.8237
2015-06-26,125.2000,125.6000,123.8000,124.2000,208800,82.9554
2015-06-29,121.9000,125.1000,121.5000,124.6000,401543,83.2226
2015-06-30,124.6000,125.4000,124.1000,124.1000,277899,82.8886
2015-07-01,124.5000,125.8000,124.3000,124.8000,244155,83.3562
2015-07-02,125.0000,125.3000,124.1000,124.2000,109905,82.9554
2015-07-03,124.4000,124.4000,122.8000,122.9000,156033,82.0871
2015-07-06,121.8000,123.3000,121.8000,122.3000,149918,81.6864
2015-07-07,122.3000,122.9000,121.0000,121.2000,193508,80.9517
2015-07-08,122.7000,123.1000,122.1000,122.7000,188941,81.9535
2015-07-09,123.3000,126.1000,123.0000,125.4000,266443,83.7569
2015-07-10,127.3000,127.7000,126.3000,126.7000,240448,84.6252
2015-07-13,127.6000,127.6000,125.8000,126.4000,342355,84.4248
2015-07-14,128.7000,133.0000,127.9000,129.2000,434387,86.2950
2015-07-15,129.4000,129.9000,128.7000,129.1000,198207,86.2282
2015-07-16,129.4000,130.3000,129.1000,130.0000,202137,86.8293
2015-07-17,129.2000,132.0000,129.2000,132.0000,282537,88.1652
2015-07-20,132.1000,132.2000,130.8000,131.5000,188360,87.8312
2015-07-21,131.6000,132.1000,131.1000,132.0000,228620,88.1652
2015-07-22,131.9000,132.2000,131.3000,131.7000,118531,87.9648
2015-07-23,132.6000,132.6000,130.5000,130.8000,364255,87.3637
2015-07-24,130.5000,131.4000,129.2000,129.4000,148249,86.4286
2015-07-27,129.3000,130.2000,128.6000,129.9000,142340,86.7625
2015-07-28,130.1000,131.6000,130.0000,131.6000,159743,87.8980
2015-07-29,131.9000,132.8000,131.0000,131.9000,141876,88.0984
2015-07-30,132.2000,133.3000,131.3000,132.3000,176161,88.3655
2015-07-31,132.8000,133.4000,132.1000,133.4000,116686,89.1003
2015-08-03,133.0000,133.6000,132.6000,133.6000,156549,89.2338
2015-08-04,133.1000,134.0000,132.8000,133.7000,128070,89.3006
2015-08-05,133.9000,135.7000,133.6000,135.3000,186054,90.3693
2015-08-06,135.4000,136.8000,135.0000,136.2000,175294,90.9704
2015-08-07,135.9000,136.5000,135.2000,135.6000,125510,90.5697
2015-08-10,135.7000,136.8000,135.4000,136.6000,132209,91.2376
2015-08-11,136.1000,137.1000,136.0000,136.5000,192623,91.1708
2015-08-12,136.0000,136.0000,133.1000,133.5000,278071,89.1671
2015-08-13,134.6000,135.4000,133.8000,134.4000,258185,89.7682
2015-08-14,134.7000,135.3000,134.0000,134.7000,115580,89.9685
2015-08-17,134.8000,135.6000,134.4000,135.2000,87125,90.3025
2015-08-18,135.3000,135.5000,134.7000,135.0000,169495,90.1689
2015-08-19,134.1000,134.6000,132.1000,133.5000,237403,89.1671
2015-08-20,133.2000,133.5000,130.3000,131.0000,579763,87.4973
2015-08-21,130.0000,130.4000,126.9000,127.3000,772412,85.0260
2015-08-24,125.0000,125.7000,123.6000,124.8000,623973,83.3562
2015-08-25,125.7000,128.9000,124.6000,128.6000,369602,85.8943
2015-08-26,127.8000,129.1000,125.9000,128.0000,306016,85.4935
2015-08-27,129.7000,130.8000,129.2000,130.3000,351754,87.0297
2015-08-28,130.1000,130.6000,126.8000,127.8000,443444,85.3599
2015-08-31,127.6000,128.8000,127.4000,128.8000,119647,86.0278
2015-09-01,127.7000,128.2000,125.9000,125.9000,222600,84.0909
2015-09-02,126.1000,127.4000,125.6000,127.1000,203332,84.8924
2015-09-03,127.9000,129.0000,127.6000,127.9000,152717,85.4267
2015-09-04,127.3000,127.5000,126.5000,127.4000,147083,85.0927
2015-09-07,127.9000,128.4000,126.7000,126.9000,82165,84.7588
2015-09-08,127.0000,127.7000,126.6000,126.8000,241046,84.6920
2015-09-09,128.9000,128.9000,127.9000,128.0000,131730,85.4935
2015-09-10,127.7000,127.7000,126.3000,126.6000,157082,84.5584
2015-09-11,127.2000,127.2000,126.0000,127.0000,121664,84.8256
2015-09-14,126.9000,128.2000,126.1000,126.2000,107131,84.2913
2015-09-15,126.1000,126.1000,125.3000,125.7000,155729,83.9573
2015-09-16,126.0000,126.4000,124.8000,125.6000,241994,83.8905
2015-09-17,125.6000,126.0000,125.0000,126.0000,141898,84.1577
2015-09-18,125.7000,126.0000,124.6000,125.0000,360800,83.4898
2015-09-21,124.8000,126.7000,124.5000,126.0000,127912,84.1577
2015-09-22,126.0000,126.2000,123.5000,123.7000,0,82.6215
2015-09-23,123.3000,124.8000,123.1000,124.1000,153300,82.8886
2015-09-24,124.2000,124.6000,120.7000,121.0000,249145,80.8181
2015-09-25,122.5000,124.3000,122.2000,123.9000,187327,82.7550
2015-09-28,124.1000,125.0000,123.1000,123.5000,188017,82.4879
2015-09-29,122.7000,124.1000,122.0000,123.5000,182141,82.4879
2015-09-30,124.9000,126.1000,124.3000,125.2000,202486,83.6233
2015-10-01,126.1000,127.6000,124.9000,125.5000,202551,83.8237
2015-10-02,126.0000,127.2000,125.2000,126.2000,194084,84.2913
2015-10-05,127.7000,128.6000,127.5000,127.7000,148448,85.2931
2015-10-06,127.7000,128.6000,126.8000,127.7000,246794,85.2931
2015-10-07,127.7000,128.2000,126.5000,126.5000,241705,84.4916
2015-10-08,126.6000,127.4000,126.1000,126.6000,240534,84.5584
2015-10-09,127.1000,133.0000,127.1000,132.6000,285404,88.5659
2015-10-12,132.4000,134.0000,131.8000,132.8000,316474,88.6995
2015-10-13,137.0000,139.4000,134.2000,134.7000,457284,89.9685
2015-10-14,135.4000,136.8000,133.5000,134.3000,209390,89.7014
2015-10-15,134.9000,134.9000,131.9000,133.0000,221768,88.8331
2015-10-16,133.8000,134.7000,132.2000,132.5000,205746,88.4991
2015-10-19,132.9000,133.6000,131.8000,132.3000,167433,88.3655
2015-10-20,132.5000,133.7000,131.3000,133.6000,168135,89.2338
2015-10-21,133.5000,133.8000,131.7000,133.2000,128164,88.9667
2015-10-22,133.4000,134.5000,132.1000,134.5000,147856,89.8350
2015-10-23,135.0000,135.8000,133.0000,135.0000,194469,90.1689
2015-10-26,135.2000,135.9000,134.8000,135.7000,110028,90.6365
2015-10-27,135.4000,135.6000,133.5000,133.9000,125336,89.4342
2015-10-28,133.9000,136.4000,133.7000,136.3000,177651,91.0372
2015-10-29,136.7000,137.0000,134.9000,136.4000,188317,91.1040
2015-10-30,136.9000,138.0000,135.8000,137.1000,181783,91.5716
2015-11-02,136.8000,138.7000,136.8000,138.3000,233718,92.3731
2015-11-03,138.3000,139.2000,137.7000,138.3000,165975,92.3731
2015-11-04,138.5000,139.1000,137.1000,137.6000,199879,91.9055
2015-11-05,138.2000,139.4000,137.8000,139.0000,168264,92.8406
2015-11-06,138.7000,139.5000,138.1000,139.0000,173001,92.8406
2015-11-09,139.2000,139.2000,136.1000,136.2000,135207,90.9704
2015-11-10,136.2000,137.1000,135.0000,136.0000,184613,90.8369
2015-11-11,135.8000,138.0000,135.8000,137.1000,121440,91.5716
2015-11-12,137.6000,137.8000,135.8000,136.5000,129426,91.1708
2015-11-13,135.9000,136.1000,134.5000,136.0000,125575,90.8369
2015-11-16,134.5000,137.8000,134.3000,137.3000,182732,91.7051
2015-11-17,137.8000,139.5000,137.4000,139.0000,163317,92.8406
2015-11-18,138.3000,139.4000,138.0000,139.0000,150869,92.8406
2015-11-19,139.1000,139.5000,135.4000,135.9000,385206,90.7701
2015-11-20,136.0000,137.0000,135.0000,136.4000,246018,91.1040
2015-11-23,136.0000,136.9000,135.3000,136.7000,110626,91.3044
2015-11-24,136.1000,136.8000,133.3000,134.4000,166265,89.7682
2015-11-25,134.2000,136.5000,134.2000,135.5000,123847,90.5029
2015-11-26,136.1000,137.3000,135.5000,136.9000,95769,91.4380
2015-11-27,136.6000,137.9000,135.9000,137.6000,118847,91.9055
2015-11-30,137.3000,139.5000,136.9000,139.1000,169067,92.9074
2015-12-01,139.0000,139.5000,137.7000,138.4000,162019,92.4398
2015-12-02,139.1000,139.4000,138.4000,139.2000,148097,92.9742
2015-12-03,138.6000,140.0000,137.1000,137.3000,172469,91.7051
2015-12-04,137.1000,137.3000,134.8000,136.8000,169810,91.3712
2015-12-07,137.0000,138.8000,137.0000,137.6000,147281,91.9055
2015-12-08,137.8000,138.6000,135.3000,135.5000,193479,90.5029
2015-12-09,136.0000,136.1000,134.8000,135.1000,194997,90.2357
2015-12-10,135.2000,136.2000,134.3000,135.1000,112754,90.2357
2015-12-11,135.1000,135.3000,132.7000,132.8000,279657,88.6995
2015-12-14,133.6000,134.1000,132.5000,132.5000,152819,88.4991
2015-12-15,133.5000,135.7000,133.2000,135.7000,198279,90.6365
2015-12-16,136.1000,136.3000,134.9000,135.5000,120257,90.5029
2015-12-17,136.6000,137.1000,135.4000,135.6000,118782,90.5697
2015-12-18,135.5000,135.5000,134.1000,134.8000,356233,90.0353
2015-12-21,134.7000,135.0000,133.3000,133.7000,136826,89.3006
2015-12-22,134.7000,134.7000,133.1000,134.1000,108112,89.5678
2015-12-23,134.9000,135.9000,134.7000,135.5000,80920,90.5029
2015-12-28,135.9000,138.0000,135.7000,137.6000,47015,91.9055
2015-12-29,138.0000,138.8000,137.7000,138.5000,80533,92.5066
2015-12-30,138.5000,139.2000,137.7000,137.8000,104732,92.0391
2016-01-04,137.3000,137.5000,134.2000,134.6000,153358,89.9018
2016-01-05,136.0000,136.7000,134.6000,136.3000,113907,91.0372
2016-01-06,135.8000,137.3000,133.2000,133.4000,185816,89.1003
2016-01-07,131.9000,132.0000,128.5000,129.9000,250819,86.7625
2016-01-08,130.0000,130.5000,127.7000,127.7000,370819,85.2931
2016-01-11,127.5000,129.2000,127.3000,128.2000,153703,85.6271
2016-01-12,128.5000,130.7000,128.0000,129.4000,257957,86.4286
2016-01-13,131.6000,132.3000,130.5000,131.1000,139624,87.5640
2016-01-14,129.9000,130.5000,127.8000,129.7000,177267,86.6290
2016-01-15,129.0000,130.5000,125.9000,126.5000,278647,84.4916
2016-01-18,129.0000,130.7000,128.5000,129.1000,193897,86.2282
2016-01-19,130.3000,133.5000,130.2000,131.6000,241711,87.8980
2016-01-20,130.0000,130.9000,126.1000,126.7000,304833,84.6252
2016-01-21,126.7000,129.0000,126.3000,127.3000,277051,85.0260
2016-01-22,129.0000,131.2000,128.2000,130.1000,213493,86.8961
2016-01-25,131.0000,131.4000,129.9000,131.1000,132122,87.5640
2016-01-26,129.4000,131.8000,128.8000,131.7000,151225,87.9648
2016-01-27,131.9000,132.9000,131.0000,132.9000,158456,88.7663
2016-01-28,131.8000,133.4000,131.8000,132.0000,192304,88.1652
2016-01-29,133.0000,135.0000,132.7000,135.0000,274545,90.1689
2016-02-01,136.0000,136.7000,133.5000,134.9000,168378,90.1021
2016-02-02,134.8000,135.0000,132.2000,133.0000,124766,88.8331
2016-02-03,133.4000,133.4000,130.9000,132.1000,117892,88.2320
2016-02-04,132.5000,132.9000,131.0000,131.9000,139589,88.0984
2016-02-05,132.3000,134.0000,131.8000,132.2000,261018,88.2988
2016-02-08,132.8000,133.2000,128.0000,128.6000,200755,85.8943
2016-02-09,127.7000,128.9000,126.3000,128.1000,398862,85.5603
2016-02-10,128.2000,131.2000,127.2000,128.0000,247086,85.4935
2016-02-11,126.6000,127.4000,123.8000,124.4000,329187,83.0890
2016-02-12,125.0000,127.2000,125.0000,126.6000,210652,84.5584
2016-02-15,129.0000,131.2000,128.8000,130.8000,95320,87.3637
2016-02-16,131.5000,131.7000,128.8000,130.0000,213961,86.8293
2016-02-17,130.6000,132.2000,130.4000,131.7000,228078,87.9648
2016-02-18,131.7000,134.1000,131.7000,132.7000,182700,88.6327
2016-02-19,132.3000,133.5000,130.7000,131.6000,181099,87.8980
2016-02-22,132.2000,134.0000,132.1000,132.6000,182347,88.5659
2016-02-23,131.3000,133.0000,131.1000,131.6000,150466,87.8980
2016-02-24,131.5000,131.5000,128.4000,131.6000,134174,87.8980
2016-02-25,130.5000,131.8000,129.8000,130.0000,192147,86.8293
2016-02-26,131.8000,132.6000,130.6000,130.6000,168804,87.2301
2016-02-29,129.7000,130.6000,128.8000,130.0000,273562,86.8293
2016-03-01,130.7000,133.9000,130.2000,133.0000,247123,88.8331
2016-03-02,134.3000,134.7000,128.8000,131.4000,255767,87.7644
2016-03-03,132.9000,135.6000,131.8000,134.6000,205341,89.9018
2016-03-04,135.5000,136.7000,134.7000,135.4000,187969,90.4361
2016-03-07,135.7000,136.0000,134.7000,136.0000,132858,90.8369
2016-03-08,135.3000,136.3000,134.4000,135.1000,245800,90.2357
2016-03-09,135.8000,136.7000,135.0000,135.5000,116296,90.5029
2016-03-10,134.9000,137.3000,133.7000,133.7000,165956,89.3006
2016-03-11,134.9000,136.2000,134.6000,135.9000,112025,90.7701
2016-03-14,136.5000,137.6000,136.1000,137.4000,116283,91.7719
2016-03-15,137.5000,137.5000,136.2000,136.9000,139545,91.4380
2016-03-16,137.3000,137.3000,136.1000,136.9000,191939,91.4380
2016-03-17,136.9000,137.4000,134.9000,136.3000,169122,91.0372
2016-03-18,136.3000,136.6000,135.0000,135.5000,487100,90.5029
2016-03-21,135.5000,136.1000,134.3000,135.5000,159018,90.5029
2016-03-22,136.0000,136.0000,134.1000,135.4000,139362,90.4361
2016-03-23,136.5000,137.0000,134.4000,135.1000,118986,90.2357
2016-03-24,134.3000,135.1000,133.6000,134.8000,97818,90.0353
2016-03-29,135.6000,136.0000,134.5000,136.0000,103450,90.8369
2016-03-30,136.3000,137.9000,136.3000,137.1000,115461,91.5716
2016-03-31,137.1000,137.4000,136.1000,136.7000,140848,91.3044
2016-04-01,135.0000,136.0000,134.4000,135.4000,156638,90.4361
2016-04-04,135.5000,137.1000,135.0000,136.4000,149205,91.1040
2016-04-05,135.4000,135.7000,133.8000,134.4000,185070,89.7682
2016-04-06,133.9000,135.0000,133.7000,134.5000,346774,89.8350
2016-04-07,135.1000,136.0000,134.9000,135.1000,146417,90.2357
2016-04-08,137.5000,138.6000,136.2000,137.6000,250098,91.9055
2016-04-11,138.7000,138.7000,137.6000,137.9000,164816,92.1059
2016-04-12,138.0000,138.0000,136.3000,137.2000,146479,91.6383
2016-04-13,138.0000,138.7000,137.2000,137.6000,190968,91.9055
2016-04-14,138.7000,138.9000,137.8000,137.8000,119745,92.0391
2016-04-15,138.1000,138.4000,137.2000,137.5000,129838,91.8387
2016-04-18,137.5000,137.5000,136.0000,136.5000,151325,91.1708
2016-04-19,139.0000,140.0000,134.8000,136.6000,434551,91.2376
2016-04-20,137.1000,142.2000,136.7000,141.6000,385411,94.5772
2016-04-21,141.7000,142.0000,139.7000,140.2000,166282,93.6421
2016-04-22,140.3000,140.6000,139.5000,140.1000,151618,93.5753
2016-04-25,140.8000,140.8000,139.2000,139.7000,122844,93.3081
2016-04-26,140.1000,140.5000,139.4000,140.1000,167473,93.5753
2016-04-27,139.6000,140.2000,138.3000,139.8000,178937,93.3749
2016-04-28,139.0000,139.7000,138.1000,139.5000,154006,93.1746
2016-04-29,138.1000,138.8000,136.8000,138.2000,187264,92.3063
2016-05-02,138.4000,139.4000,137.8000,138.0000,151205,92.1727
2016-05-03,137.7000,138.2000,137.0000,137.6000,258188,91.9055
2016-05-04,137.2000,138.2000,135.5000,136.4000,220155,91.1040
2016-05-06,132.9000,132.9000,131.5000,132.0000,328900,91.5200
2016-05-09,133.4000,134.8000,132.6000,133.8000,214010,92.7680
2016-05-10,134.2000,134.9000,133.6000,134.5000,133463,93.2533
2016-05-11,134.9000,134.9000,134.0000,134.7000,113543,93.3920
2016-05-12,134.9000,135.3000,134.1000,134.1000,161372,92.9760
2016-05-13,134.1000,134.5000,133.3000,134.3000,111988,93.1147
2016-05-17,134.5000,136.2000,134.2000,135.6000,149835,94.0160
2016-05-18,135.5000,136.2000,134.5000,135.8000,157054,94.1547
2016-05-19,135.6000,136.0000,134.9000,135.7000,122932,94.0853
2016-05-20,136.0000,137.4000,135.7000,137.4000,144378,95.2640
2016-05-23,137.4000,137.9000,136.9000,137.7000,106834,95.4720
2016-05-24,137.0000,138.3000,136.4000,138.3000,158361,95.8880
2016-05-25,138.7000,139.3000,137.7000,137.8000,151120,95.5414
2016-05-26,138.3000,139.5000,137.9000,139.5000,125121,96.7200
2016-05-27,139.5000,139.9000,138.4000,139.9000,100740,96.9973
2016-05-30,140.0000,140.5000,138.8000,139.1000,60793,96.4427
2016-05-31,139.4000,140.2000,138.5000,139.8000,256467,96.9280
2016-06-01,139.5000,139.8000,138.5000,139.2000,100816,96.5120
2016-06-02,139.3000,139.7000,138.8000,139.2000,84739,96.5120
2016-06-03,140.0000,140.3000,138.2000,138.3000,96154,95.8880
2016-06-06,138.6000,139.5000,138.5000,138.7000,110031,96.1653
2016-06-07,138.5000,140.0000,138.3000,139.9000,139095,96.9973
2016-06-08,139.5000,139.7000,138.0000,138.1000,139805,95.7494
2016-06-09,138.0000,138.2000,137.4000,137.4000,148947,95.2640
2016-06-10,137.3000,137.3000,136.0000,136.2000,197328,94.4320
2016-06-13,135.5000,136.0000,135.0000,135.4000,208762,93.8773
2016-06-14,134.6000,135.2000,132.7000,132.8000,197137,92.0747
2016-06-15,133.8000,134.8000,133.6000,134.4000,158019,93.1840
2016-06-16,133.5000,134.7000,133.2000,133.8000,172972,92.7680
2016-06-17,134.4000,135.0000,133.7000,133.7000,228904,92.6987
2016-06-20,135.7000,138.1000,135.6000,137.6000,168798,95.4027
2016-06-21,137.1000,137.7000,136.8000,136.8000,128317,94.8480
2016-06-22,136.9000,137.6000,136.1000,137.2000,121568,95.1253
2016-06-23,137.4000,138.8000,136.8000,138.5000,174438,96.0267
2016-06-24,134.0000,137.3000,131.3000,134.2000,266753,93.0453
2016-06-27,133.7000,133.9000,129.1000,129.1000,255332,89.5094
2016-06-28,131.5000,133.0000,131.3000,132.1000,247237,91.5894
2016-06-29,134.0000,135.2000,132.5000,135.2000,191322,93.7387
2016-06-30,135.2000,136.2000,134.3000,136.2000,219203,94.4320
2016-07-01,136.5000,136.9000,135.6000,136.9000,153307,94.9174
2016-07-04,136.8000,136.9000,135.3000,136.2000,92153,94.4320
2016-07-05,136.0000,136.0000,132.9000,133.8000,146650,92.7680
2016-07-06,133.5000,134.0000,132.2000,132.7000,135182,92.0053
2016-07-07,133.6000,135.2000,133.4000,134.1000,177070,92.9760
2016-07-08,133.8000,135.0000,133.6000,134.9000,114919,93.5307
2016-07-11,135.2000,137.5000,135.2000,137.4000,163458,95.2640
2016-07-12,137.0000,138.0000,136.7000,137.2000,342347,95.1253
2016-07-13,137.5000,137.9000,136.7000,137.6000,109085,95.4027
2016-07-14,137.6000,138.1000,136.8000,137.2000,112800,95.1253
2016-07-15,136.6000,136.7000,135.8000,136.2000,318958,94.4320
2016-07-18,136.1000,137.4000,135.7000,136.6000,152053,94.7093
2016-07-19,137.1000,137.3000,135.5000,136.5000,141848,94.6400
2016-07-20,138.0000,138.2000,136.9000,137.5000,188277,95.3333
2016-07-21,137.1000,138.0000,136.2000,136.9000,160266,94.9174
2016-07-22,136.5000,136.9000,135.8000,136.8000,144242,94.8480
2016-07-25,137.0000,137.4000,136.3000,136.8000,118797,94.8480
2016-07-26,136.6000,137.2000,135.6000,137.2000,182253,95.1253
2016-07-27,137.8000,137.9000,136.9000,137.5000,118837,95.3333
2016-07-28,137.6000,138.3000,136.4000,137.1000,144440,95.0560
2016-07-29,137.1000,137.1000,135.8000,136.0000,153688,94.2934
2016-08-02,136.2000,136.2000,135.0000,135.3000,175514,93.8080
2016-08-03,135.6000,135.7000,134.6000,134.6000,105917,93.3227
2016-08-04,135.2000,135.5000,134.6000,135.1000,185484,93.6693
2016-08-05,135.5000,136.8000,135.0000,136.6000,120014,94.7093
2016-08-08,137.4000,137.5000,136.6000,137.0000,127133,94.9867
2016-08-09,137.3000,138.4000,137.0000,138.4000,131422,95.9573
2016-08-10,138.3000,138.4000,137.3000,137.8000,160264,95.5414
2016-08-11,138.3000,138.7000,137.0000,138.0000,140742,95.6800
2016-08-12,138.1000,140.0000,138.1000,139.7000,172751,96.8587
2016-08-15,139.8000,140.2000,139.2000,139.3000,84011,96.5814
2016-08-16,139.2000,139.5000,137.8000,138.2000,128762,95.8187
2016-08-17,138.5000,138.7000,137.0000,137.1000,110944,95.0560
2016-08-18,137.5000,138.5000,137.4000,138.3000,93737,95.8880
2016-08-19,138.5000,138.7000,137.3000,137.8000,82652,95.5414
2016-08-22,137.7000,138.5000,137.0000,137.8000,133264,95.5414
2016-08-23,138.5000,139.0000,137.3000,138.6000,134490,96.0960
2016-08-24,138.6000,139.5000,138.2000,139.4000,93507,96.6507
2016-08-25,139.4000,139.4000,138.4000,138.7000,96000,96.1653
2016-08-26,138.7000,139.1000,137.8000,139.1000,87143,96.4427
2016-08-29,138.8000,139.0000,137.8000,139.0000,60833,96.3733
2016-08-30,139.3000,139.3000,138.4000,138.7000,111670,96.1653
2016-08-31,138.5000,138.7000,137.1000,137.3000,140424,95.1947
2016-09-01,138.1000,138.5000,136.9000,137.3000,201825,95.1947
2016-09-02,138.2000,140.0000,137.2000,140.0000,106858,97.0667
2016-09-05,140.0000,140.4000,139.6000,140.0000,80507,97.0667
2016-09-06,139.9000,140.3000,139.5000,139.8000,107541,96.9280
2016-09-07,140.2000,140.4000,139.4000,140.0000,98584,97.0667
2016-09-08,140.4000,141.6000,139.6000,140.7000,278458,97.5520
2016-09-09,140.3000,140.8000,139.8000,139.9000,122421,96.9973
2016-09-12,138.5000,139.4000,137.9000,139.3000,134748,96.5814
2016-09-13,139.5000,140.1000,138.8000,138.8000,143629,96.2347
2016-09-14,139.5000,140.0000,138.9000,139.0000,115399,96.3733
2016-09-15,138.9000,140.0000,138.9000,140.0000,182377,97.0667
2016-09-16,139.7000,140.1000,137.9000,138.9000,355690,96.3040
2016-09-19,139.6000,140.5000,139.2000,140.3000,153843,97.2747
2016-09-20,140.0000,140.9000,139.8000,140.4000,153350,97.3440
2016-09-21,140.7000,140.9000,139.1000,139.3000,126000,96.5814
2016-09-22,140.3000,141.2000,139.8000,141.0000,203800,97.7600
2016-09-23,141.0000,141.2000,140.4000,140.7000,120155,97.5520
2016-09-26,140.1000,140.1000,138.9000,139.1000,80535,96.4427
2016-09-27,139.3000,140.2000,139.2000,140.1000,151702,97.1360
2016-09-28,140.1000,141.1000,140.0000,140.7000,101179,97.5520
2016-09-29,142.0000,142.0000,139.4000,140.5000,131810,97.4134
2016-09-30,138.5000,141.0000,138.4000,141.0000,197077,97.7600
2016-10-03,141.5000,141.9000,140.5000,141.1000,105351,97.8293
2016-10-04,141.5000,143.9000,140.7000,143.9000,210384,99.7707
2016-10-05,143.2000,143.3000,141.2000,141.5000,142604,98.1067
2016-10-06,140.8000,141.6000,140.0000,140.3000,140668,97.2747
2016-10-07,140.3000,140.3000,138.7000,138.7000,158447,96.1653
2016-10-10,139.4000,140.0000,138.7000,139.3000,81111,96.5814
2016-10-11,138.8000,139.9000,138.5000,138.7000,149406,96.1653
2016-10-12,138.3000,138.6000,135.8000,138.0000,214279,95.6800
2016-10-13,137.7000,137.7000,136.1000,136.5000,195763,94.6400
2016-10-14,137.3000,138.3000,136.9000,138.1000,151555,95.7494
2016-10-17,139.9000,139.9000,137.0000,137.2000,173626,95.1253
2016-10-18,133.5000,134.5000,130.6000,133.6000,650958,92.6293
2016-10-19,133.6000,134.7000,132.1000,133.9000,341484,92.8373
2016-10-20,133.6000,134.3000,133.1000,133.4000,296306,92.4907
2016-10-21,133.6000,135.3000,133.4000,135.0000,276264,93.6000
2016-10-24,135.6000,136.1000,134.1000,134.4000,218460,93.1840
2016-10-25,134.9000,135.8000,134.7000,135.0000,232775,93.6000
2016-10-26,134.8000,135.2000,133.9000,134.3000,327634,93.1147
2016-10-27,134.4000,134.8000,133.0000,134.5000,197984,93.2533
2016-10-28,134.0000,134.0000,132.9000,133.7000,241283,92.6987
2016-10-31,133.3000,134.4000,132.7000,134.2000,218022,93.0453
2016-11-01,136.2000,137.0000,133.9000,134.1000,327381,92.9760
2016-11-02,133.9000,134.4000,132.2000,132.3000,243644,91.7280
2016-11-03,132.0000,133.2000,131.5000,132.7000,260102,92.0053
2016-11-04,132.8000,133.4000,131.4000,132.7000,182357,92.0053
2016-11-07,132.4000,133.4000,132.4000,133.0000,198822,92.2133
2016-11-08,133.3000,133.9000,133.1000,133.4000,174123,92.4907
2016-11-09,130.5000,131.1000,129.3000,129.5000,548767,89.7867
2016-11-10,129.7000,130.1000,126.4000,128.4000,693030,89.0240
2016-11-11,129.1000,129.1000,126.2000,126.4000,384328,87.6373
2016-11-14,127.3000,127.8000,125.8000,126.1000,379761,87.4294
2016-11-15,126.8000,128.0000,126.0000,126.9000,283966,87.9840
2016-11-16,127.6000,127.7000,126.4000,126.8000,381906,87.9147
2016-11-17,127.5000,128.4000,126.8000,126.8000,270139,87.9147
2016-11-18,128.6000,129.2000,127.5000,129.2000,329041,89.5787
2016-11-21,129.5000,129.6000,127.6000,128.5000,257055,89.0933
2016-11-22,128.9000,129.5000,127.1000,127.3000,303486,88.2613
2016-11-23,127.0000,129.7000,127.0000,129.7000,314454,89.9253
2016-11-24,129.7000,129.7000,128.4000,129.1000,205756,89.5094
2016-11-25,129.7000,130.8000,129.2000,130.6000,221923,90.5494
2016-11-28,130.6000,131.2000,130.0000,130.9000,248923,90.7573
2016-11-29,130.6000,132.3000,130.1000,132.3000,328066,91.7280
2016-11-30,132.0000,132.9000,132.0000,132.8000,556646,92.0747
2016-12-01,132.2000,132.9000,130.9000,131.1000,338430,90.8960
2016-12-02,130.7000,131.4000,129.8000,131.4000,287988,91.1040
2016-12-05,131.2000,132.8000,130.9000,131.7000,260536,91.3120
2016-12-06,132.1000,133.2000,131.6000,133.0000,245750,92.2133
2016-12-07,133.5000,133.5000,131.9000,132.4000,428577,91.7973
2016-12-08,132.7000,132.8000,131.3000,132.1000,379875,91.5894
2016-12-09,132.2000,133.9000,131.7000,133.9000,182109,92.8373
2016-12-12,133.6000,133.8000,133.0000,133.2000,210795,92.3520
2016-12-13,133.4000,134.9000,133.0000,134.9000,196460,93.5307
2016-12-14,135.0000,135.1000,134.3000,134.6000,185202,93.3227
2016-12-15,134.2000,135.7000,134.2000,135.5000,213618,93.9467
2016-12-16,135.1000,135.8000,134.6000,135.1000,275388,93.6693
2016-12-19,135.4000,135.9000,134.9000,135.4000,124617,93.8773
2016-12-20,135.2000,135.9000,134.5000,134.7000,185501,93.3920
2016-12-21,134.6000,135.1000,133.6000,134.1000,229361,92.9760
2016-12-22,134.1000,134.7000,134.0000,134.2000,140015,93.0453
2016-12-23,134.5000,135.2000,134.1000,134.9000,149370,93.5307
2016-12-27,134.8000,136.1000,134.8000,135.6000,63599,94.0160
2016-12-28,135.5000,135.9000,135.4000,135.5000,138360,93.9467
2016-12-29,135.1000,135.8000,135.0000,135.5000,79048,93.9467
2016-12-30,135.1000,135.7000,134.6000,134.6000,110498,93.3227
2017-01-03,135.7000,136.2000,135.4000,135.6000,169040,94.0160
2017-01-04,135.8000,135.9000,134.7000,135.0000,153503,93.6000
2017-01-05,135.1000,135.8000,134.8000,135.8000,115831,94.1547
2017-01-06,135.7000,136.2000,135.4000,136.0000,106959,94.2934
2017-01-09,136.1000,136.6000,135.5000,135.6000,144836,94.0160
2017-01-10,135.9000,135.9000,134.3000,134.5000,231317,93.2533
2017-01-11,134.4000,135.7000,133.8000,135.2000,191139,93.7387
2017-01-12,135.0000,135.1000,132.8000,134.0000,362756,92.9067
2017-01-13,134.1000,135.4000,134.1000,134.7000,230501,93.3920
2017-01-16,134.8000,134.8000,133.5000,133.8000,122177,92.7680
2017-01-17,133.6000,133.7000,132.2000,132.8000,152053,92.0747
2017-01-18,133.0000,133.6000,132.7000,133.2000,191877,92.3520
2017-01-19,133.3000,134.4000,133.1000,133.7000,202462,92.6987
2017-01-20,133.7000,133.9000,132.8000,132.9000,221804,92.1440
2017-01-23,132.5000,133.5000,132.3000,133.5000,130327,92.5600
2017-01-24,133.1000,133.8000,132.6000,133.8000,213264,92.7680
2017-01-25,134.0000,135.4000,132.6000,135.4000,228154,93.8773
2017-01-26,135.5000,136.2000,135.3000,135.9000,185103,94.2240
2017-01-27,135.6000,136.0000,134.3000,134.9000,192515,93.5307
2017-01-30,134.2000,134.6000,133.5000,134.2000,141429,93.0453
2017-01-31,134.1000,135.1000,133.9000,134.8000,276370,93.4613
2017-02-01,135.3000,136.2000,134.7000,135.0000,233221,93.6000
2017-02-02,134.9000,135.4000,134.3000,135.0000,129453,93.6000
2017-02-03,134.8000,135.1000,133.9000,135.1000,138207,93.6693
2017-02-06,135.2000,135.4000,134.4000,134.7000,149744,93.3920
2017-02-07,134.7000,136.0000,134.5000,135.8000,153388,94.1547
2017-02-08,135.7000,136.8000,134.9000,135.5000,222699,93.9467
2017-02-09,135.2000,137.2000,135.2000,136.9000,188476,94.9174
2017-02-10,136.9000,138.0000,136.1000,136.9000,255261,94.9174
2017-02-13,138.0000,139.9000,137.9000,138.9000,185675,96.3040
2017-02-14,138.8000,138.9000,138.0000,138.3000,147732,95.8880
2017-02-15,139.0000,139.0000,138.0000,138.8000,187114,96.2347
2017-02-16,139.0000,139.0000,138.1000,138.6000,154633,96.0960
2017-02-17,138.3000,139.5000,138.3000,139.5000,250068,96.7200
2017-02-20,139.8000,140.3000,139.6000,140.2000,118965,97.2053
2017-02-21,140.3000,141.4000,140.3000,140.9000,178079,97.6907
2017-02-22,141.3000,141.8000,140.8000,141.8000,179075,98.3147
2017-02-23,141.4000,142.8000,141.4000,142.8000,224920,99.0080
2017-02-24,142.2000,142.7000,140.8000,141.5000,112285,98.1067
2017-02-27,141.2000,142.1000,140.6000,142.1000,151106,98.5227
2017-02-28,142.0000,144.3000,141.7000,143.0000,327438,99.1467
2017-03-01,143.9000,144.2000,138.0000,139.4000,639275,96.6507
2017-03-02,140.4000,141.1000,138.3000,140.4000,392585,97.3440
2017-03-03,140.3000,140.4000,138.1000,140.2000,285916,97.2053
2017-03-06,140.2000,140.6000,138.9000,140.2000,280291,97.2053
2017-03-07,140.1000,140.6000,139.6000,140.1000,236170,97.1360
2017-03-08,140.0000,140.9000,139.8000,140.5000,195065,97.4134
2017-03-09,140.1000,140.3000,139.5000,140.1000,190103,97.1360
2017-03-10,140.7000,140.8000,139.7000,140.6000,110238,97.4827
2017-03-13,140.7000,141.0000,139.6000,139.7000,159642,96.8587
2017-03-14,139.2000,140.2000,138.3000,140.1000,161483,97.1360
2017-03-15,140.0000,140.1000,139.1000,139.8000,202642,96.9280
2017-03-16,140.4000,141.6000,139.8000,141.5000,221903,98.1067
2017-03-17,142.0000,143.5000,141.6000,143.5000,359974,99.4934
2017-03-20,143.5000,143.9000,141.6000,142.0000,237810,98.4533
2017-03-21,142.1000,143.0000,140.9000,141.2000,205198,97.8987
2017-03-22,140.5000,140.9000,138.7000,139.0000,259226,96.3733
2017-03-23,139.4000,140.4000,138.2000,140.4000,171396,97.3440
2017-03-24,140.5000,141.3000,140.0000,140.5000,123569,97.4134
2017-03-27,140.0000,140.0000,138.7000,139.1000,132052,96.4427
2017-03-28,139.8000,139.8000,138.8000,139.0000,140412,96.3733
2017-03-29,139.3000,139.5000,138.4000,139.1000,144757,96.4427
2017-03-30,139.5000,140.8000,138.9000,140.8000,188858,97.6214
2017-03-31,141.0000,142.0000,140.2000,141.5000,213668,98.1067
2017-04-03,142.2000,142.6000,140.5000,140.5000,213385,97.4134
2017-04-04,140.9000,141.9000,140.4000,140.7000,191229,97.5520
2017-04-05,141.0000,142.3000,140.8000,141.7000,216162,98.2454
2017-04-06,141.5000,142.7000,141.5000,142.7000,242142,98.9387
2017-04-07,142.5000,142.6000,141.2000,142.1000,159600,98.5227
2017-04-10,143.1000,143.8000,142.5000,143.8000,230986,99.7013
2017-04-11,143.2000,144.3000,142.9000,144.1000,185613,99.9093
2017-04-12,145.0000,146.6000,144.6000,146.6000,278972,101.6427
2017-04-13,146.9000,147.1000,146.3000,147.1000,139833,101.9893
2017-04-18,147.4000,147.4000,146.3000,146.5000,193593,101.5733
2017-04-19,146.7000,146.9000,145.7000,146.1000,243221,101.2960
2017-04-20,142.4000,148.4000,142.3000,146.4000,402173,101.5040
2017-04-21,146.6000,147.1000,145.5000,145.8000,184405,101.0880
2017-04-24,147.5000,147.8000,146.5000,147.6000,217989,102.3360
2017-04-25,147.3000,148.2000,146.8000,148.2000,206247,102.7520
2017-04-26,148.2000,149.2000,147.9000,149.2000,171195,103.4453
2017-04-27,148.9000,150.4000,148.7000,150.0000,201437,104.0000
2017-04-28,150.4000,150.4000,149.6000,150.4000,249520,104.2774
2017-05-02,151.0000,154.2000,150.8000,154.2000,563521,106.9120
2017-05-03,153.6000,154.4000,153.3000,153.6000,354224,106.4960
2017-05-04,153.7000,155.3000,153.3000,155.1000,308811,107.5360
2017-05-05,154.5000,155.5000,154.0000,154.9000,217517,107.3973
2017-05-08,155.0000,155.9000,154.7000,155.9000,196877,108.0907
2017-05-09,153.9000,154.9000,152.9000,154.6000,305470,107.1893
2017-05-10,154.8000,156.0000,154.6000,155.9000,333740,108.0907
2017-05-11,151.5000,151.6000,149.2000,150.1000,313088,107.8751
2017-05-12,150.0000,151.9000,149.8000,151.9000,305929,109.1687
2017-05-15,151.6000,152.5000,151.4000,152.0000,193192,109.2406
2017-05-16,151.9000,152.9000,151.8000,152.9000,204994,109.8874
2017-05-17,151.8000,152.6000,150.9000,151.1000,317378,108.5938
2017-05-18,151.0000,152.1000,150.5000,150.9000,275232,108.4500
2017-05-19,151.6000,154.6000,151.6000,153.5000,343546,110.3186
2017-05-22,153.9000,155.7000,153.6000,155.3000,240449,111.6123
2017-05-23,155.7000,155.8000,154.2000,155.7000,198119,111.8997
2017-05-24,155.4000,156.2000,154.9000,156.0000,197782,112.1153
2017-05-26,156.5000,157.5000,155.8000,156.5000,263309,112.4747
2017-05-29,156.4000,156.5000,155.5000,155.7000,141741,111.8997
2017-05-30,155.3000,155.8000,154.8000,155.4000,216342,111.6841
2017-05-31,155.3000,157.4000,155.3000,156.3000,317617,112.3309
2017-06-01,156.4000,158.0000,156.4000,156.6000,380869,112.5465
2017-06-02,157.4000,158.3000,157.3000,157.6000,249070,113.2652
2017-06-06,156.9000,157.6000,156.4000,157.2000,184167,112.9778
2017-06-07,157.2000,158.0000,156.4000,157.7000,191135,113.3371
2017-06-08,157.9000,158.1000,156.3000,156.6000,176743,112.5465
2017-06-09,158.1000,160.3000,157.3000,159.1000,343309,114.3433
2017-06-12,159.0000,159.0000,157.2000,157.7000,158803,113.3371
2017-06-13,156.9000,158.3000,156.0000,157.9000,184752,113.4808
2017-06-14,157.9000,159.1000,157.9000,158.4000,197598,113.8402
2017-06-15,158.3000,158.3000,156.8000,157.4000,279795,113.1215
2017-06-16,158.1000,158.3000,157.1000,157.8000,496810,113.4090
2017-06-19,158.6000,158.8000,157.5000,158.2000,298281,113.6965
2017-06-20,159.0000,159.2000,157.3000,157.3000,224769,113.0496
2017-06-21,157.4000,157.9000,156.6000,157.5000,216547,113.1934
2017-06-22,157.5000,158.2000,157.3000,157.9000,190823,113.4808
2017-06-23,157.9000,157.9000,156.9000,157.6000,159553,113.2652
2017-06-26,158.3000,159.3000,157.5000,159.0000,164330,114.2714
2017-06-27,158.8000,159.2000,158.6000,159.1000,349574,114.3433
2017-06-28,158.8000,158.8000,157.8000,158.6000,215907,113.9839
2017-06-29,158.9000,158.9000,157.9000,158.2000,315410,113.6965
2017-06-30,158.0000,160.3000,158.0000,160.0000,254021,114.9901
2017-07-03,159.9000,161.3000,159.7000,160.2000,228218,115.1338
2017-07-04,160.0000,160.8000,159.9000,160.3000,163153,115.2057
2017-07-05,160.2000,160.9000,159.2000,160.6000,186775,115.4213
2017-07-06,160.5000,160.8000,158.3000,158.8000,229665,114.1277
2017-07-07,158.6000,160.0000,158.5000,160.0000,226163,114.9901
2017-07-10,158.7000,160.5000,158.6000,159.5000,284003,114.6307
2017-07-11,159.2000,160.3000,159.2000,159.8000,189174,114.8464
2017-07-12,160.3000,162.0000,160.2000,161.6000,212116,116.1400
2017-07-13,161.7000,161.9000,159.5000,160.0000,277181,114.9901
2017-07-14,160.1000,161.3000,160.1000,161.0000,287736,115.7088
2017-07-17,161.2000,162.7000,161.1000,162.3000,245847,116.6431
2017-07-18,162.1000,168.0000,160.4000,167.8000,528157,120.5958
2017-07-19,168.6000,171.1000,168.6000,169.4000,397099,121.7457
2017-07-20,169.4000,169.7000,166.9000,168.0000,345171,120.7396
2017-07-21,167.7000,168.7000,166.7000,167.2000,269670,120.1646
2017-07-24,166.6000,167.4000,163.7000,163.7000,324955,117.6492
2017-07-25,163.7000,164.4000,163.2000,164.3000,274321,118.0805
2017-07-26,164.5000,166.4000,164.5000,165.3000,204595,118.7991
2017-07-27,166.3000,167.6000,165.4000,166.9000,199259,119.9490
2017-07-28,166.4000,167.5000,165.0000,167.5000,243938,120.3802
2017-07-31,167.7000,169.2000,167.6000,168.4000,204680,121.0271
2017-08-02,170.0000,173.1000,169.6000,172.1000,414014,123.6862
2017-08-03,170.0000,171.6000,169.9000,171.1000,261431,122.9675
2017-08-04,170.3000,171.9000,169.9000,171.9000,223146,123.5425
2017-08-07,172.2000,172.4000,171.2000,171.5000,154712,123.2550
2017-08-08,171.6000,173.1000,171.3000,172.0000,200699,123.6143
2017-08-09,170.8000,170.9000,168.6000,169.4000,208586,121.7457
2017-08-10,169.2000,169.3000,167.1000,167.3000,183477,120.2365
2017-08-11,167.0000,167.3000,165.7000,166.7000,231259,119.8053
2017-08-14,167.0000,169.4000,167.0000,169.4000,171087,121.7457
2017-08-15,169.3000,170.5000,168.9000,169.4000,152649,121.7457
2017-08-16,169.4000,171.3000,169.4000,170.9000,176531,122.8238
2017-08-17,170.1000,170.8000,169.6000,170.9000,131726,122.8238
2017-08-18,169.4000,169.4000,167.8000,168.6000,164473,121.1708
2017-08-21,168.5000,169.8000,167.8000,168.9000,169569,121.3864
2017-08-22,169.8000,170.4000,168.7000,170.4000,152357,122.4644
2017-08-23,170.6000,170.7000,169.7000,170.4000,120992,122.4644
2017-08-24,170.7000,170.7000,169.6000,169.9000,102353,122.1051
2017-08-25,169.4000,170.2000,169.4000,169.7000,147349,121.9614
2017-08-28,169.3000,169.7000,168.7000,169.2000,84305,121.6020
2017-08-29,168.0000,168.5000,166.6000,167.8000,262155,120.5958
2017-08-30,168.3000,170.9000,168.3000,170.8000,163984,122.7519
2017-08-31,171.2000,174.1000,171.2000,173.7000,321126,124.8361
2017-09-01,173.5000,173.7000,172.2000,172.7000,203574,124.1174
2017-09-04,171.0000,172.1000,171.0000,171.5000,97646,123.2550
2017-09-05,172.1000,172.7000,171.4000,172.0000,125023,123.6143
2017-09-06,171.5000,172.0000,170.8000,171.0000,141733,122.8957
2017-09-07,171.8000,173.4000,171.2000,173.2000,138762,124.4768
2017-09-08,172.5000,174.8000,171.9000,174.0000,234917,125.0517
2017-09-11,174.3000,176.1000,174.3000,175.8000,139599,126.3454
2017-09-12,175.9000,176.2000,175.1000,175.1000,193908,125.8423
2017-09-13,174.4000,175.5000,174.2000,175.4000,156272,126.0579
2017-09-14,174.7000,177.2000,174.7000,176.8000,150793,127.0641
2017-09-15,177.1000,177.1000,173.8000,174.1000,296212,125.1236
2017-09-18,174.5000,176.1000,174.5000,175.4000,118429,126.0579
2017-09-19,175.8000,177.1000,175.4000,175.5000,150181,126.1298
2017-09-20,175.0000,177.2000,175.0000,177.0000,181263,127.2078
2017-09-21,177.1000,180.5000,177.1000,179.7000,291636,129.1482
2017-09-22,180.1000,180.4000,179.3000,179.7000,417396,129.1482
2017-09-25,179.2000,181.0000,179.2000,180.4000,193379,129.6513
2017-09-26,179.4000,179.7000,178.2000,178.4000,154529,128.2139
2017-09-27,178.2000,178.3000,177.4000,177.9000,110166,127.8546
2017-09-28,178.3000,179.8000,177.8000,179.4000,111598,128.9326
2017-09-29,178.9000,179.6000,178.7000,179.3000,160088,128.8608
2017-10-02,179.4000,181.3000,179.4000,180.5000,134750,129.7232
2017-10-03,181.0000,181.3000,179.7000,180.6000,151547,129.7951
2017-10-04,181.4000,181.4000,178.4000,179.0000,204057,128.6452
2017-10-05,179.0000,179.9000,178.3000,179.0000,158256,128.6452
2017-10-06,179.1000,179.1000,175.6000,176.2000,158919,126.6328
2017-10-09,176.2000,177.3000,175.7000,177.0000,144479,127.2078
2017-10-10,177.3000,178.5000,176.5000,177.2000,170033,127.3515
2017-10-11,177.5000,178.2000,176.0000,176.0000,237488,126.4891
2017-10-12,176.6000,178.0000,175.8000,177.2000,211064,127.3515
2017-10-13,177.8000,178.0000,176.2000,177.5000,214764,127.5671
2017-10-16,170.9000,172.4000,168.5000,170.0000,501052,122.1770
2017-10-17,169.1000,169.7000,165.3000,168.2000,382176,120.8833
2017-10-18,168.0000,169.7000,167.4000,169.6000,297868,121.8895
2017-10-19,169.6000,169.6000,166.6000,167.4000,246755,120.3084
2017-10-20,168.0000,168.4000,166.5000,167.4000,203007,120.3084
2017-10-23,167.4000,170.5000,166.7000,170.0000,226499,122.1770
2017-10-24,170.4000,170.7000,169.3000,169.6000,190865,121.8895
2017-10-25,170.0000,170.7000,169.1000,169.7000,198491,121.9614
2017-10-26,169.9000,172.8000,169.9000,172.8000,171908,124.1893
2017-10-27,173.1000,173.1000,171.6000,172.4000,136818,123.9018
2017-10-30,172.6000,172.9000,172.1000,172.9000,104555,124.2612
2017-10-31,173.0000,174.2000,172.3000,174.2000,124677,125.1954
2017-11-01,174.8000,175.8000,173.2000,173.3000,179616,124.5486
2017-11-02,173.8000,174.4000,172.0000,172.9000,135559,124.2612
2017-11-03,173.2000,174.7000,172.6000,173.5000,164923,124.6924
2017-11-06,173.3000,173.9000,171.8000,172.7000,132854,124.1174
2017-11-07,172.4000,172.4000,171.3000,171.3000,185909,123.1113
2017-11-08,171.3000,172.6000,170.9000,172.6000,154205,124.0456
2017-11-09,171.8000,172.8000,170.3000,170.6000,118424,122.6082
2017-11-10,170.0000,171.2000,169.7000,170.1000,128084,122.2488
2017-11-13,170.3000,170.5000,168.6000,169.5000,158814,121.8176
2017-11-14,169.5000,170.9000,169.5000,169.5000,134776,121.8176
2017-11-15,169.3000,170.0000,168.7000,169.3000,141772,121.6739
2017-11-16,169.3000,171.0000,169.0000,170.6000,171068,122.6082
2017-11-17,170.2000,170.7000,168.6000,168.9000,164703,121.3864
2017-11-20,168.9000,171.6000,168.8000,171.4000,134529,123.1831
2017-11-21,171.1000,171.8000,169.8000,170.5000,126486,122.5363
2017-11-22,170.5000,170.5000,168.2000,168.6000,182209,121.1708
2017-11-23,167.3000,169.4000,167.3000,168.8000,84924,121.3146
2017-11-24,169.1000,170.1000,168.6000,169.4000,80625,121.7457
2017-11-27,169.6000,170.8000,168.9000,169.0000,109061,121.4583
2017-11-28,169.0000,171.1000,168.3000,170.6000,143208,122.6082
2017-11-29,171.4000,171.9000,170.7000,171.1000,212085,122.9675
2017-11-30,170.9000,173.2000,170.6000,172.8000,243233,124.1893
2017-12-01,173.0000,173.5000,170.0000,170.0000,225071,122.1770
2017-12-04,171.7000,173.3000,171.7000,173.1000,147494,124.4049
2017-12-05,173.2000,174.7000,172.7000,174.3000,176863,125.2673
2017-12-06,172.9000,174.5000,172.4000,173.4000,135301,124.6205
2017-12-07,173.5000,174.2000,172.8000,173.1000,153863,124.4049
2017-12-08,174.0000,174.0000,172.4000,173.2000,129310,124.4768
2017-12-11,173.7000,173.7000,172.2000,172.5000,108698,123.9737
2017-12-12,172.6000,173.3000,172.2000,172.9000,115500,124.2612
2017-12-13,172.1000,173.6000,172.1000,172.6000,133918,124.0456
2017-12-14,172.2000,174.1000,172.1000,173.3000,140489,124.5486
2017-12-15,173.1000,174.2000,173.0000,173.9000,283525,124.9798
2017-12-18,174.5000,174.9000,172.8000,174.4000,179492,125.3392
2017-12-19,174.4000,174.4000,172.5000,172.8000,135775,124.1893
2017-12-20,172.5000,173.3000,169.7000,170.3000,224943,122.3926
2017-12-21,169.8000,171.0000,169.8000,170.7000,135747,122.6800
2017-12-22,170.6000,172.0000,170.4000,171.3000,120782,123.1113
2017-12-27,171.1000,173.3000,171.1000,172.9000,98353,124.2612
2017-12-28,172.8000,173.5000,172.1000,173.1000,79678,124.4049
2017-12-29,173.3000,173.3000,172.3000,172.5000,104982,123.9737
2018-01-03,173.5500,174.7000,173.3000,174.2500,203845,125.2314
2018-01-04,174.9500,176.8000,174.6500,176.5500,213196,126.8844
2018-01-05,176.8000,178.2500,176.8000,178.2000,204962,128.0702
2018-01-08,178.5500,179.2000,178.0000,178.5000,193380,128.2858
2018-01-09,178.7500,181.8000,178.7500,181.2000,319919,130.2262
2018-01-10,180.3000,180.8000,177.9000,178.7500,255078,128.4655
2018-01-11,179.2500,179.3000,177.1000,178.3000,204592,128.1421
2018-01-12,177.8500,179.4000,177.8000,178.6500,181694,128.3936
2018-01-15,177.9000,178.3500,177.0000,177.9000,210978,127.8546
2018-01-16,177.6000,178.1500,176.6500,177.0000,182121,127.2078
2018-01-17,177.0000,177.4500,175.9000,176.3500,212869,126.7407
2018-01-18,176.6500,176.9000,175.8000,176.4000,230283,126.7766
2018-01-19,176.4500,177.0000,175.5000,176.6000,215973,126.9203
2018-01-22,176.4500,176.6000,175.6000,176.3000,135460,126.7047
2018-01-23,176.2500,176.8500,175.3500,176.1500,137129,126.5969
2018-01-24,176.5000,176.8000,175.5500,175.6000,170535,126.2016
2018-01-25,175.5000,175.5000,172.7500,172.8000,230415,124.1893
2018-01-26,173.4500,173.5500,171.7000,171.9500,187333,123.5784
2018-01-29,172.1500,172.6500,170.9000,171.1500,212589,123.0035
2018-01-30,171.2000,171.9500,170.5000,170.6500,234535,122.6441
2018-01-31,170.9000,172.1500,170.2500,170.9000,239811,122.8238
2018-02-01,171.2000,172.1500,169.7500,170.3500,199894,122.4285
2018-02-02,169.8000,170.0000,167.5500,167.5500,210531,120.4162
2018-02-05,166.6000,166.8500,164.5500,164.5500,255794,118.2601
2018-02-06,161.1500,163.5500,150.0000,162.5000,444834,116.7868
2018-02-07,163.9000,166.2500,163.0000,165.5000,377792,118.9429
2018-02-08,165.5000,165.5000,160.6000,160.6000,242546,115.4213
2018-02-09,160.0000,160.8500,158.8000,159.6500,343990,114.7385
2018-02-12,161.7000,162.0500,160.2000,161.4000,247954,115.9963
2018-02-13,161.6000,161.7000,159.5000,159.6500,185679,114.7385
2018-02-14,160.7000,161.6000,159.6000,161.3500,164385,115.9603
2018-02-15,162.4500,163.2500,161.8000,162.6500,192059,116.8946
2018-02-16,163.9500,165.4500,163.1000,165.3000,163533,118.7991
2018-02-19,165.6000,165.9000,163.6500,164.1000,96551,117.9367
2018-02-20,164.2500,165.0500,163.1500,164.3000,108179,118.0805
2018-02-21,163.7000,164.2500,163.0000,164.2500,149955,118.0445
2018-02-22,163.1500,163.3500,161.2000,163.3000,157806,117.3618
2018-02-23,163.8000,163.9000,162.4500,163.2500,110855,117.3258
2018-02-26,163.0000,163.9000,162.6500,163.9000,96005,117.7930
2018-02-27,164.6000,164.8000,162.5000,162.8000,157529,117.0024
2018-02-28,159.0000,159.1000,152.6000,154.7000,586152,111.1810
2018-03-01,152.0500,153.4500,150.0500,152.0500,565801,109.2765
2018-03-02,151.0000,151.2000,148.5500,149.0500,327370,107.1205
2018-03-05,148.7000,150.3500,148.5500,150.2500,363554,107.9829
2018-03-06,151.9500,152.1500,150.0500,150.2500,174554,107.9829
2018-03-07,150.0000,150.0000,147.5000,148.7000,284896,106.8689
2018-03-08,148.9500,150.0000,148.7500,149.7000,291727,107.5876
2018-03-09,150.0000,150.0000,148.8500,149.5500,254278,107.4798
2018-03-12,150.1500,150.6500,148.1000,149.2000,199002,107.2283
2018-03-13,149.4500,150.7500,148.2000,148.2000,368109,106.5096
2018-03-14,148.2500,149.1500,148.0500,148.1000,187325,106.4377
2018-03-15,148.2500,149.0500,147.7000,148.4000,258424,106.6533
2018-03-16,148.0000,148.6000,143.6000,147.1500,443215,105.7549
2018-03-19,147.2000,147.2000,145.6500,146.7000,171760,105.4315
2018-03-20,146.6500,147.4000,145.8500,146.7000,230253,105.4315
2018-03-21,146.2500,146.7500,143.9000,145.5500,277167,104.6050
2018-03-22,144.1000,145.5000,143.8000,144.7500,234920,104.0301
2018-03-23,143.0500,144.4500,142.9000,144.1500,257298,103.5989
2018-03-26,144.7500,145.9000,144.4500,144.7500,286723,104.0301
2018-03-27,146.8500,147.3500,145.7500,146.7500,249256,105.4675
2018-03-28,146.2000,148.7000,145.2000,148.2000,358815,106.5096
2018-03-29,149.3000,151.7500,147.9500,150.3000,459101,108.0188
2018-04-03,149.7000,149.8000,147.9500,148.5000,253581,106.7252
2018-04-04,148.7000,149.3000,147.7000,148.7000,272906,106.8689
2018-04-05,150.8000,151.5500,149.5500,151.1000,301054,108.5938
2018-04-06,150.9000,151.0500,149.1000,149.8500,161556,107.6954
2018-04-09,150.6500,151.8000,150.3500,150.8500,185353,108.4141
2018-04-10,151.2500,151.9000,149.0500,150.6000,245305,108.2344
2018-04-11,150.6500,151.3500,149.1000,149.6500,147931,107.5517
2018-04-12,149.8000,151.5000,149.7000,151.0500,148561,108.5578
2018-04-13,151.6000,153.1500,151.2500,152.4000,160430,109.5280
2018-04-16,153.2000,153.3000,152.0000,152.4000,129123,109.5280
2018-04-17,152.4000,152.8500,150.7500,152.5000,221671,109.5999
2018-04-18,152.9000,153.7500,151.5000,152.1000,180736,109.3125
2018-04-19,152.5500,153.1000,151.5500,152.1000,188213,109.3125
2018-04-20,152.0500,153.0500,151.7500,153.0000,155300,109.9593
2018-04-23,153.4500,155.2500,151.9500,154.7000,232588,111.1810
2018-04-24,157.8000,157.8000,152.8500,156.5000,367093,112.4747
2018-04-25,156.0000,156.3000,153.0500,153.4500,244924,110.2827
2018-04-26,153.4000,154.7500,153.2500,154.5500,205295,111.0732
2018-04-27,154.6000,154.6000,153.1000,153.6500,227433,110.4264
2018-04-30,154.0500,155.8500,153.8500,155.0000,194585,111.3966
2018-05-02,155.2500,156.5500,154.9000,156.5500,278140,112.5106
2018-05-03,156.1000,157.3500,155.6500,156.1500,187481,112.2231
2018-05-04,156.3000,156.5000,153.8000,154.5000,246622,111.0373
2018-05-07,154.7500,156.3000,154.5000,156.2000,164970,112.2591
2018-05-08,155.3500,156.7000,155.1500,156.7000,175170,112.6184
2018-05-09,156.6500,156.9500,156.0000,156.5500,161881,112.5106
2018-05-11,152.2000,154.3000,151.5000,153.8000,265253,114.7489
2018-05-14,154.4000,154.4000,153.3000,153.6000,160470,114.5997
2018-05-15,153.6000,154.3000,153.1000,154.0500,174718,114.9354
2018-05-16,152.9500,153.5000,152.4500,152.7500,145463,113.9655
2018-05-17,152.7500,153.0500,151.6000,152.0000,137552,113.4059
2018-05-18,151.8000,151.9500,151.1000,151.2000,195754,112.8091
2018-05-22,151.7000,152.6000,151.6000,152.1000,149481,113.4805
2018-05-23,151.3000,151.7000,150.5500,150.9000,145949,112.5852
2018-05-24,151.2500,151.2500,149.4500,149.7500,128344,111.7272
2018-05-25,150.2500,151.4500,150.2500,151.0500,148800,112.6971
2018-05-28,151.7000,152.4000,151.3500,152.3000,100080,113.6298
2018-05-29,151.7000,151.7000,150.2000,150.2000,181131,112.0629
2018-05-30,151.0000,151.5000,149.8500,149.8500,177547,111.8018
2018-05-31,150.6500,150.8000,148.3000,148.6000,245194,110.8692
2018-06-01,149.1500,150.7000,148.5000,150.3500,161319,112.1749
2018-06-04,151.5000,152.6000,150.9500,152.2500,172758,113.5924
2018-06-05,151.8000,152.7500,151.2000,151.9000,139935,113.3313
2018-06-06,151.9000,153.3500,151.7500,152.3500,101454,113.6671
2018-06-07,154.6000,156.0000,152.3000,153.1000,185389,114.2266
2018-06-08,152.6000,152.6000,151.1000,152.3500,124075,113.6671
2018-06-11,152.6000,153.3500,151.2500,151.2500,223068,112.8463
2018-06-12,151.3500,153.1500,151.1000,151.2500,165326,112.8463
2018-06-13,152.5500,154.0000,151.9500,152.5500,146169,113.8163
2018-06-14,151.8500,153.7000,151.4500,153.6500,160020,114.6370
2018-06-15,153.9500,154.0500,151.7000,152.6500,232457,113.8909
2018-06-18,152.0500,152.2000,150.2000,151.0000,113626,112.6598
2018-06-19,150.1000,150.3500,145.1500,146.3500,253319,109.1905
2018-06-20,146.6500,148.9500,146.6500,148.7000,180345,110.9438
2018-06-21,149.0000,150.2500,148.5000,148.5000,254937,110.7946
2018-06-22,148.6000,149.6500,148.4000,149.1500,206734,111.2796
2018-06-25,148.6500,149.9500,148.2500,149.5500,239866,111.5780
2018-06-26,150.0000,150.4500,148.4000,149.0000,148328,111.1676
2018-06-27,148.7000,150.9500,147.5000,150.2500,160821,112.1003
2018-06-28,149.6000,150.7500,149.1500,149.6500,150649,111.6526
2018-06-29,150.8000,151.7000,146.7000,149.2000,427500,111.3169
2018-07-02,148.4500,148.6000,146.9000,147.4500,162882,110.0112
2018-07-03,148.0000,151.1500,148.0000,150.6000,168082,112.3614
2018-07-04,150.1500,151.3500,149.8000,150.1500,71753,112.0256
2018-07-05,150.4000,151.3500,149.7000,150.5000,102502,112.2868
2018-07-06,150.5000,150.5500,148.5500,149.8000,178986,111.7645
2018-07-09,150.2500,153.0500,149.9500,152.6500,162228,113.8909
2018-07-10,153.0000,153.8000,151.3000,153.3500,185275,114.4131
2018-07-11,152.1500,152.1500,149.2000,149.3500,157133,111.4288
2018-07-12,149.6500,150.3000,148.5000,149.8000,200834,111.7645
2018-07-13,150.0500,152.5500,150.0000,152.2500,178148,113.5924
2018-07-16,152.1000,153.4000,151.4000,151.4000,226169,112.9583
2018-07-17,151.7500,155.8500,151.2000,154.8000,288610,115.4950
2018-07-18,155.4500,155.8500,153.4000,155.1500,220156,115.7561
2018-07-19,156.4000,157.9500,151.7500,154.9500,277381,115.6069
2018-07-20,155.1000,155.1000,152.5000,153.3500,187975,114.4131
2018-07-23,153.0000,155.3500,151.4000,154.7000,202860,115.4204
2018-07-24,155.0500,155.7500,153.5000,153.7000,137173,114.6743
2018-07-25,153.6000,153.6500,151.9000,152.9500,107617,114.1147
2018-07-26,154.0000,155.8500,154.0000,155.8000,133461,116.2411
2018-07-27,155.8500,157.1000,155.4000,155.7500,113011,116.2038
2018-07-30,155.5500,156.6000,155.3000,155.8500,70352,116.2784
2018-07-31,155.8500,159.0000,154.9000,158.3500,215367,118.1436
2018-08-02,157.6500,159.2000,157.6000,158.1500,271190,117.9944
2018-08-03,158.7500,161.1000,158.6000,159.5500,212657,119.0389
2018-08-06,159.8500,159.9500,158.0000,159.5000,160321,119.0016
2018-08-07,159.8500,160.0000,158.0000,159.5000,178481,119.0016
2018-08-08,159.2000,160.6500,159.0500,159.9000,145323,119.3000
2018-08-09,159.5500,160.2000,157.9500,158.6000,172637,118.3301
2018-08-10,158.0000,158.0000,156.6500,157.3000,108066,117.3602
2018-08-13,156.9500,157.4000,155.8500,156.9500,124211,117.0991
2018-08-14,158.0000,158.7000,155.8500,156.8000,154496,116.9872
2018-08-15,156.9000,158.0000,155.3500,155.8000,97179,116.2411
2018-08-16,156.7000,157.9500,156.0000,157.5000,114875,117.5094
2018-08-17,158.0000,158.9500,157.4500,157.9500,117028,117.8452
2018-08-20,158.2500,161.3500,157.9500,160.2000,207999,119.5238
2018-08-21,159.8000,161.4500,159.6500,161.1500,100787,120.2326
2018-08-22,160.9500,162.3000,160.9000,161.9500,137747,120.8295
2018-08-23,161.7500,161.7500,159.8500,161.2500,149052,120.3073
2018-08-24,160.9500,161.2000,159.8000,160.4500,154606,119.7104
2018-08-27,161.0000,161.3000,160.2000,161.2000,68527,120.2700
2018-08-28,161.3500,161.8000,160.5500,160.9000,116515,120.0461
2018-08-29,161.0000,161.0000,160.2500,160.6000,98331,119.8223
2018-08-30,160.3000,160.3000,157.6000,157.8500,183270,117.7706
2018-08-31,157.7000,157.7000,155.3500,156.5000,237960,116.7633
2018-09-03,156.3000,156.7500,155.4500,155.9000,93882,116.3157
2018-09-04,156.9500,156.9500,156.0000,156.4500,140740,116.7260
2018-09-05,156.3500,156.4500,154.2500,154.5000,191945,115.2711
2018-09-06,154.5000,155.7000,154.0000,155.4000,113918,115.9426
2018-09-07,155.4000,156.3000,154.4500,155.1000,109326,115.7188
2018-09-10,155.3500,157.4000,155.0500,156.8000,146202,116.9872
2018-09-11,155.2500,157.8000,154.6000,155.3500,231010,115.9053
2018-09-12,155.3000,156.0500,154.5500,155.5000,141306,116.0172
2018-09-13,155.2500,155.4500,154.2000,154.9500,92171,115.6069
2018-09-14,155.3000,155.9000,154.5000,154.6000,146118,115.3457
2018-09-17,154.4000,154.8000,153.5000,153.9500,101943,114.8608
2018-09-18,154.0000,154.7000,153.0500,153.5500,95153,114.5624
2018-09-19,153.4500,154.0000,152.4000,153.0000,109789,114.1520
2018-09-20,152.6500,153.1500,151.5000,151.7000,145717,113.1821
2018-09-21,151.8000,153.0000,151.7000,152.4500,234385,113.7417
2018-09-24,151.9000,152.9000,150.7000,151.2000,115895,112.8091
2018-09-25,151.4000,153.9500,151.2500,153.8000,137696,114.7489
2018-09-26,153.7000,154.3500,153.0500,154.2000,98573,115.0473
2018-09-27,154.0000,154.7000,153.4000,154.1500,116683,115.0100
2018-09-28,153.9500,155.6000,153.3000,155.5000,181029,116.0172
2018-10-01,155.2500,155.9000,154.7000,154.7000,142299,115.4204
2018-10-02,154.3000,154.5500,152.9500,153.8000,131872,114.7489
2018-10-03,153.5500,153.9000,148.0000,148.5000,286480,110.7946
2018-10-04,148.0000,148.0500,145.6000,146.7000,281984,109.4516
2018-10-05,147.0000,147.0500,145.3500,146.0500,153280,108.9667
2018-10-08,145.7000,145.9000,143.8500,144.2000,105901,107.5864
2018-10-09,148.0000,148.7500,145.3000,146.9000,193191,109.6009
2018-10-10,146.9500,146.9500,141.5000,141.7500,199477,105.7585
2018-10-11,140.1000,142.5000,138.7500,141.7500,406363,105.7585
2018-10-12,142.9500,145.2500,142.7500,142.8500,235103,106.5792
2018-10-15,142.4500,142.5500,139.8000,141.7000,197996,105.7212
2018-10-16,141.7000,143.1500,140.5500,143.1000,173698,106.7657
2018-10-17,143.8500,145.2000,142.4000,143.5500,247851,107.1015
2018-10-18,139.4000,139.5000,133.3500,135.0000,982609,100.7224
2018-10-19,134.8500,135.2500,131.0000,134.4000,554272,100.2747
2018-10-22,135.9500,135.9500,134.3000,135.1500,330704,100.8343
2018-10-23,133.8500,133.8500,129.0500,132.0000,333504,98.4841
2018-10-24,132.6500,135.0500,131.8500,133.1000,279155,99.3048
2018-10-25,132.2000,136.4000,131.1000,136.4000,429007,101.7669
2018-10-26,135.7500,137.0500,132.3000,135.7500,275557,101.2819
2018-10-29,136.8000,140.6500,136.5500,138.3000,203908,103.1845
2018-10-30,138.5500,139.1000,136.9000,138.2000,288398,103.1098
2018-10-31,139.3000,142.3500,139.0500,140.1000,271653,104.5274
2018-11-01,139.8500,141.6000,138.8500,139.3000,167201,103.9306
2018-11-02,136.1000,141.0000,136.1000,138.9500,292859,103.6694
2018-11-05,139.1000,139.1000,136.1500,137.0500,221266,102.2519
2018-11-06,136.9500,137.8500,136.3000,136.9500,237065,102.1772
2018-11-07,137.3000,139.7000,137.3000,138.9000,174432,103.6321
2018-11-08,139.4000,139.9500,137.8000,138.3500,156861,103.2218
2018-11-09,138.3500,138.5500,137.0000,137.8500,148140,102.8487
2018-11-12,136.6500,137.9000,133.1000,133.7000,326761,99.7524
2018-11-13,133.6000,135.2500,132.5000,133.5000,380860,99.6032
2018-11-14,132.7000,134.3000,132.3000,132.5000,331356,98.8571
2018-11-15,132.3500,133.1000,130.4000,130.8500,245769,97.6261
2018-11-16,131.6000,132.8500,130.1500,130.7000,214578,97.5142
2018-11-19,131.4000,131.9000,129.9000,130.0000,201032,96.9919
2018-11-20,130.0000,131.8500,129.4000,131.3000,377839,97.9618
2018-11-21,131.7000,133.8000,131.6000,132.9500,331849,99.1929
2018-11-22,132.9000,134.5500,132.1000,133.8500,172001,99.8644
2018-11-23,135.5500,139.4500,135.5500,138.8500,359242,103.5948
2018-11-26,140.0500,142.8500,140.0500,141.7500,405740,105.7585
2018-11-27,141.9000,141.9000,140.5500,141.4000,236561,105.4973
2018-11-28,141.8000,142.4500,141.0500,142.2500,174720,106.1315
2018-11-29,143.1500,143.9500,141.5000,142.1000,237116,106.0196
2018-11-30,142.0500,142.1000,140.1500,140.5000,283733,104.8259
2018-12-03,143.9000,145.8500,142.3000,142.5000,298261,106.3180
2018-12-04,142.0000,143.1000,140.6000,140.9500,204777,105.1616
2018-12-05,139.6000,140.8000,139.0000,139.2000,177239,103.8559
2018-12-06,138.5500,138.7000,134.8500,134.8500,315896,100.6105
2018-12-07,135.5000,137.5000,135.2500,135.2500,216547,100.9089
2018-12-10,134.5000,134.8500,132.0500,132.2500,214749,98.6706
2018-12-11,133.1500,133.2000,130.8000,130.8000,313413,97.5888
2018-12-12,131.3000,132.5500,130.1500,132.2500,362587,98.6706
2018-12-13,132.6500,133.5500,132.1000,132.4000,196900,98.7825
2018-12-14,131.3000,132.7000,130.3000,131.8000,200289,98.3349
2018-12-17,131.7500,131.7500,128.5000,129.0500,212604,96.2831
2018-12-18,127.7000,129.1000,126.8500,126.8500,239528,94.6417
2018-12-19,125.5000,125.9500,121.9000,124.9000,491295,93.1868
2018-12-20,122.7000,124.0500,121.6500,122.8000,355436,91.6200
2018-12-21,126.8000,128.6500,124.9000,128.5000,905523,95.8728
2018-12-27,129.9000,129.9000,125.1500,125.5000,310043,93.6345
2018-12-28,126.3500,127.7500,125.9500,126.3500,191697,94.2687
2019-01-03,125.3000,126.5500,124.7000,125.5000,299639,93.6345
2019-01-04,126.4000,129.3000,126.3500,128.7000,250811,96.0220
2019-01-07,129.5500,129.6000,127.2500,129.5000,149753,96.6189
2019-01-08,129.6500,131.9500,128.2000,131.0000,254867,97.7380
2019-01-09,132.0000,132.0000,130.1500,131.5000,259238,98.1110
2019-01-10,130.6500,133.2500,130.2000,132.4500,246277,98.8198
2019-01-11,133.5000,133.5000,128.8000,130.8000,261369,97.5888
2019-01-14,130.3000,130.3500,128.1000,128.7000,200680,96.0220
2019-01-15,129.5500,130.2500,127.4000,128.0000,208233,95.4997
2019-01-16,127.4000,132.5000,127.4000,131.9500,445687,98.4468
2019-01-17,132.0000,132.8000,131.6000,132.4500,217721,98.8198
2019-01-18,133.7000,135.4000,133.2500,135.2500,242515,100.9089
2019-01-21,135.3500,135.8000,134.3500,134.8500,161424,100.6105
2019-01-22,134.3500,135.0000,133.1500,133.7500,209359,99.7898
2019-01-23,133.0500,135.1500,132.1000,134.2500,167463,100.1628
2019-01-24,134.3000,134.7500,132.6500,133.2500,213522,99.4167
2019-01-25,134.1000,134.3000,133.0000,133.2500,148302,99.4167
2019-01-28,133.0000,134.9000,132.9000,132.9500,137996,99.1929
2019-01-29,133.0500,134.7500,132.2500,133.6000,174326,99.6778
2019-01-30,133.8000,135.1000,133.5000,134.5500,184491,100.3866
2019-01-31,135.1000,135.7000,134.1500,134.4000,281607,100.2747
2019-02-01,135.1000,135.6000,134.1000,135.6000,252649,101.1700
2019-02-04,135.6500,136.1000,130.6500,134.0000,283049,99.9763
2019-02-05,134.1500,136.8500,133.6000,136.7500,249360,102.0280
2019-02-06,136.9000,137.9500,135.9000,136.2500,149953,101.6550
2019-02-07,135.8000,135.8000,133.8500,134.1500,167650,100.0882
2019-02-08,134.0000,134.2000,132.4500,133.0000,147165,99.2302
2019-02-11,133.5000,134.7000,133.0500,134.4500,195086,100.3120
2019-02-12,135.4000,137.8000,135.3000,136.3500,210040,101.7296
2019-02-13,136.7500,137.4500,135.8000,136.2500,219489,101.6550
2019-02-14,137.5000,138.0500,136.4000,137.6000,183945,102.6622
2019-02-15,138.0000,139.4000,135.6000,138.4000,198402,103.2591
2019-02-18,138.9500,138.9500,137.8000,138.6000,134013,103.4083
2019-02-19,138.7500,138.7500,136.6500,137.1000,176068,102.2892
2019-02-20,137.8500,140.8000,137.5000,138.9500,232366,103.6694
2019-02-21,139.2000,139.2000,137.1500,137.7000,182063,102.7368
2019-02-22,138.4500,139.0000,137.9000,138.1000,140922,103.0353
2019-02-25,138.3500,138.3500,137.7500,138.0000,137665,102.9606
2019-02-26,137.8500,139.4500,137.2000,139.4500,255498,104.0425
2019-02-27,132.5000,133.9500,128.5000,129.4000,918591,96.5443
2019-02-28,128.8500,130.7500,127.1000,130.2500,522407,97.1784
2019-03-01,132.2500,134.1000,130.1000,131.7500,493051,98.2976
2019-03-04,132.7500,133.9500,132.5000,132.7500,231032,99.0437
2019-03-05,132.6500,134.2500,132.6500,133.6000,219323,99.6778
2019-03-06,133.8500,135.4000,133.8500,135.0500,222620,100.7597
2019-03-07,135.2000,135.2000,130.4000,130.5500,348249,97.4023
2019-03-08,130.2500,130.8000,128.9500,130.4000,285658,97.2903
2019-03-11,131.2000,131.2000,129.7500,130.5000,85820,97.3650
2019-03-12,131.7000,132.8000,131.5500,131.7500,112131,98.2976
2019-03-13,131.8000,132.4500,131.0000,132.4500,70388,98.8198
2019-03-14,133.1500,136.8500,132.9500,136.0000,258334,101.4685
2019-03-15,136.6000,138.1000,136.1000,137.9500,182321,102.9233
2019-03-18,138.2500,138.2500,136.0000,136.7500,157066,102.0280
2019-03-19,137.1000,138.6500,137.0500,138.2500,152085,103.1471
2019-03-20,138.5000,138.7000,136.3000,136.9500,159858,102.1772
2019-03-21,136.7000,136.8500,135.1500,135.9500,88697,101.4312
2019-03-22,137.0000,137.6000,134.1000,134.3000,192736,100.2001
2019-03-25,132.6000,133.2500,131.3000,132.5500,173870,98.8944
2019-03-26,132.9500,134.4500,132.6500,134.1500,84802,100.0882
2019-03-27,134.7000,135.0000,133.7500,134.3000,98683,100.2001
2019-03-28,134.9500,135.7500,134.2000,134.4000,100255,100.2747
2019-03-29,134.6500,136.3000,134.1000,136.0000,137110,101.4685
2019-04-01,137.5500,138.8500,137.1000,138.2500,183604,103.1471
2019-04-02,138.6000,140.4000,138.2000,140.1500,182200,104.5647
2019-04-03,141.0000,142.2500,140.7500,141.7000,212590,105.7212
2019-04-04,140.5000,141.5000,140.3000,141.1500,151740,105.3108
2019-04-05,142.0000,142.9000,141.4000,142.4500,182020,106.2807
2019-04-08,142.5500,142.5500,141.3500,141.5500,112738,105.6093
2019-04-09,141.5500,142.6000,141.2500,141.8500,254643,105.8331
2019-04-10,141.4000,143.2000,141.4000,142.8000,140595,106.5419
2019-04-11,142.9000,143.8000,142.5000,143.1000,284489,106.7657
2019-04-12,143.4000,143.6500,142.2500,142.9500,224806,106.6538
2019-04-15,143.9000,145.2000,143.7500,144.6000,213238,107.8848
2019-04-16,144.4000,146.0000,144.3500,145.4000,201987,108.4817
2019-04-17,146.0000,146.0000,144.7000,144.9500,343525,108.1460
2019-04-18,145.0500,146.0500,144.6000,145.3500,293646,108.4444
2019-04-23,145.6500,146.0000,145.0500,145.9000,314610,108.8548
2019-04-24,145.9000,145.9000,143.0000,143.0000,318083,106.6911
2019-04-25,146.0500,152.7000,145.9000,148.5000,849730,110.7946
2019-04-26,147.9000,148.4000,145.4500,148.4000,245504,110.7200
2019-04-29,147.9000,148.5500,147.2000,148.4500,229455,110.7573
2019-04-30,148.2000,149.0500,148.0500,148.0500,350843,110.4589
2019-05-02,147.7000,148.4000,146.5000,147.5000,226718,110.0485
2019-05-03,148.2500,148.7500,147.3500,147.4500,157552,110.0112
2019-05-06,145.8000,145.9000,140.8000,143.6000,297757,107.1387
2019-05-07,143.3500,144.4500,142.7000,143.2000,213885,106.8403
2019-05-08,144.1000,144.6500,142.1000,142.5000,208136,106.3180
2019-05-09,138.9500,138.9500,135.2000,135.2000,305066,105.3055
2019-05-10,137.1000,137.1000,135.8000,135.9000,183942,105.8507
2019-05-13,136.3500,136.4000,132.2500,133.0000,270436,103.5919
2019-05-14,134.6000,134.6000,131.3000,132.8000,293882,103.4362
2019-05-15,132.7000,132.9500,131.6000,132.9000,187765,103.5141
2019-05-16,133.0000,133.8000,132.0000,133.8000,189093,104.2151
2019-05-17,133.7500,134.3500,132.8000,134.0000,172243,104.3708
2019-05-20,133.9500,133.9500,130.2500,131.4500,287611,102.3847
2019-05-21,132.1500,133.9500,131.9500,133.9500,204161,104.3319
2019-05-22,133.6000,134.9000,133.3000,134.4000,159725,104.6824
2019-05-23,133.6500,133.7000,132.5000,132.9500,177074,103.5530
2019-05-24,133.4000,133.6000,131.1000,131.5000,250306,102.4236
2019-05-27,133.0500,133.0500,131.1500,131.5000,98783,102.4236
2019-05-28,131.5000,132.2500,130.8000,131.6000,682100,102.5015
2019-05-29,131.1000,131.6000,130.1500,131.6000,200826,102.5015
2019-05-31,131.2000,133.5000,130.8000,133.1500,344187,103.7088
2019-06-03,132.2500,132.4500,130.7000,132.0500,208558,102.8520
2019-06-04,131.9500,131.9500,130.9500,131.8000,185485,102.6573
2019-06-05,132.9000,133.8000,132.0500,132.8000,146766,103.4362
2019-06-06,133.3000,134.5500,132.9000,132.9000,132499,103.5141
2019-06-07,133.6500,135.9500,133.4500,135.3500,231208,105.4223
2019-06-11,135.8500,136.8000,134.8000,135.4500,256235,105.5002
2019-06-12,134.8000,135.7500,133.3500,134.0000,245209,104.3708
2019-06-13,134.0000,134.6500,133.3500,134.4500,212190,104.7213
2019-06-14,134.4500,134.6000,133.4000,134.0000,148005,104.3708
2019-06-17,134.0500,134.6500,133.8000,134.0000,142533,104.3708
2019-06-18,133.9000,135.9000,132.6500,135.4000,211656,105.4613
2019-06-19,135.6500,138.3500,135.5000,137.6000,227706,107.1748
2019-06-20,138.6000,138.6000,137.0000,137.0000,124854,106.7075
2019-06-21,136.8000,137.3000,136.2500,137.2000,351258,106.8633
2019-06-24,137.1500,138.9500,137.1500,138.5000,218884,107.8758
2019-06-25,137.9000,138.6000,137.2500,137.9000,153378,107.4085
2019-06-26,137.4500,139.0500,137.4500,138.8500,214763,108.1484
2019-06-27,139.0500,139.9500,138.6500,139.9500,152955,109.0052
2019-06-28,140.0000,144.9000,139.9500,144.9000,474026,112.8607
2019-07-01,145.5500,147.2500,144.3000,144.6000,387010,112.6270
2019-07-02,144.1500,144.4000,142.4000,144.1500,463985,112.2765
2019-07-03,144.2500,144.9000,143.9000,144.6000,171194,112.6270
2019-07-04,144.3000,145.6500,144.3000,145.1000,155449,113.0165
2019-07-05,144.7000,145.2500,143.1000,144.0000,214854,112.1597
2019-07-08,143.9500,144.6500,143.6000,144.2500,256998,112.3544
2019-07-09,144.1000,144.1000,142.5500,143.0000,225605,111.3808
2019-07-10,142.8000,143.4500,142.3500,142.9500,372859,111.3419
2019-07-11,143.1500,144.0500,142.8000,143.1000,280846,111.4587
2019-07-12,143.2000,144.8000,142.8000,143.1500,246440,111.4976
2019-07-15,143.3500,144.3000,142.4000,142.9000,310178,111.3029
2019-07-16,142.5500,144.3500,142.5500,143.9500,275359,112.1208
2019-07-17,143.8500,146.1500,143.8500,144.6000,340329,112.6270
2019-07-18,144.0500,145.1500,143.2000,144.8000,349507,112.7828
2019-07-19,145.0000,146.1500,144.9000,145.5500,322558,113.3670
2019-07-22,146.6500,146.6500,144.7000,145.0000,421965,112.9386
2019-07-23,144.6500,150.3000,144.6500,150.3000,750651,117.0667
2019-07-24,149.9500,150.1000,147.1000,147.9500,534637,115.2363
2019-07-25,148.6000,150.4000,148.0000,148.8500,391344,115.9373
2019-07-26,149.1500,149.5500,147.4500,147.9500,358579,115.2363
2019-07-29,148.2000,148.8000,147.8000,148.7000,209692,115.8205
2019-07-30,148.9000,148.9000,145.9000,146.7000,328195,114.2627
2019-07-31,146.3500,147.4000,146.3500,146.7500,232768,114.3016
2019-08-02,144.5000,144.6000,141.2000,144.1500,448765,112.2765
2019-08-05,142.5000,143.1000,140.4500,140.9000,456750,109.7452
2019-08-06,141.1500,143.3500,140.7500,141.8500,434690,110.4851
2019-08-07,142.0500,143.1000,141.1500,142.5000,372325,110.9914
2019-08-08,144.4500,144.4500,142.3500,143.5000,216549,111.7703
2019-08-09,144.0000,144.3000,139.5000,141.0500,312927,109.8620
2019-08-12,141.9000,142.7500,139.8000,139.9500,274520,109.0052
2019-08-13,139.5000,141.6500,138.3000,141.0000,281407,109.8230
2019-08-14,141.5000,141.5000,138.2500,138.5000,234816,107.8758
2019-08-15,138.6000,139.8500,137.3000,138.3000,256000,107.7200
2019-08-16,138.2500,139.6500,138.2500,139.0000,162189,108.2653
2019-08-19,140.2000,140.9500,139.6500,140.7500,135571,109.6283
2019-08-20,140.9000,141.0500,138.6000,138.7000,159042,108.0316
2019-08-21,138.9000,140.2000,138.8500,139.4000,274171,108.5768
2019-08-22,139.2000,140.3000,138.8500,139.5500,413425,108.6937
2019-08-23,140.6000,141.3000,138.7000,138.9000,243698,108.1874
2019-08-26,138.5500,139.4500,137.1000,138.8000,163188,108.1095
2019-08-27,139.0500,139.9500,138.2500,139.4500,191942,108.6158
2019-08-28,139.2000,139.5500,138.0500,139.0500,185324,108.3042
2019-08-29,139.0500,141.1000,138.5500,141.1000,363004,109.9009
2019-08-30,141.4500,144.7000,141.3500,144.0500,294748,112.1986
2019-09-02,144.4000,145.5000,144.1500,144.8500,252616,112.8218
2019-09-03,144.7000,145.0500,142.6000,143.3000,228406,111.6145
2019-09-04,144.5000,145.1000,144.1500,144.2500,131891,112.3544
2019-09-05,144.5000,147.8000,144.5000,147.2000,237483,114.6521
2019-09-06,147.2000,148.9000,147.2000,148.8500,176443,115.9373
2019-09-09,148.7500,151.1000,148.7000,150.2500,240273,117.0277
2019-09-10,150.0000,150.8500,147.0000,147.7500,428755,115.0805
2019-09-11,148.3000,151.2000,148.3000,151.0500,310025,117.6508
2019-09-12,151.1500,153.9500,148.7000,150.2500,261208,117.0277
2019-09-13,150.7500,152.7500,150.7000,152.7500,226654,118.9750
2019-09-16,151.8000,151.8000,150.4500,151.1000,122618,117.6898
2019-09-17,150.6000,151.2000,149.9000,151.2000,134181,117.7677
2019-09-18,149.5000,149.9500,145.6000,147.3000,426259,114.7300
2019-09-19,147.3500,149.1000,146.6500,147.1500,263599,114.6132
2019-09-20,147.2500,147.4500,144.5000,144.5000,478915,112.5492
2019-09-23,144.4000,145.4000,142.8500,145.2000,213284,113.0944
2019-09-24,145.2500,146.3000,144.9000,145.4500,183015,113.2891
2019-09-25,144.6500,144.8500,140.7500,143.1500,378115,111.4976
2019-09-26,142.9000,145.7500,142.9000,144.8000,168671,112.7828
2019-09-27,144.9000,147.0500,144.6000,145.7000,188078,113.4838
2019-09-30,145.9500,147.0500,145.9000,147.0000,190598,114.4964
2019-10-01,147.5500,148.6000,144.8000,145.2500,268441,113.1333
2019-10-02,145.0000,145.3000,142.5500,143.9000,290000,112.0818
2019-10-03,144.0000,145.4500,142.8500,144.5000,207968,112.5492
2019-10-04,145.0000,146.9000,144.6500,146.4500,342495,114.0680
2019-10-07,147.1500,148.8000,145.9000,147.7500,354381,115.0805
2019-10-08,149.5000,150.5000,143.9000,145.2500,552016,113.1333
2019-10-09,145.4000,147.4000,143.8000,146.5500,307649,114.1459
2019-10-10,147.1500,149.0500,146.6000,148.9500,258673,116.0152
2019-10-11,149.2000,151.8000,148.7000,151.8000,320944,118.2350
2019-10-14,151.1000,151.1000,148.0000,148.0000,262376,115.2753
2019-10-15,148.3000,149.7000,147.4000,148.7000,300164,115.8205
2019-10-16,148.5000,149.2000,146.9500,148.8000,297193,115.8984
2019-10-17,144.2000,149.3500,144.0000,147.3000,345717,114.7300
2019-10-18,147.2500,149.0000,146.6000,146.6000,318576,114.1848
2019-10-21,146.3000,149.0000,146.1500,148.6000,397755,115.7426
2019-10-22,150.0000,156.3000,149.7000,156.3000,840128,121.7400
2019-10-23,157.8000,162.1000,156.0500,161.5000,963268,125.7902
2019-10-24,162.0000,164.3500,161.7500,164.0000,636156,127.7374
2019-10-25,163.9000,165.3500,161.8500,162.6000,488094,126.6470
2019-10-28,160.5500,161.4500,155.7000,161.1500,470645,125.5176
2019-10-29,160.5000,161.6500,159.9000,161.1500,250180,125.5176
2019-10-30,160.9500,161.3000,158.9000,159.5500,297604,124.2714
2019-10-31,159.5000,160.7500,158.7000,159.3500,262851,124.1156
2019-11-01,158.0000,160.6000,155.9500,159.1500,332381,123.9598
2019-11-04,159.5500,160.5500,158.8500,159.9000,263900,124.5440
2019-11-05,160.0000,162.4000,159.7000,162.3500,287602,126.4523
2019-11-06,162.7500,163.5000,161.8000,162.8500,263259,126.8417
2019-11-07,163.0000,164.3000,162.5000,163.4500,249616,127.3091
2019-11-08,163.2000,164.6000,161.6000,162.6000,317992,126.6470
2019-11-11,162.0500,163.4000,160.8500,161.9000,136841,126.1018
2019-11-12,161.9500,162.6000,161.4000,162.0500,280454,126.2186
2019-11-13,161.3500,162.0500,160.6000,161.4500,295198,125.7513
2019-11-14,161.6500,162.0500,158.9500,160.2500,213412,124.8166
2019-11-15,160.7500,161.8500,160.2000,161.5500,202220,125.8292
2019-11-18,161.6000,162.6500,160.8000,161.5000,265601,125.7902
2019-11-19,162.2500,163.2500,161.9000,162.5000,230163,126.5691
2019-11-20,162.0500,163.1500,161.1500,162.5500,236467,126.6081
2019-11-21,161.6500,163.7500,161.3500,162.3500,215869,126.4523
2019-11-22,162.9000,162.9000,160.9000,162.4000,228890,126.4912
2019-11-25,162.2500,164.4000,161.9000,164.4000,308610,128.0490
2019-11-26,164.0500,165.0000,162.6000,163.0000,1015124,126.9585
2019-11-27,162.9000,164.3500,161.8500,163.0500,288144,126.9975
2019-11-28,162.5000,163.7000,162.5000,163.2500,172605,127.1533
2019-11-29,162.5000,163.5500,162.1000,162.6000,138992,126.6470
2019-12-02,162.6500,163.7000,160.4500,160.5000,198707,125.0113
2019-12-03,160.9500,161.7500,158.7000,159.2000,191823,123.9988
2019-12-04,160.4500,161.4500,159.2500,161.1000,146464,125.4787
2019-12-05,161.0500,162.8000,161.0500,161.8500,129324,126.0629
2019-12-06,161.7500,163.6500,161.6500,163.6500,194647,127.4648
2019-12-09,163.5000,164.1500,161.9500,161.9500,207101,126.1407
2019-12-10,162.1000,162.1000,160.7000,161.8500,182982,126.0629
2019-12-11,162.0000,162.6500,160.8000,162.6500,189885,126.6859
2019-12-12,162.9000,163.1000,162.0000,162.8000,181963,126.8028
2019-12-13,163.3000,164.9500,162.5000,163.9000,211174,127.6595
2019-12-16,164.8000,164.8500,162.8500,163.6500,146032,127.4648
2019-12-17,163.9500,164.5500,162.3500,162.3500,221857,126.4523
2019-12-18,162.1000,162.9000,159.7000,162.5000,317560,126.5691
2019-12-19,162.7500,162.7500,161.5000,162.2500,122331,126.3744
2019-12-20,162.7500,163.9500,162.6000,163.1500,263235,127.0754
2019-12-23,162.9000,164.3000,162.9000,163.3500,99844,127.2312
2019-12-27,163.9500,164.9500,163.6500,164.3500,125041,128.0101
2019-12-30,164.0500,164.3500,163.1500,163.2000,178682,127.1143
2020-01-03,162.0500,162.7500,160.2000,162.7000,211909,126.7249
2020-01-06,161.6500,162.9000,160.5000,162.9000,192793,126.8807
2020-01-07,163.6000,165.1000,163.3000,165.1000,207653,128.5942
2020-01-08,163.9000,164.8500,162.9000,164.4000,201760,128.0490
2020-01-09,165.8000,166.0000,164.0500,164.5000,164707,128.1269
2020-01-10,165.2000,165.9500,164.5000,164.5500,161698,128.1658
2020-01-13,164.9500,165.1500,163.6500,164.1000,144273,127.8153
2020-01-14,164.4000,165.9000,163.7000,165.9000,169809,129.2173
2020-01-15,166.0000,166.1500,163.9000,164.0500,144923,127.7764
2020-01-16,163.7000,165.0500,163.7000,165.0000,156546,128.5163
2020-01-17,165.2500,166.7000,165.2000,165.6500,174656,129.0226
2020-01-20,165.8000,166.7000,165.4500,166.3000,153981,129.5289
2020-01-21,165.7000,166.7000,164.4000,165.8500,136832,129.1784
2020-01-22,165.8500,168.0000,165.5000,167.3000,219476,130.3078
2020-01-23,167.0000,167.0000,162.9500,162.9500,261661,126.9196
2020-01-24,163.4000,164.1500,162.9000,163.7000,213713,127.5038
2020-01-27,161.7500,162.1500,158.3000,158.9500,235048,123.8041
2020-01-28,159.2500,162.2500,159.2500,161.9000,261441,126.1018
2020-01-29,162.0500,165.8000,161.2000,165.5000,258504,128.9058
2020-01-30,163.0000,163.0000,152.9000,156.3500,822441,121.7790
2020-01-31,157.2000,157.8000,155.3500,156.0000,414265,121.5063
2020-02-03,155.9000,155.9000,152.7000,153.8000,438073,119.7928
2020-02-04,155.1000,158.9500,154.8000,157.2000,264387,122.4410
2020-02-05,157.0000,161.6500,156.4500,159.6500,348473,124.3493
2020-02-06,160.4000,160.9000,159.1500,159.6000,141389,124.3103
2020-02-07,159.7000,159.7000,157.6500,159.1000,242071,123.9209
2020-02-10,158.3000,159.7000,158.1000,158.9000,115114,123.7651
2020-02-11,159.4500,161.0000,159.3000,160.7000,181012,125.1671
2020-02-12,161.0000,161.5000,159.7500,160.3000,160512,124.8556
2020-02-13,160.2000,160.6000,157.9500,158.0000,310761,123.0641
2020-02-14,158.0000,159.7500,157.5000,158.8500,236767,123.7262
2020-02-17,159.0000,160.0000,157.2000,157.8500,201528,122.9473
2020-02-18,157.0000,157.3000,155.5500,156.3500,212905,121.7790
2020-02-19,157.0000,158.9000,155.7500,158.7000,231463,123.6093
2020-02-20,158.4500,159.9000,157.5000,158.8500,242735,123.7262
2020-02-21,158.0000,158.6500,154.8500,155.3500,246750,121.0001
2020-02-24,148.0000,150.5000,146.0000,149.6000,540277,116.5215
2020-02-25,151.2000,152.7000,147.9500,148.6500,378241,115.7815
2020-02-26,148.0000,150.6000,144.5000,149.4500,335304,116.4046
2020-02-27,141.9500,144.4500,138.3000,142.4500,969483,110.9524
2020-02-28,137.4000,140.5500,136.8000,140.5500,1024268,109.4725
2020-03-02,143.0000,144.2500,140.5500,144.1500,655188,112.2765
2020-03-03,145.9500,148.8000,145.3000,146.3500,657072,113.9901
2020-03-04,146.5000,147.1000,144.1500,145.0000,578552,112.9386
2020-03-05,146.6000,146.9000,143.2000,143.5500,456254,111.8092
2020-03-06,140.3000,142.6500,138.8000,140.4500,641942,109.3946
2020-03-09,134.3500,138.8500,131.4500,133.1500,962528,103.7088
2020-03-10,134.4500,139.4000,133.7500,134.4000,692646,104.6824
2020-03-11,135.4500,138.0500,133.9500,134.7000,490871,104.9161
2020-03-12,128.3500,130.3500,127.2500,127.8500,1482202,99.5807
2020-03-13,130.0000,138.5000,127.6500,129.0500,827272,100.5153
2020-03-16,121.6000,128.4500,119.2500,127.3000,748584,99.1523
2020-03-17,132.8000,134.4500,125.7000,133.0000,695318,103.5919
2020-03-18,130.0000,132.0500,124.8000,126.2000,805223,98.2955
2020-03-19,128.5000,129.7000,125.6500,128.0000,772601,99.6975
2020-03-20,133.2500,134.2500,126.2000,127.2000,1037654,99.0744
2020-03-23,121.5000,126.6000,119.5000,120.5000,402048,93.8559
2020-03-24,124.5000,133.1000,122.7000,132.4500,482512,103.1636
2020-03-25,135.0500,137.1500,130.0500,133.4000,410645,103.9035
2020-03-26,131.0000,136.5000,129.8000,136.2500,297687,106.1233
2020-03-27,132.8000,133.8500,130.4500,131.7000,306384,102.5794
2020-03-30,132.6000,132.9500,128.1500,131.9500,438060,102.7741
2020-03-31,131.0000,133.6000,129.4500,132.8500,510584,103.4751
2020-04-01,130.9000,139.8500,130.7000,139.8500,620441,108.9273
2020-04-02,140.1000,141.8500,135.5000,135.9000,411965,105.8507
2020-04-03,136.2500,137.6500,131.8500,134.0500,388774,104.4098
2020-04-06,138.6500,139.9500,136.6500,138.4500,259574,107.8369
2020-04-07,141.7500,143.7500,139.7500,142.2500,329174,110.7966
2020-04-08,141.1500,144.6000,140.2500,144.6000,365729,112.6270
2020-04-09,145.4500,145.7500,136.8500,139.2000,654807,108.4210
2020-04-14,138.5500,140.3000,136.5500,139.3000,570951,108.4989
2020-04-15,139.4500,141.4000,138.1000,139.2500,468756,108.4600
2020-04-16,139.9000,141.9000,138.6500,139.9500,374793,109.0052
2020-04-17,142.1500,142.8500,140.2000,140.8000,380441,109.6673
2020-04-20,141.6000,141.9500,138.4500,141.3500,210623,110.0957
2020-04-21,140.0000,140.9500,137.9000,137.9000,225895,107.4085
2020-04-22,139.0500,141.0000,138.4000,140.6500,212932,109.5504
2020-04-23,141.3500,142.6500,138.7000,140.6000,258704,109.5115
2020-04-24,139.2500,141.1500,138.6000,140.1000,206393,109.1220
2020-04-27,142.0000,142.8000,134.5000,136.4500,447786,106.2791
2020-04-28,136.0000,136.8000,132.9000,135.4000,507149,105.4613
2020-04-29,135.9500,139.4000,135.2500,139.0000,311595,108.2653
2020-04-30,139.7000,142.3000,137.8000,138.0500,361537,107.5253
2020-05-04,135.0000,135.6000,130.5500,131.6500,436159,102.5405
2020-05-05,134.9000,134.9000,131.3500,132.5000,241049,103.2025
2020-05-06,132.5000,135.1500,131.0500,133.9500,272076,104.3319
2020-05-07,134.0000,136.4500,133.6000,134.6500,173123,104.8771
2020-05-08,136.0000,137.2500,135.2000,136.8000,216542,106.5517
2020-05-11,136.5000,138.3000,136.1000,137.1000,239507,106.7854
2020-05-12,136.5000,138.4500,134.9000,136.8000,319518,106.5517
2020-05-13,136.2500,136.2500,132.9500,133.1500,316506,103.7088
2020-05-14,132.2500,133.2000,129.6500,130.3500,640536,101.5279
2020-05-15,131.2000,133.7500,131.2000,133.2500,272592,103.7867
2020-05-18,134.0000,137.9500,133.2500,137.9500,260384,107.4474
2020-05-19,138.6000,139.0000,137.0000,137.9500,333385,107.4474
2020-05-20,137.3500,141.7500,137.3500,141.7500,301618,110.4072
2020-05-22,141.2500,141.2500,137.1500,137.1500,234425,106.8243
2020-05-25,138.0000,139.2500,136.5000,139.2500,201288,108.4600
2020-05-26,140.0500,140.2500,138.3500,138.8000,208391,108.1095
2020-05-27,138.6000,139.9500,136.1500,136.8500,279691,106.5907
2020-05-28,137.2500,141.9000,137.1500,141.9000,334845,110.5240
2020-05-29,140.3000,141.9500,137.8000,138.4000,358480,107.7979
2020-06-02,140.0000,144.7000,138.0500,144.7000,417504,112.7049
2020-06-03,145.0000,148.9000,144.4000,148.9000,406105,115.9762
2020-06-04,148.8500,148.8500,147.0000,147.8000,404944,115.1195
2020-06-05,148.3000,148.8500,146.5000,148.8000,285583,115.8984
2020-06-08,147.1500,147.9500,144.0500,145.7000,463989,113.4838
2020-06-09,144.7500,145.6500,144.1000,145.0000,272124,112.9386
2020-06-10,144.1000,146.8000,144.1000,144.4500,592679,112.5102
2020-06-11,141.5000,143.0000,140.2500,140.3500,334812,109.3168
2020-06-12,139.7500,143.8500,138.5000,140.8500,309404,109.7062
2020-06-15,139.5000,140.3000,137.5500,139.6000,277406,108.7326
2020-06-16,141.0000,144.1500,140.9000,142.7500,276275,111.1861
2020-06-17,142.9500,146.1000,142.4000,145.9500,246404,113.6785
2020-06-18,146.6000,153.1500,146.6000,152.8500,634390,119.0528
2020-06-19,154.6500,154.6500,151.9000,154.0500,500957,119.9875
2020-06-22,152.6000,156.4000,152.2000,156.3500,497161,121.7790
2020-06-23,158.5000,160.9500,155.0500,155.5500,391955,121.1558
2020-06-24,155.1500,157.9000,154.4000,157.3000,468709,122.5189
2020-06-25,155.7000,156.2500,153.3500,153.8000,191325,119.7928
2020-06-26,154.6000,156.2500,153.9000,154.3000,162578,120.1822
2020-06-29,154.0000,156.8000,153.3500,156.2500,209188,121.7011
2020-06-30,156.7000,158.0000,156.5500,157.4000,223542,122.5968
2020-07-01,157.5000,158.9500,157.3000,157.3500,207338,122.5578
2020-07-02,158.4500,158.4500,156.2000,158.1500,235635,123.1810
2020-07-03,158.4000,159.0500,158.1000,158.4500,156496,123.4146
2020-07-06,160.0000,160.8000,158.0500,159.6500,239522,124.3493
2020-07-07,158.9500,159.3000,157.7500,158.4000,274637,123.3757
2020-07-08,156.7500,158.3000,156.4500,156.8500,334577,122.1684
2020-07-09,155.2000,157.7500,155.2000,155.4000,329659,121.0390
2020-07-10,154.8000,157.2000,150.0000,157.2000,392034,122.4410
2020-07-13,157.4000,157.4000,154.9500,156.8500,255417,122.1684
2020-07-14,155.5500,158.1000,154.4000,157.2000,321369,122.4410
2020-07-15,158.1000,161.7500,157.8500,160.3000,316133,124.8556
2020-07-16,159.2000,161.0000,158.7500,160.4500,214289,124.9724
2020-07-17,161.1000,161.3500,159.7000,159.9000,348164,124.5440
2020-07-20,160.5500,163.1000,160.2500,162.6500,210103,126.6859
2020-07-21,167.0000,168.3000,157.4500,158.9000,707231,123.7651
2020-07-22,159.3500,163.1500,159.0000,161.1500,465428,125.5176
2020-07-23,162.0000,164.0500,161.3000,161.3000,217074,125.6344
2020-07-24,160.1000,160.5000,158.0500,159.7000,236673,124.3882
2020-07-27,159.3000,161.0500,159.1000,160.1000,156473,124.6998
2020-07-28,160.3500,160.5500,158.6000,160.0000,157063,124.6219
2020-07-29,159.8000,160.8000,159.0500,160.4500,162598,124.9724
2020-07-30,159.9500,160.2000,157.7000,158.7500,167667,123.6483
2020-07-31,158.9500,159.7000,156.8000,156.9000,295890,122.2073
2020-08-03,157.2500,160.8000,156.9500,160.4000,230639,124.9334
2020-08-04,160.5500,161.4500,158.2000,159.5000,179420,124.2324
2020-08-05,159.8000,160.8000,159.2500,159.2500,173454,124.0377
2020-08-06,159.4500,161.7500,158.8500,161.4500,163430,125.7513
2020-08-07,161.4500,164.1000,160.8500,161.6000,195826,125.8681
2020-08-10,162.3500,162.3500,159.9000,161.0500,120401,125.4397
2020-08-11,161.8500,163.8500,161.5000,163.3500,139441,127.2312
2020-08-12,163.4500,166.8000,163.2500,166.8000,233800,129.9183
2020-08-13,167.0000,168.6500,166.0000,166.4000,244900,129.6068
2020-08-14,165.6000,166.3000,164.7000,165.1500,123760,128.6332
2020-08-17,165.4500,167.9000,164.6500,167.2000,168113,130.2299
2020-08-18,167.0000,167.9000,166.1000,166.7000,153577,129.8404
2020-08-19,166.8000,168.6000,166.7000,168.5000,158088,131.2424
2020-08-20,167.6000,168.8500,167.3000,168.0000,118594,130.8530
2020-08-21,168.9500,169.2500,167.1500,168.0000,178051,130.8530
2020-08-24,168.7000,169.9500,168.5500,169.4000,198603,131.9434
2020-08-25,169.6500,172.0500,169.1000,171.2000,235026,133.3454
2020-08-26,171.1500,174.8000,170.3500,174.2000,402256,135.6821
2020-08-27,174.9000,175.8500,174.6500,174.7500,232720,136.1105
2020-08-28,175.0500,175.8500,174.5000,175.5000,300304,136.6947
2020-08-31,176.0000,177.0500,175.0500,175.0500,224242,136.3441
2020-09-01,175.7000,176.8000,174.2500,175.7500,372361,136.8894
2020-09-02,176.4000,179.9000,176.0500,177.1000,387949,137.9409
2020-09-03,177.4500,178.1500,174.4500,174.5000,248154,135.9158
2020-09-04,173.6500,173.6500,170.4000,171.7500,325000,136.9122
2020-09-07,171.9500,172.8000,171.3500,172.2000,200535,137.2709
2020-09-08,172.1500,173.0000,170.0500,172.8000,238027,137.7492
2020-09-09,172.8000,176.3000,172.5500,176.1500,248994,140.4197
2020-09-10,175.3000,176.1500,174.0000,174.9000,213476,139.4232
2020-09-11,174.5500,175.6500,173.8000,174.7500,246552,139.3037
2020-09-14,175.8000,176.7000,175.1000,175.7000,154694,140.0610
2020-09-15,175.8500,177.0000,175.3500,176.4500,193581,140.6588
2020-09-16,177.2500,179.1000,176.8500,178.4000,410344,142.2133
2020-09-17,176.8500,177.7500,176.7000,177.6500,198442,141.6154
2020-09-18,177.7500,178.2500,177.3500,177.4000,326473,141.4162
2020-09-21,176.4000,176.7500,173.2500,174.1000,248577,138.7855
2020-09-22,174.8500,179.1000,174.7000,178.2500,339475,142.0937
2020-09-23,178.9000,180.8000,177.5500,180.8000,217116,144.1265
2020-09-24,179.0000,180.8000,177.4500,180.6000,229148,143.9671
2020-09-25,180.6000,181.6000,178.6500,179.8000,288494,143.3293
2020-09-28,181.0000,181.9000,179.4000,179.7000,232110,143.2496
2020-09-29,179.1500,182.0000,178.8000,181.3000,405847,144.5251
2020-09-30,180.1000,180.8000,178.4500,179.3000,289367,142.9308
2020-10-01,180.3500,182.8500,178.6500,182.8500,241890,145.7607
2020-10-02,181.4000,182.8000,180.2500,180.7000,187502,144.0468
2020-10-05,181.8500,182.7000,179.9000,180.2000,191741,143.6482
2020-10-06,180.3000,181.0000,176.4000,177.1000,251699,141.1770
2020-10-07,177.5000,181.2500,177.4500,180.7000,224137,144.0468
2020-10-08,182.3500,183.1500,180.3500,180.4500,269006,143.8475
2020-10-09,180.4000,182.4500,179.7000,181.0000,171808,144.2859
2020-10-12,181.1000,183.6500,181.1000,183.2000,162869,146.0397
2020-10-13,183.2500,185.2500,183.2000,185.0000,150259,147.4746
2020-10-14,185.0500,187.7000,185.0500,187.2500,247855,149.2682
2020-10-15,185.5000,186.4000,183.2000,184.3000,328782,146.9165
2020-10-16,185.3000,186.6500,184.5500,185.5000,212100,147.8732
2020-10-19,185.5500,186.3000,183.2500,185.1000,296451,147.5543
2020-10-20,187.9000,190.2500,186.1500,187.9000,475223,149.7863
2020-10-21,188.5000,195.9500,187.8500,192.1000,432494,153.1344
2020-10-22,190.7000,192.8500,188.3500,189.6000,259054,151.1415
2020-10-23,189.2000,190.9500,187.5500,188.1000,203843,149.9458
2020-10-26,186.0000,188.1000,185.5000,185.5000,265760,147.8732
2020-10-27,185.9000,187.2000,184.8500,186.8500,212876,148.9493
2020-10-28,185.0500,185.9000,182.3500,182.5000,295774,145.4817
2020-10-29,182.0000,184.4000,182.0000,182.4500,249104,145.4418
2020-10-30,181.5500,184.1000,181.2000,183.1000,236158,145.9600
2020-11-02,183.3500,186.5500,181.5500,186.1000,294510,148.3515
2020-11-03,186.8500,188.7000,185.7000,188.0500,319691,149.9059
2020-11-04,187.5000,191.8000,187.5000,191.8000,318292,152.8953
2020-11-05,192.8000,195.2500,191.9000,195.2500,364141,155.6454
2020-11-06,194.6000,196.8500,193.4000,196.8000,224481,156.8811
2020-11-09,199.5000,201.7000,189.4500,190.8500,570155,152.1380
2020-11-10,191.0000,191.0000,183.6500,186.0000,519779,148.2717
2020-11-11,186.5000,189.6000,184.6000,188.9500,338513,150.6234
2020-11-12,188.3000,192.3500,188.1000,191.3500,312921,152.5365
2020-11-13,191.7000,192.6000,190.8500,192.1500,236284,153.1742
2020-11-16,194.6500,194.7000,187.8500,189.4000,342091,150.9821
2020-11-17,189.2000,192.9500,189.2000,192.1000,256077,153.1344
2020-11-18,192.0000,193.8500,191.5000,193.7500,303882,154.4497
2020-11-19,193.3500,194.6000,192.0000,192.0000,252632,153.0547
2020-11-20,192.3500,197.0000,192.3000,196.5000,257308,156.6419
2020-11-23,197.4500,197.4500,194.8000,195.9000,200055,156.1636
2020-11-24,197.4500,199.9500,196.2000,199.7000,331402,159.1928
2020-11-25,200.0000,200.5000,198.6500,199.2000,261309,158.7942
2020-11-26,199.9500,201.4000,199.5500,201.0000,151867,160.2291
2020-11-27,200.2000,202.7000,199.9000,202.6000,249078,161.5046
2020-11-30,202.4000,207.2000,200.8000,205.7000,575873,163.9758
2020-12-01,207.9000,207.9000,200.8000,201.6000,385523,160.7074
2020-12-02,201.4000,201.4000,195.9000,196.0500,342999,156.2832
2020-12-03,196.0000,196.8000,194.1000,195.3000,319239,155.6853
2020-12-04,195.4000,196.2500,192.2000,194.2000,324603,154.8084
2020-12-07,193.5000,195.6000,193.3000,194.6500,169189,155.1671
2020-12-08,194.8000,196.7000,194.2000,196.6000,197725,156.7216
2020-12-09,196.8000,197.6000,195.5500,197.1000,227920,157.1202
2020-12-10,197.3000,197.9000,195.2500,196.5000,188948,156.6419
2020-12-11,195.7000,199.1500,195.6500,199.0000,233935,158.6348
2020-12-14,199.5000,200.5000,196.5000,199.5500,220307,159.0732
2020-12-15,199.5500,200.5000,197.8000,198.1000,259030,157.9174
2020-12-16,199.0000,202.3000,197.5000,201.7000,249758,160.7871
2020-12-17,202.5000,204.1000,201.8000,202.0000,241445,161.0263
2020-12-18,202.5000,205.6000,202.4000,203.0000,382828,161.8234
2020-12-21,202.2000,203.6000,200.0000,200.7000,184382,159.9900
2020-12-22,201.0000,201.7000,199.5500,199.9500,116452,159.3921
2020-12-23,202.2000,202.2000,198.6500,199.5500,114756,159.0732
2020-12-28,200.5000,203.7000,198.8500,202.8000,87268,161.6640
2020-12-29,203.1000,204.3000,200.6000,202.0000,151580,161.0263
2020-12-30,201.5000,202.5000,200.7000,200.8000,150524,160.0697
2021-01-04,200.0000,203.8000,199.8500,203.0000,198723,161.8234
2021-01-05,202.1000,203.5000,200.0000,202.2000,155164,161.1857
2021-01-06,202.5000,202.5000,194.6500,196.8500,285905,156.9209
2021-01-07,199.6500,201.7000,196.1000,200.8000,304648,160.0697
2021-01-08,201.7000,203.1000,200.3000,202.2000,177170,161.1857
2021-01-11,202.2000,204.4000,198.5000,199.0500,228801,158.6747
2021-01-12,199.2500,204.9000,199.2500,204.9000,371067,163.3380
2021-01-13,205.0000,209.2000,204.2000,206.6000,309412,164.6932
2021-01-14,207.2000,208.3000,206.1000,207.3000,206596,165.2513
2021-01-15,206.4000,206.4000,201.3000,201.8000,161429,160.8669
2021-01-18,201.8000,205.5000,201.6000,203.4000,134283,162.1423
2021-01-19,204.5000,204.7000,201.0000,201.8000,162417,160.8669
2021-01-20,202.8000,204.8000,202.1000,203.4000,188325,162.1423
2021-01-21,204.9000,208.6000,204.7000,207.5000,205032,165.4106
2021-01-22,207.6000,209.9000,204.4000,205.4000,197277,163.7366
2021-01-25,206.6000,206.8000,203.6000,204.3000,179204,162.8598
2021-01-26,204.2000,206.7000,203.8000,205.5000,200681,163.8163
2021-01-27,205.3000,206.8000,203.7000,205.6000,271547,163.8961
2021-01-28,204.3000,208.5000,201.3000,208.0000,264399,165.8092
2021-01-29,206.5000,206.5000,202.7000,203.1000,196072,161.9032
2021-02-01,204.2000,206.3000,203.9000,205.2000,193659,163.5772
2021-02-02,206.7000,208.4000,205.8000,207.3000,168683,165.2513
2021-02-03,208.2000,208.9000,206.6000,207.0000,125404,165.0121
2021-02-04,206.6000,206.6000,201.6000,203.0000,178333,161.8234
2021-02-05,203.3000,205.6000,202.2000,202.8000,179888,161.6640
2021-02-08,203.6000,206.1000,203.4000,205.2000,134559,163.5772
2021-02-09,204.7000,209.0000,204.7000,207.7000,146740,165.5701
2021-02-10,205.0000,208.0000,203.1000,204.6000,158756,163.0989
2021-02-11,204.7000,206.2000,203.1000,203.2000,205268,161.9829
2021-02-12,203.0000,208.7000,203.0000,208.5000,195041,166.2078
2021-02-15,209.5000,211.2000,208.9000,210.7000,136536,167.9616
2021-02-16,210.9000,211.4000,209.9000,210.9000,196621,168.1210
2021-02-17,210.8000,211.2000,207.7000,207.9000,134348,165.7295
2021-02-18,208.3000,210.4000,206.4000,206.4000,133778,164.5338
2021-02-19,206.9000,211.0000,206.9000,210.1000,143433,167.4833
2021-02-22,214.1000,215.7000,212.6000,214.8000,228718,171.2299
2021-02-23,216.5000,217.0000,207.5000,210.8000,199964,168.0413
2021-02-24,211.6000,215.9000,211.6000,213.9000,188804,170.5125
2021-02-25,215.4000,216.2000,213.5000,215.5000,139762,171.7879
2021-02-26,213.5000,218.2000,212.7000,215.7000,224362,171.9474
2021-03-01,217.8000,222.5000,217.5000,222.5000,246954,177.3681
2021-03-02,223.0000,226.7000,221.4000,221.9000,298157,176.8898
2021-03-03,220.0000,238.4000,220.0000,237.7000,473486,189.4849
2021-03-04,238.8000,245.5000,238.3000,245.5000,314614,195.7027
2021-03-05,243.5000,244.2000,238.8000,240.0000,302853,191.3184
2021-03-08,239.5000,244.3000,239.2000,244.1000,166154,194.5867
2021-03-09,244.2000,248.7000,244.2000,248.3000,238001,197.9348
2021-03-10,248.3000,250.6000,246.4000,248.1000,183503,197.7754
2021-03-11,249.7000,253.7000,249.4000,252.1000,200085,200.9640
2021-03-12,251.5000,252.5000,249.7000,251.3000,98345,200.3263
2021-03-15,252.4000,255.0000,251.7000,251.8000,117946,200.7248
2021-03-16,253.0000,258.7000,253.0000,257.0000,174373,204.8701
2021-03-17,256.1000,260.5000,255.4000,260.5000,171637,207.6601
2021-03-18,262.1000,270.7000,261.7000,269.5000,326180,214.8346
2021-03-19,272.9000,273.1000,264.6000,267.3000,531771,213.0808
2021-03-22,267.7000,273.1000,267.3000,270.8000,169197,215.8709
2021-03-23,270.4000,273.6000,267.5000,268.1000,218479,213.7186
2021-03-24,267.2000,273.3000,266.1000,272.5000,197441,217.2261
2021-03-25,270.5000,275.7000,267.6000,269.6000,202667,214.9143
2021-03-26,268.3000,272.6000,263.4000,266.9000,277964,212.7620
2021-03-29,266.6000,269.8000,265.1000,267.8000,148295,213.4794
2021-03-30,268.0000,272.9000,266.4000,271.9000,138907,216.7478
2021-03-31,273.2000,273.5000,269.4000,269.7000,220988,214.9940
2021-04-01,272.0000,276.2000,270.4000,273.9000,128662,218.3421
2021-04-06,276.8000,277.0000,271.9000,274.3000,211299,218.6609
2021-04-07,274.5000,275.5000,266.1000,269.6000,235101,214.9143
2021-04-08,270.3000,273.5000,270.3000,272.6000,170447,217.3058
2021-04-09,273.9000,275.9000,270.5000,275.9000,171286,219.9364
2021-04-12,275.5000,275.5000,272.8000,275.0000,143218,219.2189
2021-04-13,275.4000,281.1000,274.0000,279.4000,200522,222.7265
2021-04-14,280.6000,282.4000,277.7000,278.6000,156246,222.0887
2021-04-15,279.5000,283.4000,279.5000,281.9000,117803,224.7193
2021-04-16,282.2000,284.7000,280.4000,283.7000,203780,226.1542
2021-04-19,284.9000,287.2000,282.1000,283.2000,190067,225.7557
2021-04-20,285.1000,290.2000,282.8000,283.0000,203195,225.5962
2021-04-21,283.5000,286.5000,280.7000,285.2000,200564,227.3500
2021-04-22,285.1000,289.1000,283.3000,287.8000,168188,229.4226
2021-04-23,287.8000,292.4000,287.3000,292.3000,202330,233.0098
2021-04-26,301.0000,301.7000,281.5000,284.6000,295881,226.8717
2021-04-27,272.0000,278.3000,268.5000,278.3000,375824,221.8496
2021-04-28,279.9000,284.1000,273.3000,279.1000,260631,222.4873
2021-04-29,277.3000,278.2000,272.8000,275.5000,296457,219.6175
2021-04-30,271.2000,276.4000,271.2000,273.0000,240597,217.6246
2021-05-03,273.3000,277.9000,272.6000,276.2000,122923,220.1756
2021-05-04,277.5000,277.5000,272.6000,273.6000,233276,218.1029
2021-05-05,275.2000,283.3000,275.2000,281.5000,195466,224.4005
2021-05-06,278.5000,280.5000,275.6000,278.7000,206339,225.7777
2021-05-07,279.2000,279.2000,270.0000,278.4000,172688,225.5346
2021-05-10,279.1000,282.3000,278.0000,280.6000,122339,227.3169
2021-05-11,280.0000,280.5000,274.1000,277.0000,168533,224.4005
2021-05-12,278.8000,280.6000,275.9000,276.5000,197939,223.9954
2021-05-14,278.9000,283.5000,278.5000,283.1000,289756,229.3422
2021-05-17,285.0000,287.5000,282.9000,286.5000,150610,232.0965
2021-05-18,287.5000,292.8000,287.0000,291.0000,157746,235.7420
2021-05-19,289.4000,291.4000,284.2000,287.0000,111607,232.5016
2021-05-20,289.4000,294.5000,289.4000,293.0000,159256,237.3622
2021-05-21,295.0000,297.5000,292.7000,295.7000,166823,239.5496
2021-05-25,294.7000,297.4000,294.4000,296.9000,171252,240.5217
2021-05-26,297.3000,304.0000,297.3000,303.7000,167375,246.0304
2021-05-27,304.2000,306.0000,298.0000,301.5000,636774,244.2482
2021-05-28,302.8000,304.9000,299.4000,303.9000,154214,246.1924
2021-05-31,303.8000,306.3000,303.1000,303.6000,93061,245.9494
2021-06-01,303.2000,305.3000,300.8000,302.9000,217510,245.3823
2021-06-02,303.6000,306.6000,301.1000,306.6000,169104,248.3797
2021-06-03,305.6000,311.2000,305.6000,310.3000,132680,251.3771
2021-06-04,310.2000,315.5000,309.8000,312.6000,169749,253.2404
2021-06-07,313.2000,320.1000,313.2000,316.7000,127649,256.5619
2021-06-08,317.0000,317.3000,313.3000,314.5000,129007,254.7796
2021-06-09,315.4000,318.6000,314.0000,318.0000,140927,257.6150
2021-06-10,318.1000,318.6000,315.4000,317.1000,126334,256.8859
2021-06-11,317.5000,320.9000,316.4000,318.7000,136301,258.1821
2021-06-14,320.0000,320.0000,315.9000,318.8000,112392,258.2631
2021-06-15,319.3000,322.7000,318.5000,318.6000,123648,258.1010
2021-06-16,319.6000,321.9000,318.1000,319.5000,111486,258.8302
2021-06-17,318.2000,318.6000,309.8000,312.8000,161361,253.4024
2021-06-18,312.4000,315.7000,310.5000,310.6000,276129,251.6202
2021-06-21,308.0000,317.9000,305.0000,317.9000,107903,257.5340
2021-06-22,318.1000,320.1000,315.9000,320.0000,119428,259.2352
2021-06-23,320.1000,323.8000,315.3000,316.1000,168862,256.0758
2021-06-24,317.0000,319.7000,316.1000,317.5000,142197,257.2100
2021-06-25,318.3000,318.3000,313.9000,317.3000,115980,257.0479
2021-06-28,317.6000,318.2000,315.3000,317.0000,122613,256.8049
2021-06-29,317.0000,319.1000,315.6000,317.6000,129808,257.2910
2021-06-30,318.1000,321.6000,316.2000,316.6000,156925,256.4808
2021-07-01,317.2000,320.3000,313.4000,314.5000,144875,254.7796
2021-07-02,317.3000,322.9000,317.2000,321.6000,176665,260.5314
2021-07-05,320.9000,323.4000,320.4000,321.4000,106381,260.3694
2021-07-06,319.4000,322.6000,316.3000,317.3000,143198,257.0479
2021-07-07,318.9000,321.5000,318.1000,320.0000,159643,259.2352
2021-07-08,318.7000,321.1000,310.6000,312.8000,204161,253.4024
2021-07-09,313.0000,315.5000,308.2000,314.6000,118187,254.8607
2021-07-12,314.1000,320.8000,314.1000,319.8000,83444,259.0732
2021-07-13,319.4000,321.7000,317.7000,319.8000,104775,259.0732
2021-07-14,319.5000,326.8000,318.9000,321.0000,112644,260.0453
2021-07-15,319.6000,322.7000,318.9000,319.6000,127200,258.9112
2021-07-16,320.4000,321.4000,312.2000,314.2000,154536,254.5366
2021-07-19,312.2000,314.2000,309.4000,310.1000,160726,251.2151
2021-07-20,315.0000,327.5000,309.0000,312.1000,214438,252.8354
2021-07-21,315.8000,316.1000,308.8000,309.4000,131250,250.6480
2021-07-22,309.7000,311.3000,297.2000,302.7000,250269,245.2203
2021-07-23,301.7000,308.2000,300.4000,307.6000,135207,249.1898
2021-07-26,307.5000,310.2000,306.1000,307.7000,105630,249.2709
2021-07-27,306.7000,310.2000,305.2000,306.0000,106920,247.8936
2021-07-28,305.3000,307.4000,304.7000,307.3000,101621,248.9468
2021-07-29,307.0000,307.1000,299.1000,302.6000,138098,245.1393
2021-07-30,302.2000,308.8000,301.9000,305.6000,153282,247.5696
2021-08-02,306.4000,307.1000,302.7000,306.0000,102900,247.8936
2021-08-03,305.8000,307.9000,303.2000,305.9000,101846,247.8127
2021-08-04,306.1000,307.3000,305.1000,305.2000,99960,247.2456
2021-08-05,305.0000,305.9000,303.4000,304.6000,80871,246.7595
2021-08-06,304.6000,308.8000,303.3000,303.3000,74038,245.7064
2021-08-09,303.3000,304.9000,302.8000,304.0000,87340,246.2735
2021-08-10,304.3000,306.2000,303.0000,304.6000,87891,246.7595
2021-08-11,305.0000,310.3000,304.9000,309.1000,95022,250.4051
2021-08-12,309.7000,315.3000,309.1000,314.7000,115780,254.9417
2021-08-13,315.1000,316.5000,312.4000,315.0000,89433,255.1847
2021-08-16,313.7000,314.8000,309.3000,314.8000,92861,255.0226
2021-08-17,315.4000,333.9000,314.9000,329.5000,214460,266.9312
2021-08-18,329.4000,331.0000,325.6000,328.2000,133920,265.8781
2021-08-19,324.6000,325.9000,317.6000,325.9000,116596,264.0149
2021-08-20,326.0000,326.7000,321.2000,322.1000,87018,260.9364
2021-08-23,324.5000,328.7000,324.1000,328.2000,58514,265.8781
2021-08-24,330.5000,330.5000,326.8000,328.7000,86908,266.2832
2021-08-25,329.8000,331.8000,327.2000,328.0000,72140,265.7161
2021-08-26,327.9000,327.9000,324.7000,326.5000,72988,264.5009
2021-08-27,326.9000,332.4000,325.4000,332.4000,98256,269.2806
2021-08-30,332.6000,337.6000,330.9000,337.6000,90947,273.4932
2021-08-31,338.5000,343.1000,335.1000,335.1000,209994,271.4679
2021-09-01,336.1000,337.7000,331.5000,335.2000,113282,271.5489
2021-09-02,336.0000,341.5000,335.8000,339.9000,110160,275.3564
2021-09-03,338.9000,342.3000,336.2000,337.7000,112334,273.5742
2021-09-06,338.6000,343.1000,338.6000,342.5000,71842,277.4627
2021-09-07,342.5000,347.5000,342.1000,347.5000,101216,281.5132
2021-09-08,345.6000,347.0000,341.0000,342.0000,87298,277.0576
2021-09-09,343.5000,346.4000,338.6000,345.2000,86645,279.6500
2021-09-10,346.2000,346.5000,340.6000,340.6000,84337,275.9235
2021-09-13,340.6000,342.9000,337.5000,339.3000,100389,274.8704
2021-09-14,350.0000,350.3000,342.2000,346.3000,115193,280.5411
2021-09-15,347.5000,356.6000,345.9000,355.9000,166113,288.3182
2021-09-16,356.3000,364.6000,356.1000,360.8000,221596,292.2877
2021-09-17,363.8000,364.4000,354.6000,355.5000,259964,287.9941
2021-09-20,351.4000,355.5000,346.0000,349.6000,142990,283.2144
2021-09-21,350.4000,356.6000,349.6000,352.4000,117248,285.4828
2021-09-22,354.7000,355.1000,349.8000,352.3000,78566,285.4018
2021-09-23,355.2000,356.3000,352.8000,355.2000,77629,287.7511
2021-09-24,354.9000,355.1000,347.4000,349.8000,109668,283.3765
2021-09-27,350.3000,350.5000,334.8000,335.4000,153251,271.7109
2021-09-28,333.7000,333.7000,322.6000,325.0000,161783,263.2858
2021-09-29,325.6000,332.9000,324.6000,325.7000,133069,263.8528
2021-09-30,329.8000,330.4000,317.6000,319.4000,192555,258.7491
2021-10-01,315.0000,317.1000,311.0000,312.7000,172092,253.3214
2021-10-04,312.0000,313.0000,294.6000,296.1000,226892,239.8736
2021-10-05,296.3000,300.1000,295.3000,300.0000,193357,243.0331
2021-10-06,298.7000,298.7000,291.2000,295.0000,211965,238.9825
2021-10-07,299.9000,301.0000,292.8000,298.1000,198571,241.4938
2021-10-08,300.1000,302.1000,295.3000,297.7000,134042,241.1698
2021-10-11,297.4000,297.4000,287.9000,295.4000,135519,239.3065
2021-10-12,291.6000,300.6000,291.6000,295.5000,138250,239.3875
2021-10-13,295.2000,301.3000,294.3000,295.8000,95375,239.6306
2021-10-14,297.4000,299.8000,294.0000,294.7000,153557,238.7394
2021-10-15,295.2000,296.2000,286.7000,286.7000,189690,232.2586
2021-10-18,286.6000,291.4000,284.1000,291.1000,197003,235.8230
2021-10-19,293.5000,298.0000,290.5000,297.7000,159569,241.1698
2021-10-20,308.9000,308.9000,283.6000,288.6000,332338,233.7978
2021-10-21,286.8000,296.4000,286.0000,291.3000,214908,235.9850
2021-10-22,292.8000,297.8000,290.8000,295.9000,145063,239.7116
2021-10-25,297.8000,297.8000,289.3000,292.1000,182741,236.6332
2021-10-26,291.0000,293.3000,286.3000,287.8000,144759,233.1496
2021-10-27,285.5000,292.7000,285.5000,290.5000,171393,235.3370
2021-10-28,289.8000,293.5000,288.0000,290.1000,116847,235.0129
2021-10-29,290.0000,292.9000,285.8000,288.3000,124964,233.5547
2021-11-01,289.9000,291.2000,287.5000,288.9000,125267,234.0408
2021-11-02,288.5000,294.2000,286.2000,292.1000,147298,236.6332
2021-11-03,290.3000,295.2000,289.4000,293.5000,117706,237.7673
2021-11-04,293.5000,304.2000,292.4000,299.8000,212684,242.8710
2021-11-05,299.5000,302.1000,287.9000,288.3000,197579,233.5547
2021-11-08,288.9000,295.5000,288.7000,294.0000,123564,238.1724
2021-11-09,293.1000,301.9000,292.7000,300.9000,157340,243.7621
2021-11-10,298.1000,301.9000,285.3000,290.6000,154216,235.4180
2021-11-11,290.6000,299.0000,289.7000,296.0000,133928,239.7926
2021-11-12,296.4000,300.7000,294.8000,297.0000,104480,240.6027
2021-11-15,296.9000,297.8000,294.3000,295.4000,81049,239.3065
2021-11-16,295.6000,296.3000,290.2000,290.2000,100586,235.0939
2021-11-17,289.3000,289.6000,285.9000,285.9000,127114,231.6105
2021-11-18,285.4000,290.1000,284.1000,289.7000,156076,234.6889
2021-11-19,289.9000,294.5000,289.3000,291.3000,115475,235.9850
2021-11-22,291.9000,293.5000,283.8000,283.9000,115143,229.9902
2021-11-23,282.2000,282.5000,265.8000,268.0000,253088,217.1095
2021-11-24,269.0000,272.3000,263.8000,268.8000,207924,217.7576
2021-11-25,270.6000,273.2000,267.0000,267.4000,122463,216.6234
2021-11-26,262.0000,273.9000,261.0000,267.5000,216664,216.7045
2021-11-29,269.1000,271.6000,266.1000,266.1000,191269,215.5703
2021-11-30,265.0000,267.7000,262.6000,263.7000,387007,213.6260
2021-12-01,265.8000,270.4000,264.9000,265.8000,233325,215.3273
2021-12-02,265.3000,268.4000,259.4000,264.1000,200178,213.9501
2021-12-03,265.4000,267.4000,261.1000,261.6000,158449,211.9248
2021-12-06,264.0000,269.6000,260.2000,264.2000,180146,214.0311
2021-12-07,267.0000,275.0000,266.9000,273.8000,162024,221.8081
2021-12-08,274.2000,280.2000,273.2000,274.5000,171341,222.3752
2021-12-09,275.7000,279.1000,274.9000,277.5000,124780,224.8055
2021-12-10,276.5000,280.4000,275.6000,277.4000,108318,224.7245
2021-12-13,279.9000,284.1000,278.9000,282.8000,153630,229.0991
2021-12-14,284.9000,286.1000,275.2000,276.5000,174587,223.9954
2021-12-15,276.7000,282.6000,276.7000,281.3000,124774,227.8840
2021-12-16,283.4000,290.6000,283.0000,289.3000,225391,234.3648
2021-12-17,287.7000,289.4000,277.3000,277.7000,321869,224.9676
2021-12-20,274.3000,286.1000,273.3000,286.1000,155175,231.7725
2021-12-21,288.7000,289.2000,284.2000,285.2000,114257,231.0434
2021-12-22,286.5000,289.6000,285.8000,288.9000,88064,234.0408
2021-12-23,290.4000,291.3000,288.0000,290.1000,72065,235.0129
2021-12-27,289.1000,293.1000,287.4000,292.2000,85668,236.7142
2021-12-28,292.8000,296.3000,292.8000,295.3000,37431,239.2255
2021-12-29,295.0000,297.7000,294.5000,297.4000,73336,240.9267
2021-12-30,297.7000,298.5000,294.4000,294.4000,87657,238.4964
2022-01-03,297.3000,297.3000,288.6000,290.6000,93019,235.4180
2022-01-04,291.5000,296.0000,290.6000,292.6000,88367,237.0382
2022-01-05,292.7000,298.7000,292.7000,297.2000,87996,240.7647
2022-01-06,294.3000,296.5000,290.2000,293.9000,152312,238.0914
2022-01-07,294.2000,295.8000,291.9000,293.0000,116756,237.3622
2022-01-10,293.6000,294.5000,270.3000,272.5000,227654,220.7550
2022-01-11,278.0000,278.0000,269.9000,271.1000,226123,219.6208
2022-01-12,274.2000,278.7000,273.0000,273.8000,180338,221.8081
2022-01-13,274.1000,274.4000,269.8000,270.3000,157438,218.9728
2022-01-14,268.9000,270.3000,259.4000,260.2000,191944,210.7907
2022-01-17,262.3000,265.8000,257.4000,265.0000,157753,214.6792
2022-01-18,264.4000,267.1000,256.7000,265.0000,179850,214.6792
2022-01-19,265.0000,266.4000,261.6000,264.0000,135511,213.8691
2022-01-20,271.0000,272.0000,260.6000,270.0000,231758,218.7297
2022-01-21,266.8000,268.0000,258.9000,261.3000,148697,211.6818
2022-01-24,259.0000,259.9000,246.2000,249.9000,197456,202.4465
2022-01-25,251.0000,254.2000,246.1000,252.5000,159095,204.5528
2022-01-26,254.8000,262.5000,254.6000,256.0000,194227,207.3882
2022-01-27,251.6000,255.5000,248.4000,255.5000,195302,206.9831
2022-01-28,255.5000,258.2000,249.8000,253.5000,122544,205.3629
2022-01-31,257.3000,262.1000,256.3000,260.3000,143743,210.8717
2022-02-01,263.0000,265.7000,261.3000,262.7000,168001,212.8159
2022-02-02,265.3000,266.9000,260.6000,262.9000,168871,212.9779
2022-02-03,261.0000,262.3000,255.7000,258.8000,133938,209.6565
2022-02-04,260.7000,263.0000,253.8000,255.3000,136362,206.8211
2022-02-07,256.2000,258.2000,252.8000,257.8000,121702,208.8464
2022-02-08,257.6000,257.8000,250.7000,252.3000,216261,204.3908
2022-02-09,257.3000,266.6000,256.6000,263.1000,221152,213.1400
2022-02-10,264.9000,266.7000,260.4000,263.5000,183286,213.4640
2022-02-11,260.8000,260.8000,256.6000,259.2000,119126,209.9805
2022-02-14,253.8000,254.7000,250.7000,253.1000,168008,205.0389
2022-02-15,252.6000,258.5000,252.6000,255.9000,161306,207.3071
2022-02-16,257.0000,258.0000,252.8000,256.1000,148243,207.4692
2022-02-17,256.2000,259.0000,252.1000,252.3000,120073,204.3908
2022-02-18,253.1000,253.9000,247.5000,248.7000,103729,201.4744
2022-02-21,250.2000,250.8000,241.3000,243.1000,132995,196.9378
2022-02-22,238.8000,246.1000,237.0000,242.4000,130638,196.3707
2022-02-23,242.4000,244.1000,236.6000,236.6000,152363,191.6720
2022-02-24,227.6000,239.5000,223.8000,238.2000,283512,192.9682
2022-02-25,241.2000,246.6000,237.3000,246.0000,181572,199.2871
2022-02-28,240.9000,252.0000,240.4000,251.4000,359596,203.6617
2022-03-01,250.2000,256.3000,245.6000,255.8000,298924,207.2262
2022-03-02,261.3000,271.9000,255.3000,260.7000,418859,211.1957
2022-03-03,257.7000,262.8000,255.8000,255.8000,277941,207.2262
2022-03-04,253.8000,268.7000,253.8000,264.7000,317911,214.4361
2022-03-07,258.9000,276.4000,257.4000,272.8000,287625,220.9980
2022-03-08,268.8000,276.4000,252.5000,252.5000,364764,204.5528
2022-03-09,256.9000,265.8000,254.6000,265.4000,231027,215.0032
2022-03-10,267.2000,268.8000,260.0000,261.6000,256802,211.9248
2022-03-11,262.8000,264.0000,256.6000,259.7000,268726,210.3856
2022-03-14,262.8000,266.1000,257.4000,262.6000,228248,212.7349
2022-03-15,262.1000,274.2000,258.6000,273.1000,227882,221.2411
2022-03-16,281.1000,285.7000,280.0000,284.4000,244939,230.3953
2022-03-17,286.4000,294.9000,286.4000,286.8000,227384,232.3396
2022-03-18,288.2000,293.4000,285.4000,293.4000,486176,237.6863
2022-03-21,291.4000,293.4000,290.4000,293.1000,157531,237.4432
2022-03-22,293.6000,294.0000,286.6000,286.9000,130257,232.4206
2022-03-23,286.9000,288.5000,280.7000,280.7000,176559,227.3979
2022-03-24,281.4000,284.1000,278.3000,279.3000,120711,226.2637
2022-03-25,279.5000,280.3000,270.9000,273.0000,136275,221.1600
2022-03-28,275.0000,285.0000,274.1000,284.2000,164997,230.2333
2022-03-29,280.2000,281.4000,270.5000,271.5000,245919,219.9449
2022-03-30,272.4000,276.7000,270.1000,270.1000,214601,218.8107
2022-03-31,270.7000,271.2000,262.6000,263.1000,202816,213.1400
2022-04-01,263.3000,265.2000,260.0000,262.0000,174470,212.2488
2022-04-04,263.5000,265.0000,253.9000,257.8000,178001,208.8464
2022-04-05,258.8000,260.5000,250.7000,254.2000,213046,205.9300
2022-04-06,252.3000,254.2000,240.9000,245.5000,318717,198.8820
2022-04-07,245.0000,251.4000,244.8000,248.2000,212451,201.0693
2022-04-08,251.3000,257.1000,250.9000,256.9000,181554,208.1173
2022-04-11,256.8000,259.2000,249.2000,252.2000,218146,204.3098
2022-04-12,250.8000,258.0000,249.2000,256.2000,197624,207.5502
2022-04-13,256.0000,257.7000,253.3000,256.9000,164932,208.1173
2022-04-14,256.2000,264.1000,254.2000,261.2000,173444,211.6008
2022-04-19,262.6000,267.3000,259.9000,265.8000,177903,215.3273
2022-04-20,266.8000,273.2000,265.4000,273.2000,185762,221.3221
2022-04-21,273.2000,278.3000,270.6000,277.4000,177696,224.7245
2022-04-22,274.8000,277.9000,273.3000,277.4000,206544,224.7245
2022-04-25,273.1000,278.5000,270.4000,277.6000,152609,224.8866
2022-04-26,284.2000,285.3000,268.2000,268.7000,291358,217.6766
2022-04-27,270.0000,276.1000,265.7000,267.9000,310284,217.0285
2022-04-28,272.8000,276.6000,265.8000,267.4000,234221,216.6234
2022-04-29,269.8000,279.0000,267.8000,275.1000,244061,222.8613
2022-05-02,272.5000,284.1000,249.0000,280.8000,289724,227.4789
2022-05-03,280.9000,285.7000,270.7000,273.7000,191977,221.7271
2022-05-04,273.0000,279.9000,271.7000,276.1000,187550,223.6714
2022-05-05,270.5000,273.0000,265.1000,266.0000,183286,223.5873
2022-05-06,265.0000,266.2000,254.7000,256.2000,175824,215.3499
2022-05-09,255.0000,255.1000,243.9000,243.9000,234374,205.0111
2022-05-10,245.3000,250.1000,242.0000,246.4000,288615,207.1125
2022-05-11,248.1000,248.1000,241.9000,245.9000,184586,206.6922
2022-05-12,242.3000,251.9000,240.0000,250.9000,177748,210.8950
2022-05-13,252.9000,259.2000,252.3000,259.2000,126048,217.8716
2022-05-16,259.5000,261.0000,255.2000,258.0000,122385,216.8629
2022-05-17,260.0000,266.5000,258.2000,261.7000,148487,219.9730
2022-05-18,262.7000,266.1000,260.1000,260.1000,147800,218.6281
2022-05-19,255.5000,255.5000,246.4000,249.5000,233510,209.7182
2022-05-20,251.5000,255.9000,250.5000,254.1000,218507,213.5848
2022-05-23,262.1000,264.5000,256.3000,259.5000,194079,218.1237
2022-05-24,257.5000,257.9000,252.5000,253.5000,208111,213.0804
2022-05-25,255.5000,257.6000,254.0000,254.5000,127015,213.9210
2022-05-27,258.3000,262.7000,257.4000,257.5000,252890,216.4426
2022-05-30,258.9000,260.8000,256.6000,257.3000,184994,216.2745
2022-05-31,256.2000,257.4000,251.9000,252.8000,384509,212.4920
2022-06-01,254.8000,255.1000,247.2000,247.2000,176501,207.7849
2022-06-02,247.3000,252.7000,246.5000,252.6000,122935,212.3239
2022-06-03,254.0000,254.1000,250.0000,250.7000,89478,210.7269
2022-06-07,249.7000,252.2000,245.5000,248.2000,167705,208.6255
2022-06-08,248.3000,248.4000,228.8000,230.2000,276368,193.4955
2022-06-09,230.0000,230.0000,222.0000,227.0000,236003,190.8057
2022-06-10,225.9000,231.3000,224.4000,230.4000,209329,193.6636
2022-06-13,227.7000,232.0000,224.8000,230.7000,199440,193.9158
2022-06-14,231.2000,234.9000,227.3000,233.7000,225103,196.4374
2022-06-15,235.0000,235.6000,231.0000,233.0000,155185,195.8491
2022-06-16,231.0000,232.6000,222.2000,224.8000,226841,188.9565
2022-06-17,227.0000,228.8000,220.6000,222.1000,263089,186.6870
2022-06-20,222.3000,226.9000,221.4000,223.5000,109442,187.8638
2022-06-21,224.7000,227.0000,221.2000,225.0000,99477,189.1246
2022-06-22,224.7000,224.8000,216.2000,218.8000,168128,183.9132
2022-06-23,216.8000,218.5000,213.8000,217.9000,135749,183.1567
2022-06-24,219.2000,226.1000,219.1000,226.1000,147854,190.0492
2022-06-27,226.3000,230.8000,225.1000,230.8000,163101,193.9998
2022-06-28,229.4000,231.1000,224.7000,226.7000,164354,190.5536
2022-06-29,224.5000,226.6000,223.0000,226.1000,130354,190.0492
2022-06-30,225.0000,226.8000,220.4000,226.0000,197411,189.9652
2022-07-01,222.4000,228.7000,221.2000,224.5000,128622,188.7043
2022-07-04,224.6000,227.7000,222.7000,226.0000,68511,189.9652
2022-07-05,227.4000,229.6000,224.2000,225.1000,152164,189.2087
2022-07-06,226.5000,230.1000,225.2000,229.8000,144078,193.1593
2022-07-07,231.6000,237.9000,231.4000,234.6000,150740,197.1939
2022-07-08,235.0000,237.6000,234.1000,236.5000,114409,198.7910
2022-07-11,233.6000,235.8000,232.3000,233.9000,70951,196.6055
2022-07-12,233.2000,235.1000,231.5000,234.5000,100518,197.1099
2022-07-13,235.0000,236.5000,229.6000,231.3000,114905,194.4201
2022-07-14,231.2000,234.8000,230.4000,231.3000,84619,194.4201
2022-07-15,233.3000,233.3000,227.8000,232.8000,108061,195.6809
2022-07-18,234.0000,237.9000,234.0000,237.9000,107382,199.9678
2022-07-19,235.9000,239.3000,234.5000,237.5000,136314,199.6315
2022-07-20,238.4000,242.3000,237.8000,240.9000,132156,202.4894
2022-07-21,241.6000,248.8000,241.4000,243.7000,168287,204.8430
2022-07-22,243.0000,247.1000,242.5000,246.0000,130517,206.7763
2022-07-25,243.3000,243.9000,232.8000,239.8000,207495,201.5648
2022-07-26,244.1000,248.9000,240.3000,243.4000,177809,204.5908
2022-07-27,246.2000,246.4000,241.4000,242.5000,98050,203.8343
2022-07-28,243.8000,251.7000,242.7000,248.4000,108218,208.7936
2022-07-29,249.1000,255.4000,248.4000,255.2000,133725,214.5094
2022-08-02,255.4000,256.5000,245.1000,247.3000,145312,207.8690
2022-08-03,247.7000,249.5000,246.3000,248.5000,120431,208.8777
2022-08-04,248.5000,250.3000,247.0000,249.9000,136812,210.0544
2022-08-05,250.0000,253.3000,244.9000,244.9000,140562,205.8516
2022-08-08,245.7000,245.8000,240.2000,240.2000,148333,201.9010
2022-08-09,240.0000,241.9000,236.4000,241.0000,169334,202.5735
2022-08-10,241.0000,248.2000,237.4000,247.8000,106144,208.2893
2022-08-11,249.2000,249.6000,245.7000,248.8000,83759,209.1298
2022-08-12,248.6000,248.6000,241.6000,241.6000,84763,203.0778
2022-08-15,243.0000,246.0000,242.9000,244.1000,50558,205.1792
2022-08-16,244.4000,245.3000,239.4000,240.5000,99950,202.1532
2022-08-17,240.7000,243.2000,237.0000,237.4000,63910,199.5475
2022-08-18,237.0000,244.0000,236.9000,243.4000,105700,204.5908
2022-08-19,244.5000,247.4000,242.0000,244.5000,117792,205.5154
2022-08-22,243.7000,244.9000,239.9000,240.7000,98961,202.3213
2022-08-23,240.1000,240.7000,235.1000,235.1000,123091,197.6142
2022-08-24,234.2000,237.8000,228.1000,235.6000,127410,198.0345
2022-08-25,236.3000,238.5000,233.7000,237.2000,75124,199.3794
2022-08-26,238.0000,238.0000,233.5000,234.1000,135273,196.7737
2022-08-29,231.6000,235.0000,228.1000,234.1000,190408,196.7737
2022-08-30,233.1000,234.9000,226.4000,226.5000,121829,190.3855
2022-08-31,226.7000,229.2000,223.7000,226.0000,259297,189.9652
2022-09-01,223.0000,223.5000,216.2000,218.3000,235792,183.4929
2022-09-02,219.4000,224.6000,217.6000,224.0000,172353,188.2841
2022-09-05,219.8000,222.8000,216.6000,216.6000,165539,182.0640
2022-09-06,216.5000,220.0000,211.6000,212.3000,192988,178.4496
2022-09-07,211.2000,215.0000,208.2000,215.0000,466352,180.7191
2022-09-08,214.1000,217.8000,210.6000,216.7000,297290,182.1480
2022-09-09,216.8000,220.7000,216.8000,219.0000,181296,184.0813
2022-09-12,220.1000,225.2000,220.1000,221.6000,142633,186.2668
2022-09-13,222.8000,226.0000,218.2000,219.9000,272296,184.8378
2022-09-14,219.9000,220.9000,216.3000,218.9000,180334,183.9972
2022-09-15,218.2000,221.2000,218.0000,220.0000,210020,184.9219
2022-09-16,218.4000,218.4000,210.7000,211.0000,697909,177.3569
2022-09-19,211.4000,215.1000,210.9000,213.7000,168736,179.6264
2022-09-20,214.8000,216.0000,209.5000,211.3000,254475,177.6090
2022-09-21,210.4000,212.1000,207.8000,211.0000,243045,177.3569
2022-09-22,206.5000,211.1000,205.8000,205.8000,237119,172.9860
2022-09-23,206.0000,207.7000,200.6000,202.8000,264882,170.4643
2022-09-26,203.8000,207.8000,203.0000,204.7000,192581,172.0614
2022-09-27,206.0000,211.9000,205.4000,209.0000,239731,175.6758
2022-09-28,208.0000,210.0000,204.9000,209.4000,243922,176.0120
2022-09-29,207.4000,207.8000,200.9000,202.5000,255080,170.2122
2022-09-30,198.9500,204.4000,198.0000,202.0000,288542,169.7919
2022-10-03,201.3000,208.3000,201.3000,207.6000,204746,174.4990
2022-10-04,209.0000,215.4000,206.7000,214.6000,238998,180.3829
2022-10-05,213.8000,214.1000,206.1000,206.3000,222075,173.4062
2022-10-06,207.8000,209.6000,206.4000,206.8000,161760,173.8266
2022-10-07,206.2000,207.3000,199.4000,199.4000,167471,167.6064
2022-10-10,197.4000,207.0000,197.4000,205.3000,208799,172.5657
2022-10-11,202.5000,205.0000,197.7000,199.2500,190685,167.4803
2022-10-12,199.0000,203.6000,198.7000,202.4000,190930,170.1281
2022-10-13,201.1000,204.9000,197.1000,202.1000,149700,169.8759
2022-10-14,205.0000,211.8000,204.9000,207.3000,205072,174.2468
2022-10-17,210.0000,211.4000,204.9000,209.2000,147334,175.8439
2022-10-18,211.4000,215.7000,209.2000,212.4000,102669,178.5337
2022-10-19,213.1000,213.1000,207.1000,207.5000,116392,174.4149
2022-10-20,206.6000,210.7000,204.1000,209.7000,152204,176.2641
2022-10-21,207.1000,214.6000,205.7000,212.3000,200834,178.4496
2022-10-24,213.3000,216.9000,211.7000,214.3000,242318,180.1307
2022-10-25,209.0000,225.6000,205.3000,223.5000,403606,187.8638
2022-10-26,221.9000,224.9000,221.0000,224.8000,178227,188.9565
2022-10-27,222.7000,224.0000,218.9000,221.3000,176544,186.0146
2022-10-28,216.8000,218.4000,211.9000,213.3000,195940,179.2902
2022-10-31,214.1000,215.6000,212.6000,213.4000,187197,179.3742
2022-11-01,217.7000,219.8000,211.8000,212.5000,146114,178.6177
2022-11-02,213.5000,213.6000,208.0000,211.3000,230915,177.6090
2022-11-03,219.3000,219.3000,205.9000,205.9000,202406,173.0700
2022-11-04,206.7000,214.4000,206.3000,209.0000,136732,175.6758
2022-11-07,208.0000,214.7000,207.5000,214.7000,135531,180.4669
2022-11-08,213.9000,219.5000,211.5000,219.5000,238707,184.5016
2022-11-09,218.5000,220.3000,215.9000,220.2000,147587,185.0900
2022-11-10,218.1000,234.9000,217.4000,234.8000,252145,197.3620
2022-11-11,239.2000,241.8000,235.1000,239.2000,249790,201.0605
2022-11-14,238.0000,238.7000,233.5000,236.1000,122112,198.4548
2022-11-15,236.9000,238.4000,231.6000,233.7000,145531,196.4374
2022-11-16,233.3000,234.8000,225.2000,226.2000,146498,190.1333
2022-11-17,230.0000,230.0000,224.9000,226.7000,97314,190.5536
2022-11-18,227.5000,227.5000,223.1000,225.9000,141356,189.8811
2022-11-21,224.6000,227.6000,221.7000,225.0000,143119,189.1246
2022-11-22,223.9000,228.6000,223.6000,228.0000,119293,191.6463
2022-11-23,228.0000,230.1000,226.1000,230.1000,102236,193.4115
2022-11-24,228.9000,232.8000,228.9000,230.6000,109998,193.8317
2022-11-25,231.3000,232.9000,230.1000,230.5000,72038,193.7477
2022-11-28,229.3000,229.6000,225.9000,228.3000,86444,191.8985
2022-11-29,228.6000,228.6000,223.8000,225.2000,108551,189.2927
2022-11-30,226.8000,229.4000,226.1000,228.6000,323383,192.1506
2022-12-01,230.7000,233.0000,227.9000,229.9000,130197,193.2433
2022-12-02,229.1000,232.9000,227.4000,229.1000,112842,192.5709
2022-12-05,228.5000,228.8000,227.0000,227.8000,76093,191.4782
2022-12-06,225.1000,226.1000,220.5000,222.5000,128676,187.0232
2022-12-07,221.8000,222.9000,217.5000,218.4000,124996,183.5770
2022-12-08,218.0000,218.0000,212.3000,214.5000,156838,180.2988
2022-12-09,215.0000,218.3000,215.0000,218.3000,119032,183.4929
2022-12-12,217.3000,217.4000,214.1000,216.4000,108077,181.8959
2022-12-13,215.8000,224.1000,214.9000,217.9000,240044,183.1567
2022-12-14,218.2000,220.0000,216.2000,217.3000,83226,182.6524
2022-12-15,214.9000,214.9000,210.0000,210.2000,199094,176.6844
2022-12-16,210.0000,213.5000,207.4000,212.2000,261208,178.3655
2022-12-19,212.9000,215.5000,212.0000,212.9000,123029,178.9539
2022-12-20,210.0000,213.5000,209.1000,209.1000,132360,175.7598
2022-12-21,210.2000,214.4000,209.8000,213.3000,121228,179.2902
2022-12-22,213.1000,216.0000,211.8000,211.9000,109773,178.1134
2022-12-23,211.8000,214.5000,211.6000,214.1000,80879,179.9626
2022-12-27,214.7000,217.3000,214.7000,216.2000,59319,181.7278
2022-12-28,215.9000,218.8000,215.6000,216.4000,82977,181.8959
2022-12-29,215.9000,217.4000,214.7000,216.6000,69714,182.0640
2022-12-30,215.9000,219.4000,215.0000,215.2000,145580,180.8872
2023-01-03,219.5000,223.0000,217.9000,219.6000,117816,184.5856
2023-01-04,219.6000,220.7000,217.3000,219.2000,139268,184.2494
2023-01-05,217.9000,220.7000,213.9000,218.4000,144691,183.5770
2023-01-06,219.1000,219.1000,214.4000,217.8000,120843,183.0726
2023-01-09,220.0000,221.5000,219.1000,221.1000,81558,185.8465
2023-01-10,220.8000,220.8000,216.8000,218.4000,134495,183.5770
2023-01-11,217.4000,219.2000,213.0000,216.9000,272151,182.3161
2023-01-12,216.9000,222.4000,214.6000,219.0000,208253,184.0813
2023-01-13,219.3000,221.1000,218.5000,220.0000,113991,184.9219
2023-01-16,220.8000,224.7000,220.0000,224.7000,143932,188.8725
2023-01-17,223.4000,225.7000,220.1000,225.7000,186200,189.7130
2023-01-18,226.6000,229.8000,224.8000,226.8000,195390,190.6376
2023-01-19,221.2000,222.0000,216.5000,217.1000,310069,182.4843
2023-01-20,218.4000,220.2000,217.6000,220.2000,156251,185.0900
2023-01-23,220.9000,222.8000,219.9000,222.7000,103304,187.1914
2023-01-24,223.3000,223.9000,218.6000,220.7000,179411,185.5103
2023-01-25,222.1000,222.1000,214.8000,217.6000,129997,182.9045
2023-01-26,218.6000,220.5000,218.0000,218.0000,146483,183.2407
2023-01-27,219.1000,219.1000,215.4000,217.3000,173162,182.6524
2023-01-30,217.4000,218.5000,214.8000,217.2000,167835,182.5683
2023-01-31,217.0000,219.3000,215.6000,217.6000,164368,182.9045
2023-02-01,217.9000,223.5000,217.9000,223.5000,149455,187.8638
2023-02-02,224.5000,241.0000,224.5000,241.0000,350313,202.5735
2023-02-03,235.9000,238.1000,232.9000,237.3000,194926,199.4634
2023-02-06,235.5000,238.9000,234.2000,234.6000,113198,197.1939
2023-02-07,234.9000,236.6000,231.8000,232.6000,90767,195.5128
2023-02-08,236.0000,243.3000,233.2000,239.1000,197628,200.9764
2023-02-09,241.5000,246.9000,241.0000,246.1000,249382,206.8603
2023-02-10,245.5000,246.8000,239.6000,242.9000,162879,204.1705
2023-02-13,243.3000,243.4000,240.8000,243.1000,108698,204.3387
2023-02-14,243.4000,247.4000,242.0000,244.4000,174838,205.4314
2023-02-15,240.4000,242.3000,238.7000,240.8000,143693,202.4054
2023-02-16,242.5000,247.4000,241.5000,243.4000,146930,204.5908
2023-02-17,248.2000,248.2000,241.6000,245.5000,106540,206.3560
2023-02-20,245.9000,246.5000,242.7000,244.4000,69048,205.4314
2023-02-21,242.8000,244.8000,238.2000,239.7000,145529,201.4807
2023-02-22,239.5000,242.2000,236.2000,242.0000,165623,203.4140
2023-02-23,243.5000,245.5000,242.5000,243.3000,79226,204.5068
2023-02-24,244.3000,246.3000,238.7000,241.1000,140501,202.6575
2023-02-27,236.7000,241.8000,236.0000,241.4000,130902,202.9097
2023-02-28,240.7000,241.4000,237.7000,241.0000,278527,202.5735
2023-03-01,245.9000,263.3000,245.8000,253.3000,461241,212.9123
2023-03-02,253.5000,256.6000,249.6000,254.4000,259257,213.8369
2023-03-03,255.1000,255.9000,251.2000,252.6000,145403,212.3239
2023-03-06,253.8000,257.3000,252.3000,255.5000,244791,214.7615
2023-03-07,254.6000,256.0000,249.8000,251.2000,160938,211.1471
2023-03-08,250.5000,250.7000,245.1000,248.3000,208157,208.7095
2023-03-09,249.5000,250.9000,247.3000,249.9000,136573,210.0544
2023-03-10,246.3000,248.9000,244.9000,246.3000,116641,207.0284
2023-03-13,246.8000,248.4000,240.1000,243.5000,173536,204.6749
2023-03-14,243.9000,251.7000,243.0000,250.7000,206180,210.7269
2023-03-15,251.0000,251.0000,243.4000,247.3000,245581,207.8690
2023-03-16,251.1000,251.1000,244.0000,249.3000,155745,209.5501
2023-03-17,252.0000,253.9000,247.6000,250.9000,520007,210.8950
2023-03-20,249.3000,255.4000,247.9000,252.4000,208541,212.1558
2023-03-21,252.7000,256.2000,252.7000,255.8000,195476,215.0137
2023-03-22,256.2000,262.3000,255.5000,261.7000,144805,219.9730
2023-03-23,262.2000,264.7000,261.8000,262.8000,148399,220.8975
2023-03-24,261.7000,262.2000,255.5000,258.6000,166645,217.3672
2023-03-27,262.3000,262.5000,258.6000,261.0000,119777,219.3846
2023-03-28,262.0000,265.6000,259.9000,261.4000,143811,219.7208
2023-03-29,262.5000,268.0000,261.9000,266.9000,150074,224.3438
2023-03-30,268.6000,271.3000,267.3000,269.6000,103782,226.6133
2023-03-31,271.3000,273.3000,270.1000,271.9000,160020,228.5466
2023-04-03,271.5000,271.9000,264.7000,265.2000,152197,222.9149
2023-04-04,266.0000,268.1000,265.2000,266.1000,84117,223.6714
2023-04-05,265.2000,265.2000,258.7000,261.7000,127063,219.9730
2023-04-06,263.4000,263.6000,259.6000,260.5000,113798,218.9643
2023-04-11,263.4000,265.4000,262.0000,262.3000,154543,220.4773
2023-04-12,265.6000,265.6000,260.8000,263.1000,133739,221.1497
2023-04-13,264.5000,266.1000,263.8000,265.4000,123876,223.0830
2023-04-14,261.5000,264.7000,258.1000,261.3000,192184,219.6367
2023-04-17,264.9000,271.0000,264.8000,269.4000,153851,226.4452
2023-04-18,269.5000,272.4000,267.9000,270.7000,129247,227.5379
2023-04-19,276.0000,276.7000,269.6000,271.2000,128860,227.9582
2023-04-20,270.9000,272.7000,269.3000,271.8000,137010,228.4625
2023-04-21,272.0000,272.1000,266.9000,269.9000,133343,226.8655
2023-04-24,270.2000,272.3000,269.0000,269.7000,160829,226.6974
2023-04-25,275.8000,286.0000,258.4000,260.4000,397563,218.8802
2023-04-26,260.5000,261.9000,257.0000,260.0000,261518,218.5440
2023-04-27,260.2000,264.3000,258.6000,263.4000,200423,221.4019
2023-04-28,264.3000,264.7000,260.0000,263.9000,142588,221.8222
2023-05-02,265.4000,267.0000,262.9000,265.4000,187025,223.0830
2023-05-03,266.3000,270.5000,266.0000,268.2000,154915,225.4366
2023-05-04,269.0000,269.8000,266.4000,267.7000,152322,225.0163
2023-05-05,268.0000,271.1000,267.0000,270.8000,90276,227.6220
2023-05-08,272.0000,276.0000,270.8000,273.8000,161309,230.1437
2023-05-09,275.2000,275.2000,271.1000,273.4000,145148,229.8074
2023-05-10,272.9000,273.5000,270.1000,273.5000,140662,229.8915
2023-05-11,262.7000,264.8000,259.3000,259.5000,232845,229.8915
2023-05-12,260.5000,263.4000,259.1000,262.4000,173511,232.4606
2023-05-15,263.1000,264.2000,260.7000,262.4000,123271,232.4606
2023-05-16,262.7000,263.0000,258.2000,259.0000,155738,229.4485
2023-05-17,258.4000,259.9000,256.2000,256.2000,149258,226.9680
2023-05-19,258.4000,260.1000,258.0000,259.4000,148945,229.8029
2023-05-22,260.5000,263.0000,259.7000,262.4000,113367,232.4606
2023-05-23,260.6000,261.7000,259.0000,259.2000,165548,229.6257
2023-05-24,257.9000,258.0000,253.2000,254.7000,120458,225.6392
2023-05-25,253.4000,257.1000,252.9000,255.4000,170356,226.2593
2023-05-26,256.8000,262.4000,255.4000,261.7000,99875,231.8405
2023-05-30,261.4000,263.8000,259.8000,262.6000,171642,232.6378
2023-05-31,260.1000,262.6000,257.9000,259.1000,518659,229.5371
2023-06-01,259.4000,260.6000,256.1000,258.8000,144437,229.2713
2023-06-02,260.0000,265.2000,259.9000,264.3000,137509,234.1438
2023-06-05,264.8000,264.8000,260.0000,260.0000,164173,230.3344
2023-06-06,262.4000,262.9000,245.1000,255.2000,417771,226.0821
2023-06-07,253.0000,253.4000,247.6000,251.6000,331464,222.8929
2023-06-08,250.6000,252.2000,247.5000,249.8000,323362,221.2982
2023-06-09,249.8000,249.8000,249.8000,249.8000,0,221.2982
2023-06-12,245.5000,245.6000,241.9000,244.6000,2101364,216.6916
2023-06-13,248.4000,258.1000,246.4000,256.6000,362574,227.3224
2023-06-14,257.0000,260.3000,256.2000,260.0000,239559,230.3344
2023-06-15,260.6000,261.9000,256.2000,258.9000,212464,229.3599
2023-06-16,259.4000,261.9000,256.7000,261.3000,468669,231.4861
2023-06-19,261.5000,261.9000,257.1000,258.4000,167566,228.9170
2023-06-20,258.3000,260.1000,256.6000,257.9000,179591,228.4740
2023-06-21,257.3000,259.8000,254.2000,255.8000,237981,226.6136
2023-06-22,255.0000,257.3000,251.3000,256.9000,195012,227.5882
2023-06-23,256.6000,258.8000,255.3000,258.6000,203701,229.0942
2023-06-26,259.4000,260.2000,257.8000,259.4000,213465,229.8029
2023-06-27,260.8000,262.6000,260.1000,262.5000,136534,232.5492
2023-06-28,264.2000,265.5000,261.9000,264.5000,186169,234.3210
2023-06-29,264.7000,264.7000,260.1000,260.7000,145332,230.9546
2023-06-30,261.7000,266.2000,261.7000,264.7000,185771,234.4982
2023-07-03,263.1000,267.4000,262.6000,263.2000,127986,233.1693
2023-07-04,262.0000,267.8000,261.6000,267.8000,192442,237.2445
2023-07-05,266.6000,268.9000,264.2000,265.0000,137992,234.7639
2023-07-06,263.6000,264.4000,259.7000,260.1000,110372,230.4230
2023-07-07,261.7000,262.2000,260.1000,261.7000,149524,231.8405
2023-07-10,260.5000,262.8000,259.7000,261.0000,72598,231.2203
2023-07-11,263.4000,264.5000,262.5000,264.0000,96423,233.8781
2023-07-12,266.0000,270.3000,263.0000,270.3000,147797,239.4592
2023-07-13,271.5000,273.6000,269.9000,272.8000,124906,241.6740
2023-07-14,271.5000,274.1000,270.9000,273.3000,204717,242.1169
2023-07-17,272.6000,273.3000,270.2000,270.4000,77792,239.5478
2023-07-18,270.0000,271.7000,268.8000,270.8000,89642,239.9022
2023-07-19,267.7000,269.4000,265.3000,268.6000,109704,237.9532
2023-07-20,267.7000,270.6000,266.5000,268.0000,109628,237.4216
2023-07-21,268.0000,268.0000,264.9000,266.6000,110294,236.1814
2023-07-24,266.9000,268.5000,263.2000,265.2000,178294,234.9411
2023-07-25,268.8000,277.9000,263.8000,275.2000,352465,243.8002
2023-07-26,274.7000,277.2000,268.2000,273.2000,206220,242.0284
2023-07-27,276.0000,278.6000,274.8000,276.5000,226372,244.9518
2023-07-28,272.3000,272.3000,267.6000,270.6000,205396,239.7250
2023-07-31,271.4000,273.0000,269.6000,272.4000,222813,241.3196
2023-08-02,267.3000,273.1000,266.5000,271.2000,257898,240.2566
2023-08-03,269.6000,271.0000,265.5000,268.6000,154280,237.9532
2023-08-04,269.6000,271.6000,267.5000,271.6000,113572,240.6109
2023-08-07,271.1000,274.8000,269.8000,273.5000,95143,242.2941
2023-08-08,272.3000,273.6000,267.5000,269.4000,116582,238.6619
2023-08-09,272.0000,272.7000,270.3000,270.5000,63292,239.6364
2023-08-10,271.9000,276.6000,271.9000,275.9000,103800,244.4203
2023-08-11,274.7000,275.9000,271.2000,272.4000,69314,241.3196
2023-08-14,273.5000,274.8000,272.4000,274.4000,72474,243.0914
2023-08-15,274.9000,275.3000,271.8000,273.8000,102638,242.5599
2023-08-16,272.3000,275.8000,272.2000,274.6000,193398,243.2686
2023-08-17,273.5000,274.2000,270.4000,270.4000,104126,239.5478
2023-08-18,270.1000,271.7000,267.3000,269.0000,136591,238.3075
2023-08-21,269.0000,271.6000,268.6000,268.6000,61279,237.9532
2023-08-22,270.6000,271.1000,266.1000,266.9000,138317,236.4471
2023-08-23,267.1000,267.6000,263.5000,264.5000,122813,234.3210
2023-08-24,267.1000,268.1000,261.9000,262.6000,81755,232.6378
2023-08-25,261.9000,266.1000,261.9000,264.4000,94119,234.2324
2023-08-28,266.4000,268.3000,265.6000,268.3000,118147,237.6874
2023-08-29,269.5000,273.1000,268.5000,272.7000,183176,241.5854
2023-08-30,273.3000,273.8000,271.1000,272.8000,77141,241.6740
2023-08-31,274.1000,276.3000,260.2000,265.9000,353021,235.5613
2023-09-01,264.8000,266.1000,260.0000,260.7000,169371,230.9546
2023-09-04,261.0000,263.0000,256.2000,256.4000,151007,227.1452
2023-09-05,255.0000,255.9000,253.1000,255.7000,197031,226.5251
2023-09-06,254.8000,259.3000,254.7000,259.1000,111069,229.5371
2023-09-07,257.1000,260.9000,255.8000,260.9000,132749,231.1317
2023-09-08,261.1000,261.6000,256.4000,260.1000,116994,230.4230
2023-09-11,260.2000,261.4000,258.5000,260.1000,114088,230.4230
2023-09-12,261.1000,261.4000,258.4000,259.6000,115051,229.9801
2023-09-13,257.4000,258.4000,253.9000,256.5000,139401,227.2338
2023-09-14,258.4000,263.7000,257.9000,263.5000,154556,233.4351
2023-09-15,265.8000,266.2000,264.1000,265.1000,311255,234.8525
2023-09-18,264.0000,267.7000,263.5000,267.1000,113924,236.6243
2023-09-19,265.7000,268.4000,263.4000,264.8000,124806,234.5867
2023-09-20,267.3000,269.7000,266.1000,269.0000,110116,238.3075
2023-09-21,265.9000,269.9000,265.8000,267.3000,151827,236.8015
2023-09-22,266.0000,266.0000,263.0000,264.3000,101709,234.1438
2023-09-25,263.3000,266.1000,262.4000,266.1000,120368,235.7384
2023-09-26,263.4000,266.1000,259.4000,260.7000,158174,230.9546
2023-09-27,256.6000,261.1000,255.7000,259.1000,205304,229.5371
2023-09-28,259.6000,259.8000,255.2000,259.8000,128658,230.1572
2023-09-29,260.0000,264.1000,259.9000,261.0000,161958,231.2203
2023-10-02,261.3000,263.6000,258.9000,260.8000,122101,231.0432
2023-10-03,260.0000,261.4000,258.4000,260.4000,130477,230.6888
2023-10-04,258.4000,261.0000,256.9000,258.0000,150110,228.5626
2023-10-05,259.2000,262.8000,258.0000,261.5000,111769,231.6633
2023-10-06,261.3000,264.9000,260.9000,263.9000,100322,233.7895
2023-10-09,263.7000,264.7000,261.5000,263.0000,86711,232.9921
2023-10-10,264.2000,266.4000,263.4000,265.9000,125871,235.5613
2023-10-11,265.3000,265.3000,260.4000,261.8000,137992,231.9290
2023-10-12,263.5000,266.2000,262.8000,264.7000,148296,234.4982
2023-10-13,264.0000,268.4000,263.0000,265.0000,174258,234.7639
2023-10-16,265.0000,266.0000,262.6000,265.9000,227591,235.5613
2023-10-17,263.4000,264.5000,259.3000,260.5000,170254,230.7774
2023-10-18,259.7000,260.2000,253.0000,254.4000,190290,225.3734
2023-10-19,254.2000,256.5000,251.7000,251.7000,184253,222.9815
2023-10-20,250.0000,251.6000,246.4000,247.5000,229388,219.2607
2023-10-23,250.2000,251.8000,247.5000,251.8000,188297,223.0701
2023-10-24,253.0000,255.9000,247.7000,252.0000,325237,223.2472
2023-10-25,255.0000,257.0000,240.3000,240.4000,385472,212.9708
2023-10-26,236.6000,240.3000,234.5000,239.6000,294555,212.2621
2023-10-27,239.4000,241.1000,238.4000,240.6000,153287,213.1479
2023-10-30,245.0000,245.0000,239.4000,241.7000,135470,214.1224
2023-10-31,242.0000,245.2000,240.5000,244.5000,176229,216.6030
2023-11-01,243.8000,244.2000,240.8000,241.8000,180955,214.2110
2023-11-02,244.1000,250.6000,243.3000,249.6000,180477,221.1211
2023-11-03,247.6000,248.8000,240.7000,242.5000,206510,214.8312
2023-11-06,243.2000,243.8000,239.3000,239.9000,152913,212.5278
2023-11-07,240.0000,242.4000,238.8000,239.9000,135131,212.5278
2023-11-08,237.8000,241.8000,235.2000,240.5000,182184,213.0594
2023-11-09,241.0000,244.5000,240.7000,242.8000,141253,215.0969
2023-11-10,241.7000,241.7000,238.9000,239.8000,152595,212.4392
2023-11-13,241.0000,243.6000,240.9000,241.6000,103764,214.0338
2023-11-14,242.5000,246.4000,240.6000,246.0000,155112,217.9318
2023-11-15,247.3000,251.5000,245.5000,249.5000,183536,221.0325
2023-11-16,249.9000,250.6000,246.2000,246.8000,196657,218.6405
2023-11-17,247.7000,249.5000,246.4000,246.4000,132725,218.2862
2023-11-20,246.8000,249.1000,246.6000,247.8000,109257,219.5264
2023-11-21,248.5000,249.0000,246.6000,247.3000,117588,219.0835
2023-11-22,248.3000,249.4000,247.0000,248.8000,109517,220.4123
2023-11-23,249.0000,250.6000,248.2000,249.7000,57474,221.2097
2023-11-24,249.8000,252.9000,249.2000,252.9000,85200,224.0445
2023-11-27,252.7000,255.8000,252.7000,254.4000,149756,225.3734
2023-11-28,253.4000,253.4000,250.0000,253.4000,119156,224.4875
2023-11-29,254.8000,259.2000,254.6000,256.2000,161448,226.9680
2023-11-30,256.1000,256.6000,252.0000,253.2000,508600,224.3103
2023-12-01,255.7000,257.8000,253.8000,255.9000,123472,226.7022
2023-12-04,256.5000,256.8000,253.1000,255.2000,117689,226.0821
2023-12-05,254.8000,259.3000,254.1000,258.6000,119636,229.0942
2023-12-06,259.0000,261.6000,257.7000,261.3000,141881,231.4861
2023-12-07,260.8000,261.5000,258.9000,260.0000,133031,230.3344
2023-12-08,261.0000,263.4000,260.1000,262.0000,113810,232.1062
2023-12-11,261.7000,267.8000,261.0000,267.7000,187881,237.1559
2023-12-12,270.2000,275.9000,269.2000,275.9000,245377,244.4203
2023-12-13,275.5000,281.3000,273.5000,278.5000,185929,246.7236
2023-12-14,282.0000,289.3000,281.8000,285.4000,266691,252.8364
2023-12-15,283.5000,293.0000,283.5000,292.1000,482513,258.7719
2023-12-18,289.8000,292.6000,288.4000,290.6000,127374,257.4431
2023-12-19,291.0000,291.4000,286.0000,286.6000,174175,253.8994
2023-12-20,283.9000,290.5000,282.4000,290.5000,149347,257.3544
2023-12-21,288.7000,290.7000,287.7000,290.2000,109001,257.0887
2023-12-22,290.0000,296.7000,289.5000,296.7000,161683,262.8470
2023-12-27,295.8000,295.8000,289.7000,290.2000,110351,257.0887
2023-12-28,289.8000,291.0000,287.3000,287.6000,87946,254.7853
2023-12-29,289.9000,290.8000,288.3000,289.8000,71775,256.7343
2024-01-03,289.8000,294.6000,289.7000,294.6000,282573,260.9866
2024-01-04,294.4000,301.3000,294.4000,301.3000,160784,266.9222
2024-01-05,299.0000,301.7000,296.6000,298.5000,134097,264.4416
2024-01-08,298.7000,300.2000,288.9000,292.5000,224398,259.1263
2024-01-09,292.2000,294.8000,290.9000,293.1000,184039,259.6578
2024-01-10,291.0000,292.2000,289.6000,291.8000,148590,258.5061
2024-01-11,293.9000,296.9000,293.2000,295.6000,112856,261.8726
2024-01-12,300.9000,301.9000,298.2000,298.3000,144191,264.2645
2024-01-15,297.3000,297.5000,295.7000,295.8000,76840,262.0497
2024-01-16,295.0000,296.0000,293.7000,296.0000,110980,262.2269
2024-01-17,293.3000,298.0000,293.1000,296.7000,170808,262.8470
2024-01-18,297.7000,297.7000,291.8000,293.5000,236031,260.0121
2024-01-19,292.4000,294.0000,287.0000,287.0000,172497,254.2538
2024-01-22,290.3000,294.7000,289.1000,293.6000,145421,260.1007
2024-01-23,293.5000,294.1000,287.5000,288.7000,108746,255.7598
2024-01-24,284.1000,288.3000,283.4000,285.7000,151927,253.1021
2024-01-25,286.0000,290.4000,285.5000,290.1000,111925,257.0001
2024-01-26,288.8000,292.2000,288.8000,291.3000,114750,258.0631
2024-01-29,291.6000,293.7000,290.8000,293.4000,108059,259.9236
2024-01-30,293.5000,296.2000,292.0000,294.0000,118221,260.4551
2024-01-31,296.2000,297.1000,293.5000,293.8000,129478,260.2779
2024-02-01,289.5000,295.5000,288.6000,290.4000,166129,257.2659
2024-02-02,289.0000,289.0000,283.4000,286.2000,132037,253.5451
2024-02-05,286.1000,290.2000,285.7000,290.1000,89068,257.0001
2024-02-06,291.8000,293.3000,287.8000,290.1000,110109,257.0001
2024-02-07,288.0000,289.7000,282.4000,284.6000,175726,252.1276
2024-02-08,282.5000,286.2000,279.0000,284.0000,213576,251.5961
2024-02-09,283.3000,287.7000,282.4000,284.6000,121147,252.1276
2024-02-12,286.0000,286.9000,282.0000,282.3000,119108,250.0900
2024-02-13,283.0000,283.2000,277.1000,281.4000,118395,249.2927
2024-02-14,279.8000,285.7000,279.8000,285.3000,101719,252.7477
2024-02-15,286.0000,287.7000,284.6000,284.8000,91716,252.3048
2024-02-16,283.7000,285.4000,280.1000,282.1000,136070,249.9129
2024-02-19,280.6000,284.9000,280.2000,284.4000,76156,251.9504
2024-02-20,285.6000,287.0000,282.8000,284.8000,96665,252.3048
2024-02-21,285.7000,288.7000,284.4000,288.7000,118291,255.7598
2024-02-22,290.6000,292.6000,286.9000,288.3000,148282,255.4054
2024-02-23,287.5000,288.5000,286.1000,287.9000,99564,255.0511
2024-02-26,288.0000,291.5000,287.0000,291.0000,163871,257.7974
2024-02-27,290.7000,293.0000,288.2000,288.4000,141903,255.4940
2024-02-28,287.3000,294.8000,287.3000,294.5000,197978,260.8980
2024-02-29,295.0000,299.1000,291.4000,297.6000,396384,263.6443
2024-03-01,269.0000,270.6000,252.6000,257.3000,885927,227.9425
2024-03-04,251.4000,254.3000,246.6000,250.9000,452099,222.2727
2024-03-05,249.0000,252.2000,246.0000,246.0000,309584,217.9318
2024-03-06,246.0000,249.0000,245.4000,248.3000,284984,219.9694
2024-03-07,247.5000,250.7000,246.9000,248.9000,283964,220.5009
2024-03-08,249.0000,249.0000,244.3000,244.7000,319237,216.7801
2024-03-11,245.9000,248.9000,244.0000,245.4000,270689,217.4003
2024-03-12,247.0000,249.8000,244.4000,247.9000,285427,219.6150
2024-03-13,247.8000,248.2000,244.5000,244.5000,297106,216.6030
2024-03-14,245.2000,245.2000,239.6000,239.6000,495526,212.2621
2024-03-15,240.0000,241.8000,238.4000,240.8000,736083,213.3251
2024-03-18,241.8000,242.0000,238.4000,238.9000,263350,211.6419
2024-03-19,238.7000,238.9000,236.0000,237.0000,256470,209.9587
2024-03-20,237.6000,240.5000,236.1000,239.3000,172606,211.9963
2024-03-21,243.0000,246.3000,241.8000,243.1000,256497,215.3627
2024-03-22,242.3000,245.9000,242.2000,243.9000,204126,216.0714
2024-03-25,243.8000,244.2000,241.1000,244.2000,182027,216.3372
2024-03-26,244.0000,249.8000,244.0000,248.5000,273061,220.1466
2024-03-27,248.7000,250.2000,245.2000,250.2000,172211,221.6526
2024-03-28,251.9000,252.4000,248.2000,251.0000,208569,222.3613
2024-04-02,253.5000,254.0000,248.5000,249.5000,247249,221.0325
2024-04-03,249.3000,258.2000,248.8000,257.9000,252310,228.4740
2024-04-04,258.9000,259.9000,257.0000,258.7000,177297,229.1828
2024-04-05,256.4000,257.2000,253.8000,256.0000,177881,226.7908
2024-04-08,257.0000,258.0000,254.7000,256.7000,114590,227.4110
2024-04-09,256.1000,257.9000,253.7000,254.8000,136939,225.7278
2024-04-10,255.3000,256.2000,250.0000,252.8000,147457,223.9559
2024-04-11,252.8000,256.6000,251.7000,252.3000,162807,223.5130
2024-04-12,255.0000,255.8000,252.2000,253.7000,144038,224.7533
2024-04-15,255.0000,257.8000,253.8000,254.9000,133049,225.8163
2024-04-16,251.0000,251.2000,247.6000,249.5000,180502,221.0325
2024-04-17,249.6000,252.9000,249.5000,251.2000,169613,222.5385
2024-04-18,252.0000,252.0000,248.6000,251.1000,200941,222.4499
2024-04-19,249.4000,251.3000,248.6000,248.7000,211997,220.3237
2024-04-22,252.5000,254.9000,250.3000,254.4000,262204,225.3734
2024-04-23,250.0000,253.4000,240.2000,242.0000,496758,214.3882
2024-04-24,244.4000,246.8000,240.6000,240.7000,310949,213.2365
2024-04-25,241.5000,241.6000,237.5000,238.5000,234877,211.2876
2024-04-26,240.8000,246.3000,240.7000,242.8000,252033,215.0969
2024-04-29,244.4000,244.9000,242.5000,244.5000,135652,216.6030
2024-04-30,246.5000,248.7000,243.7000,243.7000,210745,215.8942
2024-05-02,246.0000,246.0000,242.9000,245.0000,178923,217.0459
2024-05-03,246.3000,246.7000,243.7000,244.4000,214402,216.5144
2024-05-06,245.1000,247.6000,244.9000,247.2000,145258,218.9949
2024-05-07,247.9000,251.7000,247.4000,247.9000,204880,219.6150
2024-05-08,249.6000,250.8000,247.2000,250.5000,215012,221.9184
2024-05-10,243.0000,249.3000,242.8000,248.9000,305920,229.6694
2024-05-13,250.0000,251.5000,246.5000,247.7000,169507,228.5621
2024-05-14,246.7000,250.8000,246.3000,247.3000,172740,228.1930
2024-05-15,248.2000,250.5000,246.3000,248.6000,217965,229.3926
2024-05-16,247.4000,251.0000,245.7000,250.6000,138036,231.2380
2024-05-17,252.0000,253.4000,247.7000,247.8000,200807,228.6544
2024-05-21,247.9000,249.0000,244.2000,244.8000,161483,225.8861
2024-05-22,245.0000,245.4000,241.4000,245.4000,177612,226.4398
2024-05-23,244.1000,246.2000,243.0000,243.7000,217565,224.8711
2024-05-24,242.0000,246.6000,241.9000,245.8000,160978,226.8089
2024-05-27,245.7000,250.9000,244.2000,250.9000,184180,231.5148
2024-05-28,251.0000,252.8000,249.0000,251.2000,174746,231.7917
2024-05-29,250.5000,250.8000,248.9000,249.8000,150669,230.4998
2024-05-30,248.3000,251.2000,247.4000,251.2000,132117,231.7917
2024-05-31,251.4000,256.2000,251.3000,255.5000,1095325,235.7594
2024-06-03,257.3000,258.5000,255.7000,255.7000,167721,235.9440
2024-06-04,257.0000,261.0000,257.0000,257.6000,303365,237.6972
2024-06-05,259.0000,267.1000,256.4000,266.3000,273310,245.7250
2024-06-06,268.7000,270.7000,267.8000,269.1000,228184,248.3087
2024-06-07,269.2000,269.7000,266.1000,268.6000,157929,247.8473
2024-06-10,266.8000,269.4000,266.5000,267.3000,155875,246.6477
2024-06-11,263.7000,265.2000,254.5000,259.6000,247116,239.5426
2024-06-12,261.9000,261.9000,258.3000,259.9000,265149,239.8195
2024-06-13,257.6000,263.2000,256.9000,258.6000,179392,238.6199
2024-06-14,259.6000,261.2000,255.7000,256.5000,115949,236.6822
2024-06-17,256.8000,257.7000,254.3000,256.0000,76254,236.2208
2024-06-18,256.4000,259.3000,256.0000,258.9000,110555,238.8967
2024-06-19,259.2000,261.5000,257.5000,261.4000,135497,241.2036
2024-06-20,261.4000,264.5000,255.8000,258.8000,191141,238.8045
2024-06-21,258.7000,259.1000,255.2000,255.9000,419668,236.1285
2024-06-24,255.5000,259.1000,253.5000,259.0000,142784,238.9890
2024-06-25,257.5000,259.7000,255.7000,257.7000,147275,237.7895
2024-06-26,262.5000,264.4000,258.9000,260.4000,136156,240.2808
2024-06-27,260.0000,260.3000,256.2000,257.0000,137150,237.1435
2024-06-28,257.8000,260.6000,257.2000,258.4000,108682,238.4354
2024-07-01,260.0000,264.3000,258.0000,261.5000,160580,241.2959
2024-07-02,261.6000,265.6000,261.6000,264.0000,149735,243.6027
2024-07-03,266.0000,269.9000,264.7000,269.2000,117419,248.4009
2024-07-04,269.8000,270.1000,267.1000,267.6000,83678,246.9245
2024-07-05,268.1000,268.2000,263.6000,264.1000,120491,243.6950
2024-07-08,260.0000,261.3000,255.6000,255.9000,270988,236.1285
2024-07-09,256.8000,260.7000,255.9000,256.2000,139532,236.4054
2024-07-10,258.0000,260.0000,257.1000,260.0000,108723,239.9118
2024-07-11,262.5000,262.8000,258.4000,259.6000,141825,239.5426
2024-07-12,261.3000,262.0000,252.2000,257.9000,186915,237.9740
2024-07-15,257.3000,259.4000,256.4000,256.7000,116891,236.8667
2024-07-16,256.5000,260.7000,256.5000,259.7000,99581,239.6349
2024-07-17,259.6000,260.2000,255.9000,257.0000,126744,237.1435
2024-07-18,259.5000,260.3000,255.8000,257.9000,141813,237.9740
2024-07-19,256.4000,257.6000,253.3000,257.6000,155523,237.6972
2024-07-22,258.9000,266.0000,257.9000,264.0000,234213,243.6027
2024-07-23,264.0000,271.2000,258.6000,268.9000,286287,248.1241
2024-07-24,273.0000,275.5000,267.6000,268.2000,183428,247.4782
2024-07-25,265.4000,268.6000,265.4000,268.3000,101876,247.5705
2024-07-26,269.0000,269.6000,266.3000,267.7000,101024,247.0168
2024-07-29,269.6000,272.7000,269.5000,270.6000,84994,249.6928
2024-07-30,270.7000,272.6000,269.7000,272.6000,105342,251.5383
2024-07-31,275.6000,277.0000,269.6000,272.5000,143486,251.4460
2024-08-02,267.1000,267.7000,256.1000,256.1000,277811,236.3131
2024-08-05,250.0000,253.7000,247.3000,251.9000,241310,232.4376
2024-08-06,252.9000,256.2000,247.0000,248.2000,211729,229.0234
2024-08-07,249.0000,256.5000,246.6000,255.8000,161309,236.0363
2024-08-08,255.5000,255.5000,249.2000,252.8000,123284,233.2681
2024-08-09,254.0000,255.7000,252.7000,252.8000,98450,233.2681
2024-08-12,254.8000,256.1000,253.2000,253.8000,60751,234.1908
2024-08-13,255.2000,255.7000,250.9000,253.4000,71502,233.8217
2024-08-14,255.7000,257.7000,253.9000,256.9000,127154,237.0513
2024-08-15,257.9000,259.4000,255.9000,258.0000,82286,238.0663
2024-08-16,258.9000,259.4000,255.7000,257.6000,61612,237.6972
2024-08-19,258.1000,258.9000,257.3000,258.0000,76841,238.0663
2024-08-20,258.3000,259.6000,256.9000,257.1000,65641,237.2358
2024-08-21,257.0000,258.3000,256.6000,256.8000,67506,236.9590
2024-08-22,257.9000,259.1000,256.9000,258.7000,89565,238.7122
2024-08-23,259.6000,262.7000,257.1000,262.1000,110759,241.8495
2024-08-26,262.7000,263.5000,259.9000,260.0000,71525,239.9118
2024-08-27,260.0000,261.5000,258.6000,258.9000,76611,238.8967
2024-08-28,259.3000,260.9000,257.6000,260.1000,83243,240.0040
2024-08-29,260.1000,263.7000,259.5000,263.2000,80221,242.8645
2024-08-30,264.9000,265.0000,262.3000,263.1000,159253,242.7722
2024-09-02,262.4000,264.6000,260.9000,264.6000,102375,244.1564
2024-09-03,264.0000,266.7000,258.4000,261.1000,141415,240.9268
2024-09-04,259.0000,260.1000,256.3000,260.1000,134178,240.0040
2024-09-05,259.0000,259.5000,252.1000,252.1000,157149,232.6221
2024-09-06,251.0000,251.4000,247.3000,248.0000,161055,228.8389
2024-09-09,247.8000,253.0000,247.5000,250.5000,123404,231.1458
2024-09-10,249.0000,251.8000,248.0000,248.5000,94932,229.3003
2024-09-11,245.8000,250.1000,245.8000,248.5000,153139,229.3003
2024-09-12,249.7000,257.8000,249.6000,254.1000,181726,234.4676
2024-09-13,254.3000,257.0000,244.3000,248.6000,208922,229.3926
2024-09-16,247.8000,249.2000,246.6000,246.8000,170390,227.7316
2024-09-17,247.3000,250.6000,246.4000,246.4000,207704,227.3625
2024-09-18,245.9000,245.9000,239.1000,243.7000,276443,224.8711
2024-09-19,245.0000,246.0000,241.7000,242.5000,226210,223.7638
2024-09-20,240.5000,241.3000,229.4000,231.8000,595339,213.8906
2024-09-23,231.1000,233.9000,230.5000,231.4000,176010,213.5215
2024-09-24,235.1000,236.9000,233.0000,233.9000,154147,215.8283
2024-09-25,232.9000,236.2000,232.9000,233.6000,142232,215.5515
2024-09-26,237.9000,238.8000,231.2000,231.9000,228586,213.9828
2024-09-27,232.9000,233.3000,231.6000,231.9000,188875,213.9828
2024-09-30,228.3000,232.5000,228.2000,230.8000,245047,212.9678
2024-10-01,230.5000,230.8000,225.1000,227.4000,264173,209.8305
2024-10-02,227.0000,227.6000,221.8000,226.1000,304661,208.6310
2024-10-03,226.4000,226.4000,222.0000,223.2000,245904,205.9550
2024-10-04,221.5000,225.2000,218.0000,224.6000,372268,207.2469
2024-10-07,224.9000,224.9000,222.5000,223.6000,149183,206.3241
2024-10-08,222.3000,226.8000,221.3000,225.8000,200175,208.3541
2024-10-09,224.3000,224.5000,222.4000,224.0000,301231,206.6932
2024-10-10,223.5000,223.9000,220.0000,221.2000,223573,204.1095
2024-10-11,221.2000,221.7000,220.3000,221.4000,171236,204.2941
2024-10-14,222.2000,224.7000,221.5000,223.5000,232479,206.2318
2024-10-15,225.3000,225.3000,221.2000,222.4000,337098,205.2168
2024-10-16,221.5000,225.1000,220.7000,223.4000,325439,206.1396
2024-10-17,223.0000,225.3000,222.4000,223.9000,161266,206.6009
2024-10-18,224.0000,226.8000,224.0000,224.9000,169624,207.5237
2024-10-21,224.4000,224.5000,220.5000,221.1000,255151,204.0173
2024-10-22,222.1000,222.1000,218.3000,220.4000,280177,203.3713
2024-10-23,221.0000,221.4000,214.2000,216.8000,370959,200.0495
2024-10-24,217.0000,221.8000,216.9000,220.6000,271657,203.5559
2024-10-25,220.0000,220.9000,219.3000,220.0000,165741,203.0022
2024-10-28,220.3000,221.5000,218.7000,220.0000,168762,203.0022
2024-10-29,220.9000,221.3000,218.5000,219.7000,166016,202.7254
2024-10-30,218.7000,219.2000,216.1000,217.0000,172758,200.2340
2024-10-31,214.7000,216.8000,214.6000,215.6000,228299,198.9422
2024-11-01,216.9000,218.3000,216.4000,217.5000,131490,200.6954
2024-11-04,216.8000,218.4000,216.1000,216.1000,157027,199.4036
2024-11-05,216.1000,216.2000,212.1000,213.2000,193033,196.7276
2024-11-06,207.5000,209.4000,205.2000,207.8000,426263,191.7449
2024-11-07,210.5000,212.9000,209.3000,209.3000,227300,193.1290
2024-11-08,209.9000,210.5000,207.8000,208.7000,141786,192.5753
2024-11-11,209.2000,209.6000,206.4000,206.4000,151026,190.4530
2024-11-12,205.0000,206.1000,203.6000,204.0000,172231,188.2384
2024-11-13,203.2000,205.5000,202.8000,205.5000,188799,189.6226
2024-11-14,206.7000,211.6000,206.5000,210.9000,310944,194.6053
2024-11-15,210.9000,210.9000,207.8000,208.9000,182760,192.7599
2024-11-18,209.9000,210.9000,208.7000,210.4000,160450,194.1440
2024-11-19,210.3000,212.4000,208.0000,210.4000,135348,194.1440
2024-11-20,209.5000,211.1000,207.6000,208.2000,164039,192.1140
2024-11-21,208.4000,208.6000,206.2000,208.0000,134391,191.9294
2024-11-22,208.7000,209.7000,206.9000,209.5000,147370,193.3135
2024-11-25,209.2000,211.2000,207.5000,208.8000,320707,192.6676
2024-11-26,208.9000,210.5000,207.9000,208.6000,106964,192.4830
2024-11-27,209.6000,209.7000,208.2000,209.4000,128643,193.2212
2024-11-28,211.1000,211.9000,209.6000,210.2000,73818,193.9594
2024-11-29,209.1000,211.0000,209.1000,210.6000,118377,194.3285
2024-12-02,209.3000,213.3000,209.3000,213.3000,140313,196.8199
2024-12-03,214.0000,214.8000,212.6000,213.4000,158804,196.9122
2024-12-04,212.8000,212.8000,209.1000,210.6000,164785,194.3285
2024-12-05,210.6000,213.2000,210.6000,212.1000,102522,195.7126
2024-12-06,211.5000,213.0000,210.9000,210.9000,117206,194.6053
2024-12-09,212.1000,212.2000,210.1000,211.1000,94554,194.7899
2024-12-10,211.6000,212.4000,210.4000,211.6000,111468,195.2513
2024-12-11,210.7000,211.9000,209.5000,210.9000,157691,194.6053
2024-12-12,206.0000,207.2000,203.0000,205.0000,333442,189.1612
2024-12-13,206.3000,207.2000,205.5000,206.6000,145922,190.6376
2024-12-16,205.9000,206.3000,204.0000,206.0000,168106,190.0839
2024-12-17,204.0000,204.0000,200.7000,202.6000,220238,186.9466
2024-12-18,202.5000,203.8000,202.2000,202.3000,195090,186.6698
2024-12-19,200.5000,202.3000,200.2000,202.3000,190169,186.6698
2024-12-20,201.4000,202.7000,200.2000,202.5000,410168,186.8543
2024-12-23,202.0000,205.1000,200.8000,205.0000,139872,189.1612
2024-12-27,211.5000,211.5000,206.5000,207.5000,165277,191.4680
2024-12-30,207.9000,208.9000,207.1000,207.8000,96924,191.7449
2025-01-03,208.8000,209.4000,206.3000,207.9000,111923,191.8371
2025-01-06,208.4000,209.9000,205.6000,209.4000,121025,193.2212
2025-01-07,208.0000,208.8000,207.0000,208.5000,163446,192.3908
2025-01-08,207.7000,209.0000,205.8000,207.4000,120082,191.3758
2025-01-09,204.0000,204.0000,200.2000,203.0000,222394,187.3157
2025-01-10,202.5000,204.4000,201.9000,202.6000,142000,186.9466
2025-01-13,202.5000,202.9000,199.8500,201.3000,136623,185.7471
2025-01-14,202.2000,203.1000,199.9000,200.0000,169309,184.5475
2025-01-15,200.0000,202.1000,199.4000,200.9000,219567,185.3780
2025-01-16,201.7000,202.2000,199.0500,201.6000,245214,186.0239
2025-01-17,202.3000,202.7000,198.7000,201.8000,312099,186.2084
2025-01-20,201.9000,206.7000,201.4000,206.7000,208409,190.7298
2025-01-21,206.7000,207.0000,204.7000,206.8000,133759,190.8221
2025-01-22,206.0000,208.3000,204.6000,204.6000,176253,188.7921
2025-01-23,205.4000,207.4000,205.0000,206.6000,182645,190.6376
2025-01-24,207.4000,208.4000,204.6000,204.6000,153378,188.7921
2025-01-27,203.9000,207.4000,203.2000,206.9000,139941,190.9144
2025-01-28,207.3000,209.1000,205.2000,206.9000,137786,190.9144
2025-01-29,207.1000,208.2000,206.4000,207.2000,139577,191.1912
2025-01-30,207.7000,210.3000,207.3000,209.2000,200952,193.0367
2025-01-31,210.0000,210.6000,207.2000,207.6000,172875,191.5603
2025-02-03,203.1000,204.0000,198.6000,203.2000,287004,187.5003
2025-02-04,195.9500,203.0000,194.8500,201.6000,330531,186.0239
2025-02-05,201.7000,202.9000,200.4000,202.0000,214018,186.3930
2025-02-06,204.2000,205.8000,202.3000,204.1000,229572,188.3307
2025-02-07,204.3000,205.3000,201.5000,201.5000,167174,185.9316
2025-02-10,202.4000,204.1000,201.8000,203.8000,205556,188.0539
2025-02-11,204.0000,209.6000,203.3000,209.5000,228234,193.3135
2025-02-12,209.6000,209.9000,206.4000,207.7000,162913,191.6526
2025-02-13,209.5000,212.2000,206.6000,211.6000,296777,195.2513
2025-02-14,210.1000,211.4000,208.8000,209.2000,183984,193.0367
2025-02-17,209.9000,211.4000,208.7000,209.7000,168164,193.4980
2025-02-18,210.6000,211.2000,209.0000,210.4000,185261,194.1440
2025-02-19,211.1000,212.2000,210.0000,211.5000,218719,195.1590
2025-02-20,212.0000,214.1000,211.2000,213.2000,199863,196.7276
2025-02-21,213.7000,215.9000,213.4000,214.2000,195947,197.6504
2025-02-24,218.0000,218.0000,214.5000,217.3000,206806,200.5109
2025-02-25,215.6000,217.8000,215.6000,216.8000,156670,200.0495
2025-02-26,216.7000,218.5000,216.7000,216.7000,145523,199.9572
2025-02-27,213.1000,213.9000,206.9000,206.9000,343923,190.9144
2025-02-28,203.5000,207.8000,203.1000,207.6000,299924,191.5603
2025-03-03,212.0000,216.3000,210.6000,214.6000,319680,198.0195
2025-03-04,209.0000,209.5000,198.6000,203.8000,532130,188.0539
2025-03-05,204.3000,207.0000,202.9000,205.5000,315834,189.6226
2025-03-06,206.9000,212.1000,206.1000,210.1000,295483,193.8672
2025-03-07,209.1000,209.7000,206.0000,208.7000,220414,192.5753
2025-03-10,211.2000,218.8000,209.5000,218.5000,334273,201.6181
2025-03-11,218.0000,218.4000,209.7000,210.8000,227466,194.5131
2025-03-12,212.0000,213.8000,206.7000,208.2000,194860,192.1140
2025-03-13,207.5000,210.1000,207.5000,209.0000,151407,192.8521
2025-03-14,214.0000,214.0000,210.1000,210.5000,230909,194.2363
2025-03-17,211.1000,213.3000,210.9000,211.7000,157444,195.3435
2025-03-18,212.6000,214.8000,211.7000,213.5000,163605,197.0045
2025-03-19,213.8000,216.8000,213.6000,214.9000,149030,198.2963
2025-03-20,214.4000,215.0000,212.8000,214.9000,146964,198.2963
2025-03-21,212.8000,215.1000,211.8000,212.5000,368614,196.0817
2025-03-24,215.4000,215.7000,212.4000,212.7000,139126,196.2663
2025-03-25,212.1000,212.5000,202.8000,204.1000,512602,188.3307
2025-03-26,206.2000,206.7000,202.9000,203.9000,266237,188.1462
2025-03-27,203.2000,206.3000,201.3000,205.9000,259019,189.9916
2025-03-28,209.2000,210.1000,206.7000,206.7000,207739,190.7298
2025-03-31,203.6000,205.6000,201.5000,203.5000,237719,187.7771
2025-04-01,205.0000,206.1000,202.1000,203.1000,158594,187.4080
2025-04-02,202.0000,204.1000,200.7000,202.7000,174802,187.0389
2025-04-03,196.3000,196.3500,184.6000,185.5000,672249,171.1678
2025-04-04,182.5000,186.1000,175.3000,180.5500,593645,166.6003
2025-04-07,161.0500,179.5000,161.0500,171.0500,775584,157.8342
2025-04-08,175.7500,179.3000,172.4500,176.6500,375401,163.0016
2025-04-09,170.7000,172.8500,166.2000,168.2500,403768,155.2506
2025-04-10,194.2000,194.2000,175.8000,175.8000,505300,162.2173
2025-04-11,178.5500,179.0000,171.5500,176.4500,261592,162.8170
2025-04-14,181.7500,182.3000,179.4500,180.9000,217376,166.9232
2025-04-15,180.3500,184.6500,180.0000,184.2000,292547,169.9682
2025-04-16,181.7500,182.6500,180.5000,180.9500,302448,166.9693
2025-04-17,182.7500,183.0500,179.9500,182.1500,244052,168.0766
2025-04-22,182.0000,182.4500,179.2500,180.8500,218284,166.8771
2025-04-23,184.0000,191.0000,184.0000,187.5000,316267,173.0133
2025-04-24,194.9000,194.9000,185.8000,191.4000,323438,176.6120
2025-04-25,193.3500,193.5500,188.1000,188.4500,236937,173.8899
2025-04-28,188.3500,189.1000,186.6500,188.8000,162035,174.2128
2025-04-29,188.0500,189.6500,186.8500,186.8500,244986,172.4135
2025-04-30,187.0000,191.6000,186.9500,188.8500,342282,174.2590
2025-05-02,191.4000,193.6500,188.3000,191.3000,289515,176.5197
2025-05-05,192.4500,192.9500,191.1500,191.9500,195416,177.1195
2025-05-06,190.9000,191.1500,186.2500,187.9500,375318,173.4285
2025-05-07,187.0000,187.2500,182.4000,182.7500,339326,168.6303
2025-05-08,183.9000,184.7500,182.8000,183.8000,275761,169.5992
2025-05-09,177.0500,179.9000,176.2000,177.8500,282946,171.8212
2025-05-12,186.6000,190.4500,183.0000,185.1500,735185,178.8737
2025-05-13,186.0000,190.9000,185.1500,187.7500,525219,181.3856
2025-05-14,189.5500,191.9000,187.8000,191.9000,477509,185.3949
2025-05-15,190.0000,192.2000,189.2500,192.0000,344827,185.4915
2025-05-16,192.1000,194.5000,191.9500,194.5000,282803,187.9068
2025-05-19,194.0000,194.8500,191.5000,194.8500,211031,188.2449
2025-05-20,195.2000,197.0000,193.9500,195.0000,263371,188.3898
2025-05-21,193.6500,195.9000,193.3000,195.3500,172416,188.7280
2025-05-22,194.0000,194.9500,190.4000,192.1500,206225,185.6364
2025-05-23,192.7000,193.5000,186.3500,188.9000,234672,182.4966
2025-05-26,191.0000,191.5500,189.3500,190.3500,130703,183.8975
2025-05-27,190.2500,190.7500,188.7500,188.9000,135464,182.4966
2025-05-28,189.1000,189.4000,185.6500,186.5500,170205,180.2263
2025-05-30,187.1000,189.6500,184.3500,185.0500,303274,178.7771
2025-06-02,183.3000,185.0500,182.8000,183.9500,200558,177.7144
2025-06-03,183.2500,184.3000,180.9000,183.5500,201779,177.3280
2025-06-04,184.3500,186.5000,184.0000,185.9000,207268,179.5983
2025-06-05,186.4500,186.4500,183.5500,184.7500,182703,178.4873
2025-06-06,185.0500,188.0500,184.8500,187.5000,160356,181.1441
2025-06-10,187.3000,188.8500,186.0000,188.8500,163704,182.4483
2025-06-11,188.9000,190.6000,188.7500,189.0500,121965,182.6415
2025-06-12,187.1500,187.9000,185.4000,187.8500,153968,181.4822
2025-06-13,185.1500,189.5000,184.7500,186.5000,215253,180.1780
2025-06-16,185.7000,185.7500,180.5000,180.9000,350393,174.7678
2025-06-17,179.8000,182.6000,177.1500,178.5000,324299,172.4492
2025-06-18,179.4000,179.6000,177.7000,178.7500,194399,172.6907
2025-06-19,177.1500,177.5500,175.5000,176.0000,190822,170.0339
2025-06-20,176.2000,178.1000,175.3500,175.3500,413797,169.4059
2025-06-23,175.1000,176.5500,174.3500,175.4000,234732,169.4542
2025-06-24,177.0000,178.5000,175.6000,176.0000,192299,170.0339
2025-06-25,175.7000,176.4500,173.0500,173.2000,197903,167.3288
2025-06-26,174.5000,174.5000,171.5000,172.1000,211643,166.2661
2025-06-27,172.8000,174.6000,170.5000,174.6000,300100,168.6814
2025-06-30,175.6000,175.6000,171.5500,171.6500,213766,165.8313
2025-07-01,172.0000,172.2500,170.3500,172.2000,233819,166.3627
2025-07-02,172.1500,175.2000,172.1000,174.6500,219527,168.7297
2025-07-03,175.9000,176.8000,173.4000,173.4000,151493,167.5220
2025-07-04,172.2500,173.1500,171.2000,171.3500,167070,165.5415
2025-07-07,171.8000,172.9000,170.9000,171.5500,114212,165.7348
2025-07-08,171.8000,172.5500,170.1000,172.4500,187020,166.6042
2025-07-09,172.0000,172.8000,170.9000,171.5000,151454,165.6864
2025-07-10,172.8000,174.8000,172.1000,174.8000,209875,168.8746
2025-07-11,172.9000,174.3500,172.1000,173.3500,147278,167.4737
2025-07-14,172.3500,172.7500,171.3500,171.7000,109596,165.8797
2025-07-15,171.5000,173.1500,170.9000,172.1000,140273,166.2661
2025-07-16,170.6500,172.4500,170.1000,170.3500,211864,164.5754
2025-07-17,172.3000,173.4000,171.5000,172.6500,196848,166.7975
2025-07-18,173.0000,173.6500,171.0000,171.3000,175478,165.4932
2025-07-21,171.4000,172.6000,169.3500,170.2500,208406,164.4788
2025-07-22,170.0000,170.0000,167.2000,168.9500,208552,163.2229
2025-07-23,170.6500,173.8000,170.5000,173.2500,279700,167.3771
2025-07-24,172.9500,175.4500,167.4500,169.7500,443640,163.9958
2025-07-25,168.3000,170.2000,167.3500,170.2000,216752,164.4305
2025-07-28,171.7000,173.4500,170.7000,171.2500,195843,165.4449
2025-07-29,171.8500,172.5500,169.6000,169.6500,135294,163.8992
2025-07-30,170.2000,170.2000,167.1500,167.8000,163684,162.1119
2025-07-31,167.2000,169.1000,165.5000,166.2500,220063,160.6144
2025-08-04,163.3000,165.9500,159.9000,165.0000,383989,159.4068
2025-08-05,166.5500,166.9000,165.3000,165.9500,161525,160.3246
2025-08-06,166.5500,167.6500,165.6500,165.6500,143040,160.0347
2025-08-07,167.3000,171.2500,166.5000,169.5000,221399,163.7542
2025-08-08,170.6000,171.4000,169.9000,170.6500,159662,164.8652
2025-08-11,171.4000,171.5500,168.6000,168.6000,142569,162.8848
2025-08-12,168.6000,171.0000,168.4500,170.8000,108982,165.0102
2025-08-13,171.0000,171.3500,169.3000,170.8000,129327,165.0102
2025-08-14,171.0000,171.3500,168.7500,169.5500,146059,163.8026
2025-08-15,170.3500,171.0000,168.7500,168.7500,105522,163.0297
2025-08-18,168.4500,168.6500,166.2000,166.5500,123106,160.9042
2025-08-19,168.0500,171.1000,167.3500,171.0500,140442,165.2517
2025-08-20,170.4000,172.3000,169.9500,170.7000,117565,164.9136
2025-08-21,170.5500,170.7500,167.6500,167.6500,222677,161.9669
2025-08-22,166.8500,169.5000,166.8000,169.1000,107758,163.3678
2025-08-25,169.5000,169.5000,166.9000,167.1500,129427,161.4839
2025-08-26,166.4000,168.3500,165.9500,167.1000,353030,161.4356
2025-08-27,167.7500,169.3500,167.3500,167.9000,142626,162.2085
2025-08-28,167.7000,169.8000,164.9500,165.6500,190856,160.0347
2025-08-29,164.8000,165.9000,162.8000,162.8000,195606,157.2814
2025-09-01,163.2500,165.3000,163.0000,165.2000,126001,159.6000
2025-09-02,165.2500,166.0000,162.2500,162.2500,120898,156.7500
2025-09-03,163.5500,164.3000,160.9000,161.3000,154617,155.8322
2025-09-04,162.7500,163.8500,162.1500,163.4000,175323,157.8610
2025-09-05,163.7000,165.2000,163.5500,163.8000,207607,158.2475
2025-09-08,164.6500,166.8500,163.1500,166.8500,208118,161.1941
2025-09-09,167.4000,169.3000,164.8500,164.8500,173236,159.2619
2025-09-10,165.5000,165.9500,162.7500,163.4000,149602,157.8610
2025-09-11,163.7000,164.7000,162.9000,164.4000,141174,158.8271
2025-09-12,165.7500,166.6500,164.2000,165.3500,133800,159.7449
2025-09-15,165.5500,167.2500,164.9500,166.5500,182649,160.9042
2025-09-16,167.2000,168.8000,166.4000,166.6500,147872,161.0008
2025-09-17,166.9000,168.3500,166.5500,166.9000,226357,161.2424
2025-09-18,168.0000,171.3000,166.7000,169.5000,265332,163.7542
2025-09-19,162.0000,162.1500,154.1000,154.1000,1312118,148.8763
2025-09-22,154.1000,156.3000,153.5000,155.1500,263586,149.8907
2025-09-23,153.7500,157.7500,153.7500,156.4500,298323,151.1466
2025-09-24,155.3000,155.9500,154.3000,155.4500,130686,150.1805
2025-09-25,153.2500,154.0500,151.8500,151.8500,225175,146.7025
2025-09-26,152.6000,153.0000,151.9500,152.8500,168327,147.6687
2025-09-29,153.0000,153.0500,151.5500,151.5500,198319,146.4127
2025-09-30,151.0500,151.3500,147.4000,148.1500,344733,143.1280
2025-10-01,148.1000,150.5000,147.7500,150.4000,306783,145.3017
2025-10-02,151.4000,152.8000,150.5000,152.6000,365159,147.4271
2025-10-03,152.8500,154.8000,152.6000,154.0000,246634,148.7797
2025-10-06,154.0000,154.6000,152.9000,154.0500,158303,148.8280
2025-10-07,153.9500,154.0500,152.1500,152.4500,164965,147.2822
2025-10-08,152.0000,153.0500,151.0500,152.1000,251824,146.9441
2025-10-09,152.4500,152.5500,150.5000,150.8500,281524,145.7365
2025-10-10,151.0000,152.9000,148.8000,148.8000,219964,143.7559
2025-10-13,149.5000,150.5000,148.2000,149.2500,158623,144.1907
2025-10-14,149.0000,149.9500,148.0500,148.7500,189203,143.7076
2025-10-15,150.0000,150.8500,149.2000,150.6500,209521,145.5432
2025-10-16,150.2000,153.4500,150.0500,153.2000,330612,148.0068
2025-10-17,152.3500,154.4000,151.6500,154.3000,273066,149.0695
2025-10-20,155.1000,155.6000,153.4500,155.3000,197546,150.0356
2025-10-21,155.4500,156.3500,153.6500,156.3500,236003,151.0500
2025-10-22,156.7500,156.7500,154.7500,155.3000,216140,150.0356
2025-10-23,152.8000,156.7500,149.7000,156.0000,428745,150.7119
2025-10-24,154.8500,157.5000,154.7000,156.4500,238205,151.1466
2025-10-27,157.4500,159.5000,156.3500,158.8500,216527,153.4653
2025-10-28,159.2500,159.7000,157.3500,157.7000,218266,152.3542
2025-10-29,157.3000,158.9000,156.9000,157.4000,145708,152.0644
2025-10-30,155.4500,156.3000,153.0500,154.4000,234775,149.1661
2025-10-31,154.8500,155.7000,154.0000,154.0000,204535,148.7797
2025-11-03,154.5000,156.1500,153.7500,153.8500,163242,148.6348
2025-11-04,152.9500,152.9500,148.9000,150.6500,228154,145.5432
2025-11-05,151.0000,152.7000,150.6500,150.8500,305001,145.7365
2025-11-06,150.2500,153.4000,149.9000,151.1500,211174,146.0263
2025-11-07,151.3000,152.1000,149.4000,150.9000,138212,145.7847
2025-11-10,151.9000,152.9500,151.6000,152.3000,121378,147.1373
2025-11-11,153.6000,159.4500,153.1000,157.7500,219109,152.4025
2025-11-12,158.6000,160.0000,158.1500,158.8500,160436,153.4653
2025-11-13,159.4500,159.4500,155.5000,156.0000,163483,150.7119
2025-11-14,155.5500,155.7500,153.0500,155.3500,184320,150.0839
2025-11-17,154.8500,155.7000,152.2000,152.3500,137334,147.1856
2025-11-18,150.3500,151.2500,149.4000,150.3000,194662,145.2051
2025-11-19,150.5000,152.5500,149.7000,151.9500,150101,146.7991
2025-11-20,153.2000,153.2000,150.4000,150.4000,148633,145.3017
2025-11-21,149.8500,153.3500,149.6500,152.8500,191300,147.6687
2025-11-24,155.1000,156.9000,154.0500,155.5500,402547,150.2771
2025-11-25,155.7000,157.4500,153.4000,157.4500,229226,152.1127
2025-11-26,158.0000,159.4000,156.9500,159.4000,205251,153.9966
2025-11-27,159.3000,161.9000,159.3000,161.1500,171842,155.6873
2025-11-28,161.1500,162.1000,160.1000,161.1000,279769,155.6390
2025-12-01,161.3000,162.2000,159.7500,162.1000,267015,156.6051
2025-12-02,161.7000,161.7500,159.7500,160.7500,170598,155.3008
2025-12-03,161.2000,162.8500,159.2000,159.6000,184907,154.1898
2025-12-04,161.9000,163.8000,160.7500,162.6000,228028,157.0882
2025-12-05,162.9000,164.2000,161.6500,163.8500,164612,158.2958
2025-12-08,164.9500,166.3000,163.2000,165.4000,181415,159.7932
2025-12-09,165.4000,167.9500,163.3500,167.2500,253100,161.5805
2025-12-10,167.2500,170.2000,166.8500,169.2000,287216,163.4644
2025-12-11,169.8500,174.5500,169.0500,173.6500,389997,167.7635
2025-12-12,175.4000,176.2000,173.7000,173.7000,264015,167.8119
2025-12-15,174.2000,178.7500,173.3000,176.1500,275852,170.1788
2025-12-16,175.3000,177.8000,175.3000,176.1000,234613,170.1305
2025-12-17,176.3500,177.2500,173.4500,173.4500,317573,167.5703
2025-12-18,173.4000,174.0000,172.7000,173.6500,177967,167.7635
2025-12-19,174.0000,174.0500,172.2000,173.4500,457612,167.5703
2025-12-22,173.5000,173.9000,171.4000,171.6500,161104,165.8313
2025-12-23,172.2500,172.4000,170.7000,171.5500,107549,165.7348
2025-12-29,172.1000,172.9000,170.6000,171.3500,133184,165.5415
2025-12-30,171.1000,171.6500,169.9500,171.2500,91098,165.4449
2026-01-05,172.4500,174.1000,170.5000,174.0000,213900,168.1017
2026-01-06,173.8000,178.5000,173.7500,178.5000,172600,172.4492
2026-01-07,179.1000,179.3000,176.7000,177.7500,174241,171.7246
2026-01-08,177.0000,177.0000,173.0500,173.4500,158326,167.5703
2026-01-09,175.5500,176.7000,173.9000,176.3500,151366,170.3720
2026-01-12,176.6500,178.1500,175.6500,178.0500,130664,172.0144
2026-01-13,177.8000,180.0000,176.8500,178.9500,211376,172.8839
2026-01-14,188.5000,191.8000,182.7000,186.6500,410566,180.3229
2026-01-15,186.6000,186.8500,180.5500,185.0500,277093,178.7771
2026-01-16,184.9500,185.6000,183.5000,184.4500,265875,178.1975
2026-01-19,180.0000,181.6000,177.6500,178.6000,220521,172.5458
2026-01-20,177.0000,181.5000,175.9000,178.3500,156256,172.3042
2026-01-21,177.4000,180.7500,177.3500,180.6000,207456,174.4780
2026-01-22,182.9500,184.9500,182.3500,183.6500,196843,177.4246
2026-01-23,181.8000,181.8000,178.5500,179.9500,174815,173.8500
2026-01-26,179.0000,180.9000,176.9500,177.3000,219039,171.2898
2026-01-27,178.0500,179.0000,176.1000,179.0000,123438,172.9322
2026-01-28,178.0500,178.1000,176.0000,176.5000,124673,170.5170
2026-01-29,177.4000,179.3000,176.1000,177.6500,153115,171.6280
2026-01-30,178.0500,179.3500,177.0000,178.7000,121097,172.6424
2026-02-02,178.1000,180.8000,177.4000,179.5500,158327,173.4636
2026-02-03,181.0500,182.4000,176.1500,178.4500,214723,172.4008
2026-02-04,178.0000,188.9000,174.2500,187.3000,440820,180.9509
2026-02-05,187.0000,188.0500,184.3500,188.0500,187991,181.6754
2026-02-06,188.7000,188.7000,186.0000,186.9500,132272,180.6127
2026-02-09,187.6000,190.4500,187.0500,190.2500,179929,183.8008
2026-02-10,190.1000,190.2500,187.5500,187.5500,151536,181.1924
2026-02-11,188.5500,189.1000,185.4500,188.8000,219460,182.4000
2026-02-12,191.1500,191.1500,162.9000,164.3000,849093,158.7305
2026-02-13,168.3000,171.0500,163.1000,169.3000,721728,163.5610
2026-02-16,170.4500,170.6500,165.6000,165.6000,218626,159.9865
2026-02-17,166.0000,170.5500,165.6000,170.5500,199292,164.7686
2026-02-18,172.6500,175.9500,171.7000,175.1500,181507,169.2127
2026-02-19,176.0000,177.6000,174.7000,176.3000,165637,170.3237
2026-02-20,176.4500,180.6000,174.8000,178.7000,251108,172.6424
2026-02-23,178.0000,178.7000,174.3500,174.7000,150328,168.7780
2026-02-24,175.1000,175.7500,171.7000,172.7500,230593,166.8941
2026-02-25,173.9500,176.0000,173.0000,174.4500,144072,168.5364
2026-02-26,174.8500,175.7000,171.5000,175.5000,188582,169.5508
2026-02-27,175.5000,179.6000,174.8000,179.3500,291313,173.2703
2026-03-02,175.9500,183.6500,174.7000,182.0000,279526,175.8305
2026-03-03,190.0000,193.3000,175.8000,182.8000,571627,176.6034
2026-03-04,180.7000,182.8000,179.2000,180.4500,247761,174.3331
2026-03-05,180.7000,180.7500,175.4500,176.9500,292895,170.9517
2026-03-06,176.9500,176.9500,170.8500,172.9000,211758,167.0390
2026-03-09,169.0500,171.3000,168.4000,169.9000,175584,164.1407
2026-03-10,174.0000,174.0000,170.5500,172.1500,224297,166.3144
2026-03-11,170.9500,173.5000,168.2500,171.6500,229436,165.8313
2026-03-12,171.0000,172.0500,169.8500,170.5500,200242,164.7686
2026-03-13,168.6500,174.0000,168.1000,171.3500,204387,165.5415
2026-03-16,170.9500,172.7500,169.6000,172.6000,110171,166.7492
2026-03-17,171.6500,171.9500,168.8500,170.5500,170780,164.7686
2026-03-18,170.8000,171.8000,169.7000,171.7500,155511,165.9280
2026-03-19,169.7500,173.1000,169.2000,170.5000,207306,164.7203
2026-03-20,169.5500,171.4500,167.0000,167.0000,1395864,161.3390
2026-03-23,164.2000,171.1500,161.6500,168.3500,265548,162.6432
2026-03-24,168.9500,173.1000,168.0500,172.3000,172458,166.4593
2026-03-25,174.9500,176.2500,171.9000,173.9000,258963,168.0051
2026-03-26,173.9500,177.4000,173.9500,176.0000,128868,170.0339
2026-03-27,174.0000,174.8000,170.5500,171.4000,119334,165.5898
2026-03-30,172.5000,176.5000,171.3500,176.4500,181922,170.4686
2026-03-31,177.7000,180.3000,175.1500,180.3000,292551,174.1881
2026-04-01,181.8000,184.3500,179.3500,184.3500,180776,178.1009
2026-04-02,182.2000,187.2500,181.7000,187.2500,172941,180.9025
2026-04-07,186.9500,188.2500,182.5500,183.1000,167158,176.8932
2026-04-08,186.4000,186.4000,181.9500,183.2500,263839,177.0381
2026-04-09,183.9500,184.5500,181.9500,182.9500,193916,176.7483
2026-04-10,182.6500,184.4500,180.7000,181.1000,216471,174.9610
2026-04-13,179.0000,180.1000,176.4000,179.0500,168623,172.9805
2026-04-14,179.3500,182.4000,179.3500,182.2000,114506,176.0237
2026-04-15,181.5000,183.8500,181.5000,183.2500,78187,177.0381
2026-04-16,183.0000,185.4500,182.1500,184.4500,131996,178.1975
2026-04-17,185.3000,187.4500,184.2000,185.6500,235179,179.3568
2026-04-20,184.9500,187.5000,184.5000,187.3500,141975,180.9992
2026-04-21,187.9500,191.6000,187.5000,190.1000,163258,183.6559
2026-04-22,190.5000,194.4500,190.1000,192.0000,224311,185.4915
2026-04-23,191.2500,195.0500,191.0000,194.3500,297671,187.7619
2026-04-24,197.8000,200.7000,185.5500,186.0000,354342,179.6949
2026-04-27,186.0000,188.2000,184.0000,186.3500,235034,180.0331
2026-04-28,186.8500,189.4000,185.8500,189.2000,162209,182.7864
2026-04-29,188.5500,189.2000,181.3500,181.9000,223457,175.7339
2026-04-30,179.1000,184.0000,178.6000,182.7000,227667,176.5068
2026-05-04,184.0000,184.0500,171.4000,172.0000,386800,166.1695
2026-05-05,171.0000,174.2000,169.1000,174.2000,234745,168.2949
2026-05-06,176.9000,182.5500,176.7000,179.3000,305944,173.2220
2026-05-07,179.9000,180.0000,176.4000,177.0000,231889,171.0000
2026-05-08,171.0000,172.0000,169.2000,172.0000,198882,172.0000
2026-05-11,172.0000,174.3500,170.9500,173.3000,174957,173.3000
2026-05-12,173.2500,176.8500,172.9000,174.2000,179143,174.2000
2026-05-13,172.3500,175.3500,172.3000,174.4000,139174,174.4000
2026-05-15,174.5000,175.2000,172.4000,175.0500,169861,175.0500
2026-05-18,174.0500,174.3000,170.4500,173.9000,188828,173.9000
2026-05-19,173.7000,174.5500,170.6000,171.7000,124167,171.7000
2026-05-20,170.5500,174.2500,170.4000,173.2500,129185,173.2500
2026-05-21,173.3000,176.0000,172.6000,175.6500,201295,175.6500
2026-05-22,178.0000,178.8000,176.3500,176.8500,130913,176.8500
2026-05-26,178.0500,178.5000,176.6500,177.3500,79268,177.3500
2026-05-27,178.2000,179.7000,175.7500,176.6000,123208,176.6000
2026-05-28,176.2000,179.4500,175.4000,179.1000,156101,179.1000
2026-05-29,179.0500,183.2000,179.0000,180.3500,532010,180.3500
2026-06-01,180.2500,183.8500,180.2500,183.1500,154720,183.1500
2026-06-02,184.0000,188.2500,184.0000,187.3000,217332,187.3000
2026-06-03,185.6000,188.0000,185.0500,188.0000,211024,188.0000
2026-06-04,188.5000,191.1500,186.1500,189.2000,198666,189.2000
2026-06-05,189.0000,193.2500,187.7500,191.8500,205123,191.8500
2026-06-08,189.2000,192.8000,189.0000,192.8000,155032,192.8000
2026-06-09,191.0500,193.8500,191.0000,191.0000,149048,191.0000
2026-06-10,190.8500,194.1000,190.0000,192.7500,159338,192.7500
2026-06-11,192.5000,195.4000,191.4000,194.6500,201296,194.6500
2026-06-12,196.0000,197.1500,192.6000,195.5500,198800,195.5500
2026-06-15,197.1500,197.5000,187.6000,188.0500,252266,188.0500
2026-06-16,189.0000,189.4500,185.6500,185.9500,203792,185.9500
2026-06-17,185.4500,186.8000,182.0000,185.0500,219185,185.0500
2026-06-18,185.2500,185.4500,179.4000,182.7000,208252,182.7000
2026-06-19,183.2000,184.7000,181.7000,181.7000,793132,181.7000
2026-06-22,180.3000,183.2000,179.9000,183.1500,154137,183.1500
2026-06-23,181.4000,184.6500,180.8000,183.9500,130740,183.9500
2026-06-24,186.8500,192.1500,186.0000,190.4000,209593,190.4000
2026-06-25,190.0000,197.9500,188.0000,196.6500,237776,196.6500
2026-06-26,197.3500,198.7000,193.3500,193.7000,249272,193.7000
2026-06-29,194.1000,195.3000,193.0500,194.8000,104784,194.8000
2026-06-30,197.9000,200.5000,194.2000,195.9500,251298,195.9500
2026-07-01,195.8000,200.3000,194.2000,200.3000,218064,200.3000
2026-07-02,200.0000,207.3000,199.9500,205.5000,262139,205.5000
2026-07-03,205.1000,209.7000,204.7000,209.0000,195159,209.0000
2026-07-06,208.9000,209.6000,201.1000,203.9000,331428,203.9000
2026-07-07,206.2000,209.3000,205.0000,206.4000,230592,206.4000
2026-07-08,208.6000,210.5000,203.2000,204.0000,298752,204.0000
2026-07-09,203.0000,206.9000,201.6000,204.4000,213381,204.4000
2026-07-10,204.4000,206.4000,203.0000,205.5000,153413,205.5000
2026-07-13,206.6000,210.2000,205.6000,210.0000,159967,210.0000
2026-07-14,209.5000,212.5000,208.9000,209.9000,167483,209.9000
2026-07-15,209.4000,211.8000,208.4000,210.6000,129132,210.6000
2026-07-16,210.9000,211.0000,207.1000,210.2000,163341,210.2000
2026-07-17,211.0000,213.7000,209.8000,210.3000,164261,210.3000
2026-07-20,207.1000,210.5000,207.1000,207.6000,166980,207.6000
2026-07-21,205.5000,209.8000,205.5000,209.8000,123251,209.8000
2026-07-22,207.0000,210.1000,204.1000,208.0000,283001,208.0000
2026-07-23,211.8000,213.1000,201.9000,204.4000,385638,204.4000
2026-07-24,204.8000,208.4000,203.8000,204.6000,257283,204.6000
2026-07-27,206.0000,206.2000,200.7000,201.7000,214592,201.7000
2026-07-28,203.2000,205.8000,202.2000,205.2000,223102,205.2000
2026-07-29,204.7000,208.4000,203.8000,204.1000,206417,204.1000
2026-07-30,204.2000,208.1000,203.7000,203.9000,196886,203.9000
2026-07-31,204.9000,205.7000,202.8000,205.7000,196411,205.7000
2026-08-03,204.5000,205.1000,202.3000,202.6000,170522,202.6000
2026-08-04,202.5000,202.8000,199.3000,202.0000,177197,202.0000
2026-08-05,202.5000,203.0000,198.9000,201.3000,158752,201.3000
2026-08-06,200.9000,201.7000,200.1000,200.1000,308479,200.1000
2026-08-07,200.0000,200.1000,197.3500,199.5500,234889,199.5500
2026-08-10,199.1500,200.5000,197.6500,200.0000,170773,200.0000
2026-08-11,199.4000,201.0000,197.6500,197.6500,223595,197.6500
2026-08-12,197.6500,203.6000,197.2500,203.6000,187250,203.6000
2026-08-13,206.4000,211.0000,206.4000,209.9000,260758,209.9000
2026-08-14,210.0000,212.9000,210.0000,211.3000,176902,211.3000
2026-08-17,210.4000,214.5000,210.4000,213.8000,152752,213.8000
2026-08-18,213.7000,215.6000,210.8000,211.2000,192887,211.2000
2026-08-19,210.5000,213.6000,210.5000,212.4000,200133,212.4000
2026-08-20,211.5000,213.7000,210.5000,213.4000,212798,213.4000
2026-08-21,214.4000,219.4000,214.2000,219.4000,248156,219.4000
2026-08-24,217.3000,220.5000,216.1000,219.3000,204711,219.3000
2026-08-25,219.6000,221.8000,218.8000,220.9000,155094,220.9000
2026-08-26,218.9000,222.1000,218.2000,220.9000,135711,220.9000
2026-08-27,215.3000,217.1000,211.6000,217.0000,227824,217.0000
2026-08-28,218.5000,220.9000,218.4000,219.9000,116599,219.9000
2026-08-31,220.8000,223.2000,215.8000,215.8000,250300,215.8000
2026-09-01,214.8000,217.3000,211.5000,213.2000,231442,213.2000
2026-09-02,212.4000,215.0000,211.9000,213.3000,144691,213.3000
2026-09-03,213.2000,215.7000,212.6000,214.2000,212093,214.2000
2026-09-04,210.4000,212.0000,208.8000,211.3000,229204,211.3000
2026-09-07,210.8000,214.4000,210.7000,213.5000,98625,213.5000
2026-09-08,214.0000,214.2000,210.5000,212.1000,106958,212.1000
2026-09-09,211.2000,212.3000,209.6000,210.8000,97425,210.8000
2026-09-10,211.2000,216.1000,211.2000,214.2000,187200,214.2000
2026-09-11,215.4000,215.9000,211.4000,212.6000,150173,212.6000
2026-09-14,214.1000,218.0000,213.3000,216.2000,217191,216.2000
2026-09-15,215.5000,219.3000,214.1000,218.2000,140133,218.2000
2026-09-16,217.9000,218.3000,214.5000,217.3000,273621,217.3000
2026-09-17,218.0000,219.4000,215.0000,216.5000,241190,216.5000
2026-09-18,216.0000,218.9000,211.9000,215.7000,2886122,215.7000
2026-09-21,223.4000,228.9000,221.8000,224.8000,447579,224.8000
2026-09-22,224.5000,231.2000,224.3000,231.2000,360212,231.2000
2026-09-23,230.0000,231.1000,225.8000,231.1000,274950,231.1000
2026-09-24,230.0000,232.8000,226.8000,228.1000,227965,228.1000
