Date,Open,High,Low,Close,Volume,AdjClose
2002-07-30,101.3000,102.0000,101.2500,101.3700,21200,36.2231
2002-07-31,101.8000,102.2500,101.5500,101.9900,272000,36.4447
2002-08-01,102.4000,103.1000,102.3000,102.9900,111700,36.8020
2002-08-02,102.9000,103.3000,102.4500,103.2000,29200,36.8770
2002-08-05,103.6500,103.6500,102.5100,102.9500,166500,36.7877
2002-08-06,102.5000,102.6500,102.1000,102.6000,430100,36.6627
2002-08-07,102.7000,103.1000,102.2000,102.8900,33100,36.7663
2002-08-08,103.0000,103.0000,102.3300,102.5900,83600,36.6591
2002-08-09,102.8000,103.1800,102.6100,103.0000,273800,36.8056
2002-08-12,103.1000,103.3100,102.9500,103.1400,69100,36.8556
2002-08-13,103.4800,103.9900,103.1500,103.9900,36400,37.1593
2002-08-14,104.0200,104.7000,104.0000,104.0300,76400,37.1736
2002-08-15,104.2500,104.2500,103.5000,103.7200,132000,37.0628
2002-08-16,104.4000,104.4000,103.2000,103.2200,57400,36.8842
2002-08-19,103.6500,104.0400,103.6000,103.8000,18700,37.0914
2002-08-20,104.8000,104.9500,104.4400,104.9100,262800,37.4881
2002-08-21,105.0000,105.1500,104.7000,105.0500,22300,37.5381
2002-08-22,105.2500,105.2500,104.7700,104.9000,161800,37.4845
2002-08-23,105.2000,105.3000,104.8500,105.2000,47500,37.5917
2002-08-26,105.0000,105.4000,105.0000,105.3100,28900,37.6310
2002-08-27,105.2000,105.2500,104.7500,105.0500,202400,37.5381
2002-08-28,105.4000,105.6900,105.1500,105.2500,307900,37.6096
2002-08-29,105.8000,105.9000,105.3000,105.6400,42900,37.7489
2002-08-30,106.0000,106.0000,105.3000,105.7000,36500,37.7704
2002-09-03,105.9000,106.0500,105.6500,105.6500,49300,37.9496
2002-09-04,106.1000,106.1500,105.7500,106.0400,1690000,38.0897
2002-09-05,106.6000,106.7000,105.8200,106.3400,138300,38.1975
2002-09-06,106.3300,106.3300,105.2000,105.6200,224800,37.9388
2002-09-09,105.2500,106.0000,105.2500,105.6900,53600,37.9640
2002-09-10,105.2600,106.3500,105.2500,106.1400,176800,38.1256
2002-09-11,105.5000,106.0000,105.2200,106.0000,125500,38.0753
2002-09-12,106.2000,106.7400,105.9000,106.5500,523900,38.2729
2002-09-13,106.8000,106.9200,106.2500,106.7300,93400,38.3376
2002-09-16,107.5900,107.5900,106.9200,107.1500,32200,38.4884
2002-09-17,107.2500,108.2300,106.7500,107.2300,135500,38.5171
2002-09-18,107.4000,107.4000,106.8400,107.1000,214400,38.4705
2002-09-19,107.4000,107.4600,106.8500,107.1000,143000,38.4705
2002-09-20,107.1000,107.1500,106.7000,107.1500,46900,38.4884
2002-09-23,107.5000,107.5000,106.8000,106.8200,75100,38.3699
2002-09-24,106.9000,107.7000,106.4000,106.8000,229100,38.3627
2002-09-25,106.7000,106.9500,106.1200,106.5800,97000,38.2837
2002-09-26,106.0100,106.7600,105.8000,106.7000,280200,38.3268
2002-09-27,106.9000,107.5500,106.5600,107.5500,301400,38.6321
2002-09-30,107.6000,107.8500,107.1500,107.3500,105200,38.5603
2002-10-01,106.9000,107.0000,106.5000,106.8300,333500,38.5339
2002-10-02,107.0000,107.0000,106.4800,106.8000,314000,38.5231
2002-10-03,107.0500,107.0500,106.5000,106.7500,160500,38.5051
2002-10-04,105.6500,106.6500,105.6500,106.5000,123300,38.4149
2002-10-07,106.4000,106.4000,106.0000,106.0000,61300,38.2345
2002-10-08,105.0000,105.8000,105.0000,105.0100,281800,37.8775
2002-10-09,105.0000,105.0000,104.1500,104.6200,300600,37.7368
2002-10-10,104.1000,104.6000,103.7000,104.6000,116600,37.7296
2002-10-11,105.3500,105.3500,104.4800,104.9000,86100,37.8378
2002-10-14,104.9000,105.2700,104.7700,105.0900,47600,37.9063
2002-10-15,103.8000,104.6500,103.8000,103.8500,47600,37.4590
2002-10-16,103.7500,104.7000,103.4000,103.6000,1124900,37.3689
2002-10-17,103.2500,103.2500,102.4000,102.8200,638900,37.0875
2002-10-18,102.7500,103.1000,101.9000,103.0900,599800,37.1849
2002-10-21,103.4000,103.4000,102.3100,102.4800,183400,36.9649
2002-10-22,102.4500,103.0900,102.4500,102.9000,464900,37.1164
2002-10-23,102.8100,103.5000,102.6000,103.1000,128500,37.1885
2002-10-24,103.0000,103.5000,102.7000,103.4900,30600,37.3292
2002-10-25,104.0700,104.2000,103.4400,104.2000,58500,37.5853
2002-10-28,104.4900,104.5000,104.2000,104.4900,771200,37.6899
2002-10-29,104.9000,105.4800,104.5000,105.1000,29200,37.9099
2002-10-30,105.0000,105.4800,104.7500,105.1200,828500,37.9172
2002-10-31,105.4300,106.2500,105.4300,106.2500,111000,38.3248
2002-11-01,105.7300,105.7300,104.7000,104.9800,13100,38.0518
2002-11-04,105.0000,105.2000,104.3500,105.2000,155200,38.1315
2002-11-05,105.7000,105.7000,104.6500,105.0900,53100,38.0917
2002-11-06,105.6500,106.2800,105.0200,105.4100,598300,38.2077
2002-11-07,106.4400,106.9000,106.2200,106.9000,247800,38.7477
2002-11-08,107.1500,107.1500,102.5700,107.0400,847700,38.7985
2002-11-11,107.5000,107.5000,107.1600,107.3300,18100,38.9036
2002-11-12,107.3000,107.3000,106.4400,106.4400,26300,38.5810
2002-11-13,106.9700,106.9700,106.4300,106.8500,339400,38.7296
2002-11-14,106.2000,106.8100,106.0100,106.1400,120300,38.4723
2002-11-15,106.3000,106.8000,106.1500,106.7500,112900,38.6934
2002-11-18,106.8600,107.5500,106.6100,107.4900,50400,38.9616
2002-11-19,107.6400,107.6400,107.0300,107.2900,22600,38.8891
2002-11-20,107.9300,107.9300,106.9400,106.9400,81200,38.7622
2002-11-21,106.9000,106.9900,106.3400,106.9400,239200,38.7622
2002-11-22,106.7500,106.8900,106.5000,106.5000,1099900,38.6027
2002-11-25,106.8100,106.8400,106.4100,106.4900,28100,38.5991
2002-11-26,106.6500,107.0900,106.6000,107.0900,75800,38.8166
2002-11-27,106.9000,106.9900,106.2000,106.4900,123000,38.5991
2002-11-29,106.7000,106.8000,106.0200,106.4900,17200,38.5991
2002-12-02,105.7800,106.3900,105.3000,106.2100,63300,38.6628
2002-12-03,106.2000,106.5900,106.1600,106.4000,2064200,38.7320
2002-12-04,106.4000,106.5400,106.1000,106.4000,248700,38.7320
2002-12-05,106.1200,106.8400,106.1000,106.6400,123500,38.8193
2002-12-06,107.2000,107.3400,106.1100,106.7000,297400,38.8412
2002-12-09,106.8500,107.1000,106.5000,106.7000,63500,38.8412
2002-12-10,106.5100,106.9900,106.5100,106.9000,115600,38.9140
2002-12-11,107.3000,107.4500,106.8100,107.3500,217600,39.0778
2002-12-12,107.2500,107.5900,106.9300,107.3500,26800,39.0778
2002-12-13,106.9000,107.3900,106.7600,106.8000,44900,38.8776
2002-12-16,107.3500,107.3500,106.7500,106.7500,317400,38.8594
2002-12-17,107.6000,107.6000,106.8100,107.1500,294400,39.0050
2002-12-18,107.5000,107.7200,107.2500,107.6900,46800,39.2016
2002-12-19,108.0500,108.3800,107.5500,108.3800,50600,39.4528
2002-12-20,108.4500,108.4500,108.0100,108.4100,39800,39.4637
2002-12-23,108.3000,108.5000,108.0400,108.4300,23900,39.4710
2002-12-24,108.5000,109.0000,108.4000,108.6600,14500,39.5547
2002-12-26,108.3300,109.0200,108.3300,109.0200,14100,39.6857
2002-12-27,109.2500,109.6700,109.0000,109.6500,16500,39.9151
2002-12-30,109.8500,110.1000,109.5000,109.9800,30200,40.0352
2002-12-31,109.7000,109.9100,109.3500,109.6900,96100,40.1153
2003-01-02,108.9700,108.9700,107.0100,107.3300,66700,39.2522
2003-01-03,107.6000,107.9400,107.2600,107.9400,23800,39.4753
2003-01-06,107.7500,107.8900,107.1500,107.8900,623000,39.4570
2003-01-07,107.8500,108.4200,107.4100,108.3000,45100,39.6069
2003-01-08,108.6000,108.7500,108.2000,108.4100,107600,39.6472
2003-01-09,108.0000,108.0000,107.0300,107.5400,55600,39.3290
2003-01-10,108.2000,108.2000,107.3200,107.8200,82100,39.4314
2003-01-13,108.0000,108.2500,107.5400,107.7000,53300,39.3875
2003-01-14,108.7000,108.7000,107.8200,108.0000,239200,39.4972
2003-01-15,108.2000,108.2500,107.7200,108.0000,111500,39.4972
2003-01-16,108.0000,108.0400,107.2500,107.7500,185900,39.4058
2003-01-17,108.2500,108.3000,107.7600,108.2500,1489000,39.5886
2003-01-21,108.0000,108.3800,107.7500,108.3200,37600,39.6142
2003-01-22,108.2500,108.6500,108.1000,108.5400,39300,39.6947
2003-01-23,108.3000,108.7500,108.2700,108.5900,200300,39.7130
2003-01-24,108.9400,109.3600,108.6600,109.0800,1025300,39.8922
2003-01-27,109.0500,109.0500,108.1400,108.4400,819100,39.6581
2003-01-28,108.3000,108.7800,108.1700,108.7700,691100,39.7788
2003-01-29,108.9000,108.9000,108.0500,108.1300,38100,39.5447
2003-01-30,108.3000,108.6800,108.0100,108.5000,812000,39.6801
2003-01-31,108.7500,108.8500,108.2000,108.8000,128300,39.7898
2003-02-03,107.7500,108.5200,107.7500,108.4500,25300,39.8284
2003-02-04,108.2000,108.8000,108.1300,108.6600,557200,39.9055
2003-02-05,108.6200,108.7900,108.0100,108.5000,118900,39.8467
2003-02-06,108.7000,108.7800,108.2600,108.6900,29600,39.9165
2003-02-07,108.6000,109.0100,108.2500,108.9300,266500,40.0046
2003-02-10,108.8500,108.9000,108.0600,108.2600,425700,39.7586
2003-02-11,108.2100,108.6600,108.2100,108.6600,133300,39.9055
2003-02-12,108.9400,108.9400,108.5000,108.5100,35300,39.8504
2003-02-13,108.7400,109.2500,108.5100,108.5100,79200,39.8504
2003-02-14,108.9500,108.9500,108.2500,108.4600,75900,39.8320
2003-02-18,108.5000,108.8400,108.2500,108.8000,930400,39.9569
2003-02-19,108.9400,109.3100,108.7000,109.1500,27200,40.0854
2003-02-20,109.1600,109.6800,109.0000,109.4300,164900,40.1883
2003-02-21,109.7500,109.7500,109.0000,109.1300,81200,40.0781
2003-02-24,109.6000,109.7200,109.3100,109.4900,125200,40.2103
2003-02-25,109.9900,109.9900,109.4600,109.6900,163800,40.2838
2003-02-26,109.9900,110.0000,109.5500,109.9900,32300,40.3939
2003-02-27,110.0000,110.4900,109.7200,110.4500,89700,40.5628
2003-02-28,110.4600,110.7800,109.9800,110.4900,81000,40.5775
2003-03-03,110.6000,110.8700,110.1100,110.7000,196700,40.8109
2003-03-04,110.4100,110.8400,110.2500,110.7600,96400,40.8330
2003-03-05,110.9000,110.9000,110.2500,110.7000,23900,40.8109
2003-03-06,110.9000,110.9000,110.2500,110.5100,48000,40.7408
2003-03-07,110.7600,110.9600,110.2400,110.5400,28400,40.7519
2003-03-10,110.5400,111.0600,110.5300,110.8500,48600,40.8662
2003-03-11,110.9800,110.9800,110.3500,110.6000,49700,40.7741
2003-03-12,110.5000,110.8500,110.2000,110.4000,139500,40.7003
2003-03-13,109.5200,109.9800,109.2700,109.7000,190500,40.4422
2003-03-14,109.5500,109.9400,109.3500,109.5700,212800,40.3943
2003-03-17,109.8000,110.0900,108.8500,109.0000,502800,40.1842
2003-03-18,109.0200,109.6200,108.2800,108.5700,1098700,40.0257
2003-03-19,108.7000,108.7300,107.8300,108.0000,869800,39.8155
2003-03-20,108.6400,108.7900,107.7500,108.1900,44700,39.8856
2003-03-21,108.3000,108.3500,107.5700,107.6400,142200,39.6828
2003-03-24,108.0000,108.6900,107.9800,108.5000,123000,39.9998
2003-03-25,108.5500,108.8000,108.3500,108.6200,30700,40.0441
2003-03-26,108.6500,109.1900,108.6500,109.1000,129600,40.2210
2003-03-27,109.4400,109.4400,109.0100,109.2500,54600,40.2763
2003-03-28,109.4500,109.9900,109.4000,109.6900,650500,40.4386
2003-03-31,109.7000,110.2500,109.7000,110.2000,59000,40.6266
2003-04-01,109.8000,110.1400,109.3000,110.0600,94500,40.8459
2003-04-02,109.4000,109.8100,109.2100,109.7400,155700,40.7271
2003-04-03,109.7400,110.0900,109.5000,109.7500,31200,40.7308
2003-04-04,109.7400,109.8300,109.3100,109.4800,680000,40.6307
2003-04-07,109.0200,109.5200,108.5700,109.2800,61800,40.5564
2003-04-08,109.5000,109.7400,109.1400,109.6800,377400,40.7049
2003-04-09,109.8000,110.0900,109.4100,110.0400,31500,40.8385
2003-04-10,110.0000,110.0000,109.5000,109.6400,795300,40.6900
2003-04-11,109.3000,109.5800,109.0600,109.2500,106100,40.5453
2003-04-14,109.3200,109.4900,108.7000,109.3100,145200,40.5676
2003-04-15,109.8200,110.0000,109.3200,109.5100,824100,40.6418
2003-04-16,110.1000,110.3000,109.7500,110.2500,196400,40.9164
2003-04-17,110.6000,110.6100,110.0100,110.0200,54800,40.8311
2003-04-21,110.1000,110.3800,109.8800,110.2500,89000,40.9164
2003-04-22,110.5900,110.8500,110.2000,110.3000,35500,40.9350
2003-04-23,110.3500,111.0500,110.3500,110.9400,51700,41.1725
2003-04-24,111.1400,111.8000,111.1400,111.5900,344000,41.4137
2003-04-25,111.8000,111.8900,111.3000,111.6000,128400,41.4174
2003-04-28,111.6400,111.7300,111.2100,111.6600,50300,41.4397
2003-04-29,111.4000,111.6700,111.0200,111.2600,275900,41.2913
2003-04-30,111.3000,112.2800,111.2100,112.0500,345500,41.5845
2003-05-01,112.1000,112.3800,111.4700,111.8300,47700,41.8174
2003-05-02,111.6100,112.0900,111.2400,111.4500,49200,41.6753
2003-05-05,111.7000,111.9500,111.2200,111.9500,32100,41.8623
2003-05-06,112.1500,112.8500,111.6600,112.5400,139900,42.0829
2003-05-07,113.2500,113.3500,112.8100,113.2900,102300,42.3634
2003-05-08,113.8000,113.8900,113.1600,113.3000,1671300,42.3671
2003-05-09,113.4500,113.4500,112.7600,113.1000,36100,42.2923
2003-05-12,113.9900,113.9900,113.1600,113.4900,59500,42.4381
2003-05-13,113.2700,113.5300,113.0200,113.5000,73100,42.4419
2003-05-14,113.8500,114.1800,113.5000,114.0000,36500,42.6288
2003-05-15,113.6000,114.2500,113.5100,113.9600,55200,42.6139
2003-05-16,114.0000,114.7300,113.6000,114.7200,84400,42.8981
2003-05-19,114.4600,114.9000,113.9800,114.2500,751100,42.7223
2003-05-20,114.4000,114.9000,113.8500,114.6000,559100,42.8532
2003-05-21,114.6000,114.9900,114.1200,114.6000,52700,42.8532
2003-05-22,114.6000,115.3700,114.6000,115.3700,39200,43.1411
2003-05-23,115.7000,115.8000,115.1300,115.5300,2946200,43.2010
2003-05-27,115.6300,115.6400,114.6400,115.1300,63800,43.0514
2003-05-28,115.0000,115.1700,114.3000,114.6700,711900,42.8794
2003-05-29,115.3500,115.7300,115.0200,115.5000,134300,43.1898
2003-05-30,115.5000,115.5800,114.8600,115.5500,32900,43.2085
2003-06-02,114.7500,114.8300,114.0200,114.3500,73100,43.0252
2003-06-03,114.9400,115.4700,114.5300,115.4000,43600,43.4203
2003-06-04,115.4900,115.7400,114.9100,115.5500,344300,43.4767
2003-06-05,115.6000,116.0000,115.0100,115.3600,124600,43.4052
2003-06-06,115.3200,115.6100,115.0000,115.5500,81600,43.4767
2003-06-09,115.9900,116.1600,115.4900,115.8000,38600,43.5708
2003-06-10,116.3500,116.7000,116.1200,116.7000,32100,43.9094
2003-06-11,116.5100,116.9500,116.3100,116.5700,191600,43.8605
2003-06-12,116.4800,117.1500,116.4800,116.9900,70200,44.0185
2003-06-13,117.2500,117.7000,116.9900,117.4800,26800,44.2029
2003-06-16,117.9000,117.9600,116.7500,117.0500,173500,44.0412
2003-06-17,117.0400,117.0400,116.2000,116.6800,43000,43.9019
2003-06-18,116.0500,116.4400,115.6000,115.6000,75200,43.4955
2003-06-19,115.5000,116.1300,115.3500,115.8000,107700,43.5708
2003-06-20,115.8000,115.8000,115.1500,115.2500,57900,43.3639
2003-06-23,115.3000,115.9700,115.2600,115.8300,233500,43.5821
2003-06-24,115.9000,116.2500,115.6100,116.0000,365000,43.6460
2003-06-25,116.7500,116.8300,115.2300,115.4100,76700,43.4240
2003-06-26,115.2200,115.2200,114.1500,114.4000,98400,43.0440
2003-06-27,114.8500,114.8700,113.8100,114.1000,47700,42.9312
2003-06-30,114.5000,114.6300,114.0100,114.6300,279500,43.1306
2003-07-01,114.2000,114.3500,113.2800,113.3500,1089100,42.8971
2003-07-02,113.3200,114.1000,112.8700,113.7500,1120200,43.0485
2003-07-03,114.0000,114.0900,113.0000,113.0500,118500,42.7836
2003-07-07,112.9000,112.9900,112.3300,112.5000,211300,42.5753
2003-07-08,112.7000,113.0000,112.1000,112.6000,191600,42.6132
2003-07-09,112.9000,113.3100,112.6500,113.0000,131800,42.7646
2003-07-10,113.6000,113.6000,113.0000,113.2300,68000,42.8517
2003-07-11,113.4500,113.4900,113.2000,113.3700,43700,42.9046
2003-07-14,113.2500,113.9500,113.0700,113.0700,47400,42.7911
2003-07-15,113.2500,113.2500,111.4300,111.7800,64700,42.3029
2003-07-16,111.0000,111.9400,111.0000,111.7400,191200,42.2878
2003-07-17,111.6500,111.7600,111.0000,111.2200,80600,42.0910
2003-07-18,111.7500,111.8400,111.2100,111.6900,74100,42.2688
2003-07-21,111.6000,111.6000,110.0100,110.3400,40900,41.7579
2003-07-22,110.1500,110.7200,109.8300,110.2500,116500,41.7239
2003-07-23,111.1000,111.3200,110.7000,110.9800,172300,42.0002
2003-07-24,110.7400,110.7400,110.1300,110.5000,73000,41.8185
2003-07-25,110.7000,111.1700,109.9500,110.2500,95300,41.7239
2003-07-28,109.7500,110.1200,109.1500,109.1500,142100,41.3076
2003-07-29,109.0000,110.0000,108.1200,108.1500,355200,40.9291
2003-07-30,108.4800,109.2500,108.3700,108.7000,565300,41.1373
2003-07-31,108.3500,108.4300,107.0000,107.3500,165400,40.6264
2003-08-01,106.7000,107.3200,106.2000,106.9500,179400,40.7471
2003-08-04,106.7200,107.7500,106.7200,107.5800,74200,40.9872
2003-08-05,107.3000,107.8500,106.7300,107.0900,82500,40.8005
2003-08-06,107.3000,107.9400,106.8000,107.5000,103500,40.9567
2003-08-07,108.2500,108.2800,107.4000,108.0900,62800,41.1815
2003-08-08,108.1000,108.7400,107.8000,108.1500,40500,41.2043
2003-08-11,108.1000,108.1700,107.4100,107.7300,76500,41.0443
2003-08-12,107.5500,108.2100,107.4000,107.6100,55600,40.9986
2003-08-13,107.4000,107.4000,106.2900,106.4000,88100,40.5376
2003-08-14,106.0600,106.9700,105.7700,106.5400,456200,40.5910
2003-08-15,106.4000,107.7500,106.4000,106.7500,8000,40.6710
2003-08-18,107.0500,107.3600,106.6000,107.1000,40800,40.8043
2003-08-19,107.4000,108.0600,106.9200,108.0500,101100,41.1662
2003-08-20,108.0100,108.3900,107.4200,107.7200,32100,41.0405
2003-08-21,107.9500,108.0000,107.1000,107.2000,88100,40.8424
2003-08-22,107.7000,107.9100,107.2200,107.7200,66500,41.0405
2003-08-25,107.4000,107.8900,107.0100,107.2400,55400,40.8576
2003-08-26,107.2000,107.6300,106.7700,107.4500,47200,40.9376
2003-08-27,107.9200,107.9200,107.0600,107.4300,23700,40.9300
2003-08-28,107.7200,108.4000,107.5100,108.2200,105300,41.2310
2003-08-29,108.6800,108.6800,107.8000,108.1800,42600,41.2158
2003-09-02,106.8900,107.6300,106.8900,107.1600,135100,41.1175
2003-09-03,107.0600,107.5200,106.8100,107.4700,69500,41.2365
2003-09-04,107.4700,107.9700,107.0600,107.8400,364600,41.3785
2003-09-05,108.0500,109.0000,107.9300,108.6600,738700,41.6931
2003-09-08,108.7900,109.3500,108.2500,108.2600,264900,41.5396
2003-09-09,108.8200,108.8200,107.8600,108.6000,193200,41.6701
2003-09-10,108.8500,109.4700,108.6500,109.4700,50600,42.0039
2003-09-11,109.2000,109.3300,108.7000,108.9000,137900,41.7852
2003-09-12,109.5300,110.1400,109.3600,109.7000,33300,42.0921
2003-09-15,109.7000,109.8500,109.0800,109.7400,345300,42.1075
2003-09-16,109.8000,109.9900,109.2600,109.9800,44300,42.1996
2003-09-17,110.3200,110.7700,109.7000,110.6500,87700,42.4567
2003-09-18,110.5000,110.8000,110.0100,110.5000,83300,42.3991
2003-09-19,110.6000,110.7800,110.2800,110.6100,33700,42.4413
2003-09-22,110.1700,110.2800,109.5200,110.2000,161300,42.2840
2003-09-23,110.2000,110.3800,109.5100,110.3600,551000,42.3454
2003-09-24,110.1100,110.9400,110.1100,110.7800,58900,42.5065
2003-09-25,110.9400,111.1600,110.5700,111.1600,50600,42.6523
2003-09-26,111.3500,111.8500,111.1100,111.8500,36700,42.9171
2003-09-29,111.6500,111.7400,111.2000,111.5500,79800,42.8020
2003-09-30,111.7000,112.3300,111.4300,112.2900,57500,43.0860
2003-10-01,111.8000,112.0000,111.3900,111.8800,420900,43.2099
2003-10-02,110.8000,111.7500,110.8000,111.4500,105300,43.0438
2003-10-03,110.2500,110.7100,109.7200,109.9000,584500,42.4452
2003-10-06,109.5600,110.2000,109.5600,110.0100,111800,42.4877
2003-10-07,110.0600,110.4300,109.6200,109.6400,33200,42.3448
2003-10-08,109.5500,110.3400,109.5500,110.0400,524800,42.4993
2003-10-09,109.4400,109.7800,109.0500,109.6600,71700,42.3525
2003-10-10,109.6000,110.4100,109.6000,110.2000,286000,42.5611
2003-10-13,109.6500,110.1500,109.6500,110.1300,26800,42.5340
2003-10-14,109.8500,110.1400,109.5100,109.6800,47700,42.3602
2003-10-15,109.6500,109.7400,109.2400,109.6900,53600,42.3641
2003-10-16,109.8400,109.8400,109.0700,109.3400,752200,42.2289
2003-10-17,109.0700,109.9800,109.0700,109.9400,35600,42.4606
2003-10-20,109.9300,110.2800,109.5400,110.0400,26500,42.4993
2003-10-21,110.4000,110.4400,109.5800,110.0800,233000,42.5147
2003-10-22,110.4000,110.5000,110.1000,110.4000,57900,42.6383
2003-10-23,110.5000,110.5000,109.4400,109.8000,54000,42.4066
2003-10-24,110.6000,110.6000,110.1300,110.6000,190300,42.7155
2003-10-27,110.6000,110.6500,110.0500,110.3500,35000,42.6190
2003-10-28,110.4300,111.0900,109.9000,111.0800,68100,42.9009
2003-10-29,110.7600,111.0800,110.2200,110.3000,72500,42.5997
2003-10-30,109.7500,110.1500,109.5000,110.1500,64700,42.5417
2003-10-31,109.9500,110.4300,109.9100,110.1500,45100,42.5417
2003-11-03,110.3000,110.3000,109.1700,109.7800,150800,42.5639
2003-11-04,109.7400,109.9700,109.5000,109.9500,89800,42.6298
2003-11-05,109.9500,109.9500,109.1800,109.1800,50900,42.3312
2003-11-06,109.1500,109.1900,108.5700,108.5800,50200,42.0986
2003-11-07,108.5700,108.8600,108.1200,108.7900,71500,42.1800
2003-11-10,108.9500,109.0300,108.3000,108.4700,78200,42.0559
2003-11-11,108.1200,108.9900,108.1100,108.9400,32200,42.2382
2003-11-12,109.1000,109.2000,108.8600,109.0000,76100,42.2614
2003-11-13,109.4000,110.3500,109.4000,110.0300,62000,42.6608
2003-11-14,110.0000,110.6900,110.0000,110.6300,322000,42.8934
2003-11-17,111.2500,111.2800,110.7900,110.8400,165700,42.9748
2003-11-18,110.8000,111.3300,110.4800,111.3300,30500,43.1648
2003-11-19,111.1000,111.5600,110.3500,110.3500,436800,42.7849
2003-11-20,111.0000,111.2300,110.3000,110.8800,40500,42.9903
2003-11-21,111.2500,111.4300,110.8500,111.2500,33200,43.1338
2003-11-24,110.4000,110.9700,110.2800,110.5000,29500,42.8430
2003-11-25,110.5100,111.0800,110.5000,110.8500,32600,42.9787
2003-11-26,111.0500,111.1800,110.5200,110.6100,18900,42.8857
2003-11-28,110.6500,110.6500,110.0000,110.0600,32900,42.6724
2003-12-01,109.0000,109.4400,108.7500,109.3900,183000,42.5837
2003-12-02,109.4700,109.8100,108.7000,109.6900,227300,42.7005
2003-12-03,110.0000,110.0000,109.1300,109.5000,181500,42.6265
2003-12-04,109.8500,109.8500,109.0800,109.5900,672300,42.6615
2003-12-05,110.3900,110.9300,109.9700,110.7300,81900,43.1053
2003-12-08,110.7900,110.7900,109.7200,109.9000,275000,42.7822
2003-12-09,110.0000,110.4900,109.1000,109.5500,38100,42.6460
2003-12-10,110.3500,110.3500,109.3000,109.8000,34200,42.7433
2003-12-11,109.1000,110.3200,109.1000,110.3000,65000,42.9379
2003-12-12,110.6300,110.7300,110.2500,110.6000,78200,43.0547
2003-12-15,110.1000,110.7000,110.0200,110.3500,275500,42.9574
2003-12-16,110.7500,110.7500,110.0600,110.6000,40600,43.6019
2003-12-17,110.6000,111.2400,110.5500,110.8500,41900,43.7005
2003-12-18,111.0600,111.4900,110.8600,111.4900,45700,43.9528
2003-12-19,111.4900,111.5700,111.0000,111.5600,152700,43.9804
2003-12-22,111.9000,112.0000,111.0100,111.3500,299400,43.8976
2003-12-23,111.4000,111.4000,110.6400,110.7100,39900,43.6453
2003-12-24,111.2000,111.3700,110.7600,111.3700,29700,43.9055
2003-12-26,111.7800,111.7800,111.2000,111.4000,17600,43.9173
2003-12-29,111.6500,111.6500,110.7500,111.1800,82400,43.8306
2003-12-30,110.8900,111.1400,110.5300,110.7500,55700,43.6611
2003-12-31,110.8500,110.8500,110.2000,110.5700,53600,43.7699
2004-01-02,110.5700,110.5700,109.6500,109.7800,209600,43.4572
2004-01-05,110.0500,110.1500,109.6500,109.9000,69900,43.5047
2004-01-06,110.4000,110.9500,110.0000,110.8900,304400,43.8966
2004-01-07,110.8500,111.2900,110.7000,110.9800,60600,43.9322
2004-01-08,111.1500,111.3000,110.8000,111.1600,63400,44.0035
2004-01-09,111.9000,112.2000,111.5900,112.0600,86600,44.3598
2004-01-12,112.0000,112.7200,112.0000,112.2500,114500,44.4350
2004-01-13,111.8500,112.8800,111.8500,112.5500,72500,44.5537
2004-01-14,112.8500,113.1100,112.3000,112.7900,272300,44.6488
2004-01-15,113.1000,113.3000,112.7000,113.3000,165700,44.8506
2004-01-16,113.0100,113.4400,112.7800,112.8000,45600,44.6527
2004-01-20,112.7000,113.1800,112.4300,112.5700,76100,44.5616
2004-01-21,112.8200,112.9900,112.3000,112.8300,43800,44.6646
2004-01-22,113.0000,113.6200,112.6400,113.4000,77800,44.8902
2004-01-23,113.7500,113.8700,112.4800,112.5000,112900,44.5339
2004-01-26,112.7500,112.7500,111.8800,111.8800,239100,44.2885
2004-01-27,112.4000,112.7800,112.2000,112.5600,571700,44.5577
2004-01-28,112.8000,113.1200,111.5000,111.6700,70100,44.2054
2004-01-29,111.7000,111.9600,111.3000,111.6500,133100,44.1975
2004-01-30,112.2500,112.3600,111.5200,111.9200,80000,44.3043
2004-02-02,111.8000,111.8800,111.4000,111.4500,320600,44.2924
2004-02-03,111.9500,111.9500,111.3400,111.6800,152200,44.3838
2004-02-04,111.6700,111.8500,111.3000,111.5900,55000,44.3481
2004-02-05,111.5800,111.9000,111.1400,111.4000,47100,44.2725
2004-02-06,111.9500,112.1000,111.5000,111.7300,122500,44.4037
2004-02-09,111.7800,112.3000,111.6700,112.2000,130400,44.5905
2004-02-10,112.2500,112.2500,111.7200,111.8700,52400,44.4593
2004-02-11,111.5100,112.8600,111.5100,112.5500,41700,44.7296
2004-02-12,112.8300,112.8300,112.0800,112.3500,106100,44.6501
2004-02-13,113.0000,113.0100,112.4700,112.9900,92300,44.9044
2004-02-17,113.0300,113.0300,112.6000,112.6600,64800,44.7733
2004-02-18,113.0900,113.1000,112.2300,112.4000,52400,44.6700
2004-02-19,112.6800,113.5100,112.3600,112.8000,51900,44.8289
2004-02-20,112.9600,112.9600,112.2200,112.2500,119300,44.6103
2004-02-23,112.5000,112.8400,112.3000,112.5600,33600,44.7336
2004-02-24,112.3600,113.0800,112.3600,112.6700,63100,44.7773
2004-02-25,113.0500,113.2400,112.4500,112.7500,49500,44.8091
2004-02-26,112.8400,112.9500,112.5300,112.8300,37700,44.8409
2004-02-27,112.8600,113.3100,112.8200,113.1600,39700,44.9720
2004-03-01,112.9300,113.0500,112.4300,112.6900,291000,44.9581
2004-03-02,112.7900,112.8400,112.0100,112.4700,51800,44.8703
2004-03-03,112.4700,112.5000,111.7900,112.4200,58800,44.8503
2004-03-04,111.9000,112.6500,111.9000,112.6000,128000,44.9221
2004-03-05,114.3000,114.3500,113.5200,113.8000,158600,45.4009
2004-03-08,114.4000,114.4800,113.9200,114.1200,61000,45.5285
2004-03-09,114.5000,114.7600,114.0700,114.3500,71000,45.6203
2004-03-10,114.4000,114.7500,114.3000,114.7200,60300,45.7679
2004-03-11,114.6900,114.7900,113.8200,114.2300,145800,45.5724
2004-03-12,114.7000,114.7000,113.8900,114.1000,69700,45.5205
2004-03-15,113.9100,114.4300,113.8600,114.2300,67900,45.5724
2004-03-16,114.0100,114.8500,113.7800,114.7500,98400,45.7799
2004-03-17,114.9900,115.0000,114.6000,114.8100,34700,45.8038
2004-03-18,114.8000,114.9800,114.2000,114.3300,173700,45.6123
2004-03-19,114.5700,114.5700,113.9200,114.1500,139700,45.5405
2004-03-22,114.4900,114.8300,114.1800,114.5900,48400,45.7160
2004-03-23,114.6700,114.8000,114.2600,114.8000,65600,45.7999
2004-03-24,114.9100,114.9100,114.5000,114.6900,38200,45.7559
2004-03-25,114.6600,114.7000,114.2800,114.3800,50500,45.6323
2004-03-26,114.4400,114.4800,113.5200,113.5300,139200,45.2932
2004-03-29,113.6500,113.7100,113.1300,113.7100,153900,45.3650
2004-03-30,113.8500,113.9100,113.4100,113.4300,60900,45.2533
2004-03-31,113.7300,114.2000,113.3300,113.8400,246500,45.4169
2004-04-01,113.9000,113.9000,113.1000,113.3600,393100,45.3972
2004-04-02,111.8500,111.9900,111.3800,111.5900,226800,44.6884
2004-04-05,110.9000,111.3400,110.7500,111.0300,127600,44.4641
2004-04-06,111.3500,111.6900,111.2100,111.5500,48800,44.6724
2004-04-07,111.6000,112.1000,111.3200,111.5800,29900,44.6844
2004-04-08,111.6000,111.8000,111.1500,111.6900,36000,44.7284
2004-04-12,111.4200,111.4200,110.8100,111.0100,79900,44.4561
2004-04-13,110.2000,110.8400,110.2000,110.3100,91300,44.1758
2004-04-14,109.9900,110.3200,109.7300,110.1600,134200,44.1157
2004-04-15,110.0000,110.4000,109.6400,109.7000,144000,43.9315
2004-04-16,110.0200,110.4900,110.0100,110.3300,32200,44.1838
2004-04-19,110.4900,110.5000,109.8500,110.1300,47300,44.1037
2004-04-20,109.5000,110.1500,109.3800,109.4100,35000,43.8154
2004-04-21,109.3000,109.8000,109.1800,109.5000,245500,43.8514
2004-04-22,109.6300,110.2200,109.5600,110.1000,37000,44.0917
2004-04-23,109.4300,109.8400,109.3000,109.6300,67100,43.9034
2004-04-26,109.8000,109.9500,109.4400,109.6400,61000,43.9075
2004-04-27,109.4500,110.1600,109.4500,110.1600,105000,44.1157
2004-04-28,109.5000,110.0600,109.2700,109.4900,132200,43.8474
2004-04-29,109.1000,109.7400,108.6200,109.0000,235200,43.6512
2004-04-30,109.1500,109.5000,108.7100,109.0000,74100,43.6512
2004-05-03,108.8500,108.8900,108.4100,108.7100,210800,43.7083
2004-05-04,109.0000,109.1500,108.3400,108.3500,78200,43.5635
2004-05-05,108.4200,108.7200,107.8100,108.1900,262200,43.4992
2004-05-06,107.9400,107.9800,107.5800,107.7000,53700,43.3022
2004-05-07,106.9000,106.9000,106.1500,106.3000,136200,42.7393
2004-05-10,106.0600,106.2000,105.5000,105.5100,338300,42.4217
2004-05-11,105.6100,105.9400,105.5700,105.7200,224200,42.5061
2004-05-12,106.2000,106.2400,105.5000,105.7600,98200,42.5222
2004-05-13,105.3900,105.5000,105.1300,105.2000,106400,42.2970
2004-05-14,105.9100,106.2800,105.3600,105.8400,60300,42.5543
2004-05-17,106.4600,106.5000,106.1500,106.3500,162000,42.7594
2004-05-18,106.7300,106.7300,106.0100,106.5000,47400,42.8197
2004-05-19,106.5000,106.5000,105.9700,106.1500,36500,42.6790
2004-05-20,106.3300,106.7500,106.2600,106.7400,47800,42.9162
2004-05-21,106.9000,106.9000,106.4200,106.6500,282900,42.8800
2004-05-24,107.0000,107.1100,106.7100,107.0800,187500,43.0529
2004-05-25,107.3500,107.3700,106.7800,107.1900,219100,43.0971
2004-05-26,107.6000,107.6700,106.9900,107.6700,159300,43.2901
2004-05-27,108.0700,108.1800,107.4900,108.1600,179700,43.4871
2004-05-28,108.0000,108.2300,107.7800,108.0000,80900,43.4228
2004-06-01,107.2900,107.2900,106.7000,106.9900,114000,43.1910
2004-06-02,106.9700,107.0100,106.6000,106.7100,73800,43.0780
2004-06-03,106.6700,107.0600,106.5500,106.9900,91600,43.1910
2004-06-04,107.0000,107.0000,106.4200,106.6100,94300,43.0377
2004-06-07,106.6000,106.7700,106.3900,106.7500,52500,43.0942
2004-06-08,106.2100,106.8100,106.2100,106.7600,83200,43.0983
2004-06-09,106.8500,106.8600,106.1600,106.2900,91300,42.9085
2004-06-10,106.0700,106.5000,105.9500,106.3500,162400,42.9327
2004-06-14,106.4600,106.4600,105.8000,105.8100,68400,42.7147
2004-06-15,106.3000,107.2500,106.1300,107.0100,116100,43.1992
2004-06-16,107.1000,107.1400,106.5000,107.0200,87200,43.2032
2004-06-17,107.0400,107.3300,106.6500,107.2300,63300,43.2880
2004-06-18,107.0600,107.4900,106.8600,107.1000,52500,43.2355
2004-06-21,107.3500,107.5000,107.1100,107.2900,66800,43.3122
2004-06-22,107.5500,107.5500,106.6700,107.1400,268800,43.2516
2004-06-23,107.3400,107.6000,106.8600,107.0700,163900,43.2234
2004-06-24,107.9100,107.9200,107.4200,107.4200,93500,43.3647
2004-06-25,107.2000,107.7300,107.2000,107.5000,211700,43.3970
2004-06-28,107.5400,107.5400,106.7200,106.7500,53900,43.0942
2004-06-29,107.2100,107.5000,106.5700,107.5000,110700,43.3970
2004-06-30,107.5900,107.9800,107.2100,107.7000,52400,43.4777
2004-07-01,107.2200,107.8400,107.1000,107.8000,422400,43.6950
2004-07-02,108.3100,108.6500,108.2500,108.5500,40900,43.9990
2004-07-06,108.6700,108.6700,108.0000,108.3000,49900,43.8977
2004-07-07,108.3000,108.5300,108.3000,108.3900,27800,43.9341
2004-07-08,108.5100,108.6500,108.3500,108.4500,46600,43.9584
2004-07-09,108.5000,108.5500,108.1000,108.4900,32600,43.9747
2004-07-12,108.7700,108.8200,108.5300,108.7100,70300,44.0638
2004-07-13,108.6000,108.6000,108.2500,108.5000,64500,43.9787
2004-07-14,108.6500,108.6900,108.3500,108.5500,22600,43.9990
2004-07-15,108.6800,108.7300,108.2500,108.3300,233500,43.9098
2004-07-16,108.9600,109.3800,108.5000,109.3800,191200,44.3354
2004-07-19,109.4000,109.5000,109.1600,109.4500,38700,44.3638
2004-07-20,109.2100,109.4000,108.6700,108.7000,37800,44.0598
2004-07-21,108.7200,108.7200,108.1700,108.6800,49700,44.0517
2004-07-22,108.6800,108.9300,108.4300,108.4300,38900,43.9503
2004-07-23,108.9100,109.0000,108.5700,108.9000,34600,44.1408
2004-07-26,108.8900,108.9000,108.5000,108.8400,44000,44.1165
2004-07-27,108.4100,108.7000,107.8300,108.0800,379000,43.8085
2004-07-28,107.9500,108.0500,107.5600,107.7600,67900,43.6787
2004-07-29,107.5500,108.2500,107.5500,108.1700,45100,43.8449
2004-07-30,108.9000,108.9400,108.4300,108.9400,135800,44.1570
2004-08-02,108.7400,108.8400,108.4500,108.7300,77500,44.2478
2004-08-03,108.9500,108.9800,108.1400,108.6100,147900,44.1989
2004-08-04,108.8000,109.0900,108.5600,108.9000,34300,44.3170
2004-08-05,109.3000,109.3000,108.8000,109.1000,77300,44.3984
2004-08-06,110.3100,110.4200,109.9600,110.0800,102700,44.7972
2004-08-09,110.4000,110.4000,109.9900,110.1000,46800,44.8053
2004-08-10,110.1900,110.1900,109.4500,109.7400,38600,44.6588
2004-08-11,109.9000,109.9700,109.3700,109.6600,25500,44.6262
2004-08-12,109.5000,110.2000,109.4000,109.8100,84400,44.6873
2004-08-13,109.9500,110.6000,109.9500,110.2500,61400,44.8663
2004-08-16,110.1700,110.2400,109.7300,110.1400,131200,44.8216
2004-08-17,110.1100,110.7400,110.1000,110.7400,39000,45.0658
2004-08-18,111.0400,111.0400,110.2200,110.4200,82900,44.9355
2004-08-19,110.4000,110.9300,110.3300,110.8100,51300,45.0943
2004-08-20,110.8100,110.8800,110.4000,110.4100,48300,44.9315
2004-08-23,110.3200,110.3500,109.9600,110.2000,33400,44.8460
2004-08-24,109.7500,110.2300,109.7500,110.1000,385100,44.8053
2004-08-25,110.5700,110.7600,110.3000,110.6200,233400,45.0169
2004-08-26,110.8200,110.9000,110.3800,110.6900,42300,45.0454
2004-08-27,110.6900,111.0000,110.6400,110.9500,142800,45.1512
2004-08-30,111.2000,111.3800,110.7100,111.3800,67400,45.3262
2004-08-31,111.4800,112.0000,111.2500,111.8500,68100,45.5175
2004-09-01,111.5600,111.6400,111.0300,111.2000,128200,45.4305
2004-09-02,111.0100,111.3500,110.5500,110.7300,70200,45.2384
2004-09-03,110.2200,110.5500,109.8400,109.8600,92800,44.8830
2004-09-07,110.0500,110.4800,110.0000,110.4800,70800,45.1363
2004-09-08,110.3800,111.1800,110.2900,110.9500,63700,45.3283
2004-09-09,111.0200,111.4900,110.9000,111.1800,50100,45.4223
2004-09-10,111.4700,111.4700,111.0000,111.1200,47000,45.3978
2004-09-13,111.2900,111.5400,110.9600,111.5000,148600,45.5530
2004-09-14,111.4900,111.6900,111.3100,111.5300,47600,45.5653
2004-09-15,111.6600,111.6600,111.3200,111.5300,25400,45.5653
2004-09-16,111.6600,112.3000,111.5400,112.1700,64600,45.8267
2004-09-17,112.1600,112.1900,111.7100,111.7500,56500,45.6551
2004-09-20,112.1100,112.3800,111.8800,112.3600,106000,45.9044
2004-09-21,112.2000,112.5300,111.9200,112.4000,54600,45.9207
2004-09-22,112.3800,112.9500,112.1400,112.8000,1033000,46.0841
2004-09-23,112.6800,112.9500,112.3400,112.3500,98000,45.9003
2004-09-24,112.0600,112.4300,112.0100,112.3100,83600,45.8840
2004-09-27,112.4100,112.7700,112.3500,112.7000,45500,46.0433
2004-09-28,112.8000,112.8200,112.3200,112.6200,52000,46.0106
2004-09-29,112.2300,112.2300,111.6700,112.0900,43300,45.7941
2004-09-30,111.3900,111.9200,111.3900,111.7600,50400,45.6592
2004-10-01,111.2200,111.4700,110.6700,110.8400,442000,45.4571
2004-10-04,110.5100,111.1900,110.5000,110.7700,244800,45.4284
2004-10-05,110.9000,111.2400,110.7500,111.2300,61800,45.6170
2004-10-06,111.1600,111.2000,110.9000,110.9100,47200,45.4858
2004-10-07,110.8800,110.9500,110.5600,110.6700,64600,45.3874
2004-10-08,111.4000,111.9000,111.2600,111.7500,48100,45.8303
2004-10-11,111.8000,111.8500,111.4700,111.8500,34400,45.8713
2004-10-12,112.0500,112.1200,111.7000,111.9100,68000,45.8959
2004-10-13,111.8400,112.6100,111.7600,112.3400,526400,46.0722
2004-10-14,112.3300,112.8000,112.0100,112.8000,46700,46.2609
2004-10-15,112.4700,112.7900,111.8500,112.3000,85400,46.0559
2004-10-18,112.2100,112.5200,112.1100,112.4900,35600,46.1338
2004-10-19,112.1500,112.6000,112.0000,112.4700,42300,46.1255
2004-10-20,112.5900,112.8400,112.5400,112.8400,108300,46.2773
2004-10-21,112.8000,112.8900,112.5800,112.7400,51200,46.2363
2004-10-22,112.5800,112.8500,112.3700,112.6500,166500,46.1993
2004-10-25,112.8100,113.1400,112.7100,112.9000,50600,46.3019
2004-10-26,112.9900,113.0000,112.7000,112.7800,37000,46.2527
2004-10-27,112.9800,113.1600,112.0000,112.1000,108400,45.9738
2004-10-28,112.4000,112.5500,111.9100,112.2900,81000,46.0517
2004-10-29,112.5000,112.8500,112.3000,112.6500,55400,46.1993
2004-11-01,112.2900,112.2900,111.7500,111.7500,73900,46.0063
2004-11-02,111.8500,112.1200,111.7500,111.9200,97800,46.0763
2004-11-03,111.7000,112.5900,111.5400,111.7000,315700,45.9857
2004-11-04,112.6400,112.7100,112.1400,112.1800,53100,46.1833
2004-11-05,111.7000,111.7700,111.1400,111.7000,99500,45.9857
2004-11-08,111.2300,111.6000,110.8100,111.2300,123000,45.7922
2004-11-09,111.2900,111.6500,111.1100,111.2500,172200,45.8004
2004-11-10,111.4400,111.4500,111.0100,111.1500,34000,45.7593
2004-11-11,111.4900,111.5000,111.0000,111.1600,52100,45.7634
2004-11-12,111.6400,111.9500,111.1500,111.7200,355400,45.9940
2004-11-15,111.6900,111.9500,111.3500,111.7600,61500,46.0104
2004-11-16,111.8100,111.8100,110.9600,111.7000,932500,45.9857
2004-11-17,111.8800,112.4100,111.7000,112.3200,79300,46.2410
2004-11-18,112.3500,112.6100,111.8500,112.5000,274900,46.3150
2004-11-19,112.4400,112.4400,111.3100,111.9100,105700,46.0721
2004-11-22,111.9900,112.1400,111.7000,111.8600,171300,46.0516
2004-11-23,111.8500,112.1300,111.6300,112.0000,53800,46.1092
2004-11-24,112.2000,112.2400,111.8600,111.9900,42900,46.1051
2004-11-26,111.5700,111.8600,111.5700,111.5900,18300,45.9404
2004-11-29,111.3000,111.3000,110.6900,110.7100,259300,45.5781
2004-11-30,110.8400,111.1000,110.5600,110.8500,163200,45.6358
2004-12-01,110.5200,110.8100,110.0500,110.3600,159900,45.6085
2004-12-02,110.3000,110.3000,109.8200,110.0100,129300,45.4638
2004-12-03,110.7500,111.4600,110.6300,110.6300,180100,45.7200
2004-12-06,111.1900,111.2000,110.7100,110.9400,140200,45.8481
2004-12-07,111.1300,111.3500,110.8000,111.2000,665400,45.9556
2004-12-08,111.7400,111.9400,111.3900,111.5800,558700,46.1127
2004-12-09,111.7400,112.0000,111.5000,111.8400,91100,46.2201
2004-12-10,111.9700,112.2200,111.5100,111.8900,98600,46.2408
2004-12-13,112.1500,112.1600,111.8200,112.1100,90200,46.3317
2004-12-14,112.0000,112.1600,111.6000,112.1600,77600,46.3524
2004-12-15,112.2000,112.7600,112.2000,112.7600,64400,46.6004
2004-12-16,112.6000,112.6000,111.6100,111.7900,45400,46.1995
2004-12-17,111.6500,111.9100,111.5200,111.9100,36000,46.2491
2004-12-20,111.7700,112.0600,111.5200,111.8300,80000,46.2160
2004-12-21,111.8500,112.2900,111.3500,111.8800,240000,46.2366
2004-12-22,112.0500,112.1100,111.7100,112.0000,54300,46.2863
2004-12-23,112.1300,112.2100,111.8800,112.2000,49300,46.3689
2004-12-27,111.8300,111.9300,111.3100,111.6000,71400,46.1209
2004-12-28,111.6100,111.7400,111.2200,111.7200,75500,46.1706
2004-12-29,111.8300,111.8300,111.4000,111.5500,72300,46.1003
2004-12-30,111.7400,111.9600,111.4800,111.9500,122700,46.2656
2004-12-31,111.8500,111.9800,111.5300,111.5300,100600,46.2706
2005-01-03,111.7100,112.2500,111.5000,112.2500,1497800,46.5693
2005-01-04,112.2700,112.2900,111.5000,111.6200,90200,46.3079
2005-01-05,111.6500,111.9100,111.4600,111.7100,120700,46.3453
2005-01-06,111.5500,111.9500,111.5500,111.7900,43900,46.3785
2005-01-07,111.9100,111.9200,111.4300,111.7400,68300,46.3577
2005-01-10,111.7600,111.7600,111.4000,111.5500,73200,46.2789
2005-01-11,111.7900,112.1300,111.3800,111.8100,265900,46.3867
2005-01-12,111.3500,112.0500,111.3500,111.9200,46100,46.4324
2005-01-13,111.9900,112.4100,111.9000,112.2200,61100,46.5568
2005-01-14,112.1500,112.5400,111.8700,112.3500,61300,46.6108
2005-01-18,111.9800,112.4300,111.9100,112.4100,145600,46.6356
2005-01-19,112.4800,112.6000,112.1100,112.5800,78900,46.7062
2005-01-20,112.2800,112.6900,112.2600,112.3800,62200,46.6232
2005-01-21,112.4600,112.7300,112.1500,112.6300,111900,46.7269
2005-01-24,112.8500,112.8800,112.5200,112.8300,100500,46.8099
2005-01-25,112.9200,112.9200,112.3600,112.4500,72900,46.6522
2005-01-26,112.6000,112.7100,112.4500,112.4900,47000,46.6688
2005-01-27,112.3800,112.5900,111.6700,112.2500,1000300,46.5693
2005-01-28,112.6500,113.0200,112.6100,112.9000,64500,46.8390
2005-01-31,112.5300,112.9900,112.5300,112.9000,83100,46.8390
2005-02-01,112.6300,112.7000,112.3500,112.4500,57000,46.8293
2005-02-02,112.3600,112.6300,112.2100,112.3500,118600,46.7877
2005-02-03,112.3000,112.4900,112.0200,112.4900,46800,46.8460
2005-02-04,113.1600,113.2000,112.3400,112.8500,749000,46.9960
2005-02-07,112.9900,113.1600,112.8400,112.8900,218400,47.0126
2005-02-08,113.2900,113.3100,112.9100,113.3000,101800,47.1833
2005-02-09,113.3700,113.8000,113.2400,113.7000,78800,47.3499
2005-02-10,113.5700,113.5700,113.0100,113.3000,56600,47.1833
2005-02-11,113.1100,113.1900,112.7400,112.9700,65000,47.0459
2005-02-14,113.1900,113.2900,112.8000,113.1600,69600,47.1250
2005-02-15,112.9500,113.1900,112.7600,112.9900,52800,47.0542
2005-02-16,113.1000,113.1000,112.3000,112.4500,194700,46.8293
2005-02-17,112.1000,112.6000,111.8700,112.2000,73800,46.7252
2005-02-18,112.0000,112.0900,111.8200,112.0100,55400,46.6461
2005-02-22,111.7400,112.0500,111.7000,111.9100,56400,46.6045
2005-02-23,112.1000,112.4500,111.9200,112.0700,66900,46.6711
2005-02-24,112.2000,112.4000,111.8500,111.8500,86400,46.5795
2005-02-25,112.1500,112.2200,111.8700,112.0500,66600,46.6628
2005-02-28,111.5000,112.0000,111.3000,111.4200,192300,46.4004
2005-03-01,111.0200,111.1800,110.7500,110.9700,92400,46.3916
2005-03-02,110.9600,111.2000,110.8800,111.0100,60300,46.4084
2005-03-03,111.1000,111.2700,110.8500,111.0000,109400,46.4042
2005-03-04,111.4300,111.6300,111.2500,111.3600,64100,46.5547
2005-03-07,111.3600,111.8000,111.3000,111.6800,53100,46.6885
2005-03-08,111.3800,111.3800,111.0100,111.1800,65600,46.4794
2005-03-09,110.7500,110.8400,110.1200,110.1200,69800,46.0363
2005-03-10,110.6000,110.6000,110.0600,110.2700,93500,46.0990
2005-03-11,110.0100,110.3000,109.8400,110.0800,71100,46.0196
2005-03-14,110.0000,110.2000,109.7200,110.0700,55200,46.0154
2005-03-15,110.0300,110.3000,109.6100,109.6200,73700,45.8273
2005-03-16,109.8000,110.4100,109.7500,110.0000,60200,45.9861
2005-03-17,110.1300,110.1700,109.4000,109.7500,252800,45.8816
2005-03-18,109.8400,109.8500,109.2100,109.4200,62000,45.7437
2005-03-21,109.3000,109.6800,109.2100,109.2900,95900,45.6893
2005-03-22,109.3000,109.7500,108.3500,108.3500,97500,45.2963
2005-03-23,108.0700,108.8200,108.0500,108.6700,124800,45.4301
2005-03-24,109.0400,109.0400,108.7300,108.9000,48500,45.5262
2005-03-28,108.9000,108.9000,108.6000,108.7400,53000,45.4594
2005-03-29,108.6800,109.2200,108.6000,108.9300,83700,45.5388
2005-03-30,108.6000,109.3000,108.6000,109.2100,91400,45.6559
2005-03-31,109.3100,109.6100,109.2700,109.5900,69100,45.8147
2005-04-01,109.5400,109.5600,108.9100,109.2500,104000,45.8567
2005-04-04,109.1100,109.4900,108.5100,108.5800,379500,45.5755
2005-04-05,108.8000,108.9800,108.3000,108.9100,141300,45.7140
2005-04-06,109.1000,109.2300,108.6800,108.8500,259800,45.6888
2005-04-07,108.8000,109.4100,108.3000,108.3000,156800,45.4579
2005-04-08,108.6900,108.6900,108.1200,108.6500,115700,45.6049
2005-04-11,108.6400,109.0900,108.6200,108.9500,71600,45.7308
2005-04-12,108.5700,109.5800,108.5700,109.3900,57100,45.9154
2005-04-13,109.4000,109.7300,109.3900,109.6500,58400,46.0246
2005-04-14,109.5900,109.6000,109.2000,109.2500,67400,45.8567
2005-04-15,109.9000,109.9000,109.3000,109.7500,93900,46.0666
2005-04-18,109.8400,110.0000,109.7100,109.7700,116400,46.0750
2005-04-19,110.0300,110.2500,109.7100,110.2300,60500,46.2681
2005-04-20,109.8000,110.3200,109.8000,110.2900,324400,46.2933
2005-04-21,110.2500,110.3100,109.7100,109.7100,81200,46.0498
2005-04-22,110.3800,110.5100,110.0200,110.2300,149000,46.2681
2005-04-25,110.3000,110.5000,110.1400,110.5000,45200,46.3814
2005-04-26,110.0500,110.5600,109.9500,110.3200,49400,46.3058
2005-04-27,110.7000,110.9700,110.4000,110.8600,350000,46.5325
2005-04-28,110.8900,111.3400,110.8800,111.3200,315000,46.7256
2005-04-29,111.1500,111.4200,110.8300,110.9200,92200,46.5576
2005-05-02,110.5700,110.6700,110.2100,110.5300,52400,46.5737
2005-05-03,110.5100,110.6000,110.1800,110.5900,52400,46.5990
2005-05-04,109.6000,110.5600,109.6000,110.3400,58900,46.4936
2005-05-05,110.4800,110.7200,110.1300,110.5000,80700,46.5610
2005-05-06,109.8900,110.0500,109.6300,109.9000,60700,46.3082
2005-05-09,109.6500,109.7300,109.2600,109.5200,473600,46.1481
2005-05-10,109.4900,110.0200,109.4100,109.5000,134800,46.1396
2005-05-11,109.6900,109.9800,109.5500,109.6000,157600,46.1818
2005-05-12,109.4700,109.6200,108.6500,109.2500,803900,46.0343
2005-05-13,109.2800,109.9800,109.2800,109.8600,57300,46.2914
2005-05-16,110.0000,110.0600,109.4400,109.6900,133500,46.2197
2005-05-17,109.8400,109.9000,108.9500,109.7500,584300,46.2450
2005-05-18,110.0000,110.1900,109.7600,110.1400,54800,46.4094
2005-05-19,110.1000,110.2000,109.7300,109.9800,55500,46.3419
2005-05-20,109.6500,110.1000,109.6500,109.9500,143100,46.3293
2005-05-23,110.4200,110.4200,109.7500,110.4100,339700,46.5231
2005-05-24,110.7200,110.8000,110.5200,110.6500,161300,46.6242
2005-05-25,110.6500,110.7600,110.3400,110.6400,48500,46.6200
2005-05-26,110.5000,110.7600,110.4500,110.7100,76200,46.6495
2005-05-27,110.7900,110.8000,110.5100,110.7000,62400,46.6453
2005-05-31,111.1600,111.2800,110.9700,111.1800,172900,46.8476
2005-06-01,110.9900,111.6500,110.9900,111.5100,195600,47.1695
2005-06-02,111.4100,111.9500,111.3500,111.9400,1231800,47.3514
2005-06-03,112.4400,112.4400,111.2500,111.3500,70400,47.1018
2005-06-06,111.5900,111.6900,111.3600,111.6600,195200,47.2329
2005-06-07,112.0400,112.5500,111.7500,111.8900,796500,47.3302
2005-06-08,111.9400,111.9400,111.6100,111.6600,37200,47.2329
2005-06-09,111.6400,111.6400,110.4100,111.4500,171000,47.1441
2005-06-10,111.4400,111.4400,110.8500,110.9500,64200,46.9326
2005-06-13,110.8400,111.0400,110.5900,110.6900,138400,46.8227
2005-06-14,110.6900,110.7100,110.3500,110.5700,107300,46.7719
2005-06-15,110.4600,110.5900,110.1800,110.3600,106400,46.6830
2005-06-16,110.5900,110.5900,110.2000,110.4700,175800,46.7296
2005-06-17,110.5600,110.7000,110.3200,110.4500,209500,46.7211
2005-06-20,110.4200,110.4200,110.1400,110.3200,194600,46.6661
2005-06-21,110.5900,110.7400,110.4200,110.6900,73200,46.8227
2005-06-22,111.3200,111.6600,111.0100,111.4800,229700,47.1568
2005-06-23,111.4800,111.6000,111.3100,111.5500,119600,47.1864
2005-06-24,111.8400,111.8400,111.6500,111.8300,57000,47.3048
2005-06-27,111.8500,112.0000,111.7500,111.9900,55300,47.3725
2005-06-28,111.8400,111.9300,111.5000,111.6400,42600,47.2245
2005-06-29,111.9300,111.9900,111.6000,111.7000,57600,47.2498
2005-06-30,112.0600,112.2700,111.6900,112.1000,94300,47.4190
2005-07-01,111.8400,111.9000,111.1400,111.1600,77500,47.2012
2005-07-05,110.8300,110.9100,110.6400,110.8000,47500,47.0484
2005-07-06,110.9500,111.1200,110.8100,111.0400,70100,47.1503
2005-07-07,111.0500,111.4800,111.0500,111.3300,45700,47.2734
2005-07-08,111.4600,111.4600,111.0000,111.1100,62300,47.1800
2005-07-11,110.8400,110.9000,110.5000,110.5000,220300,46.9209
2005-07-12,110.7000,110.7000,110.1500,110.2500,242100,46.8148
2005-07-13,110.4800,110.6600,110.3000,110.5000,102400,46.9209
2005-07-14,110.7200,110.7400,110.5000,110.6000,132000,46.9634
2005-07-15,110.5900,110.7500,110.5000,110.6500,178000,46.9846
2005-07-18,110.8400,110.8400,110.3600,110.5600,85900,46.9464
2005-07-19,110.4900,110.8000,110.3200,110.6500,102300,46.9846
2005-07-20,110.7300,111.0200,110.3500,110.7700,132000,47.0356
2005-07-21,110.6000,110.7500,110.1700,110.2000,187300,46.7936
2005-07-22,110.2100,110.8000,110.2000,110.7100,58100,47.0101
2005-07-25,110.7000,110.9100,110.6500,110.7000,59100,47.0059
2005-07-26,110.8000,110.9900,110.6400,110.7200,1058300,47.0144
2005-07-27,110.7200,110.7200,110.3200,110.5800,66500,46.9550
2005-07-28,110.8200,111.1700,110.5900,111.0000,105500,47.1333
2005-07-29,111.0400,111.1000,110.5900,110.7500,76500,47.0271
2005-08-01,110.0600,110.3000,109.6100,110.0400,139000,46.9154
2005-08-02,109.9900,110.1900,109.6800,109.8400,88900,46.8302
2005-08-03,110.0400,110.3300,109.8700,110.1000,74200,46.9410
2005-08-04,110.0200,110.3500,110.0000,110.1000,112700,46.9410
2005-08-05,110.0500,110.0500,109.6000,109.9100,57900,46.8600
2005-08-08,109.7100,109.7600,109.3200,109.4100,102900,46.6468
2005-08-09,109.6800,109.7100,109.3200,109.5900,56400,46.7236
2005-08-10,109.8700,109.9200,109.5400,109.6800,72700,46.7619
2005-08-11,109.6300,110.0700,108.8500,110.0200,69400,46.9069
2005-08-12,110.1600,110.5500,110.1200,110.5500,46000,47.1328
2005-08-15,110.5900,110.6200,110.1500,110.3900,77000,47.0647
2005-08-16,110.7000,111.0000,110.4700,110.6800,2083500,47.1883
2005-08-17,110.5100,110.8400,110.3100,110.3900,69800,47.0647
2005-08-18,110.5600,110.8600,110.5300,110.7000,139900,47.1968
2005-08-19,110.6600,110.6900,110.4700,110.6000,101600,47.1541
2005-08-22,110.7400,110.7400,110.1500,110.5500,206500,47.1328
2005-08-23,110.4000,110.7500,110.3600,110.6400,265800,47.1712
2005-08-24,110.7200,110.8400,110.5200,110.6000,77600,47.1541
2005-08-25,110.8000,111.2400,110.6100,110.8100,54000,47.2437
2005-08-26,110.8200,110.9900,110.6500,110.9900,82200,47.3205
2005-08-29,111.0000,111.1300,110.7700,111.0000,105800,47.3247
2005-08-30,111.4000,111.5200,111.0500,111.1800,187900,47.4014
2005-08-31,111.5400,111.9800,111.5400,111.9600,47700,47.7340
2005-09-01,111.5800,111.7300,110.5100,111.1900,803700,47.5992
2005-09-02,110.9500,111.3900,110.9300,111.2200,54800,47.6120
2005-09-06,110.8000,111.2800,110.8000,110.9900,72700,47.5135
2005-09-07,110.8800,110.9000,110.3400,110.5900,105300,47.3423
2005-09-08,110.8800,110.8800,110.5100,110.6200,201400,47.3551
2005-09-09,110.6300,110.8700,110.4800,110.6700,119700,47.3766
2005-09-12,110.6400,110.6400,110.1800,110.3900,90800,47.2567
2005-09-13,110.6700,110.7500,110.4300,110.5800,120300,47.3380
2005-09-14,110.5700,110.6900,110.3000,110.3100,72100,47.2224
2005-09-15,110.3100,110.3900,109.7700,109.9200,92900,47.0555
2005-09-16,109.9200,109.9500,109.5300,109.6200,83900,46.9271
2005-09-19,109.7000,109.9600,109.5700,109.9200,88100,47.0555
2005-09-20,109.8700,109.9700,109.1400,109.7500,108500,46.9827
2005-09-21,110.0000,110.3700,109.4600,110.2400,102500,47.1925
2005-09-22,110.3900,110.4100,109.9600,110.1800,113400,47.1667
2005-09-23,110.0500,110.0500,109.7500,109.8600,46500,47.0298
2005-09-26,109.5000,109.7100,109.4000,109.5100,95800,46.8800
2005-09-27,109.5300,109.8800,109.3000,109.6100,137600,46.9228
2005-09-28,109.5700,109.9500,109.5200,109.8400,85400,47.0212
2005-09-29,109.8200,109.9000,109.6600,109.8000,105100,47.0041
2005-09-30,109.5800,109.8500,109.3700,109.4300,145600,46.8457
2005-10-03,109.2000,109.2000,108.5600,108.6600,146000,46.7022
2005-10-04,108.9100,109.0200,108.6000,108.8000,87200,46.7623
2005-10-05,108.7600,109.0300,108.7200,108.9500,50700,46.8268
2005-10-06,108.9300,109.0500,108.6300,108.7100,75500,46.7237
2005-10-07,108.5700,108.9900,108.5000,108.8900,51100,46.8010
2005-10-10,108.8900,109.0700,108.4800,108.8200,51600,46.7709
2005-10-11,108.8900,108.8900,108.5700,108.6400,73500,46.6936
2005-10-12,108.5600,108.5600,108.0400,108.1800,204100,46.4959
2005-10-13,108.0200,108.1400,107.7100,108.0000,71100,46.4185
2005-10-14,108.1600,108.1600,107.5700,107.7800,76200,46.3239
2005-10-17,107.5000,108.1300,107.5000,107.9300,69600,46.3884
2005-10-18,107.9100,108.1000,107.9000,108.0700,66500,46.4486
2005-10-19,108.1100,108.3200,108.0600,108.1800,84000,46.4959
2005-10-20,107.8600,108.0600,107.7500,107.9100,58200,46.3798
2005-10-21,108.3500,108.6500,108.1000,108.4800,56600,46.6248
2005-10-24,108.6200,108.6600,108.0100,108.0700,137000,46.4486
2005-10-25,107.6000,108.3000,107.4000,107.5400,110800,46.2208
2005-10-26,107.1500,107.3600,107.0300,107.2200,119600,46.0833
2005-10-27,107.2200,107.4700,107.0400,107.3000,56700,46.1177
2005-10-28,107.5500,107.5500,106.9600,107.3000,84800,46.1177
2005-10-31,107.3400,107.4900,107.1500,107.2700,87300,46.1047
2005-11-01,107.0000,107.1000,106.6500,106.8200,66500,46.0883
2005-11-02,106.8200,107.0200,106.6100,106.6100,104100,45.9978
2005-11-03,106.7300,106.7700,106.2100,106.2400,125000,45.8381
2005-11-04,106.2600,106.5100,106.0800,106.3200,76900,45.8726
2005-11-07,106.5600,106.6200,106.3600,106.4300,77200,45.9201
2005-11-08,106.7100,107.1400,106.7000,107.0700,148600,46.1962
2005-11-09,106.9400,106.9400,106.0700,106.5000,164900,45.9502
2005-11-10,106.6800,107.0700,106.5700,107.0600,71900,46.1919
2005-11-11,106.6500,107.1900,106.6500,107.1500,92500,46.2307
2005-11-14,107.0900,107.1100,106.4200,106.6100,105500,45.9978
2005-11-15,106.5100,107.0400,106.5100,106.8900,111300,46.1185
2005-11-16,106.9600,107.4700,106.9600,107.3400,78300,46.3127
2005-11-17,107.0900,107.7000,107.0900,107.5200,89800,46.3904
2005-11-18,107.3900,107.5000,107.1100,107.3100,100200,46.2998
2005-11-21,107.5600,107.8000,107.4100,107.6600,147000,46.4508
2005-11-22,107.7000,107.9000,107.4800,107.8600,182000,46.5371
2005-11-23,108.0400,108.0400,107.6000,107.7600,475800,46.4939
2005-11-25,107.6700,108.0000,107.6700,107.9000,27100,46.5544
2005-11-28,107.9800,108.3500,107.8600,108.2600,1690700,46.7097
2005-11-29,108.2700,108.3100,107.6500,107.7600,97300,46.4939
2005-11-30,107.7300,107.9600,107.5200,107.5600,49900,46.4076
2005-12-01,107.5600,107.5900,106.9200,106.9500,92400,46.3136
2005-12-02,106.7700,107.1000,106.7700,106.9800,99100,46.3267
2005-12-05,106.9100,107.0500,106.6100,106.7000,58400,46.2054
2005-12-06,107.0000,107.2400,106.7600,106.9200,332500,46.3007
2005-12-07,106.6500,107.0300,106.6300,106.7900,93300,46.2443
2005-12-08,106.7000,107.1200,106.7000,107.0100,244000,46.3396
2005-12-09,106.8600,107.0100,106.7100,106.8200,62700,46.2574
2005-12-12,106.7600,106.9500,106.5600,106.5900,71200,46.1577
2005-12-13,106.6000,106.8900,106.5300,106.6800,104200,46.1967
2005-12-14,107.0000,107.4000,106.9100,107.2300,62800,46.4349
2005-12-15,107.4000,107.4000,106.9000,107.1400,134000,46.3959
2005-12-16,107.3100,107.7500,107.3100,107.5900,356700,46.5908
2005-12-19,107.6500,107.7500,107.2700,107.4100,88600,46.5128
2005-12-20,107.2100,107.6900,107.1500,107.5000,143200,46.5518
2005-12-21,107.2600,107.5400,107.1500,107.5400,79900,46.5691
2005-12-22,107.3200,107.6900,107.3200,107.5500,88500,46.5735
2005-12-23,107.5000,108.2000,107.2600,107.9700,123900,46.7554
2005-12-27,108.0800,108.5400,107.8800,108.4600,157500,46.9676
2005-12-28,108.0000,108.1600,107.7100,108.1100,93000,46.9897
2005-12-29,107.9000,108.0400,107.5500,107.8200,123100,46.8636
2005-12-30,107.8600,108.1500,107.6100,107.6900,97500,46.8072
2006-01-03,107.6900,108.3000,107.4100,108.2800,676400,47.0636
2006-01-04,108.2700,108.4300,107.9600,108.2800,66500,47.0636
2006-01-05,108.2700,108.4500,108.2600,108.3700,63500,47.1027
2006-01-06,108.3500,108.3600,107.9500,108.2000,112000,47.0288
2006-01-09,108.0300,108.2300,107.9700,108.2200,60400,47.0375
2006-01-10,108.0200,108.1500,107.8000,107.9300,94000,46.9115
2006-01-11,107.7000,108.0700,107.7000,107.7500,150800,46.8333
2006-01-12,107.9300,108.1500,107.7100,108.0900,127600,46.9810
2006-01-13,107.9700,108.4400,107.9700,108.4100,77000,47.1201
2006-01-17,108.3000,108.5600,108.1500,108.4100,138200,47.1201
2006-01-18,108.5200,108.6500,108.3500,108.3800,80200,47.1070
2006-01-19,108.2100,108.5800,108.1300,108.3600,97400,47.0984
2006-01-20,108.5000,108.6300,108.2500,108.4500,111000,47.1375
2006-01-23,108.3100,108.7000,108.2000,108.7000,580000,47.2461
2006-01-24,108.5900,108.5900,108.4000,108.4600,92900,47.1418
2006-01-25,108.4200,108.4200,107.6900,107.8600,100500,46.8811
2006-01-26,107.8800,107.9000,107.4600,107.7000,75800,46.8115
2006-01-27,107.8900,107.9000,107.6300,107.8600,107000,46.8811
2006-01-30,107.7600,107.8300,107.4600,107.4600,113000,46.7072
2006-01-31,107.5000,107.7800,107.0000,107.2200,1313000,46.6029
2006-02-01,107.0500,107.1400,106.6900,106.8400,98800,46.6155
2006-02-02,106.7900,107.1400,106.7400,106.7500,83800,46.5763
2006-02-03,106.7000,107.1400,106.6100,106.9200,92900,46.6505
2006-02-06,106.8700,107.1500,106.8500,107.1000,108700,46.7290
2006-02-07,106.9000,107.4400,106.8000,106.8300,90400,46.6111
2006-02-08,106.9000,107.0500,106.7500,106.8300,76300,46.6111
2006-02-09,106.8300,107.1100,106.7700,107.0000,91300,46.6853
2006-02-10,107.1000,107.2600,106.7200,106.8000,85200,46.5981
2006-02-13,106.9800,107.0700,106.7600,106.9600,71600,46.6679
2006-02-14,106.8400,107.0300,106.6700,106.8500,55600,46.6199
2006-02-15,106.9700,107.2800,106.8100,106.9200,140500,46.6505
2006-02-16,106.9100,107.1900,106.8700,107.0700,99500,46.7159
2006-02-17,107.3900,107.6500,107.3100,107.4200,101200,46.8686
2006-02-21,107.5100,107.5200,107.2600,107.3700,92300,46.8468
2006-02-22,107.5900,107.7700,107.4400,107.7700,74200,47.0213
2006-02-23,107.6400,107.6500,107.2500,107.5300,63500,46.9166
2006-02-24,107.6900,107.6900,107.3900,107.4800,75300,46.8948
2006-02-27,107.7000,107.7000,107.3100,107.4300,71900,46.8730
2006-02-28,107.5000,107.7800,107.4100,107.5400,71900,46.9209
2006-03-01,107.0000,107.3000,106.4300,106.6900,220400,46.7400
2006-03-02,106.5000,106.7600,106.0700,106.2000,136700,46.5254
2006-03-03,106.4000,106.4200,105.6800,106.0000,132300,46.4377
2006-03-06,106.0400,106.0500,105.4500,105.4500,157800,46.1968
2006-03-07,105.6700,105.8400,105.2300,105.4000,120500,46.1749
2006-03-08,105.5600,105.6400,105.2000,105.4500,75300,46.1968
2006-03-09,105.3500,105.9000,105.3500,105.4300,84300,46.1880
2006-03-10,105.4800,105.7000,105.1600,105.7000,100900,46.3063
2006-03-13,105.5000,105.7600,105.0400,105.5600,69200,46.2450
2006-03-14,105.9900,106.3300,105.7300,106.2400,61600,46.5429
2006-03-15,106.1900,106.2300,105.9100,106.0800,117700,46.4728
2006-03-16,106.1200,106.8000,106.1200,106.6600,101000,46.7269
2006-03-17,106.6600,106.7100,106.5000,106.5600,56200,46.6831
2006-03-20,106.7400,106.7700,106.1200,106.6800,63500,46.7356
2006-03-21,106.2600,106.7500,106.2000,106.2800,80000,46.5604
2006-03-22,106.3000,106.6800,105.9500,106.2600,75100,46.5516
2006-03-23,106.3900,106.4500,105.7500,106.2000,79400,46.5254
2006-03-24,106.4100,106.7600,105.8500,106.4600,85800,46.6393
2006-03-27,106.2200,106.7500,106.2200,106.4600,92800,46.6393
2006-03-28,106.0200,106.3600,105.8800,105.9600,61800,46.4202
2006-03-29,105.9600,105.9700,105.6500,105.8600,83800,46.3764
2006-03-30,105.7000,105.7500,105.2100,105.5400,93700,46.2362
2006-03-31,105.6700,105.6700,105.2700,105.3000,102200,46.1311
2006-04-03,104.8000,105.1500,104.5500,104.9500,114200,46.1698
2006-04-04,104.8200,105.3000,104.8200,105.0500,83000,46.2138
2006-04-05,105.4300,105.4900,105.1000,105.4000,80200,46.3678
2006-04-06,105.2000,105.2000,104.8500,105.0200,82400,46.2006
2006-04-07,104.8100,104.8700,104.3600,104.6100,80100,46.0202
2006-04-10,104.6600,104.7400,104.2500,104.3800,299000,45.9190
2006-04-11,104.5000,104.8400,104.4200,104.6800,101600,46.0510
2006-04-12,104.6900,104.9700,104.2000,104.3500,138700,45.9058
2006-04-13,104.3000,104.3000,103.8000,104.1500,100500,45.8178
2006-04-17,103.9500,104.3500,103.4100,104.1300,110300,45.8091
2006-04-18,104.3000,104.5900,104.2000,104.5500,76700,45.9938
2006-04-19,104.3500,104.4900,104.2600,104.4800,87200,45.9630
2006-04-20,104.5300,104.5600,104.3000,104.4300,63400,45.9410
2006-04-21,104.6300,104.6900,104.3600,104.6300,84200,46.0290
2006-04-24,104.6900,104.9800,104.5700,104.8400,82200,46.1214
2006-04-25,104.8600,104.8600,104.2700,104.3400,93100,45.9014
2006-04-26,104.2600,104.3500,104.0700,104.2200,173100,45.8486
2006-04-27,104.2000,104.7500,104.0800,104.4100,74300,45.9322
2006-04-28,104.5700,104.6900,104.4400,104.6500,90600,46.0378
2006-05-01,104.0100,104.1400,103.6100,103.6600,72800,45.8045
2006-05-02,103.6400,104.0000,103.6400,103.8200,76600,45.8752
2006-05-03,103.6600,103.9700,103.5600,103.8200,85900,45.8752
2006-05-04,103.9000,103.9000,103.5500,103.7800,86900,45.8575
2006-05-05,104.0000,104.1000,103.8600,103.9000,72700,45.9106
2006-05-08,104.0700,104.1500,103.8600,104.0300,87100,45.9680
2006-05-09,103.9000,104.1300,103.9000,104.0700,108300,45.9857
2006-05-10,104.0100,104.4000,104.0000,104.1400,76600,46.0166
2006-05-11,104.0000,104.0400,103.8000,103.9600,80900,45.9371
2006-05-12,103.8000,103.8600,103.5000,103.7000,111200,45.8222
2006-05-15,103.5200,103.9000,103.5200,103.7900,68500,45.8620
2006-05-16,103.7900,104.1900,103.7900,104.1700,105600,46.0298
2006-05-17,103.8300,103.8900,103.3100,103.8400,127900,45.8840
2006-05-18,103.9000,104.5000,103.9000,104.5000,68900,46.1757
2006-05-19,104.3400,104.6300,104.2800,104.4500,68500,46.1535
2006-05-22,104.5900,104.9700,104.3800,104.5100,71300,46.1801
2006-05-23,104.2000,104.4900,104.2000,104.4400,59200,46.1492
2006-05-24,104.6000,104.7700,104.2100,104.5500,120600,46.1978
2006-05-25,104.5900,104.6100,104.3100,104.4100,84700,46.1359
2006-05-26,104.4500,104.5800,104.3300,104.4200,81800,46.1403
2006-05-30,104.3900,104.4100,104.1400,104.1900,148700,46.0387
2006-05-31,104.3800,104.4000,103.8500,103.9900,130500,45.9503
2006-06-01,103.6100,103.8300,103.4700,103.7400,102400,46.0306
2006-06-02,104.1000,104.4500,104.0500,104.3900,63200,46.3190
2006-06-05,104.2500,104.4000,104.0600,104.0700,79100,46.1771
2006-06-06,104.2500,104.3500,104.0600,104.3000,116100,46.2791
2006-06-07,104.1300,104.2600,103.9200,104.0200,82200,46.1549
2006-06-08,104.3000,104.5600,104.0500,104.3600,76600,46.3057
2006-06-09,104.3000,104.4900,104.2600,104.4700,67500,46.3545
2006-06-12,104.3700,104.4100,104.1500,104.1900,75900,46.2303
2006-06-13,104.3100,104.4100,104.1100,104.3000,108600,46.2791
2006-06-14,104.0100,104.1600,103.7500,103.8500,66600,46.0794
2006-06-15,103.6100,103.8800,103.5000,103.6400,79400,45.9863
2006-06-16,103.7800,103.8300,103.3100,103.5000,98500,45.9241
2006-06-19,103.4000,103.4600,103.2400,103.3700,76200,45.8665
2006-06-20,103.2500,103.3500,103.1600,103.2900,53500,45.8309
2006-06-21,103.3000,103.3700,103.1400,103.1600,48000,45.7733
2006-06-22,103.1900,103.2000,102.8500,102.9200,86500,45.6668
2006-06-23,102.9700,103.0000,102.6700,102.7500,62700,45.5914
2006-06-26,102.8300,102.8500,102.5100,102.7500,54000,45.5914
2006-06-27,102.7200,102.9000,102.3900,102.5900,480300,45.5203
2006-06-28,102.4200,102.7500,102.3500,102.3600,91400,45.4183
2006-06-29,102.6500,102.9000,102.4200,102.9000,64600,45.6579
2006-06-30,102.9000,103.4700,102.7600,103.4700,58500,45.9108
2006-07-03,100.0000,103.2400,100.0000,102.8900,245800,45.8542
2006-07-05,102.6500,102.7200,102.2000,102.2400,939300,45.5645
2006-07-06,102.4200,102.8100,102.3500,102.7500,86500,45.7918
2006-07-07,102.9900,103.2500,102.8800,103.1400,77900,45.9657
2006-07-10,103.1400,103.3200,103.0600,103.2700,59300,46.0236
2006-07-11,103.4300,103.5900,103.3000,103.4300,108400,46.0949
2006-07-12,103.2900,103.6700,103.1000,103.6000,94900,46.1706
2006-07-13,103.5000,103.8000,103.5000,103.5900,92200,46.1662
2006-07-14,103.7100,103.8900,103.5500,103.6800,122300,46.2063
2006-07-17,103.6500,103.8100,103.5200,103.7900,104200,46.2554
2006-07-18,103.5300,103.5300,103.1500,103.2500,208700,46.0147
2006-07-19,103.1500,103.9000,103.0500,103.7200,80600,46.2241
2006-07-20,103.5400,104.1800,103.5400,104.1700,97900,46.4247
2006-07-21,104.1900,104.2900,104.0200,104.0900,83700,46.3890
2006-07-24,104.0600,104.1500,104.0300,104.1200,108300,46.4024
2006-07-25,103.9800,104.1400,103.9300,104.0400,60100,46.3667
2006-07-26,103.9100,104.2800,103.9000,104.2600,69200,46.4648
2006-07-27,104.3000,104.3200,104.1000,104.1000,74900,46.3935
2006-07-28,104.2600,104.5600,104.0000,104.5000,195200,46.5717
2006-07-31,104.5500,104.5800,104.3800,104.5200,108600,46.5806
2006-08-01,104.2500,104.2500,103.9500,104.2100,76000,46.6460
2006-08-02,104.1100,104.5000,104.1000,104.3900,60300,46.7266
2006-08-03,104.0000,104.5500,104.0000,104.4000,110700,46.7311
2006-08-04,104.8500,104.9400,104.7000,104.8100,57300,46.9146
2006-08-07,104.6500,104.8000,104.6500,104.7200,76900,46.8743
2006-08-08,104.8500,104.9800,104.5800,104.7800,62000,46.9012
2006-08-09,104.4000,104.7700,104.4000,104.7300,58300,46.8788
2006-08-10,104.7800,104.7800,104.5400,104.7200,61300,46.8743
2006-08-11,104.5400,104.5800,104.4000,104.5100,54200,46.7803
2006-08-14,104.4100,104.4500,104.2200,104.3800,48000,46.7221
2006-08-15,104.6100,104.9800,104.5600,104.9200,99200,46.9638
2006-08-16,105.0500,105.4200,105.0500,105.3600,69700,47.1608
2006-08-17,105.4400,105.5000,105.2200,105.3100,84900,47.1384
2006-08-18,105.3100,105.6500,105.3100,105.5200,115700,47.2324
2006-08-21,105.5000,105.6800,105.4500,105.6700,77300,47.2995
2006-08-22,105.7500,105.8500,105.5700,105.7400,194100,47.3309
2006-08-23,105.7400,105.7800,105.5900,105.7000,107400,47.3130
2006-08-24,105.6500,105.8700,105.6500,105.7000,54800,47.3130
2006-08-25,105.7600,105.9800,105.7100,105.8500,105800,47.3801
2006-08-28,105.9100,105.9800,105.7600,105.8800,101300,47.3935
2006-08-29,105.7300,105.9600,105.5500,105.9500,110000,47.4249
2006-08-30,105.9600,106.1500,105.9600,106.0200,80100,47.4562
2006-08-31,106.0500,106.3800,105.8000,106.3800,125600,47.6173
2006-09-01,105.7700,105.9400,104.8700,105.7800,139900,47.5607
2006-09-05,105.7700,105.7800,105.4500,105.4600,74900,47.4168
2006-09-06,105.4100,105.5300,105.2900,105.4600,158200,47.4168
2006-09-07,105.5000,105.6700,105.2400,105.5700,280100,47.4663
2006-09-08,105.8000,105.8700,105.6100,105.6800,130200,47.5157
2006-09-11,105.7700,105.8000,105.5300,105.6400,81200,47.4978
2006-09-12,105.4800,105.8900,105.4800,105.8000,72500,47.5697
2006-09-13,105.8200,106.2000,105.8200,106.0800,173000,47.6956
2006-09-14,106.0100,106.0500,105.8000,105.8100,63800,47.5742
2006-09-15,105.9200,106.0800,105.7200,105.7400,116400,47.5427
2006-09-18,105.5500,105.7800,105.4000,105.7600,55100,47.5517
2006-09-19,105.9200,106.3000,105.9200,106.1700,239900,47.7361
2006-09-20,106.4400,106.4900,106.2900,106.3400,124600,47.8125
2006-09-21,106.3200,106.9800,106.3200,106.9800,232400,48.1002
2006-09-22,107.0400,107.1600,106.9400,107.0400,152600,48.1272
2006-09-25,107.2400,107.3100,107.0800,107.2000,366900,48.1991
2006-09-26,107.2900,107.2900,106.8900,106.9000,243200,48.0643
2006-09-27,107.1000,107.2900,106.7600,106.8500,559500,48.0418
2006-09-28,106.8900,106.9800,106.6900,106.8800,255400,48.0552
2006-09-29,106.9500,107.1200,106.7500,106.8300,110100,48.0328
2006-10-02,100.0000,106.7000,100.0000,106.5300,102700,48.1118
2006-10-03,106.6900,106.6900,106.3100,106.6000,118200,48.1434
2006-10-04,106.7900,107.1200,106.7200,107.1100,162700,48.3738
2006-10-05,106.9600,107.0000,106.6400,106.7600,78900,48.2157
2006-10-06,106.5700,106.5700,106.0600,106.1600,124500,47.9447
2006-10-09,106.3000,106.3900,106.1100,106.2400,51600,47.9808
2006-10-10,106.0500,106.0500,105.7700,105.7700,121000,47.7686
2006-10-11,106.0000,106.0200,105.5000,105.5300,130800,47.6602
2006-10-12,105.8300,105.8700,105.6000,105.7800,91000,47.7731
2006-10-13,105.6000,105.6800,105.3600,105.3900,215000,47.5970
2006-10-16,105.3700,105.7300,105.3700,105.6500,113000,47.7144
2006-10-17,105.9300,106.1200,105.7800,105.8500,153100,47.8047
2006-10-18,106.0400,106.0700,105.5000,106.0700,363600,47.9041
2006-10-19,105.8800,105.9300,105.6300,105.7300,665000,47.7505
2006-10-20,105.7600,105.8400,105.5700,105.7700,101600,47.7686
2006-10-23,105.5800,105.6800,105.4600,105.5300,116200,47.6602
2006-10-24,105.5800,105.7200,105.5800,105.7100,95200,47.7415
2006-10-25,105.7200,106.1700,105.6500,106.1600,91700,47.9447
2006-10-26,106.3500,106.5100,106.3000,106.5000,79500,48.0983
2006-10-27,107.0900,107.0900,106.6400,106.8400,88400,48.2519
2006-10-30,106.9000,106.9900,106.7800,106.9400,56200,48.2970
2006-10-31,107.0400,107.4800,107.0000,107.4200,144100,48.5138
2006-11-01,107.2500,107.4800,107.0900,107.3100,220200,48.6739
2006-11-02,107.1100,107.2400,107.1100,107.1800,319200,48.6149
2006-11-03,106.6000,106.6200,106.3300,106.4300,73000,48.2747
2006-11-06,106.3500,106.5500,106.2200,106.5500,80600,48.3291
2006-11-07,106.9400,107.0900,106.8300,106.9300,130000,48.5015
2006-11-08,107.0000,107.0900,106.9400,107.0600,124800,48.5605
2006-11-09,107.1500,107.2600,107.0600,107.1700,111500,48.6104
2006-11-10,107.3800,107.6000,107.3000,107.4600,62200,48.7419
2006-11-13,107.4400,107.4500,107.2100,107.3900,100400,48.7102
2006-11-14,107.6500,107.7900,107.5600,107.5600,120600,48.7873
2006-11-15,107.5500,107.5500,107.2000,107.2800,103000,48.6603
2006-11-16,107.5400,107.5400,107.0700,107.1300,108400,48.5922
2006-11-17,107.2000,107.6400,107.1500,107.4800,99600,48.7510
2006-11-20,107.6500,107.6500,107.4900,107.5600,81300,48.7873
2006-11-21,107.6500,107.8500,107.5300,107.7100,155500,48.8553
2006-11-22,107.8200,107.8800,107.6700,107.8300,75000,48.9098
2006-11-24,108.1500,108.2000,107.9900,108.0000,48600,48.9869
2006-11-27,107.7700,108.1900,107.6700,108.0100,147500,48.9914
2006-11-28,108.3500,108.3700,108.0700,108.2100,182300,49.0821
2006-11-29,108.3900,108.4300,108.1100,108.1100,102800,49.0367
2006-11-30,108.4000,108.6600,108.2700,108.5200,108600,49.2227
2006-12-01,108.2500,108.5900,108.1000,108.2000,175400,49.2806
2006-12-04,108.3000,108.5500,108.0200,108.4500,97200,49.3944
2006-12-05,108.4500,108.6500,108.2200,108.4000,109700,49.3716
2006-12-06,108.3300,108.3300,107.9500,108.1300,101900,49.2487
2006-12-07,108.3300,108.3300,108.0900,108.1800,99600,49.2715
2006-12-08,108.2500,108.2500,107.7600,107.7800,109900,49.0892
2006-12-11,107.9500,108.1300,107.9500,108.0200,69400,49.1986
2006-12-12,108.1200,108.3300,108.0500,108.2500,85500,49.3033
2006-12-13,107.9200,108.0100,107.6900,107.7100,116600,49.0574
2006-12-14,107.7100,107.7100,107.5400,107.6100,73400,49.0118
2006-12-15,108.1200,108.2200,107.5200,107.5900,103700,49.0027
2006-12-18,107.6000,107.6400,107.5000,107.6000,69800,49.0073
2006-12-19,107.5200,107.7100,107.4800,107.5800,115400,48.9982
2006-12-20,107.4900,107.7200,107.4900,107.6600,73200,49.0346
2006-12-21,107.7400,108.0600,107.6700,107.9400,145000,49.1622
2006-12-22,107.8000,107.8400,107.4500,107.6000,100200,49.0073
2006-12-26,107.6500,107.7300,107.5100,107.7200,61800,49.0619
2006-12-27,107.2500,107.2900,106.7300,106.9500,114500,48.9051
2006-12-28,107.0500,107.0500,106.5100,106.7300,129300,48.8045
2006-12-29,106.7200,106.7200,106.5600,106.6800,120500,48.7816
2007-01-03,107.1500,107.2000,106.1900,106.4500,1597400,48.6764
2007-01-04,106.7400,107.3000,106.7400,107.2500,111600,49.0423
2007-01-05,107.0000,107.2000,106.8700,107.1800,103200,49.0102
2007-01-08,106.9700,107.2200,106.9700,107.1500,120600,48.9966
2007-01-09,107.1600,107.2300,107.0800,107.1700,127200,49.0057
2007-01-10,107.1000,107.1500,106.9500,107.0300,66500,48.9417
2007-01-11,106.9000,106.9600,106.6300,106.7000,73600,48.7908
2007-01-12,106.6600,106.6700,106.5100,106.5900,86400,48.7405
2007-01-16,106.6500,106.7600,106.4500,106.7100,205300,48.7953
2007-01-17,106.7800,106.7800,106.4300,106.5600,100400,48.7268
2007-01-18,106.6800,106.8700,106.5000,106.8700,91700,48.8685
2007-01-19,106.8800,106.8800,106.7000,106.8100,181100,48.8411
2007-01-22,106.8700,106.8800,106.7600,106.8800,73200,48.8731
2007-01-23,106.8000,106.8000,106.4200,106.5900,142800,48.7405
2007-01-24,106.6300,106.6500,106.5100,106.6400,84900,48.7633
2007-01-25,106.5300,106.5600,106.2000,106.3000,168800,48.6078
2007-01-26,106.2000,106.3900,106.1400,106.2300,97900,48.5759
2007-01-29,106.3600,106.4400,106.0600,106.1800,154100,48.5530
2007-01-30,106.3400,106.3500,106.2200,106.3300,77100,48.6216
2007-01-31,106.2900,106.8100,106.2600,106.7800,166800,48.8274
2007-02-01,106.8900,106.8900,106.1900,106.2800,135300,48.8076
2007-02-02,106.3900,106.6100,106.2800,106.3800,174000,48.8535
2007-02-05,106.4700,106.5300,106.4100,106.5200,101400,48.9178
2007-02-06,106.4000,106.8000,106.3300,106.8000,168100,49.0464
2007-02-07,107.0000,107.0100,106.8100,106.9500,156700,49.1153
2007-02-08,106.9400,107.1600,106.8400,107.0700,113600,49.1704
2007-02-09,106.9500,106.9500,106.5300,106.6200,175400,48.9637
2007-02-12,106.6900,106.7400,105.7500,106.6400,572300,48.9729
2007-02-13,106.6900,106.6900,106.2600,106.5700,97600,48.9408
2007-02-14,106.8000,107.1800,106.6900,107.1800,102700,49.2209
2007-02-15,107.3100,107.4900,107.2100,107.3800,141900,49.3127
2007-02-16,107.5000,107.6500,107.4200,107.4900,149700,49.3633
2007-02-20,107.5300,107.6800,107.4000,107.6600,101600,49.4413
2007-02-21,107.4700,107.8500,107.3300,107.5900,120500,49.4092
2007-02-22,107.5700,107.5700,107.3100,107.4400,101800,49.3403
2007-02-23,107.5800,107.8900,107.5800,107.7900,161400,49.5011
2007-02-26,108.1000,108.2300,107.9300,108.2300,109700,49.7031
2007-02-27,108.2800,109.1400,108.2800,108.6500,143800,49.8960
2007-02-28,108.6000,108.6000,108.2100,108.4500,87000,49.8042
2007-03-01,107.9000,108.3600,107.8000,108.0200,143000,49.8139
2007-03-02,108.2400,108.3200,107.7600,108.3200,145600,49.9521
2007-03-05,108.3000,108.3100,108.0000,108.1600,98100,49.8784
2007-03-06,107.9900,108.0000,107.6200,107.7500,348200,49.6893
2007-03-07,107.9600,108.0200,107.6100,107.8500,120300,49.7355
2007-03-08,107.9600,107.9900,107.7000,107.9900,123800,49.8000
2007-03-09,107.4500,107.7600,107.3600,107.7100,95000,49.6709
2007-03-12,107.7000,108.0300,107.7000,107.9400,79100,49.7770
2007-03-13,107.9600,108.2100,107.8000,108.0000,217500,49.8046
2007-03-14,108.1000,108.1000,107.5700,107.9000,144900,49.7585
2007-03-15,108.0000,108.0000,107.6700,107.9200,74000,49.7677
2007-03-16,107.7200,107.9500,107.3200,107.5000,199800,49.5741
2007-03-19,107.5000,107.5800,107.3000,107.3000,108800,49.4818
2007-03-20,107.4300,107.6600,107.3300,107.5900,100200,49.6155
2007-03-21,107.5800,108.0100,107.2100,107.9100,116200,49.7631
2007-03-22,107.7200,107.8700,107.4700,107.6100,67900,49.6248
2007-03-23,107.7600,107.7600,107.2300,107.3300,74500,49.4956
2007-03-26,107.3500,107.8000,107.3300,107.5300,69500,49.5879
2007-03-27,107.4000,107.6000,107.3300,107.5100,84500,49.5786
2007-03-28,107.5400,107.8000,107.3100,107.4400,82500,49.5464
2007-03-29,107.3800,107.4600,107.2500,107.3100,119400,49.4864
2007-03-30,107.4300,107.4400,107.0200,107.2700,127000,49.4680
2007-04-02,106.8300,106.8600,106.6800,106.8400,77000,49.4967
2007-04-03,106.7900,106.8100,106.6300,106.7800,158900,49.4689
2007-04-04,106.8300,107.0100,106.7500,106.8700,93600,49.5106
2007-04-05,106.8000,106.8900,106.5700,106.6500,129900,49.4087
2007-04-09,106.0200,106.3400,106.0200,106.3000,137400,49.2465
2007-04-10,106.5200,106.5900,106.3500,106.5200,115800,49.3484
2007-04-11,106.6000,106.6800,106.3200,106.3200,103400,49.2558
2007-04-12,106.4300,106.5900,106.3400,106.4800,83700,49.3299
2007-04-13,106.5600,106.5600,106.2600,106.3000,96400,49.2465
2007-04-16,106.5900,106.5900,106.3000,106.3900,180500,49.2882
2007-04-17,106.7500,106.9800,106.6300,106.9700,101200,49.5569
2007-04-18,107.2100,107.2400,106.8200,107.0000,127300,49.5708
2007-04-19,107.1500,107.2700,106.9900,107.0700,124200,49.6032
2007-04-20,107.1800,107.2600,106.9000,107.0400,92500,49.5894
2007-04-23,107.2200,107.3900,107.0000,107.3500,100600,49.7330
2007-04-24,107.3000,107.6500,107.1700,107.6200,105900,49.8581
2007-04-25,107.6000,107.7400,107.4200,107.4700,125200,49.7886
2007-04-26,107.4000,107.4500,107.1400,107.2400,194500,49.6820
2007-04-27,107.3200,107.3500,107.1600,107.2100,235700,49.6681
2007-04-30,107.3100,107.7600,107.3100,107.7300,362600,49.9090
2007-05-01,107.1300,107.3300,106.9100,107.1900,226900,49.8811
2007-05-02,107.2400,107.2500,107.0000,107.1600,145000,49.8671
2007-05-03,107.0200,107.1100,106.8000,107.0100,157200,49.7973
2007-05-04,107.3500,107.3500,107.1000,107.2700,100900,49.9183
2007-05-07,107.2900,107.4000,107.2100,107.4000,136900,49.9788
2007-05-08,107.5000,107.5000,107.2000,107.3400,134500,49.9509
2007-05-09,107.3900,107.3900,107.0800,107.1700,107200,49.8718
2007-05-10,107.2200,107.3100,107.1300,107.2200,75900,49.8951
2007-05-11,107.4500,107.4900,107.0100,107.1100,87100,49.8439
2007-05-14,107.1400,107.1700,106.8700,107.0000,121600,49.7927
2007-05-15,107.0000,107.1400,106.6700,106.7600,174200,49.6810
2007-05-16,106.9500,107.0300,106.7000,107.0100,157200,49.7973
2007-05-17,106.8000,106.8600,106.6200,106.6900,126100,49.6484
2007-05-18,106.5000,106.6600,106.3000,106.3900,147700,49.5088
2007-05-21,106.3000,106.5600,106.2400,106.5300,88700,49.5739
2007-05-22,106.5000,106.5200,106.1200,106.1900,83100,49.4157
2007-05-23,106.3000,106.3300,105.9100,106.0900,128200,49.3692
2007-05-24,106.1100,106.2200,105.7700,106.2200,92800,49.4297
2007-05-25,106.0800,106.3800,105.9400,106.1500,104000,49.3972
2007-05-29,106.1000,106.1200,105.7900,105.9400,139700,49.2994
2007-05-30,106.1400,106.2100,105.8800,106.0200,94700,49.3366
2007-05-31,106.0400,106.0400,105.5900,105.9300,130100,49.2948
2007-06-01,105.2100,105.2500,104.9200,105.0300,105200,49.1059
2007-06-04,104.9500,105.2200,104.9200,105.2000,111300,49.1853
2007-06-05,104.9600,105.0000,104.7600,104.8600,97200,49.0264
2007-06-06,104.9000,105.0200,104.8000,104.9500,64800,49.0684
2007-06-07,104.5500,104.5500,103.7300,103.8300,179800,48.5448
2007-06-08,103.6100,103.9500,103.3500,103.8800,404300,48.5682
2007-06-11,103.7800,103.9600,103.5200,103.5600,109700,48.4186
2007-06-12,103.3800,103.4500,102.9600,103.0000,129400,48.1567
2007-06-13,103.4200,103.6200,103.0600,103.4500,249400,48.3672
2007-06-14,103.2800,103.6100,103.2000,103.4200,110100,48.3531
2007-06-15,103.5000,103.9500,103.4700,103.8300,100100,48.5448
2007-06-18,103.6800,103.9500,103.4700,103.8200,101100,48.5402
2007-06-19,103.9800,104.4900,103.9000,104.4900,121000,48.8534
2007-06-20,104.1000,104.2300,103.8600,103.9900,77700,48.6196
2007-06-21,103.7100,104.0400,103.6400,103.7200,83200,48.4934
2007-06-22,103.6600,104.0100,103.5000,104.0000,73900,48.6243
2007-06-25,104.3000,104.3800,103.9700,104.1200,82500,48.6804
2007-06-26,104.3100,104.3500,103.9900,104.1000,68900,48.6711
2007-06-27,104.3800,104.4900,104.0700,104.1000,105900,48.6711
2007-06-28,104.1300,104.3000,103.8700,103.9900,63100,48.6196
2007-06-29,104.1800,104.7500,104.1800,104.5800,191400,48.8955
2007-07-02,104.2000,104.2000,103.7000,103.8500,3074400,48.7743
2007-07-03,104.2800,104.2900,103.6700,103.8700,45900,48.7837
2007-07-05,103.4000,103.6500,103.1800,103.2000,83600,48.4690
2007-07-06,103.1100,103.2600,102.8200,103.0000,83700,48.3751
2007-07-09,103.3000,103.3400,103.0300,103.2100,100900,48.4737
2007-07-10,103.8900,104.1100,103.5100,103.9200,159600,48.8072
2007-07-11,104.0200,104.0700,103.3900,103.4500,86000,48.5865
2007-07-12,103.6700,103.6700,102.9500,103.0400,129500,48.3939
2007-07-13,103.3500,103.5400,103.0700,103.4900,71800,48.6052
2007-07-16,103.6800,103.8300,103.4000,103.7600,90500,48.7321
2007-07-17,103.7400,103.9300,103.3800,103.5400,86600,48.6287
2007-07-18,103.5700,104.1500,103.5300,103.8400,85900,48.7696
2007-07-19,103.6600,103.8900,103.3400,103.6200,170900,48.6663
2007-07-20,104.1000,104.3400,103.8600,103.9100,181000,48.8025
2007-07-23,104.0700,104.1300,103.7500,103.7900,56900,48.7461
2007-07-24,104.2000,104.2000,103.6000,103.6600,101600,48.6850
2007-07-25,104.0500,104.1000,103.7400,103.7400,239800,48.7226
2007-07-26,104.1800,104.6000,103.5200,103.5200,104600,48.6193
2007-07-27,103.9900,104.3000,103.0000,103.1400,91400,48.4408
2007-07-30,103.7300,103.8400,102.8500,103.3000,138300,48.5160
2007-07-31,103.4000,103.8700,103.2500,103.2500,152700,48.4925
2007-08-01,103.5500,103.7500,102.9200,103.0900,77200,48.6492
2007-08-02,103.2200,103.5300,102.8900,102.9500,117400,48.5831
2007-08-03,103.3600,103.9200,103.2000,103.4600,109200,48.8238
2007-08-06,103.8100,104.0000,103.0400,103.1000,99100,48.6539
2007-08-07,103.6200,103.6900,103.1000,103.3800,100500,48.7861
2007-08-08,102.7600,103.7600,102.7600,103.4900,92500,48.8379
2007-08-09,103.6800,103.7700,103.1000,103.4000,69300,48.7955
2007-08-10,103.5000,104.4400,102.7400,102.9400,142700,48.5784
2007-08-13,103.1500,103.7200,103.0100,103.3000,155100,48.7483
2007-08-14,103.5300,104.0000,103.2600,103.9500,115800,49.0550
2007-08-15,103.9600,103.9700,103.4300,103.6700,125700,48.9229
2007-08-16,103.7900,104.0200,102.5900,102.6600,438800,48.4463
2007-08-17,102.8100,103.3900,102.6000,102.8400,234100,48.5312
2007-08-20,102.8600,103.7100,102.8600,103.5800,129100,48.8804
2007-08-21,103.6000,103.9100,103.4700,103.7900,104000,48.9795
2007-08-22,103.7900,104.1000,103.5600,104.0000,102600,49.0786
2007-08-23,103.9300,104.2500,103.6700,104.0500,88600,49.1022
2007-08-24,104.3600,104.3600,103.7700,104.2800,231600,49.2107
2007-08-27,104.4500,104.5600,104.0000,104.0000,82200,49.0786
2007-08-28,104.4600,104.8900,104.2100,104.8900,145100,49.4986
2007-08-29,105.1500,105.1500,104.4100,104.4100,63100,49.2721
2007-08-30,104.7000,104.8000,104.4300,104.7200,155200,49.4184
2007-08-31,104.3000,105.3200,103.8900,105.2100,290200,49.6496
2007-09-04,104.5900,104.6000,104.1700,104.4900,148500,49.5396
2007-09-05,104.5500,104.9200,104.0600,104.9000,69600,49.7340
2007-09-06,104.8200,104.8300,104.4800,104.6600,106600,49.6202
2007-09-07,104.6100,105.3100,104.6100,105.2300,102300,49.8905
2007-09-10,105.1000,105.6700,104.9000,105.5400,118800,50.0374
2007-09-11,105.1000,105.4300,104.9200,104.9300,98500,49.7482
2007-09-12,104.8900,104.9700,104.4800,104.5000,94800,49.5444
2007-09-13,104.5300,104.5900,104.2000,104.3500,134300,49.4733
2007-09-14,104.6300,104.8600,104.2100,104.6400,83300,49.6107
2007-09-17,104.0000,104.6400,104.0000,104.6000,70700,49.5918
2007-09-18,104.5000,104.9600,104.1000,104.8500,78200,49.7103
2007-09-19,104.4300,104.7200,104.1100,104.2700,141100,49.4353
2007-09-20,103.9000,104.6800,103.8000,104.0800,113700,49.3453
2007-09-21,104.2500,104.8100,104.1000,104.5700,103300,49.5775
2007-09-24,104.8400,105.0900,104.3200,105.0900,64100,49.8241
2007-09-25,104.9400,105.3400,104.9100,105.0300,78400,49.7956
2007-09-26,105.3800,105.4000,104.7600,105.2900,111700,49.9189
2007-09-27,105.2900,105.6500,104.8400,105.5600,65600,50.0469
2007-09-28,105.8300,105.8500,105.2000,105.4900,95800,50.0137
2007-10-01,105.8200,105.8200,104.2700,104.3300,1038900,49.6913
2007-10-02,104.0700,104.6500,104.0700,104.2300,187300,49.6437
2007-10-03,104.6700,104.8200,104.2400,104.7000,253900,49.8675
2007-10-04,104.8100,105.5300,104.8100,105.5300,768400,50.2628
2007-10-05,104.9100,105.2700,104.6100,105.1000,75200,50.0580
2007-10-08,104.5100,105.5200,104.5100,105.4700,78100,50.2342
2007-10-09,105.2000,105.4500,104.9600,105.0100,70200,50.0151
2007-10-10,105.2200,105.5200,104.9400,105.3800,69200,50.1914
2007-10-11,105.2600,105.6300,104.9300,105.6000,138700,50.2962
2007-10-12,105.5100,105.5100,104.7700,105.0200,149400,50.0199
2007-10-15,105.3200,105.3500,104.9000,105.3500,101700,50.1771
2007-10-16,105.4200,105.6100,105.1100,105.5300,123700,50.2628
2007-10-17,105.7500,106.2400,105.3400,106.0300,65900,50.5010
2007-10-18,106.2400,106.2500,105.8600,106.0400,96800,50.5058
2007-10-19,106.3000,106.7300,105.8900,106.7300,97700,50.8344
2007-10-22,106.3400,106.7300,106.3400,106.7300,73100,50.8344
2007-10-23,106.2100,106.6500,106.0600,106.1000,157500,50.5343
2007-10-24,106.6400,107.0000,106.4300,106.7500,114900,50.8439
2007-10-25,106.9100,106.9100,106.5000,106.5000,51400,50.7248
2007-10-26,106.3500,106.7700,106.1500,106.3300,73500,50.6439
2007-10-29,106.0500,106.6000,106.0500,106.5800,84200,50.7629
2007-10-30,106.5200,106.5900,106.2400,106.5700,55400,50.7582
2007-10-31,106.3900,106.6800,105.8800,106.0200,101100,50.4962
2007-11-01,105.3000,106.3500,105.3000,106.3500,70300,50.8819
2007-11-02,105.9000,106.4600,105.6100,105.6900,132300,50.5661
2007-11-05,106.2300,106.2300,105.8500,105.9500,60300,50.6905
2007-11-06,105.4100,105.7800,105.3000,105.3000,82700,50.3795
2007-11-07,105.5400,105.6500,105.1600,105.2300,93000,50.3460
2007-11-08,105.5500,105.6000,105.2100,105.4000,174600,50.4273
2007-11-09,105.7000,105.9000,105.3100,105.8700,42700,50.6522
2007-11-12,104.8700,105.8400,104.8700,105.8300,89900,50.6331
2007-11-13,105.7600,105.7600,105.0200,105.3000,112500,50.3795
2007-11-14,105.2200,105.3600,104.8500,104.8500,102700,50.1642
2007-11-15,105.2700,105.4800,105.0100,105.2500,88900,50.3556
2007-11-16,105.1200,105.5700,105.1200,105.2600,72100,50.3604
2007-11-19,105.5500,106.2300,105.3000,106.0700,73000,50.7479
2007-11-20,105.8800,105.9000,105.4000,105.4000,77800,50.4273
2007-11-21,105.9900,106.3000,105.7900,106.1400,269500,50.7813
2007-11-23,105.8900,106.0300,105.6100,105.6100,49800,50.5278
2007-11-26,106.0600,107.4900,105.7500,107.3600,142400,51.3650
2007-11-27,105.9300,106.7500,105.9300,106.4400,280100,50.9249
2007-11-28,106.0500,106.8000,105.6700,105.7000,152400,50.5709
2007-11-29,106.4700,106.7500,105.9800,106.1000,134400,50.7623
2007-11-30,105.5500,106.6200,105.2200,106.6200,1046100,51.0110
2007-12-03,107.2500,107.2500,105.9900,106.2000,97900,51.0288
2007-12-04,106.1200,106.7900,105.8600,106.2500,72800,51.0528
2007-12-05,105.4600,106.0000,105.4600,105.8500,143900,50.8606
2007-12-06,105.6200,105.6200,105.0500,105.0700,88500,50.4859
2007-12-07,105.0800,105.0800,104.1300,104.1700,106800,50.0534
2007-12-10,104.4800,104.5600,103.9200,104.2400,118000,50.0870
2007-12-11,104.6500,105.6000,104.0500,105.2500,101100,50.5723
2007-12-12,103.6100,105.2100,103.6100,104.9200,125700,50.4138
2007-12-13,104.1300,104.7200,104.0100,104.3200,126700,50.1254
2007-12-14,103.8600,104.2400,103.1400,103.1400,328500,49.5585
2007-12-17,103.6700,104.3000,103.6700,104.1400,112400,50.0390
2007-12-18,104.7400,104.9000,104.1800,104.4600,119100,50.1927
2007-12-19,105.3400,105.5300,104.4600,105.2800,131400,50.5868
2007-12-20,105.3100,105.5900,104.7700,104.7700,162800,50.3417
2007-12-21,105.3100,105.3100,104.4400,104.6600,123200,50.2888
2007-12-24,104.5000,104.5900,104.1200,104.1300,61700,50.0342
2007-12-26,104.2500,104.6600,104.0300,104.1600,78900,50.0486
2007-12-27,104.4700,104.4700,103.7200,104.3100,139400,50.3454
2007-12-28,104.5300,105.4200,104.5300,104.6400,177600,50.5047
2007-12-31,105.0000,105.5600,104.8000,104.8400,93900,50.6012
2008-01-02,105.6100,106.2200,105.0600,106.0800,728300,51.1997
2008-01-03,105.3600,106.0400,105.3600,105.7300,151300,51.0308
2008-01-04,106.2900,106.6100,106.0500,106.6000,135900,51.4507
2008-01-07,106.5500,106.7100,106.2500,106.4700,148300,51.3879
2008-01-08,106.5400,106.6100,105.9900,106.2700,127100,51.2914
2008-01-09,105.8900,106.5000,105.8600,106.0500,146200,51.1852
2008-01-10,106.0600,106.1700,105.5900,105.7400,388300,51.0355
2008-01-11,105.7500,106.5400,105.7500,106.5100,98800,51.4072
2008-01-14,106.1100,106.5600,104.9800,106.0700,335000,51.1949
2008-01-15,106.4100,106.7900,106.0700,106.6400,159800,51.4700
2008-01-16,106.6200,107.1000,106.1100,106.4800,173400,51.3928
2008-01-17,106.2100,106.9800,106.0600,106.9800,152700,51.6341
2008-01-18,106.2300,107.6800,106.2300,106.8000,195800,51.5472
2008-01-22,106.9800,107.2700,106.1600,107.0300,267100,51.6582
2008-01-23,107.8200,108.2600,106.7800,107.1700,440200,51.7258
2008-01-24,106.9700,107.0000,106.2600,106.2600,244400,51.2866
2008-01-25,105.9100,107.5000,105.8300,107.4100,159700,51.8417
2008-01-28,107.2600,107.6500,106.5500,107.3800,272100,51.8271
2008-01-29,107.3400,107.3400,106.7500,107.2000,152000,51.7403
2008-01-30,106.6200,107.2600,106.6200,107.1800,147200,51.7306
2008-01-31,107.4000,107.6000,106.9400,107.5300,162900,51.8995
2008-02-01,107.6700,107.6800,107.0000,107.4900,188500,52.1197
2008-02-04,107.1400,107.3500,107.0000,107.2000,155800,51.9790
2008-02-05,107.8900,107.8900,107.2300,107.5700,212400,52.1585
2008-02-06,107.4500,107.4800,106.8100,106.9900,215000,51.8772
2008-02-07,107.0000,107.0600,105.5000,105.7600,206400,51.2809
2008-02-08,106.2500,106.3800,105.8200,106.1600,210000,51.4748
2008-02-11,106.6500,106.9700,106.0900,106.4800,146100,51.6300
2008-02-12,106.4600,106.4600,105.7300,106.3300,270400,51.5573
2008-02-13,105.9800,106.2100,105.2500,105.2600,200500,51.0384
2008-02-14,105.5100,105.6200,104.7400,105.0300,172700,50.9269
2008-02-15,105.5600,105.5600,104.9900,105.3700,179400,51.0918
2008-02-19,104.8800,105.2100,104.2000,104.3300,220800,50.5875
2008-02-20,104.3200,104.6100,104.0000,104.5600,151000,50.6990
2008-02-21,104.8400,105.3700,104.6000,105.2800,264600,51.0481
2008-02-22,105.2300,105.3900,104.4800,104.8700,276800,50.8493
2008-02-25,104.8500,104.9200,104.2000,104.2000,194200,50.5244
2008-02-26,104.5800,104.9500,104.2000,104.9500,235600,50.8881
2008-02-27,104.9900,105.2300,104.3200,104.8500,286900,50.8396
2008-02-28,105.3500,105.6800,105.0100,105.6100,214400,51.2081
2008-02-29,106.0000,106.2800,105.5100,106.2800,211800,51.5330
2008-03-03,106.2000,106.3700,105.3100,105.8300,571400,51.5320
2008-03-04,105.8300,106.0200,104.8600,105.2100,335900,51.2301
2008-03-05,105.0800,105.0800,104.2100,104.4700,391400,50.8698
2008-03-06,104.6400,104.8600,104.1900,104.3300,151600,50.8016
2008-03-07,104.0800,104.8400,103.6800,104.1100,317200,50.6945
2008-03-10,104.5100,104.5100,103.7200,104.0900,139400,50.6848
2008-03-11,104.0000,104.0000,102.9000,102.9000,149700,50.1053
2008-03-12,103.3400,104.2500,102.7700,104.1400,523400,50.7091
2008-03-13,104.0800,104.0800,102.8000,103.0100,402100,50.1589
2008-03-14,103.5400,103.8900,102.7100,102.9500,96200,50.1297
2008-03-17,104.0000,105.0000,103.4800,103.7900,175400,50.5387
2008-03-18,103.5000,104.1400,103.0400,103.6000,103700,50.4462
2008-03-19,104.1200,104.4400,103.8700,104.0500,187400,50.6653
2008-03-20,104.2000,104.7500,103.9900,104.6000,118100,50.9331
2008-03-24,104.5100,105.0000,104.0000,104.4000,107100,50.8357
2008-03-25,104.1000,104.9800,104.1000,104.8700,95300,51.0646
2008-03-26,104.8000,105.1700,104.6300,105.0000,140500,51.1279
2008-03-27,104.5300,104.7900,104.0600,104.3600,126900,50.8162
2008-03-28,104.5800,105.0500,104.0800,104.9200,119900,51.0889
2008-03-31,105.2500,105.7000,105.0000,105.2000,435100,51.2253
2008-04-01,105.1900,105.1900,104.0300,104.5200,395100,51.1435
2008-04-02,105.1200,105.1200,104.5000,104.7000,261400,51.2317
2008-04-03,104.9600,104.9800,104.5000,104.7500,143700,51.2561
2008-04-04,105.7400,106.0300,105.3100,106.0200,308700,51.8775
2008-04-07,105.8500,106.2300,105.4000,106.1400,302900,51.9362
2008-04-08,106.3400,106.3500,105.2600,105.7600,168100,51.7503
2008-04-09,105.8700,106.1400,105.3900,105.4500,150000,51.5986
2008-04-10,105.5400,105.6400,105.0400,105.5500,126600,51.6475
2008-04-11,105.8200,106.0500,105.2400,105.6500,176800,51.6965
2008-04-14,105.7400,105.7400,104.9000,105.0000,115500,51.3784
2008-04-15,104.9800,105.0900,104.4700,104.7800,90200,51.2707
2008-04-16,104.8400,104.9500,104.0600,104.1800,111400,50.9772
2008-04-17,104.5700,104.6000,103.8300,104.4500,139800,51.1093
2008-04-18,104.3300,104.9200,103.7900,104.9100,118200,51.3344
2008-04-21,104.8400,105.0300,104.3300,104.5700,164600,51.1680
2008-04-22,104.4000,104.9500,104.3400,104.3400,298500,51.0555
2008-04-23,104.7900,105.0500,104.5200,104.6600,455600,51.2121
2008-04-24,104.6800,104.9100,104.1700,104.5200,238600,51.1435
2008-04-25,104.6000,104.7100,104.2300,104.5700,120100,51.1680
2008-04-28,104.6500,105.0700,104.5700,105.0700,178400,51.4126
2008-04-29,105.3500,105.7400,105.0500,105.4000,226700,51.5741
2008-04-30,105.5400,105.9900,105.2400,105.9900,196500,51.8628
2008-05-01,106.2500,106.2900,105.8000,106.1500,221300,52.1690
2008-05-02,105.0000,106.5200,105.0000,105.5300,236900,51.8643
2008-05-05,105.6000,105.9900,105.5100,105.6800,129900,51.9380
2008-05-06,106.0000,106.0200,105.0000,105.0000,143500,51.6038
2008-05-07,105.2500,105.3800,104.5400,105.2800,401700,51.7414
2008-05-08,105.5200,105.8300,105.2600,105.7500,139700,51.9725
2008-05-09,105.9100,105.9800,105.5400,105.7500,225400,51.9725
2008-05-12,106.3800,106.3800,105.5900,105.6500,205100,51.9233
2008-05-13,105.3000,105.5000,104.9300,105.0500,276300,51.6284
2008-05-14,105.2900,105.3500,104.7100,105.1100,324000,51.6579
2008-05-15,105.1400,105.8100,105.0600,105.8100,243800,52.0019
2008-05-16,105.5200,106.2400,105.4400,105.6700,155300,51.9331
2008-05-19,105.9200,106.0000,105.4500,105.6900,206100,51.9429
2008-05-20,105.9200,106.0200,105.5200,105.7300,159600,51.9626
2008-05-21,105.5600,105.7500,105.1400,105.2700,184600,51.7365
2008-05-22,104.8700,105.0000,103.7800,104.1100,219600,51.1664
2008-05-23,104.3600,104.6200,104.0800,104.5900,129500,51.4023
2008-05-27,104.3200,104.5000,103.8700,103.9600,150300,51.0927
2008-05-28,103.7700,103.8700,103.2300,103.2900,151200,50.7634
2008-05-29,103.1600,103.1600,102.6700,102.7900,159000,50.5177
2008-05-30,103.2700,103.3900,103.0300,103.2000,171900,50.7192
2008-06-02,102.5300,103.5100,102.2900,103.0800,151900,50.8935
2008-06-03,103.4400,103.6000,102.6000,103.4800,149300,51.0910
2008-06-04,103.8400,103.8400,103.0100,103.1600,127600,50.9330
2008-06-05,102.7500,103.0100,102.6000,102.6100,118700,50.6614
2008-06-06,103.0300,103.6100,103.0300,103.1200,118900,50.9132
2008-06-09,103.1400,103.3900,102.7200,103.0300,124200,50.8688
2008-06-10,103.0000,103.1600,102.2500,102.4400,135900,50.5775
2008-06-11,102.4900,102.8400,101.9200,102.4000,230800,50.5578
2008-06-12,101.5700,102.2000,101.5200,101.5300,189800,50.1282
2008-06-13,101.7500,102.0000,100.9100,101.0000,215900,49.8665
2008-06-16,101.6500,101.6500,101.0700,101.3600,123500,50.0442
2008-06-17,101.8500,101.9500,101.4700,101.6900,271500,50.2072
2008-06-18,102.0300,102.2500,101.7700,102.2000,300100,50.4590
2008-06-19,101.9300,102.1100,101.3900,101.6700,98000,50.1973
2008-06-20,101.9000,102.0700,101.5000,101.7300,74000,50.2270
2008-06-23,101.6800,102.0200,101.4200,101.6900,128800,50.2072
2008-06-24,101.8200,102.0300,101.4600,101.6300,153200,50.1776
2008-06-25,101.8200,102.1100,100.9100,101.7100,228400,50.2171
2008-06-26,102.4400,102.5000,101.6800,101.7900,342300,50.2566
2008-06-27,101.9400,102.0100,101.4700,101.6900,203700,50.2072
2008-06-30,101.9700,102.0400,101.4000,101.4000,97700,50.0640
2008-07-01,101.6400,101.7300,100.8400,100.9200,308700,50.0412
2008-07-02,101.1500,101.3800,100.7200,100.8500,212300,50.0065
2008-07-03,100.9500,101.1000,100.6100,100.7200,49900,49.9420
2008-07-07,101.3600,101.3700,100.6000,101.1900,367800,50.1751
2008-07-08,100.8500,101.7600,100.7800,101.7400,352100,50.4478
2008-07-09,101.7700,102.0700,101.2300,101.8100,135300,50.4825
2008-07-10,101.3700,101.9000,100.9000,101.2300,275700,50.1950
2008-07-11,101.5300,101.5300,100.3600,100.4500,159400,49.8082
2008-07-14,101.4000,101.4500,100.3600,100.5000,207300,49.8329
2008-07-15,100.1000,100.9500,100.1000,100.4800,145800,49.8230
2008-07-16,100.5000,100.6000,99.5000,99.6900,264100,49.4313
2008-07-17,100.1600,100.1600,98.9100,99.3500,195900,49.2627
2008-07-18,98.9100,99.8000,98.9100,99.1700,175200,49.1735
2008-07-21,99.0600,99.8800,99.0200,99.2800,217000,49.2280
2008-07-22,99.3400,100.0500,99.3400,99.9200,713000,49.5454
2008-07-23,99.7700,99.9500,99.2600,99.5700,232300,49.3718
2008-07-24,99.9000,100.4700,99.6700,100.4500,92000,49.8082
2008-07-25,100.0400,100.2200,99.7000,99.9200,148000,49.5454
2008-07-28,100.0900,100.7400,100.0900,100.5000,264700,49.8329
2008-07-29,100.2800,100.3400,99.9500,100.2500,135000,49.7090
2008-07-30,100.3000,100.8100,100.0300,100.7300,293100,49.9470
2008-07-31,100.5500,101.3600,100.5500,101.3600,1078000,50.2594
2008-08-01,100.8900,101.1000,100.1100,100.5300,109800,50.0781
2008-08-04,100.5000,100.7400,100.1300,100.5400,244200,50.0830
2008-08-05,100.1100,100.4600,100.1000,100.1000,113300,49.8638
2008-08-06,100.4000,100.4000,100.0300,100.2500,280700,49.9386
2008-08-07,100.3300,101.1400,100.2200,101.0800,169800,50.3520
2008-08-08,101.0600,101.2000,100.7300,101.1800,356000,50.4018
2008-08-11,101.4400,101.4400,100.2900,100.7200,170000,50.1727
2008-08-12,101.1200,101.3300,100.7500,101.3300,188800,50.4765
2008-08-13,101.0500,101.3000,100.5000,100.8000,141400,50.2126
2008-08-14,101.1500,101.2800,100.5600,101.0900,219100,50.3570
2008-08-15,101.3300,101.4000,100.9200,101.3200,116600,50.4716
2008-08-18,101.0000,101.3600,101.0000,101.3600,107900,50.4915
2008-08-19,101.4100,101.4100,101.0000,101.2000,160300,50.4118
2008-08-20,100.8100,101.2800,100.6200,101.2100,509200,50.4168
2008-08-21,101.3100,101.3100,100.5300,100.6100,234600,50.1179
2008-08-22,101.1500,101.1500,100.0800,100.6500,187300,50.1378
2008-08-25,101.3200,101.3700,101.0400,101.3000,101700,50.4616
2008-08-26,101.2200,101.5100,100.9100,101.4200,727400,50.5214
2008-08-27,100.8700,101.3100,100.7200,101.2600,164600,50.4417
2008-08-28,101.2800,101.2800,100.8400,101.2400,143900,50.4317
2008-08-29,101.5700,101.5700,100.0700,101.0400,535000,50.3321
2008-09-02,100.8900,101.2600,100.3400,100.9800,134200,50.5308
2008-09-03,101.1800,101.3700,100.9000,101.1800,225200,50.6308
2008-09-04,101.0100,101.3800,100.7300,101.2100,333900,50.6459
2008-09-05,101.5300,101.6900,101.0100,101.1100,119600,50.5958
2008-09-08,101.2200,101.6600,100.8200,101.2800,356400,50.6809
2008-09-09,101.3500,101.8400,101.0600,101.6300,263600,50.8561
2008-09-10,100.8200,101.9200,100.8100,101.5900,834400,50.8360
2008-09-11,100.4700,101.1800,100.4400,100.8000,438100,50.4407
2008-09-12,100.4300,100.5300,99.7200,100.0300,226600,50.0554
2008-09-15,100.0900,100.0900,98.0600,99.2900,227400,49.6851
2008-09-16,97.7300,98.9300,90.8900,92.9900,2894600,46.5326
2008-09-17,93.1400,93.7300,85.0400,88.7300,993700,44.4009
2008-09-18,89.3400,92.9300,87.0000,89.9400,800200,45.0063
2008-09-19,92.5600,93.4900,91.7500,92.7500,818900,46.4125
2008-09-22,93.9300,94.1600,92.0100,93.3000,862000,46.6877
2008-09-23,93.6400,93.9500,92.1900,92.3400,311900,46.2073
2008-09-24,93.6400,93.6400,91.7300,92.1000,207800,46.0872
2008-09-25,91.8800,92.6900,91.7500,92.5000,365500,46.2874
2008-09-26,91.7000,92.0000,87.2500,90.0000,513400,45.0363
2008-09-29,88.5000,89.4900,80.0000,81.8000,787300,40.9330
2008-09-30,85.9000,89.7900,85.1000,89.7900,905100,44.9312
2008-10-01,88.6800,90.3000,87.5300,90.2100,639700,45.3460
2008-10-02,88.3000,89.7100,88.0000,88.9000,340400,44.6875
2008-10-03,90.1500,90.1500,88.1100,88.8600,273400,44.6674
2008-10-06,88.6000,88.9000,84.4500,87.8300,380800,44.1496
2008-10-07,88.0000,91.3600,88.0000,89.4700,581200,44.9740
2008-10-08,87.4800,89.9800,86.3000,88.8300,524800,44.6523
2008-10-09,89.9000,89.9000,84.7500,86.4600,353900,43.4610
2008-10-10,80.0000,87.0000,76.0500,81.7000,905400,41.0682
2008-10-13,79.5700,87.2000,79.5700,86.2000,481100,43.3302
2008-10-14,90.5000,91.2400,84.0300,84.8500,610300,42.6516
2008-10-15,83.8000,86.9700,83.5300,84.8500,238900,42.6516
2008-10-16,86.1000,88.0700,84.9500,85.7400,221500,43.0990
2008-10-17,86.0000,86.8700,84.2400,85.0100,494800,42.7321
2008-10-20,86.1500,87.8400,85.5000,87.6000,945600,44.0340
2008-10-21,87.7800,88.9000,86.5100,88.4700,1048700,44.4713
2008-10-22,87.2600,88.3700,86.0100,87.4500,691500,43.9586
2008-10-23,87.7100,88.6900,87.6500,88.0000,1166100,44.2351
2008-10-24,86.0000,88.5000,86.0000,88.3500,1777300,44.4110
2008-10-27,87.9900,87.9900,86.9300,87.7800,975300,44.1245
2008-10-28,87.8500,88.1600,86.5400,87.2000,732000,43.8329
2008-10-29,86.4000,89.2400,86.0000,88.6700,1970600,44.5718
2008-10-30,88.6700,89.0500,88.0000,88.0100,1219400,44.2401
2008-10-31,88.7400,88.7400,87.1000,87.6500,636300,44.0591
2008-11-03,87.5000,88.0900,87.2000,87.9300,374200,44.4203
2008-11-04,88.3000,89.1400,88.0000,88.5300,1376400,44.7234
2008-11-05,88.6500,90.4500,88.6500,90.2500,654400,45.5923
2008-11-06,90.9500,91.1200,90.0100,90.8700,2814300,45.9055
2008-11-07,90.6500,91.1800,90.1000,90.2300,2126600,45.5823
2008-11-10,90.1600,90.6600,89.7400,90.2700,452100,45.6024
2008-11-11,90.6600,91.6200,90.3000,90.5600,621000,45.7490
2008-11-12,90.1800,90.6500,90.1800,90.5400,1815700,45.7388
2008-11-13,90.4000,90.4500,89.5000,89.9200,858300,45.4256
2008-11-14,89.4100,90.2300,87.0000,89.9000,409400,45.4155
2008-11-17,90.4900,90.6000,90.0000,90.5500,360300,45.7439
2008-11-18,90.2200,91.1700,90.2200,90.6600,450300,45.7995
2008-11-19,90.7700,91.1100,90.3100,90.8000,487200,45.8702
2008-11-20,91.0700,91.9300,89.6500,89.8100,756600,45.3701
2008-11-21,90.6000,91.3900,89.9000,90.8500,756500,45.8955
2008-11-24,91.7500,92.0300,90.0100,90.4500,1088800,45.6934
2008-11-25,91.2300,91.4400,90.1400,90.8800,1002200,45.9106
2008-11-26,91.3300,91.3300,90.0100,90.4000,2219400,45.6681
2008-11-28,90.9900,91.1000,90.1000,90.1400,825200,45.5367
2008-12-01,90.9900,91.1500,89.5200,91.0900,1636600,46.2486
2008-12-02,91.3500,92.1000,90.8500,91.7800,949600,46.5989
2008-12-03,92.3000,92.4200,91.3000,92.4200,739000,46.9239
2008-12-04,91.7600,92.7800,91.7200,92.5100,1064600,46.9696
2008-12-05,92.0500,92.4200,91.5100,91.8800,1339700,46.6497
2008-12-08,92.3000,93.1900,92.0000,92.8300,1697800,47.1320
2008-12-09,92.9900,93.5200,92.7500,93.4600,1440300,47.4519
2008-12-10,93.1600,93.6800,92.8800,93.6800,807200,47.5636
2008-12-11,93.9500,94.1300,93.2500,94.0000,950400,47.7261
2008-12-12,94.1000,94.5300,93.2600,94.5100,945300,47.9850
2008-12-15,94.3500,94.5200,94.1000,94.4800,906000,47.9698
2008-12-16,96.4200,96.4700,94.2900,96.4200,1581500,48.9548
2008-12-17,97.2800,98.3200,97.0000,97.8500,2113300,49.6808
2008-12-18,98.8200,100.9800,98.6700,100.2200,2787900,50.8841
2008-12-19,99.0700,100.0700,98.1000,98.7300,1669000,50.1276
2008-12-22,99.7300,100.1000,99.0000,99.9200,2562500,50.7318
2008-12-23,99.4500,100.4300,99.4000,100.2500,1677900,50.8994
2008-12-24,99.6600,101.7500,99.6100,100.5000,886300,51.0262
2008-12-26,100.1000,100.9200,100.1000,100.6900,515500,51.1228
2008-12-29,100.1900,100.9900,100.0900,100.5800,1503900,51.2818
2008-12-30,100.1700,101.4600,100.1700,101.4600,1129400,51.7305
2008-12-31,101.3600,101.7500,100.4100,101.6500,1232800,51.8274
2009-01-02,101.5000,101.6600,100.4900,100.6100,1095800,51.2971
2009-01-05,100.1500,101.7400,100.1000,101.3000,2938400,51.6489
2009-01-06,101.2500,101.8700,100.7000,101.4700,2036600,51.7356
2009-01-07,101.2400,101.2900,100.2500,100.6200,1675100,51.3022
2009-01-08,100.6000,101.3500,100.5500,101.3400,1445200,51.6693
2009-01-09,101.6200,102.6000,101.3500,102.6000,2232600,52.3117
2009-01-12,102.2000,102.4300,101.6000,102.0700,1053300,52.0415
2009-01-13,101.6200,101.8900,101.4000,101.8500,1165400,51.9294
2009-01-14,101.6700,101.9500,100.5200,101.4000,2006000,51.6999
2009-01-15,101.4000,101.6800,100.9000,101.6000,2086000,51.8019
2009-01-16,100.9600,101.6300,100.5100,101.6000,1484300,51.8019
2009-01-20,101.1300,101.4500,100.0100,100.1000,1458600,51.0371
2009-01-21,100.0100,100.2200,99.1000,99.6000,1845200,50.7822
2009-01-22,99.6800,99.7100,98.2900,99.2300,1310800,50.5935
2009-01-23,98.0600,98.8900,98.0600,98.5700,1353600,50.2570
2009-01-26,98.2100,98.7500,97.3200,97.6900,1641000,49.8083
2009-01-27,98.2100,99.8800,98.0500,99.5300,1628700,50.7465
2009-01-28,100.2400,101.0000,99.6600,100.3200,1436500,51.1493
2009-01-29,99.9400,100.5900,99.0900,99.1200,1098000,50.5374
2009-01-30,99.5000,100.4000,99.3000,99.8200,1373200,50.8943
2009-02-02,98.9900,99.6000,98.8000,98.8500,1616700,50.6489
2009-02-03,98.9900,98.9900,98.2500,98.5200,1799100,50.4798
2009-02-04,98.5100,98.7900,98.4000,98.5600,4207300,50.5003
2009-02-05,98.7000,98.7100,97.6000,97.7000,1820400,50.0597
2009-02-06,97.7200,98.4100,97.5100,98.2800,1855200,50.3568
2009-02-09,98.1000,98.5200,97.7000,98.4600,872900,50.4491
2009-02-10,98.1600,99.1700,98.1600,98.9400,1109400,50.6950
2009-02-11,99.2900,99.6600,99.0000,99.2800,1118500,50.8692
2009-02-12,99.4500,99.7300,99.1200,99.3600,1050400,50.9102
2009-02-13,99.0500,99.3300,98.2000,98.6000,1249600,50.5208
2009-02-17,99.0000,99.4400,98.5800,99.1400,1136200,50.7975
2009-02-18,99.3600,99.3800,98.5600,98.6500,1288600,50.5464
2009-02-19,97.8800,98.6400,97.2200,97.8400,1349200,50.1314
2009-02-20,97.5100,97.6500,96.6400,97.4300,2035700,49.9213
2009-02-23,96.9800,97.2000,96.6000,97.1000,1171500,49.7523
2009-02-24,97.3700,97.7300,96.5200,96.7500,1777200,49.5729
2009-02-25,96.9100,96.9400,95.0000,95.4300,2134700,48.8966
2009-02-26,95.4300,95.4300,94.8200,94.8200,1365800,48.5840
2009-02-27,94.8100,95.0500,94.0000,94.1600,1583900,48.2458
2009-03-02,94.2800,94.4900,93.0400,93.6900,1936200,48.2520
2009-03-03,93.7500,93.9800,92.8500,93.1800,1375700,47.9894
2009-03-04,93.2200,93.4400,93.0000,93.1500,1186600,47.9739
2009-03-05,92.9100,93.6500,92.5100,92.9000,1645100,47.8452
2009-03-06,93.3600,94.0400,92.8000,93.1000,1349600,47.9482
2009-03-09,92.8800,93.2400,90.5100,90.5400,2680200,46.6297
2009-03-10,91.2500,91.9900,91.0000,91.8500,2112800,47.3044
2009-03-11,92.0100,92.0100,91.0000,91.8800,2179000,47.3199
2009-03-12,91.7200,91.9900,91.3900,91.8000,1108400,47.2786
2009-03-13,92.0600,92.7200,91.7900,92.6500,1547000,47.7164
2009-03-16,92.3400,92.9000,92.1500,92.7800,959300,47.7833
2009-03-17,92.7600,92.9500,92.2300,92.5300,1909700,47.6546
2009-03-18,92.5600,95.3700,92.2400,94.5000,1934400,48.6692
2009-03-19,95.0000,97.7100,94.3300,94.7000,4319900,48.7722
2009-03-20,95.0400,95.5800,93.5500,93.7400,1293200,48.2777
2009-03-23,93.8500,94.2700,93.6500,94.0300,1631700,48.4271
2009-03-24,93.5700,93.6900,93.1000,93.1000,1220100,47.9482
2009-03-25,93.4500,93.5200,92.4700,92.6500,1392700,47.7164
2009-03-26,92.8400,93.3500,92.4400,93.1300,1486100,47.9636
2009-03-27,93.4900,93.8100,93.3000,93.4200,1703900,48.1130
2009-03-30,93.6800,93.7100,93.1100,93.3500,944200,48.0769
2009-03-31,93.5900,94.1400,93.5000,94.1200,1093000,48.4735
2009-04-01,93.6700,93.9600,93.2600,93.4600,1401200,48.4004
2009-04-02,93.7400,93.9700,93.2600,93.4900,1233700,48.4160
2009-04-03,93.4800,93.6500,92.8200,92.9100,1359400,48.1156
2009-04-06,93.1300,93.1600,92.7100,92.8600,911600,48.0897
2009-04-07,92.8000,92.9400,92.4800,92.8200,1245200,48.0690
2009-04-08,93.2400,93.7900,92.9700,93.7500,1135900,48.5507
2009-04-09,93.6500,94.6500,93.6100,94.3800,1395000,48.8769
2009-04-13,94.6400,95.3500,94.3300,95.2900,1581700,49.3482
2009-04-14,95.4400,95.5800,94.9100,95.5400,1687200,49.4777
2009-04-15,95.7300,96.2800,95.2400,96.2800,1922400,49.8609
2009-04-16,96.2000,96.7000,96.0400,96.6900,1764500,50.0732
2009-04-17,96.6800,96.9500,96.0500,96.5700,1720500,50.0111
2009-04-20,97.0000,97.0000,95.2400,96.0400,1915300,49.7366
2009-04-21,96.2400,96.4300,95.6800,96.3400,574500,49.8919
2009-04-22,96.1300,96.3000,95.7300,96.1000,1781700,49.7677
2009-04-23,96.2400,96.3600,95.6000,96.0200,1302700,49.7262
2009-04-24,96.0400,96.4800,95.8700,96.2300,1541400,49.8350
2009-04-27,96.1700,96.3500,95.6500,96.1100,1201600,49.7728
2009-04-28,96.2700,96.4000,95.7500,95.8000,1468200,49.6123
2009-04-29,96.3700,96.7500,95.8100,96.2600,1089900,49.8505
2009-04-30,96.3000,96.4000,95.8400,96.2000,1129800,49.8194
2009-05-01,95.5800,96.0400,95.4500,95.9700,1183900,49.9433
2009-05-04,96.1000,96.2000,95.6000,96.2000,984400,50.0630
2009-05-05,96.3000,96.6300,96.0000,96.5100,1009000,50.2243
2009-05-06,96.6600,97.0400,96.3300,96.9400,1815600,50.4481
2009-05-07,96.5700,97.2000,96.0000,96.0100,1783000,49.9641
2009-05-08,96.4900,96.8500,96.2200,96.6200,1313200,50.2816
2009-05-11,96.8600,97.0000,96.2600,96.9100,1045200,50.4325
2009-05-12,96.9900,97.3900,96.8600,97.1800,1073900,50.5730
2009-05-13,97.3700,97.5400,96.9300,97.0000,1615400,50.4793
2009-05-14,97.1700,97.6400,96.6800,97.2200,1112700,50.5938
2009-05-15,97.2200,97.2700,96.7000,97.2000,1025900,50.5834
2009-05-18,97.5900,97.6700,96.9200,97.0600,1259800,50.5105
2009-05-19,96.9100,97.4600,96.7000,97.4500,1366600,50.7135
2009-05-20,97.5900,98.1400,97.3300,98.0100,1324200,51.0049
2009-05-21,98.3800,98.3800,96.7000,97.0100,1540900,50.4845
2009-05-22,96.7700,97.0200,96.6000,96.8800,1070100,50.4169
2009-05-26,97.0000,97.0500,96.5500,96.8400,1056100,50.3960
2009-05-27,97.0100,97.2900,95.9800,96.1700,1422100,50.0474
2009-05-28,96.5700,96.8400,96.0400,96.5300,1084600,50.2347
2009-05-29,96.8600,98.0900,96.5000,97.9500,1280400,50.9737
2009-06-01,97.8500,98.0500,97.1100,97.4300,1234400,50.9570
2009-06-02,97.6600,98.5600,97.6500,98.1500,1882900,51.3335
2009-06-03,98.3200,99.0200,98.2300,98.6500,1156300,51.5950
2009-06-04,98.7900,98.7900,98.0100,98.2200,1109500,51.3701
2009-06-05,98.0700,98.1300,97.2000,97.7000,1133900,51.0982
2009-06-08,97.5200,98.1000,97.5000,97.5000,885000,50.9936
2009-06-09,97.5000,98.3200,97.3500,98.2400,809500,51.3806
2009-06-10,97.9400,98.7300,97.6500,97.9500,1526400,51.2289
2009-06-11,98.3500,98.6500,97.7400,98.2900,948000,51.4068
2009-06-12,98.5200,99.2400,98.3000,99.0200,854600,51.7885
2009-06-15,99.0000,99.4200,98.5100,99.0500,809000,51.8042
2009-06-16,99.3500,99.7000,98.4300,98.9900,1000100,51.7729
2009-06-17,98.7900,99.3700,98.6000,99.1100,1070900,51.8356
2009-06-18,98.7200,98.7200,97.7000,97.8500,1363500,51.1766
2009-06-19,97.8800,98.8900,97.6900,98.5900,1395400,51.5637
2009-06-22,98.9800,99.3000,98.6700,98.9500,878800,51.7519
2009-06-23,99.4200,99.7500,99.0500,99.7500,816400,52.1703
2009-06-24,99.8000,100.2800,99.4500,99.5900,995600,52.0867
2009-06-25,99.6000,100.4200,99.3300,100.3700,618900,52.4946
2009-06-26,100.4800,100.5000,100.0300,100.4200,924000,52.5208
2009-06-29,100.5000,100.5500,100.1500,100.3100,828500,52.4632
2009-06-30,100.1200,100.4400,99.5600,100.2800,967700,52.4475
2009-07-01,99.2700,99.7900,99.2100,99.7000,2274400,52.3766
2009-07-02,99.4600,99.9900,99.4300,99.7100,660700,52.3819
2009-07-06,99.5500,100.0000,99.4200,99.9500,1346200,52.5079
2009-07-07,99.6000,100.0200,99.4000,99.5500,1242800,52.2978
2009-07-08,99.8600,100.5000,99.6100,100.4600,918700,52.7758
2009-07-09,100.0600,100.5000,100.0600,100.5000,706300,52.7969
2009-07-10,100.2300,100.9000,100.0900,100.9000,827100,53.0070
2009-07-13,100.7500,100.9900,100.2200,100.8400,720200,52.9755
2009-07-14,100.8900,100.8900,100.3300,100.6200,951900,52.8599
2009-07-15,100.3400,100.5600,99.5200,99.6900,1671600,52.3713
2009-07-16,99.8500,100.3800,99.8200,100.3800,989700,52.7338
2009-07-17,100.0700,100.4800,99.7900,100.0700,1502600,52.5710
2009-07-20,100.4800,100.9800,99.8100,100.4800,884400,52.7864
2009-07-21,100.7000,101.9500,100.5700,101.9000,1271000,53.5324
2009-07-22,102.0000,102.1500,101.3400,101.6300,869000,53.3905
2009-07-23,101.7000,101.8600,101.0000,101.4600,802300,53.3012
2009-07-24,101.2500,101.7400,101.0600,101.7400,1183200,53.4483
2009-07-27,101.2000,101.5200,101.1000,101.5100,631300,53.3275
2009-07-28,101.3300,102.2400,101.3300,101.9000,943100,53.5324
2009-07-29,102.2400,102.5500,101.7500,102.5400,956100,53.8686
2009-07-30,102.5700,103.3500,102.1600,103.1000,1118800,54.1627
2009-07-31,103.1900,104.6000,103.1900,104.4600,1604600,54.8773
2009-08-03,103.5200,103.9500,102.9500,103.0000,1396500,54.3663
2009-08-04,103.5700,103.5700,102.3000,102.4800,1103500,54.0918
2009-08-05,102.5300,103.1500,102.2500,102.5000,1383600,54.1024
2009-08-06,102.9400,102.9800,102.1000,102.2200,996200,53.9546
2009-08-07,101.8400,102.3400,101.5400,102.2000,945900,53.9440
2009-08-10,102.4600,102.9400,102.0600,102.5200,909900,54.1129
2009-08-11,103.1500,103.2500,102.5000,103.0500,595100,54.3927
2009-08-12,103.0000,103.0000,101.8000,102.1500,1328300,53.9176
2009-08-13,102.6500,103.2700,102.1000,103.1400,1213800,54.4402
2009-08-14,103.2100,103.5400,103.0700,103.1200,746500,54.4296
2009-08-17,102.8500,103.5300,102.6000,103.2900,722800,54.5194
2009-08-18,103.1300,103.3600,102.7300,103.0300,870300,54.3821
2009-08-19,103.5500,103.7500,103.2700,103.3600,905800,54.5564
2009-08-20,103.5500,104.0000,103.2600,103.8500,789200,54.8150
2009-08-21,103.9900,104.0000,103.2600,103.3800,724100,54.5669
2009-08-24,103.5000,104.0300,103.2700,103.9100,1031100,54.8467
2009-08-25,104.1600,104.4100,103.7500,104.0900,1209400,54.9417
2009-08-26,104.4600,104.7900,104.2200,104.7800,702000,55.3058
2009-08-27,104.5100,104.5800,104.1300,104.3000,1136200,55.0525
2009-08-28,104.2100,104.8400,104.1300,104.8200,981900,55.3270
2009-08-31,104.5800,105.3400,104.3700,105.3300,2122200,55.5961
2009-09-01,104.5100,104.9600,104.1500,104.3100,1077500,55.3172
2009-09-02,104.2500,105.1300,104.0400,104.6200,1225400,55.4816
2009-09-03,104.6800,105.1700,104.4500,104.8000,865400,55.5770
2009-09-04,105.0400,105.1500,104.8000,104.8700,757200,55.6142
2009-09-08,104.8400,105.1000,104.5000,104.6000,817900,55.4710
2009-09-09,104.6100,104.6600,104.3300,104.5700,873800,55.4551
2009-09-10,104.9900,105.5600,104.0400,105.2600,873700,55.8210
2009-09-11,105.7800,106.3800,105.5000,106.2100,704700,56.3248
2009-09-14,106.1300,106.2100,105.4900,105.6700,850700,56.0384
2009-09-15,105.7900,105.8500,105.5200,105.6100,1052800,56.0066
2009-09-16,106.1500,106.1500,105.5300,105.9400,1097900,56.1816
2009-09-17,105.9500,106.4700,105.7500,106.4600,985000,56.4574
2009-09-18,106.2300,106.3900,105.7900,105.7900,759700,56.1020
2009-09-21,106.2000,106.2900,105.8800,106.0400,586600,56.2346
2009-09-22,105.8400,106.3200,105.7500,106.2900,815300,56.3672
2009-09-23,106.1500,106.4000,105.8500,106.3400,980900,56.3937
2009-09-24,106.1300,106.6600,106.1300,106.5100,634000,56.4839
2009-09-25,106.5200,106.9400,106.3000,106.9200,722400,56.7013
2009-09-28,107.0000,107.1900,106.7200,107.1900,731500,56.8445
2009-09-29,106.7300,107.0200,106.5500,106.7700,1299100,56.6217
2009-09-30,106.6400,106.8400,106.3600,106.6800,1447400,56.5741
2009-10-01,106.1500,106.2200,104.7900,105.1200,3051300,55.9945
2009-10-02,105.4000,105.4000,104.3000,104.4400,3318300,55.6322
2009-10-05,104.3700,105.0000,104.3700,105.0000,1066700,55.9306
2009-10-06,105.3900,105.3900,104.7200,104.7800,1470300,55.8134
2009-10-07,105.0700,105.5000,104.7800,105.4500,900800,56.1703
2009-10-08,105.5800,105.6500,104.8500,104.8600,1012500,55.8560
2009-10-09,104.8800,104.8800,103.7500,103.9400,1497300,55.3659
2009-10-12,103.6100,104.3900,103.6100,104.3000,687200,55.5577
2009-10-13,104.3900,104.6400,104.2000,104.5000,803100,55.6642
2009-10-14,104.2500,104.5700,104.0000,104.0000,1181600,55.3979
2009-10-15,104.0000,104.2100,103.5800,103.9800,1096300,55.3872
2009-10-16,103.9700,104.2200,103.7600,104.0600,876200,55.4299
2009-10-19,104.2800,104.8800,104.1100,104.5900,825100,55.7122
2009-10-20,105.2000,105.5900,105.1300,105.2600,873400,56.0691
2009-10-21,105.0400,105.1700,104.7300,104.8200,984600,55.8347
2009-10-22,105.1300,105.4400,104.8200,105.4400,707200,56.1650
2009-10-23,105.0000,105.3700,104.8500,104.8600,640500,55.8560
2009-10-26,105.0000,105.0600,104.3600,104.4200,953700,55.6216
2009-10-27,104.9500,105.4700,104.5500,105.3200,732600,56.1011
2009-10-28,105.2000,105.4500,104.3200,104.6100,1114300,55.7228
2009-10-29,105.0100,105.0600,104.3800,104.7400,932500,55.7921
2009-10-30,105.0900,105.6800,104.9300,105.6800,1419700,56.2928
2009-11-02,105.3300,105.3600,104.7600,105.0400,983600,56.2093
2009-11-03,105.0200,105.0300,104.3700,104.5600,810500,55.9525
2009-11-04,104.5200,105.0100,104.4900,104.9700,760100,56.1719
2009-11-05,104.9000,105.0500,104.7300,105.0400,705000,56.2093
2009-11-06,105.0300,105.3200,104.6500,105.3200,693100,56.3592
2009-11-09,105.3800,105.5200,105.2600,105.3800,594100,56.3912
2009-11-10,105.5000,105.6700,105.2900,105.3100,606400,56.3538
2009-11-11,105.5900,106.0000,105.4700,105.7000,688100,56.5625
2009-11-12,105.6500,105.9300,105.0700,105.7000,1043100,56.5625
2009-11-13,105.9400,106.0100,105.5500,106.0100,655800,56.7284
2009-11-16,106.0000,106.5100,105.8500,106.5100,1141700,56.9959
2009-11-17,106.3000,106.6700,106.1500,106.6700,587100,57.0815
2009-11-18,106.4100,106.8500,106.1300,106.3200,718900,56.8942
2009-11-19,106.3300,106.6300,106.1800,106.4500,855100,56.9638
2009-11-20,106.5300,106.6100,105.9300,105.9500,628600,56.6963
2009-11-23,105.6000,105.9900,105.4400,105.9500,1143000,56.6963
2009-11-24,105.9500,106.5400,105.9500,106.3600,768100,56.9157
2009-11-25,106.4300,106.7900,106.2100,106.7500,670900,57.1244
2009-11-27,106.0300,106.7300,106.0000,106.7200,344600,57.1083
2009-11-30,106.6800,107.2500,106.5100,107.2500,1399900,57.3919
2009-12-01,106.5800,106.7200,106.2600,106.2600,867400,57.1049
2009-12-02,106.2400,106.4300,106.0000,106.2800,1171600,57.1157
2009-12-03,106.1900,106.3200,106.0800,106.2500,543300,57.0996
2009-12-04,106.0000,106.0300,105.5000,105.8100,1285900,56.8631
2009-12-07,105.9500,105.9500,105.5000,105.7600,1128000,56.8362
2009-12-08,106.3400,106.4800,106.1700,106.2100,951700,57.0781
2009-12-09,106.3000,106.4800,105.5500,105.6000,1547200,56.7502
2009-12-10,105.3300,105.9200,105.3300,105.6900,1253200,56.7986
2009-12-11,105.7500,105.7500,105.0700,105.1900,1340800,56.5299
2009-12-14,105.5600,105.7800,105.3400,105.7700,1017300,56.8416
2009-12-15,105.4100,105.4700,105.0100,105.0100,884200,56.4332
2009-12-16,105.1700,105.8400,105.1700,105.4100,962300,56.6482
2009-12-17,105.6400,105.9000,105.3300,105.8600,1426400,56.8900
2009-12-18,106.0100,106.1900,105.6400,105.6900,792400,56.7986
2009-12-21,105.5100,105.6300,105.0600,105.1800,683800,56.5246
2009-12-22,105.4300,105.4300,104.5000,104.7400,1590500,56.2881
2009-12-23,104.9800,105.2200,104.8500,105.0700,678000,56.4655
2009-12-24,104.7000,105.0000,104.5500,104.5800,529300,56.2021
2009-12-28,104.2700,104.6600,104.0600,104.3000,1017600,56.0516
2009-12-29,103.8800,104.1900,103.8000,104.1800,610100,56.2216
2009-12-30,104.2900,104.5300,104.0800,104.3000,1405500,56.2864
2009-12-31,104.0300,104.3500,103.7700,104.1500,499100,56.2054
2010-01-04,104.7700,104.7700,104.3400,104.7000,2017600,56.5022
2010-01-05,104.9800,105.4500,104.8600,105.2000,1143800,56.7721
2010-01-06,105.3900,105.4500,104.8200,104.8900,1005500,56.6048
2010-01-07,104.9700,105.2200,104.8700,105.0200,1264100,56.6749
2010-01-08,105.1400,105.2500,104.9700,105.2500,704600,56.7991
2010-01-11,105.0000,105.3800,105.0000,105.3600,817500,56.8584
2010-01-12,105.4200,105.6500,105.3200,105.5600,1343100,56.9663
2010-01-13,105.5400,105.5700,105.0000,105.1200,1090700,56.7289
2010-01-14,105.4600,105.5000,105.0300,105.5000,873200,56.9340
2010-01-15,105.7200,105.8000,105.4300,105.4600,834300,56.9124
2010-01-19,105.2700,105.5700,105.0200,105.5500,822100,56.9610
2010-01-20,105.7000,105.8400,105.4300,105.4800,1112000,56.9232
2010-01-21,105.7500,106.2700,105.7000,105.7600,1333400,57.0743
2010-01-22,105.7800,105.8000,105.5000,105.6000,1003800,56.9880
2010-01-25,105.5500,105.6300,105.4300,105.5900,765100,56.9825
2010-01-26,105.6900,105.7000,105.2400,105.3100,887200,56.8315
2010-01-27,105.4400,105.4400,104.6800,104.9300,1496100,56.6264
2010-01-28,104.9700,105.2500,104.7600,104.7800,1158800,56.5454
2010-01-29,104.9900,105.4600,104.9000,105.4500,1218600,56.9070
2010-02-01,105.0500,105.0800,104.4200,104.5300,1202800,56.6533
2010-02-02,104.6500,105.0700,104.6500,104.8600,1950500,56.8322
2010-02-03,104.8300,104.9000,104.5200,104.7500,1478800,56.7726
2010-02-04,104.8500,104.8900,104.5400,104.7400,1116700,56.7672
2010-02-05,104.6300,104.7200,104.2200,104.4200,2204600,56.5937
2010-02-08,104.5300,104.6800,104.3100,104.5200,1736500,56.6479
2010-02-09,104.5900,104.7000,104.2800,104.2800,969800,56.5179
2010-02-10,104.2100,104.3200,103.3800,103.4700,1178000,56.0788
2010-02-11,103.6000,103.7700,103.3400,103.7100,1045500,56.2090
2010-02-12,103.8300,103.9800,103.6800,103.8300,707100,56.2740
2010-02-16,103.6100,104.2400,103.5000,104.2400,1029500,56.4962
2010-02-17,104.1900,104.2100,103.6300,103.8900,717200,56.3065
2010-02-18,103.9100,104.0700,103.5000,103.8200,1717100,56.2685
2010-02-19,103.7000,104.1900,103.6600,104.1900,1827800,56.4691
2010-02-22,104.1200,104.2500,104.0100,104.2500,585900,56.5016
2010-02-23,104.3300,104.5400,104.1900,104.5000,1095300,56.6371
2010-02-24,104.6500,105.0000,104.5500,104.9500,924400,56.8810
2010-02-25,105.1200,105.1200,104.8300,104.8400,572300,56.8214
2010-02-26,104.9900,105.5600,104.9900,105.5300,804600,57.1953
2010-03-01,105.1900,105.2900,104.9000,105.2200,598700,57.2688
2010-03-02,105.0300,105.5500,105.0000,105.4400,625600,57.3885
2010-03-03,105.1900,105.6600,105.1900,105.6600,746300,57.5083
2010-03-04,105.5600,105.8100,105.3800,105.7100,492300,57.5355
2010-03-05,105.6200,105.6400,105.1100,105.5800,786000,57.4648
2010-03-08,105.5800,105.7500,105.3800,105.7500,966800,57.5573
2010-03-09,105.7100,105.8200,105.5900,105.6500,722100,57.5028
2010-03-10,105.4900,105.7500,105.3700,105.7500,688200,57.5573
2010-03-11,105.5800,105.7500,105.4400,105.7100,480000,57.5355
2010-03-12,105.6200,105.9800,105.5000,105.9300,819100,57.6552
2010-03-15,105.9700,105.9800,105.6700,105.9100,497200,57.6444
2010-03-16,106.0000,106.4000,105.8600,106.4000,635600,57.9110
2010-03-17,106.5800,106.8600,106.4000,106.7900,983900,58.1233
2010-03-18,106.7500,106.8100,106.5800,106.5800,497200,58.0090
2010-03-19,106.5000,106.7600,106.4000,106.5000,621500,57.9655
2010-03-22,106.3800,106.7500,106.3800,106.6700,406000,58.0580
2010-03-23,106.7400,106.8500,106.6000,106.6000,463300,58.0199
2010-03-24,106.1600,106.2700,105.5900,105.8100,801600,57.5899
2010-03-25,105.6600,105.7900,105.2400,105.4300,985400,57.3831
2010-03-26,105.3500,105.7500,105.3100,105.7500,614000,57.5573
2010-03-29,105.7400,105.7900,105.3700,105.6600,597600,57.5083
2010-03-30,105.6300,105.7900,105.4500,105.7200,616100,57.5409
2010-03-31,105.8200,106.0100,105.7300,105.7700,997800,57.5682
2010-04-01,105.4500,105.6200,105.2900,105.5300,1565600,57.6933
2010-04-05,105.0100,105.1200,104.4400,104.5600,1417800,57.1630
2010-04-06,104.9000,105.1400,104.7400,104.8100,1175000,57.2998
2010-04-07,104.9300,105.4900,104.9300,105.3400,1041200,57.5894
2010-04-08,105.5900,105.6500,105.1400,105.1400,938600,57.4802
2010-04-09,105.2500,105.4000,105.0300,105.2100,657800,57.5184
2010-04-12,105.3500,105.6000,105.3000,105.5100,502800,57.6824
2010-04-13,105.7600,105.9200,105.5800,105.8900,728100,57.8902
2010-04-14,105.9500,106.0000,105.6500,105.8000,697200,57.8410
2010-04-15,105.7900,106.1400,105.6600,105.9800,766300,57.9394
2010-04-16,106.1600,106.4600,105.9800,106.2300,1091800,58.0760
2010-04-19,106.3600,106.3600,105.9600,105.9600,643900,57.9284
2010-04-20,106.1700,106.2100,106.0200,106.1900,923200,58.0542
2010-04-21,106.4800,106.7200,106.2700,106.5600,646600,58.2564
2010-04-22,106.5600,106.7500,106.3000,106.3200,248000,58.1253
2010-04-23,106.2700,106.3800,106.1600,106.3000,327400,58.1143
2010-04-26,106.4800,106.5600,106.2100,106.3500,839900,58.1417
2010-04-27,106.5800,106.9300,106.2500,106.4200,590500,58.1799
2010-04-28,106.3400,106.8500,106.2500,106.6000,1670600,58.2783
2010-04-29,106.8600,106.9500,106.6300,106.8700,1102600,58.4260
2010-04-30,107.0000,107.5400,106.8700,107.3100,1031700,58.6665
2010-05-03,106.9100,106.9500,106.6800,106.8900,495800,58.6840
2010-05-04,107.0600,107.3500,106.9500,107.0200,844700,58.7554
2010-05-05,107.0100,107.1900,106.1300,106.5600,1288500,58.5028
2010-05-06,106.3500,106.6100,102.4700,104.8000,1687800,57.5366
2010-05-07,105.5900,106.1200,104.8300,105.1400,1758600,57.7233
2010-05-10,105.4000,105.9700,105.4000,105.8000,1275900,58.0856
2010-05-11,105.7000,105.9600,105.3700,105.9100,997500,58.1460
2010-05-12,105.7800,106.0400,105.6000,105.8700,1034900,58.1241
2010-05-13,106.1900,106.2300,105.7100,106.1800,585100,58.2943
2010-05-14,106.3400,106.6800,105.9700,106.1500,575700,58.2778
2010-05-17,106.5200,106.7900,106.0000,106.3300,877200,58.3766
2010-05-18,106.6600,106.9000,106.2900,106.6700,582100,58.5632
2010-05-19,106.4100,107.0000,106.4100,106.7300,503300,58.5962
2010-05-20,106.8000,106.9300,106.2600,106.4900,1009400,58.4644
2010-05-21,106.5600,106.6600,105.9300,106.3100,1775500,58.3656
2010-05-24,106.3600,106.6800,106.3500,106.5900,717800,58.5193
2010-05-25,106.4200,106.4800,105.9600,106.0800,901500,58.2394
2010-05-26,106.1400,106.2000,105.7600,106.1500,562000,58.2778
2010-05-27,105.7300,105.7400,105.3800,105.6000,767600,57.9758
2010-05-28,105.7900,106.0300,105.4000,105.4600,1042200,57.8989
2010-06-01,105.0300,105.3300,104.8700,104.9300,782400,57.8510
2010-06-02,104.9300,105.3000,104.9300,105.3000,521000,58.0550
2010-06-03,105.2700,105.5500,104.9600,104.9600,1017000,57.8676
2010-06-04,105.2200,105.6600,105.1000,105.6000,745200,58.2204
2010-06-07,105.5000,106.1300,105.5000,106.0400,551500,58.4630
2010-06-08,105.9800,106.2700,105.7600,106.0400,953500,58.4630
2010-06-09,105.8900,106.2300,105.6600,106.0800,526900,58.4851
2010-06-10,105.7400,105.9500,105.4600,105.6400,1037200,58.2424
2010-06-11,105.8900,106.0800,105.6200,106.0300,483100,58.4575
2010-06-14,105.6700,105.8300,105.4400,105.8300,712900,58.3472
2010-06-15,105.8700,105.9200,105.5200,105.7000,663100,58.2755
2010-06-16,105.8400,105.9000,105.5500,105.8100,568000,58.3361
2010-06-17,106.1500,106.5900,106.0000,106.5100,1487500,58.7221
2010-06-18,106.5300,106.6700,106.3600,106.5000,726300,58.7166
2010-06-21,106.3300,106.7900,106.2600,106.7700,686300,58.8654
2010-06-22,106.6400,107.3300,106.6100,107.2900,657000,59.1521
2010-06-23,107.1400,107.7900,107.1300,107.7400,1105800,59.4002
2010-06-24,107.7800,107.8300,107.2500,107.3100,743000,59.1632
2010-06-25,107.3200,107.7400,107.2100,107.4900,485000,59.2624
2010-06-28,107.9000,108.1200,107.7300,108.0800,772700,59.5876
2010-06-29,108.2600,108.2600,107.9400,108.0300,1007200,59.5601
2010-06-30,108.2300,108.4600,108.1800,108.4600,850800,59.7972
2010-07-01,108.1600,108.4600,108.0100,108.1400,1478700,59.8636
2010-07-02,108.1500,108.2200,107.7700,107.8300,600400,59.6920
2010-07-06,108.2000,108.6000,108.0000,108.2800,993400,59.9411
2010-07-07,108.2200,108.5400,108.2100,108.3500,634100,59.9798
2010-07-08,108.1200,108.1500,107.8700,108.0800,738200,59.8304
2010-07-09,108.0800,108.1200,107.8600,107.9500,530000,59.7584
2010-07-12,108.1700,108.2600,107.9400,108.0800,585100,59.8304
2010-07-13,108.2000,108.3000,107.9600,108.1400,709000,59.8636
2010-07-14,108.2300,108.7200,108.2000,108.6200,1880300,60.1293
2010-07-15,108.6200,108.9200,108.6200,108.8100,1038800,60.2345
2010-07-16,108.9900,109.3700,108.8900,109.0000,814100,60.3397
2010-07-19,108.9600,109.1400,108.8800,108.9800,580700,60.3286
2010-07-20,108.9600,109.3700,108.9600,109.1000,1052100,60.3950
2010-07-21,108.9900,109.6300,108.9400,109.6300,779400,60.6884
2010-07-22,109.6600,109.6800,109.1800,109.4900,827300,60.6109
2010-07-23,109.6600,109.6900,109.3700,109.6300,675800,60.6884
2010-07-26,109.4700,109.7500,109.3500,109.7300,538000,60.7438
2010-07-27,109.5100,109.8000,109.3600,109.3600,1108600,60.5390
2010-07-28,109.5900,109.7700,109.2400,109.7500,777600,60.7549
2010-07-29,109.6600,109.9000,109.5400,109.7900,513000,60.7770
2010-07-30,110.0300,110.4200,110.0300,110.3000,796300,61.0593
2010-08-02,109.9100,109.9500,109.5600,109.6300,764100,60.9298
2010-08-03,109.9000,110.0400,109.7000,109.9000,1060700,61.0799
2010-08-04,109.8300,109.9500,109.5500,109.5600,859900,60.8910
2010-08-05,109.6900,109.8900,109.5900,109.7600,1093400,61.0021
2010-08-06,110.1900,110.4800,110.0600,110.3900,685700,61.3522
2010-08-09,110.4600,110.7800,110.3000,110.7500,844400,61.5523
2010-08-10,110.6000,110.7300,110.3800,110.6100,1260100,61.4745
2010-08-11,110.6300,110.9400,110.5400,110.6000,934600,61.4689
2010-08-12,110.5400,110.7000,110.1800,110.2100,1427100,61.2522
2010-08-13,110.3900,110.7800,110.3400,110.6400,894800,61.4912
2010-08-16,111.2800,111.9700,111.2800,111.8600,786200,62.1692
2010-08-17,111.9000,111.9800,111.4700,111.6800,799600,62.0692
2010-08-18,111.7900,111.9900,111.6000,111.7800,1889200,62.1248
2010-08-19,111.5900,112.3800,111.5800,111.9000,1439500,62.1915
2010-08-20,111.8500,112.2500,111.8000,112.1000,1402000,62.3026
2010-08-23,111.9900,112.3600,111.8300,112.3400,549100,62.4360
2010-08-24,112.6100,112.8000,112.3500,112.6000,826000,62.5805
2010-08-25,113.0000,113.0000,112.4000,112.8100,1820000,62.6972
2010-08-26,112.7500,112.9600,112.5800,112.9100,703600,62.7528
2010-08-27,112.7200,112.9100,111.8200,111.8900,1642300,62.1859
2010-08-30,112.4600,112.7200,111.9800,112.6200,1574500,62.5916
2010-08-31,112.6600,113.0500,112.4000,113.0000,1450700,62.8029
2010-09-01,112.3500,112.3900,111.4500,111.7300,2395600,62.3308
2010-09-02,111.4700,111.6700,111.3300,111.5900,1243900,62.2527
2010-09-03,110.7200,111.1500,110.6700,110.7500,1184800,61.7842
2010-09-07,111.5900,111.7400,111.0000,111.5700,1128300,62.2416
2010-09-08,111.4800,111.5000,111.2000,111.3500,556200,62.1189
2010-09-09,111.1800,111.2000,110.5600,110.7700,967700,61.7953
2010-09-10,110.5100,110.9400,110.4200,110.8500,1105900,61.8399
2010-09-13,110.8300,111.3000,110.7500,111.0000,987900,61.9236
2010-09-14,111.2000,111.6000,111.1300,111.5200,1846500,62.2137
2010-09-15,111.3400,111.5600,111.2000,111.3400,983200,62.1133
2010-09-16,111.0400,111.0500,110.7100,110.9900,1382000,61.9180
2010-09-17,111.3400,111.4600,111.0400,111.3500,2647200,62.1189
2010-09-20,111.4900,111.5900,111.3100,111.4900,775000,62.1970
2010-09-21,111.6200,112.4800,111.6000,112.3400,1416600,62.6712
2010-09-22,112.4500,112.5900,112.1800,112.2700,851200,62.6321
2010-09-23,112.6800,112.7000,112.2700,112.3500,594200,62.6767
2010-09-24,112.3400,112.3400,112.0100,112.1000,1064700,62.5373
2010-09-27,112.5300,112.7500,112.4100,112.6800,770900,62.8608
2010-09-28,112.6800,113.1900,112.6100,112.8800,595900,62.9724
2010-09-29,112.9200,112.9900,112.6800,112.7700,751900,62.9111
2010-09-30,112.7600,113.1500,112.2000,113.0900,1089800,63.0896
2010-10-01,112.3600,112.5400,108.9800,112.1100,3916600,62.7838
2010-10-04,112.1200,112.3600,112.1200,112.2900,847300,62.8846
2010-10-05,112.5900,112.7200,112.3800,112.5200,1236000,63.0133
2010-10-06,113.1300,113.9800,113.0700,113.2500,1457100,63.4222
2010-10-07,113.4300,113.4900,113.1700,113.2200,713800,63.4054
2010-10-08,113.5000,113.5900,113.0700,113.1100,1160400,63.3438
2010-10-11,113.0900,113.4000,113.0700,113.2100,460300,63.3998
2010-10-12,113.2800,113.4900,112.9600,113.0400,748800,63.3046
2010-10-13,112.9300,113.1800,112.7000,112.9800,996600,63.2710
2010-10-14,112.8400,112.9500,112.0500,112.0700,1236100,62.7614
2010-10-15,111.6800,111.9700,111.3600,111.3600,1287700,62.3638
2010-10-18,111.7900,112.1500,111.7600,112.1300,662600,62.7950
2010-10-19,111.7900,112.3800,111.7400,112.1400,685300,62.8006
2010-10-20,112.1900,112.6200,111.9100,112.3400,632700,62.9126
2010-10-21,112.2900,112.5700,112.0400,112.0400,841200,62.7446
2010-10-22,112.0900,112.3400,112.0000,112.1800,640000,62.8230
2010-10-25,112.8200,112.9100,112.5500,112.5800,716400,63.0470
2010-10-26,112.1600,112.4400,111.9800,111.9800,598800,62.7110
2010-10-27,111.6700,111.9200,111.6600,111.6900,1751000,62.5485
2010-10-28,111.9900,112.3400,111.9100,112.1400,1264500,62.8006
2010-10-29,112.1600,112.5000,112.1200,112.3600,583800,62.9238
2010-11-01,112.0800,112.5700,111.7700,111.8900,865500,62.9024
2010-11-02,112.0800,112.4600,112.0800,112.4100,555600,63.1947
2010-11-03,112.6100,112.9000,111.8000,112.0400,932000,62.9867
2010-11-04,112.5800,113.1900,112.5800,113.1000,990300,63.5827
2010-11-05,112.8700,113.0300,112.6100,112.7400,455800,63.3802
2010-11-08,112.8500,112.9800,112.5700,112.8000,432500,63.4141
2010-11-09,112.9100,112.9200,111.9100,111.9600,1438900,62.9418
2010-11-10,111.6300,111.9300,110.8100,111.7200,1169900,62.8069
2010-11-11,111.7000,111.7500,111.2200,111.2300,778500,62.5314
2010-11-12,111.1000,111.2500,110.4200,110.4500,1351700,62.0929
2010-11-15,110.0600,110.2800,109.2400,109.2400,1294100,61.4127
2010-11-16,109.5000,109.9000,109.0200,109.8200,2219600,61.7387
2010-11-17,109.9100,110.3700,109.7700,109.8200,1237000,61.7387
2010-11-18,109.9300,110.0800,109.4800,109.9000,1001200,61.7837
2010-11-19,110.0700,110.3600,109.9000,110.2800,676400,61.9973
2010-11-22,110.5000,110.9100,110.5000,110.8900,759800,62.3403
2010-11-23,111.1600,111.1900,110.7500,110.9500,749200,62.3740
2010-11-24,110.4400,110.4600,109.8600,110.0400,644500,61.8624
2010-11-26,110.1800,110.3400,109.9600,110.1800,233400,61.9411
2010-11-29,110.3200,110.5000,110.1900,110.2900,494600,62.0029
2010-11-30,110.6000,110.7400,110.0800,110.1200,1324500,61.9073
2010-12-01,109.4000,109.5600,109.0700,109.4500,1473400,61.7697
2010-12-02,109.1100,109.4900,108.9200,109.2100,1011600,61.6342
2010-12-03,109.4300,109.6700,108.8600,108.9000,1391800,61.4593
2010-12-06,109.4100,109.6600,109.3100,109.6600,670700,61.8882
2010-12-07,109.1500,109.3500,108.2800,108.6400,1302200,61.3125
2010-12-08,108.2500,108.2700,107.2300,107.9400,3831100,60.9175
2010-12-09,108.0600,108.4000,107.7800,108.2000,1967300,61.0642
2010-12-10,107.9500,108.2400,107.5700,107.7000,1335200,60.7820
2010-12-13,107.6100,108.3800,107.5700,108.1000,1670200,61.0078
2010-12-14,107.6500,107.9300,107.0100,107.4400,1976500,60.6353
2010-12-15,107.6200,107.8200,106.6800,106.7700,2601900,60.2572
2010-12-16,106.6900,107.3400,106.3400,107.2900,1892500,60.5506
2010-12-17,107.3700,108.3200,107.3600,108.2700,1678700,61.1037
2010-12-20,108.4200,108.6400,108.0600,108.2000,1438200,61.0642
2010-12-21,108.3400,108.4700,107.9300,108.4300,985200,61.1940
2010-12-22,108.4900,108.5600,108.2000,108.3400,749800,61.1432
2010-12-23,108.2200,108.3900,108.0900,108.3900,861300,61.1715
2010-12-27,108.1300,108.6900,107.9700,108.6000,781400,61.2900
2010-12-28,108.1000,108.1900,107.2200,107.3100,584800,60.8015
2010-12-29,107.2400,108.4000,107.1700,108.1200,1031600,61.2605
2010-12-30,107.9700,108.2100,107.6900,108.1700,562900,61.2888
2010-12-31,108.2500,108.7500,108.2500,108.4400,914800,61.4418
2011-01-03,108.2200,108.8900,108.0600,108.8600,2447900,61.6798
2011-01-04,108.9800,109.1900,108.7500,109.0000,962500,61.7591
2011-01-05,108.5100,108.5800,108.0000,108.2000,1209200,61.3058
2011-01-06,108.3200,108.6400,108.2000,108.3600,1089700,61.3965
2011-01-07,108.2600,109.0600,108.2000,108.9100,1118600,61.7081
2011-01-10,108.7800,109.2000,108.7800,109.1000,909200,61.8157
2011-01-11,108.9000,109.1700,108.5800,109.0500,845000,61.7874
2011-01-12,108.8100,109.0200,108.6700,108.9800,1291600,61.7477
2011-01-13,108.8500,109.4600,108.7700,109.4500,971000,62.0141
2011-01-14,109.3900,109.4300,108.8900,108.9300,1629900,61.7194
2011-01-18,108.8000,109.0800,108.4000,108.8700,1422700,61.6854
2011-01-19,108.8300,108.9700,108.6800,108.7900,1685300,61.6401
2011-01-20,108.5800,108.7500,107.7000,108.3200,1699200,61.3738
2011-01-21,108.1800,108.5500,108.1400,108.4800,1056600,61.4645
2011-01-24,108.5500,108.8200,108.4600,108.5300,727200,61.4928
2011-01-25,108.8200,109.1800,108.4200,109.0700,1302200,61.7988
2011-01-26,108.8300,108.9900,108.4600,108.4600,1647100,61.4531
2011-01-27,108.5000,108.7900,108.3400,108.6400,1094300,61.5551
2011-01-28,108.3700,109.0200,108.3400,108.7800,1388100,61.6345
2011-01-31,108.7200,109.0000,108.4400,108.4800,1849900,61.4645
2011-02-01,107.9600,108.1100,107.7200,107.9100,989200,61.3831
2011-02-02,108.1200,108.1500,107.5600,107.7000,1975700,61.2637
2011-02-03,107.5100,107.7700,107.4200,107.4400,1645800,61.1158
2011-02-04,107.3000,107.4400,106.8800,107.1100,1367700,60.9281
2011-02-07,106.9300,107.3500,106.8800,107.2300,1709500,60.9963
2011-02-08,107.2600,107.4700,106.7900,106.8400,1263200,60.7745
2011-02-09,106.9500,107.6600,106.8200,107.5300,2124900,61.1670
2011-02-10,107.2000,107.3900,106.9400,107.0000,690600,60.8655
2011-02-11,107.3500,107.6600,107.2300,107.5900,817300,61.2011
2011-02-14,107.3300,107.8600,107.3300,107.6600,785400,61.2409
2011-02-15,107.6900,107.9000,107.5300,107.9000,621800,61.3774
2011-02-16,107.8900,108.1700,107.6500,107.7700,1892600,61.3035
2011-02-17,108.1200,108.2000,107.9000,107.9700,585600,61.4173
2011-02-18,107.7100,108.1300,107.6600,108.1300,505900,61.5083
2011-02-22,107.9900,108.6800,107.9900,108.4300,1225300,61.6789
2011-02-23,108.6500,108.7500,108.2500,108.3000,1293600,61.6050
2011-02-24,108.5900,108.7500,108.3600,108.4200,718900,61.6732
2011-02-25,108.7100,108.9600,108.5400,108.9300,722900,61.9633
2011-02-28,108.9400,109.2200,108.9400,109.2200,718600,62.1283
2011-03-01,108.4300,108.8000,108.3800,108.7900,1332300,62.1294
2011-03-02,108.6800,108.8200,108.2100,108.2100,837100,61.7982
2011-03-03,108.0800,108.1500,107.6900,107.7500,1024200,61.5355
2011-03-04,107.8500,108.2700,107.8200,108.1600,1385200,61.7696
2011-03-07,107.7400,108.2800,107.7400,107.8900,451800,61.6154
2011-03-08,107.9200,108.0100,107.6600,107.7500,745900,61.5355
2011-03-09,107.9000,108.3900,107.8000,108.3100,1745300,61.8553
2011-03-10,108.5000,108.8400,108.1300,108.7500,965400,62.1066
2011-03-11,108.7100,109.0000,108.5300,108.6500,1541500,62.0495
2011-03-14,108.9400,109.1000,108.7000,108.7700,1095700,62.1180
2011-03-15,109.0300,109.0700,108.6200,108.7600,1659400,62.1123
2011-03-16,109.2600,109.9900,109.0600,109.4100,2000100,62.4835
2011-03-17,109.0700,109.4600,108.9700,109.3400,1117800,62.4436
2011-03-18,108.9400,109.4900,108.9300,109.4100,693500,62.4835
2011-03-21,109.1000,109.3600,108.9400,109.0600,870400,62.2836
2011-03-22,108.8300,109.2900,108.8300,109.2600,463300,62.3979
2011-03-23,109.4000,109.4800,109.0000,109.1900,537800,62.3579
2011-03-24,109.0900,109.1400,108.7800,108.8300,516800,62.1523
2011-03-25,108.8700,109.0800,108.5500,108.6700,420200,62.0609
2011-03-28,108.5000,108.8600,108.3600,108.7100,573000,62.0838
2011-03-29,108.4000,108.7400,108.1200,108.1800,625000,61.7811
2011-03-30,108.2000,108.5500,108.1900,108.5500,754700,61.9924
2011-03-31,108.6100,108.6100,108.1100,108.2000,832900,61.7925
2011-04-01,107.7600,108.3900,107.5200,108.2800,2873600,62.0844
2011-04-04,108.3000,108.6400,108.3000,108.5300,767300,62.2276
2011-04-05,108.6100,108.6100,108.2500,108.5900,1901800,62.2621
2011-04-06,108.5600,108.5700,108.1800,108.2400,1253300,62.0614
2011-04-07,108.3000,108.3400,108.0000,108.0800,641400,61.9697
2011-04-08,108.0000,108.2300,107.9000,108.0200,572200,61.9353
2011-04-11,107.9000,108.1800,107.9000,108.0300,667500,61.9410
2011-04-12,108.4300,108.5800,108.2500,108.4100,625100,62.1589
2011-04-13,108.2400,108.6700,108.2400,108.6000,673700,62.2678
2011-04-14,108.7600,108.7600,108.2600,108.3300,1076400,62.1130
2011-04-15,108.7300,109.0000,108.7300,108.9000,662600,62.4398
2011-04-18,108.8100,109.1600,108.5600,109.0500,822800,62.5258
2011-04-19,109.1900,109.4400,109.0800,109.2800,467300,62.6577
2011-04-20,109.4100,109.4300,109.2100,109.3300,515400,62.6864
2011-04-21,109.3800,109.7000,109.2600,109.4300,624800,62.7437
2011-04-25,109.4100,109.6100,109.3400,109.5400,687000,62.8068
2011-04-26,109.6200,110.0800,109.6100,110.0500,953600,63.0992
2011-04-27,109.8500,110.0000,109.6800,109.9100,716100,63.0189
2011-04-28,109.9500,110.2900,109.8500,110.2600,508700,63.2196
2011-04-29,110.1900,110.4800,110.1600,110.4700,756000,63.3400
2011-05-02,110.0500,110.4300,109.9600,110.3000,1771000,63.4880
2011-05-03,110.3300,110.4000,110.0900,110.2500,661300,63.4592
2011-05-04,110.4600,110.5900,110.3100,110.4100,720600,63.5513
2011-05-05,110.5100,110.8800,110.5100,110.7900,771600,63.7700
2011-05-06,110.5600,111.0300,110.4200,110.7900,857100,63.7700
2011-05-09,110.8100,111.0000,110.7300,110.9000,485200,63.8333
2011-05-10,110.8000,110.8300,110.4000,110.4500,974700,63.5743
2011-05-11,110.4500,110.7700,110.3100,110.6300,538900,63.6779
2011-05-12,110.5700,110.7000,110.1800,110.3700,595000,63.5283
2011-05-13,110.6400,110.9300,110.5500,110.7000,1062900,63.7182
2011-05-16,110.6400,111.0800,110.6000,111.0200,614900,63.9024
2011-05-17,111.0500,111.3500,110.9900,111.1700,1227800,63.9887
2011-05-18,111.2400,111.3600,110.8700,110.8900,477800,63.8275
2011-05-19,110.5900,111.1000,110.5000,111.0800,430800,63.9369
2011-05-20,110.9600,111.0900,110.8000,111.0000,585600,63.8909
2011-05-23,111.2900,111.3500,110.9000,110.9300,1200000,63.8506
2011-05-24,110.8600,111.1900,110.8100,111.0700,590500,63.9312
2011-05-25,111.2200,111.2200,110.7800,110.8500,675300,63.8045
2011-05-26,111.1000,111.3400,110.9800,111.3300,1042600,64.0808
2011-05-27,111.1200,111.4500,111.1100,111.4500,510300,64.1499
2011-05-31,111.4300,111.5800,111.3000,111.4400,1022400,64.1441
2011-06-01,111.3800,111.9000,111.3100,111.5700,1467600,64.4648
2011-06-02,111.2500,111.2500,110.5400,110.5600,1448900,63.8812
2011-06-03,111.0300,111.2400,110.5300,110.8000,684700,64.0199
2011-06-06,110.5300,110.7800,110.4500,110.6100,445500,63.9101
2011-06-07,110.5300,111.0300,110.4700,110.9900,405200,64.1297
2011-06-08,111.0300,111.2400,110.9100,111.0600,450600,64.1701
2011-06-09,111.1500,111.2500,110.5600,110.7600,1355700,63.9968
2011-06-10,110.8200,110.9900,110.5300,110.6300,1379300,63.9217
2011-06-13,110.5900,110.8700,110.4800,110.7500,908900,63.9910
2011-06-14,110.4200,110.5500,110.3100,110.4200,690200,63.8003
2011-06-15,110.3500,111.0500,110.3000,111.0300,1024100,64.1528
2011-06-16,111.0000,111.0900,110.7300,110.8200,1002000,64.0314
2011-06-17,110.7800,111.0500,110.7600,110.8600,556100,64.0546
2011-06-20,110.9900,111.0000,110.6200,110.8800,619400,64.0662
2011-06-21,110.8500,111.0600,110.6500,110.8500,692800,64.0488
2011-06-22,111.0900,111.1000,110.7000,111.0000,703200,64.1354
2011-06-23,111.0600,111.4300,111.0000,111.2900,796100,64.3030
2011-06-24,111.3100,111.5600,111.1900,111.3500,716900,64.3377
2011-06-27,111.3900,111.4200,110.9100,110.9900,995100,64.1297
2011-06-28,110.7400,110.8200,110.1300,110.2200,863400,63.6848
2011-06-29,110.1900,110.3400,109.8000,109.9700,1041200,63.5403
2011-06-30,110.1700,110.2100,109.5700,110.1300,1004100,63.6327
2011-07-01,109.9600,109.9600,109.3900,109.7100,1495800,63.6363
2011-07-05,109.7200,110.3800,109.7200,110.1000,1116100,63.8625
2011-07-06,110.1800,110.3400,110.0100,110.3300,1343800,63.9959
2011-07-07,110.0700,110.4300,110.0000,110.3600,1463800,64.0132
2011-07-08,110.8000,111.1500,110.5100,111.0700,1044300,64.4251
2011-07-11,111.3600,111.5000,111.0000,111.4400,1397100,64.6397
2011-07-12,111.7500,111.7500,111.3400,111.5300,694400,64.6919
2011-07-13,111.6600,111.8500,111.4100,111.8100,1014400,64.8544
2011-07-14,111.6000,111.6500,111.0700,111.1200,761200,64.4541
2011-07-15,111.0700,111.3800,110.9700,111.3700,531400,64.5991
2011-07-18,111.3100,111.3400,110.8200,110.9400,1163600,64.3497
2011-07-19,110.9800,111.5700,110.9300,111.4800,1230200,64.6629
2011-07-20,111.4200,111.5900,111.1200,111.2200,1019800,64.5121
2011-07-21,111.0500,111.2600,110.8500,111.0500,931400,64.4135
2011-07-22,111.3300,111.5300,111.1800,111.5000,1121000,64.6745
2011-07-25,111.0200,111.4400,110.8200,110.9700,1166900,64.3671
2011-07-26,111.0900,111.6800,111.0900,111.4600,900200,64.6513
2011-07-27,111.3200,111.4300,110.9900,111.1300,762400,64.4599
2011-07-28,111.4600,111.5300,111.2900,111.3700,890200,64.5991
2011-07-29,111.7000,112.4400,111.5400,112.3700,1680200,65.1792
2011-08-01,112.2400,112.8300,112.1300,112.2800,2151200,65.3719
2011-08-02,112.5900,113.2400,112.3500,113.2200,1427300,65.9192
2011-08-03,113.3700,113.7100,113.1500,113.1800,2093400,65.8959
2011-08-04,113.4100,114.1700,113.2900,114.0000,2160900,66.3733
2011-08-05,113.8600,113.9200,112.3800,112.5900,2470900,65.5523
2011-08-08,112.4700,112.4700,111.5100,111.5200,2548400,64.9294
2011-08-09,111.6800,113.6400,111.5500,112.5200,2109000,65.5116
2011-08-10,113.1800,113.7400,112.7900,113.5300,1264900,66.0997
2011-08-11,112.2000,113.3000,110.8100,111.2000,1858300,64.7431
2011-08-12,111.7700,112.6300,111.5200,112.4700,1962400,65.4825
2011-08-15,112.5300,112.8100,112.3000,112.6800,1884300,65.6048
2011-08-16,112.5200,113.3100,112.4100,113.0900,1692300,65.8435
2011-08-17,113.3800,113.7300,112.9800,113.4000,1050200,66.0240
2011-08-18,113.9300,114.0000,113.2100,113.5500,1358100,66.1113
2011-08-19,113.4500,113.6100,113.1800,113.4100,1749300,66.0298
2011-08-22,113.5500,113.6500,112.9100,112.9900,1464200,65.7852
2011-08-23,112.4600,112.5000,111.4500,111.7000,2340100,65.0342
2011-08-24,111.4800,111.6200,110.2000,110.3800,1513600,64.2656
2011-08-25,110.9100,111.1800,110.6700,110.9900,1480200,64.6208
2011-08-26,111.1400,111.6200,110.8900,111.0400,1134400,64.6499
2011-08-29,110.9500,111.4700,110.8500,111.4000,1186200,64.8595
2011-08-30,111.7700,112.1600,111.6600,111.9900,1420000,65.2030
2011-08-31,112.4500,112.7400,112.2000,112.3300,1332700,65.4010
2011-09-01,112.3800,112.5600,111.5300,112.0000,2821200,65.4495
2011-09-02,112.8000,113.0000,112.2500,112.6900,1386300,65.8527
2011-09-06,112.8400,113.9600,112.5100,113.3500,4665100,66.2384
2011-09-07,113.5700,113.8200,113.2600,113.5700,826700,66.3669
2011-09-08,113.7400,113.7400,113.1500,113.4700,1397100,66.3085
2011-09-09,113.4000,113.9000,113.0800,113.5900,1029500,66.3786
2011-09-12,113.0500,113.5200,112.8200,112.9000,1749500,65.9754
2011-09-13,112.6900,112.9800,112.5000,112.8800,1536800,65.9638
2011-09-14,112.6800,113.1100,112.6800,112.8300,954900,65.9346
2011-09-15,112.4200,112.6300,112.2500,112.4400,1326900,65.7066
2011-09-16,112.3000,112.8200,112.3000,112.4400,1528700,65.7066
2011-09-19,113.0000,113.2000,112.9200,113.0600,903300,66.0689
2011-09-20,113.1000,113.3200,113.0000,113.1100,889200,66.0981
2011-09-21,113.1100,113.5500,112.7500,113.3700,1006500,66.2501
2011-09-22,113.6800,113.8100,112.9000,113.5900,1304000,66.3786
2011-09-23,113.4500,113.5200,112.8900,112.8900,686500,65.9696
2011-09-26,112.7000,113.0200,112.4500,112.6800,811500,65.8469
2011-09-27,112.1500,112.5500,112.0400,112.3200,1298700,65.6365
2011-09-28,112.1800,112.1800,111.6600,111.8700,1238500,65.3736
2011-09-29,112.1000,112.2700,111.7500,111.7500,864500,65.3034
2011-09-30,112.3300,112.4300,111.9000,112.3100,1483800,65.6307
2011-10-03,112.0200,112.1900,111.6900,112.1000,3575400,65.7526
2011-10-04,112.1400,112.1500,110.7500,111.1200,1753300,65.1778
2011-10-05,111.2600,111.6000,110.6900,111.5800,4530500,65.4476
2011-10-06,111.6400,111.8200,111.0800,111.1300,1410900,65.1837
2011-10-07,111.1500,111.4900,110.9500,111.0300,2117800,65.1250
2011-10-10,111.0300,111.3600,110.6500,111.2400,953700,65.2483
2011-10-11,111.5400,111.7500,111.1400,111.5400,2097300,65.4242
2011-10-12,111.5400,111.8800,111.2100,111.7100,1613100,65.5239
2011-10-13,111.9800,112.0100,111.6600,111.8100,1494400,65.5826
2011-10-14,111.1400,111.9200,111.0800,111.7400,1051900,65.5415
2011-10-17,111.9500,111.9500,111.6300,111.6600,979000,65.4945
2011-10-18,111.8500,112.2800,111.8000,112.0500,835100,65.7233
2011-10-19,112.2800,112.5000,112.0000,112.3400,1839700,65.8934
2011-10-20,112.3000,112.6500,112.0700,112.5900,937600,66.0401
2011-10-21,112.6500,113.0200,112.6400,112.9600,850600,66.2571
2011-10-24,113.2200,113.5400,113.2000,113.5400,1341200,66.5973
2011-10-25,113.4800,114.2000,113.4300,114.1000,1546300,66.9258
2011-10-26,114.2200,114.3100,113.7700,114.0200,1035800,66.8788
2011-10-27,113.9700,114.6400,113.9000,114.0000,2364200,66.8671
2011-10-28,114.2500,114.7200,114.0400,114.4400,2102500,67.1252
2011-10-31,114.6400,114.9500,114.3500,114.7000,1548300,67.2776
2011-11-01,114.7000,114.9900,114.3600,114.8700,1530900,67.6144
2011-11-02,114.7400,115.3200,114.6000,115.2900,1871200,67.8616
2011-11-03,115.1700,115.5300,114.8600,115.3500,1868200,67.8969
2011-11-04,115.3000,115.6800,115.0200,115.5800,1489300,68.0323
2011-11-07,115.4000,115.6800,115.0700,115.1200,757000,67.7615
2011-11-08,115.1100,115.2400,114.3700,114.4100,4358700,67.3436
2011-11-09,114.6200,114.8800,114.0600,114.1100,1252300,67.1670
2011-11-10,113.7800,113.8700,113.0600,113.5400,1487800,66.8315
2011-11-11,113.5700,113.5800,112.9800,113.3400,1114200,66.7138
2011-11-14,113.4100,113.6100,113.2000,113.3300,821400,66.7079
2011-11-15,113.2600,113.5500,113.0100,113.2200,1425200,66.6432
2011-11-16,113.3700,113.3700,112.7500,112.8600,2641800,66.4312
2011-11-17,112.7300,112.9300,111.9000,111.9700,4230700,65.9074
2011-11-18,111.9700,112.2000,111.7800,112.1500,1280400,66.0133
2011-11-21,112.1200,112.1200,111.5800,111.6900,1355300,65.7426
2011-11-22,111.5100,111.7200,111.4000,111.4000,1391700,65.5719
2011-11-23,111.2000,111.2000,110.6500,110.8300,1796600,65.2364
2011-11-25,110.6100,110.8300,110.3300,110.3900,660100,64.9774
2011-11-28,110.1300,110.8100,109.8100,110.4400,2416000,65.0068
2011-11-29,110.3900,110.4300,109.9300,110.1900,1460500,64.8596
2011-11-30,110.8000,110.9000,110.4400,110.6900,1759300,65.1540
2011-12-01,110.3000,110.6400,110.1100,110.5600,1661300,65.3052
2011-12-02,110.8500,111.5500,110.5700,111.5000,1882200,65.8604
2011-12-05,111.5000,112.3300,111.4500,112.3300,1826300,66.3506
2011-12-06,112.0600,112.3700,111.6700,111.7300,1166900,65.9963
2011-12-07,112.1600,112.4700,111.9900,112.4300,1560000,66.4097
2011-12-08,112.3000,112.3400,111.9600,112.0500,1110300,66.1853
2011-12-09,112.3800,112.4400,111.5000,111.6200,1018000,65.9313
2011-12-12,111.9100,111.9600,111.4700,111.6300,574500,65.9372
2011-12-13,111.6800,112.2900,111.6500,112.0100,1206100,66.1616
2011-12-14,112.1500,112.2900,111.9000,112.2000,1085400,66.2739
2011-12-15,112.2000,112.5000,112.1900,112.3800,912600,66.3802
2011-12-16,112.5000,113.0500,112.4500,113.0100,1464900,66.7523
2011-12-19,113.1300,113.4900,112.8700,113.4100,1061800,66.9886
2011-12-20,113.3200,113.5800,113.2000,113.3300,1127900,66.9414
2011-12-21,113.3800,113.4400,112.8500,112.8500,1159500,66.6578
2011-12-22,113.1900,113.5000,113.1100,113.4400,1762800,67.0063
2011-12-23,113.3500,113.3500,112.9500,113.0900,830600,66.7996
2011-12-27,112.8200,113.1400,112.4300,113.1300,872900,67.0533
2011-12-28,113.2800,113.5000,113.0500,113.3400,501500,67.1778
2011-12-29,113.4900,113.5000,113.0200,113.2800,971600,67.1422
2011-12-30,113.4500,113.8500,113.3300,113.7600,807100,67.4267
2012-01-03,113.8000,114.0000,113.5000,113.6700,2509400,67.3734
2012-01-04,113.7500,113.9500,113.4400,113.7600,1641400,67.4267
2012-01-05,113.7000,113.7600,113.2000,113.2700,1454800,67.1362
2012-01-06,113.4900,113.8200,113.3900,113.7100,781000,67.3971
2012-01-09,113.8300,113.9300,113.5400,113.5400,1184400,67.2963
2012-01-10,113.7000,113.9200,113.6100,113.8600,1946400,67.4859
2012-01-11,113.8900,114.0500,113.8100,113.8400,2382700,67.4741
2012-01-12,114.1800,114.3800,114.0100,114.1000,1820800,67.6282
2012-01-13,114.4400,114.8200,114.3500,114.5100,3220100,67.8712
2012-01-17,114.7800,114.8900,114.6100,114.8600,1689000,68.0787
2012-01-18,115.0000,115.0400,114.5900,114.6300,1643200,67.9423
2012-01-19,114.7700,114.9300,114.4200,114.6000,1268300,67.9245
2012-01-20,114.5300,114.6100,114.2100,114.3100,1140300,67.7526
2012-01-23,114.2400,114.4000,114.1400,114.1400,1129000,67.6519
2012-01-24,114.2400,114.5700,114.1600,114.5500,1321300,67.8949
2012-01-25,114.6100,115.5300,114.3900,114.9400,1697600,68.1261
2012-01-26,115.6300,115.8700,115.5100,115.8400,1342800,68.6595
2012-01-27,115.9100,116.2100,115.7500,116.0100,1148400,68.7603
2012-01-30,116.4000,116.4100,115.8400,115.8600,1325500,68.6714
2012-01-31,116.1400,116.3800,115.9500,116.2000,1504000,68.8729
2012-02-01,116.0800,116.3200,115.7400,116.2700,3195600,69.1471
2012-02-02,116.2800,116.5700,116.2000,116.5100,2860600,69.2897
2012-02-03,116.1000,116.3900,115.9000,116.3400,2148400,69.1887
2012-02-06,116.2400,116.8400,116.2400,116.6400,1141700,69.3671
2012-02-07,116.4400,116.5600,116.2000,116.4200,1061100,69.2363
2012-02-08,116.4700,116.6500,116.3200,116.5400,1651200,69.3077
2012-02-09,116.5000,116.5100,115.9800,116.1700,2439000,69.0876
2012-02-10,116.1800,116.2500,115.8300,116.0600,1776500,69.0221
2012-02-13,116.5000,116.5300,116.2900,116.4600,1061300,69.2600
2012-02-14,116.5200,116.7400,116.4000,116.5500,1972900,69.3136
2012-02-15,116.6500,116.8600,116.3500,116.3900,1025100,69.2184
2012-02-16,116.4300,116.4300,116.0200,116.1900,1821400,69.0994
2012-02-17,115.9600,116.1400,115.8300,116.0100,1858600,68.9924
2012-02-21,116.1700,116.3000,115.8200,115.8200,1887500,68.8794
2012-02-22,116.1700,116.5800,115.9400,116.5400,2834500,69.3077
2012-02-23,116.4500,116.7200,116.2200,116.7000,1590800,69.4028
2012-02-24,116.8300,116.9900,116.5300,116.7900,2175100,69.4563
2012-02-27,117.1800,117.3000,116.9700,117.2200,1160200,69.7120
2012-02-28,117.5000,117.8000,117.4100,117.5900,2136700,69.9321
2012-02-29,117.6000,117.8700,117.4000,117.7000,1769800,69.9975
2012-03-01,116.9400,117.1900,116.7900,117.0200,2300600,69.8321
2012-03-02,117.0300,117.3700,117.0100,117.0600,1880600,69.8560
2012-03-05,117.1800,117.3100,116.6900,116.8500,1646400,69.7308
2012-03-06,116.8200,116.9100,116.5000,116.6700,1682900,69.6234
2012-03-07,116.6800,116.8500,116.5200,116.6200,1410400,69.5935
2012-03-08,116.7200,116.8300,116.5300,116.6400,1202400,69.6054
2012-03-09,116.5300,116.6000,116.2700,116.5800,1659400,69.5696
2012-03-12,116.7500,116.7800,116.3400,116.3500,2027900,69.4324
2012-03-13,116.2700,116.4000,115.9200,116.0300,2230100,69.2414
2012-03-14,115.7400,115.7400,114.6000,114.6500,3067800,68.4179
2012-03-15,114.7200,115.1200,114.2900,114.4000,2035800,68.2687
2012-03-16,114.2000,114.5900,114.0000,114.5700,3390500,68.3701
2012-03-19,114.5400,114.6300,114.1600,114.4100,1961200,68.2747
2012-03-20,114.1800,114.5000,114.0500,114.3400,1825900,68.2329
2012-03-21,114.5800,114.9000,114.4600,114.8600,2112500,68.5432
2012-03-22,114.8200,114.8400,114.6000,114.6700,3073000,68.4298
2012-03-23,114.9200,115.1000,114.7600,114.7600,2235200,68.4835
2012-03-26,115.0200,115.2800,114.8200,115.0100,1600200,68.6327
2012-03-27,115.0200,115.9500,115.0200,115.9000,2904800,69.1638
2012-03-28,115.7300,116.0000,115.5200,115.6800,1666400,69.0326
2012-03-29,115.8700,116.0400,115.6200,115.9100,1632100,69.1698
2012-03-30,116.1000,116.1800,115.4800,115.6300,4285000,69.0027
2012-04-02,115.4300,115.6000,115.1600,115.5300,6107600,69.1805
2012-04-03,115.5000,115.8000,114.3900,114.4300,2724100,68.5219
2012-04-04,114.8100,114.9900,114.6400,114.6500,1620100,68.6536
2012-04-05,114.8800,115.1300,114.6000,114.8400,1646300,68.7674
2012-04-09,115.6500,115.7400,115.3900,115.5900,1026600,69.2164
2012-04-10,115.8100,115.8100,115.4700,115.5200,2263600,69.1746
2012-04-11,115.5200,115.5800,114.9900,115.4000,1311400,69.1027
2012-04-12,115.6000,115.7000,115.3900,115.4500,1400700,69.1326
2012-04-13,115.7000,116.0400,115.7000,116.0000,1012800,69.4620
2012-04-16,115.9700,116.2900,115.9000,116.0000,2396800,69.4620
2012-04-17,115.9700,116.1700,115.8100,116.1500,2229300,69.5518
2012-04-18,116.2300,116.2800,116.0500,116.1300,2663500,69.5398
2012-04-19,116.3900,116.4000,116.1300,116.2100,1141800,69.5877
2012-04-20,116.0800,116.2700,115.9300,116.1800,663400,69.5698
2012-04-23,116.4000,116.4100,116.1500,116.2000,976400,69.5817
2012-04-24,116.1600,116.2100,115.9400,115.9900,1988800,69.4560
2012-04-25,115.8500,116.2300,115.7500,116.1900,1709800,69.5757
2012-04-26,116.2500,116.5400,116.2400,116.3800,1116300,69.6895
2012-04-27,116.4700,116.6000,116.2700,116.5500,1601000,69.7913
2012-04-30,116.6800,116.7600,116.4200,116.4800,1733000,69.7494
2012-05-01,116.3900,116.5100,115.8300,115.8700,2430700,69.6166
2012-05-02,116.1300,116.2900,116.0600,116.2500,2046500,69.8449
2012-05-03,116.2500,116.4500,116.1100,116.3200,1356300,69.8870
2012-05-04,116.4800,116.5800,116.4400,116.4500,686400,69.9651
2012-05-07,116.5000,116.7000,116.4000,116.6500,787200,70.0853
2012-05-08,116.7500,117.0000,116.6200,116.9400,1570700,70.2595
2012-05-09,116.6500,116.9900,116.5700,116.7400,2175700,70.1394
2012-05-10,116.6200,116.6800,116.3000,116.5000,1600000,69.9952
2012-05-11,116.7800,117.0000,116.7500,116.8500,2977200,70.2055
2012-05-14,117.0600,117.1800,116.7600,116.8800,1925800,70.2234
2012-05-15,117.0600,117.0600,116.6200,116.7300,2455300,70.1333
2012-05-16,116.3100,116.9100,116.2200,116.7900,2700500,70.1694
2012-05-17,116.3900,116.4500,115.9000,115.9200,2367900,69.6467
2012-05-18,115.7500,115.7700,115.3900,115.4700,1969000,69.3763
2012-05-21,115.4700,115.6600,115.2500,115.6000,1387000,69.4544
2012-05-22,115.3800,115.6000,115.2200,115.2900,1728300,69.2682
2012-05-23,115.3900,115.8000,115.3700,115.5700,1870700,69.4364
2012-05-24,115.5900,115.6400,115.4300,115.5900,1212900,69.4484
2012-05-25,115.6800,115.9100,115.6000,115.8800,594000,69.6227
2012-05-29,115.9800,116.2900,115.9500,116.0500,2514200,69.7248
2012-05-30,116.4800,116.5700,116.1300,116.1500,1919500,69.7848
2012-05-31,116.4900,117.0000,116.2500,116.9700,4629800,70.2775
2012-06-01,116.5900,117.3000,116.3300,117.2900,3800200,70.7092
2012-06-04,116.7500,116.9100,116.3600,116.4000,2643900,70.1726
2012-06-05,116.2700,116.4900,116.0700,116.1500,2430900,70.0219
2012-06-06,116.2700,116.2700,115.5700,115.8100,2499400,69.8169
2012-06-07,115.8900,116.1000,115.7300,116.0500,2929700,69.9616
2012-06-08,116.5600,116.6700,116.2000,116.4800,1713000,70.2208
2012-06-11,116.4600,116.7300,116.2800,116.4600,1354200,70.2087
2012-06-12,116.3500,116.4300,115.9300,116.1200,926300,70.0038
2012-06-13,116.1900,116.5500,116.0400,116.5400,1333000,70.2571
2012-06-14,116.4800,116.5600,116.1700,116.4000,1574900,70.1726
2012-06-15,116.7500,116.9600,116.6200,116.8800,1347100,70.4620
2012-06-18,116.9600,117.0000,116.7000,116.8300,996800,70.4319
2012-06-19,116.9700,117.3100,116.6700,116.7200,2159200,70.3655
2012-06-20,116.6600,116.9800,116.4800,116.7700,2579000,70.3957
2012-06-21,116.9800,117.2700,116.9200,116.9500,2229400,70.5042
2012-06-22,116.9400,117.1200,116.8000,116.8600,1245600,70.4500
2012-06-25,117.1200,117.3400,116.9600,117.1600,1702300,70.6308
2012-06-26,117.0900,117.4200,117.0200,117.2800,1642300,70.7032
2012-06-27,117.4900,117.6100,117.3200,117.4400,2352100,70.7996
2012-06-28,117.6800,117.8600,117.6100,117.6200,2286500,70.9081
2012-06-29,117.5000,117.8100,117.4000,117.5900,2348600,70.8901
2012-07-02,117.5800,118.0000,117.4500,117.8200,2310500,71.2663
2012-07-03,117.8600,117.9900,117.7400,117.9200,808800,71.3267
2012-07-05,117.9800,118.3400,117.9300,118.2200,1982300,71.5082
2012-07-06,118.3900,118.5700,118.0200,118.5200,1533100,71.6897
2012-07-09,118.4100,118.7600,118.3800,118.6000,1119500,71.7380
2012-07-10,118.7700,118.8600,118.5700,118.5700,1385600,71.7199
2012-07-11,118.8000,119.1100,118.7500,118.7700,1210000,71.8408
2012-07-12,118.9500,119.4100,118.8200,119.3700,1716700,72.2038
2012-07-13,119.3200,119.5200,119.0500,119.4100,1634700,72.2280
2012-07-16,119.8300,119.8600,119.5900,119.7400,750100,72.4276
2012-07-17,119.7700,119.9000,119.5300,119.7400,2479000,72.4276
2012-07-18,120.1200,120.4900,120.0700,120.4000,2351900,72.8269
2012-07-19,120.4100,120.8700,120.4100,120.6100,3499900,72.9538
2012-07-20,120.8000,120.9200,120.6600,120.7000,1144600,73.0083
2012-07-23,120.7200,120.8000,120.2500,120.3100,1328000,72.7724
2012-07-24,120.2200,120.6300,120.1700,120.5000,1333100,72.8873
2012-07-25,120.6900,120.8600,120.5400,120.7300,2551400,73.0264
2012-07-26,120.7300,120.9700,120.7300,120.9200,1094600,73.1414
2012-07-27,120.5600,120.6500,119.7400,120.3500,2952200,72.7966
2012-07-30,120.2200,120.7800,120.2200,120.6600,2581500,72.9841
2012-07-31,121.0500,121.2900,120.8400,121.2800,1563500,73.3591
2012-08-01,120.6600,120.9700,120.4000,120.7600,2583100,73.2772
2012-08-02,121.0000,121.0600,120.2000,120.8400,1500000,73.3258
2012-08-03,120.5400,120.6800,120.1900,120.5500,2259800,73.1498
2012-08-06,120.7200,120.7900,120.6000,120.7100,1596300,73.2468
2012-08-07,120.2300,120.3400,120.0000,120.0800,4136600,72.8646
2012-08-08,120.2300,120.2700,119.7000,119.7400,2310300,72.6582
2012-08-09,119.5800,119.7700,119.3000,119.6600,2496100,72.6097
2012-08-10,120.0900,120.1000,119.7900,120.0000,1482700,72.8161
2012-08-13,119.9600,120.0700,119.7300,119.7500,1127000,72.6644
2012-08-14,119.4700,119.4700,119.1800,119.2100,1593600,72.3367
2012-08-15,119.0300,119.0700,118.6500,118.6500,3995300,71.9969
2012-08-16,118.7500,118.9000,118.1300,118.3000,1895700,71.7845
2012-08-17,118.4100,118.7900,118.4000,118.4600,1734500,71.8816
2012-08-20,118.2700,118.8200,118.2600,118.7900,1813900,72.0818
2012-08-21,118.7600,118.9900,118.4800,118.9900,2010000,72.2031
2012-08-22,119.4500,119.7000,119.1900,119.6700,2281400,72.6158
2012-08-23,119.8400,119.9100,119.7200,119.7600,883300,72.6704
2012-08-24,119.9500,119.9500,119.7300,119.8900,1335300,72.7493
2012-08-27,120.1500,120.2600,120.0000,120.0400,1879300,72.8403
2012-08-28,120.1900,120.2800,120.0600,120.2100,908300,72.9434
2012-08-29,120.1900,120.1900,119.8800,119.9600,1777000,72.7918
2012-08-30,120.0600,120.1300,119.9500,120.0000,1888000,72.8161
2012-08-31,120.0400,120.8300,120.0400,120.8300,1766500,73.3197
2012-09-04,120.5600,120.5700,120.0500,120.1600,3788800,73.1462
2012-09-05,120.1500,120.8000,120.0600,120.2100,817600,73.1766
2012-09-06,119.8500,119.9200,119.6100,119.6800,2078500,72.8540
2012-09-07,120.6000,120.6200,119.9000,119.9300,2192700,73.0061
2012-09-10,119.9300,120.0100,119.7200,119.9200,1075900,73.0001
2012-09-11,120.0000,120.1200,119.8000,120.0200,2641500,73.0610
2012-09-12,119.7800,119.8300,119.5700,119.7800,1334800,72.9149
2012-09-13,120.0200,120.5900,119.6500,120.4200,3618500,73.3045
2012-09-14,120.1000,120.1000,119.3600,119.7000,3164800,72.8662
2012-09-17,120.0300,120.3400,119.9200,120.1100,898100,73.1157
2012-09-18,120.4900,120.6500,120.3200,120.4800,1563000,73.3409
2012-09-19,120.8300,120.9400,120.6500,120.6800,1237400,73.4627
2012-09-20,120.9800,121.0600,120.5500,120.5800,1165200,73.4018
2012-09-21,120.5300,120.8600,120.4500,120.8000,1305900,73.5358
2012-09-24,120.9700,121.0300,120.8400,120.9800,1191700,73.6453
2012-09-25,121.0100,121.2200,120.8300,121.2200,3287800,73.7915
2012-09-26,121.2600,121.5700,121.2000,121.5600,1162900,73.9984
2012-09-27,121.5200,121.7400,121.4300,121.5000,1720200,73.9619
2012-09-28,121.7500,121.9100,121.5600,121.7700,2519100,74.1263
2012-10-01,121.6700,121.7600,121.4000,121.7100,3318000,74.3241
2012-10-02,121.5900,121.7900,121.5600,121.7500,2188900,74.3486
2012-10-03,121.6500,121.8300,121.5300,121.8300,6193600,74.3974
2012-10-04,121.7300,121.9200,121.6700,121.7300,1710500,74.3363
2012-10-05,121.5700,121.6900,121.5000,121.5400,1711500,74.2203
2012-10-08,121.8600,121.9500,121.7300,121.8600,715300,74.4157
2012-10-09,121.6500,122.2200,121.6500,121.9900,3132200,74.4951
2012-10-10,121.8900,122.3600,121.7600,122.2100,2418400,74.6294
2012-10-11,122.0600,122.6900,122.0300,122.6100,2165200,74.8737
2012-10-12,122.7600,122.9600,122.6600,122.7500,1712000,74.9592
2012-10-15,122.7900,123.1500,122.7300,123.1300,2144800,75.1913
2012-10-16,123.0600,123.2000,122.9300,123.0500,2177900,75.1424
2012-10-17,123.0200,123.1500,122.7600,122.8100,6454900,74.9958
2012-10-18,122.9600,123.0000,122.5000,122.5800,1541400,74.8554
2012-10-19,122.7000,123.0100,122.6000,122.8000,1716000,74.9897
2012-10-22,122.5400,122.7100,122.4600,122.5100,2030300,74.8126
2012-10-23,122.4000,122.7500,122.3700,122.7200,1188600,74.9409
2012-10-24,122.6100,122.7600,122.3700,122.3900,2842400,74.7393
2012-10-25,122.2400,122.4300,122.0000,122.0400,1511200,74.5256
2012-10-26,122.3700,122.6600,122.2200,122.6400,1206500,74.8920
2012-10-31,122.9400,123.1800,122.6900,123.0200,1286500,75.1241
2012-11-01,122.5900,122.7700,122.3900,122.4800,1953700,74.7943
2012-11-02,122.3900,122.4900,122.0300,122.2400,1940300,74.6478
2012-11-05,122.2600,122.5100,122.2600,122.3000,2073200,74.6844
2012-11-06,122.1100,122.2300,121.6500,121.7100,1459400,74.3241
2012-11-07,122.4100,122.4500,121.9600,121.9600,1585400,74.4768
2012-11-08,121.9000,122.0000,121.6000,121.8400,3176500,74.4035
2012-11-09,121.6900,121.8300,121.3800,121.5400,2850300,74.2203
2012-11-12,121.5400,121.7800,121.5000,121.5600,991500,74.2325
2012-11-13,121.8500,121.9800,121.5500,121.6100,1849500,74.2630
2012-11-14,121.3800,121.9300,121.3800,121.8600,2445600,74.4157
2012-11-15,121.5300,121.7100,121.5200,121.6200,2218400,74.2692
2012-11-16,121.6300,121.8500,121.6000,121.6600,2181100,74.2936
2012-11-19,121.5700,122.0700,121.5500,122.0400,2385000,74.5256
2012-11-20,121.9800,122.0400,121.6300,121.6600,3229500,74.2936
2012-11-21,121.6400,121.8000,121.5500,121.7500,2263700,74.3486
2012-11-23,121.8000,121.9400,121.7500,121.8000,929000,74.3791
2012-11-26,122.0000,122.1800,121.9100,122.0000,2412300,74.5012
2012-11-27,121.9700,122.1500,121.9700,122.0700,2243300,74.5439
2012-11-28,122.1600,122.3000,122.0200,122.0500,1479700,74.5317
2012-11-29,122.1400,122.2100,122.0500,122.1400,1052700,74.5867
2012-11-30,122.2800,122.3700,122.1000,122.1300,2129200,74.5806
2012-12-03,121.7300,121.9900,121.5300,121.8900,3859100,74.6633
2012-12-04,122.0400,122.1000,121.8900,122.0000,2387600,74.7307
2012-12-05,122.1100,122.3100,122.0200,122.2500,1943900,74.8838
2012-12-06,122.3300,122.4800,122.2000,122.2300,2737400,74.8715
2012-12-07,122.0500,122.0900,121.9300,121.9400,1947300,74.6939
2012-12-10,122.1000,122.1500,121.9700,122.0500,2290200,74.7613
2012-12-11,122.0000,122.0200,121.5600,121.6000,2365400,74.4857
2012-12-12,121.5900,121.8000,121.1500,121.2300,2390900,74.2590
2012-12-13,121.0300,121.2200,120.8700,121.0400,3635100,74.1426
2012-12-14,121.1600,121.2900,121.1000,121.1300,2844200,74.1978
2012-12-17,121.1400,121.2000,120.7400,120.7400,1983300,73.9589
2012-12-18,120.8700,120.8900,120.3000,120.4400,2278500,73.7751
2012-12-19,120.6500,120.9500,120.6500,120.9100,3112200,74.0630
2012-12-20,121.1200,121.2500,120.9400,121.0300,2545200,74.1365
2012-12-21,121.1900,121.3300,121.0900,121.2400,2649700,74.2652
2012-12-24,121.0800,121.2800,121.0600,121.1600,1902500,74.2161
2012-12-26,121.1200,121.1400,120.9500,120.9700,1642000,74.3218
2012-12-27,121.0000,121.4200,120.9700,121.3600,1556900,74.5614
2012-12-28,121.5000,121.6300,121.4100,121.6300,1894500,74.7273
2012-12-31,121.4100,121.5000,120.9000,120.9900,1867700,74.3341
2013-01-02,120.9600,121.3100,120.8100,121.2700,4058400,74.5061
2013-01-03,121.1400,121.1800,120.5600,120.6100,3207900,74.1006
2013-01-04,120.5700,120.6500,120.2600,120.5500,4663300,74.0638
2013-01-07,120.6900,120.8000,120.5100,120.7500,3832600,74.1866
2013-01-08,120.8000,120.9400,120.7600,120.8600,2534900,74.2542
2013-01-09,120.9800,121.0000,120.7900,120.8200,1867600,74.2296
2013-01-10,120.6400,120.9700,120.6300,120.8800,1439900,74.2665
2013-01-11,120.7500,121.1100,120.6600,121.1000,758200,74.4017
2013-01-14,121.1900,121.1900,120.8300,120.8600,1569400,74.2542
2013-01-15,120.9900,121.1400,120.6700,120.7600,3042900,74.1928
2013-01-16,120.8400,120.9400,120.7100,120.7600,4199900,74.1928
2013-01-17,120.5700,120.6100,120.3000,120.5500,2225700,74.0638
2013-01-18,120.5600,120.7900,120.4800,120.6700,2704400,74.1375
2013-01-22,120.5200,120.7800,120.3800,120.6700,1730300,74.1375
2013-01-23,120.8500,120.9400,120.7600,120.8200,2446600,74.2296
2013-01-24,120.7600,120.8000,120.5800,120.6500,1873600,74.1252
2013-01-25,120.4400,120.4400,120.0300,120.1000,2434600,73.7873
2013-01-28,119.7000,120.0300,119.0000,120.0000,2434200,73.7258
2013-01-29,119.7700,120.0500,119.6200,119.7300,1424100,73.5600
2013-01-30,119.3900,119.6000,119.2200,119.3300,3009300,73.3142
2013-01-31,119.4300,119.4800,119.2400,119.4200,2804100,73.3695
2013-02-01,119.4400,119.6500,118.7300,118.7400,4589000,73.1791
2013-02-04,118.9800,119.3000,118.9700,119.1400,2581400,73.4256
2013-02-05,118.9200,119.0800,118.8700,118.9000,2814700,73.2777
2013-02-06,119.0800,119.2800,118.9600,119.2100,1970200,73.4687
2013-02-07,119.1200,119.5000,119.1100,119.2500,1680000,73.4934
2013-02-08,119.4000,119.5100,119.1700,119.5100,1496700,73.6536
2013-02-11,119.4800,119.5200,119.4100,119.4500,749100,73.6167
2013-02-12,119.1700,119.4500,119.1600,119.3300,1520200,73.5427
2013-02-13,118.9300,119.1700,118.9300,119.0500,2317800,73.3701
2013-02-14,119.0800,119.4600,119.0700,119.3800,3180500,73.5735
2013-02-15,119.3800,119.4200,119.2000,119.3300,1363600,73.5427
2013-02-19,119.3700,119.6000,119.2100,119.3000,1842300,73.5242
2013-02-20,119.1600,119.5200,119.1600,119.5000,1369800,73.6475
2013-02-21,119.6800,119.8200,119.6100,119.6900,3578100,73.7646
2013-02-22,119.7600,119.8500,119.6700,119.7700,1914300,73.8139
2013-02-25,119.4200,120.5300,119.4100,120.4800,2643500,74.2515
2013-02-26,120.3200,120.5900,120.2600,120.3300,1574100,74.1590
2013-02-27,120.5200,120.5800,120.1700,120.2900,941400,74.1343
2013-02-28,120.3900,120.3900,120.1100,120.3300,2231100,74.1590
2013-03-01,120.1200,120.2900,119.9900,120.2300,1363700,74.3284
2013-03-04,120.1900,120.2300,120.0400,120.1400,1733400,74.2727
2013-03-05,120.1400,120.1500,119.8500,119.9400,1395400,74.1490
2013-03-06,119.6400,119.8100,119.5400,119.5900,1014700,73.9327
2013-03-07,119.2900,119.4000,119.2000,119.2000,1964000,73.6916
2013-03-08,118.8700,119.0300,118.6500,118.7800,2526900,73.4320
2013-03-11,118.7800,118.9600,118.7800,118.8600,2632500,73.4814
2013-03-12,118.9900,119.1700,118.9500,119.1000,3172900,73.6297
2013-03-13,118.8900,119.1100,118.8900,118.9900,1958600,73.5618
2013-03-14,118.8300,119.1300,118.8200,119.0400,1669600,73.5927
2013-03-15,118.9800,119.2900,118.9800,119.2000,1188500,73.6916
2013-03-18,119.4100,119.5200,119.3300,119.4900,1665700,73.8709
2013-03-19,119.5900,119.8200,119.5700,119.6900,1354600,73.9945
2013-03-20,119.4300,119.5800,119.3300,119.3400,1905100,73.7782
2013-03-21,119.5800,119.6000,119.3200,119.4600,1854000,73.8524
2013-03-22,119.4000,119.6200,119.3400,119.4700,997900,73.8586
2013-03-25,119.3700,119.5800,119.2500,119.4700,1089700,73.8586
2013-03-26,119.2800,119.5700,119.2600,119.5500,918000,73.9080
2013-03-27,119.6500,120.0500,119.6500,119.9700,1847200,74.1676
2013-03-28,119.7400,119.9400,119.7300,119.9000,1874300,74.1244
2013-04-01,119.4200,119.7700,119.2900,119.3600,5877400,74.0177
2013-04-02,119.4300,119.4700,119.2800,119.3500,1319200,74.0115
2013-04-03,119.5200,119.8300,119.4900,119.8300,1421000,74.3091
2013-04-04,119.9600,120.4900,119.9600,120.4700,2660900,74.7060
2013-04-05,120.8400,121.0500,120.7400,120.8400,3268500,74.9355
2013-04-08,121.0000,121.0400,120.8900,120.9500,2276800,75.0037
2013-04-09,121.0200,121.1800,120.9800,121.0700,3157000,75.0781
2013-04-10,120.8000,120.9500,120.6600,120.7500,2181600,74.8797
2013-04-11,120.8800,120.9800,120.7600,120.8300,1496900,74.9293
2013-04-12,121.2000,121.5000,121.0500,121.4300,1358900,75.3013
2013-04-15,121.4000,121.5300,121.3200,121.4700,1024800,75.3262
2013-04-16,121.2500,121.3700,121.2300,121.2500,1629800,75.1897
2013-04-17,121.3200,121.6300,121.3200,121.4200,1373200,75.2951
2013-04-18,121.4500,121.6600,121.4500,121.5300,1656700,75.3634
2013-04-19,121.6200,121.7700,121.4700,121.7100,877900,75.4750
2013-04-22,121.7500,121.8100,121.6700,121.7500,1271500,75.4998
2013-04-23,121.9100,122.0900,121.8100,121.9100,1659700,75.5991
2013-04-24,121.8600,122.0400,121.8100,121.9600,1366900,75.6300
2013-04-25,121.9100,122.0200,121.8300,121.8900,1067100,75.5866
2013-04-26,122.1500,122.3500,122.1500,122.3300,1294500,75.8595
2013-04-29,122.5400,122.5500,122.3000,122.3400,875700,75.8657
2013-04-30,122.3200,122.5700,122.1000,122.1300,2347500,75.7354
2013-05-01,121.9500,122.3900,121.9500,122.3100,4063500,76.0726
2013-05-02,122.0900,122.4000,122.0900,122.3100,1799000,76.0726
2013-05-03,121.8900,121.8900,121.1500,121.1600,2882200,75.3573
2013-05-06,121.3000,121.4000,121.0800,121.1400,1839300,75.3448
2013-05-07,121.0500,121.2600,120.9900,121.0500,3886100,75.2889
2013-05-08,121.0200,121.2700,120.9600,121.1600,2379000,75.3573
2013-05-09,121.1500,121.4100,120.9000,120.9000,825800,75.1956
2013-05-10,120.8600,120.8600,120.0500,120.2700,2808200,74.8038
2013-05-13,120.0300,120.1600,119.9000,119.9600,2498400,74.6109
2013-05-14,120.2300,120.3100,119.6100,119.6400,2325000,74.4119
2013-05-15,120.1300,120.1500,119.6700,120.0600,2081600,74.6731
2013-05-16,120.2800,120.7500,120.2800,120.6100,2916500,75.0152
2013-05-17,120.5000,120.5500,120.0400,120.0900,909500,74.6918
2013-05-20,120.2300,120.3100,119.8700,119.9500,2097100,74.6047
2013-05-21,119.9100,120.4100,119.7300,120.4000,2007700,74.8846
2013-05-22,120.4200,120.6000,119.4400,119.4500,2886300,74.2938
2013-05-23,119.7300,119.8100,119.2300,119.5700,2568500,74.3684
2013-05-24,119.6400,119.8100,119.4600,119.4900,1090900,74.3186
2013-05-28,119.3300,119.4900,118.3300,118.3400,1683700,73.6033
2013-05-29,118.4100,118.5800,118.1500,118.2900,3574100,73.5722
2013-05-30,118.3200,118.6000,118.2500,118.4400,1759000,73.6655
2013-05-31,118.3200,118.4500,117.4800,117.8500,4297500,73.2986
2013-06-03,117.2500,117.7500,116.9300,117.1800,10863900,73.1058
2013-06-04,116.9500,117.2500,116.7100,116.7200,3726500,72.8188
2013-06-05,116.8100,117.0000,116.4800,116.5500,4575200,72.7128
2013-06-06,116.5700,117.4600,116.4200,117.0500,2500000,73.0247
2013-06-07,116.8900,117.2000,116.3900,116.5900,3159800,72.7377
2013-06-10,116.2200,116.4800,116.0700,116.2300,2911100,72.5131
2013-06-11,115.5000,116.0500,115.2300,116.0100,3983700,72.3759
2013-06-12,115.8000,116.1000,115.5000,115.6100,3469000,72.1263
2013-06-13,115.8400,116.9100,115.7900,116.8500,2474400,72.8999
2013-06-14,116.9300,117.1500,116.7400,116.7700,1283900,72.8501
2013-06-17,116.9100,117.1100,116.5500,116.6000,1868600,72.7440
2013-06-18,116.2800,116.5600,116.1600,116.3700,1748400,72.6005
2013-06-19,116.5000,116.5600,114.6700,114.7200,2823000,71.5711
2013-06-20,113.8700,113.8900,112.7900,113.1400,6649600,70.5854
2013-06-21,113.2600,113.4800,112.2000,112.2100,4107600,70.0051
2013-06-24,111.4300,112.1000,110.9100,111.4800,6063600,69.5497
2013-06-25,112.1900,112.4700,111.6600,111.8500,3653200,69.7805
2013-06-26,112.7500,113.0000,112.5100,112.7000,2010000,70.3108
2013-06-27,113.2400,113.7900,113.2400,113.7200,1544800,70.9472
2013-06-28,113.1300,113.7000,112.8800,113.6500,2960300,70.9035
2013-07-01,113.0800,113.9400,113.0800,113.5800,2849900,71.0869
2013-07-02,113.8100,114.1700,113.6600,113.9400,2214800,71.3122
2013-07-03,113.9000,114.0800,113.5700,113.6100,2132000,71.1056
2013-07-05,112.1800,112.4300,111.7000,112.1700,2500100,70.2044
2013-07-08,112.5400,113.0900,112.5400,113.0900,3096700,70.7802
2013-07-09,113.0500,113.5100,113.0500,113.1900,4037000,70.8428
2013-07-10,113.2600,113.4500,112.8000,112.8600,2908800,70.6363
2013-07-11,113.8600,114.2000,113.6000,114.1900,2179100,71.4687
2013-07-12,114.3200,114.5000,113.7400,113.8700,2008800,71.2684
2013-07-15,114.0900,114.6200,113.9500,114.6000,3308200,71.7253
2013-07-16,114.5300,114.6000,114.2900,114.4300,1625900,71.6189
2013-07-17,114.8800,115.1500,114.7400,114.8600,1248400,71.8880
2013-07-18,114.9500,114.9500,114.4200,114.5600,1119900,71.7003
2013-07-19,114.7700,115.2100,114.7300,115.1900,2734900,72.0946
2013-07-22,115.3200,115.4700,115.2900,115.4500,2235900,72.2573
2013-07-23,115.1300,115.3800,115.0100,115.2700,827300,72.1446
2013-07-24,114.7200,114.8800,114.2900,114.7100,1960700,71.7941
2013-07-25,114.1800,114.5700,114.1300,114.5700,2109200,71.7066
2013-07-26,114.6700,114.7900,114.4900,114.6900,1022700,71.7816
2013-07-29,114.5400,114.6800,114.4400,114.5000,2211900,71.6627
2013-07-30,114.7200,114.7800,114.3600,114.5300,1331900,71.6815
2013-07-31,113.8800,114.6500,113.7000,114.5400,2282100,71.6878
2013-08-01,113.9500,113.9500,113.1200,113.2800,1845700,71.1165
2013-08-02,113.6500,113.9700,113.6200,113.8400,1772000,71.4680
2013-08-05,113.6800,113.8300,113.3800,113.4100,3111500,71.1981
2013-08-06,113.3600,113.6000,113.2800,113.4800,1047200,71.2420
2013-08-07,113.6100,113.8600,113.5900,113.7300,946000,71.3990
2013-08-08,113.9100,114.1700,113.8900,113.9700,960900,71.5496
2013-08-09,114.0200,114.0800,113.7500,113.9700,539600,71.5496
2013-08-12,114.0800,114.1800,113.8500,113.9100,1042800,71.5120
2013-08-13,113.2800,113.4100,113.0000,113.1000,1221600,71.0035
2013-08-14,113.0200,113.1500,112.8700,112.9100,1723700,70.8842
2013-08-15,112.0900,112.4200,111.9900,112.1100,1793800,70.3819
2013-08-16,112.0700,112.2100,111.3600,111.5500,2469000,70.0304
2013-08-19,111.3200,111.4400,110.9300,110.9400,4884400,69.6474
2013-08-20,111.2900,111.7400,111.2900,111.6200,2100500,70.0743
2013-08-21,111.4100,111.6600,110.8900,110.9500,2310800,69.6537
2013-08-22,111.0500,111.5000,111.0500,111.4600,2507700,69.9739
2013-08-23,111.4300,112.2200,111.3800,112.2100,2327600,70.4447
2013-08-26,112.3200,112.4700,112.2600,112.4400,1385700,70.5891
2013-08-27,112.5100,112.9700,112.4500,112.9200,2398500,70.8905
2013-08-28,112.7400,112.9400,112.5500,112.9400,2488300,70.9030
2013-08-29,112.6500,113.0700,112.5200,113.0500,2273100,70.9721
2013-08-30,113.0000,113.2900,112.8100,113.0500,1668800,70.9721
2013-09-03,112.0000,112.2700,111.5100,112.2400,5473600,70.6924
2013-09-04,112.2700,112.3700,111.7900,111.8300,2335000,70.4342
2013-09-05,111.3900,111.4200,110.7300,110.9100,2703800,69.8547
2013-09-06,111.4100,111.6500,110.9900,111.0700,1960600,69.9555
2013-09-09,111.4600,111.6000,111.2700,111.3600,1615600,70.1381
2013-09-10,111.0400,111.3200,110.8200,110.8700,2115900,69.8296
2013-09-11,111.1100,111.3900,110.8200,111.3900,2301300,70.1571
2013-09-12,111.6000,111.7600,111.2300,111.3100,1860200,70.1067
2013-09-13,111.3400,111.5400,111.3200,111.3800,1255400,70.1508
2013-09-16,112.4200,112.4400,111.4400,111.5100,2311100,70.2327
2013-09-17,111.6800,111.8400,111.5600,111.8100,1020100,70.4216
2013-09-18,111.7000,113.7100,111.4200,113.4500,5100000,71.4545
2013-09-19,113.4000,113.5600,112.6600,112.7300,5030300,71.0010
2013-09-20,112.9300,113.0900,112.7500,112.8300,1089700,71.0640
2013-09-23,112.8900,113.5200,112.8900,113.5000,3719000,71.4860
2013-09-24,113.6200,113.9300,113.4000,113.7900,2576200,71.6687
2013-09-25,113.7200,114.1800,113.6300,114.1400,1931100,71.8891
2013-09-26,113.7300,113.9500,113.7300,113.8600,921300,71.7128
2013-09-27,113.7500,113.8500,113.6600,113.7700,1194100,71.6560
2013-09-30,113.6000,113.7800,113.4200,113.5200,1800800,71.4986
2013-10-01,113.0700,113.1800,112.9300,113.0400,3172400,71.4266
2013-10-02,113.2000,113.5600,113.1900,113.3800,910300,71.6414
2013-10-03,113.2900,113.6300,113.2900,113.4400,1411600,71.6793
2013-10-04,113.2900,113.4300,113.1900,113.3300,569300,71.6098
2013-10-07,113.4600,113.6900,113.4300,113.5300,1374600,71.7362
2013-10-08,113.4800,113.6200,113.2800,113.5100,1667900,71.7236
2013-10-09,113.4300,113.5300,113.2100,113.2700,1017300,71.5719
2013-10-10,113.0900,113.4900,113.0200,113.4300,1978400,71.6730
2013-10-11,113.6800,113.8100,113.5300,113.5800,3275900,71.7678
2013-10-14,113.5100,113.6400,113.1100,113.2300,525100,71.5467
2013-10-15,113.5700,113.5800,113.2000,113.2500,1430400,71.5593
2013-10-16,113.2600,114.1500,113.2100,114.0900,1395200,72.0900
2013-10-17,114.4100,115.0000,114.3400,114.9300,2697900,72.6208
2013-10-18,115.1000,115.2700,114.9900,115.0800,1071200,72.7156
2013-10-21,115.0100,115.1800,114.7400,114.7800,1031400,72.5260
2013-10-22,115.3100,115.4900,115.2600,115.4800,1372100,72.9683
2013-10-23,115.4700,115.6700,115.4100,115.4500,1514800,72.9493
2013-10-24,115.5600,115.6400,115.2700,115.3300,1500200,72.8736
2013-10-25,115.3100,115.5300,115.3000,115.3200,708700,72.8672
2013-10-28,115.2600,115.5200,115.2500,115.4300,2958700,72.9367
2013-10-29,115.3500,115.6000,115.2600,115.5900,1584300,73.0379
2013-10-30,115.5900,115.7500,115.0800,115.3600,1436200,72.8925
2013-10-31,115.4500,115.5000,115.0900,115.2000,1072800,72.7914
2013-11-01,114.8100,114.9300,114.2900,114.5100,1965300,72.5949
2013-11-04,114.6600,114.7900,114.5200,114.5400,772400,72.6139
2013-11-05,114.3300,114.3300,113.9200,114.0500,1264700,72.3032
2013-11-06,114.2300,114.2400,114.0800,114.1800,1060000,72.3857
2013-11-07,114.3700,114.4900,114.2100,114.4100,1337000,72.5315
2013-11-08,113.4800,113.5100,113.2800,113.2900,1634000,71.8215
2013-11-11,113.2200,113.2800,113.0100,113.1000,1241500,71.7010
2013-11-12,113.0400,113.2200,113.0000,113.1800,2301900,71.7517
2013-11-13,113.3300,113.5700,113.3000,113.4400,4339700,71.9166
2013-11-14,113.7400,114.1400,113.6600,114.0600,1355100,72.3096
2013-11-15,114.0800,114.1500,113.9300,114.0600,1451200,72.3096
2013-11-18,114.1200,114.5700,114.1200,114.5700,3003900,72.6329
2013-11-19,114.3600,114.4600,114.1700,114.1700,914200,72.3793
2013-11-20,114.1400,114.4400,113.5200,113.6800,1881300,72.0687
2013-11-21,113.5900,113.9300,113.3300,113.9000,3320600,72.2082
2013-11-22,114.0300,114.3000,114.0000,114.3000,1190900,72.4618
2013-11-25,114.2700,114.5400,114.2700,114.5000,1189200,72.5885
2013-11-26,114.5200,114.7800,114.5200,114.7300,1044500,72.7344
2013-11-27,114.6000,114.8100,114.2800,114.7500,2387900,72.7470
2013-11-29,114.3700,114.7500,114.3400,114.6600,741200,72.6900
2013-12-02,114.1000,114.2000,113.7400,113.7500,5714000,72.3453
2013-12-03,113.8900,114.1400,113.8900,114.0400,1164500,72.5297
2013-12-04,113.4200,113.7200,113.4200,113.6700,1705000,72.2944
2013-12-05,113.3900,113.5900,113.2400,113.4200,1234400,72.1353
2013-12-06,113.4300,113.6900,113.3400,113.6600,737400,72.2880
2013-12-09,113.6600,113.8500,113.6600,113.8300,590100,72.3961
2013-12-10,114.1700,114.3100,113.9900,114.2900,1171600,72.6887
2013-12-11,114.2000,114.2900,113.9400,113.9700,1087800,72.4852
2013-12-12,113.8600,113.9200,113.7100,113.7800,877300,72.3643
2013-12-13,113.9900,114.1300,113.8200,114.0900,904000,72.5615
2013-12-16,114.2800,114.3500,114.0600,114.1800,1593500,72.6188
2013-12-17,114.0900,114.5200,114.0900,114.5200,1500800,72.8350
2013-12-18,114.3300,114.9000,114.0400,114.5200,1946900,72.8350
2013-12-19,114.1900,114.5000,114.1700,114.3500,2493300,72.7269
2013-12-20,114.6600,114.8800,114.5100,114.8800,1269700,73.0640
2013-12-23,114.8200,115.0400,114.6900,114.7000,1204900,72.9494
2013-12-24,114.5200,115.0000,114.5100,114.6700,1003500,72.9304
2013-12-26,114.1700,114.3900,114.1700,114.2400,2268000,72.8781
2013-12-27,114.0800,114.2400,114.0400,114.1400,2463600,72.8143
2013-12-30,114.2000,114.4900,114.2000,114.4800,2790000,73.0312
2013-12-31,114.3000,114.4900,114.0200,114.1900,1658600,72.8461
2014-01-02,114.2900,114.4600,114.1100,114.4100,1887700,72.9866
2014-01-03,114.2200,114.7400,114.2200,114.5800,1695800,73.0950
2014-01-06,114.7400,114.8900,114.6500,114.8300,1171700,73.2545
2014-01-07,114.9200,114.9400,114.6600,114.7400,1086500,73.1971
2014-01-08,114.5000,114.5300,114.1500,114.2500,1067000,72.8845
2014-01-09,114.4000,114.5100,114.1800,114.5100,1216000,73.0503
2014-01-10,114.9100,115.2500,114.8900,115.1300,1736900,73.4458
2014-01-13,115.2300,115.4500,115.1700,115.3500,2109900,73.5862
2014-01-14,115.2000,115.3000,115.0000,115.0100,1529100,73.3693
2014-01-15,114.8000,115.0900,114.7400,115.0400,1495000,73.3884
2014-01-16,115.2200,115.3200,115.1700,115.3100,1372300,73.5607
2014-01-17,115.1900,115.4400,115.1100,115.4400,1766000,73.6436
2014-01-21,115.2700,115.4000,115.2700,115.2800,1114100,73.5415
2014-01-22,115.1600,115.2900,114.9900,115.0000,1687800,73.3629
2014-01-23,115.2200,115.6000,115.2000,115.4400,1597600,73.6436
2014-01-24,115.4900,115.6300,115.2700,115.3600,1681100,73.5926
2014-01-27,115.2700,115.5900,115.1400,115.1400,1979600,73.4523
2014-01-28,115.4000,115.7000,115.3000,115.7000,2420900,73.8094
2014-01-29,115.7200,115.9900,115.5800,115.9300,2105500,73.9562
2014-01-30,115.8300,116.0200,115.6700,115.9900,1821900,73.9945
2014-01-31,116.0500,116.3400,116.0100,116.3400,1427400,74.2177
2014-02-03,115.8900,116.7500,115.8300,116.7400,6064600,74.6964
2014-02-04,116.3300,116.3400,116.1000,116.1800,2015000,74.3381
2014-02-05,116.0000,116.0100,115.7800,115.8100,3226900,74.1013
2014-02-06,115.7500,115.8300,115.6200,115.7000,853500,74.0309
2014-02-07,115.8300,116.1700,115.7800,116.0600,1076900,74.2612
2014-02-10,115.9300,116.1200,115.8800,116.1100,1048800,74.2933
2014-02-11,115.8700,115.9300,115.7100,115.8700,2288900,74.1396
2014-02-12,115.7000,115.7200,115.4600,115.5200,971500,73.9157
2014-02-13,116.0400,116.1000,115.8500,116.0000,1125500,74.2229
2014-02-14,116.1200,116.2200,115.9800,116.2200,1063900,74.3637
2014-02-18,116.3500,116.6500,116.2900,116.4600,1034400,74.5172
2014-02-19,116.7000,116.7000,116.2600,116.3300,1556900,74.4340
2014-02-20,116.1900,116.3100,116.0000,116.1800,1148800,74.3381
2014-02-21,116.0600,116.3400,116.0400,116.3000,711000,74.4148
2014-02-24,116.4100,116.4600,116.2300,116.3600,703600,74.4532
2014-02-25,116.6300,116.8100,116.4500,116.8100,787300,74.7412
2014-02-26,116.8000,117.2000,116.7900,117.1900,898200,74.9843
2014-02-27,117.2900,117.4400,117.2600,117.3900,964900,75.1123
2014-02-28,117.2300,117.3600,117.0300,117.3200,1791900,75.0675
2014-03-03,117.0600,117.2900,116.9600,117.2800,1292700,75.2638
2014-03-04,116.9800,117.0400,116.6500,116.6500,1075900,74.8595
2014-03-05,116.5700,116.8500,116.5500,116.5900,2869300,74.8211
2014-03-06,116.1400,116.3800,116.1200,116.2400,1271000,74.5965
2014-03-07,115.9500,116.0000,115.6400,115.8200,1473800,74.3269
2014-03-10,115.7000,115.7900,115.6200,115.6400,1851400,74.2114
2014-03-11,115.6900,115.8100,115.6100,115.6800,943800,74.2371
2014-03-12,116.0000,116.1400,115.9300,116.0900,1303800,74.5001
2014-03-13,115.8200,116.5600,115.8200,116.5000,1696400,74.7633
2014-03-14,116.7000,116.7700,116.3700,116.3700,797800,74.6799
2014-03-17,116.3600,116.4300,116.1700,116.2200,635800,74.5836
2014-03-18,116.2500,116.5800,116.1900,116.5800,963500,74.8146
2014-03-19,116.5300,116.5400,115.6900,115.7400,1286700,74.2756
2014-03-20,115.7300,115.9600,115.7100,115.9000,2003400,74.3783
2014-03-21,116.0700,116.3900,116.0100,116.3000,636100,74.6349
2014-03-24,116.2900,116.6600,116.2500,116.5200,1061300,74.7761
2014-03-25,116.2800,116.6000,116.2800,116.5600,1352800,74.8018
2014-03-26,116.6200,117.0300,116.6000,117.0100,955000,75.0906
2014-03-27,116.8700,117.2600,116.8100,117.0400,665500,75.1098
2014-03-28,117.0200,117.1100,116.8300,116.9500,816300,75.0521
2014-03-31,116.6900,116.9700,116.5700,116.9400,1695700,75.0457
2014-04-01,116.4400,116.5300,116.3000,116.3100,3416600,74.8590
2014-04-02,116.0800,116.2600,116.0800,116.1500,1236800,74.7560
2014-04-03,116.2500,116.5100,116.2500,116.3700,1012200,74.8976
2014-04-04,116.7400,117.0300,116.7200,116.8300,989900,75.1937
2014-04-07,116.9900,117.2000,116.9600,117.1100,1024500,75.3738
2014-04-08,117.1000,117.4200,117.0300,117.4200,992600,75.5734
2014-04-09,117.1900,117.5900,117.1300,117.5200,1675600,75.6378
2014-04-10,117.4800,118.0400,117.3900,117.6800,1401500,75.7408
2014-04-11,118.0000,118.0000,117.7600,117.7600,1258200,75.7922
2014-04-14,117.8500,117.9300,117.7000,117.8400,908600,75.8437
2014-04-15,117.8400,118.2300,117.7700,118.0900,1152500,76.0046
2014-04-16,117.7700,118.1500,117.7500,118.1400,956300,76.0368
2014-04-17,118.1200,118.1200,117.4200,117.4600,1510500,75.5992
2014-04-21,117.7100,117.7900,117.5100,117.6200,652500,75.7021
2014-04-22,117.4500,117.7400,117.4000,117.6800,1385000,75.7408
2014-04-23,117.7700,118.0100,117.7600,117.9400,1778900,75.9081
2014-04-24,117.7400,118.0100,117.7000,117.9600,1161000,75.9210
2014-04-25,118.0400,118.2700,117.9400,117.9400,1051500,75.9081
2014-04-28,117.9400,118.0800,117.7000,117.8000,1015500,75.8180
2014-04-29,117.6100,117.8700,117.6000,117.8200,1359500,75.8309
2014-04-30,117.9600,118.2800,117.7900,118.1500,2123200,76.0433
2014-05-01,117.8800,118.3200,117.8200,118.3000,2193800,76.3621
2014-05-02,118.0400,118.6800,117.9400,118.5500,862700,76.5235
2014-05-05,118.5000,118.6400,118.2400,118.2500,1879800,76.3298
2014-05-06,118.4100,118.5500,118.3700,118.4500,2251100,76.4590
2014-05-07,118.4800,118.5800,118.2900,118.4700,1869200,76.4719
2014-05-08,118.5800,118.8300,118.3700,118.5000,3351200,76.4912
2014-05-09,118.3400,118.4800,118.2300,118.3700,1148100,76.4073
2014-05-12,118.1200,118.2000,117.9700,118.0700,1634400,76.2137
2014-05-13,118.3500,118.5200,118.3000,118.5100,961600,76.4977
2014-05-14,118.8600,119.2200,118.8400,119.1000,1359000,76.8785
2014-05-15,119.2900,119.5600,119.1000,119.3100,755100,77.0140
2014-05-16,119.1000,119.3600,119.0700,119.1700,821100,76.9237
2014-05-19,119.3500,119.4600,118.9700,119.0600,726700,76.8527
2014-05-20,118.9500,119.3200,118.9500,119.0600,1200100,76.8527
2014-05-21,118.7800,118.8900,118.6700,118.8400,1397200,76.7107
2014-05-22,118.8500,118.8700,118.6800,118.8000,605800,76.6849
2014-05-23,118.9400,119.0400,118.8300,118.9300,582500,76.7688
2014-05-27,119.0600,119.3500,118.8100,119.3500,1062700,77.0399
2014-05-28,119.5100,119.9200,119.5100,119.9200,1430800,77.4078
2014-05-29,119.8600,120.1300,119.5700,119.5700,1325700,77.1819
2014-05-30,119.4700,119.6900,119.3400,119.5900,1045400,77.1948
2014-06-02,118.8900,119.0800,118.5500,118.5900,2652700,76.7663
2014-06-03,118.4600,118.4900,118.0500,118.0500,1431100,76.4167
2014-06-04,118.2100,118.2300,117.9700,117.9900,1263600,76.3779
2014-06-05,118.0400,118.3500,117.9100,118.2400,801000,76.5397
2014-06-06,118.4400,118.7600,118.3700,118.4900,1112700,76.7015
2014-06-09,118.2900,118.3300,118.1100,118.2500,1215400,76.5462
2014-06-10,118.0700,118.1700,118.0000,118.0300,758800,76.4038
2014-06-11,118.1100,118.2800,118.0300,118.1200,507500,76.4620
2014-06-12,118.1800,118.6000,118.0600,118.5000,964800,76.7080
2014-06-13,118.1300,118.5900,118.0800,118.4800,474700,76.6951
2014-06-16,118.4000,118.6200,118.3800,118.4700,732400,76.6886
2014-06-17,118.3700,118.3800,118.0600,118.0700,605200,76.4297
2014-06-18,118.3400,118.7500,118.1700,118.7500,791400,76.8699
2014-06-19,118.8900,118.9000,118.2100,118.3300,610700,76.5980
2014-06-20,118.2400,118.6100,118.1800,118.5600,1151900,76.7469
2014-06-23,118.7000,118.7800,118.4900,118.5500,833300,76.7404
2014-06-24,118.8800,119.0600,118.5900,119.0500,777600,77.0641
2014-06-25,119.4300,119.4300,119.1400,119.1700,827100,77.1417
2014-06-26,119.2400,119.5200,119.2400,119.3900,698700,77.2842
2014-06-27,119.5200,119.6100,119.3700,119.3700,729300,77.2712
2014-06-30,119.4400,119.4600,119.1700,119.2600,857200,77.2000
2014-07-01,118.7100,118.8500,118.4600,118.4700,5448400,76.9014
2014-07-02,118.3200,118.3200,117.9700,118.0500,3278000,76.6287
2014-07-03,117.7600,118.0000,117.6600,117.9300,648400,76.5509
2014-07-07,118.0200,118.2200,117.9500,118.1400,1219200,76.6872
2014-07-08,118.4900,118.6600,118.4600,118.5800,1296400,76.9728
2014-07-09,118.5200,118.8700,118.3700,118.7700,836700,77.0961
2014-07-10,118.9400,118.9700,118.6500,118.6800,524000,77.0377
2014-07-11,118.8400,119.1100,118.8400,119.0500,1259300,77.2779
2014-07-14,118.8600,118.9300,118.7300,118.8000,690900,77.1156
2014-07-15,118.7100,119.0400,118.5000,118.6700,791400,77.0312
2014-07-16,118.7900,118.9900,118.6900,118.9500,963800,77.2130
2014-07-17,119.1800,119.4900,119.0600,119.4000,847900,77.5051
2014-07-18,119.3500,119.3900,119.0700,119.2400,539300,77.4012
2014-07-21,119.3700,119.4700,119.2100,119.2400,852600,77.4012
2014-07-22,119.3100,119.4000,119.1800,119.3300,1017500,77.4596
2014-07-23,119.4600,119.5500,119.4100,119.4700,1597800,77.5505
2014-07-24,119.1100,119.1700,118.9800,119.0000,813400,77.2454
2014-07-25,119.3700,119.4600,119.2200,119.4600,655400,77.5440
2014-07-28,119.4100,119.5100,119.2300,119.3200,1290600,77.4531
2014-07-29,119.5300,119.5500,119.2800,119.4300,787500,77.5246
2014-07-30,119.0800,119.1800,118.7000,118.8800,1305800,77.1675
2014-07-31,118.3700,118.7300,118.3600,118.5500,2121700,76.9533
2014-08-01,118.1300,118.8800,118.0800,118.8200,2763600,77.3498
2014-08-04,118.8700,119.0100,118.7200,118.8500,1779300,77.3693
2014-08-05,118.6700,118.9900,118.5000,118.9700,2416200,77.4474
2014-08-06,119.1100,119.1200,118.7400,118.7600,1799500,77.3107
2014-08-07,118.9400,119.1200,118.7900,119.0700,1839200,77.5125
2014-08-08,119.2700,119.4100,119.0000,119.0400,1048300,77.4930
2014-08-11,119.1400,119.2800,119.0200,119.0900,770900,77.5255
2014-08-12,119.2000,119.2100,118.9800,119.0300,1927400,77.4865
2014-08-13,119.0400,119.3300,119.0000,119.2700,2260600,77.6427
2014-08-14,119.4600,119.5000,119.1900,119.4000,1694200,77.7273
2014-08-15,119.5700,120.1800,119.5100,119.8200,1729500,78.0008
2014-08-18,119.6800,119.7400,119.4600,119.5500,1624200,77.8250
2014-08-19,119.7400,119.7800,119.3000,119.4700,1559000,77.7729
2014-08-20,119.4300,119.4700,119.1100,119.2000,746700,77.5972
2014-08-21,119.3900,119.6400,119.3800,119.6100,1817900,77.8641
2014-08-22,119.6100,119.8800,119.3400,119.7600,1014500,77.9617
2014-08-25,119.8800,119.9500,119.7200,119.9500,793300,78.0854
2014-08-26,120.0500,120.0900,119.8500,120.0300,730100,78.1375
2014-08-27,120.1000,120.2900,120.0200,120.2300,1412400,78.2677
2014-08-28,120.5000,120.6000,120.3200,120.4900,1100200,78.4369
2014-08-29,120.4300,120.6800,120.3900,120.5800,1257900,78.4955
2014-09-02,119.7400,119.8800,119.5800,119.6700,3493400,78.1221
2014-09-03,119.4600,119.8300,119.4100,119.8300,838300,78.2266
2014-09-04,119.5300,119.6600,118.9500,118.9800,4901900,77.6717
2014-09-05,119.2600,119.4000,118.8900,119.0000,1557300,77.6847
2014-09-08,119.2100,119.3000,118.7700,118.8000,1133000,77.5542
2014-09-09,118.6900,118.7100,118.4700,118.4800,1853400,77.3453
2014-09-10,118.2400,118.4100,118.2000,118.2900,1894800,77.2212
2014-09-11,118.3900,118.5500,118.2000,118.2000,1300200,77.1624
2014-09-12,117.8600,118.0300,117.6000,117.6300,1296900,76.7904
2014-09-15,117.8900,117.9400,117.6100,117.6600,3575600,76.8099
2014-09-16,117.6700,117.9200,117.5800,117.6400,1567600,76.7969
2014-09-17,117.8100,117.9100,117.2600,117.3200,1763300,76.5880
2014-09-18,117.4100,117.5800,117.3300,117.5300,1521200,76.7251
2014-09-19,117.6700,118.0200,117.5000,117.9900,739000,77.0254
2014-09-22,118.0500,118.1700,117.9100,118.1000,1729400,77.0971
2014-09-23,118.1700,118.2900,118.0600,118.2900,904400,77.2212
2014-09-24,118.2200,118.2400,117.9400,118.0100,786700,77.0384
2014-09-25,118.0600,118.4400,118.0500,118.3600,1375200,77.2669
2014-09-26,117.8800,118.1400,117.4000,118.1000,3295000,77.0971
2014-09-29,118.1200,118.2300,117.8800,118.0500,3628200,77.0646
2014-09-30,118.1400,118.4200,118.0500,118.2200,1716100,77.1755
2014-10-01,118.3100,118.8100,118.2500,118.6000,1973500,77.6436
2014-10-02,118.6000,118.7900,118.3700,118.5900,1891200,77.6371
2014-10-03,118.5700,118.9500,118.3700,118.9300,2535800,77.8596
2014-10-06,118.9100,119.1500,118.8700,118.9900,1858400,77.8989
2014-10-07,119.2800,119.6300,119.1600,119.4200,1887900,78.1804
2014-10-08,119.6000,120.0800,119.2300,120.0300,2297900,78.5798
2014-10-09,119.7300,119.9400,119.5100,119.5300,1786200,78.2524
2014-10-10,119.6000,119.6700,119.4100,119.6300,1371400,78.3179
2014-10-13,119.9200,120.1800,119.8000,119.9400,1748200,78.5209
2014-10-14,120.0900,120.2500,119.8900,120.2100,2826400,78.6977
2014-10-15,120.8000,122.4300,120.1300,120.3000,3497900,78.7566
2014-10-16,120.7400,120.7900,119.8400,120.0300,2229900,78.5798
2014-10-17,120.0600,120.2000,119.7500,119.9800,1537800,78.5471
2014-10-20,120.2800,120.2900,119.9700,120.2000,1735300,78.6911
2014-10-21,120.0000,120.2400,119.9500,120.1300,1150000,78.6453
2014-10-22,119.9300,120.0200,119.7800,119.9300,957000,78.5143
2014-10-23,119.7000,119.8500,119.4500,119.7000,1408400,78.3638
2014-10-24,119.6800,119.9500,119.6000,119.7500,1727800,78.3965
2014-10-27,119.7500,119.9100,119.6600,119.9000,1946500,78.4947
2014-10-28,119.7100,119.7500,119.4400,119.5000,2212700,78.2328
2014-10-29,119.4400,119.5000,118.8600,119.2800,3574000,78.0888
2014-10-30,119.4500,119.7000,119.3000,119.3600,2542000,78.1412
2014-10-31,119.3100,119.4400,119.0300,119.3400,1893700,78.1281
2014-11-03,118.7800,118.9700,118.6300,118.7700,6621700,77.9738
2014-11-04,118.8000,119.1300,118.7700,118.9400,2155400,78.0854
2014-11-05,118.8100,118.8500,118.6100,118.7200,1725300,77.9410
2014-11-06,118.5900,118.7100,118.3300,118.3600,1458700,77.7046
2014-11-07,118.5000,119.1200,118.5000,119.1100,1730000,78.1970
2014-11-10,118.9800,119.0000,118.5000,118.5100,1710500,77.8031
2014-11-11,118.5000,118.5900,118.4000,118.5000,805600,77.7965
2014-11-12,118.8300,118.9800,118.3500,118.4900,1931400,77.7900
2014-11-13,118.5300,118.5600,118.3100,118.3600,2128500,77.7046
2014-11-14,118.2500,118.7100,118.1900,118.5100,1784800,77.8031
2014-11-17,118.6400,118.6800,118.1700,118.2300,1770100,77.6193
2014-11-18,118.2100,118.3600,118.1600,118.3300,2002900,77.6849
2014-11-19,117.8600,118.0800,117.7000,117.7000,1890200,77.2713
2014-11-20,118.2100,118.3000,117.8700,118.1500,2040100,77.5667
2014-11-21,118.3900,118.7500,118.3000,118.6600,1820200,77.9016
2014-11-24,118.6200,118.8900,118.6000,118.8500,1592600,78.0263
2014-11-25,119.0000,119.4500,118.9500,119.3600,2052800,78.3611
2014-11-26,119.7300,119.8500,119.6600,119.7700,978200,78.6303
2014-11-28,119.9100,120.1100,119.9100,120.0900,1037800,78.8404
2014-12-01,119.8000,119.8800,118.9500,119.3400,6029800,78.5672
2014-12-02,118.9400,118.9600,118.5400,118.5400,1496200,78.0405
2014-12-03,118.6200,118.8300,118.5500,118.6600,5153700,78.1195
2014-12-04,118.6100,119.0000,118.5800,118.8500,2413000,78.2445
2014-12-05,118.7500,118.8100,118.3000,118.3600,1118600,77.9220
2014-12-08,118.5300,119.0600,118.4200,118.9200,1842000,78.2906
2014-12-09,119.1300,119.2700,118.9000,119.0200,1369900,78.3565
2014-12-10,118.9800,119.2700,118.9300,118.9800,2974000,78.3302
2014-12-11,119.0500,119.1500,118.6800,118.8600,1915600,78.2511
2014-12-12,119.1500,119.6300,119.0000,119.0500,3457700,78.3762
2014-12-15,119.0000,119.4900,118.8600,119.3300,4318600,78.5606
2014-12-16,119.3400,119.6000,119.1400,119.2900,2041000,78.5342
2014-12-17,119.5200,119.8900,119.1300,119.3200,1875200,78.5540
2014-12-18,119.2500,119.5100,118.8800,119.4400,2056600,78.6329
2014-12-19,119.1900,119.4700,119.0300,119.3800,1088400,78.5935
2014-12-22,119.5600,119.8100,119.3300,119.7600,2011400,78.8437
2014-12-23,119.6000,119.6100,118.7700,118.8500,1285700,78.2445
2014-12-24,118.5100,118.9900,118.4200,118.9100,466200,78.4968
2014-12-26,119.1000,119.1300,118.8600,119.0000,499100,78.5562
2014-12-29,119.2700,119.4200,119.1100,119.2300,826200,78.7080
2014-12-30,119.5500,119.7200,119.3000,119.3300,1052000,78.7740
2014-12-31,119.5800,119.7900,119.3100,119.4100,1231400,78.8268
2015-01-02,119.6000,120.2400,119.5500,119.8300,2523600,79.1041
2015-01-05,120.1900,120.6800,120.0900,120.3200,3218800,79.4276
2015-01-06,120.6500,121.1700,120.4700,120.8100,5313400,79.7510
2015-01-07,120.6400,121.0500,120.5100,120.9700,1636600,79.8566
2015-01-08,120.6500,120.6700,120.3700,120.5800,2156900,79.5992
2015-01-09,120.4200,121.0200,120.3900,120.9000,1530400,79.8104
2015-01-12,120.9400,121.1900,120.8700,121.1300,1948000,79.9622
2015-01-13,121.1300,121.2800,120.9100,121.2400,1468300,80.0348
2015-01-14,121.7100,121.8200,121.3500,121.4500,2457000,80.1735
2015-01-15,121.5300,122.2700,121.4500,122.0800,2171300,80.5894
2015-01-16,121.7100,121.9100,121.2300,121.4000,1322500,80.1405
2015-01-20,121.7100,122.0600,121.6300,121.6800,1648900,80.3253
2015-01-21,122.0800,122.1100,121.3200,121.6300,1878000,80.2923
2015-01-22,121.8800,121.9600,121.2500,121.5700,1938400,80.2527
2015-01-23,122.0900,122.4100,122.0400,122.2800,1436300,80.7214
2015-01-26,122.3500,122.4700,122.0000,122.2500,2347900,80.7016
2015-01-27,122.6800,122.8300,122.2000,122.3400,1268000,80.7610
2015-01-28,122.3900,123.3400,122.3700,123.1700,1367900,81.3089
2015-01-29,122.8600,123.0300,122.6900,122.8800,1674500,81.1175
2015-01-30,123.5500,123.9000,123.4300,123.8900,3499000,81.7842
2015-02-02,123.2400,123.7200,123.0500,123.6700,5684700,81.8603
2015-02-03,123.0600,123.1900,122.5200,122.6700,2828500,81.1984
2015-02-04,122.2600,122.8700,122.1900,122.8400,3209500,81.3110
2015-02-05,122.5900,122.6900,122.3600,122.4500,1789300,81.0527
2015-02-06,121.9600,122.0900,121.1400,121.1700,2578400,80.2055
2015-02-09,121.5600,121.6200,121.1100,121.2500,2426900,80.2585
2015-02-10,121.2300,121.3000,120.8900,120.9200,2580300,80.0400
2015-02-11,121.0300,121.0500,120.6400,121.0000,2239600,80.0930
2015-02-12,121.0000,121.4400,120.9000,121.3100,4045600,80.2982
2015-02-13,121.2900,121.3600,120.8200,120.8300,2068700,79.9805
2015-02-17,120.6600,120.7800,120.0600,120.2700,2970300,79.6098
2015-02-18,120.3400,121.0000,120.2100,120.7000,3221900,79.8944
2015-02-19,120.6400,121.0800,120.5400,120.6800,2765500,79.8812
2015-02-20,121.0200,121.3200,120.4700,120.8600,1621100,80.0003
2015-02-23,121.1500,121.2800,121.0600,121.2700,2191400,80.2717
2015-02-24,121.0600,122.1000,120.8000,122.0600,1891700,80.7946
2015-02-25,121.9200,122.2000,121.7400,122.1700,2024500,80.8675
2015-02-26,122.0000,122.1500,121.4400,121.5100,1192200,80.4306
2015-02-27,121.5400,121.8600,121.3100,121.8000,2892800,80.6226
2015-03-02,121.3600,121.3600,120.4000,120.4200,4540700,79.9237
2015-03-03,120.5000,120.7700,120.3400,120.3500,4737600,79.8771
2015-03-04,120.6600,120.6700,120.2000,120.2700,2703200,79.8241
2015-03-05,120.5000,120.5800,120.1300,120.4300,1307600,79.9303
2015-03-06,119.7000,119.8100,119.1100,119.1500,3372800,79.0807
2015-03-09,119.5900,119.6800,119.3800,119.6300,6241000,79.3993
2015-03-10,120.0200,120.1900,119.7900,119.8200,3356900,79.5254
2015-03-11,120.0700,120.4400,119.8800,120.4300,1712200,79.9303
2015-03-12,120.6300,120.7200,120.0800,120.3100,2970700,79.8506
2015-03-13,120.0000,120.3000,119.9000,119.9700,1845300,79.6250
2015-03-16,120.4200,120.4200,119.9100,120.0900,1588300,79.7046
2015-03-17,120.1000,120.3700,119.8800,120.2900,2528800,79.8374
2015-03-18,120.5400,121.8900,120.3600,121.7700,3382500,80.8197
2015-03-19,121.4800,121.6100,121.0500,121.1500,2503000,80.4082
2015-03-20,121.4700,121.7100,121.3600,121.4900,3669300,80.6338
2015-03-23,121.5700,121.8300,121.5500,121.7700,2946600,80.8197
2015-03-24,121.8900,122.0000,121.7000,121.9500,2782100,80.9391
2015-03-25,122.0000,122.3000,121.4400,121.5500,3205900,80.6736
2015-03-26,121.2700,121.3800,120.7200,120.8000,2681800,80.1759
2015-03-27,121.1800,121.5400,121.0300,121.2800,1009700,80.4944
2015-03-30,121.4200,121.5900,121.2800,121.4900,981100,80.6338
2015-03-31,121.4700,121.7600,121.3200,121.7100,1688400,80.7798
2015-04-01,121.7000,122.1700,121.6100,121.7300,7393500,81.0121
2015-04-02,121.9400,122.1200,121.5000,121.5300,3013700,80.8790
2015-04-06,122.0100,122.1600,121.4000,121.6900,3496000,80.9855
2015-04-07,121.6000,122.1400,121.4700,122.1300,2613500,81.2783
2015-04-08,122.1300,122.1300,121.7000,122.0900,3933500,81.2517
2015-04-09,122.0700,122.0700,121.3600,121.4700,1780600,80.8391
2015-04-10,121.8100,121.9000,121.5600,121.6400,1325000,80.9522
2015-04-13,121.6500,121.8500,121.5400,121.6000,1710100,80.9256
2015-04-14,122.0500,122.3100,121.8500,121.8800,2245000,81.1119
2015-04-15,122.1500,122.2900,121.9600,121.9600,1560900,81.1652
2015-04-16,122.1400,122.1400,121.5700,121.8900,1820500,81.1185
2015-04-17,121.8200,122.3500,121.6500,122.2200,1625800,81.3382
2015-04-20,122.1900,122.3500,121.8400,121.9300,1527200,81.1452
2015-04-21,122.0500,122.1000,121.7800,121.9000,2441600,81.1252
2015-04-22,121.9300,121.9400,121.0900,121.1100,2106000,80.5995
2015-04-23,121.1400,121.5900,121.0400,121.4200,1962900,80.8058
2015-04-24,121.6100,121.8300,121.5100,121.6500,1690200,80.9589
2015-04-27,121.6500,121.7600,121.3200,121.5600,1564700,80.8990
2015-04-28,121.2200,121.3800,120.7600,120.8400,1972700,80.4198
2015-04-29,120.0100,120.1500,119.6000,119.8400,3087100,79.7543
2015-04-30,119.6600,120.0100,119.1700,119.9400,5716000,79.8208
2015-05-01,119.2200,119.4700,118.8000,118.9500,3462200,79.3804
2015-05-04,119.0100,119.1600,118.5600,118.5700,2689600,79.1268
2015-05-05,118.6400,118.6900,118.0500,118.3700,3307400,78.9933
2015-05-06,118.3000,118.3000,117.6800,117.8600,2105900,78.6530
2015-05-07,118.0100,118.4100,117.8600,118.3300,3641200,78.9666
2015-05-08,119.0900,119.2300,118.8300,119.0100,5393700,79.4205
2015-05-11,118.6100,118.6500,117.6900,117.8100,3882800,78.6196
2015-05-12,117.4500,117.9800,117.2000,117.6400,3737200,78.5062
2015-05-13,118.2100,118.2800,117.4900,117.5300,3263600,78.4327
2015-05-14,117.7500,118.1400,117.6100,117.9300,3094300,78.6997
2015-05-15,118.2100,118.8200,118.1000,118.7500,1856500,79.2469
2015-05-18,118.3100,118.4800,117.7500,117.8400,2820500,78.6396
2015-05-19,117.3000,117.8000,117.2000,117.2100,3562500,78.2192
2015-05-20,117.3800,117.6800,117.1100,117.3500,2626800,78.3127
2015-05-21,117.5500,117.9500,117.4200,117.9100,1606900,78.6864
2015-05-22,117.8200,117.8500,117.5100,117.8300,2858500,78.6330
2015-05-26,117.8600,118.4100,117.8100,118.3500,2232300,78.9800
2015-05-27,118.3600,118.5500,118.0900,118.4700,2282700,79.0601
2015-05-28,118.4300,118.4900,118.1900,118.2200,2901000,78.8932
2015-05-29,118.5000,118.5700,118.1300,118.2700,2845800,78.9266
2015-06-01,117.8600,117.9900,117.2200,117.2800,5315800,78.4843
2015-06-02,116.8700,116.9900,116.5900,116.6800,7084900,78.0827
2015-06-03,116.4400,116.4400,115.7100,115.9300,3307900,77.5809
2015-06-04,116.1200,116.6700,116.1200,116.5300,2849100,77.9823
2015-06-05,115.9100,116.2100,115.5000,115.9400,5548400,77.5875
2015-06-08,116.0800,116.2000,115.8600,115.8600,2131100,77.5339
2015-06-09,115.6700,115.6700,115.2400,115.3400,6152300,77.1860
2015-06-10,115.1800,115.2800,114.9300,115.0300,1959600,76.9785
2015-06-11,115.5400,116.0700,115.2900,116.0500,2562600,77.6611
2015-06-12,115.7600,116.3300,115.7300,115.8500,2437900,77.5273
2015-06-15,116.2000,116.2500,115.6800,115.8300,1827600,77.5139
2015-06-16,115.9600,116.1200,115.6600,116.1200,2274100,77.7080
2015-06-17,116.0400,116.2000,115.4700,116.1100,3824200,77.7013
2015-06-18,115.8500,116.0000,115.5300,115.9000,1853100,77.5607
2015-06-19,116.2300,116.6200,116.0600,116.5200,5114500,77.9757
2015-06-22,116.0900,116.2500,115.5400,115.6000,2547700,77.3600
2015-06-23,115.0900,115.6400,115.0900,115.3400,1238700,77.1860
2015-06-24,115.4400,115.7200,115.3000,115.6600,2540000,77.4001
2015-06-25,115.4800,115.6400,115.2600,115.4700,2567500,77.2730
2015-06-26,115.0200,115.1300,114.7300,114.9400,2285000,76.9184
2015-06-29,115.2200,116.0900,115.1500,115.9400,5945700,77.5875
2015-06-30,115.6700,116.1800,115.6000,115.7200,2668600,77.4403
2015-07-01,115.0300,115.2900,115.0200,115.0200,4088700,77.1920
2015-07-02,115.3000,115.6600,115.2800,115.4600,1971000,77.4872
2015-07-06,115.8800,116.0700,115.5900,115.9200,4845100,77.7960
2015-07-07,116.6500,116.8600,116.2600,116.4000,3627500,78.1182
2015-07-08,116.5100,116.7100,116.2300,116.5600,3490600,78.2255
2015-07-09,116.1600,116.2000,115.7200,115.7900,1427800,77.7087
2015-07-10,115.1500,115.3600,114.8100,115.0500,2740000,77.2121
2015-07-13,114.5800,115.0800,114.5800,114.8000,3146100,77.0443
2015-07-14,114.8700,115.0000,114.6600,114.9000,4364200,77.1115
2015-07-15,114.8600,115.3700,114.7700,115.2000,1923800,77.3128
2015-07-16,115.0300,115.4600,114.9200,115.3800,2036600,77.4336
2015-07-17,115.3900,115.6200,115.3900,115.4600,2268200,77.4872
2015-07-20,115.2500,115.4500,115.1500,115.1900,2805800,77.3061
2015-07-21,115.0100,115.4800,115.0000,115.4300,2490900,77.4672
2015-07-22,115.4100,115.7500,115.3400,115.5800,1292900,77.5678
2015-07-23,115.5300,116.0200,115.4000,115.9200,2007600,77.7960
2015-07-24,116.1100,116.1100,115.6700,115.8700,2704700,77.7624
2015-07-27,115.9300,116.1800,115.8100,115.8800,4836700,77.7692
2015-07-28,115.6300,115.8200,115.5000,115.7900,2755100,77.7087
2015-07-29,115.7300,115.8100,115.5200,115.6900,1569200,77.6416
2015-07-30,115.7700,115.9200,115.6000,115.7500,2157600,77.6819
2015-07-31,116.1100,116.4100,116.1000,116.3500,3626900,78.0845
2015-08-03,115.8600,116.3800,115.8300,116.2900,2942800,78.2663
2015-08-04,115.9900,116.0500,115.6400,115.7000,3823200,77.8692
2015-08-05,115.5100,115.5100,115.0900,115.2500,2991600,77.5663
2015-08-06,115.3800,115.5900,115.3300,115.4700,1750800,77.7144
2015-08-07,115.6400,115.9400,115.5500,115.8700,2907200,77.9836
2015-08-10,115.5800,115.6800,115.3500,115.4100,1317600,77.6740
2015-08-11,115.8900,116.2100,115.8200,115.8900,5011600,77.9971
2015-08-12,115.8900,116.2600,115.6500,115.7100,5062200,77.8759
2015-08-13,115.4100,115.6600,115.2200,115.3100,1647500,77.6068
2015-08-14,115.2800,115.5300,115.1700,115.4200,1693600,77.6807
2015-08-17,115.8000,116.1000,115.5900,115.7900,3313900,77.9298
2015-08-18,115.5200,115.6400,115.2800,115.3500,2200900,77.6336
2015-08-19,115.1000,115.9900,115.0000,115.9100,2600100,78.0105
2015-08-20,115.9500,116.1100,115.8100,115.9800,1760100,78.0576
2015-08-21,116.0100,116.2900,115.8200,116.0100,2971100,78.0778
2015-08-24,116.5000,116.5900,115.6300,115.6900,3966000,77.8625
2015-08-25,115.3500,115.5600,114.8700,115.1000,2625300,77.4654
2015-08-26,114.8800,115.2300,114.6800,115.0300,3299400,77.4183
2015-08-27,114.8100,115.3900,114.7000,115.1400,2957800,77.4923
2015-08-28,115.7100,115.7600,115.2700,115.3500,1901200,77.6336
2015-08-31,115.7900,115.8200,115.0600,115.0600,1250200,77.4385
2015-09-01,115.0600,115.4900,114.8400,115.4200,3856800,77.9076
2015-09-02,114.9700,115.4600,114.9700,115.2500,1824500,77.7928
2015-09-03,115.5700,115.9400,115.4200,115.8000,11303000,78.1641
2015-09-04,115.9700,116.2000,115.7800,116.0600,1648600,78.3396
2015-09-08,115.7600,115.8200,115.5000,115.5200,1892300,77.9751
2015-09-09,115.2300,115.8400,115.2000,115.7700,2079100,78.1438
2015-09-10,115.5700,115.6500,115.3600,115.5400,2566500,77.9886
2015-09-11,115.5800,115.8900,115.5700,115.6200,2333300,78.0425
2015-09-14,115.7800,115.8200,115.4800,115.6100,1732500,78.0358
2015-09-15,115.3400,115.4800,114.6400,114.7400,3090400,77.4486
2015-09-16,114.8100,115.0500,114.7600,114.9500,2918300,77.5904
2015-09-17,114.9300,115.9400,114.8900,115.9000,4106700,78.2316
2015-09-18,116.0800,116.3800,116.0000,116.2500,4692400,78.4678
2015-09-21,115.9400,116.1000,115.6100,115.6600,3209900,78.0696
2015-09-22,116.0500,116.3500,115.9400,116.1600,4001000,78.4071
2015-09-23,116.1200,116.2200,115.9300,116.0900,2435200,78.3598
2015-09-24,116.4600,116.5200,116.0800,116.1100,2378100,78.3733
2015-09-25,115.7400,115.9500,115.6500,115.7600,2858800,78.1371
2015-09-28,115.8400,116.1600,115.7000,115.9600,3099400,78.2721
2015-09-29,115.9100,116.1500,115.8200,116.1100,2267100,78.3733
2015-09-30,115.8800,116.1300,115.8300,116.0900,4404200,78.3598
2015-10-01,115.7400,115.9200,115.5700,115.7300,6459600,78.3422
2015-10-02,116.3500,116.4900,116.0200,116.2400,3480100,78.6874
2015-10-05,115.9200,116.0700,115.8000,115.9300,7567200,78.4776
2015-10-06,115.9300,116.2200,115.6500,116.1600,3241200,78.6333
2015-10-07,116.2400,116.6000,115.9200,116.5700,5884900,78.9109
2015-10-08,116.5700,116.5700,115.9800,116.1100,2175000,78.5994
2015-10-09,116.0900,116.2800,115.9900,116.1600,3798800,78.6333
2015-10-12,116.3200,116.7000,116.3200,116.6300,860400,78.9515
2015-10-13,116.6100,116.6400,116.2400,116.5400,2147200,78.8906
2015-10-14,116.8400,117.0100,116.5700,117.0000,1976500,79.2019
2015-10-15,116.8500,116.9500,116.6100,116.9500,4233500,79.1681
2015-10-16,116.9200,117.0300,116.8300,116.9900,3055300,79.1952
2015-10-19,116.9400,116.9900,116.6400,116.9800,2510700,79.1884
2015-10-20,116.6400,116.8500,116.5500,116.7600,4190100,79.0395
2015-10-21,117.0500,117.3700,117.0500,117.3400,2497700,79.4321
2015-10-22,117.3100,117.7800,117.2200,117.5900,2396900,79.6013
2015-10-23,117.3500,117.4100,117.1600,117.1600,3682800,79.3103
2015-10-26,117.3700,117.4300,117.1300,117.3700,3771900,79.4524
2015-10-27,117.6600,117.6900,117.3700,117.4000,2809600,79.4727
2015-10-28,117.2900,117.3600,116.8200,116.9400,4693300,79.1613
2015-10-29,116.6100,116.6300,116.0000,116.1200,2942100,78.6063
2015-10-30,116.1900,116.4400,116.0800,116.4200,2664100,78.8093
2015-11-02,115.8000,115.8800,115.5600,115.5900,6241700,78.4705
2015-11-03,115.6000,115.7100,115.4300,115.6000,2672700,78.4773
2015-11-04,115.6300,115.7900,115.4500,115.4700,4176400,78.3891
2015-11-05,115.5600,115.7200,115.2300,115.5000,3743100,78.4095
2015-11-06,114.8300,114.8800,114.6400,114.7500,4306200,77.9003
2015-11-09,114.5400,114.8100,114.4300,114.5600,3253200,77.7713
2015-11-10,114.7000,115.0600,114.5700,114.8500,2228800,77.9682
2015-11-11,114.8000,114.9000,114.7300,114.8400,910900,77.9614
2015-11-12,114.7500,115.2000,114.7400,114.8000,3102000,77.9342
2015-11-13,115.0900,115.1900,114.9800,115.1400,2618900,78.1650
2015-11-16,115.2100,115.3000,115.0200,115.1600,2558400,78.1786
2015-11-17,114.9500,115.5000,114.8600,115.2800,3857700,78.2601
2015-11-18,115.2000,115.4100,115.0700,115.3100,1713300,78.2805
2015-11-19,115.4700,115.7700,115.4400,115.6500,2890500,78.5113
2015-11-20,115.6300,115.7600,115.4800,115.6300,2344900,78.4977
2015-11-23,115.5400,115.7500,115.4700,115.6700,1948100,78.5249
2015-11-24,115.6400,115.8200,115.5800,115.7100,1659500,78.5520
2015-11-25,115.7500,115.9100,115.6800,115.8200,609600,78.6267
2015-11-27,115.9100,116.0000,115.8600,115.8600,409200,78.6539
2015-11-30,115.8500,115.9500,115.8000,115.9100,4925000,78.6878
2015-12-01,115.6400,116.4700,115.5600,116.4500,5961700,79.2794
2015-12-02,116.2100,116.3300,116.0500,116.1700,6138300,79.0888
2015-12-03,115.5800,115.6900,114.5600,114.6300,4515400,78.0403
2015-12-04,114.7900,115.2800,114.7900,115.2500,3120500,78.4624
2015-12-07,115.2200,115.8300,115.1900,115.4500,3094600,78.5986
2015-12-08,115.6000,115.6100,115.2200,115.3000,3754100,78.4965
2015-12-09,115.1700,115.4200,114.9300,115.2700,3394600,78.4761
2015-12-10,115.2900,115.4700,115.0000,115.0000,4722600,78.2922
2015-12-11,115.2800,115.4100,114.8100,115.2000,7949600,78.4284
2015-12-14,114.8500,115.0000,114.1800,114.3500,6442800,77.8497
2015-12-15,114.0700,114.6300,113.9400,114.3600,3822600,77.8566
2015-12-16,114.3100,114.6300,113.7000,114.3400,2540900,77.8429
2015-12-17,114.6600,114.7400,114.3400,114.4700,2327500,77.9314
2015-12-18,114.5200,114.7600,114.4300,114.4700,2566200,77.9314
2015-12-21,114.7600,114.9000,114.4600,114.5500,3026000,77.9859
2015-12-22,114.4300,114.5900,114.2900,114.4000,2204900,77.8838
2015-12-23,114.2800,114.5200,114.2100,114.5000,1923200,77.9518
2015-12-24,114.3400,114.5500,114.2000,114.5500,920100,78.2058
2015-12-28,114.3600,114.5600,114.2100,114.4100,2422500,78.1103
2015-12-29,114.2800,114.3800,113.8100,113.8200,2965700,77.7074
2015-12-30,113.7700,114.0500,113.7300,113.8200,1890600,77.7074
2015-12-31,114.1700,114.2700,114.0000,114.0100,1228200,77.8372
2016-01-04,114.1500,114.4100,113.8900,113.9500,8333700,77.7962
2016-01-05,114.0900,114.2300,113.9100,114.0100,4474300,77.8372
2016-01-06,114.4800,114.5300,114.3000,114.4600,4522400,78.1444
2016-01-07,114.5700,114.6800,114.2500,114.5500,4820000,78.2058
2016-01-08,114.5200,114.9200,114.4400,114.6400,4363500,78.2673
2016-01-11,114.4900,114.6100,114.2300,114.2700,4161500,78.0146
2016-01-12,114.3000,114.9100,114.3000,114.5300,2616600,78.1922
2016-01-13,114.7200,115.0000,114.5400,114.8800,5649800,78.4311
2016-01-14,114.9000,114.9200,114.2600,114.3100,4735300,78.0420
2016-01-15,114.3400,114.4900,113.9800,114.1400,5977900,77.9259
2016-01-19,114.0400,114.1200,113.6100,113.6300,3374300,77.5777
2016-01-20,113.8400,113.9400,113.5100,113.8000,6175300,77.6938
2016-01-21,113.8100,113.9900,113.3600,113.4700,3928300,77.4685
2016-01-22,113.4300,113.7600,113.3500,113.5400,2932000,77.5163
2016-01-25,113.1900,113.7100,113.1900,113.4200,2485200,77.4343
2016-01-26,113.5100,113.7800,113.4400,113.7400,4002200,77.6528
2016-01-27,113.5300,113.7100,113.2100,113.4300,2535900,77.4412
2016-01-28,113.2700,113.7500,113.2700,113.5600,4187100,77.5299
2016-01-29,114.2200,114.2200,113.9000,114.1500,2022700,77.9327
2016-02-01,113.4900,113.5900,113.1100,113.4500,8696800,77.6842
2016-02-02,113.6400,113.7400,113.3700,113.6600,5881200,77.8280
2016-02-03,113.5200,113.9400,113.2400,113.3800,3732100,77.6362
2016-02-04,113.4900,113.6800,113.3300,113.4300,3367500,77.6705
2016-02-05,113.2800,113.5000,113.1200,113.4100,4334400,77.6568
2016-02-08,113.6500,114.0800,113.5000,114.0000,3265200,78.0608
2016-02-09,113.6600,114.0800,113.5900,113.6100,3346900,77.7938
2016-02-10,113.7400,113.9300,113.6200,113.7500,3738300,77.8896
2016-02-11,114.0000,114.4900,113.9000,114.1300,5333600,78.1498
2016-02-12,113.6700,113.8300,113.1700,113.4900,4180600,77.7116
2016-02-16,113.5300,113.5300,112.8800,112.9500,4972200,77.3418
2016-02-17,112.9000,113.1400,112.6700,112.9200,5008100,77.3212
2016-02-18,113.1900,113.8800,113.0800,113.8400,3810700,77.9512
2016-02-19,113.8000,113.9700,113.5700,113.7600,3587300,77.8964
2016-02-22,113.8700,114.0400,113.7800,113.9900,4556800,78.0539
2016-02-23,113.7500,114.3000,113.5500,114.2200,2832100,78.2114
2016-02-24,114.5000,114.8200,114.2700,114.3300,3402200,78.2867
2016-02-25,114.5800,115.1100,114.5800,114.9700,4531800,78.7250
2016-02-26,114.9100,114.9600,114.5700,114.9300,5422500,78.6976
2016-02-29,114.8500,115.0700,114.7800,115.0100,5231900,78.7524
2016-03-01,115.1100,115.1100,113.9200,114.0500,8301800,78.3232
2016-03-02,113.9500,114.3000,113.8200,114.2800,3519600,78.4811
2016-03-03,114.2900,114.9000,114.2800,114.8200,3614600,78.8519
2016-03-04,114.7400,114.8200,114.4500,114.8000,2040600,78.8382
2016-03-07,114.4900,114.9600,114.4900,114.9300,3616900,78.9275
2016-03-08,115.7700,115.8600,115.4500,115.5400,3279800,79.3464
2016-03-09,115.2000,115.5400,115.1800,115.4100,3205800,79.2571
2016-03-10,115.9100,116.0900,115.4000,115.8900,4459000,79.5867
2016-03-11,116.3000,116.3800,115.9700,116.2200,4603500,79.8134
2016-03-14,116.4300,116.6000,116.2100,116.5600,2997400,80.0469
2016-03-15,116.8300,116.8300,116.3900,116.5200,6599400,80.0194
2016-03-16,116.3500,117.1200,116.2600,117.0800,3975400,80.4040
2016-03-17,117.0800,117.6900,117.0800,117.4400,3341900,80.6512
2016-03-18,117.8600,117.9100,117.5000,117.7100,3315200,80.8367
2016-03-21,117.5100,117.8400,117.4200,117.5700,2948600,80.7405
2016-03-22,117.8000,117.8000,117.2800,117.3500,3762900,80.5894
2016-03-23,117.5900,117.9400,117.3100,117.9400,5338700,80.9946
2016-03-24,118.2600,118.2600,117.8000,117.8900,2601500,80.9603
2016-03-28,117.9400,118.1900,117.8600,117.9600,3274500,81.0083
2016-03-29,118.2800,118.6000,118.1100,118.4900,3758500,81.3723
2016-03-30,118.4900,118.4900,118.1900,118.3500,3877600,81.2762
2016-03-31,118.3800,118.8600,118.2900,118.8200,7853500,81.5989
2016-04-01,118.6500,118.9600,118.1900,118.8700,6809800,81.8620
2016-04-04,118.9000,118.9200,118.6600,118.8800,4138700,81.8689
2016-04-05,118.6900,119.2700,118.5600,119.2600,6944700,82.1306
2016-04-06,119.0700,119.1800,118.9100,119.1600,4793600,82.0617
2016-04-07,119.4400,119.5400,119.2500,119.4800,3591900,82.2821
2016-04-08,119.3800,119.3900,119.1400,119.2100,2060900,82.0961
2016-04-11,119.0900,119.3400,118.9800,119.2000,1998600,82.0892
2016-04-12,118.8800,119.0400,118.6100,118.7300,3553400,81.7656
2016-04-13,118.7700,119.1600,118.7000,119.1400,2502200,82.0480
2016-04-14,119.1800,119.2300,118.9100,119.0600,1864000,81.9928
2016-04-15,119.3000,119.6200,119.1400,119.5600,3789500,82.3372
2016-04-18,119.3400,119.6900,119.3400,119.6900,2827400,82.4267
2016-04-19,119.7300,119.9200,119.5700,119.9100,2577100,82.5782
2016-04-20,120.0600,120.3900,119.5500,119.5800,3040900,82.3510
2016-04-21,119.6600,119.6900,119.3300,119.5300,3579500,82.3165
2016-04-22,119.9100,119.9100,119.5500,119.6600,1651800,82.4061
2016-04-25,119.6800,119.6900,119.3000,119.3800,2923600,82.2132
2016-04-26,119.5000,119.5000,119.1200,119.3300,3286600,82.1788
2016-04-27,119.5900,120.0900,119.4200,120.0900,3091100,82.7022
2016-04-28,119.9000,120.2700,119.8200,120.2000,3503200,82.7779
2016-04-29,120.0800,120.4200,119.8500,120.3300,2924600,82.8674
2016-05-02,119.9500,120.0500,119.7700,119.8500,6771200,82.7605
2016-05-03,120.0400,120.2400,119.9000,120.0600,3732700,82.9054
2016-05-04,120.0000,120.0100,119.7200,119.8600,4228200,82.7673
2016-05-05,119.9600,120.1300,119.6200,120.1000,4466000,82.9330
2016-05-06,120.0500,120.0500,119.6900,119.8400,3045000,82.7535
2016-05-09,119.9500,119.9500,119.6100,119.7200,6202800,82.6706
2016-05-10,119.8100,119.9700,119.6700,119.9200,5469900,82.8088
2016-05-11,119.8400,120.2400,119.7500,120.0500,3416600,82.8985
2016-05-12,120.1000,120.1000,119.6700,119.8000,2681900,82.7259
2016-05-13,119.9100,120.0600,119.7800,120.0200,4328100,82.8778
2016-05-16,120.0200,120.0200,119.6000,119.6200,2968400,82.6016
2016-05-17,119.6100,119.8000,119.5100,119.5800,3386000,82.5740
2016-05-18,119.4500,119.4500,118.4400,118.5600,7022100,81.8696
2016-05-19,118.6200,118.9200,118.6200,118.8400,5759900,82.0629
2016-05-20,118.9300,118.9900,118.6900,118.9200,2977700,82.1182
2016-05-23,118.9200,118.9800,118.7100,118.9200,2842000,82.1182
2016-05-24,118.9900,118.9900,118.5600,118.7200,3498100,81.9801
2016-05-25,118.7300,118.9600,118.7000,118.9300,4793800,82.1251
2016-05-26,118.9600,119.4500,118.9600,119.2700,4858600,82.3599
2016-05-27,119.2800,119.4100,119.0300,119.1800,2762800,82.2978
2016-05-31,119.0000,119.5000,118.9100,119.3900,3170400,82.4427
2016-06-01,119.2800,119.4200,119.0400,119.1400,5528700,82.5009
2016-06-02,119.2800,119.6000,119.2300,119.3800,2709400,82.6671
2016-06-03,120.0500,120.3400,119.9300,120.3400,2998800,83.3319
2016-06-06,120.3100,120.3100,120.0200,120.0500,6401500,83.1311
2016-06-07,120.3200,120.4500,120.1800,120.2300,3663400,83.2557
2016-06-08,120.3800,120.6400,120.3300,120.6300,2478800,83.5327
2016-06-09,120.9100,120.9700,120.7300,120.8000,2885400,83.6505
2016-06-10,120.9000,121.1500,120.8800,120.9400,4209200,83.7474
2016-06-13,121.1500,121.1500,120.6800,120.7600,3979900,83.6228
2016-06-14,120.9200,121.0200,120.4500,120.4900,6301100,83.4358
2016-06-15,120.9000,121.0900,120.6500,120.9400,5589500,83.7474
2016-06-16,120.9200,121.2600,120.8600,121.1200,4550700,83.8720
2016-06-17,121.0800,121.0800,120.6900,120.7600,2673200,83.6228
2016-06-20,120.6800,120.7000,120.4800,120.6100,4549700,83.5189
2016-06-21,120.7100,120.7700,120.4100,120.5000,4396400,83.4427
2016-06-22,120.5300,120.7300,120.5000,120.7200,4090400,83.5951
2016-06-23,120.6500,120.7000,120.5000,120.6000,3942700,83.5119
2016-06-24,120.8800,121.5000,120.8800,121.1700,5294900,83.9066
2016-06-27,121.5900,121.9900,121.5900,121.6800,7323900,84.2598
2016-06-28,121.8300,122.3900,121.8200,122.3500,5555700,84.7238
2016-06-29,122.5200,122.6900,122.2200,122.3100,5325800,84.6961
2016-06-30,122.4400,122.8400,122.3000,122.7400,5398300,84.9938
2016-07-01,122.9900,123.1700,122.7600,123.0500,4396300,85.4389
2016-07-05,123.4600,123.5800,123.2000,123.4700,4415000,85.7306
2016-07-06,123.6400,123.7500,123.4000,123.6900,6770300,85.8833
2016-07-07,123.6300,123.8600,123.4600,123.7100,2597100,85.8972
2016-07-08,124.0500,124.4200,123.8600,124.4000,3835300,86.3763
2016-07-11,124.2800,124.4800,124.0600,124.0800,3000200,86.1541
2016-07-12,123.8300,123.8400,123.3700,123.3800,4363000,85.6680
2016-07-13,123.8900,124.0600,123.7300,123.8600,3738500,86.0014
2016-07-14,123.2300,123.6800,123.2100,123.5600,7254900,85.7930
2016-07-15,123.2700,123.5000,123.0000,123.0900,4442600,85.4667
2016-07-18,123.4100,123.4500,122.8300,123.0900,4737300,85.4667
2016-07-19,123.4100,123.4100,123.0200,123.3100,7196300,85.6194
2016-07-20,123.1900,123.3100,122.9400,123.2700,3676800,85.5917
2016-07-21,122.8800,123.4500,122.8000,123.4100,3570100,85.6889
2016-07-22,123.1700,123.6100,123.1000,123.3400,3748200,85.6403
2016-07-25,123.5200,123.5200,123.2000,123.2700,3295600,85.5917
2016-07-26,123.5600,123.5600,122.9700,123.1500,4929300,85.5083
2016-07-27,123.3900,123.7400,123.2000,123.6600,5976800,85.8625
2016-07-28,123.3900,123.6200,123.2500,123.5400,5276100,85.7792
2016-07-29,123.5000,124.0400,123.5000,123.9900,4226100,86.0916
2016-08-01,123.3200,123.4400,122.9500,122.9700,4827700,85.6064
2016-08-02,122.4300,122.6700,122.1100,122.2800,4526700,85.1260
2016-08-03,122.5300,122.6500,122.1800,122.4400,6037600,85.2374
2016-08-04,122.8500,123.2300,122.7300,122.9600,3413100,85.5994
2016-08-05,122.8700,122.9600,122.4100,122.4600,3888300,85.2514
2016-08-08,122.3400,122.7700,122.2300,122.5400,4161300,85.3070
2016-08-09,122.8800,123.3200,122.7500,123.2600,4259100,85.8083
2016-08-10,123.6000,123.7200,123.2800,123.6100,6338800,86.0519
2016-08-11,123.7000,123.7600,123.0600,123.2000,4227600,85.7665
2016-08-12,123.7600,124.0600,123.6800,123.7600,6585200,86.1563
2016-08-15,123.6200,123.6400,123.3800,123.3800,2980700,85.8918
2016-08-16,123.5200,123.5300,123.1100,123.1600,4526300,85.7386
2016-08-17,123.2500,123.6600,123.1800,123.5000,4566900,85.9753
2016-08-18,123.7400,123.9400,123.5000,123.8000,4237900,86.1842
2016-08-19,123.5400,123.7000,123.2600,123.4300,5272100,85.9266
2016-08-22,123.8400,123.9700,123.6400,123.8500,5221000,86.2190
2016-08-23,124.0500,124.2300,123.9000,123.9900,5398800,86.3164
2016-08-24,124.1700,124.2500,123.9000,123.9100,3871200,86.2608
2016-08-25,123.9200,124.0700,123.7600,123.7900,3679300,86.1772
2016-08-26,124.0500,124.4500,123.3200,123.4000,3388100,85.9057
2016-08-29,123.8000,124.2500,123.7100,124.1000,2668000,86.3931
2016-08-30,124.0800,124.1000,123.8100,123.9400,10626500,86.2816
2016-08-31,124.0100,124.0500,123.7700,123.8900,5300000,86.2469
2016-09-01,123.2000,123.6300,123.0800,123.5700,10146300,86.2469
2016-09-02,123.5800,123.5900,123.1000,123.3500,4155700,86.0933
2016-09-06,123.4700,123.9000,123.1800,123.7800,6387400,86.3934
2016-09-07,123.9500,124.0400,123.6100,123.6100,2983400,86.2747
2016-09-08,123.2500,123.4000,122.6700,122.7400,4632300,85.6675
2016-09-09,122.1100,122.3800,121.7500,121.8200,8136000,85.0254
2016-09-12,121.7200,122.0600,121.5500,121.8300,5164100,85.0324
2016-09-13,121.9900,121.9900,121.0500,121.4300,13637100,84.7532
2016-09-14,121.4900,121.7200,121.3500,121.5100,4444000,84.8090
2016-09-15,121.4900,121.7000,121.2000,121.5900,3441100,84.8649
2016-09-16,121.7500,121.8200,121.5000,121.7300,6832400,84.9626
2016-09-19,121.8100,121.9100,121.6100,121.6900,5997100,84.9347
2016-09-20,121.9800,122.2100,121.8100,121.8500,5026100,85.0463
2016-09-21,121.8800,122.5000,121.6200,122.4700,4651400,85.4791
2016-09-22,122.7200,123.1100,122.7000,122.9700,8544300,85.8281
2016-09-23,122.9600,123.0400,122.8400,122.8800,6284600,85.7653
2016-09-26,122.9500,123.2100,122.9000,123.0700,5027000,85.8979
2016-09-27,123.3400,123.4400,123.0700,123.3700,4571800,86.1073
2016-09-28,123.4900,123.5100,123.2500,123.4500,8094600,86.1631
2016-09-29,123.1900,123.4400,123.0800,123.4000,5409100,86.1282
2016-09-30,123.4500,123.4500,122.8400,123.1800,5224600,85.9746
2016-10-03,122.9200,122.9500,122.5100,122.5100,5555900,85.7311
2016-10-04,122.4300,122.5700,121.9400,121.9400,6890100,85.3322
2016-10-05,122.0400,122.1500,121.6700,121.8100,4168600,85.2413
2016-10-06,121.8100,122.1300,121.6500,121.8200,5909300,85.2483
2016-10-07,121.9900,122.2000,121.6900,122.1100,2545900,85.4512
2016-10-10,122.1100,122.1200,121.7700,122.1100,2246100,85.4512
2016-10-11,121.7500,122.0100,121.6900,121.7300,3416600,85.1853
2016-10-12,121.8000,121.9300,121.5800,121.8900,2327800,85.2972
2016-10-13,122.1000,122.3300,122.0600,122.1900,4204300,85.5072
2016-10-14,121.8600,122.1000,121.6100,121.6200,2208900,85.1083
2016-10-17,121.8000,122.0700,121.8000,122.0200,2698800,85.3882
2016-10-18,121.9200,122.3200,121.9100,122.3200,2944100,85.5981
2016-10-19,122.2400,122.5700,122.1600,122.4800,5010500,85.7101
2016-10-20,122.7700,122.7700,122.4200,122.4400,2646800,85.6821
2016-10-21,122.5200,122.5800,122.3000,122.5100,3502500,85.7311
2016-10-24,122.5500,122.5500,122.0200,122.1600,3816500,85.4862
2016-10-25,122.0900,122.2900,121.9800,122.0700,6611600,85.4232
2016-10-26,121.8800,121.9200,121.5500,121.5600,10256000,85.0663
2016-10-27,121.3200,121.3200,120.7300,121.0100,11643100,84.6814
2016-10-28,120.9500,121.1400,120.8400,120.8700,5629800,84.5835
2016-10-31,121.1600,121.2000,120.9400,120.9800,5377300,84.6604
2016-11-01,120.4300,120.6700,120.1800,120.5100,9303000,84.5537
2016-11-02,120.6000,120.8100,120.5100,120.6900,4798100,84.6800
2016-11-03,120.5100,120.6100,120.3600,120.4500,6320500,84.5117
2016-11-04,120.6300,120.9000,120.6300,120.8100,4242900,84.7643
2016-11-07,120.6800,120.7700,120.5600,120.7300,4352400,84.7082
2016-11-08,120.6900,120.7800,120.3300,120.4600,3632400,84.5187
2016-11-09,119.4700,119.6900,118.5100,118.6900,9216200,83.2768
2016-11-10,118.5100,119.0800,118.4100,118.5900,9063900,83.2066
2016-11-11,118.5400,118.6500,118.0200,118.0800,6011900,82.8488
2016-11-14,117.3200,118.0100,117.1800,117.4700,7148700,82.4208
2016-11-15,117.6600,118.0500,117.5700,117.8300,4840300,82.6734
2016-11-16,117.6900,118.0600,117.6500,118.0000,5417800,82.7927
2016-11-17,117.7100,117.7800,117.1200,117.2500,6106200,82.2665
2016-11-18,117.4100,117.4500,116.5200,116.5900,9801400,81.8034
2016-11-21,116.7900,116.9500,116.5900,116.7100,5077200,81.8876
2016-11-22,117.1000,117.1100,116.7800,117.0100,3693100,82.0980
2016-11-23,116.3000,116.7600,116.0400,116.5800,6098300,81.7963
2016-11-25,116.8700,116.8700,116.4600,116.5900,876100,81.8034
2016-11-28,116.9700,117.1700,116.8700,117.1200,3125200,82.1753
2016-11-29,117.0400,117.3200,116.9500,117.2800,3926200,82.2875
2016-11-30,116.5600,116.9300,116.4800,116.8400,11333400,81.9788
2016-12-01,115.9800,116.1600,115.6000,115.8700,11597800,81.5194
2016-12-02,116.1600,116.6900,116.1600,116.4000,7533500,81.8923
2016-12-05,116.2800,116.8700,116.1100,116.6500,4107500,82.0681
2016-12-06,116.7000,116.7800,116.6100,116.6400,9040100,82.0611
2016-12-07,116.9100,117.2700,116.8600,117.1300,8069200,82.4058
2016-12-08,116.8200,116.8500,116.5700,116.6500,5941700,82.0681
2016-12-09,116.5400,116.7000,116.0500,116.2000,8875100,81.7515
2016-12-12,116.0600,116.2200,115.8700,116.0900,7302800,81.6741
2016-12-13,116.5700,116.5700,116.1400,116.3500,6232700,81.8571
2016-12-14,116.8700,116.8700,115.5800,115.6100,6133700,81.3364
2016-12-15,115.8400,116.0500,115.5600,115.6900,9352800,81.3927
2016-12-16,115.8700,116.0000,115.5500,115.6000,7852000,81.3294
2016-12-19,116.2000,116.2200,115.9500,116.1600,5777400,81.7234
2016-12-20,115.9300,116.1300,115.8200,116.0900,3750000,81.6741
2016-12-21,116.1200,116.4800,116.1200,116.4600,4199600,81.9345
2016-12-22,115.9900,116.2100,115.8900,116.1500,3773400,81.9401
2016-12-23,116.2400,116.3800,116.2200,116.3300,1291700,82.0671
2016-12-27,116.1000,116.1700,116.0000,116.1200,2542800,81.9189
2016-12-28,116.3300,116.6800,116.1300,116.5500,1731700,82.2223
2016-12-29,116.7900,117.1400,116.6600,117.0000,3309500,82.5397
2016-12-30,117.0000,117.3600,116.9500,117.1800,2388400,82.6667
2017-01-03,116.9500,117.4000,116.5200,117.2800,5822600,82.7373
2017-01-04,117.5300,117.6800,117.3300,117.6800,4999200,83.0195
2017-01-05,117.8000,118.3400,117.7100,118.3100,7071100,83.4639
2017-01-06,117.8700,117.9800,117.6200,117.6900,4496000,83.0265
2017-01-09,118.0100,118.0700,117.8700,117.9200,3561400,83.1888
2017-01-10,117.9200,117.9700,117.7700,117.8500,4259600,83.1394
2017-01-11,117.9000,118.3900,117.6900,118.0300,7133600,83.2664
2017-01-12,118.4200,118.4300,118.0100,118.0200,3922600,83.2593
2017-01-13,117.8200,117.9700,117.3900,117.7800,4045300,83.0900
2017-01-17,118.4300,118.5400,118.1000,118.2900,8443000,83.4498
2017-01-18,117.9500,118.0100,117.4200,117.5100,6026200,82.8996
2017-01-19,117.3000,117.3500,116.9200,117.1100,3371300,82.6174
2017-01-20,117.1300,117.3600,116.9000,117.3200,4570600,82.7655
2017-01-23,117.5400,118.0500,117.3200,117.8600,8747800,83.1465
2017-01-24,117.6700,117.7600,117.3400,117.5100,5129700,82.8996
2017-01-25,117.1700,117.2500,116.8600,117.0600,5886400,82.5821
2017-01-26,117.0600,117.2500,116.8200,117.2000,4033200,82.6809
2017-01-27,117.3500,117.4200,117.2200,117.3400,3816700,82.7796
2017-01-30,117.2900,117.3400,117.1000,117.1400,3651000,82.6385
2017-01-31,117.1800,117.5600,117.0800,117.3500,4982500,82.7867
2017-02-01,116.7800,117.0500,116.5300,116.8900,3626900,82.6848
2017-02-02,117.1400,117.2900,116.8800,116.9200,7145600,82.7060
2017-02-03,117.2600,117.4300,116.8000,117.0500,5243200,82.7979
2017-02-06,117.4300,117.5300,117.1700,117.4200,4494500,83.0597
2017-02-07,117.4200,117.8300,117.2900,117.6200,3228900,83.2012
2017-02-08,118.0100,118.1400,117.8400,118.0300,6287200,83.4912
2017-02-09,118.0300,118.0300,117.4800,117.5600,4692700,83.1587
2017-02-10,117.3500,117.6200,117.2600,117.5300,4881600,83.1375
2017-02-13,117.4100,117.4800,117.2600,117.4800,3723500,83.1021
2017-02-14,117.5200,117.5200,116.8100,117.2000,4404100,82.9041
2017-02-15,116.9500,117.1100,116.8700,117.1100,3632700,82.8405
2017-02-16,117.3200,117.5700,117.2100,117.4400,4037700,83.0739
2017-02-17,117.8600,117.8700,117.6300,117.7400,3104800,83.2861
2017-02-21,117.5700,117.9200,117.5000,117.7900,3656200,83.3214
2017-02-22,118.0500,118.1700,117.5400,117.8800,4259100,83.3851
2017-02-23,118.1600,118.2100,118.0500,118.1800,4247900,83.5973
2017-02-24,118.6200,118.8700,118.4400,118.7800,5388800,84.0218
2017-02-27,118.7600,118.7600,118.4600,118.5000,5083400,83.8236
2017-02-28,118.6200,118.7800,118.5000,118.5800,4290600,83.8803
2017-03-01,117.6100,117.6200,117.3900,117.5600,6524600,83.3845
2017-03-02,117.4500,117.4800,117.2500,117.3800,4687900,83.2568
2017-03-03,117.5200,117.5300,117.1300,117.5000,4926300,83.3419
2017-03-06,117.4800,117.5000,117.2100,117.2900,3464400,83.1929
2017-03-07,117.0100,117.1300,116.6000,116.7100,5999600,82.7816
2017-03-08,116.4800,116.4800,116.1600,116.3500,7933300,82.5262
2017-03-09,115.9900,116.0200,115.6600,115.7200,5497200,82.0794
2017-03-10,116.0700,116.0700,115.7600,116.0100,4789100,82.2851
2017-03-13,115.9000,116.0000,115.6200,115.6200,3171600,82.0084
2017-03-14,115.7100,115.8000,115.6300,115.7200,3598500,82.0794
2017-03-15,116.0400,116.8100,115.9100,116.7200,7841600,82.7887
2017-03-16,116.7300,116.7400,116.5000,116.5500,3116900,82.6681
2017-03-17,116.7500,116.9200,116.6800,116.8200,4440500,82.8595
2017-03-20,116.8600,117.1300,116.8200,117.0900,2939600,83.0511
2017-03-21,117.1000,117.4700,117.0300,117.3800,5032300,83.2568
2017-03-22,117.7100,117.8000,117.4700,117.6800,3905800,83.4696
2017-03-23,117.7600,117.7800,117.4500,117.6000,4504900,83.4128
2017-03-24,117.5200,117.8200,117.5200,117.7200,3158300,83.4979
2017-03-27,118.0900,118.0900,117.8000,117.9700,3492100,83.6753
2017-03-28,117.9300,118.0900,117.6900,117.7200,4834900,83.4979
2017-03-29,117.9200,118.1000,117.8200,118.1000,3457100,83.7675
2017-03-30,117.9300,118.0400,117.7400,117.7900,2667700,83.5476
2017-03-31,117.8700,117.9400,117.7900,117.9100,5772300,83.6327
2017-04-03,117.6400,118.1200,117.6100,118.1200,3713700,84.0082
2017-04-04,117.9900,118.0300,117.8100,117.8100,3016200,83.7878
2017-04-05,117.8800,118.0700,117.7000,117.9600,6753900,83.8945
2017-04-06,118.0800,118.1200,117.8100,118.0700,2012600,83.9727
2017-04-07,118.3400,118.4400,117.7500,117.7800,2121700,83.7664
2017-04-10,117.9900,118.1500,117.9100,118.0000,2766200,83.9229
2017-04-11,118.2600,118.6200,118.2600,118.5500,3534200,84.3141
2017-04-12,118.8100,118.9400,118.5100,118.9400,2886300,84.5914
2017-04-13,119.0600,119.2100,118.8900,119.1400,3286700,84.7337
2017-04-17,119.1900,119.2100,118.8500,118.9100,2933700,84.5701
2017-04-18,119.2800,119.6600,119.1500,119.6100,3616800,85.0679
2017-04-19,119.3700,119.4300,119.1600,119.2500,1839400,84.8119
2017-04-20,119.1000,119.1900,118.9000,119.0800,3264000,84.6910
2017-04-21,119.2800,119.2900,119.0700,119.0800,3892400,84.6910
2017-04-24,118.9300,119.0300,118.7400,118.9200,3193400,84.5772
2017-04-25,118.7500,118.8100,118.4100,118.4500,3541100,84.2429
2017-04-26,118.4700,118.7800,118.4400,118.7400,3320400,84.4492
2017-04-27,118.7400,118.9400,118.6100,118.8500,4391000,84.5274
2017-04-28,118.7100,119.0100,118.6000,118.9900,4478000,84.6270
2017-05-01,118.5700,118.7100,118.1800,118.3000,3479800,84.3646
2017-05-02,118.3600,118.6800,118.2900,118.6500,2858200,84.6142
2017-05-03,118.8700,118.9000,118.5000,118.5900,2854900,84.5714
2017-05-04,118.2500,118.3600,118.1700,118.3600,1540100,84.4074
2017-05-05,118.3800,118.4000,118.1300,118.4000,2887300,84.4359
2017-05-08,118.3700,118.3700,118.1000,118.1900,3886500,84.2861
2017-05-09,118.1200,118.2100,118.0500,118.2100,3012400,84.3004
2017-05-10,118.5300,118.5300,118.2300,118.3700,4282600,84.4145
2017-05-11,118.2000,118.4700,118.1500,118.4300,2263500,84.4573
2017-05-12,118.8000,119.0600,118.7800,119.0300,3165000,84.8852
2017-05-15,118.9600,119.0800,118.8800,119.0200,3752700,84.8780
2017-05-16,119.0900,119.3600,119.0500,119.1900,3996400,84.9993
2017-05-17,119.5900,119.9800,119.5900,119.9200,7304300,85.5198
2017-05-18,119.9100,119.9500,119.7000,119.9000,4825400,85.5056
2017-05-19,119.8300,119.9700,119.7000,119.9700,2907800,85.5555
2017-05-22,119.8800,119.9300,119.8000,119.8700,2852900,85.4842
2017-05-23,120.0100,120.0100,119.4600,119.5000,5154200,85.2203
2017-05-24,119.5700,119.7600,119.3800,119.6900,5274800,85.3558
2017-05-25,119.7700,119.7700,119.5500,119.7400,2806200,85.3915
2017-05-26,119.8200,119.9100,119.7200,119.8300,2054800,85.4557
2017-05-30,120.0000,120.1200,119.9600,120.1100,3898300,85.6554
2017-05-31,120.1100,120.2600,120.0200,120.2500,4428500,85.7552
2017-06-01,119.6900,119.9700,119.6700,119.9600,9430000,85.7738
2017-06-02,120.4600,120.5800,120.3000,120.5200,5130100,86.1742
2017-06-05,120.2600,120.3700,120.1700,120.1800,3198500,85.9311
2017-06-06,120.6600,120.6600,120.4500,120.5300,1806700,86.1814
2017-06-07,120.4700,120.6000,120.3200,120.3800,5702400,86.0741
2017-06-08,120.3900,120.3900,120.0000,120.1700,3895200,85.9239
2017-06-09,119.9500,120.1400,119.8500,120.0500,6884700,85.8381
2017-06-12,119.9600,120.2800,119.9200,120.0800,4075100,85.8596
2017-06-13,119.9600,120.2100,119.9600,120.2100,4822000,85.9525
2017-06-14,120.9900,121.3100,120.7900,121.0300,6852800,86.5389
2017-06-15,120.8700,120.8700,120.5900,120.7400,6624700,86.3315
2017-06-16,120.8400,120.9100,120.7600,120.8400,4314800,86.4030
2017-06-19,120.8500,120.8500,120.6300,120.6900,7827700,86.2958
2017-06-20,120.8600,121.0800,120.7400,120.9600,6906500,86.4888
2017-06-21,120.9500,121.0800,120.8300,121.0200,5462700,86.5317
2017-06-22,121.1900,121.2300,120.9800,121.1200,3520800,86.6032
2017-06-23,121.1100,121.1900,121.0500,121.1800,5495700,86.6461
2017-06-26,121.4500,121.5600,121.3700,121.4000,3808600,86.8034
2017-06-27,121.1300,121.1500,120.8200,120.8500,4736500,86.4101
2017-06-28,120.9100,120.9800,120.6300,120.9800,3933900,86.5031
2017-06-29,120.3700,120.7100,120.3400,120.6100,6954200,86.2385
2017-06-30,120.6600,120.6900,120.4700,120.5100,4567700,86.1671
2017-07-03,120.3400,120.3400,119.9300,119.9300,5759500,85.9806
2017-07-05,120.0300,120.1500,119.9000,120.1300,5406900,86.1240
2017-07-06,119.7800,119.8900,119.5000,119.8200,11548000,85.9018
2017-07-07,119.7000,119.7700,119.6000,119.7200,9803900,85.8301
2017-07-10,119.8900,119.9500,119.7400,119.9200,2234500,85.9735
2017-07-11,119.9000,119.9900,119.7300,119.9700,4340900,86.0093
2017-07-12,120.5000,120.6200,120.3800,120.5000,6779600,86.3893
2017-07-13,120.3800,120.4300,120.1200,120.2900,3977400,86.2387
2017-07-14,120.7200,120.8000,120.3800,120.5700,5302000,86.4394
2017-07-17,120.5700,120.7500,120.4500,120.6800,5899000,86.5183
2017-07-18,121.0500,121.2000,120.9200,121.2000,4775300,86.8911
2017-07-19,121.1900,121.3000,121.0900,121.1600,4144200,86.8625
2017-07-20,121.4200,121.4700,121.1900,121.2700,1925200,86.9413
2017-07-21,121.4400,121.6100,121.4300,121.5500,3634000,87.1421
2017-07-24,121.4700,121.5000,121.3100,121.4100,2647900,87.0417
2017-07-25,120.9400,120.9800,120.6600,120.6900,7043100,86.5255
2017-07-26,120.6800,121.1900,120.6400,121.0900,9355500,86.8123
2017-07-27,120.8400,120.9300,120.7000,120.7900,2769100,86.5972
2017-07-28,120.8400,121.1100,120.7900,121.1100,2312200,86.8266
2017-07-31,120.9100,121.1200,120.9100,121.1100,3689900,86.8266
2017-08-01,120.6300,121.2300,120.5700,121.2300,7390500,87.1414
2017-08-02,121.1700,121.2900,121.0000,121.0400,6728600,87.0049
2017-08-03,121.1100,121.2700,121.0900,121.2100,6520500,87.1270
2017-08-04,120.9000,120.9200,120.5800,120.7400,5095700,86.7892
2017-08-07,120.7500,120.8300,120.5900,120.7700,10816400,86.8108
2017-08-08,120.6500,120.6700,120.1700,120.1900,9992700,86.3939
2017-08-09,120.5700,120.6200,120.3000,120.3100,7465800,86.4801
2017-08-10,120.3400,120.4400,120.0600,120.2700,8053400,86.4514
2017-08-11,120.3000,120.5100,120.0900,120.4900,10910500,86.6095
2017-08-14,120.4200,120.6500,120.3600,120.4100,3051500,86.5520
2017-08-15,120.1700,120.3500,120.1100,120.2700,4710000,86.4514
2017-08-16,120.3000,120.8000,120.2900,120.6100,5190200,86.6958
2017-08-17,120.6000,120.8400,120.4800,120.7300,8973800,86.7821
2017-08-18,121.0300,121.0400,120.6100,120.6500,4350900,86.7245
2017-08-21,120.8400,120.8700,120.7200,120.8200,3666200,86.8468
2017-08-22,120.7800,120.7900,120.6400,120.7000,2390100,86.7604
2017-08-23,120.9500,121.1700,120.8700,121.1600,4590000,87.0911
2017-08-24,121.0000,121.1300,120.8900,120.9300,2929800,86.9258
2017-08-25,121.0100,121.2900,120.9500,121.2100,5488000,87.1270
2017-08-28,121.1800,121.2600,121.0000,121.2100,5200500,87.1270
2017-08-29,121.6500,121.7000,121.2300,121.3000,3499700,87.1917
2017-08-30,121.2900,121.4000,121.2400,121.4000,2573700,87.2636
2017-08-31,121.4600,121.6600,121.4500,121.6100,4549400,87.4146
2017-09-01,121.1900,121.2200,120.8000,120.8100,7946000,87.0686
2017-09-05,121.2200,121.6600,121.1700,121.5600,7357000,87.6092
2017-09-06,121.5400,121.6000,121.0800,121.1300,8863700,87.2993
2017-09-07,121.3700,121.8100,121.3500,121.6000,7698800,87.6380
2017-09-08,121.5200,121.5200,121.2300,121.2400,6776600,87.3786
2017-09-11,120.9900,121.1900,120.8500,120.8700,4220300,87.1119
2017-09-12,120.8200,120.8200,120.5500,120.7400,4615800,87.0182
2017-09-13,120.8200,120.8400,120.6000,120.6200,5671300,86.9317
2017-09-14,120.5600,120.9200,120.5600,120.9200,4333500,87.1479
2017-09-15,120.9900,121.0500,120.7900,121.0200,4631300,87.2200
2017-09-18,120.9600,120.9800,120.7600,120.9000,4971700,87.1336
2017-09-19,120.9500,121.0600,120.8400,120.9700,5296800,87.1840
2017-09-20,121.0700,121.0900,120.5400,120.8200,6603300,87.0759
2017-09-21,120.8500,121.0700,120.8100,120.8200,3410000,87.0759
2017-09-22,121.0600,121.1200,120.9000,120.9800,2099200,87.1912
2017-09-25,121.1200,121.4600,121.0700,121.4300,3489900,87.5155
2017-09-26,121.3000,121.4600,121.2100,121.4100,10290700,87.5011
2017-09-27,120.8500,121.0100,120.6400,120.9400,6695500,87.1623
2017-09-28,120.7900,121.1400,120.7500,121.1200,6350800,87.2921
2017-09-29,121.2000,121.3000,120.9500,121.2300,7627300,87.3713
2017-10-02,120.9600,121.1100,120.7700,121.0200,7218100,87.4530
2017-10-03,120.9800,121.2900,120.9200,121.2900,7569400,87.6481
2017-10-04,121.3000,121.3000,120.9800,121.2200,5376300,87.5975
2017-10-05,121.1500,121.1500,120.9200,121.0500,3932800,87.4747
2017-10-06,120.6800,120.9900,120.5700,120.9500,5901300,87.4024
2017-10-09,121.0200,121.0700,120.8700,121.0500,1312200,87.4747
2017-10-10,121.0900,121.4000,121.0500,121.1300,3873400,87.5325
2017-10-11,121.3100,121.3100,121.0000,121.0700,7170900,87.4891
2017-10-12,121.1100,121.1900,120.9500,121.1000,10302500,87.5107
2017-10-13,121.5700,121.6500,121.4000,121.5800,5755800,87.8577
2017-10-16,121.5400,121.5600,121.2900,121.4100,4886100,87.7348
2017-10-17,121.2700,121.4900,121.2600,121.3900,4476900,87.7204
2017-10-18,121.1000,121.2900,121.0400,121.2100,3272500,87.5903
2017-10-19,121.5500,121.5500,121.3000,121.3900,4143300,87.7204
2017-10-20,120.9800,121.1600,120.9000,121.0600,7280400,87.4819
2017-10-23,121.2400,121.3100,121.1400,121.1800,2675800,87.5686
2017-10-24,120.8800,121.0600,120.8500,120.8800,4686200,87.3518
2017-10-25,120.5800,120.6400,120.4000,120.5600,8866600,87.1206
2017-10-26,120.8000,120.8000,120.5400,120.5500,9420100,87.1133
2017-10-27,120.7100,120.9500,120.6800,120.9100,6915900,87.3735
2017-10-30,120.7100,121.3500,120.7100,121.3100,5236600,87.6626
2017-10-31,121.3600,121.3600,121.1200,121.1400,5932800,87.5397
2017-11-01,121.0500,121.1500,120.8500,121.0100,5967400,87.6781
2017-11-02,121.1500,121.1500,120.9000,120.9900,13253900,87.6636
2017-11-03,121.1000,121.1900,120.9100,121.1300,5307500,87.7650
2017-11-06,121.1900,121.2500,121.0500,121.1600,9576900,87.7868
2017-11-07,121.0200,121.1100,120.9600,121.0600,7643200,87.7143
2017-11-08,121.0800,121.1100,120.8800,120.9000,7185500,87.5984
2017-11-09,120.6100,120.7500,120.5100,120.5800,7232300,87.3666
2017-11-10,120.0900,120.1500,119.7800,119.8900,5816600,86.8666
2017-11-13,120.1000,120.1200,119.9100,119.9100,3646400,86.8811
2017-11-14,119.9800,120.1000,119.8800,119.9400,6112500,86.9028
2017-11-15,120.0700,120.4800,119.8500,120.4500,7141900,87.2724
2017-11-16,120.3600,120.5200,120.2700,120.3100,5051200,87.1709
2017-11-17,120.5100,120.5800,120.3800,120.4600,5521500,87.2796
2017-11-20,120.4200,120.6000,120.3800,120.4600,3190600,87.2796
2017-11-21,120.9000,120.9400,120.6700,120.8600,4372100,87.5695
2017-11-22,121.0500,121.3700,120.9800,121.3300,4111500,87.9100
2017-11-24,121.2500,121.3700,121.1700,121.1900,1359700,87.8086
2017-11-27,121.1600,121.2600,121.0400,121.1200,6049200,87.7578
2017-11-28,121.2400,121.3900,121.1700,121.2900,5176400,87.8810
2017-11-29,120.8100,120.8700,120.6200,120.8100,7606300,87.5332
2017-11-30,120.9300,120.9400,120.4700,120.6700,6119600,87.4317
2017-12-01,120.8100,121.3800,120.4000,120.7200,13958300,87.7020
2017-12-04,120.7800,120.9200,120.5800,120.9100,5766700,87.8401
2017-12-05,121.0000,121.1700,120.8300,121.1400,4541900,88.0071
2017-12-06,121.4800,121.5400,121.3400,121.3700,4801500,88.1742
2017-12-07,121.4900,121.5700,120.9400,121.1300,8295200,87.9998
2017-12-08,121.0200,121.1100,120.9100,120.9800,5135100,87.8909
2017-12-11,121.0900,121.2200,121.0300,121.0700,4521500,87.9563
2017-12-12,120.9500,120.9900,120.7800,120.9800,10153000,87.8909
2017-12-13,121.1800,121.5400,121.0900,121.4000,7205800,88.1960
2017-12-14,121.2900,121.6600,121.2200,121.6200,8022200,88.3559
2017-12-15,121.7000,121.8500,121.4900,121.7900,5846000,88.4794
2017-12-18,121.7200,121.7700,121.4100,121.4300,6371100,88.2178
2017-12-19,121.1700,121.1900,120.6500,120.8100,6029200,87.7674
2017-12-20,120.5500,120.7000,120.4000,120.4900,9805700,87.5349
2017-12-21,120.2900,120.5900,120.2700,120.5600,6210400,87.7708
2017-12-22,120.5700,120.6700,120.4900,120.6500,2934900,87.8363
2017-12-26,120.6800,120.8600,120.6000,120.8100,1873000,87.9528
2017-12-27,121.0800,121.4900,120.9500,121.4800,3179300,88.4406
2017-12-28,121.4700,121.4800,121.2200,121.4000,2493200,88.3824
2017-12-29,121.2600,121.6300,121.2600,121.5600,3003300,88.4988
2018-01-02,121.3200,121.4600,120.5000,120.7500,8480600,87.9091
2018-01-03,120.9400,121.0500,120.7000,120.9700,5087600,88.0693
2018-01-04,120.7800,121.0100,120.7300,120.9300,7710100,88.0402
2018-01-05,121.0900,121.0900,120.7600,120.8900,5796500,88.0110
2018-01-08,121.0200,121.0300,120.7700,120.8800,3897200,88.0038
2018-01-09,120.7300,120.7700,120.4200,120.4400,7621600,87.6834
2018-01-10,120.0500,120.6500,119.9100,120.5200,6050500,87.7417
2018-01-11,120.4900,120.9500,120.4900,120.8100,5192600,87.9528
2018-01-12,120.6000,120.9100,120.5500,120.8300,4463000,87.9674
2018-01-16,121.1800,121.1800,120.8200,120.9400,7410200,88.0475
2018-01-17,120.9600,121.0200,120.4900,120.6100,11240700,87.8072
2018-01-18,120.1700,120.4100,120.0100,120.1400,6399400,87.4650
2018-01-19,119.9900,120.1100,119.7200,119.7700,6797800,87.1956
2018-01-22,119.7700,120.0000,119.6300,119.6600,5096700,87.1156
2018-01-23,119.9700,120.1900,119.9100,120.1800,6144000,87.4942
2018-01-24,119.9400,120.1200,119.8300,120.1000,5679000,87.4359
2018-01-25,120.0200,120.7100,120.0000,120.7100,7042100,87.8800
2018-01-26,120.6200,120.6200,120.3400,120.5500,6391300,87.7635
2018-01-29,120.2000,120.3800,120.0000,120.2300,5732400,87.5305
2018-01-30,120.0000,120.0800,119.7000,119.8200,6662600,87.2321
2018-01-31,120.1700,120.2200,119.7100,120.0700,6751200,87.4141
2018-02-01,119.9100,119.9600,119.1400,119.2200,12272400,87.0279
2018-02-02,119.0000,119.0000,118.4700,118.6100,8681500,86.5826
2018-02-05,118.2400,119.3300,118.2200,118.6800,14486000,86.6337
2018-02-06,118.5900,118.8200,118.3900,118.4400,10467500,86.4585
2018-02-07,118.8000,118.8500,118.0800,118.1100,8862300,86.2176
2018-02-08,117.9400,118.1000,117.5600,117.6000,10957000,85.8454
2018-02-09,117.4500,117.4700,117.2000,117.2200,8719000,85.5680
2018-02-12,117.2900,117.6200,117.2000,117.2200,7814800,85.5680
2018-02-13,117.0900,117.2100,116.7900,117.1800,8730500,85.5387
2018-02-14,116.8100,117.0000,116.6600,116.7500,11013300,85.2249
2018-02-15,117.1800,117.4600,117.0600,117.3000,4953400,85.6263
2018-02-16,117.5800,117.7600,117.4600,117.6500,6319800,85.8819
2018-02-20,117.3500,117.4100,117.1300,117.1500,8786200,85.5168
2018-02-21,117.2000,117.3100,116.4400,116.5100,6387200,85.0497
2018-02-22,116.8400,117.0700,116.6400,116.6700,7227100,85.1665
2018-02-23,117.0500,117.2400,116.8800,117.2100,8005600,85.5606
2018-02-26,117.5900,117.7500,117.3300,117.3600,5072000,85.6701
2018-02-27,117.5100,117.5200,116.7000,116.8500,7279500,85.2979
2018-02-28,117.0100,117.1600,116.9500,117.0700,7963400,85.4584
2018-03-01,116.5600,116.8100,116.3700,116.6200,11679100,85.3706
2018-03-02,116.3600,116.4900,116.1900,116.2500,5335000,85.0997
2018-03-05,116.5100,116.5800,116.1000,116.2100,10168400,85.0705
2018-03-06,116.6400,116.6800,116.2900,116.3100,8363400,85.1437
2018-03-07,116.5000,116.5300,116.2300,116.2700,4070400,85.1144
2018-03-08,116.4900,116.7000,116.3400,116.5000,6410000,85.2828
2018-03-09,116.3200,116.3700,116.0400,116.0900,7773800,84.9826
2018-03-12,116.1900,116.2800,116.1000,116.2400,8555600,85.0925
2018-03-13,116.3500,116.4000,116.1100,116.2500,8625900,85.0997
2018-03-14,116.2700,116.7000,116.2600,116.5100,5765700,85.2901
2018-03-15,116.4800,116.7100,116.4400,116.6300,5268200,85.3779
2018-03-16,116.4100,116.8300,116.3600,116.7600,10754700,85.4731
2018-03-19,116.5000,116.6000,116.3600,116.3700,8095300,85.1876
2018-03-20,116.0300,116.1900,115.9200,115.9600,6445000,84.8875
2018-03-21,115.7600,116.2300,115.5200,115.8900,7312600,84.8362
2018-03-22,116.1900,116.2900,115.9900,116.0900,10966600,84.9826
2018-03-23,115.9700,116.0300,115.7100,115.7200,6120800,84.7118
2018-03-26,116.0600,116.2000,116.0000,116.1300,5834800,85.0119
2018-03-27,116.0600,116.6200,116.0600,116.5500,5000200,85.3194
2018-03-28,116.7800,116.9800,116.6600,116.8600,4771600,85.5463
2018-03-29,117.1100,117.4700,116.9500,117.3900,5930800,85.9343
2018-04-02,116.9000,117.0700,116.7200,116.9900,4393500,85.8880
2018-04-03,116.9400,116.9400,116.6300,116.6800,3773500,85.6605
2018-04-04,116.7300,116.8600,116.6400,116.6800,5259600,85.6605
2018-04-05,116.6100,116.7500,116.5000,116.7200,5171000,85.6898
2018-04-06,116.9300,117.0700,116.8100,117.0700,4772500,85.9467
2018-04-09,116.8500,117.1800,116.8500,117.1300,3611300,85.9908
2018-04-10,117.2100,117.4400,117.0100,117.1600,5201300,86.0128
2018-04-11,117.3600,117.4000,117.1100,117.2400,2483800,86.0716
2018-04-12,117.1200,117.2000,116.9000,116.9200,2588100,85.8366
2018-04-13,116.8400,117.0600,116.8400,116.9600,4427800,85.8660
2018-04-16,116.7500,116.9900,116.7100,116.9700,2323600,85.8734
2018-04-17,116.9800,117.1500,116.9100,116.9800,6702900,85.8807
2018-04-18,116.9400,116.9500,116.3600,116.3800,6888000,85.4402
2018-04-19,116.0400,116.0700,115.7600,115.9400,4058600,85.1172
2018-04-20,115.7900,115.8300,115.4600,115.4700,4679700,84.7721
2018-04-23,115.4400,115.4700,115.2500,115.4200,4380000,84.7354
2018-04-24,115.3100,115.4400,114.9900,115.0800,5984700,84.4858
2018-04-25,114.8200,114.8400,114.5500,114.7200,3756100,84.2215
2018-04-26,115.0200,115.1800,114.9200,115.0600,6027200,84.4712
2018-04-27,115.2500,115.3700,115.2200,115.3200,3369800,84.6620
2018-04-30,115.3700,115.4600,115.1700,115.2200,6388500,84.5886
2018-05-01,114.8300,114.8700,114.4900,114.5800,6051500,84.3596
2018-05-02,114.7300,114.7500,114.4900,114.4900,3608100,84.2934
2018-05-03,114.7700,114.8200,114.4700,114.5100,4122600,84.3081
2018-05-04,114.8600,114.8600,114.4700,114.6700,3733800,84.4259
2018-05-07,114.7100,114.7500,114.5000,114.5400,3870900,84.3302
2018-05-08,114.4300,114.5400,114.2600,114.5000,5069300,84.3007
2018-05-09,114.3200,114.6300,114.2800,114.4800,3906600,84.2860
2018-05-10,114.8400,115.0700,114.7200,115.0600,5103000,84.7130
2018-05-11,115.2300,115.2800,115.0800,115.2600,4254000,84.8603
2018-05-14,115.1300,115.2700,115.0500,115.0500,4808300,84.7057
2018-05-15,114.5100,114.7600,114.0000,114.1800,5970000,84.0651
2018-05-16,114.2400,114.3500,113.9900,114.0300,4210800,83.9547
2018-05-17,114.0000,114.0600,113.7200,113.8100,3272300,83.7927
2018-05-18,113.9900,114.3300,113.9600,114.2800,4154700,84.1388
2018-05-21,114.1500,114.3500,114.1000,114.3500,2593300,84.1903
2018-05-22,114.2600,114.3900,114.1300,114.2300,3230000,84.1020
2018-05-23,114.4100,114.8000,114.3300,114.7200,5771100,84.4627
2018-05-24,114.9800,115.0800,114.8900,115.0400,4436900,84.6983
2018-05-25,115.3800,115.4200,115.2300,115.3800,3997600,84.9486
2018-05-29,115.4300,116.2100,115.2600,115.9900,6831700,85.3978
2018-05-30,115.6100,115.8200,115.2700,115.5400,5083900,85.0664
2018-05-31,115.6600,115.7700,115.3600,115.4900,6303300,85.0296
2018-06-01,114.8700,115.1400,114.8100,114.9100,4479700,84.8664
2018-06-04,114.9000,114.9700,114.6500,114.6500,3714900,84.6744
2018-06-05,114.9300,114.9500,114.6900,114.7300,3901500,84.7334
2018-06-06,114.4100,114.4700,114.1600,114.3100,4754900,84.4233
2018-06-07,114.2500,115.0600,114.2500,114.6900,7185200,84.7039
2018-06-08,114.6000,114.6500,114.4300,114.5000,2935600,84.5636
2018-06-11,114.3000,114.4000,114.2300,114.3900,2905100,84.4823
2018-06-12,114.2500,114.5000,114.2200,114.4000,3396500,84.4897
2018-06-13,114.4400,114.5800,113.9800,114.2900,4906500,84.4085
2018-06-14,114.6800,114.8200,114.4900,114.8100,4915800,84.7925
2018-06-15,114.9800,115.0600,114.5900,114.6500,5887100,84.6744
2018-06-18,114.6400,114.6600,114.4200,114.5300,4723200,84.5858
2018-06-19,114.5600,114.6600,114.4700,114.5900,4278700,84.6301
2018-06-20,114.6100,114.6100,113.9000,113.9500,7731500,84.1574
2018-06-21,113.9000,114.0900,113.8600,113.8600,15921600,84.0909
2018-06-22,113.8000,114.0900,113.7500,114.0000,6728500,84.1943
2018-06-25,114.0400,114.1100,113.8700,113.8900,3243900,84.1131
2018-06-26,113.9800,114.2900,113.8900,114.2700,10345300,84.3937
2018-06-27,114.5900,114.6600,114.4800,114.6600,9776300,84.6818
2018-06-28,114.5700,114.5700,114.2700,114.5100,6241300,84.5710
2018-06-29,114.6400,114.8400,114.5100,114.5700,7855600,84.6153
2018-07-02,114.4100,114.4100,114.1600,114.2400,4806200,84.6264
2018-07-03,114.3100,114.7300,114.3100,114.6600,2518100,84.9375
2018-07-05,114.7700,115.0300,114.7500,115.0200,4730600,85.2042
2018-07-06,115.2400,115.2800,115.0900,115.1800,2465600,85.3227
2018-07-09,115.0900,115.3000,115.0300,115.2600,5161600,85.3820
2018-07-10,115.2400,115.3700,115.1100,115.1300,6624000,85.2857
2018-07-11,115.2700,115.3900,115.1200,115.3600,4071400,85.4561
2018-07-12,115.4000,115.6100,115.3200,115.6100,3324800,85.6412
2018-07-13,115.7100,115.8100,115.6300,115.7000,4273800,85.7079
2018-07-16,115.5000,115.6300,115.2900,115.5100,2653700,85.5672
2018-07-17,115.5200,115.5800,115.3800,115.4300,6157000,85.5079
2018-07-18,115.5400,115.5400,115.3500,115.4100,3527600,85.4931
2018-07-19,115.4000,115.7400,115.3700,115.5900,5098600,85.6264
2018-07-20,115.3400,115.3900,115.1200,115.2500,5139900,85.3746
2018-07-23,115.0500,115.1200,114.7200,114.7900,4716300,85.0338
2018-07-24,114.8100,115.1700,114.8100,115.1500,4446700,85.3005
2018-07-25,115.4000,115.4000,115.2000,115.3000,7376300,85.4116
2018-07-26,115.4200,115.5500,115.2800,115.4100,5860900,85.4931
2018-07-27,115.7500,115.7500,115.4600,115.5600,5497600,85.6042
2018-07-30,115.3200,115.4900,115.3100,115.4000,6467600,85.4857
2018-07-31,115.7100,115.8600,115.6400,115.7600,6081600,85.7524
2018-08-01,114.9000,115.1500,114.8500,115.0100,7255900,85.4500
2018-08-02,115.0500,115.1700,114.8800,115.1500,6751500,85.5540
2018-08-03,115.2900,115.5500,115.1600,115.5100,2711200,85.8215
2018-08-06,115.5900,115.7600,115.5900,115.6200,3059800,85.9032
2018-08-07,115.5900,115.5900,115.2000,115.2600,5397700,85.6357
2018-08-08,115.1700,115.2300,115.0800,115.0800,7433200,85.5020
2018-08-09,115.2500,115.3600,115.0900,115.1700,7273500,85.5688
2018-08-10,115.1000,115.5000,115.0300,115.3600,4765900,85.7100
2018-08-13,115.2600,115.3800,115.2200,115.3300,3145700,85.6877
2018-08-14,115.4900,115.5300,115.4100,115.4800,7052500,85.7992
2018-08-15,115.6500,115.7600,115.5500,115.7200,5208100,85.9775
2018-08-16,115.8200,115.8900,115.7000,115.8700,5997900,86.0889
2018-08-17,115.9600,116.0700,115.8900,115.9700,3871900,86.1633
2018-08-20,116.2500,116.3700,116.1800,116.2700,2686800,86.3861
2018-08-21,116.2200,116.2200,115.9600,115.9800,5480400,86.1707
2018-08-22,116.2200,116.2400,115.9500,115.9700,6877700,86.1633
2018-08-23,116.1400,116.1800,115.9400,116.0100,5693800,86.1929
2018-08-24,115.8900,116.2900,115.8500,116.2400,5152500,86.3639
2018-08-27,116.0200,116.1600,116.0100,116.0600,3762200,86.2301
2018-08-28,115.8700,115.9800,115.6000,115.6200,4026900,85.9032
2018-08-29,115.7300,115.7500,115.4100,115.5000,10473500,85.8140
2018-08-30,115.7400,115.8100,115.5200,115.6100,5682300,85.8958
2018-08-31,115.8100,115.8400,115.4300,115.4400,4425800,85.7694
2018-09-04,114.8600,114.9900,114.6800,114.8800,6468700,85.6115
2018-09-05,114.8400,114.8800,114.7800,114.8100,6103200,85.5593
2018-09-06,114.9900,115.2100,114.9500,115.1300,6918100,85.7978
2018-09-07,114.7600,114.7600,114.6300,114.6500,4529100,85.4401
2018-09-10,114.7400,115.0300,114.7400,115.0300,5512700,85.7233
2018-09-11,114.8000,114.8900,114.7200,114.7700,5976900,85.5295
2018-09-12,114.9700,115.1200,114.9600,115.0000,5543100,85.7009
2018-09-13,115.2500,115.3300,115.1300,115.2400,5584100,85.8798
2018-09-14,115.0100,115.1600,114.9500,115.1000,7003500,85.7754
2018-09-17,114.9100,115.1100,114.8900,115.0300,2667100,85.7233
2018-09-18,114.8100,114.8100,114.5200,114.5600,5160900,85.3730
2018-09-19,114.5300,114.5400,114.2300,114.3900,5220700,85.2463
2018-09-20,114.4100,114.8100,114.3900,114.6900,6152400,85.4699
2018-09-21,114.6000,114.7900,114.6000,114.7100,9404300,85.4848
2018-09-24,114.4800,114.6000,114.3700,114.4500,10749400,85.2910
2018-09-25,114.3300,114.4700,114.2300,114.4500,4087100,85.2910
2018-09-26,114.6500,114.9300,114.5300,114.8600,7433600,85.5966
2018-09-27,114.8500,115.0400,114.7700,115.0100,6323400,85.7084
2018-09-28,115.1400,115.1400,114.9000,114.9300,12578500,85.6487
2018-10-01,114.5000,114.6400,114.4200,114.4200,7550600,85.5306
2018-10-02,114.5600,114.7500,114.5200,114.5200,11207800,85.6054
2018-10-03,114.4100,114.5300,113.6600,113.8500,8400500,85.1045
2018-10-04,113.5600,113.6600,113.2300,113.3800,9843800,84.7532
2018-10-05,113.1500,113.2600,112.7600,112.9400,8785800,84.4243
2018-10-08,113.0000,113.0100,112.8000,112.8200,1355200,84.3346
2018-10-09,113.0000,113.1700,112.9100,113.1400,8416200,84.5738
2018-10-10,112.8600,113.0100,112.5900,112.8300,12316400,84.3421
2018-10-11,113.0800,113.4900,113.0500,113.3000,18587600,84.6935
2018-10-12,113.3400,113.5300,113.1600,113.3200,8956700,84.7084
2018-10-15,113.2600,113.3600,113.1000,113.1100,6636500,84.5514
2018-10-16,113.1600,113.4800,113.0600,113.4000,9017800,84.7682
2018-10-17,113.3100,113.4000,112.8400,112.8400,6880600,84.3496
2018-10-18,112.7300,112.9800,112.6000,112.8400,10418000,84.3496
2018-10-19,112.7500,112.8600,112.6000,112.7000,6355700,84.2449
2018-10-22,112.8300,112.8500,112.5300,112.5600,7282900,84.1403
2018-10-23,112.8100,112.9600,112.6600,112.7200,10277900,84.2599
2018-10-24,112.9500,113.0500,112.8200,112.8800,7262000,84.3795
2018-10-25,112.7300,112.8500,112.7200,112.7400,5653100,84.2748
2018-10-26,112.9700,113.0800,112.9200,112.9300,4955300,84.4168
2018-10-29,112.8600,112.9200,112.7200,112.8000,6573300,84.3197
2018-10-30,112.5900,112.6700,112.4400,112.5500,7669600,84.1328
2018-10-31,112.3900,112.6100,112.2300,112.2300,13156300,83.8936
2018-11-01,111.7100,112.2100,111.6700,112.2000,14262000,84.1478
2018-11-02,112.0700,112.1800,111.7300,111.7500,7738400,83.8103
2018-11-05,111.8500,112.0400,111.8500,111.9500,5064000,83.9603
2018-11-06,112.0300,112.1800,112.0100,112.1400,5787100,84.1028
2018-11-07,112.6300,112.7100,112.3800,112.4300,13257500,84.3203
2018-11-08,112.4100,112.4600,112.1000,112.1000,10934400,84.0728
2018-11-09,112.1800,112.3300,112.0900,112.1800,8836800,84.1328
2018-11-12,112.4100,112.4100,112.0800,112.1700,2876500,84.1253
2018-11-13,112.0600,112.1200,111.9600,112.0200,7778400,84.0128
2018-11-14,111.7300,111.9400,111.6800,111.7200,11595100,83.7878
2018-11-15,111.5900,111.6700,111.3200,111.5100,15158300,83.6303
2018-11-16,111.4700,111.7600,111.4100,111.7300,13503700,83.7953
2018-11-19,111.4700,111.6500,111.4200,111.6200,9773700,83.7129
2018-11-20,111.3800,111.6000,111.3300,111.3500,16168200,83.5103
2018-11-21,111.6200,111.7200,111.4500,111.5900,10704600,83.6903
2018-11-23,111.9400,111.9800,111.6300,111.6400,2924700,83.7279
2018-11-26,111.7700,111.8200,111.6400,111.6900,5938900,83.7653
2018-11-27,111.6100,111.6600,111.5200,111.5500,8581300,83.6603
2018-11-28,111.5100,111.9500,111.2900,111.8500,13861300,83.8853
2018-11-29,111.7500,111.8700,111.4200,111.5300,10939100,83.6453
2018-11-30,111.5500,111.5800,111.2500,111.4600,14854800,83.5928
2018-12-03,111.3100,111.6000,111.2500,111.5200,12740500,83.9035
2018-12-04,111.7200,111.9800,111.5300,111.5400,13521500,83.9186
2018-12-06,111.6100,111.9900,111.6000,111.8800,12752200,84.1744
2018-12-07,112.0000,112.0600,111.7400,111.8900,11791900,84.1819
2018-12-10,112.2000,112.2400,111.9100,112.2300,6886500,84.4377
2018-12-11,112.3800,112.5600,112.2600,112.4300,10241100,84.5882
2018-12-12,112.4500,112.6800,111.5900,112.5500,10001600,84.6785
2018-12-13,112.7400,112.9100,112.7300,112.8500,6911200,84.9042
2018-12-14,112.9100,113.0100,112.7100,112.7300,6037900,84.8139
2018-12-17,112.7700,112.9900,112.7700,112.8500,6480500,84.9042
2018-12-18,112.7000,112.9400,112.6100,112.9000,5923200,85.2076
2018-12-19,113.0500,113.3100,112.8100,112.8100,10049200,85.1396
2018-12-20,113.0800,113.1500,112.2700,112.4400,20942200,84.8604
2018-12-21,112.5800,112.6800,112.1400,112.3300,11850700,84.7774
2018-12-24,112.3200,112.4100,111.9900,112.0700,4384800,84.5812
2018-12-26,112.0800,112.2100,111.7900,111.9800,7659300,84.5133
2018-12-27,112.1600,112.2900,111.9800,111.9800,7797300,84.5133
2018-12-28,112.1000,112.5300,112.1000,112.5100,4334500,84.9132
2018-12-31,112.5200,112.9200,112.4300,112.8200,7008400,85.1472
2019-01-02,112.8200,113.1900,112.7800,113.1700,9506500,85.4114
2019-01-03,113.0000,113.3000,112.9500,113.2200,11199100,85.4491
2019-01-04,112.8800,113.2000,112.8100,113.1500,12080700,85.3963
2019-01-07,113.3900,113.4600,113.1500,113.1600,16150100,85.4038
2019-01-08,113.2100,113.4400,113.2100,113.4100,7961400,85.5925
2019-01-09,113.5000,113.8900,113.5000,113.8400,10534900,85.9171
2019-01-10,113.7300,113.7700,113.4300,113.5400,10337000,85.6906
2019-01-11,113.7900,113.7900,113.5900,113.7500,6890800,85.8491
2019-01-14,113.6200,113.7900,113.4200,113.4500,4511400,85.6227
2019-01-15,113.5400,113.6800,113.4500,113.5200,10536500,85.6755
2019-01-16,113.5200,113.9000,113.4600,113.7400,17911800,85.8416
2019-01-17,113.6600,113.9800,113.6600,113.9700,8756200,86.0152
2019-01-18,113.9600,114.2800,113.9600,114.1700,12589700,86.1661
2019-01-22,114.3200,114.5800,114.3200,114.3600,9101600,86.3095
2019-01-23,114.4600,114.7400,114.3900,114.6500,11707200,86.5283
2019-01-24,115.0500,115.1100,114.8600,114.9500,8874700,86.7548
2019-01-25,114.9000,115.0500,114.8800,115.0500,8529200,86.8302
2019-01-28,114.9500,115.1200,114.8900,115.0300,7830600,86.8152
2019-01-29,115.1700,115.2800,115.0700,115.2800,9111300,87.0039
2019-01-30,115.3200,115.8100,115.1700,115.8100,17275500,87.4038
2019-01-31,116.2100,116.7000,116.1900,116.6200,12004200,88.0151
2019-02-01,116.1200,116.3100,115.9200,115.9900,15158400,87.8054
2019-02-04,115.8700,115.8900,115.6100,115.8300,7375500,87.6843
2019-02-05,116.1000,116.4800,116.0900,116.3000,9298100,88.0401
2019-02-06,116.3800,116.4000,116.0400,116.0800,7083600,87.8736
2019-02-07,116.0000,116.0800,115.7800,116.0600,12973200,87.8584
2019-02-08,116.1500,116.3800,116.1100,116.3500,5502500,88.0780
2019-02-11,116.2800,116.2800,116.0000,116.0900,5353800,87.8812
2019-02-12,116.0800,116.2500,116.0300,116.2500,10689100,88.0023
2019-02-13,116.0100,116.1000,115.8900,115.9500,9595200,87.7752
2019-02-14,116.2400,116.2400,115.9400,116.0800,14906100,87.8736
2019-02-15,116.0300,116.2600,116.0300,116.2200,8298000,87.9796
2019-02-19,116.4400,116.4400,116.1700,116.2900,6920300,88.0325
2019-02-20,116.1900,116.2300,115.9900,116.1900,8577400,87.9569
2019-02-21,115.7600,115.9800,115.7400,115.8600,6311000,87.7071
2019-02-22,115.9700,116.4800,115.9700,116.3800,4110600,88.1007
2019-02-25,116.2600,116.4500,116.2500,116.3400,6026200,88.0704
2019-02-26,116.5100,116.5900,116.4100,116.5200,6360600,88.2066
2019-02-27,116.3700,116.3700,116.1100,116.1900,7008500,87.9569
2019-02-28,116.2500,116.3700,115.9600,116.0300,12468400,87.8357
2019-03-01,115.7400,115.8800,115.4200,115.4700,12714100,87.6823
2019-03-04,115.8100,115.8600,115.6800,115.7300,9453600,87.8798
2019-03-05,115.6900,115.7900,115.5700,115.7700,9090400,87.9101
2019-03-06,115.8100,115.9600,115.7400,115.8800,6278700,87.9937
2019-03-07,116.1000,116.3000,116.0300,116.2600,7355500,88.2822
2019-03-08,116.1100,116.4300,115.9100,116.4100,7386600,88.3961
2019-03-11,116.3900,116.5400,116.3100,116.5400,7813600,88.4949
2019-03-12,116.5700,116.9400,116.5600,116.8600,7994600,88.7379
2019-03-13,116.5400,116.7100,116.5400,116.6700,5834000,88.5936
2019-03-14,116.6300,116.6400,116.3400,116.4400,5395300,88.4189
2019-03-15,116.7600,117.0200,116.7000,116.8600,8537000,88.7379
2019-03-18,116.7800,116.8900,116.7500,116.8000,4308300,88.6923
2019-03-19,116.6300,116.9300,116.6300,116.8200,8074700,88.7075
2019-03-20,116.8900,117.6600,116.7800,117.6100,16202600,89.3074
2019-03-21,117.5200,117.9100,117.5200,117.8300,14163200,89.4744
2019-03-22,118.2100,118.6400,118.2100,118.5500,10576900,90.0212
2019-03-25,118.5700,119.0000,118.3700,118.7900,7096100,90.2034
2019-03-26,118.7400,118.9300,118.5900,118.8400,7766500,90.2413
2019-03-27,119.0000,119.2200,118.9200,119.0000,7484100,90.3628
2019-03-28,119.0300,119.1500,118.9100,119.1500,4621200,90.4768
2019-03-29,118.8300,119.1500,118.7900,119.0600,8415100,90.4084
2019-04-01,118.4500,118.6200,118.2000,118.2600,9567400,90.0718
2019-04-02,118.2800,118.4500,118.1900,118.4200,7733300,90.1936
2019-04-03,118.1500,118.2900,118.1100,118.1700,6048400,90.0032
2019-04-04,118.2000,118.3600,118.1100,118.3600,7510600,90.1479
2019-04-05,118.3400,118.6900,118.2600,118.5500,9326200,90.2927
2019-04-08,118.5200,118.5700,118.3500,118.3800,8564800,90.1632
2019-04-09,118.6900,118.8300,118.5800,118.6300,7749000,90.3536
2019-04-10,118.8700,119.2700,118.8600,119.2100,5765300,90.7953
2019-04-11,119.0600,119.2100,119.0100,119.0900,7769500,90.7039
2019-04-12,118.9900,119.1200,118.8900,119.0200,11083800,90.6506
2019-04-15,119.0100,119.0800,118.8300,118.8300,12427300,90.5059
2019-04-16,118.7900,118.7900,118.4900,118.5000,10302700,90.2546
2019-04-17,118.6200,118.7200,118.4700,118.4800,6062300,90.2393
2019-04-18,118.7500,118.8000,118.5500,118.5800,8060000,90.3155
2019-04-22,118.4600,118.5300,118.3400,118.3900,6581900,90.1708
2019-04-23,118.5600,118.8800,118.5400,118.8800,7389700,90.5440
2019-04-24,119.1600,119.4000,119.1300,119.2800,6463200,90.8487
2019-04-25,119.1700,119.2700,119.0300,119.2200,4404000,90.8029
2019-04-26,119.6200,119.7100,119.5000,119.6400,3406100,91.1228
2019-04-29,119.3800,119.4300,119.1100,119.1700,5847500,90.7649
2019-04-30,119.1500,119.3500,119.1000,119.2200,9753300,90.8029
2019-05-01,119.0000,119.5700,118.8300,118.8300,12804300,90.7739
2019-05-02,118.7000,118.7400,118.2900,118.4000,11748200,90.4454
2019-05-03,118.6500,118.9700,118.6500,118.9300,7481000,90.8503
2019-05-06,119.0300,119.2300,118.8800,119.0900,8077400,90.9725
2019-05-07,119.2800,119.2900,119.0000,119.0800,11575500,90.9649
2019-05-08,119.1500,119.2000,118.6400,118.6800,11843100,90.6593
2019-05-09,118.9300,118.9500,118.6100,118.7900,11586200,90.7433
2019-05-10,118.7500,118.9200,118.7100,118.8600,8155600,90.7969
2019-05-13,118.8600,119.1300,118.7800,118.9300,16744900,90.8503
2019-05-14,119.0000,119.1200,118.9200,119.1000,7993500,90.9801
2019-05-15,119.4100,119.4500,119.1800,119.4300,10804400,91.2323
2019-05-16,119.3400,119.3400,119.2100,119.2400,11716300,91.0871
2019-05-17,119.3800,119.4400,119.2300,119.2500,7746100,91.0948
2019-05-20,119.2200,119.3100,118.9600,118.9700,2890900,90.8809
2019-05-21,119.0900,119.1100,118.9300,119.0700,3610100,90.9573
2019-05-22,119.1400,119.3100,119.0400,119.2200,9526200,91.0718
2019-05-23,119.2700,119.6100,119.1900,119.4800,9983400,91.2705
2019-05-24,119.6400,119.7500,119.5200,119.7300,5981700,91.4614
2019-05-28,119.9300,120.0000,119.7700,119.8100,9039100,91.5225
2019-05-29,119.8800,120.0300,119.8200,119.8600,8778000,91.5607
2019-05-30,120.1000,120.5900,120.0100,120.5500,11946400,92.0878
2019-05-31,120.6200,120.8400,120.3900,120.8300,11611700,92.3017
2019-06-03,120.7500,120.9100,120.4100,120.8300,12525200,92.5860
2019-06-04,120.5300,120.9300,120.5300,120.8700,20566100,92.6166
2019-06-05,120.9700,121.1800,120.6800,120.7900,10423100,92.5554
2019-06-06,120.9600,121.1200,120.8200,121.0200,14133600,92.7316
2019-06-07,121.5000,121.8500,121.4300,121.5600,11912900,93.1453
2019-06-10,121.3400,121.4700,121.1100,121.1200,13072400,92.8082
2019-06-11,121.2000,121.3200,121.0300,121.2300,17076700,92.8925
2019-06-12,121.2400,121.4300,121.1500,121.4100,11814400,93.0304
2019-06-13,121.4500,121.7500,121.4500,121.7200,6665700,93.2679
2019-06-14,121.5500,121.8200,121.4600,121.7700,4652300,93.3063
2019-06-17,121.6900,121.9300,121.6200,121.8300,6213200,93.3522
2019-06-18,122.4600,122.7700,122.3400,122.6400,19575000,93.9729
2019-06-19,122.3500,123.4500,122.2300,123.4200,17597800,94.5706
2019-06-20,123.9000,124.1600,123.7000,124.0900,24937900,95.0840
2019-06-21,123.6800,123.8900,123.4800,123.6400,18566400,94.7392
2019-06-24,123.9500,124.1700,123.7800,123.9500,15241600,94.9767
2019-06-25,123.9500,123.9900,123.4700,123.5800,17843700,94.6932
2019-06-26,123.8400,123.8400,123.2800,123.3300,24436700,94.5016
2019-06-27,123.6400,124.1400,123.5400,124.0500,10314500,95.0533
2019-06-28,124.1100,124.4400,124.0900,124.3700,9512100,95.2985
2019-07-01,124.2100,124.5400,123.9400,124.2500,19129900,95.4791
2019-07-02,124.3200,124.6500,124.2000,124.5900,15843800,95.7404
2019-07-03,124.6500,124.9600,124.5900,124.9300,6947300,96.0016
2019-07-05,124.0400,124.1500,123.3400,123.8300,7889900,95.1564
2019-07-08,124.0000,124.0500,123.6600,123.6600,9239200,95.0257
2019-07-09,123.5900,123.6200,123.3400,123.4000,15877100,94.8260
2019-07-10,123.5500,123.8400,123.4800,123.6800,9551800,95.0411
2019-07-11,123.4500,123.6400,122.8500,122.9500,7101300,94.4801
2019-07-12,122.9000,123.1400,122.8400,123.0700,6363600,94.5724
2019-07-15,123.2000,123.3400,123.0900,123.2800,7705000,94.7337
2019-07-16,122.8500,123.0400,122.7100,123.0200,9867500,94.5339
2019-07-17,123.1500,123.6800,123.1500,123.6700,6620400,95.0334
2019-07-18,123.6100,124.0900,123.3600,123.9600,10357300,95.2563
2019-07-19,123.8300,124.0600,123.6500,123.7700,8789300,95.1102
2019-07-22,124.2500,124.2700,124.0900,124.1500,4464800,95.4023
2019-07-23,124.2400,124.2400,123.9700,124.2200,7013600,95.4561
2019-07-24,124.3900,124.5800,124.2200,124.5700,11851200,95.7250
2019-07-25,124.4100,124.4900,123.8700,124.1700,9943100,95.4176
2019-07-26,124.4300,124.4900,124.1700,124.3400,7285100,95.5483
2019-07-29,124.4900,124.5100,124.2500,124.2600,7379600,95.4868
2019-07-30,124.2200,124.3100,123.9200,124.2200,12112000,95.4561
2019-07-31,124.3500,124.7300,123.8100,124.3300,17422700,95.5406
2019-08-01,124.3100,125.3100,124.2200,124.9900,16216800,96.3173
2019-08-02,124.9500,125.1500,124.8400,125.1200,14629500,96.4175
2019-08-05,125.5100,125.5100,125.1300,125.2100,12715500,96.4869
2019-08-06,125.5800,126.0400,125.3300,125.9900,14920200,97.0880
2019-08-07,126.4700,126.6600,125.8600,125.9700,24644100,97.0725
2019-08-08,125.7800,126.3600,125.5300,126.3100,8353800,97.3345
2019-08-09,126.3100,126.3500,125.8900,125.9400,6375900,97.0494
2019-08-12,126.3000,126.8300,126.2600,126.7300,8075100,97.6582
2019-08-13,126.8200,126.9500,126.4500,126.6300,10955000,97.5811
2019-08-14,127.1000,127.2000,126.8300,127.0000,9070900,97.8663
2019-08-15,127.1500,128.0000,127.0500,127.6200,11378300,98.3440
2019-08-16,127.3200,127.9000,127.0700,127.8500,10842200,98.5213
2019-08-19,127.1700,127.6200,127.0000,127.4300,7226200,98.1976
2019-08-20,127.8500,128.2200,127.7200,128.1700,11402300,98.7679
2019-08-21,127.8700,128.7300,127.8700,128.4000,9344000,98.9451
2019-08-22,128.2500,128.5000,127.8800,127.9300,7054000,98.5829
2019-08-23,127.7900,128.7100,127.7700,128.4000,7998600,98.9451
2019-08-26,128.4800,128.7200,128.2100,128.4100,6305900,98.9528
2019-08-27,128.7500,129.2000,128.7500,129.1000,12644100,99.4845
2019-08-28,129.4000,129.4600,129.0100,129.1000,8935800,99.4845
2019-08-29,129.0600,129.1000,128.3500,128.8200,17900500,99.2688
2019-08-30,128.6700,128.8400,128.4200,128.8000,8653700,99.2533
2019-09-03,128.3700,128.7200,127.9400,128.3300,22683500,99.1598
2019-09-04,128.0700,128.7100,128.0700,128.5700,8502600,99.3453
2019-09-05,127.9500,128.2400,127.4200,127.6300,19042800,98.6189
2019-09-06,127.8400,128.1900,127.7800,128.0900,8914800,98.9744
2019-09-09,127.4700,127.5600,127.1500,127.1500,7219000,98.2481
2019-09-10,126.9700,126.9900,126.0700,126.0800,9863400,97.4213
2019-09-11,126.0000,126.3200,125.9100,125.9800,8165800,97.3440
2019-09-12,126.6600,126.7600,125.7300,125.8100,11506000,97.2126
2019-09-13,125.3600,125.5900,124.6800,124.6800,8984600,96.3395
2019-09-16,125.1300,125.4300,124.9300,125.3100,11464700,96.8263
2019-09-17,125.2600,125.8100,125.1600,125.6300,12480700,97.0736
2019-09-18,126.0700,126.4600,125.5300,125.9400,9162300,97.3131
2019-09-19,126.4100,126.6100,126.2100,126.3000,9042800,97.5913
2019-09-20,126.6900,127.2300,126.5600,127.1700,10406200,98.2635
2019-09-23,127.3900,127.5800,127.0500,127.0800,9526600,98.1940
2019-09-24,127.4100,127.6500,127.2900,127.4800,12638700,98.5030
2019-09-25,127.2800,127.3600,126.6300,126.7600,13852300,97.9467
2019-09-26,127.1900,127.2700,127.0000,127.0300,8377600,98.1553
2019-09-27,127.1500,127.2200,126.9300,127.0600,8627800,98.1785
2019-09-30,126.9600,127.5100,126.8600,127.4800,10769500,98.5030
2019-10-01,126.5600,127.6600,126.5600,127.2900,13233900,98.6162
2019-10-02,127.2500,127.3500,126.9700,127.2400,11377000,98.5774
2019-10-03,127.4300,127.9200,127.4300,127.7400,13985000,98.9648
2019-10-04,128.0300,128.2700,127.9500,128.2700,9168500,99.3754
2019-10-07,127.9100,128.0000,127.6100,127.6200,6989300,98.8718
2019-10-08,127.9100,127.9900,127.4800,127.5100,8635500,98.7866
2019-10-09,127.7800,127.7800,127.2800,127.5600,9929500,98.8253
2019-10-10,127.1400,127.2000,126.6600,126.8100,7962200,98.2443
2019-10-11,126.4900,126.7700,126.0500,126.5800,11061500,98.0661
2019-10-14,126.9000,127.0500,126.7000,127.0000,2276500,98.3914
2019-10-15,127.0500,127.0500,126.5700,126.6600,13199100,98.1281
2019-10-16,126.7400,126.9100,126.5100,126.8000,7793500,98.2365
2019-10-17,126.8200,127.1900,126.7100,126.9800,5795300,98.3760
2019-10-18,127.1400,127.3400,127.0500,127.1400,5978200,98.4999
2019-10-21,126.9000,127.0000,126.8000,126.8500,6457700,98.2753
2019-10-22,127.2400,127.2600,126.8800,127.0700,5820000,98.4457
2019-10-23,127.3100,127.3700,127.0900,127.1400,4986100,98.4999
2019-10-24,127.2700,127.5600,127.2700,127.4200,9154900,98.7169
2019-10-25,127.4800,127.4800,127.0300,127.2000,6263000,98.5464
2019-10-28,126.8000,126.9400,126.7200,126.8200,9081600,98.2520
2019-10-29,126.7700,126.8800,126.4800,126.4900,9236700,97.9964
2019-10-30,126.4600,127.0100,126.4300,126.9400,12250700,98.3450
2019-10-31,127.4100,127.7900,127.2600,127.7100,18082800,98.9416
2019-11-01,127.3800,127.8300,127.3000,127.4900,11238400,99.0387
2019-11-04,127.1500,127.1800,126.8500,126.8900,10122100,98.5725
2019-11-05,126.3400,126.5600,126.0200,126.1600,10409200,98.0055
2019-11-06,126.5100,126.9000,126.5000,126.8700,8496500,98.5570
2019-11-07,126.3200,126.4400,125.7400,125.8800,14799000,97.7880
2019-11-08,125.8600,126.1700,125.7100,125.7100,6256300,97.6559
2019-11-11,125.9600,125.9900,125.6600,125.7500,3231600,97.6869
2019-11-12,125.8600,125.9700,125.6100,125.8700,9936600,97.7802
2019-11-13,126.2300,126.3400,126.1100,126.1700,10280100,98.0132
2019-11-14,126.6400,126.9100,126.6400,126.8300,10163800,98.5259
2019-11-15,126.7400,126.9900,126.6000,126.8500,5411900,98.5415
2019-11-18,127.0400,127.1700,126.9100,126.9900,9148900,98.6503
2019-11-19,127.0800,127.2800,127.0400,127.2400,3818800,98.8445
2019-11-20,127.4100,127.5500,127.3100,127.4200,5395800,98.9843
2019-11-21,127.1700,127.3000,127.0100,127.1200,8425700,98.7512
2019-11-22,127.4200,127.5100,127.2300,127.4700,5276600,99.0231
2019-11-25,127.6400,127.9800,127.6300,127.9100,6808600,99.3649
2019-11-26,128.0500,128.3300,128.0300,128.2400,8688800,99.6213
2019-11-27,127.9900,128.2800,127.9800,128.2300,7264000,99.6135
2019-11-29,128.1800,128.2600,127.8400,127.9700,5260900,99.4115
2019-12-02,127.0700,127.1500,126.8000,127.0700,14911500,98.9800
2019-12-03,127.6400,128.1700,127.5100,128.0500,9376800,99.7434
2019-12-04,127.8500,128.0200,127.4600,127.8800,11177600,99.6109
2019-12-05,127.6800,127.8500,127.4700,127.7400,5700600,99.5019
2019-12-06,127.3700,127.8600,127.3000,127.6700,6149500,99.4474
2019-12-09,127.9800,127.9900,127.6200,127.6500,4545300,99.4318
2019-12-10,127.8200,127.9300,127.5300,127.6500,6425500,99.4318
2019-12-11,127.8800,128.2900,127.8300,128.1500,4417100,99.8212
2019-12-12,128.0900,128.1300,127.1700,127.5600,10375000,99.3617
2019-12-13,128.0400,128.4600,127.7000,128.3900,12474100,100.0082
2019-12-16,128.2400,128.3100,127.9700,128.1000,8062600,99.7823
2019-12-17,128.2200,128.3500,127.9700,128.0000,10886800,99.7044
2019-12-18,128.0100,128.1100,127.8100,127.9100,10205500,99.6343
2019-12-19,127.5700,127.8400,127.5000,127.7000,9307000,99.7327
2019-12-20,127.6300,127.7300,127.4800,127.6600,8336900,99.7015
2019-12-23,127.8000,127.8600,127.4700,127.7200,3827500,99.7484
2019-12-24,127.5600,127.9600,127.5000,127.8500,2638000,99.8499
2019-12-26,128.0400,128.1000,127.8000,128.0800,3879900,100.0295
2019-12-27,128.3500,128.4000,128.2600,128.2600,8752100,100.1700
2019-12-30,127.9000,128.5000,127.7800,128.4900,9993800,100.3497
2019-12-31,128.0100,128.2500,127.8900,127.9600,5499400,99.9358
2020-01-02,128.3400,128.5700,128.0600,128.2300,15348700,100.1467
2020-01-03,128.4000,128.7100,128.2700,128.6700,10110900,100.4903
2020-01-06,128.6900,128.8600,128.1400,128.2400,13894300,100.1544
2020-01-07,128.1700,128.1800,127.8400,127.9100,8211700,99.8967
2020-01-08,128.0100,128.3200,127.6700,127.7300,12268500,99.7561
2020-01-09,127.7000,128.3900,127.6600,128.3400,14415100,100.2325
2020-01-10,128.4700,128.8500,128.4100,128.7000,8263500,100.5137
2020-01-13,128.5200,128.5500,128.3300,128.3900,4477400,100.2716
2020-01-14,128.3600,128.5700,128.3200,128.5500,11066300,100.3966
2020-01-15,128.8000,128.8700,128.6400,128.8300,8712400,100.6152
2020-01-16,128.9000,129.1100,128.7500,129.0100,13926100,100.7558
2020-01-17,128.9300,129.0900,128.6000,128.9900,13727800,100.7402
2020-01-21,129.3600,129.6700,129.0700,129.6100,16807300,101.2244
2020-01-22,129.8400,129.8800,129.6700,129.6800,9928600,101.2791
2020-01-23,129.9100,130.0000,129.7400,129.8500,13623200,101.4119
2020-01-24,130.1300,130.2200,129.9600,130.0700,11604500,101.5837
2020-01-27,130.1900,130.4500,130.1400,130.3200,10461200,101.7789
2020-01-28,130.4500,130.5600,130.1200,130.2500,12055900,101.7242
2020-01-29,130.6000,130.8800,130.5900,130.6700,11174700,102.0522
2020-01-30,130.7200,130.9500,130.4700,130.7500,14619200,102.1147
2020-01-31,130.9600,131.1600,130.7700,131.0900,20194800,102.3803
2020-02-03,130.5800,130.8100,130.4200,130.6500,11216300,102.2996
2020-02-04,130.4200,130.5000,130.1300,130.3300,16799300,102.0491
2020-02-05,130.1700,130.3100,130.0900,130.2500,9587500,101.9864
2020-02-06,130.2900,130.4400,130.1800,130.1900,11028900,101.9395
2020-02-07,130.7200,130.8900,130.5800,130.6900,11517200,102.3309
2020-02-10,130.9000,131.0600,130.8000,131.0000,10405800,102.5737
2020-02-11,130.8900,131.0700,130.7900,130.8100,10052700,102.4249
2020-02-12,130.7000,130.8100,130.6000,130.7500,7069100,102.3779
2020-02-13,130.7500,130.9100,130.6400,130.6600,5437400,102.3074
2020-02-14,131.0600,131.1400,130.8500,130.9800,8254500,102.5580
2020-02-18,131.1300,131.3500,131.0300,131.2300,9650900,102.7538
2020-02-19,131.1200,131.2900,131.0100,131.0500,10731500,102.6128
2020-02-20,131.1600,131.4900,131.1400,131.4900,13706000,102.9574
2020-02-21,131.7800,132.0500,131.6700,131.7500,12192700,103.1609
2020-02-24,132.0200,132.1600,131.7600,131.7700,17894700,103.1766
2020-02-25,131.9000,132.2000,131.7500,131.9000,19930500,103.2784
2020-02-26,131.5000,132.0400,131.4000,131.4100,23073400,102.8947
2020-02-27,131.6300,131.9000,130.6900,130.7100,29687900,102.3466
2020-02-28,131.0100,132.2900,130.7600,132.1800,25073300,103.4976
2020-03-02,131.8700,132.5100,131.6000,131.7000,15922600,103.3948
2020-03-03,131.8300,133.9900,131.7500,133.2000,39141000,104.5724
2020-03-04,133.6100,134.0600,133.2500,133.3900,23702000,104.7216
2020-03-05,133.7200,133.8700,133.0600,133.3400,22089500,104.6823
2020-03-06,134.2000,134.5300,133.4900,134.2700,30099900,105.4125
2020-03-09,131.2900,133.2200,130.3500,131.0100,27166000,102.8531
2020-03-10,130.9100,131.3600,128.0600,128.0600,30024700,100.5371
2020-03-11,128.0800,128.2700,123.2000,123.8500,37310300,97.2319
2020-03-12,121.4300,125.8000,115.7200,117.9400,41021400,92.5921
2020-03-13,121.4900,124.0000,119.2400,123.0500,33470600,96.6038
2020-03-16,116.3200,122.0500,115.2100,121.3000,19928900,95.2300
2020-03-17,119.4500,121.0500,115.3900,116.3300,19074000,91.3281
2020-03-18,112.7200,114.7100,108.3200,110.5100,23808700,86.7590
2020-03-19,109.0800,110.0000,104.9500,105.0500,29077100,82.4725
2020-03-20,108.8700,110.6400,105.8000,106.7400,29390100,83.7992
2020-03-23,111.0700,115.1400,110.8300,114.6300,36918800,89.9935
2020-03-24,115.5400,118.7200,114.8500,116.9800,43049700,91.8384
2020-03-25,117.8900,123.6000,117.1900,122.5800,45181000,96.2349
2020-03-26,122.5000,123.3300,121.2500,122.6800,21893500,96.3134
2020-03-27,121.5800,122.6200,120.5600,122.4300,27730300,96.1171
2020-03-30,122.8400,125.0000,122.8400,123.9200,19272700,97.2869
2020-03-31,124.0900,124.9100,122.9900,123.5100,23901400,96.9650
2020-04-01,122.5500,122.6000,121.3200,121.4100,21859400,95.5562
2020-04-02,121.6600,123.5000,121.5100,121.7300,22929500,95.8080
2020-04-03,122.0200,122.2400,120.6800,121.1000,10754100,95.3122
2020-04-06,122.6300,123.5000,122.2300,123.4900,15631800,97.1932
2020-04-07,124.3000,124.4800,123.4700,123.6800,17457700,97.3428
2020-04-08,124.3300,126.0100,123.8800,125.9100,15484100,99.0979
2020-04-09,129.4100,132.0000,129.1000,131.8300,53580000,103.7573
2020-04-13,131.1900,131.4600,129.8100,130.5500,20599800,102.7498
2020-04-14,131.4000,131.5000,129.8400,129.9100,14791600,102.2461
2020-04-15,129.4000,130.8800,129.4000,130.7800,13687800,102.9309
2020-04-16,130.6200,131.0700,130.0400,130.1300,12582100,102.4193
2020-04-17,131.3300,131.4700,129.9400,130.5600,11187900,102.7577
2020-04-20,130.0300,130.1300,129.2300,129.8200,12057500,102.1753
2020-04-21,129.7000,130.1300,128.6900,129.3600,16146000,101.8132
2020-04-22,129.3600,129.6000,128.9100,129.4400,19956600,101.8762
2020-04-23,129.9200,130.2400,129.7000,129.9900,5833400,102.3091
2020-04-24,129.7800,130.2000,129.2100,129.9000,14985500,102.2383
2020-04-27,129.9800,130.1000,128.8200,128.8500,11794700,101.4118
2020-04-28,129.4000,129.5600,129.0700,129.2000,9232900,101.6873
2020-04-29,129.8400,130.2300,129.7000,130.0500,7399100,102.3563
2020-04-30,129.7300,130.1500,129.1100,129.1700,14583200,101.6637
2020-05-01,128.7000,128.9400,127.8300,128.3400,15442300,101.2613
2020-05-04,128.5300,128.9500,128.3600,128.5400,9466700,101.4191
2020-05-05,128.3900,128.7200,128.1600,128.3700,7268800,101.2850
2020-05-06,127.8900,127.9500,126.7100,126.9300,10662900,100.1488
2020-05-07,127.2900,127.5000,126.8900,127.2700,11194300,100.4171
2020-05-08,126.8200,127.0800,126.3700,126.6600,12286700,99.9358
2020-05-11,126.3800,126.5300,125.5200,125.5500,12334800,99.0600
2020-05-12,127.1700,127.2000,126.1900,126.7600,18760500,100.0147
2020-05-13,127.2900,127.5600,126.9400,127.0500,13404100,100.2435
2020-05-14,127.5000,128.1200,127.0000,128.1000,16978300,101.0720
2020-05-15,128.1000,128.6100,127.9700,128.5500,17987400,101.4270
2020-05-18,128.8600,130.0000,128.8600,129.2800,15299000,102.0030
2020-05-19,129.3300,129.6600,128.9000,129.3800,13529000,102.0819
2020-05-20,129.7600,130.8600,129.6500,130.8000,15068200,103.2023
2020-05-21,130.9900,131.0000,130.5500,130.7000,11059200,103.1234
2020-05-22,130.7200,130.9800,130.5200,130.7000,12546900,103.1234
2020-05-26,130.9200,131.1500,130.4700,130.5200,12864900,102.9814
2020-05-27,130.9300,131.1100,130.7000,131.0600,10204500,103.4074
2020-05-28,130.9300,131.3800,130.6000,131.1700,12360900,103.4942
2020-05-29,131.3600,132.0400,131.1600,132.0200,14092500,104.1648
2020-06-01,131.4000,131.6500,131.2500,131.6400,15415500,104.1190
2020-06-02,131.8200,132.3100,131.7300,132.0600,11585400,104.4512
2020-06-03,132.0700,132.2800,131.6000,131.9800,15198200,104.3879
2020-06-04,132.1400,132.3000,131.5000,131.5800,9777400,104.0715
2020-06-05,132.0900,132.4500,131.5000,132.2600,22147400,104.6094
2020-06-08,132.4900,132.9200,132.3100,132.7000,15872100,104.9574
2020-06-09,132.7700,132.8500,132.3500,132.4200,17982200,104.7359
2020-06-10,132.6600,133.5100,132.1000,133.2900,16866200,105.4240
2020-06-11,132.5900,132.8100,131.1300,131.7000,28279600,104.1664
2020-06-12,132.7300,132.9700,131.7900,132.3400,16202800,104.6726
2020-06-15,131.8900,134.8300,131.8200,134.2200,24006200,106.1596
2020-06-16,134.8900,134.9000,133.4800,133.8500,16299500,105.8670
2020-06-17,134.0000,134.1100,132.8100,133.5900,20132900,105.6613
2020-06-18,133.6200,133.9200,133.3600,133.8900,9306600,105.8986
2020-06-19,133.9600,134.2000,133.6300,133.9900,13741400,105.9777
2020-06-22,133.9900,134.3100,133.6000,133.8600,10134000,105.8749
2020-06-23,133.7000,134.0700,133.5600,133.6100,9381300,105.6771
2020-06-24,133.3400,133.4000,132.7000,133.2400,12357300,105.3845
2020-06-25,133.3700,133.4900,133.0800,133.3800,19115300,105.4952
2020-06-26,133.4000,133.6000,133.1500,133.5000,7304900,105.5901
2020-06-29,133.5100,134.1200,133.1800,134.1200,10954600,106.0805
2020-06-30,134.3100,134.5300,133.8200,134.5000,11599000,106.3811
2020-07-01,134.1500,134.9400,133.8800,134.7200,11872500,106.8013
2020-07-02,134.9600,135.1100,134.7900,135.0500,9733200,107.0628
2020-07-06,135.1600,135.5100,134.9600,135.4000,12706800,107.3403
2020-07-07,135.4000,135.6800,135.2300,135.5800,11645100,107.4830
2020-07-08,135.6700,135.7100,135.2300,135.3600,10033100,107.3086
2020-07-09,135.6400,136.2500,135.4200,136.1200,9809000,107.9111
2020-07-10,136.3100,136.4200,135.6800,135.8700,9043100,107.7129
2020-07-13,135.8900,136.0800,135.4300,135.5100,22457200,107.4275
2020-07-14,135.8500,136.4400,135.8000,136.3000,12505600,108.0538
2020-07-15,136.4800,136.5800,136.2400,136.5700,8815600,108.2679
2020-07-16,136.7200,137.0300,136.6000,136.9500,7761800,108.5691
2020-07-17,137.3200,137.4100,136.9400,137.3200,6078400,108.8624
2020-07-20,137.6200,137.7000,137.4000,137.7000,7244300,109.1637
2020-07-21,137.9200,138.1000,137.7800,137.8800,7712300,109.3064
2020-07-22,138.2800,138.3400,138.1000,138.3300,6229900,109.6631
2020-07-23,138.4700,138.5200,138.1700,138.4300,9544200,109.7423
2020-07-24,138.1700,138.3900,137.9500,138.1200,9106500,109.4966
2020-07-27,138.1900,138.2900,137.6100,137.7000,6347600,109.1637
2020-07-28,137.9200,137.9900,137.5100,137.5600,12922600,109.0527
2020-07-29,137.6900,138.3100,137.5700,138.3100,7625100,109.6473
2020-07-30,138.2300,138.3100,137.9600,138.1600,8939900,109.5283
2020-07-31,138.1400,138.4600,137.9300,138.3500,11788700,109.6790
2020-08-03,137.9500,138.3400,137.8100,138.2400,10915900,109.8260
2020-08-04,138.4900,138.7500,138.4100,138.7500,10101900,110.2311
2020-08-05,138.5400,138.8000,138.4300,138.5600,11602000,110.0802
2020-08-06,138.9900,139.2600,138.9300,139.1500,8067800,110.5490
2020-08-07,139.2900,139.3800,138.7200,138.7600,7405300,110.2391
2020-08-10,138.9800,138.9900,138.4100,138.4600,6137100,110.0008
2020-08-11,138.0000,138.0900,137.4900,137.5900,12870500,109.3096
2020-08-12,137.5000,137.7300,137.1000,137.2500,11902600,109.0394
2020-08-13,137.1500,137.2300,135.7500,136.0100,20754500,108.0543
2020-08-14,135.8500,136.1200,135.2800,135.4100,12409100,107.5776
2020-08-17,135.7500,135.9200,135.5700,135.6900,9522800,107.8001
2020-08-18,135.8600,136.2400,135.7400,136.0800,12198000,108.1099
2020-08-19,136.2800,136.3500,135.6000,135.7200,12168600,107.8239
2020-08-20,136.2400,136.3500,136.0200,136.2000,12065300,108.2052
2020-08-21,136.2800,136.4900,135.9800,136.4500,6353900,108.4038
2020-08-24,136.4600,136.6700,136.1200,136.2100,13093400,108.2132
2020-08-25,135.7100,136.0000,135.2300,135.6200,12191100,107.7445
2020-08-26,135.4000,135.6800,135.1300,135.6700,6259000,107.7842
2020-08-27,135.8600,135.8900,134.5600,134.5900,12251100,106.9261
2020-08-28,134.8300,135.0700,134.6200,135.0000,7907500,107.2519
2020-08-31,135.1200,135.7900,135.0600,135.6000,11874000,107.7286
2020-09-01,135.2500,136.2000,135.1000,136.1600,13289900,108.4093
2020-09-02,136.0500,136.8100,136.0000,136.7000,14236600,108.8393
2020-09-03,136.8700,136.9000,136.3300,136.4000,16452600,108.6004
2020-09-04,136.0100,136.1200,134.8700,134.9500,13177800,107.4459
2020-09-08,135.1400,135.4300,134.9900,135.0800,13932300,107.5494
2020-09-09,135.1100,135.6900,135.0100,135.1700,11640000,107.6211
2020-09-10,135.0500,135.4200,134.8800,135.2700,12624700,107.7007
2020-09-11,135.3300,135.6000,135.1800,135.3700,9773000,107.7803
2020-09-14,135.6000,135.9800,135.5800,135.7100,13896200,108.0510
2020-09-15,135.7400,135.9900,135.7300,135.8600,9388500,108.1705
2020-09-16,136.1700,136.2700,135.7600,135.9500,8868200,108.2421
2020-09-17,136.2700,136.3000,135.7900,135.9800,12190400,108.2659
2020-09-18,136.0600,136.1200,135.6900,135.7300,9968000,108.0670
2020-09-21,135.9700,135.9700,135.4700,135.6000,12081100,107.9635
2020-09-22,135.7100,135.8000,135.5200,135.6800,8295900,108.0271
2020-09-23,135.6600,135.7300,134.6200,134.7000,17759900,107.2469
2020-09-24,134.6800,134.8100,134.2300,134.3600,20595000,106.9762
2020-09-25,134.2800,134.4500,134.0400,134.2200,9793100,106.8647
2020-09-28,134.5200,134.9200,134.3900,134.9000,8579500,107.4061
2020-09-29,135.0600,135.1800,134.7100,134.7300,8428600,107.2707
2020-09-30,134.6500,134.7900,134.4200,134.7100,11634700,107.2548
2020-10-01,134.2600,134.9300,134.2100,134.7900,12642600,107.5533
2020-10-02,134.6600,134.8900,134.4000,134.8100,10829600,107.5692
2020-10-05,134.4900,134.7600,134.3200,134.3600,10078700,107.2102
2020-10-06,134.4500,134.9500,133.9500,134.2500,22370600,107.1224
2020-10-07,134.2600,134.7400,134.1100,134.2900,14745500,107.1543
2020-10-08,134.6600,134.8500,134.5100,134.6200,12101600,107.4176
2020-10-09,134.5200,134.9800,134.4500,134.9300,9979700,107.6650
2020-10-12,135.1100,135.7500,135.1000,135.7100,5465400,108.2873
2020-10-13,135.6700,135.7900,135.3900,135.5800,9228200,108.1836
2020-10-14,135.7900,135.9000,135.5000,135.7100,12994600,108.2873
2020-10-15,135.7000,135.7600,135.4900,135.5700,13255900,108.1757
2020-10-16,135.5100,135.8700,135.3200,135.3400,8742400,107.9921
2020-10-19,135.2500,135.3200,135.0100,135.0800,8634500,107.7847
2020-10-20,134.9800,135.0100,134.7700,134.8000,13413100,107.5613
2020-10-21,134.5900,134.8800,134.5400,134.5800,8890100,107.3857
2020-10-22,134.5000,134.5400,134.1600,134.2800,9661800,107.1463
2020-10-23,134.3100,134.7300,134.2900,134.6200,12010800,107.4176
2020-10-26,134.7800,135.0100,134.7200,134.9000,9776600,107.6410
2020-10-27,135.0700,135.4600,135.0100,135.4500,7023800,108.0799
2020-10-28,135.4100,135.4800,134.7400,134.7800,13578300,107.5453
2020-10-29,134.8000,134.8000,134.0800,134.4300,14744600,107.2660
2020-10-30,134.2700,134.5400,133.7200,133.7300,19875600,106.7074
2020-11-02,133.9600,134.2500,133.8800,133.9700,18496400,107.1257
2020-11-03,133.9100,134.1400,133.7800,134.1000,11661900,107.2297
2020-11-04,135.6100,136.2300,135.5600,136.1100,20019500,108.8368
2020-11-05,136.5400,136.8200,136.3500,136.6200,14349900,109.2446
2020-11-06,136.2700,136.3300,135.9400,136.1900,12029700,108.9008
2020-11-09,136.1900,136.3000,135.1400,135.1600,21273800,108.0772
2020-11-10,134.8200,135.3700,134.7700,134.8100,18849800,107.7973
2020-11-11,135.0000,135.0900,134.7100,135.0600,3763300,107.9973
2020-11-12,135.1800,135.6000,135.0700,135.6000,16891500,108.4291
2020-11-13,135.7700,135.9400,135.6200,135.7600,8256800,108.5570
2020-11-16,135.8000,136.2500,135.7300,136.2000,12742500,108.9088
2020-11-17,136.3900,136.7600,136.2600,136.6400,11832300,109.2607
2020-11-18,136.8400,137.0800,136.7800,136.9300,11878400,109.4926
2020-11-19,137.2000,137.8500,137.1100,137.6900,16107800,110.1003
2020-11-20,137.4000,137.7500,137.1700,137.5700,18308400,110.0043
2020-11-23,137.6700,137.8100,137.5500,137.7400,8648500,110.1403
2020-11-24,137.7000,137.7800,137.4000,137.4300,11204400,109.8924
2020-11-25,137.6000,137.6300,137.3800,137.5100,6709800,109.9563
2020-11-27,137.8200,138.0700,137.7500,138.0000,3404800,110.3481
2020-11-30,138.1000,138.5200,137.9500,138.4800,11856200,110.7320
2020-12-01,138.0500,138.2700,137.4800,137.6800,18933600,110.3121
2020-12-02,137.4600,137.5000,136.9800,137.2200,15637700,109.9435
2020-12-03,137.6500,138.0300,137.4800,137.7600,18888700,110.3762
2020-12-04,137.1400,137.3400,136.8400,137.0000,12521200,109.7673
2020-12-07,137.3400,137.4900,137.0700,137.1200,16697300,109.8635
2020-12-08,137.3700,137.4500,136.9000,136.9600,12797700,109.7353
2020-12-09,136.6000,136.6000,136.1200,136.4600,20824700,109.3346
2020-12-10,136.5700,137.1600,136.5600,137.1400,13527600,109.8795
2020-12-11,137.1400,137.3100,136.9200,137.2800,9023000,109.9916
2020-12-14,136.9800,137.3200,136.8700,137.1800,8004000,109.9115
2020-12-15,137.1700,137.4800,137.0900,137.4500,12254500,110.1278
2020-12-16,137.1700,137.6100,136.8800,137.3400,12326000,110.0397
2020-12-17,137.5200,137.5800,136.9700,137.2600,12338800,110.2003
2020-12-18,137.4800,137.5200,137.0100,137.1600,8781900,110.1200
2020-12-21,137.1300,137.1400,136.6700,136.8900,11925000,109.9033
2020-12-22,137.1900,137.2900,136.9900,137.2700,10226800,110.2083
2020-12-23,136.9200,137.3200,136.6500,137.3000,7553100,110.2324
2020-12-24,137.4800,137.8300,137.4800,137.7700,3397000,110.6098
2020-12-28,137.5700,137.9000,137.5000,137.8600,6279200,110.6820
2020-12-29,137.6100,137.9300,137.6000,137.9200,6581800,110.7302
2020-12-30,137.8900,138.1100,137.7900,138.1000,5343100,110.8747
2020-12-31,138.0400,138.2200,137.9600,138.1300,6932300,110.8988
2021-01-04,137.8900,137.8900,137.3800,137.4300,14891400,110.3368
2021-01-05,137.0600,137.0600,136.5500,136.9900,16294400,109.9836
2021-01-06,135.7800,135.9800,135.4000,135.8800,19136500,109.0923
2021-01-07,135.5600,135.9500,135.5400,135.8600,11886100,109.0763
2021-01-08,135.7800,135.8900,135.4500,135.7600,13341400,108.9960
2021-01-11,135.4900,135.4900,135.1700,135.1800,7557700,108.5303
2021-01-12,135.1100,135.5400,134.7400,135.4700,16766200,108.7632
2021-01-13,135.7600,136.6400,135.7300,136.5200,16490700,109.6062
2021-01-14,136.5500,136.6300,135.8400,135.9300,22050500,109.1325
2021-01-15,136.2400,136.5100,136.0400,136.1400,13680700,109.3011
2021-01-19,136.0900,136.4800,136.0500,136.3800,12807500,109.4938
2021-01-20,136.3500,136.5100,136.2700,136.3400,12218400,109.4617
2021-01-21,135.7700,135.9300,135.6000,135.8000,25084300,109.0281
2021-01-22,135.7600,135.9100,135.6000,135.7000,15998800,108.9479
2021-01-25,135.9500,136.3700,135.9300,136.2800,14603700,109.4135
2021-01-26,136.0200,136.4500,135.9600,136.2700,11926900,109.4055
2021-01-27,136.4200,136.4400,135.9800,136.0300,13822700,109.2128
2021-01-28,136.0400,136.1800,135.7600,135.8100,16896900,109.0361
2021-01-29,135.4200,135.9000,134.9600,135.6000,18131600,108.8676
2021-02-01,135.3700,135.7000,135.3100,135.6000,10682300,109.0824
2021-02-02,135.2100,135.3600,135.0400,135.2400,12710600,108.7928
2021-02-03,135.0000,135.0800,134.8700,134.9200,13189600,108.5353
2021-02-04,134.8100,135.2200,134.6300,135.1500,10689500,108.7203
2021-02-05,135.2400,135.3800,134.7200,134.7900,12016300,108.4308
2021-02-08,134.9300,135.4100,134.8700,135.3700,13460300,108.8973
2021-02-09,135.4700,135.4900,134.8800,135.1600,11755100,108.7284
2021-02-10,135.3800,135.5500,135.2900,135.4800,9414500,108.9858
2021-02-11,135.5400,135.5600,135.0400,135.1200,9241100,108.6962
2021-02-12,134.6100,134.9400,134.5700,134.6800,13717100,108.3423
2021-02-16,134.0200,134.2900,133.7100,133.7300,21429200,107.5780
2021-02-17,134.3400,134.4300,134.0300,134.4000,16195400,108.1170
2021-02-18,134.1300,134.3500,133.8400,134.1400,15414100,107.9078
2021-02-19,133.7900,133.9000,133.1500,133.1700,13678500,107.1275
2021-02-22,132.9400,133.2200,132.2500,132.3400,17978100,106.4598
2021-02-23,131.9100,132.4700,131.7600,132.4400,23482500,106.5403
2021-02-24,131.6400,132.6700,131.3500,132.6400,18120000,106.7012
2021-02-25,131.7300,131.9100,129.7800,130.5400,35471200,105.0118
2021-02-26,131.4400,132.3200,130.9900,132.2700,23284400,106.4036
2021-03-01,131.6400,132.1700,131.6400,132.1300,23890800,106.5075
2021-03-02,132.1000,132.1100,131.7700,131.9800,13633400,106.3866
2021-03-03,131.2900,131.8500,130.9400,131.0000,24043300,105.5967
2021-03-04,131.0500,131.1600,129.8100,129.9300,21771800,104.7341
2021-03-05,129.5900,129.9300,129.2700,129.7600,23789400,104.5971
2021-03-08,129.5300,129.6200,128.5300,128.5500,15029200,103.6217
2021-03-09,129.2100,129.6200,129.1600,129.5200,21900300,104.4036
2021-03-10,129.7100,130.2900,129.7100,130.1300,19440400,104.8954
2021-03-11,130.2900,130.5500,130.0600,130.2100,20622100,104.9599
2021-03-12,129.1300,129.2900,128.6600,128.7100,14352000,103.7507
2021-03-15,128.8300,129.2800,128.8300,129.1500,10111200,104.1054
2021-03-16,129.2100,129.3900,128.8700,129.0600,11356900,104.0329
2021-03-17,128.4800,129.4600,128.3100,129.1800,19086100,104.1296
2021-03-18,128.0100,128.6200,127.9100,128.4400,21368700,103.5331
2021-03-19,128.4300,128.7200,128.2400,128.6300,19776100,103.6862
2021-03-22,129.0600,129.4600,128.9300,129.0900,16677200,104.0570
2021-03-23,129.0900,129.5900,129.0900,129.4700,32228000,104.3633
2021-03-24,129.2100,129.9200,129.2100,129.8600,13435400,104.6777
2021-03-25,129.9300,130.0200,129.4500,129.7100,12945900,104.5568
2021-03-26,129.4500,129.8200,129.3300,129.6200,14315000,104.4843
2021-03-29,129.6700,129.7100,129.1100,129.3100,11279900,104.2344
2021-03-30,129.2600,129.7900,128.9800,129.7100,20219000,104.5568
2021-03-31,129.9100,130.3800,129.8300,130.0500,23764600,104.8309
2021-04-01,130.4600,130.6500,130.1500,130.6100,16390900,105.4883
2021-04-05,130.1900,130.3000,129.9200,129.9700,17015500,104.9714
2021-04-06,130.1600,130.8800,130.1600,130.8400,15762000,105.6741
2021-04-07,130.7900,130.9200,130.4100,130.5800,10976500,105.4641
2021-04-08,130.7500,131.0800,130.6700,131.0600,7452800,105.8517
2021-04-09,130.6400,131.1000,130.5400,130.7900,7568300,105.6337
2021-04-12,130.7000,130.7700,130.5200,130.7600,10579800,105.6094
2021-04-13,130.6100,131.3500,130.5600,131.3400,9582100,106.0779
2021-04-14,131.1600,131.2900,130.9400,131.1600,10219300,105.9325
2021-04-15,131.6600,132.3200,131.6500,131.9700,17234400,106.5867
2021-04-16,131.2800,131.6800,131.0500,131.0700,21100200,105.8598
2021-04-19,130.7800,130.9000,130.6300,130.7300,10868200,105.5852
2021-04-20,130.6900,131.1900,130.6500,130.9800,11996200,105.7872
2021-04-21,131.0600,131.4300,130.9000,131.4300,10473600,106.1506
2021-04-22,131.5500,131.6700,131.2600,131.5600,16487100,106.2556
2021-04-23,131.7200,131.8900,131.4900,131.6700,15170600,106.3444
2021-04-26,131.7000,131.8800,131.5900,131.6100,10915200,106.2960
2021-04-27,131.6000,131.6400,131.0200,131.0200,10418200,105.8194
2021-04-28,131.0100,131.1100,130.5800,131.0400,15731100,105.8356
2021-04-29,130.6700,130.9300,130.3600,130.8800,11697300,105.7064
2021-04-30,130.9600,131.2400,130.8700,131.1500,11860200,105.9244
2021-05-03,131.1300,131.4300,130.8700,131.2100,9029900,106.1793
2021-05-04,131.4800,131.6100,131.0900,131.2900,14006800,106.2441
2021-05-05,131.1200,131.5000,131.1200,131.4500,5722300,106.3736
2021-05-06,131.5000,131.7600,131.3700,131.7000,9383600,106.5759
2021-05-07,132.0800,132.3400,131.5300,131.7500,11267200,106.6163
2021-05-10,131.5200,131.7700,131.0300,131.0400,9705000,106.0417
2021-05-11,130.5400,130.7900,130.4200,130.5600,12179400,105.6534
2021-05-12,130.1300,130.3100,129.7800,129.8500,12569900,105.0788
2021-05-13,130.1300,130.5400,130.1300,130.3400,9508200,105.4753
2021-05-14,130.8200,131.0800,130.6700,131.0500,8987200,106.0499
2021-05-17,131.0500,131.0600,130.8200,130.9000,6001600,105.9285
2021-05-18,130.6700,130.7300,130.4500,130.4700,8835300,105.5805
2021-05-19,130.3600,130.6800,129.9800,130.2400,20069600,105.3944
2021-05-20,130.6400,131.1700,130.6400,131.1300,10498100,106.1146
2021-05-21,131.3200,131.4200,131.0900,131.2200,7826100,106.1875
2021-05-24,131.5000,131.6500,131.3600,131.5800,5756400,106.4787
2021-05-25,131.6800,132.1100,131.6600,132.0700,11428000,106.8753
2021-05-26,131.8800,132.1300,131.7400,132.0000,28568500,106.8186
2021-05-27,131.8100,131.8200,131.0200,131.6000,15033000,106.4949
2021-05-28,131.6900,132.0600,131.6600,131.7100,10432400,106.5840
2021-06-01,131.4400,131.5000,131.1100,131.4700,6390600,106.5978
2021-06-02,131.5600,131.7600,131.5500,131.6800,8140400,106.7680
2021-06-03,131.3000,131.3900,131.1300,131.1600,10028100,106.3464
2021-06-04,131.5900,132.1000,131.5400,132.0900,11427200,107.1005
2021-06-07,131.9700,132.0500,131.8600,131.9800,5000100,107.0112
2021-06-08,132.3200,132.5300,132.3200,132.4800,10626800,107.4167
2021-06-09,132.9800,133.1600,132.7800,132.9600,12152200,107.8059
2021-06-10,132.7400,133.5700,132.6400,133.5600,16424100,108.2923
2021-06-11,133.6700,133.8000,133.4300,133.6700,12707000,108.3815
2021-06-14,133.4900,133.5100,133.0000,133.1800,8327200,107.9843
2021-06-15,133.0600,133.3200,132.9600,133.2800,17848200,108.0653
2021-06-16,133.4400,133.7100,132.5300,132.9000,22698500,107.7572
2021-06-17,133.2200,134.2600,133.2200,133.6400,22735800,108.3572
2021-06-18,133.8900,134.5700,133.7700,134.3400,21169700,108.9248
2021-06-21,133.7500,133.9200,133.4700,133.5600,22492000,108.2923
2021-06-22,133.1300,133.7900,133.1100,133.7800,12098400,108.4707
2021-06-23,133.5900,133.8000,133.4500,133.5700,12519100,108.3004
2021-06-24,133.7000,133.8800,133.6400,133.8300,8241300,108.5112
2021-06-25,133.8400,133.9300,133.1400,133.4800,10981600,108.2275
2021-06-28,133.8000,134.1200,133.7600,134.0500,12359900,108.6897
2021-06-29,133.8100,134.2200,133.7700,134.2100,11194400,108.8194
2021-06-30,134.4300,134.6200,134.2700,134.3600,17381500,108.9410
2021-07-01,134.0500,134.1600,133.7400,133.9900,11062700,108.8460
2021-07-02,134.0300,134.3800,133.9500,134.3700,6896200,109.1547
2021-07-06,134.5300,135.1800,134.5300,134.8600,11499900,109.5527
2021-07-07,135.1300,135.5000,134.9800,135.3200,16902400,109.9264
2021-07-08,135.2700,135.6000,135.1600,135.3900,17494900,109.9832
2021-07-09,134.8000,134.8800,134.7200,134.8200,13192600,109.5202
2021-07-12,134.9500,135.0100,134.6500,134.7500,12577200,109.4634
2021-07-13,134.9000,134.9600,134.0300,134.2500,19922400,109.0571
2021-07-14,134.6300,134.9000,134.6200,134.8700,14420100,109.5608
2021-07-15,135.2200,135.2900,134.7700,135.1600,15859100,109.7964
2021-07-16,134.8000,135.1300,134.8000,134.9700,9624600,109.6421
2021-07-19,135.6500,136.0800,135.5900,135.9400,21808500,110.4300
2021-07-20,136.3700,136.5400,135.5700,135.7500,24764800,110.2757
2021-07-21,135.2400,135.4400,135.0300,135.2700,22385000,109.8858
2021-07-22,135.3800,135.9000,135.2700,135.8300,6074900,110.3407
2021-07-23,135.3000,135.7800,135.2500,135.7700,11455300,110.2920
2021-07-26,135.8900,135.8900,135.3800,135.4700,8684600,110.0483
2021-07-27,135.9400,136.0500,135.6700,136.0500,10506100,110.5194
2021-07-28,135.7600,136.3000,135.6300,136.2900,12225700,110.7144
2021-07-29,135.8800,136.0100,135.7700,135.9000,15828800,110.3975
2021-07-30,135.9600,136.1800,135.9300,136.0100,11148100,110.4869
2021-08-02,135.9200,136.5100,135.8500,136.1600,12042700,110.8067
2021-08-03,136.1900,136.4000,136.1400,136.3000,13121700,110.9207
2021-08-04,136.6200,136.7800,135.7200,136.3300,14426200,110.9450
2021-08-05,136.1100,136.1400,135.7400,135.7700,13960900,110.4894
2021-08-06,134.9900,135.1600,134.6400,134.6600,8641500,109.5861
2021-08-09,134.6900,134.8100,134.0800,134.0800,14166600,109.1140
2021-08-10,134.2400,134.2500,133.7800,133.7800,12103500,108.8698
2021-08-11,133.7800,134.3300,133.5700,133.9900,15902200,109.0408
2021-08-12,134.0000,134.2100,133.8700,134.1800,14593200,109.1954
2021-08-13,134.5100,135.1200,134.4000,135.0800,17846600,109.9278
2021-08-16,135.4100,135.6600,135.1300,135.1600,15203000,109.9929
2021-08-17,134.9400,135.1300,134.8200,134.9200,15055900,109.7976
2021-08-18,134.9300,135.1100,134.6000,134.8300,9134600,109.7243
2021-08-19,135.0400,135.2500,134.8400,135.1400,15681600,109.9766
2021-08-20,135.2900,135.3900,135.0500,135.2300,10782100,110.0499
2021-08-23,135.3300,135.4600,135.2000,135.3300,12064300,110.1313
2021-08-24,135.2000,135.3000,134.9100,135.0200,13782900,109.8790
2021-08-25,135.0200,135.1300,134.5100,134.6700,15533600,109.5941
2021-08-26,134.8300,134.8500,134.4500,134.6300,14673700,109.5616
2021-08-27,134.7800,135.4300,134.5700,135.3800,11670000,110.1719
2021-08-30,135.2500,135.6600,135.2200,135.6100,9119900,110.3591
2021-08-31,135.5700,135.7800,135.2000,135.3000,15644700,110.1069
2021-09-01,135.3300,135.3900,134.8800,135.2400,16028100,110.2487
2021-09-02,135.3700,135.4800,135.2000,135.4800,11822200,110.4444
2021-09-03,134.9100,135.0900,134.8200,134.9900,7681300,110.0449
2021-09-07,134.5000,134.5000,134.1200,134.3500,14271400,109.5231
2021-09-08,134.5800,134.8800,134.4000,134.7800,16045000,109.8737
2021-09-09,134.9600,135.7300,134.8400,135.6600,18014200,110.5911
2021-09-10,135.5200,135.6000,135.0900,135.2700,10776600,110.2732
2021-09-13,135.5700,135.7800,135.5400,135.6000,13159800,110.5422
2021-09-14,135.7700,136.2600,135.6800,136.0100,16550300,110.8764
2021-09-15,135.9600,136.0000,135.6400,135.8500,14194400,110.7460
2021-09-16,135.4500,135.7400,135.3700,135.6600,16282400,110.5911
2021-09-17,135.2900,135.4000,135.1000,135.3600,15769600,110.3465
2021-09-20,135.3800,135.8300,135.3800,135.7800,17519900,110.6889
2021-09-21,135.8000,135.8900,135.6700,135.7700,15834600,110.6808
2021-09-22,135.7800,136.2100,135.6300,136.1500,15898200,110.9905
2021-09-23,135.7100,135.7100,135.0000,135.2100,14735500,110.2243
2021-09-24,135.0600,135.1500,134.7800,134.9200,10797300,109.9878
2021-09-27,134.6300,134.9600,134.5400,134.8500,13104100,109.9308
2021-09-28,134.0500,134.0500,133.3900,133.4100,19987200,108.7569
2021-09-29,133.7800,134.0700,133.2500,133.3800,14956300,108.7324
2021-09-30,133.3100,133.3800,132.9700,133.0300,21397100,108.4471
2021-10-01,133.2300,133.9400,133.1800,133.7400,21381400,109.2353
2021-10-04,133.4300,133.6700,133.2500,133.5200,12931100,109.0556
2021-10-05,133.4000,133.5100,132.9700,132.9700,14635200,108.6064
2021-10-06,133.0000,133.1300,132.7800,133.0100,13855500,108.6390
2021-10-07,132.7200,132.8200,132.3800,132.4200,15805500,108.1572
2021-10-08,132.2800,132.3100,131.7100,131.8100,9079400,107.6589
2021-10-11,131.5800,131.8400,131.5400,131.5600,4337000,107.4547
2021-10-12,132.0900,132.4500,131.8400,132.4000,19870400,108.1408
2021-10-13,132.6100,133.1100,132.5600,133.0700,18260300,108.6880
2021-10-14,133.3100,133.7000,133.2200,133.7000,15870000,109.2026
2021-10-15,133.2100,133.2800,133.0000,133.2200,13131700,108.8106
2021-10-18,133.0000,133.2900,132.7100,133.1100,11530300,108.7207
2021-10-19,132.7800,132.8300,132.3800,132.3800,12213200,108.1245
2021-10-20,132.3100,132.5100,132.0300,132.0600,13810200,107.8631
2021-10-21,132.0000,132.0600,131.6600,131.7800,13131000,107.6344
2021-10-22,132.0900,132.4400,131.9800,132.3100,13735100,108.0673
2021-10-25,132.3000,132.6400,132.2600,132.3700,8206800,108.1163
2021-10-26,132.7200,132.9600,132.4000,132.9400,10100600,108.5819
2021-10-27,133.5300,134.0600,133.2400,133.7500,15928300,109.2435
2021-10-28,133.7100,133.8800,133.2900,133.5500,18514400,109.0801
2021-10-29,133.0100,133.7200,132.9500,133.4800,17367800,109.0229
2021-11-01,132.6100,133.0700,132.6100,132.9800,11894200,108.8281
2021-11-02,132.9800,133.5700,132.9800,133.4900,18047600,109.2455
2021-11-03,133.6300,133.7400,132.9100,133.1500,11847700,108.9673
2021-11-04,133.3000,134.0300,133.3000,133.8500,20135500,109.5402
2021-11-05,134.3400,135.0000,134.2200,134.8300,15840400,110.3421
2021-11-08,134.6900,134.7100,134.3400,134.5200,8494200,110.0885
2021-11-09,135.2100,135.3100,134.8600,134.8800,18075300,110.3831
2021-11-10,134.6700,134.6900,133.2500,133.5000,23397300,109.2537
2021-11-11,133.5400,133.6800,133.0500,133.1200,6168900,108.9427
2021-11-12,133.3000,133.4200,132.7900,132.9800,11897100,108.8281
2021-11-15,132.8500,132.9000,131.9600,131.9700,12353400,108.0016
2021-11-16,131.8900,132.3500,131.6800,131.7500,18709500,107.8215
2021-11-17,131.6000,132.3200,131.4900,132.2800,14541100,108.2553
2021-11-18,132.1900,132.6900,132.1900,132.5800,14086100,108.5008
2021-11-19,132.9000,133.2100,132.8900,133.0800,17682900,108.9099
2021-11-22,132.5500,132.7600,131.8700,131.9200,13745400,107.9607
2021-11-23,131.6100,131.7000,130.9800,130.9800,10986900,107.1914
2021-11-24,130.9600,131.6300,130.8100,131.6100,14019900,107.7070
2021-11-26,132.0200,132.7400,131.8100,132.6800,14399300,108.5826
2021-11-29,132.1400,132.8700,132.0500,132.7700,21231700,108.6563
2021-11-30,133.2300,133.7300,132.7700,133.0600,28873400,108.8936
2021-12-01,132.7700,132.9600,132.3500,132.8400,18070800,108.9092
2021-12-02,132.8700,133.2300,132.6000,133.1500,17305900,109.1634
2021-12-03,133.1200,134.5600,133.0700,134.2600,25739900,110.0734
2021-12-06,134.2100,134.2400,133.5100,133.5800,25332000,109.5159
2021-12-07,133.6400,134.0700,133.4800,133.6400,17338200,109.5651
2021-12-08,133.3000,133.3600,132.5400,132.7500,17408000,108.8354
2021-12-09,132.9400,133.1600,132.5900,132.6400,12348300,108.7452
2021-12-10,133.2900,133.3300,132.7300,132.7900,12792300,108.8682
2021-12-13,133.3200,133.7000,133.2800,133.3900,10264200,109.3601
2021-12-14,133.0300,133.1700,132.6100,132.7900,17725400,108.8682
2021-12-15,132.3700,133.0300,132.3200,132.9600,20585100,109.0076
2021-12-16,132.7800,133.1000,132.5200,132.7000,9750200,109.0043
2021-12-17,132.8500,133.1400,132.8500,133.0100,8753100,109.2589
2021-12-20,132.7700,132.9100,132.3500,132.4300,12931400,108.7825
2021-12-21,131.4800,132.7000,131.4800,132.6900,12933300,108.9961
2021-12-22,132.8700,132.9100,132.5600,132.9000,7850800,109.1686
2021-12-23,132.7700,132.8200,132.4200,132.7000,8401200,109.0043
2021-12-27,132.7400,133.2000,132.6800,133.0900,8744200,109.3247
2021-12-28,133.3600,133.4100,132.7500,132.9200,6864300,109.1850
2021-12-29,132.3800,132.5100,132.0000,132.1900,7263000,108.5853
2021-12-30,132.3800,132.7500,132.1000,132.7200,5566900,109.0207
2021-12-31,132.7300,133.0300,132.4500,132.5200,8514500,108.8564
2022-01-03,131.7800,131.7900,131.1100,131.1100,18199400,107.6982
2022-01-04,130.9400,131.2400,130.6900,131.2200,18748000,107.7886
2022-01-05,131.4800,131.4800,130.4200,130.4500,16107500,107.1561
2022-01-06,130.1800,130.4800,130.0000,130.2800,19336300,107.0164
2022-01-07,130.1100,130.2000,129.4700,129.7200,17750800,106.5564
2022-01-10,129.4000,129.6800,129.0300,129.6000,14253400,106.4579
2022-01-11,129.6100,130.0700,129.4800,129.9900,17231000,106.7782
2022-01-12,130.2300,130.3800,129.8900,129.9000,12733100,106.7043
2022-01-13,130.1100,130.3200,129.6900,130.3100,13468500,107.0411
2022-01-14,129.7100,129.7300,129.1000,129.1600,14308300,106.0964
2022-01-18,128.4200,128.4900,127.8700,127.9300,15266600,105.0860
2022-01-19,128.2700,128.6900,128.1000,128.1300,16057900,105.2503
2022-01-20,128.2900,128.5000,127.9300,128.0600,22915800,105.1928
2022-01-21,128.6800,129.1100,128.6200,128.9000,21504700,105.8829
2022-01-24,128.9400,129.0000,128.4100,128.5000,22567100,105.5543
2022-01-25,128.4800,128.7900,128.0900,128.1400,17247300,105.2585
2022-01-26,128.4800,128.6200,127.1500,127.2700,23220800,104.5439
2022-01-27,127.7100,128.0600,127.3200,127.5600,22292800,104.7821
2022-01-28,126.8600,127.7500,126.8500,127.7000,21294200,104.8971
2022-01-31,127.5400,127.8800,127.2600,127.7600,20325100,104.9464
2022-02-01,127.5900,127.8200,127.0500,127.7300,17587300,105.1209
2022-02-02,127.9400,128.3000,127.6100,127.7400,22644800,105.1291
2022-02-03,126.8200,126.9300,126.4600,126.7100,23396800,104.2814
2022-02-04,125.6800,125.8000,125.1100,125.4500,26115800,103.2444
2022-02-07,125.3300,125.8100,125.2000,125.6800,12756600,103.4337
2022-02-08,125.5400,125.6800,125.2100,125.2100,22126100,103.0469
2022-02-09,125.7200,126.0800,125.6000,125.6300,19616400,103.3926
2022-02-10,124.9600,125.1900,123.9000,123.9200,39583900,101.9853
2022-02-11,124.1900,124.9600,123.7000,124.8400,21553500,102.7425
2022-02-14,124.1500,124.3000,123.6600,123.7300,22793600,101.8289
2022-02-15,123.5900,123.8500,123.1100,123.1100,15673700,101.3186
2022-02-16,123.4700,123.4900,122.6200,123.2900,27148800,101.4668
2022-02-17,123.4400,123.7700,123.0900,123.3800,24384600,101.5409
2022-02-18,123.7600,124.1400,123.2600,123.6800,19233800,101.7878
2022-02-22,123.2500,123.5300,123.1200,123.5200,18011000,101.6561
2022-02-23,123.2300,123.3500,122.3700,122.4000,16579900,100.7343
2022-02-24,122.4700,123.0800,122.2200,122.9800,29245000,101.2117
2022-02-25,123.3200,124.0800,123.0200,123.4800,19073700,101.6231
2022-02-28,123.9400,125.0000,123.9400,124.8000,23474500,102.7095
2022-03-01,124.8400,125.8400,124.8000,124.9700,28504600,103.0608
2022-03-02,124.1300,124.3000,123.0400,123.0700,24849900,101.4939
2022-03-03,123.5300,123.8600,123.2400,123.5200,14144600,101.8651
2022-03-04,124.3300,124.4500,123.5700,123.6400,17402800,101.9640
2022-03-07,122.8900,123.2900,122.0000,122.1400,16164900,100.7270
2022-03-08,121.3200,121.8300,120.8100,121.4100,20045200,100.1249
2022-03-09,121.5600,122.0000,121.4200,121.6200,27652200,100.2981
2022-03-10,120.8800,120.9300,119.7900,120.2300,34185900,99.1518
2022-03-11,120.3000,120.4200,120.0700,120.1800,20701300,99.1106
2022-03-14,119.1100,119.5700,118.4000,118.4400,18624900,97.6756
2022-03-15,119.0100,119.4700,118.8200,119.3700,24022000,98.4426
2022-03-16,119.9000,120.4500,118.6700,120.3900,32561800,99.2838
2022-03-17,121.0100,121.8800,120.8300,121.5700,23878300,100.2569
2022-03-18,121.1500,121.9900,121.1500,121.8100,21675100,100.4548
2022-03-21,120.8900,121.1600,119.9600,120.1200,17919300,99.0611
2022-03-22,119.7400,119.9900,119.5900,119.8300,16780900,98.8220
2022-03-23,120.0500,120.3300,119.6500,120.1700,16949300,99.1024
2022-03-24,119.4000,120.4000,118.8400,120.2200,20466500,99.1436
2022-03-25,119.7800,119.8100,118.8400,119.2700,23247400,98.3601
2022-03-28,119.4800,120.1200,119.3300,119.9300,18691100,98.9044
2022-03-29,120.5500,121.0100,120.2900,120.9400,23812400,99.7374
2022-03-30,120.4900,121.3500,120.4300,121.2200,17696700,99.9683
2022-03-31,121.2700,121.5600,120.7200,120.9400,19905200,99.7374
2022-04-01,120.0600,121.4000,119.9500,121.0900,16506800,100.0721
2022-04-04,121.1700,121.5500,120.7800,121.5100,19647900,100.4191
2022-04-05,121.1400,121.1900,119.3600,119.3800,22750400,98.6589
2022-04-06,118.1100,119.2400,117.8000,118.6800,25447400,98.0804
2022-04-07,118.5300,118.6200,117.9100,118.1300,21292700,97.6258
2022-04-08,117.2500,117.5600,116.8500,117.2000,16072800,96.8573
2022-04-11,116.5000,116.5900,115.7800,116.0600,20685500,95.9151
2022-04-12,116.8400,117.1700,116.1300,116.1400,25029100,95.9812
2022-04-13,116.1500,116.8100,116.1000,116.7400,21276200,96.4771
2022-04-14,116.6700,116.7000,115.2700,115.3800,19717700,95.3532
2022-04-18,115.1400,115.3300,114.3900,114.5000,16576000,94.6259
2022-04-19,113.9300,114.1700,113.5200,113.5900,19775400,93.8739
2022-04-20,114.3300,115.0900,114.3100,114.7700,21119400,94.8490
2022-04-21,114.5000,114.5800,113.2200,113.5500,25288700,93.8408
2022-04-22,113.1100,113.7100,112.8100,113.4200,19927300,93.7333
2022-04-25,114.0300,114.8600,114.0200,114.6800,22261500,94.7747
2022-04-26,115.2400,115.2700,114.4800,114.6200,22695300,94.7251
2022-04-27,114.4000,114.8100,113.4700,113.5200,19426200,93.8160
2022-04-28,113.2700,113.8700,113.0200,113.8600,19645500,94.0970
2022-04-29,112.9100,113.5200,112.3800,112.6000,20257300,93.0557
2022-05-02,111.6900,111.9200,111.3000,111.6800,17184100,92.5041
2022-05-03,112.7800,113.3400,112.2900,112.4000,20914600,93.1004
2022-05-04,112.3900,113.8600,111.7800,113.5000,34240700,94.0115
2022-05-05,112.4400,112.4900,110.8900,111.7600,34356900,92.5703
2022-05-06,110.8500,111.5200,110.6600,110.8100,15550400,91.7834
2022-05-09,110.4200,111.3200,110.1900,111.2000,17185900,92.1064
2022-05-10,112.0800,112.3600,111.5700,111.6700,25650800,92.4958
2022-05-11,111.2000,112.4600,111.0400,112.1900,25053500,92.9264
2022-05-12,112.4600,112.8800,112.1600,112.2400,22156400,92.9679
2022-05-13,112.0700,112.1600,111.4200,111.6500,16107900,92.4792
2022-05-16,111.8500,112.3100,111.7400,111.8000,11980500,92.6034
2022-05-17,111.1700,111.4000,110.9500,111.1600,16562600,92.0733
2022-05-18,110.8900,111.6200,110.8900,111.5700,16146400,92.4129
2022-05-19,112.2700,112.6200,111.7100,111.8700,21212500,92.6614
2022-05-20,112.1800,112.4600,111.9800,112.4200,13906700,93.1170
2022-05-23,112.0700,112.5100,111.7800,112.0200,14892400,92.7857
2022-05-24,112.4900,113.6100,112.4100,113.4900,17210400,94.0032
2022-05-25,114.0200,114.6800,113.9200,114.6600,25637000,94.9724
2022-05-26,114.8300,115.2700,114.4300,114.6900,34022300,94.9972
2022-05-27,115.1700,115.6600,114.8700,115.2900,9246100,95.4942
2022-05-31,114.2600,114.6600,113.7100,114.4400,20336900,94.7902
2022-06-01,114.6600,114.9000,113.0900,113.5000,22403900,94.2372
2022-06-02,113.6600,113.7900,112.8900,113.5500,14823300,94.2787
2022-06-03,112.7400,113.2000,112.7400,113.1900,11440900,93.9798
2022-06-06,113.1100,113.1900,112.3100,112.3900,12213900,93.3156
2022-06-07,112.6900,113.2900,112.6100,112.9900,11291400,93.8137
2022-06-08,112.7600,113.0900,112.3300,112.3400,13730800,93.2740
2022-06-09,112.0600,112.3400,111.5400,111.6000,24846700,92.6596
2022-06-10,111.0100,111.1400,109.8600,110.5200,36297900,91.7629
2022-06-13,108.3700,108.8500,107.1000,107.9700,34771900,89.6457
2022-06-14,108.4600,108.8200,107.1600,107.4100,27320800,89.1807
2022-06-15,108.6600,109.1900,107.7400,109.0900,31581500,90.5756
2022-06-16,107.5900,109.4800,107.2900,109.2100,30588300,90.6753
2022-06-17,109.5200,109.7100,108.7700,109.4300,17319600,90.8579
2022-06-21,108.9400,109.4200,108.2100,108.3300,17031500,89.9446
2022-06-22,109.4600,109.6700,109.0600,109.1200,18943300,90.6006
2022-06-23,109.6400,110.8200,109.5900,109.9600,30742100,91.2980
2022-06-24,109.8800,110.6700,109.8500,110.0900,18668900,91.4059
2022-06-27,109.4800,109.7100,109.0200,109.0800,20847000,90.5673
2022-06-28,108.9000,109.1100,108.5200,109.0500,18998400,90.5424
2022-06-29,109.1000,109.7100,109.0200,109.7000,10747100,91.0821
2022-06-30,109.7700,110.9000,109.7700,110.0300,16570800,91.3561
2022-07-01,110.6600,111.4600,110.4700,111.1200,20179400,92.5108
2022-07-05,111.2000,111.3000,110.8400,111.0900,16728000,92.4858
2022-07-06,111.4100,111.5800,110.4300,110.5400,17291300,92.0280
2022-07-07,110.9600,111.1400,110.3300,110.5300,15165800,92.0196
2022-07-08,110.1200,110.4100,109.9500,110.3500,14384500,91.8698
2022-07-11,110.8200,111.1600,110.5000,110.6600,9456900,92.1279
2022-07-12,111.1100,111.5800,110.7800,110.8200,18053600,92.2610
2022-07-13,109.7200,111.7800,109.7100,111.6500,25657200,92.9520
2022-07-14,110.4400,111.2200,110.0900,110.9400,22978600,92.3610
2022-07-15,110.8600,112.0500,110.8600,111.8300,15192500,93.1019
2022-07-18,111.6600,111.6700,110.9700,111.0500,15665500,92.4525
2022-07-19,111.2100,111.4700,110.8200,111.3600,15414500,92.7106
2022-07-20,111.8500,111.9400,111.1600,111.2400,9888100,92.6107
2022-07-21,111.5100,112.7700,111.5100,112.7600,25141900,93.8762
2022-07-22,113.7100,114.2400,113.1400,113.6300,16062400,94.6004
2022-07-25,112.8400,113.0100,112.4000,112.6700,25656700,93.8012
2022-07-26,113.0100,113.1200,112.6000,112.6500,18514600,93.7846
2022-07-27,113.1600,114.0500,113.1300,113.4000,16995200,94.4090
2022-07-28,114.2300,114.5100,113.9900,114.3400,17266700,95.1916
2022-07-29,114.2800,115.0800,114.1400,114.6100,14914000,95.4164
2022-08-01,114.3800,114.9100,114.2600,114.5600,18348900,95.6049
2022-08-02,114.5300,114.6800,113.0700,113.1600,22706500,94.4366
2022-08-03,113.2300,114.4200,112.8700,114.3900,19416500,95.4631
2022-08-04,114.2600,114.6300,113.9100,114.5700,22451000,95.6133
2022-08-05,112.9500,113.1000,112.3100,113.0200,15893400,94.3198
2022-08-08,113.5800,113.9400,113.4100,113.4700,11889800,94.6953
2022-08-09,113.0200,113.2100,112.8300,112.9600,17809000,94.2697
2022-08-10,113.5600,114.3100,113.5400,114.0300,25548100,95.1626
2022-08-11,114.4700,114.9800,112.8800,112.9300,24970100,94.2447
2022-08-12,113.5400,114.2600,113.2700,114.2400,16542900,95.3379
2022-08-15,114.4400,114.6100,114.1400,114.1600,10750200,95.2711
2022-08-16,113.8100,113.8700,113.1300,113.7200,15328900,94.9039
2022-08-17,112.9600,113.1800,112.4000,112.6500,20836800,94.0110
2022-08-18,113.0100,113.3200,112.8800,112.9400,13914300,94.2530
2022-08-19,111.9400,111.9400,111.3500,111.6000,17996700,93.1347
2022-08-22,111.2900,111.3000,110.7300,110.8500,10208500,92.5088
2022-08-23,110.7200,111.4900,110.6100,110.9700,14517700,92.6089
2022-08-24,110.7300,110.8000,110.4300,110.6400,14441000,92.3335
2022-08-25,111.2300,112.0400,110.7500,111.7800,33579200,93.2849
2022-08-26,111.4500,111.7400,111.0100,111.1100,13942300,92.7258
2022-08-29,110.6200,110.6200,110.1500,110.2900,18371900,92.0414
2022-08-30,110.5800,110.8000,109.8500,110.4300,19251300,92.1583
2022-08-31,110.2000,110.3700,109.2100,109.2700,19484300,91.1902
2022-09-01,108.1900,108.4200,107.3500,108.3100,26706500,90.6413
2022-09-02,108.8500,109.2500,108.3800,108.3900,14458700,90.7082
2022-09-06,107.8600,107.9400,106.9200,106.9200,16455700,89.4780
2022-09-07,107.4100,108.4900,107.3900,108.3800,21874300,90.6998
2022-09-08,108.3400,108.6700,108.0500,108.1300,16871100,90.4906
2022-09-09,108.5500,108.9900,108.3500,108.3800,11911700,90.6998
2022-09-12,108.8000,109.0200,107.9200,108.1400,11084600,90.4990
2022-09-13,107.0600,107.5200,106.9100,107.3600,19563400,89.8462
2022-09-14,107.3300,108.0600,107.3000,107.8700,19360500,90.2730
2022-09-15,107.6200,107.7600,107.2000,107.3500,12947800,89.8378
2022-09-16,106.7500,108.1600,106.7300,107.1000,13980900,89.6286
2022-09-19,106.6200,107.3900,106.5300,107.2800,13679600,89.7793
2022-09-20,106.3400,106.6500,106.0600,106.2100,30310500,88.8838
2022-09-21,106.6300,106.9000,105.6000,106.6100,23883200,89.2185
2022-09-22,105.6200,105.6300,104.8100,105.1100,20982600,87.9632
2022-09-23,104.8800,105.0700,104.3300,104.8100,18671200,87.7122
2022-09-26,104.3900,104.5900,102.9400,102.9900,27606500,86.1891
2022-09-27,103.0600,103.2700,101.4000,101.4400,34683500,84.8920
2022-09-28,102.4900,103.5700,102.2700,103.4800,39921300,86.5992
2022-09-29,102.5200,102.7800,101.7400,102.7100,30873000,85.9548
2022-09-30,103.0600,103.5700,102.4400,102.4500,24058300,85.7372
2022-10-03,103.6100,104.8400,103.3900,104.0000,27200900,87.3233
2022-10-04,104.8100,105.1200,104.3600,104.4800,21918800,87.7263
2022-10-05,103.6700,103.8900,102.9500,103.6900,24999500,87.0630
2022-10-06,103.6800,103.9400,103.2000,103.4500,22017200,86.8615
2022-10-07,102.8400,102.9100,102.3700,102.4200,20895500,85.9966
2022-10-10,102.3900,102.4500,101.0900,101.5000,6179400,85.2242
2022-10-11,101.7700,102.1700,101.0400,101.2900,30332900,85.0478
2022-10-12,101.1700,101.4800,100.8300,101.1700,18941200,84.9471
2022-10-13,99.2000,101.6400,99.1800,101.3500,20727700,85.0982
2022-10-14,101.9900,101.9900,100.2700,100.3800,20681900,84.2838
2022-10-17,101.2600,101.6700,100.7900,100.8600,16585700,84.6868
2022-10-18,101.4700,101.6100,100.5100,101.4600,23532600,85.1906
2022-10-19,100.5400,100.8400,99.9400,100.0700,16461800,84.0235
2022-10-20,99.8200,100.3700,99.1000,99.2000,21437300,83.2930
2022-10-21,98.7300,99.6400,98.4100,99.4800,18871700,83.5281
2022-10-24,99.3800,99.9800,98.8300,99.4300,16517100,83.4861
2022-10-25,100.2900,101.1900,100.2900,100.7600,23143100,84.6028
2022-10-26,101.0100,101.7200,100.9100,101.2200,22201400,84.9891
2022-10-27,101.5700,102.0900,101.2000,101.6900,21002900,85.3837
2022-10-28,101.2900,102.0500,101.2400,101.9000,19532300,85.5600
2022-10-31,101.5400,101.6800,100.9700,101.3500,21884100,85.0982
2022-11-01,102.1000,102.1900,101.1900,101.7700,26415300,85.7105
2022-11-02,101.9100,102.9200,101.0200,101.2800,23174200,85.2978
2022-11-03,100.3300,101.1800,100.0100,100.9200,52723900,84.9946
2022-11-04,101.2100,101.5500,100.6600,101.1200,16698200,85.1631
2022-11-07,101.1700,101.2300,100.5400,100.7500,13428300,84.8515
2022-11-08,101.0000,101.4900,100.8500,101.1700,19206000,85.2052
2022-11-09,100.8600,101.4200,100.6500,100.9100,12204000,84.9862
2022-11-10,103.1000,104.3900,103.0700,104.2900,28447600,87.8328
2022-11-11,104.1200,104.7400,103.9800,104.5700,8578600,88.0686
2022-11-14,104.2100,104.4500,104.0100,104.0400,22576600,87.6223
2022-11-15,105.1200,105.5300,104.8200,105.4900,25504400,88.8435
2022-11-16,105.8000,106.6000,105.5800,106.3900,24648800,89.6015
2022-11-17,105.5200,105.9100,105.2200,105.8200,24106600,89.1214
2022-11-18,106.1300,106.2900,105.6100,105.8100,14214100,89.1130
2022-11-21,106.2000,106.3600,105.6400,105.6500,9664100,88.9782
2022-11-22,106.1900,106.7300,106.0600,106.5900,15050400,89.7699
2022-11-23,106.9600,107.7000,106.9200,107.6600,12511500,90.6711
2022-11-25,107.7200,107.7900,107.5000,107.7700,4413900,90.7637
2022-11-28,107.8500,107.8800,106.8900,106.9900,18815800,90.1068
2022-11-29,106.5100,106.8100,106.2400,106.4600,23040000,89.6604
2022-11-30,106.4000,107.7800,105.9900,107.7600,20930100,90.7553
2022-12-01,107.9200,108.8100,107.6100,108.7600,30830200,91.8908
2022-12-02,108.0000,109.4200,107.7900,109.4200,16908900,92.4485
2022-12-05,108.7100,108.7100,108.0200,108.4900,19612000,91.6627
2022-12-06,108.8700,108.9800,108.5300,108.8200,18220800,91.9415
2022-12-07,109.3900,110.0800,109.2800,110.0300,22116700,92.9638
2022-12-08,109.7400,110.0300,109.4100,109.6800,18285600,92.6681
2022-12-09,109.3000,109.4000,108.8200,108.8600,15568800,91.9753
2022-12-12,109.6200,109.7400,108.6500,108.7200,13988400,91.8570
2022-12-13,110.7600,110.8900,109.4800,109.6700,19976000,92.6597
2022-12-14,109.6600,109.9300,108.7700,109.7700,19894900,92.7442
2022-12-15,109.5300,109.7200,109.1600,109.5300,16931200,92.8221
2022-12-16,108.4800,109.2000,108.4800,109.0600,16643900,92.4238
2022-12-19,108.4300,108.4500,107.7000,107.9600,14746200,91.4916
2022-12-20,106.9300,107.0200,106.5200,106.6900,18678000,90.4154
2022-12-21,107.3700,107.5200,107.0100,107.4200,15087800,91.0340
2022-12-22,107.3700,107.5400,107.1400,107.3900,13957300,91.0085
2022-12-23,106.9600,107.3100,106.8300,107.0600,5992400,90.7289
2022-12-27,106.3200,106.5400,105.6400,105.6800,10456200,89.5594
2022-12-28,106.0700,106.2300,105.3500,105.3500,10050900,89.2798
2022-12-29,105.7300,106.1400,105.6600,106.1000,14253300,89.9154
2022-12-30,105.8100,105.9400,105.1700,105.4300,8528200,89.3475
2023-01-03,106.9500,106.9900,105.8500,106.1600,15589800,89.9662
2023-01-04,107.0300,107.1000,106.5200,106.9300,13951700,90.6187
2023-01-05,106.0900,106.9600,106.0900,106.8500,9848100,90.5509
2023-01-06,107.0300,108.7700,106.8900,108.6000,20695600,92.0340
2023-01-09,108.4400,109.2900,108.3400,109.0300,20449600,92.3984
2023-01-10,108.5100,108.8300,108.2500,108.6600,19225200,92.0848
2023-01-11,109.3200,109.6400,109.1700,109.5900,19541700,92.8729
2023-01-12,109.8800,110.8500,109.2400,110.8300,18372500,93.9238
2023-01-13,110.4500,110.8900,110.3100,110.4700,21077700,93.6187
2023-01-17,110.0100,110.4100,109.9200,110.0700,20745100,93.2797
2023-01-18,111.6800,111.9500,110.8700,111.3600,27794600,94.3729
2023-01-19,110.8700,111.2300,110.7600,111.1300,18085800,94.1780
2023-01-20,110.5800,110.6800,110.1200,110.5500,15440000,93.6865
2023-01-23,110.1500,110.5200,110.0800,110.2300,18814700,93.4154
2023-01-24,110.2900,110.9400,109.9200,110.8100,12419700,93.9068
2023-01-25,110.7100,110.9600,110.3300,110.8600,15450000,93.9492
2023-01-26,110.9300,111.0800,110.3700,110.8200,13250300,93.9153
2023-01-27,110.3700,110.6600,110.2800,110.5000,8924900,93.6442
2023-01-30,110.1600,110.6200,110.0100,110.0800,20019800,93.2882
2023-01-31,110.6700,110.9700,110.0800,110.8700,27212200,93.9577
2023-02-01,110.8700,111.9000,110.2800,111.6500,29127300,94.9115
2023-02-02,112.3600,112.5100,111.7000,111.8100,18958900,95.0475
2023-02-03,110.7000,110.9000,110.2900,110.5400,16053900,93.9679
2023-02-06,109.9800,110.0100,109.6200,109.6900,18455400,93.2454
2023-02-07,109.5000,110.1200,109.1900,109.3300,25191300,92.9393
2023-02-08,109.4300,109.6400,108.9500,109.4400,16484400,93.0328
2023-02-09,109.9600,109.9700,108.4600,108.5200,21637500,92.2508
2023-02-10,108.3800,108.4500,107.7200,107.7600,16092100,91.6047
2023-02-13,107.8600,108.1600,107.7700,108.1600,32223500,91.9447
2023-02-14,108.1100,108.3500,107.2200,107.8900,31922200,91.7152
2023-02-15,107.7200,107.7900,107.2100,107.4800,24279600,91.3667
2023-02-16,106.9600,107.1800,106.5600,106.6200,27909900,90.6356
2023-02-17,106.2700,107.0400,106.2200,107.0400,18528900,90.9926
2023-02-21,106.1800,106.2500,105.4800,105.5200,21136000,89.7005
2023-02-22,105.9400,106.2700,105.7700,105.8200,20971700,89.9556
2023-02-23,106.1300,106.6900,106.0500,106.6500,21144600,90.6611
2023-02-24,105.8500,106.0500,105.5800,105.8500,26721100,89.9810
2023-02-27,106.1300,106.2900,105.8000,105.8800,19660700,90.0066
2023-02-28,105.4400,106.0000,105.2700,105.9200,18239100,90.0406
2023-03-01,105.2600,105.3600,104.7600,104.8900,27249600,89.4792
2023-03-02,104.4300,104.9800,104.3300,104.9800,23715100,89.5560
2023-03-03,105.6100,106.2300,105.4400,106.1700,27316900,90.5712
2023-03-06,106.5000,106.5400,105.8200,105.8800,14688600,90.3238
2023-03-07,106.0900,106.2000,105.3400,105.5800,22431700,90.0679
2023-03-08,105.9000,106.1700,105.1500,105.4100,29396500,89.9228
2023-03-09,105.4900,105.8300,105.1600,105.3100,24552400,89.8375
2023-03-10,106.5000,107.1400,106.2500,106.8200,36906000,91.1257
2023-03-13,107.4100,108.2600,106.4800,106.9100,47445400,91.2024
2023-03-14,106.8400,107.5700,106.4300,106.5900,49782100,90.9295
2023-03-15,107.3000,108.1000,106.9900,107.6100,50591500,91.7996
2023-03-16,108.0600,108.3000,107.1300,107.4500,37961900,91.6631
2023-03-17,107.7800,108.4200,107.6100,107.9900,32011600,92.1237
2023-03-20,108.0800,108.2800,107.5600,107.6700,24035100,91.8508
2023-03-21,108.1200,108.2500,107.7000,108.1900,29109400,92.2944
2023-03-22,108.1100,109.5900,107.8100,108.8200,31434700,92.8318
2023-03-23,108.7100,109.2200,108.3800,109.1300,28703800,93.0963
2023-03-24,109.4300,109.6900,109.1800,109.4700,26204100,93.3863
2023-03-27,108.4800,108.9900,108.1300,108.1600,16527900,92.2688
2023-03-28,108.0400,108.2100,107.7400,107.9800,14138000,92.1152
2023-03-29,107.7600,108.5200,107.7200,108.4800,17506000,92.5418
2023-03-30,108.4800,108.8500,108.4600,108.6300,18267200,92.6697
2023-03-31,109.1000,109.6900,108.8600,109.6100,19187400,93.5057
2023-04-03,109.1700,110.0200,109.0000,109.9300,20093500,94.0705
2023-04-04,109.4200,110.2000,109.2900,110.0700,20317700,94.1903
2023-04-05,110.2200,110.5800,110.0500,110.4300,14674800,94.4984
2023-04-06,110.4900,110.6000,110.2300,110.3300,14191300,94.4128
2023-04-10,109.7800,109.8900,109.3500,109.8200,10825500,93.9764
2023-04-11,109.8400,109.9500,109.5500,109.7900,14510100,93.9507
2023-04-12,110.2600,110.3100,109.3900,109.5600,20049200,93.7539
2023-04-13,109.9000,110.0500,109.5500,109.7500,18589100,93.9165
2023-04-14,109.4400,109.5700,109.0300,109.3900,16218900,93.6084
2023-04-17,109.0600,109.1700,108.5800,108.7000,11891400,93.0180
2023-04-18,108.9100,109.2300,108.9000,109.0600,10522400,93.3260
2023-04-19,108.7800,108.8000,108.4600,108.5200,14023700,92.8639
2023-04-20,108.7700,109.1000,108.7500,108.9300,16076100,93.2148
2023-04-21,109.3500,109.4000,108.6500,109.0000,18480700,93.2747
2023-04-24,109.1000,109.5100,109.1000,109.4800,7974300,93.6855
2023-04-25,109.9500,110.2300,109.9100,109.9600,17038800,94.0962
2023-04-26,110.0700,110.1300,109.3800,109.4800,19635200,93.6855
2023-04-27,109.3000,109.3900,109.0300,109.0800,14629500,93.3431
2023-04-28,109.8200,109.9900,109.5100,109.9300,18882100,94.0705
2023-05-01,108.9400,108.9800,107.6100,107.7900,20789900,92.5524
2023-05-02,108.1800,109.1100,108.0600,109.0900,21547100,93.6687
2023-05-03,109.3000,109.5500,108.8400,109.2700,15750800,93.8232
2023-05-04,108.6600,109.2600,108.5500,108.9700,17811700,93.5657
2023-05-05,108.6800,108.8200,108.3400,108.5400,12130800,93.1964
2023-05-08,107.9400,108.0300,107.6200,107.7600,16424800,92.5267
2023-05-09,107.7800,107.9900,107.6900,107.7200,15860300,92.4923
2023-05-10,108.4200,108.5900,108.2500,108.5700,15815700,93.2222
2023-05-11,109.2400,109.2500,108.8600,108.9900,12261800,93.5828
2023-05-12,108.9900,109.0700,108.3000,108.3200,10797200,93.0075
2023-05-15,107.7700,107.8500,107.6000,107.7400,20334800,92.5095
2023-05-16,107.2800,107.3900,107.0900,107.2000,25934500,92.0458
2023-05-17,107.4000,107.4800,107.0800,107.1900,25387100,92.0373
2023-05-18,106.9300,106.9300,106.5900,106.7400,21383500,91.6509
2023-05-19,106.7300,106.9000,106.5000,106.6100,22194600,91.5393
2023-05-22,106.6800,106.9300,106.5000,106.5700,15526700,91.5049
2023-05-23,106.4500,106.8900,106.2900,106.7900,15529300,91.6938
2023-05-24,106.8500,106.8900,106.3100,106.3700,16688900,91.3332
2023-05-25,106.4900,106.5600,105.9800,106.0200,18743200,91.0327
2023-05-26,106.0400,106.5100,105.9600,106.4700,15848500,91.4191
2023-05-30,106.9400,107.2700,106.8800,107.2700,21581400,92.1059
2023-05-31,107.2400,107.7400,107.0700,107.6200,24052300,92.4065
2023-06-01,107.6100,107.8600,107.4400,107.6000,26084500,92.6899
2023-06-02,107.6900,107.7600,107.2200,107.3100,17086600,92.4401
2023-06-05,106.9700,107.4900,106.8500,107.0800,14211100,92.2420
2023-06-06,107.1100,107.3200,106.8200,107.2900,25228400,92.4228
2023-06-07,107.2100,107.3200,106.2700,106.3300,26526700,91.5959
2023-06-08,106.4400,107.1000,106.4100,107.0400,16579800,92.2075
2023-06-09,106.8100,106.9200,106.5800,106.7600,12060000,91.9663
2023-06-12,106.9900,107.1100,106.4200,107.1000,14229300,92.2592
2023-06-13,107.2700,107.3900,106.4500,106.6200,19385200,91.8457
2023-06-14,106.9300,107.2200,106.4300,106.9500,30280100,92.1300
2023-06-15,107.5100,107.9000,107.2700,107.8800,23426200,92.9311
2023-06-16,107.5400,107.7900,107.3000,107.6900,13184500,92.7674
2023-06-20,107.8500,108.2000,107.8500,108.0800,22272700,93.1034
2023-06-21,107.6300,108.0900,107.3100,107.9600,17521700,93.0000
2023-06-22,107.5600,107.8000,107.2200,107.4000,16007900,92.5176
2023-06-23,108.1200,108.1200,107.5000,107.7000,13102800,92.7760
2023-06-26,107.9800,108.0200,107.7600,107.8200,14642200,92.8794
2023-06-27,107.9300,108.1300,107.4600,107.7000,15749300,92.7760
2023-06-28,107.8500,108.1900,107.6300,108.1700,17806000,93.1809
2023-06-29,107.3700,107.4600,107.0100,107.3500,25554500,92.4745
2023-06-30,107.6300,108.2100,107.4400,108.1400,20938600,93.1551
2023-07-03,107.8700,108.1600,107.4900,107.4900,11810800,92.8941
2023-07-05,107.3100,107.3800,106.5900,106.7200,21463300,92.2286
2023-07-06,105.8800,105.9400,105.3500,105.6400,35240800,91.2953
2023-07-07,105.6700,105.9900,105.5200,105.5400,17148000,91.2089
2023-07-10,105.6800,106.1900,105.5800,106.0900,16360600,91.6842
2023-07-11,106.3400,106.6600,106.2100,106.5900,21693900,92.1163
2023-07-12,107.1200,107.6800,107.1200,107.5300,23217300,92.9286
2023-07-13,107.9900,108.3300,107.8700,108.2900,21637500,93.5854
2023-07-14,108.1200,108.2400,107.4200,107.4500,23784000,92.8595
2023-07-17,107.4300,107.7200,107.3500,107.6300,12260100,93.0151
2023-07-18,108.0700,108.1800,107.8600,107.9000,17403600,93.2484
2023-07-19,108.2600,108.5200,108.0800,108.5100,20871600,93.7756
2023-07-20,108.0700,108.1000,107.4900,107.7800,37868000,93.1447
2023-07-21,108.1800,108.2100,107.8800,107.9700,16517800,93.3089
2023-07-24,108.1600,108.3000,107.8100,107.8400,17999400,93.1965
2023-07-25,107.5600,107.8900,107.5400,107.6700,15029800,93.0496
2023-07-26,108.0600,108.2600,107.6900,108.1700,17816800,93.4818
2023-07-27,108.0400,108.1300,106.7200,106.8500,29142600,92.3410
2023-07-28,107.3300,107.6000,107.1400,107.5500,18719300,92.9459
2023-07-31,107.5800,108.0300,107.5800,107.8500,24906600,93.2052
2023-08-01,106.8000,106.9700,106.3200,106.4100,22977700,92.2764
2023-08-02,105.8000,105.8800,105.3900,105.7600,28516700,91.7128
2023-08-03,104.9100,104.9500,104.5600,104.8100,27632700,90.8890
2023-08-04,105.1900,106.0400,105.1800,105.9000,19998900,91.8342
2023-08-07,105.8100,105.8600,105.5000,105.6400,10726300,91.6087
2023-08-08,106.1300,106.3000,105.9200,106.0600,17616200,91.9729
2023-08-09,106.2000,106.3100,106.0600,106.1600,11514100,92.0597
2023-08-10,106.2900,106.5600,105.3800,105.4100,22056400,91.4093
2023-08-11,105.0400,105.4100,104.9800,105.0500,12803100,91.0971
2023-08-14,105.0200,105.3000,104.7100,105.0100,9829300,91.0624
2023-08-15,104.7700,104.9500,104.4600,104.4600,17279900,90.5854
2023-08-16,104.3700,104.6600,103.8600,103.9900,20773700,90.1779
2023-08-17,103.8600,103.9500,103.4000,103.7100,29797400,89.9351
2023-08-18,103.7300,104.2100,103.6200,104.1000,17884100,90.2733
2023-08-21,103.6400,103.7100,103.2600,103.4800,19065100,89.7356
2023-08-22,103.5800,103.8700,103.4300,103.8000,18361500,90.0131
2023-08-23,104.4800,105.2800,104.4800,105.2600,22620400,91.2792
2023-08-24,105.0800,105.2200,104.8800,104.9000,20129900,90.9670
2023-08-25,104.8600,105.2900,104.5100,104.9600,18521400,91.0190
2023-08-28,105.4400,105.4500,105.0400,105.2900,15271000,91.3052
2023-08-29,105.2300,106.1700,105.1500,106.1300,21843300,92.0336
2023-08-30,106.1800,106.2600,105.9400,105.9800,21533500,91.9036
2023-08-31,106.1600,106.4000,106.0700,106.1600,20534800,92.0597
2023-09-01,105.7800,105.8100,104.9100,105.0300,16514200,91.4043
2023-09-05,104.7100,104.7500,104.2500,104.2800,16272800,90.7516
2023-09-06,104.4200,104.4500,103.9500,104.1800,17733800,90.6646
2023-09-07,104.3100,104.6500,104.2100,104.6400,17295600,91.0649
2023-09-08,104.9100,105.1800,104.7200,104.7200,18608800,91.1346
2023-09-11,104.5900,104.6400,104.3900,104.5200,13686300,90.9605
2023-09-12,104.5300,104.5500,104.3100,104.4900,15839800,90.9344
2023-09-13,104.3800,104.8200,104.3200,104.7200,19975200,91.1346
2023-09-14,104.8000,104.9000,104.4700,104.5300,16821000,90.9692
2023-09-15,104.4300,104.4800,104.1500,104.3700,21796400,90.8300
2023-09-18,104.1700,104.6000,104.1700,104.5700,12182200,91.0040
2023-09-19,104.3200,104.4300,104.1800,104.2200,14577800,90.6994
2023-09-20,104.5600,104.7800,104.2400,104.2600,23735800,90.7342
2023-09-21,103.4100,103.4300,103.1300,103.2100,30183800,89.8204
2023-09-22,103.4500,103.9400,103.3200,103.8400,21849000,90.3687
2023-09-25,103.0600,103.3600,102.8000,102.8300,25968600,89.4897
2023-09-26,103.0500,103.1200,102.4000,102.5400,39047500,89.2374
2023-09-27,103.0200,103.1100,101.7000,102.0600,35741200,88.8196
2023-09-28,101.6200,102.2600,101.3000,102.2400,34650100,88.9763
2023-09-29,102.7800,102.9200,101.7800,102.0200,28143000,88.7848
2023-10-02,101.1300,101.3000,100.6000,100.6900,18787800,87.9714
2023-10-03,100.3700,100.5300,99.3900,99.5300,30830200,86.9579
2023-10-04,100.0900,100.4500,99.6700,100.4000,25863600,87.7181
2023-10-05,100.5400,100.7500,100.1200,100.2800,21155700,87.6132
2023-10-06,99.3200,100.2000,99.1700,99.9800,21667900,87.3511
2023-10-09,100.4800,101.2500,100.3100,101.2200,6398600,88.4345
2023-10-10,100.7600,101.6600,100.5700,101.2600,23168100,88.4694
2023-10-11,101.8600,101.9400,101.4300,101.8800,22655800,89.0111
2023-10-12,101.7300,101.8400,100.6000,100.8200,27899900,88.0850
2023-10-13,101.6500,101.7300,101.1800,101.3800,20716300,88.5743
2023-10-16,100.8200,100.9500,100.6300,100.6800,25991800,87.9627
2023-10-17,99.8000,100.2200,99.5600,99.8800,24273500,87.2637
2023-10-18,99.5100,99.5700,98.9500,99.0800,32144400,86.5648
2023-10-19,98.9200,99.2300,98.2700,98.2800,41211800,85.8659
2023-10-20,98.3600,98.7600,98.3600,98.6700,27130800,86.2066
2023-10-23,98.3800,99.7100,98.2400,99.4400,21103000,86.8793
2023-10-24,99.5900,100.0600,99.4200,100.0000,24517600,87.3686
2023-10-25,99.4400,99.5000,98.8600,99.0900,20957000,86.5735
2023-10-26,99.1800,99.8700,99.0300,99.8100,28046100,87.2026
2023-10-27,99.6900,99.8200,99.3100,99.6100,21362800,87.0278
2023-10-30,99.3300,99.5300,99.0100,99.3100,20961500,86.7658
2023-10-31,99.4400,99.9000,99.1400,99.1700,28805700,86.6434
2023-11-01,99.2700,100.2600,99.2200,100.2200,32111800,87.8834
2023-11-02,101.2000,101.4900,101.0300,101.4100,31295500,88.9269
2023-11-03,102.5800,102.9000,101.8800,101.9100,38496200,89.3653
2023-11-06,101.7300,101.7300,101.2500,101.3700,17827700,88.8918
2023-11-07,101.7500,102.4000,101.6800,102.1800,25518200,89.6021
2023-11-08,102.3400,102.7900,102.3300,102.7000,26997000,90.0581
2023-11-09,102.5600,102.5600,101.4800,101.6600,23864100,89.1461
2023-11-10,102.3100,102.3400,101.9700,102.1700,18498900,89.5933
2023-11-13,101.8300,102.2500,101.6500,102.1800,21439200,89.6021
2023-11-14,103.8100,104.0500,103.6600,103.7800,28387800,91.0052
2023-11-15,103.4200,103.4500,102.9700,103.2400,23895000,90.5316
2023-11-16,103.7700,104.1400,103.6900,104.0900,21223000,91.2770
2023-11-17,104.4500,104.5800,104.1500,104.3900,25810200,91.5401
2023-11-20,104.2600,104.8800,104.2400,104.8100,18529400,91.9084
2023-11-21,104.8300,104.9700,104.5500,104.8400,20273200,91.9347
2023-11-22,105.2400,105.3800,104.8500,105.2600,18588000,92.3030
2023-11-24,104.8600,105.0200,104.7000,104.7200,6391400,91.8295
2023-11-27,105.0600,105.5900,104.8800,105.5700,17919500,92.5748
2023-11-28,105.3900,106.0300,105.2900,105.9900,21320800,92.9431
2023-11-29,106.5400,106.9100,106.4000,106.8500,20661800,93.6972
2023-11-30,106.6100,106.6400,106.0800,106.2900,41950900,93.2062
2023-12-01,106.0400,107.2200,105.9000,107.1700,27733500,94.3284
2023-12-04,106.8100,106.9500,106.4500,106.6800,28914300,93.8971
2023-12-05,107.1600,107.6700,107.0300,107.5300,33315200,94.6453
2023-12-06,107.8500,108.1900,107.7200,107.9300,22544300,94.9973
2023-12-07,107.7900,108.2300,107.6800,107.9400,20253300,95.0061
2023-12-08,107.3400,107.6300,107.1800,107.3600,21624200,94.4956
2023-12-11,107.2200,107.3600,106.7800,107.3300,17714600,94.4692
2023-12-12,107.3200,107.9800,107.1400,107.9400,22111100,95.0061
2023-12-13,108.3500,109.9500,108.1300,109.7500,33623500,96.5993
2023-12-14,110.2400,110.8700,110.1200,110.5200,28202300,97.6266
2023-12-15,110.4200,110.5700,110.1400,110.3600,17904100,97.4852
2023-12-18,110.0400,110.1600,109.8400,109.9000,19714500,97.0789
2023-12-19,110.1100,110.3700,109.9600,110.0400,18086800,97.2026
2023-12-20,110.2500,110.4200,109.9100,110.3300,23942000,97.4587
2023-12-21,110.5900,110.7100,110.0300,110.2900,24168300,97.4234
2023-12-22,110.4400,110.5000,109.9400,110.1000,11037100,97.2556
2023-12-26,110.1400,110.4000,110.0900,110.3300,5816000,97.4587
2023-12-27,110.8900,111.4000,110.7200,111.3600,13646400,98.3686
2023-12-28,111.2100,111.3900,110.9200,111.0700,14288800,98.1124
2023-12-29,110.7000,111.0100,110.5600,110.6600,17956700,97.7502
2024-01-02,109.9400,110.1700,109.7900,109.9100,20622000,97.0877
2024-01-03,109.1000,109.7700,108.9200,109.6600,35384900,96.8669
2024-01-04,109.0000,109.2500,108.8700,109.0500,43111300,96.3281
2024-01-05,108.7200,109.5700,108.5800,108.6600,24385500,95.9836
2024-01-08,108.7600,109.5500,108.7400,109.4900,29182300,96.7167
2024-01-09,109.3200,109.7900,109.2700,109.6800,55126300,96.8846
2024-01-10,110.0500,110.1600,109.4700,109.5400,32323500,96.7609
2024-01-11,109.7300,110.3400,109.3900,110.2000,50960900,97.3439
2024-01-12,110.5500,110.8500,110.1300,110.4400,30479000,97.5559
2024-01-16,109.8500,109.9900,109.1000,109.3200,27124600,96.5666
2024-01-17,109.0700,109.2500,108.7000,109.0900,34414000,96.3634
2024-01-18,109.2600,109.3300,108.7600,108.8800,28325100,96.1779
2024-01-19,108.8400,109.0200,108.4500,108.9900,25621500,96.2751
2024-01-22,109.4900,109.5700,109.1600,109.2900,17679900,96.5401
2024-01-23,109.0400,109.0400,108.6700,108.8900,25439500,96.1868
2024-01-24,109.3900,109.4500,108.5900,108.6800,26828300,96.0012
2024-01-25,109.2600,109.4400,109.0500,109.4000,39484000,96.6372
2024-01-26,109.4400,109.4500,109.0600,109.0900,26642300,96.3634
2024-01-29,109.5300,109.7800,109.3200,109.5400,27060700,96.7609
2024-01-30,109.8200,109.9100,109.3400,109.8900,30459200,97.0701
2024-01-31,110.3600,110.6400,109.8700,110.1700,44733000,97.3174
2024-02-01,110.5100,110.9100,110.1000,110.6300,42478500,98.0700
2024-02-02,109.4700,109.7100,109.2200,109.6200,39604900,97.1747
2024-02-05,108.8500,108.8600,108.3200,108.5700,39266800,96.2439
2024-02-06,108.7500,109.3600,108.7200,109.1800,26095200,96.7847
2024-02-07,108.9200,109.3100,108.7600,108.8600,23574200,96.5010
2024-02-08,108.5400,108.5800,108.1900,108.3000,26063900,96.0045
2024-02-09,108.0200,108.2400,108.0000,108.1600,19029200,95.8804
2024-02-12,108.2200,108.2700,107.8600,108.1700,30378900,95.8893
2024-02-13,107.2000,107.3900,106.8700,106.9800,41494100,94.8344
2024-02-14,107.1000,107.5200,107.0800,107.4800,41932200,95.2776
2024-02-15,108.0800,108.1000,107.6200,107.8700,33255200,95.6234
2024-02-16,107.3600,107.5900,107.2400,107.4800,26189800,95.2776
2024-02-20,107.8400,107.9500,107.6200,107.8400,22386600,95.5968
2024-02-21,107.9200,107.9200,107.4200,107.5700,23606200,95.3575
2024-02-22,107.7300,107.9300,107.6000,107.7400,28705900,95.5081
2024-02-23,107.7900,108.2200,107.7300,108.0600,29856300,95.7918
2024-02-26,108.0900,108.0900,107.4800,107.7200,26696200,95.4904
2024-02-27,107.6500,107.8400,107.5100,107.5700,33453800,95.3575
2024-02-28,107.4400,107.6300,107.4000,107.5600,32713500,95.3486
2024-02-29,107.7200,108.1500,107.5200,107.6600,45656400,95.4372
2024-03-01,107.0400,108.0300,106.7500,107.9200,42971500,96.0182
2024-03-04,107.6300,107.8700,107.5500,107.7200,31472000,95.8403
2024-03-05,108.2900,108.6000,108.1400,108.3100,33394200,96.3652
2024-03-06,108.5500,108.9600,108.5200,108.6000,33176900,96.6232
2024-03-07,108.9900,109.0300,108.6000,108.8700,22875700,96.8634
2024-03-08,109.0900,109.3000,108.9200,109.0200,29591100,96.9969
2024-03-11,109.0400,109.2900,108.8700,109.0400,25360200,97.0147
2024-03-12,108.8700,108.9600,108.5900,108.6900,30852100,96.7033
2024-03-13,108.7200,108.9400,108.5400,108.5800,31089900,96.6054
2024-03-14,108.2500,108.2500,107.7000,107.7800,48815400,95.8936
2024-03-15,107.8300,107.9600,107.6300,107.8100,34525600,95.9203
2024-03-18,107.8700,107.9200,107.6100,107.6300,18279900,95.7602
2024-03-19,107.8100,108.1800,107.7500,107.9400,22721000,96.0360
2024-03-20,107.9800,108.3300,107.5300,108.1400,41915400,96.2139
2024-03-21,108.4700,108.5500,108.1300,108.3000,26546700,96.3563
2024-03-22,108.8900,108.9200,108.6200,108.6700,20877600,96.6855
2024-03-25,108.6600,108.6600,108.2400,108.3000,23291000,96.3563
2024-03-26,108.4900,108.4900,108.1300,108.2700,27266700,96.3296
2024-03-27,108.4200,109.0200,108.3500,109.0200,30600500,96.9969
2024-03-28,108.8900,109.1900,108.8000,108.9200,23066200,96.9079
2024-04-01,108.0200,108.0300,107.3800,107.4700,20817100,95.9800
2024-04-02,106.9300,107.3600,106.6800,107.3100,32433900,95.8371
2024-04-03,106.9200,107.5600,106.7500,107.3800,25198700,95.8996
2024-04-04,107.7800,107.7800,107.2900,107.5000,31423800,96.0068
2024-04-05,107.0800,107.3800,106.9800,107.0300,25134900,95.5870
2024-04-08,106.9300,107.2200,106.8600,107.0200,37054400,95.5781
2024-04-09,107.4500,107.6300,107.3900,107.5700,21967300,96.0693
2024-04-10,106.7400,106.7400,105.8800,106.0400,45351600,94.7029
2024-04-11,106.3100,106.4000,105.6100,105.8200,38047900,94.5064
2024-04-12,106.2900,106.3300,106.0200,106.0600,35119700,94.7207
2024-04-15,105.4900,105.4900,104.7500,104.8900,27018500,93.6758
2024-04-16,104.4600,104.6600,104.1800,104.5400,34191600,93.3632
2024-04-17,105.0400,105.2800,104.8100,105.1100,26726300,93.8723
2024-04-18,105.1800,105.2100,104.7300,104.9000,25997900,93.6847
2024-04-19,105.2700,105.2900,104.9100,105.0100,20265600,93.7830
2024-04-22,104.9700,105.3100,104.9200,105.2700,26642400,94.0152
2024-04-23,105.1700,105.8700,105.0200,105.4500,26338800,94.1759
2024-04-24,105.2200,105.2800,104.7400,105.0400,24538400,93.8098
2024-04-25,104.3000,104.7800,104.1400,104.7300,29826400,93.5329
2024-04-26,105.1300,105.3200,105.0600,105.1300,11784100,93.8902
2024-04-29,105.4300,105.6700,105.3000,105.5700,18052100,94.2831
2024-04-30,105.1400,105.4000,104.9000,104.9900,26008100,93.7651
2024-05-01,104.8800,105.5500,104.6500,105.0100,30342900,94.1552
2024-05-02,105.0900,105.7200,104.9300,105.6600,28044200,94.7380
2024-05-03,106.4300,106.7900,106.0000,106.4000,24166800,95.4015
2024-05-06,106.5200,106.7100,106.4500,106.7000,18519800,95.6705
2024-05-07,107.0000,107.1600,106.6500,106.7500,28680400,95.7153
2024-05-08,106.5000,106.6500,106.4100,106.4800,19916700,95.4732
2024-05-09,106.4000,106.7700,106.2900,106.6500,25583500,95.6256
2024-05-10,106.4400,106.5200,106.1900,106.3100,16291500,95.3208
2024-05-13,106.5600,106.6500,106.3200,106.3500,20464200,95.3567
2024-05-14,106.6300,106.7800,106.5000,106.6600,25440400,95.6346
2024-05-15,107.5000,107.7800,107.2500,107.6100,33780900,96.4864
2024-05-16,107.7600,107.7800,107.3900,107.4400,23586600,96.3340
2024-05-17,107.2500,107.4500,107.1600,107.1900,21862800,96.1098
2024-05-20,107.1100,107.2300,107.0600,107.1400,17885200,96.0650
2024-05-21,107.4400,107.4800,107.2600,107.3200,17411900,96.2264
2024-05-22,107.0100,107.3200,107.0000,107.1600,26735600,96.0829
2024-05-23,107.3000,107.3300,106.5700,106.6900,24876100,95.6615
2024-05-24,106.7100,106.9900,106.6200,106.9800,11189500,95.9215
2024-05-28,107.1300,107.1300,106.2700,106.3400,15989600,95.3477
2024-05-29,105.9600,105.9700,105.5500,105.7700,30015700,94.8366
2024-05-30,106.2000,106.4500,106.1300,106.4200,21036300,95.4194
2024-05-31,106.8400,107.0200,106.6700,106.8900,19901400,95.8408
2024-06-03,106.8100,107.2400,106.7600,107.2200,20154900,96.5024
2024-06-04,107.5200,107.8000,107.3500,107.6400,24545200,96.8804
2024-06-05,107.8200,108.0300,107.4300,108.0000,26584700,97.2044
2024-06-06,107.8300,108.0300,107.7900,107.9300,22687100,97.1414
2024-06-07,107.0300,107.2000,106.8700,106.9600,26228700,96.2684
2024-06-10,106.7500,106.8400,106.6500,106.7400,19415700,96.0703
2024-06-11,106.8000,107.2700,106.7300,107.2000,19042600,96.4844
2024-06-12,108.2800,108.5600,107.8200,107.8600,27209400,97.0784
2024-06-13,108.3500,108.5500,108.0600,108.3700,26782700,97.5374
2024-06-14,108.4300,108.5800,108.2500,108.4600,28561900,97.6184
2024-06-17,107.8200,108.0100,107.7300,107.9500,24678700,97.1594
2024-06-18,108.1800,108.5500,108.1400,108.4500,25576600,97.6094
2024-06-20,107.8400,108.1100,107.7800,108.0900,21206300,97.2854
2024-06-21,108.1900,108.3500,107.8600,108.1200,21091200,97.3124
2024-06-24,108.2300,108.4200,108.1700,108.2300,18597600,97.4114
2024-06-25,108.1500,108.2900,108.0200,108.1900,16251600,97.3754
2024-06-26,107.5000,107.7000,107.3900,107.6000,26381300,96.8444
2024-06-27,107.9300,107.9800,107.7800,107.8100,19939400,97.0334
2024-06-28,108.0800,108.1100,107.0900,107.1200,27395800,96.4124
2024-07-01,106.3400,106.7000,106.0500,106.1100,22429100,95.8397
2024-07-02,106.6500,106.8200,106.4100,106.7900,19845700,96.4539
2024-07-03,107.1500,107.5800,107.0400,107.5800,14318900,97.1674
2024-07-05,107.9900,108.2000,107.7000,108.1400,18800300,97.6732
2024-07-08,108.2200,108.3100,107.9800,108.1300,18136600,97.6642
2024-07-09,107.9500,108.1200,107.6900,107.9300,20384700,97.4836
2024-07-10,108.0600,108.2100,107.9000,108.1900,17263200,97.7184
2024-07-11,108.8600,109.0200,108.6800,108.7700,31411700,98.2422
2024-07-12,108.8300,109.1700,108.7300,109.1700,20301300,98.6035
2024-07-15,108.8000,108.9600,108.5500,108.5700,18291500,98.0616
2024-07-16,108.8300,109.2200,108.7400,109.2000,20090700,98.6306
2024-07-17,108.9000,109.3000,108.8400,109.2500,21313500,98.6758
2024-07-18,108.9900,109.2400,108.7400,108.7800,28091700,98.2513
2024-07-19,108.5700,108.5800,108.3100,108.3800,16576600,97.8900
2024-07-22,108.7200,108.7600,108.2000,108.3200,22556800,97.8358
2024-07-23,108.4600,108.5700,108.2400,108.2400,24425700,97.7636
2024-07-24,108.3700,108.4700,107.5800,107.5800,28026100,97.1674
2024-07-25,107.7900,108.2800,107.7700,108.0100,29760400,97.5558
2024-07-26,108.6100,108.6600,108.3500,108.6100,21119900,98.0977
2024-07-29,108.9300,108.9700,108.6200,108.8400,24734600,98.3055
2024-07-30,108.9200,108.9900,108.6900,108.9300,14952000,98.3868
2024-07-31,109.3900,109.5900,109.0900,109.5600,29226900,98.9558
2024-08-01,109.5600,109.8400,109.4500,109.5300,34564600,99.2839
2024-08-02,110.1100,110.6900,110.1100,110.6000,46697900,100.2538
2024-08-05,110.5600,110.6600,110.0100,110.3200,56991100,100.0000
2024-08-06,110.2000,110.2400,109.5800,109.6000,47432500,99.3474
2024-08-07,109.5400,109.7700,108.9400,109.1000,46819000,98.8941
2024-08-08,109.0400,109.2200,108.8400,109.1500,23536800,98.9395
2024-08-09,109.8900,109.9200,109.6100,109.7100,23199700,99.4471
2024-08-12,109.6600,110.0600,109.5500,109.9400,24281800,99.6556
2024-08-13,110.4600,110.7100,110.3000,110.7100,31245000,100.3535
2024-08-14,110.8400,111.3400,110.8300,111.2000,28985600,100.7977
2024-08-15,110.5100,111.0100,110.4400,110.8600,29546000,100.4895
2024-08-16,110.9800,111.2600,110.4200,111.1900,21411500,100.7887
2024-08-19,111.1700,111.5700,111.1500,111.4500,16004100,101.0243
2024-08-20,111.6400,111.8000,111.4500,111.7400,27114000,101.2872
2024-08-21,111.8300,112.2800,111.6700,111.9900,23819100,101.5138
2024-08-22,111.7400,111.8200,111.2900,111.5300,17926300,101.0968
2024-08-23,111.8500,112.3000,111.7100,112.1700,22650200,101.6770
2024-08-26,112.4000,112.4000,111.9900,112.0300,15312500,101.5501
2024-08-27,111.5800,111.9900,111.5400,111.9400,15922700,101.4685
2024-08-28,111.8700,111.9600,111.6400,111.7100,22104600,101.2600
2024-08-29,111.4900,111.6400,111.3400,111.5200,20079400,101.0878
2024-08-30,111.6600,111.8100,111.1700,111.2100,25275500,100.8068
2024-09-03,111.2900,111.5200,110.9700,111.1400,27734500,101.1116
2024-09-04,111.2100,111.8700,111.1900,111.8300,31915900,101.7393
2024-09-05,112.1600,112.4100,111.7400,112.3800,35538500,102.2397
2024-09-06,112.4000,113.0600,112.1300,112.3300,42004600,102.1942
2024-09-09,112.3100,112.6900,112.1800,112.5800,35440300,102.4216
2024-09-10,112.6300,112.9100,112.5100,112.8900,30489500,102.7036
2024-09-11,112.6600,113.1100,112.5700,112.9400,36948000,102.7491
2024-09-12,112.8600,112.9500,112.5600,112.8600,30255700,102.6764
2024-09-13,113.2200,113.3700,113.1000,113.2100,25536600,102.9948
2024-09-16,113.3500,113.7900,113.2200,113.7100,25722000,103.4496
2024-09-17,113.9000,113.9200,113.5400,113.7200,31732800,103.4587
2024-09-18,113.4400,114.0700,113.2200,113.2500,35015500,103.0312
2024-09-19,113.3000,113.5600,113.1400,113.3500,31216900,103.1221
2024-09-20,113.1800,113.5000,112.9900,113.4500,29958900,103.2131
2024-09-23,113.1000,113.5200,112.9600,113.2900,22919400,103.0675
2024-09-24,113.0000,113.5700,112.9000,113.4800,24719900,103.2404
2024-09-25,113.1600,113.2000,112.7800,112.8100,32881300,102.6309
2024-09-26,113.0100,113.0900,112.5200,112.8100,20877100,102.6309
2024-09-27,113.1300,113.3500,113.0500,113.2600,25232000,103.0403
2024-09-30,113.2000,113.3200,112.8300,112.9800,22728400,102.7855
2024-10-01,113.1000,113.2900,112.8700,113.1100,36591300,103.2795
2024-10-02,112.4400,112.8800,112.3900,112.8600,29446700,103.0512
2024-10-03,112.5800,112.6300,112.1300,112.1300,24163200,102.3847
2024-10-04,111.5500,111.6400,111.3900,111.5200,33618100,101.8277
2024-10-07,111.1200,111.3300,110.8800,110.9500,27106300,101.3072
2024-10-08,110.8200,111.1700,110.6700,111.1700,27316000,101.5081
2024-10-09,110.9300,111.0700,110.7500,110.9500,29951900,101.3072
2024-10-10,110.7300,110.8900,110.5000,110.8300,25932500,101.1977
2024-10-11,110.6700,111.0200,110.5700,110.8100,20079000,101.1794
2024-10-14,110.5000,110.8400,110.3700,110.8200,4335400,101.1885
2024-10-15,111.0500,111.4700,111.0500,111.3600,28673200,101.6816
2024-10-16,111.6700,111.7900,111.4900,111.7100,20474300,102.0012
2024-10-17,111.2800,111.3200,110.8300,110.8800,31476700,101.2433
2024-10-18,111.0600,111.1500,110.7300,110.7500,27372400,101.1246
2024-10-21,110.2100,110.2800,109.5800,109.6200,28320400,100.0928
2024-10-22,109.7200,109.7400,109.3500,109.6100,26001200,100.0837
2024-10-23,109.2400,109.4600,109.0800,109.2400,25425800,99.7459
2024-10-24,109.4100,109.7700,109.2700,109.5700,21021100,100.0472
2024-10-25,109.8800,109.9400,109.2500,109.3100,16040900,99.8098
2024-10-28,109.4300,109.4900,108.9700,109.2200,20935200,99.7276
2024-10-29,108.7400,109.3800,108.6600,109.3500,24075800,99.8463
2024-10-30,109.6800,109.9500,109.1600,109.2100,25259100,99.7185
2024-10-31,109.0300,109.3200,108.7200,108.9900,29424400,99.5176
2024-11-01,108.9000,109.0700,107.9600,108.0100,25142200,98.9724
2024-11-04,108.9000,109.0800,108.5200,108.8100,24713500,99.7054
2024-11-05,108.7600,109.3500,108.5000,109.3300,23732500,100.1819
2024-11-06,108.0700,108.6500,107.9100,108.1900,38097900,99.1373
2024-11-07,108.8300,109.5900,108.7200,109.4700,24596700,100.3102
2024-11-08,109.7100,110.0800,109.5900,109.8500,21113600,100.6584
2024-11-11,109.6500,109.7300,109.4600,109.6400,7971100,100.4660
2024-11-12,109.1700,109.4000,108.5600,108.6500,36203300,99.5588
2024-11-13,109.2400,109.2500,108.1700,108.2400,22942500,99.1831
2024-11-14,108.5300,108.7200,108.1000,108.2100,26889100,99.1556
2024-11-15,107.9100,108.5200,107.6000,108.2600,27276300,99.2014
2024-11-18,108.1300,108.6400,108.0400,108.4600,19399100,99.3847
2024-11-19,108.7200,108.9100,108.6100,108.6900,21473200,99.5955
2024-11-20,108.3100,108.6000,108.2700,108.4300,24792000,99.3572
2024-11-21,108.4700,108.7500,108.2100,108.3000,22507400,99.2381
2024-11-22,108.4800,108.5900,108.2200,108.4000,13813000,99.3297
2024-11-25,109.5600,109.8100,109.4200,109.7500,21678000,100.5668
2024-11-26,109.4900,109.5200,109.1100,109.4700,25005000,100.3102
2024-11-27,109.7900,109.9800,109.5600,109.8700,23584000,100.6767
2024-11-29,110.3400,110.5700,110.2900,110.5500,11838900,101.2999
2024-12-02,110.3500,110.4300,109.8100,110.3400,33409400,101.4589
2024-12-03,110.4600,110.5400,109.8900,109.9500,27394800,101.1003
2024-12-04,109.7500,110.5900,109.7000,110.4800,22704100,101.5876
2024-12-05,110.2100,110.5400,110.1700,110.4500,16792500,101.5601
2024-12-06,110.9200,110.9300,110.4400,110.7000,16668800,101.7899
2024-12-09,110.5400,110.6000,110.3300,110.4200,21149300,101.5325
2024-12-10,110.1700,110.4000,110.1100,110.2500,19497500,101.3762
2024-12-11,110.4500,110.5900,109.9300,109.9500,24516500,101.1003
2024-12-12,109.6900,109.7200,109.2500,109.3300,24747600,100.5302
2024-12-13,109.1800,109.1900,108.6500,108.7200,13195000,99.9693
2024-12-16,109.0300,109.0600,108.7000,108.8600,18893000,100.0980
2024-12-17,108.8400,109.0200,108.7500,108.8700,29945700,100.1072
2024-12-18,108.3600,108.5900,107.0500,107.1400,36753900,98.8661
2024-12-19,106.8600,107.0000,106.3300,106.5600,40479900,98.3309
2024-12-20,107.0900,107.4700,106.8100,106.9800,27608300,98.7184
2024-12-23,107.0100,107.0800,106.5500,106.6700,13091800,98.4324
2024-12-24,106.4600,107.0100,106.4200,107.0000,6215300,98.7369
2024-12-26,106.5000,107.1400,106.5000,107.1000,12454800,98.8292
2024-12-27,106.9100,107.0400,106.6100,106.6500,13908400,98.4139
2024-12-30,107.0300,107.1800,106.9700,107.1100,9141400,98.8384
2024-12-31,107.2900,107.3900,106.6700,106.8400,10768700,98.5893
2025-01-02,107.1200,107.3100,106.6200,106.8500,19098100,98.5985
2025-01-03,107.0000,107.0600,106.5400,106.6000,22610500,98.3678
2025-01-06,106.5200,106.5900,106.2700,106.3300,24302200,98.1186
2025-01-07,106.1900,106.3100,105.6700,105.8400,25115700,97.6665
2025-01-08,105.7100,106.1100,105.6300,106.0100,30143800,97.8234
2025-01-10,105.3500,105.7400,105.2200,105.4000,24613500,97.2605
2025-01-13,105.3500,105.3700,105.0300,105.1000,18873300,96.9836
2025-01-14,105.2000,105.2800,104.9400,105.2200,27585200,97.0944
2025-01-15,106.4200,106.6400,106.2200,106.4800,32123600,98.2571
2025-01-16,106.4300,106.9100,106.2100,106.6900,24583300,98.4509
2025-01-17,106.9800,107.0100,106.7100,106.7800,18912000,98.5339
2025-01-21,107.2300,107.4200,107.1200,107.4000,20670600,99.1060
2025-01-22,107.4000,107.5100,107.0500,107.0600,18418900,98.7923
2025-01-23,106.5900,106.9200,106.5700,106.9100,18118300,98.6539
2025-01-24,106.8700,107.2400,106.7600,107.1200,13020200,98.8476
2025-01-27,107.6500,107.8900,107.5100,107.8600,18954300,99.5305
2025-01-28,107.5800,107.7700,107.4800,107.7100,22253100,99.3921
2025-01-29,107.8900,107.9200,107.2300,107.5700,24969100,99.2629
2025-01-30,107.8600,108.0100,107.6600,107.8100,22709300,99.4843
2025-01-31,107.9000,108.0200,107.2400,107.4600,28454600,99.1614
2025-02-03,107.3600,107.6800,107.0200,107.2400,21155000,99.3179
2025-02-04,106.9800,107.5700,106.9400,107.4500,25086200,99.5124
2025-02-05,108.0400,108.4300,107.7700,108.2000,30119200,100.2070
2025-02-06,108.1300,108.2900,107.8900,108.0000,22557700,100.0217
2025-02-07,107.6400,107.7200,107.4000,107.5300,23911000,99.5865
2025-02-10,107.6300,107.8500,107.4500,107.5600,15302300,99.6143
2025-02-11,107.2300,107.4000,107.2000,107.3200,19478800,99.3920
2025-02-12,106.5700,106.8700,106.3600,106.7400,31480600,98.8548
2025-02-13,107.3200,107.7600,107.2800,107.5700,20735100,99.6235
2025-02-14,108.1300,108.3500,107.9900,107.9900,14409400,100.0125
2025-02-18,107.8500,107.9600,107.4700,107.5500,17640000,99.6050
2025-02-19,107.5100,107.7700,107.4000,107.6100,26007400,99.6606
2025-02-20,107.7800,107.9500,107.7100,107.8700,23814800,99.9014
2025-02-21,108.0200,108.5800,107.9900,108.2500,30130700,100.2533
2025-02-24,108.3100,108.6800,108.1800,108.5300,23399500,100.5126
2025-02-25,109.2100,109.4000,109.0600,109.3600,26835200,101.2813
2025-02-26,109.4000,109.6400,109.1900,109.5900,22983100,101.4943
2025-02-27,109.2800,109.4500,109.0700,109.1300,27258200,101.0683
2025-02-28,109.5100,109.6600,109.1500,109.6100,29596100,101.5128
2025-03-03,108.9400,109.5400,108.8700,109.5400,42545300,101.8335
2025-03-04,109.3600,109.5500,109.0500,109.1800,46053300,101.4989
2025-03-05,109.3300,109.4500,108.7300,108.8300,45483500,101.1735
2025-03-06,108.6900,108.8400,108.2900,108.4900,40519900,100.8574
2025-03-07,109.0300,109.0300,108.2000,108.3200,30747100,100.6994
2025-03-10,108.8200,109.0600,108.5500,108.6900,34294800,101.0433
2025-03-11,108.6100,108.6800,107.9500,107.9800,42262600,100.3833
2025-03-12,108.0300,108.0600,107.6200,107.6600,35875600,100.0858
2025-03-13,107.2900,108.0300,107.1800,108.0000,43907900,100.4019
2025-03-14,108.0000,108.2100,107.8700,107.9500,31358100,100.3554
2025-03-17,108.3500,108.5600,108.1200,108.1700,17561400,100.5599
2025-03-18,108.1400,108.6600,108.0200,108.4300,27948100,100.8017
2025-03-19,108.4500,109.1800,108.2800,109.0700,27469800,101.3966
2025-03-20,109.6400,109.6500,108.9000,108.9100,26937300,101.2479
2025-03-21,108.9800,109.1000,108.6900,108.7600,26447400,101.1084
2025-03-24,108.6400,108.6400,108.2100,108.2900,25243300,100.6715
2025-03-25,108.2900,108.6200,108.1900,108.4000,22744000,100.7738
2025-03-26,108.2200,108.2200,107.9100,107.9600,17115600,100.3647
2025-03-27,107.7700,107.8700,107.6400,107.8300,22028900,100.2438
2025-03-28,108.3000,108.5300,108.1500,108.4800,27257000,100.8481
2025-03-31,108.7500,108.8200,108.3000,108.6900,29834300,101.0433
2025-04-01,108.5300,108.9000,108.4800,108.6600,22059200,101.4045
2025-04-02,109.0100,109.0100,108.3500,108.9100,24769000,101.6378
2025-04-03,109.1100,109.5400,108.7500,108.9000,41675700,101.6285
2025-04-04,109.1300,109.4700,108.5000,108.7800,60793800,101.5165
2025-04-07,107.7700,108.2700,106.3600,106.6600,62583200,99.5381
2025-04-08,106.8400,106.9100,104.9700,105.3100,56747700,98.2782
2025-04-09,104.0900,107.1100,103.7700,107.0700,77380700,99.9207
2025-04-10,105.9600,106.3500,105.0600,105.2500,55825000,98.2222
2025-04-11,104.5300,105.4300,103.4500,105.2300,41686900,98.2035
2025-04-14,105.9900,106.0900,105.4800,105.8800,28111900,98.8101
2025-04-15,105.9300,106.6100,105.8800,106.4500,20502600,99.3421
2025-04-16,106.5500,106.9100,106.2800,106.9000,24639800,99.7620
2025-04-17,106.9100,107.0000,106.5700,106.7500,11483700,99.6220
2025-04-21,106.2100,106.3800,105.5100,105.6000,23506700,98.5488
2025-04-22,106.1800,106.2300,105.8200,105.8600,20939300,98.7915
2025-04-23,107.5500,107.6700,106.3100,106.3300,31155900,99.2301
2025-04-24,107.0600,107.4800,106.8700,107.4200,23838700,100.2473
2025-04-25,107.8300,108.0400,107.6500,107.9900,14575300,100.7792
2025-04-28,107.8900,108.3500,107.8800,108.2400,18297900,101.0126
2025-04-29,108.0600,108.5000,108.0500,108.4900,19346200,101.2458
2025-04-30,108.1300,108.2900,107.8100,107.9800,35129300,100.7699
2025-05-01,107.7600,107.7600,107.0900,107.1700,28056300,100.4157
2025-05-02,106.8400,107.0400,106.7000,106.9100,20302100,100.1721
2025-05-05,106.6400,106.8100,106.3000,106.7600,20005800,100.0316
2025-05-06,106.4600,106.9800,106.3700,106.9700,29906500,100.2283
2025-05-07,107.1900,107.3000,107.0000,107.1900,19892000,100.4345
2025-05-08,107.3500,107.4300,106.6500,106.6500,25149700,99.9285
2025-05-09,106.9300,107.0300,106.5800,106.6100,18254700,99.8910
2025-05-12,106.5900,106.8300,106.4900,106.5900,28270900,99.8723
2025-05-13,106.6900,106.8200,106.4700,106.6800,32005700,99.9566
2025-05-14,106.5800,106.7100,106.1000,106.1400,25340600,99.4506
2025-05-15,106.3900,106.9600,106.3200,106.9000,30008300,100.1627
2025-05-16,107.3900,107.4000,106.9500,107.1000,21888400,100.3502
2025-05-19,106.1600,107.1700,106.0600,107.1100,33615600,100.3595
2025-05-20,106.8000,106.9800,106.6100,106.8500,23036200,100.1159
2025-05-21,106.3600,106.5400,105.5700,105.6600,35452800,99.0009
2025-05-22,105.5400,106.2500,105.3900,106.2000,34010700,99.5069
2025-05-23,106.4100,106.5700,106.0900,106.2800,21447200,99.5818
2025-05-27,106.9200,107.3300,106.5200,107.2400,29208400,100.4813
2025-05-28,107.0300,107.1000,106.6700,106.9800,29079800,100.2377
2025-05-29,107.3300,107.5600,107.2000,107.4600,31012800,100.6875
2025-05-30,107.4500,107.7700,107.3500,107.7700,29890800,100.9779
2025-06-02,106.9900,107.0800,106.6900,107.0700,24225900,100.6920
2025-06-03,107.2400,107.4100,106.9900,107.1200,24080000,100.7391
2025-06-04,107.6300,108.0500,107.5200,107.9000,28006400,101.4726
2025-06-05,107.9400,107.9900,107.5100,107.5700,29760700,101.1622
2025-06-06,107.2200,107.3500,106.9100,106.9200,31093100,100.5510
2025-06-09,106.9900,107.3800,106.9400,107.2400,18850000,100.8519
2025-06-10,107.6500,107.6900,107.2600,107.5000,20359000,101.0964
2025-06-11,107.6800,107.9700,107.5600,107.8400,20584700,101.4162
2025-06-12,108.2300,108.4400,108.0800,108.4400,26497300,101.9804
2025-06-13,108.1200,108.1900,107.5000,107.7900,34794500,101.3691
2025-06-16,107.8000,108.1200,107.5800,107.6000,21286000,101.1904
2025-06-17,107.8800,108.0400,107.6500,107.9700,27241300,101.5384
2025-06-18,108.2200,108.4200,107.8500,108.0500,29762000,101.6137
2025-06-20,107.8600,108.3100,107.7200,108.1400,20437500,101.6983
2025-06-23,108.3900,108.7000,108.3100,108.4100,34072400,101.9522
2025-06-24,108.2800,109.0200,108.2700,108.9200,38185300,102.4318
2025-06-25,108.7100,108.8500,108.5300,108.7900,30675200,102.3096
2025-06-26,108.9100,109.2000,108.6900,109.1900,31026000,102.6857
2025-06-27,109.0000,109.4000,108.8800,109.0100,24704800,102.5165
2025-06-30,109.3700,109.7200,109.2400,109.6100,40575000,103.0807
2025-07-01,109.2600,109.4100,109.0300,109.3400,28691300,103.2053
2025-07-02,108.9800,109.3200,108.9000,109.3200,24284500,103.1864
2025-07-03,109.1500,109.2800,108.9800,109.0600,17340500,102.9410
2025-07-07,108.8600,108.8600,108.2900,108.4100,18303300,102.3275
2025-07-08,108.1600,108.1900,108.0100,108.1000,29374900,102.0349
2025-07-09,108.3500,108.7400,108.2500,108.7200,33182900,102.6201
2025-07-10,108.6800,108.8400,108.4700,108.7400,29758900,102.6390
2025-07-11,108.2600,108.2900,108.0000,108.0800,23776000,102.0160
2025-07-14,108.0200,108.1900,107.8600,108.0500,18216500,101.9877
2025-07-15,108.2800,108.2800,107.6200,107.6600,31329400,101.6196
2025-07-16,107.9100,108.1000,107.3400,107.8300,41794100,101.7800
2025-07-17,108.0400,108.2100,107.9500,108.0900,19396900,102.0254
2025-07-18,108.3900,108.4300,108.1600,108.2900,17446200,102.2142
2025-07-21,108.8600,108.9900,108.6800,108.7100,17147100,102.6107
2025-07-22,108.7600,109.0300,108.7200,108.9700,19568700,102.8561
2025-07-23,108.7600,108.8800,108.6500,108.8000,20810400,102.6956
2025-07-24,108.4400,108.8600,108.4200,108.6400,23064800,102.5446
2025-07-25,108.6900,109.0400,108.6000,108.9900,26008500,102.8749
2025-07-28,108.8600,108.9400,108.7300,108.7700,21887900,102.6673
2025-07-29,108.9500,109.5000,108.9300,109.4900,26131300,103.3469
2025-07-30,109.0900,109.4500,108.9800,109.0800,23313300,102.9599
2025-07-31,109.4100,109.5000,109.0900,109.1100,31745000,102.9882
2025-08-01,109.3200,109.7000,109.1200,109.6300,46073800,103.9019
2025-08-04,109.7800,109.8900,109.5800,109.8200,31779600,104.0819
2025-08-05,109.6300,109.9300,109.6100,109.9000,25922900,104.1577
2025-08-06,109.6500,109.9200,109.2300,109.8700,31825300,104.1293
2025-08-07,109.9100,110.0800,109.6900,109.7600,29018100,104.0251
2025-08-08,109.6400,109.6400,109.3900,109.4100,16946300,103.6934
2025-08-11,109.5700,109.7200,109.4500,109.5800,24444300,103.8545
2025-08-12,109.3900,109.7000,109.2700,109.6800,26380500,103.9492
2025-08-13,110.0600,110.3200,110.0500,110.2600,27701400,104.4989
2025-08-14,110.0000,110.0600,109.7500,109.8800,18817700,104.1388
2025-08-15,109.8400,109.9300,109.6300,109.7400,20932000,104.0061
2025-08-18,109.8200,109.8400,109.4400,109.5400,19579900,103.8165
2025-08-19,109.6800,109.7800,109.6100,109.7100,26744200,103.9777
2025-08-20,109.6700,109.8700,109.5900,109.7600,25054700,104.0251
2025-08-21,109.5600,109.5700,109.1900,109.3400,25157900,103.6270
2025-08-22,109.6500,110.3100,109.5600,110.2000,34562900,104.4421
2025-08-25,109.9700,110.1400,109.8800,109.9100,18983100,104.1672
2025-08-26,109.8900,110.0100,109.6600,109.9900,23246400,104.2430
2025-08-27,109.6800,110.0600,109.5900,110.0300,25171700,104.2810
2025-08-28,110.0800,110.3100,110.0000,110.2000,26892700,104.4421
2025-08-29,109.9900,110.0100,109.7500,109.8000,32201100,104.0630
2025-09-02,108.8800,109.0900,108.8100,109.0500,31044800,103.7149
2025-09-03,109.2600,109.8300,109.2400,109.7000,34520600,104.3331
2025-09-04,110.0800,110.4600,109.9700,110.4500,43026600,105.0464
2025-09-05,111.2100,111.3100,111.0600,111.1700,36249000,105.7311
2025-09-08,111.5100,111.6300,111.4200,111.5600,28998000,106.1021
2025-09-09,111.4400,111.5500,111.1200,111.3600,24412500,105.9118
2025-09-10,111.5800,111.9900,111.5500,111.6900,30188100,106.2257
2025-09-11,111.8900,112.3300,111.8700,112.2100,28405600,106.7203
2025-09-12,111.9700,112.0400,111.7100,112.0100,26728500,106.5301
2025-09-15,112.2300,112.4200,112.2300,112.3600,21863600,106.8629
2025-09-16,112.2900,112.4000,112.1600,112.2600,28232600,106.7678
2025-09-17,112.4600,112.6400,111.8200,112.0600,34969800,106.5776
2025-09-18,111.7200,111.8800,111.5200,111.8300,37159300,106.3589
2025-09-19,111.7400,111.8400,111.5600,111.7400,26845400,106.2733
2025-09-22,111.6400,111.7000,111.4300,111.4900,25908600,106.0355
2025-09-23,111.6500,111.7500,111.4900,111.7100,31575400,106.2447
2025-09-24,111.4900,111.5200,111.1700,111.2600,34756700,105.8167
2025-09-25,111.0000,111.0800,110.6800,111.0600,36991200,105.6265
2025-09-26,111.1500,111.3900,110.9900,111.2100,31962100,105.7692
2025-09-29,111.4600,111.7000,111.4200,111.5800,31961900,106.1211
2025-09-30,111.6500,111.8600,111.3800,111.4700,34939700,106.0165
2025-10-01,111.4400,111.5100,111.2300,111.5100,30262700,106.4422
2025-10-02,111.4900,111.7300,111.4100,111.6900,18259400,106.6140
2025-10-03,111.6900,111.7700,111.4800,111.5500,19971200,106.4804
2025-10-06,111.2400,111.4700,111.1600,111.1900,19553600,106.1367
2025-10-07,111.3400,111.4900,111.1700,111.4000,29459500,106.3372
2025-10-08,111.6100,111.6200,111.2500,111.2600,22462100,106.2036
2025-10-09,111.1700,111.2100,110.9500,111.0400,29660700,105.9936
2025-10-10,111.4800,111.5500,111.2800,111.3500,39146400,106.2895
2025-10-13,111.4000,111.8000,111.3300,111.7300,11235900,106.6522
2025-10-14,111.5200,112.1300,111.4800,112.1000,43975300,107.0054
2025-10-15,112.2600,112.5000,111.9100,112.1000,45017200,107.0054
2025-10-16,112.0500,112.4400,111.9800,112.4200,39858400,107.3109
2025-10-17,112.2900,112.3200,112.1100,112.2000,35433500,107.1009
2025-10-20,112.4600,112.5600,112.4200,112.5400,26361100,107.4254
2025-10-21,112.8200,112.8900,112.5500,112.5600,27353800,107.4445
2025-10-22,112.5500,112.6800,112.4100,112.6700,41003600,107.5495
2025-10-23,112.5200,112.6900,112.4600,112.5300,27558500,107.4158
2025-10-24,112.7800,112.7900,112.5500,112.7200,29474600,107.5972
2025-10-27,112.7100,112.9300,112.5500,112.9100,23513400,107.7786
2025-10-28,112.8500,112.9300,112.7000,112.9200,34236300,107.7881
2025-10-29,112.8600,112.8900,112.1900,112.2800,36236000,107.1772
2025-10-30,111.6200,112.0100,111.5200,111.6800,46045200,106.6045
2025-10-31,111.7800,111.7800,111.1900,111.2300,57255300,106.1749
2025-11-03,110.5900,110.6200,110.4000,110.5300,53372100,105.8895
2025-11-04,110.4600,110.9600,110.4500,110.6800,62636700,106.0331
2025-11-05,110.6500,110.7200,110.3300,110.3500,43258300,105.7170
2025-11-06,110.8000,110.9300,110.7300,110.9300,37814800,106.2727
2025-11-07,110.6500,110.8400,110.5900,110.7100,42671600,106.0619
2025-11-10,110.7700,110.9000,110.7100,110.7700,45229000,106.1194
2025-11-11,111.0500,111.2900,110.9800,111.2100,11282600,106.5409
2025-11-12,111.1400,111.1900,111.0000,111.1000,39067900,106.4355
2025-11-13,110.7900,110.9100,110.5500,110.5500,34125900,105.9086
2025-11-14,110.6400,110.7300,110.2400,110.2500,31437600,105.6212
2025-11-17,110.3100,110.5800,110.2500,110.3200,34343300,105.6883
2025-11-18,110.5100,110.5800,110.2600,110.3700,30566000,105.7362
2025-11-19,110.6000,110.6700,110.3200,110.3800,29144800,105.7457
2025-11-20,110.6700,110.8100,110.4300,110.5300,49362200,105.8895
2025-11-21,110.9000,110.9600,110.6100,110.9200,41000500,106.2631
2025-11-24,111.1800,111.3600,111.0900,111.3600,28437900,106.6846
2025-11-25,111.4300,111.9000,111.4000,111.6700,47560900,106.9816
2025-11-26,111.6700,112.0600,111.5400,112.0500,24585400,107.3456
2025-11-28,111.9800,112.0200,111.6800,111.8600,25471200,107.1636
2025-12-01,110.7700,110.8900,110.6600,110.8500,24610100,106.5895
2025-12-02,110.8400,111.0500,110.7500,110.9200,34955000,106.6569
2025-12-03,111.0000,111.2700,110.9500,111.1700,20997800,106.8972
2025-12-04,111.0400,111.0600,110.8600,110.9700,29846500,106.7049
2025-12-05,111.0200,111.0300,110.7000,110.8600,25470000,106.5992
2025-12-08,110.8800,110.8900,110.4100,110.6300,28815200,106.3780
2025-12-09,110.8600,110.8800,110.4000,110.4900,29239900,106.2434
2025-12-10,110.4600,111.0600,110.4300,111.0000,34019300,106.7338
2025-12-11,111.1900,111.3100,110.7900,110.8400,41927200,106.5799
2025-12-12,110.3000,110.4100,110.1000,110.1700,39040100,105.9357
2025-12-15,110.5300,110.6100,110.2200,110.3000,22151200,106.0607
2025-12-16,110.1800,110.5900,110.1200,110.5500,31692600,106.3011
2025-12-17,110.4300,110.5800,110.3500,110.4300,22248000,106.1857
2025-12-18,110.8500,110.9400,110.6400,110.8500,31844300,106.5895
2025-12-19,110.2800,110.3400,110.1000,110.1300,28594900,106.3154
2025-12-22,110.1800,110.2100,110.0100,110.1100,17335000,106.2961
2025-12-23,109.9100,110.2700,109.8500,110.2200,16137300,106.4023
2025-12-24,110.4300,110.6500,110.3400,110.6500,6400600,106.8174
2025-12-26,110.7500,110.8000,110.4700,110.6400,10589300,106.8077
2025-12-29,110.6900,110.7900,110.5900,110.7900,18943900,106.9525
2025-12-30,110.5700,110.7600,110.4800,110.6600,21486400,106.8270
2025-12-31,110.5300,110.6300,110.1900,110.1900,19124600,106.3733
2026-01-02,110.3200,110.4000,110.0400,110.1600,25676200,106.3443
2026-01-05,110.3000,110.5100,110.1700,110.4700,27771000,106.6436
2026-01-06,110.3100,110.4800,110.1300,110.4700,31037300,106.6436
2026-01-07,110.7500,110.8000,110.5300,110.5500,28107400,106.7208
2026-01-08,110.2000,110.3900,110.1900,110.2400,26395600,106.4216
2026-01-09,110.3200,110.6800,110.2200,110.6400,29660300,106.8077
2026-01-12,110.3700,110.6500,110.3200,110.5100,28990100,106.6822
2026-01-13,110.7100,110.7900,110.5300,110.7500,31139200,106.9139
2026-01-14,110.8000,111.0400,110.7700,111.0300,27251900,107.1842
2026-01-15,111.1800,111.2000,110.8400,110.8900,34534800,107.0491
2026-01-16,110.8200,110.8700,110.5500,110.5700,38762100,106.7401
2026-01-20,109.8500,110.1500,109.8100,109.9000,43500200,106.0934
2026-01-21,110.1300,110.6600,110.0300,110.5600,38616500,106.7305
2026-01-22,110.5800,110.8700,110.4800,110.7700,36342900,106.9332
2026-01-23,110.7600,110.8600,110.5100,110.8400,30615300,107.0008
2026-01-26,111.0500,111.1200,110.8900,110.9300,23629800,107.0877
2026-01-27,110.8400,111.0000,110.7400,110.8100,27166000,106.9718
2026-01-28,110.7100,110.7400,110.4600,110.6500,31045900,106.8174
2026-01-29,110.4300,110.7100,110.3200,110.6800,45815500,106.8463
2026-01-30,110.6000,110.7400,110.5200,110.5700,39631400,106.7401
2026-02-02,110.1500,110.3200,110.0300,110.0600,35480300,106.6413
2026-02-03,110.0400,110.1400,109.9000,110.1100,32761700,106.6898
2026-02-04,109.9700,110.0500,109.8300,109.9700,31344400,106.5541
2026-02-05,110.1900,110.5400,110.1200,110.5000,23929700,107.0676
2026-02-06,110.4700,110.6000,110.3100,110.5600,29022200,107.1258
2026-02-09,110.3700,110.6100,110.2900,110.5600,27356900,107.1258
2026-02-10,110.9000,111.0400,110.7700,110.8200,34509800,107.3777
2026-02-11,110.6300,110.9100,110.6000,110.7000,29955300,107.2614
2026-02-12,110.9900,111.2900,110.9700,111.2200,39724200,107.7653
2026-02-13,111.5500,111.6000,111.4200,111.5900,33609900,108.1238
2026-02-17,111.5700,111.7400,111.4900,111.7000,33132600,108.2304
2026-02-18,111.5700,111.7300,111.5100,111.5900,40087000,108.1238
2026-02-19,111.4100,111.6800,111.4000,111.6800,30394400,108.2110
2026-02-20,111.6200,111.6900,111.4000,111.5900,44837400,108.1238
2026-02-23,111.6200,111.8300,111.5800,111.7100,33323600,108.2401
2026-02-24,111.6300,111.7400,111.4700,111.6800,37797100,108.2110
2026-02-25,111.6000,111.7700,111.5700,111.6500,33682200,108.1819
2026-02-26,111.6400,111.7400,111.5400,111.7200,33031800,108.2497
2026-02-27,111.7000,111.9300,111.6600,111.6800,48343700,108.2110
2026-03-02,110.8400,110.9800,110.6800,110.9200,54854600,107.8444
2026-03-03,110.1700,111.1300,110.1700,110.8700,78775000,107.7958
2026-03-04,110.9300,111.1700,110.8300,110.9700,49023300,107.8931
2026-03-05,110.4200,110.6000,110.2900,110.5300,47318400,107.4653
2026-03-06,109.9600,110.5200,109.7700,110.1600,58242900,107.1055
2026-03-09,109.8400,110.8700,109.8400,110.8200,44312100,107.7472
2026-03-10,110.4000,110.7000,110.0500,110.0600,71501200,107.0083
2026-03-11,109.6400,109.7600,109.0100,109.1600,66523500,106.1332
2026-03-12,108.9600,108.9800,108.3500,108.5700,72750200,105.5596
2026-03-13,108.7900,108.9900,108.0200,108.1700,54605100,105.1707
2026-03-16,108.9000,109.0300,108.5600,108.6900,65430000,105.6763
2026-03-17,109.0100,109.3300,108.9900,109.3000,53953900,106.2694
2026-03-18,109.1300,109.3200,108.7100,108.7100,60360000,105.6957
2026-03-19,108.3100,109.3500,108.3100,109.1900,60271200,106.1624
2026-03-20,108.6900,108.8000,107.7500,107.8500,66608900,104.8596
2026-03-23,108.2000,108.9100,108.0500,108.5600,54512800,105.5499
2026-03-24,108.0700,108.6300,107.9500,108.3400,46515300,105.3360
2026-03-25,109.0000,109.0500,108.6900,108.7300,48616300,105.7152
2026-03-26,108.2800,108.5800,107.8400,107.8800,42072700,104.8887
2026-03-27,107.4700,107.8700,107.3600,107.6200,42578500,104.6359
2026-03-30,108.4400,108.5900,108.2000,108.3100,42677000,105.3068
2026-03-31,108.7200,109.2000,108.6000,108.9900,57883800,105.9679
2026-04-01,108.4900,108.9500,108.4900,108.6600,37445300,106.0812
2026-04-02,108.4100,109.2500,108.3700,109.1200,27148600,106.5303
2026-04-06,108.8700,109.2600,108.8700,108.9500,29080500,106.3643
2026-04-07,108.8600,109.1500,108.2700,109.0700,41258900,106.4815
2026-04-08,109.9800,110.0000,109.2900,109.4900,63694700,106.8915
2026-04-09,109.3100,109.7900,109.1600,109.4900,39122000,106.8915
2026-04-10,109.4700,109.5500,109.1500,109.2000,22857000,106.6084
2026-04-13,109.1400,109.6800,109.1100,109.6200,19904200,107.0184
2026-04-14,109.7200,110.0800,109.6700,109.9800,29507800,107.3699
2026-04-15,109.8500,109.9600,109.7600,109.9400,30074300,107.3308
2026-04-16,110.0100,110.0200,109.4100,109.4300,25833300,106.8329
2026-04-17,110.1300,110.2900,109.9700,110.0400,44767700,107.4285
2026-04-20,110.0400,110.1200,109.8000,110.0300,19935900,107.4187
2026-04-21,109.9400,110.0300,109.5800,109.6100,26008100,107.0087
2026-04-22,109.9600,110.1100,109.7800,109.8200,17815000,107.2137
2026-04-23,109.8000,109.9500,109.2600,109.5200,25668600,106.9208
2026-04-24,109.5000,109.7300,109.3200,109.6000,23212600,106.9989
2026-04-27,109.5200,109.5900,109.2000,109.2900,21833200,106.6963
2026-04-28,109.0700,109.3400,108.9500,109.3400,25603500,106.7451
2026-04-29,109.0400,109.0400,108.5700,108.7300,21800900,106.1495
2026-04-30,108.8900,109.0700,108.7400,108.8500,45530700,106.2667
2026-05-01,108.5500,109.0100,108.4600,108.6000,34755500,106.4382
2026-05-04,108.4600,108.4700,107.9200,108.2500,21983900,106.0952
2026-05-05,108.4700,108.7900,108.4100,108.6500,33609700,106.4872
2026-05-06,109.1800,109.3200,109.1000,109.1900,28417400,107.0165
2026-05-07,109.3700,109.3900,108.6800,108.7400,24184900,106.5754
2026-05-08,109.1500,109.2900,109.0900,109.2000,17503300,107.0263
2026-05-11,109.0400,109.1800,108.8900,108.9300,23050600,106.7617
2026-05-12,108.6100,108.6600,108.4500,108.5600,26579400,106.3990
2026-05-13,108.5300,108.6300,108.3000,108.6200,19083000,106.4578
2026-05-14,108.8900,108.9400,108.5300,108.5500,18038000,106.3892
2026-05-15,107.8700,107.9500,107.6900,107.8600,49718000,105.7129
2026-05-18,107.9600,108.1100,107.5000,107.6600,31145200,105.5169
2026-05-19,107.2200,107.4000,106.9300,107.1200,36965500,104.9877
2026-05-20,107.1700,108.0800,107.1700,107.9500,34281700,105.8011
2026-05-21,107.6500,108.1800,107.4600,108.1700,25440400,106.0168
2026-05-22,108.5300,108.5300,108.1000,108.3700,19668800,106.2128
2026-05-26,108.9700,109.0000,108.6800,108.7800,23730300,106.6146
2026-05-27,108.9100,109.0700,108.8200,108.9300,16208400,106.7617
2026-05-28,108.9900,109.4100,108.8700,109.2600,24176800,107.0851
2026-05-29,109.3900,109.6000,109.2900,109.3600,26551200,107.1831
2026-06-01,108.5600,108.9600,108.4300,108.9300,19298000,107.1664
2026-06-02,109.0600,109.1400,108.8900,108.9200,14394700,107.1565
2026-06-03,108.5900,108.7000,108.4700,108.6200,24018700,106.8614
2026-06-04,108.8800,108.9700,108.8000,108.8500,17881600,107.0876
2026-06-05,108.4100,108.4700,108.1400,108.1700,30790300,106.4187
2026-06-08,108.4300,108.4900,108.0300,108.0600,21944000,106.3104
2026-06-09,108.3200,108.4500,108.0500,108.4100,37925400,106.6548
2026-06-10,108.3500,108.5100,108.0800,108.1600,20870100,106.4088
2026-06-11,108.4300,109.1500,108.2500,109.0800,34849400,107.3139
2026-06-12,108.8800,109.0700,108.6400,109.0100,23423000,107.2451
2026-06-15,109.2800,109.3400,108.9800,108.9900,27040500,107.2254
2026-06-16,109.1100,109.3300,109.0500,109.1200,24297100,107.3533
2026-06-17,109.0800,109.3100,108.7100,108.7700,31079300,107.0089
2026-06-18,109.4400,109.4600,109.0300,109.0700,41725500,107.3041
2026-06-22,108.7300,108.8100,108.5900,108.7800,22557300,107.0188
2026-06-23,108.7800,109.1200,108.7200,108.9100,27509300,107.1467
2026-06-24,109.3900,109.6100,109.3100,109.4100,31462200,107.6386
2026-06-25,109.5800,109.7100,109.4200,109.5000,33772500,107.7271
2026-06-26,109.2900,109.6500,109.2600,109.5000,26033500,107.7271
2026-06-29,109.6200,109.7400,109.5400,109.7000,43883300,107.9239
2026-06-30,109.5000,109.5600,109.0500,109.0700,32665400,107.3041
2026-07-01,108.3400,108.6600,108.2600,108.4600,25563100,107.0790
2026-07-02,108.5700,108.7200,108.4200,108.6400,18406000,107.2567
2026-07-06,108.6100,108.6800,108.4400,108.6700,17471600,107.2863
2026-07-07,108.2900,108.3400,107.7700,107.8800,32025000,106.5064
2026-07-08,107.6800,107.7500,107.3900,107.6700,31080600,106.2990
2026-07-09,107.7100,108.0100,107.6400,107.7100,24612700,106.3385
2026-07-10,107.7200,107.7200,107.3200,107.4600,34114000,106.0917
2026-07-13,107.3500,107.4300,106.9400,106.9600,29936100,105.5981
2026-07-14,107.1600,107.3900,107.0200,107.2100,33688900,105.8449
2026-07-15,107.2700,107.6600,107.2700,107.5800,27178700,106.2102
2026-07-16,107.3500,107.5700,107.2600,107.5000,33413200,106.1312
2026-07-17,107.6700,107.7900,107.5300,107.5600,25761500,106.1904
2026-07-20,107.5300,107.5600,107.1100,107.1500,29445700,105.7857
2026-07-21,107.0100,107.0500,106.7700,106.8500,26033300,105.4895
2026-07-22,106.7600,106.8300,106.6200,106.6700,20115500,105.3118
2026-07-23,106.1300,106.3200,106.0700,106.2600,35690700,104.9070
2026-07-24,106.0800,106.4900,106.0800,106.2300,27980000,104.8774
2026-07-27,106.5600,106.6200,106.4300,106.5100,33698100,105.1538
2026-07-28,106.6200,106.9400,106.5700,106.8300,23347600,105.4697
2026-07-29,106.7200,106.8000,106.1500,106.2200,44523200,104.8675
2026-07-30,106.3500,106.5500,106.3000,106.4100,30975700,105.0551
2026-07-31,106.2400,106.3500,106.0000,106.2500,40904000,104.8971
2026-08-03,106.0100,106.2500,105.9600,106.1100,30003200,105.2124
2026-08-04,106.5300,106.7800,106.4800,106.7600,30075900,105.8569
2026-08-05,106.7600,106.9400,106.6200,106.7400,24602300,105.8371
2026-08-06,106.4200,106.5100,106.2500,106.3600,32079900,105.4603
2026-08-07,106.7000,106.7400,106.4100,106.5500,22803900,105.6487
2026-08-10,106.2700,106.3300,105.9300,105.9600,26021600,105.0637
2026-08-11,106.1700,106.2800,105.9600,105.9900,24716700,105.0935
2026-08-12,106.3500,106.3900,106.0900,106.1200,23031500,105.2224
2026-08-13,106.6000,106.8600,106.5100,106.5500,25741000,105.6487
2026-08-14,106.3900,106.4400,106.0200,106.1200,29528400,105.2224
2026-08-17,105.9600,106.0200,105.6700,105.7000,25578600,104.8059
2026-08-18,105.4900,105.9100,105.4200,105.8400,33979400,104.9447
2026-08-19,106.5400,106.6300,106.2900,106.5700,37259700,105.6685
2026-08-20,106.0300,106.3000,105.9600,106.0600,26597500,105.1629
2026-08-21,105.9700,106.0200,105.8200,105.9200,24263700,105.0240
2026-08-24,106.1200,106.3300,106.1000,106.1800,23581900,105.2819
2026-08-25,106.6100,106.8900,106.5100,106.8600,30966800,105.9561
2026-08-26,106.7000,106.8000,106.5900,106.7800,19195700,105.8768
2026-08-27,106.7800,106.8600,106.6300,106.7300,21807300,105.8272
2026-08-28,106.7500,106.9500,106.3100,106.3500,27002300,105.4504
2026-08-31,106.2000,106.2400,106.0100,106.2100,29345400,105.3116
2026-09-01,105.5200,105.7200,105.2100,105.2200,34399700,104.7679
2026-09-02,105.3800,105.4200,105.2000,105.3500,26691200,104.8974
2026-09-03,105.7000,105.7700,105.4700,105.5000,16263200,105.0467
2026-09-04,105.5600,105.6800,105.4700,105.4800,20428600,105.0268
2026-09-08,105.7300,105.7300,105.3200,105.4800,19467300,105.0268
2026-09-09,105.4200,105.5300,105.0800,105.3100,34130300,104.8575
2026-09-10,104.7400,104.8300,104.3300,104.3600,35685400,103.9116
2026-09-11,104.8000,104.8700,104.3100,104.3200,27934300,103.8718
2026-09-14,104.2500,104.6500,104.0500,104.3000,30889400,103.8519
2026-09-15,104.2000,104.3400,104.1500,104.2800,30710000,103.8320
2026-09-16,104.6100,105.0700,104.3900,104.4500,39080800,104.0012
2026-09-17,105.0100,105.1600,104.9000,105.1600,29644300,104.7082
2026-09-18,104.7900,104.8200,104.5400,104.7000,29164800,104.2502
2026-09-21,105.0400,105.1100,104.8900,105.0900,23076500,104.6385
2026-09-22,105.1200,105.1900,104.8900,105.0900,23657500,104.6385
2026-09-23,104.8600,104.9100,103.6800,103.8900,35099900,103.4436
2026-09-24,103.8500,103.9900,103.1100,103.1500,40152500,102.7068
2026-09-25,103.1700,103.2700,102.7400,103.2100,44044100,102.7666
2026-09-28,102.5400,102.7000,102.1800,102.4700,44667300,102.0298
2026-09-29,102.6000,102.6000,102.0400,102.4100,55436100,101.9700
2026-09-30,102.5200,102.5600,102.0600,102.1800,45999600,101.7410
2026-10-01,101.4300,102.2300,101.2000,102.0300,48204200,102.0300
2026-10-02,102.3700,102.5500,101.7000,101.8300,48965500,101.8300
