Date,Open,High,Low,Close,Volume,AdjClose
2002-07-30,81.1200,81.1300,81.0000,81.0100,95300,50.7204
2002-07-31,81.1700,81.3100,81.1500,81.2600,38800,50.8769
2002-08-01,81.3300,81.4500,81.3300,81.4200,86800,50.9771
2002-08-02,81.4600,81.6400,81.4000,81.5800,83400,51.0772
2002-08-05,81.6300,81.7300,81.5700,81.7100,93100,51.1586
2002-08-06,81.6100,81.6100,81.4500,81.5100,58200,51.0334
2002-08-07,81.5900,81.6900,81.5400,81.6300,127000,51.1086
2002-08-08,81.6100,81.6200,81.4700,81.5100,111800,51.0334
2002-08-09,81.4800,81.5600,81.4600,81.5300,50900,51.0460
2002-08-12,81.5100,81.5700,81.4700,81.5200,52300,51.0397
2002-08-13,81.5900,81.6800,81.4800,81.6600,36200,51.1274
2002-08-14,81.6900,81.7100,81.4600,81.4800,108700,51.0146
2002-08-15,81.3800,81.5400,81.3000,81.4100,87700,50.9709
2002-08-16,81.5400,81.5500,81.3100,81.3600,274500,50.9395
2002-08-19,81.4100,81.4300,81.3100,81.3700,36000,50.9458
2002-08-20,81.5100,81.5700,81.4600,81.5600,51400,51.0648
2002-08-21,81.4600,81.5400,81.4200,81.4900,43100,51.0209
2002-08-22,81.5000,81.5000,81.3800,81.4000,47700,50.9646
2002-08-23,81.4800,81.5200,81.4400,81.5000,60900,51.0272
2002-08-26,81.4900,81.5500,81.4500,81.4900,49700,51.0209
2002-08-27,81.4000,81.4500,81.3500,81.4300,54700,50.9834
2002-08-28,81.5100,81.5300,81.4600,81.4900,50600,51.0209
2002-08-29,81.6400,81.6400,81.5500,81.5800,53700,51.0772
2002-08-30,81.6300,81.6300,81.5200,81.6100,143800,51.0960
2002-09-03,81.6200,81.7800,81.6100,81.6700,83000,51.2171
2002-09-04,81.6700,81.7300,81.6000,81.6400,49500,51.1983
2002-09-05,81.6900,81.7300,81.6400,81.7300,49000,51.2547
2002-09-06,81.5500,81.6100,81.5300,81.5700,33700,51.1544
2002-09-09,81.5200,81.5700,81.4500,81.4600,65200,51.0854
2002-09-10,81.4400,81.5400,81.4200,81.5100,51000,51.1168
2002-09-11,81.4000,81.4600,81.3600,81.4600,24700,51.0854
2002-09-12,81.4800,81.5500,81.4600,81.5200,50100,51.1230
2002-09-13,81.5500,81.5900,81.5200,81.5800,95100,51.1606
2002-09-16,81.6100,81.6100,81.5400,81.5500,39000,51.1419
2002-09-17,81.5200,81.6200,81.4800,81.6100,28800,51.1795
2002-09-18,81.6400,81.7000,81.6000,81.6000,173700,51.1732
2002-09-19,81.7600,81.7700,81.6600,81.7700,191100,51.2798
2002-09-20,81.7400,81.7900,81.7000,81.7800,360800,51.2861
2002-09-23,81.8200,81.8500,81.7500,81.8000,263600,51.2986
2002-09-24,81.8700,81.9400,81.7800,81.8400,659400,51.3237
2002-09-25,81.7900,81.8300,81.7000,81.7600,240400,51.2735
2002-09-26,81.7600,81.8200,81.6900,81.7900,81100,51.2924
2002-09-27,81.8500,81.9600,81.8100,81.9600,136200,51.3990
2002-09-30,82.0300,82.1300,82.0000,82.0800,216900,51.4742
2002-10-01,81.9100,82.0000,81.8400,81.8600,94100,51.4114
2002-10-02,81.8900,81.9500,81.8300,81.9300,79400,51.4553
2002-10-03,81.9000,81.9700,81.8000,81.9400,196500,51.4616
2002-10-04,81.7700,81.9300,81.7600,81.8700,205600,51.4177
2002-10-07,81.9700,81.9700,81.8800,81.9700,171600,51.4805
2002-10-08,81.8500,82.0000,81.8500,81.8900,167100,51.4302
2002-10-09,81.9900,82.0600,81.9200,82.0600,332800,51.5370
2002-10-10,82.0300,82.0800,81.9300,81.9800,166200,51.4868
2002-10-11,81.9500,81.9500,81.8000,81.8500,407000,51.4051
2002-10-14,81.8200,81.8800,81.8200,81.8700,54500,51.4177
2002-10-15,81.6700,81.7000,81.5400,81.5600,100800,51.2230
2002-10-16,81.6500,81.6700,81.5500,81.5900,51300,51.2418
2002-10-17,81.5200,81.5700,81.4800,81.5200,239200,51.1979
2002-10-18,81.4900,81.5900,81.4100,81.5900,100600,51.2418
2002-10-21,81.5600,81.5700,81.3700,81.4100,595800,51.1288
2002-10-22,81.4700,81.4800,81.3700,81.4000,325800,51.1225
2002-10-23,81.5000,81.5800,81.4300,81.4600,126700,51.1602
2002-10-24,81.5100,81.6400,81.5000,81.6000,69400,51.2481
2002-10-25,81.7100,81.7800,81.6600,81.7400,56000,51.3360
2002-10-28,81.8900,81.9000,81.8300,81.8500,31100,51.4051
2002-10-29,81.9400,82.0900,81.9300,82.0300,25000,51.5182
2002-10-30,82.0100,82.1000,81.9700,82.0200,28800,51.5119
2002-10-31,82.0300,82.1700,81.9900,82.1600,153700,51.5998
2002-11-01,81.9700,82.0200,81.8600,81.9400,50300,51.5451
2002-11-04,81.8500,81.9000,81.8300,81.8600,255200,51.4948
2002-11-05,81.8900,81.8900,81.7800,81.8500,342100,51.4884
2002-11-06,81.8400,81.9900,81.8000,81.8800,176100,51.5073
2002-11-07,81.9000,81.9200,81.8400,81.9200,39900,51.5325
2002-11-08,81.8600,81.9100,81.8300,81.8900,27800,51.5136
2002-11-11,81.8700,81.9700,81.8600,81.9700,83800,51.5639
2002-11-12,81.9400,82.0000,81.9300,81.9900,50300,51.5765
2002-11-13,81.9400,82.0400,81.9400,82.0000,46400,51.5829
2002-11-14,81.9400,81.9400,81.8000,81.8000,30900,51.4570
2002-11-15,81.8000,81.8400,81.7500,81.8400,27500,51.4822
2002-11-18,81.8000,81.8600,81.7700,81.8400,27300,51.4822
2002-11-19,81.8500,81.8600,81.7800,81.8200,22400,51.4696
2002-11-20,81.8800,81.8800,81.7000,81.7500,19400,51.4256
2002-11-21,81.6800,81.7200,81.6300,81.6400,72500,51.3564
2002-11-22,81.6600,81.6800,81.6100,81.6100,43400,51.3375
2002-11-25,81.6200,81.7100,81.6100,81.6600,49100,51.3690
2002-11-26,81.7200,81.8200,81.6900,81.8100,28500,51.4633
2002-11-27,81.7300,81.7300,81.6100,81.6700,542100,51.3753
2002-11-29,81.7200,81.7200,81.6700,81.7100,69100,51.4004
2002-12-02,81.5000,81.6400,81.4200,81.6200,74100,51.4193
2002-12-03,81.6600,81.6600,81.5800,81.6500,88900,51.4382
2002-12-04,81.7100,81.7500,81.6200,81.7000,220000,51.4697
2002-12-05,81.6700,81.7900,81.6300,81.7700,122300,51.5138
2002-12-06,81.9100,81.9100,81.7800,81.8500,470600,51.5642
2002-12-09,81.9000,81.9200,81.8400,81.8700,83500,51.5768
2002-12-10,81.9000,81.9100,81.8200,81.8600,32500,51.5704
2002-12-11,81.8900,81.9600,81.8800,81.9300,108700,51.6146
2002-12-12,81.8800,82.0000,81.8700,81.9600,41200,51.6335
2002-12-13,81.9200,81.9600,81.8800,81.9000,91600,51.5957
2002-12-16,81.9300,81.9300,81.8300,81.8600,36500,51.5704
2002-12-17,81.9200,81.9400,81.8700,81.9400,47200,51.6209
2002-12-18,82.0300,82.0700,81.9900,82.0700,275400,51.7028
2002-12-19,82.0600,82.1600,82.0400,82.1600,419200,51.7595
2002-12-20,82.1200,82.1500,82.0700,82.1200,46800,51.7343
2002-12-23,82.1100,82.1300,82.0700,82.1300,49100,51.7406
2002-12-24,82.2400,82.2500,82.2000,82.2200,73300,51.7973
2002-12-26,82.2300,82.2800,82.1900,82.2800,24800,51.8351
2002-12-27,82.3500,82.3900,82.3000,82.3800,45600,51.8981
2002-12-30,82.3600,82.4200,82.3400,82.3900,101400,51.9044
2002-12-31,82.2600,82.3200,82.2400,82.3100,207600,51.9416
2003-01-02,82.1600,82.1800,81.9600,82.0000,323800,51.7460
2003-01-03,81.9400,82.0100,81.9100,82.0100,55100,51.7523
2003-01-06,81.9500,81.9800,81.8700,81.9600,133000,51.7208
2003-01-07,81.9400,82.0600,81.9300,82.0200,99900,51.7586
2003-01-08,82.1000,82.1400,82.0700,82.0900,85000,51.8028
2003-01-09,82.0400,82.0400,81.9100,81.9400,120500,51.7081
2003-01-10,82.0600,82.0600,81.9400,82.0500,43700,51.7776
2003-01-13,82.0200,82.0600,81.9700,82.0300,71500,51.7649
2003-01-14,82.1000,82.1100,82.0400,82.0600,40700,51.7838
2003-01-15,82.1000,82.1700,82.0900,82.0900,199300,51.8028
2003-01-16,82.0900,82.1400,82.0200,82.1400,31300,51.8343
2003-01-17,82.2100,82.2200,82.1200,82.1200,40300,51.8217
2003-01-21,82.1600,82.2300,82.1300,82.2200,92800,51.8848
2003-01-22,82.2000,82.2800,82.2000,82.2800,48100,51.9227
2003-01-23,82.2000,82.2700,82.2000,82.2300,49700,51.8911
2003-01-24,82.2600,82.3000,82.2200,82.2200,134500,51.8848
2003-01-27,82.2500,82.2700,82.1900,82.2200,333200,51.8848
2003-01-28,82.2300,82.2500,82.1700,82.2400,1039400,51.8975
2003-01-29,82.2600,82.2700,82.1400,82.1700,27400,51.8532
2003-01-30,82.1600,82.2700,82.1500,82.2700,138300,51.9164
2003-01-31,82.2800,82.2800,82.2000,82.2500,136600,51.9037
2003-02-03,82.0900,82.1100,82.0500,82.0800,94800,51.8734
2003-02-04,82.1700,82.1800,82.1200,82.1700,85700,51.9302
2003-02-05,82.1700,82.2000,82.1000,82.1400,27300,51.9113
2003-02-06,82.2000,82.2100,82.1500,82.1800,66400,51.9366
2003-02-07,82.1600,82.2600,82.1200,82.2500,70100,51.9808
2003-02-10,82.2400,82.2500,82.1500,82.1900,60900,51.9429
2003-02-11,82.1300,82.2300,82.1300,82.2200,59000,51.9619
2003-02-12,82.2400,82.3000,82.2300,82.2900,77900,52.0061
2003-02-13,82.3000,82.3800,82.2700,82.3600,63500,52.0504
2003-02-14,82.2900,82.3300,82.2500,82.2900,152100,52.0061
2003-02-18,82.2400,82.2700,82.1900,82.2600,155900,51.9872
2003-02-19,82.2800,82.3300,82.2500,82.3000,76800,52.0125
2003-02-20,82.2800,82.3600,82.2800,82.3500,50000,52.0441
2003-02-21,82.3100,82.3600,82.2700,82.2800,76400,51.9998
2003-02-24,82.3400,82.3500,82.2900,82.3200,103100,52.0251
2003-02-25,82.3800,82.4200,82.3400,82.3700,84200,52.0567
2003-02-26,82.4000,82.4100,82.3600,82.4100,151800,52.0820
2003-02-27,82.4000,82.4100,82.3400,82.4100,57400,52.0820
2003-02-28,82.3700,82.4500,82.3300,82.4500,57100,52.1072
2003-03-03,82.2700,82.3700,82.2700,82.3700,47900,52.1244
2003-03-04,82.3300,82.4100,82.3300,82.3600,51400,52.1180
2003-03-05,82.4400,82.4800,82.4000,82.4300,60200,52.1623
2003-03-06,82.4700,82.4700,82.3800,82.4600,69100,52.1813
2003-03-07,82.5800,82.5800,82.4800,82.5400,149300,52.2319
2003-03-10,82.5500,82.6300,82.5500,82.6200,64900,52.2825
2003-03-11,82.5900,82.6000,82.5300,82.5500,75400,52.2383
2003-03-12,82.4800,82.5400,82.4600,82.4900,59800,52.2003
2003-03-13,82.3600,82.3900,82.2400,82.2400,68100,52.0421
2003-03-14,82.3100,82.3800,82.2900,82.3200,338700,52.0927
2003-03-17,82.4500,82.4500,82.1900,82.2200,133700,52.0294
2003-03-18,82.2200,82.2900,82.1300,82.1500,126800,51.9851
2003-03-19,82.2000,82.2000,82.1200,82.1300,62700,51.9725
2003-03-20,82.1800,82.2500,82.1200,82.2300,93200,52.0357
2003-03-21,82.1400,82.1500,82.0200,82.0200,131400,51.9028
2003-03-24,82.1800,82.2300,82.1700,82.2000,54800,52.0168
2003-03-25,82.2700,82.2700,82.1200,82.2000,31000,52.0168
2003-03-26,82.1900,82.3000,82.1900,82.3000,62600,52.0801
2003-03-27,82.3400,82.3700,82.2800,82.3200,47700,52.0927
2003-03-28,82.4200,82.4300,82.3600,82.4300,88700,52.1623
2003-03-31,82.5000,82.5300,82.4500,82.4900,86900,52.2003
2003-04-01,82.3300,82.4000,82.2900,82.3600,41300,52.1889
2003-04-02,82.2800,82.3000,82.2100,82.2700,171700,52.1318
2003-04-03,82.2400,82.3500,82.2400,82.3200,298000,52.1635
2003-04-04,82.3500,82.3800,82.2900,82.3000,71700,52.1509
2003-04-07,82.1700,82.2500,82.1400,82.2500,83600,52.1191
2003-04-08,82.2400,82.3300,82.2400,82.3300,116800,52.1699
2003-04-09,82.2900,82.3800,82.2800,82.3800,164800,52.2015
2003-04-10,82.3300,82.3700,82.2700,82.2700,32100,52.1318
2003-04-11,82.2000,82.2700,82.1500,82.2300,270100,52.1065
2003-04-14,82.1500,82.1800,82.1000,82.1600,261700,52.0621
2003-04-15,82.1900,82.2500,82.1500,82.2200,91500,52.1001
2003-04-16,82.1600,82.2500,82.1600,82.2300,101300,52.1065
2003-04-17,82.2700,82.2800,82.1500,82.1600,106800,52.0621
2003-04-21,82.1600,82.2100,82.1100,82.2100,37800,52.0938
2003-04-22,82.2500,82.2700,82.1800,82.2000,225400,52.0875
2003-04-23,82.2600,82.2700,82.2000,82.2600,145700,52.1255
2003-04-24,82.3100,82.3700,82.3000,82.3400,45300,52.1762
2003-04-25,82.3700,82.4300,82.3400,82.4200,346200,52.2269
2003-04-28,82.4200,82.4400,82.3500,82.4000,164700,52.2142
2003-04-29,82.3600,82.3800,82.3100,82.3400,68200,52.1762
2003-04-30,82.3900,82.5200,82.3700,82.5100,81600,52.2839
2003-05-01,82.4200,82.4600,82.3600,82.3800,90700,52.2839
2003-05-02,82.4100,82.4100,82.2900,82.2900,68400,52.2268
2003-05-05,82.2900,82.3600,82.2600,82.3500,120700,52.2649
2003-05-06,82.3000,82.4700,82.2300,82.4700,107400,52.3410
2003-05-07,82.4700,82.4900,82.4200,82.4900,48200,52.3537
2003-05-08,82.5000,82.5000,82.4000,82.4500,81900,52.3283
2003-05-09,82.4100,82.4700,82.3900,82.4300,213900,52.3156
2003-05-12,82.4700,82.5200,82.4300,82.4900,94800,52.3537
2003-05-13,82.4700,82.4700,82.4100,82.4700,62600,52.3410
2003-05-14,82.5000,82.5600,82.4700,82.5200,50500,52.3728
2003-05-15,82.4400,82.5200,82.4400,82.4900,107600,52.3537
2003-05-16,82.5300,82.6000,82.4900,82.5800,50000,52.4109
2003-05-19,82.6700,82.6700,82.6000,82.6000,68700,52.4236
2003-05-20,82.5700,82.7100,82.5700,82.7100,104800,52.4934
2003-05-21,82.5700,82.6900,82.5700,82.6000,40400,52.4236
2003-05-22,82.6700,82.6700,82.6000,82.6300,45500,52.4426
2003-05-23,82.6500,82.6700,82.6000,82.6600,48400,52.4617
2003-05-27,82.6600,82.6800,82.5900,82.6300,79100,52.4426
2003-05-28,82.6100,82.6900,82.6000,82.6800,51200,52.4743
2003-05-29,82.6900,82.7300,82.6500,82.7100,57400,52.4934
2003-05-30,82.6800,82.6900,82.6200,82.6800,191900,52.4743
2003-06-02,82.5400,82.5700,82.5000,82.5300,100300,52.4470
2003-06-03,82.6000,82.7300,82.5700,82.6900,52700,52.5487
2003-06-04,82.7800,82.7800,82.7100,82.7600,104100,52.5932
2003-06-05,82.7500,82.8000,82.6700,82.7100,96100,52.5614
2003-06-06,82.6200,82.7000,82.6000,82.6900,156100,52.5487
2003-06-09,82.7700,82.8000,82.7200,82.8000,105900,52.6186
2003-06-10,82.8500,82.8900,82.8000,82.8900,49100,52.6758
2003-06-11,82.8800,82.8800,82.8100,82.8300,147300,52.6376
2003-06-12,82.8500,82.9200,82.8100,82.8800,208400,52.6695
2003-06-13,82.9200,82.9800,82.8700,82.9500,115700,52.7139
2003-06-16,82.9300,82.9400,82.8200,82.8500,141300,52.6503
2003-06-17,82.8000,82.8000,82.7100,82.7300,163700,52.5741
2003-06-18,82.7300,82.8000,82.7100,82.7400,106600,52.5804
2003-06-19,82.8100,82.8700,82.7600,82.8200,145300,52.6313
2003-06-20,82.8000,82.8400,82.7700,82.8000,87900,52.6186
2003-06-23,82.8500,82.8800,82.8100,82.8800,84900,52.6695
2003-06-24,82.9200,82.9500,82.8700,82.9400,211300,52.7075
2003-06-25,83.0300,83.0400,82.7200,82.7700,818400,52.5995
2003-06-26,82.7600,82.7600,82.5600,82.6200,177200,52.5042
2003-06-27,82.6500,82.6500,82.5200,82.6400,137300,52.5169
2003-06-30,82.5900,82.7200,82.5900,82.7100,225300,52.5614
2003-07-01,82.5700,82.6900,82.5500,82.6100,105900,52.5626
2003-07-02,82.5500,82.6600,82.5100,82.6500,72100,52.5881
2003-07-03,82.6800,82.6800,82.5600,82.5600,160900,52.5309
2003-07-07,82.5600,82.5600,82.5000,82.5400,109500,52.5181
2003-07-08,82.5200,82.5700,82.4700,82.5100,108700,52.4991
2003-07-09,82.5100,82.5800,82.5100,82.5300,66600,52.5118
2003-07-10,82.5400,82.6100,82.5400,82.6000,282900,52.5563
2003-07-11,82.5400,82.6600,82.5400,82.6300,47700,52.5754
2003-07-14,82.6300,82.6500,82.5500,82.5600,134100,52.5309
2003-07-15,82.5500,82.5800,82.4100,82.4600,136700,52.4672
2003-07-16,82.3800,82.4900,82.3700,82.4700,104100,52.4736
2003-07-17,82.4400,82.4700,82.3900,82.4200,84900,52.4418
2003-07-18,82.4500,82.4700,82.3800,82.4100,116000,52.4355
2003-07-21,82.3600,82.4000,82.2500,82.2700,96000,52.3463
2003-07-22,82.3200,82.3600,82.2800,82.3500,146900,52.3972
2003-07-23,82.4300,82.4700,82.3900,82.3900,221600,52.4227
2003-07-24,82.3400,82.4200,82.3400,82.3800,111900,52.4163
2003-07-25,82.3800,82.4700,82.3800,82.4200,86500,52.4418
2003-07-28,82.3100,82.3700,82.3000,82.3100,86400,52.3718
2003-07-29,82.3000,82.4400,82.2100,82.2400,120500,52.3273
2003-07-30,82.2900,82.3800,82.2700,82.2800,59000,52.3527
2003-07-31,82.2400,82.2700,82.0300,82.1900,130700,52.2954
2003-08-01,81.9000,82.1000,81.8800,82.0000,276500,52.2393
2003-08-04,81.9800,82.1700,81.9800,82.1300,127300,52.3222
2003-08-05,82.1600,82.1600,81.9000,81.9800,124500,52.2266
2003-08-06,81.9400,82.1000,81.9400,82.0600,80000,52.2776
2003-08-07,82.1200,82.1500,82.0200,82.1500,99100,52.3349
2003-08-08,82.2000,82.2600,82.1400,82.1700,187100,52.3477
2003-08-11,82.1400,82.1400,82.0300,82.0600,84800,52.2776
2003-08-12,82.1000,82.2100,82.0500,82.2000,46100,52.3668
2003-08-13,82.0900,82.1100,82.0000,82.0400,83200,52.2649
2003-08-14,81.9700,82.0400,81.9400,82.0200,134600,52.2521
2003-08-15,82.1000,82.2000,82.0500,82.0800,21100,52.2903
2003-08-18,82.1200,82.1200,82.0100,82.0700,134100,52.2840
2003-08-19,82.0400,82.1700,81.9800,82.1700,88900,52.3477
2003-08-20,82.1400,82.1800,82.0600,82.1100,81200,52.3094
2003-08-21,82.0800,82.1000,81.8800,81.9900,99200,52.2330
2003-08-22,81.8800,82.0200,81.8800,81.9700,174500,52.2202
2003-08-25,82.0000,82.0100,81.9100,81.9300,77100,52.1948
2003-08-26,81.9200,82.0200,81.8800,82.0200,350400,52.2521
2003-08-27,82.0300,82.0300,81.9000,81.9400,43300,52.2011
2003-08-28,82.0200,82.1100,81.9900,82.0600,91000,52.2776
2003-08-29,82.0700,82.0700,81.9900,82.0500,156800,52.2712
2003-09-02,81.8600,81.9100,81.8200,81.8400,378800,52.2030
2003-09-03,81.8500,81.9000,81.8300,81.9000,117700,52.2412
2003-09-04,81.9400,82.0500,81.9200,82.0100,79900,52.3114
2003-09-05,82.2200,82.3000,82.1500,82.2900,66800,52.4901
2003-09-08,82.2300,82.4000,82.1900,82.1900,194400,52.4262
2003-09-09,82.2800,82.3300,82.2000,82.3300,102100,52.5155
2003-09-10,82.3500,82.4200,82.3100,82.3800,91000,52.5474
2003-09-11,82.3200,82.3600,82.3000,82.3200,75800,52.5091
2003-09-12,82.4500,82.4900,82.3700,82.3900,222200,52.5538
2003-09-15,82.4000,82.4800,82.3500,82.4700,66200,52.6049
2003-09-16,82.5000,82.5000,82.3900,82.4800,102200,52.6112
2003-09-17,82.4700,82.5300,82.4200,82.4700,86400,52.6049
2003-09-18,82.4500,82.4500,82.3500,82.3900,192800,52.5538
2003-09-19,82.3800,82.4100,82.3200,82.3900,59500,52.5538
2003-09-22,82.3700,82.4300,82.2900,82.4200,86700,52.5729
2003-09-23,82.3900,82.4400,82.3400,82.4400,265000,52.5857
2003-09-24,82.4100,82.5100,82.3700,82.4900,62400,52.6176
2003-09-25,82.4900,82.5300,82.4500,82.5000,103100,52.6240
2003-09-26,82.5200,82.6000,82.4800,82.6000,76100,52.6877
2003-09-29,82.5900,82.6100,82.5300,82.5600,159300,52.6622
2003-09-30,82.6200,82.7300,82.5800,82.7300,92900,52.7707
2003-10-01,82.6200,82.6800,82.6000,82.6500,115000,52.7790
2003-10-02,82.5500,82.6600,82.5300,82.6500,93500,52.7790
2003-10-03,82.4400,82.4700,82.3800,82.4400,134300,52.6449
2003-10-06,82.3800,82.5100,82.3800,82.5000,98900,52.6832
2003-10-07,82.5000,82.5000,82.4000,82.4200,171400,52.6321
2003-10-08,82.4000,82.4900,82.4000,82.4200,71900,52.6321
2003-10-09,82.3600,82.4100,82.3500,82.4100,143600,52.6258
2003-10-10,82.4800,82.4900,82.4100,82.4600,212200,52.6576
2003-10-13,82.4500,82.4700,82.4000,82.4700,165500,52.6641
2003-10-14,82.3700,82.4200,82.3400,82.3900,59900,52.6130
2003-10-15,82.3000,82.3200,82.2600,82.2900,82300,52.5491
2003-10-16,82.3300,82.3400,82.0700,82.1000,121800,52.4278
2003-10-17,82.1200,82.2000,82.0800,82.2000,118200,52.4916
2003-10-20,82.1400,82.2500,82.1000,82.2100,185700,52.4980
2003-10-21,82.2600,82.2800,82.1900,82.2300,126400,52.5108
2003-10-22,82.2600,82.3600,82.2200,82.3200,95300,52.5682
2003-10-23,82.3100,82.3400,82.2300,82.3000,102000,52.5555
2003-10-24,82.3500,82.4100,82.3000,82.4000,70700,52.6193
2003-10-27,82.3500,82.3600,82.3000,82.3100,120100,52.5618
2003-10-28,82.2500,82.4700,82.2200,82.4500,97600,52.6512
2003-10-29,82.3800,82.5000,82.3400,82.3600,216500,52.5938
2003-10-30,82.2800,82.3200,82.2400,82.2900,117500,52.5491
2003-10-31,82.3200,82.3500,82.2800,82.3000,73900,52.5555
2003-11-03,82.1300,82.1700,82.0700,82.1400,378300,52.5241
2003-11-04,82.1500,82.2100,82.1500,82.2000,89900,52.5625
2003-11-05,82.2000,82.2100,82.0800,82.1200,309100,52.5113
2003-11-06,82.0200,82.0600,82.0000,82.0300,120900,52.4538
2003-11-07,81.9200,81.9800,81.8900,81.9600,81900,52.4091
2003-11-10,82.0000,82.0300,81.9100,81.9800,180300,52.4218
2003-11-11,81.9000,81.9900,81.8900,81.9800,167300,52.4218
2003-11-12,82.0100,82.0300,81.9800,82.0300,66200,52.4538
2003-11-13,82.1500,82.2100,82.1000,82.2100,83800,52.5689
2003-11-14,82.2500,82.3100,82.2000,82.3100,110200,52.6328
2003-11-17,82.3400,82.4000,82.3200,82.3600,93000,52.6648
2003-11-18,82.2800,82.3700,82.2500,82.3700,102300,52.6712
2003-11-19,82.3900,82.4000,82.2200,82.2200,125300,52.5753
2003-11-20,82.3800,82.3800,82.2600,82.3800,102200,52.6776
2003-11-21,82.3500,82.4300,82.3300,82.3500,111100,52.6584
2003-11-24,82.3000,82.3100,82.2100,82.2400,99300,52.5881
2003-11-25,82.2700,82.3500,82.2300,82.3300,165400,52.6456
2003-11-26,82.2700,82.3000,82.2000,82.2400,150100,52.5881
2003-11-28,82.1600,82.1600,82.1100,82.1400,57800,52.5241
2003-12-01,81.9400,81.9500,81.8600,81.9200,158100,52.4524
2003-12-02,81.9700,82.0100,81.8700,82.0100,220300,52.5100
2003-12-03,82.0100,82.0500,81.9100,81.9400,254000,52.4652
2003-12-04,81.9800,82.0400,81.9400,82.0200,76600,52.5165
2003-12-05,82.2400,82.3100,82.1800,82.2800,105300,52.6829
2003-12-08,82.2800,82.2800,82.1800,82.1900,110300,52.6253
2003-12-09,82.2600,82.3000,82.0400,82.1400,92300,52.5933
2003-12-10,82.2200,82.2500,82.1500,82.2400,489600,52.6573
2003-12-11,82.2100,82.4300,82.1700,82.4100,214900,52.7661
2003-12-12,82.4500,82.4900,82.3500,82.3900,113700,52.7533
2003-12-15,82.3700,82.4200,82.3000,82.3700,139300,52.7405
2003-12-16,82.3900,82.4200,82.3200,82.4200,107800,52.9881
2003-12-17,82.4800,82.4900,82.3900,82.4300,130900,52.9945
2003-12-18,82.4100,82.4500,82.3300,82.4500,134000,53.0073
2003-12-19,82.4100,82.5000,82.3700,82.4700,97400,53.0202
2003-12-22,82.5000,82.5100,82.3700,82.4200,81700,52.9881
2003-12-23,82.4000,82.4000,82.2700,82.2900,121500,52.9045
2003-12-24,82.4200,82.4800,82.4000,82.4800,97600,53.0266
2003-12-26,82.5300,82.5500,82.5000,82.5500,151300,53.0716
2003-12-29,82.5200,82.5200,82.4300,82.4400,101300,53.0009
2003-12-30,82.4400,82.5300,82.4100,82.4800,97000,53.0266
2003-12-31,82.3900,82.4800,82.3500,82.4700,191000,53.0949
2004-01-02,82.3700,82.3700,82.2000,82.2700,142700,52.9661
2004-01-05,82.2500,82.2800,82.2000,82.2800,272400,52.9726
2004-01-06,82.2900,82.4300,82.2900,82.3800,243500,53.0370
2004-01-07,82.4000,82.4700,82.3700,82.4400,115400,53.0756
2004-01-08,82.4200,82.4600,82.4000,82.4500,104200,53.0820
2004-01-09,82.6300,82.7000,82.6000,82.6500,196600,53.2107
2004-01-12,82.6700,82.7700,82.6400,82.7000,116900,53.2430
2004-01-13,82.7000,82.8000,82.6600,82.8000,160000,53.3073
2004-01-14,82.7500,82.8100,82.7100,82.7200,252400,53.2559
2004-01-15,82.7000,82.7300,82.6600,82.7100,279800,53.2494
2004-01-16,82.7200,82.7600,82.6500,82.6500,111700,53.2107
2004-01-20,82.6700,82.7200,82.6200,82.6900,288600,53.2365
2004-01-21,82.6900,82.7400,82.6700,82.7400,267700,53.2687
2004-01-22,82.7400,82.8000,82.7000,82.8000,237500,53.3073
2004-01-23,82.8000,82.8300,82.6600,82.6800,113100,53.2301
2004-01-26,82.7000,82.7000,82.6200,82.6200,421700,53.1914
2004-01-27,82.6300,82.7400,82.6300,82.7200,137100,53.2559
2004-01-28,82.7400,82.8000,82.3100,82.5100,221000,53.1206
2004-01-29,82.5300,82.5300,82.4200,82.5300,353000,53.1335
2004-01-30,82.5800,82.5900,82.5100,82.5700,108400,53.1593
2004-02-02,82.4600,82.5100,82.4200,82.4800,240100,53.1779
2004-02-03,82.4800,82.5600,82.4800,82.5600,148600,53.2295
2004-02-04,82.5300,82.5500,82.5000,82.5100,94100,53.1973
2004-02-05,82.5300,82.5500,82.4100,82.4500,256600,53.1586
2004-02-06,82.5900,82.5900,82.5400,82.5800,177600,53.2425
2004-02-09,82.5000,82.6100,82.5000,82.6100,96000,53.2617
2004-02-10,82.5700,82.5700,82.5000,82.5000,236500,53.1909
2004-02-11,82.4700,82.7000,82.4700,82.6300,510900,53.2746
2004-02-12,82.6600,82.6800,82.6200,82.6600,167400,53.2940
2004-02-13,82.7200,82.7800,82.6900,82.7800,133900,53.3714
2004-02-17,82.7400,82.7500,82.6900,82.7100,129700,53.3262
2004-02-18,82.7800,82.7800,82.6900,82.7200,122100,53.3327
2004-02-19,82.7000,82.7600,82.6800,82.7600,153200,53.3585
2004-02-20,82.7200,82.7200,82.6400,82.6700,124900,53.3004
2004-02-23,82.7000,82.7600,82.6800,82.7500,133500,53.3520
2004-02-24,82.7600,82.8000,82.7200,82.7600,156300,53.3585
2004-02-25,82.8000,82.8200,82.7600,82.8200,119900,53.3972
2004-02-26,82.8000,82.8200,82.7600,82.7900,227000,53.3778
2004-02-27,82.8000,82.8500,82.7900,82.8500,148600,53.4165
2004-03-01,82.7400,82.7400,82.6500,82.7100,175900,53.3991
2004-03-02,82.6900,82.6900,82.5700,82.6300,218800,53.3474
2004-03-03,82.5500,82.6100,82.5100,82.5700,188400,53.3087
2004-03-04,82.5900,82.6500,82.5400,82.6400,191500,53.3538
2004-03-05,82.8800,82.8900,82.8200,82.8200,451000,53.4701
2004-03-08,82.9400,82.9600,82.8900,82.9500,152600,53.5541
2004-03-09,82.9500,83.0000,82.9100,83.0000,114500,53.5863
2004-03-10,82.9300,82.9900,82.9200,82.9500,251200,53.5541
2004-03-11,83.0200,83.0300,82.9000,83.0200,162900,53.5992
2004-03-12,83.0000,83.0200,82.9300,82.9600,133200,53.5605
2004-03-15,82.9500,82.9700,82.8900,82.9200,141700,53.5347
2004-03-16,82.9200,83.0300,82.8700,82.9800,165600,53.5734
2004-03-17,83.0400,83.0400,82.9700,82.9800,147100,53.5734
2004-03-18,82.9800,83.0200,82.9100,82.9500,455600,53.5541
2004-03-19,82.9800,83.0000,82.9300,82.9800,127500,53.5734
2004-03-22,82.9900,83.0300,82.9700,83.0300,233300,53.6057
2004-03-23,83.0200,83.0500,83.0000,83.0500,208200,53.6186
2004-03-24,83.0600,83.0700,83.0200,83.0700,245900,53.6315
2004-03-25,83.0500,83.0700,83.0000,83.0600,181500,53.6250
2004-03-26,83.0800,83.0800,82.9400,82.9800,344100,53.5734
2004-03-29,82.8700,82.9200,82.8600,82.9200,174200,53.5347
2004-03-30,82.9500,82.9600,82.8800,82.9100,190300,53.5282
2004-03-31,82.9200,82.9900,82.9200,82.9700,179400,53.5670
2004-04-01,82.8300,82.8300,82.7400,82.7500,270900,53.5023
2004-04-02,82.4600,82.6400,82.4200,82.4600,412100,53.3148
2004-04-05,82.4200,82.4300,82.3800,82.3800,291000,53.2631
2004-04-06,82.4400,82.5100,82.4300,82.4800,125900,53.3277
2004-04-07,82.4900,82.5400,82.4600,82.5000,134300,53.3407
2004-04-08,82.4300,82.5100,82.4200,82.5000,146500,53.3407
2004-04-12,82.4200,82.4600,82.3800,82.4200,233600,53.2889
2004-04-13,82.3400,82.3600,82.2700,82.3100,181500,53.2178
2004-04-14,82.1900,82.2100,82.1200,82.1700,291200,53.1273
2004-04-15,82.2200,82.2300,82.1300,82.2200,209300,53.1596
2004-04-16,82.3500,82.3500,82.2800,82.3300,133100,53.2307
2004-04-19,82.3500,82.3500,82.2300,82.2300,438900,53.1661
2004-04-20,82.2500,82.2800,82.0400,82.0400,185400,53.0432
2004-04-21,82.0400,82.1800,82.0400,82.0500,145200,53.0497
2004-04-22,82.1500,82.1700,82.1000,82.1700,334000,53.1273
2004-04-23,82.0900,82.0900,81.9700,82.0000,256800,53.0174
2004-04-26,82.0200,82.0200,81.9700,82.0100,1060700,53.0238
2004-04-27,82.0100,82.1100,81.9900,82.1100,978500,53.0885
2004-04-28,82.0800,82.0800,81.9400,81.9400,229400,52.9786
2004-04-29,81.9700,82.0400,81.8900,81.9300,1179200,52.9721
2004-04-30,81.9900,82.0200,81.9300,81.9700,114700,52.9980
2004-05-03,81.8300,81.8900,81.8100,81.8900,143000,53.0213
2004-05-04,81.9600,82.0400,81.8200,81.8700,248800,53.0083
2004-05-05,81.9600,81.9600,81.8400,81.8400,123400,52.9889
2004-05-06,81.8900,81.8900,81.7800,81.8200,574000,52.9760
2004-05-07,81.6000,81.6000,81.4600,81.4800,733300,52.7559
2004-05-10,81.6000,81.6000,81.4900,81.5200,382200,52.7817
2004-05-11,81.5000,81.5700,81.3200,81.5300,192400,52.7882
2004-05-12,81.6000,81.6000,81.5200,81.5500,260000,52.8012
2004-05-13,81.5000,81.5500,81.4600,81.5100,200200,52.7752
2004-05-14,81.5200,81.6400,81.5200,81.6400,259600,52.8594
2004-05-17,81.7600,81.7600,81.6900,81.7500,206600,52.9306
2004-05-18,81.7100,81.7100,81.6300,81.6700,210500,52.8788
2004-05-19,81.6300,81.6300,81.5600,81.6300,165000,52.8529
2004-05-20,81.6500,81.7200,81.6300,81.6700,102200,52.8788
2004-05-21,81.7500,81.7600,81.6300,81.6700,226400,52.8788
2004-05-24,81.6800,81.6900,81.6200,81.6900,180700,52.8918
2004-05-25,81.6800,81.7400,81.6600,81.6900,158200,52.8918
2004-05-26,81.7200,81.8400,81.7200,81.8400,143800,52.9889
2004-05-27,81.8500,81.9000,81.8200,81.8800,275000,53.0148
2004-05-28,81.8800,81.8800,81.7800,81.8500,153400,52.9954
2004-06-01,81.6300,81.6700,81.5500,81.6100,117700,52.9202
2004-06-02,81.5600,81.5900,81.5100,81.5600,166400,52.8878
2004-06-03,81.5700,81.6000,81.5400,81.5800,158500,52.9007
2004-06-04,81.5400,81.5400,81.4500,81.4500,303000,52.8164
2004-06-07,81.4600,81.5200,81.4200,81.4800,119300,52.8359
2004-06-08,81.4800,81.4900,81.4100,81.4900,184300,52.8423
2004-06-09,81.4400,81.4400,81.3300,81.3600,419300,52.7581
2004-06-10,81.3600,81.3800,81.2900,81.3500,349900,52.7516
2004-06-14,81.2800,81.2800,81.1400,81.1400,141200,52.6154
2004-06-15,81.3300,81.4600,81.3000,81.4100,569800,52.7905
2004-06-16,81.3800,81.4300,81.3500,81.3500,180200,52.7516
2004-06-17,81.3100,81.4500,81.2800,81.4500,181000,52.8164
2004-06-18,81.4300,81.4800,81.4000,81.4000,184000,52.7840
2004-06-21,81.4800,81.5000,81.4400,81.4600,115800,52.8229
2004-06-22,81.4700,81.5000,81.4200,81.4900,101900,52.8423
2004-06-23,81.4600,81.5300,81.4300,81.5100,258200,52.8553
2004-06-24,81.6100,81.6300,81.5400,81.5900,161500,52.9072
2004-06-25,81.5300,81.6000,81.5300,81.6000,252000,52.9136
2004-06-28,81.5100,81.5100,81.4000,81.4100,193700,52.7905
2004-06-29,81.4000,81.5000,81.3900,81.4900,191100,52.8423
2004-06-30,81.5300,81.7100,81.4800,81.7100,130900,52.9850
2004-07-01,81.4900,81.6500,81.4800,81.5800,632000,52.9961
2004-07-02,81.7800,81.8600,81.7300,81.8000,164900,53.1390
2004-07-06,81.8000,81.8000,81.7100,81.7800,203300,53.1260
2004-07-07,81.8100,81.8100,81.7500,81.7900,206500,53.1325
2004-07-08,81.8200,81.8500,81.7800,81.8200,259600,53.1520
2004-07-09,81.8500,81.8600,81.7900,81.8200,250200,53.1520
2004-07-12,81.8800,81.8800,81.8200,81.8500,285500,53.1714
2004-07-13,81.7900,81.8100,81.7300,81.7900,204800,53.1325
2004-07-14,81.7900,81.8000,81.7300,81.7600,99800,53.1130
2004-07-15,81.7500,81.7800,81.7100,81.7600,232400,53.1130
2004-07-16,81.8700,81.9200,81.8300,81.9200,181100,53.2169
2004-07-19,81.9200,81.9200,81.8600,81.8800,178900,53.1909
2004-07-20,81.8200,81.8800,81.7000,81.7300,137500,53.0935
2004-07-21,81.7100,81.7100,81.6300,81.7100,171400,53.0805
2004-07-22,81.7400,81.7600,81.6900,81.7300,117100,53.0935
2004-07-23,81.7600,81.7700,81.7200,81.7300,138700,53.0935
2004-07-26,81.7300,81.7300,81.6500,81.6700,156000,53.0546
2004-07-27,81.6800,81.6900,81.5600,81.6000,117500,53.0090
2004-07-28,81.5900,81.6700,81.5400,81.6500,74400,53.0415
2004-07-29,81.6100,81.7100,81.6100,81.6700,198500,53.0546
2004-07-30,81.7900,81.8200,81.7500,81.7900,102200,53.1325
2004-08-02,81.7200,81.7400,81.6600,81.7100,212200,53.1735
2004-08-03,81.6900,81.7500,81.6500,81.7300,280700,53.1865
2004-08-04,81.7300,81.7800,81.7000,81.7200,82900,53.1800
2004-08-05,81.7600,81.7900,81.7200,81.7700,480600,53.2125
2004-08-06,82.1300,82.1500,82.0200,82.0600,632300,53.4012
2004-08-09,82.0900,82.0900,82.0100,82.0500,212400,53.3947
2004-08-10,82.0500,82.0600,81.8500,81.8500,163000,53.2645
2004-08-11,81.9000,81.9800,81.8900,81.9800,180000,53.3492
2004-08-12,81.9600,82.0100,81.9100,82.0000,110700,53.3622
2004-08-13,82.0700,82.0900,82.0300,82.0800,117100,53.4142
2004-08-16,82.0000,82.0600,81.9700,82.0600,97600,53.4012
2004-08-17,82.1100,82.1400,82.0600,82.1400,197400,53.4533
2004-08-18,82.1900,82.2000,82.1000,82.1200,192000,53.4403
2004-08-19,82.0800,82.1700,82.0800,82.1700,265400,53.4728
2004-08-20,82.1600,82.1700,82.0900,82.1200,132500,53.4403
2004-08-23,82.0800,82.0800,82.0400,82.0500,98600,53.3947
2004-08-24,82.0400,82.0900,81.9900,82.0900,188000,53.4208
2004-08-25,82.1100,82.1400,82.0300,82.0600,114800,53.4012
2004-08-26,82.1000,82.1400,82.0600,82.1400,111400,53.4533
2004-08-27,82.1400,82.1600,82.0900,82.1100,90500,53.4338
2004-08-30,82.1100,82.1600,82.1000,82.1300,66100,53.4468
2004-08-31,82.1800,82.2800,82.1400,82.2500,100200,53.5249
2004-09-01,82.1500,82.1500,82.0400,82.1400,285100,53.5392
2004-09-02,82.1000,82.1000,82.0100,82.0100,133700,53.4545
2004-09-03,81.9400,81.9400,81.8200,81.9000,435400,53.3828
2004-09-07,81.8900,81.9100,81.8500,81.9000,126900,53.3828
2004-09-08,81.8600,82.0500,81.8400,82.0200,86800,53.4610
2004-09-09,82.0500,82.0800,82.0000,82.0300,94500,53.4675
2004-09-10,82.1100,82.1100,82.0300,82.0500,79600,53.4806
2004-09-13,82.0300,82.0700,82.0100,82.0600,87000,53.4870
2004-09-14,82.0000,82.1200,82.0000,82.0800,140200,53.5001
2004-09-15,82.0800,82.1000,82.0200,82.0300,203000,53.4675
2004-09-16,82.0400,82.2000,82.0400,82.1700,341400,53.5588
2004-09-17,82.1700,82.1800,82.0700,82.0700,165600,53.4936
2004-09-20,82.1600,82.2000,82.1100,82.2000,1060900,53.5783
2004-09-21,82.1700,82.1800,82.0500,82.0800,133600,53.5001
2004-09-22,82.1200,82.1700,82.0700,82.1600,153900,53.5522
2004-09-23,82.2100,82.2100,82.0100,82.0600,441400,53.4870
2004-09-24,82.0000,82.0300,81.9500,82.0100,194100,53.4545
2004-09-27,82.0800,82.0900,82.0300,82.0600,105900,53.4870
2004-09-28,82.1000,82.1300,82.0600,82.1100,282800,53.5197
2004-09-29,82.0600,82.0600,81.9800,82.0100,117100,53.4545
2004-09-30,81.9600,82.0500,81.9200,82.0400,228200,53.4740
2004-10-01,81.8800,81.9000,81.8000,81.8500,451800,53.4361
2004-10-04,81.8000,81.8700,81.8000,81.8600,98800,53.4427
2004-10-05,81.8800,81.9000,81.8400,81.8700,168200,53.4492
2004-10-06,81.8900,81.8900,81.8000,81.8000,133600,53.4035
2004-10-07,81.8200,81.8300,81.7400,81.7700,160400,53.3839
2004-10-08,82.0000,82.0200,81.9500,81.9800,137900,53.5211
2004-10-11,82.0200,82.0400,81.9800,82.0400,64800,53.5602
2004-10-12,82.0100,82.0700,82.0100,82.0600,162700,53.5732
2004-10-13,82.0200,82.1200,82.0000,82.1200,130600,53.6125
2004-10-14,82.1300,82.1800,82.0900,82.1400,180400,53.6255
2004-10-15,82.1100,82.1300,82.0000,82.1100,221900,53.6059
2004-10-18,82.0900,82.1200,82.0600,82.1200,149000,53.6125
2004-10-19,82.0300,82.1000,82.0200,82.0900,297400,53.5929
2004-10-20,82.1000,82.1600,82.0900,82.1600,164000,53.6385
2004-10-21,82.1400,82.1700,82.0600,82.0600,161300,53.5732
2004-10-22,82.1000,82.1400,82.0700,82.1400,106700,53.6255
2004-10-25,82.2000,82.2000,82.1400,82.1700,120600,53.6451
2004-10-26,82.1900,82.1900,82.1300,82.1600,121300,53.6385
2004-10-27,82.1600,82.1900,82.0300,82.0500,263400,53.5668
2004-10-28,82.0700,82.1100,82.0100,82.0800,102800,53.5863
2004-10-29,82.1300,82.1500,82.0700,82.1500,181800,53.6320
2004-11-01,81.9900,82.0200,81.9200,81.9600,237800,53.5980
2004-11-02,81.9700,82.0000,81.9000,82.0000,303600,53.6242
2004-11-03,81.9000,81.9900,81.8600,81.9900,232000,53.6176
2004-11-04,81.9600,82.0000,81.8800,81.9200,279700,53.5718
2004-11-05,81.7500,81.7800,81.6900,81.7100,335100,53.4346
2004-11-08,81.7100,81.7200,81.6200,81.6700,224400,53.4084
2004-11-09,81.7300,81.7400,81.6800,81.7300,198700,53.4476
2004-11-10,81.7000,81.7200,81.6200,81.6300,170600,53.3822
2004-11-11,81.6600,81.7300,81.6000,81.6900,121500,53.4214
2004-11-12,81.6900,81.7300,81.6400,81.6700,179500,53.4084
2004-11-15,81.6800,81.7000,81.6100,81.6700,210300,53.4084
2004-11-16,81.6000,81.6500,81.5900,81.6100,143600,53.3691
2004-11-17,81.6600,81.7300,81.6300,81.7300,122300,53.4476
2004-11-18,81.7000,81.7200,81.6500,81.7200,287700,53.4411
2004-11-19,81.6900,81.7000,81.5600,81.5900,209400,53.3561
2004-11-22,81.6200,81.6300,81.5700,81.6100,466700,53.3691
2004-11-23,81.6000,81.6600,81.5500,81.6000,262600,53.3626
2004-11-24,81.5900,81.6200,81.5500,81.5900,184200,53.3561
2004-11-26,81.5100,81.5500,81.5000,81.5100,138700,53.3037
2004-11-29,81.5000,81.5200,81.4700,81.5200,144100,53.3103
2004-11-30,81.5100,81.6000,81.5100,81.5400,398000,53.3233
2004-12-01,81.5200,81.5200,81.4200,81.4500,188300,53.3594
2004-12-02,81.4000,81.4400,81.3400,81.4200,227800,53.3398
2004-12-03,81.5900,81.6400,81.5700,81.6000,418300,53.4576
2004-12-06,81.5800,81.6300,81.5400,81.6100,197200,53.4642
2004-12-07,81.5900,81.6100,81.5100,81.6100,516500,53.4642
2004-12-08,81.5500,81.6700,81.5500,81.6400,141300,53.4838
2004-12-09,81.6400,81.7000,81.5900,81.6300,263600,53.4773
2004-12-10,81.6500,81.6600,81.6000,81.6400,245900,53.4838
2004-12-13,81.6000,81.6400,81.5400,81.5800,237400,53.4445
2004-12-14,81.5900,81.6400,81.5300,81.6000,300400,53.4576
2004-12-15,81.6500,81.6800,81.6100,81.6800,325700,53.5101
2004-12-16,81.6300,81.6700,81.5300,81.5900,326100,53.4511
2004-12-17,81.5200,81.6000,81.5200,81.5600,92700,53.4315
2004-12-20,81.5900,81.6100,81.5100,81.5600,260100,53.4315
2004-12-21,81.5500,81.5800,81.5200,81.5700,283300,53.4380
2004-12-22,81.5700,81.5900,81.5300,81.5700,709900,53.4380
2004-12-23,81.6300,81.6300,81.5400,81.5500,417600,53.4249
2004-12-27,81.5400,81.5700,81.4700,81.5000,142900,53.3922
2004-12-28,81.5100,81.5600,81.4800,81.5300,243500,53.4118
2004-12-29,81.5600,81.5600,81.4800,81.5200,214600,53.4052
2004-12-30,81.5200,81.5900,81.4900,81.5500,208000,53.4249
2004-12-31,81.4500,81.4700,81.4100,81.4300,170600,53.4472
2005-01-03,81.3700,81.4500,81.3700,81.4400,370200,53.4538
2005-01-04,81.4100,81.4200,81.2600,81.2600,425300,53.3356
2005-01-05,81.2600,81.3200,81.2400,81.2800,273500,53.3487
2005-01-06,81.3000,81.3700,81.3000,81.3200,318800,53.3750
2005-01-07,81.3300,81.3400,81.2900,81.3300,142500,53.3816
2005-01-10,81.3200,81.3300,81.2600,81.2800,296100,53.3487
2005-01-11,81.3200,81.3200,81.2700,81.3000,296000,53.3619
2005-01-12,81.2900,81.3700,81.2900,81.3100,126400,53.3685
2005-01-13,81.3700,81.4100,81.3400,81.4100,104500,53.4341
2005-01-14,81.3500,81.3900,81.2800,81.3700,213100,53.4078
2005-01-18,81.2600,81.3400,81.2600,81.3400,167000,53.3882
2005-01-19,81.3400,81.3500,81.2800,81.3500,221700,53.3947
2005-01-20,81.3700,81.4300,81.3400,81.4200,156500,53.4406
2005-01-21,81.4000,81.5000,81.4000,81.5000,188000,53.4932
2005-01-24,81.4900,81.4900,81.4000,81.4500,325700,53.4603
2005-01-25,81.4300,81.4300,81.3600,81.4200,219300,53.4406
2005-01-26,81.3800,81.4400,81.3700,81.3900,114100,53.4210
2005-01-27,81.3700,81.3800,81.3300,81.3700,273700,53.4078
2005-01-28,81.4000,81.4500,81.3900,81.4100,101400,53.4341
2005-01-31,81.4000,81.4100,81.3400,81.4000,179500,53.4275
2005-02-01,81.2400,81.2800,81.2200,81.2500,215200,53.4413
2005-02-02,81.2300,81.2700,81.2000,81.2200,179400,53.4216
2005-02-03,81.1500,81.2000,81.1500,81.1700,270600,53.3887
2005-02-04,81.2500,81.3000,81.2000,81.2500,451400,53.4413
2005-02-07,81.2400,81.2500,81.1900,81.2300,345800,53.4282
2005-02-08,81.2100,81.2300,81.1700,81.2000,154400,53.4084
2005-02-09,81.2400,81.3700,81.2400,81.3500,415000,53.5072
2005-02-10,81.3400,81.3400,81.2600,81.2900,506600,53.4677
2005-02-11,81.3000,81.3200,81.2200,81.2500,298600,53.4413
2005-02-14,81.2500,81.2500,81.1800,81.2100,640800,53.4150
2005-02-15,81.1900,81.2400,81.1900,81.2200,261000,53.4216
2005-02-16,81.2200,81.2600,81.1400,81.1800,163100,53.3953
2005-02-17,81.1800,81.2300,81.1500,81.2200,443800,53.4216
2005-02-18,81.1700,81.1900,81.1000,81.1100,199100,53.3493
2005-02-22,81.1100,81.1700,81.1100,81.1400,177600,53.3690
2005-02-23,81.1400,81.2000,81.1300,81.1300,727500,53.3624
2005-02-24,81.1300,81.1700,81.0800,81.1100,223400,53.3493
2005-02-25,81.1100,81.1100,81.0500,81.0700,595100,53.3230
2005-02-28,81.0600,81.0800,80.9500,81.0200,502900,53.2901
2005-03-01,80.9000,80.9100,80.8200,80.8400,265100,53.2789
2005-03-02,80.8800,80.9300,80.8400,80.8900,390100,53.3118
2005-03-03,80.9300,80.9500,80.8700,80.9200,1341100,53.3316
2005-03-04,80.9800,80.9800,80.9100,80.9200,438000,53.3316
2005-03-07,80.9000,80.9500,80.8800,80.8900,429300,53.3118
2005-03-08,80.8800,80.8900,80.8200,80.8900,242400,53.3118
2005-03-09,80.8200,80.9000,80.8200,80.8600,376400,53.2920
2005-03-10,80.8700,80.8700,80.7900,80.8000,236900,53.2525
2005-03-11,80.8300,80.8300,80.7400,80.7800,758700,53.2393
2005-03-14,80.7800,80.7800,80.7200,80.7500,214900,53.2195
2005-03-15,80.7600,80.7900,80.7200,80.7200,258900,53.1998
2005-03-16,80.8200,80.8800,80.7800,80.8200,376100,53.2657
2005-03-17,80.8800,80.9000,80.8200,80.8500,224400,53.2855
2005-03-18,80.8500,80.8500,80.8000,80.8100,111200,53.2591
2005-03-21,80.8100,80.8600,80.7900,80.8600,1622400,53.2920
2005-03-22,80.8700,80.9200,80.6800,80.7200,1623900,53.1998
2005-03-23,80.6600,80.7200,80.6200,80.7100,216000,53.1932
2005-03-24,80.7100,80.7600,80.6700,80.7300,270500,53.2064
2005-03-28,80.6900,80.7100,80.6500,80.6900,865700,53.1800
2005-03-29,80.6800,80.7500,80.6800,80.7500,263600,53.2195
2005-03-30,80.7100,80.7800,80.7100,80.7600,168300,53.2261
2005-03-31,80.8000,80.8700,80.7900,80.8700,189200,53.2987
2005-04-01,80.7300,80.7700,80.6500,80.7300,779200,53.3317
2005-04-04,80.7200,80.7800,80.7000,80.7300,543700,53.3317
2005-04-05,80.7700,80.7800,80.7100,80.7500,134500,53.3448
2005-04-06,80.7800,80.8300,80.7700,80.8100,175200,53.3845
2005-04-07,80.8400,80.8600,80.7700,80.7800,294200,53.3647
2005-04-08,80.7300,80.7800,80.7200,80.7700,136900,53.3581
2005-04-11,80.7500,80.8000,80.7200,80.7700,208000,53.3581
2005-04-12,80.7500,80.8800,80.7300,80.8200,140300,53.3911
2005-04-13,80.8700,80.9400,80.8500,80.9400,262800,53.4703
2005-04-14,80.9500,81.0400,80.9400,81.0100,163100,53.5166
2005-04-15,81.0800,81.1400,81.0100,81.1400,292000,53.6025
2005-04-18,81.1400,81.1800,81.0800,81.1000,725600,53.5761
2005-04-19,81.0800,81.2200,81.0800,81.2000,1463600,53.6421
2005-04-20,81.1000,81.2000,81.0700,81.1700,496600,53.6223
2005-04-21,81.1100,81.1400,81.0100,81.0300,200900,53.5298
2005-04-22,81.1200,81.1200,81.0300,81.0500,141300,53.5430
2005-04-25,81.0700,81.0700,81.0300,81.0700,315100,53.5563
2005-04-26,81.0800,81.0900,80.9900,81.0500,192400,53.5430
2005-04-27,81.1300,81.1500,81.0600,81.1100,479900,53.5827
2005-04-28,81.1800,81.2100,81.1400,81.1800,273700,53.6289
2005-04-29,81.1500,81.1800,81.0800,81.1000,428400,53.5761
2005-05-02,80.9000,80.9500,80.8700,80.9200,246600,53.5827
2005-05-03,80.9200,80.9800,80.8800,80.9700,303200,53.6158
2005-05-04,80.9800,81.0100,80.9400,81.0000,621300,53.6357
2005-05-05,81.0700,81.1300,81.0000,81.0800,214600,53.6886
2005-05-06,80.9300,80.9400,80.8400,80.9000,213600,53.5695
2005-05-09,80.8600,80.8700,80.8200,80.8600,118700,53.5430
2005-05-10,80.8700,80.9600,80.8600,80.9200,229200,53.5827
2005-05-11,80.9900,81.0300,80.9500,80.9700,92800,53.6158
2005-05-12,80.9600,81.0100,80.8900,81.0100,216200,53.6423
2005-05-13,81.0700,81.1100,81.0300,81.1000,129900,53.7019
2005-05-16,81.1300,81.1300,81.0800,81.0800,129300,53.6886
2005-05-17,81.1200,81.1500,81.0800,81.0800,118800,53.6886
2005-05-18,81.1600,81.2100,81.1200,81.1600,302100,53.7416
2005-05-19,81.0900,81.1400,81.0400,81.0400,200900,53.6622
2005-05-20,81.0800,81.0900,81.0200,81.0400,143500,53.6622
2005-05-23,81.0900,81.1200,81.0600,81.0900,1662900,53.6953
2005-05-24,81.1100,81.1400,81.0900,81.1400,123700,53.7284
2005-05-25,81.2100,81.2100,81.1100,81.1700,228300,53.7483
2005-05-26,81.1300,81.1500,81.1000,81.1400,191400,53.7284
2005-05-27,81.1200,81.1700,81.1100,81.1700,130100,53.7483
2005-05-31,81.1700,81.2400,81.1500,81.2300,164200,53.7880
2005-06-01,81.0300,81.2900,81.0300,81.2000,782400,53.8941
2005-06-02,81.1400,81.1900,81.1200,81.1700,401400,53.8742
2005-06-03,81.2300,81.2300,81.0600,81.0700,180400,53.8079
2005-06-06,81.1000,81.1200,81.0500,81.1100,1264700,53.8345
2005-06-07,81.1500,81.1500,81.0700,81.1300,190000,53.8477
2005-06-08,81.1500,81.1500,81.0800,81.1100,149300,53.8345
2005-06-09,81.0800,81.0800,81.0100,81.0600,338200,53.8013
2005-06-10,81.0100,81.0300,80.9500,80.9900,313900,53.7548
2005-06-13,81.0000,81.0100,80.9500,80.9900,153100,53.7548
2005-06-14,81.0000,81.0100,80.9700,81.0100,264200,53.7681
2005-06-15,80.9900,81.0200,80.9500,80.9900,135000,53.7548
2005-06-16,80.9900,81.0600,80.9600,81.0600,379600,53.8013
2005-06-17,81.0300,81.0600,81.0000,81.0500,887800,53.7946
2005-06-20,81.0200,81.0400,81.0000,81.0300,211600,53.7813
2005-06-21,81.0500,81.0900,81.0200,81.0400,253700,53.7880
2005-06-22,81.1600,81.2200,81.0800,81.2200,274500,53.9075
2005-06-23,81.1900,81.2100,81.1300,81.1900,198300,53.8876
2005-06-24,81.2800,81.2800,81.2100,81.2300,383000,53.9141
2005-06-27,81.2500,81.2700,81.2100,81.2600,144500,53.9339
2005-06-28,81.2000,81.2300,81.1700,81.1700,189000,53.8742
2005-06-29,81.2500,81.2500,81.1500,81.1900,291500,53.8876
2005-06-30,81.2500,81.2600,81.1500,81.2400,474900,53.9207
2005-07-01,81.0100,81.0100,80.8100,80.8300,206400,53.7717
2005-07-05,80.8400,80.8900,80.8100,80.8500,198600,53.7851
2005-07-06,80.8300,80.9000,80.8300,80.9000,130500,53.8183
2005-07-07,80.9900,81.0100,80.9400,80.9700,151400,53.8649
2005-07-08,80.9600,80.9600,80.8600,80.8800,126300,53.8050
2005-07-11,80.8600,80.8600,80.8000,80.8200,1435900,53.7650
2005-07-12,80.8500,80.8700,80.8100,80.8200,168100,53.7650
2005-07-13,80.8300,80.8600,80.8200,80.8300,404800,53.7717
2005-07-14,80.8800,80.8800,80.8100,80.8300,280300,53.7717
2005-07-15,80.8100,80.8700,80.8000,80.8400,299200,53.7784
2005-07-18,80.8300,80.8400,80.7800,80.8200,309300,53.7650
2005-07-19,80.8000,80.8600,80.7800,80.8500,216100,53.7851
2005-07-20,80.8300,80.8800,80.7600,80.8400,196200,53.7784
2005-07-21,80.8000,80.8400,80.7400,80.7600,322600,53.7252
2005-07-22,80.7500,80.8600,80.7500,80.8400,547000,53.7784
2005-07-25,80.8000,80.8500,80.7900,80.8100,191600,53.7584
2005-07-26,80.8200,80.8300,80.7700,80.7900,207200,53.7451
2005-07-27,80.7600,80.8100,80.7600,80.7900,160000,53.7451
2005-07-28,80.7700,80.8200,80.7700,80.8000,359100,53.7518
2005-07-29,80.8000,80.8000,80.7300,80.7500,1124300,53.7185
2005-08-01,80.5800,80.5800,80.5100,80.5200,273300,53.6858
2005-08-02,80.5200,80.5800,80.5000,80.5300,512700,53.6925
2005-08-03,80.5400,80.5900,80.5200,80.5600,253500,53.7125
2005-08-04,80.5600,80.6200,80.5500,80.5600,230700,53.7125
2005-08-05,80.5300,80.5300,80.4500,80.4900,289400,53.6658
2005-08-08,80.4900,80.4900,80.4100,80.4100,156600,53.6125
2005-08-09,80.4100,80.5000,80.3900,80.5000,168100,53.6725
2005-08-10,80.5700,80.5700,80.4700,80.5000,260300,53.6725
2005-08-11,80.5100,80.6000,80.4800,80.5600,177800,53.7125
2005-08-12,80.5900,80.6600,80.5800,80.6600,224900,53.7792
2005-08-15,80.6600,80.6600,80.5800,80.6200,148500,53.7525
2005-08-16,80.6600,80.7000,80.6400,80.6600,252800,53.7792
2005-08-17,80.6700,80.7000,80.6300,80.6800,178400,53.7925
2005-08-18,80.7000,80.7500,80.6700,80.7500,115000,53.8391
2005-08-19,80.7300,80.7400,80.6800,80.7200,218000,53.8192
2005-08-22,80.7000,80.7700,80.6800,80.7300,974800,53.8259
2005-08-23,80.7800,80.8200,80.7600,80.8100,192500,53.8792
2005-08-24,80.8500,80.8500,80.7600,80.8200,145900,53.8858
2005-08-25,80.8300,80.8300,80.7900,80.8100,186200,53.8792
2005-08-26,80.8100,80.8200,80.7300,80.7500,272100,53.8391
2005-08-29,80.7500,80.8100,80.7400,80.7700,183200,53.8525
2005-08-30,80.8100,80.9200,80.7800,80.8900,455500,53.9325
2005-08-31,80.9900,81.1000,80.9300,81.1000,289000,54.0726
2005-09-01,80.8800,81.0700,80.8500,80.9700,624000,54.1381
2005-09-02,80.9500,81.0700,80.9400,81.0700,204400,54.2049
2005-09-06,80.9000,80.9600,80.8500,80.9400,238600,54.1180
2005-09-07,80.9300,80.9300,80.8300,80.8800,887200,54.0779
2005-09-08,80.9200,80.9200,80.8400,80.8400,225800,54.0512
2005-09-09,80.8400,80.9100,80.8300,80.8600,454400,54.0645
2005-09-12,80.8300,80.8400,80.7600,80.8300,157100,54.0445
2005-09-13,80.8500,80.9100,80.8400,80.8800,683300,54.0779
2005-09-14,80.9200,80.9200,80.8500,80.8700,335000,54.0712
2005-09-15,80.8700,80.9300,80.8200,80.8500,347600,54.0578
2005-09-16,80.8800,80.9000,80.7500,80.7900,240800,54.0177
2005-09-19,80.8200,80.8800,80.7700,80.8100,188800,54.0311
2005-09-20,80.8100,80.8400,80.7100,80.7500,284200,53.9909
2005-09-21,80.8600,80.8800,80.8100,80.8300,465100,54.0445
2005-09-22,80.8700,80.9100,80.8300,80.8600,411000,54.0645
2005-09-23,80.8500,80.8700,80.7400,80.7900,131200,54.0177
2005-09-26,80.6600,80.7500,80.6600,80.7300,162800,53.9776
2005-09-27,80.7600,80.7800,80.6500,80.7000,265200,53.9575
2005-09-28,80.6700,80.7500,80.6700,80.7300,243700,53.9776
2005-09-29,80.7100,80.7400,80.6600,80.7000,243900,53.9575
2005-09-30,80.7000,80.7000,80.5900,80.6300,199800,53.9107
2005-10-03,80.4300,80.4300,80.3100,80.3600,212300,53.8866
2005-10-04,80.4100,80.4100,80.3100,80.3500,488400,53.8799
2005-10-05,80.3700,80.4500,80.3700,80.3900,569000,53.9067
2005-10-06,80.4500,80.4500,80.3800,80.3900,333000,53.9067
2005-10-07,80.4000,80.4700,80.3500,80.4500,156100,53.9469
2005-10-10,80.5800,80.6000,80.4300,80.4400,114400,53.9403
2005-10-11,80.3700,80.4300,80.3600,80.4200,215800,53.9268
2005-10-12,80.4300,80.4300,80.3500,80.3600,509100,53.8866
2005-10-13,80.3900,80.3900,80.3300,80.3600,548500,53.8866
2005-10-14,80.3500,80.4300,80.3100,80.3800,340700,53.9000
2005-10-17,80.4000,80.4300,80.3300,80.3400,308200,53.8732
2005-10-18,80.3600,80.4200,80.3600,80.4100,241200,53.9201
2005-10-19,80.4900,80.4900,80.4000,80.4500,575200,53.9469
2005-10-20,80.4100,80.4500,80.3700,80.4500,323600,53.9469
2005-10-21,80.4900,80.5100,80.4500,80.5000,362700,53.9805
2005-10-24,80.4800,80.4900,80.4100,80.4700,277500,53.9604
2005-10-25,80.4200,80.4700,80.3200,80.3300,373200,53.8665
2005-10-26,80.3600,80.3700,80.2700,80.3000,224400,53.8464
2005-10-27,80.3600,80.4000,80.3000,80.3600,307900,53.8866
2005-10-28,80.4000,80.4100,80.2900,80.3600,369900,53.8866
2005-10-31,80.3200,80.3800,80.3000,80.3300,294900,53.8665
2005-11-01,80.1700,80.1800,80.0600,80.1200,639300,53.8813
2005-11-02,80.1200,80.1400,80.0700,80.1100,150800,53.8745
2005-11-03,80.1000,80.1300,80.0300,80.0700,228600,53.8477
2005-11-04,80.0900,80.1100,80.0300,80.0700,174800,53.8477
2005-11-07,80.0900,80.1100,80.0500,80.0600,243500,53.8409
2005-11-08,80.1500,80.1900,80.1200,80.1600,238100,53.9082
2005-11-09,80.1700,80.1700,80.0600,80.0600,199200,53.8409
2005-11-10,80.1500,80.1900,80.1000,80.1700,291600,53.9149
2005-11-11,80.1100,80.2400,80.1000,80.2000,211600,53.9351
2005-11-14,80.1800,80.1800,80.0800,80.0800,448500,53.8544
2005-11-15,80.1400,80.2000,80.1000,80.1400,249700,53.8948
2005-11-16,80.2000,80.2800,80.1900,80.2400,328700,53.9620
2005-11-17,80.2100,80.3500,80.2100,80.3100,456400,54.0091
2005-11-18,80.2500,80.3300,80.2500,80.3100,206400,54.0091
2005-11-21,80.3500,80.3900,80.3000,80.3600,255300,54.0427
2005-11-22,80.3700,80.4900,80.3300,80.4700,1358500,54.1166
2005-11-23,80.4700,80.4700,80.3400,80.3700,238400,54.0494
2005-11-25,80.4100,80.4700,80.4100,80.4400,85700,54.0965
2005-11-28,80.4500,80.4900,80.4200,80.4600,214400,54.1100
2005-11-29,80.4800,80.4800,80.3600,80.4000,175900,54.0696
2005-11-30,80.4000,80.4400,80.3500,80.4100,219800,54.0763
2005-12-01,80.1300,80.1700,80.0800,80.1000,745500,54.0230
2005-12-02,80.1400,80.1700,80.1100,80.1700,449400,54.0702
2005-12-05,80.1300,80.1500,80.0700,80.0800,1608600,54.0095
2005-12-06,80.1500,80.2300,80.1200,80.1900,260100,54.0837
2005-12-07,80.2200,80.2400,80.1800,80.2000,317400,54.0904
2005-12-08,80.2800,80.3300,80.2500,80.3000,155300,54.1579
2005-12-09,80.2700,80.2900,80.2100,80.2200,869500,54.1040
2005-12-12,80.2600,80.2600,80.1600,80.2100,1200500,54.0972
2005-12-13,80.2300,80.3100,80.2100,80.2500,354600,54.1241
2005-12-14,80.3200,80.3800,80.3000,80.3400,368200,54.1849
2005-12-15,80.3400,80.3600,80.2700,80.3400,420900,54.1849
2005-12-16,80.4100,80.4200,80.3400,80.3900,161500,54.2186
2005-12-19,80.3100,80.4000,80.3100,80.3400,182100,54.1849
2005-12-20,80.3600,80.3600,80.2900,80.3300,389300,54.1781
2005-12-21,80.3600,80.3600,80.2900,80.3300,363400,54.1781
2005-12-22,80.3800,80.4300,80.3400,80.4000,1288100,54.2254
2005-12-23,80.3700,80.5000,80.3500,80.4400,196100,54.2523
2005-12-27,80.3900,80.5100,80.3900,80.4500,552500,54.2591
2005-12-28,80.2900,80.3200,80.2000,80.3000,401000,54.3261
2005-12-29,80.2700,80.2700,80.1700,80.2400,418800,54.2854
2005-12-30,80.2200,80.2800,80.1700,80.2100,410400,54.2651
2006-01-03,80.1700,80.3500,80.1700,80.3200,1075400,54.3396
2006-01-04,80.3000,80.4000,80.2900,80.4000,345500,54.3937
2006-01-05,80.3200,80.4000,80.3200,80.3300,274400,54.3463
2006-01-06,80.3100,80.3600,80.3000,80.3500,500200,54.3598
2006-01-09,80.3500,80.3600,80.3000,80.3600,351500,54.3667
2006-01-10,80.2800,80.3300,80.2700,80.2800,406000,54.3125
2006-01-11,80.3000,80.3600,80.2500,80.2800,484700,54.3125
2006-01-12,80.3100,80.3700,80.2800,80.3200,450600,54.3396
2006-01-13,80.4000,80.4800,80.3700,80.4800,226500,54.4478
2006-01-17,80.4500,80.4600,80.4000,80.4500,447900,54.4275
2006-01-18,80.4600,80.5000,80.4200,80.4400,393200,54.4208
2006-01-19,80.4500,80.4600,80.4000,80.4500,588600,54.4275
2006-01-20,80.4100,80.4900,80.3900,80.4800,383900,54.4478
2006-01-23,80.4400,80.5000,80.4000,80.4900,565500,54.4546
2006-01-24,80.4800,80.4800,80.4200,80.4700,227300,54.4410
2006-01-25,80.4700,80.4700,80.3600,80.3600,244600,54.3667
2006-01-26,80.3300,80.3700,80.3000,80.3700,220000,54.3734
2006-01-27,80.4100,80.4100,80.3000,80.3100,362800,54.3328
2006-01-30,80.3400,80.3600,80.2900,80.3500,204100,54.3598
2006-01-31,80.3200,80.3800,80.3000,80.3500,256400,54.3598
2006-02-01,80.0700,80.1000,80.0000,80.0300,950100,54.3103
2006-02-02,80.0700,80.0700,79.9900,80.0300,435200,54.3103
2006-02-03,80.0000,80.0700,79.9600,80.0700,250800,54.3375
2006-02-06,80.0500,80.0500,80.0000,80.0300,192800,54.3103
2006-02-07,80.0500,80.0500,79.9700,80.0400,195800,54.3171
2006-02-08,80.0700,80.0700,79.9900,80.0100,334300,54.2968
2006-02-09,80.0600,80.0600,79.9600,79.9900,226500,54.2832
2006-02-10,80.0700,80.0700,79.9300,79.9300,610800,54.2425
2006-02-13,80.0100,80.0200,79.9600,79.9900,159200,54.2832
2006-02-14,79.9400,80.0000,79.9200,79.9900,296100,54.2832
2006-02-15,80.0600,80.0600,79.9600,79.9800,435800,54.2764
2006-02-16,80.0200,80.0500,79.9800,80.0400,167200,54.3171
2006-02-17,80.0900,80.1100,80.0400,80.1000,353400,54.3578
2006-02-21,80.0400,80.0800,80.0100,80.0400,11045800,54.3171
2006-02-22,80.0900,80.1000,80.0400,80.1000,230700,54.3578
2006-02-23,80.0800,80.0900,80.0100,80.0300,288200,54.3103
2006-02-24,80.0700,80.1000,80.0200,80.0600,282600,54.3307
2006-02-27,80.0900,80.1000,80.0100,80.0200,216200,54.3036
2006-02-28,80.0900,80.1500,80.0800,80.1300,270800,54.3782
2006-03-01,79.9000,79.9400,79.8100,79.8100,556600,54.3502
2006-03-02,79.8700,79.8700,79.7800,79.8400,207300,54.3707
2006-03-03,79.8400,79.8400,79.7400,79.7600,251000,54.3163
2006-03-06,79.8000,79.8100,79.7500,79.7900,797100,54.3366
2006-03-07,79.7400,79.7900,79.7200,79.7900,276800,54.3366
2006-03-08,79.8100,79.8500,79.7600,79.8400,865100,54.3707
2006-03-09,79.8400,79.8700,79.8000,79.8700,785800,54.3911
2006-03-10,79.8300,79.8300,79.7600,79.7900,153300,54.3366
2006-03-13,79.8300,79.8300,79.7800,79.7900,168200,54.3366
2006-03-14,79.8000,79.9600,79.8000,79.9500,556900,54.4456
2006-03-15,79.9200,79.9800,79.9100,79.9700,161900,54.4593
2006-03-16,80.0000,80.1300,79.9700,80.1100,522100,54.5546
2006-03-17,80.0900,80.1100,80.0200,80.0800,362600,54.5342
2006-03-20,80.1000,80.1200,80.0700,80.1200,421400,54.5614
2006-03-21,80.0100,80.0600,79.9500,79.9800,195500,54.4660
2006-03-22,80.0100,80.0500,79.9700,80.0000,440000,54.4797
2006-03-23,80.0200,80.0400,79.9500,79.9800,673000,54.4660
2006-03-24,80.0000,80.1100,79.9600,80.0900,165200,54.5409
2006-03-27,80.0700,80.0800,80.0000,80.0700,136700,54.5273
2006-03-28,80.0600,80.0900,79.9800,80.0000,716500,54.4797
2006-03-29,79.9700,80.0100,79.9500,80.0000,586800,54.4797
2006-03-30,79.9900,80.0000,79.9000,79.9600,554600,54.4524
2006-03-31,79.9900,80.0100,79.9500,79.9900,333900,54.4729
2006-04-03,79.6200,79.7100,79.5900,79.6800,526700,54.4428
2006-04-04,79.7100,79.7500,79.6600,79.7400,313800,54.4838
2006-04-05,79.8100,79.8100,79.7400,79.7500,1029300,54.4907
2006-04-06,79.7800,79.7900,79.7100,79.7400,3739500,54.4838
2006-04-07,79.7400,79.7400,79.6500,79.6900,230300,54.4496
2006-04-10,79.7000,79.7100,79.6600,79.7100,1151000,54.4633
2006-04-11,79.7500,79.7800,79.7000,79.7800,397600,54.5111
2006-04-12,79.8000,79.8000,79.7100,79.7300,511800,54.4770
2006-04-13,79.7500,79.7500,79.6500,79.7200,376500,54.4701
2006-04-17,79.7500,79.7700,79.6900,79.7700,702100,54.5043
2006-04-18,79.7800,79.9200,79.7700,79.8800,3043100,54.5794
2006-04-19,79.7600,79.8600,79.7600,79.8600,694600,54.5658
2006-04-20,79.8500,79.8500,79.8000,79.8300,447300,54.5453
2006-04-21,79.8600,79.8600,79.8000,79.8300,385400,54.5453
2006-04-24,79.8500,79.9000,79.8200,79.8700,242500,54.5726
2006-04-25,79.8700,79.8700,79.7500,79.8100,344100,54.5316
2006-04-26,79.8100,79.8100,79.7300,79.7500,284200,54.4907
2006-04-27,79.7100,79.9000,79.7100,79.8800,492600,54.5794
2006-04-28,79.9200,79.9600,79.8700,79.9000,207000,54.5931
2006-05-01,79.6500,79.6600,79.5300,79.5900,277700,54.5609
2006-05-02,79.5900,79.6400,79.5400,79.6000,445700,54.5677
2006-05-03,79.6400,79.6500,79.5700,79.6000,1665200,54.5677
2006-05-04,79.5500,79.6300,79.5500,79.6100,397400,54.5746
2006-05-05,79.5900,79.6700,79.5900,79.6300,376800,54.5883
2006-05-08,79.6400,79.6500,79.5700,79.6200,281500,54.5815
2006-05-09,79.5600,79.6400,79.5600,79.6300,233800,54.5883
2006-05-10,79.6300,79.7700,79.5500,79.6300,454100,54.5883
2006-05-11,79.6400,79.6600,79.5900,79.6600,343300,54.6089
2006-05-12,79.6600,79.6700,79.5800,79.6300,2040900,54.5883
2006-05-15,79.6700,79.6900,79.6200,79.6700,350900,54.6157
2006-05-16,79.7000,79.7500,79.6500,79.7400,607600,54.6637
2006-05-17,79.7100,79.7300,79.6300,79.7000,463200,54.6363
2006-05-18,79.7200,79.8200,79.7200,79.7800,491400,54.6912
2006-05-19,79.7900,79.8200,79.7300,79.7600,353000,54.6774
2006-05-22,79.7800,79.8500,79.7500,79.7600,543600,54.6774
2006-05-23,79.8000,79.8100,79.7100,79.8100,307400,54.7117
2006-05-24,79.8900,79.8900,79.8000,79.8600,298000,54.7460
2006-05-25,79.9100,79.9100,79.8300,79.8600,603700,54.7460
2006-05-26,79.8600,79.9500,79.8500,79.8900,1221300,54.7665
2006-05-30,79.8500,79.8900,79.8200,79.8300,977400,54.7254
2006-05-31,79.8900,79.9000,79.7700,79.7700,412200,54.6843
2006-06-01,79.5600,79.6300,79.5000,79.6000,1356100,54.7517
2006-06-02,79.7300,79.7500,79.6600,79.7200,1762200,54.8342
2006-06-05,79.6800,79.7300,79.6200,79.6500,325800,54.7861
2006-06-06,79.6500,79.6700,79.6000,79.6500,195800,54.7861
2006-06-07,79.5900,79.6500,79.5900,79.6000,256700,54.7517
2006-06-08,79.6700,79.7400,79.6000,79.6900,772000,54.8136
2006-06-09,79.6800,79.7100,79.6200,79.6900,689600,54.8136
2006-06-12,79.6800,79.7100,79.6500,79.7000,1695900,54.8205
2006-06-13,79.6700,79.7300,79.6500,79.6800,322200,54.8067
2006-06-14,79.6300,79.6400,79.5500,79.6000,507600,54.7517
2006-06-15,79.5200,79.6000,79.5100,79.5800,1066600,54.7379
2006-06-16,79.5200,79.5800,79.4900,79.5400,357700,54.7104
2006-06-19,79.5200,79.5300,79.4800,79.5100,286100,54.6898
2006-06-20,79.5000,79.5200,79.4700,79.5000,460500,54.6829
2006-06-21,79.5600,79.5600,79.4900,79.5200,1958400,54.6966
2006-06-22,79.5100,79.5100,79.4400,79.4800,323000,54.6691
2006-06-23,79.5000,79.5000,79.4200,79.4600,322900,54.6554
2006-06-26,79.4900,79.4900,79.4300,79.4700,230200,54.6623
2006-06-27,79.5000,79.5500,79.4800,79.5200,1816700,54.6966
2006-06-28,79.5300,79.5300,79.4300,79.4800,378200,54.6691
2006-06-29,79.4700,79.6300,79.4700,79.6200,557000,54.7655
2006-06-30,79.6000,79.7000,79.6000,79.6900,1242600,54.8136
2006-07-03,79.3100,79.4200,79.3000,79.4000,916000,54.8053
2006-07-05,79.3700,79.3800,79.2600,79.3300,2003600,54.7570
2006-07-06,79.3200,79.3900,79.3000,79.3900,1200600,54.7985
2006-07-07,79.4300,79.4500,79.3700,79.4500,476800,54.8399
2006-07-10,79.4500,79.4600,79.4000,79.4500,667700,54.8399
2006-07-11,79.4800,79.5000,79.4400,79.4500,305600,54.8399
2006-07-12,79.4400,79.4900,79.4200,79.4800,2930100,54.8605
2006-07-13,79.5300,79.5800,79.4600,79.5800,456800,54.9296
2006-07-14,79.6000,79.6400,79.5400,79.5900,333800,54.9365
2006-07-17,79.5300,79.6100,79.5300,79.5800,792500,54.9296
2006-07-18,79.5200,79.5700,79.4800,79.5200,823300,54.8881
2006-07-19,79.4300,79.6500,79.4300,79.6300,594000,54.9641
2006-07-20,79.5900,79.7300,79.5900,79.7300,386300,55.0331
2006-07-21,79.8000,79.8000,79.6700,79.7100,1209200,55.0193
2006-07-24,79.7300,79.7700,79.6900,79.7100,161200,55.0193
2006-07-25,79.7300,79.7400,79.6500,79.6900,255000,55.0055
2006-07-26,79.7400,79.8200,79.7000,79.7900,872800,55.0745
2006-07-27,79.8000,79.8700,79.8000,79.8300,724900,55.1021
2006-07-28,79.8500,79.9500,79.8500,79.9300,500800,55.1711
2006-07-31,79.9600,79.9800,79.9200,79.9400,401900,55.1780
2006-08-01,79.6900,79.7200,79.6500,79.7000,202700,55.2120
2006-08-02,79.7000,79.7500,79.6700,79.7000,302400,55.2120
2006-08-03,79.7200,79.7300,79.6500,79.6900,249400,55.2051
2006-08-04,79.7500,79.8400,79.7400,79.7600,681400,55.2535
2006-08-07,79.7700,79.8000,79.7500,79.7900,342700,55.2743
2006-08-08,79.7800,79.8500,79.7200,79.8300,464800,55.3020
2006-08-09,79.8400,79.8700,79.8000,79.8600,499900,55.3229
2006-08-10,79.8700,79.8800,79.8000,79.8400,238600,55.3090
2006-08-11,79.8100,79.8200,79.7400,79.7700,224100,55.2605
2006-08-14,79.7800,79.7900,79.7100,79.7300,351600,55.2328
2006-08-15,79.8400,79.8500,79.8000,79.8400,356800,55.3090
2006-08-16,79.9400,79.9800,79.9100,79.9700,654800,55.3990
2006-08-17,79.9600,79.9800,79.9200,79.9600,262500,55.3921
2006-08-18,79.9800,80.0000,79.9500,79.9900,252900,55.4129
2006-08-21,80.0300,80.0400,79.9800,80.0400,294200,55.4475
2006-08-22,80.0400,80.0600,80.0000,80.0300,276500,55.4406
2006-08-23,80.0200,80.0400,79.9900,80.0100,389100,55.4267
2006-08-24,80.0300,80.0600,80.0200,80.0600,315800,55.4614
2006-08-25,80.0700,80.1000,80.0300,80.0800,287700,55.4752
2006-08-28,80.0900,80.1000,80.0500,80.1000,210100,55.4891
2006-08-29,80.0800,80.1300,80.0100,80.1300,419000,55.5099
2006-08-30,80.1300,80.1800,80.1300,80.1800,153400,55.5445
2006-08-31,80.2200,80.2600,80.1700,80.2500,290200,55.5930
2006-09-01,79.9600,80.1000,79.9400,80.0500,312800,55.6563
2006-09-05,80.0000,80.0000,79.9200,79.9600,369900,55.5937
2006-09-06,79.9500,79.9600,79.8900,79.9600,398200,55.5937
2006-09-07,79.9700,79.9800,79.9200,79.9600,556300,55.5937
2006-09-08,80.0000,80.0400,79.9800,80.0100,491500,55.6284
2006-09-11,80.0300,80.0300,79.9500,80.0000,371900,55.6215
2006-09-12,79.9700,80.0400,79.9500,80.0400,262500,55.6493
2006-09-13,80.0400,80.0900,80.0100,80.0500,266300,55.6563
2006-09-14,80.0600,80.0800,79.9800,79.9800,560200,55.6077
2006-09-15,80.0800,80.0800,79.9500,80.0100,682900,55.6284
2006-09-18,79.9700,80.0000,79.9000,80.0000,177000,55.6215
2006-09-19,80.1000,80.1200,80.0300,80.1100,729500,55.6980
2006-09-20,80.1600,80.2000,80.0800,80.1400,645500,55.7189
2006-09-21,80.1600,80.3000,80.1000,80.2800,574400,55.8162
2006-09-22,80.3300,80.3300,80.2800,80.3200,841000,55.8440
2006-09-25,80.3900,80.4100,80.3300,80.3900,382000,55.8926
2006-09-26,80.4000,80.4000,80.2900,80.3000,497800,55.8301
2006-09-27,80.4100,80.4300,80.3100,80.3600,828800,55.8718
2006-09-28,80.3900,80.3900,80.2900,80.3900,766900,55.8926
2006-09-29,80.4000,80.4100,80.2900,80.3100,289900,55.8370
2006-10-02,80.1000,80.1300,80.0100,80.1100,486500,55.9027
2006-10-03,80.1400,80.1600,80.0800,80.1200,384800,55.9097
2006-10-04,80.1900,80.2800,80.1600,80.2600,438300,56.0073
2006-10-05,80.2700,80.2700,80.1300,80.1800,409000,55.9515
2006-10-06,80.1500,80.1500,80.0000,80.0800,1015600,55.8817
2006-10-09,80.1300,80.1500,80.0300,80.0900,202800,55.8887
2006-10-10,80.0500,80.0600,79.9500,79.9800,296500,55.8119
2006-10-11,80.0200,80.0600,79.9000,79.9700,327300,55.8049
2006-10-12,79.9500,80.0300,79.9500,80.0100,1874600,55.8328
2006-10-13,79.9900,79.9900,79.9400,79.9800,532800,55.8119
2006-10-16,79.9300,80.0200,79.9300,80.0200,524200,55.8398
2006-10-17,80.0700,80.0800,79.9900,80.0300,391900,55.8469
2006-10-18,80.0400,80.0600,79.9900,80.0400,309300,55.8538
2006-10-19,80.0500,80.0600,79.9900,80.0300,817100,55.8469
2006-10-20,80.0600,80.0600,80.0100,80.0600,542100,55.8678
2006-10-23,80.0200,80.0200,79.9700,80.0200,219900,55.8398
2006-10-24,80.0100,80.0300,79.9800,80.0200,321400,55.8398
2006-10-25,80.0500,80.1300,79.9800,80.1100,1177200,55.9027
2006-10-26,80.1800,80.2200,80.1200,80.2100,1000200,55.9724
2006-10-27,80.2900,80.3000,80.2300,80.2900,612700,56.0282
2006-10-30,80.2200,80.2700,80.2200,80.2400,281400,55.9933
2006-10-31,80.2400,80.3500,80.2400,80.3500,471700,56.0701
2006-11-01,80.0900,80.1900,80.0400,80.1100,745900,56.1101
2006-11-02,80.1500,80.1500,80.0800,80.0900,287800,56.0960
2006-11-03,79.9900,80.0000,79.9000,79.9400,572800,55.9910
2006-11-06,79.9200,79.9500,79.8900,79.9300,362700,55.9840
2006-11-07,80.0300,80.0500,79.9900,80.0300,150500,56.0541
2006-11-08,80.0500,80.0800,80.0100,80.0700,406800,56.0820
2006-11-09,80.1000,80.1000,80.0400,80.0600,1603400,56.0750
2006-11-10,80.1300,80.1400,80.0800,80.1200,236500,56.1170
2006-11-13,80.1300,80.1300,80.0500,80.1200,785200,56.1170
2006-11-14,80.1900,80.1900,80.1100,80.1300,391800,56.1240
2006-11-15,80.1300,80.1400,80.0500,80.0800,277400,56.0890
2006-11-16,80.1000,80.1500,80.0200,80.0500,3239700,56.0680
2006-11-17,80.1200,80.1900,80.1000,80.1500,464300,56.1380
2006-11-20,80.1100,80.1900,80.1100,80.1700,309600,56.1521
2006-11-21,80.1900,80.2100,80.1400,80.1900,394500,56.1661
2006-11-22,80.2800,80.2800,80.1800,80.2500,281500,56.2081
2006-11-24,80.2400,80.3200,80.2200,80.2600,271100,56.2151
2006-11-27,80.2700,80.3300,80.1900,80.3100,370300,56.2501
2006-11-28,80.3400,80.3800,80.3000,80.3500,405700,56.2781
2006-11-29,80.4000,80.4100,80.3400,80.3500,357100,56.2781
2006-11-30,80.4100,80.4500,80.3800,80.4400,855400,56.3412
2006-12-01,80.2200,80.3500,80.1600,80.3100,241800,56.4515
2006-12-04,80.3100,80.3300,80.2700,80.3000,276800,56.4445
2006-12-05,80.3200,80.3700,80.2200,80.3000,3681300,56.4445
2006-12-06,80.3300,80.3300,80.2600,80.2900,1438800,56.4375
2006-12-07,80.3000,80.3100,80.2600,80.2700,1203900,56.4234
2006-12-08,80.2800,80.2800,80.1600,80.1700,471200,56.3531
2006-12-11,80.2200,80.2400,80.1700,80.1800,523800,56.3602
2006-12-12,80.2300,80.3000,80.2100,80.2900,267500,56.4375
2006-12-13,80.2000,80.2300,80.1500,80.1800,322000,56.3602
2006-12-14,80.1900,80.1900,80.1200,80.1400,1122100,56.3320
2006-12-15,80.2900,80.3000,80.1500,80.1700,889400,56.3531
2006-12-18,80.1800,80.1900,80.1400,80.1700,1125500,56.3531
2006-12-19,80.1700,80.2100,80.1600,80.1800,261800,56.3602
2006-12-20,80.2200,80.2400,80.1900,80.2300,593100,56.3953
2006-12-21,80.2500,80.3400,80.2000,80.2900,1347900,56.4375
2006-12-22,80.2500,80.3200,80.2100,80.2800,1097100,56.4305
2006-12-26,80.3100,80.3100,80.2300,80.2800,1254300,56.4305
2006-12-27,80.0600,80.0600,79.9700,79.9900,547400,56.3994
2006-12-28,80.0200,80.0300,79.9000,79.9400,689900,56.3642
2006-12-29,79.9100,79.9700,79.9000,79.9600,898300,56.3783
2007-01-03,80.0000,80.0900,79.9600,80.0400,1245700,56.4347
2007-01-04,80.0700,80.1200,80.0400,80.1200,500200,56.4911
2007-01-05,80.0200,80.0700,79.9800,80.0700,261300,56.4558
2007-01-08,80.0600,80.0600,80.0200,80.0200,267000,56.4206
2007-01-09,80.0500,80.0700,80.0100,80.0500,674500,56.4417
2007-01-10,80.0800,80.0800,80.0200,80.0300,286300,56.4277
2007-01-11,80.0000,80.0300,79.9500,79.9700,685200,56.3853
2007-01-12,80.0000,80.0000,79.9000,79.9200,258200,56.3501
2007-01-16,79.9800,80.0300,79.7500,80.0000,422500,56.4065
2007-01-17,80.0000,80.0200,79.9400,79.9700,621300,56.3853
2007-01-18,79.9700,80.0200,79.9400,80.0000,611400,56.4065
2007-01-19,80.0100,80.0200,79.9600,79.9900,412500,56.3994
2007-01-22,80.0100,80.0200,79.9700,80.0200,301300,56.4206
2007-01-23,80.0100,80.0100,79.9500,79.9800,318600,56.3924
2007-01-24,79.9800,80.2000,79.9700,80.0200,529300,56.4206
2007-01-25,80.0000,80.0000,79.9200,79.9600,708800,56.3783
2007-01-26,79.9500,80.0100,79.9300,79.9700,502500,56.3853
2007-01-29,79.9900,80.0300,79.9400,79.9800,877600,56.3924
2007-01-30,80.0000,80.0200,79.9700,80.0000,297900,56.4065
2007-01-31,79.9900,80.0900,79.9900,80.0900,526800,56.4699
2007-02-01,79.8800,79.8800,79.7500,79.7800,520400,56.4629
2007-02-02,79.8100,79.8200,79.7600,79.8100,303900,56.4841
2007-02-05,79.8200,79.8500,79.7800,79.7900,758800,56.4699
2007-02-06,79.8300,79.8900,79.8000,79.8800,296300,56.5337
2007-02-07,79.9000,79.9500,79.8900,79.9200,1107600,56.5619
2007-02-08,79.9300,79.9600,79.9000,79.9500,217200,56.5832
2007-02-09,79.9100,79.9200,79.8600,79.8700,437300,56.5265
2007-02-12,79.8700,79.9100,79.8500,79.8700,534200,56.5265
2007-02-13,79.9100,79.9100,79.8600,79.8600,689500,56.5195
2007-02-14,79.9300,80.0500,79.9300,80.0400,596200,56.6469
2007-02-15,80.1000,80.1100,80.0600,80.0800,435900,56.6752
2007-02-16,80.0900,80.1300,80.0500,80.1000,344200,56.6893
2007-02-20,80.0800,80.1300,80.0800,80.0900,258100,56.6822
2007-02-21,80.0900,80.1400,80.0900,80.1400,223400,56.7177
2007-02-22,80.1100,80.1200,80.0500,80.0900,250200,56.6822
2007-02-23,80.1300,80.1900,80.1100,80.1800,380300,56.7460
2007-02-26,80.2000,80.2500,80.1900,80.2400,462800,56.7884
2007-02-27,80.2800,80.5000,80.2400,80.4300,1362900,56.9229
2007-02-28,80.4400,80.4700,80.3200,80.3700,666500,56.8804
2007-03-01,80.2000,80.2800,80.1300,80.2100,1002300,56.9593
2007-03-02,80.2500,80.3200,80.2300,80.3000,974400,57.0232
2007-03-05,80.3700,80.3700,80.2400,80.3300,1420400,57.0445
2007-03-06,80.2400,80.3400,80.2000,80.2600,512300,56.9947
2007-03-07,80.2900,80.3600,80.2500,80.3400,387000,57.0515
2007-03-08,80.3000,80.3500,80.2600,80.3400,365500,57.0515
2007-03-09,80.1900,80.2200,80.1500,80.2000,555100,56.9521
2007-03-12,80.2400,80.2900,80.2200,80.2700,361900,57.0018
2007-03-13,80.3800,80.4200,80.3300,80.3800,887300,57.0800
2007-03-14,80.3500,80.4700,80.3500,80.4000,622800,57.0941
2007-03-15,80.3800,80.3900,80.3400,80.3800,598600,57.0800
2007-03-16,80.3300,80.3800,80.3100,80.3700,842300,57.0729
2007-03-19,80.3200,80.3200,80.2800,80.3000,238500,57.0232
2007-03-20,80.4000,80.4000,80.3400,80.3700,619300,57.0729
2007-03-21,80.3600,80.5100,80.3400,80.5000,414300,57.1652
2007-03-22,80.4500,80.4900,80.3800,80.4200,382000,57.1084
2007-03-23,80.4400,80.4800,80.3600,80.3700,288700,57.0729
2007-03-26,80.4100,80.4800,80.3600,80.4500,524300,57.1297
2007-03-27,80.4400,80.4800,80.4100,80.4600,427900,57.1368
2007-03-28,80.5000,80.6000,80.4900,80.5000,429300,57.1652
2007-03-29,80.4800,80.4800,80.4300,80.4600,335200,57.1368
2007-03-30,80.4700,80.5700,80.3700,80.4600,464700,57.1368
2007-04-02,80.1700,80.1900,80.1200,80.1800,313900,57.1475
2007-04-03,80.1600,80.2000,80.1200,80.1800,419100,57.1475
2007-04-04,80.2100,80.2500,80.1700,80.2300,405300,57.1831
2007-04-05,80.2000,80.2300,80.1500,80.2000,271900,57.1618
2007-04-09,80.0400,80.0600,80.0100,80.0200,356200,57.0334
2007-04-10,80.0700,80.1400,80.0600,80.1200,780300,57.1047
2007-04-11,80.1600,80.1800,80.0600,80.1200,773900,57.1047
2007-04-12,80.1000,80.1200,80.0300,80.1100,374300,57.0976
2007-04-13,80.1100,80.1400,80.0200,80.0700,261100,57.0691
2007-04-16,80.1000,80.1300,80.0500,80.0600,285500,57.0619
2007-04-17,80.1700,80.2000,80.1300,80.1900,398000,57.1546
2007-04-18,80.2400,80.3000,80.2300,80.3000,977800,57.2330
2007-04-19,80.3000,80.3400,80.2600,80.3000,223200,57.2330
2007-04-20,80.2600,80.3000,80.2300,80.2800,293200,57.2188
2007-04-23,80.2900,80.3500,80.1000,80.3400,1900700,57.2615
2007-04-24,80.3300,80.4100,80.3200,80.4100,264000,57.3114
2007-04-25,80.3800,80.4100,80.3600,80.3800,847200,57.2900
2007-04-26,80.3800,80.3800,80.2800,80.3200,1356200,57.2472
2007-04-27,80.3600,80.3700,80.3000,80.3500,267400,57.2687
2007-04-30,80.3600,80.4500,80.3500,80.4100,266000,57.3114
2007-05-01,80.1900,80.2000,80.0700,80.0900,352500,57.2871
2007-05-02,80.1300,80.1500,80.0800,80.1300,240900,57.3157
2007-05-03,80.0900,80.1100,80.0400,80.0700,301300,57.2728
2007-05-04,80.1200,80.1400,80.0900,80.1100,272600,57.3014
2007-05-07,80.1200,80.1500,80.1000,80.1100,917000,57.3014
2007-05-08,80.1500,80.1700,80.1100,80.1500,311100,57.3300
2007-05-09,80.1500,80.1800,80.0800,80.0900,547900,57.2871
2007-05-10,80.1100,80.1600,80.1000,80.1600,458000,57.3372
2007-05-11,80.2200,80.2200,80.0900,80.1300,1229700,57.3157
2007-05-14,80.1300,80.1500,80.0700,80.0700,280100,57.2728
2007-05-15,80.1500,80.1600,80.0800,80.0900,947000,57.2871
2007-05-16,80.1400,80.1900,80.0400,80.1700,1348000,57.3443
2007-05-17,80.1400,80.1500,80.0900,80.1200,394500,57.3085
2007-05-18,80.1000,80.1000,80.0300,80.0400,859700,57.2513
2007-05-21,80.0400,80.1100,80.0400,80.0600,852300,57.2656
2007-05-22,80.0700,80.1100,80.0400,80.0800,1016600,57.2799
2007-05-23,80.0800,80.1300,80.0600,80.0600,642200,57.2656
2007-05-24,80.1100,80.1200,80.0200,80.0900,844700,57.2871
2007-05-25,80.0600,80.1500,80.0500,80.1400,1649800,57.3228
2007-05-29,80.1000,80.1200,80.0600,80.0600,311100,57.2656
2007-05-30,80.1100,80.1400,80.0700,80.1200,466300,57.3085
2007-05-31,80.1300,80.1300,80.0400,80.0700,948300,57.2728
2007-06-01,79.7700,79.8500,79.7200,79.7400,1827100,57.2433
2007-06-04,79.7600,79.7800,79.7200,79.7700,242300,57.2649
2007-06-05,79.7400,79.7700,79.6900,79.7000,294400,57.2146
2007-06-06,79.7500,79.8200,79.7300,79.8000,779300,57.2864
2007-06-07,79.7600,79.7800,79.6500,79.7100,1047900,57.2217
2007-06-08,79.7000,79.7400,79.6800,79.7400,1129500,57.2433
2007-06-11,79.7200,79.7700,79.7100,79.7500,358400,57.2505
2007-06-12,79.6900,79.7400,79.6400,79.6800,855700,57.2003
2007-06-13,79.6800,79.7300,79.6400,79.7000,592200,57.2146
2007-06-14,79.6900,79.7200,79.6600,79.7000,341300,57.2146
2007-06-15,79.7400,79.8100,79.7000,79.8100,343400,57.2936
2007-06-18,79.7800,79.8200,79.7400,79.8100,461500,57.2936
2007-06-19,79.8900,79.9700,79.8400,79.9500,1196700,57.3941
2007-06-20,79.9100,79.9300,79.8200,79.8700,1038700,57.3367
2007-06-21,79.9100,79.9500,79.8800,79.9000,178800,57.3582
2007-06-22,79.8700,80.0100,79.8700,80.0100,353100,57.4372
2007-06-25,80.0600,80.0800,79.9800,80.0800,380200,57.4874
2007-06-26,80.0600,80.0600,80.0000,80.0300,462100,57.4515
2007-06-27,80.1300,80.1300,80.0200,80.0200,450500,57.4444
2007-06-28,80.0400,80.0800,79.9800,80.0000,360800,57.4300
2007-06-29,80.0900,80.1700,80.0300,80.1600,1063700,57.5449
2007-07-02,79.8700,79.9300,79.8500,79.9100,4806500,57.5824
2007-07-03,79.9200,79.9400,79.8300,79.8800,296400,57.5607
2007-07-05,79.8000,79.8300,79.7400,79.7700,820300,57.4814
2007-07-06,79.7600,79.7800,79.6900,79.7600,991700,57.4742
2007-07-09,79.7400,79.8200,79.7400,79.8200,652600,57.5174
2007-07-10,79.9000,79.9700,79.8400,79.9700,673700,57.6256
2007-07-11,79.9900,79.9900,79.9000,79.9300,315300,57.5967
2007-07-12,79.9900,79.9900,79.8300,79.8800,550100,57.5607
2007-07-13,79.9300,79.9300,79.8500,79.9200,1058600,57.5896
2007-07-16,79.9200,80.0000,79.9100,80.0000,295500,57.6472
2007-07-17,79.9500,80.0100,79.9300,79.9500,2105200,57.6111
2007-07-18,80.0100,80.1000,79.9900,80.0700,611200,57.6976
2007-07-19,80.0100,80.0700,80.0000,80.0600,2355100,57.6904
2007-07-20,80.1200,80.2100,80.1100,80.1900,522700,57.7841
2007-07-23,80.1600,80.1900,80.1200,80.1300,294600,57.7408
2007-07-24,80.1900,80.2300,80.1700,80.2100,363100,57.7985
2007-07-25,80.2300,80.2900,80.2100,80.2700,316100,57.8417
2007-07-26,80.3900,80.5200,80.3800,80.4600,1740500,57.9787
2007-07-27,80.5000,80.5700,80.4400,80.5500,1063600,58.0435
2007-07-30,80.5600,80.6100,80.4500,80.4500,778700,57.9714
2007-07-31,80.4600,80.5800,80.4100,80.5800,449900,58.0651
2007-08-01,80.2600,80.3200,80.1700,80.2000,865700,58.0087
2007-08-02,80.2000,80.2500,80.1600,80.2400,386200,58.0376
2007-08-03,80.3000,80.4500,80.2900,80.4400,678200,58.1823
2007-08-06,80.4200,80.4900,80.3200,80.3400,2911800,58.1099
2007-08-07,80.3200,80.4600,80.2100,80.2700,818900,58.0594
2007-08-08,80.2100,80.2400,80.1200,80.2100,533600,58.0159
2007-08-09,80.3800,80.4400,80.3200,80.4400,1314300,58.1823
2007-08-10,80.5000,80.5200,80.3800,80.4100,1899400,58.1605
2007-08-13,80.3900,80.5000,80.3600,80.4800,603400,58.2112
2007-08-14,80.4000,80.5900,80.4000,80.5900,1720300,58.2907
2007-08-15,80.6700,80.7700,80.6000,80.7000,1299000,58.3704
2007-08-16,80.8400,81.1500,80.8000,80.8600,2481100,58.4861
2007-08-17,80.8600,80.9700,80.8100,80.9300,936000,58.5367
2007-08-20,80.9300,81.1000,80.9200,81.0300,1029600,58.6090
2007-08-21,81.2200,81.2300,81.0100,81.1400,876500,58.6886
2007-08-22,81.0000,81.0600,80.9500,81.0300,774100,58.6090
2007-08-23,80.9300,81.0800,80.8900,80.9800,842000,58.5729
2007-08-24,80.9500,80.9700,80.7900,80.8300,700700,58.4643
2007-08-27,80.8900,80.9600,80.8200,80.9400,480400,58.5439
2007-08-28,80.9800,81.1500,80.9700,81.1500,602800,58.6959
2007-08-29,81.1000,81.2000,81.0500,81.0500,443600,58.6235
2007-08-30,81.1300,81.1900,81.0800,81.1200,389600,58.6742
2007-08-31,81.0500,81.2500,80.9000,81.1200,2442400,58.6742
2007-09-04,80.9900,80.9900,80.2800,80.8100,603600,58.6713
2007-09-05,80.9600,81.0500,80.9000,81.0200,358700,58.8237
2007-09-06,81.0000,81.0100,80.7900,80.9200,339600,58.7511
2007-09-07,81.1700,81.2200,81.1000,81.2000,470900,58.9543
2007-09-10,81.2200,81.3200,81.1000,81.2300,691300,58.9761
2007-09-11,81.1800,81.2200,81.1100,81.1100,537700,58.8890
2007-09-12,81.1500,81.3100,81.1100,81.1800,410100,58.9398
2007-09-13,81.1100,81.1500,80.9900,81.0600,532100,58.8527
2007-09-14,81.1600,81.2100,80.8100,81.0500,451100,58.8455
2007-09-17,80.9600,81.1500,80.9600,81.0400,347900,58.8382
2007-09-18,80.9500,81.2000,79.8700,81.1500,743300,58.9181
2007-09-19,81.0700,81.2800,81.0700,81.1500,1602400,58.9181
2007-09-20,81.1100,81.1600,80.9700,80.9800,2156700,58.7947
2007-09-21,81.0200,81.1800,81.0000,81.0900,418300,58.8745
2007-09-24,81.1200,81.1900,81.0600,81.1800,289400,58.9398
2007-09-25,81.2300,81.3100,81.1300,81.2500,611400,58.9907
2007-09-26,81.2400,81.3200,81.1700,81.2000,528000,58.9543
2007-09-27,81.2300,81.4400,81.2300,81.3500,878800,59.0633
2007-09-28,81.3300,81.4200,81.2600,81.2600,701000,58.9980
2007-10-01,81.0200,81.0700,80.9500,80.9800,5263100,59.0103
2007-10-02,80.9200,81.0500,80.9200,81.0300,1337200,59.0468
2007-10-03,81.1100,81.1300,80.9800,81.0200,1713300,59.0395
2007-10-04,81.0300,81.0700,81.0000,81.0600,219200,59.0686
2007-10-05,80.9000,81.0500,80.8900,80.9700,2065600,59.0030
2007-10-08,81.0600,81.0800,80.9000,81.0500,268400,59.0614
2007-10-09,80.9000,80.9600,80.8500,80.8700,1313900,58.9301
2007-10-10,80.8400,80.9200,80.7900,80.8900,477100,58.9448
2007-10-11,80.7700,80.9200,80.7700,80.9100,1196000,58.9593
2007-10-12,80.8300,80.8900,80.7800,80.8200,1798400,58.8937
2007-10-15,80.7500,80.8500,80.7200,80.8200,2014700,58.8937
2007-10-16,80.8700,81.1000,80.8700,80.9200,561900,58.9666
2007-10-17,80.9700,81.1800,80.9700,81.1100,1432000,59.1050
2007-10-18,81.2500,81.2800,81.1700,81.2200,385600,59.1852
2007-10-19,81.3000,81.5200,81.2700,81.4300,900600,59.3383
2007-10-22,81.3500,81.4800,81.2000,81.3600,607400,59.2872
2007-10-23,81.3400,81.4000,81.3000,81.3700,380100,59.2945
2007-10-24,81.4200,81.5900,81.4200,81.5300,457500,59.4111
2007-10-25,81.5600,81.5900,81.4800,81.4800,566300,59.3747
2007-10-26,81.4700,81.5700,81.4300,81.4900,1568500,59.3820
2007-10-29,81.5000,81.5300,81.4400,81.4900,592000,59.3820
2007-10-30,81.4600,81.5000,81.4400,81.4800,293000,59.3747
2007-10-31,81.4600,81.4900,81.3100,81.3500,554900,59.2799
2007-11-01,81.0900,81.3200,81.0900,81.3100,1776000,59.4723
2007-11-02,81.2300,81.6900,81.2300,81.4100,418900,59.5455
2007-11-05,81.4900,81.5000,81.3500,81.4000,520700,59.5381
2007-11-06,81.3800,81.4700,81.3500,81.3500,996400,59.5016
2007-11-07,81.4900,81.6000,81.4400,81.5800,484400,59.6698
2007-11-08,81.6400,81.8100,81.5800,81.7100,1829600,59.7649
2007-11-09,81.8300,82.0600,81.6900,81.7400,1566300,59.7868
2007-11-12,81.9000,81.9700,81.7600,81.9300,699100,59.9258
2007-11-13,81.7800,81.8400,81.6000,81.6800,1081200,59.7429
2007-11-14,81.6500,81.7500,81.6200,81.7200,570400,59.7722
2007-11-15,81.9000,82.0000,81.8400,81.9900,630200,59.9697
2007-11-16,81.9900,82.0600,81.9300,81.9900,434500,59.9697
2007-11-19,82.0000,82.3000,81.6500,82.2600,973800,60.1672
2007-11-20,82.2400,82.3400,82.1500,82.2300,620000,60.1452
2007-11-21,82.3900,82.5500,82.3900,82.4900,1685000,60.3354
2007-11-23,82.4300,82.5000,82.3500,82.4000,275600,60.2696
2007-11-26,82.4400,83.1500,82.2500,82.6300,983500,60.4378
2007-11-27,82.5600,82.9800,82.3300,82.3800,793900,60.2549
2007-11-28,82.3400,82.3800,82.2300,82.3100,740300,60.2038
2007-11-29,82.4300,82.6000,82.3800,82.4600,509000,60.3135
2007-11-30,82.3600,82.5300,82.3100,82.5000,640200,60.3428
2007-12-03,82.3500,82.4200,81.9600,82.4100,486000,60.4792
2007-12-04,82.5300,82.5300,82.3200,82.4000,1015400,60.4719
2007-12-05,82.3400,82.4700,82.3000,82.4300,615100,60.4939
2007-12-06,82.3700,82.3700,82.2200,82.2600,1601200,60.3692
2007-12-07,82.2600,82.2600,82.0800,82.1700,888000,60.3030
2007-12-10,82.2000,82.2100,82.0700,82.1100,499000,60.2591
2007-12-11,82.1200,82.4200,82.0600,82.4100,1751200,60.4792
2007-12-12,82.0500,82.2900,82.0000,82.2000,452900,60.3251
2007-12-13,82.1200,82.2300,82.0500,82.0800,493100,60.2370
2007-12-14,82.0100,82.0400,81.8800,81.8800,539300,60.0902
2007-12-17,81.9600,82.1200,81.9600,82.1200,662700,60.2664
2007-12-18,82.1400,82.1800,82.0200,82.0700,697000,60.2297
2007-12-19,82.1800,82.3300,82.0600,82.2800,718100,60.3838
2007-12-20,82.3200,82.4000,82.2000,82.3400,1304600,60.4279
2007-12-21,82.3000,82.3200,82.1400,82.2100,2023700,60.3324
2007-12-24,82.0800,82.1600,82.0400,82.1400,314800,60.2811
2007-12-26,82.1100,82.1800,82.0000,82.0600,472700,60.2223
2007-12-27,82.0200,82.0200,81.8500,81.9600,688500,60.3542
2007-12-28,81.9500,82.0800,81.9500,82.0600,584100,60.4278
2007-12-31,82.1100,82.1900,82.1000,82.1900,1120400,60.5236
2008-01-02,82.2700,82.4400,82.1600,82.3400,1471100,60.6340
2008-01-03,82.4300,82.5000,82.3200,82.4700,408400,60.7297
2008-01-04,82.6500,82.6700,82.5500,82.5900,884700,60.8181
2008-01-07,82.5800,82.6100,82.5000,82.5400,917400,60.7813
2008-01-08,82.5400,82.6600,82.4700,82.6600,1154500,60.8697
2008-01-09,82.7100,82.7300,82.6100,82.6200,2590700,60.8402
2008-01-10,82.6400,82.7400,82.5900,82.6200,997700,60.8402
2008-01-11,82.6600,82.8700,82.6600,82.8500,490100,61.0096
2008-01-14,82.8400,82.8800,82.7900,82.8800,1272300,61.0316
2008-01-15,82.9300,82.9500,82.8400,82.9500,1448400,61.0832
2008-01-16,83.0000,83.0500,82.9000,83.0200,965700,61.1347
2008-01-17,82.9700,83.1800,82.9400,83.1600,1032200,61.2378
2008-01-18,83.1400,83.2900,83.1000,83.2300,939100,61.2894
2008-01-22,84.4800,84.4800,83.4300,83.5800,2395400,61.5471
2008-01-23,83.9800,83.9800,83.5200,83.5400,1906100,61.5177
2008-01-24,83.5400,83.5400,83.2800,83.2800,1047100,61.3262
2008-01-25,83.1600,83.5300,83.1500,83.5000,1281300,61.4882
2008-01-28,83.4700,83.5300,83.4000,83.4600,758600,61.4588
2008-01-29,83.3500,83.4200,83.3000,83.4100,872000,61.4220
2008-01-30,83.4000,83.4700,83.2500,83.4700,3025000,61.4661
2008-01-31,83.6300,83.6600,83.4800,83.5500,905800,61.5250
2008-02-01,83.4900,83.5000,83.3700,83.4200,1754600,61.5922
2008-02-04,83.3900,83.9200,83.3500,83.4300,787300,61.5996
2008-02-05,83.6400,83.6500,83.5300,83.6200,1949700,61.7399
2008-02-06,83.6300,83.6800,83.5500,83.6500,898700,61.7620
2008-02-07,83.7200,83.7200,83.4700,83.5400,2791400,61.6808
2008-02-08,83.5800,83.7000,83.5700,83.6900,2447100,61.7916
2008-02-11,83.7100,83.7800,83.6700,83.7200,669400,61.8137
2008-02-12,83.5900,83.7600,83.5800,83.7500,936700,61.8359
2008-02-13,83.7700,83.8600,83.7300,83.7800,632300,61.8580
2008-02-14,83.7500,83.8000,83.6900,83.7200,1471200,61.8137
2008-02-15,83.7800,83.8400,83.5600,83.6300,1830200,61.7473
2008-02-19,83.6600,83.7000,83.5200,83.5700,1031900,61.7030
2008-02-20,83.6000,83.6400,83.4200,83.4700,822500,61.6292
2008-02-21,83.4200,83.7100,83.3500,83.7000,588900,61.7989
2008-02-22,83.6200,83.7400,83.5800,83.6100,1470900,61.7325
2008-02-25,83.6000,83.6500,83.4400,83.4800,689400,61.6365
2008-02-26,83.4800,83.6200,83.4800,83.6000,657700,61.7251
2008-02-27,83.7100,83.7800,83.6000,83.7000,1626500,61.7989
2008-02-28,83.8600,83.9000,83.8000,83.9000,823700,61.9467
2008-02-29,84.0800,84.2100,83.9700,84.1900,901700,62.1607
2008-03-03,84.0500,84.0800,83.9000,84.0300,1341900,62.1630
2008-03-04,84.0400,84.2400,83.9800,84.0100,662900,62.1481
2008-03-05,84.0500,84.1000,83.8900,83.9600,607700,62.1112
2008-03-06,84.1300,84.2100,84.0600,84.2100,1482800,62.2961
2008-03-07,84.2800,84.3300,84.0100,84.1700,1557200,62.2665
2008-03-10,84.1600,84.3100,84.0900,84.2600,701400,62.3332
2008-03-11,83.9900,84.0000,83.8400,83.8400,638300,62.0224
2008-03-12,83.9200,84.1300,83.9000,84.1100,459200,62.2221
2008-03-13,84.2200,84.2900,84.0100,84.0700,915400,62.1926
2008-03-14,84.0200,84.4500,84.0200,84.3200,1031000,62.3775
2008-03-17,84.5400,84.6100,84.4100,84.5100,851000,62.5180
2008-03-18,84.4300,84.5000,84.1700,84.2100,735400,62.2961
2008-03-19,84.1800,84.3800,84.0700,84.3000,696300,62.3627
2008-03-20,84.2800,84.4400,84.1000,84.2000,1289400,62.2887
2008-03-24,84.0200,84.0200,83.8200,83.8500,849600,62.0298
2008-03-25,83.9600,84.0300,83.9100,83.9100,1870900,62.0742
2008-03-26,84.0400,84.1600,83.9500,84.0900,474100,62.2073
2008-03-27,84.1100,84.1900,84.0800,84.1800,437800,62.2739
2008-03-28,84.1500,84.2200,84.0300,84.2200,370800,62.3035
2008-03-31,84.2200,84.2700,84.1800,84.2400,474400,62.3183
2008-04-01,83.9100,83.9700,83.7600,83.7600,2527500,62.0929
2008-04-02,83.7200,83.8000,83.5800,83.6900,818600,62.0411
2008-04-03,83.7500,83.7800,83.6100,83.6300,688400,61.9966
2008-04-04,83.7000,83.7900,83.6800,83.7800,1027900,62.1078
2008-04-07,83.6500,83.6800,83.5000,83.6200,574700,61.9891
2008-04-08,83.6600,83.7400,83.6300,83.6700,986000,62.0262
2008-04-09,83.8100,83.9300,83.7800,83.8300,610500,62.1449
2008-04-10,83.9200,83.9400,83.7600,83.8000,433900,62.1226
2008-04-11,83.8600,83.9400,83.8500,83.9400,1193300,62.2263
2008-04-14,83.9200,83.9500,83.8700,83.8900,551000,62.1893
2008-04-15,83.8300,83.8700,83.7400,83.7800,483800,62.1078
2008-04-16,83.7800,83.8000,83.5700,83.6000,1370900,61.9743
2008-04-17,83.6200,83.6200,83.3500,83.4500,792700,61.8632
2008-04-18,83.2800,83.4000,83.1900,83.4000,1436200,61.8260
2008-04-21,83.3500,83.4100,83.2900,83.3200,753400,61.7668
2008-04-22,83.2900,83.3700,83.2800,83.3500,494100,61.7890
2008-04-23,83.3300,83.3900,83.2700,83.3500,505600,61.7890
2008-04-24,83.2000,83.2600,83.0700,83.1200,975700,61.6185
2008-04-25,83.0600,83.1900,83.0600,83.1300,1386000,61.6259
2008-04-28,83.1300,83.2300,83.0400,83.2200,593600,61.6926
2008-04-29,83.2600,83.3100,83.1900,83.2000,695300,61.6778
2008-04-30,83.2200,83.3600,83.0900,83.3600,870600,61.7964
2008-05-01,83.2800,83.2800,83.0100,83.0500,1129900,61.6864
2008-05-02,82.9100,83.4900,82.8500,82.9400,878100,61.6047
2008-05-05,83.0000,83.0600,82.9400,83.0300,723600,61.6716
2008-05-06,83.1100,83.1800,82.9900,83.0800,893400,61.7088
2008-05-07,83.0200,83.1800,83.0200,83.1800,861500,61.7831
2008-05-08,83.2500,83.3100,83.1400,83.2500,1319900,61.8350
2008-05-09,83.3400,83.3500,83.2400,83.2800,848600,61.8573
2008-05-12,83.2100,83.3000,83.1200,83.1200,569800,61.7384
2008-05-13,83.0100,83.0800,82.9100,82.9800,557100,61.6345
2008-05-14,83.0200,83.0200,82.8100,82.9200,574000,61.5899
2008-05-15,82.8900,83.0400,82.8900,82.9900,657100,61.6419
2008-05-16,82.8900,83.0900,82.8900,83.0100,417200,61.6567
2008-05-19,83.0700,83.1100,82.9700,83.1000,371100,61.7236
2008-05-20,83.1000,83.2300,83.1000,83.2200,462600,61.8128
2008-05-21,83.1400,83.2400,83.1000,83.1300,900100,61.7459
2008-05-22,82.9900,83.0000,82.8600,82.9000,433700,61.5751
2008-05-23,82.9600,83.1400,82.9600,83.0600,555000,61.6939
2008-05-27,83.0300,83.0700,82.9200,82.9700,501600,61.6271
2008-05-28,82.9100,82.9300,82.8100,82.8200,413700,61.5156
2008-05-29,82.7400,82.8200,82.5400,82.7900,439600,61.4934
2008-05-30,82.8800,82.9500,82.8600,82.9100,1970100,61.5825
2008-06-02,82.7000,82.9000,82.6800,82.8500,369300,61.7039
2008-06-03,82.9300,83.0000,82.7000,82.9700,445000,61.7933
2008-06-04,83.0000,83.0200,82.8900,82.9400,607100,61.7709
2008-06-05,82.8800,82.9200,82.8000,82.8300,679300,61.6890
2008-06-06,82.9100,83.0700,82.8900,82.9400,345400,61.7709
2008-06-09,82.7900,82.8000,82.5100,82.5200,566100,61.4581
2008-06-10,82.4000,82.4600,82.2800,82.3300,1293900,61.3166
2008-06-11,82.4000,82.5300,82.3300,82.4700,641300,61.4209
2008-06-12,82.2800,82.3400,82.0700,82.0700,1064700,61.1229
2008-06-13,82.2100,82.3400,82.1400,82.1600,834300,61.1900
2008-06-16,82.2000,82.2600,82.1700,82.2100,318500,61.2272
2008-06-17,82.2900,82.3800,82.2500,82.3700,388300,61.3464
2008-06-18,82.3700,82.4800,82.3700,82.4500,1229800,61.4060
2008-06-19,82.3700,82.4400,82.2800,82.2900,549000,61.2869
2008-06-20,82.3900,82.5100,82.3900,82.4400,362800,61.3986
2008-06-23,82.3600,82.4400,82.3100,82.3500,924300,61.3315
2008-06-24,82.4000,82.5300,82.3800,82.5000,650600,61.4433
2008-06-25,82.4500,82.6000,82.3500,82.5600,838000,61.4879
2008-06-26,82.5900,82.8200,82.5900,82.8000,1378900,61.6667
2008-06-27,82.8500,82.8700,82.7000,82.8400,812900,61.6965
2008-06-30,82.8100,82.8900,82.7500,82.8900,953300,61.7337
2008-07-01,82.7600,82.8500,82.6400,82.6500,1032300,61.7180
2008-07-02,82.6100,82.7500,82.6000,82.6600,903200,61.7254
2008-07-03,82.7500,82.8300,82.6600,82.8000,328900,61.8300
2008-07-07,82.8200,83.0100,82.7300,82.8500,1115100,61.8674
2008-07-08,82.8800,83.0000,82.8100,82.8600,507000,61.8748
2008-07-09,82.8500,83.0000,82.8100,83.0000,459000,61.9794
2008-07-10,83.0000,83.0000,82.8900,82.9000,736100,61.9047
2008-07-11,82.9500,82.9600,82.6800,82.7300,532200,61.7778
2008-07-14,82.7600,82.9300,82.6800,82.9200,681300,61.9196
2008-07-15,83.0000,83.1900,82.9600,83.0400,715700,62.0092
2008-07-16,83.0200,83.0700,82.9500,82.9600,618700,61.9495
2008-07-17,82.9200,82.9700,82.7800,82.8400,937600,61.8598
2008-07-18,82.8700,82.9100,82.6300,82.6900,1190400,61.7479
2008-07-21,82.6700,82.7300,82.5900,82.7300,811900,61.7778
2008-07-22,82.7200,82.7200,82.5700,82.6600,1046200,61.7254
2008-07-23,82.5500,82.6400,82.4900,82.6200,867600,61.6956
2008-07-24,82.6300,82.8600,82.6300,82.8500,520000,61.8674
2008-07-25,82.8200,82.8500,82.7000,82.7400,874800,61.7852
2008-07-28,82.8400,82.9200,82.8200,82.9100,513100,61.9121
2008-07-29,82.8700,82.8700,82.7600,82.8400,487900,61.8598
2008-07-30,82.7700,82.9200,82.7600,82.8600,516000,61.8748
2008-07-31,82.9600,83.0400,82.9500,83.0300,629900,62.0018
2008-08-01,82.7800,82.7900,82.7100,82.7800,657400,62.0138
2008-08-04,82.7600,82.8200,82.7300,82.7700,935500,62.0062
2008-08-05,82.7500,82.7600,82.6800,82.7300,567900,61.9763
2008-08-06,82.7600,82.7700,82.6500,82.7400,534700,61.9837
2008-08-07,82.8100,82.9400,82.8100,82.9200,445700,62.1187
2008-08-08,82.9400,83.0000,82.7900,82.8500,530000,62.0662
2008-08-11,82.8400,82.8400,82.5700,82.7400,711000,61.9837
2008-08-12,82.8700,82.9100,82.8400,82.8900,587800,62.0962
2008-08-13,82.9700,82.9800,82.8400,82.8800,1158100,62.0886
2008-08-14,82.9300,82.9500,82.8600,82.9100,1061400,62.1111
2008-08-15,83.0200,83.0500,82.9300,82.9700,1816300,62.1561
2008-08-18,82.9900,83.0700,82.9600,83.0400,537000,62.2086
2008-08-19,83.1400,83.1500,83.0500,83.1000,683800,62.2535
2008-08-20,83.0900,83.2200,83.0900,83.2100,717200,62.3359
2008-08-21,83.1900,83.1900,83.0900,83.1400,540600,62.2834
2008-08-22,83.0500,83.0500,82.9500,82.9900,509600,62.1710
2008-08-25,83.0900,83.1400,83.0700,83.1300,511800,62.2760
2008-08-26,83.0900,83.1000,83.0300,83.1000,600200,62.2535
2008-08-27,83.0600,83.1500,83.0200,83.1500,664000,62.2910
2008-08-28,83.1100,83.1200,83.0400,83.1100,510300,62.2609
2008-08-29,83.0700,83.1500,83.0300,83.1500,597400,62.2910
2008-09-02,82.8400,83.0200,82.7800,83.0200,645200,62.3699
2008-09-03,83.0400,83.1000,83.0100,83.0500,947200,62.3924
2008-09-04,83.0600,83.1700,83.0500,83.1000,861400,62.4299
2008-09-05,83.2000,83.2300,83.0400,83.0700,1047500,62.4074
2008-09-08,82.8900,83.0400,82.8200,83.0300,505100,62.3773
2008-09-09,82.9900,83.2100,82.8800,83.1600,642200,62.4749
2008-09-10,83.1100,83.2000,83.0400,83.1800,536600,62.4901
2008-09-11,83.2700,83.2900,83.1400,83.1500,825500,62.4675
2008-09-12,83.1800,83.2400,83.0500,83.1600,1061400,62.4749
2008-09-15,83.7000,83.7900,83.4900,83.7500,1710200,62.9183
2008-09-16,84.0300,84.0600,83.5800,83.6000,1671800,62.8056
2008-09-17,83.9300,84.0200,83.4200,84.0000,5535100,63.1060
2008-09-18,83.8700,84.2900,83.6500,83.7300,13824800,62.9032
2008-09-19,83.0600,83.3600,83.0200,83.2600,3398300,62.5501
2008-09-22,83.0600,83.3300,83.0100,83.3200,1542400,62.5952
2008-09-23,83.4200,83.4200,83.2200,83.3800,1226200,62.6403
2008-09-24,83.4000,83.5800,83.3100,83.5600,831100,62.7755
2008-09-25,83.5500,83.5600,83.2700,83.4100,1089800,62.6628
2008-09-26,83.6000,83.6200,83.4000,83.4100,1268200,62.6628
2008-09-29,83.6800,84.1600,83.5800,83.8900,2506000,63.0234
2008-09-30,83.9700,84.0200,83.5600,83.5600,1460200,62.7755
2008-10-01,83.5500,83.6300,83.3200,83.5400,4156600,62.9715
2008-10-02,83.7100,83.8700,83.5900,83.7200,2180500,63.1072
2008-10-03,83.8200,83.9500,83.5000,83.9500,1009900,63.2805
2008-10-06,84.0500,84.2700,83.9800,84.1200,2985200,63.4087
2008-10-07,83.9700,84.1700,83.8600,84.1400,5766800,63.4238
2008-10-08,84.3300,84.3400,83.6100,83.7800,7752100,63.1524
2008-10-09,83.7200,83.8500,83.5900,83.8300,6909600,63.1901
2008-10-10,84.0000,84.1200,83.4900,83.9600,4586600,63.2880
2008-10-13,83.8300,83.8300,82.7300,83.5900,1399300,63.0091
2008-10-14,83.5500,83.7300,83.3500,83.6100,3418700,63.0243
2008-10-15,83.6100,84.0300,83.6100,83.8900,1202300,63.2353
2008-10-16,83.7900,84.1500,83.7800,83.8400,1174500,63.1976
2008-10-17,83.9500,84.0200,83.7500,83.9000,942100,63.2428
2008-10-20,83.9800,84.0700,83.7800,83.8400,1514800,63.1976
2008-10-21,84.0900,84.1100,83.8400,84.0100,711100,63.3258
2008-10-22,84.0300,84.1600,83.8900,84.1300,1161600,63.4162
2008-10-23,84.0800,84.3100,83.9300,84.0800,901100,63.3785
2008-10-24,84.3500,84.3700,84.0400,84.1500,1208800,63.4313
2008-10-27,84.0200,84.1300,83.8800,83.9400,1122100,63.2730
2008-10-28,83.9600,84.0800,83.8800,84.0400,1028700,63.3484
2008-10-29,84.1200,84.2200,84.0000,84.0900,1302400,63.3861
2008-10-30,84.1100,84.2000,84.0100,84.1600,821500,63.4388
2008-10-31,84.1300,84.2000,84.0200,84.2000,1271700,63.4690
2008-11-03,83.9400,84.0300,83.8000,84.0300,901900,63.5878
2008-11-04,84.0000,84.1200,83.8400,84.0000,1290100,63.5651
2008-11-05,83.9900,84.1500,83.9500,84.1500,1421400,63.6785
2008-11-06,84.0200,84.1900,83.9700,84.1800,2190300,63.7013
2008-11-07,84.0800,84.1500,84.0100,84.0300,661000,63.5878
2008-11-10,84.0800,84.2900,84.0100,84.2900,703900,63.7846
2008-11-11,84.1500,84.3700,84.1500,84.3500,493200,63.8300
2008-11-12,84.3400,84.4800,84.3100,84.4800,972600,63.9283
2008-11-13,84.4500,84.4700,84.2500,84.2700,1089400,63.7694
2008-11-14,84.2900,84.4100,84.2500,84.2500,858300,63.7543
2008-11-17,84.2500,84.4100,84.2500,84.4000,613000,63.8678
2008-11-18,84.3100,84.5000,84.3000,84.4900,649600,63.9359
2008-11-19,84.4700,84.6100,84.4300,84.6100,740000,64.0267
2008-11-20,84.7500,84.8000,84.5700,84.7700,2529500,64.1478
2008-11-21,84.6300,84.7000,84.4600,84.6300,1693400,64.0418
2008-11-24,84.4600,84.5300,84.3400,84.4200,957100,63.8829
2008-11-25,84.5300,84.6600,84.4100,84.4900,810300,63.9359
2008-11-26,84.5000,84.7600,84.5000,84.7500,671900,64.1326
2008-11-28,84.6400,84.8000,84.5400,84.8000,234700,64.1704
2008-12-01,84.6300,84.7200,84.5200,84.6600,869100,64.2760
2008-12-02,84.6300,84.7100,84.5500,84.6500,725000,64.2684
2008-12-03,84.5700,84.7800,84.5700,84.7200,956300,64.3215
2008-12-04,84.7300,84.8500,84.6500,84.7400,1181300,64.3368
2008-12-05,84.7700,84.8000,84.5100,84.6400,877800,64.2608
2008-12-08,84.6200,84.6600,84.4800,84.5200,1051300,64.1697
2008-12-09,84.6400,84.7800,84.4500,84.7800,980400,64.3671
2008-12-10,84.6900,84.7700,84.5500,84.6700,938100,64.2836
2008-12-11,84.7500,84.8700,84.6500,84.8700,919400,64.4355
2008-12-12,84.7800,84.9500,84.6500,84.9100,538500,64.4658
2008-12-15,84.8500,84.9800,84.7500,84.9700,1399200,64.5113
2008-12-16,85.0100,85.1400,84.7400,85.0100,734500,64.5418
2008-12-17,84.9900,85.1700,84.8300,84.8300,1398100,64.4051
2008-12-18,85.0100,85.0300,84.8600,84.8700,1120900,64.4355
2008-12-19,84.7700,84.8900,84.7500,84.7900,848900,64.3747
2008-12-22,84.7900,84.8200,84.6200,84.6300,812700,64.2532
2008-12-23,84.6500,84.7500,84.6200,84.6500,698300,64.2684
2008-12-24,84.6900,84.7900,84.6600,84.6700,271600,64.2836
2008-12-26,84.6600,84.8000,84.6500,84.7700,444400,64.3595
2008-12-29,84.5700,84.6800,84.4500,84.6200,715900,64.5013
2008-12-30,84.6000,84.7000,84.5300,84.7000,531900,64.5622
2008-12-31,84.6700,84.6900,84.4600,84.6600,587400,64.5318
2009-01-02,84.6800,84.6800,84.2100,84.2100,1138500,64.1888
2009-01-05,84.3500,84.4600,84.3100,84.3800,5046300,64.3184
2009-01-06,84.3200,84.4600,84.2700,84.4200,1459700,64.3489
2009-01-07,84.4500,84.4500,84.3000,84.3600,2015400,64.3031
2009-01-08,84.3300,84.4900,84.3300,84.3800,805800,64.3184
2009-01-09,84.3900,84.5300,84.3800,84.4400,847200,64.3641
2009-01-12,84.4400,84.5900,84.4200,84.4600,1228000,64.3794
2009-01-13,84.4700,84.5400,84.4000,84.4700,583400,64.3869
2009-01-14,84.5200,84.6500,84.5200,84.5700,1117800,64.4632
2009-01-15,84.5600,84.5900,84.4100,84.4800,4473500,64.3946
2009-01-16,84.4200,84.5600,84.4000,84.5200,660600,64.4251
2009-01-20,84.4500,84.5800,84.3800,84.5600,2102800,64.4556
2009-01-21,84.4800,84.5500,84.4100,84.4300,992100,64.3565
2009-01-22,84.4700,84.5500,84.4200,84.4700,568900,64.3869
2009-01-23,84.4300,84.4800,84.2800,84.4500,1840900,64.3717
2009-01-26,84.4300,84.4300,84.2800,84.3400,910100,64.2879
2009-01-27,84.3000,84.4400,84.3000,84.4300,1186800,64.3565
2009-01-28,84.3900,84.4600,84.3300,84.4000,1637100,64.3336
2009-01-29,84.2700,84.3300,84.2200,84.2400,1642800,64.2117
2009-01-30,84.2800,84.3800,84.2300,84.2900,1134300,64.2498
2009-02-02,84.1400,84.2400,84.1200,84.2300,775500,64.3093
2009-02-03,84.2100,84.2400,84.0800,84.1400,872000,64.2406
2009-02-04,84.1200,84.1400,83.9700,84.0000,1806100,64.1337
2009-02-05,84.0400,84.0900,83.9700,84.0200,1131500,64.1489
2009-02-06,84.1200,84.1200,83.9700,83.9700,970500,64.1108
2009-02-09,83.9800,84.0500,83.9200,83.9400,823200,64.0878
2009-02-10,84.0000,84.1800,83.9600,84.1300,1168400,64.2329
2009-02-11,84.1600,84.2300,84.1000,84.1100,880200,64.2177
2009-02-12,84.1700,84.2600,84.1700,84.2100,879800,64.2940
2009-02-13,84.1500,84.1700,84.0400,84.0500,658100,64.1719
2009-02-17,84.1500,84.2800,84.1500,84.2700,901700,64.3398
2009-02-18,84.1700,84.2400,84.0700,84.1300,622500,64.2329
2009-02-19,84.0700,84.1500,84.0200,84.1000,646200,64.2100
2009-02-20,84.1300,84.2600,84.1200,84.1700,888400,64.2635
2009-02-23,84.0800,84.1700,84.0100,84.1600,2477700,64.2559
2009-02-24,84.1100,84.1900,84.0700,84.1000,863900,64.2100
2009-02-25,84.1000,84.1400,83.9400,83.9400,919000,64.0878
2009-02-26,83.9600,83.9900,83.9100,83.9800,863300,64.1184
2009-02-27,84.0100,84.0900,83.9500,84.0300,793500,64.1566
2009-03-02,84.0100,84.1100,83.9700,84.0900,1559300,64.3011
2009-03-03,84.1700,84.1700,83.9700,84.0200,1011700,64.2476
2009-03-04,83.9200,83.9400,83.8300,83.9300,2098600,64.1788
2009-03-05,83.9400,84.0600,83.9100,84.0300,1025300,64.2553
2009-03-06,83.9000,84.0600,83.8800,83.9700,1402800,64.2094
2009-03-09,83.9800,83.9900,83.8000,83.8900,896100,64.1482
2009-03-10,83.8700,83.8700,83.5000,83.8400,2253200,64.1099
2009-03-11,83.8300,83.8900,83.7700,83.8800,1011700,64.1405
2009-03-12,83.8500,83.9400,83.8300,83.9100,902300,64.1635
2009-03-13,83.8500,83.9900,83.8400,83.9800,1320000,64.2170
2009-03-16,83.8500,83.9200,83.8500,83.8700,730400,64.1329
2009-03-17,83.9000,83.9300,83.8000,83.8500,1135200,64.1176
2009-03-18,83.8700,84.2000,83.8600,84.1700,2771700,64.3623
2009-03-19,84.1400,84.1700,84.0600,84.0700,2064700,64.2859
2009-03-20,84.1400,84.2100,84.0700,84.1700,1939900,64.3623
2009-03-23,84.0800,84.1500,84.0400,84.1000,1068700,64.3088
2009-03-24,84.1100,84.1200,83.9800,83.9900,2632300,64.2246
2009-03-25,84.0400,84.0600,83.9600,83.9700,1233200,64.2094
2009-03-26,84.0600,84.1700,84.0100,84.0800,1249300,64.2935
2009-03-27,84.1000,84.1700,84.1000,84.1200,704600,64.3241
2009-03-30,84.1900,84.2500,84.1600,84.2000,787000,64.3853
2009-03-31,84.2000,84.3300,84.2000,84.3200,2398100,64.4770
2009-04-01,84.1400,84.2000,84.1100,84.1600,968800,64.4624
2009-04-02,84.0700,84.1200,83.9700,84.0200,996700,64.3552
2009-04-03,83.9700,83.9800,83.8100,83.8300,1979300,64.2097
2009-04-06,83.8000,83.9100,83.8000,83.8900,1236400,64.2556
2009-04-07,83.9300,83.9700,83.8900,83.9200,592100,64.2786
2009-04-08,83.9500,84.0100,83.8700,83.9200,1021000,64.2786
2009-04-09,83.8900,83.9200,83.8200,83.8200,1768800,64.2020
2009-04-13,83.8700,84.0600,83.8700,83.9800,664800,64.3245
2009-04-14,84.0000,84.1000,83.9900,84.0500,1485700,64.3783
2009-04-15,84.0400,84.1100,84.0000,84.0900,726200,64.4088
2009-04-16,84.0100,84.0900,83.9700,83.9700,1374700,64.3169
2009-04-17,83.9400,84.0900,83.8400,83.8800,826800,64.2480
2009-04-20,83.9300,84.0400,83.9300,83.9600,618200,64.3092
2009-04-21,84.0400,84.0700,83.9700,83.9700,284600,64.3169
2009-04-22,84.0100,84.0100,83.8900,83.9700,884900,64.3169
2009-04-23,83.9600,83.9700,83.8900,83.9100,1306900,64.2710
2009-04-24,83.9200,83.9600,83.8700,83.9100,1050300,64.2710
2009-04-27,84.0300,84.0500,83.9300,84.0100,848600,64.3476
2009-04-28,84.0500,84.0700,83.9200,83.9300,869300,64.2863
2009-04-29,83.9700,84.0100,83.9000,83.9700,867700,64.3169
2009-04-30,83.9500,84.0400,83.9100,84.0400,690100,64.3705
2009-05-01,83.7700,83.8300,83.7600,83.8100,695400,64.3222
2009-05-04,83.8500,83.8500,83.7500,83.7900,959800,64.3068
2009-05-05,83.7400,83.8000,83.7100,83.7700,1067400,64.2915
2009-05-06,83.8000,83.8500,83.7500,83.8200,660200,64.3298
2009-05-07,83.7200,83.7800,83.6700,83.7000,1587600,64.2378
2009-05-08,83.7200,83.7800,83.7100,83.7600,946000,64.2838
2009-05-11,83.7900,83.9100,83.7900,83.9000,528500,64.3912
2009-05-12,83.8700,83.9200,83.8700,83.8900,1212900,64.3836
2009-05-13,83.9200,84.0000,83.9100,83.9300,827700,64.4143
2009-05-14,83.9100,83.9900,83.9100,83.9600,1673100,64.4372
2009-05-15,83.9500,84.0100,83.9300,83.9500,1158000,64.4296
2009-05-18,83.9500,83.9700,83.8700,83.8700,1131700,64.3682
2009-05-19,83.9000,83.9500,83.8400,83.9200,1081800,64.4066
2009-05-20,84.0000,84.0300,83.9200,84.0300,1122100,64.4910
2009-05-21,84.0300,84.0400,83.9200,83.9200,1612700,64.4066
2009-05-22,83.9000,83.9500,83.8700,83.9400,654900,64.4219
2009-05-26,83.9400,83.9700,83.8200,83.8300,840600,64.3376
2009-05-27,83.8300,83.9300,83.8000,83.8100,553300,64.3222
2009-05-28,83.8300,83.9000,83.8000,83.8000,728200,64.3145
2009-05-29,83.8400,83.9700,83.8300,83.9200,852800,64.4066
2009-06-01,83.7000,83.8200,83.6600,83.7200,1745800,64.3535
2009-06-02,83.7500,83.8000,83.6900,83.6900,2210000,64.3305
2009-06-03,83.7900,83.8500,83.7400,83.8400,1227700,64.4458
2009-06-04,83.7400,83.8400,83.7400,83.7600,1196400,64.3843
2009-06-05,83.4000,83.5300,83.1800,83.2100,1198700,63.9615
2009-06-08,83.1600,83.2100,82.9900,82.9900,1100900,63.7924
2009-06-09,83.1500,83.2400,83.1500,83.1800,996100,63.9385
2009-06-10,83.2100,83.2600,83.0600,83.1700,759400,63.9308
2009-06-11,83.1200,83.2300,83.1100,83.1800,763000,63.9385
2009-06-12,83.1800,83.3100,83.1700,83.2700,607800,64.0077
2009-06-15,83.3300,83.3800,83.3000,83.3300,959400,64.0538
2009-06-16,83.3600,83.4800,83.3300,83.4200,1126500,64.1230
2009-06-17,83.5200,83.5700,83.4600,83.5100,752200,64.1922
2009-06-18,83.4700,83.4700,83.3100,83.3700,619800,64.0845
2009-06-19,83.3600,83.4500,83.3000,83.4200,1051200,64.1230
2009-06-22,83.4500,83.5400,83.4500,83.5300,1054400,64.2076
2009-06-23,83.4700,83.5900,83.4600,83.5300,721300,64.2076
2009-06-24,83.5700,83.7100,83.5000,83.5200,698700,64.1998
2009-06-25,83.5700,83.7200,83.5600,83.6800,1241300,64.3228
2009-06-26,83.6900,83.7400,83.6700,83.7200,692200,64.3535
2009-06-29,83.7300,83.7500,83.6900,83.7200,652300,64.3535
2009-06-30,83.6400,83.7400,83.6100,83.7100,703300,64.3458
2009-07-01,83.5900,83.6800,83.5600,83.6800,1202200,64.4090
2009-07-02,83.7700,83.8000,83.7200,83.7700,544300,64.4783
2009-07-06,83.7600,83.8400,83.7400,83.8000,474400,64.5014
2009-07-07,83.8000,83.8700,83.7600,83.7900,1668300,64.4937
2009-07-08,83.8100,83.9600,83.7700,83.9200,773700,64.5938
2009-07-09,83.8500,83.9200,83.8400,83.8800,824100,64.5630
2009-07-10,83.9400,83.9800,83.9000,83.9600,666200,64.6245
2009-07-13,83.9300,83.9800,83.8900,83.9100,699800,64.5860
2009-07-14,83.8400,83.9100,83.8200,83.8500,488900,64.5398
2009-07-15,83.7800,83.8000,83.6500,83.6500,747200,64.3859
2009-07-16,83.8100,83.8300,83.7600,83.7800,504500,64.4860
2009-07-17,83.7200,83.7700,83.7100,83.7500,833100,64.4628
2009-07-20,83.6600,83.7800,83.6500,83.7400,808800,64.4552
2009-07-21,83.7100,83.9100,83.7100,83.8400,1071800,64.5321
2009-07-22,83.9000,83.9000,83.7800,83.8000,628000,64.5014
2009-07-23,83.7900,83.8000,83.6200,83.6500,1026000,64.3859
2009-07-24,83.6600,83.7300,83.6500,83.7000,969800,64.4244
2009-07-27,83.6100,83.6800,83.5700,83.6400,707600,64.3782
2009-07-28,83.6700,83.7200,83.5600,83.5900,763200,64.3397
2009-07-29,83.6300,83.6500,83.4500,83.5400,635700,64.3012
2009-07-30,83.5100,83.5600,83.4800,83.5500,774200,64.3090
2009-07-31,83.5700,83.6900,83.5700,83.6900,624200,64.4167
2009-08-03,83.5100,83.5200,83.3800,83.4600,1073800,64.3258
2009-08-04,83.4800,83.5000,83.3500,83.3900,940200,64.2717
2009-08-05,83.3200,83.5000,83.3200,83.3600,1230500,64.2487
2009-08-06,83.3400,83.4100,83.3300,83.3600,892300,64.2487
2009-08-07,83.2400,83.2700,83.1900,83.2200,1192200,64.1407
2009-08-10,83.2800,83.3800,83.2700,83.3500,639000,64.2410
2009-08-11,83.3700,83.4600,83.3700,83.4400,870800,64.3103
2009-08-12,83.4700,83.5000,83.3800,83.4700,856900,64.3334
2009-08-13,83.5200,83.6200,83.4800,83.6100,874800,64.4413
2009-08-14,83.6000,83.7400,83.5900,83.6700,515000,64.4876
2009-08-17,83.7200,83.8000,83.7200,83.7600,750800,64.5570
2009-08-18,83.7600,83.7700,83.7000,83.7400,691600,64.5415
2009-08-19,83.7900,83.8200,83.7500,83.7800,1102800,64.5724
2009-08-20,83.7700,83.8000,83.7400,83.7600,588800,64.5570
2009-08-21,83.7600,83.7900,83.6000,83.6300,848100,64.4568
2009-08-24,83.6200,83.7500,83.5900,83.7300,555900,64.5338
2009-08-25,83.7500,83.7600,83.6600,83.7300,664500,64.5338
2009-08-26,83.8000,83.8100,83.7300,83.7800,733200,64.5724
2009-08-27,83.7700,83.8200,83.7300,83.7700,605200,64.5647
2009-08-28,83.7200,83.8600,83.7200,83.8600,764100,64.6340
2009-08-31,83.8600,83.9300,83.8200,83.9200,541100,64.6803
2009-09-01,83.8400,83.9200,83.7600,83.8800,927000,64.7328
2009-09-02,83.9200,83.9700,83.8700,83.9700,690900,64.8022
2009-09-03,83.9300,83.9300,83.8700,83.8900,505300,64.7404
2009-09-04,83.8900,83.9100,83.8400,83.8500,489900,64.7096
2009-09-08,83.8900,83.8900,83.8200,83.8600,640800,64.7173
2009-09-09,83.8400,83.8900,83.8000,83.8700,598500,64.7250
2009-09-10,83.9200,83.9800,83.9000,83.9200,577700,64.7636
2009-09-11,83.9500,84.0200,83.8900,83.8900,850500,64.7404
2009-09-14,83.9500,83.9500,83.8300,83.8400,636100,64.7019
2009-09-15,83.8100,83.8900,83.8100,83.8800,657500,64.7328
2009-09-16,83.8800,83.9000,83.7600,83.7700,709300,64.6479
2009-09-17,83.7700,83.9000,83.7400,83.8900,832600,64.7404
2009-09-18,83.8600,83.8800,83.4200,83.8100,1287300,64.6787
2009-09-21,83.8100,83.8800,83.8100,83.8400,600800,64.7019
2009-09-22,83.8400,83.8700,83.8200,83.8200,711300,64.6864
2009-09-23,83.8300,83.9600,83.8000,83.9500,943300,64.7868
2009-09-24,83.9100,83.9900,83.9000,83.9700,859900,64.8022
2009-09-25,83.9600,83.9700,83.8800,83.9400,866400,64.7790
2009-09-28,83.9600,83.9700,83.9000,83.9300,716400,64.7713
2009-09-29,83.8700,83.9400,83.8300,83.9200,1051300,64.7636
2009-09-30,83.8900,84.0300,83.8900,84.0100,1421900,64.8330
2009-10-01,83.9900,84.0400,83.9400,83.9900,1122900,64.8980
2009-10-02,84.0500,84.0800,83.9600,84.0200,883500,64.9212
2009-10-05,84.0600,84.0600,83.9900,84.0200,683000,64.9212
2009-10-06,83.9800,84.0000,83.9300,83.9700,1163100,64.8825
2009-10-07,84.0200,84.1000,83.9900,84.0800,880300,64.9675
2009-10-08,84.0600,84.0700,83.9700,84.0000,817700,64.9058
2009-10-09,83.9000,83.9100,83.8200,83.8800,1141400,64.8130
2009-10-12,83.8500,84.2000,83.8500,83.9800,624300,64.8903
2009-10-13,83.9600,84.0300,83.9600,84.0300,886200,64.9289
2009-10-14,83.9400,84.0000,83.9000,83.9200,1078700,64.8439
2009-10-15,83.8800,83.9600,83.8700,83.8700,719500,64.8053
2009-10-16,83.8500,83.9300,83.8300,83.9200,508400,64.8439
2009-10-19,83.8800,83.9200,83.8500,83.9200,670100,64.8439
2009-10-20,83.9700,84.0200,83.9100,83.9600,1642100,64.8748
2009-10-21,83.9400,83.9600,83.8700,83.9200,1529300,64.8439
2009-10-22,83.8500,83.9300,83.8500,83.9300,572600,64.8516
2009-10-23,83.8200,83.8400,83.7900,83.7900,572500,64.7435
2009-10-26,83.7900,83.7900,83.7000,83.7000,1301600,64.6739
2009-10-27,83.7600,83.9000,83.7400,83.8700,1267500,64.8053
2009-10-28,83.9400,84.0000,83.8900,83.9900,795500,64.8980
2009-10-29,83.9300,83.9300,83.8700,83.9200,788200,64.8439
2009-10-30,83.9800,84.0600,83.9500,84.0200,988900,64.9212
2009-11-02,83.8500,83.8700,83.8000,83.8400,1469400,64.9289
2009-11-03,83.8800,83.8800,83.8000,83.8300,779200,64.9212
2009-11-04,83.8000,83.8600,83.7600,83.8200,658500,64.9134
2009-11-05,83.8400,83.9100,83.8400,83.9000,667900,64.9754
2009-11-06,83.9600,83.9600,83.9100,83.9600,798000,65.0218
2009-11-09,83.9100,83.9600,83.9100,83.9600,590800,65.0218
2009-11-10,83.9800,84.0000,83.9400,83.9400,546700,65.0063
2009-11-11,84.0000,84.0400,83.9400,84.0300,399000,65.0761
2009-11-12,83.9700,84.0300,83.9600,84.0200,909000,65.0683
2009-11-13,83.9900,84.0400,83.9700,84.0400,584700,65.0838
2009-11-16,83.9700,84.1000,83.9700,84.0900,845200,65.1225
2009-11-17,84.0600,84.1200,84.0300,84.1100,1033000,65.1380
2009-11-18,84.1100,84.1400,84.0800,84.1100,876600,65.1380
2009-11-19,84.1400,84.2200,84.1400,84.1400,936100,65.1612
2009-11-20,84.1700,84.2200,84.1400,84.1600,566500,65.1768
2009-11-23,84.1000,84.1500,84.0900,84.1500,745600,65.1690
2009-11-24,84.1600,84.2300,84.1500,84.2200,680300,65.2232
2009-11-25,84.2100,84.2600,84.1800,84.2600,879100,65.2542
2009-11-27,84.3300,84.3400,84.2600,84.3200,346400,65.3007
2009-11-30,84.3200,84.3800,84.2800,84.3300,683500,65.3084
2009-12-01,83.8900,83.8900,83.7300,83.7700,1355900,65.3248
2009-12-02,83.7500,83.7700,83.6700,83.7000,863700,65.2701
2009-12-03,83.6300,83.6900,83.6000,83.6500,1045800,65.2312
2009-12-04,83.5000,83.5000,83.4200,83.4400,730400,65.0674
2009-12-07,83.5500,83.6200,83.4900,83.6200,753600,65.2079
2009-12-08,83.6800,83.7100,83.6300,83.7000,657300,65.2701
2009-12-09,83.6800,83.7000,83.6300,83.6400,642400,65.2234
2009-12-10,83.6000,83.6500,83.5500,83.6100,535700,65.2000
2009-12-11,83.5500,83.5700,83.4900,83.5200,486800,65.1298
2009-12-14,83.5600,83.5600,83.4300,83.4300,525800,65.0596
2009-12-15,83.4400,83.4400,83.3600,83.4100,566900,65.0440
2009-12-16,83.4600,83.5300,83.4300,83.4700,686200,65.0908
2009-12-17,83.6000,83.6300,83.5300,83.6300,698000,65.2156
2009-12-18,83.5800,83.6000,83.5200,83.5700,540600,65.1687
2009-12-21,83.5000,83.5100,83.4000,83.4400,958500,65.0674
2009-12-22,83.4000,83.4200,83.3200,83.3400,846800,64.9894
2009-12-23,83.3900,83.4200,83.3200,83.3400,767400,64.9894
2009-12-24,83.2700,83.3000,83.2400,83.2400,325400,64.9115
2009-12-28,83.2000,83.2200,83.1200,83.1200,1728200,64.8179
2009-12-29,83.0500,83.0900,83.0200,83.0900,857500,64.8608
2009-12-30,83.0800,83.0900,83.0400,83.0600,785600,64.8374
2009-12-31,82.9800,83.0100,82.8800,82.9600,633000,64.7594
2010-01-04,83.0300,83.0900,83.0000,83.0700,1220600,64.8452
2010-01-05,83.1500,83.2100,83.1500,83.1700,598200,64.9233
2010-01-06,83.1900,83.2300,83.1200,83.1800,1534900,64.9311
2010-01-07,83.1800,83.2000,83.1500,83.1600,772000,64.9155
2010-01-08,83.2600,83.2800,83.2000,83.2400,713200,64.9780
2010-01-11,83.2700,83.3100,83.2700,83.2800,756600,65.0092
2010-01-12,83.3400,83.3700,83.3300,83.3500,582900,65.0638
2010-01-13,83.3100,83.3600,83.2800,83.2800,590500,65.0092
2010-01-14,83.3300,83.4000,83.3300,83.3600,549900,65.0716
2010-01-15,83.4100,83.4600,83.4100,83.4300,648300,65.1262
2010-01-19,83.4100,83.4500,83.3900,83.4500,1154000,65.1418
2010-01-20,83.4600,83.5000,83.4400,83.4500,1085600,65.1418
2010-01-21,83.4200,83.5300,83.4000,83.5200,1281000,65.1964
2010-01-22,83.5200,83.5900,83.5000,83.5900,725600,65.2511
2010-01-25,83.5500,83.5600,83.5100,83.5200,624600,65.1964
2010-01-26,83.5700,83.5900,83.5100,83.5300,758500,65.2043
2010-01-27,83.6000,83.6200,83.4600,83.5000,875700,65.1809
2010-01-28,83.4900,83.5400,83.4600,83.5400,982100,65.2120
2010-01-29,83.4900,83.6200,83.4600,83.6200,900600,65.2746
2010-02-01,83.5200,83.5200,83.4300,83.5000,1001000,65.2464
2010-02-02,83.4800,83.5200,83.4800,83.5100,724800,65.2542
2010-02-03,83.4600,83.4800,83.4300,83.4500,1283800,65.2074
2010-02-04,83.5400,83.5900,83.5200,83.5700,624300,65.3011
2010-02-05,83.6300,83.7300,83.6100,83.7000,1362400,65.4027
2010-02-08,83.6200,83.6600,83.6000,83.6400,857100,65.3558
2010-02-09,83.6100,83.6300,83.5200,83.5600,1415000,65.2933
2010-02-10,83.5800,83.5800,83.4500,83.4700,670100,65.2230
2010-02-11,83.4600,83.5000,83.4300,83.5000,1266000,65.2464
2010-02-12,83.5500,83.5800,83.5400,83.5700,505700,65.3011
2010-02-16,83.5600,83.6200,83.5300,83.5800,733000,65.3089
2010-02-17,83.5300,83.5700,83.4800,83.5100,672300,65.2542
2010-02-18,83.5300,83.5300,83.4500,83.4600,888900,65.2152
2010-02-19,83.4200,83.4400,83.3500,83.4300,1352700,65.1917
2010-02-22,83.4600,83.4700,83.4200,83.4600,681700,65.2152
2010-02-23,83.5200,83.5600,83.4900,83.5300,832000,65.2698
2010-02-24,83.5200,83.5900,83.5100,83.5700,1194200,65.3011
2010-02-25,83.6400,83.6600,83.6100,83.6400,733600,65.3558
2010-02-26,83.6400,83.6900,83.6200,83.6700,936700,65.3792
2010-03-01,83.5500,83.6100,83.5500,83.5800,863200,65.3674
2010-03-02,83.5700,83.6100,83.5600,83.5800,1148800,65.3674
2010-03-03,83.5600,83.6100,83.5300,83.5700,1204600,65.3597
2010-03-04,83.5300,83.5800,83.5000,83.5400,820800,65.3362
2010-03-05,83.4600,83.4800,83.4000,83.4700,1145300,65.2815
2010-03-08,83.4400,83.4500,83.4200,83.4300,943100,65.2502
2010-03-09,83.4800,83.5000,83.4500,83.4900,641400,65.2971
2010-03-10,83.4400,83.4900,83.4400,83.4700,1220100,65.2815
2010-03-11,83.3900,83.4300,83.3700,83.3700,1763300,65.2033
2010-03-12,83.3600,83.4100,83.3400,83.3800,1100500,65.2111
2010-03-15,83.3900,83.4100,83.3700,83.4100,423400,65.2345
2010-03-16,83.4200,83.4800,83.3700,83.4300,773100,65.2502
2010-03-17,83.4500,83.4600,83.4200,83.4500,961200,65.2659
2010-03-18,83.4300,83.4300,83.3700,83.4000,605400,65.2267
2010-03-19,83.3400,83.4000,83.3300,83.3400,597100,65.1798
2010-03-22,83.3700,83.4000,83.3500,83.3700,461900,65.2033
2010-03-23,83.3800,83.4000,83.3300,83.3400,465300,65.1798
2010-03-24,83.2800,83.3200,83.2000,83.2100,651700,65.0782
2010-03-25,83.2400,83.2500,83.1600,83.2400,759700,65.1016
2010-03-26,83.2400,83.3000,83.2200,83.2900,595000,65.1407
2010-03-29,83.3000,83.3300,83.2700,83.3300,1219600,65.1720
2010-03-30,83.3200,83.3300,83.2900,83.3100,703300,65.1564
2010-03-31,83.3400,83.4200,83.3200,83.3700,2179100,65.2033
2010-04-01,83.3000,83.3100,83.2500,83.2600,609000,65.1798
2010-04-05,83.1200,83.1400,83.0200,83.0300,3762900,64.9997
2010-04-06,83.0900,83.1000,83.0500,83.0900,1014200,65.0468
2010-04-07,83.1400,83.2200,83.1400,83.2200,1811100,65.1485
2010-04-08,83.2700,83.2800,83.2000,83.2000,709900,65.1328
2010-04-09,83.1800,83.2300,83.1600,83.2200,481800,65.1485
2010-04-12,83.2300,83.2800,83.2200,83.2600,1050800,65.1798
2010-04-13,83.3000,83.3000,83.2200,83.2400,736700,65.1642
2010-04-14,83.2600,83.2900,83.2400,83.2400,970900,65.1642
2010-04-15,83.2500,83.3200,83.2400,83.3000,1206300,65.2111
2010-04-16,83.3500,83.4500,83.3300,83.4300,801800,65.3129
2010-04-19,83.4300,83.4300,83.3500,83.3500,661300,65.2502
2010-04-20,83.3500,83.3600,83.3100,83.3600,895200,65.2581
2010-04-21,83.3400,83.3700,83.3000,83.3700,648500,65.2659
2010-04-22,83.3900,83.4300,83.3100,83.3100,169300,65.2189
2010-04-23,83.2800,83.3000,83.2400,83.2800,658300,65.1954
2010-04-26,83.2900,83.3200,83.2600,83.2800,545600,65.1954
2010-04-27,83.3600,83.4800,83.3300,83.4400,1530800,65.3207
2010-04-28,83.3900,83.4300,83.3500,83.4200,1269900,65.3050
2010-04-29,83.4300,83.4400,83.3900,83.4400,421600,65.3207
2010-04-30,83.4600,83.5400,83.4500,83.5400,517300,65.3990
2010-05-03,83.3700,83.4100,83.3500,83.3800,494900,65.3347
2010-05-04,83.4500,83.4800,83.4200,83.4300,1219600,65.3739
2010-05-05,83.5600,83.6900,83.5200,83.5400,1777200,65.4601
2010-05-06,83.6000,83.8300,83.5500,83.7200,1864500,65.6012
2010-05-07,83.7200,83.8100,83.6000,83.6900,3637100,65.5777
2010-05-10,83.5000,83.6400,83.4900,83.5800,1349100,65.4914
2010-05-11,83.6400,83.6600,83.5800,83.6300,709400,65.5306
2010-05-12,83.6200,83.6300,83.5700,83.6100,734200,65.5150
2010-05-13,83.6000,83.6600,83.5800,83.6600,992800,65.5541
2010-05-14,83.7000,83.8000,83.6900,83.7700,1110500,65.6403
2010-05-17,83.7600,83.8100,83.7100,83.7400,1433400,65.6168
2010-05-18,83.7200,83.8400,83.7000,83.8300,764200,65.6874
2010-05-19,83.8000,83.8600,83.7800,83.7900,3042700,65.6560
2010-05-20,83.8700,83.9500,83.8300,83.8900,4210900,65.7344
2010-05-21,83.9400,83.9600,83.8200,83.8300,2753800,65.6874
2010-05-24,83.8500,83.8700,83.8000,83.8200,1095600,65.6795
2010-05-25,83.8700,83.9000,83.7800,83.8100,1777400,65.6717
2010-05-26,83.7700,83.7700,83.6400,83.7400,1238600,65.6168
2010-05-27,83.6500,83.6900,83.6400,83.6800,1114900,65.5698
2010-05-28,83.7600,83.8500,83.7100,83.8400,751200,65.6952
2010-06-01,83.7600,83.8300,83.7400,83.7700,1439300,65.6960
2010-06-02,83.7600,83.7800,83.7000,83.7100,2091500,65.6489
2010-06-03,83.6600,83.7400,83.6500,83.6900,1095300,65.6332
2010-06-04,83.8300,83.8900,83.8200,83.8800,1429300,65.7823
2010-06-07,83.8000,83.8800,83.7900,83.8500,1553900,65.7587
2010-06-08,83.8300,83.8800,83.8100,83.8400,1050800,65.7508
2010-06-09,83.8100,83.8700,83.8000,83.8500,569400,65.7587
2010-06-10,83.8300,83.8300,83.7400,83.7400,656900,65.6724
2010-06-11,83.8100,83.8700,83.7700,83.8300,705200,65.7430
2010-06-14,83.7700,83.8600,83.7700,83.8500,694000,65.7587
2010-06-15,83.8600,83.8700,83.7900,83.8100,1212700,65.7273
2010-06-16,83.8700,83.8700,83.8100,83.8300,1467000,65.7430
2010-06-17,83.8600,83.9500,83.8600,83.8800,1394200,65.7823
2010-06-18,83.8900,83.9100,83.8700,83.8900,592000,65.7900
2010-06-21,83.8300,83.9000,83.8100,83.9000,1900900,65.7979
2010-06-22,83.8700,83.9400,83.8600,83.9400,2290200,65.8293
2010-06-23,83.9500,84.0100,83.9500,84.0000,2075700,65.8763
2010-06-24,84.0200,84.0500,83.9800,84.0200,819200,65.8920
2010-06-25,84.0100,84.0700,83.9800,84.0500,959000,65.9156
2010-06-28,84.0800,84.1000,84.0500,84.1000,662000,65.9548
2010-06-29,84.0900,84.1400,84.0900,84.1400,1043400,65.9862
2010-06-30,84.1000,84.1300,84.0400,84.1200,1304200,65.9704
2010-07-01,84.0200,84.0800,84.0000,84.0200,1760800,65.9493
2010-07-02,84.0000,84.0300,83.9600,84.0200,565500,65.9493
2010-07-06,84.0000,84.0500,83.9600,84.0200,1365300,65.9493
2010-07-07,84.0400,84.0600,83.9800,84.0100,1024600,65.9414
2010-07-08,84.0000,84.0400,83.9700,84.0200,1074300,65.9493
2010-07-09,84.0000,84.0200,83.9700,83.9900,614300,65.9257
2010-07-12,84.0100,84.0200,83.9800,84.0000,1013900,65.9336
2010-07-13,83.9600,83.9800,83.9200,83.9400,1374000,65.8865
2010-07-14,83.9900,84.0600,83.9800,84.0300,1081800,65.9571
2010-07-15,84.0400,84.1100,84.0400,84.0500,540700,65.9728
2010-07-16,84.0700,84.1400,84.0500,84.1300,812400,66.0356
2010-07-19,84.1100,84.1300,84.0900,84.1000,529600,66.0121
2010-07-20,84.1400,84.1400,84.1000,84.1300,1246900,66.0356
2010-07-21,84.1200,84.1900,84.1100,84.1700,676700,66.0670
2010-07-22,84.1500,84.1600,84.1100,84.1400,591800,66.0434
2010-07-23,84.1400,84.1800,84.1000,84.1000,1075600,66.0121
2010-07-26,84.1000,84.1000,84.0500,84.0700,2052000,65.9885
2010-07-27,84.0500,84.0500,84.0000,84.0200,1320300,65.9493
2010-07-28,84.0800,84.1400,84.0400,84.1000,1274700,66.0121
2010-07-29,84.1500,84.1800,84.1200,84.1700,2207900,66.0670
2010-07-30,84.2400,84.2400,84.1900,84.2100,1064400,66.0984
2010-08-02,84.1300,84.1500,84.1100,84.1200,1174200,66.0834
2010-08-03,84.1800,84.2100,84.1700,84.1800,1444300,66.1305
2010-08-04,84.1700,84.1700,84.1100,84.1100,1962200,66.0756
2010-08-05,84.1500,84.2100,84.1400,84.2100,1559300,66.1542
2010-08-06,84.2300,84.2600,84.2100,84.2300,941200,66.1699
2010-08-09,84.2200,84.2300,84.1800,84.1800,1120200,66.1305
2010-08-10,84.1500,84.2300,84.1400,84.2200,1465900,66.1620
2010-08-11,84.2600,84.2800,84.2300,84.2400,748700,66.1777
2010-08-12,84.2500,84.2500,84.1900,84.2200,1556800,66.1620
2010-08-13,84.2100,84.2300,84.2000,84.2100,427900,66.1542
2010-08-16,84.2600,84.2900,84.2500,84.2900,652100,66.2170
2010-08-17,84.2600,84.2700,84.2200,84.2700,794000,66.2013
2010-08-18,84.3000,84.3000,84.2500,84.2900,838100,66.2170
2010-08-19,84.2700,84.3200,84.2600,84.3100,756200,66.2327
2010-08-20,84.3100,84.3100,84.2600,84.2800,703700,66.2092
2010-08-23,84.2600,84.3000,84.2600,84.2900,527800,66.2170
2010-08-24,84.3300,84.3700,84.3000,84.3500,1533700,66.2642
2010-08-25,84.3300,84.3600,84.2500,84.2700,1168600,66.2013
2010-08-26,84.2700,84.3000,84.2600,84.2700,724400,66.2013
2010-08-27,84.2400,84.2900,84.1800,84.2100,904100,66.1542
2010-08-30,84.2900,84.3200,84.2600,84.3100,726800,66.2327
2010-08-31,84.3200,84.3500,84.3000,84.3400,938600,66.2563
2010-09-01,84.2300,84.2600,84.1800,84.2200,2009100,66.2170
2010-09-02,84.2100,84.2400,84.1900,84.2000,1251400,66.2012
2010-09-03,84.1400,84.1900,84.1400,84.1600,892600,66.1698
2010-09-07,84.1900,84.2500,84.1900,84.2500,1104000,66.2405
2010-09-08,84.2100,84.2100,84.1600,84.1900,1677100,66.1934
2010-09-09,84.1800,84.1800,84.0800,84.1000,1291500,66.1226
2010-09-10,84.0800,84.1100,84.0700,84.0900,1096200,66.1147
2010-09-13,84.1200,84.1800,84.1000,84.1600,522000,66.1698
2010-09-14,84.1900,84.2300,84.1700,84.2200,968100,66.2170
2010-09-15,84.2500,84.2700,84.2200,84.2400,664400,66.2327
2010-09-16,84.2600,84.2700,84.2200,84.2600,730900,66.2485
2010-09-17,84.2600,84.2800,84.2500,84.2800,548800,66.2642
2010-09-20,84.2500,84.2900,84.2400,84.2900,1132900,66.2720
2010-09-21,84.2900,84.3700,84.2400,84.3500,1430900,66.3192
2010-09-22,84.3600,84.3800,84.3300,84.3400,1158200,66.3113
2010-09-23,84.3800,84.3900,84.3400,84.3500,779000,66.3192
2010-09-24,84.3300,84.3500,84.3200,84.3400,1214500,66.3113
2010-09-27,84.3600,84.3700,84.3300,84.3600,2443500,66.3271
2010-09-28,84.3600,84.4000,84.3500,84.3800,764700,66.3428
2010-09-29,84.3800,84.3900,84.3600,84.3600,798400,66.3271
2010-09-30,84.3800,84.3900,84.3200,84.3700,1451800,66.3349
2010-10-01,84.3000,84.3400,84.3000,84.3200,2388000,66.3467
2010-10-04,84.3500,84.3700,84.3300,84.3300,1035100,66.3546
2010-10-05,84.3600,84.3700,84.3400,84.3700,945100,66.3861
2010-10-06,84.4100,84.4200,84.3800,84.3800,1772600,66.3939
2010-10-07,84.4300,84.4500,84.4200,84.4500,1430200,66.4490
2010-10-08,84.4700,84.4900,84.4500,84.4500,1604700,66.4490
2010-10-11,84.4700,84.5000,84.4200,84.4600,1051900,66.4568
2010-10-12,84.4800,84.4800,84.4000,84.4000,950600,66.4097
2010-10-13,84.4400,84.4400,84.3800,84.4100,645700,66.4175
2010-10-14,84.4200,84.4200,84.3700,84.3700,1130100,66.3861
2010-10-15,84.4400,84.4500,84.3900,84.4000,883700,66.4097
2010-10-18,84.4200,84.4500,84.4200,84.4200,765500,66.4253
2010-10-19,84.4300,84.4700,84.4300,84.4600,740900,66.4568
2010-10-20,84.4700,84.4900,84.4400,84.4700,1247500,66.4648
2010-10-21,84.4700,84.4900,84.4500,84.4800,1035700,66.4726
2010-10-22,84.4700,84.4800,84.4600,84.4600,522000,66.4568
2010-10-25,84.4700,84.5100,84.4700,84.4800,1594800,66.4726
2010-10-26,84.4200,84.4300,84.3900,84.4000,1325400,66.4097
2010-10-27,84.4000,84.4100,84.3600,84.3600,751900,66.3782
2010-10-28,84.4400,84.4700,84.4200,84.4700,782300,66.4648
2010-10-29,84.4800,84.5100,84.4600,84.4900,875500,66.4805
2010-11-01,84.4400,84.4600,84.4300,84.4600,709700,66.5096
2010-11-02,84.4300,84.4500,84.4100,84.4100,610100,66.4702
2010-11-03,84.4400,84.4500,84.3300,84.4400,643400,66.4939
2010-11-04,84.4600,84.4800,84.4600,84.4600,874600,66.5096
2010-11-05,84.4300,84.4500,84.3800,84.3900,1782600,66.4545
2010-11-08,84.3700,84.3800,84.3300,84.3500,1086100,66.4230
2010-11-09,84.3700,84.3700,84.2400,84.2400,1709900,66.3364
2010-11-10,84.2500,84.2900,84.1700,84.2900,1019100,66.3757
2010-11-11,84.2700,84.2800,84.1300,84.1600,553500,66.2734
2010-11-12,84.2100,84.2500,84.1600,84.1600,1465400,66.2734
2010-11-15,84.1100,84.1800,84.0900,84.1100,1869600,66.2340
2010-11-16,84.1500,84.1800,84.1100,84.1500,1070400,66.2654
2010-11-17,84.2000,84.2200,84.1700,84.2000,1860000,66.3048
2010-11-18,84.1600,84.2100,84.1300,84.2100,799100,66.3128
2010-11-19,84.1700,84.1900,84.1600,84.1600,1324400,66.2734
2010-11-22,84.1600,84.2500,84.1600,84.2400,741000,66.3364
2010-11-23,84.3100,84.3200,84.2800,84.2900,722600,66.3757
2010-11-24,84.2300,84.2400,84.1300,84.1400,1604700,66.2576
2010-11-26,84.1500,84.2000,84.1500,84.2000,221300,66.3048
2010-11-29,84.2100,84.2100,84.1600,84.1900,664000,66.2970
2010-11-30,84.2500,84.2700,84.2300,84.2500,884500,66.3442
2010-12-01,84.1100,84.1200,84.0500,84.0600,1000000,66.2449
2010-12-02,84.0600,84.1000,84.0300,84.0600,896500,66.2449
2010-12-03,84.1600,84.1900,84.1200,84.1700,1364900,66.3317
2010-12-06,84.2200,84.2500,84.2000,84.2200,1686500,66.3710
2010-12-07,84.2000,84.2000,84.0400,84.0700,1018800,66.2529
2010-12-08,83.9800,83.9900,83.9000,83.9400,1235900,66.1504
2010-12-09,83.9600,83.9800,83.9000,83.9300,1132700,66.1425
2010-12-10,83.9500,83.9600,83.8900,83.9000,912300,66.1189
2010-12-13,83.9100,83.9900,83.8800,83.9500,944200,66.1583
2010-12-14,83.9600,83.9700,83.8500,83.9100,873100,66.1268
2010-12-15,83.8900,83.9500,83.8300,83.8800,720700,66.1031
2010-12-16,83.8600,83.9300,83.8200,83.9000,1131600,66.1189
2010-12-17,83.9000,83.9900,83.9000,83.9700,1075900,66.1740
2010-12-20,83.9900,84.0400,83.9700,83.9900,621100,66.1898
2010-12-21,83.9900,83.9900,83.9300,83.9700,879700,66.1740
2010-12-22,83.9700,83.9800,83.9000,83.9500,526900,66.1583
2010-12-23,83.8800,83.9000,83.8400,83.8400,581000,66.0716
2010-12-27,83.8200,83.8900,83.7700,83.8900,730000,66.1110
2010-12-28,83.7900,83.8300,83.7100,83.7100,823400,66.0226
2010-12-29,83.7500,83.9400,83.7400,83.9100,1204800,66.1804
2010-12-30,83.8900,83.9000,83.8300,83.8800,1119100,66.1567
2010-12-31,83.9000,83.9900,83.8900,83.9800,664600,66.2356
2011-01-03,83.9400,83.9700,83.9000,83.9600,676200,66.2199
2011-01-04,83.9600,84.0100,83.9200,83.9400,2022500,66.2040
2011-01-05,83.8200,83.8500,83.7700,83.7900,1276200,66.0858
2011-01-06,83.8300,83.9000,83.8100,83.8800,1686600,66.1567
2011-01-07,83.9400,84.0200,83.9300,84.0000,792200,66.2514
2011-01-10,84.0000,84.0500,84.0000,84.0400,1202900,66.2829
2011-01-11,84.0500,84.0500,83.9800,83.9900,1060400,66.2435
2011-01-12,83.9500,84.0000,83.9300,83.9900,703200,66.2435
2011-01-13,83.9900,84.0300,83.9600,84.0200,685900,66.2672
2011-01-14,84.0400,84.0700,84.0100,84.0200,841900,66.2672
2011-01-18,84.0000,84.0400,83.9800,84.0000,692200,66.2514
2011-01-19,84.0200,84.0500,84.0100,84.0400,1450300,66.2829
2011-01-20,84.0200,84.0200,83.9400,83.9500,781700,66.2120
2011-01-21,83.9400,83.9800,83.9400,83.9700,463600,66.2277
2011-01-24,83.9400,83.9800,83.9400,83.9600,631800,66.2199
2011-01-25,83.9600,84.0400,83.9400,84.0200,1627100,66.2672
2011-01-26,83.9800,84.0100,83.9500,84.0000,1130100,66.2514
2011-01-27,84.0400,84.0700,84.0100,84.0600,917600,66.2987
2011-01-28,84.0500,84.1400,84.0400,84.1000,678500,66.3302
2011-01-31,84.1200,84.1300,84.0700,84.0900,1139000,66.3223
2011-02-01,83.9800,83.9800,83.9300,83.9300,1358700,66.2498
2011-02-02,83.9300,83.9600,83.8500,83.8800,1139300,66.2102
2011-02-03,83.8100,83.8400,83.7600,83.8000,1843800,66.1471
2011-02-04,83.7500,83.7800,83.7000,83.7300,612300,66.0919
2011-02-07,83.6700,83.7200,83.6500,83.6900,532500,66.0603
2011-02-08,83.6800,83.6900,83.5600,83.5800,1348600,65.9735
2011-02-09,83.6200,83.6900,83.6100,83.6400,1278000,66.0208
2011-02-10,83.6300,83.6600,83.5900,83.6000,607200,65.9892
2011-02-11,83.6500,83.6900,83.6000,83.6000,786700,65.9892
2011-02-14,83.5900,83.6200,83.5900,83.6000,1257700,65.9892
2011-02-15,83.5600,83.6400,83.5600,83.6400,981700,66.0208
2011-02-16,83.6100,83.6800,83.5900,83.6300,963300,66.0129
2011-02-17,83.6900,83.7400,83.6900,83.7300,1095900,66.0919
2011-02-18,83.6900,83.7700,83.6800,83.7600,709200,66.1156
2011-02-22,83.8000,83.8700,83.7700,83.8500,1885000,66.1866
2011-02-23,83.8600,83.8900,83.8200,83.8300,831600,66.1708
2011-02-24,83.8500,83.8900,83.8400,83.8700,666700,66.2024
2011-02-25,83.8400,83.9000,83.8400,83.8900,786000,66.2182
2011-02-28,83.9100,83.9500,83.8900,83.9200,667600,66.2419
2011-03-01,83.8100,83.9200,83.8100,83.9100,785200,66.2821
2011-03-02,83.9100,83.9300,83.8600,83.8700,834800,66.2506
2011-03-03,83.7500,83.7700,83.7000,83.7000,740400,66.1163
2011-03-04,83.7900,83.8900,83.7900,83.8900,627700,66.2663
2011-03-07,83.8100,83.8900,83.8100,83.8300,668500,66.2189
2011-03-08,83.7900,83.8200,83.7700,83.8000,863500,66.1952
2011-03-09,83.8500,83.9100,83.8200,83.8600,924200,66.2426
2011-03-10,83.8900,83.9700,83.8600,83.9500,692000,66.3137
2011-03-11,83.9500,83.9800,83.9300,83.9600,678200,66.3216
2011-03-14,84.0300,84.0900,84.0100,84.0100,1522200,66.3611
2011-03-15,84.1300,84.1400,83.9700,83.9700,1152200,66.3296
2011-03-16,84.0400,84.1600,84.0200,84.1200,2603900,66.4480
2011-03-17,84.0600,84.0900,84.0100,84.0800,1012000,66.4164
2011-03-18,84.0400,84.0800,84.0300,84.0400,814000,66.3848
2011-03-21,84.0100,84.0100,83.9400,83.9500,611900,66.3137
2011-03-22,83.9000,83.9500,83.9000,83.9300,1402600,66.2979
2011-03-23,84.0000,84.0000,83.9300,83.9400,868700,66.3058
2011-03-24,83.9100,83.9400,83.8700,83.8800,1038400,66.2584
2011-03-25,83.9200,83.9200,83.8000,83.8200,811100,66.2110
2011-03-28,83.7800,83.8300,83.7600,83.7800,1493000,66.1794
2011-03-29,83.7900,83.8200,83.7400,83.7500,863400,66.1557
2011-03-30,83.7800,83.8100,83.7700,83.8000,631200,66.1952
2011-03-31,83.8300,83.8500,83.7500,83.7500,935200,66.1557
2011-04-01,83.6100,83.7500,83.6000,83.7500,855800,66.2087
2011-04-04,83.7700,83.8100,83.7600,83.7700,1159400,66.2245
2011-04-05,83.7400,83.7700,83.6800,83.6800,1581000,66.1534
2011-04-06,83.6800,83.7100,83.6600,83.6800,663000,66.1534
2011-04-07,83.7000,83.7600,83.6900,83.7400,501800,66.2008
2011-04-08,83.7000,83.7300,83.6900,83.7100,692200,66.1771
2011-04-11,83.7100,83.7300,83.6800,83.7000,679500,66.1692
2011-04-12,83.7600,83.8400,83.7600,83.8400,826100,66.2798
2011-04-13,83.8000,83.8900,83.7800,83.8800,859000,66.3115
2011-04-14,83.8700,83.9000,83.8000,83.8000,919400,66.2483
2011-04-15,83.8700,83.9600,83.8700,83.9600,1139000,66.3747
2011-04-18,83.9900,84.0300,83.9700,83.9800,616000,66.3905
2011-04-19,84.0000,84.0200,83.9800,84.0000,628400,66.4063
2011-04-20,83.9700,84.0000,83.9400,83.9900,746700,66.3985
2011-04-21,83.9900,84.0100,83.9600,83.9700,1119500,66.3826
2011-04-25,83.9700,84.0100,83.9500,83.9800,1049600,66.3905
2011-04-26,84.0200,84.0800,84.0000,84.0600,569000,66.4538
2011-04-27,84.0100,84.0900,83.9800,84.0900,1169700,66.4775
2011-04-28,84.1100,84.1200,84.0800,84.0900,704400,66.4775
2011-04-29,84.1000,84.1500,84.0800,84.1300,803000,66.5091
2011-05-02,84.0700,84.1000,84.0500,84.0500,716200,66.4980
2011-05-03,84.0800,84.0900,84.0500,84.0800,451000,66.5218
2011-05-04,84.0800,84.1400,84.0400,84.1200,1527400,66.5534
2011-05-05,84.1100,84.1400,84.1000,84.1400,899600,66.5692
2011-05-06,84.0900,84.1900,84.0700,84.1500,1627000,66.5772
2011-05-09,84.1900,84.2000,84.1700,84.1900,530900,66.6088
2011-05-10,84.1700,84.1700,84.1100,84.1100,725400,66.5456
2011-05-11,84.1300,84.2000,84.1200,84.1900,1403100,66.6088
2011-05-12,84.1900,84.1900,84.1300,84.1500,745000,66.5772
2011-05-13,84.1700,84.2100,84.1600,84.1900,683200,66.6088
2011-05-16,84.1900,84.2300,84.1700,84.2300,1458600,66.6404
2011-05-17,84.2200,84.2700,84.2100,84.2400,949700,66.6484
2011-05-18,84.2200,84.2300,84.1800,84.2000,1321800,66.6167
2011-05-19,84.1100,84.2300,84.1100,84.2100,756000,66.6246
2011-05-20,84.2300,84.2600,84.2200,84.2400,1059900,66.6484
2011-05-23,84.2700,84.2800,84.2400,84.2500,708400,66.6563
2011-05-24,84.2300,84.2600,84.2200,84.2500,903000,66.6563
2011-05-25,84.2900,84.2900,84.2600,84.2900,712100,66.6879
2011-05-26,84.3000,84.3400,84.3000,84.3400,653800,66.7275
2011-05-27,84.3300,84.3700,84.3200,84.3700,635700,66.7512
2011-05-31,84.3200,84.3900,84.3200,84.3700,775300,66.7512
2011-06-01,84.3200,84.3700,84.3200,84.3600,2248000,66.7955
2011-06-02,84.3200,84.3500,84.3000,84.3100,696300,66.7560
2011-06-03,84.3800,84.3800,84.3100,84.3400,975500,66.7797
2011-06-06,84.3300,84.3800,84.3200,84.3500,1836500,66.7876
2011-06-07,84.3600,84.4100,84.3300,84.4100,1384700,66.8351
2011-06-08,84.3900,84.4400,84.3900,84.4200,914300,66.8430
2011-06-09,84.3900,84.4000,84.3200,84.3300,1145900,66.7718
2011-06-10,84.3600,84.4000,84.3600,84.4000,717200,66.8273
2011-06-13,84.3600,84.4200,84.3400,84.3700,898400,66.8035
2011-06-14,84.3100,84.3500,84.3000,84.3000,1300600,66.7480
2011-06-15,84.3500,84.4400,84.3500,84.4200,695100,66.8430
2011-06-16,84.4300,84.4400,84.3900,84.4300,1112300,66.8510
2011-06-17,84.4300,84.4500,84.4100,84.4500,1689000,66.8668
2011-06-20,84.4400,84.4500,84.4000,84.4500,917300,66.8668
2011-06-21,84.4100,84.4600,84.4100,84.4600,7491500,66.8748
2011-06-22,84.4700,84.4800,84.4200,84.4400,1174000,66.8589
2011-06-23,84.4900,84.5100,84.4700,84.4900,1875000,66.8985
2011-06-24,84.4900,84.5500,84.4700,84.5400,1068600,66.9381
2011-06-27,84.5000,84.5200,84.4300,84.4600,1431800,66.8748
2011-06-28,84.4000,84.4300,84.3000,84.3100,1126700,66.7560
2011-06-29,84.3200,84.3400,84.2800,84.3100,1312800,66.7560
2011-06-30,84.3500,84.3600,84.2400,84.3000,1898000,66.7480
2011-07-01,84.2800,84.2900,84.1900,84.2100,3176800,66.7250
2011-07-05,84.2700,84.3200,84.2700,84.3100,1128700,66.8044
2011-07-06,84.3200,84.3600,84.3200,84.3400,669900,66.8281
2011-07-07,84.2900,84.2900,84.2300,84.2600,959800,66.7647
2011-07-08,84.3700,84.4100,84.3700,84.3800,830500,66.8598
2011-07-11,84.4000,84.4500,84.4000,84.4400,1723500,66.9073
2011-07-12,84.4300,84.4500,84.3900,84.4300,1065600,66.8994
2011-07-13,84.4300,84.4600,84.4100,84.4500,612400,66.9152
2011-07-14,84.4000,84.4400,84.4000,84.4200,920300,66.8915
2011-07-15,84.4000,84.4400,84.3900,84.4400,607500,66.9073
2011-07-18,84.4300,84.4600,84.4200,84.4400,1518000,66.9073
2011-07-19,84.4500,84.4700,84.4200,84.4400,850000,66.9073
2011-07-20,84.4200,84.4400,84.4000,84.4100,615600,66.8835
2011-07-21,84.4000,84.4200,84.3600,84.3700,718900,66.8519
2011-07-22,84.4100,84.4300,84.3800,84.3800,712600,66.8598
2011-07-25,84.3600,84.4000,84.3400,84.3400,3881100,66.8281
2011-07-26,84.3600,84.4100,84.3600,84.3900,1157200,66.8677
2011-07-27,84.3700,84.3800,84.3200,84.3400,1120100,66.8281
2011-07-28,84.4200,84.4300,84.3800,84.3900,3369200,66.8677
2011-07-29,84.4300,84.5100,84.4300,84.4800,1178200,66.9390
2011-08-01,84.4000,84.4500,84.3800,84.3900,2428900,66.9160
2011-08-02,84.4600,84.5100,84.4400,84.5000,1104600,67.0033
2011-08-03,84.4700,84.5100,84.4600,84.4900,2656600,66.9953
2011-08-04,84.4800,84.5800,84.4800,84.5700,2556300,67.0588
2011-08-05,84.5100,84.5800,84.4900,84.5500,3777400,67.0429
2011-08-08,84.5600,84.6400,84.5600,84.5800,3003000,67.0667
2011-08-09,84.5500,84.7400,84.5100,84.6700,5224400,67.1380
2011-08-10,84.7100,84.7500,84.6800,84.7300,2682500,67.1856
2011-08-11,84.7100,84.7300,84.6800,84.7100,1352200,67.1697
2011-08-12,84.6900,84.7200,84.6700,84.7200,4026200,67.1777
2011-08-15,84.7000,84.7000,84.6600,84.6900,924400,67.1539
2011-08-16,84.6800,84.6900,84.6600,84.6900,2724700,67.1539
2011-08-17,84.7000,84.7100,84.6600,84.7100,1471600,67.1697
2011-08-18,84.7300,84.7400,84.6900,84.7000,1197000,67.1618
2011-08-19,84.6700,84.7000,84.6700,84.7000,1894500,67.1618
2011-08-22,84.6800,84.6900,84.6700,84.6900,1112400,67.1539
2011-08-23,84.6700,84.6800,84.6500,84.6500,1531000,67.1222
2011-08-24,84.6600,84.6700,84.6300,84.6500,780700,67.1222
2011-08-25,84.6800,84.7100,84.6800,84.7000,1397200,67.1618
2011-08-26,84.7200,84.7400,84.7000,84.7100,1011300,67.1697
2011-08-29,84.7000,84.7100,84.6800,84.6900,533300,67.1539
2011-08-30,84.7000,84.7300,84.7000,84.7100,2234000,67.1697
2011-08-31,84.7300,84.7300,84.6700,84.7100,1416500,67.1697
2011-09-01,84.6800,84.6900,84.6400,84.6800,1562800,67.1888
2011-09-02,84.6600,84.6600,84.6200,84.6400,1988100,67.1571
2011-09-06,84.6400,84.6500,84.6100,84.6500,1125600,67.1650
2011-09-07,84.6200,84.6500,84.6200,84.6300,1087400,67.1491
2011-09-08,84.6700,84.6700,84.6400,84.6600,755600,67.1729
2011-09-09,84.6800,84.7000,84.6700,84.6900,921700,67.1967
2011-09-12,84.6700,84.6700,84.6300,84.6300,2117700,67.1491
2011-09-13,84.6300,84.6500,84.6200,84.6400,992400,67.1571
2011-09-14,84.6600,84.6800,84.6300,84.6400,808700,67.1571
2011-09-15,84.6300,84.6500,84.6100,84.6500,1466400,67.1650
2011-09-16,84.6200,84.6800,84.6200,84.6700,997900,67.1809
2011-09-19,84.7100,84.7200,84.6900,84.7100,644600,67.2126
2011-09-20,84.6800,84.7100,84.6700,84.6700,1905900,67.1809
2011-09-21,84.7000,84.7100,84.5800,84.5800,984800,67.1095
2011-09-22,84.6300,84.6400,84.5900,84.5900,2479700,67.1174
2011-09-23,84.6200,84.6200,84.5800,84.6000,2848600,67.1253
2011-09-26,84.5900,84.5900,84.5600,84.5700,977500,67.1015
2011-09-27,84.5300,84.5600,84.5300,84.5400,1303100,67.0778
2011-09-28,84.5200,84.5400,84.5000,84.5100,2755700,67.0540
2011-09-29,84.5200,84.5400,84.5100,84.5300,1206500,67.0698
2011-09-30,84.5600,84.5700,84.5300,84.5700,2114100,67.1015
2011-10-03,84.5200,84.5500,84.5000,84.5400,2885800,67.1166
2011-10-04,84.5300,84.5400,84.4900,84.4900,4037200,67.0769
2011-10-05,84.5000,84.5000,84.4700,84.4900,1734600,67.0769
2011-10-06,84.4700,84.4900,84.4700,84.4700,1221500,67.0611
2011-10-07,84.4600,84.4700,84.4000,84.4400,2255300,67.0372
2011-10-10,84.4700,84.4700,84.3500,84.3700,1532300,66.9816
2011-10-11,84.4000,84.4200,84.3900,84.4100,948000,67.0134
2011-10-12,84.3700,84.4100,84.3700,84.4100,3140200,67.0134
2011-10-13,84.4600,84.4700,84.4300,84.4300,2722800,67.0292
2011-10-14,84.4300,84.4800,84.4300,84.4700,1096600,67.0611
2011-10-17,84.4700,84.4900,84.4600,84.4800,834800,67.0690
2011-10-18,84.4800,84.5000,84.4700,84.4800,1390000,67.0690
2011-10-19,84.4700,84.5100,84.4700,84.5100,1987400,67.0928
2011-10-20,84.4900,84.5200,84.4800,84.5200,2206000,67.1007
2011-10-21,84.5100,84.5100,84.4800,84.4900,1426600,67.0769
2011-10-24,84.4900,84.4900,84.4700,84.4900,1742300,67.0769
2011-10-25,84.4900,84.5400,84.4700,84.5400,3601800,67.1166
2011-10-26,84.5000,84.5100,84.4800,84.4900,1070400,67.0769
2011-10-27,84.4800,84.4800,84.4200,84.4300,1521600,67.0292
2011-10-28,84.4600,84.4800,84.4200,84.4700,2016000,67.0611
2011-10-31,84.5100,84.5500,84.5100,84.5500,1376000,67.1246
2011-11-01,84.5400,84.5400,84.5000,84.5100,5677600,67.1309
2011-11-02,84.5200,84.5500,84.5200,84.5300,1863600,67.1468
2011-11-03,84.5300,84.5400,84.5200,84.5400,1559800,67.1547
2011-11-04,84.5200,84.5500,84.5200,84.5400,618700,67.1547
2011-11-07,84.5400,84.5600,84.5200,84.5200,1082500,67.1389
2011-11-08,84.5100,84.5400,84.5100,84.5100,711300,67.1309
2011-11-09,84.5200,84.5500,84.5200,84.5300,1154900,67.1468
2011-11-10,84.5400,84.5500,84.5200,84.5400,3677900,67.1547
2011-11-11,84.5200,84.5400,84.5000,84.5000,1011800,67.1230
2011-11-14,84.5100,84.5700,84.5100,84.5400,2637100,67.1547
2011-11-15,84.5400,84.5500,84.5200,84.5300,788200,67.1468
2011-11-16,84.5300,84.5400,84.5100,84.5100,978300,67.1309
2011-11-17,84.5000,84.5200,84.4900,84.5200,1751200,67.1389
2011-11-18,84.5000,84.5100,84.4800,84.4900,1504000,67.1150
2011-11-21,84.5000,84.5000,84.4800,84.5000,1352100,67.1230
2011-11-22,84.5200,84.5200,84.4900,84.5100,2871900,67.1309
2011-11-23,84.4900,84.5300,84.4900,84.5200,1470200,67.1389
2011-11-25,84.5200,84.5200,84.5000,84.5200,554700,67.1389
2011-11-28,84.4800,84.5300,84.4800,84.5300,1210200,67.1468
2011-11-29,84.5200,84.5400,84.5100,84.5400,1693200,67.1547
2011-11-30,84.5100,84.5400,84.5000,84.5400,1486200,67.1547
2011-12-01,84.5000,84.5000,84.4600,84.5000,6682400,67.1587
2011-12-02,84.4900,84.4900,84.4600,84.4800,1780300,67.1428
2011-12-05,84.4800,84.5000,84.4700,84.4900,1356600,67.1508
2011-12-06,84.4800,84.5000,84.4700,84.4900,817300,67.1508
2011-12-07,84.4900,84.5200,84.4900,84.5200,1330000,67.1746
2011-12-08,84.5300,84.5400,84.5100,84.5300,2097100,67.1825
2011-12-09,84.5300,84.5400,84.5200,84.5300,1726600,67.1825
2011-12-12,84.5200,84.5400,84.5200,84.5300,1750800,67.1825
2011-12-13,84.5200,84.5400,84.5100,84.5300,836100,67.1825
2011-12-14,84.4900,84.5200,84.4900,84.5100,2196200,67.1666
2011-12-15,84.5200,84.5200,84.4900,84.5000,2872000,67.1587
2011-12-16,84.5300,84.5400,84.5100,84.5400,2330700,67.1905
2011-12-19,84.5300,84.5400,84.5100,84.5300,1544000,67.1825
2011-12-20,84.5200,84.5200,84.4900,84.5100,1549200,67.1666
2011-12-21,84.4900,84.5000,84.4600,84.4800,1205300,67.1428
2011-12-22,84.4700,84.4800,84.4400,84.4700,2395300,67.1349
2011-12-23,84.4500,84.4900,84.4400,84.4900,1029000,67.1508
2011-12-27,84.4000,84.4200,84.4000,84.4200,669100,67.1261
2011-12-28,84.4000,84.4500,84.4000,84.4400,2493200,67.1420
2011-12-29,84.4300,84.4600,84.4300,84.4500,1510900,67.1499
2011-12-30,84.4800,84.5000,84.4600,84.5000,2343700,67.1898
2012-01-03,84.4900,84.4900,84.4500,84.4500,5743100,67.1499
2012-01-04,84.4600,84.4700,84.4500,84.4600,1767300,67.1580
2012-01-05,84.4500,84.4800,84.4500,84.4700,1583400,67.1659
2012-01-06,84.4700,84.8500,84.4500,84.4600,2068000,67.1580
2012-01-09,84.4900,84.4900,84.4700,84.4800,1236100,67.1738
2012-01-10,84.4800,84.5100,84.4700,84.4900,813400,67.1818
2012-01-11,84.5000,84.5300,84.5000,84.5200,2467000,67.2056
2012-01-12,84.5100,84.5400,84.5100,84.5100,2119900,67.1977
2012-01-13,84.5400,84.5400,84.5300,84.5300,1151800,67.2136
2012-01-17,84.5400,84.5600,84.5300,84.5400,2337200,67.2215
2012-01-18,84.5400,84.5500,84.5300,84.5300,1189700,67.2136
2012-01-19,84.5200,84.5400,84.5000,84.5300,2062000,67.2136
2012-01-20,84.5000,84.5200,84.5000,84.5100,2601600,67.1977
2012-01-23,84.5100,84.5200,84.4900,84.5200,2628500,67.2056
2012-01-24,84.5200,84.5200,84.4900,84.5200,3799300,67.2056
2012-01-25,84.5100,84.5900,84.5100,84.5700,2108000,67.2453
2012-01-26,84.5700,84.6000,84.5700,84.5800,1436100,67.2533
2012-01-27,84.5900,84.6000,84.5800,84.6000,1297900,67.2692
2012-01-30,84.5700,84.5900,84.5700,84.5700,1885700,67.2453
2012-01-31,84.5500,84.5700,84.5500,84.5700,2644300,67.2453
2012-02-01,84.5300,84.5500,84.5100,84.5100,5980200,67.2223
2012-02-02,84.5200,84.5400,84.5100,84.5200,2990400,67.2302
2012-02-03,84.5100,84.5300,84.5000,84.5200,2434800,67.2302
2012-02-06,84.5200,84.5200,84.5000,84.5000,2384500,67.2144
2012-02-07,84.5000,84.5000,84.4700,84.4800,1930100,67.1985
2012-02-08,84.4600,84.4900,84.4600,84.4800,1207300,67.1985
2012-02-09,84.4800,84.4800,84.4400,84.4400,766500,67.1666
2012-02-10,84.4400,84.4700,84.4400,84.4600,1025300,67.1825
2012-02-13,84.4400,84.4600,84.4100,84.4100,1083500,67.1428
2012-02-14,84.4100,84.4300,84.4100,84.4300,1069400,67.1587
2012-02-15,84.4200,84.4600,84.4100,84.4400,1229700,67.1666
2012-02-16,84.4400,84.4500,84.4100,84.4100,1467200,67.1428
2012-02-17,84.4100,84.4200,84.3900,84.3900,827900,67.1269
2012-02-21,84.4000,84.4000,84.3700,84.3700,1954600,67.1110
2012-02-22,84.3900,84.4100,84.3800,84.4100,1604800,67.1428
2012-02-23,84.3900,84.4200,84.3900,84.4000,3341900,67.1348
2012-02-24,84.4000,84.4100,84.3800,84.3800,3698600,67.1189
2012-02-27,84.4200,84.4300,84.4000,84.4000,1060900,67.1348
2012-02-28,84.4200,84.4400,84.4100,84.4200,982800,67.1507
2012-02-29,84.4200,84.4200,84.3900,84.4200,656500,67.1507
2012-03-01,84.3500,84.3700,84.3500,84.3700,1044000,67.1388
2012-03-02,84.3800,84.4000,84.3800,84.3900,914500,67.1547
2012-03-05,84.3800,84.3900,84.3700,84.3900,1166200,67.1547
2012-03-06,84.4100,84.4100,84.3900,84.3900,2282700,67.1547
2012-03-07,84.3900,84.4000,84.3700,84.3700,587900,67.1388
2012-03-08,84.3700,84.3700,84.3400,84.3400,960100,67.1149
2012-03-09,84.3600,84.3700,84.3400,84.3400,660400,67.1149
2012-03-12,84.3600,84.3700,84.3400,84.3500,761700,67.1229
2012-03-13,84.3200,84.3300,84.2900,84.3000,1284700,67.0830
2012-03-14,84.2600,84.2700,84.1800,84.1800,1351500,66.9876
2012-03-15,84.2200,84.2600,84.2100,84.2300,3730100,67.0274
2012-03-16,84.2700,84.2900,84.2400,84.2800,2790700,67.0671
2012-03-19,84.2400,84.2500,84.2000,84.2200,2260800,67.0195
2012-03-20,84.2200,84.2400,84.1800,84.2000,793800,67.0035
2012-03-21,84.2300,84.2500,84.2100,84.2500,572200,67.0433
2012-03-22,84.2700,84.2700,84.2500,84.2600,840000,67.0513
2012-03-23,84.2800,84.2900,84.2700,84.2700,698400,67.0592
2012-03-26,84.2800,84.2900,84.2700,84.2900,1035600,67.0752
2012-03-27,84.3100,84.3300,84.2900,84.3200,1091100,67.0990
2012-03-28,84.3200,84.3400,84.3000,84.3000,736600,67.0830
2012-03-29,84.3300,84.3300,84.3100,84.3300,739200,67.1070
2012-03-30,84.3200,84.3300,84.3100,84.3200,949300,67.0990
2012-04-02,84.3300,84.3300,84.2900,84.3100,695600,67.1149
2012-04-03,84.3100,84.3100,84.2400,84.2500,1631600,67.0671
2012-04-04,84.3000,84.3000,84.2600,84.2700,1395900,67.0830
2012-04-05,84.2900,84.3000,84.2800,84.3000,758900,67.1070
2012-04-09,84.3300,84.3600,84.3300,84.3600,898600,67.1547
2012-04-10,84.3600,84.4000,84.3500,84.4000,1024900,67.1865
2012-04-11,84.3700,84.4000,84.3700,84.3900,2299100,67.1786
2012-04-12,84.4100,84.4100,84.3900,84.4000,845700,67.1865
2012-04-13,84.4200,84.4200,84.4000,84.4100,2859200,67.1945
2012-04-16,84.4200,84.4300,84.4100,84.4100,569900,67.1945
2012-04-17,84.4200,84.4300,84.4000,84.4100,773000,67.1945
2012-04-18,84.4400,84.4400,84.4200,84.4300,469200,67.2104
2012-04-19,84.4200,84.4400,84.4200,84.4400,558800,67.2184
2012-04-20,84.4300,84.4400,84.4100,84.4400,503200,67.2184
2012-04-23,84.4600,84.4600,84.4400,84.4600,741000,67.2343
2012-04-24,84.4600,84.4700,84.4300,84.4300,1149600,67.2104
2012-04-25,84.4200,84.4600,84.4200,84.4500,914100,67.2264
2012-04-26,84.4600,84.4700,84.4400,84.4600,711600,67.2343
2012-04-27,84.4700,84.4700,84.4400,84.4400,741700,67.2184
2012-04-30,84.4700,84.4700,84.4500,84.4600,644700,67.2343
2012-05-01,84.4300,84.4500,84.4100,84.4300,8197400,67.2327
2012-05-02,84.4300,84.4400,84.4200,84.4400,2107000,67.2407
2012-05-03,84.4300,84.4500,84.4200,84.4300,876700,67.2327
2012-05-04,84.4600,84.4600,84.4500,84.4600,798700,67.2567
2012-05-07,84.4600,84.4700,84.4500,84.4600,1315200,67.2567
2012-05-08,84.4600,84.4700,84.4400,84.4700,1016600,67.2646
2012-05-09,84.4600,84.4700,84.4500,84.4600,1260700,67.2567
2012-05-10,84.4400,84.4600,84.4300,84.4500,1071300,67.2487
2012-05-11,84.4600,84.4600,84.4400,84.4600,432100,67.2567
2012-05-14,84.4500,84.4600,84.4500,84.4500,799600,67.2487
2012-05-15,84.4500,84.4700,84.4300,84.4400,3270000,67.2407
2012-05-16,84.4200,84.4300,84.4100,84.4300,1186300,67.2327
2012-05-17,84.4200,84.4200,84.3900,84.3900,1894100,67.2009
2012-05-18,84.3900,84.4000,84.3700,84.4000,2716100,67.2088
2012-05-21,84.4000,84.4100,84.3800,84.4100,954600,67.2168
2012-05-22,84.4000,84.4000,84.3800,84.3800,1193100,67.1929
2012-05-23,84.4100,84.4200,84.3900,84.4200,928000,67.2248
2012-05-24,84.3900,84.3900,84.3800,84.3900,644900,67.2009
2012-05-25,84.4200,84.4300,84.3900,84.4300,795600,67.2327
2012-05-29,84.4000,84.4300,84.4000,84.4100,1296100,67.2168
2012-05-30,84.4200,84.4600,84.4200,84.4500,1239600,67.2487
2012-05-31,84.4800,84.4900,84.4400,84.4800,3737600,67.2725
2012-06-01,84.4900,84.4900,84.4500,84.4600,2218600,67.2789
2012-06-04,84.4600,84.4700,84.4500,84.4500,5799600,67.2710
2012-06-05,84.4600,84.4700,84.4400,84.4700,1666200,67.2869
2012-06-06,84.4700,84.4700,84.4300,84.4400,1382500,67.2630
2012-06-07,84.4400,84.4400,84.4000,84.4300,2898800,67.2550
2012-06-08,84.4400,84.4400,84.4200,84.4300,1090400,67.2550
2012-06-11,84.4000,84.4300,84.4000,84.4300,1065300,67.2550
2012-06-12,84.4200,84.4200,84.3700,84.3900,1588500,67.2232
2012-06-13,84.4000,84.4000,84.3700,84.3800,537400,67.2152
2012-06-14,84.4100,84.4100,84.3800,84.3900,996000,67.2232
2012-06-15,84.4000,84.4200,84.3900,84.4200,478800,67.2471
2012-06-18,84.4100,84.4100,84.3900,84.4000,3803700,67.2311
2012-06-19,84.4000,84.4100,84.3900,84.3900,1761700,67.2232
2012-06-20,84.4000,84.4200,84.3500,84.3600,3044100,67.1993
2012-06-21,84.3600,84.3800,84.3600,84.3700,701000,67.2072
2012-06-22,84.3700,84.3800,84.3600,84.3800,1243300,67.2152
2012-06-25,84.3700,84.4000,84.3700,84.3800,2960900,67.2152
2012-06-26,84.3700,84.3800,84.3500,84.3600,3320900,67.1993
2012-06-27,84.3800,84.3800,84.3400,84.3600,3125900,67.1993
2012-06-28,84.3800,84.3900,84.3600,84.3700,907000,67.2072
2012-06-29,84.3500,84.3900,84.3500,84.3700,1163200,67.2072
2012-07-02,84.3500,84.3800,84.3500,84.3700,14979800,67.2280
2012-07-03,84.3600,84.3800,84.3500,84.3500,1127700,67.2120
2012-07-05,84.3700,84.3900,84.3700,84.3800,1205400,67.2359
2012-07-06,84.4100,84.4200,84.4000,84.4100,1603300,67.2598
2012-07-09,84.4200,84.4300,84.4100,84.4100,561100,67.2598
2012-07-10,84.4300,84.4300,84.4100,84.4100,490200,67.2598
2012-07-11,84.4200,84.4300,84.4100,84.4200,559500,67.2678
2012-07-12,84.4300,84.4400,84.4200,84.4400,356800,67.2838
2012-07-13,84.4500,84.4700,84.4300,84.4600,634100,67.2997
2012-07-16,84.4900,84.5100,84.4900,84.4900,830800,67.3236
2012-07-17,84.4800,84.4900,84.4700,84.4800,2200000,67.3156
2012-07-18,84.4800,84.5100,84.4800,84.5000,2998500,67.3316
2012-07-19,84.5100,84.5300,84.5100,84.5200,1443300,67.3475
2012-07-20,84.5200,84.5400,84.5100,84.5300,2246300,67.3555
2012-07-23,84.5400,84.5500,84.5200,84.5400,403900,67.3634
2012-07-24,84.5300,84.5400,84.5200,84.5200,2868800,67.3475
2012-07-25,84.5500,84.5500,84.5200,84.5300,1007100,67.3555
2012-07-26,84.5200,84.5300,84.5200,84.5300,2028400,67.3555
2012-07-27,84.4900,84.5100,84.4500,84.4700,907800,67.3076
2012-07-30,84.5000,84.5200,84.4900,84.5100,2318600,67.3395
2012-07-31,84.5400,84.5500,84.5200,84.5300,917000,67.3555
2012-08-01,84.5300,84.5300,84.4900,84.4900,2012600,67.3443
2012-08-02,84.5000,84.5200,84.4900,84.5000,591400,67.3523
2012-08-03,84.4800,84.4900,84.4600,84.4700,909300,67.3283
2012-08-06,84.4900,84.4900,84.4700,84.4800,2344700,67.3363
2012-08-07,84.4600,84.4600,84.4300,84.4400,644100,67.3045
2012-08-08,84.4400,84.4400,84.4000,84.4100,1274600,67.2805
2012-08-09,84.4000,84.4200,84.4000,84.4100,557300,67.2805
2012-08-10,84.4400,84.4400,84.4300,84.4300,622900,67.2965
2012-08-13,84.4300,84.4400,84.4300,84.4400,619000,67.3045
2012-08-14,84.4300,84.4300,84.4100,84.4200,1756500,67.2885
2012-08-15,84.4000,84.4100,84.3900,84.3900,694000,67.2645
2012-08-16,84.4000,84.4100,84.3700,84.3800,797700,67.2566
2012-08-17,84.4000,84.4000,84.3900,84.3900,577100,67.2645
2012-08-20,84.3900,84.4100,84.3900,84.3900,536500,67.2645
2012-08-21,84.3900,84.4000,84.3700,84.3900,1660500,67.2645
2012-08-22,84.4200,84.4500,84.4000,84.4400,632300,67.3045
2012-08-23,84.4500,84.4700,84.4400,84.4500,488900,67.3124
2012-08-24,84.4500,84.4600,84.4300,84.4500,646600,67.3124
2012-08-27,84.4500,84.4500,84.4400,84.4400,731000,67.3045
2012-08-28,84.4500,84.4500,84.4300,84.4500,759300,67.3124
2012-08-29,84.4400,84.4500,84.4300,84.4500,512600,67.3124
2012-08-30,84.4600,84.4800,84.4400,84.4600,664900,67.3204
2012-08-31,84.4800,84.5300,84.4800,84.5100,944900,67.3602
2012-09-04,84.5100,84.5100,84.4600,84.4800,1795800,67.3554
2012-09-05,84.4800,84.4900,84.4700,84.4800,575500,67.3554
2012-09-06,84.4400,84.4600,84.4300,84.4400,1133200,67.3236
2012-09-07,84.4600,84.4900,84.4500,84.4600,1666500,67.3395
2012-09-10,84.4500,84.4600,84.4400,84.4400,2298900,67.3236
2012-09-11,84.4500,84.4600,84.4400,84.4600,526500,67.3395
2012-09-12,84.4500,84.4600,84.4500,84.4500,1211800,67.3315
2012-09-13,84.4700,84.5000,84.4400,84.4800,783900,67.3554
2012-09-14,84.4800,84.4800,84.4300,84.4400,890100,67.3236
2012-09-17,84.4400,84.4500,84.4400,84.4400,1002700,67.3236
2012-09-18,84.4400,84.4500,84.4400,84.4500,626100,67.3315
2012-09-19,84.4400,84.4500,84.4400,84.4500,533300,67.3315
2012-09-20,84.4400,84.4600,84.4300,84.4300,702200,67.3156
2012-09-21,84.4300,84.4400,84.4200,84.4400,625100,67.3236
2012-09-24,84.4500,84.4500,84.4400,84.4500,578200,67.3315
2012-09-25,84.4300,84.4400,84.4200,84.4300,1278800,67.3156
2012-09-26,84.4400,84.4500,84.4300,84.4500,628800,67.3315
2012-09-27,84.4500,84.4700,84.4400,84.4600,446100,67.3395
2012-09-28,84.4800,84.5000,84.4700,84.5000,876400,67.3714
2012-10-01,84.4800,84.4800,84.4700,84.4800,2690600,67.3730
2012-10-02,84.4700,84.4700,84.4600,84.4600,677300,67.3571
2012-10-03,84.4600,84.4700,84.4600,84.4600,2717100,67.3571
2012-10-04,84.4600,84.4700,84.4500,84.4600,552900,67.3571
2012-10-05,84.4400,84.4500,84.4200,84.4200,1617700,67.3251
2012-10-08,84.4200,84.4400,84.4200,84.4300,350600,67.3331
2012-10-09,84.4200,84.4300,84.4200,84.4300,1039400,67.3331
2012-10-10,84.4200,84.4300,84.4200,84.4200,494500,67.3251
2012-10-11,84.4300,84.4300,84.4100,84.4100,624400,67.3171
2012-10-12,84.4100,84.4400,84.4100,84.4400,479000,67.3411
2012-10-15,84.4400,84.4400,84.4200,84.4200,342800,67.3251
2012-10-16,84.4200,84.4300,84.4100,84.4200,571500,67.3251
2012-10-17,84.4000,84.4100,84.3700,84.3700,563400,67.2853
2012-10-18,84.3700,84.3800,84.3600,84.3800,1273100,67.2932
2012-10-19,84.3600,84.3900,84.3600,84.3800,426500,67.2932
2012-10-22,84.3500,84.3700,84.3500,84.3500,264300,67.2693
2012-10-23,84.3800,84.3900,84.3600,84.3900,491700,67.3012
2012-10-24,84.3700,84.4000,84.3700,84.3800,1059300,67.2932
2012-10-25,84.3500,84.3700,84.3500,84.3500,588200,67.2693
2012-10-26,84.3800,84.3800,84.3600,84.3700,478400,67.2853
2012-10-31,84.3800,84.4200,84.3800,84.4200,1086600,67.3251
2012-11-01,84.3500,84.4100,84.3500,84.4000,732800,67.3092
2012-11-02,84.3700,84.3900,84.3700,84.3900,353200,67.3012
2012-11-05,84.4200,84.4200,84.3900,84.3900,2192500,67.3012
2012-11-06,84.4000,84.4100,84.3600,84.3600,583400,67.2773
2012-11-07,84.4200,84.4400,84.4200,84.4300,697600,67.3331
2012-11-08,84.4300,84.4400,84.4200,84.4300,779500,67.3331
2012-11-09,84.4300,84.4500,84.4200,84.4300,2365500,67.3331
2012-11-12,84.4200,84.4400,84.4200,84.4300,524300,67.3331
2012-11-13,84.4500,84.4500,84.4400,84.4400,917300,67.3411
2012-11-14,84.4400,84.4600,84.4400,84.4600,2273000,67.3571
2012-11-15,84.4600,84.4700,84.4500,84.4600,1048700,67.3571
2012-11-16,84.4500,84.4700,84.4500,84.4600,810500,67.3571
2012-11-19,84.4500,84.4600,84.4500,84.4500,951700,67.3490
2012-11-20,84.4500,84.4500,84.4300,84.4300,1248500,67.3331
2012-11-21,84.4100,84.4200,84.4100,84.4200,422200,67.3251
2012-11-23,84.4000,84.4200,84.4000,84.4200,157800,67.3251
2012-11-26,84.4200,84.4300,84.4100,84.4100,746400,67.3171
2012-11-27,84.4000,84.4300,84.4000,84.4200,527000,67.3251
2012-11-28,84.4300,84.4400,84.4200,84.4300,352700,67.3331
2012-11-29,84.4200,84.4400,84.4200,84.4300,496300,67.3331
2012-11-30,84.4400,84.4500,84.4400,84.4400,1053400,67.3411
2012-12-03,84.4300,84.4400,84.4100,84.4300,1090600,67.3490
2012-12-04,84.4300,84.4400,84.4300,84.4300,1624900,67.3490
2012-12-05,84.4400,84.4500,84.4400,84.4500,591000,67.3650
2012-12-06,84.4600,84.4600,84.4400,84.4500,685300,67.3650
2012-12-07,84.4200,84.4500,84.4200,84.4500,929500,67.3650
2012-12-10,84.4400,84.4500,84.4400,84.4500,770500,67.3650
2012-12-11,84.4500,84.4500,84.4300,84.4500,1157700,67.3650
2012-12-12,84.4400,84.4500,84.4300,84.4400,1108500,67.3570
2012-12-13,84.4400,84.4500,84.4300,84.4400,790400,67.3570
2012-12-14,84.4400,84.4600,84.4400,84.4600,566300,67.3730
2012-12-17,84.4500,84.4600,84.4200,84.4400,503900,67.3570
2012-12-18,84.4200,84.4300,84.3900,84.3900,1295600,67.3171
2012-12-19,84.4000,84.4100,84.4000,84.4100,1485100,67.3331
2012-12-20,84.4200,84.4200,84.4000,84.4000,1167500,67.3251
2012-12-21,84.4200,84.4300,84.4100,84.4100,899300,67.3331
2012-12-24,84.4100,84.4200,84.4100,84.4100,388400,67.3331
2012-12-26,84.3900,84.4100,84.3900,84.3900,677200,67.3339
2012-12-27,84.3900,84.4200,84.3900,84.4200,1351200,67.3579
2012-12-28,84.4100,84.4300,84.4100,84.4200,1334500,67.3579
2012-12-31,84.4500,84.4500,84.3900,84.4200,818700,67.3579
2013-01-02,84.4000,84.4100,84.4000,84.4000,2469100,67.3419
2013-01-03,84.4100,84.4300,84.3900,84.4000,1816100,67.3419
2013-01-04,84.3900,84.4100,84.3900,84.4100,1028700,67.3499
2013-01-07,84.3900,84.4100,84.3900,84.4100,672300,67.3499
2013-01-08,84.4000,84.4300,84.4000,84.4200,712300,67.3579
2013-01-09,84.4400,84.4500,84.4300,84.4500,1159100,67.3817
2013-01-10,84.4300,84.4500,84.4300,84.4400,1687300,67.3738
2013-01-11,84.4300,84.4400,84.4200,84.4300,824000,67.3658
2013-01-14,84.4500,84.4500,84.4300,84.4300,472400,67.3658
2013-01-15,84.4500,84.4600,84.4400,84.4400,521400,67.3738
2013-01-16,84.4400,84.4500,84.4400,84.4400,499800,67.3738
2013-01-17,84.4200,84.4400,84.4200,84.4300,5547800,67.3658
2013-01-18,84.4400,84.4400,84.4200,84.4300,390500,67.3658
2013-01-22,84.4400,84.4600,84.4300,84.4500,956100,67.3817
2013-01-23,84.4500,84.4600,84.4500,84.4500,747300,67.3817
2013-01-24,84.4500,84.4600,84.4400,84.4500,595500,67.3817
2013-01-25,84.4400,84.4400,84.4000,84.4100,694000,67.3499
2013-01-28,84.3700,84.4000,84.3700,84.3800,642300,67.3259
2013-01-29,84.4200,84.4200,84.3900,84.3900,672300,67.3339
2013-01-30,84.4000,84.4200,84.3900,84.4200,526500,67.3579
2013-01-31,84.4400,84.4400,84.4200,84.4300,641600,67.3658
2013-02-01,84.4200,84.4500,84.4000,84.4000,1081200,67.3586
2013-02-04,84.4200,84.4400,84.4100,84.4200,749700,67.3746
2013-02-05,84.4100,84.4200,84.4100,84.4200,2165500,67.3746
2013-02-06,84.4300,84.4400,84.4300,84.4400,1691600,67.3905
2013-02-07,84.4500,84.4500,84.4300,84.4400,672800,67.3905
2013-02-08,84.4200,84.4500,84.4200,84.4500,590500,67.3986
2013-02-11,84.4300,84.4400,84.4200,84.4200,755100,67.3746
2013-02-12,84.4200,84.4200,84.4000,84.4000,529600,67.3586
2013-02-13,84.4200,84.4200,84.3900,84.3900,505800,67.3507
2013-02-14,84.4000,84.4100,84.4000,84.4000,580400,67.3586
2013-02-15,84.4000,84.4100,84.4000,84.4100,1113600,67.3666
2013-02-19,84.4100,84.4200,84.4000,84.4000,793000,67.3586
2013-02-20,84.4000,84.4100,84.4000,84.4000,480300,67.3586
2013-02-21,84.4300,84.4400,84.4200,84.4300,610700,67.3825
2013-02-22,84.4300,84.4400,84.4300,84.4300,693200,67.3825
2013-02-25,84.4200,84.4600,84.4200,84.4500,433500,67.3986
2013-02-26,84.4500,84.4700,84.4500,84.4700,1370600,67.4145
2013-02-27,84.4600,84.4700,84.4600,84.4700,1158800,67.4145
2013-02-28,84.4600,84.4800,84.4600,84.4600,663800,67.4065
2013-03-01,84.4500,84.4600,84.4500,84.4600,1563100,67.4209
2013-03-04,84.4500,84.4600,84.4500,84.4500,485800,67.4129
2013-03-05,84.4400,84.4500,84.4400,84.4400,583200,67.4049
2013-03-06,84.4300,84.4300,84.4200,84.4300,452800,67.3970
2013-03-07,84.4200,84.4300,84.4100,84.4100,519800,67.3810
2013-03-08,84.4000,84.4200,84.3900,84.4200,727400,67.3890
2013-03-11,84.4200,84.4200,84.4100,84.4100,1269800,67.3810
2013-03-12,84.4200,84.4300,84.4100,84.4300,1154800,67.3970
2013-03-13,84.4100,84.4200,84.4000,84.4100,858800,67.3810
2013-03-14,84.4000,84.4200,84.4000,84.4100,480900,67.3810
2013-03-15,84.4200,84.4400,84.4100,84.4400,599400,67.4049
2013-03-18,84.4300,84.4600,84.4300,84.4600,416900,67.4209
2013-03-19,84.4600,84.4600,84.4400,84.4500,528700,67.4129
2013-03-20,84.4300,84.4400,84.4300,84.4400,592000,67.4049
2013-03-21,84.4300,84.4500,84.4300,84.4500,691200,67.4129
2013-03-22,84.4600,84.4600,84.4300,84.4300,593700,67.3970
2013-03-25,84.4300,84.4400,84.4300,84.4300,610500,67.3970
2013-03-26,84.4400,84.4400,84.4200,84.4400,504300,67.4049
2013-03-27,84.4600,84.4700,84.4400,84.4600,1263800,67.4209
2013-03-28,84.4400,84.4700,84.4400,84.4700,691200,67.4289
2013-04-01,84.3900,84.4600,84.3900,84.4600,1015600,67.4353
2013-04-02,84.4300,84.4700,84.4300,84.4600,5059900,67.4353
2013-04-03,84.4200,84.4600,84.4200,84.4500,723400,67.4273
2013-04-04,84.4600,84.4800,84.4600,84.4800,457100,67.4512
2013-04-05,84.4700,84.4800,84.4700,84.4800,614100,67.4512
2013-04-08,84.4600,84.4800,84.4600,84.4600,596500,67.4353
2013-04-09,84.4600,84.4800,84.4600,84.4600,1046800,67.4353
2013-04-10,84.4500,84.4700,84.4500,84.4600,1647200,67.4353
2013-04-11,84.4600,84.4700,84.4500,84.4600,4089300,67.4353
2013-04-12,84.4600,84.4800,84.4600,84.4700,486700,67.4433
2013-04-15,84.4700,84.4900,84.4700,84.4800,604000,67.4512
2013-04-16,84.4700,84.4800,84.4700,84.4800,533500,67.4512
2013-04-17,84.4700,84.4900,84.4700,84.4800,386900,67.4512
2013-04-18,84.4700,84.4900,84.4700,84.4800,1195100,67.4512
2013-04-19,84.4700,84.4800,84.4600,84.4800,591800,67.4512
2013-04-22,84.4800,84.4900,84.4600,84.4900,797400,67.4592
2013-04-23,84.4900,84.4900,84.4800,84.4800,524900,67.4512
2013-04-24,84.4800,84.4900,84.4700,84.4900,578300,67.4592
2013-04-25,84.4700,84.5000,84.4700,84.4800,688100,67.4512
2013-04-26,84.4800,84.5100,84.4800,84.5000,685900,67.4672
2013-04-29,84.5000,84.5200,84.5000,84.5200,496700,67.4832
2013-04-30,84.5300,84.5300,84.5100,84.5100,506700,67.4752
2013-05-01,84.5000,84.5200,84.4900,84.5100,1051500,67.4888
2013-05-02,84.4900,84.5100,84.4900,84.5000,544900,67.4808
2013-05-03,84.5000,84.5000,84.4700,84.4700,1145200,67.4569
2013-05-06,84.4900,84.4900,84.4700,84.4700,576100,67.4569
2013-05-07,84.4700,84.4900,84.4700,84.4700,539800,67.4569
2013-05-08,84.4800,84.4800,84.4700,84.4800,540000,67.4648
2013-05-09,84.4700,84.4800,84.4700,84.4700,353500,67.4569
2013-05-10,84.4700,84.4800,84.4500,84.4600,470800,67.4488
2013-05-13,84.4600,84.4600,84.4400,84.4400,829600,67.4329
2013-05-14,84.4400,84.4600,84.4300,84.4400,517900,67.4329
2013-05-15,84.4500,84.4600,84.4500,84.4500,538400,67.4408
2013-05-16,84.4600,84.4800,84.4600,84.4700,499400,67.4569
2013-05-17,84.4800,84.4800,84.4500,84.4500,460300,67.4408
2013-05-20,84.4800,84.4800,84.4400,84.4600,364700,67.4488
2013-05-21,84.4500,84.4700,84.4500,84.4600,440800,67.4488
2013-05-22,84.4600,84.4700,84.4300,84.4300,1022500,67.4249
2013-05-23,84.4500,84.4600,84.4300,84.4500,835700,67.4408
2013-05-24,84.4500,84.4500,84.4300,84.4300,1251800,67.4249
2013-05-28,84.4600,84.4600,84.3700,84.3700,995800,67.3770
2013-05-29,84.3700,84.3900,84.3600,84.3700,796000,67.3770
2013-05-30,84.4000,84.4000,84.3800,84.3900,1437300,67.3929
2013-05-31,84.4000,84.4000,84.3500,84.3800,1320700,67.3850
2013-06-03,84.3700,84.4100,84.3500,84.3900,2606400,67.4065
2013-06-04,84.3800,84.3900,84.3500,84.3900,764900,67.4065
2013-06-05,84.3700,84.4000,84.3600,84.4000,663900,67.4145
2013-06-06,84.3900,84.4100,84.3700,84.3900,1572400,67.4065
2013-06-07,84.3500,84.3800,84.3500,84.3800,501800,67.3985
2013-06-10,84.3400,84.3500,84.3200,84.3500,789800,67.3745
2013-06-11,84.3200,84.3400,84.3000,84.3400,683100,67.3666
2013-06-12,84.3200,84.3600,84.3100,84.3300,2149200,67.3586
2013-06-13,84.3100,84.3900,84.3100,84.3700,1568700,67.3905
2013-06-14,84.3900,84.4300,84.3900,84.4300,791700,67.4384
2013-06-17,84.4400,84.4400,84.4200,84.4300,890800,67.4384
2013-06-18,84.4100,84.4400,84.3900,84.4300,1762700,67.4384
2013-06-19,84.4200,84.4300,84.3200,84.3300,884400,67.3586
2013-06-20,84.3000,84.3400,84.2900,84.3200,3282200,67.3506
2013-06-21,84.2800,84.3000,84.2300,84.2500,3785200,67.2947
2013-06-24,84.1400,84.2300,84.1400,84.2100,1885200,67.2627
2013-06-25,84.2400,84.2400,84.1800,84.2000,2382600,67.2548
2013-06-26,84.2400,84.2500,84.2000,84.2400,1452800,67.2868
2013-06-27,84.2700,84.3000,84.2500,84.2900,2783900,67.3267
2013-06-28,84.2700,84.3100,84.2500,84.2800,3109100,67.3186
2013-07-01,84.2600,84.3100,84.2500,84.3000,4884800,67.3482
2013-07-02,84.3000,84.3100,84.2900,84.3100,1026500,67.3562
2013-07-03,84.3200,84.3200,84.2600,84.3000,692600,67.3482
2013-07-05,84.1900,84.2400,84.1900,84.2100,484500,67.2763
2013-07-08,84.2100,84.2800,84.2100,84.2700,753800,67.3242
2013-07-09,84.3000,84.3000,84.2500,84.2600,947900,67.3162
2013-07-10,84.2500,84.2700,84.2400,84.2600,1401900,67.3162
2013-07-11,84.3000,84.3300,84.2700,84.3300,835200,67.3722
2013-07-12,84.3100,84.3500,84.2800,84.2800,2106800,67.3322
2013-07-15,84.3100,84.3300,84.3000,84.3200,1025700,67.3642
2013-07-16,84.3500,84.3600,84.3200,84.3300,836000,67.3722
2013-07-17,84.3800,84.4000,84.3500,84.3600,728400,67.3961
2013-07-18,84.3700,84.3900,84.3400,84.3500,909900,67.3882
2013-07-19,84.3700,84.4000,84.3500,84.3900,519100,67.4202
2013-07-22,84.3800,84.4000,84.3600,84.3900,1377400,67.4202
2013-07-23,84.3900,84.3900,84.3600,84.3800,1087100,67.4121
2013-07-24,84.3400,84.3800,84.3100,84.3400,575400,67.3802
2013-07-25,84.3200,84.3900,84.3200,84.3900,582700,67.4202
2013-07-26,84.3800,84.4000,84.3700,84.4000,644800,67.4281
2013-07-29,84.3700,84.4000,84.3700,84.3900,440300,67.4202
2013-07-30,84.3800,84.4100,84.3800,84.4000,542100,67.4281
2013-07-31,84.3700,84.4100,84.3400,84.4000,1283900,67.4281
2013-08-01,84.3600,84.3700,84.3100,84.3500,6766100,67.4025
2013-08-02,84.3300,84.4100,84.3300,84.4100,1187100,67.4505
2013-08-05,84.4000,84.4100,84.3700,84.4000,870600,67.4425
2013-08-06,84.3700,84.4000,84.3700,84.3900,881800,67.4345
2013-08-07,84.4000,84.4100,84.3800,84.4100,704600,67.4505
2013-08-08,84.3900,84.4100,84.3900,84.4100,709400,67.4505
2013-08-09,84.4000,84.4100,84.3900,84.3900,566000,67.4345
2013-08-12,84.4300,84.4300,84.3900,84.3900,511600,67.4345
2013-08-13,84.3800,84.3800,84.3400,84.3500,531400,67.4025
2013-08-14,84.3500,84.3700,84.3400,84.3500,972600,67.4025
2013-08-15,84.3100,84.3400,84.3000,84.3200,704200,67.3785
2013-08-16,84.3100,84.3400,84.2900,84.3300,2293500,67.3866
2013-08-19,84.3200,84.3200,84.2800,84.3100,1951100,67.3706
2013-08-20,84.3200,84.3400,84.3200,84.3300,1649400,67.3866
2013-08-21,84.3200,84.3400,84.2800,84.2800,651200,67.3466
2013-08-22,84.2600,84.2800,84.2200,84.2500,735000,67.3226
2013-08-23,84.1900,84.2800,84.1900,84.2500,638200,67.3226
2013-08-26,84.2700,84.3000,84.2700,84.2800,733100,67.3466
2013-08-27,84.2800,84.3200,84.2800,84.3200,802800,67.3785
2013-08-28,84.2700,84.3000,84.2500,84.2700,709200,67.3386
2013-08-29,84.2700,84.2900,84.2400,84.2900,653200,67.3546
2013-08-30,84.2800,84.3000,84.2700,84.3000,847700,67.3626
2013-09-03,84.2100,84.2500,84.2000,84.2500,2991200,67.3370
2013-09-04,84.2100,84.2300,84.1600,84.1700,947200,67.2731
2013-09-05,84.0900,84.1200,84.0500,84.0900,1315100,67.2091
2013-09-06,84.1300,84.2000,84.1300,84.1700,765500,67.2731
2013-09-09,84.1800,84.2100,84.1800,84.1900,795600,67.2890
2013-09-10,84.1600,84.1700,84.1400,84.1600,922200,67.2651
2013-09-11,84.1800,84.2100,84.1600,84.2000,864100,67.2970
2013-09-12,84.2100,84.2300,84.1900,84.2000,1586100,67.2970
2013-09-13,84.1900,84.2200,84.1900,84.2000,564700,67.2970
2013-09-16,84.3200,84.3200,84.2600,84.2600,737400,67.3449
2013-09-17,84.2800,84.3100,84.2700,84.2900,668400,67.3690
2013-09-18,84.2900,84.4200,84.2600,84.4000,744300,67.4569
2013-09-19,84.4100,84.4300,84.3700,84.3700,5185900,67.4329
2013-09-20,84.3800,84.3900,84.3600,84.3800,606600,67.4409
2013-09-23,84.3600,84.4000,84.3600,84.4000,849600,67.4569
2013-09-24,84.4100,84.4200,84.3800,84.4100,674500,67.4649
2013-09-25,84.4100,84.4400,84.3900,84.4400,1570500,67.4888
2013-09-26,84.4500,84.4500,84.3900,84.4000,497100,67.4569
2013-09-27,84.4400,84.4700,84.4200,84.4500,2082200,67.4968
2013-09-30,84.4300,84.4700,84.4300,84.4700,1717500,67.5128
2013-10-01,84.4400,84.4500,84.4000,84.4300,7696500,67.4953
2013-10-02,84.4400,84.4600,84.4300,84.4400,1773800,67.5032
2013-10-03,84.4200,84.4600,84.4200,84.4400,693200,67.5032
2013-10-04,84.4200,84.4400,84.4100,84.4100,498600,67.4793
2013-10-07,84.4400,84.4400,84.3900,84.4100,602100,67.4793
2013-10-08,84.3900,84.3900,84.3300,84.3400,572200,67.4233
2013-10-09,84.3600,84.3800,84.3300,84.3700,696200,67.4473
2013-10-10,84.3500,84.3700,84.3500,84.3700,469700,67.4473
2013-10-11,84.4100,84.4200,84.3700,84.3700,889600,67.4473
2013-10-14,84.3500,84.3700,84.3200,84.3400,581200,67.4233
2013-10-15,84.3700,84.3900,84.3500,84.3700,1396400,67.4473
2013-10-16,84.3800,84.4100,84.3400,84.4000,785600,67.4712
2013-10-17,84.4400,84.4500,84.4200,84.4300,1823500,67.4953
2013-10-18,84.4400,84.4500,84.4300,84.4300,647100,67.4953
2013-10-21,84.4400,84.4500,84.4200,84.4300,453700,67.4953
2013-10-22,84.4700,84.5000,84.4700,84.5000,1274200,67.5512
2013-10-23,84.5000,84.5000,84.4700,84.4700,1109600,67.5272
2013-10-24,84.4700,84.4800,84.4600,84.4600,1312200,67.5192
2013-10-25,84.4800,84.5000,84.4600,84.4800,1739300,67.5352
2013-10-28,84.4700,84.5000,84.4700,84.5000,716400,67.5512
2013-10-29,84.4900,84.5000,84.4800,84.5000,548500,67.5512
2013-10-30,84.5000,84.5200,84.4900,84.5000,524500,67.5512
2013-10-31,84.5000,84.5100,84.4800,84.5100,1532500,67.5592
2013-11-01,84.4700,84.4800,84.4600,84.4600,1213600,67.5344
2013-11-04,84.4700,84.4900,84.4700,84.4800,933500,67.5504
2013-11-05,84.4800,84.4800,84.4500,84.4800,1523800,67.5504
2013-11-06,84.5000,84.5200,84.4900,84.5000,1145400,67.5664
2013-11-07,84.5200,84.5300,84.5100,84.5200,627300,67.5824
2013-11-08,84.4800,84.4900,84.4600,84.4600,1591100,67.5344
2013-11-11,84.4500,84.4800,84.4500,84.4800,257500,67.5504
2013-11-12,84.4400,84.4700,84.4400,84.4600,1296400,67.5344
2013-11-13,84.4700,84.4900,84.4600,84.4600,3394800,67.5344
2013-11-14,84.4900,84.5200,84.4800,84.5100,470300,67.5744
2013-11-15,84.5300,84.5300,84.5100,84.5100,544700,67.5744
2013-11-18,84.5300,84.5500,84.5100,84.5500,1592900,67.6064
2013-11-19,84.5200,84.5400,84.5200,84.5200,729700,67.5824
2013-11-20,84.5400,84.5700,84.5200,84.5300,862500,67.5904
2013-11-21,84.5400,84.5700,84.5300,84.5700,490600,67.6224
2013-11-22,84.5500,84.5500,84.5300,84.5500,661800,67.6064
2013-11-25,84.5500,84.5500,84.5300,84.5500,462700,67.6064
2013-11-26,84.5300,84.5600,84.5300,84.5600,505800,67.6144
2013-11-27,84.5500,84.5600,84.5400,84.5600,449600,67.6144
2013-11-29,84.5100,84.5700,84.5100,84.5700,627900,67.6224
2013-12-02,84.4400,84.5400,84.4400,84.5000,2508400,67.5816
2013-12-03,84.5200,84.5300,84.5200,84.5200,577400,67.5975
2013-12-04,84.4900,84.5200,84.4900,84.5000,827700,67.5816
2013-12-05,84.5000,84.5200,84.4800,84.5100,454600,67.5896
2013-12-06,84.4800,84.5000,84.4700,84.4800,984900,67.5656
2013-12-09,84.4800,84.5000,84.4700,84.4800,397300,67.5656
2013-12-10,84.5000,84.5100,84.4800,84.5100,390100,67.5896
2013-12-11,84.4900,84.5100,84.4800,84.4800,418400,67.5656
2013-12-12,84.4700,84.4700,84.4300,84.4500,1247900,67.5416
2013-12-13,84.4600,84.4700,84.4400,84.4700,445300,67.5576
2013-12-16,84.4500,84.4800,84.4500,84.4700,724700,67.5576
2013-12-17,84.4700,84.4900,84.4600,84.4900,826700,67.5735
2013-12-18,84.4700,84.5200,84.4600,84.4900,1675600,67.5735
2013-12-19,84.4400,84.4700,84.4300,84.4400,767900,67.5336
2013-12-20,84.4100,84.4500,84.4100,84.4100,851000,67.5096
2013-12-23,84.4200,84.4200,84.4000,84.4000,624400,67.5016
2013-12-24,84.3800,84.4000,84.3700,84.3700,711000,67.4776
2013-12-26,84.3500,84.3700,84.3400,84.3400,729000,67.4704
2013-12-27,84.3800,84.3900,84.3700,84.3800,423700,67.5024
2013-12-30,84.3900,84.4000,84.3800,84.4000,442900,67.5184
2013-12-31,84.3900,84.4100,84.3800,84.3800,609800,67.5024
2014-01-02,84.4000,84.4200,84.3900,84.4200,2412500,67.5344
2014-01-03,84.3900,84.4200,84.3800,84.3900,1062700,67.5104
2014-01-06,84.3800,84.4000,84.3800,84.4000,699500,67.5184
2014-01-07,84.4000,84.4000,84.3900,84.4000,664900,67.5184
2014-01-08,84.3700,84.3700,84.3100,84.3200,608600,67.4544
2014-01-09,84.3400,84.3400,84.3100,84.3400,1121100,67.4704
2014-01-10,84.3900,84.4300,84.3800,84.4200,491900,67.5344
2014-01-13,84.4300,84.4600,84.4300,84.4400,1269200,67.5504
2014-01-14,84.4300,84.4500,84.4000,84.4200,487000,67.5344
2014-01-15,84.3900,84.3900,84.3700,84.3900,800100,67.5104
2014-01-16,84.4000,84.4100,84.3900,84.4100,738600,67.5264
2014-01-17,84.4200,84.4200,84.4000,84.4100,418300,67.5264
2014-01-21,84.4200,84.4300,84.4000,84.4000,498600,67.5184
2014-01-22,84.3700,84.3900,84.3600,84.3600,622700,67.4864
2014-01-23,84.3600,84.4500,84.3600,84.4400,886600,67.5504
2014-01-24,84.4300,84.5000,84.4300,84.4700,781200,67.5744
2014-01-27,84.4500,84.4800,84.4400,84.4600,1166400,67.5664
2014-01-28,84.4700,84.4800,84.4500,84.4600,645100,67.5664
2014-01-29,84.4900,84.5200,84.4800,84.5200,538500,67.6144
2014-01-30,84.5000,84.5100,84.4800,84.5100,579400,67.6064
2014-01-31,84.5400,84.5500,84.5200,84.5500,939500,67.6385
2014-02-03,84.5100,84.5800,84.4900,84.5500,54448200,67.6569
2014-02-04,84.5300,84.5600,84.5300,84.5600,2357300,67.6649
2014-02-05,84.5300,84.5500,84.5200,84.5200,3985300,67.6328
2014-02-06,84.5200,84.5300,84.5000,84.5300,1420700,67.6408
2014-02-07,84.5200,84.5600,84.5200,84.5500,1426700,67.6569
2014-02-10,84.5400,84.5500,84.5200,84.5300,1571900,67.6408
2014-02-11,84.5000,84.5100,84.4900,84.5100,1295500,67.6248
2014-02-12,84.4900,84.4900,84.4600,84.4700,2196700,67.5928
2014-02-13,84.5000,84.5400,84.4500,84.5200,1334300,67.6328
2014-02-14,84.5200,84.5400,84.5100,84.5200,1279000,67.6328
2014-02-18,84.5300,84.5700,84.5300,84.5500,1081300,67.6569
2014-02-19,84.5700,84.5800,84.5200,84.5200,1357800,67.6328
2014-02-20,84.5000,84.5300,84.5000,84.5300,1012600,67.6408
2014-02-21,84.5100,84.5400,84.5000,84.5400,750300,67.6488
2014-02-24,84.5200,84.5400,84.5100,84.5400,1647600,67.6488
2014-02-25,84.5300,84.5500,84.5200,84.5300,666400,67.6408
2014-02-26,84.5300,84.5800,84.5300,84.5700,2079600,67.6728
2014-02-27,84.5700,84.5800,84.5600,84.5600,362600,67.6649
2014-02-28,84.5500,84.5700,84.5300,84.5600,2360500,67.6649
2014-03-03,84.5500,84.5900,84.5500,84.5900,2587200,67.7032
2014-03-04,84.5500,84.5500,84.5100,84.5200,49419100,67.6472
2014-03-05,84.5000,84.5500,84.4900,84.5500,2176200,67.6713
2014-03-06,84.5000,84.5200,84.4900,84.5000,1044400,67.6312
2014-03-07,84.4400,84.4800,84.4400,84.4400,807400,67.5832
2014-03-10,84.4300,84.4700,84.4300,84.4500,450100,67.5912
2014-03-11,84.4600,84.4700,84.4400,84.4500,337500,67.5912
2014-03-12,84.4900,84.4900,84.4700,84.4800,342400,67.6152
2014-03-13,84.4500,84.5300,84.4300,84.5300,2012000,67.6552
2014-03-14,84.5400,84.5400,84.5100,84.5100,1035600,67.6392
2014-03-17,84.5000,84.5100,84.4700,84.4800,659700,67.6152
2014-03-18,84.4900,84.5100,84.4800,84.5000,317000,67.6312
2014-03-19,84.4900,84.5100,84.3300,84.3600,567200,67.5192
2014-03-20,84.3600,84.3800,84.3500,84.3700,826800,67.5272
2014-03-21,84.3700,84.3900,84.3500,84.3800,452200,67.5351
2014-03-24,84.3100,84.3600,84.3100,84.3400,1761600,67.5031
2014-03-25,84.3400,84.3800,84.3400,84.3500,962000,67.5111
2014-03-26,84.3600,84.4300,84.3600,84.4100,598400,67.5592
2014-03-27,84.3800,84.4200,84.3800,84.4000,447800,67.5511
2014-03-28,84.3700,84.4100,84.3700,84.4000,335900,67.5511
2014-03-31,84.3900,84.4500,84.3800,84.4500,1502200,67.5912
2014-04-01,84.4000,84.4100,84.3800,84.3800,4107900,67.5519
2014-04-02,84.3600,84.3700,84.3500,84.3500,504800,67.5279
2014-04-03,84.3500,84.3800,84.3500,84.3700,2637400,67.5439
2014-04-04,84.4200,84.4400,84.4000,84.4400,726400,67.6000
2014-04-07,84.4400,84.4700,84.4400,84.4500,423300,67.6080
2014-04-08,84.4600,84.4700,84.4400,84.4600,455900,67.6160
2014-04-09,84.4500,84.5200,84.4200,84.5000,939600,67.6480
2014-04-10,84.5200,84.5600,84.5100,84.5500,731900,67.6881
2014-04-11,84.5500,84.5600,84.5300,84.5400,2225800,67.6800
2014-04-14,84.5700,84.5700,84.5000,84.5300,520300,67.6720
2014-04-15,84.5100,84.5400,84.4900,84.5300,303500,67.6720
2014-04-16,84.5000,84.5200,84.4900,84.5000,381100,67.6480
2014-04-17,84.4900,84.5000,84.4500,84.4800,2592700,67.6320
2014-04-21,84.4600,84.4800,84.4500,84.4800,592800,67.6320
2014-04-22,84.4600,84.4700,84.4400,84.4400,543100,67.6000
2014-04-23,84.4800,84.5000,84.4700,84.4800,553100,67.6320
2014-04-24,84.4500,84.4900,84.4500,84.4600,979000,67.6160
2014-04-25,84.4800,84.5000,84.4700,84.4700,270300,67.6240
2014-04-28,84.4700,84.5000,84.4700,84.4700,280400,67.6240
2014-04-29,84.4800,84.4800,84.4600,84.4600,401300,67.6160
2014-04-30,84.5000,84.5200,84.5000,84.5200,484000,67.6640
2014-05-01,84.4800,84.5200,84.4800,84.5000,1141100,67.6648
2014-05-02,84.4500,84.5000,84.4400,84.4900,543100,67.6568
2014-05-05,84.4900,84.5000,84.4700,84.5000,1540800,67.6648
2014-05-06,84.4700,84.4800,84.4600,84.4700,432900,67.6408
2014-05-07,84.4600,84.5200,84.4600,84.5000,645400,67.6648
2014-05-08,84.5200,84.5500,84.5000,84.5200,729300,67.6808
2014-05-09,84.4700,84.5500,84.4700,84.5500,361700,67.7049
2014-05-12,84.5100,84.5500,84.5100,84.5300,1001200,67.6888
2014-05-13,84.5600,84.5700,84.5400,84.5600,486500,67.7129
2014-05-14,84.5600,84.6200,84.5600,84.5900,644600,67.7369
2014-05-15,84.5900,84.6200,84.5800,84.6000,337200,67.7448
2014-05-16,84.5900,84.6200,84.5900,84.6100,446600,67.7529
2014-05-19,84.6200,84.6500,84.6100,84.6300,362200,67.7689
2014-05-20,84.6100,84.6500,84.6100,84.6400,349900,67.7770
2014-05-21,84.6100,84.6400,84.6100,84.6400,372800,67.7770
2014-05-22,84.6100,84.6300,84.6000,84.6200,468300,67.7609
2014-05-23,84.6300,84.6500,84.5600,84.6000,381500,67.7448
2014-05-27,84.6300,84.6300,84.6000,84.6200,850200,67.7609
2014-05-28,84.6400,84.6700,84.6400,84.6400,562000,67.7770
2014-05-29,84.6500,84.6800,84.6300,84.6300,1651000,67.7689
2014-05-30,84.6300,84.6600,84.6200,84.6500,895600,67.7849
2014-06-02,84.6000,84.6100,84.5600,84.5700,978100,67.7393
2014-06-03,84.5600,84.5800,84.5500,84.5500,411200,67.7233
2014-06-04,84.5600,84.5800,84.5500,84.5800,1034300,67.7473
2014-06-05,84.5600,84.6000,84.5600,84.5900,1187800,67.7553
2014-06-06,84.5800,84.6000,84.5500,84.5700,733600,67.7393
2014-06-09,84.5200,84.5400,84.5100,84.5100,586500,67.6912
2014-06-10,84.6600,84.6600,84.4900,84.4900,662600,67.6752
2014-06-11,84.5100,84.5200,84.5000,84.5200,288000,67.6992
2014-06-12,84.5000,84.5600,84.5000,84.5500,1129200,67.7233
2014-06-13,84.4500,84.5100,84.4500,84.5000,582100,67.6832
2014-06-16,84.4600,84.4900,84.4600,84.4800,337700,67.6672
2014-06-17,84.4200,84.4500,84.4100,84.4100,726900,67.6111
2014-06-18,84.4600,84.4800,84.4400,84.4800,540100,67.6672
2014-06-19,84.5000,84.5000,84.4600,84.4700,318700,67.6592
2014-06-20,84.4800,84.4800,84.4400,84.4700,508700,67.6592
2014-06-23,84.5000,84.5000,84.4600,84.4700,668600,67.6592
2014-06-24,84.4700,84.5000,84.4600,84.5000,576000,67.6832
2014-06-25,84.5000,84.5300,84.5000,84.5100,453700,67.6912
2014-06-26,84.6100,84.6100,84.5300,84.5300,368700,67.7072
2014-06-27,84.5600,84.5700,84.5400,84.5500,524900,67.7233
2014-06-30,84.5500,84.5700,84.5400,84.5600,1091800,67.7313
2014-07-01,84.5400,84.5400,84.5000,84.5000,542700,67.7032
2014-07-02,84.4600,84.5000,84.4600,84.4700,594300,67.6792
2014-07-03,84.4400,84.4600,84.4200,84.4600,492600,67.6712
2014-07-07,84.4100,84.4400,84.4100,84.4400,506100,67.6551
2014-07-08,84.4500,84.4700,84.4300,84.4600,627700,67.6712
2014-07-09,84.4400,84.4900,84.4000,84.4700,380900,67.6792
2014-07-10,84.5000,84.5400,84.5000,84.5100,466100,67.7113
2014-07-11,84.5400,84.5500,84.5200,84.5300,2614500,67.7272
2014-07-14,84.5000,84.5300,84.5000,84.5200,672900,67.7192
2014-07-15,84.5000,84.5500,84.4700,84.4800,435700,67.6872
2014-07-16,84.4900,84.5000,84.4600,84.4700,426700,67.6792
2014-07-17,84.5000,84.5400,84.4800,84.5400,2408500,67.7353
2014-07-18,84.5000,84.5200,84.4700,84.4700,2316600,67.6792
2014-07-21,84.5200,84.5200,84.4700,84.4800,2455200,67.6872
2014-07-22,84.4800,84.5000,84.4700,84.4800,2456000,67.6872
2014-07-23,84.5200,84.5200,84.5000,84.5100,478400,67.7113
2014-07-24,84.4700,84.4900,84.4600,84.4800,221200,67.6872
2014-07-25,84.4900,84.5000,84.4700,84.4900,2324500,67.6952
2014-07-28,84.4600,84.4800,84.4500,84.4500,2286900,67.6632
2014-07-29,84.4600,84.4700,84.4500,84.4700,255200,67.6792
2014-07-30,84.4300,84.4300,84.3800,84.4300,1110200,67.6471
2014-07-31,84.4300,84.4700,84.4100,84.4700,1446200,67.6792
2014-08-01,84.4700,84.5600,84.4700,84.5500,19826500,67.7650
2014-08-04,84.5400,84.5600,84.5300,84.5500,1419200,67.7650
2014-08-05,84.5200,84.5700,84.5200,84.5500,1278200,67.7650
2014-08-06,84.5600,84.5900,84.5500,84.5700,949900,67.7810
2014-08-07,84.5800,84.6100,84.5400,84.6100,1129200,67.8130
2014-08-08,84.6000,84.6200,84.5600,84.5600,500400,67.7730
2014-08-11,84.5800,84.5900,84.5600,84.5600,1264700,67.7730
2014-08-12,84.5700,84.5900,84.5500,84.5600,1587100,67.7730
2014-08-13,84.6200,84.6200,84.5800,84.6000,708500,67.8050
2014-08-14,84.5700,84.6400,84.5700,84.6200,975800,67.8210
2014-08-15,84.5900,84.6800,84.5800,84.6200,911200,67.8210
2014-08-18,84.5700,84.6300,84.5700,84.6200,721600,67.8210
2014-08-19,84.6300,84.6300,84.6000,84.6200,1047000,67.8210
2014-08-20,84.6000,84.6000,84.5300,84.5400,668300,67.7569
2014-08-21,84.5300,84.5800,84.5300,84.5400,720300,67.7569
2014-08-22,84.5200,84.5600,84.5000,84.5200,758700,67.7409
2014-08-25,84.5000,84.5200,84.4900,84.4900,1146100,67.7168
2014-08-26,84.5200,84.5300,84.5000,84.5200,372100,67.7409
2014-08-27,84.5300,84.5500,84.5300,84.5400,473300,67.7569
2014-08-28,84.5300,84.5700,84.5300,84.5600,459100,67.7730
2014-08-29,84.5600,84.6000,84.5500,84.6000,515700,67.8050
2014-09-02,84.5400,84.5500,84.5000,84.5000,13519800,67.7473
2014-09-03,84.5000,84.5300,84.4900,84.5200,741300,67.7633
2014-09-04,84.5100,84.5400,84.4800,84.5100,1702900,67.7553
2014-09-05,84.5400,84.5600,84.5300,84.5400,422000,67.7794
2014-09-08,84.5400,84.5600,84.4900,84.4900,533300,67.7393
2014-09-09,84.4900,84.5000,84.4400,84.4400,506900,67.6992
2014-09-10,84.4300,84.4600,84.4300,84.4500,367900,67.7072
2014-09-11,84.4800,84.4900,84.4500,84.4600,774800,67.7152
2014-09-12,84.4300,84.4600,84.4300,84.4400,340600,67.6992
2014-09-15,84.4600,84.4900,84.4600,84.4800,431000,67.7313
2014-09-16,84.5000,84.5300,84.4700,84.5300,1624100,67.7713
2014-09-17,84.4700,84.5800,84.4300,84.4400,541600,67.6992
2014-09-18,84.4200,84.4500,84.4100,84.4500,419000,67.7072
2014-09-19,84.4300,84.4600,84.4200,84.4400,425400,67.6992
2014-09-22,84.4700,84.5000,84.4600,84.5000,332600,67.7473
2014-09-23,84.4800,84.5200,84.4800,84.5200,745800,67.7633
2014-09-24,84.5000,84.5200,84.4800,84.4900,1455900,67.7393
2014-09-25,84.4800,84.5500,84.4800,84.5500,892400,67.7874
2014-09-26,84.5300,84.5300,84.4800,84.5100,1486300,67.7553
2014-09-29,84.5300,84.5400,84.5100,84.5300,533200,67.7713
2014-09-30,84.5100,84.5300,84.4900,84.5100,1508000,67.7553
2014-10-01,84.5500,84.6000,84.5300,84.5700,20930800,67.8275
2014-10-02,84.5800,84.5900,84.5400,84.5600,1828300,67.8195
2014-10-03,84.5100,84.5200,84.4700,84.4800,2110100,67.7554
2014-10-06,84.5400,84.5800,84.5100,84.5600,841300,67.8195
2014-10-07,84.5700,84.6200,84.5700,84.6100,1333900,67.8596
2014-10-08,84.6000,84.7100,84.5900,84.7000,1367200,67.9318
2014-10-09,84.6900,84.7200,84.6800,84.7000,623000,67.9318
2014-10-10,84.7100,84.7400,84.6900,84.7400,629300,67.9639
2014-10-13,84.7900,85.3700,84.7600,84.7700,1239000,67.9879
2014-10-14,84.8100,84.8400,84.7900,84.8200,2228800,68.0280
2014-10-15,85.0100,85.0700,84.8300,84.9300,2526700,68.1162
2014-10-16,84.9500,84.9600,84.8600,84.8800,27217300,68.0761
2014-10-17,84.8500,84.8600,84.8100,84.8300,2035000,68.0360
2014-10-20,84.8400,84.8800,84.8400,84.8800,1139800,68.0761
2014-10-21,84.8400,84.8800,84.8400,84.8600,1356700,68.0601
2014-10-22,84.8200,84.8400,84.8100,84.8400,1814100,68.0440
2014-10-23,84.7900,84.8200,84.7800,84.8000,1081500,68.0120
2014-10-24,84.7900,84.8300,84.7900,84.8200,1171400,68.0280
2014-10-27,84.8000,84.8400,84.8000,84.8200,919700,68.0280
2014-10-28,84.8200,84.8400,84.7900,84.8000,738300,68.0120
2014-10-29,84.7900,84.8000,84.6900,84.6900,1452200,67.9237
2014-10-30,84.7100,84.7500,84.7000,84.7200,1485800,67.9478
2014-10-31,84.6800,84.7200,84.6800,84.7000,1770200,67.9318
2014-11-03,84.7200,84.7200,84.6100,84.6600,14207300,67.9230
2014-11-04,84.6200,84.6700,84.5900,84.6500,1177700,67.9149
2014-11-05,84.6400,84.6400,84.6200,84.6300,1289700,67.8989
2014-11-06,84.6100,84.6400,84.6000,84.6100,815200,67.8828
2014-11-07,84.6500,84.6900,84.6300,84.6700,1389000,67.9309
2014-11-10,84.6700,84.6900,84.6100,84.6100,1381700,67.8828
2014-11-11,84.5800,84.7100,84.5700,84.6000,580300,67.8748
2014-11-12,84.6300,84.6600,84.6100,84.6300,894600,67.8989
2014-11-13,84.6300,84.6600,84.6300,84.6500,746300,67.9149
2014-11-14,84.6400,84.6900,84.6100,84.6900,1064400,67.9470
2014-11-17,84.6700,84.6900,84.6600,84.6800,850000,67.9390
2014-11-18,84.6900,84.6900,84.6600,84.6700,23372000,67.9309
2014-11-19,84.6300,84.7000,84.6300,84.6600,962000,67.9230
2014-11-20,84.7000,84.7100,84.6600,84.6800,723600,67.9390
2014-11-21,84.7100,84.7200,84.6900,84.7000,1048700,67.9550
2014-11-24,84.6600,84.7100,84.6600,84.7100,1582100,67.9630
2014-11-25,84.7000,84.7400,84.6900,84.7200,472700,67.9710
2014-11-26,84.7200,84.7600,84.7200,84.7300,840000,67.9791
2014-11-28,84.7800,84.7800,84.7500,84.7600,319700,68.0032
2014-12-01,84.7900,84.8100,84.7300,84.7300,2475900,68.0024
2014-12-02,84.7100,84.7100,84.6600,84.6800,825300,67.9622
2014-12-03,84.6700,84.6700,84.6300,84.6400,782100,67.9301
2014-12-04,84.6600,84.6900,84.6500,84.6900,901400,67.9702
2014-12-05,84.5300,84.5700,84.5100,84.5300,494200,67.8418
2014-12-08,84.5100,84.5400,84.4900,84.5200,427400,67.8338
2014-12-09,84.5800,84.6100,84.5400,84.5500,545000,67.8579
2014-12-10,84.5400,84.6400,84.5400,84.6200,734300,67.9141
2014-12-11,84.6000,84.6000,84.5600,84.5800,678900,67.8820
2014-12-12,84.6500,84.7200,84.6200,84.6600,942700,67.9462
2014-12-15,84.6300,84.6600,84.5900,84.6000,1662100,67.8980
2014-12-16,84.6700,84.6900,84.6200,84.6500,1239500,67.9381
2014-12-17,84.6300,84.7200,84.5100,84.5700,966900,67.8740
2014-12-18,84.4900,84.5300,84.4900,84.5200,1009100,67.8338
2014-12-19,84.5600,84.5600,84.4600,84.4600,785100,67.7857
2014-12-22,84.4600,84.5000,84.4600,84.4800,680300,67.8017
2014-12-23,84.4700,84.4700,84.3900,84.3900,1083500,67.7295
2014-12-24,84.3600,84.4400,84.3500,84.4000,958700,67.7640
2014-12-26,84.3500,84.4000,84.3500,84.3700,414300,67.7400
2014-12-29,84.4300,84.4600,84.4300,84.4500,749500,67.8042
2014-12-30,84.4900,84.5100,84.4600,84.4800,665900,67.8282
2014-12-31,84.4700,84.5200,84.4500,84.4500,724100,67.8042
2015-01-02,84.4900,84.5400,84.4700,84.5400,1735400,67.8764
2015-01-05,84.4700,84.5500,84.4700,84.5400,1214300,67.8764
2015-01-06,84.5600,84.6800,84.5600,84.5800,959400,67.9085
2015-01-07,84.5900,84.6300,84.5700,84.6200,768800,67.9406
2015-01-08,84.6100,84.6400,84.5900,84.6100,862500,67.9326
2015-01-09,84.6700,84.7300,84.6700,84.6800,422200,67.9888
2015-01-12,84.7300,84.7500,84.7000,84.7300,641700,68.0290
2015-01-13,84.7400,84.7900,84.7100,84.7800,525600,68.0691
2015-01-14,84.8500,84.8800,84.8300,84.8300,690800,68.1092
2015-01-15,84.8500,84.9600,84.8400,84.9600,577900,68.2136
2015-01-16,84.9300,84.9300,84.8600,84.8800,756300,68.1494
2015-01-20,84.8700,84.9100,84.8400,84.8400,696000,68.1173
2015-01-21,84.8300,84.8900,84.8200,84.8400,606400,68.1173
2015-01-22,84.8700,84.8700,84.7800,84.8100,588900,68.0932
2015-01-23,84.8300,84.8600,84.8100,84.8500,1089900,68.1254
2015-01-26,84.8300,84.8500,84.7900,84.8000,1576400,68.0852
2015-01-27,84.8600,84.8800,84.8200,84.8500,414900,68.1254
2015-01-28,84.8300,84.9200,84.8200,84.9100,743900,68.1735
2015-01-29,84.8800,84.8800,84.8300,84.8800,516100,68.1494
2015-01-30,84.9400,84.9800,84.8700,84.9800,474400,68.2297
2015-02-02,84.9400,84.9500,84.8800,84.9200,1883800,68.2080
2015-02-03,84.8900,84.8900,84.8300,84.8500,1015000,68.1518
2015-02-04,84.8200,84.8800,84.7900,84.8600,798200,68.1598
2015-02-05,84.8500,84.8500,84.8100,84.8300,428400,68.1357
2015-02-06,84.7000,84.7000,84.6100,84.6300,774300,67.9751
2015-02-09,84.6500,84.6500,84.6100,84.6200,1616200,67.9670
2015-02-10,84.6300,84.6300,84.5900,84.6000,1194500,67.9510
2015-02-11,84.6300,84.6300,84.6000,84.6100,840500,67.9590
2015-02-12,84.6400,84.6800,84.6200,84.6400,1036300,67.9831
2015-02-13,84.6600,84.6900,84.6400,84.6400,1118600,67.9831
2015-02-17,84.6200,84.6600,84.5700,84.6000,562400,67.9510
2015-02-18,84.6200,84.7300,84.5900,84.7000,998400,68.0313
2015-02-19,84.6500,84.7200,84.6400,84.6500,744000,67.9911
2015-02-20,84.7000,84.7200,84.6100,84.6400,415200,67.9831
2015-02-23,84.6700,84.6900,84.6400,84.6800,715500,68.0152
2015-02-24,84.6700,84.7600,84.6200,84.7500,482800,68.0715
2015-02-25,84.7100,84.7500,84.7100,84.7500,485300,68.0715
2015-02-26,84.6800,84.7100,84.6500,84.6700,530600,68.0072
2015-02-27,84.7100,84.7200,84.6700,84.7000,3103100,68.0313
2015-03-02,84.6400,84.6600,84.6000,84.6000,3233200,67.9758
2015-03-03,84.6000,84.6200,84.5700,84.5800,1288800,67.9598
2015-03-04,84.6100,84.6300,84.5800,84.6000,572900,67.9758
2015-03-05,84.6400,84.6600,84.6100,84.6300,386800,67.9999
2015-03-06,84.5100,84.5600,84.5000,84.5400,503300,67.9276
2015-03-09,84.5400,84.5800,84.5300,84.5800,367200,67.9598
2015-03-10,84.6300,84.6300,84.5700,84.6000,1039600,67.9758
2015-03-11,84.6000,84.6200,84.5700,84.6000,607500,67.9758
2015-03-12,84.6400,84.6700,84.6000,84.6200,1158100,67.9919
2015-03-13,84.6100,84.6700,84.6100,84.6300,436500,67.9999
2015-03-16,84.6400,84.6800,84.6300,84.6400,934000,68.0080
2015-03-17,84.6700,84.6700,84.6200,84.6200,1255600,67.9919
2015-03-18,84.6200,84.8300,84.5800,84.8200,873500,68.1527
2015-03-19,84.7500,84.7800,84.7000,84.7100,351000,68.0643
2015-03-20,84.7800,84.7900,84.7500,84.7700,721900,68.1124
2015-03-23,84.7800,84.8100,84.7500,84.8000,683900,68.1366
2015-03-24,84.8000,84.8300,84.7700,84.8300,535900,68.1607
2015-03-25,84.8300,84.8400,84.7800,84.8100,932000,68.1445
2015-03-26,84.7800,84.7800,84.7300,84.7700,963400,68.1124
2015-03-27,84.7900,84.8300,84.7900,84.8200,595300,68.1527
2015-03-30,84.8300,84.8400,84.8000,84.8100,793600,68.1445
2015-03-31,84.8300,84.8800,84.8200,84.8800,1035200,68.2008
2015-04-01,84.8400,84.8800,84.8400,84.8800,2228700,68.2306
2015-04-02,84.8800,84.8800,84.8300,84.8700,643500,68.2225
2015-04-06,84.9800,84.9800,84.9100,84.9400,1162400,68.2788
2015-04-07,84.8800,84.9000,84.8800,84.8800,544500,68.2306
2015-04-08,84.8900,84.9000,84.8400,84.8800,1086800,68.2306
2015-04-09,84.8600,84.8700,84.8400,84.8500,459000,68.2064
2015-04-10,84.8600,84.8700,84.8300,84.8300,614400,68.1904
2015-04-13,84.8300,84.8800,84.8300,84.8800,754400,68.2306
2015-04-14,84.9000,84.9400,84.8900,84.9200,449200,68.2627
2015-04-15,84.9100,84.9300,84.9000,84.9200,772200,68.2627
2015-04-16,84.9400,84.9700,84.9000,84.9600,11419400,68.2949
2015-04-17,84.9100,84.9500,84.9100,84.9200,727200,68.2627
2015-04-20,84.9000,84.9300,84.8800,84.9100,460900,68.2547
2015-04-21,84.8600,84.9200,84.8600,84.9200,565700,68.2627
2015-04-22,84.8700,84.8900,84.8500,84.8500,582200,68.2064
2015-04-23,84.8600,84.8900,84.8600,84.8900,561700,68.2386
2015-04-24,84.9200,84.9300,84.9000,84.9200,405800,68.2627
2015-04-27,84.9200,84.9200,84.8900,84.9100,439300,68.2547
2015-04-28,84.8700,84.9100,84.8700,84.8700,506400,68.2225
2015-04-29,84.8500,84.8800,84.8300,84.8800,461400,68.2306
2015-04-30,84.8400,84.8800,84.8000,84.8700,746800,68.2225
2015-05-01,84.8000,84.8200,84.7800,84.8000,1996300,68.1944
2015-05-04,84.7900,84.8200,84.7700,84.8000,535700,68.1944
2015-05-05,84.7800,84.8200,84.7400,84.7800,8800900,68.1783
2015-05-06,84.7500,84.7700,84.7200,84.7500,1583000,68.1542
2015-05-07,84.7500,84.7600,84.7200,84.7200,909500,68.1300
2015-05-08,84.8400,84.8600,84.8200,84.8400,855400,68.2265
2015-05-11,84.8200,84.8300,84.7600,84.7600,2438600,68.1622
2015-05-12,84.7800,84.8000,84.7500,84.7700,497600,68.1702
2015-05-13,84.8300,84.8600,84.8000,84.8100,670900,68.2024
2015-05-14,84.8500,84.8900,84.8500,84.8900,992800,68.2668
2015-05-15,84.8500,84.9100,84.8500,84.8900,599200,68.2668
2015-05-18,84.8700,84.8900,84.8200,84.8400,5576400,68.2265
2015-05-19,84.7800,84.8200,84.7700,84.7900,544600,68.1863
2015-05-20,84.8100,84.8300,84.7900,84.8200,541600,68.2105
2015-05-21,84.8200,84.8600,84.8100,84.8500,677900,68.2346
2015-05-22,84.8000,84.8200,84.7800,84.7900,530500,68.1863
2015-05-26,84.7600,84.8200,84.7600,84.8000,634000,68.1944
2015-05-27,84.7800,84.8200,84.7700,84.8100,597100,68.2024
2015-05-28,84.8100,84.8600,84.8100,84.8500,888200,68.2346
2015-05-29,84.8400,84.8900,84.8400,84.8700,565900,68.2507
2015-06-01,84.8600,84.8600,84.7600,84.7800,8556400,68.2081
2015-06-02,84.7400,84.7700,84.7400,84.7700,715300,68.2000
2015-06-03,84.7200,84.7400,84.7100,84.7400,1359800,68.1759
2015-06-04,84.7500,84.7700,84.7200,84.7500,934300,68.1839
2015-06-05,84.6300,84.6900,84.6300,84.6700,599300,68.1196
2015-06-08,84.6800,84.7200,84.6800,84.7200,985400,68.1598
2015-06-09,84.7100,84.7100,84.6600,84.6800,1189700,68.1276
2015-06-10,84.6700,84.6700,84.6400,84.6600,817100,68.1115
2015-06-11,84.6600,84.6800,84.6300,84.6800,938600,68.1276
2015-06-12,84.6400,84.6900,84.6400,84.6600,398900,68.1115
2015-06-15,84.7100,84.7300,84.6900,84.7000,542700,68.1437
2015-06-16,84.7000,84.7300,84.7000,84.7300,6452900,68.1678
2015-06-17,84.6800,84.7900,84.5900,84.7900,2940900,68.2160
2015-06-18,84.7700,84.8100,84.7500,84.8100,625900,68.2321
2015-06-19,84.8400,84.8500,84.8200,84.8300,397700,68.2483
2015-06-22,84.8000,84.8000,84.7600,84.7700,438100,68.2000
2015-06-23,84.7200,84.7700,84.7200,84.7500,495300,68.1839
2015-06-24,84.7600,84.7900,84.7300,84.7900,681800,68.2160
2015-06-25,84.7500,84.7800,84.7300,84.7700,461900,68.2000
2015-06-26,84.7200,84.7500,84.7200,84.7200,476600,68.1598
2015-06-29,84.8300,84.8700,84.7900,84.8600,895700,68.2724
2015-06-30,84.8400,84.8900,84.8300,84.8600,3121300,68.2724
2015-07-01,84.7600,84.7800,84.7400,84.7500,11473000,68.2145
2015-07-02,84.8500,84.8800,84.8000,84.8800,2175100,68.3191
2015-07-06,84.9000,84.9200,84.8600,84.9000,1088300,68.3352
2015-07-07,84.9500,84.9800,84.8900,84.8900,2665300,68.3271
2015-07-08,84.9200,84.9900,84.9100,84.9800,1628600,68.3996
2015-07-09,84.9300,84.9400,84.9000,84.9200,1995800,68.3513
2015-07-10,84.8600,84.8800,84.8100,84.8400,1999200,68.2869
2015-07-13,84.7900,84.8000,84.7700,84.8000,856700,68.2547
2015-07-14,84.8200,84.8400,84.8200,84.8400,1062100,68.2869
2015-07-15,84.8200,84.8700,84.7900,84.8700,1068800,68.3111
2015-07-16,84.7700,84.8300,84.7700,84.8300,5841900,68.2788
2015-07-17,84.7800,84.8200,84.7800,84.8100,934900,68.2627
2015-07-20,84.7500,84.7700,84.7400,84.7600,1104900,68.2225
2015-07-21,84.7300,84.8000,84.7300,84.7700,653400,68.2305
2015-07-22,84.7600,84.7700,84.7400,84.7600,760400,68.2225
2015-07-23,84.7100,84.7800,84.7100,84.7700,854200,68.2305
2015-07-24,84.7700,84.8300,84.7600,84.7900,810500,68.2467
2015-07-27,84.8600,84.8700,84.8300,84.8500,4482800,68.2950
2015-07-28,84.8300,84.8500,84.8100,84.8300,2113800,68.2788
2015-07-29,84.8200,84.8500,84.7900,84.8100,1590900,68.2627
2015-07-30,84.7700,84.7900,84.7500,84.7700,581400,68.2305
2015-07-31,84.8600,84.8800,84.8400,84.8600,4190600,68.3030
2015-08-03,84.7900,84.8600,84.7900,84.8500,5562900,68.3255
2015-08-04,84.8000,84.8200,84.7200,84.7200,1228800,68.2208
2015-08-05,84.7100,84.7300,84.6800,84.7300,1825600,68.2289
2015-08-06,84.7400,84.7700,84.7300,84.7500,1132300,68.2450
2015-08-07,84.7000,84.7500,84.6900,84.7100,934300,68.2128
2015-08-10,84.7100,84.7300,84.7000,84.7100,1397700,68.2128
2015-08-11,84.8200,84.8300,84.7900,84.8200,1889400,68.3014
2015-08-12,84.8400,84.8800,84.8000,84.8200,1508300,68.3014
2015-08-13,84.7800,84.8000,84.7400,84.7500,537000,68.2450
2015-08-14,84.7100,84.7500,84.7100,84.7100,837600,68.2128
2015-08-17,84.7500,84.7800,84.7500,84.7600,646700,68.2531
2015-08-18,84.7400,84.7600,84.7200,84.7500,466300,68.2450
2015-08-19,84.7400,84.8400,84.7100,84.8300,960600,68.3094
2015-08-20,84.8400,84.8400,84.8000,84.8000,5879000,68.2853
2015-08-21,84.8500,84.9000,84.8300,84.8900,2062900,68.3577
2015-08-24,85.0500,85.0500,84.8900,84.9300,4491400,68.3899
2015-08-25,84.8900,84.9400,84.8500,84.8900,2708000,68.3577
2015-08-26,84.8700,84.9400,84.8400,84.8400,2519400,68.3174
2015-08-27,84.8400,84.8700,84.8000,84.8500,2985300,68.3255
2015-08-28,84.8700,84.8800,84.7800,84.8100,1683200,68.2933
2015-08-31,84.8100,84.8400,84.7700,84.7800,7294500,68.2692
2015-09-01,84.7800,84.8000,84.7500,84.7700,6317000,68.2933
2015-09-02,84.7900,84.8000,84.7500,84.7900,5691300,68.3094
2015-09-03,84.8300,84.8300,84.7800,84.7900,2627800,68.3094
2015-09-04,84.8100,84.8400,84.7800,84.8000,1393900,68.3175
2015-09-08,84.7600,84.7800,84.7500,84.7700,3251500,68.2933
2015-09-09,84.7200,84.7700,84.7200,84.7500,1721000,68.2772
2015-09-10,84.7700,84.7800,84.7500,84.7800,1004100,68.3014
2015-09-11,84.7800,84.8200,84.7800,84.8100,539600,68.3255
2015-09-14,84.8100,84.8300,84.7900,84.7900,1649100,68.3094
2015-09-15,84.7800,84.7800,84.6700,84.6700,2200100,68.2128
2015-09-16,84.6800,84.7300,84.6600,84.6600,1454200,68.2047
2015-09-17,84.6600,84.8700,84.6600,84.8500,1268200,68.3578
2015-09-18,84.8500,84.8900,84.8500,84.8900,1424900,68.3900
2015-09-21,84.8400,84.8500,84.8200,84.8400,1668200,68.3497
2015-09-22,84.8800,84.9000,84.8600,84.8900,834300,68.3900
2015-09-23,84.8700,84.9000,84.8400,84.8600,1659800,68.3659
2015-09-24,84.8900,84.9500,84.8900,84.9100,1480700,68.4061
2015-09-25,84.9000,84.9200,84.8500,84.8700,1115900,68.3739
2015-09-28,84.9000,84.9400,84.8800,84.9300,2572000,68.4222
2015-09-29,84.9500,84.9900,84.9300,84.9700,1896600,68.4545
2015-09-30,84.9500,85.0000,84.9500,84.9900,9534800,68.4706
2015-10-01,84.9500,84.9800,84.9200,84.9500,5262900,68.4706
2015-10-02,85.1000,85.1200,85.0500,85.0700,1668700,68.5673
2015-10-05,85.0500,85.0500,84.9800,85.0100,5500700,68.5189
2015-10-06,84.9700,85.0200,84.9700,85.0000,1519100,68.5109
2015-10-07,84.9800,84.9900,84.9500,84.9800,3660700,68.4947
2015-10-08,84.9400,85.0000,84.9400,84.9600,1793100,68.4786
2015-10-09,84.9300,84.9600,84.9200,84.9600,1107700,68.4786
2015-10-12,84.9000,84.9800,84.9000,84.9400,1486900,68.4625
2015-10-13,84.9600,84.9800,84.9500,84.9700,1071300,68.4867
2015-10-14,85.0800,85.1000,85.0300,85.0900,3419100,68.5834
2015-10-15,85.0200,85.0500,85.0100,85.0400,1586000,68.5431
2015-10-16,85.0100,85.0300,85.0000,85.0000,942500,68.5109
2015-10-19,85.0100,85.0300,84.9900,85.0300,1434900,68.5350
2015-10-20,84.9700,84.9800,84.9600,84.9800,1029400,68.4947
2015-10-21,84.9800,85.0300,84.9700,85.0100,11122200,68.5189
2015-10-22,85.0100,85.0600,85.0100,85.0400,2382400,68.5431
2015-10-23,84.9800,85.0100,84.9500,84.9700,5657200,68.4867
2015-10-26,84.9700,84.9900,84.9600,84.9700,5901700,68.4867
2015-10-27,85.0000,85.0300,85.0000,85.0000,1024600,68.5109
2015-10-28,84.9800,85.0000,84.8500,84.8900,1658900,68.4222
2015-10-29,84.8400,84.8600,84.8300,84.8300,1526500,68.3739
2015-10-30,84.8300,84.8500,84.8200,84.8300,3242400,68.3739
2015-11-02,84.7100,84.7800,84.7100,84.7400,14599400,68.3343
2015-11-03,84.7200,84.7400,84.7100,84.7300,3643500,68.3262
2015-11-04,84.7000,84.7300,84.6400,84.6400,2120500,68.2537
2015-11-05,84.6400,84.6600,84.6100,84.6400,2775300,68.2537
2015-11-06,84.5600,84.5800,84.5400,84.5600,1832700,68.1892
2015-11-09,84.5400,84.5600,84.5300,84.5400,1619900,68.1731
2015-11-10,84.5800,84.6100,84.5500,84.5800,2139300,68.2053
2015-11-11,84.6200,84.6400,84.5600,84.5600,6885500,68.1892
2015-11-12,84.5800,84.6200,84.5800,84.5900,5866500,68.2134
2015-11-13,84.6000,84.6600,84.6000,84.6600,771100,68.2698
2015-11-16,84.6600,84.6800,84.6400,84.6600,1835200,68.2698
2015-11-17,84.5900,84.6600,84.5800,84.6300,4707700,68.2456
2015-11-18,84.6200,84.6400,84.5800,84.6000,1803400,68.2214
2015-11-19,84.6200,84.6300,84.5800,84.5800,1707300,68.2053
2015-11-20,84.5900,84.6200,84.5700,84.5800,798800,68.2053
2015-11-23,84.5400,84.5800,84.5400,84.5700,936600,68.1973
2015-11-24,84.5800,84.5900,84.5600,84.5700,1024300,68.1973
2015-11-25,84.5800,84.5900,84.5500,84.5800,3067800,68.2053
2015-11-27,84.5800,84.6100,84.5800,84.6000,429600,68.2214
2015-11-30,84.5800,84.5900,84.5600,84.5700,1469300,68.1973
2015-12-01,84.5100,84.6000,84.5100,84.5800,4410600,68.2384
2015-12-02,84.5400,84.5400,84.5000,84.5100,1008700,68.1819
2015-12-03,84.5100,84.5100,84.4300,84.5100,4856400,68.1819
2015-12-04,84.5400,84.5700,84.5100,84.5300,4440400,68.1981
2015-12-07,84.5200,84.5400,84.5100,84.5200,2025600,68.1900
2015-12-08,84.5300,84.5400,84.4900,84.5100,1043000,68.1819
2015-12-09,84.5000,84.5500,84.4700,84.5400,3642800,68.2061
2015-12-10,84.5200,84.5300,84.4800,84.4900,963000,68.1658
2015-12-11,84.5400,84.6200,84.5300,84.5900,1073800,68.2465
2015-12-14,84.5200,84.5500,84.4800,84.4900,1757400,68.1658
2015-12-15,84.4500,84.4800,84.4400,84.4800,1052100,68.1577
2015-12-16,84.4400,84.4600,84.3100,84.4100,1241600,68.1013
2015-12-17,84.4000,84.4500,84.4000,84.4100,1777400,68.1013
2015-12-18,84.4800,84.5200,84.4600,84.5200,1494800,68.1900
2015-12-21,84.5200,84.5200,84.4900,84.5100,3037200,68.1819
2015-12-22,84.4900,84.5100,84.4600,84.4900,1234700,68.1658
2015-12-23,84.4900,84.5000,84.4400,84.4600,2785800,68.1416
2015-12-24,84.4400,84.4500,84.4100,84.4500,564600,68.1683
2015-12-28,84.4000,84.4200,84.3900,84.4000,1096700,68.1279
2015-12-29,84.3600,84.4000,84.3500,84.3800,1085100,68.1117
2015-12-30,84.3600,84.4000,84.3400,84.4000,4797000,68.1279
2015-12-31,84.4300,84.4400,84.3600,84.3600,2466200,68.0956
2016-01-04,84.4800,84.4900,84.4400,84.4700,7548000,68.1844
2016-01-05,84.4400,84.4600,84.4100,84.4200,2472200,68.1440
2016-01-06,84.4800,84.5000,84.4500,84.4700,2409900,68.1844
2016-01-07,84.5300,84.5400,84.4700,84.5000,2702800,68.2086
2016-01-08,84.5300,84.5800,84.5000,84.5600,7139900,68.2570
2016-01-11,84.5400,84.6100,84.5200,84.5900,3557700,68.2812
2016-01-12,84.5400,84.6300,84.5300,84.6000,1275600,68.2893
2016-01-13,84.5900,84.6500,84.5700,84.6500,1820800,68.3297
2016-01-14,84.6500,84.6700,84.6200,84.6700,1297400,68.3458
2016-01-15,84.7300,84.7800,84.7100,84.7400,2136000,68.4023
2016-01-19,84.7200,84.7500,84.7000,84.7300,5109900,68.3942
2016-01-20,84.7800,84.8400,84.7700,84.7900,2140400,68.4427
2016-01-21,84.8100,84.8200,84.7600,84.7800,2326500,68.4346
2016-01-22,84.7100,84.7500,84.7000,84.7500,3184900,68.4104
2016-01-25,84.7300,84.7700,84.7300,84.7500,1800100,68.4104
2016-01-26,84.7500,84.8000,84.7400,84.7900,1176800,68.4427
2016-01-27,84.7400,84.8100,84.7200,84.8100,1742300,68.4588
2016-01-28,84.8000,84.8400,84.7800,84.8100,1272200,68.4588
2016-01-29,84.9000,84.9100,84.8600,84.9100,1521400,68.5396
2016-02-01,84.8400,84.8400,84.8000,84.8200,5665300,68.5032
2016-02-02,84.8600,84.9300,84.8600,84.9300,2528200,68.5920
2016-02-03,84.9100,85.0200,84.9100,84.9500,1962400,68.6082
2016-02-04,84.9500,84.9800,84.9500,84.9700,1305700,68.6244
2016-02-05,84.9100,84.9700,84.9000,84.9500,1294800,68.6082
2016-02-08,85.0100,85.0700,84.9900,85.0500,1467700,68.6889
2016-02-09,85.0800,85.0800,85.0000,85.0200,1919200,68.6647
2016-02-10,84.9500,85.0300,84.9500,85.0200,1061200,68.6647
2016-02-11,85.1500,85.1800,85.0800,85.1000,1814400,68.7293
2016-02-12,85.0600,85.0800,84.9900,85.0000,1194000,68.6486
2016-02-16,84.9900,85.0000,84.9500,84.9500,2545900,68.6082
2016-02-17,84.9200,84.9700,84.9100,84.9700,1999400,68.6244
2016-02-18,84.9400,85.0400,84.9400,85.0400,859100,68.6809
2016-02-19,84.9800,85.0100,84.9600,84.9600,975400,68.6163
2016-02-22,84.9300,84.9700,84.9300,84.9700,1101600,68.6244
2016-02-23,84.9600,85.0000,84.9400,84.9800,1227700,68.6324
2016-02-24,85.0200,85.0800,84.9800,85.0000,1066800,68.6486
2016-02-25,85.0100,85.0400,85.0000,85.0200,1526500,68.6647
2016-02-26,84.9600,84.9700,84.8900,84.9100,1891100,68.5759
2016-02-29,84.8800,84.9600,84.8800,84.9600,2634200,68.6163
2016-03-01,84.9200,84.9200,84.7900,84.8000,4584800,68.5250
2016-03-02,84.7700,84.8000,84.7500,84.7900,2652000,68.5169
2016-03-03,84.7800,84.8200,84.7700,84.8200,5601100,68.5411
2016-03-04,84.7700,84.8100,84.7400,84.7600,1532600,68.4926
2016-03-07,84.7200,84.7400,84.7000,84.7000,1990800,68.4441
2016-03-08,84.7600,84.8000,84.7500,84.7600,2878900,68.4926
2016-03-09,84.7500,84.7600,84.7300,84.7300,1284400,68.4684
2016-03-10,84.7000,84.7300,84.6800,84.7200,2227500,68.4603
2016-03-11,84.6800,84.6800,84.6300,84.6400,4112200,68.3957
2016-03-14,84.6700,84.6700,84.6400,84.6400,1875500,68.3957
2016-03-15,84.6800,84.7000,84.6300,84.6700,1508600,68.4199
2016-03-16,84.5900,84.8400,84.5500,84.8400,5972100,68.5573
2016-03-17,84.8000,84.8300,84.7700,84.8300,1677000,68.5492
2016-03-18,84.8500,84.8800,84.8300,84.8500,3010000,68.5654
2016-03-21,84.8300,84.8400,84.8000,84.8400,1892100,68.5573
2016-03-22,84.8500,84.8600,84.7700,84.7900,1899800,68.5169
2016-03-23,84.7900,84.8600,84.7800,84.8400,1357600,68.5573
2016-03-24,84.8500,84.8500,84.7900,84.8000,859800,68.5250
2016-03-28,84.8200,84.8600,84.8200,84.8200,2820600,68.5411
2016-03-29,84.8500,84.9800,84.8500,84.9800,1219700,68.6704
2016-03-30,84.9700,85.0000,84.9300,84.9900,1307600,68.6785
2016-03-31,85.0200,85.0600,84.9900,85.0300,1555000,68.7108
2016-04-01,84.9300,84.9700,84.9100,84.9300,5307200,68.6712
2016-04-04,84.9500,84.9900,84.9300,84.9900,2863500,68.7197
2016-04-05,85.0000,85.0200,84.9800,85.0200,4655000,68.7440
2016-04-06,85.0100,85.0100,84.9500,84.9900,1029200,68.7197
2016-04-07,85.0100,85.0600,85.0000,85.0400,1475200,68.7601
2016-04-08,85.0100,85.0500,85.0100,85.0400,594300,68.7601
2016-04-11,85.0200,85.0600,85.0100,85.0300,851100,68.7521
2016-04-12,85.0100,85.0200,85.0000,85.0100,524900,68.7359
2016-04-13,84.9900,84.9900,84.9600,84.9700,1365800,68.7035
2016-04-14,84.9800,84.9900,84.9500,84.9700,1103500,68.7035
2016-04-15,84.9800,85.0300,84.9800,85.0300,825600,68.7521
2016-04-18,85.0100,85.0300,85.0000,85.0200,870900,68.7440
2016-04-19,85.0200,85.0200,84.9700,84.9900,1508400,68.7197
2016-04-20,85.0100,85.0100,84.9200,84.9300,1080700,68.6712
2016-04-21,84.9000,84.9500,84.9000,84.9100,1599900,68.6550
2016-04-22,84.9100,84.9200,84.9000,84.9100,2593200,68.6550
2016-04-25,84.9000,84.9300,84.8900,84.8900,1512900,68.6388
2016-04-26,84.8900,84.9000,84.8600,84.8700,969300,68.6227
2016-04-27,84.9000,84.9300,84.8200,84.9300,748300,68.6712
2016-04-28,84.9400,85.0100,84.9300,84.9800,694300,68.7116
2016-04-29,84.9700,85.0300,84.9600,85.0100,1609600,68.7359
2016-05-02,84.9400,84.9600,84.9200,84.9300,1017800,68.7107
2016-05-03,85.0300,85.0300,84.9800,85.0200,3788100,68.7836
2016-05-04,85.0300,85.0300,84.9700,85.0100,1621100,68.7755
2016-05-05,85.0300,85.0700,84.9800,85.0400,556900,68.7997
2016-05-06,85.0900,85.1000,85.0200,85.0200,1117600,68.7836
2016-05-09,85.0800,85.0900,85.0500,85.0600,610000,68.8160
2016-05-10,85.0700,85.0800,85.0400,85.0800,2854800,68.8321
2016-05-11,85.0600,85.0800,85.0400,85.0500,1607400,68.8079
2016-05-12,85.0300,85.0400,85.0000,85.0000,562700,68.7674
2016-05-13,84.9900,85.0300,84.9800,85.0100,1115000,68.7755
2016-05-16,85.0000,85.0000,84.9500,84.9700,600800,68.7432
2016-05-17,84.9500,84.9700,84.9100,84.9400,819500,68.7189
2016-05-18,84.8600,84.9000,84.7800,84.7900,3690500,68.5975
2016-05-19,84.8100,84.8500,84.8100,84.8100,1619600,68.6137
2016-05-20,84.8100,84.8500,84.8000,84.8400,1942600,68.6380
2016-05-23,84.7900,84.8300,84.7900,84.8300,654700,68.6299
2016-05-24,84.8000,84.8100,84.7600,84.7700,778200,68.5813
2016-05-25,84.8000,84.8200,84.7700,84.8200,5242400,68.6218
2016-05-26,84.8500,84.8900,84.8300,84.8700,1253100,68.6623
2016-05-27,84.8700,84.9000,84.7900,84.8200,696200,68.6218
2016-05-31,84.7800,84.8900,84.7800,84.8600,1368300,68.6541
2016-06-01,84.8100,84.8400,84.7500,84.7500,1484500,68.6064
2016-06-02,84.7800,84.8200,84.7800,84.8200,4565800,68.6630
2016-06-03,84.9700,84.9900,84.9500,84.9600,1874900,68.7764
2016-06-06,84.9500,84.9800,84.9100,84.9400,672100,68.7602
2016-06-07,84.9600,84.9900,84.9500,84.9600,624800,68.7764
2016-06-08,84.9500,84.9900,84.9500,84.9800,906600,68.7926
2016-06-09,85.0200,85.0200,84.9800,85.0000,794400,68.8088
2016-06-10,85.0100,85.0700,85.0100,85.0500,425100,68.8493
2016-06-13,85.0800,85.1100,85.0700,85.0700,610500,68.8654
2016-06-14,85.1300,85.1300,85.0700,85.0800,990200,68.8735
2016-06-15,85.0700,85.3200,85.0700,85.1800,785700,68.9545
2016-06-16,85.1800,85.2100,85.1200,85.1300,1129500,68.9140
2016-06-17,85.1400,85.1600,85.1100,85.1400,1574700,68.9221
2016-06-20,85.0800,85.1000,85.0500,85.0900,1698800,68.8816
2016-06-21,85.0700,85.1000,85.0300,85.0300,919100,68.8330
2016-06-22,85.0700,85.0800,85.0400,85.0600,1740300,68.8573
2016-06-23,85.0300,85.0500,85.0000,85.0300,2302800,68.8330
2016-06-24,85.2800,85.3000,85.2000,85.2300,2321800,68.9950
2016-06-27,85.3000,85.3500,85.2800,85.2800,1166100,69.0355
2016-06-28,85.2700,85.3100,85.2600,85.3100,1590900,69.0597
2016-06-29,85.2500,85.2900,85.2500,85.2800,838800,69.0355
2016-06-30,85.2900,85.3400,85.2600,85.3200,2284000,69.0678
2016-07-01,85.3300,85.3300,85.2500,85.3000,3690200,69.0921
2016-07-05,85.3100,85.3500,85.2900,85.3400,1974600,69.1245
2016-07-06,85.3100,85.3400,85.2800,85.3000,5742300,69.0921
2016-07-07,85.2700,85.3000,85.2400,85.2600,1094600,69.0598
2016-07-08,85.2400,85.2700,85.2000,85.2600,1157600,69.0598
2016-07-11,85.2100,85.2300,85.1700,85.1700,1619200,68.9868
2016-07-12,85.1700,85.1700,85.1100,85.1400,5990100,68.9625
2016-07-13,85.1700,85.1800,85.1400,85.1600,836600,68.9787
2016-07-14,85.1000,85.1500,85.0900,85.1100,638500,68.9382
2016-07-15,85.1000,85.1000,85.0600,85.0700,1532100,68.9058
2016-07-18,85.1100,85.1300,85.0900,85.1200,867800,68.9463
2016-07-19,85.1100,85.1300,85.1000,85.1300,739400,68.9544
2016-07-20,85.0900,85.1100,85.0700,85.0900,627500,68.9220
2016-07-21,85.0800,85.1500,85.0700,85.1500,465500,68.9706
2016-07-22,85.1100,85.1400,85.1000,85.1200,382700,68.9463
2016-07-25,85.1000,85.1100,85.0600,85.0600,803500,68.8977
2016-07-26,85.0900,85.0900,85.0400,85.0700,1348500,68.9058
2016-07-27,85.0700,85.1300,85.0500,85.1300,657400,68.9544
2016-07-28,85.1200,85.1500,85.1000,85.1200,913700,68.9463
2016-07-29,85.1800,85.2300,85.1700,85.2300,1041500,69.0355
2016-08-01,85.1100,85.1500,85.1100,85.1500,3053400,69.0119
2016-08-02,85.1100,85.1600,85.0900,85.1200,967700,68.9876
2016-08-03,85.1500,85.1600,85.1000,85.1300,3365300,68.9957
2016-08-04,85.1700,85.2000,85.1600,85.1900,610500,69.0443
2016-08-05,85.1200,85.1200,85.0500,85.0700,1170900,68.9471
2016-08-08,85.0400,85.0700,85.0200,85.0400,2576800,68.9227
2016-08-09,85.0600,85.0900,85.0300,85.0900,2337300,68.9633
2016-08-10,85.1100,85.1300,85.0900,85.1300,971900,68.9957
2016-08-11,85.1300,85.1300,85.0200,85.0500,929600,68.9309
2016-08-12,85.1400,85.1500,85.0900,85.1100,584100,68.9795
2016-08-15,85.0800,85.1000,85.0600,85.0900,873200,68.9633
2016-08-16,85.0500,85.0700,85.0300,85.0600,774400,68.9390
2016-08-17,85.0300,85.1000,85.0100,85.0600,1221300,68.9390
2016-08-18,85.0700,85.1200,85.0400,85.1200,696500,68.9876
2016-08-19,85.0600,85.0800,85.0300,85.0400,590000,68.9227
2016-08-22,85.0700,85.0800,85.0500,85.0500,480000,68.9309
2016-08-23,85.0500,85.0800,85.0400,85.0600,455200,68.9390
2016-08-24,85.0800,85.0800,85.0400,85.0400,466400,68.9227
2016-08-25,85.0400,85.0400,85.0000,85.0100,547300,68.8985
2016-08-26,85.0200,85.0700,84.9300,84.9300,709800,68.8336
2016-08-29,84.9300,85.0000,84.9300,84.9800,473600,68.8742
2016-08-30,84.9900,85.0100,84.9700,84.9900,480400,68.8822
2016-08-31,85.0000,85.0300,84.9800,84.9800,937400,68.8742
2016-09-01,84.9100,84.9800,84.8900,84.9700,1191600,68.9066
2016-09-02,84.9800,84.9900,84.9300,84.9700,726100,68.9066
2016-09-06,84.9600,85.0800,84.9500,85.0300,1335800,68.9552
2016-09-07,85.0600,85.0800,85.0300,85.0300,1049300,68.9552
2016-09-08,85.0200,85.0400,84.9700,84.9700,614200,68.9066
2016-09-09,84.9500,84.9800,84.9300,84.9400,2727300,68.8822
2016-09-12,84.9500,85.0100,84.9400,84.9700,2123600,68.9066
2016-09-13,84.9900,85.0000,84.9100,84.9400,1108600,68.8822
2016-09-14,84.9600,85.0200,84.9600,84.9900,1632600,68.9228
2016-09-15,85.0100,85.0800,84.9900,85.0600,10599200,68.9796
2016-09-16,85.0200,85.0500,85.0000,85.0200,846200,68.9471
2016-09-19,85.0000,85.0200,84.9900,85.0000,657700,68.9309
2016-09-20,85.0000,85.0100,84.9800,84.9800,984300,68.9146
2016-09-21,84.9600,85.0000,84.9100,85.0000,816300,68.9309
2016-09-22,84.9900,85.0200,84.9700,84.9800,759500,68.9146
2016-09-23,85.0000,85.0300,84.9800,85.0300,7016900,68.9552
2016-09-26,85.0500,85.0900,85.0400,85.0800,786300,68.9958
2016-09-27,85.1100,85.1100,85.0600,85.0900,645300,69.0039
2016-09-28,85.0700,85.0900,85.0600,85.0800,1017300,68.9958
2016-09-29,85.0500,85.1100,85.0300,85.1100,1164000,69.0201
2016-09-30,85.1000,85.1100,85.0400,85.0400,1380000,68.9633
2016-10-03,84.9900,84.9900,84.9500,84.9800,1646500,68.9545
2016-10-04,84.9500,84.9500,84.9000,84.9100,933100,68.8976
2016-10-05,84.9400,84.9400,84.8600,84.8600,1644000,68.8571
2016-10-06,84.8600,84.9100,84.8500,84.8600,679500,68.8571
2016-10-07,84.8800,84.9100,84.8600,84.8900,809000,68.8813
2016-10-10,84.8600,84.8700,84.8300,84.8500,924000,68.8489
2016-10-11,84.8200,84.8500,84.8200,84.8400,1259100,68.8408
2016-10-12,84.8300,84.8400,84.8000,84.8400,1311100,68.8408
2016-10-13,84.8600,84.8900,84.8400,84.8700,5123300,68.8651
2016-10-14,84.8700,84.9000,84.8500,84.8500,1481100,68.8489
2016-10-17,84.9000,84.9300,84.8900,84.9200,3860400,68.9057
2016-10-18,84.9200,84.9500,84.8800,84.9500,2067400,68.9301
2016-10-19,84.9300,84.9600,84.9200,84.9500,643300,68.9301
2016-10-20,84.9500,84.9500,84.9000,84.9100,2593200,68.8976
2016-10-21,84.9300,84.9400,84.9000,84.9300,1041900,68.9138
2016-10-24,84.9200,84.9300,84.8800,84.9000,582600,68.8895
2016-10-25,84.8900,84.9200,84.8700,84.9000,3762400,68.8895
2016-10-26,84.8800,84.8900,84.8600,84.8700,517000,68.8651
2016-10-27,84.8700,84.8900,84.8400,84.8900,724800,68.8813
2016-10-28,84.8600,84.9300,84.8600,84.8900,1229300,68.8813
2016-10-31,84.9200,84.9500,84.9200,84.9500,1346300,68.9301
2016-11-01,84.8700,84.9400,84.8600,84.9000,8239600,68.9309
2016-11-02,84.9300,84.9700,84.9100,84.9500,1516600,68.9715
2016-11-03,84.9200,84.9600,84.9200,84.9600,2616600,68.9796
2016-11-04,84.9500,85.0000,84.9400,84.9900,2108300,69.0039
2016-11-07,84.9300,84.9600,84.9200,84.9600,2698400,68.9796
2016-11-08,84.9300,84.9400,84.8600,84.8700,1944600,68.9065
2016-11-09,84.8900,84.9100,84.7600,84.7600,1784100,68.8172
2016-11-10,84.7900,84.8400,84.7300,84.7300,1927100,68.7929
2016-11-11,84.7500,84.7700,84.7000,84.7300,3405000,68.7929
2016-11-14,84.6400,84.6900,84.6000,84.6000,18305000,68.6873
2016-11-15,84.6000,84.6300,84.5900,84.6300,2080800,68.7117
2016-11-16,84.6100,84.6400,84.5800,84.6200,1007900,68.7036
2016-11-17,84.6200,84.6300,84.5900,84.6100,1145600,68.6954
2016-11-18,84.5900,84.6100,84.5300,84.5600,2044500,68.6548
2016-11-21,84.5500,84.5800,84.5100,84.5500,889300,68.6467
2016-11-22,84.5300,84.5800,84.5200,84.5300,2122600,68.6305
2016-11-23,84.4700,84.5200,84.4500,84.4800,1433600,68.5899
2016-11-25,84.4700,84.5100,84.4600,84.4700,347400,68.5818
2016-11-28,84.4900,84.5500,84.4900,84.5200,1131300,68.6223
2016-11-29,84.5000,84.5700,84.5000,84.5300,1232600,68.6305
2016-11-30,84.5000,84.5400,84.5000,84.5000,1449700,68.6061
2016-12-01,84.4000,84.4500,84.3800,84.4100,6249100,68.5736
2016-12-02,84.4900,84.5200,84.4700,84.5000,2449000,68.6468
2016-12-05,84.4700,84.5200,84.4400,84.5000,1785700,68.6468
2016-12-06,84.5100,84.5100,84.4700,84.4800,1325500,68.6305
2016-12-07,84.5200,84.5300,84.5000,84.5100,1282700,68.6548
2016-12-08,84.4800,84.5200,84.4800,84.5000,1272500,68.6468
2016-12-09,84.5200,84.5200,84.4600,84.4900,1321200,68.6386
2016-12-12,84.4600,84.4900,84.4500,84.4600,931300,68.6143
2016-12-13,84.4600,84.4600,84.4100,84.4500,1926700,68.6061
2016-12-14,84.4500,84.4600,84.2500,84.2900,1157600,68.4761
2016-12-15,84.2500,84.2900,84.2300,84.2500,1355800,68.4436
2016-12-16,84.2700,84.3300,84.2600,84.2900,937900,68.4761
2016-12-19,84.3100,84.3500,84.3100,84.3300,1258800,68.5086
2016-12-20,84.2900,84.3500,84.2800,84.3400,1089800,68.5167
2016-12-21,84.3500,84.3800,84.3400,84.3800,1657900,68.5493
2016-12-22,84.3100,84.3400,84.3000,84.3400,1388100,68.5663
2016-12-23,84.3400,84.3400,84.3200,84.3400,1058500,68.5663
2016-12-27,84.2900,84.3100,84.2800,84.3000,893600,68.5338
2016-12-28,84.3000,84.3500,84.2800,84.3300,1312300,68.5582
2016-12-29,84.3600,84.4200,84.3500,84.4200,1274800,68.6314
2016-12-30,84.4300,84.4600,84.4200,84.4500,1214600,68.6558
2017-01-03,84.3700,84.4100,84.3500,84.3800,4196100,68.5988
2017-01-04,84.3500,84.4000,84.3500,84.4000,2182500,68.6151
2017-01-05,84.4100,84.4900,84.4000,84.4600,1614200,68.6639
2017-01-06,84.4100,84.4300,84.3800,84.3900,919000,68.6070
2017-01-09,84.4300,84.4600,84.4200,84.4600,1014100,68.6639
2017-01-10,84.4400,84.4600,84.4300,84.4300,1125800,68.6395
2017-01-11,84.4700,84.5000,84.4200,84.4700,1166800,68.6720
2017-01-12,84.5000,84.5100,84.4600,84.5000,820900,68.6964
2017-01-13,84.4600,84.4600,84.3900,84.4600,1436300,68.6639
2017-01-17,84.5300,84.5500,84.5000,84.5200,1326600,68.7127
2017-01-18,84.4900,84.5200,84.4200,84.4400,996100,68.6476
2017-01-19,84.3900,84.4400,84.3900,84.4100,963500,68.6232
2017-01-20,84.4200,84.5000,84.4200,84.4600,1134400,68.6639
2017-01-23,84.5200,84.5700,84.4900,84.5400,1546900,68.7289
2017-01-24,84.5300,84.5300,84.4800,84.4900,5300100,68.6882
2017-01-25,84.4800,84.4800,84.4400,84.4700,1454500,68.6720
2017-01-26,84.4600,84.5000,84.4400,84.4800,1658000,68.6801
2017-01-27,84.4900,84.5300,84.4900,84.5200,1184700,68.7127
2017-01-30,84.5200,84.5400,84.5000,84.5200,1381300,68.7127
2017-01-31,84.5100,84.5700,84.5100,84.5400,1207800,68.7289
2017-02-01,84.4100,84.5000,84.3800,84.4600,2079600,68.7053
2017-02-02,84.4800,84.5100,84.4700,84.4900,1341800,68.7297
2017-02-03,84.5200,84.5500,84.4600,84.4600,1433300,68.7053
2017-02-06,84.5300,84.5700,84.5200,84.5500,1663400,68.7785
2017-02-07,84.5600,84.5800,84.5300,84.5300,730000,68.7623
2017-02-08,84.5700,84.6100,84.5500,84.6100,1197000,68.8273
2017-02-09,84.5800,84.5900,84.5200,84.5400,1149800,68.7704
2017-02-10,84.5100,84.5500,84.5100,84.5300,968400,68.7623
2017-02-13,84.5000,84.5200,84.4900,84.5100,666000,68.7460
2017-02-14,84.4900,84.5100,84.4300,84.4500,781100,68.6972
2017-02-15,84.4000,84.4400,84.3900,84.4200,963900,68.6728
2017-02-16,84.4500,84.5000,84.4300,84.4600,1933700,68.7053
2017-02-17,84.5300,84.5400,84.5000,84.5200,986600,68.7541
2017-02-21,84.5100,84.5300,84.4900,84.5300,840400,68.7623
2017-02-22,84.5500,84.5700,84.4900,84.5500,695300,68.7785
2017-02-23,84.5700,84.6000,84.5700,84.5900,1517100,68.8111
2017-02-24,84.6200,84.6700,84.6200,84.6300,587700,68.8436
2017-02-27,84.6400,84.6400,84.5500,84.5600,1030700,68.7867
2017-02-28,84.5700,84.6000,84.5200,84.5200,1043500,68.7541
2017-03-01,84.3700,84.4000,84.3600,84.4000,1541500,68.7005
2017-03-02,84.3500,84.3600,84.2900,84.3100,930300,68.6272
2017-03-03,84.3200,84.3600,84.3000,84.3300,1569200,68.6435
2017-03-06,84.3400,84.3600,84.3300,84.3500,684600,68.6597
2017-03-07,84.3300,84.3400,84.3000,84.3200,652600,68.6353
2017-03-08,84.2500,84.2900,84.2400,84.2500,862700,68.5783
2017-03-09,84.2600,84.2700,84.2300,84.2400,862900,68.5701
2017-03-10,84.2600,84.2900,84.2500,84.2900,784400,68.6109
2017-03-13,84.2800,84.2900,84.2500,84.2500,884100,68.5783
2017-03-14,84.2400,84.2900,84.2400,84.2400,966000,68.5701
2017-03-15,84.2600,84.4100,84.2400,84.4000,1102800,68.7005
2017-03-16,84.3500,84.3900,84.3400,84.3400,925700,68.6516
2017-03-17,84.3800,84.4100,84.3600,84.3800,657800,68.6841
2017-03-20,84.4000,84.4300,84.3800,84.4300,778000,68.7248
2017-03-21,84.4200,84.4800,84.4100,84.4700,739000,68.7574
2017-03-22,84.5100,84.5300,84.4900,84.4900,1028600,68.7737
2017-03-23,84.5100,84.5300,84.4600,84.4900,868200,68.7737
2017-03-24,84.4800,84.5200,84.4700,84.4900,1119700,68.7737
2017-03-27,84.5400,84.5700,84.5100,84.5200,943400,68.7981
2017-03-28,84.5400,84.5500,84.4600,84.4800,782600,68.7655
2017-03-29,84.5000,84.5300,84.5000,84.5300,1043900,68.8063
2017-03-30,84.5000,84.5300,84.4900,84.5100,576900,68.7899
2017-03-31,84.5300,84.5600,84.5200,84.5200,949900,68.7981
2017-04-03,84.4800,84.5400,84.4800,84.5400,2146600,68.8617
2017-04-04,84.5200,84.5200,84.4900,84.5100,927100,68.8372
2017-04-05,84.5000,84.5400,84.4700,84.5100,1177000,68.8372
2017-04-06,84.5000,84.5300,84.4900,84.5300,500800,68.8535
2017-04-07,84.5100,84.5400,84.4200,84.4200,504000,68.7639
2017-04-10,84.4500,84.4900,84.4400,84.4600,605700,68.7965
2017-04-11,84.5000,84.5700,84.5000,84.5400,560800,68.8617
2017-04-12,84.5600,84.6000,84.5300,84.6000,576200,68.9105
2017-04-13,84.5900,84.6400,84.5800,84.6400,969900,68.9431
2017-04-17,84.6300,84.6500,84.6100,84.6300,727700,68.9350
2017-04-18,84.6500,84.7000,84.6500,84.7000,905300,68.9920
2017-04-19,84.6700,84.6900,84.6500,84.6600,968300,68.9594
2017-04-20,84.6400,84.6700,84.6300,84.6500,668300,68.9512
2017-04-21,84.6700,84.7000,84.6600,84.6900,589800,68.9838
2017-04-24,84.5900,84.6200,84.5700,84.6000,1001600,68.9105
2017-04-25,84.5600,84.5700,84.5200,84.5200,905900,68.8454
2017-04-26,84.5500,84.5700,84.5200,84.5500,594300,68.8697
2017-04-27,84.5600,84.6200,84.5600,84.5800,785200,68.8942
2017-04-28,84.5700,84.6200,84.5600,84.6200,1708200,68.9268
2017-05-01,84.5200,84.5500,84.4900,84.5000,2918600,68.8795
2017-05-02,84.5000,84.5500,84.5000,84.5300,982500,68.9040
2017-05-03,84.5300,84.5300,84.4700,84.4700,923400,68.8551
2017-05-04,84.4500,84.4800,84.4400,84.4600,817400,68.8469
2017-05-05,84.4600,84.4900,84.4500,84.4900,615200,68.8713
2017-05-08,84.4700,84.4700,84.4300,84.4500,633500,68.8388
2017-05-09,84.4200,84.4400,84.4000,84.4100,802100,68.8062
2017-05-10,84.4500,84.4500,84.4100,84.4300,665700,68.8224
2017-05-11,84.3900,84.4600,84.3900,84.4400,545700,68.8306
2017-05-12,84.5000,84.5500,84.5000,84.5400,470500,68.9121
2017-05-15,84.5100,84.5400,84.5100,84.5300,751400,68.9040
2017-05-16,84.5200,84.5500,84.5000,84.5300,611900,68.9040
2017-05-17,84.5900,84.6400,84.5800,84.6200,663200,68.9773
2017-05-18,84.6200,84.6200,84.5800,84.5800,829100,68.9447
2017-05-19,84.6100,84.6100,84.5600,84.6000,503800,68.9610
2017-05-22,84.5800,84.5900,84.5700,84.5700,478000,68.9366
2017-05-23,84.5800,84.6000,84.5100,84.5400,1060200,68.9121
2017-05-24,84.5500,84.5900,84.5200,84.5900,1055200,68.9529
2017-05-25,84.5700,84.6000,84.5700,84.5900,644300,68.9529
2017-05-26,84.5900,84.6000,84.5700,84.5800,482100,68.9447
2017-05-30,84.6000,84.6100,84.5900,84.6100,486600,68.9692
2017-05-31,84.6200,84.6300,84.6000,84.6200,1043200,68.9773
2017-06-01,84.5000,84.5400,84.5000,84.5400,1191800,68.9643
2017-06-02,84.5700,84.6000,84.5600,84.6000,1068700,69.0132
2017-06-05,84.5500,84.5500,84.5300,84.5300,661500,68.9561
2017-06-06,84.5700,84.5800,84.5500,84.5600,688000,68.9806
2017-06-07,84.5300,84.5500,84.5200,84.5300,765900,68.9561
2017-06-08,84.5100,84.5300,84.5000,84.5100,2621000,68.9398
2017-06-09,84.4800,84.5100,84.4700,84.4800,1255200,68.9153
2017-06-12,84.4600,84.5000,84.4600,84.4700,804700,68.9072
2017-06-13,84.4500,84.4800,84.4500,84.4700,533300,68.9072
2017-06-14,84.5600,84.6000,84.4900,84.5100,788800,68.9398
2017-06-15,84.4900,84.4900,84.4700,84.4800,627600,68.9153
2017-06-16,84.5000,84.5400,84.5000,84.5200,685600,68.9480
2017-06-19,84.4800,84.4900,84.4500,84.4700,617700,68.9072
2017-06-20,84.4500,84.4900,84.4500,84.4800,751400,68.9153
2017-06-21,84.4600,84.5100,84.4600,84.4900,1073600,68.9235
2017-06-22,84.5200,84.5400,84.5000,84.5000,542000,68.9316
2017-06-23,84.5300,84.5500,84.5100,84.5500,679000,68.9724
2017-06-26,84.5200,84.5500,84.5200,84.5500,1068500,68.9724
2017-06-27,84.5000,84.5100,84.4800,84.5000,1192500,68.9316
2017-06-28,84.5200,84.5400,84.5100,84.5400,4031800,68.9643
2017-06-29,84.4800,84.5100,84.4800,84.4900,565400,68.9235
2017-06-30,84.5200,84.5200,84.4700,84.4900,825000,68.9235
2017-07-03,84.4200,84.4200,84.3500,84.3600,968100,68.8721
2017-07-05,84.3600,84.4100,84.3500,84.3900,3032900,68.8966
2017-07-06,84.3900,84.4100,84.3700,84.4100,652900,68.9129
2017-07-07,84.4100,84.4300,84.3800,84.4000,783100,68.9047
2017-07-10,84.4300,84.4400,84.4200,84.4400,402500,68.9374
2017-07-11,84.4200,84.4700,84.4200,84.4700,1615500,68.9619
2017-07-12,84.5100,84.5300,84.4800,84.5100,1069900,68.9945
2017-07-13,84.4800,84.5000,84.4600,84.4700,532200,68.9619
2017-07-14,84.5400,84.5500,84.5000,84.5100,1362300,68.9945
2017-07-17,84.5000,84.5300,84.4900,84.5200,496700,69.0027
2017-07-18,84.5200,84.5400,84.5200,84.5400,625500,69.0190
2017-07-19,84.5300,84.5400,84.5200,84.5400,919000,69.0190
2017-07-20,84.5500,84.5600,84.5300,84.5400,1083200,69.0190
2017-07-21,84.5500,84.5800,84.5500,84.5800,589600,69.0517
2017-07-24,84.5400,84.5600,84.5400,84.5500,441000,69.0271
2017-07-25,84.5100,84.5200,84.4800,84.5000,571600,68.9864
2017-07-26,84.5000,84.5700,84.5000,84.5600,493400,69.0353
2017-07-27,84.5400,84.5600,84.5300,84.5400,475400,69.0190
2017-07-28,84.5600,84.5900,84.5500,84.5900,709100,69.0598
2017-07-31,84.5600,84.5900,84.5600,84.5800,876400,69.0517
2017-08-01,84.4900,84.5400,84.4900,84.5400,1314500,69.0770
2017-08-02,84.4900,84.5300,84.4900,84.5000,994200,69.0443
2017-08-03,84.5300,84.5500,84.5100,84.5300,1149200,69.0688
2017-08-04,84.5200,84.5300,84.5000,84.5000,617200,69.0443
2017-08-07,84.5100,84.5300,84.5000,84.5300,712300,69.0688
2017-08-08,84.5300,84.5300,84.4900,84.5300,747200,69.0688
2017-08-09,84.5700,84.6000,84.5200,84.5200,734300,69.0606
2017-08-10,84.5500,84.5800,84.5500,84.5500,959700,69.0852
2017-08-11,84.5800,84.6600,84.5800,84.6600,737100,69.1751
2017-08-14,84.6300,84.6400,84.5800,84.5900,405500,69.1178
2017-08-15,84.5600,84.5700,84.5400,84.5500,432300,69.0852
2017-08-16,84.5300,84.6100,84.5300,84.6000,655500,69.1260
2017-08-17,84.6000,84.6400,84.5800,84.6200,581400,69.1423
2017-08-18,84.6600,84.6700,84.6100,84.6100,674000,69.1342
2017-08-21,84.6200,84.6600,84.6200,84.6300,928700,69.1506
2017-08-22,84.6300,84.6300,84.5900,84.6200,1012100,69.1423
2017-08-23,84.6200,84.7000,84.6200,84.7000,438300,69.2077
2017-08-24,84.6400,84.6400,84.6000,84.6200,494800,69.1423
2017-08-25,84.6200,84.6500,84.5900,84.6500,513700,69.1669
2017-08-28,84.6400,84.6500,84.6200,84.6200,866300,69.1423
2017-08-29,84.7000,84.7000,84.6500,84.6600,1181800,69.1751
2017-08-30,84.6600,84.6800,84.6400,84.6800,665700,69.1914
2017-08-31,84.6700,84.6800,84.6500,84.6800,582500,69.1914
2017-09-01,84.6000,84.6200,84.5500,84.5900,943600,69.1767
2017-09-05,84.6300,84.6800,84.6200,84.6700,851600,69.2421
2017-09-06,84.6600,84.6800,84.6300,84.6600,1118700,69.2339
2017-09-07,84.6900,84.7200,84.6700,84.7100,483000,69.2748
2017-09-08,84.7000,84.7200,84.6800,84.6900,486800,69.2585
2017-09-11,84.6600,84.6700,84.6100,84.6100,1052500,69.1930
2017-09-12,84.6000,84.6200,84.5700,84.5700,1752600,69.1603
2017-09-13,84.5900,84.5900,84.5500,84.5500,568300,69.1439
2017-09-14,84.5300,84.5700,84.5200,84.5600,849400,69.1521
2017-09-15,84.5600,84.5600,84.5200,84.5500,581600,69.1439
2017-09-18,84.5000,84.5300,84.5000,84.5000,621600,69.1031
2017-09-19,84.5200,84.5300,84.5000,84.5100,433300,69.1112
2017-09-20,84.5400,84.5500,84.4400,84.4400,830900,69.0540
2017-09-21,84.4500,84.4800,84.4200,84.4200,949800,69.0377
2017-09-22,84.4700,84.5000,84.4400,84.4400,529800,69.0540
2017-09-25,84.4700,84.5200,84.4600,84.4900,587700,69.0949
2017-09-26,84.4900,84.5000,84.4700,84.4700,922400,69.0785
2017-09-27,84.4400,84.4600,84.4400,84.4600,462400,69.0703
2017-09-28,84.4700,84.4900,84.4500,84.4700,290800,69.0785
2017-09-29,84.4800,84.5000,84.4200,84.4500,880700,69.0622
2017-10-02,84.3800,84.4400,84.3300,84.4400,1087400,69.1138
2017-10-03,84.3700,84.4100,84.3500,84.3900,1170200,69.0728
2017-10-04,84.3800,84.5500,84.3500,84.5500,1180600,69.2038
2017-10-05,84.3600,84.3800,84.3400,84.3700,2329400,69.0565
2017-10-06,84.3000,84.3700,84.2900,84.3400,699200,69.0319
2017-10-09,84.3900,84.4200,84.3300,84.3400,504000,69.0319
2017-10-10,84.3300,84.3800,84.3300,84.3600,700800,69.0483
2017-10-11,84.3400,84.3600,84.3200,84.3500,1205200,69.0401
2017-10-12,84.3300,84.3600,84.3300,84.3400,1248900,69.0319
2017-10-13,84.3700,84.3900,84.3500,84.3900,667800,69.0728
2017-10-16,84.3400,84.3600,84.3000,84.3100,586700,69.0074
2017-10-17,84.2900,84.3200,84.2900,84.3200,818800,69.0155
2017-10-18,84.2600,84.3000,84.2500,84.2900,500100,68.9910
2017-10-19,84.3100,84.3500,84.3000,84.3400,524300,69.0319
2017-10-20,84.3000,84.3200,84.2700,84.2900,437100,68.9910
2017-10-23,84.2900,84.3200,84.2900,84.2900,582200,68.9910
2017-10-24,84.3000,84.3000,84.2700,84.2700,2554600,68.9746
2017-10-25,84.2500,84.3000,84.2500,84.2500,1726900,68.9582
2017-10-26,84.2700,84.2900,84.2400,84.2500,553700,68.9582
2017-10-27,84.2500,84.3200,84.2400,84.3100,698100,69.0074
2017-10-30,84.3400,84.3500,84.3000,84.3500,432400,69.0401
2017-10-31,84.3500,84.3500,84.2800,84.3000,626100,68.9991
2017-11-01,84.1700,84.2100,84.1700,84.2100,840300,68.9893
2017-11-02,84.2300,84.2400,84.1800,84.2300,1821000,69.0057
2017-11-03,84.2600,84.2600,84.1800,84.1800,1300400,68.9647
2017-11-06,84.1900,84.2300,84.1900,84.2300,947400,69.0057
2017-11-07,84.2300,84.2300,84.1900,84.1900,747300,68.9729
2017-11-08,84.1800,84.2200,84.1700,84.1800,726500,68.9647
2017-11-09,84.1800,84.2200,84.1600,84.1700,769200,68.9565
2017-11-10,84.2100,84.2100,84.1400,84.1400,619300,68.9320
2017-11-13,84.1600,84.1700,84.1300,84.1300,632800,68.9238
2017-11-14,84.1300,84.1500,84.1200,84.1500,2678000,68.9402
2017-11-15,84.1800,84.1800,84.1100,84.1200,3981000,68.9156
2017-11-16,84.1000,84.1300,84.0800,84.1300,3046700,68.9238
2017-11-17,84.1400,84.1400,84.0800,84.0800,1339800,68.8828
2017-11-20,84.1100,84.1100,84.0500,84.0500,557600,68.8582
2017-11-21,84.0700,84.0700,84.0200,84.0300,584500,68.8418
2017-11-22,84.0800,84.1200,84.0600,84.1000,900900,68.8992
2017-11-24,84.1600,84.1600,84.0800,84.1000,626000,68.8992
2017-11-27,84.0900,84.1200,84.0700,84.1000,1079000,68.8992
2017-11-28,84.1300,84.1300,84.0800,84.1100,564300,68.9074
2017-11-29,84.0800,84.0900,84.0500,84.0900,670600,68.8910
2017-11-30,84.1100,84.1100,84.0200,84.0400,1010700,68.8500
2017-12-01,83.9800,84.0400,83.9200,83.9800,1133000,68.8657
2017-12-04,83.9700,83.9700,83.9100,83.9300,2441200,68.8246
2017-12-05,83.9600,83.9600,83.8900,83.9200,1422200,68.8164
2017-12-06,84.0300,84.0300,83.9400,83.9600,1175600,68.8492
2017-12-07,83.9800,83.9800,83.9400,83.9700,1168200,68.8574
2017-12-08,83.9900,84.0000,83.9600,83.9700,923000,68.8574
2017-12-11,83.9800,83.9800,83.9200,83.9300,2432000,68.8246
2017-12-12,83.9300,83.9400,83.9000,83.9300,992500,68.8246
2017-12-13,84.0000,84.0700,83.9300,84.0200,1112400,68.8984
2017-12-14,84.0000,84.0000,83.9500,83.9900,1471900,68.8738
2017-12-15,83.9600,83.9600,83.9100,83.9500,983800,68.8410
2017-12-18,83.9600,83.9700,83.9300,83.9500,664900,68.8410
2017-12-19,83.9400,83.9400,83.9000,83.9100,760000,68.8082
2017-12-20,83.9100,83.9400,83.9000,83.9200,840100,68.8164
2017-12-21,83.8400,83.8400,83.8000,83.8200,964500,68.8115
2017-12-22,83.8000,83.8200,83.7900,83.7900,1050900,68.7869
2017-12-26,83.7700,83.8100,83.7700,83.7800,1185500,68.7787
2017-12-27,83.8000,83.8200,83.7900,83.8200,1122300,68.8115
2017-12-28,83.8100,83.8400,83.8000,83.8300,1108200,68.8197
2017-12-29,83.8600,83.8700,83.8400,83.8500,1210700,68.8361
2018-01-02,83.8500,83.8500,83.7900,83.8200,1786000,68.8115
2018-01-03,83.8100,83.8400,83.7900,83.8200,1040900,68.8115
2018-01-04,83.7700,83.8000,83.7500,83.7800,955400,68.7787
2018-01-05,83.7700,83.7900,83.7600,83.7800,850600,68.7787
2018-01-08,83.8000,83.8000,83.7600,83.7800,597700,68.7787
2018-01-09,83.8000,83.8000,83.7500,83.7500,1551100,68.7540
2018-01-10,83.7800,83.7800,83.7400,83.7800,789500,68.7787
2018-01-11,83.7700,83.7900,83.7500,83.7500,1047900,68.7540
2018-01-12,83.8000,83.8000,83.7200,83.7400,905000,68.7458
2018-01-16,83.6600,83.7500,83.6600,83.7300,2707400,68.7376
2018-01-17,83.7200,83.7200,83.6800,83.7000,2950800,68.7130
2018-01-18,83.6800,83.7000,83.6600,83.6800,1090700,68.6966
2018-01-19,83.7000,83.7100,83.6600,83.7100,1052000,68.7212
2018-01-22,83.6800,83.6800,83.6500,83.6700,973500,68.6884
2018-01-23,83.6800,83.7200,83.6800,83.7200,885600,68.7294
2018-01-24,83.7100,83.7100,83.6700,83.7000,865700,68.7130
2018-01-25,83.6900,83.7000,83.6400,83.6800,757200,68.6966
2018-01-26,83.7100,83.7100,83.6200,83.6300,990600,68.6555
2018-01-29,83.6100,83.6200,83.5800,83.6000,1440100,68.6309
2018-01-30,83.6500,83.6500,83.5900,83.6100,1708600,68.6391
2018-01-31,83.6400,83.6400,83.5600,83.6100,2078700,68.6391
2018-02-01,83.5200,83.5300,83.4700,83.4900,2243800,68.6111
2018-02-02,83.4800,83.5200,83.4400,83.5000,1825500,68.6194
2018-02-05,83.4500,83.6800,83.4500,83.6500,2019800,68.7426
2018-02-06,83.5100,83.6500,83.5100,83.5900,2386700,68.6934
2018-02-07,83.5200,83.5800,83.4900,83.5300,2054000,68.6440
2018-02-08,83.5300,83.5700,83.4800,83.5400,1178600,68.6523
2018-02-09,83.5400,83.7000,83.5200,83.6100,3159900,68.7098
2018-02-12,83.5900,83.5900,83.5400,83.5700,1592800,68.6769
2018-02-13,83.5500,83.5700,83.5300,83.5700,1292800,68.6769
2018-02-14,83.5000,83.5000,83.4300,83.4500,953400,68.5783
2018-02-15,83.4400,83.4600,83.4000,83.4200,1452800,68.5536
2018-02-16,83.3700,83.4700,83.3700,83.4400,728400,68.5701
2018-02-20,83.4100,83.4400,83.4100,83.4300,1448400,68.5618
2018-02-21,83.4300,83.4500,83.3800,83.4400,1540700,68.5701
2018-02-22,83.4500,83.4600,83.4100,83.4500,839300,68.5783
2018-02-23,83.4700,83.5000,83.4500,83.4700,753800,68.5947
2018-02-26,83.5100,83.5400,83.4800,83.4800,1445800,68.6029
2018-02-27,83.5300,83.5300,83.4100,83.4200,852300,68.5536
2018-02-28,83.4500,83.4700,83.4300,83.4400,3721300,68.5701
2018-03-01,83.3900,83.4900,83.3600,83.4700,2049900,68.6655
2018-03-02,83.4500,83.4500,83.4000,83.4300,1716600,68.6326
2018-03-05,83.4500,83.4700,83.4000,83.4300,1112200,68.6326
2018-03-06,83.4300,83.4500,83.4000,83.4100,737300,68.6162
2018-03-07,83.4200,83.4500,83.4000,83.4100,1231000,68.6162
2018-03-08,83.4200,83.4400,83.4100,83.4300,608900,68.6326
2018-03-09,83.3900,83.4300,83.3800,83.3900,669000,68.5997
2018-03-12,83.4300,83.4400,83.3900,83.4300,1281200,68.6326
2018-03-13,83.4500,83.4700,83.4300,83.4500,609900,68.6490
2018-03-14,83.4200,83.4900,83.4000,83.4400,1525800,68.6408
2018-03-15,83.4300,83.4700,83.4200,83.4500,1106600,68.6490
2018-03-16,83.4500,83.4500,83.4100,83.4100,878500,68.6162
2018-03-19,83.4000,83.4500,83.3900,83.4100,834900,68.6162
2018-03-20,83.3900,83.4000,83.3600,83.3800,1074700,68.5915
2018-03-21,83.3500,83.4500,83.3300,83.4400,2404500,68.6408
2018-03-22,83.4400,83.5100,83.4400,83.4800,1954900,68.6737
2018-03-23,83.4800,83.5200,83.4600,83.5000,1202800,68.6902
2018-03-26,83.4800,83.5000,83.4500,83.4600,1729400,68.6572
2018-03-27,83.4600,83.5400,83.4600,83.5200,1732600,68.7066
2018-03-28,83.5400,83.5700,83.4900,83.5300,1899300,68.7149
2018-03-29,83.5000,83.5600,83.5000,83.5600,2998600,68.7395
2018-04-02,83.4500,83.5300,83.4200,83.4900,3047700,68.7593
2018-04-03,83.4700,83.4800,83.4200,83.4500,3418600,68.7264
2018-04-04,83.4700,83.4700,83.4000,83.4000,1717600,68.6852
2018-04-05,83.4000,83.4300,83.4000,83.4200,1109600,68.7017
2018-04-06,83.4700,83.4900,83.4400,83.4900,1097400,68.7593
2018-04-09,83.4400,83.4800,83.4300,83.4800,1738000,68.7510
2018-04-10,83.4300,83.4600,83.4100,83.4400,1218500,68.7181
2018-04-11,83.4400,83.4600,83.4200,83.4400,985600,68.7181
2018-04-12,83.4100,83.4100,83.3800,83.3900,791100,68.6770
2018-04-13,83.3700,83.3900,83.3600,83.3700,1040900,68.6605
2018-04-16,83.3500,83.3700,83.3300,83.3600,1155900,68.6522
2018-04-17,83.3500,83.3600,83.3300,83.3600,892300,68.6522
2018-04-18,83.3000,83.3100,83.2800,83.2900,971700,68.5946
2018-04-19,83.3000,83.3100,83.2700,83.2900,1410800,68.5946
2018-04-20,83.2700,83.2900,83.2500,83.2600,904800,68.5699
2018-04-23,83.2600,83.2600,83.2200,83.2500,1861100,68.5616
2018-04-24,83.2200,83.2700,83.2100,83.2700,1999400,68.5781
2018-04-25,83.2300,83.2700,83.2300,83.2600,2176400,68.5699
2018-04-26,83.2900,83.2900,83.2500,83.2800,2538700,68.5864
2018-04-27,83.2700,83.3000,83.2700,83.3000,1443700,68.6028
2018-04-30,83.2800,83.3000,83.2700,83.2700,1944700,68.5781
2018-05-01,83.1700,83.1800,83.1300,83.1300,2027800,68.5476
2018-05-02,83.1500,83.1700,83.1300,83.1600,1688600,68.5723
2018-05-03,83.2000,83.2300,83.2000,83.2200,2961500,68.6218
2018-05-04,83.2200,83.2400,83.1800,83.1900,1348100,68.5971
2018-05-07,83.2100,83.2200,83.1900,83.1900,7560400,68.5971
2018-05-08,83.1900,83.2000,83.1800,83.2000,9734900,68.6053
2018-05-09,83.1700,83.1800,83.1600,83.1600,1009600,68.5723
2018-05-10,83.1900,83.2000,83.1600,83.1600,937900,68.5723
2018-05-11,83.1800,83.1800,83.1600,83.1600,710200,68.5723
2018-05-14,83.1700,83.1700,83.1500,83.1600,1024700,68.5723
2018-05-15,83.1200,83.1400,83.0900,83.1100,1087000,68.5311
2018-05-16,83.1100,83.1200,83.1000,83.1100,704700,68.5311
2018-05-17,83.1400,83.1400,83.1200,83.1300,1015700,68.5476
2018-05-18,83.1800,83.2000,83.1700,83.1700,922800,68.5806
2018-05-21,83.1600,83.1700,83.1500,83.1700,1286500,68.5806
2018-05-22,83.1600,83.1800,83.1500,83.1700,793000,68.5806
2018-05-23,83.2000,83.2700,83.1900,83.2400,1179600,68.6383
2018-05-24,83.3000,83.3300,83.2900,83.2900,1384800,68.6796
2018-05-25,83.3500,83.3800,83.3500,83.3600,611800,68.7372
2018-05-29,83.4300,83.6400,83.4300,83.6000,2137500,68.9352
2018-05-30,83.5400,83.5400,83.4700,83.5000,1674700,68.8527
2018-05-31,83.4900,83.5000,83.4300,83.4600,5749300,68.8197
2018-06-01,83.2800,83.3000,83.2500,83.2700,3230600,68.7669
2018-06-04,83.2400,83.2600,83.2000,83.2000,1146300,68.7090
2018-06-05,83.2400,83.2900,83.2100,83.2500,16965800,68.7504
2018-06-06,83.2200,83.2400,83.2100,83.2200,4984700,68.7256
2018-06-07,83.2100,83.3400,83.2100,83.3000,4351000,68.7917
2018-06-08,83.2800,83.3100,83.2600,83.2800,2376000,68.7751
2018-06-11,83.2300,83.2600,83.2100,83.2500,3759000,68.7504
2018-06-12,83.2100,83.2300,83.2100,83.2100,3024700,68.7173
2018-06-13,83.2100,83.2300,83.1400,83.1700,2351600,68.6843
2018-06-14,83.1900,83.2100,83.1800,83.2000,1737400,68.7090
2018-06-15,83.2400,83.2700,83.2300,83.2400,2663700,68.7421
2018-06-18,83.2400,83.2600,83.2300,83.2600,1027000,68.7586
2018-06-19,83.3000,83.3000,83.2700,83.2900,2348500,68.7834
2018-06-20,83.2800,83.2900,83.2400,83.2500,1369300,68.7504
2018-06-21,83.2600,83.3100,83.2600,83.3000,825200,68.7917
2018-06-22,83.3000,83.3100,83.2800,83.3100,1154300,68.7999
2018-06-25,83.3200,83.3500,83.3100,83.3400,721300,68.8247
2018-06-26,83.3400,83.3500,83.3200,83.3400,3127700,68.8247
2018-06-27,83.3800,83.4000,83.3500,83.3900,4012200,68.8660
2018-06-28,83.4100,83.4100,83.3600,83.3900,1050000,68.8660
2018-06-29,83.3600,83.3800,83.3500,83.3700,4904600,68.8494
2018-07-02,83.2600,83.2600,83.2000,83.2300,3517800,68.8412
2018-07-03,83.2300,83.2600,83.2100,83.2600,1330300,68.8660
2018-07-05,83.2500,83.2700,83.2200,83.2500,1892600,68.8577
2018-07-06,83.2700,83.2700,83.2500,83.2700,3113200,68.8743
2018-07-09,83.2400,83.2500,83.2200,83.2200,1378700,68.8329
2018-07-10,83.2300,83.2300,83.2000,83.2100,2161800,68.8246
2018-07-11,83.2300,83.2400,83.2000,83.2400,953300,68.8494
2018-07-12,83.2100,83.2300,83.2000,83.2300,1299000,68.8412
2018-07-13,83.2500,83.2600,83.2300,83.2500,1241400,68.8577
2018-07-16,83.2200,83.2300,83.2000,83.2300,1530600,68.8412
2018-07-17,83.2400,83.2400,83.2100,83.2200,2830600,68.8329
2018-07-18,83.2300,83.2300,83.2000,83.2100,972800,68.8246
2018-07-19,83.2100,83.2900,83.2100,83.2500,1185300,68.8577
2018-07-20,83.2800,83.2900,83.2400,83.2500,1730800,68.8577
2018-07-23,83.2400,83.2500,83.2000,83.2000,1083100,68.8164
2018-07-24,83.2100,83.2100,83.1800,83.2100,1563400,68.8246
2018-07-25,83.2100,83.2200,83.1800,83.1800,682800,68.7998
2018-07-26,83.2000,83.2100,83.1500,83.1800,2208500,68.7998
2018-07-27,83.1900,83.2100,83.1800,83.1900,1425300,68.8081
2018-07-30,83.1900,83.2000,83.1800,83.1900,4199600,68.8081
2018-07-31,83.2100,83.2100,83.1900,83.1900,2525700,68.8081
2018-08-01,83.0500,83.0700,83.0400,83.0600,9125200,68.8147
2018-08-02,83.0900,83.1100,83.0800,83.1100,1911300,68.8561
2018-08-03,83.1000,83.1400,83.1000,83.1200,1371200,68.8644
2018-08-06,83.1500,83.1500,83.1300,83.1400,1148200,68.8810
2018-08-07,83.1300,83.1300,83.0900,83.1100,927500,68.8561
2018-08-08,83.1300,83.1300,83.1100,83.1200,1438200,68.8644
2018-08-09,83.1400,83.1700,83.1400,83.1700,660700,68.9059
2018-08-10,83.2200,83.2600,83.2100,83.2500,1496600,68.9721
2018-08-13,83.2200,83.2500,83.2100,83.2300,1577400,68.9555
2018-08-14,83.2300,83.2300,83.2100,83.2300,1285500,68.9555
2018-08-15,83.2500,83.2900,83.2300,83.2700,775000,68.9887
2018-08-16,83.2500,83.2700,83.2300,83.2500,988000,68.9721
2018-08-17,83.2700,83.2900,83.2600,83.2800,783400,68.9970
2018-08-20,83.3100,83.3300,83.2900,83.3300,761700,69.0384
2018-08-21,83.2900,83.3100,83.2900,83.3100,1449900,69.0219
2018-08-22,83.3200,83.3400,83.3100,83.3300,609800,69.0384
2018-08-23,83.3300,83.3400,83.3100,83.3200,702700,69.0301
2018-08-24,83.2900,83.3300,83.2900,83.3300,2277200,69.0384
2018-08-27,83.2900,83.3100,83.2900,83.3000,952800,69.0136
2018-08-28,83.2700,83.2900,83.2600,83.2700,931800,68.9887
2018-08-29,83.2800,83.2800,83.2400,83.2600,582200,68.9804
2018-08-30,83.2800,83.3200,83.2800,83.3200,1657100,69.0301
2018-08-31,83.3400,83.3500,83.3300,83.3400,4047500,69.0467
2018-09-04,83.2000,83.2200,83.1600,83.1900,1358700,69.0309
2018-09-05,83.1900,83.2000,83.1700,83.1900,846300,69.0309
2018-09-06,83.2100,83.2500,83.2000,83.2200,5085900,69.0558
2018-09-07,83.1700,83.1700,83.1300,83.1300,835500,68.9812
2018-09-10,83.1400,83.1500,83.1300,83.1400,623800,68.9894
2018-09-11,83.0900,83.1100,83.0700,83.0900,763700,68.9480
2018-09-12,83.1100,83.1100,83.0700,83.0900,687600,68.9480
2018-09-13,83.1000,83.1100,83.0800,83.1000,687200,68.9562
2018-09-14,83.0500,83.0800,83.0500,83.0700,718500,68.9313
2018-09-17,83.0600,83.0800,83.0500,83.0500,2312900,68.9148
2018-09-18,83.0700,83.0700,83.0200,83.0400,860400,68.9065
2018-09-19,83.0200,83.0300,83.0000,83.0200,659800,68.8899
2018-09-20,83.0000,83.0500,83.0000,83.0500,945300,68.9148
2018-09-21,83.0300,83.0600,83.0200,83.0300,1873300,68.8981
2018-09-24,83.0300,83.0600,83.0200,83.0300,777100,68.8981
2018-09-25,83.0200,83.0400,83.0100,83.0400,1217500,68.9065
2018-09-26,83.0300,83.0700,83.0300,83.0500,1325900,68.9148
2018-09-27,83.0700,83.0700,83.0500,83.0500,901900,68.9148
2018-09-28,83.0900,83.1100,83.0900,83.0900,2340300,68.9480
2018-10-01,82.9600,82.9700,82.9300,82.9300,3392500,68.9288
2018-10-02,82.9500,82.9900,82.9500,82.9600,3058600,68.9538
2018-10-03,82.9400,82.9600,82.8900,82.9200,1468200,68.9205
2018-10-04,82.8700,82.9000,82.8700,82.9000,1245400,68.9039
2018-10-05,82.8800,82.8900,82.8600,82.8900,1692100,68.8956
2018-10-08,82.8900,82.9200,82.8700,82.8700,1601900,68.8789
2018-10-09,82.9000,82.9100,82.8800,82.9000,2939000,68.9039
2018-10-10,82.8700,82.9300,82.8700,82.9200,1956800,68.9205
2018-10-11,82.9600,83.0000,82.9300,82.9500,2116100,68.9455
2018-10-12,82.9800,83.0100,82.9500,82.9500,2273900,68.9455
2018-10-15,82.9900,82.9900,82.9600,82.9800,1770500,68.9704
2018-10-16,82.9700,82.9700,82.9400,82.9500,2148800,68.9455
2018-10-17,82.9700,82.9900,82.9200,82.9500,1607400,68.9455
2018-10-18,82.9300,83.0100,82.9200,83.0000,1329400,68.9870
2018-10-19,82.9900,82.9900,82.9400,82.9500,4100700,68.9455
2018-10-22,82.9400,82.9700,82.9300,82.9300,2028000,68.9288
2018-10-23,83.0300,83.0500,82.9800,82.9800,2864700,68.9704
2018-10-24,83.0200,83.1100,83.0200,83.1100,2957300,69.0785
2018-10-25,83.0900,83.1000,83.0600,83.0800,2679900,69.0535
2018-10-26,83.1400,83.1900,83.1200,83.1300,3797300,69.0951
2018-10-29,83.1100,83.1700,83.1000,83.1600,4785400,69.1200
2018-10-30,83.1300,83.1300,83.0900,83.1200,5203700,69.0868
2018-10-31,83.0700,83.1000,83.0500,83.0800,12635800,69.0535
2018-11-01,82.9600,82.9900,82.9400,82.9800,3623600,69.0918
2018-11-02,82.9300,82.9400,82.8800,82.8800,3723800,69.0086
2018-11-05,82.9200,82.9200,82.8900,82.9100,2361000,69.0335
2018-11-06,82.8800,82.9000,82.8700,82.8900,4431500,69.0169
2018-11-07,82.8700,82.8800,82.8500,82.8600,1675000,68.9919
2018-11-08,82.8800,82.8800,82.8300,82.8500,1332800,68.9836
2018-11-09,82.8600,82.9200,82.8600,82.8900,1229500,69.0169
2018-11-12,82.9200,82.9800,82.9200,82.9500,994300,69.0668
2018-11-13,82.9500,82.9800,82.9500,82.9600,2990100,69.0752
2018-11-14,82.9700,83.0700,82.9600,83.0200,3329800,69.1251
2018-11-15,83.0900,83.1100,83.0400,83.0600,1952400,69.1584
2018-11-16,83.1200,83.1400,83.1000,83.1200,1293200,69.2084
2018-11-19,83.1200,83.2000,83.1100,83.1900,1547700,69.2667
2018-11-20,83.1800,83.2000,83.1600,83.1700,2307600,69.2500
2018-11-21,83.1800,83.1800,83.1500,83.1700,9309900,69.2500
2018-11-23,83.2000,83.2000,83.1500,83.1500,1666200,69.2334
2018-11-26,83.1500,83.1600,83.1300,83.1600,1764000,69.2417
2018-11-27,83.1500,83.1800,83.1400,83.1700,1555200,69.2500
2018-11-28,83.1600,83.2200,83.1400,83.2000,2986100,69.2750
2018-11-29,83.2400,83.2500,83.2000,83.2200,2217300,69.2916
2018-11-30,83.2200,83.2700,83.2100,83.2500,4712700,69.3166
2018-12-03,83.0600,83.0900,83.0400,83.0400,2828800,69.2599
2018-12-04,83.0700,83.1400,83.0700,83.1000,4062000,69.3099
2018-12-06,83.2200,83.3000,83.1800,83.1800,4012200,69.3767
2018-12-07,83.1900,83.2800,83.1800,83.2700,2079300,69.4518
2018-12-10,83.2600,83.3300,83.2400,83.2700,9725100,69.4518
2018-12-11,83.2300,83.2600,83.1800,83.1900,5675500,69.3850
2018-12-12,83.1800,83.2100,83.1800,83.1800,4565500,69.3767
2018-12-13,83.2300,83.2600,83.2200,83.2600,7531900,69.4434
2018-12-14,83.2700,83.3200,83.2600,83.3100,4449200,69.4851
2018-12-17,83.3200,83.3900,83.3000,83.3900,5815300,69.5518
2018-12-18,83.2800,83.3300,83.2600,83.3200,6567000,69.5928
2018-12-19,83.3400,83.3800,83.2700,83.3400,12278900,69.6095
2018-12-20,83.3500,83.3600,83.3100,83.3300,7297300,69.6011
2018-12-21,83.3300,83.3900,83.3200,83.3900,5548800,69.6512
2018-12-24,83.4000,83.4600,83.4000,83.4600,4049100,69.7097
2018-12-26,83.4800,83.5100,83.3800,83.3800,6207700,69.6429
2018-12-27,83.4600,83.5400,83.4600,83.4700,4207700,69.7181
2018-12-28,83.5100,83.5900,83.5000,83.5900,6740100,69.8182
2018-12-31,83.5700,83.6700,83.5500,83.6200,4892300,69.8433
2019-01-02,83.6300,83.6400,83.6000,83.6300,5380200,69.8517
2019-01-03,83.6400,83.8400,83.6300,83.8000,5284600,69.9937
2019-01-04,83.6700,83.6800,83.6200,83.6200,5969500,69.8433
2019-01-07,83.6500,83.6700,83.5600,83.5600,3632600,69.7932
2019-01-08,83.5300,83.5600,83.5000,83.5100,2061600,69.7515
2019-01-09,83.5100,83.5800,83.5100,83.5500,4161900,69.7849
2019-01-10,83.6100,83.6300,83.5500,83.5600,4037300,69.7932
2019-01-11,83.6100,83.6300,83.6000,83.6100,2057100,69.8350
2019-01-14,83.6300,83.6500,83.4300,83.6100,1872800,69.8350
2019-01-15,83.6500,83.6600,83.6100,83.6400,3311300,69.8601
2019-01-16,83.6000,83.6300,83.5800,83.6200,3262200,69.8433
2019-01-17,83.6200,83.6300,83.5800,83.6100,2507700,69.8350
2019-01-18,83.5800,83.5900,83.5200,83.5400,4135300,69.7765
2019-01-22,83.5800,83.6100,83.5700,83.6100,4049800,69.8350
2019-01-23,83.5800,83.6200,83.5600,83.5900,7921700,69.8182
2019-01-24,83.6500,83.6800,83.6300,83.6600,2013000,69.8767
2019-01-25,83.6300,83.6400,83.5900,83.6000,1603500,69.8267
2019-01-28,83.6000,83.6400,83.5900,83.6100,5781000,69.8350
2019-01-29,83.6300,83.6600,83.6300,83.6500,4065700,69.8684
2019-01-30,83.6500,83.7600,83.6300,83.7600,3635000,69.9603
2019-01-31,83.7900,83.8500,83.7900,83.8300,7267100,70.0187
2019-02-01,83.6400,83.6600,83.5800,83.5800,7391200,69.9367
2019-02-04,83.5900,83.6000,83.5600,83.5800,9052500,69.9367
2019-02-05,83.5700,83.6100,83.5700,83.5800,3074100,69.9367
2019-02-06,83.6300,83.6400,83.6000,83.6200,2689800,69.9702
2019-02-07,83.6700,83.7000,83.6500,83.6800,2483100,70.0204
2019-02-08,83.7300,83.7500,83.7100,83.7100,2459500,70.0455
2019-02-11,83.6800,83.7000,83.6700,83.6800,3230700,70.0204
2019-02-12,83.6800,83.6900,83.6600,83.6700,2366000,70.0120
2019-02-13,83.6200,83.6500,83.6100,83.6100,3539200,69.9618
2019-02-14,83.7100,83.7300,83.6700,83.7200,5773800,70.0539
2019-02-15,83.7000,83.7000,83.6800,83.6800,3556400,70.0204
2019-02-19,83.7200,83.7400,83.7000,83.7400,8248500,70.0706
2019-02-20,83.7300,83.7600,83.7100,83.7300,2679800,70.0623
2019-02-21,83.7100,83.7100,83.6900,83.7000,2136700,70.0371
2019-02-22,83.7200,83.7800,83.7200,83.7600,2640800,70.0874
2019-02-25,83.7300,83.7500,83.7100,83.7500,2964300,70.0790
2019-02-26,83.7700,83.7900,83.7500,83.7900,4570700,70.1124
2019-02-27,83.7600,83.7700,83.7300,83.7700,2463500,70.0957
2019-02-28,83.7500,83.7600,83.7200,83.7500,4136600,70.0790
2019-03-01,83.5600,83.5700,83.5200,83.5400,3697800,70.0321
2019-03-04,83.5400,83.5800,83.5300,83.5600,6418800,70.0488
2019-03-05,83.5400,83.5700,83.5200,83.5700,6175900,70.0572
2019-03-06,83.5700,83.6300,83.5700,83.6300,4167300,70.1074
2019-03-07,83.6500,83.7100,83.6500,83.7000,3215500,70.1661
2019-03-08,83.7100,83.7400,83.6900,83.7300,2626900,70.1913
2019-03-11,83.7200,83.7200,83.6900,83.7100,2213500,70.1745
2019-03-12,83.7100,83.7500,83.7100,83.7400,3665600,70.1997
2019-03-13,83.7300,83.7500,83.7200,83.7500,1174200,70.2081
2019-03-14,83.7500,83.7700,83.7300,83.7700,1173300,70.2248
2019-03-15,83.7900,83.8100,83.7800,83.8000,1570400,70.2500
2019-03-18,83.7800,83.8000,83.7700,83.7800,1092000,70.2333
2019-03-19,83.7600,83.7800,83.7400,83.7700,1000100,70.2248
2019-03-20,83.7800,83.9000,83.7800,83.8900,2459400,70.3255
2019-03-21,83.9100,83.9100,83.8700,83.8900,1371100,70.3255
2019-03-22,83.9500,84.0500,83.9500,84.0300,3113600,70.4428
2019-03-25,84.0600,84.1700,84.0400,84.1200,3572700,70.5182
2019-03-26,84.0800,84.1300,84.0600,84.1100,2374600,70.5099
2019-03-27,84.1700,84.2100,84.1500,84.1800,1872500,70.5685
2019-03-28,84.1700,84.1800,84.1300,84.1700,1322700,70.5602
2019-03-29,84.1000,84.1300,84.0800,84.1200,2277100,70.5182
2019-04-01,83.9100,83.9300,83.8500,83.8700,4381700,70.4460
2019-04-02,83.8900,83.9200,83.8800,83.9100,2662200,70.4796
2019-04-03,83.8800,83.8900,83.8600,83.8700,5005500,70.4460
2019-04-04,83.9000,83.9000,83.8700,83.8900,1481200,70.4628
2019-04-05,83.8700,83.8900,83.8600,83.8800,6617100,70.4544
2019-04-08,83.8800,83.9000,83.8500,83.8600,2756400,70.4376
2019-04-09,83.8900,83.9100,83.8700,83.8700,3661900,70.4460
2019-04-10,83.9100,83.9400,83.9100,83.9400,2364300,70.5048
2019-04-11,83.9000,83.9200,83.8900,83.8900,3379200,70.4628
2019-04-12,83.8400,83.8600,83.8300,83.8400,1213300,70.4208
2019-04-15,83.8300,83.8600,83.8300,83.8500,1021400,70.4292
2019-04-16,83.8400,83.8500,83.8100,83.8400,1335700,70.4208
2019-04-17,83.8400,83.8700,83.8400,83.8700,1600600,70.4460
2019-04-18,83.9000,83.9100,83.8800,83.8900,1076800,70.4628
2019-04-22,83.9000,83.9100,83.8900,83.9000,6156400,70.4712
2019-04-23,83.9200,83.9500,83.9200,83.9400,1824600,70.5048
2019-04-24,83.9900,84.0100,83.9800,83.9900,3424400,70.5468
2019-04-25,84.0100,84.0200,83.9900,83.9900,903000,70.5468
2019-04-26,84.0700,84.0800,84.0600,84.0800,2275800,70.6224
2019-04-29,84.0500,84.0700,84.0400,84.0500,1009300,70.5972
2019-04-30,84.0600,84.1100,84.0400,84.1100,1876000,70.6476
2019-05-01,83.9300,84.0500,83.8700,83.8800,1313600,70.5853
2019-05-02,83.8800,83.8900,83.8400,83.8400,2138700,70.5516
2019-05-03,83.8700,83.9000,83.8500,83.8700,1332300,70.5769
2019-05-06,83.9300,83.9400,83.9100,83.9200,1312200,70.6190
2019-05-07,83.9500,83.9800,83.9500,83.9600,2815200,70.6526
2019-05-08,83.9800,84.0000,83.9400,83.9500,1474500,70.6442
2019-05-09,84.0200,84.0600,83.9900,84.0000,1297000,70.6863
2019-05-10,84.0300,84.0700,84.0000,84.0200,1558700,70.7031
2019-05-13,84.1100,84.1500,84.1000,84.1200,2720800,70.7873
2019-05-14,84.1200,84.1300,84.0900,84.1200,3785700,70.7873
2019-05-15,84.2100,84.2100,84.1400,84.1800,1521800,70.8378
2019-05-16,84.1400,84.1500,84.1200,84.1300,1046600,70.7957
2019-05-17,84.1800,84.1900,84.1200,84.1500,1067900,70.8125
2019-05-20,84.1400,84.1600,84.1100,84.1100,1095900,70.7789
2019-05-21,84.0900,84.1000,84.0600,84.0700,1161500,70.7452
2019-05-22,84.1200,84.1300,84.1000,84.1100,2067700,70.7789
2019-05-23,84.1700,84.2900,84.1700,84.2600,2773800,70.9051
2019-05-24,84.2400,84.2500,84.2100,84.2300,1019600,70.8799
2019-05-28,84.2600,84.3000,84.2400,84.3000,1130400,70.9388
2019-05-29,84.3500,84.3800,84.3000,84.3100,2632000,70.9472
2019-05-30,84.3300,84.3900,84.3000,84.3800,1929400,71.0061
2019-05-31,84.4600,84.5900,84.4600,84.5600,11965500,71.1575
2019-06-03,84.4700,84.5900,84.4300,84.5500,4621900,71.2916
2019-06-04,84.4400,84.5100,84.4200,84.4900,3320400,71.2410
2019-06-05,84.6000,84.6300,84.5200,84.5300,14753000,71.2747
2019-06-06,84.5400,84.5700,84.4700,84.4800,20687700,71.2326
2019-06-07,84.6200,84.6400,84.5400,84.5700,13622500,71.3085
2019-06-10,84.5200,84.5200,84.4800,84.4900,7611300,71.2410
2019-06-11,84.4500,84.4800,84.4400,84.4600,2211800,71.2157
2019-06-12,84.5100,84.5500,84.5000,84.5300,1147900,71.2747
2019-06-13,84.5700,84.6400,84.5500,84.6200,2450300,71.3506
2019-06-14,84.5700,84.6100,84.5600,84.5900,1992200,71.3254
2019-06-17,84.6000,84.6000,84.5500,84.5500,2105300,71.2916
2019-06-18,84.6500,84.6600,84.5600,84.5600,5589200,71.3000
2019-06-19,84.5400,84.7500,84.5200,84.7400,1893200,71.4518
2019-06-20,84.8100,84.8500,84.7700,84.7800,1790100,71.4856
2019-06-21,84.7100,84.7400,84.6900,84.7400,8008900,71.4518
2019-06-24,84.7600,84.8200,84.7600,84.7900,1715700,71.4940
2019-06-25,84.8000,84.8500,84.7600,84.8100,1742700,71.5109
2019-06-26,84.7700,84.7700,84.7000,84.7100,1222000,71.4265
2019-06-27,84.7600,84.7800,84.7300,84.7800,1276300,71.4856
2019-06-28,84.7700,84.8000,84.7500,84.7800,4134200,71.4856
2019-07-01,84.6300,84.6300,84.5400,84.5700,4197900,71.4399
2019-07-02,84.5900,84.6400,84.5800,84.6200,4841200,71.4822
2019-07-03,84.6300,84.6500,84.6200,84.6400,2176400,71.4991
2019-07-05,84.5100,84.5100,84.4400,84.4700,1759500,71.3555
2019-07-08,84.4900,84.5000,84.4300,84.4300,1587200,71.3217
2019-07-09,84.4600,84.4600,84.4000,84.4000,1457300,71.2963
2019-07-10,84.5000,84.5500,84.4700,84.5500,1704800,71.4231
2019-07-11,84.5400,84.5500,84.4900,84.5100,1227300,71.3892
2019-07-12,84.5000,84.5400,84.4900,84.5200,871600,71.3977
2019-07-15,84.5400,84.5600,84.5300,84.5400,1385800,71.4146
2019-07-16,84.5000,84.5300,84.4800,84.5100,1350100,71.3892
2019-07-17,84.5200,84.5900,84.5100,84.5900,1457500,71.4568
2019-07-18,84.5800,84.7000,84.5600,84.6900,1426800,71.5413
2019-07-19,84.6200,84.6400,84.5800,84.6000,864000,71.4653
2019-07-22,84.6300,84.6400,84.6100,84.6100,823300,71.4737
2019-07-23,84.6000,84.6200,84.5800,84.5900,1026900,71.4568
2019-07-24,84.6100,84.6400,84.5900,84.6100,1364700,71.4737
2019-07-25,84.5900,84.5900,84.5300,84.5600,1093800,71.4315
2019-07-26,84.5600,84.5700,84.5200,84.5700,1003000,71.4399
2019-07-29,84.5700,84.6000,84.5700,84.5700,930600,71.4399
2019-07-30,84.5900,84.6000,84.5700,84.5800,933500,71.4484
2019-07-31,84.6200,84.6500,84.4300,84.5700,2313300,71.4399
2019-08-01,84.4600,84.7200,84.4500,84.6600,3099000,71.6430
2019-08-02,84.6500,84.7000,84.6400,84.6800,2626500,71.6600
2019-08-05,84.8300,84.9100,84.8100,84.8500,3154500,71.8038
2019-08-06,84.8600,84.8900,84.8200,84.8900,3277800,71.8377
2019-08-07,85.0000,85.0400,84.8700,84.9000,2352400,71.8461
2019-08-08,84.8700,84.8800,84.8100,84.8700,1499000,71.8207
2019-08-09,84.8700,84.9100,84.8200,84.8200,1833600,71.7785
2019-08-12,84.8900,84.9400,84.8800,84.9100,2403500,71.8546
2019-08-13,84.9000,84.9100,84.7700,84.8100,1839500,71.7700
2019-08-14,84.8900,84.9500,84.8800,84.9200,3312800,71.8631
2019-08-15,84.9600,85.1100,84.9600,85.1000,4823000,72.0154
2019-08-16,85.0500,85.1000,85.0100,85.0900,1886600,72.0069
2019-08-19,85.0100,85.0400,84.9800,85.0000,1485500,71.9307
2019-08-20,85.0500,85.0900,85.0400,85.0600,2015700,71.9815
2019-08-21,85.0100,85.0500,84.9700,84.9800,2082500,71.9138
2019-08-22,84.9600,85.0100,84.9300,84.9400,956200,71.8800
2019-08-23,84.9700,85.1000,84.9500,85.0800,2448900,71.9984
2019-08-26,85.0700,85.1000,85.0100,85.0400,1768700,71.9646
2019-08-27,85.0100,85.0900,85.0100,85.0700,2179600,71.9900
2019-08-28,85.0900,85.1200,85.0700,85.0900,1944400,72.0069
2019-08-29,85.0800,85.0900,85.0400,85.0500,3270600,71.9731
2019-08-30,85.0500,85.0900,85.0300,85.0800,2543000,71.9984
2019-09-03,84.9500,85.0700,84.9300,85.0000,4574300,72.0544
2019-09-04,85.0000,85.0700,85.0000,85.0700,1455900,72.1137
2019-09-05,84.9600,84.9600,84.8400,84.8800,2145200,71.9527
2019-09-06,84.9000,84.9300,84.8700,84.8900,2485500,71.9611
2019-09-09,84.8300,84.8500,84.8000,84.8000,2423900,71.8849
2019-09-10,84.7900,84.8000,84.6500,84.6600,2262300,71.7662
2019-09-11,84.6600,84.7100,84.6600,84.6600,3005000,71.7662
2019-09-12,84.7100,84.7200,84.6100,84.6400,3319700,71.7492
2019-09-13,84.5700,84.5900,84.4800,84.5000,1951400,71.6306
2019-09-16,84.5500,84.5700,84.5300,84.5700,3034100,71.6899
2019-09-17,84.5600,84.6300,84.5500,84.6100,1397300,71.7238
2019-09-18,84.6600,84.7100,84.5500,84.5600,3277800,71.6814
2019-09-19,84.6400,84.6400,84.5700,84.5700,2399300,71.6899
2019-09-20,84.6100,84.6900,84.5900,84.6600,2383300,71.7662
2019-09-23,84.7200,84.7900,84.7100,84.7100,1537100,71.8086
2019-09-24,84.7200,84.8400,84.7200,84.8000,3693100,71.8849
2019-09-25,84.7900,84.8100,84.6900,84.6900,2860800,71.7916
2019-09-26,84.7500,84.7900,84.7300,84.7300,871500,71.8255
2019-09-27,84.7400,84.8100,84.7400,84.7800,1691700,71.8679
2019-09-30,84.7700,84.8200,84.7600,84.8200,2325600,71.9018
2019-10-01,84.6200,84.8100,84.6200,84.7800,4668900,71.9825
2019-10-02,84.8400,84.9100,84.8300,84.8700,2613000,72.0589
2019-10-03,84.9300,85.0700,84.9200,85.0500,2441100,72.2118
2019-10-04,85.0100,85.0500,84.9900,85.0400,1760800,72.2032
2019-10-07,84.9900,85.0000,84.9300,84.9500,1611700,72.1268
2019-10-08,85.0100,85.0400,84.9400,85.0000,2153300,72.1693
2019-10-09,85.0000,85.0200,84.9300,84.9500,1472500,72.1268
2019-10-10,84.9600,84.9600,84.8500,84.8500,3566900,72.0419
2019-10-11,84.7900,84.8000,84.7100,84.7700,3068400,71.9740
2019-10-14,84.7800,84.8000,84.7600,84.7800,1336700,71.9825
2019-10-15,84.8100,84.8200,84.7300,84.7600,2470000,71.9655
2019-10-16,84.8000,84.8200,84.7700,84.8000,1840700,71.9995
2019-10-17,84.8000,84.8500,84.7800,84.8000,1641200,71.9995
2019-10-18,84.8200,84.8700,84.8200,84.8300,1901600,72.0249
2019-10-21,84.8200,84.8400,84.7700,84.7900,985500,71.9910
2019-10-22,84.8100,84.8300,84.7600,84.8200,1192300,72.0165
2019-10-23,84.8400,84.8500,84.8000,84.8100,1578600,72.0080
2019-10-24,84.8300,84.8700,84.8100,84.8100,1228600,72.0080
2019-10-25,84.8300,84.8300,84.7400,84.7600,982900,71.9655
2019-10-28,84.7300,84.7400,84.7000,84.7300,2045000,71.9400
2019-10-29,84.7600,84.7700,84.7300,84.7500,1768700,71.9570
2019-10-30,84.7500,84.8100,84.7100,84.8000,1622500,71.9995
2019-10-31,84.8500,84.9600,84.8500,84.9500,2719200,72.1268
2019-11-01,84.7800,84.8100,84.7200,84.7600,3436200,72.0843
2019-11-04,84.7200,84.7200,84.6900,84.7000,2509400,72.0333
2019-11-05,84.6700,84.6700,84.6100,84.6400,2078400,71.9823
2019-11-06,84.6900,84.7100,84.6600,84.6900,1237100,72.0248
2019-11-07,84.6300,84.6300,84.5400,84.5900,2284900,71.9397
2019-11-08,84.5900,84.6500,84.5900,84.6000,2300500,71.9482
2019-11-11,84.6200,84.6300,84.5900,84.6200,1329600,71.9652
2019-11-12,84.6100,84.6400,84.5900,84.6300,2647800,71.9737
2019-11-13,84.6800,84.6900,84.6500,84.6700,1679800,72.0078
2019-11-14,84.7400,84.7800,84.7300,84.7500,2754500,72.0758
2019-11-15,84.7100,84.7400,84.7100,84.7200,2456100,72.0503
2019-11-18,84.7600,84.7700,84.7400,84.7600,1029100,72.0843
2019-11-19,84.7300,84.7600,84.7300,84.7500,1630600,72.0758
2019-11-20,84.7700,84.8100,84.7600,84.7900,1754200,72.1098
2019-11-21,84.7600,84.7800,84.7400,84.7500,1288000,72.0758
2019-11-22,84.7600,84.7700,84.7200,84.7400,3148100,72.0673
2019-11-25,84.7400,84.7600,84.7200,84.7500,3597000,72.0758
2019-11-26,84.7900,84.8000,84.7700,84.7900,1792200,72.1098
2019-11-27,84.7700,84.7700,84.7300,84.7400,1090100,72.0673
2019-11-29,84.7300,84.7700,84.7200,84.7700,1220200,72.0928
2019-12-02,84.5900,84.6800,84.5700,84.6100,4211500,72.0707
2019-12-03,84.7200,84.7800,84.7100,84.7300,2036600,72.1729
2019-12-04,84.7100,84.7200,84.6600,84.6900,2017700,72.1388
2019-12-05,84.6500,84.6900,84.6400,84.6500,1965900,72.1047
2019-12-06,84.6000,84.6500,84.5900,84.6200,2024400,72.0792
2019-12-09,84.6400,84.6400,84.6100,84.6200,1482200,72.0792
2019-12-10,84.6300,84.6400,84.5800,84.5800,1214100,72.0451
2019-12-11,84.5900,84.6600,84.5900,84.6500,1223100,72.1047
2019-12-12,84.6700,84.6700,84.5200,84.5700,1627400,72.0366
2019-12-13,84.6400,84.6900,84.6000,84.6700,1630500,72.1218
2019-12-16,84.6400,84.6400,84.5900,84.6200,1568800,72.0792
2019-12-17,84.6500,84.6600,84.6300,84.6400,1764000,72.0962
2019-12-18,84.6300,84.6500,84.6100,84.6500,1677400,72.1047
2019-12-19,84.5100,84.5500,84.5100,84.5300,1464500,72.1192
2019-12-20,84.5200,84.5400,84.5000,84.5300,1413600,72.1192
2019-12-23,84.5100,84.5200,84.4900,84.5100,2008600,72.1022
2019-12-24,84.4700,84.5400,84.4700,84.5200,895500,72.1107
2019-12-26,84.5600,84.5600,84.5300,84.5500,1156900,72.1363
2019-12-27,84.5800,84.6200,84.5700,84.6100,1388200,72.1875
2019-12-30,84.6000,84.6600,84.6000,84.6400,1630700,72.2131
2019-12-31,84.6400,84.6700,84.6100,84.6300,3025600,72.2045
2020-01-02,84.6700,84.7100,84.6400,84.6700,2665200,72.2386
2020-01-03,84.7200,84.7600,84.6900,84.7400,2039900,72.2984
2020-01-06,84.7300,84.7400,84.6800,84.7100,1132100,72.2728
2020-01-07,84.7200,84.7300,84.7000,84.7100,1103400,72.2728
2020-01-08,84.7200,84.7400,84.6600,84.6700,1864300,72.2386
2020-01-09,84.6500,84.7000,84.6400,84.6800,1424400,72.2472
2020-01-10,84.6900,84.7200,84.6900,84.7000,1065900,72.2643
2020-01-13,84.7000,84.7000,84.6700,84.6900,1275600,72.2558
2020-01-14,84.6900,84.7300,84.6900,84.7000,2323400,72.2643
2020-01-15,84.7300,84.7400,84.7100,84.7400,2467900,72.2984
2020-01-16,84.7300,84.7400,84.7100,84.7400,1995100,72.2984
2020-01-17,84.7300,84.7700,84.7200,84.7700,1592600,72.3240
2020-01-21,84.7800,84.8000,84.7800,84.7900,2814600,72.3411
2020-01-22,84.7900,84.8200,84.7900,84.8100,1878400,72.3581
2020-01-23,84.8400,84.8800,84.8200,84.8400,6874100,72.3837
2020-01-24,84.8500,84.9000,84.8400,84.8700,3717500,72.4093
2020-01-27,84.9700,84.9800,84.9400,84.9600,1915500,72.4861
2020-01-28,84.9600,84.9700,84.9100,84.9200,1233400,72.4520
2020-01-29,84.9500,85.0000,84.9300,85.0000,1269100,72.5202
2020-01-30,85.0300,85.0700,85.0000,85.0100,1348300,72.5288
2020-01-31,85.0500,85.1400,85.0500,85.1200,4298900,72.6226
2020-02-03,84.9600,84.9800,84.9100,84.9600,4133700,72.6013
2020-02-04,84.8800,84.8900,84.8400,84.8700,1575300,72.5243
2020-02-05,84.8200,84.8400,84.8100,84.8100,2229300,72.4731
2020-02-06,84.8100,84.8300,84.8000,84.8300,1505800,72.4902
2020-02-07,84.8700,84.9000,84.8600,84.8800,1408200,72.5329
2020-02-10,84.9300,84.9500,84.9000,84.9200,982700,72.5671
2020-02-11,84.8900,84.9000,84.8600,84.8800,1911200,72.5329
2020-02-12,84.8500,84.8600,84.8400,84.8400,1400400,72.4987
2020-02-13,84.8700,84.8900,84.8500,84.8600,1700700,72.5158
2020-02-14,84.9000,84.9100,84.8900,84.9000,1560000,72.5500
2020-02-18,84.9300,84.9500,84.9100,84.9300,1669400,72.5756
2020-02-19,84.9100,84.9400,84.8900,84.9400,1422800,72.5842
2020-02-20,84.9300,84.9800,84.9300,84.9600,2051800,72.6013
2020-02-21,85.0000,85.0800,84.9900,85.0300,1798800,72.6611
2020-02-24,85.1700,85.2000,85.1600,85.1700,2725200,72.7807
2020-02-25,85.1900,85.3000,85.1900,85.2600,3027000,72.8576
2020-02-26,85.2400,85.3500,85.2200,85.3200,3688200,72.9089
2020-02-27,85.4400,85.5000,85.3600,85.4200,6008700,72.9943
2020-02-28,85.6500,85.7700,85.6200,85.7300,9540700,73.2592
2020-03-02,85.7200,85.8000,85.5700,85.5700,15009300,73.2293
2020-03-03,85.6300,86.0200,85.6100,85.9100,7232300,73.5202
2020-03-04,85.9700,86.0500,85.9200,85.9200,5711900,73.5288
2020-03-05,86.1100,86.1400,86.0700,86.1000,3797200,73.6829
2020-03-06,86.3100,86.3700,86.1700,86.2000,4378300,73.7684
2020-03-09,86.5400,86.6700,86.3700,86.6700,44359800,74.1706
2020-03-10,86.3000,86.3700,86.1500,86.2900,11970200,73.8454
2020-03-11,86.3000,86.3200,86.1800,86.1900,7873200,73.7599
2020-03-12,86.3000,86.5400,86.1700,86.1700,12312300,73.7428
2020-03-13,86.0500,86.3200,85.9500,86.2800,9422400,73.8369
2020-03-16,86.5800,86.7300,86.4000,86.4200,12123900,73.9567
2020-03-17,86.4900,86.5300,86.1300,86.2200,10487800,73.7855
2020-03-18,86.2200,86.7800,86.1100,86.1100,11907500,73.6914
2020-03-19,86.2200,86.5300,86.2200,86.2600,12898400,73.8198
2020-03-20,86.3800,86.6300,86.3800,86.4900,10683700,74.0166
2020-03-23,86.7100,86.7300,86.5600,86.5900,9472000,74.1022
2020-03-24,86.5000,86.5700,86.4700,86.4700,8366100,73.9995
2020-03-25,86.4900,86.6300,86.4900,86.5700,6098000,74.0851
2020-03-26,86.5900,86.7100,86.5800,86.6700,8381000,74.1706
2020-03-27,86.7000,86.7000,86.5200,86.6500,37087900,74.1535
2020-03-30,86.7300,86.7600,86.6600,86.6900,5650800,74.1878
2020-03-31,86.7200,86.7800,86.6700,86.6700,5677600,74.1706
2020-04-01,86.6200,86.6700,86.5800,86.6200,6923900,74.2187
2020-04-02,86.6400,86.6700,86.6200,86.6400,5879700,74.2358
2020-04-03,86.6100,86.7000,86.5800,86.6200,5018100,74.2187
2020-04-06,86.5800,86.6100,86.5500,86.5600,4869100,74.1672
2020-04-07,86.5100,86.5700,86.4900,86.5400,7881000,74.1501
2020-04-08,86.5400,86.6200,86.5400,86.5900,4890600,74.1929
2020-04-09,86.5900,86.6500,86.5800,86.6200,5400400,74.2187
2020-04-13,86.6300,86.6300,86.5900,86.6300,3356200,74.2272
2020-04-14,86.6200,86.6500,86.5900,86.6300,4712200,74.2272
2020-04-15,86.6800,86.7000,86.6500,86.6600,4270000,74.2529
2020-04-16,86.6800,86.7000,86.6600,86.6800,2383600,74.2700
2020-04-17,86.6600,86.6900,86.6500,86.6500,3282700,74.2444
2020-04-20,86.6700,86.6900,86.6500,86.6500,5969400,74.2444
2020-04-21,86.6800,86.6900,86.6500,86.6700,3610300,74.2615
2020-04-22,86.6600,86.6600,86.6400,86.6400,4836900,74.2358
2020-04-23,86.6400,86.6600,86.6200,86.6300,3010000,74.2272
2020-04-24,86.6400,86.6600,86.6300,86.6300,3117600,74.2272
2020-04-27,86.6300,86.6400,86.6000,86.6300,4928800,74.2272
2020-04-28,86.6700,86.6800,86.6500,86.6600,3706900,74.2529
2020-04-29,86.6800,86.6900,86.6500,86.6500,4285700,74.2444
2020-04-30,86.6600,86.8000,86.6600,86.8000,9557300,74.3728
2020-05-01,86.6200,86.6200,86.5700,86.6000,5135000,74.2631
2020-05-04,86.5900,86.6400,86.5800,86.6000,5813400,74.2631
2020-05-05,86.6100,86.6200,86.5900,86.5900,4334000,74.2545
2020-05-06,86.6000,86.6200,86.5900,86.6200,2007300,74.2803
2020-05-07,86.6200,86.7000,86.6100,86.6800,2455600,74.3317
2020-05-08,86.6900,86.7300,86.6500,86.6600,2690000,74.3145
2020-05-11,86.6700,86.6700,86.6000,86.6300,4067600,74.2888
2020-05-12,86.6200,86.6500,86.6000,86.6500,2670000,74.3060
2020-05-13,86.6600,86.6800,86.6400,86.6500,3829400,74.3060
2020-05-14,86.6600,86.6900,86.6300,86.6300,2284600,74.2888
2020-05-15,86.6900,86.7000,86.6700,86.6800,1942800,74.3317
2020-05-18,86.6700,86.6700,86.6100,86.6100,2761400,74.2717
2020-05-19,86.6200,86.6600,86.6200,86.6600,2976500,74.3145
2020-05-20,86.6300,86.6700,86.6300,86.6600,3497900,74.3145
2020-05-21,86.6500,86.6600,86.6400,86.6400,3246300,74.2974
2020-05-22,86.6600,86.6700,86.6400,86.6400,2592500,74.2974
2020-05-26,86.6300,86.6500,86.6200,86.6400,4356200,74.2974
2020-05-27,86.6300,86.6700,86.6200,86.6200,3507600,74.2803
2020-05-28,86.6300,86.6600,86.6200,86.6600,3433400,74.3145
2020-05-29,86.6400,86.6800,86.6400,86.6600,6903400,74.3145
2020-06-01,86.5900,86.6000,86.5600,86.5800,6995500,74.3060
2020-06-02,86.5800,86.5900,86.5600,86.5800,3869300,74.3060
2020-06-03,86.5600,86.5600,86.5100,86.5100,4476300,74.2459
2020-06-04,86.5200,86.5400,86.5000,86.5300,4350000,74.2630
2020-06-05,86.4900,86.5000,86.4700,86.5000,4391300,74.2373
2020-06-08,86.4800,86.5100,86.4600,86.4800,4200200,74.2201
2020-06-09,86.4900,86.5200,86.4900,86.5100,7839900,74.2459
2020-06-10,86.5400,86.5800,86.5300,86.5600,3146500,74.2888
2020-06-11,86.5700,86.5800,86.5200,86.5200,3244500,74.2545
2020-06-12,86.5400,86.5600,86.5300,86.5500,3356000,74.2802
2020-06-15,86.5500,86.5700,86.5300,86.5300,3246000,74.2630
2020-06-16,86.5300,86.5600,86.5200,86.5200,5306400,74.2545
2020-06-17,86.5300,86.5500,86.5300,86.5500,3369600,74.2802
2020-06-18,86.5600,86.5600,86.5400,86.5400,2027100,74.2716
2020-06-19,86.5500,86.5800,86.5400,86.5600,3477600,74.2888
2020-06-22,86.5600,86.5700,86.5400,86.5400,2597900,74.2716
2020-06-23,86.5500,86.5600,86.5400,86.5600,2792100,74.2888
2020-06-24,86.5500,86.5700,86.5400,86.5700,2110900,74.2974
2020-06-25,86.5600,86.5800,86.5600,86.5700,1716500,74.2974
2020-06-26,86.5700,86.6100,86.5700,86.6000,4109900,74.3231
2020-06-29,86.6000,86.6200,86.5900,86.6200,2766100,74.3403
2020-06-30,86.6300,86.6300,86.6000,86.6100,4443400,74.3317
2020-07-01,86.5600,86.5600,86.5200,86.5200,4789400,74.3068
2020-07-02,86.5400,86.5600,86.5200,86.5600,2662800,74.3411
2020-07-06,86.5400,86.5500,86.5300,86.5300,3406700,74.3154
2020-07-07,86.5400,86.5500,86.5300,86.5500,2939000,74.3326
2020-07-08,86.5500,86.5600,86.5400,86.5500,3454900,74.3326
2020-07-09,86.5500,86.5700,86.5400,86.5700,2508600,74.3498
2020-07-10,86.5800,86.5800,86.5400,86.5400,2447400,74.3240
2020-07-13,86.5400,86.5500,86.5300,86.5400,2332100,74.3240
2020-07-14,86.5600,86.5700,86.5400,86.5500,2112500,74.3326
2020-07-15,86.5400,86.5600,86.5300,86.5600,4553200,74.3411
2020-07-16,86.5700,86.5800,86.5600,86.5600,1750100,74.3411
2020-07-17,86.5700,86.5800,86.5500,86.5800,2016200,74.3583
2020-07-20,86.5800,86.5800,86.5500,86.5600,3534600,74.3411
2020-07-21,86.5500,86.5800,86.5500,86.5800,4017900,74.3583
2020-07-22,86.5800,86.5800,86.5600,86.5700,3776600,74.3498
2020-07-23,86.5700,86.5800,86.5600,86.5700,2263100,74.3498
2020-07-24,86.5700,86.5800,86.5600,86.5800,3056000,74.3583
2020-07-27,86.5800,86.5800,86.5400,86.5500,2250900,74.3326
2020-07-28,86.5600,86.5800,86.5600,86.5700,3804400,74.3498
2020-07-29,86.5800,86.6000,86.5700,86.5900,2551300,74.3669
2020-07-30,86.6000,86.6200,86.6000,86.6200,2016900,74.3927
2020-07-31,86.6300,86.6300,86.6100,86.6300,3229400,74.4012
2020-08-03,86.5600,86.5800,86.5400,86.5800,2979500,74.4013
2020-08-04,86.5800,86.5900,86.5700,86.5900,2871000,74.4099
2020-08-05,86.5700,86.5800,86.5600,86.5700,3037500,74.3927
2020-08-06,86.5700,86.5900,86.5600,86.5700,1793300,74.3927
2020-08-07,86.5600,86.5700,86.5500,86.5600,3944500,74.3841
2020-08-10,86.5600,86.5600,86.5300,86.5400,2089800,74.3669
2020-08-11,86.5200,86.5300,86.4900,86.5200,3345700,74.3497
2020-08-12,86.5000,86.5100,86.4900,86.5000,4246900,74.3325
2020-08-13,86.4900,86.5000,86.4800,86.4900,2073800,74.3239
2020-08-14,86.5000,86.5200,86.4900,86.5000,2548600,74.3325
2020-08-17,86.5200,86.5200,86.5000,86.5100,2655100,74.3411
2020-08-18,86.5100,86.5300,86.5100,86.5200,2106500,74.3497
2020-08-19,86.5300,86.5300,86.5100,86.5200,2064900,74.3497
2020-08-20,86.5300,86.5400,86.5200,86.5200,2121000,74.3497
2020-08-21,86.5300,86.5400,86.5100,86.5100,3337600,74.3411
2020-08-24,86.5200,86.5300,86.5000,86.5000,2834100,74.3325
2020-08-25,86.4900,86.5100,86.4800,86.5100,1986600,74.3411
2020-08-26,86.5100,86.5100,86.4900,86.5100,2983300,74.3411
2020-08-27,86.5300,86.5400,86.4900,86.5000,2609000,74.3325
2020-08-28,86.5200,86.5500,86.5200,86.5300,3445500,74.3583
2020-08-31,86.5300,86.5600,86.5300,86.5600,2357200,74.3841
2020-09-01,86.4900,86.5000,86.4800,86.4900,3093600,74.3661
2020-09-02,86.4800,86.5000,86.4800,86.5000,3682600,74.3746
2020-09-03,86.5000,86.5200,86.4900,86.4900,2547200,74.3661
2020-09-04,86.4900,86.5000,86.4500,86.4600,2904300,74.3402
2020-09-08,86.4800,86.4900,86.4700,86.4700,2014700,74.3489
2020-09-09,86.4700,86.4800,86.4600,86.4800,3009100,74.3574
2020-09-10,86.4600,86.4900,86.4600,86.4700,2910000,74.3489
2020-09-11,86.4800,86.5100,86.4800,86.4900,2109800,74.3661
2020-09-14,86.5000,86.5000,86.4800,86.4800,1993000,74.3574
2020-09-15,86.4800,86.4900,86.4800,86.4900,2013100,74.3661
2020-09-16,86.4900,86.5000,86.4700,86.5000,2551200,74.3746
2020-09-17,86.5000,86.5100,86.4800,86.4800,2494700,74.3574
2020-09-18,86.5000,86.5100,86.4800,86.4900,2334200,74.3661
2020-09-21,86.5000,86.5000,86.4800,86.4800,3969100,74.3574
2020-09-22,86.4900,86.5000,86.4800,86.5000,2108400,74.3746
2020-09-23,86.4900,86.5000,86.4800,86.5000,3298200,74.3746
2020-09-24,86.4900,86.5000,86.4800,86.4900,2955200,74.3661
2020-09-25,86.5000,86.5100,86.5000,86.5000,1786000,74.3746
2020-09-28,86.5100,86.5100,86.4900,86.5100,2777700,74.3832
2020-09-29,86.5100,86.5200,86.5000,86.5000,2568900,74.3746
2020-09-30,86.5100,86.5100,86.4900,86.5100,3111800,74.3832
2020-10-01,86.4500,86.4700,86.4500,86.4500,3890800,74.3660
2020-10-02,86.4600,86.4700,86.4400,86.4600,3081300,74.3746
2020-10-05,86.4500,86.4500,86.4200,86.4300,3139800,74.3488
2020-10-06,86.4300,86.4400,86.4200,86.4300,2618100,74.3488
2020-10-07,86.4000,86.4200,86.4000,86.4200,3613200,74.3402
2020-10-08,86.4200,86.4300,86.4100,86.4200,1996700,74.3402
2020-10-09,86.4300,86.4300,86.4100,86.4200,1977700,74.3402
2020-10-12,86.4200,86.4400,86.4100,86.4400,2400900,74.3574
2020-10-13,86.4300,86.4500,86.4200,86.4300,5330600,74.3488
2020-10-14,86.4300,86.4500,86.4300,86.4300,8129500,74.3488
2020-10-15,86.4400,86.4600,86.4300,86.4500,6851500,74.3660
2020-10-16,86.4400,86.4500,86.4300,86.4400,1562100,74.3574
2020-10-19,86.4200,86.4400,86.4100,86.4400,2499200,74.3574
2020-10-20,86.4300,86.4400,86.4200,86.4300,1991800,74.3488
2020-10-21,86.4200,86.4300,86.4100,86.4300,1788700,74.3488
2020-10-22,86.4200,86.4300,86.4000,86.4000,3063300,74.3230
2020-10-23,86.4200,86.4300,86.4100,86.4100,2014300,74.3316
2020-10-26,86.4200,86.4300,86.4100,86.4200,2319200,74.3402
2020-10-27,86.4300,86.4400,86.4200,86.4200,1982000,74.3402
2020-10-28,86.4300,86.4400,86.4200,86.4200,4930200,74.3402
2020-10-29,86.4300,86.4400,86.4200,86.4400,3688800,74.3574
2020-10-30,86.4400,86.4400,86.4100,86.4300,3562300,74.3488
2020-11-02,86.3800,86.3900,86.3700,86.3900,3642500,74.3480
2020-11-03,86.3700,86.3800,86.3500,86.3700,1739600,74.3307
2020-11-04,86.3900,86.4100,86.3800,86.3900,4432600,74.3480
2020-11-05,86.3900,86.4000,86.3700,86.3700,4646000,74.3307
2020-11-06,86.3900,86.3900,86.3700,86.3800,2479200,74.3393
2020-11-09,86.3400,86.3500,86.3200,86.3500,5418600,74.3135
2020-11-10,86.3200,86.3400,86.3200,86.3400,3162200,74.3049
2020-11-11,86.3200,86.3300,86.3100,86.3200,2643200,74.2877
2020-11-12,86.3500,86.3600,86.3300,86.3300,3915800,74.2963
2020-11-13,86.3500,86.3600,86.3300,86.3300,3156800,74.2963
2020-11-16,86.3400,86.3600,86.3300,86.3500,3752900,74.3135
2020-11-17,86.3400,86.3600,86.3400,86.3400,3457900,74.3049
2020-11-18,86.3500,86.3600,86.3400,86.3400,2325200,74.3049
2020-11-19,86.3500,86.3700,86.3500,86.3600,1900700,74.3221
2020-11-20,86.3800,86.3800,86.3700,86.3700,1784700,74.3307
2020-11-23,86.3700,86.3800,86.3700,86.3700,1640500,74.3307
2020-11-24,86.3700,86.3800,86.3700,86.3800,2649500,74.3393
2020-11-25,86.3800,86.3900,86.3800,86.3900,2449800,74.3480
2020-11-27,86.3900,86.4000,86.3900,86.3900,1378900,74.3480
2020-11-30,86.4100,86.4100,86.3900,86.4100,3375300,74.3652
2020-12-01,86.3400,86.3500,86.3200,86.3300,6173900,74.3247
2020-12-02,86.3300,86.3500,86.3200,86.3500,2297100,74.3419
2020-12-03,86.3600,86.3700,86.3500,86.3700,2751900,74.3591
2020-12-04,86.3500,86.3600,86.3400,86.3600,2825200,74.3505
2020-12-07,86.3600,86.3800,86.3600,86.3800,3213900,74.3678
2020-12-08,86.3700,86.3800,86.3600,86.3600,2559800,74.3505
2020-12-09,86.3600,86.3600,86.3500,86.3500,2829000,74.3419
2020-12-10,86.3800,86.3900,86.3600,86.3700,2977700,74.3591
2020-12-11,86.4100,86.4200,86.4000,86.4200,1802200,74.4022
2020-12-14,86.4000,86.4200,86.4000,86.4100,2805200,74.3936
2020-12-15,86.4100,86.4200,86.4000,86.4100,1969300,74.3936
2020-12-16,86.4000,86.4100,86.4000,86.4100,1444700,74.3936
2020-12-17,86.3900,86.3900,86.3600,86.3800,2541200,74.3953
2020-12-18,86.3700,86.3800,86.3700,86.3700,2924100,74.3867
2020-12-21,86.3700,86.3800,86.3600,86.3700,2249100,74.3867
2020-12-22,86.3700,86.3900,86.3700,86.3700,1928400,74.3867
2020-12-23,86.3700,86.3900,86.3700,86.3900,2821600,74.4039
2020-12-24,86.3700,86.3900,86.3700,86.3700,1039500,74.3867
2020-12-28,86.3600,86.3800,86.3600,86.3800,1836400,74.3953
2020-12-29,86.3800,86.3800,86.3700,86.3800,2010600,74.3953
2020-12-30,86.3700,86.3900,86.3700,86.3900,1327500,74.4039
2020-12-31,86.3800,86.3900,86.3600,86.3800,1949900,74.3953
2021-01-04,86.3700,86.4000,86.3700,86.3900,2989300,74.4039
2021-01-05,86.3900,86.4000,86.3700,86.3900,2529400,74.4039
2021-01-06,86.3600,86.3700,86.3200,86.3400,2082000,74.3608
2021-01-07,86.3500,86.3600,86.3300,86.3600,4207700,74.3781
2021-01-08,86.3300,86.3500,86.3300,86.3500,2760300,74.3695
2021-01-11,86.3400,86.3500,86.3300,86.3400,2545700,74.3608
2021-01-12,86.3200,86.3400,86.3200,86.3400,4048300,74.3608
2021-01-13,86.3300,86.3400,86.3300,86.3300,2021800,74.3522
2021-01-14,86.3400,86.3500,86.3300,86.3400,3344000,74.3608
2021-01-15,86.3400,86.3600,86.3400,86.3500,3148300,74.3695
2021-01-19,86.3400,86.3800,86.3400,86.3800,3019500,74.3953
2021-01-20,86.3700,86.3800,86.3600,86.3700,2392300,74.3867
2021-01-21,86.3800,86.3900,86.3600,86.3800,1574700,74.3953
2021-01-22,86.3800,86.3900,86.3800,86.3800,4095800,74.3953
2021-01-25,86.3800,86.3900,86.3800,86.3900,2037500,74.4039
2021-01-26,86.4000,86.4000,86.3800,86.3800,2015500,74.3953
2021-01-27,86.4000,86.4100,86.3800,86.3800,3786800,74.3953
2021-01-28,86.3900,86.3900,86.3700,86.3700,2429600,74.3867
2021-01-29,86.3900,86.4000,86.3800,86.4000,3237800,74.4125
2021-02-01,86.3800,86.3800,86.3600,86.3800,3266300,74.4212
2021-02-02,86.3700,86.3700,86.3500,86.3500,2245400,74.3953
2021-02-03,86.3500,86.3600,86.3500,86.3600,2219000,74.4039
2021-02-04,86.3500,86.3600,86.3500,86.3600,1848200,74.4039
2021-02-05,86.3700,86.3800,86.3600,86.3800,1495900,74.4212
2021-02-08,86.3600,86.3700,86.3600,86.3700,2193100,74.4125
2021-02-09,86.3700,86.3700,86.3500,86.3500,1930700,74.3953
2021-02-10,86.3700,86.3700,86.3500,86.3600,3016100,74.4039
2021-02-11,86.3700,86.3700,86.3600,86.3600,2348600,74.4039
2021-02-12,86.3600,86.3800,86.3600,86.3700,3364600,74.4125
2021-02-16,86.3500,86.3600,86.3300,86.3400,3364200,74.3867
2021-02-17,86.3400,86.3600,86.3400,86.3600,2307600,74.4039
2021-02-18,86.3600,86.3700,86.3400,86.3600,2362300,74.4039
2021-02-19,86.3500,86.3700,86.3500,86.3700,2113900,74.4125
2021-02-22,86.3600,86.3600,86.3500,86.3500,3801600,74.3953
2021-02-23,86.3400,86.3600,86.3400,86.3600,9025900,74.4039
2021-02-24,86.3300,86.3400,86.3200,86.3400,2530000,74.3867
2021-02-25,86.2800,86.2800,86.1700,86.2100,4956100,74.2746
2021-02-26,86.2700,86.3200,86.2300,86.3200,5187500,74.3694
2021-03-01,86.2900,86.3000,86.2700,86.2900,3366700,74.3626
2021-03-02,86.2900,86.3100,86.2900,86.3100,5519200,74.3798
2021-03-03,86.2900,86.2900,86.2500,86.2600,2406100,74.3367
2021-03-04,86.2700,86.2800,86.2500,86.2600,2566100,74.3367
2021-03-05,86.2400,86.2600,86.2300,86.2600,4413600,74.3367
2021-03-08,86.2500,86.2500,86.2200,86.2300,2729700,74.3109
2021-03-09,86.2300,86.2300,86.2100,86.2300,3255500,74.3109
2021-03-10,86.2300,86.2600,86.2200,86.2600,2860000,74.3367
2021-03-11,86.2700,86.2700,86.2500,86.2600,3578500,74.3367
2021-03-12,86.2400,86.2500,86.2300,86.2500,1824700,74.3280
2021-03-15,86.2400,86.2600,86.2400,86.2600,2273700,74.3367
2021-03-16,86.2500,86.2600,86.2400,86.2600,1853600,74.3367
2021-03-17,86.2500,86.3100,86.2400,86.2800,3413300,74.3539
2021-03-18,86.2500,86.2700,86.2300,86.2700,4692000,74.3453
2021-03-19,86.2600,86.2900,86.2400,86.2700,3276300,74.3453
2021-03-22,86.2700,86.2700,86.2600,86.2600,2118500,74.3367
2021-03-23,86.2800,86.2800,86.2700,86.2700,3241300,74.3453
2021-03-24,86.2900,86.3000,86.2800,86.2900,2322600,74.3626
2021-03-25,86.3000,86.3100,86.2800,86.3000,2771400,74.3712
2021-03-26,86.2900,86.3100,86.2900,86.3000,3068700,74.3712
2021-03-29,86.2900,86.3000,86.2700,86.2800,2182000,74.3539
2021-03-30,86.2700,86.2800,86.2600,86.2800,2213800,74.3539
2021-03-31,86.2700,86.2700,86.2500,86.2500,4481000,74.3280
2021-04-01,86.2300,86.2500,86.2300,86.2300,3614300,74.3272
2021-04-05,86.1900,86.2200,86.1800,86.2100,3118200,74.3100
2021-04-06,86.2200,86.2400,86.2200,86.2300,2497100,74.3272
2021-04-07,86.2500,86.2600,86.2400,86.2400,3509100,74.3359
2021-04-08,86.2600,86.2700,86.2500,86.2700,2109800,74.3617
2021-04-09,86.2300,86.2600,86.2300,86.2400,2496200,74.3359
2021-04-12,86.2300,86.2400,86.2100,86.2200,1687100,74.3186
2021-04-13,86.2300,86.2500,86.2200,86.2500,1237100,74.3444
2021-04-14,86.2400,86.2500,86.2400,86.2500,1414000,74.3444
2021-04-15,86.2500,86.2700,86.2500,86.2700,1843200,74.3617
2021-04-16,86.2400,86.2600,86.2400,86.2600,1674900,74.3531
2021-04-19,86.2400,86.2600,86.2400,86.2500,2063900,74.3444
2021-04-20,86.2600,86.2800,86.2500,86.2700,2012700,74.3617
2021-04-21,86.2900,86.2900,86.2700,86.2900,2061000,74.3790
2021-04-22,86.2700,86.2800,86.2600,86.2800,4373500,74.3703
2021-04-23,86.2900,86.2900,86.2600,86.2600,1535200,74.3531
2021-04-26,86.2600,86.2600,86.2400,86.2400,1265800,74.3359
2021-04-27,86.2500,86.2500,86.2300,86.2300,1473000,74.3272
2021-04-28,86.2400,86.2600,86.2300,86.2500,2032700,74.3444
2021-04-29,86.2500,86.2700,86.2400,86.2700,1552900,74.3617
2021-04-30,86.2600,86.2800,86.2600,86.2800,2367400,74.3703
2021-05-03,86.2600,86.2700,86.2500,86.2600,2910400,74.3634
2021-05-04,86.2600,86.2800,86.2600,86.2600,1972900,74.3634
2021-05-05,86.2600,86.2800,86.2600,86.2800,1301900,74.3807
2021-05-06,86.2900,86.2900,86.2700,86.2800,1981300,74.3807
2021-05-07,86.3100,86.3200,86.3000,86.3100,1950300,74.4065
2021-05-10,86.2900,86.3000,86.2800,86.2800,2483700,74.3807
2021-05-11,86.2800,86.2900,86.2700,86.2700,2630000,74.3721
2021-05-12,86.2400,86.2600,86.2400,86.2600,4113100,74.3634
2021-05-13,86.2700,86.2800,86.2600,86.2800,5495200,74.3807
2021-05-14,86.2800,86.2900,86.2800,86.2800,3836400,74.3807
2021-05-17,86.2700,86.2900,86.2700,86.2800,3861000,74.3807
2021-05-18,86.2900,86.2900,86.2800,86.2900,3419200,74.3893
2021-05-19,86.3000,86.3000,86.2600,86.2600,5213300,74.3634
2021-05-20,86.2800,86.3000,86.2700,86.3000,4011000,74.3979
2021-05-21,86.3000,86.3000,86.2800,86.2800,1822400,74.3807
2021-05-24,86.2900,86.3000,86.2800,86.3000,2565300,74.3979
2021-05-25,86.3000,86.3100,86.2900,86.3000,2403900,74.3979
2021-05-26,86.3200,86.3200,86.3100,86.3200,1810700,74.4151
2021-05-27,86.3100,86.3200,86.3000,86.3200,1257900,74.4151
2021-05-28,86.3200,86.3300,86.3100,86.3200,2054600,74.4151
2021-06-01,86.2900,86.3100,86.2900,86.2900,2265800,74.3996
2021-06-02,86.3100,86.3100,86.2900,86.3000,1234900,74.4083
2021-06-03,86.2800,86.2900,86.2700,86.2700,1607800,74.3824
2021-06-04,86.2900,86.3000,86.2900,86.3000,2060600,74.4083
2021-06-07,86.2900,86.2900,86.2800,86.2900,1240100,74.3996
2021-06-08,86.3000,86.3100,86.3000,86.3100,1504400,74.4169
2021-06-09,86.3200,86.3200,86.2900,86.2900,2284000,74.3996
2021-06-10,86.2900,86.3200,86.2800,86.3200,1736300,74.4255
2021-06-11,86.3200,86.3200,86.3000,86.3000,1661000,74.4083
2021-06-14,86.2900,86.3000,86.2700,86.2700,3526800,74.3824
2021-06-15,86.2800,86.2800,86.2600,86.2600,12066300,74.3737
2021-06-16,86.2700,86.2800,86.1700,86.1800,2094700,74.3048
2021-06-17,86.2000,86.2000,86.1700,86.1800,2527100,74.3048
2021-06-18,86.1200,86.1300,86.0600,86.1100,4317700,74.2444
2021-06-21,86.0900,86.1300,86.0800,86.1300,5551300,74.2617
2021-06-22,86.1500,86.1800,86.1400,86.1800,2681300,74.3048
2021-06-23,86.1700,86.1700,86.1200,86.1200,2761200,74.2530
2021-06-24,86.1400,86.1400,86.1200,86.1300,1273500,74.2617
2021-06-25,86.1400,86.1400,86.1200,86.1200,1344300,74.2530
2021-06-28,86.1400,86.1500,86.1300,86.1500,1484900,74.2789
2021-06-29,86.1300,86.1500,86.1300,86.1400,1691200,74.2703
2021-06-30,86.1600,86.1600,86.1400,86.1600,2585800,74.2876
2021-07-01,86.1400,86.1400,86.1200,86.1300,2227100,74.2729
2021-07-02,86.1600,86.1700,86.1400,86.1700,1863400,74.3074
2021-07-06,86.1700,86.2100,86.1600,86.2000,3158600,74.3333
2021-07-07,86.1900,86.2100,86.1800,86.2100,1723000,74.3419
2021-07-08,86.2300,86.2600,86.2300,86.2500,1440800,74.3764
2021-07-09,86.2300,86.2400,86.2100,86.2200,1258000,74.3505
2021-07-12,86.2100,86.2200,86.1800,86.2000,1271000,74.3333
2021-07-13,86.1600,86.1600,86.1300,86.1300,2683300,74.2729
2021-07-14,86.1700,86.1900,86.1700,86.1900,1696000,74.3246
2021-07-15,86.2000,86.2000,86.1800,86.2000,1396300,74.3333
2021-07-16,86.1700,86.2100,86.1600,86.1900,1851600,74.3246
2021-07-19,86.2400,86.2800,86.2300,86.2300,9352500,74.3591
2021-07-20,86.2800,86.2900,86.2500,86.2700,2405300,74.3936
2021-07-21,86.2500,86.2600,86.2300,86.2400,2789500,74.3678
2021-07-22,86.2400,86.2600,86.2300,86.2500,2295700,74.3764
2021-07-23,86.2400,86.2600,86.2400,86.2600,1386800,74.3850
2021-07-26,86.2600,86.2600,86.2400,86.2400,2259200,74.3678
2021-07-27,86.2700,86.2700,86.2600,86.2600,1387000,74.3850
2021-07-28,86.2600,86.2800,86.2300,86.2700,2438500,74.3936
2021-07-29,86.2500,86.2700,86.2500,86.2700,1197600,74.3936
2021-07-30,86.2800,86.2900,86.2700,86.2900,2019300,74.4109
2021-08-02,86.2900,86.3200,86.2900,86.3100,3399900,74.4384
2021-08-03,86.3100,86.3200,86.3000,86.3100,1221700,74.4384
2021-08-04,86.3200,86.3400,86.2600,86.2800,1878600,74.4125
2021-08-05,86.2400,86.2500,86.2200,86.2400,1400000,74.3781
2021-08-06,86.2100,86.2200,86.2100,86.2100,2313700,74.3522
2021-08-09,86.2200,86.2300,86.1800,86.1800,1862800,74.3263
2021-08-10,86.1800,86.1900,86.1500,86.1500,1198100,74.3005
2021-08-11,86.1700,86.2000,86.1700,86.1900,1837300,74.3350
2021-08-12,86.1800,86.1900,86.1700,86.1900,1792800,74.3350
2021-08-13,86.1800,86.2100,86.1800,86.2000,1333000,74.3436
2021-08-16,86.2200,86.2400,86.2100,86.2200,1797100,74.3608
2021-08-17,86.2100,86.2300,86.2000,86.2000,1579600,74.3436
2021-08-18,86.2000,86.2200,86.1800,86.2000,2310100,74.3436
2021-08-19,86.2200,86.2200,86.1900,86.2000,1780800,74.3436
2021-08-20,86.2000,86.2100,86.1900,86.2000,1685300,74.3436
2021-08-23,86.1900,86.2000,86.1800,86.2000,1532500,74.3436
2021-08-24,86.2000,86.2000,86.1800,86.1900,1249900,74.3350
2021-08-25,86.2000,86.2000,86.1700,86.1800,1319600,74.3263
2021-08-26,86.1800,86.2000,86.1700,86.1800,2078600,74.3263
2021-08-27,86.2000,86.2400,86.1700,86.2400,2774900,74.3781
2021-08-30,86.2400,86.2700,86.2300,86.2600,1438000,74.3953
2021-08-31,86.2600,86.2600,86.2500,86.2500,2052200,74.3867
2021-09-01,86.2400,86.2400,86.2200,86.2300,1324600,74.3807
2021-09-02,86.2300,86.2400,86.2200,86.2300,1640100,74.3807
2021-09-03,86.2300,86.2400,86.2300,86.2300,1136600,74.3807
2021-09-07,86.2200,86.2200,86.2000,86.2000,1468700,74.3548
2021-09-08,86.2200,86.2300,86.2100,86.2200,1607200,74.3721
2021-09-09,86.2100,86.2400,86.2100,86.2400,1600700,74.3893
2021-09-10,86.2100,86.2300,86.2100,86.2100,1380200,74.3634
2021-09-13,86.2200,86.2300,86.2200,86.2300,1095900,74.3807
2021-09-14,86.2400,86.2500,86.2300,86.2400,1422900,74.3893
2021-09-15,86.2300,86.2400,86.2200,86.2400,1790500,74.3893
2021-09-16,86.2100,86.2200,86.2000,86.2100,1095300,74.3634
2021-09-17,86.2000,86.2000,86.1900,86.1900,2905000,74.3462
2021-09-20,86.2100,86.2200,86.2000,86.2100,2407400,74.3634
2021-09-21,86.2200,86.2400,86.2200,86.2300,1931300,74.3807
2021-09-22,86.2100,86.2300,86.1600,86.1800,1606100,74.3376
2021-09-23,86.1500,86.1600,86.1300,86.1300,2855800,74.2944
2021-09-24,86.1300,86.1400,86.1000,86.1000,1462800,74.2685
2021-09-27,86.1000,86.1100,86.0900,86.0900,1835300,74.2599
2021-09-28,86.1000,86.1100,86.0900,86.1000,2489500,74.2685
2021-09-29,86.1100,86.1300,86.1100,86.1300,3552100,74.2944
2021-09-30,86.1100,86.1500,86.1100,86.1500,4498600,74.3117
2021-10-01,86.1600,86.1800,86.1500,86.1800,3991700,74.3470
2021-10-04,86.1500,86.1600,86.1400,86.1400,12146800,74.3125
2021-10-05,86.1300,86.1400,86.1200,86.1300,3590900,74.3039
2021-10-06,86.1200,86.1200,86.1000,86.1200,3850200,74.2953
2021-10-07,86.1000,86.1000,86.0800,86.0900,2452100,74.2694
2021-10-08,86.1000,86.1000,86.0500,86.0600,1969600,74.2435
2021-10-11,86.0200,86.0400,85.9900,85.9900,2012100,74.1831
2021-10-12,86.0300,86.0400,86.0000,86.0300,1945700,74.2176
2021-10-13,85.9800,86.0100,85.9800,86.0000,2764300,74.1917
2021-10-14,86.0100,86.0200,85.9400,86.0000,3496500,74.1917
2021-10-15,85.9700,85.9900,85.9300,85.9500,2839800,74.1486
2021-10-18,85.8900,85.9200,85.8700,85.8900,2968700,74.0969
2021-10-19,85.9200,85.9400,85.9200,85.9200,1838600,74.1227
2021-10-20,85.9400,85.9500,85.9400,85.9500,2360700,74.1486
2021-10-21,85.8800,85.8900,85.8400,85.8500,2117400,74.0623
2021-10-22,85.8200,85.8300,85.7700,85.8300,3414900,74.0451
2021-10-25,85.8400,85.8800,85.8400,85.8700,1990400,74.0796
2021-10-26,85.8500,85.8600,85.8300,85.8500,2870300,74.0623
2021-10-27,85.8600,85.8700,85.7700,85.8300,4373600,74.0451
2021-10-28,85.8000,85.8800,85.7900,85.8400,2970000,74.0537
2021-10-29,85.7800,85.8800,85.7600,85.8500,3957900,74.0623
2021-11-01,85.7900,85.8200,85.7700,85.8000,5050500,74.0287
2021-11-02,85.8600,85.9000,85.8400,85.8900,2187800,74.1064
2021-11-03,85.8700,85.8900,85.7900,85.8700,3242400,74.0891
2021-11-04,85.9200,85.9900,85.9200,85.9500,3545800,74.1581
2021-11-05,85.9300,86.0000,85.9200,85.9900,2946700,74.1926
2021-11-08,85.9500,85.9600,85.8800,85.8900,2292900,74.1064
2021-11-09,85.9400,85.9600,85.9300,85.9400,1938700,74.1495
2021-11-10,85.8200,85.8400,85.7700,85.7700,5382400,74.0028
2021-11-11,85.7500,85.7600,85.7100,85.7100,1839100,73.9510
2021-11-12,85.7800,85.8000,85.7500,85.7800,3130800,74.0114
2021-11-15,85.7900,85.7900,85.7400,85.7700,2433500,74.0028
2021-11-16,85.7500,85.7800,85.6700,85.7700,1722500,74.0028
2021-11-17,85.7600,85.8000,85.7500,85.8000,1445900,74.0287
2021-11-18,85.7800,85.8100,85.7700,85.7900,1620300,74.0201
2021-11-19,85.8600,85.8800,85.7700,85.7700,2791100,74.0028
2021-11-22,85.6900,85.7100,85.6500,85.6700,3126600,73.9165
2021-11-23,85.6800,85.7000,85.6600,85.6700,2892300,73.9165
2021-11-24,85.6400,85.6600,85.6200,85.6500,1613400,73.8993
2021-11-26,85.8300,85.8900,85.8200,85.8200,2842700,74.0460
2021-11-29,85.8100,85.8600,85.7900,85.8600,3767900,74.0805
2021-11-30,85.9100,85.9600,85.7600,85.7900,6358600,74.0201
2021-12-01,85.6700,85.7500,85.6100,85.7500,10046200,74.0287
2021-12-02,85.6800,85.6900,85.6100,85.6400,4117900,73.9337
2021-12-03,85.6000,85.7100,85.5900,85.6900,2931600,73.9769
2021-12-06,85.6600,85.6700,85.6000,85.6200,4120400,73.9165
2021-12-07,85.5500,85.5600,85.5100,85.5100,4194600,73.8215
2021-12-08,85.4900,85.5400,85.4800,85.5400,2396700,73.8474
2021-12-09,85.5300,85.5600,85.5100,85.5100,1829300,73.8215
2021-12-10,85.5400,85.6100,85.5200,85.5500,1854400,73.8560
2021-12-13,85.5500,85.6200,85.5400,85.6000,2589400,73.8992
2021-12-14,85.5500,85.5800,85.5500,85.5500,3931700,73.8560
2021-12-15,85.5400,85.5800,85.4700,85.5800,5859800,73.8819
2021-12-16,85.5800,85.6300,85.5800,85.6300,2523500,73.9406
2021-12-17,85.6200,85.6500,85.5700,85.5900,2459300,73.9061
2021-12-20,85.6400,85.6700,85.6100,85.6100,5130600,73.9234
2021-12-21,85.5700,85.5800,85.5300,85.5600,2031700,73.8802
2021-12-22,85.5600,85.5700,85.5300,85.5500,3726000,73.8716
2021-12-23,85.5500,85.5500,85.5200,85.5400,1919700,73.8629
2021-12-27,85.4900,85.5100,85.4800,85.5100,2270700,73.8371
2021-12-28,85.5100,85.5300,85.5000,85.5100,3464800,73.8371
2021-12-29,85.5000,85.5200,85.4900,85.5000,3110300,73.8284
2021-12-30,85.5100,85.5500,85.5000,85.5500,1619100,73.8716
2021-12-31,85.5600,85.5700,85.5100,85.5400,2649500,73.8629
2022-01-03,85.4500,85.4600,85.4200,85.4400,5301700,73.7766
2022-01-04,85.4400,85.4900,85.4400,85.4900,2759300,73.8198
2022-01-05,85.4600,85.4600,85.3700,85.3800,2851800,73.7248
2022-01-06,85.3300,85.3400,85.2900,85.3100,3526800,73.6643
2022-01-07,85.2800,85.3200,85.2600,85.2900,2658000,73.6471
2022-01-10,85.2700,85.2800,85.2400,85.2400,4347300,73.6039
2022-01-11,85.1900,85.2700,85.1800,85.2700,15869300,73.6298
2022-01-12,85.2800,85.2800,85.2400,85.2400,7286200,73.6039
2022-01-13,85.2600,85.2900,85.2500,85.2800,3739100,73.6384
2022-01-14,85.2500,85.2500,85.1700,85.1700,2064800,73.5434
2022-01-18,85.0900,85.1000,85.0300,85.0400,3257300,73.4312
2022-01-19,85.0700,85.1200,85.0700,85.0800,3753500,73.4657
2022-01-20,85.0700,85.0800,85.0500,85.0600,2762400,73.4485
2022-01-21,85.1500,85.1700,85.1200,85.1300,5322600,73.5089
2022-01-24,85.1700,85.2400,85.1500,85.1800,7835800,73.5521
2022-01-25,85.1900,85.2100,85.1400,85.1400,4657100,73.5175
2022-01-26,85.1500,85.1800,84.9700,84.9900,10878900,73.3880
2022-01-27,84.9200,84.9600,84.9000,84.9200,7524900,73.3276
2022-01-28,84.9200,84.9700,84.9100,84.9500,4613200,73.3535
2022-01-31,84.9300,84.9700,84.9000,84.9500,7218500,73.3535
2022-02-01,84.9500,84.9500,84.8700,84.9200,13138500,73.3474
2022-02-02,84.9500,84.9700,84.9300,84.9400,5492000,73.3647
2022-02-03,84.9000,84.9000,84.8500,84.8700,3620800,73.3042
2022-02-04,84.7500,84.7500,84.6600,84.7000,9404700,73.1574
2022-02-07,84.7200,84.7300,84.6800,84.7200,3555700,73.1747
2022-02-08,84.6800,84.6900,84.6300,84.6300,14355600,73.0969
2022-02-09,84.6600,84.6700,84.6100,84.6200,2976900,73.0883
2022-02-10,84.4500,84.4600,84.1900,84.1900,5892000,72.7169
2022-02-11,84.3300,84.4500,84.2500,84.4500,5432400,72.9415
2022-02-14,84.2800,84.3300,84.2200,84.2700,4375400,72.7860
2022-02-15,84.2700,84.3200,84.2500,84.3000,2127700,72.8119
2022-02-16,84.3300,84.4200,84.3100,84.4100,3335200,72.9069
2022-02-17,84.4100,84.4600,84.4000,84.4600,4442900,72.9501
2022-02-18,84.4900,84.5200,84.4400,84.4700,2459400,72.9588
2022-02-22,84.4200,84.4400,84.3600,84.3900,3487300,72.8897
2022-02-23,84.3600,84.3900,84.3200,84.3400,4258700,72.8465
2022-02-24,84.5200,84.5400,84.3900,84.4100,4573600,72.9069
2022-02-25,84.3700,84.4100,84.3200,84.4100,4279100,72.9069
2022-02-28,84.5600,84.6300,84.5500,84.5600,5265300,73.0365
2022-03-01,84.7100,84.8600,84.6900,84.7300,7383600,73.2050
2022-03-02,84.6000,84.6100,84.4300,84.4500,5250800,72.9631
2022-03-03,84.4400,84.4900,84.4000,84.4500,6877400,72.9631
2022-03-04,84.5300,84.6000,84.5200,84.5400,2880500,73.0408
2022-03-07,84.4600,84.5100,84.4300,84.4300,6302700,72.9458
2022-03-08,84.3800,84.4100,84.3000,84.3200,5585700,72.8507
2022-03-09,84.2600,84.2900,84.2300,84.2700,4988900,72.8075
2022-03-10,84.2000,84.2100,84.1600,84.2000,4780300,72.7470
2022-03-11,84.1700,84.1800,84.1200,84.1700,2620800,72.7211
2022-03-14,84.0300,84.0500,83.9500,83.9500,3874900,72.5311
2022-03-15,84.0800,84.0900,83.9700,83.9800,4999800,72.5570
2022-03-16,83.9600,83.9800,83.7600,83.9000,5365100,72.4879
2022-03-17,83.8600,83.9000,83.8400,83.8700,4453400,72.4619
2022-03-18,83.8300,83.8700,83.8200,83.8500,4946500,72.4447
2022-03-21,83.7400,83.7600,83.5600,83.5700,5342500,72.2027
2022-03-22,83.4800,83.5400,83.4600,83.5100,2931500,72.1509
2022-03-23,83.5600,83.6100,83.5200,83.5800,4184400,72.2114
2022-03-24,83.5500,83.5700,83.5000,83.5600,3311200,72.1941
2022-03-25,83.4400,83.4400,83.2700,83.3300,4601800,71.9954
2022-03-28,83.2800,83.3200,83.2500,83.2500,2991200,71.9263
2022-03-29,83.2800,83.3400,83.2300,83.2900,4640300,71.9608
2022-03-30,83.2800,83.3700,83.2700,83.3500,5826600,72.0127
2022-03-31,83.3800,83.4200,83.3400,83.3500,5328800,72.0127
2022-04-01,83.1300,83.1900,83.1100,83.1400,10292300,71.8623
2022-04-04,83.1700,83.2000,83.1200,83.1900,5015400,71.9055
2022-04-05,83.1400,83.1400,83.0200,83.0400,4694600,71.7758
2022-04-06,83.0100,83.1900,82.9900,83.1000,7479700,71.8277
2022-04-07,83.1600,83.2100,83.1200,83.1600,6184500,71.8796
2022-04-08,83.0500,83.1200,83.0500,83.0600,4539500,71.7931
2022-04-11,83.0300,83.1100,83.0200,83.0800,6705400,71.8104
2022-04-12,83.2100,83.3100,83.1900,83.2900,5658800,71.9919
2022-04-13,83.3600,83.4600,83.3100,83.3300,4808100,72.0265
2022-04-14,83.2600,83.2800,83.1600,83.1800,4336200,71.8969
2022-04-18,83.2000,83.2100,83.1600,83.1800,4100100,71.8969
2022-04-19,83.0800,83.1100,82.9700,82.9900,5811000,71.7326
2022-04-20,83.0000,83.0500,82.9800,83.0400,6121600,71.7758
2022-04-21,82.9500,82.9500,82.8200,82.9000,7119600,71.6548
2022-04-22,82.7600,82.9200,82.7600,82.8800,5426000,71.6375
2022-04-25,83.0500,83.1600,82.9900,83.0100,5772300,71.7499
2022-04-26,83.1400,83.1800,83.1000,83.1600,6670600,71.8796
2022-04-27,83.2100,83.2200,83.0800,83.1200,8770900,71.8450
2022-04-28,83.0500,83.0700,82.9800,83.0600,4671300,71.7931
2022-04-29,82.8900,82.9800,82.8900,82.9000,8047300,71.6548
2022-05-02,82.8700,82.8900,82.8300,82.8500,10907500,71.6497
2022-05-03,82.8800,82.9000,82.7800,82.8100,7556800,71.6150
2022-05-04,82.7300,83.0400,82.6700,83.0300,11387900,71.8053
2022-05-05,82.9300,82.9500,82.8400,82.8900,6415700,71.6842
2022-05-06,82.8900,83.0000,82.8600,82.8800,6375000,71.6756
2022-05-09,83.0000,83.1100,82.9900,83.0900,6956200,71.8572
2022-05-10,83.1100,83.1300,83.0300,83.0400,10070100,71.8139
2022-05-11,82.9800,83.0900,82.9200,83.0500,7797800,71.8226
2022-05-12,83.1400,83.2400,83.1100,83.1700,5231400,71.9264
2022-05-13,83.1100,83.1400,83.0700,83.1400,5002600,71.9004
2022-05-16,83.1700,83.2300,83.1600,83.1900,4515800,71.9437
2022-05-17,83.0300,83.1100,82.9900,83.0100,3569200,71.7880
2022-05-18,82.9800,83.1100,82.9700,83.0500,3613800,71.8226
2022-05-19,83.2200,83.2200,83.1400,83.1700,4523400,71.9264
2022-05-20,83.1800,83.2900,83.1600,83.2300,4869500,71.9783
2022-05-23,83.2200,83.2400,83.1600,83.1900,3648100,71.9437
2022-05-24,83.2600,83.4200,83.2500,83.3800,4830000,72.1080
2022-05-25,83.4800,83.4800,83.3900,83.4400,3377200,72.1599
2022-05-26,83.5100,83.5300,83.4300,83.4600,5493200,72.1772
2022-05-27,83.4900,83.5000,83.4400,83.4800,6058600,72.1945
2022-05-31,83.3900,83.3900,83.3200,83.3500,8197900,72.0820
2022-06-01,83.2400,83.2700,83.1000,83.1300,10980900,71.9479
2022-06-02,83.1600,83.1800,83.1100,83.1500,5243200,71.9652
2022-06-03,83.1000,83.1400,83.1000,83.1200,3224000,71.9393
2022-06-06,83.0800,83.0800,83.0100,83.0100,3584900,71.8440
2022-06-07,83.0500,83.0800,83.0100,83.0200,3944900,71.8527
2022-06-08,82.9900,83.0100,82.9600,82.9600,4133100,71.8008
2022-06-09,82.9300,82.9600,82.8800,82.9000,5332600,71.7488
2022-06-10,82.7200,82.7400,82.5500,82.5500,6124200,71.4459
2022-06-13,82.3100,82.3400,82.0100,82.1300,8794300,71.0824
2022-06-14,82.1500,82.1800,81.9400,81.9700,8106200,70.9440
2022-06-15,82.1300,82.3400,82.0000,82.2900,9018300,71.2209
2022-06-16,82.1900,82.4300,82.1600,82.4000,8076400,71.3161
2022-06-17,82.4300,82.4400,82.2900,82.3800,8188800,71.2988
2022-06-21,82.3300,82.3600,82.3100,82.3500,5443800,71.2728
2022-06-22,82.5300,82.5900,82.5100,82.5900,4110700,71.4805
2022-06-23,82.7400,82.8600,82.6500,82.6600,6229400,71.5412
2022-06-24,82.6100,82.7300,82.5900,82.6400,6103300,71.5238
2022-06-27,82.5500,82.6200,82.4800,82.5500,7376400,71.4459
2022-06-28,82.5100,82.5400,82.4900,82.5300,4399500,71.4286
2022-06-29,82.5300,82.6400,82.5200,82.6300,4170700,71.5152
2022-06-30,82.7600,82.8500,82.7400,82.7900,16742600,71.6536
2022-07-01,82.9200,83.0700,82.8900,82.9600,9559300,71.8693
2022-07-05,82.9800,83.0100,82.9300,82.9500,9888800,71.8607
2022-07-06,82.9700,82.9700,82.7100,82.7200,4883800,71.6614
2022-07-07,82.7200,82.7200,82.6100,82.6600,4906300,71.6095
2022-07-08,82.5800,82.5900,82.5200,82.5600,3249100,71.5228
2022-07-11,82.6400,82.6900,82.5800,82.5900,16663800,71.5488
2022-07-12,82.6900,82.7300,82.6200,82.6300,6373100,71.5835
2022-07-13,82.4400,82.6400,82.4300,82.5400,11769700,71.5055
2022-07-14,82.3800,82.5700,82.3400,82.5100,6656800,71.4795
2022-07-15,82.5000,82.6300,82.4900,82.5700,5961500,71.5315
2022-07-18,82.5200,82.5400,82.4700,82.5200,2608200,71.4882
2022-07-19,82.5300,82.5400,82.4200,82.4300,9115200,71.4102
2022-07-20,82.5100,82.5100,82.4100,82.4200,5453600,71.4015
2022-07-21,82.5400,82.6700,82.5200,82.6500,5850000,71.6008
2022-07-22,82.8200,82.9500,82.8100,82.8600,6038100,71.7827
2022-07-25,82.7900,82.8300,82.7700,82.7900,20449500,71.7221
2022-07-26,82.8700,82.8800,82.7500,82.7500,2854600,71.6874
2022-07-27,82.7700,82.9100,82.7300,82.8800,7051600,71.8000
2022-07-28,83.0800,83.1000,83.0100,83.0600,5573700,71.9560
2022-07-29,83.0000,83.0900,82.9800,83.0500,5546100,71.9473
2022-08-01,82.9600,82.9800,82.9000,82.9600,6463000,71.9456
2022-08-02,82.9500,82.9700,82.6700,82.6700,14265300,71.6941
2022-08-03,82.6500,82.7000,82.5100,82.7000,6485500,71.7201
2022-08-04,82.7200,82.8300,82.6900,82.8100,5411500,71.8155
2022-08-05,82.5000,82.5400,82.4500,82.4700,5049700,71.5206
2022-08-08,82.5300,82.5600,82.5100,82.5500,6868900,71.5900
2022-08-09,82.4800,82.4900,82.4400,82.4700,3742100,71.5206
2022-08-10,82.6700,82.7200,82.5400,82.5500,6820900,71.5900
2022-08-11,82.6600,82.6900,82.5200,82.5200,4071500,71.5640
2022-08-12,82.6100,82.6200,82.5100,82.5400,4782800,71.5814
2022-08-15,82.6200,82.6500,82.5900,82.6100,17015900,71.6420
2022-08-16,82.5900,82.5900,82.5300,82.5400,3249300,71.5814
2022-08-17,82.4200,82.4900,82.3900,82.4700,4162400,71.5206
2022-08-18,82.5600,82.6100,82.5200,82.5900,3648300,71.6247
2022-08-19,82.5100,82.5400,82.4800,82.5300,4519300,71.5727
2022-08-22,82.4600,82.4900,82.4000,82.4200,3739700,71.4773
2022-08-23,82.4400,82.5700,82.4100,82.4600,4227600,71.5120
2022-08-24,82.4300,82.4500,82.3700,82.3700,4551800,71.4339
2022-08-25,82.4400,82.4600,82.4000,82.4200,3026400,71.4773
2022-08-26,82.4100,82.4500,82.3400,82.4000,4304000,71.4599
2022-08-29,82.3800,82.3900,82.3300,82.3400,3656100,71.4079
2022-08-30,82.3200,82.3600,82.2500,82.3000,4626200,71.3732
2022-08-31,82.3100,82.3500,82.2700,82.2900,5424100,71.3645
2022-09-01,82.1400,82.1900,82.0700,82.1300,6728700,71.3125
2022-09-02,82.2900,82.3400,82.2400,82.3100,4105600,71.4687
2022-09-06,82.1900,82.2000,82.1300,82.1300,4991800,71.3125
2022-09-07,82.1800,82.2500,82.1600,82.2500,4425300,71.4166
2022-09-08,82.2000,82.2200,82.1400,82.1500,4979800,71.3298
2022-09-09,82.1500,82.1800,82.0500,82.0800,4072200,71.2690
2022-09-12,82.1300,82.1400,82.0500,82.0700,3139400,71.2603
2022-09-13,81.8200,81.8500,81.7400,81.7900,6543600,71.0172
2022-09-14,81.7200,81.7900,81.7100,81.7200,4744800,70.9564
2022-09-15,81.6700,81.6900,81.6300,81.6300,3592100,70.8783
2022-09-16,81.6000,81.7000,81.5900,81.6700,4366200,70.9130
2022-09-19,81.5500,81.6000,81.5300,81.5800,4378200,70.8349
2022-09-20,81.5400,81.6700,81.5100,81.5400,15975300,70.8002
2022-09-21,81.5400,81.5500,81.3200,81.4700,4475800,70.7394
2022-09-22,81.3800,81.3900,81.2800,81.3200,6605100,70.6091
2022-09-23,81.3200,81.3400,81.2000,81.2200,10192800,70.5223
2022-09-26,81.1800,81.2000,81.0000,81.0400,6145800,70.3660
2022-09-27,81.1100,81.1200,81.0100,81.0400,15088300,70.3660
2022-09-28,81.3000,81.3900,81.2300,81.3900,7793400,70.6699
2022-09-29,81.2500,81.3100,81.1900,81.2800,4734800,70.5744
2022-09-30,81.2900,81.3500,81.1800,81.2100,8447100,70.5136
2022-10-03,81.2700,81.4100,81.2300,81.2800,8906600,70.6684
2022-10-04,81.3300,81.4100,81.2900,81.3100,6219800,70.6944
2022-10-05,81.2200,81.2600,81.1600,81.2300,7175900,70.6249
2022-10-06,81.2300,81.2400,81.1300,81.1300,5100100,70.5380
2022-10-07,81.0600,81.0800,81.0300,81.0300,4619000,70.4510
2022-10-10,81.0400,81.0500,80.9600,81.0000,2934800,70.4249
2022-10-11,81.0700,81.1200,81.0400,81.0400,3836500,70.4597
2022-10-12,81.0600,81.1300,81.0500,81.1200,8787600,70.5293
2022-10-13,80.8000,80.9800,80.7900,80.8800,5751300,70.3206
2022-10-14,80.9700,80.9900,80.8200,80.8400,5506000,70.2858
2022-10-17,80.9800,80.9900,80.9200,80.9300,4013800,70.3641
2022-10-18,81.0100,81.0200,80.9200,80.9700,7012000,70.3988
2022-10-19,80.8500,80.8800,80.8100,80.8200,4349100,70.2684
2022-10-20,80.7700,80.8200,80.7300,80.7300,5797300,70.1902
2022-10-21,80.8300,80.9900,80.8000,80.9400,5180300,70.3728
2022-10-24,80.9000,80.9700,80.8700,80.9200,3680100,70.3554
2022-10-25,81.0400,81.0900,80.9800,81.0000,5113300,70.4249
2022-10-26,81.0200,81.1100,81.0100,81.0700,6039900,70.4858
2022-10-27,81.1600,81.2500,81.1200,81.2400,4010800,70.6336
2022-10-28,81.1400,81.1900,81.0900,81.1200,4464100,70.5293
2022-10-31,81.0100,81.0300,80.9600,81.0000,6845900,70.4249
2022-11-01,80.9800,80.9900,80.7800,80.7800,5349700,70.3561
2022-11-02,80.8300,80.9600,80.6900,80.7400,5714700,70.3213
2022-11-03,80.5600,80.6400,80.5600,80.5900,4834000,70.1906
2022-11-04,80.6300,80.7100,80.5700,80.6800,4347200,70.2690
2022-11-07,80.6400,80.6400,80.6000,80.6100,4391400,70.2080
2022-11-08,80.6500,80.7100,80.6400,80.6900,7092100,70.2777
2022-11-09,80.7200,80.8400,80.7000,80.8200,4587600,70.3910
2022-11-10,81.1700,81.2900,81.1600,81.2600,6631600,70.7742
2022-11-11,81.1900,81.2800,81.1700,81.2400,4246000,70.7568
2022-11-14,81.1600,81.1700,81.1100,81.1700,7192100,70.6958
2022-11-15,81.2500,81.2600,81.1800,81.2500,21231100,70.7655
2022-11-16,81.2900,81.3000,81.2400,81.2600,8253300,70.7742
2022-11-17,81.1900,81.1900,81.1200,81.1600,5450000,70.6871
2022-11-18,81.1500,81.1800,81.0700,81.0700,4372600,70.6087
2022-11-21,81.1300,81.1400,81.0400,81.0500,3435700,70.5913
2022-11-22,81.1000,81.1200,81.0600,81.1100,3421500,70.6435
2022-11-23,81.1000,81.1900,81.0800,81.1800,4071000,70.7045
2022-11-25,81.1600,81.2000,81.1500,81.1900,1539000,70.7132
2022-11-28,81.2100,81.2500,81.1900,81.2100,4330000,70.7306
2022-11-29,81.2100,81.2300,81.1800,81.1800,4708500,70.7045
2022-11-30,81.1400,81.4200,81.1100,81.4200,10368900,70.9136
2022-12-01,81.3000,81.4300,81.2700,81.4300,23602200,71.0663
2022-12-02,81.2900,81.4200,81.2400,81.4100,5163300,71.0488
2022-12-05,81.3200,81.3300,81.1800,81.1800,6591300,70.8481
2022-12-06,81.2200,81.2900,81.2100,81.2700,4237200,70.9266
2022-12-07,81.3700,81.4500,81.3500,81.4400,5160400,71.0750
2022-12-08,81.3900,81.4200,81.3500,81.3600,4121000,71.0052
2022-12-09,81.3500,81.4000,81.3200,81.3200,4623400,70.9703
2022-12-12,81.3600,81.3700,81.2400,81.2700,4593800,70.9266
2022-12-13,81.5900,81.6200,81.4900,81.5100,5790700,71.1361
2022-12-14,81.5800,81.6200,81.4300,81.5200,5651700,71.1448
2022-12-15,81.3900,81.4000,81.3100,81.3500,6162800,71.1544
2022-12-16,81.3000,81.4800,81.2900,81.4300,3987700,71.2244
2022-12-19,81.4000,81.4000,81.3300,81.3300,4845600,71.1370
2022-12-20,81.2900,81.3500,81.2700,81.3300,3735600,71.1370
2022-12-21,81.4200,81.4300,81.3800,81.4100,5219300,71.2069
2022-12-22,81.3900,81.4500,81.3600,81.3600,6612800,71.1632
2022-12-23,81.3100,81.3400,81.3000,81.3200,2737200,71.1282
2022-12-27,81.2500,81.2600,81.1600,81.2100,3969500,71.0320
2022-12-28,81.2300,81.2500,81.2100,81.2100,4308900,71.0320
2022-12-29,81.2600,81.2800,81.2300,81.2700,4149000,71.0845
2022-12-30,81.2000,81.2700,81.1600,81.1700,6051600,70.9970
2023-01-03,81.2900,81.3000,81.2100,81.2400,7190500,71.0582
2023-01-04,81.3600,81.3800,81.2800,81.3200,4098500,71.1282
2023-01-05,81.1800,81.2500,81.1500,81.2100,4879300,71.0320
2023-01-06,81.2900,81.5300,81.2600,81.5200,6357400,71.3031
2023-01-09,81.5300,81.6200,81.5300,81.6000,6204800,71.3731
2023-01-10,81.5300,81.5500,81.4800,81.5300,3993000,71.3119
2023-01-11,81.5300,81.6100,81.5200,81.6000,6779700,71.3731
2023-01-12,81.7400,81.7900,81.6800,81.7800,5571100,71.5306
2023-01-13,81.7200,81.7600,81.6200,81.6400,4546500,71.4081
2023-01-17,81.6600,81.7200,81.6500,81.6900,5843400,71.4518
2023-01-18,81.8600,81.8900,81.8300,81.8700,4551600,71.6093
2023-01-19,81.8600,81.8800,81.8200,81.8500,4791800,71.5918
2023-01-20,81.7700,81.7900,81.7300,81.7800,4042100,71.5306
2023-01-23,81.7300,81.7500,81.6800,81.7000,5559300,71.4606
2023-01-24,81.7000,81.7600,81.6700,81.7300,4179100,71.4868
2023-01-25,81.7600,81.8100,81.7500,81.7800,3169400,71.5306
2023-01-26,81.7600,81.7800,81.7200,81.7300,5417000,71.4868
2023-01-27,81.7100,81.7300,81.6900,81.7300,3822700,71.4868
2023-01-30,81.6700,81.6700,81.6400,81.6500,6446200,71.4169
2023-01-31,81.7400,81.8000,81.6900,81.8000,7241100,71.5480
2023-02-01,81.6400,81.7900,81.5300,81.7900,8447400,71.6724
2023-02-02,81.8500,81.8600,81.7700,81.8000,10328800,71.6812
2023-02-03,81.6000,81.6300,81.5000,81.5000,7167500,71.4183
2023-02-06,81.3500,81.3800,81.2700,81.2700,4079000,71.2168
2023-02-07,81.3300,81.4200,81.2700,81.3100,4900000,71.2519
2023-02-08,81.3300,81.3600,81.2900,81.3400,5112700,71.2781
2023-02-09,81.3800,81.3900,81.2600,81.2800,4328600,71.2256
2023-02-10,81.3100,81.3200,81.2400,81.2400,5046300,71.1905
2023-02-13,81.2100,81.2600,81.2100,81.2600,4934400,71.2080
2023-02-14,81.1600,81.1900,81.0900,81.0900,7889600,71.0590
2023-02-15,81.1000,81.1400,81.0800,81.1000,5025800,71.0678
2023-02-16,81.1200,81.1700,81.0800,81.1100,6081600,71.0766
2023-02-17,81.1000,81.1800,81.0800,81.1800,3773700,71.1379
2023-02-21,81.0800,81.1000,81.0200,81.0200,6391400,70.9977
2023-02-22,81.0800,81.1100,81.0400,81.0600,3889600,71.0328
2023-02-23,81.0800,81.1200,81.0500,81.1100,4072900,71.0766
2023-02-24,80.9800,80.9900,80.9100,80.9400,4189600,70.9276
2023-02-27,81.0000,81.0100,80.9700,81.0100,3246600,70.9890
2023-02-28,80.9600,81.0100,80.9300,80.9900,3978100,70.9714
2023-03-01,80.7600,80.7900,80.6700,80.6800,5386100,70.8415
2023-03-02,80.6600,80.7200,80.6400,80.7100,6623600,70.8678
2023-03-03,80.7700,80.7700,80.6800,80.7600,6045000,70.9117
2023-03-06,80.8000,80.8000,80.7100,80.7200,3862300,70.8766
2023-03-07,80.7500,80.7600,80.5400,80.5500,6748700,70.7273
2023-03-08,80.5900,80.6300,80.4800,80.5100,7627900,70.6922
2023-03-09,80.6500,80.7900,80.6300,80.7700,6480300,70.9205
2023-03-10,81.0900,81.2200,81.0000,81.2100,10588600,71.3068
2023-03-13,81.8500,82.0500,81.6900,82.0200,12061400,72.0181
2023-03-14,81.6800,81.8100,81.4900,81.7100,18453100,71.7459
2023-03-15,82.2500,82.4100,82.0100,82.1900,13411600,72.1673
2023-03-16,82.2400,82.2900,81.8200,81.8600,8516600,71.8776
2023-03-17,82.0100,82.3700,82.0000,82.2700,8629700,72.2376
2023-03-20,82.3500,82.3700,82.0900,82.1700,4907700,72.1498
2023-03-21,81.9100,82.0000,81.8400,81.8600,4840900,71.8776
2023-03-22,81.8300,82.2600,81.7800,82.2400,8003600,72.2112
2023-03-23,82.3000,82.5200,82.2400,82.4800,4930700,72.4220
2023-03-24,82.7000,82.7400,82.4700,82.5200,8638700,72.4571
2023-03-27,82.2300,82.2900,82.1500,82.1700,3942500,72.1498
2023-03-28,82.1100,82.1400,82.0500,82.0800,9564900,72.0707
2023-03-29,82.0000,82.1000,81.9900,82.0500,4047500,72.0444
2023-03-30,81.9700,82.0600,81.9700,82.0600,4077300,72.0532
2023-03-31,82.0300,82.1600,82.0100,82.1600,6451500,72.1410
2023-04-03,81.9000,82.0800,81.8700,82.0800,9610600,72.2290
2023-04-04,82.0000,82.3000,82.0000,82.2700,4905400,72.3962
2023-04-05,82.4400,82.6100,82.3700,82.3800,7535500,72.4930
2023-04-06,82.3900,82.4400,82.3300,82.3500,4666600,72.4666
2023-04-10,82.1000,82.1200,82.0500,82.0600,3702300,72.2114
2023-04-11,82.1000,82.1000,81.9800,82.0500,2725400,72.2026
2023-04-12,82.1800,82.2000,82.0800,82.1400,6091300,72.2818
2023-04-13,82.2600,82.3000,82.1700,82.1900,3350600,72.3258
2023-04-14,82.0500,82.0500,81.9600,82.0000,3161000,72.1586
2023-04-17,81.9300,81.9400,81.8500,81.8800,3293300,72.0530
2023-04-18,81.8800,81.9400,81.8400,81.8600,3581200,72.0354
2023-04-19,81.8300,81.8500,81.7800,81.7900,5923200,71.9738
2023-04-20,81.9600,82.0000,81.9400,81.9900,4592300,72.1498
2023-04-21,82.0700,82.0800,81.9300,81.9400,3348200,72.1058
2023-04-24,81.9900,82.0500,81.9900,82.0300,1906000,72.1850
2023-04-25,82.1800,82.3800,82.1700,82.3500,3373400,72.4666
2023-04-26,82.3500,82.3600,82.1900,82.2500,4804200,72.3786
2023-04-27,82.1500,82.1800,82.0500,82.0900,3452200,72.2378
2023-04-28,82.1600,82.1800,82.1000,82.1800,4325300,72.3170
2023-05-01,81.9000,81.9000,81.8000,81.8100,3339700,72.1591
2023-05-02,81.8400,82.1400,81.8300,82.0800,5394100,72.3973
2023-05-03,82.1400,82.2900,82.1100,82.2800,4568800,72.5737
2023-05-04,82.2800,82.6000,82.2800,82.4100,8624900,72.6883
2023-05-05,82.2700,82.2800,82.1700,82.2100,3375100,72.5119
2023-05-08,82.1000,82.1700,82.0800,82.0800,3166700,72.3973
2023-05-09,82.0800,82.0900,82.0200,82.0600,4479100,72.3796
2023-05-10,82.1800,82.3100,82.1600,82.2600,4931800,72.5560
2023-05-11,82.4200,82.4300,82.2900,82.3100,7866500,72.6001
2023-05-12,82.2900,82.3100,82.1600,82.1700,8635100,72.4766
2023-05-15,82.1700,82.1900,82.1500,82.1800,3605100,72.4854
2023-05-16,82.1200,82.1400,82.0200,82.0800,6905300,72.3973
2023-05-17,82.0600,82.0700,81.9500,81.9900,4660300,72.3178
2023-05-18,81.8900,81.9200,81.8200,81.8400,4385700,72.1856
2023-05-19,81.7800,81.9400,81.7200,81.7800,5650300,72.1327
2023-05-22,81.8000,81.8600,81.7300,81.7500,4024300,72.1062
2023-05-23,81.7000,81.7700,81.6600,81.7400,8964000,72.0974
2023-05-24,81.7500,81.7600,81.6200,81.6400,5761400,72.0092
2023-05-25,81.5700,81.6200,81.4500,81.4600,7552600,71.8504
2023-05-26,81.4100,81.4500,81.3300,81.4400,3728700,71.8328
2023-05-30,81.4700,81.6100,81.4400,81.6000,4441800,71.9739
2023-05-31,81.6400,81.7200,81.5900,81.6800,7230400,72.0444
2023-06-01,81.5500,81.6400,81.5400,81.6100,5119300,72.1567
2023-06-02,81.5200,81.5300,81.3400,81.3800,9465300,71.9534
2023-06-05,81.3100,81.4900,81.2800,81.4000,5934100,71.9711
2023-06-06,81.4000,81.4200,81.3300,81.3600,4313400,71.9357
2023-06-07,81.3500,81.3800,81.2500,81.3000,6869400,71.8826
2023-06-08,81.4100,81.4700,81.3800,81.4300,4306300,71.9976
2023-06-09,81.3500,81.3500,81.2800,81.2800,4022200,71.8650
2023-06-12,81.3400,81.3500,81.2800,81.3500,3824300,71.9269
2023-06-13,81.4400,81.4400,81.1700,81.2000,4872200,71.7942
2023-06-14,81.2900,81.3100,81.0400,81.1500,6175900,71.7500
2023-06-15,81.2900,81.3300,81.2500,81.3200,6384600,71.9003
2023-06-16,81.1800,81.2400,81.1200,81.2100,5079900,71.8031
2023-06-20,81.2200,81.3000,81.2200,81.2400,4787500,71.8296
2023-06-21,81.1900,81.2800,81.1800,81.2400,20688500,71.8296
2023-06-22,81.2200,81.2600,81.1400,81.1500,4198700,71.7500
2023-06-23,81.3000,81.3300,81.1900,81.2200,3892900,71.8119
2023-06-26,81.2900,81.3000,81.2300,81.2800,3101500,71.8650
2023-06-27,81.2700,81.3100,81.1400,81.1600,3574100,71.7589
2023-06-28,81.2000,81.2500,81.1500,81.2500,4298900,71.8384
2023-06-29,81.0600,81.0700,81.0200,81.0500,4646400,71.6616
2023-06-30,81.0800,81.0900,81.0300,81.0800,6958700,71.6881
2023-07-03,80.8200,80.9100,80.7700,80.7800,3600000,71.6048
2023-07-05,80.8300,80.8400,80.7500,80.7600,6037200,71.5871
2023-07-06,80.6400,80.7200,80.5500,80.7100,8592000,71.5428
2023-07-07,80.7700,80.8700,80.7600,80.8000,3944100,71.6225
2023-07-10,80.8400,80.9400,80.8300,80.9200,2858000,71.7289
2023-07-11,80.9100,80.9400,80.8900,80.9100,3658500,71.7200
2023-07-12,81.1200,81.1800,81.1000,81.1500,5068800,71.9328
2023-07-13,81.3200,81.3800,81.2800,81.3800,4954800,72.1367
2023-07-14,81.2700,81.3000,81.1700,81.1700,4248900,71.9505
2023-07-17,81.2100,81.2300,81.1700,81.2000,4027500,71.9771
2023-07-18,81.2800,81.3100,81.1900,81.2000,2590600,71.9771
2023-07-19,81.2500,81.2700,81.1900,81.2300,7015800,72.0037
2023-07-20,81.1300,81.1500,81.0700,81.1300,8745700,71.9151
2023-07-21,81.1400,81.1600,81.1000,81.1400,3891900,71.9239
2023-07-24,81.1500,81.1700,81.0400,81.0400,4127300,71.8353
2023-07-25,81.0100,81.0400,80.9900,81.0300,3275700,71.8264
2023-07-26,81.0600,81.1400,80.9900,81.1100,4339700,71.8973
2023-07-27,81.0700,81.0900,80.9800,80.9900,5591500,71.7909
2023-07-28,81.0800,81.1200,81.0500,81.1000,6008600,71.8885
2023-07-31,81.0800,81.1500,81.0800,81.1200,4066700,71.9062
2023-08-01,80.8700,80.9100,80.8300,80.8400,4957400,71.8457
2023-08-02,80.8800,80.9000,80.8100,80.8800,4046400,71.8813
2023-08-03,80.8900,80.9400,80.8600,80.9100,4109400,71.9080
2023-08-04,81.0000,81.0900,81.0000,81.0700,3590400,72.0502
2023-08-07,81.0700,81.1200,81.0600,81.1000,10383600,72.0768
2023-08-08,81.1200,81.1600,81.1000,81.1400,3017000,72.1124
2023-08-09,81.1300,81.1600,81.0800,81.0900,3198100,72.0679
2023-08-10,81.1300,81.1800,81.0500,81.0500,3867900,72.0324
2023-08-11,80.9800,81.0300,80.9600,80.9700,3596100,71.9613
2023-08-14,80.9200,80.9500,80.8900,80.9000,3217200,71.8991
2023-08-15,80.9300,81.0000,80.9100,80.9300,4782100,71.9257
2023-08-16,80.9600,80.9900,80.8900,80.8900,3794300,71.8902
2023-08-17,80.9800,81.0000,80.9100,80.9800,6059400,71.9702
2023-08-18,81.0100,81.0500,80.9900,81.0100,3090600,71.9969
2023-08-21,80.9600,80.9700,80.9200,80.9200,2642200,71.9169
2023-08-22,80.9100,80.9300,80.8800,80.8800,2734400,71.8813
2023-08-23,80.9800,81.0600,80.9800,81.0300,5509000,72.0146
2023-08-24,80.9700,81.0400,80.9700,80.9800,3653100,71.9702
2023-08-25,80.9500,81.0000,80.8800,80.9300,4682300,71.9257
2023-08-28,80.9400,80.9800,80.9100,80.9800,2798300,71.9702
2023-08-29,80.9400,81.1600,80.9400,81.1600,5272000,72.1302
2023-08-30,81.2100,81.2200,81.1500,81.1600,4512400,72.1302
2023-08-31,81.2000,81.2500,81.1700,81.2400,3948700,72.2012
2023-09-01,81.1300,81.1300,80.9800,80.9900,4157300,72.1620
2023-09-05,80.9600,80.9800,80.8800,80.8900,4130000,72.0729
2023-09-06,80.9200,80.9200,80.7900,80.8000,5001100,71.9927
2023-09-07,80.8800,80.9500,80.8700,80.9500,3130700,72.1264
2023-09-08,80.9800,81.0000,80.9100,80.9100,3581600,72.0908
2023-09-11,80.9100,80.9300,80.9000,80.9300,2750500,72.1086
2023-09-12,80.9100,80.9100,80.8800,80.8900,3358400,72.0729
2023-09-13,80.9000,80.9800,80.9000,80.9600,3489500,72.1353
2023-09-14,81.0000,81.0100,80.9300,80.9400,3349300,72.1175
2023-09-15,80.9200,80.9600,80.9000,80.9000,4055900,72.0819
2023-09-18,80.8900,80.9100,80.8700,80.8900,2676700,72.0729
2023-09-19,80.8700,80.8900,80.8300,80.8300,3162800,72.0195
2023-09-20,80.9100,80.9300,80.7700,80.7800,3583600,71.9749
2023-09-21,80.7900,80.8500,80.7900,80.8200,5170800,72.0106
2023-09-22,80.8600,80.9300,80.8500,80.9000,3908000,72.0819
2023-09-25,80.8800,80.9100,80.8700,80.8700,3439100,72.0551
2023-09-26,80.8900,80.9000,80.8500,80.8800,14216300,72.0640
2023-09-27,80.9100,80.9100,80.7800,80.8200,5777600,72.0106
2023-09-28,80.8900,80.9600,80.8600,80.9600,4522600,72.1353
2023-09-29,81.0200,81.0400,80.9700,80.9700,6015100,72.1442
2023-10-02,80.6900,80.7200,80.6700,80.6800,5671000,72.0718
2023-10-03,80.7000,80.7300,80.6200,80.6200,6707600,72.0183
2023-10-04,80.7200,80.8000,80.6800,80.8000,5927000,72.1791
2023-10-05,80.8800,80.8900,80.8600,80.8800,4665400,72.2505
2023-10-06,80.7700,80.8200,80.7500,80.8100,3456700,72.1880
2023-10-09,80.9500,81.0500,80.9500,81.0500,4119300,72.4024
2023-10-10,80.9600,81.0300,80.9400,81.0000,5135700,72.3577
2023-10-11,80.9500,80.9800,80.9200,80.9800,3131500,72.3399
2023-10-12,80.9100,80.9200,80.8700,80.8800,5362000,72.2505
2023-10-13,80.9600,80.9600,80.9100,80.9300,3506100,72.2952
2023-10-16,80.9000,80.9000,80.8700,80.8800,2967800,72.2505
2023-10-17,80.7700,80.7700,80.6800,80.7000,4245000,72.0897
2023-10-18,80.7200,80.7500,80.6700,80.7000,5232700,72.0897
2023-10-19,80.7200,80.8200,80.7100,80.8100,5556600,72.1880
2023-10-20,80.8900,80.9700,80.8900,80.9400,3660500,72.3041
2023-10-23,80.9200,80.9900,80.9000,80.9900,4261800,72.3488
2023-10-24,80.9600,80.9900,80.9100,80.9700,13761400,72.3309
2023-10-25,80.9300,80.9400,80.8700,80.8800,4773400,72.2505
2023-10-26,80.9600,81.0600,80.9600,81.0400,4710800,72.3934
2023-10-27,81.0700,81.1000,81.0400,81.0900,3858100,72.4381
2023-10-30,81.0300,81.0700,81.0100,81.0600,4816700,72.4113
2023-10-31,81.0100,81.0500,81.0100,81.0300,3917400,72.3845
2023-11-01,80.8000,81.0100,80.8000,80.9800,7362900,72.5458
2023-11-02,81.0600,81.0800,80.9600,80.9900,7828400,72.5547
2023-11-03,81.1800,81.2500,81.1100,81.2100,8024300,72.7518
2023-11-06,81.1300,81.1300,81.0600,81.0600,6061400,72.6175
2023-11-07,81.0800,81.1600,81.0700,81.1200,4546600,72.6712
2023-11-08,81.1100,81.1400,81.1000,81.1000,4422000,72.6533
2023-11-09,81.1200,81.1300,80.9800,80.9800,6032900,72.5458
2023-11-10,81.0700,81.0700,80.9600,81.0000,3916100,72.5637
2023-11-13,80.9600,81.0300,80.9400,81.0300,7360300,72.5905
2023-11-14,81.3000,81.3500,81.2600,81.3500,7956500,72.8772
2023-11-15,81.2400,81.2500,81.1700,81.2000,5069400,72.7429
2023-11-16,81.3300,81.3800,81.3300,81.3400,4086500,72.8683
2023-11-17,81.3200,81.3300,81.2600,81.2800,3381800,72.8146
2023-11-20,81.2900,81.3000,81.2700,81.2900,6247300,72.8235
2023-11-21,81.3400,81.3800,81.3200,81.3400,2590400,72.8683
2023-11-22,81.3800,81.3800,81.3000,81.3500,4803300,72.8772
2023-11-24,81.3100,81.3200,81.2800,81.2900,1575200,72.8235
2023-11-27,81.3300,81.4000,81.3200,81.3900,4004100,72.9131
2023-11-28,81.4100,81.5600,81.3900,81.5400,20921000,73.0475
2023-11-29,81.6700,81.7400,81.6500,81.7000,4423100,73.1908
2023-11-30,81.6700,81.6800,81.6100,81.6500,5204200,73.1460
2023-12-01,81.4200,81.6500,81.4100,81.6400,11831100,73.3590
2023-12-04,81.5300,81.5800,81.4800,81.5200,4431100,73.2511
2023-12-05,81.5600,81.6500,81.5400,81.6200,12180000,73.3410
2023-12-06,81.6400,81.6400,81.5900,81.6000,6794600,73.3230
2023-12-07,81.6600,81.7000,81.6500,81.6600,4977800,73.3769
2023-12-08,81.5100,81.5600,81.4500,81.4800,3367800,73.2152
2023-12-11,81.4400,81.5000,81.4100,81.5000,2963900,73.2332
2023-12-12,81.4800,81.5300,81.4700,81.5100,3268600,73.2421
2023-12-13,81.5700,81.9400,81.5400,81.9200,10843800,73.6105
2023-12-14,81.7800,81.8600,81.7600,81.8000,9304300,73.7368
2023-12-15,81.7400,81.7800,81.6800,81.7100,7178300,73.6556
2023-12-18,81.7300,81.7400,81.6900,81.7000,3760500,73.6466
2023-12-19,81.7000,81.7500,81.7000,81.7300,5159300,73.6737
2023-12-20,81.8100,81.8600,81.7700,81.8400,5164000,73.7728
2023-12-21,81.9700,81.9800,81.8900,81.9200,6662900,73.8449
2023-12-22,81.9500,81.9600,81.9100,81.9500,3387900,73.8720
2023-12-26,81.9000,81.9500,81.8900,81.9100,2503100,73.8359
2023-12-27,81.9600,82.0300,81.9500,82.0100,2584700,73.9261
2023-12-28,82.0300,82.0400,81.9900,82.0000,2408600,73.9170
2023-12-29,81.9800,82.0700,81.9800,82.0400,5075600,73.9531
2024-01-02,81.9400,81.9700,81.9300,81.9400,4983500,73.8630
2024-01-03,81.9100,81.9900,81.8800,81.9600,4336500,73.8810
2024-01-04,81.9100,81.9400,81.8900,81.9100,2923700,73.8359
2024-01-05,81.8600,82.0200,81.8400,81.8900,8105400,73.8179
2024-01-08,81.9300,82.0500,81.9200,81.9600,4654900,73.8810
2024-01-09,81.9500,81.9900,81.9400,81.9800,5227400,73.8990
2024-01-10,82.0300,82.0300,81.9700,81.9800,6432200,73.8990
2024-01-11,82.0400,82.1800,82.0400,82.1700,4904100,74.0703
2024-01-12,82.3300,82.3700,82.2900,82.3400,6809700,74.2235
2024-01-16,82.2700,82.3200,82.1800,82.2100,8427200,74.1063
2024-01-17,82.0800,82.0800,82.0200,82.0500,6717400,73.9621
2024-01-18,82.1000,82.1100,82.0600,82.0900,4490300,73.9982
2024-01-19,82.0300,82.0600,81.9900,82.0300,5469300,73.9441
2024-01-22,82.0600,82.0900,82.0500,82.0700,4607400,73.9801
2024-01-23,82.0400,82.0700,82.0200,82.0600,3355600,73.9711
2024-01-24,82.1500,82.1600,82.0200,82.0200,4708300,73.9350
2024-01-25,82.1200,82.1900,82.1100,82.1700,5493200,74.0703
2024-01-26,82.1400,82.1400,82.1000,82.1200,4654800,74.0252
2024-01-29,82.1600,82.2100,82.1600,82.2000,3344700,74.0973
2024-01-30,82.2200,82.2300,82.1000,82.1500,2345800,74.0523
2024-01-31,82.2700,82.3900,82.2200,82.3000,7413100,74.1875
2024-02-01,82.1800,82.2600,82.1100,82.1800,8288100,74.2978
2024-02-02,81.9300,81.9700,81.8700,81.9200,8260700,74.0627
2024-02-05,81.8300,81.8400,81.7600,81.7600,5968500,73.9180
2024-02-06,81.8000,81.9200,81.8000,81.8900,3603400,74.0356
2024-02-07,81.8700,81.9500,81.8500,81.8600,3044100,74.0085
2024-02-08,81.8600,81.8800,81.8300,81.8400,2233400,73.9904
2024-02-09,81.7900,81.8200,81.7900,81.8100,2523900,73.9632
2024-02-12,81.8400,81.8500,81.8100,81.8200,2730500,73.9723
2024-02-13,81.6500,81.6700,81.5500,81.5600,5284900,73.7372
2024-02-14,81.6200,81.7100,81.6100,81.6800,5431500,73.8457
2024-02-15,81.7800,81.8000,81.7200,81.7600,3772500,73.9180
2024-02-16,81.6100,81.6600,81.6000,81.6600,7850200,73.8276
2024-02-20,81.7400,81.7700,81.7100,81.7100,6172800,73.8728
2024-02-21,81.7500,81.7500,81.6400,81.6400,8590400,73.8096
2024-02-22,81.6400,81.6900,81.6000,81.6300,15501400,73.8005
2024-02-23,81.6200,81.6800,81.6100,81.6700,3869300,73.8367
2024-02-26,81.6500,81.6600,81.5900,81.6100,4547200,73.7824
2024-02-27,81.6300,81.6500,81.5900,81.6100,3432400,73.7824
2024-02-28,81.6600,81.7000,81.6500,81.6900,3239500,73.8548
2024-02-29,81.7400,81.7800,81.7200,81.7400,8833900,73.9000
2024-03-01,81.5400,81.6800,81.4900,81.6600,4883100,74.0450
2024-03-04,81.5900,81.6200,81.5500,81.5800,2416300,73.9725
2024-03-05,81.6400,81.6900,81.6100,81.6400,4102800,74.0269
2024-03-06,81.6900,81.7200,81.6400,81.6600,5338700,74.0450
2024-03-07,81.7300,81.7600,81.7000,81.7600,2987700,74.1357
2024-03-08,81.8500,81.8600,81.7800,81.8000,2387700,74.1720
2024-03-11,81.7600,81.7700,81.7200,81.7300,3509600,74.1085
2024-03-12,81.6900,81.7000,81.6400,81.6500,2260900,74.0360
2024-03-13,81.6500,81.6600,81.6100,81.6100,2223300,73.9997
2024-03-14,81.5800,81.5900,81.5400,81.5400,4085000,73.9362
2024-03-15,81.5100,81.5300,81.4900,81.4900,3045500,73.8909
2024-03-18,81.5100,81.5100,81.4700,81.5000,1971600,73.9000
2024-03-19,81.5600,81.5800,81.5400,81.5700,1821700,73.9634
2024-03-20,81.5800,81.7100,81.5700,81.7000,4769000,74.0813
2024-03-21,81.7200,81.7400,81.6900,81.7000,3708500,74.0813
2024-03-22,81.7600,81.7800,81.7600,81.7600,2038000,74.1357
2024-03-25,81.7500,81.7600,81.7200,81.7200,3700600,74.0995
2024-03-26,81.7200,81.7500,81.7000,81.7400,2183300,74.1176
2024-03-27,81.8000,81.8500,81.8000,81.8300,2585300,74.1992
2024-03-28,81.7700,81.7900,81.7400,81.7800,5702800,74.1538
2024-04-01,81.4800,81.4900,81.3400,81.3400,4661800,73.9992
2024-04-02,81.3400,81.4000,81.3300,81.3800,3485000,74.0356
2024-04-03,81.3500,81.4400,81.3300,81.4400,2904100,74.0902
2024-04-04,81.4600,81.5300,81.4400,81.5200,2806000,74.1630
2024-04-05,81.4300,81.4700,81.3800,81.3900,3967100,74.0447
2024-04-08,81.3500,81.3700,81.3100,81.3100,3335800,73.9719
2024-04-09,81.3800,81.4200,81.3800,81.3900,2680500,74.0447
2024-04-10,81.1300,81.1500,81.0500,81.0600,6329400,73.7445
2024-04-11,81.1700,81.1700,81.1000,81.1600,6686500,73.8354
2024-04-12,81.2200,81.2600,81.2100,81.2100,5387500,73.8810
2024-04-15,81.1100,81.1800,81.0700,81.1800,4841300,73.8536
2024-04-16,81.1200,81.1600,81.0700,81.1300,3062800,73.8082
2024-04-17,81.1600,81.2200,81.1500,81.1900,3598900,73.8627
2024-04-18,81.2100,81.2100,81.1400,81.1500,3279600,73.8264
2024-04-19,81.2000,81.2000,81.1600,81.1700,2938200,73.8445
2024-04-22,81.1800,81.2300,81.1800,81.2100,4174300,73.8810
2024-04-23,81.1900,81.3000,81.1800,81.2800,3619000,73.9446
2024-04-24,81.2400,81.2600,81.2200,81.2500,4299800,73.9173
2024-04-25,81.1800,81.2100,81.1600,81.1900,4224200,73.8627
2024-04-26,81.2200,81.2500,81.2000,81.2100,3071500,73.8810
2024-04-29,81.2400,81.2600,81.2300,81.2500,2259600,73.9173
2024-04-30,81.1900,81.2200,81.1500,81.1500,6420900,73.8264
2024-05-01,80.9500,81.0800,80.9100,81.0500,8032700,73.9742
2024-05-02,81.0800,81.1800,81.0700,81.1700,3750700,74.0837
2024-05-03,81.3500,81.3900,81.2600,81.3000,4960200,74.2024
2024-05-06,81.3100,81.3100,81.2700,81.2900,2960700,74.1933
2024-05-07,81.3100,81.3300,81.2800,81.3000,2706200,74.2024
2024-05-08,81.2800,81.3100,81.2800,81.2800,2308800,74.1841
2024-05-09,81.3300,81.3700,81.3300,81.3500,2160200,74.2480
2024-05-10,81.3400,81.3400,81.2800,81.2800,1866100,74.1841
2024-05-13,81.3500,81.3500,81.3000,81.3000,2442600,74.2024
2024-05-14,81.3600,81.3800,81.3500,81.3800,2319500,74.2754
2024-05-15,81.4900,81.5300,81.4700,81.5300,3248400,74.4123
2024-05-16,81.5100,81.5200,81.4600,81.4700,2978300,74.3575
2024-05-17,81.4600,81.4700,81.4200,81.4200,2758000,74.3119
2024-05-20,81.4300,81.4300,81.4000,81.4000,2445200,74.2936
2024-05-21,81.4400,81.4600,81.4400,81.4400,1991300,74.3302
2024-05-22,81.4000,81.4200,81.3800,81.3800,3051100,74.2754
2024-05-23,81.4300,81.4300,81.3300,81.3400,3473500,74.2389
2024-05-24,81.3400,81.3700,81.3300,81.3700,3041000,74.2663
2024-05-28,81.4000,81.4100,81.3000,81.3000,2889800,74.2024
2024-05-29,81.3200,81.3200,81.2500,81.2700,2441700,74.1750
2024-05-30,81.3400,81.3700,81.3300,81.3600,3711400,74.2571
2024-05-31,81.4200,81.4800,81.4100,81.4700,2923000,74.3575
2024-06-03,81.2100,81.3000,81.2100,81.3000,5533700,74.4418
2024-06-04,81.3500,81.4100,81.3400,81.3800,2133300,74.5150
2024-06-05,81.4100,81.4600,81.3500,81.4600,2577600,74.5883
2024-06-06,81.4500,81.4800,81.4400,81.4700,3346500,74.5974
2024-06-07,81.3400,81.3400,81.2600,81.2600,3524300,74.4051
2024-06-10,81.2700,81.2900,81.2600,81.2700,2952900,74.4143
2024-06-11,81.3300,81.3700,81.3000,81.3600,3755800,74.4967
2024-06-12,81.6000,81.6100,81.4700,81.4700,3409200,74.5974
2024-06-13,81.5700,81.6300,81.5500,81.6000,2473800,74.7164
2024-06-14,81.6400,81.6500,81.6100,81.6100,2854900,74.7256
2024-06-17,81.5600,81.5800,81.5300,81.5300,1272200,74.6524
2024-06-18,81.6200,81.6800,81.6100,81.6400,2182800,74.7531
2024-06-20,81.5900,81.6200,81.5700,81.6100,2618200,74.7256
2024-06-21,81.6700,81.6900,81.6200,81.6400,2020500,74.7531
2024-06-24,81.6500,81.6600,81.6300,81.6500,1576500,74.7623
2024-06-25,81.6600,81.6700,81.6300,81.6600,2618100,74.7714
2024-06-26,81.6100,81.6200,81.5800,81.5800,2329000,74.6982
2024-06-27,81.6300,81.6700,81.6200,81.6400,1675800,74.7531
2024-06-28,81.7300,81.7500,81.6400,81.6500,3894800,74.7623
2024-07-01,81.3200,81.3600,81.2900,81.3100,3672100,74.6980
2024-07-02,81.4000,81.4200,81.3700,81.3800,2468800,74.7622
2024-07-03,81.4100,81.5200,81.4100,81.5000,1772800,74.8725
2024-07-05,81.5900,81.6500,81.5800,81.6500,2171900,75.0103
2024-07-08,81.6300,81.6400,81.6100,81.6400,2236000,75.0011
2024-07-09,81.6300,81.6500,81.5900,81.6200,7304200,74.9827
2024-07-10,81.6700,81.6700,81.6300,81.6500,2505700,75.0103
2024-07-11,81.8300,81.8600,81.8100,81.8400,5810700,75.1848
2024-07-12,81.8900,81.9600,81.8800,81.9600,3170300,75.2951
2024-07-15,81.9500,81.9900,81.9300,81.9600,3380600,75.2951
2024-07-16,81.9500,82.0000,81.9300,81.9900,2562400,75.3227
2024-07-17,81.9400,82.0000,81.9300,82.0000,2701000,75.3318
2024-07-18,81.9900,82.0100,81.9500,81.9600,3111100,75.2951
2024-07-19,81.9400,81.9500,81.9200,81.9200,2041700,75.2583
2024-07-22,81.9200,81.9300,81.8900,81.9300,2429500,75.2675
2024-07-23,81.9600,82.0000,81.9400,81.9700,2133400,75.3043
2024-07-24,82.0600,82.0900,82.0100,82.0100,4871200,75.3410
2024-07-25,82.0400,82.0900,82.0000,82.0200,4907000,75.3502
2024-07-26,82.1300,82.1400,82.1100,82.1300,1591000,75.4513
2024-07-29,82.1500,82.1600,82.1100,82.1400,4588200,75.4604
2024-07-30,82.1600,82.2000,82.1200,82.1700,3108100,75.4880
2024-07-31,82.2200,82.3400,82.1500,82.3400,3403900,75.6442
2024-08-01,82.1000,82.2300,82.0900,82.2100,5052500,75.7751
2024-08-02,82.5400,82.6900,82.5200,82.6700,5001400,76.1991
2024-08-05,82.8700,82.9100,82.5800,82.6500,15588100,76.1806
2024-08-06,82.6300,82.6300,82.4700,82.5500,12849200,76.0884
2024-08-07,82.4900,82.5500,82.4400,82.5000,5778900,76.0424
2024-08-08,82.4000,82.4700,82.3900,82.4600,3622000,76.0055
2024-08-09,82.5200,82.5300,82.4400,82.4800,5079400,76.0239
2024-08-12,82.4600,82.5500,82.4500,82.5300,3745600,76.0700
2024-08-13,82.6300,82.6600,82.6100,82.6600,3856100,76.1898
2024-08-14,82.6100,82.6900,82.6000,82.6500,4780700,76.1806
2024-08-15,82.4600,82.4900,82.4200,82.4500,3164700,75.9963
2024-08-16,82.5400,82.5400,82.4600,82.5400,2987100,76.0792
2024-08-19,82.5200,82.5700,82.5200,82.5200,2839700,76.0608
2024-08-20,82.6100,82.6400,82.5900,82.6400,1882600,76.1714
2024-08-21,82.7000,82.8000,82.6300,82.7300,3914500,76.2544
2024-08-22,82.6800,82.6900,82.6200,82.6200,4181300,76.1530
2024-08-23,82.6900,82.8100,82.6500,82.8100,3896800,76.3281
2024-08-26,82.8400,82.8400,82.7700,82.7700,1896600,76.2912
2024-08-27,82.7600,82.8400,82.7600,82.8200,4067400,76.3373
2024-08-28,82.8400,82.8600,82.8100,82.8100,3126600,76.3281
2024-08-29,82.8100,82.8100,82.7800,82.8000,2397100,76.3189
2024-08-30,82.8200,82.8500,82.7900,82.8000,2781300,76.3189
2024-09-03,82.5700,82.6400,82.5700,82.6000,3718600,76.4003
2024-09-04,82.6600,82.7900,82.6500,82.7800,2731100,76.5668
2024-09-05,82.8600,82.8600,82.7500,82.8100,8628200,76.5945
2024-09-06,82.9000,83.0600,82.8100,82.9600,6478400,76.7333
2024-09-09,82.9500,82.9900,82.9200,82.9700,9361700,76.7425
2024-09-10,82.9900,83.0900,82.9800,83.0900,6833800,76.8535
2024-09-11,83.0000,83.1300,83.0000,83.0200,3679100,76.7888
2024-09-12,83.0300,83.0500,82.9500,83.0300,2599000,76.7980
2024-09-13,83.1600,83.1700,83.1100,83.1500,3964000,76.9090
2024-09-16,83.2000,83.2200,83.1600,83.2000,2861100,76.9552
2024-09-17,83.1600,83.1700,83.1200,83.1400,3015200,76.8997
2024-09-18,83.1000,83.2400,83.0500,83.1100,4413300,76.8720
2024-09-19,83.1400,83.1800,83.1200,83.1800,2892600,76.9368
2024-09-20,83.1600,83.2300,83.1200,83.2100,4082500,76.9645
2024-09-23,83.1900,83.2400,83.1500,83.2100,5030800,76.9645
2024-09-24,83.2300,83.3000,83.2000,83.2900,8947900,77.0385
2024-09-25,83.2700,83.2800,83.2200,83.2200,4829100,76.9738
2024-09-26,83.2200,83.2300,83.1400,83.1400,2321800,76.8997
2024-09-27,83.2200,83.2800,83.2000,83.2700,3208500,77.0200
2024-09-30,83.2200,83.2400,83.1300,83.1500,5176000,76.9090
2024-10-01,82.9300,83.0100,82.9200,82.9300,4955500,76.9582
2024-10-02,82.8900,82.9400,82.8800,82.9100,5697700,76.9396
2024-10-03,82.8700,82.8800,82.8000,82.8000,6480000,76.8375
2024-10-04,82.5900,82.6400,82.5000,82.5200,4013000,76.5777
2024-10-07,82.4000,82.4600,82.4000,82.4100,5052100,76.4757
2024-10-08,82.4400,82.4800,82.4200,82.4800,6423500,76.5406
2024-10-09,82.4600,82.4600,82.3900,82.4000,4166800,76.4663
2024-10-10,82.4700,82.5000,82.3900,82.4700,3859500,76.5313
2024-10-11,82.5200,82.5600,82.5000,82.5400,3367200,76.5963
2024-10-14,82.4800,82.5000,82.4400,82.5000,1849500,76.5591
2024-10-15,82.5700,82.5800,82.5200,82.5400,3387000,76.5963
2024-10-16,82.5900,82.6100,82.5700,82.5900,2130700,76.6427
2024-10-17,82.5300,82.5400,82.5000,82.5200,2469600,76.5777
2024-10-18,82.5900,82.6100,82.5700,82.5900,1725600,76.6427
2024-10-21,82.5600,82.5600,82.4700,82.4700,3474300,76.5313
2024-10-22,82.5000,82.5100,82.4400,82.4600,4333300,76.5220
2024-10-23,82.4400,82.4400,82.4000,82.4100,3303900,76.4757
2024-10-24,82.4500,82.4900,82.4200,82.4500,2444500,76.5127
2024-10-25,82.5000,82.5300,82.4100,82.4200,2453000,76.4849
2024-10-28,82.4400,82.4400,82.3500,82.3800,2886400,76.4478
2024-10-29,82.3500,82.4300,82.3300,82.4100,2920500,76.4757
2024-10-30,82.4200,82.4700,82.3400,82.3400,2949300,76.4107
2024-10-31,82.3300,82.3900,82.2900,82.3600,3751500,76.4292
2024-11-01,82.1800,82.2000,82.0300,82.0500,5598400,76.4041
2024-11-04,82.1500,82.1700,82.0900,82.1100,2400700,76.4600
2024-11-05,82.1100,82.1100,82.0100,82.0900,2808600,76.4413
2024-11-06,81.9500,82.0100,81.9400,81.9900,6637800,76.3482
2024-11-07,82.0500,82.1300,82.0200,82.1300,10555500,76.4786
2024-11-08,82.1200,82.1500,82.0400,82.0700,3935000,76.4227
2024-11-11,81.9900,82.0100,81.9900,82.0100,1567900,76.3669
2024-11-12,81.9500,81.9800,81.9000,81.9300,4609900,76.2924
2024-11-13,82.0800,82.0800,82.0000,82.0500,2909700,76.4041
2024-11-14,82.0700,82.0900,81.9200,81.9300,4405400,76.2924
2024-11-15,81.9600,82.0900,81.9300,82.0200,3299800,76.3762
2024-11-18,82.0500,82.0800,82.0200,82.0800,2645000,76.4320
2024-11-19,82.1200,82.1300,82.0800,82.0800,2655600,76.4320
2024-11-20,82.0600,82.0900,82.0400,82.0400,3362300,76.3948
2024-11-21,82.0500,82.0900,82.0000,82.0200,2565700,76.3762
2024-11-22,82.0400,82.0600,82.0000,82.0100,2352200,76.3669
2024-11-25,82.1200,82.1700,82.1000,82.1700,3579100,76.5158
2024-11-26,82.1500,82.1700,82.1000,82.1700,6597200,76.5158
2024-11-27,82.2500,82.2600,82.2100,82.2200,2463400,76.5624
2024-11-29,82.3100,82.3300,82.3000,82.3200,1597600,76.6555
2024-12-02,82.0100,82.0800,81.9800,82.0500,5102300,76.6508
2024-12-03,82.1000,82.1100,82.0400,82.0600,3950600,76.6602
2024-12-04,82.0400,82.1700,82.0400,82.1500,3935400,76.7443
2024-12-05,82.1000,82.1500,82.0900,82.1500,2517700,76.7443
2024-12-06,82.2600,82.2700,82.2100,82.2300,5705800,76.8190
2024-12-09,82.2300,82.2300,82.2000,82.2000,4641600,76.7909
2024-12-10,82.1900,82.2000,82.1500,82.1900,2919500,76.7816
2024-12-11,82.2500,82.2700,82.1700,82.1700,2453000,76.7630
2024-12-12,82.1900,82.2000,82.1300,82.1300,3185000,76.7255
2024-12-13,82.1400,82.1500,82.0900,82.0900,2420800,76.6882
2024-12-16,82.1200,82.1300,82.0900,82.1000,2930300,76.6975
2024-12-17,82.0900,82.1300,82.0900,82.1100,2492600,76.7069
2024-12-18,81.8700,81.8900,81.6700,81.6800,6931400,76.5663
2024-12-19,81.7300,81.7800,81.7100,81.7700,12522700,76.6506
2024-12-20,81.8500,81.8500,81.7700,81.7800,3495400,76.6600
2024-12-23,81.7600,81.7800,81.7300,81.7300,2933800,76.6132
2024-12-24,81.7400,81.7700,81.7300,81.7700,1583800,76.6506
2024-12-26,81.7400,81.8000,81.7300,81.7900,1758100,76.6694
2024-12-27,81.8200,81.8500,81.8100,81.8100,3668600,76.6881
2024-12-30,81.9000,81.9400,81.9000,81.9300,7397300,76.8007
2024-12-31,81.9900,82.0000,81.9400,81.9800,3167100,76.8475
2025-01-02,82.0000,82.0100,81.9300,81.9600,3948300,76.8287
2025-01-03,82.0000,82.0100,81.9400,81.9600,2804100,76.8287
2025-01-06,81.9600,81.9900,81.9400,81.9800,2324300,76.8475
2025-01-07,81.9700,81.9900,81.9000,81.9300,4035500,76.8007
2025-01-08,81.9500,81.9900,81.9500,81.9800,2747600,76.8475
2025-01-10,81.9300,81.9400,81.8300,81.8300,6188500,76.7069
2025-01-13,81.8400,81.8500,81.8100,81.8500,4855000,76.7256
2025-01-14,81.8800,81.8900,81.8600,81.8700,2281900,76.7444
2025-01-15,82.0400,82.0500,82.0100,82.0500,3694300,76.9131
2025-01-16,82.0100,82.1200,82.0000,82.1000,4775000,76.9600
2025-01-17,82.1100,82.1200,82.0700,82.0800,2248500,76.9412
2025-01-21,82.1100,82.1200,82.0600,82.1100,2400400,76.9694
2025-01-22,82.1100,82.1200,82.0600,82.0900,2706800,76.9506
2025-01-23,82.0600,82.1100,82.0600,82.0900,3378500,76.9506
2025-01-24,82.1400,82.1900,82.1200,82.1400,2190000,76.9975
2025-01-27,82.2800,82.2900,82.2200,82.2600,3639700,77.1099
2025-01-28,82.2400,82.2800,82.2300,82.2800,2980500,77.1287
2025-01-29,82.2900,82.2900,82.1900,82.2300,2849200,77.0819
2025-01-30,82.2700,82.3000,82.2600,82.2800,1956300,77.1287
2025-01-31,82.2900,82.3200,82.2600,82.2900,2987300,77.1381
2025-02-03,81.9900,82.0400,81.9400,81.9600,3483200,77.0845
2025-02-04,81.9600,82.0400,81.9600,82.0400,3232500,77.1597
2025-02-05,82.0700,82.1300,82.0700,82.0900,3456200,77.2067
2025-02-06,82.0600,82.0900,82.0500,82.0600,2083200,77.1785
2025-02-07,82.0200,82.0300,81.9700,81.9700,3488900,77.0939
2025-02-10,82.0200,82.0400,82.0000,82.0100,2573000,77.1315
2025-02-11,81.9800,82.0100,81.9800,81.9900,2861900,77.1127
2025-02-12,81.9100,81.9200,81.8700,81.8800,4537400,77.0092
2025-02-13,81.9700,82.0000,81.9600,81.9900,3512000,77.1127
2025-02-14,82.1000,82.1300,82.0800,82.1000,3120500,77.2161
2025-02-18,82.0700,82.0800,82.0300,82.0300,2824100,77.1503
2025-02-19,82.0400,82.0900,82.0400,82.0900,2694600,77.2067
2025-02-20,82.1100,82.1400,82.1000,82.1000,2106500,77.2161
2025-02-21,82.1400,82.2600,82.1400,82.2400,3614000,77.3478
2025-02-24,82.2300,82.3000,82.2200,82.3000,2497300,77.4043
2025-02-25,82.3800,82.4400,82.3700,82.4100,3632100,77.5077
2025-02-26,82.4100,82.4600,82.3700,82.4400,2280100,77.5359
2025-02-27,82.4100,82.4800,82.4000,82.4700,4639500,77.5641
2025-02-28,82.5300,82.6200,82.5000,82.6200,4383100,77.7052
2025-03-03,82.3000,82.4300,82.2900,82.4200,5333700,77.7552
2025-03-04,82.5100,82.5800,82.4000,82.4300,5198900,77.7647
2025-03-05,82.4800,82.5000,82.3300,82.3400,4304600,77.6797
2025-03-06,82.3800,82.4300,82.3300,82.3900,4557400,77.7269
2025-03-07,82.5000,82.5200,82.3400,82.3800,3499300,77.7175
2025-03-10,82.4900,82.5600,82.4600,82.5300,4644400,77.8590
2025-03-11,82.5300,82.6000,82.4700,82.4800,4668500,77.8118
2025-03-12,82.4200,82.4800,82.4000,82.4200,3475800,77.7552
2025-03-13,82.4200,82.5200,82.3900,82.4800,2946600,77.8118
2025-03-14,82.4900,82.4900,82.4100,82.4200,3932500,77.7552
2025-03-17,82.4000,82.4500,82.3700,82.3900,4582600,77.7269
2025-03-18,82.3800,82.4300,82.3800,82.3900,3438500,77.7269
2025-03-19,82.3700,82.5100,82.3400,82.5100,3886300,77.8401
2025-03-20,82.6000,82.6000,82.5200,82.5300,3039300,77.8590
2025-03-21,82.6200,82.6400,82.5800,82.5800,3172500,77.9062
2025-03-24,82.5400,82.5400,82.4600,82.4700,2351300,77.8024
2025-03-25,82.4900,82.5400,82.4800,82.5000,2711400,77.8307
2025-03-26,82.4900,82.5200,82.4800,82.4800,3684800,77.8118
2025-03-27,82.5200,82.5500,82.5000,82.5200,2187600,77.8496
2025-03-28,82.5900,82.6900,82.5900,82.6700,4087900,77.9911
2025-03-31,82.7400,82.7700,82.6600,82.7300,4593200,78.0477
2025-04-01,82.4600,82.5200,82.4400,82.4800,4326400,78.0761
2025-04-02,82.5300,82.5300,82.3900,82.4200,3071600,78.0193
2025-04-03,82.6900,82.7700,82.6700,82.7300,6729500,78.3127
2025-04-04,82.9800,83.0700,82.6800,82.6800,12599700,78.2654
2025-04-07,82.8900,82.9400,82.5200,82.6900,18363100,78.2749
2025-04-08,82.5400,82.8100,82.5400,82.6400,13086100,78.2275
2025-04-09,82.7000,82.7900,82.3100,82.5900,25591000,78.1802
2025-04-10,82.5900,82.6600,82.5300,82.5800,10029500,78.1707
2025-04-11,82.5300,82.5500,82.4000,82.4300,6585900,78.0288
2025-04-14,82.4800,82.6300,82.4800,82.6100,5006100,78.1991
2025-04-15,82.6100,82.6700,82.6000,82.6100,3090700,78.1991
2025-04-16,82.7000,82.7400,82.6600,82.7200,3178900,78.3033
2025-04-17,82.7500,82.7900,82.7100,82.7500,3384000,78.3317
2025-04-21,82.7800,82.8500,82.7000,82.7000,5283700,78.2843
2025-04-22,82.7600,82.7800,82.7100,82.7300,3521700,78.3127
2025-04-23,82.7500,82.8000,82.6300,82.6700,3647400,78.2559
2025-04-24,82.7300,82.7700,82.7100,82.7700,3993500,78.3506
2025-04-25,82.7900,82.8500,82.7600,82.8400,2259800,78.4168
2025-04-28,82.8500,82.9600,82.8400,82.9600,2847000,78.5304
2025-04-29,82.9400,83.0200,82.9300,83.0100,3832200,78.5778
2025-04-30,83.0400,83.1200,83.0300,83.1200,5104800,78.6819
2025-05-01,82.8900,82.9000,82.6600,82.6900,5150400,78.5195
2025-05-02,82.6200,82.6500,82.5000,82.5300,4556100,78.3676
2025-05-05,82.5700,82.5800,82.4900,82.5200,3420300,78.3581
2025-05-06,82.5900,82.6100,82.5700,82.5900,3476300,78.4246
2025-05-07,82.5900,82.6600,82.5600,82.6200,2522500,78.4531
2025-05-08,82.5900,82.6000,82.4400,82.4500,3566000,78.2916
2025-05-09,82.5300,82.5700,82.4900,82.4900,2009600,78.3296
2025-05-12,82.3300,82.3900,82.3200,82.3400,4386600,78.1872
2025-05-13,82.3900,82.3900,82.3000,82.3200,4241200,78.1682
2025-05-14,82.3300,82.3500,82.2600,82.2600,3960300,78.1112
2025-05-15,82.3800,82.4200,82.3500,82.4200,3449300,78.2631
2025-05-16,82.4900,82.4900,82.3900,82.4000,3528300,78.2441
2025-05-19,82.3800,82.4400,82.3700,82.4300,2906900,78.2726
2025-05-20,82.4300,82.4700,82.4100,82.4400,3289200,78.2821
2025-05-21,82.4100,82.4200,82.3800,82.3900,4095600,78.2346
2025-05-22,82.4400,82.4500,82.4100,82.4400,3415600,78.2821
2025-05-23,82.5700,82.5700,82.4700,82.4900,8202300,78.3296
2025-05-27,82.5000,82.5300,82.4800,82.5200,3870300,78.3581
2025-05-28,82.5000,82.5000,82.4500,82.4600,1972600,78.3011
2025-05-29,82.5200,82.5600,82.5200,82.5500,2154300,78.3866
2025-05-30,82.5900,82.6500,82.5700,82.6500,4331000,78.4816
2025-06-02,82.3400,82.3700,82.3000,82.3100,4011000,78.4167
2025-06-03,82.3300,82.3500,82.2800,82.2900,4456600,78.3977
2025-06-04,82.3600,82.4500,82.3500,82.4400,5744700,78.5406
2025-06-05,82.4400,82.4600,82.3500,82.3500,3164700,78.4549
2025-06-06,82.2500,82.2700,82.2100,82.2100,1563300,78.3215
2025-06-09,82.2400,82.3000,82.2400,82.2700,2166800,78.3786
2025-06-10,82.3000,82.3200,82.2700,82.2700,2010600,78.3786
2025-06-11,82.3700,82.4000,82.3400,82.4000,1825500,78.5025
2025-06-12,82.4800,82.4800,82.4400,82.4700,2612200,78.5692
2025-06-13,82.4400,82.4400,82.3800,82.4100,3572700,78.5120
2025-06-16,82.4100,82.4400,82.3900,82.4000,2380700,78.5025
2025-06-17,82.4300,82.4600,82.4000,82.4400,2057400,78.5406
2025-06-18,82.4800,82.5700,82.4500,82.4800,1921300,78.5787
2025-06-20,82.5000,82.5700,82.4900,82.5400,2328700,78.6359
2025-06-23,82.5700,82.6900,82.5700,82.6500,3113400,78.7407
2025-06-24,82.6400,82.7200,82.6300,82.7200,4292000,78.8074
2025-06-25,82.6900,82.7400,82.6700,82.7300,3268100,78.8169
2025-06-26,82.7800,82.8300,82.7700,82.8300,4964600,78.9122
2025-06-27,82.7800,82.8400,82.7800,82.8000,2432800,78.8836
2025-06-30,82.8500,82.8600,82.8100,82.8600,5690200,78.9408
2025-07-01,82.5600,82.5900,82.5000,82.5100,5018100,78.8585
2025-07-02,82.5200,82.5500,82.4900,82.5000,4292600,78.8490
2025-07-03,82.4200,82.4300,82.3800,82.4100,2781500,78.7630
2025-07-07,82.4100,82.4200,82.3800,82.3900,4022000,78.7439
2025-07-08,82.3800,82.4000,82.3700,82.4000,3648300,78.7534
2025-07-09,82.4300,82.4700,82.4200,82.4700,2002200,78.8203
2025-07-10,82.4700,82.4700,82.4300,82.4700,2249400,78.8203
2025-07-11,82.4600,82.4600,82.4300,82.4500,4146300,78.8012
2025-07-14,82.4600,82.4900,82.4400,82.4600,1887300,78.8108
2025-07-15,82.4600,82.4600,82.3700,82.3800,3436600,78.7343
2025-07-16,82.4100,82.5200,82.4100,82.4900,4457200,78.8394
2025-07-17,82.4900,82.5000,82.4400,82.4600,2819800,78.8108
2025-07-18,82.5600,82.5700,82.5300,82.5300,1294500,78.8777
2025-07-21,82.6000,82.6000,82.5700,82.5800,1857200,78.9255
2025-07-22,82.6000,82.6400,82.6000,82.6400,8474300,78.9828
2025-07-23,82.6100,82.6200,82.5500,82.5700,2500900,78.9159
2025-07-24,82.5100,82.5400,82.5000,82.5000,2147100,78.8490
2025-07-25,82.5500,82.5600,82.5300,82.5500,2023400,78.8968
2025-07-28,82.5400,82.5500,82.5300,82.5400,2467100,78.8872
2025-07-29,82.5600,82.6200,82.5600,82.6100,2079200,78.9541
2025-07-30,82.5700,82.6400,82.5200,82.5200,3786200,78.8681
2025-07-31,82.5400,82.5700,82.5100,82.5200,5883700,78.8681
2025-08-01,82.5500,82.6900,82.5500,82.6600,6048700,79.2613
2025-08-04,82.6700,82.6900,82.6300,82.6800,4535300,79.2804
2025-08-05,82.6500,82.6900,82.6200,82.6500,6269300,79.2517
2025-08-06,82.6300,82.6800,82.6300,82.6800,2741800,79.2804
2025-08-07,82.6600,82.6800,82.6300,82.6400,2927700,79.2421
2025-08-08,82.6400,82.6400,82.6100,82.6200,2621200,79.2229
2025-08-11,82.6100,82.6400,82.6100,82.6200,2730500,79.2229
2025-08-12,82.6500,82.6900,82.6400,82.6800,2844100,79.2804
2025-08-13,82.7500,82.7900,82.7400,82.7900,3589200,79.3859
2025-08-14,82.7100,82.7200,82.6800,82.7000,3934100,79.2996
2025-08-15,82.7200,82.7400,82.6700,82.6700,1979400,79.2708
2025-08-18,82.7000,82.7100,82.6600,82.6700,6377300,79.2708
2025-08-19,82.7100,82.7300,82.7000,82.7100,7318900,79.3092
2025-08-20,82.7200,82.7700,82.7100,82.7400,2613800,79.3380
2025-08-21,82.7200,82.7300,82.6500,82.6700,3399800,79.2708
2025-08-22,82.7100,82.8600,82.7000,82.8500,4815300,79.4435
2025-08-25,82.8000,82.8100,82.7900,82.8100,5797100,79.4051
2025-08-26,82.8400,82.8900,82.8400,82.8800,1673600,79.4722
2025-08-27,82.8900,82.9400,82.8800,82.9400,2399500,79.5297
2025-08-28,82.9100,82.9300,82.9000,82.9100,1824800,79.5010
2025-08-29,82.9500,83.0000,82.9400,82.9800,2757600,79.5681
2025-09-02,82.6700,82.7000,82.6600,82.6800,4372200,79.5277
2025-09-03,82.6800,82.7600,82.6700,82.7400,3284400,79.5854
2025-09-04,82.7800,82.8000,82.7600,82.8000,3232700,79.6431
2025-09-05,82.9800,83.0100,82.9100,82.9200,5352500,79.7586
2025-09-08,82.9800,82.9900,82.9500,82.9700,2281200,79.8066
2025-09-09,82.9700,83.0000,82.9000,82.9000,2467600,79.7393
2025-09-10,82.9600,82.9600,82.9100,82.9100,8269500,79.7489
2025-09-11,82.9700,83.0000,82.9300,82.9400,4892400,79.7778
2025-09-12,82.9400,82.9400,82.9000,82.9300,3057500,79.7682
2025-09-15,82.9800,82.9800,82.9600,82.9600,1917300,79.7970
2025-09-16,82.9900,83.0200,82.9800,83.0000,2091100,79.8355
2025-09-17,83.0200,83.0900,82.9600,82.9600,4243800,79.7970
2025-09-18,82.9300,82.9600,82.9100,82.9300,2847600,79.7682
2025-09-19,82.9600,82.9800,82.9500,82.9600,2196900,79.7970
2025-09-22,82.9700,82.9800,82.9200,82.9200,1835800,79.7586
2025-09-23,82.9400,82.9700,82.9300,82.9500,2433300,79.7874
2025-09-24,82.9400,82.9500,82.9100,82.9100,3073900,79.7489
2025-09-25,82.8600,82.8700,82.8300,82.8400,3458200,79.6816
2025-09-26,82.8700,82.9000,82.8500,82.8900,2291700,79.7297
2025-09-29,82.9000,82.9300,82.9000,82.9200,3836900,79.7586
2025-09-30,82.9500,82.9900,82.9500,82.9600,4044100,79.7970
2025-10-01,82.8100,82.8200,82.7700,82.8000,4194100,79.8896
2025-10-02,82.7900,82.8200,82.7700,82.8200,1896800,79.9089
2025-10-03,82.8200,82.8500,82.7900,82.7900,2282300,79.8800
2025-10-06,82.7800,82.8000,82.7700,82.7700,2637300,79.8607
2025-10-07,82.7900,82.8300,82.7800,82.8100,2301800,79.8993
2025-10-08,82.8400,82.8400,82.7900,82.8000,2942100,79.8896
2025-10-09,82.8000,82.8100,82.7800,82.7900,2884700,79.8800
2025-10-10,82.8800,82.9600,82.8500,82.9300,5552900,80.0151
2025-10-13,82.9500,83.0900,82.9300,83.0900,9266400,80.1695
2025-10-14,83.0000,83.0300,82.9800,83.0300,6221200,80.1116
2025-10-15,83.0000,83.0200,82.9800,82.9900,3720300,80.0730
2025-10-16,82.9800,83.1300,82.9800,83.1000,5563700,80.1791
2025-10-17,83.1000,83.1200,83.0700,83.0900,3354600,80.1695
2025-10-20,83.1000,83.1000,83.0700,83.1000,3331400,80.1791
2025-10-21,83.1200,83.1300,83.1000,83.1200,4726800,80.1984
2025-10-22,83.1000,83.1400,83.1000,83.1200,6952900,80.1984
2025-10-23,83.1000,83.1100,83.0600,83.0600,4405500,80.1405
2025-10-24,83.1200,83.1300,83.0900,83.1100,2293400,80.1887
2025-10-27,83.0900,83.1000,83.0600,83.0900,6043700,80.1695
2025-10-28,83.0800,83.1100,83.0700,83.1000,6114700,80.1791
2025-10-29,83.1100,83.1100,82.9300,82.9400,5335000,80.0247
2025-10-30,82.9200,82.9700,82.9100,82.9500,3799300,80.0344
2025-10-31,82.9800,82.9900,82.9600,82.9800,3592700,80.0633
2025-11-03,82.7100,82.7500,82.7100,82.7200,5418800,80.0662
2025-11-04,82.7600,82.7800,82.7500,82.7500,6502000,80.0953
2025-11-05,82.7500,82.7600,82.6800,82.6900,3952600,80.0372
2025-11-06,82.7800,82.8200,82.7700,82.7900,3725200,80.1340
2025-11-07,82.8100,82.8800,82.8100,82.8300,2942900,80.1727
2025-11-10,82.8200,82.8300,82.8000,82.8100,6287900,80.1533
2025-11-11,82.8600,82.8800,82.8400,82.8800,4175200,80.2211
2025-11-12,82.8500,82.8700,82.8400,82.8500,2369900,80.1921
2025-11-13,82.8000,82.8300,82.8000,82.8000,5328100,80.1437
2025-11-14,82.8800,82.8900,82.8000,82.8300,5750000,80.1727
2025-11-17,82.8300,82.8300,82.8100,82.8200,7200800,80.1630
2025-11-18,82.9000,82.9200,82.8500,82.8700,3498300,80.2114
2025-11-19,82.9000,82.9200,82.8500,82.8600,2679800,80.2017
2025-11-20,82.9000,82.9600,82.8900,82.9300,5810700,80.2695
2025-11-21,83.0200,83.0400,82.9800,83.0300,4849600,80.3663
2025-11-24,83.0300,83.0400,83.0000,83.0400,5120700,80.3760
2025-11-25,83.0500,83.1000,83.0400,83.0900,4276700,80.4244
2025-11-26,83.0700,83.0800,83.0400,83.0800,4349400,80.4147
2025-11-28,83.1000,83.1100,83.0600,83.0800,2799600,80.4147
2025-12-01,82.7900,82.7900,82.7600,82.7600,3358500,80.3457
2025-12-02,82.8000,82.8200,82.7800,82.8100,4653000,80.3943
2025-12-03,82.8700,82.8700,82.8300,82.8600,2121300,80.4428
2025-12-04,82.8400,82.8400,82.8000,82.8000,2473900,80.3846
2025-12-05,82.8200,82.8200,82.7700,82.7700,2172300,80.3554
2025-12-08,82.7700,82.7700,82.7100,82.7500,3378600,80.3360
2025-12-09,82.7900,82.7900,82.7100,82.7100,2709900,80.2972
2025-12-10,82.7200,82.8500,82.7100,82.8500,4431300,80.4331
2025-12-11,82.8900,82.9000,82.8500,82.8600,3552400,80.4428
2025-12-12,82.8600,82.8900,82.8500,82.8700,4256400,80.4525
2025-12-15,82.9300,82.9400,82.9000,82.9200,5252200,80.5011
2025-12-16,82.9400,82.9800,82.9300,82.9600,4004800,80.5399
2025-12-17,82.9500,82.9800,82.9400,82.9700,5873900,80.5496
2025-12-18,83.0400,83.0400,82.9800,83.0300,3896800,80.6078
2025-12-19,82.7600,82.7700,82.7400,82.7600,4195000,80.5933
2025-12-22,82.7500,82.7500,82.7100,82.7200,4489000,80.5543
2025-12-23,82.6600,82.6900,82.6500,82.6800,3442900,80.5154
2025-12-24,82.7100,82.7400,82.7000,82.7300,2287200,80.5640
2025-12-26,82.8000,82.8100,82.7800,82.7900,2034700,80.6225
2025-12-29,82.8300,82.8500,82.8200,82.8300,3432000,80.6614
2025-12-30,82.8300,82.8600,82.8300,82.8500,3641100,80.6809
2025-12-31,82.8400,82.8700,82.8200,82.8200,3753000,80.6517
2026-01-02,82.8700,82.8700,82.8400,82.8600,3041700,80.6906
2026-01-05,82.8800,82.9000,82.8700,82.8900,3063400,80.7198
2026-01-06,82.8800,82.9000,82.8500,82.9000,4368900,80.7296
2026-01-07,82.9100,82.9300,82.8800,82.8900,4298000,80.7198
2026-01-08,82.8700,82.8800,82.8600,82.8600,2470500,80.6906
2026-01-09,82.8700,82.8700,82.8100,82.8300,3409700,80.6614
2026-01-12,82.8200,82.8400,82.8100,82.8300,2243100,80.6614
2026-01-13,82.8600,82.8700,82.8400,82.8500,4656300,80.6809
2026-01-14,82.8800,82.9000,82.8700,82.8700,3022500,80.7004
2026-01-15,82.8600,82.8600,82.8100,82.8100,3306400,80.6419
2026-01-16,82.8400,82.8400,82.7800,82.7900,4540100,80.6225
2026-01-20,82.8100,82.8200,82.8000,82.8000,5763700,80.6322
2026-01-21,82.8300,82.8400,82.8100,82.8400,14151400,80.6712
2026-01-22,82.8100,82.8200,82.7900,82.8100,4878300,80.6419
2026-01-23,82.8300,82.8500,82.8200,82.8400,2506700,80.6712
2026-01-26,82.8700,82.8800,82.8500,82.8700,3094300,80.7004
2026-01-27,82.8700,82.9100,82.8700,82.8900,4339300,80.7198
2026-01-28,82.9100,82.9100,82.8700,82.8900,4157500,80.7198
2026-01-29,82.9000,82.9500,82.9000,82.9200,4135800,80.7491
2026-01-30,82.9700,83.0100,82.9600,82.9900,4272800,80.8172
2026-02-02,82.7400,82.7500,82.6900,82.7000,4079300,80.7782
2026-02-03,82.6800,82.7100,82.6700,82.6900,4449700,80.7684
2026-02-04,82.6900,82.7400,82.6900,82.7300,3945400,80.8075
2026-02-05,82.8200,82.8800,82.7900,82.8600,6014000,80.9344
2026-02-06,82.8900,82.8900,82.8300,82.8600,7414400,80.9344
2026-02-09,82.8800,82.8900,82.8700,82.8800,6928900,80.9540
2026-02-10,82.9300,82.9500,82.9200,82.9300,4736200,81.0028
2026-02-11,82.8500,82.8900,82.8300,82.8500,3509800,80.9247
2026-02-12,82.8800,82.9500,82.8700,82.9300,3377300,81.0028
2026-02-13,83.0400,83.0700,83.0300,83.0600,3563900,81.1298
2026-02-17,83.0400,83.0500,83.0100,83.0300,3293800,81.1005
2026-02-18,82.9800,83.0000,82.9800,82.9800,2145500,81.0517
2026-02-19,82.9700,83.0100,82.9700,82.9800,2653900,81.0517
2026-02-20,83.0100,83.0200,82.9700,82.9900,3451900,81.0614
2026-02-23,83.0200,83.0800,83.0000,83.0600,2809000,81.1298
2026-02-24,83.0500,83.0700,83.0300,83.0600,5232700,81.1298
2026-02-25,83.0300,83.0400,83.0100,83.0400,4495400,81.1103
2026-02-26,83.0300,83.0900,83.0300,83.0700,7856900,81.1396
2026-02-27,83.1600,83.2000,83.1500,83.1800,5655100,81.2470
2026-03-02,82.8800,82.8900,82.7900,82.8100,7074100,81.1031
2026-03-03,82.7200,82.8200,82.7100,82.8000,5817200,81.0933
2026-03-04,82.7900,82.8000,82.7300,82.7500,5025800,81.0443
2026-03-05,82.6800,82.7100,82.6600,82.6900,7172700,80.9855
2026-03-06,82.6700,82.8100,82.6700,82.7300,5750000,81.0247
2026-03-09,82.7000,82.7800,82.6700,82.7700,4899200,81.0639
2026-03-10,82.7700,82.8000,82.7100,82.7200,5106600,81.0149
2026-03-11,82.6800,82.6900,82.6400,82.6400,3976900,80.9365
2026-03-12,82.6100,82.6300,82.4700,82.5000,8506900,80.7994
2026-03-13,82.6000,82.6100,82.5300,82.5500,7184000,80.8484
2026-03-16,82.6400,82.6500,82.5900,82.6500,4785600,80.9464
2026-03-17,82.6500,82.6800,82.6500,82.6600,3379600,80.9561
2026-03-18,82.6000,82.6300,82.5100,82.5100,5624600,80.8092
2026-03-19,82.3900,82.5300,82.3700,82.4900,12151300,80.7896
2026-03-20,82.3700,82.3800,82.2800,82.3100,11512100,80.6133
2026-03-23,82.3600,82.4900,82.3400,82.4300,8918100,80.7309
2026-03-24,82.3300,82.3900,82.2700,82.3100,8547200,80.6133
2026-03-25,82.4000,82.4300,82.3700,82.4000,5556000,80.7015
2026-03-26,82.3300,82.3600,82.2200,82.2200,7405900,80.5252
2026-03-27,82.2800,82.3900,82.2800,82.3900,7966400,80.6917
2026-03-30,82.4800,82.5400,82.4700,82.5000,5461200,80.7994
2026-03-31,82.5900,82.6200,82.5500,82.5700,10879800,80.8680
2026-04-01,82.3200,82.3500,82.2900,82.3200,7671800,80.8650
2026-04-02,82.3300,82.3900,82.3200,82.3600,4735100,80.9043
2026-04-06,82.2900,82.3100,82.2600,82.2800,3659700,80.8257
2026-04-07,82.3000,82.3800,82.2500,82.3400,3130500,80.8847
2026-04-08,82.4800,82.4800,82.3900,82.4200,6026600,80.9633
2026-04-09,82.4200,82.4800,82.3900,82.4400,6123400,80.9829
2026-04-10,82.4500,82.4600,82.4000,82.4100,5766600,80.9535
2026-04-13,82.4300,82.4700,82.4000,82.4700,2919900,81.0124
2026-04-14,82.4600,82.5300,82.4500,82.5300,3521000,81.0713
2026-04-15,82.5200,82.5200,82.4800,82.5100,3072800,81.0517
2026-04-16,82.5300,82.5300,82.4800,82.4800,2875600,81.0222
2026-04-17,82.6100,82.6600,82.6000,82.6400,4856700,81.1794
2026-04-20,82.6300,82.6300,82.5800,82.6000,1800400,81.1401
2026-04-21,82.5600,82.5600,82.4800,82.4800,3375600,81.0222
2026-04-22,82.5500,82.5500,82.5100,82.5200,2126000,81.0615
2026-04-23,82.5200,82.5300,82.4500,82.4800,3086000,81.0222
2026-04-24,82.5100,82.5900,82.4900,82.5700,3271800,81.1106
2026-04-27,82.5600,82.5800,82.5400,82.5500,2376200,81.0910
2026-04-28,82.5200,82.5300,82.4900,82.5000,4175900,81.0419
2026-04-29,82.4700,82.4700,82.3600,82.3900,4900900,80.9338
2026-04-30,82.4700,82.4900,82.4500,82.4800,4183200,81.0222
2026-05-01,82.2400,82.3100,82.2200,82.2500,2999400,81.0350
2026-05-04,82.2100,82.2100,82.1000,82.1500,4021000,80.9365
2026-05-05,82.1900,82.2200,82.1800,82.1900,3736500,80.9759
2026-05-06,82.2900,82.3100,82.2700,82.3000,2842000,81.0843
2026-05-07,82.3600,82.3600,82.2200,82.2300,2564800,81.0153
2026-05-08,82.3300,82.3300,82.2900,82.3000,1597900,81.0843
2026-05-11,82.2800,82.2900,82.2200,82.2200,1694000,81.0055
2026-05-12,82.1800,82.1800,82.1500,82.1600,3292000,80.9464
2026-05-13,82.1800,82.2000,82.1400,82.1900,2667200,80.9759
2026-05-14,82.2200,82.2300,82.1500,82.1600,2185600,80.9464
2026-05-15,82.0900,82.1000,82.0600,82.0600,3543600,80.8478
2026-05-18,82.1100,82.1400,82.0600,82.1000,3801000,80.8872
2026-05-19,82.0400,82.0700,82.0000,82.0400,3046900,80.8281
2026-05-20,82.0400,82.1900,82.0400,82.1500,6917100,80.9365
2026-05-21,82.0700,82.1600,82.0500,82.1400,5047200,80.9267
2026-05-22,82.1700,82.1800,82.0600,82.1200,2721300,80.9069
2026-05-26,82.2000,82.2100,82.1600,82.2100,2783500,80.9956
2026-05-27,82.2200,82.2400,82.2100,82.2200,2001600,81.0055
2026-05-28,82.2200,82.3000,82.2100,82.2600,2578700,81.0449
2026-05-29,82.3000,82.3300,82.2800,82.3000,2520800,81.0843
2026-06-01,81.9800,82.0200,81.9400,82.0100,2975600,81.0378
2026-06-02,82.0400,82.0400,82.0000,82.0100,1890900,81.0378
2026-06-03,81.9700,81.9900,81.9500,81.9700,3261700,80.9983
2026-06-04,82.0500,82.0600,82.0200,82.0300,3010500,81.0576
2026-06-05,81.9200,81.9300,81.8600,81.8600,5008100,80.8896
2026-06-08,81.9300,81.9500,81.8900,81.9000,5010000,80.9292
2026-06-09,81.9400,81.9800,81.9200,81.9400,3242100,80.9687
2026-06-10,81.9700,81.9900,81.9400,81.9400,3446600,80.9687
2026-06-11,81.9600,82.1000,81.9400,82.0900,4528000,81.1169
2026-06-12,82.0700,82.0900,82.0300,82.0700,3966800,81.0971
2026-06-15,82.1400,82.1500,82.0900,82.1100,3625900,81.1367
2026-06-16,82.1000,82.1500,82.0900,82.1300,1766800,81.1564
2026-06-17,82.1100,82.1300,81.8800,81.8800,5236600,80.9094
2026-06-18,81.9900,82.0400,81.9800,81.9900,3044000,81.0181
2026-06-22,81.9300,81.9500,81.9100,81.9100,2502000,80.9390
2026-06-23,81.9700,82.0000,81.9700,81.9700,6606500,80.9983
2026-06-24,82.0500,82.0900,82.0400,82.0700,3660400,81.0971
2026-06-25,82.1100,82.1500,82.0900,82.0900,4011800,81.1169
2026-06-26,82.1600,82.2100,82.1600,82.1900,2949000,81.2157
2026-06-29,82.1700,82.1700,82.1400,82.1700,2234500,81.1959
2026-06-30,82.1500,82.1500,82.1000,82.1100,3358800,81.1367
2026-07-01,81.8600,81.9000,81.8300,81.8400,3433600,81.1049
2026-07-02,81.9300,81.9700,81.9200,81.9400,3504900,81.2040
2026-07-06,81.9600,81.9800,81.9400,81.9800,5755600,81.2437
2026-07-07,81.9400,81.9500,81.8600,81.8600,3199600,81.1248
2026-07-08,81.8600,81.8600,81.8100,81.8400,2179200,81.1049
2026-07-09,81.8900,81.9400,81.8800,81.9100,2645800,81.1743
2026-07-10,81.9100,81.9300,81.8800,81.8800,2173800,81.1446
2026-07-13,81.8700,81.8700,81.7900,81.7900,2808500,81.0554
2026-07-14,81.9300,81.9700,81.8900,81.9300,2766900,81.1941
2026-07-15,81.9700,82.0300,81.9700,82.0000,5041100,81.2635
2026-07-16,81.9800,82.0000,81.9600,82.0000,2730500,81.2635
2026-07-17,82.0600,82.0900,81.9900,81.9900,4355400,81.2536
2026-07-20,81.9900,81.9900,81.9200,81.9600,2909600,81.2239
2026-07-21,81.9200,81.9300,81.8800,81.8900,1845000,81.1545
2026-07-22,81.8900,81.8900,81.8300,81.8300,3168400,81.0950
2026-07-23,81.7800,81.7900,81.7600,81.7700,3129200,81.0356
2026-07-24,81.8200,81.8700,81.8100,81.8500,2982800,81.1149
2026-07-27,81.8600,81.8900,81.8500,81.8700,3070800,81.1347
2026-07-28,81.9100,81.9700,81.9000,81.9400,2955500,81.2040
2026-07-29,81.9000,82.0300,81.8600,81.9900,4820100,81.2536
2026-07-30,82.0200,82.0400,82.0000,82.0100,3451100,81.2734
2026-07-31,81.9700,82.0000,81.9400,82.0000,3142000,81.2635
2026-08-03,81.7800,81.7800,81.7500,81.7700,4866900,81.2844
2026-08-04,81.8600,81.8800,81.8500,81.8700,5719100,81.3838
2026-08-05,81.8500,81.9000,81.8400,81.9000,5430100,81.4136
2026-08-06,81.8600,81.8600,81.8000,81.8000,4636200,81.3142
2026-08-07,81.9400,81.9400,81.8900,81.9200,2939600,81.4335
2026-08-10,81.8800,81.8800,81.8500,81.8600,1629200,81.3739
2026-08-11,81.8900,81.9100,81.8700,81.8700,2541600,81.3838
2026-08-12,81.9700,81.9700,81.9200,81.9200,1930800,81.4335
2026-08-13,82.0100,82.0500,82.0100,82.0300,1700600,81.5428
2026-08-14,82.0700,82.0800,82.0000,82.0000,1945700,81.5130
2026-08-17,82.0100,82.0400,82.0000,82.0000,2912500,81.5130
2026-08-18,82.0000,82.0400,81.9800,82.0200,2401900,81.5329
2026-08-19,82.0400,82.0600,81.9900,82.0600,6417400,81.5727
2026-08-20,82.0100,82.0400,82.0000,82.0200,2248600,81.5329
2026-08-21,82.0200,82.0300,81.9800,82.0000,2085000,81.5130
2026-08-24,82.0000,82.0200,81.9900,82.0000,3585800,81.5130
2026-08-25,82.0400,82.1000,82.0400,82.0800,1972100,81.5926
2026-08-26,82.0600,82.0600,82.0300,82.0500,5500400,81.5627
2026-08-27,82.0600,82.0700,82.0300,82.0400,3813100,81.5528
2026-08-28,82.0500,82.0900,81.8800,81.8900,5756100,81.4037
2026-08-31,81.9200,81.9200,81.8900,81.8900,4603800,81.4037
2026-09-01,81.6200,81.6600,81.5900,81.5900,9452400,81.3478
2026-09-02,81.6300,81.6400,81.6100,81.6400,2705100,81.3977
2026-09-03,81.7300,81.7400,81.7000,81.7100,3599400,81.4675
2026-09-04,81.6800,81.7100,81.6700,81.6900,2477900,81.4475
2026-09-08,81.7000,81.7000,81.6500,81.6600,4279800,81.4176
2026-09-09,81.6500,81.6700,81.6200,81.6300,2610300,81.3877
2026-09-10,81.5200,81.5200,81.4200,81.4200,6241200,81.1783
2026-09-11,81.4300,81.4500,81.3400,81.3700,5934300,81.1285
2026-09-14,81.3500,81.4200,81.3000,81.3400,4593000,81.0986
2026-09-15,81.3500,81.3600,81.3100,81.3100,6420800,81.0687
2026-09-16,81.3800,81.4400,81.2400,81.2400,4029100,80.9989
2026-09-17,81.3400,81.3600,81.3100,81.3600,5740900,81.1185
2026-09-18,81.2800,81.2900,81.2400,81.2400,7701100,80.9989
2026-09-21,81.3100,81.3100,81.2800,81.2900,3971400,81.0487
2026-09-22,81.3000,81.3200,81.2700,81.3200,4631000,81.0786
2026-09-23,81.2700,81.2800,81.0500,81.1200,5621000,80.8792
2026-09-24,81.1900,81.2000,81.0900,81.0900,5182000,80.8493
2026-09-25,81.1600,81.2200,81.1300,81.2100,3348600,80.9690
2026-09-28,81.1300,81.1600,81.0700,81.1100,9328600,80.8693
2026-09-29,81.1200,81.1900,81.0900,81.1600,5521100,80.9191
2026-09-30,81.2500,81.2600,81.1700,81.2000,5029200,80.9590
2026-10-01,80.9700,81.1500,80.9500,81.1000,6805400,81.1000
2026-10-02,81.1700,81.1800,81.0300,81.0500,3365900,81.0500
2026-10-05,81.0700,81.1000,81.0300,81.0800,4313600,81.0800
2026-10-06,81.1100,81.1500,81.1000,81.1300,3550400,81.1300
2026-10-07,81.0800,81.1900,81.0700,81.1600,4083400,81.1600
