Date,Open,High,Low,Close,Volume,AdjClose
2003-12-05,101.5000,102.2000,101.5000,101.8500,48500,49.3300
2003-12-08,101.9000,101.9100,101.6500,101.7600,43900,49.2864
2003-12-09,101.8500,102.0400,101.5000,101.5000,80000,49.1605
2003-12-10,101.8500,101.8900,101.6400,101.7700,98000,49.2913
2003-12-11,101.4700,102.2800,101.4700,102.1700,75500,49.4850
2003-12-12,102.1000,102.3400,102.0900,102.0900,82000,49.4462
2003-12-15,102.0000,102.1400,101.6900,101.8700,146300,49.3397
2003-12-16,101.6700,101.8200,101.4800,101.7600,135400,49.2864
2003-12-17,102.0500,102.1000,101.7000,101.7300,138400,49.2719
2003-12-18,101.7500,102.1800,101.7500,102.1700,107400,49.4850
2003-12-19,101.8500,102.2000,101.8400,102.1200,87800,49.4608
2003-12-22,102.0800,102.1300,101.8000,102.0100,287300,49.4075
2003-12-23,101.8100,101.8900,101.5000,101.5000,111400,49.1605
2003-12-24,101.9000,102.0900,101.7800,102.0700,34600,49.4366
2003-12-26,102.1900,102.2500,102.1300,102.2500,32800,49.5238
2003-12-29,102.0300,102.1000,101.8400,101.9500,127300,49.3784
2003-12-30,101.6800,101.9200,101.6000,101.6800,103300,49.2477
2003-12-31,101.7200,101.8000,101.6800,101.7100,74800,49.3190
2004-01-02,101.5000,101.6400,101.2000,101.4900,106900,49.2123
2004-01-05,101.1500,101.3500,101.0800,101.3500,115700,49.1444
2004-01-06,101.5900,102.0500,101.5500,102.0000,114000,49.4596
2004-01-07,101.9000,102.2300,101.8200,102.0800,101700,49.4984
2004-01-08,101.8600,102.0800,101.3800,101.6900,132100,49.3092
2004-01-09,102.5000,102.5300,102.2300,102.4600,112800,49.6826
2004-01-12,102.2600,102.7300,102.2200,102.3800,132500,49.6438
2004-01-13,102.4400,102.8800,102.3800,102.8800,115400,49.8862
2004-01-14,102.8500,102.9300,102.6800,102.9000,85400,49.8960
2004-01-15,102.8100,103.0300,102.7400,103.0300,63300,49.9590
2004-01-16,103.2800,103.2800,102.9300,103.0800,101200,49.9833
2004-01-20,102.9000,103.1200,102.8500,102.9900,140200,49.9396
2004-01-21,103.1900,103.4600,103.1100,103.4100,174600,50.1433
2004-01-22,103.3600,103.6300,103.2200,103.5800,175400,50.2257
2004-01-23,103.6300,103.7200,102.8500,102.8500,257400,49.8717
2004-01-26,102.7800,102.7900,102.4300,102.4700,242000,49.6875
2004-01-27,102.4900,102.9100,102.4900,102.8800,243500,49.8862
2004-01-28,102.8600,103.2200,102.3800,102.4600,282300,49.6826
2004-01-29,102.3200,102.4500,102.1000,102.4100,219200,49.6584
2004-01-30,102.5400,102.9800,102.4900,102.9500,111700,49.9202
2004-02-02,102.9800,103.3300,102.9000,103.1300,161500,50.0075
2004-02-03,103.4900,103.4900,103.2800,103.3200,112500,50.0997
2004-02-04,103.2200,103.3800,103.1900,103.3200,128900,50.0997
2004-02-05,103.2600,103.3100,102.8100,103.0100,169000,49.9493
2004-02-06,103.4300,103.5900,103.3500,103.4300,156400,50.1530
2004-02-09,103.5200,103.6800,103.5200,103.6400,144800,50.2548
2004-02-10,103.5600,103.5600,103.2600,103.3600,185200,50.1190
2004-02-11,103.2100,103.9700,103.1600,103.7800,195800,50.3227
2004-02-12,103.7300,103.8200,103.4700,103.4900,188900,50.1821
2004-02-13,103.8300,104.2900,103.7000,104.2900,123000,50.5700
2004-02-17,103.8600,103.9000,103.7000,103.7800,186400,50.3227
2004-02-18,103.9300,103.9800,103.7800,103.8000,129900,50.3324
2004-02-19,103.5000,103.8400,103.5000,103.8400,85000,50.3518
2004-02-20,103.7700,103.7900,103.4600,103.5500,119300,50.2111
2004-02-23,103.5700,103.8800,103.5500,103.8800,113500,50.3712
2004-02-24,103.9400,104.2000,103.9400,104.1000,167500,50.4778
2004-02-25,104.1600,104.3700,104.1600,104.3700,161900,50.6087
2004-02-26,104.3700,104.5600,104.3000,104.5600,105500,50.7009
2004-02-27,104.7400,105.2200,104.7400,105.1600,176400,50.9919
2004-03-01,105.4700,105.7900,105.3800,105.7700,207800,51.2876
2004-03-02,105.7000,105.7200,105.1800,105.4300,165800,51.1228
2004-03-03,105.1900,105.3700,105.0200,105.3500,165200,51.0840
2004-03-04,105.0700,105.3800,105.0500,105.3800,114600,51.0985
2004-03-05,106.5900,106.6900,106.3800,106.3800,141500,51.5834
2004-03-08,106.7100,106.8400,106.6600,106.7400,142100,51.7580
2004-03-09,106.8200,107.1800,106.7800,107.0800,179900,51.9229
2004-03-10,106.9000,106.9800,106.6000,106.7400,138800,51.7580
2004-03-11,106.8400,106.8700,106.3000,106.4700,147700,51.6270
2004-03-12,106.3600,106.4700,106.2500,106.3000,109000,51.5446
2004-03-15,106.3500,106.5700,106.3200,106.5500,129100,51.6658
2004-03-16,106.8400,107.1900,106.6300,107.1500,334600,51.9568
2004-03-17,107.5000,107.6700,107.3500,107.5900,90400,52.1702
2004-03-18,107.5500,107.6600,107.3000,107.4100,90300,52.0828
2004-03-19,107.3000,107.3200,106.8000,106.8400,76600,51.8064
2004-03-22,107.0300,107.1100,106.9400,107.1000,102300,51.9326
2004-03-23,107.0200,107.2700,106.9600,107.2600,73200,52.0102
2004-03-24,107.4100,107.5500,107.3600,107.5400,83200,52.1459
2004-03-25,107.4200,107.4900,107.3500,107.3900,110600,52.0732
2004-03-26,107.2700,107.3000,106.7300,106.9300,134400,51.8501
2004-03-29,106.6400,106.6600,106.3900,106.5800,114600,51.6804
2004-03-30,106.8400,106.8900,106.6100,106.6300,88800,51.7047
2004-03-31,106.5400,106.9800,106.5000,106.9100,147800,51.8404
2004-04-01,106.2500,106.4300,106.0000,106.3500,100100,51.8209
2004-04-02,105.1200,105.1500,104.7100,104.8000,170600,51.0657
2004-04-05,104.4500,104.4500,104.1400,104.2200,156300,50.7830
2004-04-06,104.3500,104.4500,104.2400,104.3800,94600,50.8610
2004-04-07,104.2000,104.3200,103.7000,103.7600,174200,50.5589
2004-04-08,103.7200,103.9500,103.6700,103.8400,100900,50.5979
2004-04-12,103.7000,103.9400,103.6700,103.8400,83200,50.5979
2004-04-13,103.2500,103.4300,103.2400,103.3000,101900,50.3348
2004-04-14,103.1000,103.1200,102.8900,103.0300,131000,50.2032
2004-04-15,103.0000,103.0700,102.7500,102.8000,59000,50.0911
2004-04-16,103.2700,103.5000,103.2600,103.4300,115300,50.3981
2004-04-19,103.5000,103.6000,103.3500,103.4300,194400,50.3981
2004-04-20,103.1900,103.3000,102.6000,102.6300,76900,50.0083
2004-04-21,102.5400,102.7500,102.2300,102.6300,101100,50.0083
2004-04-22,102.7900,102.8800,102.5000,102.5000,66500,49.9449
2004-04-23,102.2700,102.2700,101.3600,101.4600,199600,49.4382
2004-04-26,101.5000,102.0300,101.5000,101.9500,86500,49.6770
2004-04-27,102.4400,102.4500,102.1100,102.3100,67800,49.8524
2004-04-28,102.2200,102.2200,101.4400,101.4400,82400,49.4285
2004-04-29,101.3700,101.7400,100.8000,100.9000,86500,49.1653
2004-04-30,101.1500,101.3600,101.0300,101.2600,95100,49.3407
2004-05-03,100.6800,101.0000,100.6800,100.7500,66600,49.3574
2004-05-04,101.0800,101.3000,100.7200,100.8000,77100,49.3819
2004-05-05,100.9700,101.0000,100.7300,100.7600,93700,49.3623
2004-05-06,100.6700,100.6800,100.3500,100.4000,77100,49.1860
2004-05-07,99.6000,99.8500,99.5300,99.8500,136800,48.9165
2004-05-10,99.8500,99.9300,99.7000,99.7800,135000,48.8822
2004-05-11,99.7500,100.2200,99.7200,100.2200,162300,49.0977
2004-05-12,100.4500,100.7000,100.3600,100.3600,119200,49.1663
2004-05-13,100.4000,100.7200,100.4000,100.5800,82800,49.2741
2004-05-14,100.4400,100.9000,100.4400,100.8300,94400,49.3966
2004-05-17,101.2500,101.5900,101.1800,101.5900,139500,49.7689
2004-05-18,101.6600,101.8400,101.6200,101.7600,118900,49.8522
2004-05-19,101.6500,102.0900,101.5900,101.9500,117000,49.9453
2004-05-20,102.1000,102.4700,102.0700,102.4400,79000,50.1853
2004-05-21,102.6700,102.7500,101.7500,101.8800,97700,49.9110
2004-05-24,101.9200,102.3700,101.7500,102.2500,59300,50.0922
2004-05-25,102.3500,102.6100,102.1000,102.1400,70700,50.0384
2004-05-26,102.3000,102.5300,102.2700,102.5300,89500,50.2294
2004-05-27,102.6100,102.8700,102.3700,102.8500,102400,50.3861
2004-05-28,102.5500,102.7900,102.3000,102.7500,188900,50.3372
2004-06-01,101.7500,102.2700,101.5200,102.1700,70900,50.3895
2004-06-02,101.9200,101.9700,101.5400,101.6500,56400,50.1330
2004-06-03,101.3300,101.4900,101.2300,101.3900,108600,50.0048
2004-06-04,101.5000,101.5000,101.0800,101.1500,66000,49.8864
2004-06-07,101.1000,101.2600,100.8600,101.2400,92300,49.9308
2004-06-08,101.0200,101.0200,100.7600,100.7900,94700,49.7088
2004-06-09,100.5500,100.5900,100.2300,100.5000,89500,49.5658
2004-06-10,100.5500,100.7000,100.4100,100.6100,115600,49.6201
2004-06-14,100.3500,100.3900,100.1000,100.1700,97000,49.4031
2004-06-15,100.7700,101.1900,100.7500,101.0300,74700,49.8272
2004-06-16,100.8100,101.0100,100.6500,100.9600,137300,49.7927
2004-06-17,100.8800,101.2300,100.8400,101.1500,114200,49.8864
2004-06-18,101.3500,101.4800,101.3000,101.3000,118700,49.9604
2004-06-21,101.5100,101.5400,101.3400,101.4400,65600,50.0295
2004-06-22,101.2500,101.3000,101.1000,101.2600,100000,49.9406
2004-06-23,101.1500,101.3400,101.1400,101.3000,60800,49.9604
2004-06-24,101.6300,101.6500,101.3600,101.4000,47200,50.0097
2004-06-25,101.2000,101.3800,101.1900,101.3400,68100,49.9801
2004-06-28,101.0200,101.0900,100.5900,100.6400,104700,49.6348
2004-06-29,100.6000,101.0300,100.5200,101.0200,46600,49.8223
2004-06-30,101.2200,101.9500,101.2000,101.9200,221600,50.2662
2004-07-01,101.7000,102.0000,101.6000,102.0000,94400,50.5098
2004-07-02,102.7700,102.9500,102.6700,102.9200,57000,50.9653
2004-07-06,102.8500,102.8900,102.5600,102.6500,57900,50.8317
2004-07-07,102.5000,102.6200,102.3300,102.4500,40200,50.7327
2004-07-08,102.2200,102.5700,102.2000,102.5000,49500,50.7574
2004-07-09,102.5000,102.5200,102.3100,102.4100,45400,50.7128
2004-07-12,102.5600,102.6200,102.2500,102.2900,41200,50.6534
2004-07-13,102.0500,102.1900,102.0100,102.1400,47400,50.5791
2004-07-14,101.0200,102.1800,101.0200,102.1400,35700,50.5791
2004-07-15,102.1000,102.3500,102.1000,102.3500,45100,50.6831
2004-07-16,102.6200,102.9700,102.6200,102.8500,68400,50.9307
2004-07-19,102.7400,102.8300,102.6300,102.8000,45300,50.9060
2004-07-20,102.5300,102.5600,101.9900,102.0600,52200,50.5396
2004-07-21,101.9500,102.1900,101.8500,102.1800,48600,50.5990
2004-07-22,102.2200,102.2800,102.0200,102.2500,39500,50.6336
2004-07-23,102.3100,102.4800,102.2500,102.4800,35200,50.7475
2004-07-26,102.2800,102.3000,102.0700,102.1400,45200,50.5791
2004-07-27,101.9000,101.9300,101.1200,101.1800,58600,50.1038
2004-07-28,101.2200,101.5100,101.2000,101.4900,42600,50.2573
2004-07-29,101.5300,101.8000,101.5300,101.7700,48300,50.3959
2004-07-30,101.9600,102.3300,101.9600,102.3300,40700,50.6732
2004-08-02,101.8000,102.0300,101.6500,101.9000,43500,50.7280
2004-08-03,101.9600,102.1600,101.9400,102.1100,33900,50.8325
2004-08-04,102.0000,102.2300,101.9800,102.0500,44600,50.8026
2004-08-05,102.2600,102.4700,102.1500,102.3600,38800,50.9570
2004-08-06,103.6000,103.6900,103.2300,103.4500,65000,51.4996
2004-08-09,103.3200,103.4500,103.2500,103.3900,54100,51.4697
2004-08-10,103.5000,103.5600,102.9000,102.9900,98100,51.2706
2004-08-11,103.0000,103.4700,102.9300,103.4000,47000,51.4747
2004-08-12,103.3900,104.0600,103.3300,103.9900,44700,51.7684
2004-08-13,104.1900,104.5300,104.1900,104.3900,41000,51.9676
2004-08-16,104.1900,104.2400,103.8700,103.8700,68200,51.7086
2004-08-17,103.6000,103.9900,103.6000,103.9800,65500,51.7634
2004-08-18,104.2500,104.2500,103.5600,103.5700,38800,51.5594
2004-08-19,103.6300,104.2000,103.5200,104.2000,46700,51.8730
2004-08-20,104.2500,104.2500,104.0000,104.0800,54300,51.8132
2004-08-23,103.7900,103.8000,103.5500,103.6200,58800,51.5842
2004-08-24,103.4200,103.4600,103.2800,103.4300,65300,51.4896
2004-08-25,103.4900,103.6900,103.3900,103.4400,39800,51.4946
2004-08-26,103.4500,103.6700,103.3700,103.6100,31900,51.5793
2004-08-27,103.7000,103.8200,103.6300,103.6600,30900,51.6041
2004-08-30,103.7400,103.9300,103.6400,103.9200,40800,51.7336
2004-08-31,104.0800,104.7500,104.0400,104.5300,54400,52.0373
2004-09-01,104.0000,104.1900,103.6900,104.1200,30200,52.0452
2004-09-02,103.9800,104.0000,103.5800,103.6200,37000,51.7953
2004-09-03,103.3200,103.4500,103.1000,103.4500,55100,51.7104
2004-09-07,103.1000,103.3400,103.0400,103.1700,84800,51.5704
2004-09-08,103.0200,103.6700,102.9300,103.6700,75400,51.8203
2004-09-09,103.6400,103.8800,103.4700,103.4700,36200,51.7203
2004-09-10,103.7500,103.7700,103.4900,103.4900,55300,51.7303
2004-09-13,103.4500,103.7900,103.4100,103.7500,45400,51.8603
2004-09-14,103.6800,103.8200,103.5000,103.7700,67700,51.8703
2004-09-15,103.4500,103.5400,103.2700,103.4000,53900,51.6854
2004-09-16,103.1000,103.8400,103.1000,103.7000,64200,51.8353
2004-09-17,103.6500,103.7300,103.3500,103.4800,58500,51.7254
2004-09-20,103.5500,103.8700,103.4800,103.8500,61600,51.9103
2004-09-21,103.6000,103.9000,103.5300,103.7800,35000,51.8753
2004-09-22,103.7400,104.4000,103.7000,104.3700,88300,52.1702
2004-09-23,104.3500,104.4500,103.9000,104.0000,79100,51.9853
2004-09-24,103.8500,103.9900,103.7000,103.8900,45100,51.9303
2004-09-27,104.1600,104.4500,104.1000,104.4000,84600,52.1852
2004-09-28,104.5000,104.6900,104.4100,104.6400,62600,52.3052
2004-09-29,104.4200,104.4600,104.1000,104.2000,130500,52.0852
2004-09-30,103.7600,104.2900,103.6500,104.1900,112100,52.0802
2004-10-01,103.6900,103.8600,103.5000,103.7000,90000,51.8353
2004-10-04,103.2400,103.5500,103.1600,103.4500,45800,51.7104
2004-10-05,103.6100,103.7500,103.5300,103.7200,42100,51.8453
2004-10-06,103.3900,103.4200,103.0500,103.0500,52400,51.5104
2004-10-07,103.0200,103.2400,102.7500,103.2000,55700,51.5854
2004-10-08,104.0600,104.0700,103.8500,104.0500,50300,52.0103
2004-10-11,104.0500,104.4400,104.0000,104.3200,35300,52.1452
2004-10-12,104.3500,104.4500,104.1900,104.3000,62200,52.1352
2004-10-13,104.0100,104.5500,104.0000,104.5200,59000,52.2452
2004-10-14,104.5000,104.8000,104.5000,104.7200,34300,52.3452
2004-10-15,104.8200,104.9500,104.5800,104.7200,61000,52.3452
2004-10-18,104.6800,104.7000,104.4400,104.7000,38900,52.3352
2004-10-19,104.3300,104.7200,104.2800,104.7200,62300,52.3452
2004-10-20,104.9100,105.1800,104.8300,105.1800,43700,52.5751
2004-10-21,105.2000,105.5000,105.2000,105.4900,47700,52.7301
2004-10-22,105.3800,105.5000,105.2500,105.5000,51900,52.7351
2004-10-25,105.6500,105.7500,105.4300,105.4800,41300,52.7251
2004-10-26,105.4800,105.5000,105.2800,105.4200,54700,52.6951
2004-10-27,105.4200,105.6500,104.5000,104.6000,82200,52.2852
2004-10-28,104.6500,105.3600,104.5800,105.0800,53800,52.5251
2004-10-29,105.1100,105.3300,105.0000,105.3300,55300,52.6501
2004-11-01,105.0000,105.2000,104.6600,104.7900,52200,52.4638
2004-11-02,105.0600,105.3700,105.0200,105.3700,45500,52.7542
2004-11-03,105.0000,105.5000,104.9100,105.4500,50700,52.7943
2004-11-04,105.5300,105.6000,105.1000,105.2000,51000,52.6691
2004-11-05,104.4500,104.7500,104.3300,104.7100,88500,52.4238
2004-11-08,104.3500,104.6000,104.3500,104.5800,93800,52.3587
2004-11-09,104.5000,104.5500,104.4000,104.4400,57200,52.2886
2004-11-10,104.1800,104.5000,104.0500,104.2700,83300,52.2035
2004-11-11,104.4000,104.5900,104.4000,104.5300,62500,52.3337
2004-11-12,104.4500,104.8500,104.3800,104.7300,83300,52.4338
2004-11-15,104.8000,105.1400,104.7500,105.1200,124900,52.6290
2004-11-16,105.0800,105.1900,104.9100,105.0700,130400,52.6040
2004-11-17,105.0400,105.5900,105.0400,105.4400,75500,52.7893
2004-11-18,105.1000,105.6000,105.1000,105.5900,60500,52.8643
2004-11-19,105.3000,105.4000,104.9000,105.3000,75800,52.7191
2004-11-22,105.4800,105.8500,105.4800,105.7700,82100,52.9545
2004-11-23,105.5200,105.8500,105.5000,105.5700,69100,52.8543
2004-11-24,105.5900,105.9900,105.5500,105.8500,120900,52.9945
2004-11-26,105.2700,105.4500,105.2700,105.4300,33400,52.7842
2004-11-29,105.0500,105.1200,104.8000,104.9500,87100,52.5439
2004-11-30,104.8000,104.9000,104.7000,104.8200,104700,52.4789
2004-12-01,104.6500,104.6500,104.1200,104.3700,94000,52.3900
2004-12-02,104.1700,104.2000,104.0300,104.1200,75100,52.2645
2004-12-03,104.8000,105.4000,104.7400,105.0000,54600,52.7062
2004-12-06,105.1700,105.2900,105.0900,105.2500,100200,52.8317
2004-12-07,105.1800,105.3000,105.0000,105.2900,87000,52.8518
2004-12-08,105.4700,106.0100,105.4100,106.0100,142600,53.2132
2004-12-09,105.9000,106.2000,105.6600,105.7600,79300,53.0877
2004-12-10,105.9200,105.9800,105.5500,105.6000,89900,53.0074
2004-12-13,105.6200,105.8600,105.6200,105.7900,75900,53.1028
2004-12-14,105.6300,106.0000,105.5500,106.0000,74300,53.2082
2004-12-15,106.3000,106.7200,106.3000,106.7200,78000,53.5696
2004-12-16,106.5000,106.5600,106.0000,106.0500,88000,53.2333
2004-12-17,105.7600,106.1500,105.7500,106.1500,61200,53.2835
2004-12-20,106.2700,106.4300,106.2100,106.3900,79300,53.4040
2004-12-21,106.4800,107.0300,106.4100,107.0100,122100,53.7152
2004-12-22,106.8200,106.8500,106.4300,106.5500,101900,53.4843
2004-12-23,106.5500,106.9000,106.5200,106.7200,94700,53.5696
2004-12-27,106.4000,106.4500,106.2300,106.3800,104500,53.3989
2004-12-28,106.2400,106.2500,105.9500,106.1900,128900,53.3036
2004-12-29,106.1900,106.2200,105.8000,105.9300,150500,53.1731
2004-12-30,105.7200,106.2200,105.6600,106.2100,74300,53.3136
2004-12-31,105.7800,106.0800,105.7500,105.8100,87900,53.4019
2005-01-03,105.5000,105.8000,105.4900,105.7800,110100,53.3868
2005-01-04,105.7500,106.4000,105.0500,105.0500,136400,53.0183
2005-01-05,105.0000,105.1500,104.7000,104.9300,221400,52.9578
2005-01-06,105.0000,105.2600,104.9500,105.1000,204800,53.0436
2005-01-07,105.2700,105.3500,104.7500,104.8300,219600,52.9073
2005-01-10,104.9800,104.9900,104.8000,104.9000,132200,52.9427
2005-01-11,104.9300,105.1500,104.9000,105.0000,121700,52.9931
2005-01-12,104.9600,105.4000,104.9500,105.3700,482700,53.1799
2005-01-13,105.3800,105.6900,105.3500,105.6400,169500,53.3161
2005-01-14,105.3500,105.8800,105.3500,105.6500,206700,53.3212
2005-01-18,105.3700,105.6500,105.3000,105.6500,166300,53.3212
2005-01-19,105.5500,105.5700,105.3200,105.5500,152400,53.2707
2005-01-20,105.3600,105.6600,105.3500,105.6000,156600,53.2960
2005-01-21,105.4100,105.8000,105.4000,105.7500,168400,53.3717
2005-01-24,105.7800,105.9500,105.6600,105.9300,139800,53.4625
2005-01-25,105.7500,105.8500,105.1000,105.2500,207400,53.1193
2005-01-26,105.3100,105.4800,105.2500,105.3800,122100,53.1849
2005-01-27,105.2500,105.4500,105.1700,105.3500,106400,53.1698
2005-01-28,105.6000,105.8000,105.4500,105.7600,175800,53.3767
2005-01-31,105.5700,105.8300,105.5000,105.8200,166400,53.4070
2005-02-01,105.6000,105.6600,105.3600,105.4800,228600,53.3170
2005-02-02,105.3200,105.4700,105.0400,105.3000,154400,53.2260
2005-02-03,105.0100,105.1900,105.0000,105.1200,149800,53.1350
2005-02-04,105.6800,106.1000,105.6500,105.8000,130900,53.4788
2005-02-07,105.8000,106.2000,105.7600,106.1500,133700,53.6557
2005-02-08,106.1500,106.6700,106.1500,106.6700,111000,53.9185
2005-02-09,106.6400,107.3200,106.6400,107.2500,113100,54.2117
2005-02-10,106.9500,107.0800,106.6200,106.6300,108000,53.8983
2005-02-11,106.6200,106.8600,106.5800,106.6800,135000,53.9236
2005-02-14,106.8900,107.1200,106.8500,107.0800,138000,54.1258
2005-02-15,106.7500,106.8500,106.4300,106.5200,139000,53.8427
2005-02-16,106.4500,106.4600,106.0400,106.2400,142200,53.7012
2005-02-17,105.9900,106.2500,105.9500,106.1100,202200,53.6355
2005-02-18,105.6800,106.0300,105.6800,106.0000,172300,53.5799
2005-02-22,105.8300,105.8800,105.6200,105.7000,168000,53.4282
2005-02-23,105.8500,105.9500,105.7300,105.9300,150200,53.5445
2005-02-24,106.1400,106.2000,105.6400,105.7000,145200,53.4282
2005-02-25,105.6300,105.7100,105.5200,105.6500,122900,53.4030
2005-02-28,105.6100,105.6800,104.9000,105.1000,189300,53.1249
2005-03-01,105.0200,105.3000,105.0200,105.1500,100100,53.1502
2005-03-02,105.2300,105.4300,105.1800,105.2700,161600,53.2109
2005-03-03,105.4000,105.6500,105.3500,105.4200,181200,53.2867
2005-03-04,105.4700,105.9400,105.3600,105.8500,175000,53.5040
2005-03-07,105.9400,106.2000,105.9000,106.1500,226300,53.6557
2005-03-08,105.7700,105.9500,105.7100,105.8700,120100,53.5141
2005-03-09,105.3700,105.3700,105.0500,105.1600,196300,53.1553
2005-03-10,105.0900,105.2000,104.5500,104.9500,252800,53.0491
2005-03-11,104.5900,104.7000,104.4400,104.5000,132100,52.8216
2005-03-14,104.4000,104.7200,104.4000,104.7000,111600,52.9227
2005-03-15,104.8400,104.9000,104.4800,104.5600,136400,52.8520
2005-03-16,104.6900,105.1100,104.6500,104.9500,190300,53.0491
2005-03-17,105.4600,105.6300,105.2600,105.3200,383800,53.2361
2005-03-18,105.2500,105.3400,105.1000,105.1600,104000,53.1553
2005-03-21,105.1400,105.1500,104.9300,104.9700,122000,53.0592
2005-03-22,105.1800,105.2600,104.2500,104.2700,169900,52.7054
2005-03-23,103.7500,104.1000,103.6500,103.9500,287900,52.5436
2005-03-24,104.2300,104.3400,104.0700,104.3000,171500,52.7205
2005-03-28,103.8900,103.9800,103.8400,103.8600,149300,52.4982
2005-03-29,103.9800,104.2200,103.8100,104.1400,109600,52.6397
2005-03-30,104.2200,104.5600,104.1500,104.5600,160000,52.8520
2005-03-31,104.8500,105.3500,104.8000,105.3300,222700,53.2412
2005-04-01,105.4600,105.5200,104.7100,105.1700,234600,53.3106
2005-04-04,105.2000,105.4500,105.1600,105.2800,408800,53.3664
2005-04-05,105.1000,105.2000,104.8100,105.0000,102400,53.2245
2005-04-06,105.1300,105.2300,105.0100,105.0600,186200,53.2549
2005-04-07,105.0400,105.2600,104.5000,104.6500,127300,53.0471
2005-04-08,104.4600,104.7500,104.2000,104.7500,266000,53.0977
2005-04-11,104.7500,105.1500,104.7000,105.0300,93100,53.2397
2005-04-12,104.8500,105.6000,104.8000,105.6000,142500,53.5286
2005-04-13,105.7000,105.7500,105.3500,105.5000,150700,53.4779
2005-04-14,105.4500,105.7000,105.0800,105.7000,148900,53.5793
2005-04-15,106.0000,106.3000,105.7500,106.3000,165800,53.8834
2005-04-18,106.5200,106.5900,106.2000,106.3000,144200,53.8834
2005-04-19,106.5500,106.9000,106.5000,106.9000,132800,54.1876
2005-04-20,106.5400,107.1000,106.5000,107.0800,161100,54.2788
2005-04-21,106.6900,106.7900,106.2600,106.2600,122000,53.8632
2005-04-22,106.8200,106.9600,106.6200,106.9600,99400,54.2180
2005-04-25,106.9600,107.0000,106.7300,106.8000,129300,54.1369
2005-04-26,106.8300,106.8500,106.2500,106.4500,73100,53.9595
2005-04-27,106.5900,106.6800,106.2300,106.4500,86400,53.9595
2005-04-28,106.5400,107.2700,106.4600,107.2700,142500,54.3751
2005-04-29,107.1900,107.4500,106.8000,106.9000,80900,54.1876
2005-05-02,106.5400,106.7000,106.2100,106.5400,113300,54.2176
2005-05-03,106.5000,106.5900,106.2000,106.5000,87900,54.1972
2005-05-04,106.0000,106.3800,105.9000,106.2500,125200,54.0700
2005-05-05,106.2200,106.4200,106.0700,106.3600,106500,54.1260
2005-05-06,105.8100,106.0500,105.7700,105.9900,102000,53.9377
2005-05-09,105.9000,106.0400,105.8000,106.0400,113900,53.9632
2005-05-10,106.1500,106.4000,106.1000,106.4000,126200,54.1464
2005-05-11,106.5600,106.8000,106.4400,106.5100,104700,54.2023
2005-05-12,106.3200,106.5000,106.0000,106.4900,145700,54.1922
2005-05-13,106.6900,106.7900,106.2000,106.5200,141300,54.2074
2005-05-16,106.6100,106.6600,106.4400,106.4800,112900,54.1871
2005-05-17,106.7200,107.0000,106.6400,106.7100,132100,54.3041
2005-05-18,107.0300,107.1000,106.5500,106.5500,97700,54.2227
2005-05-19,106.3500,106.6000,106.3000,106.4400,141500,54.1667
2005-05-20,106.6200,106.8300,106.4800,106.8300,80700,54.3652
2005-05-23,106.9000,107.2000,106.9000,106.9600,185900,54.4313
2005-05-24,107.3500,107.4500,107.0500,107.2900,114700,54.5993
2005-05-25,107.3400,107.4300,106.9000,106.9000,93900,54.4008
2005-05-26,106.7900,106.9000,106.5000,106.5500,86700,54.2227
2005-05-27,106.5500,106.9500,106.5000,106.8200,75800,54.3601
2005-05-31,107.0700,107.4000,107.0500,107.2900,119600,54.5993
2005-06-01,107.0000,107.7200,107.0000,107.7200,141500,55.1326
2005-06-02,107.4500,107.5900,107.3000,107.4000,118300,54.9688
2005-06-03,107.8200,107.9000,106.9500,107.0500,116700,54.7897
2005-06-06,107.1100,107.2000,106.8300,107.0500,146500,54.7897
2005-06-07,107.5800,107.6500,107.1600,107.2500,142900,54.8920
2005-06-08,107.2400,107.2500,106.9000,106.9500,116700,54.7385
2005-06-09,106.7900,107.0200,106.6000,106.8700,102700,54.6976
2005-06-10,106.6100,106.6100,106.1600,106.2200,88900,54.3648
2005-06-13,105.8700,105.9700,105.7100,105.9000,157000,54.2011
2005-06-14,105.8500,105.8800,105.6000,105.6900,131500,54.0936
2005-06-15,105.3600,105.7500,105.3100,105.7200,124100,54.1090
2005-06-16,105.7600,106.2000,105.6100,106.1000,126700,54.3035
2005-06-17,106.1900,106.5000,106.1500,106.1600,96800,54.3341
2005-06-20,106.0900,106.2400,105.9400,106.1700,106700,54.3392
2005-06-21,106.2500,106.4700,106.2000,106.3000,86600,54.4058
2005-06-22,106.6500,106.8300,106.4500,106.6500,161800,54.5849
2005-06-23,106.6400,106.8500,106.5200,106.8000,105100,54.6617
2005-06-24,106.9000,107.1000,106.8000,107.0000,209400,54.7641
2005-06-27,107.1300,107.4000,107.0000,107.3000,106600,54.9176
2005-06-28,107.0000,107.1200,106.8500,107.0600,141100,54.7948
2005-06-29,107.2000,107.2000,106.7000,106.7800,97400,54.6515
2005-06-30,106.9600,107.2300,106.7000,107.2300,212200,54.8818
2005-07-01,106.3700,106.4500,105.6400,105.8400,115400,54.5197
2005-07-05,105.4300,105.6100,105.1500,105.2500,141400,54.2157
2005-07-06,105.3000,105.4700,105.2600,105.4600,92100,54.3239
2005-07-07,105.7600,105.8000,105.4300,105.5300,76500,54.3600
2005-07-08,105.5900,105.5900,104.9000,105.0400,104000,54.1076
2005-07-11,104.8000,105.2700,104.7100,105.2500,140100,54.2157
2005-07-12,105.0400,105.2000,105.0000,105.0400,107300,54.1076
2005-07-13,104.9600,104.9800,104.7100,104.7800,172800,53.9736
2005-07-14,104.3200,104.4200,103.9500,104.1100,203200,53.6285
2005-07-15,103.7400,103.9500,103.7000,103.9500,187200,53.5461
2005-07-18,103.8100,103.9000,103.4100,103.5900,141700,53.3607
2005-07-19,103.5800,104.0500,103.5800,104.0300,162900,53.5873
2005-07-20,104.0200,104.3500,103.8000,104.3300,162800,53.7418
2005-07-21,104.1800,104.1900,103.7000,103.8400,158400,53.4894
2005-07-22,104.1400,104.5800,104.1400,104.2500,218600,53.7006
2005-07-25,104.2900,104.3700,103.7500,103.9300,155300,53.5358
2005-07-26,103.7100,104.0300,103.4800,104.0300,183400,53.5873
2005-07-27,103.9500,104.2200,103.8200,103.9900,77800,53.5667
2005-07-28,104.0500,104.3800,104.0300,104.2200,94000,53.6852
2005-07-29,104.0900,104.1500,103.7900,103.9100,108700,53.5255
2005-08-01,103.3400,103.3800,102.9000,103.0800,145300,53.4441
2005-08-02,102.9000,102.9800,102.6800,102.8900,429300,53.3456
2005-08-03,103.1300,103.3900,103.0900,103.3600,112100,53.5892
2005-08-04,103.3000,103.4500,103.1700,103.3800,129200,53.5997
2005-08-05,102.9300,102.9300,102.7500,102.8000,144400,53.2989
2005-08-08,102.8600,102.9900,102.7500,102.7800,113500,53.2886
2005-08-09,102.8200,102.8300,102.4000,102.7000,179600,53.2471
2005-08-10,102.8900,102.9400,102.5500,102.6400,107200,53.2160
2005-08-11,102.7600,103.1900,102.5600,103.1700,104300,53.4908
2005-08-12,103.3400,103.6500,103.3200,103.5900,108600,53.7085
2005-08-15,103.5500,103.6700,103.4100,103.5900,183400,53.7085
2005-08-16,103.9700,104.1900,103.7900,103.8800,172200,53.8589
2005-08-17,104.1000,104.1500,103.5500,103.6500,98400,53.7396
2005-08-18,103.8800,104.0300,103.7600,103.9600,111800,53.9004
2005-08-19,103.9000,104.1700,103.8100,104.1500,110200,53.9989
2005-08-22,103.9400,104.1000,103.7600,104.0000,132600,53.9211
2005-08-23,103.9000,104.3200,103.9000,104.2800,179000,54.0662
2005-08-24,104.2500,104.4900,104.2500,104.4500,108800,54.1544
2005-08-25,104.5600,104.6300,104.3900,104.6100,105200,54.2374
2005-08-26,104.6500,104.7000,104.4100,104.5600,141300,54.2114
2005-08-29,104.8500,104.8700,104.6500,104.7300,85800,54.2995
2005-08-30,104.9300,105.3500,104.8100,105.2700,169100,54.5795
2005-08-31,105.4000,105.8600,105.3100,105.8500,119100,54.8803
2005-09-01,105.4200,105.9000,105.4200,105.7100,108700,55.0245
2005-09-02,105.7000,106.0000,105.5600,105.7500,140600,55.0453
2005-09-06,105.7500,105.8500,105.1100,105.1600,701900,54.7382
2005-09-07,105.1500,105.1800,104.7700,105.0200,176400,54.6653
2005-09-08,105.2100,105.3400,105.0500,105.1900,144100,54.7537
2005-09-09,105.4500,105.7200,105.3800,105.4700,128400,54.8996
2005-09-12,105.2400,105.2400,104.9200,105.0900,128700,54.7017
2005-09-13,105.4400,105.7000,105.2300,105.4500,129500,54.8891
2005-09-14,105.3900,105.6100,105.2100,105.3800,99100,54.8526
2005-09-15,105.2800,105.3800,105.0000,105.1700,97900,54.7434
2005-09-16,105.1200,105.1300,104.8700,105.0000,238700,54.6549
2005-09-19,105.0200,105.4700,104.8900,105.3500,134100,54.8371
2005-09-20,104.8700,105.1200,104.8300,105.0600,127600,54.6861
2005-09-21,105.5800,105.7200,105.4700,105.6500,179000,54.9932
2005-09-22,105.8400,105.9100,105.6100,105.6800,173900,55.0088
2005-09-23,105.5000,105.5300,105.0000,105.1600,161300,54.7382
2005-09-26,104.6300,105.0200,104.6100,104.9200,139900,54.6132
2005-09-27,105.0000,105.1900,104.8000,105.1300,207700,54.7225
2005-09-28,105.1100,105.5500,105.0500,105.5400,130800,54.9360
2005-09-29,105.3500,105.4800,105.2400,105.4400,93600,54.8839
2005-09-30,105.5100,105.5500,105.0000,105.2700,150600,54.7954
2005-10-03,104.8800,104.8900,104.2000,104.2600,147400,54.4315
2005-10-04,104.2500,104.3300,104.0300,104.1800,343100,54.3898
2005-10-05,104.3300,104.5100,104.1300,104.1600,116000,54.3793
2005-10-06,103.9400,104.0000,103.6800,103.8800,171000,54.2331
2005-10-07,103.5900,104.1800,103.5000,104.0500,99000,54.3219
2005-10-10,104.0800,104.3600,103.9200,104.1700,88500,54.3846
2005-10-11,104.0000,104.0100,103.7600,103.8500,111000,54.2175
2005-10-12,103.8900,103.9300,103.4700,103.5100,267700,54.0400
2005-10-13,103.2300,103.5800,103.0600,103.4600,184000,54.0138
2005-10-14,103.7800,103.7900,103.2600,103.6800,108400,54.1288
2005-10-17,103.8100,103.9300,103.7100,103.8800,134600,54.2331
2005-10-18,104.0400,104.0900,103.8500,103.9500,166400,54.2697
2005-10-19,104.0400,104.3000,103.8500,103.9600,231100,54.2749
2005-10-20,103.8000,104.0000,103.6600,103.8900,138000,54.2384
2005-10-21,103.9700,104.2300,103.9100,104.2200,126200,54.4107
2005-10-24,103.9200,104.0500,103.5500,103.7700,267400,54.1757
2005-10-25,103.7500,103.9000,103.1500,103.2300,188300,53.8938
2005-10-26,103.0200,103.1600,102.8000,102.9200,183700,53.7320
2005-10-27,103.1700,103.4500,103.1200,103.3400,166900,53.9512
2005-10-28,103.5200,103.5900,103.1500,103.3000,145200,53.9303
2005-10-31,103.4900,103.7100,103.3800,103.5800,104500,54.0765
2005-11-01,103.3400,103.3400,103.0100,103.1400,166400,54.0723
2005-11-02,103.0900,103.2900,102.8000,102.9400,121800,53.9675
2005-11-03,103.0400,103.0700,102.6300,102.7800,162200,53.8836
2005-11-04,102.8200,103.0100,102.5300,102.7000,140000,53.8416
2005-11-07,103.0300,103.1400,102.9000,103.0300,94300,54.0147
2005-11-08,103.2800,103.3600,103.1500,103.2200,150100,54.1142
2005-11-09,102.7200,102.8400,102.5700,102.6900,239000,53.8364
2005-11-10,102.7000,103.0100,102.5700,102.9200,208000,53.9570
2005-11-11,102.9200,103.2000,102.9100,103.0600,122300,54.0304
2005-11-14,102.8900,102.9000,102.2700,102.3500,341900,53.6581
2005-11-15,102.3600,102.8100,102.2500,102.6500,169600,53.8154
2005-11-16,102.8900,103.2900,102.7500,103.2500,129900,54.1300
2005-11-17,103.3000,103.6100,103.2000,103.3700,124400,54.1929
2005-11-18,103.2000,103.4000,103.0000,103.1800,280800,54.0933
2005-11-21,103.3400,103.4600,103.2300,103.2900,150200,54.1510
2005-11-22,103.4100,103.7000,103.3100,103.7000,148600,54.3659
2005-11-23,103.7600,103.7700,103.1500,103.3000,119800,54.1562
2005-11-25,103.5100,103.6500,103.5000,103.6500,38700,54.3397
2005-11-28,103.6100,104.0000,103.5200,103.8700,111800,54.4550
2005-11-29,103.8600,103.8900,103.2500,103.3500,115200,54.1824
2005-11-30,103.3100,103.3500,103.1000,103.3300,124500,54.1719
2005-12-01,102.3200,102.4200,101.6500,101.9000,284600,54.0446
2005-12-02,101.7000,101.9500,101.6500,101.9400,117300,54.0658
2005-12-05,101.9600,101.9600,101.7000,101.8800,134300,54.0341
2005-12-06,101.9700,102.2600,101.9000,102.1800,150000,54.1932
2005-12-07,102.0600,102.0600,101.7000,101.7900,172600,53.9863
2005-12-08,101.9500,102.2700,101.8600,102.2200,125300,54.2144
2005-12-09,102.0700,102.2000,101.8000,101.8600,127100,54.0234
2005-12-12,102.0200,102.0600,101.7000,101.9000,151800,54.0446
2005-12-13,102.1400,102.2500,101.8700,102.0900,180000,54.1454
2005-12-14,102.4500,102.6800,102.2900,102.5000,151300,54.3629
2005-12-15,102.4100,102.5000,102.2000,102.5000,225900,54.3629
2005-12-16,102.5000,102.6700,102.4500,102.5700,196200,54.4000
2005-12-19,102.5500,102.7500,102.4300,102.6500,154500,54.4424
2005-12-20,102.4500,102.6900,102.3500,102.6000,155600,54.4159
2005-12-21,102.5000,102.5500,102.3200,102.5000,114300,54.3629
2005-12-22,102.6400,102.8500,102.5900,102.7200,193100,54.4796
2005-12-23,102.4700,103.2300,102.4700,103.1500,154500,54.7076
2005-12-27,103.0200,103.3300,102.9500,103.2700,302700,54.7713
2005-12-28,102.7000,102.9400,102.6300,102.6700,104800,54.6520
2005-12-29,102.8000,102.8900,102.5500,102.8500,218200,54.7478
2005-12-30,103.0000,103.1000,102.7100,102.8200,128300,54.7319
2006-01-03,102.6900,103.1500,102.6100,103.0400,257000,54.8490
2006-01-04,103.0100,103.1400,102.8100,103.0500,162400,54.8543
2006-01-05,102.7700,102.9000,102.6700,102.7500,169200,54.6946
2006-01-06,102.7200,102.8300,102.5500,102.7000,315500,54.6680
2006-01-09,102.6400,102.8200,102.5300,102.8200,288300,54.7319
2006-01-10,102.5500,102.7500,102.4500,102.5900,209700,54.6095
2006-01-11,102.7000,102.7700,102.4100,102.4300,687800,54.5243
2006-01-12,102.5500,102.9300,102.4700,102.8300,667800,54.7372
2006-01-13,102.9700,103.2500,102.8900,103.1100,141800,54.8862
2006-01-17,103.0100,103.4000,103.0000,103.3500,591500,55.0140
2006-01-18,103.3600,103.3600,103.0600,103.3000,133700,54.9874
2006-01-19,103.0500,103.2900,102.9500,103.2200,437700,54.9448
2006-01-20,103.4000,103.4900,103.1300,103.4100,227900,55.0459
2006-01-23,103.1600,103.3900,103.0000,103.2500,179100,54.9608
2006-01-24,103.0000,103.2800,102.8100,103.0000,122000,54.8277
2006-01-25,102.7500,102.8400,102.2500,102.3500,162100,54.4817
2006-01-26,102.2000,102.2700,102.0100,102.2500,157900,54.4285
2006-01-27,102.6200,102.6400,102.2600,102.5200,129600,54.5722
2006-01-30,102.5000,102.6300,102.3500,102.5000,159200,54.5615
2006-01-31,102.5500,102.9400,102.4600,102.8500,158800,54.7478
2006-02-01,102.7600,102.9000,102.3500,102.5400,257300,54.5828
2006-02-02,102.6500,102.6900,102.4500,102.5500,370800,54.5881
2006-02-03,102.4500,103.0500,102.3600,103.0500,160000,54.8543
2006-02-06,102.9000,103.2000,102.8800,103.1200,151700,54.8916
2006-02-07,103.0700,103.1400,102.6100,102.6400,118300,54.6360
2006-02-08,102.6400,102.7000,102.3600,102.4500,112500,54.5349
2006-02-09,102.4000,102.7900,102.3500,102.6800,157100,54.6573
2006-02-10,102.7500,102.9000,102.2600,102.2600,172100,54.4338
2006-02-13,102.3100,102.3600,102.1000,102.2100,152400,54.4071
2006-02-14,101.7500,101.9500,101.6900,101.7500,187100,54.1623
2006-02-15,101.9000,102.0700,101.6900,101.8500,159500,54.2155
2006-02-16,101.9000,102.2500,101.8500,102.1600,120700,54.3805
2006-02-17,102.5500,102.7200,102.4800,102.7200,122700,54.6786
2006-02-21,102.6500,102.7400,102.4100,102.5000,140400,54.5615
2006-02-22,102.6300,102.8400,102.5500,102.7900,124600,54.7159
2006-02-23,102.5500,102.6100,102.3500,102.5500,112500,54.5881
2006-02-24,102.7500,102.8000,102.5200,102.6500,135400,54.6413
2006-02-27,102.7900,102.8200,102.3600,102.4700,146200,54.5455
2006-02-28,102.4700,102.8800,102.4000,102.8500,162200,54.7478
2006-03-01,102.7200,102.8000,102.5000,102.6400,136100,54.6360
2006-03-02,102.5400,102.5900,102.1600,102.5700,161400,54.5988
2006-03-03,102.3800,102.5000,102.2000,102.4900,158700,54.5562
2006-03-06,102.2700,102.2700,101.6300,101.7800,133700,54.1783
2006-03-07,101.4500,101.7800,101.4500,101.7800,151000,54.1783
2006-03-08,101.6800,101.7500,101.3200,101.3900,130800,53.9707
2006-03-09,101.3600,101.4500,101.0700,101.2200,172800,53.8802
2006-03-10,100.8500,101.2000,100.7700,101.1000,154500,53.8163
2006-03-13,101.1300,101.1500,100.8700,101.1500,216900,53.8429
2006-03-14,101.2300,101.7500,101.2300,101.6400,184600,54.1037
2006-03-15,101.5100,101.6000,101.3000,101.4500,156400,54.0026
2006-03-16,101.5800,102.1200,101.4600,102.0000,153400,54.2954
2006-03-17,101.9900,102.0100,101.7300,101.8900,153000,54.2369
2006-03-20,102.0000,102.1500,101.7400,101.8300,480400,54.2049
2006-03-21,101.7400,101.7600,101.1900,101.3300,124100,53.9387
2006-03-22,101.4400,101.5500,101.2700,101.4800,216300,54.0186
2006-03-23,101.5500,101.5900,101.3000,101.3700,92100,53.9600
2006-03-24,101.4800,101.8900,101.4300,101.8600,135300,54.2208
2006-03-27,101.7000,101.7000,101.3700,101.5300,119900,54.0452
2006-03-28,101.2500,101.3400,100.9100,101.0400,135600,53.7844
2006-03-29,100.9200,101.0500,100.7600,100.8500,190900,53.6832
2006-03-30,100.7400,100.7700,100.3200,100.6300,244200,53.5661
2006-03-31,100.6400,100.8300,100.4100,100.6500,138900,53.5768
2006-04-03,99.7600,100.2000,99.6700,100.0000,194000,53.5045
2006-04-04,100.0500,100.2600,99.7500,99.9200,125300,53.4617
2006-04-05,100.0000,100.3500,99.9500,100.2600,904600,53.6436
2006-04-06,100.0700,100.0800,99.8200,99.9800,107500,53.4938
2006-04-07,99.5700,99.7500,99.4000,99.5800,219100,53.2798
2006-04-10,99.6000,99.7500,99.4600,99.6500,733000,53.3172
2006-04-11,100.0000,100.0900,99.8300,100.0500,230800,53.5313
2006-04-12,99.9500,100.0400,99.6000,99.7000,110100,53.3440
2006-04-13,99.1000,99.3500,99.0000,99.0800,239900,53.0123
2006-04-17,99.2000,99.6800,99.2000,99.6000,171000,53.2905
2006-04-18,99.7300,100.0900,99.7000,99.9300,173000,53.4671
2006-04-19,99.8100,100.0800,99.6000,100.0300,145800,53.5206
2006-04-20,100.0200,100.0600,99.6200,99.6900,159200,53.3387
2006-04-21,99.7000,100.0500,99.5500,100.0500,145700,53.5313
2006-04-24,99.9000,100.1700,99.8500,99.9500,135300,53.4778
2006-04-25,99.5600,99.7800,99.1100,99.2100,140900,53.0818
2006-04-26,98.9200,99.1500,98.9100,99.1000,122900,53.0230
2006-04-27,98.9100,99.5800,98.8900,99.5400,231800,53.2584
2006-04-28,99.6100,100.0000,99.5000,99.9000,133300,53.4510
2006-05-01,99.4100,99.4100,99.0800,99.0800,165300,53.2763
2006-05-02,98.9700,99.3000,98.9000,99.3000,162000,53.3946
2006-05-03,99.1600,99.2100,98.8000,99.0200,183100,53.2440
2006-05-04,99.0300,99.0400,98.6200,98.6400,177100,53.0397
2006-05-05,99.1500,99.2900,98.9600,99.2000,172500,53.3408
2006-05-08,99.3000,99.3000,99.0100,99.2000,129800,53.3408
2006-05-09,99.2500,99.4100,99.1500,99.3500,139400,53.4214
2006-05-10,99.3900,99.7400,99.3500,99.5900,156200,53.5505
2006-05-11,99.4500,99.6400,99.3500,99.6400,168900,53.5774
2006-05-12,99.3000,99.5500,99.2500,99.3000,182600,53.3946
2006-05-15,99.0800,99.4400,99.0100,99.2500,124500,53.3677
2006-05-16,99.2600,99.6400,99.2500,99.6300,143000,53.5720
2006-05-17,99.3500,99.4400,99.0800,99.3000,416100,53.3946
2006-05-18,99.6500,99.9100,99.5800,99.9100,198800,53.7225
2006-05-19,99.6000,100.1400,99.5700,99.8300,269200,53.6796
2006-05-22,99.9800,100.1200,99.8500,99.9800,159700,53.7602
2006-05-23,99.6900,99.9400,99.6000,99.8900,187200,53.7118
2006-05-24,100.0500,100.2000,99.8500,99.8500,164600,53.6903
2006-05-25,99.9400,100.0800,99.7300,99.8400,113000,53.6849
2006-05-26,99.7700,100.1400,99.7500,100.1000,227300,53.8247
2006-05-30,99.8000,99.9500,99.7600,99.8400,146000,53.6849
2006-05-31,100.0000,100.0800,99.5700,99.7000,195500,53.6096
2006-06-01,99.1500,99.2800,98.9700,99.2200,255900,53.6497
2006-06-02,99.8000,100.0500,99.7100,99.9800,134800,54.0606
2006-06-05,100.0000,100.0600,99.6300,99.7300,198200,53.9254
2006-06-06,99.6000,99.6900,99.5000,99.5900,363100,53.8497
2006-06-07,99.2600,99.3000,99.1600,99.2500,441400,53.6659
2006-06-08,99.2900,99.6300,99.2700,99.3200,284900,53.7037
2006-06-09,99.5000,99.7700,99.3800,99.7200,172700,53.9200
2006-06-12,99.5100,99.7000,99.5000,99.7000,179600,53.9092
2006-06-13,99.7700,99.8100,99.5100,99.7700,213100,53.9470
2006-06-14,99.5700,99.6000,99.3100,99.3900,224800,53.7416
2006-06-15,99.3900,99.4800,99.1500,99.1800,221900,53.6281
2006-06-16,99.4000,99.4500,99.1700,99.2100,162800,53.6443
2006-06-19,99.0200,99.1400,98.8500,99.0000,272300,53.5307
2006-06-20,98.9100,98.9900,98.8200,98.9100,145600,53.4820
2006-06-21,99.0000,99.0200,98.8600,98.9500,234400,53.5036
2006-06-22,98.8900,98.9300,98.7000,98.7400,280900,53.3901
2006-06-23,98.7200,98.8200,98.5000,98.6100,205200,53.3198
2006-06-26,98.6000,98.6300,98.3500,98.5000,127900,53.2603
2006-06-27,98.6900,98.8000,98.5200,98.6600,331900,53.3469
2006-06-28,98.6500,98.6900,98.3000,98.4400,246600,53.2279
2006-06-29,98.5900,99.0500,98.5200,99.0400,235700,53.5523
2006-06-30,98.8300,99.5800,98.8300,99.5700,150000,53.8389
2006-07-03,98.7800,98.8700,98.5500,98.8100,114000,53.7280
2006-07-05,98.4900,98.5000,98.2100,98.4300,295200,53.5213
2006-07-06,98.4900,98.7900,98.4200,98.7700,134100,53.7063
2006-07-07,99.0500,99.2000,98.9700,99.0600,155900,53.8639
2006-07-10,98.9600,99.0700,98.8500,99.0700,144400,53.8693
2006-07-11,99.1600,99.3600,99.0500,99.1400,145600,53.9074
2006-07-12,98.8800,99.1600,98.8100,99.1200,178400,53.8965
2006-07-13,99.1400,99.5500,99.1200,99.5100,277300,54.1086
2006-07-14,99.5400,99.7000,99.4500,99.5800,282500,54.1467
2006-07-17,99.5300,99.6500,99.4000,99.6500,133500,54.1847
2006-07-18,99.3700,99.3800,99.0800,99.1500,112600,53.9129
2006-07-19,98.9500,99.8000,98.9000,99.7800,196500,54.2554
2006-07-20,99.6300,100.1000,99.6000,100.0900,508400,54.4240
2006-07-21,100.1400,100.2100,99.7100,99.7900,135700,54.2608
2006-07-24,99.7800,99.8800,99.6100,99.7100,190700,54.2174
2006-07-25,99.6100,99.9400,99.6000,99.9000,154500,54.3206
2006-07-26,99.9000,100.2600,99.9000,100.2300,117300,54.5001
2006-07-27,100.3300,100.3500,100.1600,100.2500,153000,54.5110
2006-07-28,100.5000,100.7200,100.4200,100.5500,131600,54.6741
2006-07-31,100.5000,100.5700,100.2700,100.5100,111600,54.6524
2006-08-01,99.8100,100.1300,99.8100,100.1200,140000,54.7464
2006-08-02,100.0500,100.3500,100.0200,100.3500,112300,54.8722
2006-08-03,100.2500,100.4600,100.1000,100.3000,196400,54.8448
2006-08-04,100.8000,100.9800,100.6500,100.9800,370300,55.2167
2006-08-07,100.9400,100.9800,100.8700,100.9500,227900,55.2003
2006-08-08,100.9500,101.2100,100.8200,101.1100,136500,55.2878
2006-08-09,101.0400,101.3700,101.0000,101.1500,189100,55.3096
2006-08-10,101.1000,101.1300,100.7500,100.9800,128800,55.2167
2006-08-11,100.7400,100.8400,100.7000,100.7400,200200,55.0855
2006-08-14,100.6200,100.6300,100.4000,100.5000,185600,54.9542
2006-08-15,100.7300,100.9500,100.7000,100.8500,381100,55.1456
2006-08-16,101.2700,101.2800,101.0000,101.0400,137100,55.2495
2006-08-17,101.2000,101.2600,100.8500,100.9200,162400,55.1839
2006-08-18,100.9900,101.3000,100.9900,101.2700,123600,55.3753
2006-08-21,101.3200,101.5300,101.2700,101.5300,114100,55.5174
2006-08-22,101.5600,101.7400,101.5000,101.6800,130500,55.5995
2006-08-23,101.6400,101.6700,101.4000,101.5300,145100,55.5174
2006-08-24,101.6200,101.6200,101.2600,101.3500,134000,55.4190
2006-08-25,101.3800,101.6000,101.3500,101.5800,80500,55.5447
2006-08-28,101.3300,101.3600,101.1700,101.2700,154700,55.3753
2006-08-29,101.0900,101.3200,100.8700,101.3000,249600,55.3917
2006-08-30,101.3900,101.4100,101.1500,101.3900,111700,55.4408
2006-08-31,101.5000,101.6900,101.4500,101.6100,159700,55.5612
2006-09-01,100.9100,101.1200,100.8500,101.0000,316300,55.5403
2006-09-05,100.7600,100.8100,100.5100,100.5700,178200,55.3038
2006-09-06,100.3400,100.5200,100.2800,100.5200,158200,55.2764
2006-09-07,100.3300,100.4700,100.2500,100.3600,154200,55.1884
2006-09-08,100.4900,100.5000,100.3000,100.3000,131700,55.1553
2006-09-11,100.3100,100.3300,99.9200,100.0400,188400,55.0124
2006-09-12,99.9700,100.2800,99.9100,100.2300,176200,55.1168
2006-09-13,100.3900,100.5400,100.3000,100.4500,159500,55.2378
2006-09-14,100.5200,100.6600,100.3600,100.4700,104100,55.2489
2006-09-15,100.4500,100.4900,100.0600,100.1500,245500,55.0728
2006-09-18,99.8400,100.1000,99.8000,100.0800,127900,55.0343
2006-09-19,100.3100,100.4400,100.2200,100.3100,223100,55.1608
2006-09-20,100.3500,100.3500,100.1100,100.1700,181200,55.0839
2006-09-21,100.1500,100.7500,100.1500,100.7500,137800,55.4028
2006-09-22,100.9500,101.1000,100.8800,101.0700,90900,55.5788
2006-09-25,101.1700,101.4500,101.1100,101.3500,172000,55.7327
2006-09-26,101.3300,101.4200,101.1200,101.1900,210600,55.6447
2006-09-27,101.5800,101.6000,101.1500,101.1700,197300,55.6338
2006-09-28,101.2000,101.2200,101.0200,101.1900,162900,55.6447
2006-09-29,101.2800,101.3500,100.9400,101.1500,123000,55.6227
2006-10-02,100.7100,100.9800,100.6200,100.8000,278600,55.6813
2006-10-03,100.8600,100.9100,100.4400,100.4500,256100,55.4880
2006-10-04,100.6000,100.9200,100.5600,100.8400,126100,55.7034
2006-10-05,100.9500,100.9500,100.5400,100.6800,100200,55.6150
2006-10-06,100.4700,100.5100,100.1200,100.3900,156200,55.4548
2006-10-09,100.2800,100.3300,100.0400,100.1900,94900,55.3443
2006-10-10,100.0100,100.0100,99.7000,99.7900,193000,55.1234
2006-10-11,99.8000,99.8800,99.3500,99.5000,195300,54.9632
2006-10-12,99.5100,99.6400,99.3600,99.5100,172900,54.9687
2006-10-13,99.3800,99.4100,99.1300,99.3400,206200,54.8748
2006-10-16,99.4900,99.5000,99.3200,99.4200,144700,54.9190
2006-10-17,99.7000,99.8100,99.3300,99.4100,181500,54.9135
2006-10-18,99.4300,99.5500,99.2000,99.2000,251000,54.7975
2006-10-19,99.1100,99.3400,99.0500,99.2300,161200,54.8140
2006-10-20,99.2200,99.2500,99.1000,99.2200,110700,54.8085
2006-10-23,98.7400,98.9600,98.7000,98.9300,276700,54.6483
2006-10-24,98.8200,99.0800,98.8200,99.0800,182600,54.7312
2006-10-25,99.1200,99.6400,99.0600,99.5400,178700,54.9853
2006-10-26,99.7800,100.1000,99.7800,100.0300,443500,55.2560
2006-10-27,100.2500,100.3700,100.1000,100.2500,168800,55.3775
2006-10-30,100.1500,100.1700,100.0000,100.0700,124500,55.2780
2006-10-31,100.1000,100.6200,100.0700,100.6200,249200,55.5818
2006-11-01,100.1000,100.4800,99.9200,100.4000,152200,55.7724
2006-11-02,100.1900,100.2000,100.0300,100.1400,130500,55.6280
2006-11-03,99.6500,99.6700,99.4000,99.5800,179100,55.3169
2006-11-06,99.5000,99.8900,99.4300,99.8700,160300,55.4780
2006-11-07,100.1800,100.3700,100.0800,100.2300,152100,55.6780
2006-11-08,100.1800,100.4100,100.1500,100.4100,156700,55.7780
2006-11-09,100.4000,100.6000,100.3600,100.6000,128400,55.8835
2006-11-10,100.6800,100.7300,100.5300,100.5600,136800,55.8613
2006-11-13,100.3700,100.3900,100.0800,100.3300,234300,55.7335
2006-11-14,100.3800,100.5000,100.3300,100.4500,163400,55.8002
2006-11-15,100.2500,100.3300,100.1300,100.1500,203600,55.6335
2006-11-16,100.0800,100.0900,99.5500,99.5900,289400,55.3224
2006-11-17,99.5500,99.9600,99.5500,99.7900,335900,55.4335
2006-11-20,99.9400,99.9400,99.7500,99.8200,200500,55.4502
2006-11-21,99.8600,100.0600,99.7100,99.9800,219300,55.5391
2006-11-22,100.0300,100.1800,100.0000,100.1100,206400,55.6114
2006-11-24,100.2800,100.5400,100.2800,100.3500,131100,55.7446
2006-11-27,100.2200,100.5800,100.2000,100.5100,214000,55.8335
2006-11-28,100.7300,100.8600,100.5100,100.8600,276100,56.0279
2006-11-29,100.8100,101.0100,100.6500,100.7300,162000,55.9557
2006-11-30,100.8600,101.2400,100.8100,101.1300,155700,56.1779
2006-12-01,101.1500,101.6500,101.0000,101.4500,275400,56.3557
2006-12-04,101.4000,101.5000,101.3300,101.4800,164600,56.3723
2006-12-05,101.6100,101.6100,101.2000,101.4100,223800,56.3335
2006-12-06,101.1900,101.2700,101.0500,101.0600,227000,56.1391
2006-12-07,101.0500,101.0600,100.9000,100.9200,175100,56.0612
2006-12-08,100.9800,101.0000,100.5500,100.6100,133500,55.8890
2006-12-11,100.8600,100.8700,100.6700,100.8400,172200,56.0168
2006-12-12,100.9400,100.9400,100.7000,100.8500,150900,56.0224
2006-12-13,100.6000,100.6800,100.3300,100.4500,219000,55.8002
2006-12-14,100.3700,100.4800,100.2800,100.3500,188200,55.7446
2006-12-15,100.4500,100.5600,99.8500,99.8500,231200,55.4669
2006-12-18,99.8400,99.8900,99.5200,99.6700,221500,55.3669
2006-12-19,99.6300,99.7600,99.5800,99.6000,198500,55.3280
2006-12-20,99.5200,99.6100,99.4300,99.5400,200100,55.2947
2006-12-21,99.5400,99.8000,99.4400,99.7600,575700,55.4169
2006-12-22,99.6100,99.6100,99.2700,99.3500,248500,55.1891
2006-12-26,99.3000,99.5000,99.2500,99.2900,188000,55.1558
2006-12-27,99.2500,99.3400,98.5000,98.9300,386900,54.9558
2006-12-28,99.0000,99.0000,98.4200,98.7500,490700,54.8558
2006-12-29,98.7600,98.9200,98.6200,98.8000,284200,54.8836
2007-01-03,99.3500,99.4000,98.9700,99.2300,521800,55.1225
2007-01-04,99.3500,99.4800,99.1900,99.3000,274800,55.1614
2007-01-05,98.7900,99.1300,98.7000,99.0200,150300,55.0058
2007-01-08,99.0200,99.1300,98.7800,99.0900,239500,55.0447
2007-01-09,99.0200,99.0500,98.8400,99.0200,180500,55.0058
2007-01-10,98.8000,98.8400,98.6600,98.7700,237700,54.8669
2007-01-11,98.6100,98.6900,98.2100,98.4400,451500,54.6836
2007-01-12,98.2100,98.2100,97.7700,98.0400,259600,54.4615
2007-01-16,98.1700,98.2800,98.1000,98.2100,343100,54.5559
2007-01-17,98.2800,98.3900,98.0800,98.2000,161800,54.5503
2007-01-18,98.1900,98.4400,98.1000,98.2700,178300,54.5892
2007-01-19,98.2900,98.4600,98.1500,98.4400,168000,54.6836
2007-01-22,98.5800,98.7400,98.5100,98.6000,152300,54.7725
2007-01-23,98.5500,98.7300,98.4600,98.5900,152400,54.7670
2007-01-24,98.6200,98.8200,98.5200,98.7200,132400,54.8391
2007-01-25,98.8200,98.8200,98.2300,98.4200,175900,54.6725
2007-01-26,98.2400,98.5300,98.2100,98.3400,207200,54.6281
2007-01-29,98.4000,98.4400,98.1500,98.2400,252900,54.5725
2007-01-30,98.2700,98.5500,98.2700,98.5200,188200,54.7281
2007-01-31,98.5300,99.0300,98.5000,99.0300,131500,55.0114
2007-02-01,99.1100,99.3800,98.6400,98.7000,242600,54.8280
2007-02-02,98.7100,98.8800,98.7000,98.8800,177300,54.9280
2007-02-05,99.0000,99.0400,98.8000,98.9300,164000,54.9558
2007-02-06,98.7900,99.0000,98.7000,98.9300,147600,54.9558
2007-02-07,99.1200,99.1500,98.9600,99.1000,176300,55.0502
2007-02-08,98.9700,99.1000,98.9000,99.0000,368600,54.9947
2007-02-09,98.9800,98.9800,98.6200,98.7500,425300,54.8558
2007-02-12,98.6200,98.7400,98.4600,98.5000,164200,54.7169
2007-02-13,98.6100,98.6100,98.4000,98.5100,182800,54.7225
2007-02-14,98.7600,99.2000,98.7300,99.1600,144900,55.0836
2007-02-15,99.3800,99.3800,99.0700,99.1300,265800,55.0669
2007-02-16,99.2000,99.5500,99.0700,99.4600,227300,55.2502
2007-02-20,99.3100,99.4700,99.1900,99.4700,173600,55.2558
2007-02-21,99.5200,99.6700,99.4500,99.6100,213200,55.3336
2007-02-22,99.5200,99.5500,99.3700,99.5500,140200,55.3003
2007-02-23,99.7500,100.1100,99.7400,99.8400,170800,55.4613
2007-02-26,100.0900,100.3700,100.0900,100.2600,450700,55.6946
2007-02-27,100.4700,101.4300,100.4000,101.1500,275400,56.1890
2007-02-28,100.9200,101.0000,100.1300,100.9900,395900,56.1001
2007-03-01,100.9700,100.9900,99.7200,100.8600,280800,56.1826
2007-03-02,101.0000,101.1900,100.7900,101.0600,166000,56.2940
2007-03-05,101.2800,101.2900,100.9500,100.9900,321900,56.2550
2007-03-06,100.8000,101.0000,100.7500,100.8500,172100,56.1770
2007-03-07,101.0000,101.0900,100.7500,101.0000,166800,56.2606
2007-03-08,100.9100,100.9700,100.7200,100.9100,150600,56.2104
2007-03-09,100.6600,100.6700,100.3300,100.4500,155400,55.9542
2007-03-12,100.4300,100.6100,100.4100,100.5400,98600,56.0043
2007-03-13,100.7000,101.0800,100.6700,100.9400,115900,56.2271
2007-03-14,100.9900,101.2500,100.8100,100.9500,154400,56.2327
2007-03-15,101.0500,101.0600,100.8100,100.9200,112900,56.2160
2007-03-16,100.9200,101.1700,100.8800,100.9800,108800,56.2494
2007-03-19,100.9500,101.0000,100.7300,100.9700,130600,56.2438
2007-03-20,101.1800,101.2000,100.9000,100.9900,116100,56.2550
2007-03-21,100.8300,101.5000,100.7700,101.3700,140400,56.4667
2007-03-22,101.3800,101.4200,100.9600,101.0700,99500,56.2996
2007-03-23,101.1300,101.2900,100.9000,101.0000,157200,56.2606
2007-03-26,101.0000,101.4800,100.9100,101.3600,200100,56.4611
2007-03-27,101.2600,101.4300,101.1700,101.3300,190800,56.4444
2007-03-28,101.5100,101.6600,101.0400,101.1900,176800,56.3664
2007-03-29,101.1300,101.2000,100.9900,101.0600,96800,56.2940
2007-03-30,101.1300,101.2900,100.8600,101.0400,139500,56.2829
2007-04-02,101.1800,101.9900,100.5200,100.7100,168400,56.3047
2007-04-03,100.6300,100.6300,100.2200,100.2700,181600,56.0587
2007-04-04,100.4400,100.6200,100.1500,100.5900,129500,56.2376
2007-04-05,100.6600,100.6800,100.5300,100.5700,79700,56.2264
2007-04-09,100.3300,100.3800,100.0500,100.1200,128000,55.9748
2007-04-10,100.2500,100.4600,100.2300,100.3600,120700,56.1090
2007-04-11,100.3600,100.5000,100.1800,100.2000,154400,56.0195
2007-04-12,100.4000,100.4700,99.1900,100.2000,210100,56.0195
2007-04-13,100.3300,100.6800,99.9400,99.9500,109800,55.8798
2007-04-16,100.1300,100.2900,99.9400,100.2700,216400,56.0587
2007-04-17,100.2500,100.4900,100.2500,100.3300,145700,56.0922
2007-04-18,100.4600,100.6600,100.4100,100.6600,169600,56.2767
2007-04-19,100.7200,100.7200,100.4400,100.6100,121500,56.2487
2007-04-20,100.5900,100.6600,100.3700,100.6500,150300,56.2711
2007-04-23,100.6400,100.9500,100.5300,100.8800,127000,56.3997
2007-04-24,100.9100,101.1400,100.8800,101.0500,149100,56.4947
2007-04-25,101.0000,102.2500,100.9100,101.0600,226800,56.5003
2007-04-26,101.0500,101.0800,100.6800,100.7800,188200,56.3438
2007-04-27,100.9800,101.0300,100.8000,100.8000,144700,56.3549
2007-04-30,101.1000,101.3500,101.0600,101.3400,422600,56.6568
2007-05-01,101.0700,101.0900,100.6300,100.9400,178800,56.6490
2007-05-02,101.0700,101.0700,100.8000,100.9300,283500,56.6434
2007-05-03,100.8300,100.8300,100.5900,100.6800,110200,56.5031
2007-05-04,100.8500,100.9300,100.6900,100.7300,115200,56.5312
2007-05-07,100.6800,100.7500,100.4800,100.6600,140200,56.4919
2007-05-08,100.8500,100.8500,100.6400,100.7800,164100,56.5593
2007-05-09,100.8200,100.8300,100.4300,100.4600,129800,56.3796
2007-05-10,100.6600,100.7700,100.5400,100.6800,130500,56.5031
2007-05-11,100.8300,100.9200,100.4900,100.5000,115300,56.4021
2007-05-14,100.6500,100.6800,100.3400,100.3400,129000,56.3123
2007-05-15,100.2000,100.2300,99.9000,100.0700,167200,56.1608
2007-05-16,100.0900,100.1500,99.9500,99.9700,232900,56.1047
2007-05-17,99.9400,100.0200,99.8200,99.9300,111500,56.0822
2007-05-18,99.9000,100.0000,99.5700,99.6700,116300,55.9363
2007-05-21,99.6300,99.9200,99.5300,99.9200,139100,56.0765
2007-05-22,99.8400,99.8800,99.4100,99.5300,195100,55.8577
2007-05-23,99.5600,99.6000,99.2600,99.5200,233800,55.8521
2007-05-24,99.6200,99.7000,99.2900,99.6400,247800,55.9195
2007-05-25,99.6400,99.8200,99.5900,99.7800,194500,55.9980
2007-05-29,99.6700,99.6900,99.3800,99.4800,249600,55.8297
2007-05-30,99.7100,99.7200,99.4200,99.5700,137000,55.8802
2007-05-31,99.7300,99.7300,99.3100,99.6300,181100,55.9138
2007-06-01,98.9900,99.0500,98.8100,98.8500,207300,55.7261
2007-06-04,99.0000,99.2000,98.9000,99.1100,174500,55.8727
2007-06-05,98.9500,98.9900,98.6500,98.7500,156200,55.6697
2007-06-06,98.7700,98.9000,98.6900,98.8300,143200,55.7148
2007-06-07,98.6100,98.6200,97.9200,97.9700,396800,55.2300
2007-06-08,97.9200,98.2700,97.8600,98.1500,287400,55.3315
2007-06-11,97.9000,98.1400,97.8500,97.9400,185800,55.2131
2007-06-12,97.6200,97.6900,97.2100,97.3300,313100,54.8692
2007-06-13,97.4200,97.8500,97.4200,97.6900,362200,55.0722
2007-06-14,97.8000,98.1000,97.6700,97.7500,235900,55.1060
2007-06-15,97.7300,98.0400,97.5900,98.0400,262600,55.2695
2007-06-18,98.0100,98.0900,97.7500,97.9600,185900,55.2244
2007-06-19,98.2200,98.6300,98.1500,98.4800,483200,55.5175
2007-06-20,98.2500,98.2900,97.9800,98.1100,247600,55.3090
2007-06-21,98.0000,98.2600,98.0000,98.0700,149500,55.2864
2007-06-22,97.9800,98.5600,97.9000,98.4700,183200,55.5119
2007-06-25,98.7200,98.8200,98.5000,98.7000,253700,55.6415
2007-06-26,98.8000,98.8100,98.4000,98.5000,173800,55.5288
2007-06-27,98.7700,98.8700,98.5100,98.5500,112500,55.5569
2007-06-28,98.6800,98.7600,98.3900,98.3900,162800,55.4668
2007-06-29,98.8500,99.1000,98.5800,98.9700,147200,55.7938
2007-07-02,98.5700,98.9100,98.4200,98.8300,239400,55.9619
2007-07-03,98.8800,98.9100,98.4200,98.4300,176300,55.7354
2007-07-05,98.2900,98.3200,97.9500,98.0200,149400,55.5033
2007-07-06,97.8700,97.9400,97.7300,97.8100,103500,55.3844
2007-07-09,98.0400,98.1600,97.9800,98.1200,126300,55.5599
2007-07-10,98.6800,98.9200,98.4900,98.9000,166300,56.0016
2007-07-11,98.8000,98.9200,98.4000,98.4700,100300,55.7581
2007-07-12,98.5900,98.6000,98.0700,98.1400,221400,55.5712
2007-07-13,98.4100,98.4900,98.0400,98.2900,143600,55.6562
2007-07-16,98.3900,98.6600,98.3400,98.5900,100200,55.8260
2007-07-17,98.4700,98.6200,98.2000,98.5100,152000,55.7807
2007-07-18,98.6500,99.0500,98.6100,98.8900,150600,55.9959
2007-07-19,98.7000,99.0300,98.6900,99.0100,121600,56.0638
2007-07-20,99.1700,99.5000,99.1000,99.3900,145600,56.2790
2007-07-23,99.2200,99.2700,99.0000,99.1800,380300,56.1601
2007-07-24,99.2800,99.6200,99.0800,99.4900,252400,56.3357
2007-07-25,99.5700,99.8200,99.5400,99.7900,135100,56.5056
2007-07-26,100.1400,100.5500,100.0700,100.2600,444900,56.7716
2007-07-27,100.2100,100.5700,100.0800,100.4100,308600,56.8566
2007-07-30,100.4600,100.5900,100.2500,100.3000,260900,56.7943
2007-07-31,100.3000,100.8100,100.2600,100.8000,327600,57.0774
2007-08-01,100.2600,100.4600,99.9200,99.9400,261700,56.8414
2007-08-02,99.8900,100.1000,99.6700,99.9900,122500,56.8698
2007-08-03,100.1500,100.3900,100.0700,100.3000,161000,57.0461
2007-08-06,100.2100,100.2100,99.6000,99.6400,238600,56.6708
2007-08-07,99.8700,100.1600,99.5500,99.6500,130200,56.6765
2007-08-08,99.5700,99.5700,99.0000,99.2800,237600,56.4660
2007-08-09,99.6000,99.7200,99.3000,99.6000,338600,56.6480
2007-08-10,99.9000,99.9400,99.3600,99.3800,179900,56.5229
2007-08-13,99.4000,99.8700,99.4000,99.8200,287700,56.7731
2007-08-14,99.4900,100.0100,99.4900,99.9400,318800,56.8414
2007-08-15,100.0400,100.0900,99.6700,99.9400,178600,56.8414
2007-08-16,100.1900,100.6800,100.1000,100.1600,268900,56.9665
2007-08-17,100.4900,100.6900,99.9500,100.4900,206300,57.1542
2007-08-20,100.4600,100.6000,100.3100,100.4800,181700,57.1485
2007-08-21,100.7600,101.0000,100.6000,100.8300,171200,57.3476
2007-08-22,100.4000,100.7800,100.3600,100.6000,113400,57.2168
2007-08-23,100.5900,100.9000,100.5000,100.6500,117600,57.2452
2007-08-24,100.8500,100.8800,100.5600,100.7800,109900,57.3192
2007-08-27,100.8300,100.9700,100.7300,100.9000,98800,57.3874
2007-08-28,100.8200,101.2300,100.8200,101.2000,139700,57.5580
2007-08-29,101.0200,101.3000,100.7500,100.7800,119100,57.3192
2007-08-30,101.2100,101.3700,101.1000,101.2200,142900,57.5694
2007-08-31,101.1300,101.4000,101.0900,101.1800,127700,57.5466
2007-09-04,100.9200,100.9200,100.5600,100.8200,154200,57.5923
2007-09-05,101.0600,101.3600,100.9600,101.2900,128300,57.8608
2007-09-06,101.2500,101.3300,101.0000,101.0700,90700,57.7352
2007-09-07,101.4600,102.2500,101.4600,102.2300,174200,58.3978
2007-09-10,102.2000,102.7200,102.2000,102.6100,362700,58.6148
2007-09-11,102.3800,102.7500,102.3800,102.6100,136200,58.6148
2007-09-12,102.5800,102.6100,102.3200,102.5700,108700,58.5920
2007-09-13,102.3500,102.3600,101.9000,102.0300,132300,58.2836
2007-09-14,102.6100,102.6100,101.9700,102.2000,139800,58.3807
2007-09-17,102.2400,102.6000,102.1000,102.5700,144500,58.5920
2007-09-18,102.2500,102.6400,102.0500,102.6400,225700,58.6320
2007-09-19,102.1900,102.4300,101.9300,102.3500,313100,58.4663
2007-09-20,101.9200,101.9800,101.1400,101.2000,154000,57.8094
2007-09-21,101.4700,101.7100,101.3900,101.6000,158600,58.0379
2007-09-24,101.4500,101.6000,101.3800,101.4400,201300,57.9466
2007-09-25,101.5300,101.6600,101.2000,101.2500,221100,57.8380
2007-09-26,101.1100,101.5000,101.0400,101.3500,157500,57.8951
2007-09-27,101.6400,102.0500,101.5500,101.9500,133700,58.2378
2007-09-28,102.2900,102.3800,101.7700,102.0300,203100,58.2836
2007-10-01,101.6100,101.8400,101.4400,101.8400,240200,58.4126
2007-10-02,101.5900,102.0400,101.5200,101.9400,199000,58.4700
2007-10-03,101.9900,102.1200,101.5400,101.7500,139000,58.3610
2007-10-04,101.6600,101.9300,101.5800,101.9000,123300,58.4470
2007-10-05,101.3300,101.3900,100.9800,101.3000,230100,58.1029
2007-10-08,101.6700,101.6700,101.0400,101.4800,127200,58.2061
2007-10-09,101.2000,101.2600,100.9800,101.1300,141900,58.0054
2007-10-10,100.8900,101.3600,100.8800,101.2000,224500,58.0455
2007-10-11,100.8200,101.2300,100.7700,101.0300,135000,57.9480
2007-10-12,100.9000,101.2200,100.8100,100.9000,139500,57.8734
2007-10-15,100.8300,101.0500,100.7800,100.9000,163000,57.8734
2007-10-16,101.1000,101.2700,101.0300,101.1900,156600,58.0398
2007-10-17,101.4000,102.0000,101.3300,101.8000,106600,58.3897
2007-10-18,101.9800,102.2100,101.8900,102.1000,188300,58.5618
2007-10-19,102.4200,102.9800,102.3600,102.9700,193600,59.0607
2007-10-22,102.8600,103.0000,102.5400,102.7200,139800,58.9173
2007-10-23,102.6400,102.8000,102.4600,102.7600,183200,58.9403
2007-10-24,102.9000,103.4100,102.8200,103.1500,138700,59.1640
2007-10-25,103.3800,103.6400,103.2100,103.4400,143200,59.3304
2007-10-26,103.2300,103.6300,103.2000,103.3500,138100,59.2787
2007-10-29,103.3200,103.8000,103.2000,103.8000,199800,59.5368
2007-10-30,103.2600,103.3700,103.0600,103.2900,160300,59.2443
2007-10-31,103.1500,103.6900,102.7600,102.8000,224900,58.9632
2007-11-01,102.8500,103.5100,102.8500,103.4200,160800,59.5041
2007-11-02,103.3400,104.2400,103.3200,104.0000,177100,59.8378
2007-11-05,104.1200,104.3800,103.9200,104.0500,124400,59.8666
2007-11-06,104.0900,104.4900,104.0000,104.0600,179900,59.8723
2007-11-07,104.2700,104.3700,104.0500,104.1200,212500,59.9068
2007-11-08,104.3000,104.7500,104.2400,104.4400,1582500,60.0909
2007-11-09,104.8700,105.6200,104.7100,105.3500,342700,60.6145
2007-11-12,105.5000,105.6900,105.3500,105.6900,195400,60.8102
2007-11-13,105.0300,105.0600,104.6000,104.6800,251000,60.2290
2007-11-14,104.3400,104.6900,104.3400,104.6900,350100,60.2348
2007-11-15,104.6500,105.2300,104.6500,104.9100,250500,60.3614
2007-11-16,104.9400,105.3800,104.9200,105.1200,215100,60.4822
2007-11-19,105.2300,106.1400,105.1200,105.9800,222400,60.9770
2007-11-20,106.0400,106.2500,105.6700,105.8700,342500,60.9137
2007-11-21,106.3000,106.9000,106.3000,106.7600,250100,61.4257
2007-11-23,108.0000,108.0000,106.4400,106.6900,201400,61.3856
2007-11-26,106.1800,109.1000,106.1800,107.9000,672900,62.0817
2007-11-27,107.5700,107.5700,106.4800,106.9300,405600,61.5236
2007-11-28,106.7500,106.8900,105.8800,106.1300,220900,61.0633
2007-11-29,106.6700,107.2700,106.6600,106.7800,168400,61.4373
2007-11-30,106.1500,106.7600,106.1500,106.7000,384600,61.3913
2007-12-03,106.7000,106.9700,106.3700,106.6300,144800,61.5963
2007-12-04,106.8200,106.8900,106.0600,106.4400,243100,61.4865
2007-12-05,105.9500,106.0500,105.2700,105.3100,283900,60.8338
2007-12-06,105.4300,105.4500,104.9000,104.9900,527800,60.6490
2007-12-07,104.8900,104.9200,104.2600,104.4500,335000,60.3370
2007-12-10,104.4500,104.5000,103.9900,104.3100,147900,60.2561
2007-12-11,104.7000,105.4700,104.4600,105.4500,288800,60.9147
2007-12-12,104.6100,105.3700,104.3500,105.0400,254300,60.6779
2007-12-13,104.8200,104.9200,104.3600,104.4000,207800,60.3081
2007-12-14,104.6100,104.6100,104.2000,104.3300,329200,60.2677
2007-12-17,104.5200,105.0900,104.5000,105.0900,209900,60.7068
2007-12-18,105.1500,105.4000,104.9600,105.2000,321100,60.7703
2007-12-19,105.5700,105.9800,105.0300,105.8600,363700,61.1515
2007-12-20,105.7800,106.1100,105.5900,105.7400,211800,61.0822
2007-12-21,105.5300,105.5800,105.0000,105.1000,271800,60.7125
2007-12-24,104.7200,104.9400,104.5900,104.7800,97300,60.5277
2007-12-26,104.6400,104.9700,104.1400,104.3200,192300,60.2619
2007-12-27,104.3700,104.4800,104.0100,104.4800,369900,60.6631
2007-12-28,104.8700,105.2800,104.7000,105.1100,314000,61.0289
2007-12-31,105.4600,105.9200,105.3200,105.8000,303700,61.4296
2008-01-02,106.0200,106.7100,105.7000,106.6400,379500,61.9173
2008-01-03,106.4500,107.0000,106.2700,107.0000,271200,62.1262
2008-01-04,107.2300,107.2300,106.8100,106.9700,344800,62.1089
2008-01-07,107.0200,107.0200,106.6800,106.9500,433400,62.0973
2008-01-08,106.9100,107.1500,106.5400,107.0300,358600,62.1437
2008-01-09,107.0700,107.3500,106.9100,106.9500,291100,62.0973
2008-01-10,106.9400,107.0300,106.3200,106.4700,265500,61.8185
2008-01-11,106.6800,107.3500,106.6400,107.2600,377100,62.2772
2008-01-14,107.2800,107.7200,107.2000,107.7100,400200,62.5386
2008-01-15,108.0500,108.2600,107.8000,108.2600,290700,62.8579
2008-01-16,108.3200,108.3200,107.5000,107.6200,443500,62.4863
2008-01-17,107.6700,108.5000,107.5700,108.4000,414500,62.9392
2008-01-18,108.2900,108.5300,107.5000,108.5000,508800,62.9972
2008-01-22,109.3300,109.3400,108.5000,109.3200,628900,63.4734
2008-01-23,110.5300,110.5700,108.8100,109.0600,664200,63.3224
2008-01-24,108.8400,108.8600,108.1400,108.3200,358200,62.8927
2008-01-25,108.0400,109.2000,108.0000,109.2000,338400,63.4037
2008-01-28,108.9800,109.3100,108.7800,109.0700,439100,63.3282
2008-01-29,108.9600,109.0900,108.5600,109.0300,322600,63.3050
2008-01-30,108.9100,110.0000,108.5100,109.0500,550600,63.3166
2008-01-31,109.6600,109.8400,109.3900,109.5800,729700,63.6243
2008-02-01,109.4100,109.4900,108.9000,109.0800,384200,63.6599
2008-02-04,108.5300,108.6500,108.3200,108.4500,544600,63.2922
2008-02-05,109.0800,109.2200,108.6700,108.9700,1598100,63.5957
2008-02-06,108.7300,108.9100,108.4400,108.8400,519000,63.5198
2008-02-07,108.7400,108.8100,107.3500,107.5400,603000,62.7611
2008-02-08,108.1300,108.6800,108.0200,108.6200,306900,63.3914
2008-02-11,108.8700,109.1600,108.6900,108.9000,319900,63.5549
2008-02-12,108.4400,108.7500,108.1700,108.7000,380400,63.4381
2008-02-13,108.3300,108.5400,107.6300,107.7100,610800,62.8603
2008-02-14,107.4300,107.4900,106.6900,106.9900,414000,62.4401
2008-02-15,107.4700,107.6700,107.2600,107.5300,281400,62.7553
2008-02-19,107.3000,107.5100,106.7100,106.9100,505900,62.3935
2008-02-20,107.0400,107.4000,106.9200,107.2700,972300,62.6036
2008-02-21,107.7200,108.0700,107.4200,107.9400,554800,62.9946
2008-02-22,107.9100,108.2300,107.5400,107.6400,883800,62.8195
2008-02-25,107.6200,107.8300,107.1000,107.1000,420600,62.5044
2008-02-26,107.5400,107.8900,107.3500,107.8100,603700,62.9187
2008-02-27,108.2000,108.2800,107.4500,107.9900,570800,63.0238
2008-02-28,109.1200,109.4700,108.7800,109.4200,525800,63.8583
2008-02-29,109.9800,110.5800,109.8200,110.5700,720300,64.5295
2008-03-03,110.1900,110.2600,109.6600,110.0100,1382900,64.5037
2008-03-04,110.1000,110.4800,109.5700,109.7600,1354000,64.3571
2008-03-05,110.3900,110.3900,109.4300,109.6900,450600,64.3161
2008-03-06,110.2300,110.5700,109.9600,110.2800,439000,64.6620
2008-03-07,111.1000,111.1600,110.0800,110.6900,613800,64.9024
2008-03-10,111.0600,111.8100,110.9100,111.5200,721400,65.3891
2008-03-11,111.0000,111.0600,110.1800,110.4400,853700,64.7558
2008-03-12,110.6800,111.5600,110.4400,111.5000,648800,65.3773
2008-03-13,112.1100,112.1100,110.5300,110.7800,888800,64.9552
2008-03-14,110.7900,111.8900,110.3500,111.0300,664800,65.1017
2008-03-17,111.0100,111.1200,109.7200,109.8400,788600,64.4040
2008-03-18,110.0500,110.7400,109.6700,109.7200,661700,64.3336
2008-03-19,109.3300,110.3100,109.1300,110.1800,723700,64.6033
2008-03-20,110.0300,110.6300,109.9600,110.4200,485900,64.7440
2008-03-24,109.6900,109.6900,108.3200,108.4700,804000,63.6007
2008-03-25,108.4700,108.8000,108.1900,108.2900,375700,63.4952
2008-03-26,108.5000,108.7000,108.2000,108.6100,672500,63.6828
2008-03-27,108.6100,109.1500,108.5500,108.8300,449500,63.8118
2008-03-28,109.2100,109.6700,108.9100,109.6400,214000,64.2867
2008-03-31,109.8900,110.0000,109.6500,109.9000,1296400,64.4392
2008-04-01,108.9200,108.9200,108.1000,108.3200,694200,63.8801
2008-04-02,108.3000,108.6200,108.1400,108.3200,422800,63.8801
2008-04-03,108.6200,108.6200,108.0800,108.2800,288300,64.2313
2008-04-04,108.7200,109.0000,108.6300,108.9000,391100,64.5991
2008-04-07,108.6100,108.7200,108.1400,108.6500,286100,64.4508
2008-04-08,109.0300,109.0400,108.3700,108.4600,320500,64.3381
2008-04-09,108.6200,109.3400,108.5100,109.1800,527000,64.7651
2008-04-10,109.2000,109.4200,108.4800,108.7100,753300,64.4864
2008-04-11,109.3500,109.6200,109.2300,109.5200,831200,64.9669
2008-04-14,109.4100,109.5800,109.1200,109.1800,479400,64.7651
2008-04-15,109.0100,109.2300,108.7400,108.7800,341600,64.5279
2008-04-16,108.6700,108.7900,107.7500,108.1100,575200,64.1304
2008-04-17,108.1200,108.1400,107.4600,107.6600,429400,63.8635
2008-04-18,107.0100,107.6300,106.6900,107.5600,650200,63.8042
2008-04-21,107.3500,107.7400,107.2200,107.6000,578300,63.8279
2008-04-22,107.5000,107.9500,107.4000,107.8700,704900,63.9881
2008-04-23,107.7000,107.7500,107.2500,107.5400,347000,63.7923
2008-04-24,106.8700,106.9700,106.3200,106.5700,443600,63.2169
2008-04-25,106.4500,106.6500,106.2500,106.4200,464500,63.1279
2008-04-28,106.3800,106.7100,106.2500,106.6000,389600,63.2347
2008-04-29,106.7600,106.9600,106.5200,106.6100,366500,63.2406
2008-04-30,106.7700,107.1300,106.2500,107.1100,353400,63.5373
2008-05-01,107.1100,107.1300,106.4000,106.5900,733100,63.4919
2008-05-02,106.2500,106.6700,106.1400,106.3200,614700,63.3312
2008-05-05,106.5400,106.7600,106.2000,106.5700,419800,63.4801
2008-05-06,106.8900,107.0300,106.3500,106.4900,300100,63.4324
2008-05-07,106.3600,106.7900,106.1700,106.7500,449800,63.5873
2008-05-08,106.9900,107.5400,106.8600,107.5400,384700,64.0578
2008-05-09,108.0700,108.1000,107.6400,107.8300,693600,64.2306
2008-05-12,107.8800,108.2000,107.6400,107.6600,544000,64.1293
2008-05-13,107.2000,107.2600,106.7700,106.8500,385500,63.6468
2008-05-14,107.3200,107.3900,106.6500,106.9500,342800,63.7064
2008-05-15,107.0900,107.7200,107.0100,107.7200,286400,64.1651
2008-05-16,107.5000,108.3800,107.5000,107.7200,751400,64.1651
2008-05-19,107.9800,108.1800,107.5800,108.0600,291800,64.3676
2008-05-20,108.5200,108.7700,108.3400,108.7100,584000,64.7547
2008-05-21,108.4200,109.0600,108.3600,108.8300,451600,64.8263
2008-05-22,108.5500,108.5500,107.6900,108.0700,412800,64.3736
2008-05-23,108.5300,108.6000,108.2400,108.4900,409000,64.6237
2008-05-27,108.1500,108.1500,107.5600,107.7400,529000,64.1770
2008-05-28,107.1300,107.1600,106.6100,106.7700,492200,63.5992
2008-05-29,106.5400,106.5400,105.8600,106.3600,445800,63.3550
2008-05-30,106.8300,106.8700,106.6000,106.7800,960100,63.6052
2008-06-02,106.0300,106.5000,105.8000,106.3100,460700,63.8189
2008-06-03,106.1000,106.6800,105.8200,106.3100,398200,63.8189
2008-06-04,106.6000,106.6000,105.5600,105.7600,364300,63.4887
2008-06-05,105.5000,105.7500,105.3100,105.4300,548700,63.2906
2008-06-06,106.0100,106.8000,105.8300,106.7200,588500,64.0650
2008-06-09,106.2700,106.6600,106.0000,106.1600,323100,63.7288
2008-06-10,106.0700,106.1800,105.4000,105.5900,482500,63.3867
2008-06-11,105.8500,106.2700,105.5500,105.7900,337000,63.5067
2008-06-12,105.1900,105.2400,104.7400,104.8000,463900,62.9124
2008-06-13,105.0000,105.5000,104.6700,104.7900,379700,62.9064
2008-06-16,105.0700,105.3200,104.7300,105.0500,884600,63.0625
2008-06-17,105.2700,105.5000,105.1100,105.3500,366400,63.2425
2008-06-18,105.5000,105.9400,105.3700,105.9200,387600,63.5847
2008-06-19,105.6000,105.8500,105.2000,105.2600,265300,63.1885
2008-06-20,105.8900,106.0000,105.4700,105.6000,331800,63.3926
2008-06-23,105.7300,105.9200,105.4400,105.6000,266900,63.3926
2008-06-24,105.9500,106.3500,105.7900,106.2400,354000,63.7769
2008-06-25,106.3800,106.3900,105.6200,106.3200,473500,63.8248
2008-06-26,106.8600,107.4000,106.5800,107.2400,490700,64.3771
2008-06-27,107.8200,108.0800,107.4500,107.7500,1065100,64.6833
2008-06-30,107.9300,108.2000,107.6500,107.8500,739400,64.7433
2008-07-01,107.8500,107.8500,107.0300,107.1500,678000,64.7597
2008-07-02,107.5600,107.8600,107.2400,107.8200,388200,65.1646
2008-07-03,107.9100,108.1500,107.5000,108.1000,429100,65.3338
2008-07-07,108.1000,108.4900,107.5400,108.0500,576600,65.3036
2008-07-08,107.5900,108.0400,107.2500,107.9700,633400,65.2552
2008-07-09,108.1800,108.6000,107.8900,108.6000,726400,65.6360
2008-07-10,108.4600,108.6100,108.0200,108.5900,363700,65.6300
2008-07-11,108.9000,108.9400,107.4800,107.6100,467300,65.0377
2008-07-14,108.0700,108.5000,107.7400,108.4100,546100,65.5212
2008-07-15,108.6800,109.1700,108.3000,108.3400,644900,65.4789
2008-07-16,108.5200,108.5600,107.7300,107.7900,696100,65.1465
2008-07-17,107.8600,107.9800,106.9000,107.0900,593700,64.7234
2008-07-18,107.2500,107.3800,106.5100,106.6000,497600,64.4272
2008-07-21,106.6500,106.7000,106.2000,106.6200,362700,64.4393
2008-07-22,106.6200,106.6800,105.8900,106.1100,446100,64.1311
2008-07-23,105.7900,105.8900,105.1600,105.3900,675000,63.6960
2008-07-24,105.5500,106.2400,105.5100,106.1400,522900,64.1493
2008-07-25,105.9700,106.0300,105.4100,105.4100,439900,63.7080
2008-07-28,106.2500,106.5500,106.0000,106.3100,661100,64.2520
2008-07-29,106.0300,106.1500,105.5000,105.5900,426600,63.8168
2008-07-30,105.5200,106.2700,105.2500,106.0300,448900,64.0827
2008-07-31,106.5900,106.7400,106.3400,106.4700,590400,64.3487
2008-08-01,105.4000,106.0000,105.2100,105.9500,895900,64.6011
2008-08-04,105.7700,106.0800,105.6000,105.6500,407200,64.4182
2008-08-05,105.6900,105.6900,105.0000,105.0800,584500,64.0706
2008-08-06,104.9800,104.9800,104.2600,104.8100,617600,63.9060
2008-08-07,105.3400,105.9800,105.1700,105.8900,337700,64.5645
2008-08-08,106.0000,106.0900,105.4000,105.7500,420900,64.4792
2008-08-11,105.6800,105.6800,104.5000,104.8000,601200,63.8999
2008-08-12,105.1400,105.5000,105.1400,105.2900,401100,64.1987
2008-08-13,105.5900,105.7800,105.1600,105.2800,365000,64.1926
2008-08-14,105.9000,106.0000,105.6600,105.8200,344300,64.5219
2008-08-15,106.1400,106.2000,105.9500,106.0800,354700,64.6804
2008-08-18,106.0700,106.3000,106.0300,106.1800,386800,64.7413
2008-08-19,106.3800,106.4000,105.9800,106.0700,515800,64.6743
2008-08-20,106.4400,106.7300,106.3300,106.5100,464600,64.9426
2008-08-21,107.0000,107.0000,106.3500,106.6900,421400,65.0523
2008-08-22,106.6500,106.6500,106.1400,106.2800,485000,64.8023
2008-08-25,106.9400,106.9400,106.6000,106.6800,345700,65.0462
2008-08-26,106.6200,106.7200,106.4500,106.7200,497800,65.0706
2008-08-27,106.5000,107.0100,106.3500,107.0000,318500,65.2413
2008-08-28,106.8400,106.8400,106.4500,106.6700,478000,65.0401
2008-08-29,106.6000,106.7200,106.2300,106.3600,306000,64.8511
2008-09-02,105.1400,105.4900,104.3900,105.4900,449100,64.8173
2008-09-03,105.2200,105.3600,105.0200,105.3100,484300,64.7067
2008-09-04,105.4700,105.5100,105.0500,105.1500,444800,64.6084
2008-09-05,105.4600,105.6100,104.9500,105.1800,426200,64.6268
2008-09-08,105.2400,105.5900,104.8600,105.5900,298900,64.8787
2008-09-09,105.3000,105.8200,105.0400,105.7700,509900,64.9894
2008-09-10,105.3700,105.8400,105.1500,105.7200,568700,64.9586
2008-09-11,106.0800,106.2200,105.6500,105.8000,574200,65.0078
2008-09-12,105.7800,105.9000,104.8700,105.0500,525200,64.5469
2008-09-15,105.5100,105.8600,105.0600,105.6700,928100,64.9279
2008-09-16,106.3200,106.5900,104.5000,104.6200,851400,64.2828
2008-09-17,105.2900,105.6500,104.5200,105.0000,1120800,64.5162
2008-09-18,104.8500,104.9400,103.2500,103.6100,825400,63.6622
2008-09-19,103.1800,104.4200,102.2500,104.1400,1403200,63.9878
2008-09-22,105.2200,105.2200,103.6500,104.5000,1033000,64.2090
2008-09-23,104.5000,104.5000,102.9000,103.4300,815700,63.5515
2008-09-24,103.7900,104.0000,102.8000,102.9200,768800,63.2382
2008-09-25,103.0000,103.2600,102.5000,102.8800,706300,63.2136
2008-09-26,102.9000,103.0500,102.5100,102.6600,484800,63.0785
2008-09-29,102.8700,104.8100,102.5100,103.0700,621800,63.3303
2008-09-30,103.4000,103.7500,101.2300,101.3000,946900,62.2428
2008-10-01,101.5000,101.9300,100.7800,101.8300,557100,63.0665
2008-10-02,102.1800,102.1800,101.5500,101.6200,459800,62.9365
2008-10-03,101.8000,102.1600,101.1300,101.8600,375800,63.0851
2008-10-06,101.7000,102.6000,101.4600,101.7800,865400,63.0355
2008-10-07,101.0500,101.2900,100.5000,100.9100,820400,62.4967
2008-10-08,100.2400,100.5000,96.2000,97.9300,1954700,60.6511
2008-10-09,97.6400,97.9300,96.7000,97.3400,967900,60.2857
2008-10-10,94.9900,95.6400,84.1400,95.3800,1831500,59.0718
2008-10-13,95.0000,95.3800,91.3600,94.0000,1030300,58.2172
2008-10-14,94.9900,96.2800,94.1300,96.1500,796100,59.5487
2008-10-15,95.9800,96.8700,95.5600,96.4800,613700,59.7531
2008-10-16,96.4300,96.6000,95.4900,95.8600,594300,59.3691
2008-10-17,95.4200,95.8500,94.7700,95.4700,591900,59.1275
2008-10-20,95.9900,97.1800,95.5100,96.7800,700700,59.9389
2008-10-21,97.6500,97.7900,96.9300,96.9300,696200,60.0318
2008-10-22,97.1500,98.4000,96.8500,97.6500,1455200,60.4777
2008-10-23,98.1300,98.1300,96.6000,96.6600,615200,59.8646
2008-10-24,96.6600,96.8400,94.0500,94.3500,809600,58.4339
2008-10-27,94.1100,94.3300,93.2900,93.3500,853800,57.8145
2008-10-28,93.6700,93.7500,92.7900,92.7900,748200,57.4677
2008-10-29,93.7000,94.2900,93.0400,93.4000,987000,57.8455
2008-10-30,93.7400,94.1500,92.8800,92.8800,1130700,57.5235
2008-10-31,93.7900,93.7900,92.0500,92.3700,1406600,57.2077
2008-11-03,92.8100,93.3000,92.3700,93.1500,1223300,57.6907
2008-11-04,93.7500,94.7200,93.2000,94.5900,898200,58.5826
2008-11-05,94.7200,95.4000,94.6000,95.2600,883900,58.9975
2008-11-06,94.9000,95.4600,94.7200,94.8600,540400,58.7498
2008-11-07,94.7900,94.7900,94.2500,94.4500,576100,58.4958
2008-11-10,94.5000,95.0200,94.0200,94.7800,523400,58.7002
2008-11-11,95.2000,95.9700,94.8200,95.0000,394300,58.8365
2008-11-12,95.0000,95.7400,94.9900,95.1500,516700,58.9294
2008-11-13,95.1500,95.2000,94.2600,94.5600,976500,58.5640
2008-11-14,94.5500,95.6000,94.5500,95.5200,633700,59.1585
2008-11-17,95.2700,96.0900,95.0000,95.6100,601600,59.2143
2008-11-18,95.1600,95.6400,94.6400,94.6400,521800,58.6135
2008-11-19,95.0000,95.3900,94.2500,94.6200,672700,58.6011
2008-11-20,94.4700,95.2300,93.0500,93.4800,896600,57.8951
2008-11-21,92.8700,93.0800,91.9500,92.5300,1039500,57.3067
2008-11-24,92.5000,92.5300,90.6500,90.7300,1006000,56.1919
2008-11-25,91.6100,92.4800,91.2500,92.3900,773100,57.2200
2008-11-26,92.8300,92.9500,92.3800,92.8900,710200,57.5297
2008-11-28,92.9200,93.5000,92.2600,93.1800,353200,57.7093
2008-12-01,93.7400,95.0800,93.3800,95.0500,605900,58.8674
2008-12-02,95.2900,96.2200,94.5300,95.8900,771300,59.3877
2008-12-03,96.1500,97.2500,95.5000,97.1600,662900,60.1742
2008-12-04,97.1000,97.9300,96.9100,97.9300,606700,60.6511
2008-12-05,97.9300,97.9900,96.3700,97.2500,721300,60.2300
2008-12-08,96.9700,97.1000,96.0000,96.0000,660200,59.4558
2008-12-09,96.0400,96.7800,95.8100,96.5700,799000,59.8089
2008-12-10,96.0700,96.4400,95.5000,95.9400,562600,59.4187
2008-12-11,96.6500,97.0400,95.9600,97.0000,687100,60.0751
2008-12-12,96.6600,96.8300,95.5900,96.6100,616100,59.8336
2008-12-15,96.3600,96.8400,96.0000,96.2000,535500,59.5797
2008-12-16,96.0000,99.3700,96.0000,99.2900,927300,61.4934
2008-12-17,99.9800,101.2500,99.7200,101.1900,986900,62.6701
2008-12-18,101.3100,102.2000,101.0100,101.7500,772000,63.0170
2008-12-19,101.6300,101.7200,99.7500,100.0100,681400,61.9393
2008-12-22,100.3400,101.1200,100.3300,100.7300,546500,62.3853
2008-12-23,100.2900,101.1900,99.8500,100.4800,659000,62.2304
2008-12-24,100.4100,101.3100,100.3800,100.5000,494900,62.2428
2008-12-26,100.7300,100.9900,100.5300,100.7300,291300,62.3853
2008-12-29,100.8400,100.9000,100.2600,100.4000,802200,62.1809
2008-12-30,100.4100,100.6600,98.2300,98.9400,786100,61.2766
2008-12-31,99.0300,99.4800,98.2900,99.2400,690000,61.4624
2009-01-02,99.4400,99.4400,97.2300,97.3800,525200,60.3105
2009-01-05,97.3300,97.7800,96.8700,97.0200,834100,60.0875
2009-01-06,97.0500,98.2200,96.6600,97.7400,997200,60.5334
2009-01-07,97.9000,98.1800,97.3600,97.8600,875000,60.6078
2009-01-08,98.1200,98.6800,98.0000,98.6400,564400,61.0908
2009-01-09,98.6200,99.8300,98.6200,99.5100,556600,61.6297
2009-01-12,99.5000,100.0700,98.5100,100.0100,840100,61.9393
2009-01-13,100.1800,100.8700,99.9500,99.9900,750300,61.9269
2009-01-14,100.0200,100.8200,100.0200,100.1100,645400,62.0013
2009-01-15,100.1500,100.4200,99.8400,100.1100,1478300,62.0013
2009-01-16,98.7700,99.8000,98.7700,99.7000,653900,61.7473
2009-01-20,99.0000,99.9100,98.6600,99.6400,953000,61.7102
2009-01-21,99.0300,99.0800,98.0500,98.1200,1017900,60.7688
2009-01-22,98.1200,98.5000,98.0000,98.2900,974200,60.8741
2009-01-23,98.2800,98.6500,97.9300,98.6500,871000,61.0970
2009-01-26,98.7200,98.7200,97.9900,98.3200,799700,60.8926
2009-01-27,98.8000,99.6500,98.4000,99.1700,840600,61.4191
2009-01-28,99.6000,99.8100,98.7500,99.2300,956200,61.4563
2009-01-29,99.6000,99.6400,98.5200,98.7400,1151600,61.1528
2009-01-30,99.1800,99.3800,98.8500,99.2000,986700,61.4377
2009-02-02,99.4800,99.7400,98.7000,99.5600,1078100,61.6606
2009-02-03,99.2800,99.2800,98.8400,99.2000,1570800,61.4377
2009-02-04,99.1100,99.2200,98.7600,99.0000,1455800,61.3138
2009-02-05,99.2900,99.2900,98.6700,98.8900,1570800,61.2457
2009-02-06,98.8700,99.4700,98.6600,99.4600,1401200,61.5987
2009-02-09,99.4800,100.6100,99.3000,100.5000,1480500,62.2428
2009-02-10,100.5000,101.0000,100.1600,100.9600,1588900,62.5277
2009-02-11,101.0200,101.0300,100.3200,100.6900,908400,62.3605
2009-02-12,100.8000,100.8000,99.8400,100.3300,1083200,62.1375
2009-02-13,100.4500,100.4500,99.6100,99.9100,985800,61.8774
2009-02-17,100.5200,100.7500,100.1000,100.5200,1384700,62.2552
2009-02-18,100.1500,100.5300,99.7700,99.8900,1140500,61.8650
2009-02-19,99.9400,100.1300,99.4000,99.6100,1193000,61.6916
2009-02-20,100.5900,100.6800,99.6100,99.9600,1499800,61.9084
2009-02-23,99.6800,100.3900,99.4000,99.8600,1151900,61.8464
2009-02-24,99.9800,100.1300,98.9500,99.0000,1089100,61.3138
2009-02-25,99.1400,99.6300,98.3200,98.4100,1024300,60.9484
2009-02-26,98.4800,98.4800,97.2900,97.6200,1020500,60.4591
2009-02-27,97.3500,98.0000,97.0200,97.0200,1155100,60.0875
2009-03-02,97.3100,97.9000,97.3100,97.6300,1033200,60.4653
2009-03-03,97.6600,98.0500,97.2800,97.4100,1079700,60.3291
2009-03-04,97.2500,97.3900,96.9500,97.2200,726800,60.2114
2009-03-05,97.4900,98.1500,97.4900,98.1200,904300,60.7688
2009-03-06,97.8600,98.2500,97.2900,97.4700,911500,60.3662
2009-03-09,97.4700,97.6300,96.9700,97.1000,714800,60.1371
2009-03-10,97.0500,97.0600,96.3500,96.4800,950200,59.7531
2009-03-11,96.5500,97.3800,96.2200,96.9600,1077500,60.0504
2009-03-12,97.4900,98.4900,97.3400,98.4300,734800,60.9608
2009-03-13,98.4400,98.9000,98.2600,98.4000,930700,60.9422
2009-03-16,98.0000,98.5800,98.0000,98.3000,715200,60.8803
2009-03-17,98.5400,98.9600,98.1500,98.2000,938500,60.8184
2009-03-18,98.9800,101.9800,98.5200,101.8300,1243100,63.0665
2009-03-19,103.0100,103.0100,101.8900,102.3000,1321200,63.3576
2009-03-20,102.6300,102.8700,101.4200,101.7900,1044000,63.0417
2009-03-23,102.0800,102.2600,101.6700,101.7700,1223800,63.0293
2009-03-24,101.7400,102.8400,101.6200,102.3500,1234000,63.3885
2009-03-25,102.3500,102.4200,101.8400,102.2000,1307300,63.2957
2009-03-26,102.3500,103.4800,102.1200,103.3400,1407100,64.0017
2009-03-27,103.3900,103.5300,102.8400,103.0800,1374900,63.8406
2009-03-30,103.4900,103.6500,102.8800,103.2700,1184000,63.9583
2009-03-31,103.2400,103.2900,102.6200,102.7500,1144600,63.6363
2009-04-01,102.8200,102.8500,102.4500,102.6400,872600,63.8628
2009-04-02,102.5300,102.6500,101.7900,102.0100,1060200,63.4708
2009-04-03,101.9100,101.9400,101.0200,101.3400,974700,63.0539
2009-04-06,101.6100,101.6100,101.0000,101.2600,962700,63.0041
2009-04-07,101.3700,101.3700,100.8800,101.1200,1054200,62.9171
2009-04-08,101.1500,101.6200,101.1400,101.6200,861700,63.2282
2009-04-09,101.3000,101.4300,100.9200,101.3100,1614000,63.0353
2009-04-13,101.4900,101.7700,101.4200,101.7700,950000,63.3214
2009-04-14,101.7800,101.8500,101.6100,101.8200,885800,63.3526
2009-04-15,101.7000,102.0400,101.4000,101.8800,872800,63.3899
2009-04-16,101.7600,102.1600,101.3300,101.5000,996800,63.1535
2009-04-17,101.2700,102.8500,100.4500,100.5000,1072600,62.5312
2009-04-20,101.0700,101.0700,100.5000,100.5900,936400,62.5873
2009-04-21,100.9800,101.0800,100.2200,100.2500,1267700,62.3757
2009-04-22,100.5400,100.6400,100.0600,100.5000,1271100,62.5312
2009-04-23,100.5000,101.2300,100.2600,101.0300,1006700,62.8610
2009-04-24,100.8900,101.3400,100.8900,101.2500,613000,62.9979
2009-04-27,101.3200,101.6700,100.9700,101.3500,974900,63.0601
2009-04-28,101.7000,101.8000,101.0100,101.3500,919700,63.0601
2009-04-29,101.5900,101.7400,100.8200,100.9300,1113100,62.7988
2009-04-30,100.6000,101.2800,100.0000,100.4400,1489200,62.4939
2009-05-01,99.4800,99.4900,98.6400,98.8500,1985300,61.8885
2009-05-04,98.9000,99.4300,98.9000,99.0300,1559700,62.0012
2009-05-05,99.3900,99.4000,98.9000,99.0600,1440000,62.0200
2009-05-06,99.1800,99.8800,99.0000,99.4600,993600,62.2704
2009-05-07,99.5000,99.9400,99.4600,99.5600,1137200,62.3330
2009-05-08,99.6800,99.8400,99.4500,99.6000,1395900,62.3581
2009-05-11,99.9000,100.2700,99.7100,100.1000,978400,62.6711
2009-05-12,100.2300,100.5700,100.0600,100.4100,1013900,62.8652
2009-05-13,100.7400,100.8000,100.3900,100.3900,1209400,62.8527
2009-05-14,100.5000,100.9500,100.4800,100.9500,1748100,63.2033
2009-05-15,100.9500,101.2300,100.5500,101.1600,1109800,63.3348
2009-05-18,101.4200,101.4800,100.9100,101.1300,803300,63.3159
2009-05-19,101.1200,101.4200,100.9700,101.3300,1149400,63.4412
2009-05-20,101.1900,102.0700,101.1900,101.8700,1362600,63.7793
2009-05-21,101.9900,102.0900,100.6900,100.8700,1567000,63.1532
2009-05-22,100.9200,101.2700,100.6600,101.0500,898700,63.2659
2009-05-26,100.9900,101.2600,100.6200,100.6200,924700,62.9967
2009-05-27,101.0400,101.1300,100.1800,100.3900,1646500,62.8527
2009-05-28,100.9000,100.9900,99.6200,100.5000,1202500,62.9215
2009-05-29,100.5400,101.8800,100.4700,101.8100,1078300,63.7417
2009-06-01,100.9500,101.1300,100.4100,100.6300,1303300,63.2334
2009-06-02,101.0600,101.4900,100.6900,101.3500,1682200,63.6858
2009-06-03,101.5400,101.7300,101.0400,101.3100,1597400,63.6607
2009-06-04,100.9500,101.0200,100.1500,100.2900,1770100,63.0197
2009-06-05,99.9400,100.3500,99.7700,99.9000,1536700,62.7746
2009-06-08,100.1700,100.1700,99.3100,99.5100,1289900,62.5296
2009-06-09,99.8700,100.3000,99.6900,100.1800,1370300,62.9506
2009-06-10,100.1500,100.4500,99.8100,100.2300,1315000,62.9820
2009-06-11,100.1100,100.7700,99.8900,100.4200,1684700,63.1014
2009-06-12,100.4400,100.7700,100.1300,100.2300,1460800,62.9820
2009-06-15,100.5400,100.6900,100.0500,100.1200,1018000,62.9129
2009-06-16,100.2600,100.5500,100.0300,100.4500,1098000,63.1203
2009-06-17,100.2200,100.5000,99.7400,99.7900,1211300,62.7055
2009-06-18,99.6500,99.6900,99.3400,99.5400,1330700,62.5484
2009-06-19,99.5500,100.3000,99.4600,100.1700,900000,62.9443
2009-06-22,100.2900,100.4600,99.9100,100.3400,1060100,63.0511
2009-06-23,100.5000,100.9900,100.4000,100.8300,1135900,63.3590
2009-06-24,100.7400,101.1100,100.2100,100.3100,1158000,63.0323
2009-06-25,100.6000,101.2500,100.3900,100.8900,1183800,63.3967
2009-06-26,100.9500,100.9800,100.6500,100.8900,752600,63.3967
2009-06-29,100.9200,101.2300,100.7500,100.9600,921800,63.4407
2009-06-30,101.1200,101.7500,100.9000,101.6400,1010200,63.8680
2009-07-01,100.9900,101.2800,100.8000,101.0400,929800,63.7349
2009-07-02,100.9000,101.2300,100.6800,100.7900,711000,63.5772
2009-07-06,100.3500,100.6500,100.2000,100.5500,613700,63.4259
2009-07-07,100.4600,100.8600,100.4200,100.7100,801500,63.5267
2009-07-08,100.9200,101.2300,100.6600,101.0700,752500,63.7538
2009-07-09,100.6000,100.7500,99.8600,100.2500,956600,63.2366
2009-07-10,100.6000,100.8500,100.2600,100.6500,527000,63.4889
2009-07-13,100.7800,100.7800,100.1600,100.2400,580300,63.2303
2009-07-14,100.2400,100.4700,100.0000,100.1600,974100,63.1798
2009-07-15,100.1700,100.3900,99.8700,99.8900,1032100,63.0095
2009-07-16,100.3500,100.7000,100.2900,100.5100,785800,63.4006
2009-07-17,100.2200,100.6200,100.1600,100.4700,1232700,63.3754
2009-07-20,100.3900,101.2500,100.3900,101.0500,862100,63.7413
2009-07-21,100.8200,101.4900,100.6600,101.2800,916800,63.8863
2009-07-22,101.1200,101.1600,100.7100,101.0100,760800,63.7160
2009-07-23,101.0900,101.1000,100.3500,100.5200,1258100,63.4069
2009-07-24,100.5900,100.6600,100.3700,100.5700,745700,63.4384
2009-07-27,100.2000,100.4500,100.0300,100.3800,839300,63.3186
2009-07-28,100.4400,100.7700,100.0300,100.2900,1205900,63.2619
2009-07-29,100.4600,100.7000,99.9800,100.2400,1336200,63.2303
2009-07-30,100.3300,100.8800,100.1900,100.8100,1017200,63.5899
2009-07-31,101.2300,101.5000,101.0000,101.3400,1045700,63.9241
2009-08-03,100.4600,100.5500,100.0300,100.3900,1255700,63.5941
2009-08-04,100.5900,100.6300,99.7800,100.0300,1591300,63.3660
2009-08-05,100.0800,100.8000,99.9700,100.1100,1334000,63.4167
2009-08-06,100.1500,100.2800,99.8500,99.9500,1374900,63.3154
2009-08-07,99.7500,100.1200,99.6200,100.0800,1368300,63.3978
2009-08-10,100.2500,100.6500,100.0300,100.2700,929600,63.5181
2009-08-11,100.7400,100.7900,100.3500,100.7100,957200,63.7969
2009-08-12,100.8500,100.8500,100.0000,100.3200,1126600,63.5498
2009-08-13,100.4400,100.8000,100.1800,100.6500,1304500,63.7588
2009-08-14,100.8100,101.1000,100.3900,100.5400,923000,63.6892
2009-08-17,100.9300,101.0000,100.6500,100.9000,1345900,63.9172
2009-08-18,100.8700,101.2500,100.7800,101.1200,2119900,64.0566
2009-08-19,101.3300,101.7400,101.2500,101.6300,790300,64.3796
2009-08-20,101.8600,102.3500,101.6000,102.2400,910200,64.7661
2009-08-21,102.4000,102.4700,101.6600,101.8300,1386900,64.5064
2009-08-24,101.6500,102.2700,101.5300,102.1900,1118400,64.7344
2009-08-25,102.0000,102.0500,101.5100,101.8900,1152100,64.5443
2009-08-26,102.0000,102.1900,101.8000,102.1800,908700,64.7281
2009-08-27,102.0900,102.4000,101.7100,101.8100,1320700,64.4936
2009-08-28,101.7300,102.1500,101.6000,101.8500,945800,64.5190
2009-08-31,101.8500,102.0200,101.5700,101.7600,909500,64.4620
2009-09-01,100.7800,101.1600,100.5000,100.9800,1290100,64.5515
2009-09-02,101.0200,101.2500,100.8000,101.1400,814500,64.6538
2009-09-03,101.1300,101.5700,100.9500,101.2700,941000,64.7369
2009-09-04,101.5000,101.6600,101.1200,101.2500,757900,64.7241
2009-09-08,101.8400,102.0000,101.4300,101.4600,969100,64.8583
2009-09-09,101.5700,101.8300,101.3600,101.7800,1411800,65.0629
2009-09-10,102.0000,102.2500,101.7900,102.0200,1169600,65.2163
2009-09-11,102.3900,102.6200,102.0400,102.2500,1205100,65.3634
2009-09-14,102.2600,102.4500,102.0000,102.0200,1072400,65.2163
2009-09-15,102.0000,102.2000,101.8800,102.0800,1452300,65.2546
2009-09-16,102.2600,102.3000,101.7000,102.2800,1647100,65.3825
2009-09-17,102.2300,102.4600,101.9100,102.4100,1506000,65.4656
2009-09-18,102.1100,102.2700,101.8100,101.9400,1840900,65.1652
2009-09-21,101.9900,102.2200,101.5900,101.8300,1865100,65.0949
2009-09-22,101.9000,102.1900,101.8400,102.0700,1734900,65.2483
2009-09-23,101.9800,102.2900,101.7000,102.2900,1619800,65.3889
2009-09-24,102.3900,102.4000,102.0900,102.1900,978800,65.3250
2009-09-25,102.2100,102.4500,101.9800,102.3400,1050000,65.4209
2009-09-28,102.5100,102.6500,102.1700,102.5500,996100,65.5551
2009-09-29,102.3600,102.6800,102.2600,102.5100,1298000,65.5296
2009-09-30,102.5300,102.9500,102.4700,102.8800,1653000,65.7660
2009-10-01,103.0600,103.2400,102.8500,103.1200,1462700,65.9496
2009-10-02,103.3700,103.7400,102.8800,102.9200,1332100,65.8217
2009-10-05,103.1700,103.1700,102.7400,102.9800,876200,65.8601
2009-10-06,103.0600,103.1000,102.7500,102.9700,1047800,65.8536
2009-10-07,103.2000,103.5000,103.1000,103.4200,1503300,66.1414
2009-10-08,103.5700,103.6300,103.0300,103.3200,1296400,66.0775
2009-10-09,103.0900,103.1900,102.5200,102.7900,1079600,65.7386
2009-10-12,102.8300,103.1500,102.5300,103.0400,765500,65.8985
2009-10-13,103.3000,103.6300,103.2100,103.6200,911700,66.2694
2009-10-14,103.2800,103.5000,103.0300,103.1700,1227400,65.9816
2009-10-15,103.0900,103.4000,102.9100,103.2500,1477400,66.0327
2009-10-16,103.4500,103.6100,103.2600,103.5800,1075900,66.2438
2009-10-19,103.6400,104.2400,103.4800,104.2400,1447000,66.6659
2009-10-20,104.7900,104.7900,104.2300,104.3300,1179500,66.7235
2009-10-21,104.0300,104.0400,103.6400,103.9200,1099100,66.4613
2009-10-22,103.4400,103.4700,103.1800,103.4100,1172400,66.1350
2009-10-23,103.2400,103.4400,103.0900,103.1900,1089000,65.9944
2009-10-26,102.9200,103.0600,102.5600,102.7200,1354000,65.6938
2009-10-27,102.8900,103.5700,102.8800,103.5400,1041600,66.2182
2009-10-28,103.6500,103.8300,103.4500,103.6200,1270200,66.2694
2009-10-29,103.4100,103.6300,103.0000,103.6300,1153600,66.2758
2009-10-30,103.8900,104.2000,103.6700,104.0100,1792800,66.5188
2009-11-02,103.8400,104.0300,103.5000,103.8700,1208300,66.6484
2009-11-03,103.9600,103.9700,103.4500,103.6600,1119300,66.5136
2009-11-04,103.5700,103.9500,103.5300,103.8600,1245400,66.6420
2009-11-05,103.9100,104.1700,103.8900,104.0600,1058400,66.7704
2009-11-06,104.2400,104.3500,103.8300,104.3200,907900,66.9372
2009-11-09,104.7200,104.9200,104.6200,104.8600,1028600,67.2836
2009-11-10,105.0000,105.1200,104.4600,104.6800,1110200,67.1681
2009-11-11,104.8100,105.2400,104.7000,105.0600,743800,67.4120
2009-11-12,104.6100,104.6900,103.8700,104.5700,1259500,67.0976
2009-11-13,104.6500,104.7200,104.0300,104.6100,1063700,67.1232
2009-11-16,104.9500,105.5600,104.8600,105.4000,1094000,67.6301
2009-11-17,105.2600,105.6900,105.1200,105.6800,1156200,67.8098
2009-11-18,105.9100,106.0200,105.5000,105.6500,979600,67.7905
2009-11-19,105.7000,105.9500,105.5800,105.6600,991300,67.7969
2009-11-20,105.7200,105.7900,105.4400,105.6600,806900,67.7969
2009-11-23,105.5400,105.8300,105.4300,105.7500,1125200,67.8548
2009-11-24,105.8500,105.9700,105.6900,105.8600,1084600,67.9253
2009-11-25,105.8900,106.3200,105.7600,106.2800,920900,68.1948
2009-11-27,106.4000,106.5400,106.1300,106.5100,496300,68.3424
2009-11-30,106.3700,106.5800,106.0000,106.5700,1039100,68.3809
2009-12-01,106.3900,106.4400,106.1300,106.1800,1181200,68.2639
2009-12-02,106.1700,106.3800,106.0000,106.0700,1120400,68.1932
2009-12-03,105.7700,105.8200,105.5700,105.7200,1193300,67.9681
2009-12-04,105.2200,105.2500,104.7500,104.8600,1255700,67.4152
2009-12-07,104.8800,105.0500,104.8000,105.0300,835000,67.5245
2009-12-08,105.2200,105.3400,104.8700,104.9800,897400,67.4923
2009-12-09,104.9600,105.0500,104.3300,104.5200,1464300,67.1966
2009-12-10,104.3200,104.3600,103.7900,104.1800,1309600,66.9780
2009-12-11,104.1900,104.2900,103.8000,104.2200,884300,67.0038
2009-12-14,104.4200,104.6200,104.3400,104.5800,831200,67.2352
2009-12-15,104.5200,104.7400,104.4400,104.5700,1263500,67.2288
2009-12-16,104.7400,105.0700,104.6100,104.7500,1486900,67.3445
2009-12-17,105.0400,105.3200,104.9500,105.2000,998000,67.6338
2009-12-18,105.1100,105.3100,104.8700,105.0400,1029700,67.5310
2009-12-21,104.8100,104.8600,104.4300,104.5500,1060800,67.2159
2009-12-22,104.4900,104.5400,104.0000,104.2100,1861200,66.9973
2009-12-23,104.3800,104.4300,104.0100,104.0600,1245700,66.9009
2009-12-24,104.0100,104.0600,103.7800,103.7800,515400,66.7209
2009-12-28,103.7000,103.9000,103.6000,103.7500,1300000,66.7016
2009-12-29,103.6800,103.9000,103.6000,103.8300,1020100,66.9072
2009-12-30,103.9300,104.0600,103.7800,103.9900,1220500,67.0103
2009-12-31,103.7500,103.9400,103.3300,103.9000,812600,66.9523
2010-01-04,103.9900,104.2000,103.7800,104.1700,3583200,67.1262
2010-01-05,104.3700,104.6000,104.2900,104.5100,1738200,67.3453
2010-01-06,104.5400,104.5400,104.0500,104.2400,1233900,67.1713
2010-01-07,104.2700,104.5600,104.2500,104.4000,982100,67.2745
2010-01-08,104.8100,104.8200,104.4000,104.6200,866700,67.4162
2010-01-11,104.6200,104.7700,104.3400,104.3900,1076700,67.2680
2010-01-12,104.7800,105.0600,104.7600,104.8700,1073000,67.5773
2010-01-13,104.6700,104.8100,104.3000,104.4000,1187500,67.2745
2010-01-14,104.6300,104.8700,104.5200,104.6700,1495900,67.4484
2010-01-15,105.0200,105.1600,104.9000,105.0100,1254600,67.6675
2010-01-19,104.9200,105.0000,104.7700,104.9300,1649700,67.6160
2010-01-20,105.1500,105.2900,104.9600,105.0900,1020500,67.7191
2010-01-21,105.0400,105.4000,104.9900,105.2900,1013000,67.8479
2010-01-22,105.1200,105.2200,104.8700,105.1900,828000,67.7835
2010-01-25,105.0300,105.1900,104.9200,104.9200,1131500,67.6096
2010-01-26,105.2200,105.2400,104.9400,105.2400,1100400,67.8157
2010-01-27,105.3700,105.4700,104.8800,104.9600,1118900,67.6354
2010-01-28,104.7400,105.1700,104.7400,105.1000,894200,67.7255
2010-01-29,105.0700,105.5000,104.9900,105.4900,1402400,67.9769
2010-02-01,105.1600,105.3100,104.9000,105.2400,1088100,67.9497
2010-02-02,105.3500,105.4700,105.2700,105.4300,1267600,68.0723
2010-02-03,105.1800,105.2100,104.9900,105.0000,1286900,67.7948
2010-02-04,105.1100,105.3500,105.0500,105.2800,1045500,67.9755
2010-02-05,105.2600,105.4000,104.9400,105.0900,1490100,67.8528
2010-02-08,104.9500,105.0900,104.8400,104.9300,920700,67.7496
2010-02-09,104.8200,105.0100,104.5500,104.5700,1331400,67.5172
2010-02-10,104.7400,104.8000,104.0400,104.2600,1369100,67.3170
2010-02-11,104.2200,104.2400,103.8500,104.0100,1004600,67.1555
2010-02-12,104.2300,104.2800,104.0100,104.0100,1036600,67.1555
2010-02-16,103.9000,104.4100,103.8700,104.3100,1029800,67.3493
2010-02-17,104.1800,104.4700,103.9000,104.1100,1021700,67.2201
2010-02-18,104.2000,104.2200,103.7500,104.0200,1079000,67.1620
2010-02-19,103.6400,103.8600,103.4100,103.8400,1450000,67.0458
2010-02-22,103.7800,103.8200,103.4900,103.5800,1573700,66.8779
2010-02-23,103.6500,104.0000,103.6300,103.9000,2013600,67.0845
2010-02-24,103.9700,104.0900,103.5500,103.7000,1188600,66.9554
2010-02-25,103.9100,103.9200,103.5400,103.7000,1360100,66.9554
2010-02-26,103.7300,104.0400,103.7300,103.9100,956900,67.0910
2010-03-01,103.9900,104.0200,103.8200,103.9200,820400,67.1000
2010-03-02,103.8300,104.0600,103.7600,104.0000,1154700,67.1517
2010-03-03,103.9300,104.0900,103.7700,103.9600,965700,67.1258
2010-03-04,103.9800,104.2700,103.9200,104.0700,1317500,67.1969
2010-03-05,104.0000,104.0400,103.6500,103.8400,1359600,67.0484
2010-03-08,103.7900,103.8300,103.7100,103.7500,1150900,66.9903
2010-03-09,104.0000,104.0000,103.7400,103.9300,895500,67.1065
2010-03-10,103.7900,103.9000,103.7000,103.8200,845900,67.0355
2010-03-11,103.8000,103.9700,103.6800,103.9400,950600,67.1130
2010-03-12,104.0200,104.3300,103.9500,104.2100,908400,67.2873
2010-03-15,104.2100,104.2600,104.0000,104.1900,790000,67.2744
2010-03-16,104.2500,104.6400,104.2200,104.5800,834100,67.5262
2010-03-17,104.5700,104.8300,104.5300,104.8000,776100,67.6683
2010-03-18,104.5900,104.7200,104.3800,104.3800,809700,67.3970
2010-03-19,104.1800,104.5600,104.1800,104.1800,765400,67.2679
2010-03-22,104.3300,104.4300,104.3200,104.4200,758200,67.4229
2010-03-23,104.3600,104.4900,104.2800,104.3400,979300,67.3713
2010-03-24,103.8100,103.9200,103.2300,103.5000,2156500,66.8288
2010-03-25,103.4100,103.5500,103.0700,103.3600,1128300,66.7384
2010-03-26,103.2900,103.6300,103.2900,103.4900,1088000,66.8224
2010-03-29,103.4800,103.5500,103.1600,103.3600,848000,66.7384
2010-03-30,103.2100,103.4500,103.1100,103.4500,613900,66.7965
2010-03-31,103.5300,103.9100,103.3900,103.9000,1926900,67.0871
2010-04-01,103.3000,103.4400,103.1300,103.4400,1129100,67.0755
2010-04-05,102.8100,102.9000,102.2900,102.7100,1868700,66.6021
2010-04-06,103.0000,103.1300,102.9000,103.1200,1041600,66.8679
2010-04-07,103.1600,103.9400,103.1200,103.8500,1380900,67.3413
2010-04-08,103.9600,104.0400,103.6800,103.7500,1672700,67.2765
2010-04-09,103.7000,103.9400,103.5500,103.8600,679600,67.3478
2010-04-12,104.0200,104.2100,103.9600,104.1500,852400,67.5358
2010-04-13,104.3800,104.3900,104.0700,104.2400,674600,67.5942
2010-04-14,104.2300,104.2800,103.9800,104.1100,645600,67.5099
2010-04-15,104.0200,104.4900,104.0200,104.4100,946100,67.7045
2010-04-16,104.5700,104.8300,104.3900,104.6500,1131600,67.8601
2010-04-19,104.6200,104.6700,104.3600,104.4000,784800,67.6980
2010-04-20,104.3900,104.6500,104.3400,104.6500,669900,67.8601
2010-04-21,104.7700,105.0000,104.7000,104.9700,845300,68.0676
2010-04-22,105.0700,105.1000,104.5900,104.6700,1003700,67.8731
2010-04-23,104.5700,104.7500,104.4400,104.6800,907400,67.8795
2010-04-26,104.9200,105.0000,104.6000,104.7700,1125000,67.9379
2010-04-27,105.0900,105.6000,104.9700,105.3800,1136300,68.3334
2010-04-28,105.1600,105.2900,104.9500,105.1700,900300,68.1973
2010-04-29,105.3700,105.8100,105.3400,105.7200,829100,68.5539
2010-04-30,105.8700,106.1500,105.7500,106.0600,1329500,68.7744
2010-05-03,105.7800,105.7800,105.6100,105.7100,801400,68.6529
2010-05-04,106.0200,106.1000,105.8100,105.8700,2792800,68.7569
2010-05-05,105.9100,106.2500,105.7000,105.9200,1439000,68.7893
2010-05-06,106.1100,107.6600,105.8700,106.4000,1636600,69.1010
2010-05-07,106.1900,106.9000,105.8900,106.1700,1719000,68.9517
2010-05-10,105.4800,106.0400,105.4500,105.8700,888000,68.7569
2010-05-11,106.1100,106.1900,105.8200,106.0700,773200,68.8867
2010-05-12,105.9700,106.2400,105.9000,106.2000,993500,68.9711
2010-05-13,106.4800,106.6000,105.9800,106.2900,992100,69.0296
2010-05-14,106.4900,106.8800,106.4300,106.6000,1044200,69.2309
2010-05-17,106.5800,106.8000,106.1700,106.2300,1030400,68.9907
2010-05-18,106.4200,106.9400,106.2800,106.7800,815900,69.3478
2010-05-19,106.6400,106.9400,105.9700,106.1000,1757600,68.9062
2010-05-20,105.5100,106.1100,105.1000,106.0900,2042400,68.8997
2010-05-21,106.0700,106.2200,105.5200,106.1600,1557900,68.9452
2010-05-24,106.1500,106.3100,105.9300,106.0500,730500,68.8737
2010-05-25,106.0000,106.1500,105.6200,105.7000,928100,68.6464
2010-05-26,105.7600,105.9400,105.5400,105.9000,1010500,68.7764
2010-05-27,105.6100,105.8000,105.3700,105.5100,759600,68.5230
2010-05-28,105.8800,106.1500,105.6300,106.1000,548100,68.9062
2010-06-01,105.7700,105.7700,105.2000,105.3600,1168900,68.7763
2010-06-02,105.4800,105.5900,105.1200,105.2500,544700,68.7045
2010-06-03,105.2400,105.5400,105.1000,105.3000,625000,68.7372
2010-06-04,105.8100,106.0000,105.6000,105.9700,2220100,69.1745
2010-06-07,105.8400,106.1200,105.7100,106.0600,627000,69.2333
2010-06-08,105.8300,106.0000,105.7100,105.7900,818400,69.0570
2010-06-09,105.5100,105.9000,105.5100,105.9000,626800,69.1288
2010-06-10,105.5000,105.6300,105.0700,105.1200,1092400,68.6196
2010-06-11,105.4100,105.7500,105.2700,105.7300,592700,69.0178
2010-06-14,105.3400,105.7300,105.1500,105.7300,719000,69.0178
2010-06-15,105.7300,105.8200,105.4100,105.5900,637600,68.9265
2010-06-16,105.7500,105.9200,105.6500,105.9200,715200,69.1419
2010-06-17,106.0100,106.5000,105.9900,106.4300,754900,69.4748
2010-06-18,106.3700,106.3800,106.1700,106.2500,551000,69.3573
2010-06-21,105.8200,106.3700,105.7500,106.3100,816200,69.3964
2010-06-22,106.3500,106.7200,106.2200,106.5600,583600,69.5597
2010-06-23,106.5600,106.7300,106.3600,106.5800,602400,69.5727
2010-06-24,106.5900,106.7100,106.2500,106.2800,660700,69.3769
2010-06-25,106.4600,106.7100,106.2800,106.6500,503300,69.6184
2010-06-28,106.8400,106.9000,106.6300,106.9000,573200,69.7816
2010-06-29,106.8400,107.0000,106.7500,106.9900,612400,69.8403
2010-06-30,106.9300,107.0100,106.7700,106.9100,628200,69.7881
2010-07-01,106.3700,106.6100,106.0100,106.0200,790100,69.3895
2010-07-02,105.8100,106.1200,105.7700,105.8200,460100,69.2587
2010-07-06,105.7000,105.9800,105.4700,105.9400,736700,69.3372
2010-07-07,105.8100,105.8100,105.4600,105.5000,495800,69.0492
2010-07-08,105.4300,105.8000,105.2300,105.6600,517600,69.1539
2010-07-09,105.5200,105.8700,105.5100,105.7400,475200,69.2063
2010-07-12,105.8600,105.9700,105.6500,105.6700,507600,69.1604
2010-07-13,105.7400,105.7500,105.5100,105.5500,436000,69.0819
2010-07-14,105.7000,106.0600,105.6100,105.8500,622200,69.2783
2010-07-15,106.1100,106.3000,105.9200,105.9800,437100,69.3634
2010-07-16,106.0500,106.1400,105.7300,105.7300,438100,69.1997
2010-07-19,105.6100,105.6600,105.2800,105.3200,519300,68.9314
2010-07-20,105.4600,105.5900,105.2500,105.4400,484800,69.0099
2010-07-21,105.4800,106.1100,105.4800,105.9900,482400,69.3699
2010-07-22,105.8900,106.0000,105.7500,105.8900,482000,69.3044
2010-07-23,105.8700,105.9600,105.4500,105.6200,643400,69.1277
2010-07-26,105.5500,105.6800,105.4100,105.6600,529700,69.1539
2010-07-27,105.5100,105.8000,105.5000,105.5100,537600,69.0557
2010-07-28,105.5000,105.9000,105.4200,105.8600,440100,69.2848
2010-07-29,105.6700,106.2000,105.6700,105.9900,548700,69.3699
2010-07-30,106.3500,106.4800,106.1500,106.3700,1074200,69.6186
2010-08-02,106.1000,106.4500,106.0600,106.3700,900400,69.7445
2010-08-03,106.4900,106.9500,106.4400,106.9300,822600,70.1117
2010-08-04,106.8900,106.8900,106.4800,106.5700,1365600,69.8756
2010-08-05,106.7500,107.0000,106.6300,106.9600,699900,70.1313
2010-08-06,107.2500,107.2500,106.9700,107.0600,578400,70.1969
2010-08-09,106.8100,107.0300,106.7600,107.0100,534700,70.1641
2010-08-10,107.0700,107.7300,106.8900,107.6700,750200,70.5968
2010-08-11,107.5900,107.8000,107.4800,107.6600,790600,70.5903
2010-08-12,107.7600,107.7600,106.8500,106.9500,1197200,70.1247
2010-08-13,106.8900,107.4300,106.8900,107.2300,769500,70.3084
2010-08-16,107.6000,107.7900,107.5300,107.5800,602500,70.5378
2010-08-17,107.6400,107.6400,107.2500,107.3400,676400,70.3805
2010-08-18,107.6300,107.6700,107.1500,107.2800,668200,70.3412
2010-08-19,107.1100,107.4900,107.1100,107.2900,790400,70.3477
2010-08-20,107.3400,107.4100,107.0900,107.1600,525000,70.2625
2010-08-23,107.0800,107.2200,106.7900,107.1600,590600,70.2625
2010-08-24,107.3800,107.7100,107.2800,107.5200,630700,70.4985
2010-08-25,107.5700,107.7000,107.3300,107.5200,623900,70.4985
2010-08-26,107.6500,108.1000,107.6300,108.1000,1086700,70.8788
2010-08-27,107.9800,108.1900,107.3400,107.4600,1150600,70.4592
2010-08-30,107.6800,107.9900,107.6800,107.9400,560700,70.7739
2010-08-31,108.1600,108.3100,108.0300,108.2400,756600,70.9706
2010-09-01,107.7600,107.8100,107.1300,107.7500,1331400,70.6689
2010-09-02,107.6500,107.7200,107.4000,107.5500,686700,70.5377
2010-09-03,107.3500,107.5400,107.1700,107.3800,770500,70.4263
2010-09-07,107.8100,108.0500,107.6900,107.9800,754200,70.8198
2010-09-08,107.8000,107.9400,107.5400,107.6600,1101300,70.6098
2010-09-09,107.3700,107.5700,107.3000,107.4200,526200,70.4525
2010-09-10,107.4200,107.7700,107.3800,107.5300,534000,70.5246
2010-09-13,107.5400,108.2600,107.5000,108.2600,834300,71.0034
2010-09-14,108.3000,108.4200,108.1500,108.1500,690300,70.9313
2010-09-15,108.0100,108.1800,107.8100,107.9200,629300,70.7804
2010-09-16,107.6900,107.7200,107.3200,107.7000,672000,70.6361
2010-09-17,107.6800,107.8000,107.3800,107.3900,559100,70.4328
2010-09-20,107.6200,107.8500,107.4800,107.8100,527400,70.7082
2010-09-21,108.0400,109.2300,107.8600,109.1900,625600,71.6133
2010-09-22,109.6600,109.9100,109.3300,109.3400,1046600,71.7117
2010-09-23,109.5800,109.5800,108.9500,109.2600,640000,71.6593
2010-09-24,108.8300,109.0600,108.6800,108.7100,669300,71.2985
2010-09-27,108.7600,109.1300,108.7100,109.0300,767100,71.5084
2010-09-28,109.2900,109.9600,109.2900,109.7900,1024200,72.0069
2010-09-29,109.6900,109.7300,109.2400,109.3000,613500,71.6855
2010-09-30,109.2700,109.5000,108.5800,109.0600,1078600,71.5281
2010-10-01,108.8000,109.2500,108.6800,109.2200,792800,71.7218
2010-10-04,109.2800,109.4700,109.0700,109.3900,929500,71.8335
2010-10-05,109.4700,110.1200,109.4700,110.0900,751700,72.2931
2010-10-06,111.1900,111.7800,110.9000,111.0600,1123800,72.9301
2010-10-07,111.1000,111.2100,110.6100,110.8100,978300,72.7659
2010-10-08,111.1200,111.5400,111.0600,111.5400,709100,73.2453
2010-10-11,111.5400,111.7200,111.4000,111.5400,447000,73.2453
2010-10-12,111.5000,111.6400,111.0500,111.2000,924200,73.0220
2010-10-13,111.1000,111.8700,111.0700,111.8700,671200,73.4620
2010-10-14,111.9200,112.5000,111.9200,112.2200,1056900,73.6918
2010-10-15,111.9300,112.0500,111.4800,111.5000,865900,73.2190
2010-10-18,111.7400,111.9100,111.5800,111.7500,545500,73.3832
2010-10-19,111.3000,112.0500,111.2500,111.8100,689300,73.4226
2010-10-20,111.8100,111.9200,111.6200,111.7800,501300,73.4029
2010-10-21,111.7700,112.0400,111.7000,111.7800,546400,73.4029
2010-10-22,111.5200,111.9000,111.5200,111.8100,546800,73.4226
2010-10-25,112.1800,112.2800,112.0500,112.1500,559300,73.6459
2010-10-26,111.8100,111.8900,111.4900,111.5400,856200,73.2453
2010-10-27,111.1200,111.1500,110.7500,110.8500,1188200,72.7922
2010-10-28,111.2000,111.2600,110.9200,111.2500,743200,73.0549
2010-10-29,111.4900,111.6700,111.3700,111.6200,701200,73.2978
2010-11-01,111.8000,111.9300,111.3200,111.5400,725300,73.4130
2010-11-02,111.8000,111.9500,111.6600,111.8100,538500,73.5907
2010-11-03,112.2300,112.2900,111.2000,111.6100,849900,73.4591
2010-11-04,112.2600,112.4800,111.6700,111.8800,752200,73.6368
2010-11-05,111.6600,111.7700,111.4600,111.5000,922500,73.3867
2010-11-08,111.6600,111.8500,111.4700,111.6500,932300,73.4854
2010-11-09,111.6700,111.7900,110.6200,110.6400,931600,72.8206
2010-11-10,110.7500,111.0000,109.9000,110.9100,964900,72.9984
2010-11-11,111.1100,111.1900,110.8300,110.9200,474700,73.0049
2010-11-12,110.7300,110.8900,110.0000,110.0100,757400,72.4060
2010-11-15,109.6000,109.6400,108.5000,108.6300,1495000,71.4977
2010-11-16,108.8400,109.0400,108.1800,108.8300,1077500,71.6293
2010-11-17,108.8300,109.1500,108.7800,108.8500,684000,71.6425
2010-11-18,108.9600,109.0400,108.6300,109.0300,932000,71.7610
2010-11-19,109.1200,109.4900,108.9800,109.3400,1008800,71.9650
2010-11-22,109.8500,109.8500,109.5000,109.7200,684800,72.2152
2010-11-23,110.1300,110.2800,109.7600,109.7600,632700,72.2415
2010-11-24,109.4100,109.5400,109.0200,109.1800,756200,71.8597
2010-11-26,109.5200,109.6800,109.2900,109.5000,189200,72.0703
2010-11-29,109.8000,109.8900,109.5800,109.6200,1577600,72.1493
2010-11-30,110.0300,110.0800,109.4200,109.4800,669700,72.0571
2010-12-01,108.9100,108.9900,108.4500,108.5900,712400,71.5884
2010-12-02,108.4100,108.8400,108.3800,108.5500,704200,71.5620
2010-12-03,108.6500,108.8400,108.3800,108.5400,629500,71.5555
2010-12-06,108.6400,109.0800,108.6400,108.9700,515500,71.8389
2010-12-07,108.7100,108.7100,107.7000,107.8900,1152000,71.1270
2010-12-08,107.6000,107.6800,106.5200,106.8400,2058300,70.4347
2010-12-09,106.9400,107.0400,106.3600,106.7100,1335200,70.3490
2010-12-10,106.3900,106.6400,106.1400,106.1900,1369800,70.0062
2010-12-13,106.2200,106.9600,106.0900,106.8300,1860600,70.4281
2010-12-14,106.4900,106.5600,105.4800,105.8100,1637600,69.7557
2010-12-15,106.1000,106.3900,105.8500,106.1400,1312600,69.9732
2010-12-16,106.3800,106.7000,106.0000,106.6100,760300,70.2831
2010-12-17,106.8000,107.5300,106.8000,107.3300,639900,70.7577
2010-12-20,107.4100,107.6500,107.0400,107.3200,872700,70.7512
2010-12-21,107.3700,107.5900,107.1000,107.5000,599900,70.8699
2010-12-22,107.3700,107.5000,107.1800,107.4200,769200,70.8171
2010-12-23,107.2600,107.4000,107.0000,107.0200,561600,70.5534
2010-12-27,107.0900,107.3800,106.8500,107.2500,383800,70.7051
2010-12-28,107.0500,107.0500,106.1200,106.1900,554800,70.1783
2010-12-29,106.3000,107.1200,106.0200,106.8800,526600,70.6343
2010-12-30,106.8600,106.9200,106.5100,106.7800,429500,70.5682
2010-12-31,106.9600,107.5200,106.8900,107.5200,533400,71.0573
2011-01-03,106.9700,107.4100,106.7300,107.0700,1217300,70.7599
2011-01-04,107.1800,107.6500,107.1400,107.3400,1049900,70.9383
2011-01-05,107.3000,107.4100,106.7000,106.9300,869400,70.6674
2011-01-06,107.0100,107.3400,106.9000,107.2400,827900,70.8722
2011-01-07,107.4200,107.9700,107.2700,107.5800,979300,71.0969
2011-01-10,107.7300,107.9200,107.6200,107.8900,639600,71.3018
2011-01-11,107.9600,108.1000,107.6200,107.9300,567700,71.3282
2011-01-12,107.5100,108.0300,107.5100,107.9000,534300,71.3084
2011-01-13,107.8100,108.2500,107.6800,108.2300,858200,71.5265
2011-01-14,108.3100,108.3400,107.7600,107.7600,713500,71.2159
2011-01-18,107.6000,107.9600,107.4100,107.7800,1125500,71.2291
2011-01-19,107.9200,108.1500,107.7800,107.8200,569400,71.2555
2011-01-20,107.5600,107.6000,106.8000,106.8000,793100,70.5815
2011-01-21,106.8800,107.0800,106.7500,107.0000,537400,70.7136
2011-01-24,107.0700,107.3200,106.8700,106.9300,797300,70.6674
2011-01-25,106.9400,107.6300,106.9300,107.3500,589600,70.9449
2011-01-26,107.3200,107.3300,106.9600,107.1700,652300,70.8260
2011-01-27,107.0700,107.2600,106.8500,107.1000,641700,70.7797
2011-01-28,106.9300,107.6000,106.8100,107.5100,649600,71.0507
2011-01-31,107.4000,107.7100,107.2800,107.5400,798100,71.0705
2011-02-01,107.1800,107.4400,106.9900,107.2800,934500,71.0070
2011-02-02,107.3900,107.5700,106.8300,106.9900,704500,70.8150
2011-02-03,106.7400,106.8000,106.4200,106.4300,826300,70.4444
2011-02-04,106.3100,106.3700,105.7400,105.8300,1221500,70.0472
2011-02-07,105.7100,105.8500,105.5100,105.8100,1016300,70.0340
2011-02-08,105.8400,105.9100,105.1800,105.2600,1186000,69.6700
2011-02-09,105.3600,105.7000,105.1100,105.5600,926200,69.8685
2011-02-10,105.3900,105.4400,104.9000,104.9100,858100,69.4383
2011-02-11,105.3400,105.5300,105.1400,105.4500,688000,69.7957
2011-02-14,105.3800,105.5800,105.3100,105.5300,561400,69.8487
2011-02-15,105.5000,105.7200,105.4000,105.6600,898400,69.9347
2011-02-16,105.6900,105.7400,105.3200,105.5100,708700,69.8354
2011-02-17,105.6900,105.9200,105.4300,105.9100,914200,70.1002
2011-02-18,105.8000,106.4600,105.8000,106.4600,869100,70.4642
2011-02-22,106.9200,107.3800,106.8700,107.3000,832000,71.0202
2011-02-23,107.3200,107.8300,107.3000,107.6900,700100,71.2783
2011-02-24,108.0000,108.3500,107.9200,108.0800,816200,71.5365
2011-02-25,108.1800,108.4400,107.9700,108.4400,677700,71.7747
2011-02-28,108.4400,108.4500,108.1500,108.1500,821400,71.5828
2011-03-01,107.7900,108.5100,107.7000,108.5000,1050500,71.9968
2011-03-02,108.2000,108.6600,108.1800,108.1800,881100,71.7845
2011-03-03,107.9700,108.0700,107.7700,107.8900,666100,71.5921
2011-03-04,108.1000,108.6900,108.0300,108.6100,758700,72.0698
2011-03-07,108.3500,108.8300,108.1200,108.5200,731500,72.0101
2011-03-08,108.5800,108.7100,108.4300,108.5900,866400,72.0565
2011-03-09,108.6500,108.9400,108.4800,108.7400,754300,72.1561
2011-03-10,108.9000,109.4400,108.8100,109.3600,687300,72.5675
2011-03-11,109.2900,109.3500,109.0000,109.1800,1253200,72.4481
2011-03-14,109.1200,109.4700,109.1200,109.3400,884100,72.5543
2011-03-15,109.6600,109.7100,109.2600,109.3100,851100,72.5343
2011-03-16,109.8000,110.5000,109.7700,110.0900,1425400,73.0519
2011-03-17,110.0800,110.4100,109.9200,110.3100,949700,73.1979
2011-03-18,110.0100,110.3600,109.9900,110.2300,630900,73.1448
2011-03-21,110.0200,110.0500,109.6300,109.7600,1268100,72.8330
2011-03-22,109.6500,109.6500,109.4000,109.4900,545100,72.6538
2011-03-23,109.8000,109.8000,109.1500,109.3100,647700,72.5343
2011-03-24,109.1400,109.4200,108.9900,109.4100,988300,72.6007
2011-03-25,109.4600,109.6200,108.8100,108.9000,764500,72.2623
2011-03-28,108.8800,109.0900,108.7700,108.9600,725900,72.3021
2011-03-29,108.8900,109.0100,108.5700,108.7400,653700,72.1561
2011-03-30,108.7100,109.1400,108.7000,109.1200,709700,72.4083
2011-03-31,109.4600,109.4700,108.9100,109.1600,856800,72.4348
2011-04-01,108.5200,109.0500,108.3100,108.8600,905700,72.6229
2011-04-04,109.1600,109.5000,108.9800,109.3500,578000,72.9499
2011-04-05,109.3000,109.3500,109.1000,109.1500,895400,72.8164
2011-04-06,109.0200,109.0300,108.5500,108.5600,824100,72.4228
2011-04-07,108.6400,108.8700,108.4600,108.7500,761100,72.5496
2011-04-08,108.6300,109.1000,108.6100,108.9800,650300,72.7030
2011-04-11,109.0400,109.1500,108.8900,108.9000,562400,72.6496
2011-04-12,109.2200,109.6200,109.0000,109.4500,822400,73.0165
2011-04-13,109.3300,109.7300,109.2100,109.6900,724400,73.1766
2011-04-14,109.8200,109.8200,109.5000,109.5500,834500,73.0833
2011-04-15,109.8900,110.3500,109.8900,110.3500,917500,73.6170
2011-04-18,110.2800,110.4900,110.0000,110.3800,911700,73.6370
2011-04-19,110.4900,110.8300,110.3300,110.7700,540800,73.8971
2011-04-20,110.7900,110.7900,110.3000,110.3900,635600,73.6436
2011-04-21,110.1200,110.4200,110.0800,110.1900,618900,73.5102
2011-04-25,110.4100,110.4900,110.1600,110.4900,900600,73.7103
2011-04-26,110.6400,110.8700,110.4400,110.8700,696700,73.9638
2011-04-27,110.6700,110.7500,110.3800,110.6000,843900,73.7837
2011-04-28,110.8400,111.1200,110.7300,110.9300,628400,74.0039
2011-04-29,110.9700,111.3100,110.8100,111.1600,933000,74.1573
2011-05-02,110.6800,110.9100,110.5200,110.7500,757600,74.2807
2011-05-03,110.7400,110.9300,110.6500,110.9300,823400,74.4015
2011-05-04,111.1300,111.3900,111.0100,111.0300,788000,74.4685
2011-05-05,111.1600,111.1600,110.7000,110.9000,880600,74.3813
2011-05-06,110.5700,111.1700,110.4500,110.9400,600500,74.4082
2011-05-09,111.0700,111.1800,110.9200,111.1700,596000,74.5624
2011-05-10,111.0000,111.0900,110.8300,110.8700,1336700,74.3613
2011-05-11,110.7500,110.9100,110.5200,110.5200,695500,74.1265
2011-05-12,110.5800,110.6600,110.1200,110.3900,809000,74.0392
2011-05-13,110.4800,110.4800,110.1400,110.3700,1341800,74.0259
2011-05-16,110.6100,110.6100,110.2200,110.4000,637800,74.0460
2011-05-17,110.1200,110.5000,110.1200,110.4900,660600,74.1063
2011-05-18,110.5600,110.6600,110.2800,110.4300,926300,74.0661
2011-05-19,110.1900,110.4100,110.0200,110.1400,970400,73.8716
2011-05-20,110.1200,110.2000,109.8700,110.1000,731900,73.8448
2011-05-23,110.1800,110.3100,110.0800,110.1100,635900,73.8515
2011-05-24,110.3300,110.6700,110.3300,110.6700,589100,74.2271
2011-05-25,110.8500,110.8500,110.4200,110.7000,583000,74.2472
2011-05-26,110.8400,111.0000,110.7400,110.9700,863400,74.4282
2011-05-27,110.9600,111.1500,110.8400,111.1500,504100,74.5490
2011-05-31,110.8800,111.2100,110.8600,110.8600,1510100,74.3545
2011-06-01,110.1800,110.6100,110.0700,110.6000,1316400,74.8887
2011-06-02,110.2200,110.3800,110.0200,110.2000,809300,74.6179
2011-06-03,110.3500,110.5000,110.1800,110.3700,639600,74.7330
2011-06-06,110.1000,110.5000,110.1000,110.4200,608000,74.7669
2011-06-07,110.4000,110.6300,110.1500,110.5800,511100,74.8752
2011-06-08,110.7000,110.9200,110.5100,110.5700,671400,74.8684
2011-06-09,110.7700,110.8400,110.3000,110.4400,621400,74.7804
2011-06-10,110.5400,110.7900,110.3200,110.4000,773600,74.7533
2011-06-13,110.2900,110.6500,110.2500,110.3900,554300,74.7466
2011-06-14,110.1900,110.3200,109.9500,110.0900,599400,74.5434
2011-06-15,110.3600,110.9400,110.3300,110.6600,513400,74.9293
2011-06-16,110.7000,110.9500,110.5800,110.5800,498900,74.8752
2011-06-17,110.4200,110.6900,110.3600,110.5200,673200,74.8346
2011-06-20,110.6900,110.6900,110.1300,110.2200,467800,74.6314
2011-06-21,110.2400,110.5800,110.2200,110.4900,590900,74.8142
2011-06-22,110.5800,110.6400,110.1500,110.2400,517100,74.6450
2011-06-23,110.4400,111.1500,110.4400,111.0400,676200,75.1867
2011-06-24,111.1400,111.6200,111.1200,111.4700,556900,75.4778
2011-06-27,111.5100,111.6100,111.0800,111.2900,590100,75.3560
2011-06-28,111.2000,111.2300,110.6800,110.8500,668400,75.0580
2011-06-29,110.9100,110.9900,110.6600,110.8900,669600,75.0851
2011-06-30,110.9400,111.0000,110.3000,110.6400,4825300,74.9159
2011-07-01,110.1700,110.4400,109.6500,110.0100,1451600,75.0011
2011-07-05,110.0200,110.3400,109.9900,110.1300,599900,75.0828
2011-07-06,110.4200,110.5500,110.2600,110.4500,896300,75.3010
2011-07-07,110.3000,110.4800,110.1200,110.4100,543400,75.2738
2011-07-08,110.9000,111.0500,110.7800,110.9100,1451300,75.6146
2011-07-11,111.2400,111.6700,111.0700,111.5300,900000,76.0373
2011-07-12,111.7900,111.9800,111.5100,111.9800,711700,76.3441
2011-07-13,111.9300,112.2600,111.5300,112.1900,1399100,76.4873
2011-07-14,111.8000,111.9400,111.4300,111.5200,702700,76.0305
2011-07-15,111.4100,111.9900,111.2700,111.8700,934900,76.2691
2011-07-18,111.9500,112.0000,111.7000,111.9700,1108200,76.3373
2011-07-19,112.1200,112.6000,112.0700,112.5300,685800,76.7191
2011-07-20,112.1800,112.2100,110.9400,111.8900,811800,76.2828
2011-07-21,111.5800,111.7700,111.4300,111.6600,762500,76.1260
2011-07-22,111.9800,112.1400,111.7500,112.0300,433400,76.3783
2011-07-25,111.4900,112.3300,111.4300,112.1500,2195600,76.4600
2011-07-26,112.2500,112.4400,112.1500,112.1900,838200,76.4873
2011-07-27,112.0600,112.4500,112.0600,112.4000,1217800,76.6305
2011-07-28,112.5900,112.8700,112.4400,112.8600,1250100,76.9441
2011-07-29,113.2900,114.3600,113.1400,114.1700,1316100,77.8372
2011-08-01,113.6400,114.2600,113.4400,113.9000,1461100,78.0503
2011-08-02,114.3100,114.7700,113.9000,114.6500,1112400,78.5643
2011-08-03,114.7200,115.1400,113.8300,113.9400,1435700,78.0777
2011-08-04,114.1100,115.0000,113.6400,114.9400,1454100,78.7630
2011-08-05,114.2400,115.0300,113.6200,113.6300,1921600,77.8653
2011-08-08,113.9400,115.1200,113.7900,115.0000,3026800,78.8041
2011-08-09,115.4900,117.1800,114.8900,115.9600,2672200,79.4620
2011-08-10,116.9500,118.5900,116.8800,118.1000,2136300,80.9284
2011-08-11,117.3000,117.4000,114.8500,115.6400,2414100,79.2427
2011-08-12,116.1100,116.5500,115.9700,116.3000,1359400,79.6949
2011-08-15,116.2300,116.3300,115.5700,115.7100,1247300,79.2906
2011-08-16,115.5400,116.1500,115.5200,115.9700,1114400,79.4688
2011-08-17,115.9900,116.5700,115.8000,116.5700,1002000,79.8799
2011-08-18,117.0200,117.7400,115.5200,115.6800,1371300,79.2701
2011-08-19,115.7100,116.4800,115.6800,116.0700,1790300,79.5373
2011-08-22,115.9700,116.3800,115.8900,116.0400,1382400,79.5168
2011-08-23,115.9300,116.0900,115.0400,115.3200,1287900,79.0234
2011-08-24,115.1300,115.1400,113.6000,113.6200,1760500,77.8584
2011-08-25,114.0300,114.7200,113.9300,114.5100,1262200,78.4683
2011-08-26,115.0500,115.4300,114.4400,114.8500,1665100,78.7013
2011-08-29,114.2800,114.3600,114.0500,114.1700,775000,78.2353
2011-08-30,114.6900,115.0000,114.6600,114.8400,1261400,78.6944
2011-08-31,115.0500,115.0500,114.2800,114.3200,1874000,78.3381
2011-09-01,114.5900,115.7400,114.3400,115.3500,2585400,79.0509
2011-09-02,116.3800,116.7000,116.0500,116.6100,1007500,79.9144
2011-09-06,116.9000,117.0700,115.7500,115.9200,1110200,79.4415
2011-09-07,115.7500,115.9300,115.3400,115.6100,675100,79.2290
2011-09-08,115.7300,116.3500,115.5500,116.3000,610600,79.7019
2011-09-09,116.2200,116.6500,116.1400,116.4400,1157300,79.7978
2011-09-12,116.3800,116.5200,116.0300,116.0400,693100,79.5237
2011-09-13,116.0000,116.0700,115.5200,115.5400,597300,79.1810
2011-09-14,115.2700,115.5400,115.1300,115.4000,703900,79.0851
2011-09-15,115.1900,115.4400,115.0600,115.1700,530600,78.9275
2011-09-16,115.0000,115.5300,114.9700,115.2100,949000,78.9549
2011-09-19,115.9400,116.0000,115.4700,115.5000,505000,79.1536
2011-09-20,115.5500,116.0000,115.4400,116.0000,542400,79.4963
2011-09-21,116.0000,116.6200,115.7500,116.2000,728900,79.6334
2011-09-22,116.3800,116.6500,115.8100,115.9300,1001700,79.4483
2011-09-23,115.7100,115.8800,114.8800,115.2600,1280800,78.9892
2011-09-26,115.0600,115.2900,114.5700,114.7100,803000,78.6123
2011-09-27,114.3400,114.9200,114.1900,114.9200,4817700,78.7561
2011-09-28,114.5800,115.0700,114.5100,114.8700,790600,78.7219
2011-09-29,114.8500,115.0600,114.3900,114.5100,2919800,78.4752
2011-09-30,114.9100,115.0200,114.3000,114.3000,945600,78.3313
2011-10-03,114.6300,115.4400,114.4900,115.2500,2661200,79.1020
2011-10-04,115.5000,115.8300,115.0900,115.3300,1700000,79.1570
2011-10-05,115.5500,115.6800,114.8000,115.2500,635300,79.1020
2011-10-06,115.2100,115.3500,115.0300,115.2400,1512100,79.0952
2011-10-07,114.9400,115.2800,114.6700,114.8500,976800,78.8275
2011-10-10,114.7900,114.8300,113.7700,114.0600,658600,78.2853
2011-10-11,114.4600,114.7700,114.2000,114.3300,748100,78.4706
2011-10-12,114.0400,114.1700,113.5000,113.8500,1126600,78.1411
2011-10-13,114.0400,114.3000,113.7200,113.9200,608700,78.1892
2011-10-14,113.5000,113.9200,113.4100,113.7500,716000,78.0725
2011-10-17,113.8200,114.3300,113.8200,114.1800,545600,78.3677
2011-10-18,114.4400,114.7400,114.1800,114.7300,648900,78.7451
2011-10-19,114.3700,114.8100,114.1800,114.5500,525700,78.6216
2011-10-20,114.4000,114.9300,114.2000,114.5700,599800,78.6353
2011-10-21,114.5700,115.0000,114.4500,114.4500,525500,78.5529
2011-10-24,114.6700,114.9000,114.6300,114.7900,636500,78.7863
2011-10-25,114.6600,115.8500,114.6600,115.8200,883700,79.4932
2011-10-26,115.6300,116.0000,115.4900,115.7200,711100,79.4246
2011-10-27,115.1900,115.7000,114.7500,115.0600,880400,78.9716
2011-10-28,115.4300,115.5000,114.9600,115.4600,679100,79.2462
2011-10-31,116.0700,116.5500,116.0300,116.4900,975600,79.9531
2011-11-01,116.9000,117.5500,116.7000,117.5500,1865300,80.9308
2011-11-02,117.0000,117.7000,116.8000,117.5900,1203400,80.9583
2011-11-03,117.2700,117.4500,116.7700,116.7700,801900,80.3937
2011-11-04,117.0400,117.7600,116.9700,117.4000,873100,80.8275
2011-11-07,117.6100,118.3200,117.5300,117.9900,620100,81.2337
2011-11-08,117.8700,118.0500,117.1800,117.2100,2446600,80.6966
2011-11-09,117.8900,118.0400,117.1900,117.1900,779700,80.6829
2011-11-10,117.0900,117.4500,116.8700,117.4200,860700,80.8413
2011-11-11,117.2700,117.2700,116.8400,117.0600,557900,80.5934
2011-11-14,117.2900,117.3800,117.0700,117.2200,516500,80.7036
2011-11-15,117.2600,117.3300,116.4200,116.7700,816000,80.3937
2011-11-16,116.6900,116.7000,116.3700,116.4400,655300,80.1666
2011-11-17,116.0200,116.5100,115.9100,116.4300,719100,80.1597
2011-11-18,116.6200,116.6600,116.3000,116.4600,660700,80.1803
2011-11-21,116.5900,116.9000,116.1600,116.2500,656800,80.0357
2011-11-22,116.1400,116.6100,116.1100,116.6100,558000,80.2836
2011-11-23,116.5400,117.1900,116.4900,117.1000,774900,80.6209
2011-11-25,116.8800,116.9100,116.7300,116.7300,421900,80.3662
2011-11-28,116.4800,117.1900,116.4700,117.1100,589700,80.6279
2011-11-29,116.9900,117.3900,116.7600,117.0800,1123000,80.6071
2011-11-30,117.0800,117.2600,116.7100,116.7400,869100,80.3731
2011-12-01,116.5200,116.5600,116.1800,116.4600,2561600,80.3462
2011-12-02,116.1300,116.9900,116.1300,116.9900,1398300,80.7118
2011-12-05,116.7400,117.0300,116.2500,116.9700,976700,80.6981
2011-12-06,116.6300,116.9500,116.5200,116.6800,686200,80.4980
2011-12-07,116.7100,116.7800,116.4300,116.4800,610400,80.3599
2011-12-08,116.6700,116.8700,116.3000,116.5300,508100,80.3944
2011-12-09,116.3700,116.5500,115.9100,115.9100,803600,79.9667
2011-12-12,116.3500,116.7200,116.2300,116.4500,965500,80.3393
2011-12-13,116.2900,117.1000,116.2800,116.7700,478500,80.5600
2011-12-14,116.8500,117.1900,116.8000,117.0000,780200,80.7187
2011-12-15,116.8500,117.1900,116.6200,116.7100,646000,80.5187
2011-12-16,116.7000,117.1800,116.7000,116.9700,1066400,80.6981
2011-12-19,116.9200,117.5700,116.8300,117.4400,549300,81.0223
2011-12-20,117.0800,117.5400,117.0700,117.5100,635500,81.0706
2011-12-21,117.5400,117.7500,117.0500,117.0500,598200,80.7532
2011-12-22,117.4100,117.5100,116.8700,116.9900,573100,80.7118
2011-12-23,116.6800,116.9600,116.4600,116.8500,675400,80.6152
2011-12-27,117.0900,117.3000,116.3600,116.5300,574300,80.3944
2011-12-28,116.6000,117.0300,116.6000,116.8300,609700,80.6014
2011-12-29,116.8300,116.9100,116.6500,116.7300,605700,80.5324
2011-12-30,116.8000,117.0900,116.6400,116.6900,758400,80.5049
2012-01-03,116.4400,116.8100,116.4000,116.6500,1242000,80.4773
2012-01-04,116.5500,116.9300,116.5100,116.7600,711100,80.5532
2012-01-05,117.0800,117.3800,116.9600,116.9800,2192900,80.7050
2012-01-06,117.3600,117.5500,117.2700,117.3700,614000,80.9740
2012-01-09,117.3300,117.7900,117.3300,117.4900,634900,81.0568
2012-01-10,117.3900,117.5300,117.0300,117.1300,657100,80.8084
2012-01-11,117.1300,117.4500,117.0000,117.4300,604900,81.0154
2012-01-12,117.4200,117.4600,116.9900,117.2500,754600,80.8912
2012-01-13,117.6300,117.8200,117.5500,117.5800,1052100,81.1189
2012-01-17,117.7000,117.9000,117.5900,117.7000,983600,81.2016
2012-01-18,118.1200,118.1300,117.4200,117.6100,732700,81.1396
2012-01-19,117.3600,117.4300,117.0000,117.1800,784100,80.8429
2012-01-20,117.2000,117.2400,116.8700,116.9400,662900,80.6773
2012-01-23,116.5000,116.7900,116.4900,116.7000,741100,80.5118
2012-01-24,116.6700,116.8700,116.4900,116.7100,805500,80.5187
2012-01-25,116.8300,117.9900,116.6300,117.6100,1116200,81.1396
2012-01-26,118.3800,118.4400,117.9700,118.1500,951500,81.5121
2012-01-27,118.5000,118.5300,118.0000,118.4000,785300,81.6846
2012-01-30,118.9000,119.0600,118.7000,118.7900,1165800,81.9537
2012-01-31,118.9200,119.3800,118.8300,119.3600,1983500,82.3469
2012-02-01,119.1800,119.3200,118.8600,119.2900,1974200,82.2986
2012-02-02,119.2600,119.3300,119.0600,119.2900,1353100,82.2986
2012-02-03,118.5800,118.6800,118.1600,118.2900,1090000,81.6088
2012-02-06,118.3900,118.9200,118.2300,118.8200,1064500,81.9743
2012-02-07,118.7200,118.7900,118.3300,118.3800,1571300,81.6708
2012-02-08,118.3600,118.5800,118.2300,118.3500,1327600,81.6501
2012-02-09,118.3400,118.3400,117.6900,117.9000,1965800,81.3397
2012-02-10,118.2900,118.5800,118.0300,118.4500,600200,81.7191
2012-02-13,118.3000,118.7100,118.2900,118.6900,601500,81.8847
2012-02-14,118.6800,118.9000,118.5400,118.6900,677900,81.8847
2012-02-15,118.8200,119.0600,118.7500,118.9100,566500,82.0365
2012-02-16,118.8100,119.0800,118.3300,118.6100,727200,81.8295
2012-02-17,118.3200,118.6200,118.1400,118.3300,653800,81.6363
2012-02-21,118.4600,118.5500,118.1900,118.2600,722500,81.5880
2012-02-22,118.4800,118.9300,118.4300,118.9300,1396200,82.0502
2012-02-23,118.9700,119.1000,118.8300,118.9700,1532500,82.0778
2012-02-24,118.9900,119.0000,118.8000,119.0000,647600,82.0985
2012-02-27,119.3400,119.3900,119.0100,119.1900,813200,82.2296
2012-02-28,119.3900,119.4400,119.0900,119.2100,1382900,82.2434
2012-02-29,119.2700,119.3200,118.6300,118.6700,2663900,81.8709
2012-03-01,118.3300,118.4900,118.0900,118.3800,3684100,81.6708
2012-03-02,118.3800,118.6300,118.3700,118.3900,656300,81.6777
2012-03-05,118.5500,118.5500,117.8300,117.8500,1089400,81.3052
2012-03-06,118.0600,118.4100,118.0600,118.1900,1576400,81.5397
2012-03-07,118.4000,118.4500,118.1900,118.4500,2018300,81.7191
2012-03-08,118.3500,118.4600,118.1800,118.4000,740500,81.6846
2012-03-09,118.2700,118.6100,118.1100,118.6100,513500,81.8295
2012-03-12,118.8100,118.8200,118.6700,118.7600,450800,81.9330
2012-03-13,118.7000,118.7900,118.4100,118.4700,857500,81.7329
2012-03-14,118.1400,118.1400,117.2600,117.3700,1383500,80.9740
2012-03-15,117.2800,117.7200,117.2800,117.5300,833600,81.0844
2012-03-16,117.3300,117.7400,117.1300,117.6000,824500,81.1327
2012-03-19,117.4500,117.6700,117.0100,117.2900,812300,80.9188
2012-03-20,117.2000,117.4100,116.8700,117.1800,1089600,80.8429
2012-03-21,117.3200,117.5000,117.1600,117.4000,635500,80.9947
2012-03-22,117.6000,117.6600,117.2400,117.5300,847600,81.0844
2012-03-23,117.7600,117.9700,117.6000,117.9100,929400,81.3465
2012-03-26,117.9000,117.9000,117.3300,117.5700,1142500,81.1120
2012-03-27,117.6400,118.0600,117.5700,117.9900,1090700,81.4017
2012-03-28,117.8000,118.0800,117.7000,117.8400,529500,81.2982
2012-03-29,118.1100,118.2000,117.9200,118.0400,592500,81.4362
2012-03-30,118.0100,118.1800,117.4800,117.6500,997200,81.1672
2012-04-02,117.8000,117.9800,117.5900,117.9200,1030200,81.5781
2012-04-03,118.1100,118.3600,117.0400,117.0500,1186300,80.9762
2012-04-04,117.2900,117.4400,116.9500,117.0700,619400,80.9901
2012-04-05,117.4300,117.5400,117.2500,117.3800,884500,81.2045
2012-04-09,118.2800,118.2900,117.9100,117.9200,3113800,81.5781
2012-04-10,118.3200,118.7700,118.1600,118.6000,904000,82.0485
2012-04-11,118.4200,118.8700,118.2500,118.7900,833800,82.1800
2012-04-12,118.8900,118.9100,118.5300,118.5700,1176700,82.0278
2012-04-13,118.8500,119.1300,118.8100,119.0700,526100,82.3737
2012-04-16,119.0000,119.2000,118.8900,119.0000,709800,82.3253
2012-04-17,118.9800,119.3100,118.9100,119.2600,1584100,82.5051
2012-04-18,119.1600,119.2600,119.0300,119.1200,485500,82.4083
2012-04-19,119.0900,119.1200,118.8100,118.8100,1008000,82.1938
2012-04-20,118.7600,119.1200,118.6800,119.1100,1013200,82.4014
2012-04-23,119.4000,119.4200,119.2100,119.2400,493700,82.4913
2012-04-24,119.2700,119.4000,119.2000,119.2700,669800,82.5120
2012-04-25,118.9900,119.2600,118.8200,119.2200,721600,82.4775
2012-04-26,119.3700,119.6700,119.3200,119.6700,1195800,82.7888
2012-04-27,119.6300,119.7700,119.4200,119.5500,858600,82.7057
2012-04-30,119.5300,119.6900,119.4200,119.4200,1005600,82.6158
2012-05-01,119.2400,119.3400,118.8600,119.0400,1679000,82.6478
2012-05-02,119.2300,119.3000,119.1000,119.1700,766700,82.7380
2012-05-03,119.1300,119.3600,119.0200,119.0200,565100,82.6339
2012-05-04,119.1600,119.2900,118.9500,119.2700,534900,82.8074
2012-05-07,119.3400,119.4300,119.2200,119.2600,545000,82.8005
2012-05-08,119.5400,119.6700,119.4200,119.4800,776200,82.9533
2012-05-09,119.8000,119.8800,119.2700,119.3400,783100,82.8560
2012-05-10,119.2100,119.3500,119.1000,119.3200,492400,82.8421
2012-05-11,119.4700,119.5000,119.3000,119.3800,837300,82.8838
2012-05-14,119.5500,119.9400,119.5400,119.9400,1140500,83.2726
2012-05-15,119.9400,120.1100,119.7900,120.0800,921900,83.3698
2012-05-16,119.7800,119.9600,119.7000,119.8400,1052700,83.2032
2012-05-17,119.6000,120.5400,119.5500,120.2300,1004500,83.4739
2012-05-18,120.1500,121.0000,120.0700,120.5100,853300,83.6683
2012-05-21,120.4800,120.9000,120.4200,120.6700,763800,83.7794
2012-05-22,120.5400,120.5500,120.2900,120.4200,702400,83.6058
2012-05-23,120.5400,120.6800,120.4200,120.4300,611000,83.6128
2012-05-24,120.2900,120.4200,120.1700,120.2600,532300,83.4948
2012-05-25,120.2700,120.4200,120.2500,120.3800,549400,83.5781
2012-05-29,120.3900,120.3900,119.9800,120.0300,662200,83.3351
2012-05-30,120.3300,120.7700,120.2500,120.7300,1540800,83.8211
2012-05-31,120.8400,121.4300,120.8400,121.3100,1411200,84.2238
2012-06-01,120.6400,121.4100,120.6200,121.0100,3270200,84.5760
2012-06-04,120.8600,121.0800,120.6600,120.7800,1643400,84.4153
2012-06-05,120.7400,121.0000,120.5900,120.6800,1289400,84.3454
2012-06-06,120.9400,120.9500,120.0800,120.1100,6265800,83.9470
2012-06-07,120.0700,120.4000,119.9800,120.0900,875900,83.9330
2012-06-08,120.5100,120.5900,119.9600,120.1800,1036400,83.9959
2012-06-11,119.9700,120.4400,119.9100,120.1700,573100,83.9889
2012-06-12,120.0000,120.2300,119.7600,119.9100,463000,83.8072
2012-06-13,120.0400,120.3200,119.8600,120.1800,563800,83.9959
2012-06-14,120.2100,120.2800,119.8200,120.0200,1362700,83.8841
2012-06-15,120.3700,120.7900,120.3700,120.7800,614000,84.4153
2012-06-18,120.7700,120.8400,120.4900,120.7200,1141100,84.3734
2012-06-19,120.4200,120.6300,120.2900,120.5900,665700,84.2825
2012-06-20,120.4700,120.8000,120.2100,120.4300,749100,84.1706
2012-06-21,120.3000,120.3600,119.8900,119.9200,1465000,83.8142
2012-06-22,119.6600,119.7600,119.3400,119.3400,1224600,83.4088
2012-06-25,119.7000,119.9200,119.6700,119.8900,713400,83.7933
2012-06-26,119.6500,119.9200,119.5500,119.8100,891100,83.7373
2012-06-27,119.9100,120.0000,119.7600,119.9300,637700,83.8212
2012-06-28,120.0900,120.2700,119.8700,119.9800,1219400,83.8561
2012-06-29,119.5600,119.7200,119.2000,119.7000,1011000,83.6604
2012-07-02,119.4300,119.8900,119.4000,119.6000,3269400,83.8385
2012-07-03,119.6100,119.8300,119.6100,119.8100,620000,83.9857
2012-07-05,119.8000,120.1900,119.8000,120.0700,717400,84.1680
2012-07-06,120.3000,120.4000,120.1100,120.2500,502100,84.2941
2012-07-09,120.3900,120.6100,120.3300,120.4800,1305300,84.4554
2012-07-10,120.6200,120.9800,120.5500,120.7900,498500,84.6727
2012-07-11,120.8400,121.0300,120.6600,120.6700,432600,84.5885
2012-07-12,120.8900,120.9200,120.7500,120.9100,430200,84.7568
2012-07-13,120.8100,121.0000,120.5800,120.9700,430600,84.7989
2012-07-16,121.1600,121.4600,121.1100,121.1100,485200,84.8970
2012-07-17,121.1000,121.1500,120.7100,120.9500,713200,84.7848
2012-07-18,121.1100,121.1100,120.9500,120.9800,446800,84.8059
2012-07-19,120.8900,121.1100,120.8000,121.0900,400800,84.8830
2012-07-20,121.2900,121.5600,121.2500,121.4700,424900,85.1494
2012-07-23,121.6000,121.6300,121.3600,121.3700,428300,85.0792
2012-07-24,121.2300,121.5200,121.2200,121.4400,497300,85.1283
2012-07-25,121.4400,121.5300,121.1500,121.3100,1313200,85.0372
2012-07-26,121.0700,121.2600,120.8600,121.1400,637800,84.9180
2012-07-27,120.9300,120.9500,120.2700,120.7900,657200,84.6727
2012-07-30,120.7100,121.2000,120.6900,121.1300,592800,84.9110
2012-07-31,121.4500,121.5200,121.1800,121.4400,614700,85.1283
2012-08-01,121.3700,121.7400,121.2800,121.4900,806900,85.1633
2012-08-02,121.8000,121.9700,121.4100,121.4700,523200,85.1494
2012-08-03,121.1400,121.2600,120.8800,121.2500,548800,84.9951
2012-08-06,121.3500,121.5600,121.2500,121.3300,340700,85.0512
2012-08-07,121.0600,121.1000,120.9400,121.0700,1396000,84.8690
2012-08-08,121.0200,121.0800,120.6200,120.7100,1390400,84.6166
2012-08-09,120.6400,120.7100,120.3000,120.4800,509200,84.4554
2012-08-10,120.6000,120.6700,120.5000,120.5600,415700,84.5115
2012-08-13,120.7800,120.8500,120.4000,120.4000,339700,84.3993
2012-08-14,120.1100,120.2300,119.8700,119.8700,514400,84.0278
2012-08-15,119.3700,119.4600,118.9100,118.9800,876600,83.4039
2012-08-16,119.0000,119.2100,118.5700,118.6900,1660700,83.2006
2012-08-17,118.6800,118.9900,118.6800,118.8500,1491500,83.3128
2012-08-20,118.7300,118.9400,118.7300,118.7900,730400,83.2707
2012-08-21,118.6600,118.9400,118.4300,118.8700,616300,83.3268
2012-08-22,119.2600,119.9300,119.2600,119.8400,551400,84.0067
2012-08-23,120.3300,120.5000,120.2000,120.4000,784400,84.3993
2012-08-24,120.5600,120.6700,120.3000,120.3800,1581300,84.3853
2012-08-27,120.6100,120.8100,120.5800,120.7700,491300,84.6586
2012-08-28,120.9600,121.2100,120.8800,121.0800,476700,84.8760
2012-08-29,120.9900,120.9900,120.6000,120.6700,636300,84.5885
2012-08-30,120.9000,120.9500,120.5000,120.5800,950200,84.5255
2012-08-31,120.3300,121.1700,120.3300,121.1400,1460500,84.9180
2012-09-04,121.0000,121.2400,120.8700,120.9800,1809600,84.8059
2012-09-05,120.9900,121.2200,120.9600,121.1800,1653300,84.9461
2012-09-06,120.8000,120.9000,120.5200,120.5200,1033500,84.4834
2012-09-07,121.2400,121.4100,120.9100,120.9100,795700,84.7568
2012-09-10,121.1000,121.3300,120.9600,121.2200,880100,84.9741
2012-09-11,121.1000,121.2500,120.9600,121.1000,702700,84.8900
2012-09-12,120.7300,120.8400,120.4000,120.5100,769800,84.4764
2012-09-13,120.7100,121.6200,120.2800,121.5200,1288500,85.1844
2012-09-14,122.2600,122.3500,121.0000,121.9300,1306700,85.4718
2012-09-17,121.8000,122.2000,121.6400,121.8200,1963100,85.3947
2012-09-18,121.7600,121.9300,121.6400,121.6600,1245100,85.2825
2012-09-19,121.7100,121.9700,121.5800,121.8100,612300,85.3877
2012-09-20,122.1300,122.2500,121.2300,121.4000,1310800,85.1003
2012-09-21,121.3100,121.5000,121.2400,121.5000,876200,85.1704
2012-09-24,121.5200,121.7400,121.3600,121.4200,816700,85.1143
2012-09-25,121.6200,121.6800,121.4200,121.5800,1157200,85.2265
2012-09-26,121.9000,122.0000,121.7500,121.8600,843900,85.4228
2012-09-27,121.8400,122.1600,121.7000,121.8400,928600,85.4087
2012-09-28,121.9800,122.0800,121.6200,121.7600,1538500,85.3526
2012-10-01,121.8700,122.0400,121.6100,122.0000,1715000,85.5209
2012-10-02,121.7400,122.5300,121.7400,122.5000,849300,85.8714
2012-10-03,122.4500,122.7500,122.4500,122.6300,6434400,85.9625
2012-10-04,122.6900,123.0000,122.6200,122.8100,457700,86.0887
2012-10-05,122.7000,122.8200,122.4200,122.5600,1001200,85.9134
2012-10-08,122.5800,122.9400,122.5800,122.8500,492000,86.1167
2012-10-09,122.6300,123.1400,122.4800,122.5400,685400,85.8994
2012-10-10,122.2800,122.4700,122.1200,122.4100,654900,85.8083
2012-10-11,122.1500,122.3900,122.0700,122.3000,497700,85.7311
2012-10-12,122.4100,122.5400,122.1100,122.2000,893200,85.6611
2012-10-15,122.2600,122.4200,122.1300,122.1900,460400,85.6541
2012-10-16,122.0700,122.1300,121.6200,121.6700,660700,85.2896
2012-10-17,121.4100,121.5600,121.1700,121.3100,573900,85.0372
2012-10-18,121.1700,121.4700,121.0900,121.3000,483300,85.0302
2012-10-19,121.3800,121.9600,121.3800,121.7100,566400,85.3176
2012-10-22,121.6900,121.8200,121.5000,121.5100,410800,85.1774
2012-10-23,121.7100,121.9700,121.6900,121.7700,566600,85.3596
2012-10-24,121.7400,121.7700,121.5300,121.5800,507800,85.2265
2012-10-25,121.1400,121.3600,121.0000,121.2200,417100,84.9741
2012-10-26,121.4800,121.8200,121.4800,121.8200,436900,85.3947
2012-10-31,122.0200,122.5800,122.0000,122.5200,947500,85.8854
2012-11-01,122.0200,122.2700,122.0000,122.0900,2064900,85.7884
2012-11-02,121.7800,122.1100,121.7700,122.0200,826100,85.7392
2012-11-05,122.0000,122.2500,121.9900,122.1800,980300,85.8516
2012-11-06,122.1800,122.1800,121.7700,121.8600,447000,85.6268
2012-11-07,122.5800,122.7000,122.3500,122.5600,610200,86.1187
2012-11-08,122.6000,123.2400,122.4700,123.2200,1113400,86.5825
2012-11-09,123.0200,123.1300,122.6800,122.7700,1660000,86.2662
2012-11-12,122.7700,123.1400,122.7700,123.1000,812400,86.4981
2012-11-13,123.0100,123.1000,122.7900,122.9600,1520000,86.3998
2012-11-14,122.4900,122.8700,122.4300,122.8400,538800,86.3154
2012-11-15,122.6800,122.8300,122.5200,122.7500,672300,86.2522
2012-11-16,122.5100,122.9800,122.5000,122.8300,581200,86.3084
2012-11-19,122.4400,122.7000,122.4400,122.6000,1234000,86.1468
2012-11-20,122.3100,122.5200,122.2100,122.2500,1320500,85.9008
2012-11-21,122.0800,122.1000,121.8900,121.9600,448800,85.6971
2012-11-23,122.0900,122.1000,121.8600,121.8700,681200,85.6339
2012-11-26,122.1000,122.4000,122.1000,122.2100,548600,85.8727
2012-11-27,122.2200,122.3400,122.1500,122.2100,824200,85.8727
2012-11-28,122.5500,122.6000,122.3800,122.5000,1119400,86.0765
2012-11-29,122.4400,122.7300,122.3800,122.7200,541100,86.2311
2012-11-30,122.8600,123.0500,122.7300,122.9100,670900,86.3646
2012-12-03,122.3800,122.8000,122.3100,122.7900,2222000,86.6221
2012-12-04,122.6000,122.9000,122.6000,122.8300,1463300,86.6503
2012-12-05,122.9200,123.0900,122.8600,123.0500,1839500,86.8055
2012-12-06,123.1500,123.4400,123.1500,123.3000,550900,86.9819
2012-12-07,123.1900,123.2800,123.0500,123.1500,532500,86.8761
2012-12-10,123.1900,123.3100,123.1000,123.3000,1448100,86.9819
2012-12-11,123.0900,123.2000,122.9000,122.9400,1500300,86.7279
2012-12-12,123.0500,123.1700,122.5600,122.5600,964200,86.4598
2012-12-13,122.3000,122.5000,122.0500,122.2200,2336300,86.2200
2012-12-14,122.1000,122.4300,122.1000,122.3500,437300,86.3117
2012-12-17,122.4000,122.4000,121.7800,121.8900,788900,85.9872
2012-12-18,121.8100,121.8200,121.3400,121.5400,2142200,85.7403
2012-12-19,121.6000,121.9700,121.5600,121.6400,1212000,85.8108
2012-12-20,121.6700,121.9200,121.6500,121.7000,1556300,85.8531
2012-12-21,121.9400,122.1900,121.9100,122.0400,2052300,86.0930
2012-12-24,122.0600,122.0900,121.8300,121.9000,531100,85.9942
2012-12-26,121.8900,122.1900,121.8900,122.0500,1440800,86.1064
2012-12-27,121.9500,122.4300,121.9500,122.1900,1164300,86.2052
2012-12-28,122.2000,122.4000,122.0700,122.1500,752900,86.1770
2012-12-31,121.9500,121.9900,121.2100,121.4100,1517900,85.6549
2013-01-02,121.1700,121.3600,121.1300,121.3400,2805000,85.6055
2013-01-03,121.1900,121.2600,120.3800,120.5100,3622300,85.0199
2013-01-04,120.3800,120.5000,120.1700,120.4600,940600,84.9847
2013-01-07,120.5100,120.9500,120.4900,120.8700,1237600,85.2739
2013-01-08,120.9800,121.1600,120.9800,121.0400,899300,85.3939
2013-01-09,121.0500,121.3900,121.0500,121.2600,692300,85.5491
2013-01-10,121.1800,121.2600,121.0300,121.1500,1017900,85.4715
2013-01-11,120.9400,121.2600,120.8300,121.2600,691100,85.5491
2013-01-14,121.3300,121.3500,121.1500,121.3000,709200,85.5773
2013-01-15,121.4300,121.6000,121.3700,121.3800,654100,85.6337
2013-01-16,121.3800,121.4600,121.2600,121.3500,968600,85.6126
2013-01-17,121.2000,121.2100,121.0000,121.1400,596900,85.4644
2013-01-18,121.1700,121.3800,121.1400,121.3400,892000,85.6055
2013-01-22,121.1300,121.4200,121.1100,121.3200,634700,85.5914
2013-01-23,121.3800,121.5000,121.3200,121.3400,1156300,85.6055
2013-01-24,121.3000,121.3800,121.0200,121.2700,947300,85.5562
2013-01-25,121.0000,121.0500,120.6300,120.7600,1141600,85.1963
2013-01-28,120.3800,120.6000,120.3300,120.6000,1373900,85.0835
2013-01-29,120.6300,120.7400,120.3600,120.3800,807100,84.9282
2013-01-30,120.2600,120.5000,120.1200,120.4200,1540300,84.9564
2013-01-31,120.5600,120.8600,120.4400,120.7800,1657800,85.2104
2013-02-01,121.0500,121.1500,120.1800,120.1900,4125100,84.7942
2013-02-04,120.5900,121.0100,120.5900,120.9700,2899100,85.3445
2013-02-05,120.5600,120.6300,120.4400,120.6200,978800,85.0976
2013-02-06,120.6800,120.8400,120.5900,120.7600,3383300,85.1963
2013-02-07,120.6500,121.0300,120.6500,120.6500,826400,85.1187
2013-02-08,120.7100,120.7300,120.4100,120.6100,1400100,85.0905
2013-02-11,120.4900,120.6900,120.4900,120.5200,733600,85.0270
2013-02-12,120.4000,120.5900,120.3700,120.5100,749900,85.0199
2013-02-13,120.1800,120.3300,120.0400,120.1700,1108600,84.7801
2013-02-14,120.3300,120.5000,120.2000,120.3800,633400,84.9282
2013-02-15,120.1300,120.2000,119.9000,120.0500,917900,84.6954
2013-02-19,120.1900,120.2400,119.9600,119.9900,1096300,84.6531
2013-02-20,119.9200,120.2300,119.8900,120.0200,1117900,84.6743
2013-02-21,120.1800,120.2900,120.0700,120.1700,1253000,84.7801
2013-02-22,120.3100,120.4700,120.3000,120.4300,758900,84.9636
2013-02-25,120.1900,121.0500,120.1700,121.0300,770200,85.3868
2013-02-26,120.7600,121.0600,120.7100,120.7400,768900,85.1822
2013-02-27,121.0600,121.0600,120.6600,120.7400,1033200,85.1822
2013-02-28,120.8100,121.0100,120.7800,121.0100,1255100,85.3727
2013-03-01,120.9400,121.5200,120.9200,121.5200,4043700,85.7325
2013-03-04,121.2100,121.3000,121.0900,121.1400,964500,85.4644
2013-03-05,121.0700,121.1800,120.9800,121.1100,3379200,85.4432
2013-03-06,120.8700,120.9800,120.7500,120.8400,665000,85.2528
2013-03-07,120.5700,120.6200,120.3500,120.3900,594000,84.9353
2013-03-08,120.0100,120.2200,119.8900,120.0000,2900200,84.6602
2013-03-11,120.0300,120.1500,119.9300,119.9400,1062100,84.6178
2013-03-12,120.1700,120.2800,120.1200,120.1600,1150700,84.7730
2013-03-13,120.0200,120.2700,120.0000,120.1900,961900,84.7942
2013-03-14,120.0700,120.5100,120.0500,120.4000,900500,84.9423
2013-03-15,120.3900,120.6100,120.3800,120.5600,741800,85.0552
2013-03-18,120.8500,120.9600,120.7700,120.8200,829400,85.2387
2013-03-19,120.9500,121.1300,120.9100,120.9400,701600,85.3233
2013-03-20,120.7900,120.8800,120.5500,120.6000,1002900,85.0835
2013-03-21,120.7500,120.8200,120.6100,120.6600,701000,85.1258
2013-03-22,120.7900,120.9400,120.6000,120.8700,1041300,85.2739
2013-03-25,120.7800,121.0400,120.7100,120.8800,639400,85.2810
2013-03-26,120.7300,120.9600,120.6200,120.9500,666000,85.3304
2013-03-27,121.2200,121.3800,121.1000,121.3200,636400,85.5914
2013-03-28,121.2200,121.2900,121.0500,121.2700,1139100,85.5562
2013-04-01,121.0200,121.4100,121.0200,121.2400,4659200,85.5915
2013-04-02,121.3000,121.3600,121.0600,121.1800,1313900,85.5491
2013-04-03,121.2800,121.6200,121.2600,121.4900,803300,85.7679
2013-04-04,121.6200,122.0800,121.6200,122.0600,2745400,86.1704
2013-04-05,122.6900,122.8100,122.5000,122.5700,886300,86.5304
2013-04-08,122.6000,122.6900,122.0100,122.0300,874800,86.1491
2013-04-09,122.1300,122.2300,121.8100,121.9200,1076200,86.0715
2013-04-10,121.6800,121.6900,121.1600,121.2400,976600,85.5915
2013-04-11,121.4400,121.6700,121.3900,121.5800,714000,85.8314
2013-04-12,122.0500,122.1800,121.9400,122.0800,614400,86.1844
2013-04-15,122.0000,122.1400,121.9200,122.0600,1087400,86.1704
2013-04-16,121.7000,121.9400,121.6900,121.8500,585400,86.0221
2013-04-17,121.7800,121.9400,121.6400,121.8300,621000,86.0080
2013-04-18,121.8200,121.9100,120.9000,120.9800,912100,85.4079
2013-04-19,121.2600,121.5700,121.1900,121.4500,870600,85.7397
2013-04-22,121.7400,121.8000,121.6100,121.7700,596300,85.9656
2013-04-23,121.8600,122.2000,121.7300,121.8300,550300,86.0080
2013-04-24,121.7600,122.0400,121.7600,122.0100,488400,86.1350
2013-04-25,122.0300,122.2000,122.0300,122.1000,872300,86.1985
2013-04-26,122.3900,122.5800,122.3900,122.5500,809900,86.5163
2013-04-29,122.5700,122.6300,122.2200,122.2200,660600,86.2833
2013-04-30,122.2300,122.3600,121.9400,122.1500,678300,86.2339
2013-05-01,121.9100,121.9100,121.5900,121.8100,2321400,86.2133
2013-05-02,121.5700,121.7000,121.5300,121.6800,506600,86.1213
2013-05-03,121.2400,121.2900,120.7500,120.8500,1425800,85.5339
2013-05-06,120.9000,120.9000,120.5200,120.6700,821100,85.4065
2013-05-07,120.5500,120.6900,120.5300,120.6600,768300,85.3994
2013-05-08,120.4600,120.5200,120.3400,120.4000,782600,85.2154
2013-05-09,120.5600,120.6000,120.3400,120.3500,679800,85.1800
2013-05-10,120.2100,120.2500,119.6900,120.0100,654500,84.9394
2013-05-13,119.7700,119.8600,119.6200,119.6500,834400,84.6845
2013-05-14,119.7200,119.8000,119.1400,119.1400,965800,84.3236
2013-05-15,119.2500,119.3500,118.9400,119.1800,985700,84.3519
2013-05-16,119.1000,119.6500,119.0800,119.5200,1047300,84.5926
2013-05-17,119.3300,119.3300,118.9000,118.9200,835400,84.1679
2013-05-20,118.9400,119.0400,118.7200,118.8900,1281000,84.1467
2013-05-21,118.8100,119.1800,118.5900,119.1400,1008300,84.3236
2013-05-22,119.1500,119.4500,118.0300,118.0700,1543400,83.5663
2013-05-23,118.3700,118.4500,117.6900,118.1000,1696500,83.5875
2013-05-24,118.1800,118.3800,118.1100,118.2000,792300,83.6583
2013-05-28,118.1200,118.1900,117.1300,117.1300,1264300,82.9010
2013-05-29,117.2100,117.4000,116.8500,117.0500,1974600,82.8444
2013-05-30,117.1100,117.2000,116.4900,116.6200,1562800,82.5400
2013-05-31,116.8200,116.9000,116.0100,116.7300,3125700,82.6178
2013-06-03,115.9100,116.7500,115.5000,116.3300,5215700,82.5420
2013-06-04,116.1800,116.5100,116.0600,116.1100,1703000,82.3858
2013-06-05,116.3400,116.4100,116.1400,116.2500,1543700,82.4852
2013-06-06,115.6900,116.3500,115.6100,116.1200,1286700,82.3929
2013-06-07,115.7000,115.9400,115.3500,115.4400,1275200,81.9105
2013-06-10,115.1800,115.4300,114.6000,114.6400,2052200,81.3428
2013-06-11,113.8700,114.5900,113.7900,114.5800,2558500,81.3003
2013-06-12,114.4100,114.6100,113.6700,113.7000,2283100,80.6758
2013-06-13,113.9800,114.5900,113.5200,114.5700,2234400,81.2931
2013-06-14,114.9800,114.9800,114.4700,114.4700,1083500,81.2222
2013-06-17,114.6200,114.7100,114.0000,114.1000,1590000,80.9596
2013-06-18,114.1000,114.6100,114.1000,114.4100,1267100,81.1796
2013-06-19,114.7100,114.8400,112.8500,112.8900,2040800,80.1011
2013-06-20,112.4700,112.6500,111.2600,111.7500,3001500,79.2922
2013-06-21,111.5500,111.7400,110.4300,110.4400,2374200,78.3627
2013-06-24,108.9200,110.3400,108.8100,110.0200,3696700,78.0647
2013-06-25,110.3000,110.5800,110.0500,110.2100,1629600,78.1995
2013-06-26,110.8100,111.0000,110.4700,110.7100,1148400,78.5543
2013-06-27,111.2600,111.9500,111.2600,111.6300,1227000,79.2071
2013-06-28,111.2500,112.0100,111.0800,112.0100,1407800,79.4767
2013-07-01,111.3700,112.0700,111.3500,112.0200,1048000,79.5897
2013-07-02,112.2200,112.6300,112.2200,112.3800,909700,79.8455
2013-07-03,112.4900,112.6900,112.1300,112.1700,772700,79.6963
2013-07-05,111.0200,111.2100,110.6100,110.6400,1234200,78.6092
2013-07-08,110.9600,111.4600,110.9600,111.3400,1845500,79.1065
2013-07-09,111.5600,111.5600,111.2500,111.2900,921900,79.0710
2013-07-10,111.3000,111.4800,110.8900,110.9100,1062800,78.8010
2013-07-11,111.7200,111.8600,111.1500,111.6800,1469400,79.3481
2013-07-12,112.0600,112.2100,111.5700,111.7200,830800,79.3765
2013-07-15,111.8400,112.3100,111.8400,112.2600,810600,79.7602
2013-07-16,112.4900,112.7800,112.4200,112.7100,814600,80.0799
2013-07-17,113.0800,113.3300,112.9000,113.0200,615400,80.3002
2013-07-18,112.7300,112.8400,112.3800,112.6100,795800,80.0089
2013-07-19,112.9500,113.4800,112.9400,113.4200,641200,80.5844
2013-07-22,113.5200,113.5500,113.3200,113.3800,639500,80.5560
2013-07-23,113.1200,113.1800,112.8800,113.1200,719700,80.3712
2013-07-24,112.3500,112.4500,111.8400,112.2000,753000,79.7176
2013-07-25,112.0100,112.3700,111.8300,112.2600,850600,79.7602
2013-07-26,112.3700,112.4800,112.1900,112.2900,1068200,79.7815
2013-07-29,112.1200,112.2500,112.0500,112.2100,694000,79.7246
2013-07-30,112.3000,112.4000,112.0800,112.1600,692900,79.6892
2013-07-31,111.7100,112.8700,111.6200,112.8700,1334900,80.1936
2013-08-01,112.3500,112.4200,111.9100,112.0100,1367000,79.6320
2013-08-02,112.3900,112.6300,112.2400,112.5800,768200,80.0372
2013-08-05,112.4700,112.6100,112.3200,112.5900,626300,80.0443
2013-08-06,112.8800,112.8800,112.6200,112.8600,614000,80.2363
2013-08-07,113.0000,113.2400,112.9400,113.1300,762700,80.4282
2013-08-08,113.1100,113.4900,113.1100,113.2500,573100,80.5135
2013-08-09,113.1300,113.4200,113.1200,113.3600,419500,80.5917
2013-08-12,113.6600,113.6600,113.0000,113.0600,557500,80.3784
2013-08-13,112.6700,112.6700,112.0400,112.0700,699500,79.6746
2013-08-14,111.8800,112.1100,111.8100,111.8300,685700,79.5040
2013-08-15,111.0100,111.3200,110.8100,111.0300,929100,78.9352
2013-08-16,110.9500,111.0300,110.1800,110.5100,940700,78.5656
2013-08-19,110.1700,110.2600,109.7600,109.8500,912100,78.0963
2013-08-20,110.2200,110.5900,110.1500,110.5300,719400,78.5798
2013-08-21,110.3600,110.6300,109.7500,109.7500,959800,78.0253
2013-08-22,109.6100,109.8100,109.4100,109.8000,1111600,78.0608
2013-08-23,109.9300,110.6200,109.7500,110.5700,617600,78.6082
2013-08-26,110.8000,111.0500,110.7500,110.9600,484700,78.8855
2013-08-27,111.4100,111.7400,111.3500,111.6400,564300,79.3689
2013-08-28,111.4200,111.4300,111.0700,111.2300,474000,79.0774
2013-08-29,110.8300,111.3100,110.7800,111.0800,661000,78.9708
2013-08-30,111.1700,111.2800,110.5900,110.7400,1035000,78.7291
2013-09-03,110.1800,110.2700,109.6800,110.0600,1211300,78.3185
2013-09-04,110.1600,110.1600,109.4500,109.5000,783900,77.9200
2013-09-05,109.3500,109.3500,108.6300,108.7100,976500,77.3578
2013-09-06,109.2100,109.5700,109.0600,109.1600,567300,77.6780
2013-09-09,109.5600,109.6700,109.3300,109.3600,652000,77.8203
2013-09-10,109.0600,109.4700,109.0300,109.1800,762400,77.6923
2013-09-11,109.4800,109.8600,109.3700,109.8000,754600,78.1334
2013-09-12,110.2300,110.2500,109.7100,109.8500,946300,78.1690
2013-09-13,109.7600,109.9300,109.6400,109.8400,868100,78.1619
2013-09-16,110.7100,110.7400,110.0700,110.1400,519400,78.3754
2013-09-17,110.5800,110.6200,110.3600,110.5700,554400,78.6814
2013-09-18,110.4500,112.2800,110.1900,112.0400,859900,79.7274
2013-09-19,112.1000,112.1300,111.5600,111.6800,778200,79.4713
2013-09-20,111.7000,112.1500,111.5800,111.9900,470900,79.6919
2013-09-23,112.2800,112.4300,112.1200,112.3800,703900,79.9693
2013-09-24,112.4700,112.4800,112.2900,112.4000,559100,79.9836
2013-09-25,112.4100,112.5600,112.2100,112.5000,459000,80.0548
2013-09-26,112.3100,112.4200,112.1600,112.3400,449900,79.9409
2013-09-27,112.5000,112.5600,112.3200,112.3700,360400,79.9622
2013-09-30,112.4000,112.5800,112.1000,112.5800,1100100,80.1117
2013-10-01,112.5100,112.5200,112.2700,112.3900,1383500,80.0099
2013-10-02,112.6300,112.7600,112.4700,112.5700,423700,80.1380
2013-10-03,112.5700,112.8500,112.4300,112.6500,480300,80.1950
2013-10-04,112.6000,112.6000,112.3300,112.4100,377300,80.0241
2013-10-07,112.6900,112.7500,112.4800,112.5300,405300,80.1096
2013-10-08,112.5200,112.6200,112.2300,112.2300,614800,79.8960
2013-10-09,112.5400,112.5400,112.1600,112.2400,859000,79.9031
2013-10-10,112.0800,112.2500,111.9700,112.1500,516000,79.8391
2013-10-11,112.3100,112.4600,112.1300,112.1300,641600,79.8248
2013-10-14,112.0900,112.2000,111.6100,111.6400,303800,79.4760
2013-10-15,112.0500,112.1100,111.8000,111.8600,517700,79.6326
2013-10-16,111.7000,112.2400,111.6400,112.0900,493600,79.7963
2013-10-17,112.6500,112.6600,112.4100,112.5300,503600,80.1096
2013-10-18,112.7200,112.7600,112.5900,112.6900,493500,80.2235
2013-10-21,112.6300,112.6600,112.5000,112.6000,391100,80.1594
2013-10-22,113.1200,113.1900,112.9800,113.1700,484300,80.5652
2013-10-23,113.2900,113.4200,113.1100,113.1200,369100,80.5296
2013-10-24,113.2100,113.2500,112.9000,113.1600,435300,80.5580
2013-10-25,113.3800,113.4600,113.2600,113.4100,538800,80.7360
2013-10-28,113.3500,113.5000,113.3300,113.3600,385300,80.7004
2013-10-29,113.2100,113.3900,113.2100,113.2900,409400,80.6506
2013-10-30,113.3200,113.5400,113.0400,113.1400,476600,80.5438
2013-10-31,113.4100,113.4200,112.8000,112.9200,1095000,80.3872
2013-11-01,112.5300,112.6400,112.0100,112.0400,951100,79.8442
2013-11-04,112.2200,112.2700,112.0800,112.1000,586000,79.8869
2013-11-05,111.8500,111.9300,111.6100,111.6600,506200,79.5734
2013-11-06,112.0500,112.3900,112.0300,112.3000,723800,80.0295
2013-11-07,112.4500,112.6300,112.3300,112.4500,524400,80.1363
2013-11-08,111.5900,111.6500,111.3600,111.4900,653800,79.4522
2013-11-11,111.5400,111.5400,111.2800,111.2800,809100,79.3026
2013-11-12,111.5200,111.5300,111.3000,111.3400,751500,79.3453
2013-11-13,111.7300,111.7500,111.5000,111.5300,413100,79.4807
2013-11-14,111.7500,112.2100,111.7400,112.1400,415200,79.9154
2013-11-15,112.2500,112.2500,111.9700,112.1900,565800,79.9511
2013-11-18,112.2100,112.4900,112.1200,112.4900,413100,80.1649
2013-11-19,112.2300,112.2900,111.9500,112.0500,531900,79.8513
2013-11-20,111.8800,112.0500,111.2200,111.3600,748000,79.3596
2013-11-21,111.0900,111.6000,110.8700,111.5500,814500,79.4950
2013-11-22,111.8000,111.9700,111.7300,111.8600,465500,79.7159
2013-11-25,111.9200,112.0700,111.7900,111.9300,372400,79.7658
2013-11-26,112.0600,112.1200,111.9200,111.9200,418700,79.7587
2013-11-27,111.8300,111.8700,111.4400,111.7000,333800,79.6019
2013-11-29,111.5800,111.7000,111.4600,111.6100,584300,79.5377
2013-12-02,111.4000,111.4200,110.9800,111.0300,550300,79.1882
2013-12-03,111.2500,111.2800,111.0500,111.0900,670700,79.2310
2013-12-04,110.6600,110.7300,110.3900,110.4700,670300,78.7889
2013-12-05,110.4300,110.5100,110.2200,110.3400,680900,78.6961
2013-12-06,110.3900,110.5000,110.1100,110.3300,809600,78.6890
2013-12-09,110.4100,110.5200,110.2900,110.4200,581700,78.7532
2013-12-10,110.7900,110.8400,110.4800,110.7100,1088900,78.9600
2013-12-11,110.6700,110.7800,110.4700,110.5300,1103600,78.8316
2013-12-12,110.4200,110.4500,110.1800,110.2200,754900,78.6105
2013-12-13,110.4300,110.5500,110.3600,110.5400,557200,78.8388
2013-12-16,110.8900,110.8900,110.5100,110.6200,563500,78.8959
2013-12-17,110.6400,110.9500,110.6000,110.9500,1164000,79.1312
2013-12-18,110.6400,110.9600,110.3200,110.4600,1143500,78.7818
2013-12-19,110.2300,110.3000,110.0100,110.0500,855300,78.4893
2013-12-20,110.3900,110.4700,110.1400,110.4200,783000,78.7532
2013-12-23,110.3700,110.4000,110.1700,110.2300,579700,78.6177
2013-12-24,110.0400,110.0900,109.8600,109.8600,297600,78.3538
2013-12-26,109.8100,109.8900,109.7200,109.8100,470300,78.3181
2013-12-27,109.8600,109.9900,109.7400,109.7500,466500,78.2754
2013-12-30,109.9800,110.1800,109.9000,110.0600,633200,78.4965
2013-12-31,110.0200,110.0900,109.6800,109.9000,1010000,78.3823
2014-01-02,109.9900,110.3700,109.9500,110.2600,681500,78.6391
2014-01-03,110.1500,110.4100,110.1500,110.2100,389700,78.6034
2014-01-06,110.3300,110.7000,110.3200,110.5800,1406700,78.8673
2014-01-07,110.5600,110.6800,110.4600,110.6000,392600,78.8816
2014-01-08,110.3800,110.5500,110.3300,110.5300,386500,78.8316
2014-01-09,110.7000,110.9700,110.6300,110.9500,740000,79.1312
2014-01-10,111.4000,111.5800,111.3300,111.5400,1542300,79.5520
2014-01-13,111.4900,111.7100,111.4500,111.5900,650000,79.5877
2014-01-14,111.4100,111.5200,111.1700,111.2100,586300,79.3167
2014-01-15,111.0200,111.2200,110.9700,111.1100,809800,79.2453
2014-01-16,111.2800,111.4000,111.1400,111.2000,506900,79.3095
2014-01-17,111.2000,111.4100,111.0500,111.4100,392900,79.4593
2014-01-21,111.2600,111.3800,111.1000,111.2000,1651400,79.3095
2014-01-22,111.0100,111.2000,110.9700,111.0100,1110400,79.1740
2014-01-23,111.2900,111.6500,111.2800,111.4900,669100,79.5163
2014-01-24,111.6500,111.8200,111.5500,111.8100,780000,79.7445
2014-01-27,111.8200,111.8800,111.4200,111.4200,1517800,79.4664
2014-01-28,111.6100,111.6400,111.4300,111.6400,770700,79.6234
2014-01-29,111.8200,112.1400,111.6700,112.0600,633400,79.9229
2014-01-30,111.8300,112.0500,111.8000,111.9900,472400,79.8729
2014-01-31,112.1800,112.2700,112.0600,112.2100,737000,80.0299
2014-02-03,112.2500,112.8800,112.1400,112.8700,670600,80.5005
2014-02-04,112.5600,112.5600,112.2300,112.3800,1405400,80.1511
2014-02-05,112.2800,112.3000,111.8600,111.8900,796300,79.8016
2014-02-06,111.8700,111.9100,111.7100,111.9100,353100,79.8159
2014-02-07,112.0200,112.3500,111.9700,112.2300,495500,80.0441
2014-02-10,112.1900,112.3800,112.1100,112.3300,411100,80.1154
2014-02-11,112.0400,112.1300,111.8800,111.9700,1149300,79.8587
2014-02-12,111.8200,111.8800,111.6000,111.6900,409000,79.6590
2014-02-13,111.9400,112.1100,111.8800,112.0700,375700,79.9300
2014-02-14,111.9600,112.0000,111.7500,111.8400,336700,79.7660
2014-02-18,111.9500,112.2300,111.9200,112.0500,401700,79.9157
2014-02-19,112.2100,112.2100,111.7400,111.8300,500400,79.7589
2014-02-20,111.6800,111.8300,111.3700,111.4900,512600,79.5163
2014-02-21,111.4600,111.7400,111.4600,111.6900,292000,79.6590
2014-02-24,111.7400,111.8100,111.5600,111.6900,354800,79.6590
2014-02-25,111.8800,112.1300,111.8800,112.1200,328700,79.9657
2014-02-26,112.1400,112.4200,112.0800,112.3800,366100,80.1511
2014-02-27,112.5000,112.6600,112.4200,112.5400,317300,80.2652
2014-02-28,112.4800,112.7600,112.2900,112.7000,928000,80.3793
2014-03-03,112.9400,113.2500,112.9300,113.2200,7719800,80.7502
2014-03-04,112.8200,112.8200,112.4600,112.4900,933100,80.2296
2014-03-05,112.4200,112.6600,112.3300,112.6500,1138100,80.3437
2014-03-06,112.2300,112.5000,112.2000,112.3700,308800,80.1440
2014-03-07,112.0600,112.2200,112.0100,112.1300,426400,79.9728
2014-03-10,112.1100,112.2200,112.0700,112.1800,358600,80.0085
2014-03-11,112.0800,112.2300,112.0000,112.1500,510000,79.9871
2014-03-12,112.3700,112.5400,112.2700,112.3900,435500,80.1582
2014-03-13,112.1500,112.8700,112.0900,112.8500,543000,80.4863
2014-03-14,112.9800,113.0400,112.7300,112.8300,391100,80.4720
2014-03-17,112.6700,112.7500,112.5300,112.5700,430500,80.2866
2014-03-18,112.5900,112.7900,112.5000,112.7900,542200,80.4436
2014-03-19,112.6200,112.7100,111.6600,111.7500,560100,79.7018
2014-03-20,111.4400,111.4800,111.3200,111.4000,643100,79.4521
2014-03-21,111.5500,111.8600,111.5300,111.8200,300500,79.7517
2014-03-24,111.6500,112.0600,111.6300,111.9600,352200,79.8515
2014-03-25,111.9000,112.0000,111.8000,111.9300,369700,79.8302
2014-03-26,111.9500,112.3200,111.9300,112.3200,376300,80.1083
2014-03-27,112.2900,112.5400,112.2200,112.3600,230500,80.1368
2014-03-28,112.4200,112.4200,111.9600,112.0800,303400,79.9371
2014-03-31,111.8200,112.1000,111.7600,112.1000,407700,79.9514
2014-04-01,111.9100,111.9300,111.6900,111.7100,6684900,79.6733
2014-04-02,111.4900,111.6400,111.4000,111.4600,867400,79.4950
2014-04-03,111.5500,111.7300,111.5300,111.5900,1901600,79.5877
2014-04-04,111.8000,112.2000,111.8000,112.1000,410200,79.9514
2014-04-07,112.2400,112.4500,112.2000,112.2700,583400,80.0726
2014-04-08,112.2400,112.3900,112.0600,112.3300,337900,80.1154
2014-04-09,112.0800,112.5000,112.0800,112.4100,347200,80.1725
2014-04-10,112.4900,113.0200,112.4900,112.8000,428700,80.4506
2014-04-11,113.1400,113.2000,112.9500,113.0900,509800,80.6575
2014-04-14,112.9900,113.0600,112.8300,112.8700,244600,80.5005
2014-04-15,112.9600,113.3000,112.8900,113.1500,324500,80.7003
2014-04-16,112.9500,113.3000,112.9400,113.2200,359500,80.7502
2014-04-17,113.2800,113.3300,112.9200,113.0800,688900,80.6503
2014-04-21,113.1600,113.3900,113.0400,113.0800,321500,80.6503
2014-04-22,112.8600,113.1500,112.8500,113.0800,324000,80.6503
2014-04-23,113.3700,113.5100,113.2600,113.4300,868400,80.9000
2014-04-24,113.3700,113.5400,113.2900,113.5000,617000,80.9499
2014-04-25,113.6100,113.8500,113.5100,113.5500,259000,80.9855
2014-04-28,113.4800,113.5300,113.1800,113.2100,297600,80.7431
2014-04-29,112.9700,113.1800,112.9100,113.1400,372200,80.6932
2014-04-30,113.2600,113.5900,113.1200,113.5800,757000,81.0070
2014-05-01,113.4200,113.8800,113.4000,113.7300,559700,81.2986
2014-05-02,113.5200,114.1600,113.4400,114.0300,1284500,81.5131
2014-05-05,114.1100,114.1300,113.7300,113.7900,332900,81.3415
2014-05-06,113.9400,113.9400,113.7000,113.7500,583700,81.3129
2014-05-07,113.7700,113.9100,113.6000,113.8200,274900,81.3629
2014-05-08,113.8500,114.1100,113.7500,113.9800,283300,81.4773
2014-05-09,113.8700,114.0000,113.8100,113.9100,230600,81.4273
2014-05-12,113.8200,113.8200,113.4700,113.6000,817700,81.2057
2014-05-13,113.7700,113.8900,113.6500,113.8900,475500,81.4130
2014-05-14,114.2800,114.6900,114.2800,114.5400,267600,81.8776
2014-05-15,114.8200,115.2400,114.8200,115.0700,568100,82.2565
2014-05-16,115.1400,115.2500,114.9400,114.9500,573500,82.1707
2014-05-19,115.1100,115.1500,114.5800,114.6100,503700,81.9277
2014-05-20,114.6200,114.9200,114.5100,114.8300,434800,82.0850
2014-05-21,114.7000,114.7800,114.5500,114.7600,410300,82.0349
2014-05-22,114.6500,115.0000,114.5700,114.9400,396300,82.1636
2014-05-23,115.1200,115.3000,115.0600,115.2100,426200,82.3566
2014-05-27,115.2000,115.3000,114.9800,115.2800,538700,82.4066
2014-05-28,115.5600,115.9500,115.5600,115.9100,366600,82.8570
2014-05-29,115.9500,116.3400,115.8500,115.8600,329800,82.8212
2014-05-30,115.7300,115.8300,115.5800,115.5900,804700,82.6282
2014-06-02,114.7800,114.8900,114.3600,114.4700,2089800,82.2939
2014-06-03,114.2300,114.2400,113.7300,113.8000,780600,81.8123
2014-06-04,113.7400,113.8000,113.4500,113.5000,827800,81.5966
2014-06-05,113.5900,113.9200,113.5500,113.7900,880600,81.8051
2014-06-06,114.1100,114.1400,113.7100,113.7900,518300,81.8051
2014-06-09,113.6900,113.8500,113.5900,113.7800,304500,81.7979
2014-06-10,113.5800,113.7000,113.5100,113.5900,673300,81.6613
2014-06-11,113.6800,113.8000,113.6000,113.7000,244600,81.7404
2014-06-12,113.8000,114.1600,113.7300,114.0400,794800,81.9848
2014-06-13,113.6700,114.0000,113.6100,113.8500,316600,81.8482
2014-06-16,113.9100,114.0400,113.7900,113.9600,369200,81.9273
2014-06-17,114.0000,114.0200,113.7300,113.8000,275400,81.8123
2014-06-18,113.9400,114.4000,113.9300,114.3600,282200,82.2148
2014-06-19,114.6400,114.7000,114.0600,114.2000,339600,82.0998
2014-06-20,114.2500,114.6200,114.2400,114.6200,377200,82.4018
2014-06-23,114.7600,114.8300,114.4900,114.5200,372500,82.3299
2014-06-24,114.8000,115.0500,114.6400,115.0400,374900,82.7037
2014-06-25,115.2100,115.3000,115.0300,115.0900,466800,82.7396
2014-06-26,115.2800,115.4600,115.2100,115.3100,315400,82.8979
2014-06-27,115.5000,115.5500,115.3000,115.3500,212200,82.9266
2014-06-30,115.4500,115.4500,115.2600,115.3600,358100,82.9338
2014-07-01,114.7600,114.8200,114.5100,114.5600,495000,82.6049
2014-07-02,114.3000,114.3300,114.0100,114.0200,596700,82.2156
2014-07-03,113.8600,114.1400,113.8000,114.1100,308900,82.2805
2014-07-07,114.2400,114.4400,114.2300,114.3300,466400,82.4391
2014-07-08,114.5500,114.8000,114.5500,114.7000,324400,82.7059
2014-07-09,114.6600,115.0700,114.5700,114.9800,517300,82.9078
2014-07-10,115.3200,115.3400,115.0300,115.1200,346900,83.0088
2014-07-11,115.3200,115.4300,115.2500,115.2900,804400,83.1313
2014-07-14,115.1900,115.2200,114.9800,115.0600,331300,82.9655
2014-07-15,114.9700,115.2000,114.7200,114.8100,356800,82.7852
2014-07-16,114.7900,114.8600,114.7000,114.7800,511700,82.7636
2014-07-17,115.1100,115.5400,114.9400,115.5000,542900,83.2827
2014-07-18,115.4500,115.4500,115.1300,115.2800,390900,83.1241
2014-07-21,115.4300,115.6500,115.3900,115.4900,670800,83.2755
2014-07-22,115.4100,115.4300,115.2100,115.3900,289300,83.2035
2014-07-23,115.4300,115.5300,115.3500,115.3800,426800,83.1962
2014-07-24,115.0900,115.2000,114.9900,115.1700,290200,83.0448
2014-07-25,115.5100,115.6800,115.4400,115.6700,226300,83.4053
2014-07-28,115.5700,115.6800,115.3900,115.5400,844400,83.3116
2014-07-29,115.7300,115.7400,115.4600,115.7100,291200,83.4341
2014-07-30,115.3400,115.3900,114.9300,114.9500,673400,82.8862
2014-07-31,114.7200,115.1900,114.6500,114.9100,585800,82.8573
2014-08-01,114.7800,115.0900,114.4100,114.9900,687300,83.1727
2014-08-04,115.0500,115.1300,114.7900,114.8200,822300,83.0497
2014-08-05,114.6800,115.0500,114.5000,114.9500,540700,83.1437
2014-08-06,115.2200,115.2800,114.9500,114.9600,470800,83.1510
2014-08-07,115.0500,115.4800,114.9100,115.4600,329200,83.5127
2014-08-08,115.4800,115.7200,115.2500,115.3600,349900,83.4403
2014-08-11,115.4400,115.5000,115.2800,115.3700,348500,83.4475
2014-08-12,115.3200,115.3500,115.0100,115.0200,626500,83.1944
2014-08-13,115.1200,115.3800,115.0400,115.3500,351600,83.4331
2014-08-14,115.5800,115.6200,115.3100,115.4700,458400,83.5199
2014-08-15,115.5200,116.1400,115.5100,115.7500,514800,83.7224
2014-08-18,115.5600,115.6000,115.2200,115.3000,514300,83.3969
2014-08-19,115.5200,115.5200,114.9700,115.0900,424300,83.2450
2014-08-20,115.0000,115.0600,114.6500,114.7500,409600,82.9991
2014-08-21,114.7300,115.0700,114.7300,114.9700,397300,83.1582
2014-08-22,115.0700,115.1700,114.6400,114.9200,406200,83.1220
2014-08-25,115.0000,115.0700,114.8600,115.0600,249200,83.2233
2014-08-26,115.1400,115.1800,114.9000,114.9700,658300,83.1582
2014-08-27,115.1700,115.2500,115.0200,115.1800,467100,83.3101
2014-08-28,115.5200,115.5400,115.2500,115.3600,243900,83.4403
2014-08-29,115.3300,115.4400,115.1800,115.2500,430500,83.3607
2014-09-02,114.6200,114.6200,114.4300,114.4400,1123900,82.9145
2014-09-03,114.3600,114.6800,114.3100,114.6500,1067500,83.0666
2014-09-04,114.5400,114.7300,114.1900,114.2200,312100,82.7550
2014-09-05,114.4600,114.5400,114.0600,114.1000,327800,82.6681
2014-09-08,114.2900,114.3400,113.7500,113.8200,320800,82.4653
2014-09-09,113.6100,113.7600,113.4800,113.4900,542000,82.2261
2014-09-10,113.1500,113.2100,113.0000,113.0600,1861100,81.9146
2014-09-11,113.2300,113.3900,113.1100,113.1100,808100,81.9508
2014-09-12,112.8000,112.9100,112.6500,112.6600,690800,81.6248
2014-09-15,112.8500,112.9200,112.7600,112.7900,650800,81.7190
2014-09-16,112.8600,112.9600,112.7200,112.7600,485400,81.6972
2014-09-17,112.6600,112.7200,112.0000,112.0000,648700,81.1466
2014-09-18,112.0800,112.1100,111.6700,111.7100,493400,80.9365
2014-09-19,111.8700,112.0800,111.7000,112.0400,391100,81.1756
2014-09-22,112.1500,112.1800,111.8600,111.9600,1131400,81.1176
2014-09-23,112.1300,112.4000,112.1000,112.3800,571300,81.4219
2014-09-24,112.4200,112.5400,112.1900,112.2800,927000,81.3494
2014-09-25,112.5000,112.7200,112.4500,112.6900,672800,81.6465
2014-09-26,112.4000,112.4000,112.0600,112.1100,338900,81.2263
2014-09-29,112.2700,112.3400,112.1400,112.1900,3329800,81.2843
2014-09-30,112.1300,112.3600,112.0600,112.0700,609400,81.1973
2014-10-01,112.4700,113.0100,112.4700,112.8700,1272600,81.7769
2014-10-02,112.8000,112.9200,112.5600,112.5900,2814300,81.5741
2014-10-03,112.4900,112.5600,112.2800,112.4100,631600,81.4437
2014-10-06,112.4600,112.6200,112.3600,112.5100,1593600,81.5161
2014-10-07,112.7500,113.1000,112.6600,112.9800,501800,81.8566
2014-10-08,112.9700,113.6600,112.7600,113.6000,753400,82.3058
2014-10-09,113.7500,113.8900,113.4500,113.4800,254200,82.2189
2014-10-10,113.5900,113.8000,113.5500,113.7900,307000,82.4435
2014-10-13,113.9700,114.3800,113.7200,114.3200,410900,82.8275
2014-10-14,114.0200,114.1600,113.7900,114.0500,411500,82.6319
2014-10-15,115.0300,116.2500,113.9300,114.1800,909900,82.7260
2014-10-16,114.6400,114.6900,113.9500,114.0400,455000,82.6246
2014-10-17,113.9900,114.2300,113.8200,114.0000,359900,82.5956
2014-10-20,114.2700,114.2700,113.9100,114.0400,271400,82.6246
2014-10-21,113.8100,113.9700,113.7200,113.8100,573000,82.4580
2014-10-22,113.8800,113.9600,113.6800,113.7600,389600,82.4218
2014-10-23,113.5500,113.5800,113.2000,113.3500,448900,82.1247
2014-10-24,113.3200,113.4900,113.1400,113.2900,409400,82.0812
2014-10-27,113.2300,113.4000,113.1800,113.2300,364100,82.0377
2014-10-28,113.1500,113.3300,113.0100,113.1800,437900,82.0015
2014-10-29,113.2500,113.3200,112.6700,113.0300,326100,81.8928
2014-10-30,113.0300,113.2400,112.9800,112.9900,297200,81.8638
2014-10-31,113.1500,113.2700,112.9600,113.0800,430300,81.9291
2014-11-03,113.0000,113.0800,112.7000,113.0800,2289200,81.9291
2014-11-04,113.0100,113.2400,112.8800,113.0400,1765900,81.9001
2014-11-05,112.8400,113.1500,112.8200,113.1500,370400,81.9798
2014-11-06,113.0000,113.1300,112.9100,112.9600,1014200,81.8421
2014-11-07,113.1500,113.6300,113.1400,113.6200,693100,82.3203
2014-11-10,113.6000,113.6200,113.1500,113.2200,444800,82.0305
2014-11-11,113.1500,113.2200,113.0300,113.2000,200800,82.0161
2014-11-12,113.2500,113.3600,112.9600,113.0400,451800,81.9001
2014-11-13,112.9700,113.0500,112.8200,112.9100,269100,81.8059
2014-11-14,112.7800,113.2200,112.7100,113.2000,462000,82.0161
2014-11-17,113.2000,113.2300,112.7800,112.8100,417400,81.7335
2014-11-18,112.8600,112.9100,112.7600,112.9100,565000,81.8059
2014-11-19,112.5600,112.7800,112.3300,112.4300,375700,81.4582
2014-11-20,112.8500,112.8800,112.4800,112.7200,306900,81.6682
2014-11-21,112.8900,113.0900,112.8900,113.0600,379200,81.9146
2014-11-24,112.8700,113.1700,112.8700,113.1500,446800,81.9798
2014-11-25,113.0800,113.3300,112.9900,113.2500,484700,82.0522
2014-11-26,113.3600,113.4400,113.2700,113.3100,421800,82.0957
2014-11-28,113.1500,113.4100,113.1100,113.2600,484100,82.0595
2014-12-01,113.3700,113.4600,112.9300,112.9300,3262700,81.8638
2014-12-02,112.7800,112.7800,112.2800,112.2900,1226000,81.3998
2014-12-03,112.3000,112.4500,112.1900,112.4300,1013100,81.5013
2014-12-04,112.3900,112.7000,112.3700,112.6500,332500,81.6608
2014-12-05,112.4300,112.4400,111.8000,112.0000,425400,81.1896
2014-12-08,111.9100,112.6400,111.8300,112.0900,376100,81.2548
2014-12-09,112.3600,112.6200,112.3400,112.5700,370100,81.6028
2014-12-10,112.4800,112.8700,112.3500,112.8000,1044100,81.7695
2014-12-11,112.6600,112.7300,112.3700,112.6500,309000,81.6608
2014-12-12,112.6500,112.9200,112.2600,112.7800,407500,81.7550
2014-12-15,112.3800,112.5700,112.2500,112.3400,369500,81.4361
2014-12-16,112.7300,113.1100,112.5300,113.0400,410500,81.9435
2014-12-17,112.9100,113.2500,112.4500,112.5100,771200,81.5593
2014-12-18,112.1900,112.1900,111.7300,111.8000,433300,81.0446
2014-12-19,111.8100,112.3500,111.8000,112.3500,349400,81.4433
2014-12-22,112.2800,112.5400,112.2500,112.4600,574500,81.5231
2014-12-23,112.2700,112.3600,111.6200,111.6500,464500,80.9359
2014-12-24,111.2800,111.5500,111.1900,111.5300,412100,80.8489
2014-12-26,111.5700,111.7200,111.4500,111.5700,303300,80.8779
2014-12-29,111.7500,111.9500,111.5200,111.7400,1033000,81.0011
2014-12-30,111.8400,111.9800,111.6700,111.7100,413300,80.9794
2014-12-31,111.7300,112.1600,111.7100,112.0100,493100,81.1969
2015-01-02,112.2200,112.7600,112.2200,112.7300,714500,81.7188
2015-01-05,112.7600,113.0400,112.6800,112.8200,866400,81.7840
2015-01-06,113.0400,113.5400,112.7300,112.8300,1043400,81.7913
2015-01-07,112.5900,112.9600,112.3600,112.9200,682500,81.8565
2015-01-08,112.7300,112.8700,112.6000,112.7400,567600,81.7260
2015-01-09,112.6200,113.1800,112.6100,113.0800,467400,81.9725
2015-01-12,112.9600,113.1500,112.8400,113.0500,421600,81.9508
2015-01-13,112.5800,112.9600,112.5000,112.8700,345300,81.8202
2015-01-14,113.2500,113.6800,113.2500,113.5400,450900,82.3059
2015-01-15,113.7100,114.4600,113.6900,114.4400,691300,82.9584
2015-01-16,114.2600,114.4300,113.8000,113.8000,1520200,82.4944
2015-01-20,113.9400,114.3600,113.9000,114.0700,654800,82.6901
2015-01-21,114.1000,114.3200,113.5300,113.6000,664300,82.3495
2015-01-22,113.9600,113.9700,113.1200,113.6300,676100,82.3712
2015-01-23,114.0000,114.3400,113.9800,114.3200,727100,82.8713
2015-01-26,114.2000,114.3700,113.9600,114.1300,368100,82.7336
2015-01-27,114.4600,114.6100,114.3200,114.4900,368700,82.9946
2015-01-28,114.5100,115.0700,114.4500,114.9300,426200,83.3136
2015-01-29,114.7100,114.8700,114.4700,114.8000,309700,83.2194
2015-01-30,115.4800,115.7100,115.2400,115.6300,1206900,83.8210
2015-02-02,115.4900,115.7600,115.3800,115.5500,1182900,83.7630
2015-02-03,115.1300,115.1600,114.8900,115.0200,1465900,83.3788
2015-02-04,114.7100,115.3300,114.5600,115.2600,531700,83.5528
2015-02-05,115.0300,115.0700,114.6800,114.7600,341500,83.1903
2015-02-06,114.0100,114.1800,113.6900,113.8600,556300,82.5379
2015-02-09,113.9800,114.0400,113.6600,113.6600,360200,82.3930
2015-02-10,113.7000,113.7500,113.1900,113.2800,457700,82.1175
2015-02-11,113.3000,113.3300,112.8000,113.0700,1501500,81.9653
2015-02-12,113.0700,113.3800,112.8600,112.8900,464000,81.8347
2015-02-13,112.9000,112.9500,112.6200,112.6600,506800,81.6680
2015-02-17,112.5100,112.6600,111.9400,112.0900,639800,81.2548
2015-02-18,112.2800,112.8400,112.0700,112.5600,586100,81.5956
2015-02-19,112.3500,112.5900,112.2300,112.4700,606600,81.5303
2015-02-20,112.7400,113.0000,112.3100,112.4800,505900,81.5376
2015-02-23,112.6000,112.7900,112.5300,112.6900,290100,81.6898
2015-02-24,112.6000,113.4300,112.4200,113.3700,504300,82.1827
2015-02-25,113.3300,113.6300,113.1200,113.5600,419800,82.3205
2015-02-26,113.8400,113.9900,113.4700,113.4800,532700,82.2625
2015-02-27,113.8700,114.1500,113.5300,114.1400,599500,82.7409
2015-03-02,114.0500,114.0500,113.1700,113.2100,960100,82.0668
2015-03-03,113.1900,113.4800,113.1700,113.3700,3945400,82.1827
2015-03-04,113.5400,113.7000,113.3000,113.4800,445200,82.2625
2015-03-05,113.4500,113.5500,113.0300,113.2800,429600,82.1175
2015-03-06,112.5800,112.6200,111.9300,111.9700,494000,81.1678
2015-03-09,112.2100,112.2700,111.7900,111.8000,660800,81.0446
2015-03-10,111.8900,112.0500,111.7800,111.9300,708500,81.1389
2015-03-11,112.0900,112.1800,111.8900,112.1200,360900,81.2766
2015-03-12,112.3300,112.4400,111.7900,111.8700,366300,81.0954
2015-03-13,111.7000,111.8700,111.5100,111.5100,291200,80.8344
2015-03-16,111.9100,111.9300,111.5000,111.6700,305400,80.9504
2015-03-17,111.6100,111.8000,111.5000,111.7800,287700,81.0301
2015-03-18,111.9700,113.5500,111.8300,113.4900,518700,82.2697
2015-03-19,113.3900,113.6900,112.9300,113.4200,390400,82.2190
2015-03-20,113.6900,113.7900,113.5300,113.7600,370700,82.4655
2015-03-23,113.7700,113.8600,113.5400,113.7100,402200,82.4292
2015-03-24,113.9400,114.3300,113.8500,114.2600,323300,82.8279
2015-03-25,114.5400,114.6100,114.1700,114.2300,369400,82.8061
2015-03-26,114.2300,114.2300,113.5200,113.6200,502800,82.3639
2015-03-27,113.7600,113.8900,113.5600,113.6700,522400,82.4002
2015-03-30,113.6700,113.6700,113.2700,113.3300,385500,82.1537
2015-03-31,113.2100,113.6800,113.0300,113.5900,450300,82.3422
2015-04-01,114.0800,114.5200,114.0100,114.4700,910600,82.9801
2015-04-02,114.3500,114.4500,114.0200,114.0500,1088300,82.6757
2015-04-06,114.7900,114.8900,114.3400,114.5000,708600,83.0019
2015-04-07,114.3500,114.7700,114.2800,114.7500,360100,83.1831
2015-04-08,114.3500,114.5600,114.1000,114.4700,966400,82.9801
2015-04-09,114.4500,114.4700,113.9700,114.0600,369200,82.6829
2015-04-10,114.1800,114.2600,113.8700,113.9500,399100,82.6031
2015-04-13,113.7900,114.0400,113.7700,113.9800,305700,82.6249
2015-04-14,114.4200,114.6000,114.2000,114.2800,328400,82.8424
2015-04-15,114.5200,114.7200,114.4300,114.6300,477900,83.0961
2015-04-16,114.5000,114.7900,114.2200,114.7600,362700,83.1903
2015-04-17,114.8700,115.5900,114.8500,115.4900,7973900,83.7196
2015-04-20,115.3000,115.3600,115.0600,115.1800,806100,83.4948
2015-04-21,114.9800,115.1000,114.6700,114.7700,2082000,83.1976
2015-04-22,114.6600,114.6900,114.1500,114.2400,360900,82.8134
2015-04-23,114.3200,114.7300,114.2900,114.5300,545200,83.0236
2015-04-24,114.7600,115.0300,114.7400,115.0200,405400,83.3788
2015-04-27,115.0100,115.1900,114.8500,115.0400,875900,83.3933
2015-04-28,114.6900,114.9100,114.3500,114.3800,1152900,82.9149
2015-04-29,114.0700,114.4100,113.8200,114.1700,583800,82.7627
2015-04-30,114.0400,114.4300,113.7800,114.3600,674700,82.9004
2015-05-01,114.1500,114.2300,113.7200,113.8900,939700,82.5597
2015-05-04,113.9600,114.0400,113.3100,113.4500,1155200,82.2407
2015-05-05,113.5800,113.5900,113.0500,113.4000,516400,82.2045
2015-05-06,113.2100,113.2200,112.3600,112.4900,1082200,81.5448
2015-05-07,112.6700,113.0100,112.5100,112.7800,353400,81.7550
2015-05-08,113.4700,113.5900,113.1600,113.2500,650700,82.0957
2015-05-11,112.8800,112.8900,112.1800,112.2200,656700,81.3491
2015-05-12,112.1600,112.5400,112.0400,112.3300,477800,81.4288
2015-05-13,112.7300,112.7900,112.1600,112.1600,391100,81.3056
2015-05-14,112.3300,112.6300,112.2300,112.3700,493800,81.4578
2015-05-15,112.6600,113.2000,112.6000,113.1500,289500,82.0232
2015-05-18,112.7700,112.8000,112.4600,112.5500,463400,81.5883
2015-05-19,111.9100,112.3900,111.9000,112.0100,393200,81.1969
2015-05-20,112.2500,112.6700,112.1300,112.3100,391400,81.4143
2015-05-21,112.4700,112.8400,112.4700,112.7400,498800,81.7260
2015-05-22,112.9700,113.0000,112.6600,112.9300,468900,81.8638
2015-05-26,112.8500,113.2000,112.8000,113.0200,408200,81.9290
2015-05-27,112.8300,112.9800,112.6400,112.9200,377300,81.8565
2015-05-28,112.7700,112.9100,112.5900,112.8500,377300,81.8058
2015-05-29,113.0900,113.4600,113.0400,113.2100,561300,82.0668
2015-06-01,113.0600,113.1100,112.4300,112.5100,1019100,81.5593
2015-06-02,112.2400,112.2600,111.9900,112.0500,1524800,81.2258
2015-06-03,111.6100,111.6900,111.1300,111.3600,564500,80.7257
2015-06-04,111.5400,111.8900,111.4900,111.6700,304400,80.9504
2015-06-05,111.1800,111.5800,111.0800,111.3600,295100,80.7257
2015-06-08,111.6100,111.6500,111.4000,111.5100,288500,80.8344
2015-06-09,111.3800,111.4500,111.1100,111.2600,311100,80.6532
2015-06-10,111.1800,111.2500,110.7500,110.8600,417900,80.3632
2015-06-11,111.1400,111.4300,110.9900,111.4100,427900,80.7619
2015-06-12,111.2900,111.7700,111.2700,111.4700,376300,80.8054
2015-06-15,111.7800,111.8800,111.5100,111.8300,298800,81.0664
2015-06-16,112.0100,112.4900,111.9100,112.4900,374400,81.5448
2015-06-17,112.2800,112.6500,111.7900,112.6200,867000,81.6390
2015-06-18,112.1200,112.3700,111.9700,112.3500,394900,81.4433
2015-06-19,112.3600,112.7400,112.3600,112.6100,446200,81.6318
2015-06-22,112.2900,112.4400,112.0200,112.1100,373800,81.2693
2015-06-23,111.7500,112.1700,111.6600,111.8600,407400,81.0881
2015-06-24,111.9600,112.2200,111.8500,112.0600,502800,81.2331
2015-06-25,111.9500,112.1000,111.7900,111.9400,402100,81.1461
2015-06-26,111.5600,111.6500,111.3700,111.4400,370300,80.7836
2015-06-29,111.8500,112.4100,111.6800,112.2600,564800,81.3781
2015-06-30,112.0800,112.5700,112.0500,112.0500,384600,81.2258
2015-07-01,111.7100,111.9400,111.6200,111.6400,1317500,80.9286
2015-07-02,112.0200,112.3100,111.9000,112.1300,850300,81.2838
2015-07-06,112.5800,112.7600,112.2500,112.5700,634400,81.6028
2015-07-07,113.0300,113.2900,112.8200,112.9400,995200,81.8710
2015-07-08,113.1100,113.1400,112.8500,113.0800,1842700,81.9725
2015-07-09,112.6900,112.7700,112.3100,112.3500,461300,81.4433
2015-07-10,111.8300,112.0900,111.6500,111.8200,699500,81.0591
2015-07-13,111.5100,111.8000,111.4200,111.4300,410400,80.7764
2015-07-14,111.5600,111.7200,111.4600,111.6100,359600,80.9069
2015-07-15,111.6000,112.0300,111.5000,111.9200,361100,81.1316
2015-07-16,111.8100,112.1700,111.6700,112.0600,716700,81.2331
2015-07-17,111.8900,112.1300,111.8900,112.0200,228400,81.2041
2015-07-20,111.7700,111.8700,111.5800,111.7200,355200,80.9866
2015-07-21,111.6500,112.0600,111.5900,111.9800,679900,81.1751
2015-07-22,112.0200,112.3100,111.9900,112.0300,320300,81.2113
2015-07-23,111.9600,112.3200,111.9100,112.2200,321000,81.3491
2015-07-24,112.3400,112.3600,111.9100,112.1000,632000,81.2621
2015-07-27,112.3700,112.4500,112.1300,112.3300,397000,81.4288
2015-07-28,112.0800,112.2500,112.0000,112.0600,389000,81.2331
2015-07-29,112.0200,112.2100,111.8200,112.0500,382700,81.2258
2015-07-30,112.1900,112.3600,112.1000,112.2100,290600,81.3418
2015-07-31,112.5500,112.7100,112.4500,112.6500,299000,81.6608
2015-08-03,112.5900,112.6800,112.4200,112.5500,1030500,81.5883
2015-08-04,112.4200,112.5000,111.8900,111.9200,2022400,81.1316
2015-08-05,111.8300,111.8700,111.5400,111.5700,424000,80.8779
2015-08-06,111.6000,111.7900,111.4800,111.7700,372200,81.0229
2015-08-07,111.8000,112.2100,111.7000,112.0800,475800,81.2476
2015-08-10,111.9100,112.0000,111.8300,111.9200,486700,81.1316
2015-08-11,112.1400,112.5000,112.1000,112.3800,1401500,81.4651
2015-08-12,112.5000,112.8400,112.0500,112.1200,461400,81.2766
2015-08-13,111.7200,111.9100,111.5400,111.8200,447700,81.0591
2015-08-14,111.6600,111.9600,111.6000,111.7000,1885400,80.9721
2015-08-17,111.9700,112.0900,111.6800,111.6900,393200,80.9649
2015-08-18,111.4700,111.6800,111.3900,111.4200,394900,80.7691
2015-08-19,111.1500,111.9100,111.0600,111.8000,500500,81.0446
2015-08-20,111.7600,112.1700,111.6100,112.1100,552300,81.2693
2015-08-21,112.0400,112.2100,111.8600,112.1500,586300,81.2984
2015-08-24,112.5800,112.8400,111.6400,111.7600,960300,81.0156
2015-08-25,111.6100,111.7400,111.2400,111.4900,1027200,80.8199
2015-08-26,111.1600,111.6700,110.7700,110.8200,562100,80.3342
2015-08-27,111.1300,111.6000,111.0900,111.3600,601600,80.7257
2015-08-28,111.7200,112.0000,111.6200,111.6800,452700,80.9576
2015-08-31,111.8600,111.8900,111.3800,111.5800,3113900,80.8851
2015-09-01,111.1800,111.2900,110.9000,111.0700,831300,80.7383
2015-09-02,110.9700,111.0700,110.7200,110.7200,2281900,80.4839
2015-09-03,110.8400,110.9300,110.6900,110.7300,478000,80.4912
2015-09-04,110.8500,111.0500,110.6900,110.9100,358200,80.6220
2015-09-08,110.5800,110.6100,110.3600,110.4100,415900,80.2585
2015-09-09,110.2200,110.7700,110.1900,110.6600,429400,80.4403
2015-09-10,110.5500,110.7000,110.4800,110.6900,576200,80.4620
2015-09-11,110.9400,111.1000,110.8300,111.0000,1127600,80.6874
2015-09-14,111.0800,111.1700,110.7600,110.7900,461600,80.5348
2015-09-15,110.6000,110.6800,109.9700,110.0400,316300,79.9896
2015-09-16,110.0200,110.3300,109.9200,110.0100,438800,79.9678
2015-09-17,109.9800,110.8900,109.7900,110.8700,380800,80.5929
2015-09-18,110.9000,111.2700,110.8100,111.2200,348400,80.8473
2015-09-21,110.9500,110.9500,110.4500,110.5200,398500,80.3385
2015-09-22,110.6000,110.8800,110.4400,110.7900,409400,80.5348
2015-09-23,110.7200,110.9000,110.6200,110.7100,254500,80.4766
2015-09-24,110.9400,111.1000,110.6900,110.7200,459500,80.4839
2015-09-25,110.4600,110.5700,110.1300,110.1300,436700,80.0550
2015-09-28,110.2000,110.5300,110.1200,110.1600,475600,80.0768
2015-09-29,110.4200,110.5900,110.3400,110.4700,373100,80.3021
2015-09-30,110.5300,110.7000,110.4600,110.6900,537900,80.4620
2015-10-01,111.1000,111.2900,110.9800,111.0300,529700,80.7545
2015-10-02,111.8000,111.9600,111.5200,111.6700,771300,81.2199
2015-10-05,111.6700,111.7300,111.3200,111.3300,617600,80.9727
2015-10-06,111.3300,111.8000,111.3100,111.6500,481200,81.2054
2015-10-07,111.4900,111.7300,111.4100,111.6300,458100,81.1909
2015-10-08,111.6600,111.8900,111.4300,111.5900,427000,81.1618
2015-10-09,111.4100,111.6100,111.2100,111.2800,607500,80.9363
2015-10-12,111.4700,111.5800,111.3500,111.4800,287700,81.0817
2015-10-13,111.3900,111.5400,111.2100,111.4200,395500,81.0382
2015-10-14,111.5000,111.8100,111.3900,111.8000,466400,81.3145
2015-10-15,111.8200,111.8500,111.5100,111.5900,1843800,81.1618
2015-10-16,111.5000,111.5000,111.2500,111.2900,467700,80.9436
2015-10-19,111.1200,111.1900,110.9200,111.1000,326600,80.8053
2015-10-20,110.8500,110.9800,110.7500,110.9700,420300,80.7108
2015-10-21,111.1200,111.2700,111.0400,111.0400,371800,80.7617
2015-10-22,111.1300,111.5100,111.0200,111.4200,368400,81.0382
2015-10-23,111.2600,111.3400,111.1400,111.2600,304000,80.9218
2015-10-26,111.4000,111.4500,111.2300,111.2300,256300,80.8999
2015-10-27,111.5000,111.6000,111.4000,111.4800,312300,81.0817
2015-10-28,111.3900,111.4300,110.8400,110.9200,387500,80.6744
2015-10-29,110.6900,110.7800,110.4800,110.6200,478200,80.4563
2015-10-30,110.8400,110.9800,110.7100,110.9600,807300,80.7036
2015-11-02,110.7100,110.9200,110.6300,110.9100,1377000,80.6672
2015-11-03,110.8600,111.0000,110.6300,110.7200,653700,80.5290
2015-11-04,110.7600,110.9300,110.3400,110.5700,533200,80.4199
2015-11-05,110.4000,110.4300,110.0300,110.2200,547900,80.1653
2015-11-06,109.9400,109.9400,109.6200,109.7600,455800,79.8308
2015-11-09,109.6100,109.9200,109.6100,109.7200,549900,79.8017
2015-11-10,109.8000,110.0200,109.6600,109.6800,856000,79.7726
2015-11-11,109.5900,109.7000,109.5100,109.6700,439200,79.7653
2015-11-12,109.5600,109.7400,109.5300,109.6700,569400,79.7653
2015-11-13,109.8700,109.9700,109.7600,109.8200,564500,79.8744
2015-11-16,110.0200,110.0200,109.6600,109.7600,544300,79.8308
2015-11-17,109.7100,110.1100,109.6800,109.9600,810100,79.9762
2015-11-18,109.8600,110.1600,109.8100,110.1200,558900,80.0926
2015-11-19,110.3500,110.5300,110.2500,110.5100,504000,80.3762
2015-11-20,110.5100,110.6900,110.4900,110.6000,445600,80.4417
2015-11-23,110.5700,110.8200,110.4500,110.7300,533200,80.5363
2015-11-24,110.8200,110.9800,110.7300,110.8500,578100,80.6236
2015-11-25,110.7400,110.8700,110.6000,110.7900,567100,80.5799
2015-11-27,110.8700,110.9300,110.7900,110.8500,309000,80.6236
2015-11-30,110.8900,111.0000,110.6700,110.8000,1383700,80.5872
2015-12-01,110.8200,111.3300,110.7900,111.2100,1398600,80.8853
2015-12-02,110.9400,110.9800,110.7300,110.8300,838600,80.6090
2015-12-03,110.6500,110.6500,110.0200,110.1400,1903800,80.1072
2015-12-04,110.3300,110.6300,110.2200,110.4200,950500,80.3108
2015-12-07,110.2300,110.6200,110.2000,110.3800,456200,80.2817
2015-12-08,110.3800,110.5800,110.2400,110.4100,375500,80.3035
2015-12-09,110.2600,110.4400,110.1100,110.2000,531100,80.1508
2015-12-10,110.1600,110.2300,109.9000,109.9600,392700,79.9762
2015-12-11,110.3000,110.4800,110.1000,110.3200,361700,80.2381
2015-12-14,109.9100,110.0000,109.4800,109.5300,645100,79.6635
2015-12-15,109.5000,109.6100,109.3900,109.4700,1634600,79.6198
2015-12-16,109.3300,109.4900,108.9800,109.1500,505100,79.3871
2015-12-17,109.1200,109.6700,109.1200,109.5300,1722200,79.6635
2015-12-18,109.6500,109.9700,109.6100,109.8300,825900,79.8817
2015-12-21,109.7400,109.8200,109.5500,109.6300,519700,79.7362
2015-12-22,109.4500,109.5400,109.3400,109.4800,758800,79.6271
2015-12-23,109.2300,109.6700,109.2300,109.5800,846900,79.6998
2015-12-24,109.8400,109.8400,109.6100,109.7700,302700,79.8380
2015-12-28,109.7400,109.9900,109.6500,109.8000,1357000,79.8599
2015-12-29,109.7600,109.8500,109.3000,109.3800,682900,79.5544
2015-12-30,109.2400,109.6000,109.2100,109.5000,574500,79.6416
2015-12-31,109.6600,109.9100,109.5900,109.6800,553300,79.7726
2016-01-04,110.2200,110.3700,109.9900,110.1100,1356200,80.0853
2016-01-05,109.8800,110.1300,109.8200,110.0400,648000,80.0344
2016-01-06,110.1200,110.4200,110.0600,110.3900,418200,80.2890
2016-01-07,110.3200,110.4300,110.1300,110.3000,877600,80.2235
2016-01-08,110.1300,110.4300,110.1100,110.3900,587300,80.2890
2016-01-11,110.1000,110.2400,109.7800,109.8100,758400,79.8671
2016-01-12,109.9100,110.3600,109.8400,110.1100,799100,80.0853
2016-01-13,110.0200,110.5900,110.0000,110.3400,544600,80.2526
2016-01-14,110.2700,110.4500,110.1200,110.2400,1006200,80.1799
2016-01-15,110.5200,110.6500,110.2100,110.2400,851400,80.1799
2016-01-19,110.1900,110.4000,110.0500,110.1300,967900,80.0999
2016-01-20,110.4700,110.6300,110.0900,110.1900,784300,80.1436
2016-01-21,110.3200,110.4300,109.7900,109.7900,1344300,79.8526
2016-01-22,109.7700,110.0700,109.7700,109.9500,1215200,79.9689
2016-01-25,110.0900,110.2200,110.0500,110.1600,810600,80.1217
2016-01-26,110.3200,110.5600,110.2300,110.4400,415100,80.3254
2016-01-27,110.2800,110.7900,109.9000,110.7200,567200,80.5290
2016-01-28,110.7700,111.0500,110.6800,110.9500,1020500,80.6963
2016-01-29,111.4100,111.5500,111.2200,111.4000,1017200,81.0235
2016-02-01,111.2600,111.4100,111.0400,111.2000,1366700,80.8781
2016-02-02,111.4800,111.6500,111.4300,111.5400,1061800,81.1254
2016-02-03,111.7100,112.2400,111.5800,111.6800,822800,81.2272
2016-02-04,111.7600,111.9100,111.5700,111.7000,608200,81.2418
2016-02-05,111.4800,111.6200,111.3200,111.3900,554800,81.0163
2016-02-08,111.4700,111.8300,111.4000,111.4700,782400,81.0745
2016-02-09,111.4100,111.4600,110.9200,111.2200,652100,80.8927
2016-02-10,111.3700,111.7100,111.3500,111.6300,795300,81.1909
2016-02-11,111.8600,112.2100,111.6600,112.0200,1290400,81.4745
2016-02-12,111.8400,112.1400,111.4500,111.6000,626700,81.1690
2016-02-16,111.3800,111.5300,111.0900,111.1400,1349900,80.8345
2016-02-17,111.2500,111.2700,110.9400,110.9500,718600,80.6963
2016-02-18,111.0000,111.4600,110.8000,111.2600,987400,80.9218
2016-02-19,111.3300,111.5900,111.1800,111.3500,659400,80.9872
2016-02-22,111.4700,111.6500,111.3600,111.6200,493400,81.1836
2016-02-23,111.2700,111.9600,111.2700,111.9600,497400,81.4309
2016-02-24,112.1500,112.6200,112.0800,112.2100,708600,81.6127
2016-02-25,112.2700,112.8300,112.2600,112.6700,1431300,81.9473
2016-02-26,112.2300,112.4700,112.1700,112.3800,860800,81.7364
2016-02-29,112.4900,112.8300,112.3600,112.7600,1823600,82.0127
2016-03-01,112.8700,112.9900,112.2300,112.4500,3510600,81.7872
2016-03-02,112.2200,112.6900,112.2200,112.6900,2099800,81.9618
2016-03-03,112.6700,113.0500,112.6300,112.9200,1068800,82.1291
2016-03-04,112.8600,112.9900,112.3700,112.5700,2049500,81.8745
2016-03-07,112.4400,112.4500,112.0400,112.1200,807400,81.5472
2016-03-08,112.4700,112.6400,112.3700,112.5500,763800,81.8600
2016-03-09,112.2600,112.6700,112.2400,112.4800,664000,81.8091
2016-03-10,112.5500,112.6800,111.9400,112.0900,1119700,81.5254
2016-03-11,112.1900,112.1900,111.8400,112.0500,580500,81.4963
2016-03-14,112.0300,112.1700,111.9000,111.9200,752000,81.4018
2016-03-15,111.9600,112.0900,111.6600,111.7000,828100,81.2418
2016-03-16,111.9600,112.9000,111.9200,112.8900,823500,82.1072
2016-03-17,113.1200,113.5100,113.0000,113.1400,1926700,82.2891
2016-03-18,113.6500,113.7800,113.1800,113.5200,1320200,82.5655
2016-03-21,113.4000,113.8100,113.2300,113.5500,1011700,82.5873
2016-03-22,113.7100,113.7100,113.2300,113.2600,1029000,82.3764
2016-03-23,113.2500,113.5500,113.2500,113.3800,753500,82.4637
2016-03-24,113.2700,113.5000,113.1200,113.1200,1225500,82.2746
2016-03-28,113.1500,113.3500,113.0800,113.2600,877500,82.3764
2016-03-29,113.5500,114.5000,113.4600,114.4500,1761200,83.2419
2016-03-30,114.3100,114.5400,114.2000,114.5200,752100,83.2928
2016-03-31,114.6000,114.7400,114.4600,114.6400,1702800,83.3801
2016-04-01,114.7900,114.8800,114.4100,114.7300,2303600,83.4456
2016-04-04,114.8600,114.9700,114.7400,114.8700,2679600,83.5474
2016-04-05,115.0000,115.1100,114.7900,114.9900,1817000,83.6347
2016-04-06,114.8000,114.9500,114.3900,114.6900,2744100,83.4165
2016-04-07,114.9800,115.1400,114.9000,115.0900,1217300,83.7074
2016-04-08,114.9900,114.9900,114.7300,114.8600,769500,83.5401
2016-04-11,114.6500,114.8800,114.4700,114.5700,686000,83.3292
2016-04-12,114.3400,114.3400,114.0300,114.0900,1314400,82.9801
2016-04-13,113.9800,114.3100,113.9100,114.1900,809600,83.0528
2016-04-14,113.8800,114.5400,113.8200,113.9200,1222500,82.8564
2016-04-15,113.9400,114.4200,113.8800,114.3300,541600,83.1546
2016-04-18,114.1100,114.3200,114.0300,114.3100,755000,83.1401
2016-04-19,114.4100,114.5700,114.3200,114.5100,619600,83.2855
2016-04-20,114.5200,114.8000,114.0100,114.0300,631500,82.9364
2016-04-21,113.8600,114.0300,113.6700,113.8900,838000,82.8346
2016-04-22,114.0000,114.0900,113.8200,113.8200,743300,82.7837
2016-04-25,113.9300,114.0700,113.6900,113.6900,1148000,82.6891
2016-04-26,113.8100,113.8200,113.5900,113.6400,816800,82.6528
2016-04-27,114.0600,114.4200,113.7400,114.3300,677700,83.1546
2016-04-28,114.4700,114.9600,114.4200,114.9300,1822300,83.5910
2016-04-29,114.7200,115.0900,114.5400,114.8800,798600,83.5546
2016-05-02,114.6600,114.7100,114.3000,114.5000,4130100,83.2783
2016-05-03,114.8300,114.8300,114.5500,114.5500,2645800,83.3147
2016-05-04,114.7000,114.7300,114.4400,114.6800,1321300,83.4092
2016-05-05,114.6800,115.0700,114.5600,115.0500,2363900,83.6783
2016-05-06,115.0200,115.0200,114.5800,114.6500,1271900,83.3874
2016-05-09,114.7900,114.8300,114.5500,114.7200,1020600,83.4383
2016-05-10,115.0200,115.0800,114.6800,115.0700,1118100,83.6929
2016-05-11,115.0900,115.4200,114.9500,115.0500,3774200,83.6783
2016-05-12,114.8700,115.0200,114.7200,114.9700,1327900,83.6201
2016-05-13,115.0600,115.2800,114.9600,115.2500,835500,83.8238
2016-05-16,115.1400,115.2200,115.0600,115.1200,704500,83.7292
2016-05-17,115.1600,115.4200,115.1300,115.2000,781000,83.7874
2016-05-18,114.9500,114.9800,114.0200,114.2000,1320600,83.0600
2016-05-19,114.1400,114.3300,114.0800,114.1500,795000,83.0237
2016-05-20,114.2000,114.3500,114.0900,114.0900,818200,82.9801
2016-05-23,114.0000,114.2300,113.3600,114.1500,748600,83.0237
2016-05-24,114.0100,114.1300,113.8400,114.0400,456700,82.9437
2016-05-25,114.1100,114.2000,114.0000,114.1300,546400,83.0091
2016-05-26,114.4000,114.6300,114.3400,114.4600,1096900,83.2492
2016-05-27,114.5100,114.8000,114.2500,114.3100,532800,83.1401
2016-05-31,114.0800,114.3200,114.0000,114.1400,588700,83.0164
2016-06-01,114.2600,114.2800,113.9200,113.9300,5882800,82.8899
2016-06-02,114.0600,114.4100,113.9700,114.3200,1874200,83.1736
2016-06-03,115.2000,115.2600,115.0000,115.0600,580400,83.7120
2016-06-06,114.9000,115.2700,114.8700,115.1900,543800,83.8066
2016-06-07,115.3400,115.5800,115.3400,115.5000,1030600,84.0321
2016-06-08,115.7600,115.7900,115.6100,115.7700,1086500,84.2285
2016-06-09,115.9500,115.9500,115.7100,115.8100,535500,84.2576
2016-06-10,115.8500,116.0000,115.7400,115.8100,662600,84.2576
2016-06-13,115.7000,115.7800,115.5700,115.6600,650500,84.1485
2016-06-14,115.6400,115.7000,115.3700,115.3700,659100,83.9375
2016-06-15,115.4100,115.9100,115.1300,115.9100,1116500,84.3304
2016-06-16,115.8800,116.0400,115.6300,115.6800,567100,84.1630
2016-06-17,115.7200,115.7300,115.2400,115.3900,747900,83.9520
2016-06-20,115.1700,115.2500,114.9400,115.0600,955400,83.7120
2016-06-21,114.8900,114.9600,114.6800,114.7100,1413800,83.4573
2016-06-22,114.7600,115.1400,114.5300,115.0200,3495300,83.6828
2016-06-23,115.0600,115.2800,114.9900,115.0600,510300,83.7120
2016-06-24,115.7700,116.0900,115.6300,115.7800,1366100,84.2358
2016-06-27,116.0000,116.2500,115.8400,116.1200,826100,84.4832
2016-06-28,116.2000,116.5300,116.0900,116.5200,729800,84.7742
2016-06-29,116.6300,116.7100,116.3500,116.4500,792200,84.7233
2016-06-30,116.5400,116.8600,116.4700,116.6700,1322400,84.8833
2016-07-01,117.0000,117.4000,116.6500,117.0600,2362500,85.5425
2016-07-05,117.1600,117.3300,117.0200,117.2500,691400,85.6813
2016-07-06,117.4800,117.5500,117.2200,117.5300,791300,85.8859
2016-07-07,117.5100,117.5500,117.2200,117.2900,1912700,85.7105
2016-07-08,117.4000,117.5500,117.1700,117.5500,1047800,85.9005
2016-07-11,117.3800,117.4300,116.9600,116.9800,904600,85.4840
2016-07-12,116.8500,116.8500,116.5400,116.5900,894100,85.1990
2016-07-13,116.9100,117.1500,116.7400,116.8400,813200,85.3817
2016-07-14,116.6100,116.7000,116.3300,116.5400,860500,85.1625
2016-07-15,116.3300,116.4400,116.2200,116.4100,2211600,85.0675
2016-07-18,116.4400,116.5600,116.2200,116.3300,928200,85.0090
2016-07-19,116.4900,116.5200,116.2700,116.3400,1040100,85.0163
2016-07-20,116.0700,116.2200,115.8600,116.1300,789600,84.8628
2016-07-21,115.8800,116.2700,115.7800,116.1800,645900,84.8994
2016-07-22,115.9700,116.1900,115.6600,116.0800,820600,84.8263
2016-07-25,116.0600,116.1000,115.8300,115.8300,770000,84.6437
2016-07-26,116.0100,116.0500,115.7300,116.0300,928800,84.7898
2016-07-27,116.1700,116.4800,115.9800,116.4800,714200,85.1186
2016-07-28,116.4600,116.6800,116.2700,116.6400,1113300,85.2355
2016-07-29,116.9500,117.0800,116.8300,116.9000,971500,85.4256
2016-08-01,116.1200,116.1700,115.7300,115.7500,3330800,84.9201
2016-08-02,115.3700,115.5900,115.1800,115.1800,1182500,84.5019
2016-08-03,115.3800,115.5600,115.1100,115.5100,968500,84.7440
2016-08-04,116.0200,116.3600,115.9300,115.9900,591000,85.0961
2016-08-05,115.8600,115.9600,115.6400,115.7100,628500,84.8907
2016-08-08,115.7800,116.0000,115.6300,115.7900,881300,84.9494
2016-08-09,115.7900,116.1000,115.7200,116.0700,633000,85.1548
2016-08-10,116.1800,116.2400,116.0400,116.1000,883800,85.1768
2016-08-11,116.0800,116.1100,115.7100,115.7900,690800,84.9494
2016-08-12,116.2800,116.3400,116.0800,116.0900,1798200,85.1695
2016-08-15,116.0500,116.1600,115.7900,115.7900,604700,84.9494
2016-08-16,115.5000,115.7200,115.4600,115.6300,800300,84.8321
2016-08-17,115.7100,116.0400,115.6200,115.9800,509500,85.0888
2016-08-18,116.1500,116.3400,116.0300,116.1800,895700,85.2355
2016-08-19,116.0000,116.0600,115.7600,115.9900,501300,85.0961
2016-08-22,116.1800,116.3100,116.0500,116.2300,576600,85.2722
2016-08-23,116.3700,116.4400,116.2200,116.3900,1067800,85.3896
2016-08-24,116.5400,116.5400,116.2100,116.2100,914200,85.2575
2016-08-25,116.1200,116.3200,116.0100,116.1500,1819600,85.2135
2016-08-26,116.4800,116.7600,115.6200,115.7000,1004500,84.8834
2016-08-29,115.9300,116.1200,115.8300,116.1200,696200,85.1915
2016-08-30,116.1200,116.1300,115.9500,116.0200,579500,85.1181
2016-08-31,115.8700,116.1700,115.8500,116.0400,690900,85.1328
2016-09-01,115.3800,115.8300,115.3300,115.7200,3705600,85.2050
2016-09-02,115.6800,115.6900,115.3400,115.5900,1089300,85.1093
2016-09-06,115.6400,116.2800,115.5300,116.1400,1670800,85.5142
2016-09-07,116.4100,116.4300,116.2100,116.2900,811800,85.6247
2016-09-08,116.2300,116.3200,115.7900,115.8800,668000,85.3228
2016-09-09,115.3400,115.3500,115.0800,115.0800,863400,84.7337
2016-09-12,114.9800,115.2600,114.8400,115.1200,776100,84.7632
2016-09-13,115.1800,115.2400,114.3700,114.6100,1087800,84.3877
2016-09-14,114.6600,114.9100,114.6000,114.7900,688100,84.5202
2016-09-15,114.6200,114.8500,114.4700,114.7600,698300,84.4982
2016-09-16,115.1000,115.1100,114.8400,114.9500,1003200,84.6380
2016-09-19,115.0400,115.0500,114.7600,114.8100,517700,84.5350
2016-09-20,114.8700,115.0400,114.7400,114.7900,485200,84.5202
2016-09-21,114.7800,115.3600,114.7200,115.3300,842600,84.9178
2016-09-22,115.5700,116.0000,115.5500,115.9000,746900,85.3375
2016-09-23,116.0600,116.3000,115.9800,116.2200,768400,85.5732
2016-09-26,116.3700,116.4100,116.1800,116.2700,813700,85.6099
2016-09-27,116.2800,116.3700,116.0800,116.3700,953100,85.6836
2016-09-28,116.4700,116.7000,116.4600,116.5100,1517400,85.7867
2016-09-29,116.3300,116.6800,116.2500,116.4900,973200,85.7719
2016-09-30,116.5100,116.5800,116.2400,116.4900,1450200,85.7719
2016-10-03,116.6300,116.6300,116.3400,116.3800,2319400,85.6909
2016-10-04,116.4800,116.4800,115.7900,115.8100,3761700,85.2712
2016-10-05,115.9000,115.9000,115.5800,115.6200,1071600,85.1313
2016-10-06,115.7300,115.8400,115.5600,115.6800,820100,85.1755
2016-10-07,115.7800,115.8700,115.4500,115.6500,990100,85.1535
2016-10-10,115.6500,115.6500,115.3800,115.4900,912500,85.0356
2016-10-11,115.5700,115.6500,115.3700,115.4000,839600,84.9694
2016-10-12,115.3500,115.4600,115.2300,115.3600,627100,84.9399
2016-10-13,115.4700,115.7300,115.3600,115.5400,727700,85.0724
2016-10-14,115.4000,115.7000,115.4000,115.4300,753500,84.9915
2016-10-17,115.7400,115.9900,115.7200,115.9500,616600,85.3743
2016-10-18,115.8400,116.0800,115.8000,116.0200,945300,85.4259
2016-10-19,115.9000,116.1900,115.8600,116.1800,910900,85.5437
2016-10-20,116.3000,116.3000,116.0000,116.0000,824400,85.4111
2016-10-21,116.2100,116.2100,115.9700,116.1300,690400,85.5069
2016-10-24,116.1300,116.1300,115.7900,115.9500,947700,85.3743
2016-10-25,115.9200,116.1600,115.8700,116.1300,1259600,85.5069
2016-10-26,115.8900,116.1100,115.7800,116.0100,926100,85.4185
2016-10-27,115.8100,115.8100,115.4500,115.5100,1716500,85.0504
2016-10-28,115.5500,115.7400,115.4700,115.6400,2316500,85.1461
2016-10-31,115.7700,115.8600,115.6700,115.8600,2417300,85.3081
2016-11-01,115.6000,115.9700,115.5000,115.8700,6073500,85.3154
2016-11-02,115.9600,116.0500,115.8000,115.9200,4758700,85.3522
2016-11-03,115.8000,115.8200,115.5300,115.5900,2431000,85.1093
2016-11-04,115.7100,115.9100,115.6300,115.8900,1724100,85.3301
2016-11-07,115.7000,115.8700,115.6500,115.8300,1905000,85.2860
2016-11-08,115.8400,115.8600,115.5400,115.6300,1208200,85.1387
2016-11-09,115.8100,115.8100,114.7200,114.7700,2309200,84.5055
2016-11-10,114.9000,115.3100,114.5700,114.5700,3905900,84.3583
2016-11-11,114.7300,114.7400,114.2000,114.2500,2395200,84.1226
2016-11-14,114.1500,114.1500,113.3100,113.3700,2709700,83.4747
2016-11-15,113.7900,113.9700,113.4400,113.4400,1920000,83.5262
2016-11-16,113.3500,113.7800,113.2500,113.6800,1426000,83.7029
2016-11-17,113.9300,113.9800,113.4500,113.4900,1901100,83.5630
2016-11-18,113.6500,113.7100,113.1300,113.3200,2542800,83.4378
2016-11-21,113.5900,113.6900,113.4600,113.5900,2991800,83.6366
2016-11-22,113.7800,113.7900,113.5300,113.6900,3390500,83.7103
2016-11-23,113.3100,113.4600,112.9100,113.3100,1824200,83.4305
2016-11-25,113.4300,113.4500,113.0000,113.1200,1007600,83.2906
2016-11-28,113.4700,113.5800,113.1900,113.2900,1351000,83.4158
2016-11-29,112.9300,113.4600,112.8300,113.4000,1593400,83.4968
2016-11-30,113.0900,113.6100,112.9900,113.4600,2367600,83.5409
2016-12-01,112.8500,113.1600,112.6300,112.8900,8524300,83.3004
2016-12-02,113.1800,113.4500,112.9100,112.9500,1330600,83.3446
2016-12-05,112.9900,113.5300,112.7800,113.1100,1701500,83.4627
2016-12-06,113.1400,113.3600,113.0300,113.3300,2123100,83.6250
2016-12-07,113.5400,113.6700,113.3800,113.4300,1835400,83.6988
2016-12-08,113.4300,113.4300,113.1400,113.3200,1227600,83.6177
2016-12-09,113.3000,113.3400,112.6900,112.8000,2218800,83.2340
2016-12-12,112.9100,112.9100,112.6500,112.7800,2026900,83.2192
2016-12-13,113.0200,113.0300,112.5400,112.7400,1867500,83.1897
2016-12-14,113.0500,113.0800,111.8100,111.8500,1320200,82.5330
2016-12-15,111.4100,111.5700,111.1200,111.1500,2909000,82.0165
2016-12-16,111.2800,111.3700,110.9000,111.0900,1240800,81.9722
2016-12-19,111.4300,111.5800,111.3000,111.5500,1320400,82.3116
2016-12-20,111.3900,111.7900,111.3300,111.6600,2541000,82.3928
2016-12-21,112.0500,112.0600,111.8400,111.9400,1438300,82.5994
2016-12-22,111.8500,112.3100,111.8000,112.2900,1563800,82.8576
2016-12-23,112.3400,112.5700,112.3400,112.4200,1777200,82.9535
2016-12-27,112.2500,112.4500,112.2000,112.3700,1666900,82.9167
2016-12-28,112.4900,112.7400,112.3900,112.6600,1290600,83.1307
2016-12-29,112.7900,112.8700,112.6200,112.8000,1297600,83.2340
2016-12-30,112.7600,113.2000,112.7500,113.1700,1024200,83.5070
2017-01-03,112.9600,113.4000,112.9400,113.2800,2957500,83.5882
2017-01-04,113.2300,113.5500,113.1900,113.5300,2976200,83.7726
2017-01-05,113.5200,113.9200,113.3700,113.9200,1775600,84.0604
2017-01-06,113.5800,113.7000,113.4200,113.4500,978200,83.7136
2017-01-09,113.7100,113.7300,113.5000,113.6300,1691600,83.8464
2017-01-10,113.4700,113.8200,113.4700,113.7200,2508700,83.9128
2017-01-11,114.0700,114.5000,113.8600,114.0800,1169100,84.1785
2017-01-12,114.5100,114.6200,114.1300,114.1800,1014300,84.2522
2017-01-13,113.9900,114.1100,113.6600,113.9800,1920400,84.1047
2017-01-17,114.5400,114.5400,114.0700,114.3400,1440800,84.3704
2017-01-18,114.0500,114.2900,113.7400,113.7800,1267200,83.9571
2017-01-19,113.6500,113.8400,113.3500,113.6900,2081100,83.8907
2017-01-20,113.7200,113.8600,113.4900,113.7100,2925600,83.9054
2017-01-23,113.8700,114.2800,113.7000,114.1700,4172500,84.2449
2017-01-24,114.0000,114.1700,113.8200,113.9800,1582900,84.1047
2017-01-25,113.5100,113.7000,113.2000,113.6100,2934800,83.8317
2017-01-26,113.6600,113.8100,113.4100,113.7800,1958900,83.9571
2017-01-27,113.9500,114.0500,113.8500,113.9700,2023000,84.0973
2017-01-30,114.0300,114.1200,113.8500,113.9400,1922800,84.0752
2017-01-31,114.0000,114.2500,113.9500,114.1800,7613100,84.2522
2017-02-01,113.9500,114.1700,113.7700,113.9400,1777700,84.0752
2017-02-02,114.2500,114.2800,113.9000,113.9500,3938800,84.0825
2017-02-03,114.1700,114.3500,113.6500,113.8300,1376800,83.9940
2017-02-06,114.0500,114.1700,113.8500,114.1100,1786400,84.2006
2017-02-07,114.1400,114.2400,113.9800,114.0600,1462300,84.1637
2017-02-08,114.3900,114.4800,114.1300,114.3300,1456400,84.3629
2017-02-09,114.3300,114.3300,114.0800,114.1100,1045300,84.2006
2017-02-10,114.1600,114.2900,114.0700,114.2000,1585600,84.2670
2017-02-13,114.0900,114.1400,114.0000,114.0200,1002400,84.1342
2017-02-14,114.1800,114.1900,113.5200,113.7500,1012100,83.9350
2017-02-15,113.7400,113.9400,113.6600,113.9000,1131900,84.0457
2017-02-16,114.1000,114.3800,113.9000,113.9000,1171100,84.0457
2017-02-17,114.2600,114.2600,114.1100,114.1600,983000,84.2375
2017-02-21,114.1500,114.2800,114.0500,114.1500,1061100,84.2301
2017-02-22,114.3500,114.3700,113.9800,114.3600,1082600,84.3851
2017-02-23,114.6200,114.6500,114.5000,114.6300,1042100,84.5843
2017-02-24,114.8300,115.0500,114.7600,114.9600,2409100,84.8278
2017-02-27,114.9400,114.9600,114.6000,114.6500,2523800,84.5991
2017-02-28,114.6300,114.8000,114.5100,114.6500,1599700,84.5991
2017-03-01,113.9000,114.0000,113.7700,113.9600,3412200,84.0899
2017-03-02,113.7500,113.7900,113.5100,113.6000,1967200,83.8243
2017-03-03,113.7300,113.8900,113.4400,113.8600,2882500,84.0161
2017-03-06,113.9400,113.9400,113.6700,113.7400,1553600,83.9276
2017-03-07,113.7000,113.7000,113.4700,113.5400,1545200,83.7800
2017-03-08,113.1800,113.2700,113.0100,113.0500,1357200,83.4184
2017-03-09,112.9500,113.0100,112.7000,112.7500,1098300,83.1971
2017-03-10,113.0700,113.1100,112.7000,112.9600,2424500,83.3521
2017-03-13,112.8300,113.0100,112.7000,112.7000,1040300,83.1602
2017-03-14,112.6600,112.7900,112.6100,112.6200,951400,83.1012
2017-03-15,112.9800,113.7100,112.7500,113.6400,1990000,83.8538
2017-03-16,113.7300,113.7300,113.4800,113.5600,2883700,83.7948
2017-03-17,113.7100,113.8300,113.6800,113.8100,1115400,83.9793
2017-03-20,113.7100,113.9800,113.7000,113.9800,791600,84.1047
2017-03-21,113.9800,114.2200,113.9800,114.0600,1479300,84.1637
2017-03-22,114.2100,114.3300,114.0100,114.2500,824500,84.3039
2017-03-23,114.2400,114.3000,114.0200,114.1200,913100,84.2080
2017-03-24,114.1300,114.6900,114.1100,114.4500,1379100,84.4515
2017-03-27,114.7700,114.7800,114.5400,114.6700,1078200,84.6139
2017-03-28,114.7300,114.7300,114.1800,114.2900,1658800,84.3334
2017-03-29,114.4700,114.6700,114.3900,114.5900,933900,84.5548
2017-03-30,114.4900,114.5700,114.2300,114.3100,996200,84.3482
2017-03-31,114.3700,114.6500,114.3000,114.6500,899400,84.5991
2017-04-03,114.5500,114.9200,114.5200,114.7700,3097500,84.8023
2017-04-04,114.7300,114.8200,114.5900,114.6400,1064900,84.7062
2017-04-05,114.6200,114.9700,114.5600,114.8600,1460600,84.8687
2017-04-06,114.8000,114.8900,114.5900,114.8000,774500,84.8245
2017-04-07,114.8200,115.0100,114.3500,114.3500,858500,84.4919
2017-04-10,114.6700,114.6700,114.4100,114.4100,752800,84.5363
2017-04-11,114.6000,114.8200,114.5300,114.6300,1540900,84.6988
2017-04-12,114.8400,115.1300,114.7500,115.0600,1050500,85.0166
2017-04-13,115.3000,115.4600,115.1700,115.2300,2870500,85.1422
2017-04-17,115.1700,115.1800,114.8600,114.9600,954400,84.9426
2017-04-18,115.2100,115.3100,115.0200,115.2100,1609700,85.1274
2017-04-19,115.0700,115.1500,114.9100,115.0000,1057800,84.9722
2017-04-20,114.8100,114.9600,114.7800,114.8800,1082500,84.8836
2017-04-21,114.9600,115.0000,114.6700,114.7200,700500,84.7653
2017-04-24,114.7000,114.8200,114.5700,114.6900,949300,84.7431
2017-04-25,114.7300,114.7600,114.4600,114.5000,926600,84.6028
2017-04-26,114.5100,114.8400,114.5100,114.7400,819100,84.7801
2017-04-27,114.6800,114.8500,114.6400,114.8400,2010300,84.8540
2017-04-28,114.8400,115.0700,114.7600,115.0100,2351000,84.9796
2017-05-01,114.5500,114.7100,114.2100,114.3400,1221700,84.6937
2017-05-02,114.3300,114.4600,114.2500,114.3400,1102100,84.6937
2017-05-03,114.3700,114.3700,113.9600,114.0900,908000,84.5085
2017-05-04,113.6900,113.7100,113.4100,113.6600,865000,84.1900
2017-05-05,113.7200,113.7700,113.5400,113.7500,632800,84.2567
2017-05-08,113.5600,113.6100,113.2400,113.3100,1983400,83.9307
2017-05-09,113.3100,113.3400,113.1400,113.2100,1319100,83.8567
2017-05-10,113.4700,113.4800,113.1800,113.2500,3910100,83.8863
2017-05-11,113.2900,113.6500,113.2600,113.5900,1350300,84.1381
2017-05-12,113.6800,113.8500,113.5800,113.7700,778600,84.2715
2017-05-15,113.7900,113.7900,113.4700,113.4700,733300,84.0492
2017-05-16,113.4900,113.6900,113.4400,113.5500,651300,84.1085
2017-05-17,113.8800,114.3400,113.8800,114.2100,1044200,84.5974
2017-05-18,114.2000,114.3900,114.0400,114.3900,2719600,84.7307
2017-05-19,114.4000,114.5900,114.3100,114.5900,712700,84.8789
2017-05-22,114.4600,114.5500,114.2900,114.4100,697600,84.7456
2017-05-23,114.5300,114.5400,114.1600,114.2400,822300,84.6196
2017-05-24,114.1800,114.3100,114.0300,114.3100,677200,84.6715
2017-05-25,114.2200,114.2800,114.0800,114.1300,1758400,84.5381
2017-05-26,114.3300,114.4400,114.2400,114.4000,780800,84.7382
2017-05-30,114.5400,114.6700,114.4500,114.6500,687000,84.9233
2017-05-31,114.4900,114.7800,114.4900,114.6800,1304700,84.9455
2017-06-01,114.1200,114.4700,114.1200,114.3700,1431000,84.9069
2017-06-02,114.7500,114.9400,114.6500,114.8300,1158700,85.2484
2017-06-05,114.5400,114.6500,114.4800,114.5300,586700,85.0257
2017-06-06,114.7700,114.8500,114.6300,114.6600,2650300,85.1222
2017-06-07,114.5900,114.6800,114.3600,114.3900,750500,84.9218
2017-06-08,114.3500,114.3800,114.1100,114.2700,737400,84.8327
2017-06-09,114.2100,114.3000,114.1700,114.1700,879600,84.7584
2017-06-12,114.1800,114.2400,113.9300,113.9300,620800,84.5803
2017-06-13,113.8600,114.1200,113.8100,114.1200,685800,84.7213
2017-06-14,114.1800,114.4700,113.9700,114.1400,1067900,84.7362
2017-06-15,113.6000,113.7900,113.5700,113.5800,1040100,84.3205
2017-06-16,113.6200,113.7800,113.6100,113.6800,825000,84.3946
2017-06-19,113.7500,113.7800,113.5000,113.5500,608500,84.2982
2017-06-20,113.6100,113.7800,113.5200,113.6700,530200,84.3872
2017-06-21,113.7100,113.8700,113.6800,113.8500,726400,84.5209
2017-06-22,113.9400,114.2300,113.8200,114.2200,759600,84.7956
2017-06-23,114.2800,114.3100,114.1600,114.3100,670600,84.8624
2017-06-26,114.4400,114.5300,114.3800,114.4900,738100,84.9960
2017-06-27,114.2800,114.2800,113.8900,113.9500,751000,84.5951
2017-06-28,114.0400,114.0900,113.7800,114.0400,1458800,84.6619
2017-06-29,113.7000,113.7600,113.5300,113.5900,899000,84.3279
2017-06-30,113.7200,113.7200,113.3200,113.4300,1673500,84.2091
2017-07-03,113.2100,113.2100,112.8900,112.9300,980000,84.0542
2017-07-05,112.9700,113.2400,112.9700,113.1000,2477900,84.1808
2017-07-06,112.9800,113.0000,112.7700,112.8100,1459300,83.9650
2017-07-07,112.6500,112.6600,112.3900,112.4600,1962000,83.7045
2017-07-10,112.5600,112.6500,112.4100,112.4100,1374600,83.6672
2017-07-11,112.4000,112.8000,112.3900,112.7700,1104400,83.9352
2017-07-12,113.2800,113.3100,113.0400,113.1000,743900,84.1808
2017-07-13,113.0800,113.1100,112.9100,113.0600,710800,84.1510
2017-07-14,113.2100,113.3000,112.9800,113.0500,903600,84.1436
2017-07-17,113.1700,113.3600,113.1000,113.2800,733000,84.3148
2017-07-18,113.6200,113.7200,113.5200,113.6000,1951300,84.5530
2017-07-19,113.6200,113.7400,113.6100,113.6900,729000,84.6200
2017-07-20,113.9700,113.9800,113.4000,113.4100,987400,84.4115
2017-07-21,113.6700,113.7000,113.5400,113.5800,529000,84.5381
2017-07-24,113.6300,113.6600,113.4700,113.5800,1042200,84.5381
2017-07-25,113.3300,113.3700,113.1400,113.1400,730000,84.2106
2017-07-26,113.1900,113.5700,113.0100,113.4700,726100,84.4562
2017-07-27,113.4000,113.4900,113.2600,113.3900,598700,84.3966
2017-07-28,113.5500,113.7300,113.5300,113.6600,464100,84.5976
2017-07-31,113.6200,113.6700,113.5500,113.6600,787000,84.5976
2017-08-01,113.2400,113.6400,113.2400,113.5400,2164200,84.6699
2017-08-02,113.4800,113.6300,113.4200,113.4800,2737200,84.6252
2017-08-03,113.5500,113.7900,113.4800,113.7900,649000,84.8564
2017-08-04,113.5500,113.6600,113.4000,113.6300,506800,84.7370
2017-08-07,113.6200,113.7900,113.5500,113.7600,631200,84.8340
2017-08-08,113.8000,113.8500,113.6700,113.8400,1252000,84.8936
2017-08-09,114.1200,114.2000,114.0100,114.0500,1047900,85.0503
2017-08-10,114.1300,114.3400,114.0900,114.3400,831600,85.2665
2017-08-11,114.0400,114.2700,113.9600,114.2700,629000,85.2143
2017-08-14,114.0100,114.0800,113.7200,113.8200,658400,84.8787
2017-08-15,113.4300,113.6500,113.4000,113.4800,801000,84.6252
2017-08-16,113.4900,113.8800,113.4400,113.6800,918600,84.7743
2017-08-17,113.6900,114.0700,113.6000,113.9600,833200,84.9831
2017-08-18,114.0400,114.1400,113.8600,113.9800,649900,84.9980
2017-08-21,113.9600,114.0600,113.8700,114.0200,549000,85.0279
2017-08-22,113.9800,114.0200,113.8000,113.8800,480200,84.9235
2017-08-23,114.0100,114.1900,113.9300,114.1900,751800,85.1547
2017-08-24,114.0100,114.1300,113.9000,113.9000,521100,84.9384
2017-08-25,113.9400,114.1300,113.8900,114.0900,483600,85.0801
2017-08-28,114.0800,114.2200,114.0300,114.1800,404300,85.1472
2017-08-29,114.5000,114.6000,114.2400,114.3600,483200,85.2814
2017-08-30,114.3100,114.3800,114.1700,114.3300,726200,85.2590
2017-08-31,114.3600,114.6300,114.3600,114.6200,663100,85.4753
2017-09-01,114.3500,114.3500,114.0800,114.1200,2215900,85.2788
2017-09-05,114.4000,114.9000,114.4000,114.8600,2288600,85.8318
2017-09-06,114.8400,114.9800,114.6200,114.7200,1877900,85.7271
2017-09-07,114.8700,115.2000,114.8200,115.2000,676900,86.0858
2017-09-08,115.1500,115.2600,115.0400,115.2200,819800,86.1008
2017-09-11,114.8900,114.9600,114.7800,114.7800,531300,85.7720
2017-09-12,114.6700,114.7300,114.4900,114.5900,794800,85.6300
2017-09-13,114.5600,114.5700,114.3700,114.3800,614500,85.4731
2017-09-14,114.3900,114.5900,114.3900,114.5600,534300,85.6076
2017-09-15,114.5700,114.5700,114.3800,114.5000,524300,85.5627
2017-09-18,114.4500,114.5600,114.3700,114.4500,525200,85.5254
2017-09-19,114.4800,114.5300,114.3000,114.3200,412500,85.4282
2017-09-20,114.3200,114.3700,113.7500,114.0000,731000,85.1891
2017-09-21,113.9700,114.0600,113.7300,113.7400,823500,84.9948
2017-09-22,114.0500,114.1100,113.9200,114.0300,663500,85.2115
2017-09-25,114.1600,114.4800,114.1000,114.3500,920200,85.4507
2017-09-26,114.2500,114.3100,114.1400,114.2600,716600,85.3834
2017-09-27,113.9400,114.0100,113.7600,113.9100,588500,85.1218
2017-09-28,113.7400,113.9000,113.6800,113.8300,677300,85.0621
2017-09-29,113.9900,113.9900,113.5600,113.5800,1030600,84.8753
2017-10-02,113.6400,113.6400,113.3500,113.3800,3499100,84.7616
2017-10-03,113.3100,113.5500,113.3000,113.4900,1376500,84.8439
2017-10-04,113.6300,113.6500,113.4600,113.5900,800800,84.9186
2017-10-05,113.6600,113.6600,113.4200,113.4700,1818700,84.8289
2017-10-06,113.3000,113.5500,113.1900,113.3800,810300,84.7616
2017-10-09,113.4100,113.4900,113.3900,113.4200,447600,84.7915
2017-10-10,113.6000,113.8600,113.6000,113.6200,850200,84.9411
2017-10-11,113.8100,113.8600,113.7100,113.7600,663600,85.0457
2017-10-12,113.8000,114.0300,113.7500,113.9700,653000,85.2027
2017-10-13,114.0900,114.1500,113.9600,114.1300,817700,85.3223
2017-10-16,114.0300,114.0700,113.7600,113.8700,1520700,85.1279
2017-10-17,113.6400,113.7700,113.6200,113.6600,656000,84.9710
2017-10-18,113.5200,113.6300,113.4900,113.5200,570600,84.8663
2017-10-19,113.7600,113.8200,113.5700,113.6700,1560100,84.9784
2017-10-20,113.4300,113.5500,113.3000,113.4100,748300,84.7841
2017-10-23,113.4300,113.5900,113.4000,113.4200,843400,84.7915
2017-10-24,113.2900,113.3600,113.1900,113.2600,980400,84.6719
2017-10-25,113.0000,113.2000,112.9400,113.1400,770100,84.5822
2017-10-26,113.2400,113.2500,113.0400,113.0900,675800,84.5448
2017-10-27,113.2300,113.5000,113.1700,113.4500,731800,84.8140
2017-10-30,113.2300,113.7800,113.2300,113.7500,551100,85.0382
2017-10-31,113.8300,113.8500,113.7400,113.8000,1142300,85.0756
2017-11-01,113.6400,113.8200,113.5800,113.7000,2406300,85.1640
2017-11-02,113.8000,113.9600,113.7700,113.8700,2208600,85.2913
2017-11-03,113.9400,113.9700,113.7000,113.9500,744200,85.3512
2017-11-06,113.9900,114.1500,113.9700,114.1400,944600,85.4936
2017-11-07,114.2100,114.3400,114.1600,114.3000,1139800,85.6134
2017-11-08,114.3500,114.3800,114.1900,114.2300,929800,85.5610
2017-11-09,114.1200,114.3200,114.1000,114.2100,799700,85.5460
2017-11-10,113.8600,113.9000,113.6700,113.7100,715300,85.1715
2017-11-13,113.9000,113.9000,113.6700,113.7000,590200,85.1640
2017-11-14,113.7000,113.8600,113.6900,113.8400,593400,85.2689
2017-11-15,114.1100,114.2300,113.8800,114.1600,1284400,85.5086
2017-11-16,113.9800,114.0800,113.9000,113.9200,921200,85.3288
2017-11-17,114.1100,114.1900,114.0000,114.1200,731900,85.4786
2017-11-20,113.9500,114.0700,113.8800,113.9500,569200,85.3512
2017-11-21,114.1100,114.1100,113.7800,113.9400,558300,85.3438
2017-11-22,114.0400,114.2900,114.0100,114.2800,581500,85.5984
2017-11-24,114.2900,114.3100,114.1200,114.1400,429600,85.4936
2017-11-27,114.1800,114.2500,114.0300,114.1200,2403500,85.4786
2017-11-28,114.1500,114.2500,114.0100,114.1100,743700,85.4711
2017-11-29,113.8000,113.8500,113.7000,113.8000,755100,85.2389
2017-11-30,113.7400,113.8400,113.4700,113.6800,1108600,85.1490
2017-12-01,113.4000,113.9700,113.2400,113.6100,3198300,85.4732
2017-12-04,113.4800,113.6600,113.4200,113.6500,1814100,85.5034
2017-12-05,113.6100,113.8100,113.5400,113.7700,965500,85.5937
2017-12-06,113.9800,114.0300,113.8500,113.8900,646600,85.6839
2017-12-07,113.9800,114.0100,113.5900,113.7400,602700,85.5711
2017-12-08,113.7400,113.7800,113.5700,113.6900,1173000,85.5335
2017-12-11,113.6900,113.8200,113.5700,113.6000,728100,85.4657
2017-12-12,113.5400,113.7100,113.4500,113.6900,792400,85.5335
2017-12-13,113.6900,114.1300,113.5600,113.8900,961300,85.6839
2017-12-14,113.8000,113.9900,113.6100,113.8900,1072200,85.6839
2017-12-15,113.6800,113.9400,113.6600,113.8900,1892500,85.6839
2017-12-18,113.8100,113.8500,113.6300,113.6900,660800,85.5335
2017-12-19,113.4800,113.5600,113.1700,113.3500,941200,85.2777
2017-12-20,113.0700,113.2500,112.9600,112.9700,749700,84.9918
2017-12-21,112.8200,113.1500,112.7900,113.1100,1139000,85.2147
2017-12-22,113.1800,113.2000,113.0500,113.1800,690700,85.2675
2017-12-26,113.2100,113.3500,113.1600,113.2800,648200,85.3428
2017-12-27,113.3900,113.7800,113.3300,113.7500,827600,85.6970
2017-12-28,113.7100,113.8000,113.6500,113.7900,741800,85.7271
2017-12-29,113.8000,114.1500,113.7900,114.0800,963200,85.9456
2018-01-02,113.9800,113.9800,113.6100,113.8000,1525000,85.7346
2018-01-03,113.9100,113.9900,113.7900,113.9100,3322400,85.8175
2018-01-04,113.7500,113.9700,113.6700,113.9400,1946500,85.8401
2018-01-05,113.9300,113.9800,113.8000,113.9200,1691200,85.8250
2018-01-08,114.0000,114.0000,113.6700,113.8000,1198100,85.7346
2018-01-09,113.6800,113.6800,113.4000,113.4300,1752700,85.4559
2018-01-10,113.1300,113.4400,113.0600,113.3900,2013500,85.4257
2018-01-11,113.3000,113.4400,113.1400,113.2700,1440000,85.3353
2018-01-12,113.2800,113.4100,113.2100,113.3800,1428300,85.4182
2018-01-16,113.6800,113.6900,113.4700,113.5700,1171900,85.5613
2018-01-17,113.5200,113.6800,113.3700,113.4900,1237400,85.5011
2018-01-18,113.2900,113.4800,113.1900,113.3900,2098900,85.4257
2018-01-19,113.2600,113.3500,113.1400,113.2000,1452100,85.2826
2018-01-22,113.3200,113.3500,113.1100,113.1400,876300,85.2374
2018-01-23,113.3100,113.4400,113.2000,113.3100,1297200,85.3655
2018-01-24,113.1700,113.2800,113.0700,113.2300,1050400,85.3052
2018-01-25,113.2800,113.5200,113.0800,113.4400,1039800,85.4634
2018-01-26,113.4300,113.4300,113.2200,113.3700,1435500,85.4107
2018-01-29,113.2600,113.2700,113.0600,113.1000,984600,85.2073
2018-01-30,112.9400,112.9700,112.7500,112.8300,1638300,85.0038
2018-01-31,113.0400,113.1100,112.8800,113.1100,4950600,85.2147
2018-02-01,113.1000,113.1000,112.4800,112.5100,4574600,84.7785
2018-02-02,112.3400,112.4100,112.1500,112.3700,3662900,84.6730
2018-02-05,112.2200,112.9900,112.1000,112.7900,4035300,84.9895
2018-02-06,112.5800,112.6800,112.3000,112.3300,2055500,84.6429
2018-02-07,112.4600,112.5100,111.9700,112.0800,1862700,84.4545
2018-02-08,111.9000,112.1200,111.7300,111.8500,1650000,84.2812
2018-02-09,111.6600,111.8900,111.4500,111.5000,2755000,84.0174
2018-02-12,111.7700,111.9500,111.5400,111.5800,1125000,84.0777
2018-02-13,111.6400,111.7500,111.5600,111.6600,1446900,84.1380
2018-02-14,111.8000,111.8000,111.4300,111.5600,1386300,84.0626
2018-02-15,111.6700,111.8700,111.6200,111.6200,1438800,84.1079
2018-02-16,111.8700,111.9800,111.7200,111.8000,1563900,84.2435
2018-02-20,111.6300,111.7300,111.5300,111.7100,1047400,84.1757
2018-02-21,111.6500,111.7000,111.2800,111.3900,987900,83.9346
2018-02-22,111.5400,111.6400,111.4500,111.4900,922600,84.0099
2018-02-23,111.7000,111.9000,111.6300,111.9000,678400,84.3188
2018-02-26,112.0700,112.2100,112.0200,112.0400,822100,84.4243
2018-02-27,112.2000,112.2000,111.5700,111.7600,2236800,84.2133
2018-02-28,111.8700,111.9800,111.7300,111.9200,840900,84.3339
2018-03-01,111.9800,112.3500,111.8300,112.2600,3639500,84.5901
2018-03-02,112.1500,112.3000,112.0100,112.1700,961900,84.5223
2018-03-05,112.3800,112.4000,111.9400,112.1000,765700,84.4695
2018-03-06,112.2200,112.3000,112.0400,112.0700,875300,84.4469
2018-03-07,112.3000,112.3000,111.9800,112.0700,2200500,84.4469
2018-03-08,112.2200,112.3400,112.1200,112.1800,818000,84.5298
2018-03-09,112.0700,112.1400,111.9000,112.0100,853800,84.4017
2018-03-12,112.1200,112.1200,111.8900,112.0900,3274200,84.4620
2018-03-13,112.2200,112.2500,112.0500,112.1800,1162500,84.5298
2018-03-14,112.1800,112.4600,112.1600,112.3700,1555500,84.6730
2018-03-15,112.3900,112.5500,112.3000,112.3800,3265100,84.6805
2018-03-16,112.2800,112.2900,112.1200,112.1900,1821100,84.5374
2018-03-19,112.0600,112.3600,112.0600,112.1200,1968000,84.4846
2018-03-20,112.0700,112.1200,111.9500,111.9500,1045900,84.3566
2018-03-21,111.9500,112.2600,111.7700,112.1900,980000,84.5374
2018-03-22,112.4600,112.6500,112.3500,112.5200,1004800,84.7860
2018-03-23,112.4300,112.6600,112.4100,112.5800,1075900,84.8313
2018-03-26,112.4700,112.6500,112.3600,112.3800,1430200,84.6805
2018-03-27,112.4900,112.8900,112.4900,112.8100,1120600,85.0045
2018-03-28,112.9400,112.9800,112.6400,112.8100,1476800,85.0045
2018-03-29,112.8700,113.1700,112.8600,113.0500,1146000,85.1854
2018-04-02,112.8000,113.0300,112.6300,112.8700,1599900,85.2700
2018-04-03,112.7600,112.8500,112.6400,112.8000,2938800,85.2171
2018-04-04,112.9500,112.9500,112.6700,112.7400,896600,85.1718
2018-04-05,112.5300,112.6100,112.3800,112.4200,1069200,84.9300
2018-04-06,112.6800,112.8700,112.5600,112.8700,1170900,85.2700
2018-04-09,112.7500,112.8500,112.6500,112.8500,1463300,85.2549
2018-04-10,112.8400,112.8700,112.7000,112.8000,874800,85.2171
2018-04-11,113.0400,113.1600,112.9500,113.1300,772000,85.4664
2018-04-12,113.0200,113.0900,112.8600,112.9500,791600,85.3304
2018-04-13,112.9200,113.1300,112.9200,113.1100,567700,85.4513
2018-04-16,112.8300,113.0200,112.8300,113.0100,778200,85.3758
2018-04-17,113.0000,113.2200,112.9500,113.1800,913100,85.5042
2018-04-18,113.1600,113.2000,112.9400,112.9500,881500,85.3304
2018-04-19,112.8000,112.8400,112.6400,112.7700,640200,85.1945
2018-04-20,112.6100,112.6200,112.3800,112.3800,730200,84.8998
2018-04-23,112.4100,112.4300,112.2400,112.3500,1036000,84.8771
2018-04-24,112.2500,112.3100,112.0000,112.0400,1033200,84.6430
2018-04-25,111.9500,112.0400,111.7600,111.8700,684400,84.5145
2018-04-26,112.1100,112.2300,112.0600,112.1600,848900,84.7336
2018-04-27,112.3900,112.5600,112.3900,112.5200,708100,85.0056
2018-04-30,112.5500,112.7900,112.5200,112.6100,2127900,85.0736
2018-05-01,111.9800,112.0300,111.7600,111.7900,868600,84.8300
2018-05-02,111.9100,112.0300,111.8100,111.9300,2014000,84.9362
2018-05-03,112.0600,112.1700,112.0000,112.0700,811700,85.0424
2018-05-04,112.2100,112.2200,111.9500,112.1000,672000,85.0652
2018-05-07,112.1300,112.1900,112.0600,112.1200,522800,85.0804
2018-05-08,111.9500,112.0200,111.7700,111.9200,1428300,84.9286
2018-05-09,111.7800,111.9700,111.7800,111.8500,721500,84.8755
2018-05-10,112.0100,112.0900,111.9100,112.0700,659100,85.0424
2018-05-11,112.1600,112.1600,111.9700,112.0700,580100,85.0424
2018-05-14,111.9400,111.9400,111.7800,111.7900,1333600,84.8300
2018-05-15,111.5400,111.5800,111.2700,111.4300,1059800,84.5568
2018-05-16,111.4600,111.5000,111.2700,111.2700,874900,84.4354
2018-05-17,111.3000,111.3600,111.0400,111.0600,719100,84.2761
2018-05-18,111.1300,111.3700,111.1200,111.3600,697400,84.5037
2018-05-21,111.3100,111.4400,111.2500,111.4000,673800,84.5341
2018-05-22,111.4400,111.4800,111.3400,111.3500,1301900,84.4961
2018-05-23,111.5900,111.7300,111.5200,111.6700,1330800,84.7389
2018-05-24,111.8000,111.9200,111.7400,111.8000,932900,84.8376
2018-05-25,111.8600,111.9800,111.8200,111.9600,547000,84.9590
2018-05-29,112.2400,112.8500,112.1400,112.6200,1573500,85.4598
2018-05-30,112.4500,112.5600,112.2600,112.4100,2219000,85.3005
2018-05-31,112.4400,112.7400,112.3400,112.4800,2374200,85.3536
2018-06-01,111.9200,112.1100,111.8300,111.9800,1556700,85.2288
2018-06-04,111.8500,111.9600,111.7400,111.7500,1710800,85.0537
2018-06-05,111.8900,112.0700,111.8500,112.0000,1207300,85.2440
2018-06-06,111.8700,111.8700,111.6400,111.7600,769000,85.0613
2018-06-07,111.8000,112.2500,111.7500,112.1000,3077200,85.3201
2018-06-08,112.0300,112.0900,111.8700,111.9100,1771400,85.1755
2018-06-11,111.7300,111.9100,111.7000,111.9100,791600,85.1755
2018-06-12,111.8000,111.9000,111.7500,111.8200,635700,85.1070
2018-06-13,111.8400,111.9700,111.4800,111.7500,692600,85.0537
2018-06-14,111.9600,112.0500,111.8500,112.0400,820300,85.2744
2018-06-15,112.2300,112.2600,112.0700,112.0800,1102300,85.3049
2018-06-18,112.1700,112.2000,112.0800,112.1700,645800,85.3734
2018-06-19,112.3700,112.4600,112.2900,112.3500,2233800,85.5104
2018-06-20,112.3700,112.3700,112.0100,112.0400,668500,85.2744
2018-06-21,112.0500,112.2700,112.0500,112.2400,738500,85.4266
2018-06-22,112.2200,112.4300,112.1500,112.4000,1630400,85.5484
2018-06-25,112.4300,112.6200,112.4000,112.4500,2901400,85.5865
2018-06-26,112.4400,112.6100,112.4000,112.6100,934100,85.7083
2018-06-27,112.8600,112.9900,112.8200,112.9800,990100,85.9899
2018-06-28,113.0100,113.0100,112.7400,112.8300,1883000,85.8757
2018-06-29,112.8400,113.0400,112.8000,112.8700,744300,85.9061
2018-07-02,112.5700,112.5800,112.4400,112.4800,2468800,85.9375
2018-07-03,112.6100,112.7600,112.5800,112.7200,996000,86.1208
2018-07-05,112.7700,112.9100,112.7100,112.8500,831900,86.2202
2018-07-06,112.9900,113.0500,112.8900,113.0100,671300,86.3424
2018-07-09,112.7900,112.8400,112.7300,112.7800,901700,86.1667
2018-07-10,112.7500,112.8300,112.5800,112.6100,944300,86.0368
2018-07-11,112.8000,112.8000,112.6100,112.7300,652300,86.1285
2018-07-12,112.5900,112.6900,112.5200,112.6400,1028100,86.0597
2018-07-13,112.6800,112.9100,112.6800,112.8600,1342000,86.2278
2018-07-16,112.5700,112.6000,112.4000,112.5600,967700,85.9986
2018-07-17,112.5800,112.5900,112.3900,112.4100,781700,85.8840
2018-07-18,112.3900,112.3900,112.1900,112.2300,2352400,85.7465
2018-07-19,112.2900,112.4600,112.2700,112.3900,1103300,85.8687
2018-07-20,112.3900,112.4800,112.1000,112.1200,671600,85.6625
2018-07-23,112.0100,112.0100,111.5600,111.5900,802600,85.2575
2018-07-24,111.6100,111.7000,111.5500,111.6500,794600,85.3033
2018-07-25,111.8500,111.9500,111.6200,111.6700,845100,85.3186
2018-07-26,111.8000,111.8600,111.5500,111.5600,768500,85.2346
2018-07-27,111.8200,111.8400,111.6600,111.7300,749200,85.3645
2018-07-30,111.6300,111.7800,111.6000,111.6700,930800,85.3186
2018-07-31,111.8400,111.8700,111.7600,111.8400,1370700,85.4485
2018-08-01,111.1100,111.1800,111.0100,111.1000,2501500,85.2398
2018-08-02,111.1800,111.2500,111.0500,111.1600,2167600,85.2859
2018-08-03,111.2600,111.4200,111.2600,111.3800,758000,85.4546
2018-08-06,111.5100,111.6200,111.3600,111.4000,772900,85.4700
2018-08-07,111.3700,111.3800,111.2500,111.2500,1549200,85.3549
2018-08-08,111.2500,111.3200,111.1800,111.2600,1605800,85.3626
2018-08-09,111.4400,111.5300,111.3700,111.5200,1095300,85.5620
2018-08-10,111.8200,112.0300,111.8000,111.8800,710000,85.8383
2018-08-13,111.8400,111.9000,111.7800,111.8600,1604600,85.8229
2018-08-14,111.8400,111.8400,111.6600,111.7200,845200,85.7155
2018-08-15,111.8400,111.9700,111.8300,111.9400,943100,85.8843
2018-08-16,111.8900,111.9100,111.7000,111.8700,861700,85.8306
2018-08-17,111.9400,112.0200,111.8100,111.9200,639100,85.8690
2018-08-20,112.0800,112.1900,112.0500,112.1400,611400,86.0377
2018-08-21,112.0600,112.0900,111.9700,112.0700,743100,85.9840
2018-08-22,112.3100,112.3300,112.1800,112.3100,1539900,86.1682
2018-08-23,112.3800,112.4300,112.3100,112.4000,718600,86.2372
2018-08-24,112.2500,112.5100,112.2000,112.5100,855800,86.3216
2018-08-27,112.3900,112.4400,112.3100,112.3400,906000,86.1912
2018-08-28,112.1500,112.2000,112.0500,112.1200,740100,86.0224
2018-08-29,112.1200,112.1700,112.0200,112.1200,945900,86.0224
2018-08-30,112.2300,112.3100,112.1600,112.2200,1451000,86.0991
2018-08-31,112.3700,112.3700,112.0600,112.0900,1978700,85.9994
2018-09-04,111.5800,111.6500,111.4700,111.5500,6260200,85.8808
2018-09-05,111.4400,111.5100,111.3700,111.4400,2167600,85.7961
2018-09-06,111.4700,111.5800,111.4200,111.5400,1579100,85.8731
2018-09-07,111.2600,111.2700,111.1000,111.2200,1453400,85.6268
2018-09-10,111.2400,111.3000,111.1900,111.2500,1832700,85.6499
2018-09-11,111.0800,111.1300,110.9700,111.0200,2553400,85.4728
2018-09-12,111.1900,111.2400,111.1100,111.1200,1251600,85.5498
2018-09-13,111.1200,111.1200,110.9600,110.9600,1556800,85.4266
2018-09-14,110.7800,110.9100,110.7200,110.7600,1328700,85.2726
2018-09-17,110.7100,110.8400,110.6900,110.7800,1468200,85.2880
2018-09-18,110.7100,110.7300,110.5100,110.5500,891400,85.1109
2018-09-19,110.5200,110.5200,110.2700,110.4300,986300,85.0185
2018-09-20,110.4500,110.7000,110.4200,110.5800,1030500,85.1340
2018-09-21,110.5100,110.6600,110.5100,110.5900,788600,85.1417
2018-09-24,110.5200,110.6500,110.4700,110.4800,1388500,85.0571
2018-09-25,110.3900,110.4600,110.3500,110.4400,873000,85.0262
2018-09-26,110.4700,110.6900,110.4100,110.6300,1131700,85.1725
2018-09-27,110.5900,110.6800,110.5400,110.6700,1064300,85.2033
2018-09-28,110.7100,110.7500,110.5400,110.6200,2204400,85.1648
2018-10-01,110.4100,110.4300,110.1800,110.1900,5181400,84.9113
2018-10-02,110.3000,110.4800,110.2900,110.3700,3800200,85.0500
2018-10-03,110.2500,110.2800,109.7300,109.8400,2775700,84.6416
2018-10-04,109.7000,109.7800,109.4900,109.5700,2102800,84.4335
2018-10-05,109.3700,109.5200,109.1900,109.2700,2703600,84.2024
2018-10-08,109.2900,109.3300,109.2200,109.2200,870000,84.1639
2018-10-09,109.3500,109.5300,109.3100,109.5300,2233600,84.4027
2018-10-10,109.3000,109.4400,109.1600,109.4200,2276900,84.3180
2018-10-11,109.4000,109.6800,109.3100,109.6000,3359300,84.4567
2018-10-12,109.4500,109.6400,109.4100,109.4300,1746800,84.3256
2018-10-15,109.5300,109.6000,109.4500,109.5000,1768600,84.3796
2018-10-16,109.4400,109.5500,109.3900,109.5100,1114400,84.3873
2018-10-17,109.4600,109.5100,109.2500,109.2500,1396900,84.1869
2018-10-18,109.1900,109.4000,109.1600,109.1700,1005600,84.1253
2018-10-19,109.1300,109.1800,109.0100,109.0700,1180700,84.0483
2018-10-22,109.1100,109.1600,109.0100,109.0100,832800,84.0020
2018-10-23,109.3100,109.4200,109.0100,109.0400,1228600,84.0251
2018-10-24,109.2600,109.4000,109.1800,109.4000,1121900,84.3025
2018-10-25,109.2500,109.2700,108.9100,108.9400,985300,83.9481
2018-10-26,109.1700,109.5300,109.1700,109.4900,2203900,84.3719
2018-10-29,109.4100,109.5000,109.2200,109.3800,1368500,84.2871
2018-10-30,109.2200,109.2700,109.0700,109.0900,1281100,84.0637
2018-10-31,108.9100,109.0500,108.8200,108.8400,1723100,83.8710
2018-11-01,108.6100,108.8300,108.5700,108.6100,2582200,83.7638
2018-11-02,108.4100,108.4900,108.2200,108.2800,1195600,83.5093
2018-11-05,108.4600,108.5900,108.4600,108.4800,1233000,83.6636
2018-11-06,108.5800,108.6200,108.4300,108.4400,827500,83.6327
2018-11-07,108.6900,108.7800,108.4600,108.5200,1101500,83.6944
2018-11-08,108.5900,108.6200,107.5300,108.3700,1232100,83.5787
2018-11-09,108.4400,108.6700,108.4400,108.6300,1232400,83.7792
2018-11-12,108.8400,108.9600,108.7900,108.8600,1111100,83.9566
2018-11-13,108.7300,108.8200,108.6500,108.7700,871900,83.8872
2018-11-14,108.6600,108.9900,108.6300,108.7800,926800,83.8949
2018-11-15,108.8800,108.9600,108.7100,108.8700,2124600,83.9643
2018-11-16,109.1000,109.3800,109.0700,109.3200,1218000,84.3114
2018-11-19,109.1800,109.3400,109.1800,109.2700,1502200,84.2728
2018-11-20,109.1800,109.2700,109.0800,109.1100,1094700,84.1494
2018-11-21,108.9700,109.1000,108.8200,109.0600,1251600,84.1109
2018-11-23,109.0600,109.0900,108.8800,108.8900,364700,83.9798
2018-11-26,108.8300,108.8800,108.7600,108.7700,1226800,83.8872
2018-11-27,108.7000,108.8200,108.4800,108.4800,1154000,83.6636
2018-11-28,108.4000,108.8300,108.3800,108.6100,1494600,83.7638
2018-11-29,109.0000,109.2500,108.9600,109.2500,940800,84.2574
2018-11-30,109.2900,109.3600,109.1900,109.2700,1270700,84.2728
2018-12-03,109.1300,109.3200,109.0700,109.3200,1250200,84.4312
2018-12-04,109.4700,109.9200,109.4600,109.6500,2015000,84.6860
2018-12-06,109.6900,109.9000,109.5600,109.6600,1503600,84.6937
2018-12-07,109.6900,109.8300,109.6100,109.8200,1221900,84.8173
2018-12-10,109.7700,109.8400,109.4600,109.5500,1282400,84.6088
2018-12-11,109.4600,109.5900,109.0100,109.1100,1499000,84.2690
2018-12-12,109.0700,109.1000,108.9000,108.9500,1876200,84.1454
2018-12-13,108.9800,109.1000,108.9300,108.9700,1542500,84.1609
2018-12-14,109.1100,109.1700,109.0300,109.0500,1231000,84.2226
2018-12-17,109.0800,109.2600,109.0800,109.2400,1578100,84.3694
2018-12-18,109.1600,109.3600,109.1200,109.3400,1194900,84.5890
2018-12-19,109.4900,109.7800,109.4800,109.5300,2779100,84.7361
2018-12-20,109.5200,109.5600,109.1700,109.2200,2968400,84.4963
2018-12-21,109.3500,109.4200,109.1500,109.1700,1960400,84.4576
2018-12-24,109.2500,109.3600,109.2000,109.3300,861700,84.5814
2018-12-26,109.2700,109.4500,109.0700,109.1100,1441300,84.4111
2018-12-27,109.3500,109.4500,109.1000,109.1100,1467200,84.4111
2018-12-28,109.2900,109.4300,109.2000,109.4300,2067600,84.6587
2018-12-31,109.2800,109.5400,109.2500,109.5100,1496100,84.7206
2019-01-02,109.5700,109.7300,109.5000,109.6800,1435200,84.8521
2019-01-03,109.8400,110.4000,109.8400,110.3200,1213900,85.3472
2019-01-04,110.0300,110.1000,109.8600,110.0900,1236700,85.1693
2019-01-07,110.1500,110.2100,109.9400,110.0200,1237700,85.1151
2019-01-08,110.1100,110.1800,110.0500,110.1100,792600,85.1848
2019-01-09,110.0400,110.2500,110.0000,110.2400,1079200,85.2853
2019-01-10,110.2300,110.2700,109.9200,109.9800,1346300,85.0842
2019-01-11,110.0700,110.2700,110.0700,110.2700,879400,85.3086
2019-01-14,110.2400,110.3200,110.0300,110.0700,975700,85.1538
2019-01-15,110.0700,110.0700,109.8800,109.9700,930800,85.0765
2019-01-16,109.8500,109.9900,109.7700,109.9600,1793000,85.0687
2019-01-17,109.9300,110.0700,109.7900,109.8700,1975400,84.9991
2019-01-18,109.7100,109.8500,109.5800,109.7400,1702600,84.8985
2019-01-22,109.9000,109.9300,109.7400,109.8100,3260300,84.9527
2019-01-23,109.7000,109.7700,109.6300,109.6800,921000,84.8521
2019-01-24,109.8900,109.9600,109.8100,109.8500,851000,84.9836
2019-01-25,109.7000,109.7600,109.6000,109.6800,576600,84.8521
2019-01-28,109.5600,109.6000,109.5000,109.5300,1318900,84.7361
2019-01-29,109.5900,109.8500,109.5700,109.8500,632200,84.9836
2019-01-30,109.8800,110.5200,109.8600,110.4500,947100,85.4478
2019-01-31,110.6900,111.1100,110.6900,111.0700,1430700,85.9275
2019-02-01,110.9900,111.0500,110.6800,110.6800,1474800,85.6258
2019-02-04,110.5200,110.5400,110.3700,110.4600,973000,85.4555
2019-02-05,110.5400,110.6500,110.4800,110.6100,1024600,85.5716
2019-02-06,110.7400,110.7900,110.5200,110.5400,3779300,85.5174
2019-02-07,110.6600,110.7500,110.5400,110.7100,916700,85.6489
2019-02-08,110.8300,110.8400,110.7200,110.7600,832700,85.6876
2019-02-11,110.5900,110.6200,110.4400,110.5300,653200,85.5097
2019-02-12,110.6200,110.6200,110.4300,110.5500,658700,85.5252
2019-02-13,110.5100,110.5900,110.4700,110.5300,642200,85.5097
2019-02-14,110.8400,110.8800,110.7100,110.8400,1780700,85.7495
2019-02-15,110.7600,110.9000,110.7600,110.8400,664200,85.7495
2019-02-19,110.9500,111.1100,110.9000,111.1000,602400,85.9507
2019-02-20,111.0600,111.2000,111.0300,111.1400,819800,85.9816
2019-02-21,110.8900,110.9900,110.8200,110.9500,959700,85.8346
2019-02-22,111.0600,111.3600,111.0500,111.2400,550100,86.0590
2019-02-25,111.1300,111.1900,111.0900,111.1600,556100,85.9971
2019-02-26,111.3300,111.4100,111.2400,111.3200,561100,86.1209
2019-02-27,111.2100,111.2300,110.9500,111.0600,825600,85.9197
2019-02-28,111.0900,111.0900,110.7900,110.8800,1155000,85.7805
2019-03-01,110.8200,110.9600,110.6100,110.6600,1334600,85.6103
2019-03-04,110.7900,110.9300,110.7300,110.8200,916700,85.7341
2019-03-05,110.6900,110.7800,110.5400,110.7800,973600,85.7031
2019-03-06,110.7100,110.9200,110.7100,110.9100,1891700,85.8037
2019-03-07,111.0600,111.2800,111.0600,111.2200,1168000,86.0435
2019-03-08,111.2000,111.3700,111.1500,111.3200,793500,86.1209
2019-03-11,111.3200,111.3800,111.2200,111.3000,620400,86.1054
2019-03-12,111.2600,111.5900,111.2500,111.5100,632400,86.2679
2019-03-13,111.5300,111.6500,111.5300,111.6400,607600,86.3684
2019-03-14,111.6600,111.7600,111.5200,111.6100,2511100,86.3452
2019-03-15,111.8200,112.0200,111.8100,112.0000,2015900,86.6469
2019-03-18,111.9100,112.1000,111.9100,111.9900,975900,86.6392
2019-03-19,111.8700,111.9800,111.8200,111.8900,746400,86.5618
2019-03-20,111.9100,112.6900,111.9100,112.6300,1213000,87.1343
2019-03-21,112.6300,112.7200,112.5500,112.6200,808900,87.1266
2019-03-22,112.8800,113.0500,112.7600,112.9600,1196700,87.3897
2019-03-25,112.9200,113.3000,112.8300,112.9300,1160000,87.3664
2019-03-26,112.8400,113.0200,112.7300,112.7300,991900,87.2117
2019-03-27,112.7100,112.9500,112.6800,112.7800,1237800,87.2504
2019-03-28,112.7200,112.8700,112.6200,112.8700,893300,87.3200
2019-03-29,112.8800,113.0900,112.8800,113.0700,998200,87.4747
2019-04-01,112.9100,112.9600,112.5700,112.6500,3808200,87.1498
2019-04-02,112.6400,112.7600,112.6200,112.7600,1183200,87.2349
2019-04-03,112.5000,112.6500,112.4100,112.4100,1168700,86.9641
2019-04-04,112.4400,112.5500,112.4100,112.4900,1860500,87.0260
2019-04-05,112.4400,112.6200,112.4300,112.6200,668500,87.1266
2019-04-08,112.5700,112.6300,112.4600,112.5100,786000,87.0415
2019-04-09,112.7000,112.7600,112.5900,112.6200,1135400,87.1266
2019-04-10,112.9200,113.0700,112.9100,113.0300,1665200,87.4438
2019-04-11,112.8600,112.9100,112.7400,112.7700,757500,87.2426
2019-04-12,112.6100,112.7200,112.5500,112.5600,1097200,87.0802
2019-04-15,112.5600,112.6600,112.5500,112.6200,563100,87.1266
2019-04-16,112.4800,112.5400,112.3300,112.3600,991200,86.9254
2019-04-17,112.3200,112.4200,112.3000,112.3400,1896900,86.9100
2019-04-18,112.6000,112.7300,112.5900,112.6600,872400,87.1575
2019-04-22,112.6500,112.6900,112.5100,112.5500,7154100,87.0724
2019-04-23,112.6900,112.8200,112.6700,112.8100,967800,87.2736
2019-04-24,113.0300,113.2200,113.0300,113.2000,577700,87.5753
2019-04-25,113.2200,113.3100,113.1700,113.2000,7567000,87.5753
2019-04-26,113.4000,113.4500,113.3200,113.4500,769500,87.7687
2019-04-29,113.1900,113.2100,113.1000,113.1300,811000,87.5211
2019-04-30,113.1000,113.3500,113.1000,113.3200,1004600,87.6681
2019-05-01,113.2700,113.5600,113.0300,113.0400,2289100,87.4785
2019-05-02,112.7200,112.7600,112.4600,112.5800,1103000,87.1226
2019-05-03,112.8000,112.9800,112.8000,112.8900,1040400,87.3624
2019-05-06,113.0900,113.1600,113.0500,113.0600,588700,87.4940
2019-05-07,113.0900,113.2500,113.0800,113.1200,1479000,87.5405
2019-05-08,113.2100,113.2400,112.8000,112.8300,2586100,87.3160
2019-05-09,113.0200,113.1300,112.9400,113.0200,781800,87.4631
2019-05-10,113.1000,113.3100,113.0300,113.2700,881100,87.6565
2019-05-13,113.5100,113.7100,113.4800,113.5100,952600,87.8423
2019-05-14,113.5200,113.6100,113.4700,113.5900,667700,87.9042
2019-05-15,113.8100,113.8400,113.6200,113.8200,505500,88.0822
2019-05-16,113.7200,113.7200,113.5700,113.6400,373600,87.9428
2019-05-17,113.7500,113.7600,113.5200,113.5300,589500,87.8577
2019-05-20,113.5100,113.6100,113.3600,113.3800,415400,87.7416
2019-05-21,113.4200,113.4600,113.3200,113.4400,788600,87.7881
2019-05-22,113.5000,113.6200,113.4200,113.4800,725100,87.8191
2019-05-23,113.5300,113.8600,113.5100,113.7200,780800,88.0048
2019-05-24,113.9200,113.9200,113.7600,113.9100,487500,88.1518
2019-05-28,114.0000,114.0400,113.8600,113.9700,4731600,88.1982
2019-05-29,114.1700,114.4200,114.1700,114.1700,1725100,88.3530
2019-05-30,114.2600,114.5700,114.1800,114.5500,700700,88.6471
2019-05-31,114.8800,115.3200,114.8700,115.2700,1622200,89.2043
2019-06-03,114.7300,115.1500,114.6500,114.9400,7087400,89.4447
2019-06-04,114.6400,114.8200,114.4800,114.7100,1603800,89.2657
2019-06-05,114.8800,115.0400,114.7200,114.7800,1182800,89.3202
2019-06-06,114.8500,115.0400,114.4700,114.7100,759100,89.2657
2019-06-07,115.0700,115.1300,114.9300,115.1300,770500,89.5926
2019-06-10,114.8500,114.8500,114.4800,114.5100,1606600,89.1101
2019-06-11,114.4100,114.5100,114.3400,114.3600,640900,88.9934
2019-06-12,114.3900,114.5700,114.3600,114.4200,506500,89.0401
2019-06-13,114.5500,114.6200,114.4400,114.4600,1625200,89.0712
2019-06-14,114.3500,114.5100,114.1100,114.2800,609600,88.9311
2019-06-17,114.0600,114.1900,113.9600,114.0600,1652400,88.7599
2019-06-18,114.7500,114.8400,114.4800,114.5300,860700,89.1257
2019-06-19,114.3600,115.2100,114.3200,115.1900,1191800,89.6393
2019-06-20,115.7300,115.9800,115.6900,115.8400,873800,90.1451
2019-06-21,115.6900,115.6900,115.2000,115.3200,1174700,89.7405
2019-06-24,115.5100,115.5500,115.4100,115.5400,528900,89.9116
2019-06-25,115.5400,115.6500,115.3100,115.3400,678900,89.7560
2019-06-26,115.3500,115.4000,115.1800,115.2300,1477300,89.6704
2019-06-27,115.2900,115.5300,115.2300,115.4500,462300,89.8416
2019-06-28,115.3400,115.5600,115.3100,115.4900,2422700,89.8727
2019-07-01,114.9800,115.0200,114.4800,114.6400,1708400,89.6866
2019-07-02,114.6400,114.8400,114.5800,114.7000,3109600,89.7335
2019-07-03,114.9000,115.0500,114.8900,115.0000,560500,89.9682
2019-07-05,114.5100,114.7200,114.2500,114.6500,708200,89.6943
2019-07-08,114.8800,114.9200,114.6700,114.6700,639700,89.7100
2019-07-09,114.7700,114.8900,114.6100,114.7900,436400,89.8039
2019-07-10,115.0000,115.0900,114.8500,114.9900,1635700,89.9604
2019-07-11,115.0800,115.1000,114.6200,114.6300,884700,89.6787
2019-07-12,114.5600,114.9100,114.5600,114.8300,809100,89.8352
2019-07-15,114.8400,115.1700,114.8400,115.1200,2156000,90.0621
2019-07-16,114.9000,114.9900,114.8500,114.9300,1411400,89.9134
2019-07-17,115.0500,115.2200,115.0500,115.1700,505800,90.1012
2019-07-18,115.1400,115.4300,114.9600,115.4100,599800,90.2890
2019-07-19,115.2300,115.4300,115.2300,115.2300,1135200,90.1481
2019-07-22,115.3600,115.4200,115.2600,115.2600,939700,90.1716
2019-07-23,115.2300,115.3300,115.1300,115.2300,377200,90.1481
2019-07-24,115.2500,115.3800,115.2000,115.2600,662200,90.1716
2019-07-25,115.1800,115.2200,115.0000,115.0700,669500,90.0229
2019-07-26,115.1800,115.1900,114.9000,114.9900,472600,89.9604
2019-07-29,115.0900,115.1000,114.8900,114.8900,620600,89.8821
2019-07-30,115.0600,115.1300,114.9400,115.0600,924200,90.0151
2019-07-31,115.1000,115.5600,114.9700,115.2400,1327500,90.1559
2019-08-01,114.7900,115.5100,114.7200,115.3900,2549100,90.4853
2019-08-02,115.4200,115.5000,115.1100,115.4700,2097600,90.5480
2019-08-05,115.6300,115.9200,115.5600,115.8700,3091200,90.8617
2019-08-06,115.8200,116.3000,115.7700,116.3000,2889600,91.1989
2019-08-07,116.8700,117.0800,116.2400,116.3600,2157800,91.2459
2019-08-08,116.2000,116.6900,116.0500,116.6600,1248300,91.4812
2019-08-09,116.7600,116.9900,116.4700,116.5400,678100,91.3871
2019-08-12,116.9300,117.1600,116.7800,117.0100,543200,91.7557
2019-08-13,117.2000,117.2200,116.6500,116.8200,1379100,91.6066
2019-08-14,117.1900,117.2500,116.9500,117.0400,619300,91.7792
2019-08-15,117.1900,117.7900,117.0300,117.5600,772700,92.1869
2019-08-16,117.1900,117.3000,116.9600,117.2200,548500,91.9203
2019-08-19,116.7200,117.0100,116.7200,116.7800,600000,91.5753
2019-08-20,117.0600,117.1300,116.9000,116.9300,607000,91.6929
2019-08-21,116.8100,117.2600,116.7300,116.8100,938100,91.5988
2019-08-22,116.7000,116.9100,116.3900,116.7100,961300,91.5204
2019-08-23,116.7300,117.5000,116.6600,117.3800,756500,92.0458
2019-08-26,117.4300,117.5500,117.1500,117.2500,1263700,91.9438
2019-08-27,117.4100,117.8100,117.3200,117.8000,954200,92.3752
2019-08-28,118.1300,118.2200,117.9900,118.0300,628600,92.5555
2019-08-29,117.9700,118.1400,117.7900,118.1000,1308700,92.6104
2019-08-30,118.0100,118.0500,117.6400,117.6500,955000,92.2575
2019-09-03,117.5100,117.9400,117.3900,117.4500,5779500,92.1469
2019-09-04,117.5000,117.7400,117.4700,117.7400,1538400,92.3744
2019-09-05,117.2700,117.3500,116.9000,117.2100,1541700,91.9586
2019-09-06,117.1200,117.3800,117.1100,117.3100,1216900,92.0370
2019-09-09,116.9100,116.9400,116.6900,116.7100,1059600,91.5663
2019-09-10,116.7200,116.8400,116.0400,116.0400,834000,91.0407
2019-09-11,116.1300,116.2700,115.9100,115.9100,1774100,90.9387
2019-09-12,116.4500,116.5700,115.7500,115.8200,1058200,90.8680
2019-09-13,115.5800,115.7500,115.1400,115.1400,953300,90.3346
2019-09-16,115.7700,115.9600,115.6400,115.8300,1516500,90.8759
2019-09-17,115.8300,116.1700,115.7700,115.9800,2191700,90.9936
2019-09-18,116.3000,116.3900,115.5400,115.6200,941800,90.7111
2019-09-19,115.9400,116.0400,115.8100,115.8500,1742100,90.8916
2019-09-20,116.0500,116.5000,116.0500,116.4900,630000,91.3937
2019-09-23,116.5400,116.8900,116.4900,116.6500,691600,91.5193
2019-09-24,116.7200,116.9900,116.7000,116.9100,533600,91.7232
2019-09-25,116.7500,116.7700,116.1800,116.3000,736600,91.2447
2019-09-26,116.4100,116.5700,116.3100,116.3700,931500,91.2996
2019-09-27,116.3100,116.4300,116.1500,116.1900,675600,91.1583
2019-09-30,116.0200,116.3600,115.8100,116.2900,2129700,91.2368
2019-10-01,115.6400,116.3400,115.5800,116.3200,3965000,91.4144
2019-10-02,116.2700,116.5100,116.1800,116.3200,2123800,91.4144
2019-10-03,116.4300,116.9700,116.4300,116.6900,1389300,91.7052
2019-10-04,116.7900,117.1600,116.7600,117.0500,792900,91.9881
2019-10-07,116.9200,117.0900,116.7300,116.7300,635000,91.7366
2019-10-08,116.9100,116.9500,116.5000,116.6200,839100,91.6502
2019-10-09,116.5000,116.5400,116.1900,116.3800,1180600,91.4616
2019-10-10,116.2700,116.2700,115.8400,116.0100,776900,91.1708
2019-10-11,115.6900,115.9500,115.5300,115.6500,2313100,90.8879
2019-10-14,115.9600,115.9600,115.7000,115.8400,772600,91.0372
2019-10-15,115.8100,115.8800,115.4100,115.4500,1165000,90.7307
2019-10-16,115.4600,115.8000,115.3800,115.6300,981200,90.8722
2019-10-17,115.5400,115.9100,115.4900,115.7900,1122200,90.9979
2019-10-18,115.9000,116.0600,115.8300,115.9700,525000,91.1394
2019-10-21,115.6800,115.8800,115.5900,115.6000,1151000,90.8485
2019-10-22,115.8600,115.9500,115.6900,115.9500,1075700,91.1236
2019-10-23,116.0900,116.2100,115.9800,116.0300,946600,91.1865
2019-10-24,116.1000,116.3100,116.0200,116.1000,928100,91.2415
2019-10-25,116.1300,116.2000,115.9500,116.1200,807700,91.2573
2019-10-28,115.7400,115.7900,115.5400,115.5600,1007800,90.8171
2019-10-29,115.5600,115.6100,115.2700,115.2700,776500,90.5892
2019-10-30,115.4500,115.7100,115.4000,115.7000,738500,90.9272
2019-10-31,115.9500,116.3500,115.9500,116.0600,1396700,91.2101
2019-11-01,116.0900,116.3400,115.9800,116.2100,7946400,91.3437
2019-11-04,116.0400,116.1900,115.9900,116.1300,1705200,91.2808
2019-11-05,115.9100,116.0000,115.7400,115.9100,967000,91.1079
2019-11-06,116.0300,116.2800,116.0300,116.2800,1009800,91.3987
2019-11-07,115.9900,116.0000,115.4100,115.6300,1245500,90.8878
2019-11-08,115.4100,115.6500,115.4000,115.5600,742200,90.8328
2019-11-11,115.7000,115.7200,115.5400,115.6200,530200,90.8800
2019-11-12,115.6200,115.7200,115.5200,115.6000,1609600,90.8642
2019-11-13,115.7900,115.8100,115.6300,115.7000,614600,90.9428
2019-11-14,115.9400,116.1000,115.8900,115.9700,1247400,91.1551
2019-11-15,115.7700,116.0000,115.7400,115.8300,813300,91.0450
2019-11-18,115.8800,116.1000,115.8700,116.0600,613900,91.2258
2019-11-19,116.1000,116.3000,116.0900,116.2700,437300,91.3909
2019-11-20,116.4200,116.7200,116.4200,116.7200,666100,91.7446
2019-11-21,116.4100,116.5600,116.2900,116.4600,803500,91.5402
2019-11-22,116.4800,116.6000,116.3900,116.5000,2323700,91.5717
2019-11-25,116.5700,116.6900,116.5400,116.6300,818000,91.6739
2019-11-26,116.7800,116.8900,116.7800,116.8800,620200,91.8703
2019-11-27,116.7100,116.7700,116.6200,116.6500,510800,91.6896
2019-11-29,116.6200,116.6500,116.2500,116.3800,1013000,91.4773
2019-12-02,115.8600,116.1200,115.7700,116.1100,2283500,91.3467
2019-12-03,116.4200,116.9700,116.4200,116.8300,1277600,91.9132
2019-12-04,116.7000,116.8400,116.6000,116.7500,773500,91.8503
2019-12-05,116.5000,116.6300,116.4500,116.5800,679800,91.7165
2019-12-06,116.3500,116.5500,116.2900,116.5000,524000,91.6535
2019-12-09,116.6700,116.7200,116.4700,116.5300,493200,91.6772
2019-12-10,116.5700,116.6000,116.3600,116.5000,432700,91.6535
2019-12-11,116.7300,116.9500,116.6500,116.9100,860700,91.9761
2019-12-12,116.7800,116.8700,116.1200,116.3400,1439800,91.5277
2019-12-13,116.4500,116.8300,116.2400,116.8100,1093900,91.8974
2019-12-16,116.6500,116.7300,116.4800,116.5400,852800,91.6850
2019-12-17,116.5400,116.7000,116.5100,116.7000,1612300,91.8109
2019-12-18,116.6500,116.7200,116.5200,116.5700,1277000,91.7086
2019-12-19,116.3400,116.7900,116.2800,116.6500,1410000,91.8575
2019-12-20,116.6500,116.7300,116.5700,116.5900,1218100,91.8102
2019-12-23,116.5800,116.5900,116.3000,116.3900,1067600,91.6527
2019-12-24,116.2700,116.5900,116.2500,116.5300,340800,91.7630
2019-12-26,116.5400,116.6300,116.4500,116.6100,385800,91.8260
2019-12-27,116.6000,116.7000,116.6000,116.6500,657900,91.8575
2019-12-30,116.4700,116.6900,116.4000,116.6900,932600,91.8889
2019-12-31,116.4800,116.7500,116.4400,116.5700,1277000,91.7945
2020-01-02,116.9300,117.1900,116.9300,117.1400,2150700,92.2433
2020-01-03,117.5600,117.8300,117.5000,117.6800,1259900,92.6686
2020-01-06,117.8400,117.8400,117.3300,117.3800,917500,92.4323
2020-01-07,117.2300,117.2600,117.0200,117.0200,810500,92.1488
2020-01-08,117.0500,117.1800,116.7600,116.9100,2121500,92.0622
2020-01-09,116.6600,116.9200,116.5900,116.9000,1814000,92.0543
2020-01-10,117.0500,117.2700,117.0200,117.2500,1609300,92.3299
2020-01-13,117.1700,117.2700,117.0500,117.2300,1422700,92.3142
2020-01-14,117.2800,117.4300,117.2500,117.3900,3290000,92.4402
2020-01-15,117.6000,117.6000,117.4700,117.4800,1601600,92.5111
2020-01-16,117.4300,117.4500,117.2800,117.2900,1205800,92.3614
2020-01-17,117.1300,117.1900,117.0200,117.1000,920500,92.2118
2020-01-21,117.3100,117.5400,117.3000,117.4800,1109700,92.5111
2020-01-22,117.5500,117.5900,117.3900,117.4000,1154700,92.4481
2020-01-23,117.6200,117.7500,117.6000,117.6400,2230200,92.6370
2020-01-24,117.7400,117.9700,117.7400,117.9000,963300,92.8418
2020-01-27,118.1400,118.2400,118.0900,118.1700,1111600,93.0544
2020-01-28,118.1900,118.2100,117.9900,117.9900,743100,92.9127
2020-01-29,118.1300,118.5100,118.1200,118.4200,1096400,93.2513
2020-01-30,118.4800,118.8500,118.3600,118.5500,1199500,93.3537
2020-01-31,118.7200,119.1000,118.7000,119.0600,2343900,93.7553
2020-02-03,118.5600,118.6800,118.3700,118.6500,3061900,93.5321
2020-02-04,118.3300,118.3300,118.0100,118.1400,1635700,93.1301
2020-02-05,117.8600,117.9800,117.7800,117.7900,1443800,92.8542
2020-02-06,117.8000,118.0500,117.8000,118.0100,1222400,93.0276
2020-02-07,118.2900,118.5000,118.2500,118.4900,1071900,93.4060
2020-02-10,118.5800,118.7400,118.5200,118.6700,627100,93.5479
2020-02-11,118.4800,118.4800,118.2800,118.3200,600200,93.2720
2020-02-12,118.1000,118.2600,118.0600,118.2000,1242900,93.1774
2020-02-13,118.4200,118.5000,118.3600,118.4500,1314600,93.3745
2020-02-14,118.5300,118.6400,118.5100,118.5400,817500,93.4455
2020-02-18,118.6900,118.8700,118.6400,118.8000,1078500,93.6504
2020-02-19,118.7600,118.8000,118.6600,118.7500,787100,93.6110
2020-02-20,118.8200,118.9900,118.7900,118.9800,809600,93.7923
2020-02-21,119.0800,119.3300,119.0800,119.2000,930200,93.9657
2020-02-24,119.7600,119.8300,119.6600,119.7500,1489600,94.3993
2020-02-25,119.6300,119.9300,119.5200,119.5500,1462300,94.2416
2020-02-26,119.3300,119.7800,119.2400,119.4900,2459700,94.1943
2020-02-27,119.8100,119.9700,119.6400,119.8400,3634200,94.4702
2020-02-28,120.1800,120.4900,119.9200,120.0300,5021700,94.6200
2020-03-02,120.2600,120.6500,120.0800,120.3100,12076100,94.8407
2020-03-03,120.3100,122.1700,120.2400,121.5300,7529700,95.8025
2020-03-04,121.7400,121.9700,121.2300,121.3500,4020600,95.6606
2020-03-05,121.9300,122.0800,121.6500,121.7300,3796000,95.9601
2020-03-06,122.9200,123.1600,121.9800,122.5400,3888600,96.5987
2020-03-09,122.8900,123.1200,120.0000,120.0200,5756500,94.6121
2020-03-10,120.1800,120.5000,116.2900,116.5800,9542100,91.9004
2020-03-11,117.1000,117.7900,113.4900,113.9400,8568300,89.8192
2020-03-12,113.3800,118.4200,107.3700,113.6700,12654600,89.6064
2020-03-13,114.8000,115.9500,113.7000,114.1200,5230400,89.9611
2020-03-16,113.7200,114.1900,112.5100,113.3300,5894300,89.3384
2020-03-17,113.1800,114.3900,110.1600,110.1600,4496400,86.8395
2020-03-18,110.2100,111.3500,108.3700,108.8100,4942100,85.7752
2020-03-19,109.6400,111.1000,109.6400,110.9200,3017500,87.4386
2020-03-20,112.1300,116.1000,111.1700,115.8600,3326900,91.3328
2020-03-23,115.4200,118.0600,115.0100,118.0400,4261400,93.0513
2020-03-24,117.3500,119.1400,117.0000,118.1100,3533400,93.1065
2020-03-25,118.7100,119.9000,118.5200,119.2500,2921800,94.0051
2020-03-26,120.2800,121.7200,119.4800,119.8600,4072700,94.4860
2020-03-27,120.0000,120.3700,118.5300,120.2500,2621800,94.7934
2020-03-30,120.1500,120.3800,118.2900,118.3400,3484400,93.2878
2020-03-31,118.9300,119.0000,117.7500,117.9200,3063200,92.9567
2020-04-01,118.7600,119.1300,118.3200,118.4600,8058800,93.5219
2020-04-02,119.6600,120.5800,119.2500,120.2700,2813500,94.9509
2020-04-03,121.4300,121.5900,120.8100,121.3300,2990600,95.7878
2020-04-06,121.4700,121.5300,121.0300,121.2500,2141600,95.7246
2020-04-07,121.2500,121.5200,120.6700,121.1700,1655400,95.6615
2020-04-08,121.0400,121.3100,120.2500,120.3400,11109900,95.0062
2020-04-09,121.0400,121.8500,120.8600,121.5300,3010100,95.9457
2020-04-13,121.6700,121.9100,121.5700,121.7500,1462100,96.1194
2020-04-14,121.9200,122.2700,121.8700,122.1100,2983400,96.4036
2020-04-15,122.6200,122.6500,122.1100,122.2400,1527200,96.5062
2020-04-16,122.2200,122.3800,120.9300,121.1800,1914800,95.6693
2020-04-17,121.2900,121.4400,120.3400,120.6000,2183500,95.2115
2020-04-20,120.0400,120.6900,119.9500,120.2300,2014800,94.9193
2020-04-21,120.7100,121.0700,120.6000,120.8400,1280000,95.4009
2020-04-22,121.1200,121.5700,120.8500,121.5700,1830300,95.9773
2020-04-23,121.7800,121.9000,121.3500,121.5000,2614500,95.9220
2020-04-24,121.6300,122.2300,121.5400,122.1900,1119600,96.4667
2020-04-27,122.1300,122.3200,121.9000,121.9500,2086200,96.2772
2020-04-28,122.1600,122.4500,122.1200,122.3700,1362200,96.6088
2020-04-29,122.3100,122.4600,122.1000,122.2200,1664900,96.4904
2020-04-30,122.3100,122.3600,121.3100,121.3100,2968200,95.7719
2020-05-01,121.0500,121.1200,120.6200,121.0100,1910900,95.7704
2020-05-04,121.1700,121.3000,121.0100,121.1300,1484100,95.8654
2020-05-05,121.0300,121.3800,120.9100,121.2700,3873000,95.9762
2020-05-06,120.9700,120.9900,120.6100,120.6800,1844900,95.5093
2020-05-07,120.9100,121.5400,120.8200,121.4400,1552100,96.1107
2020-05-08,121.3700,121.5500,121.2500,121.4000,1113900,96.0791
2020-05-11,121.2500,121.3300,120.9800,120.9800,1065800,95.7467
2020-05-12,121.0600,121.1800,120.8500,121.0900,1582900,95.8337
2020-05-13,121.2300,121.4300,121.0300,121.2000,1563900,95.9208
2020-05-14,121.2400,121.4000,121.1200,121.3400,1141500,96.0316
2020-05-15,121.4600,121.5600,121.3200,121.5500,1011500,96.1978
2020-05-18,121.5700,121.7000,121.2900,121.5400,1561200,96.1899
2020-05-19,121.4400,121.5700,121.3600,121.4000,1356200,96.0791
2020-05-20,121.3800,121.8300,121.3800,121.7600,880500,96.3640
2020-05-21,121.7100,121.9800,121.5300,121.6300,1345700,96.2611
2020-05-22,121.5800,121.7500,121.4800,121.7000,1358500,96.3165
2020-05-26,121.6000,121.6200,121.2500,121.2500,1170900,95.9604
2020-05-27,121.2600,121.5200,121.1600,121.3700,1079300,96.0553
2020-05-28,121.4000,121.7700,121.3400,121.7500,967800,96.3561
2020-05-29,121.7800,121.9800,121.6000,121.8000,2454500,96.3956
2020-06-01,121.8300,121.9700,121.7500,121.9500,1528000,96.5143
2020-06-02,121.9000,121.9300,121.5200,121.6800,1031900,96.3006
2020-06-03,121.4600,121.4700,121.0800,121.2800,1743600,95.9841
2020-06-04,121.1700,121.2100,120.7900,120.8200,1541500,95.6200
2020-06-05,120.5900,120.8400,120.2600,120.8100,1451600,95.6121
2020-06-08,120.7700,121.0700,120.7600,121.0700,1572700,95.8179
2020-06-09,121.6000,121.6900,121.1600,121.1900,1943600,95.9129
2020-06-10,121.6600,122.1500,121.5500,122.1200,1472000,96.6489
2020-06-11,122.2700,122.4500,122.1100,122.1600,1569800,96.6805
2020-06-12,122.0100,122.1300,121.7700,121.8300,1450900,96.4194
2020-06-15,122.0300,122.0800,121.8200,121.8800,1898700,96.4590
2020-06-16,121.7100,121.9800,121.5100,121.8200,2475800,96.4114
2020-06-17,121.7100,121.8100,121.5800,121.7400,1574600,96.3481
2020-06-18,121.9400,122.3600,121.8200,122.2900,1553800,96.7834
2020-06-19,122.2100,122.5300,122.1800,122.5300,1673400,96.9734
2020-06-22,122.6400,122.8400,122.5800,122.8400,1612300,97.2187
2020-06-23,122.9000,122.9500,122.8100,122.9100,1556800,97.2741
2020-06-24,122.8900,123.0200,122.7100,122.7400,1152100,97.1396
2020-06-25,122.8400,122.9700,122.7400,122.8500,1291000,97.2266
2020-06-26,122.9600,123.0800,122.9100,123.0600,1017400,97.3928
2020-06-29,123.0800,123.2000,123.0400,123.2000,959700,97.5036
2020-06-30,123.2800,123.3600,122.8100,123.0000,2665300,97.3453
2020-07-01,122.8600,123.0800,122.7200,123.0800,1755100,97.4087
2020-07-02,123.1300,123.6000,122.9700,123.4200,1557800,97.6777
2020-07-06,123.3400,123.7000,123.1900,123.6600,1295700,97.8677
2020-07-07,123.7100,123.8000,123.4400,123.6900,1148200,97.8914
2020-07-08,123.5500,123.6900,123.4700,123.4700,1223100,97.7173
2020-07-09,123.5500,123.9200,123.5000,123.7900,1168200,97.9706
2020-07-10,123.8500,123.9000,123.6300,123.6600,832000,97.8677
2020-07-13,123.5000,123.9300,123.4000,123.9300,1041000,98.0814
2020-07-14,124.0900,124.2400,123.9200,123.9500,1037600,98.0972
2020-07-15,123.8500,124.0700,123.8200,123.8800,1098400,98.0418
2020-07-16,124.0900,124.1800,123.9900,124.1300,950900,98.2397
2020-07-17,124.2700,124.3600,124.1700,124.3600,1058800,98.4217
2020-07-20,124.6500,124.7500,124.4500,124.5300,1543800,98.5562
2020-07-21,124.7500,124.8700,124.6500,124.8100,1066500,98.7778
2020-07-22,125.1300,125.1300,124.8100,124.8100,1595300,98.7778
2020-07-23,125.0000,125.0700,124.7300,124.8700,2465500,98.8253
2020-07-24,124.8600,124.9800,124.8100,124.8400,1168000,98.8016
2020-07-27,125.0000,125.0500,124.7800,124.8400,1888800,98.8016
2020-07-28,124.8800,125.0800,124.8600,125.0700,853200,98.9836
2020-07-29,125.1100,125.3600,125.0900,125.3600,1080100,99.2131
2020-07-30,125.4700,125.5100,125.3400,125.4900,1497300,99.3160
2020-07-31,125.5400,125.9200,125.3700,125.8600,2701700,99.6088
2020-08-03,125.8500,126.0300,125.7600,126.0300,3755800,99.7434
2020-08-04,126.2600,126.3700,126.1400,126.3100,1536500,99.9649
2020-08-05,126.2700,126.4600,126.2600,126.3700,1778700,100.0124
2020-08-06,126.6500,126.8800,126.4400,126.5100,1895900,100.1233
2020-08-07,126.5900,126.6000,126.1000,126.1700,2206800,99.8541
2020-08-10,126.3900,126.4100,125.9800,126.0200,1692400,99.7355
2020-08-11,125.7900,125.8300,125.5700,125.7400,2608600,99.5138
2020-08-12,125.8400,125.9500,125.6300,125.8200,2302200,99.5771
2020-08-13,125.9000,126.0500,125.4600,125.5000,1879700,99.3239
2020-08-14,125.4800,125.5200,125.2900,125.2900,2057200,99.1577
2020-08-17,125.4800,125.6400,125.4000,125.5600,1587400,99.3714
2020-08-18,125.8100,126.1300,125.7400,126.1200,1388200,99.8146
2020-08-19,126.3800,126.5100,125.7000,125.7400,2010900,99.5138
2020-08-20,125.8600,126.1500,125.3300,125.6200,1650300,99.4189
2020-08-21,125.8100,126.0500,125.7000,126.0500,2029400,99.7592
2020-08-24,126.3900,126.4800,126.2600,126.3000,2014100,99.9571
2020-08-25,126.1400,126.3500,125.9000,126.2600,2188200,99.9254
2020-08-26,126.3200,126.5400,126.1700,126.5100,1316200,100.1233
2020-08-27,126.4300,126.4600,125.9200,126.0100,1804700,99.7275
2020-08-28,126.4100,126.6100,126.2200,126.4100,2553500,100.0441
2020-08-31,126.6500,127.1500,126.5800,126.9800,3307900,100.4952
2020-09-01,127.0400,127.2100,126.8300,127.0500,3560800,100.5506
2020-09-02,127.2300,127.2800,126.9500,127.1000,3262400,100.5902
2020-09-03,126.9800,127.0100,126.5600,126.6600,2666100,100.2420
2020-09-04,126.7400,126.7400,126.1100,126.2700,2048300,99.9333
2020-09-08,126.3400,126.5500,126.3300,126.3900,1821400,100.0283
2020-09-09,126.6500,126.8100,126.3200,126.4600,2012100,100.0837
2020-09-10,126.4600,126.5800,126.3100,126.5700,1845100,100.1707
2020-09-11,126.6000,126.6700,126.4300,126.5000,1634800,100.1153
2020-09-14,126.4900,126.6100,126.3300,126.4200,1450000,100.0520
2020-09-15,126.4200,126.5900,126.4000,126.5100,1797600,100.1233
2020-09-16,126.6700,126.8200,126.4700,126.5100,2265000,100.1233
2020-09-17,126.5400,126.6200,126.3500,126.5800,1949700,100.1786
2020-09-18,126.6700,126.6800,126.4600,126.4700,1311800,100.0916
2020-09-21,126.4800,126.5700,126.2100,126.2400,4146000,99.9096
2020-09-22,126.2600,126.3900,126.1300,126.2800,2661200,99.9412
2020-09-23,126.3100,126.3800,126.0800,126.1500,2519400,99.8383
2020-09-24,126.1400,126.2600,126.0900,126.2400,3391000,99.9096
2020-09-25,126.2000,126.4100,126.1500,126.4100,2756300,100.0441
2020-09-28,126.5500,126.6900,126.4800,126.6700,2220900,100.2499
2020-09-29,126.7700,126.9500,126.7100,126.8800,1141400,100.4161
2020-09-30,126.9000,126.9000,126.4900,126.5000,6230600,100.1153
2020-10-01,126.0700,126.3000,125.9300,126.0600,10675700,100.0971
2020-10-02,126.1000,126.1500,125.9700,126.0800,3120100,100.1130
2020-10-05,126.0600,126.0600,125.6900,125.7000,2675300,99.8112
2020-10-06,125.8000,125.9400,125.5500,125.7200,2184700,99.8271
2020-10-07,125.7500,125.8100,125.6100,125.7100,1491200,99.8191
2020-10-08,125.9500,126.2100,125.8700,126.2100,1923000,100.2162
2020-10-09,126.1900,126.2700,126.0000,126.2500,1912700,100.2479
2020-10-12,126.1900,126.3400,126.1600,126.3300,1263600,100.3114
2020-10-13,126.2900,126.4700,126.2600,126.3300,1761000,100.3114
2020-10-14,126.4900,126.5100,126.2500,126.3300,1135300,100.3114
2020-10-15,126.3700,126.3800,126.2200,126.2900,923100,100.2797
2020-10-16,126.3600,126.4200,126.2500,126.3400,1468800,100.3194
2020-10-19,126.2100,126.2600,126.0400,126.0400,1577600,100.0812
2020-10-20,126.0500,126.1100,125.8700,125.9300,2015700,99.9939
2020-10-21,126.0100,126.0500,125.8800,125.8900,1617500,99.9621
2020-10-22,125.9000,125.9000,125.6600,125.7000,2517000,99.8112
2020-10-23,125.7200,125.8800,125.6500,125.8500,2846900,99.9303
2020-10-26,125.9800,126.0300,125.8400,125.9500,2135600,100.0097
2020-10-27,126.1200,126.2400,126.1200,126.2000,1521300,100.2082
2020-10-28,126.1400,126.1600,125.9400,126.0400,2275700,100.0812
2020-10-29,125.9700,125.9700,125.5900,125.6100,2698400,99.7397
2020-10-30,125.6100,125.6600,125.1700,125.2300,3330300,99.4380
2020-11-02,125.2500,125.4600,125.2000,125.3700,6642000,99.8026
2020-11-03,125.2900,125.2900,124.9700,125.2700,5226500,99.7230
2020-11-04,125.6000,125.6800,125.3500,125.4800,4789700,99.8902
2020-11-05,125.5800,125.6700,125.4600,125.5800,3977000,99.9698
2020-11-06,125.3000,125.3000,124.9700,125.0100,2495900,99.5160
2020-11-09,124.6100,124.6800,124.3200,124.6500,3235600,99.2294
2020-11-10,124.6900,124.9800,124.6400,124.7700,2641400,99.3250
2020-11-11,124.8900,124.9900,124.8100,124.9900,1309000,99.5001
2020-11-12,125.2000,125.3500,125.1200,125.3400,1726600,99.7787
2020-11-13,125.4500,125.4500,125.2300,125.3300,1362600,99.7708
2020-11-16,125.3000,125.4100,125.1100,125.1600,2750800,99.6354
2020-11-17,125.3100,125.4000,125.2400,125.3700,1310200,99.8026
2020-11-18,125.5000,125.5800,125.2600,125.4100,1385900,99.8345
2020-11-19,125.5200,125.6500,125.3600,125.5400,4095400,99.9379
2020-11-20,125.6400,125.8300,125.5900,125.8200,1137500,100.1608
2020-11-23,125.7400,125.8000,125.6400,125.7200,1331200,100.0812
2020-11-24,125.7200,125.8100,125.6400,125.7600,1662300,100.1131
2020-11-25,125.9300,126.0500,125.8800,125.9700,1045600,100.2802
2020-11-27,126.0700,126.2800,126.0700,126.2800,1015400,100.5270
2020-11-30,126.3400,126.5100,126.2200,126.4200,3271000,100.6385
2020-12-01,126.1200,126.1700,125.8000,126.0000,6034200,100.4097
2020-12-02,125.8600,126.1200,125.6800,126.0900,3320300,100.4815
2020-12-03,126.3500,126.4700,126.2100,126.4400,3802200,100.7604
2020-12-04,126.2300,126.2700,126.0100,126.1700,1773400,100.5453
2020-12-07,126.4900,126.6700,126.4400,126.5000,3853700,100.8082
2020-12-08,126.7100,126.8000,126.6100,126.7100,1535400,100.9756
2020-12-09,126.6700,126.6800,126.5100,126.5500,2271100,100.8480
2020-12-10,126.6900,126.8500,126.6200,126.8400,2169200,101.0792
2020-12-11,126.8500,126.9300,126.7000,126.8300,1228400,101.0712
2020-12-14,126.6800,126.9100,126.5700,126.8300,1327400,101.0712
2020-12-15,126.8800,127.0600,126.8300,127.0600,1766300,101.2545
2020-12-16,126.9000,127.1200,126.7900,127.0500,1915400,101.2465
2020-12-17,127.3300,127.3900,127.0100,127.1000,1410500,101.3047
2020-12-18,127.1500,127.2400,127.0000,127.0400,1912000,101.2569
2020-12-21,127.1400,127.1900,126.9800,127.0200,1705700,101.2409
2020-12-22,127.1500,127.1700,127.0300,127.1400,947600,101.3366
2020-12-23,126.9400,127.2000,126.7500,127.2000,1639500,101.3844
2020-12-24,127.2700,127.3200,127.2100,127.2500,768900,101.4243
2020-12-28,127.2100,127.3500,127.1100,127.3400,1081200,101.4960
2020-12-29,127.1800,127.2900,127.1600,127.2800,1321500,101.4482
2020-12-30,127.1800,127.3900,127.1300,127.3800,2329400,101.5279
2020-12-31,127.4300,127.6800,127.3900,127.6500,2360900,101.7431
2021-01-04,127.4900,127.9200,127.4600,127.7900,3859900,101.8547
2021-01-05,127.6900,127.8000,127.5800,127.7500,3888000,101.8228
2021-01-06,127.5200,127.5200,127.1300,127.3700,3917200,101.5199
2021-01-07,127.1800,127.3700,127.1800,127.2900,3264000,101.4561
2021-01-08,127.1500,127.1800,126.5800,126.7900,2292500,101.0576
2021-01-11,126.4600,126.6000,126.3600,126.5200,2786800,100.8424
2021-01-12,126.6900,126.8000,126.4000,126.6900,3489100,100.9779
2021-01-13,126.7800,127.1400,126.6900,126.9700,2524100,101.2011
2021-01-14,126.9700,127.1500,126.8500,127.0300,2214400,101.2489
2021-01-15,127.1700,127.2400,127.0600,127.1700,2681100,101.3605
2021-01-19,127.3500,127.5200,127.1600,127.4700,2581100,101.5996
2021-01-20,127.4700,127.7100,127.4000,127.6600,2619800,101.7511
2021-01-21,127.6600,127.9700,127.5000,127.9700,3029400,101.9981
2021-01-22,127.8400,127.9000,127.7300,127.7700,1648100,101.8387
2021-01-25,127.9400,128.2300,127.8900,128.1000,2102900,102.1017
2021-01-26,128.1100,128.1500,127.8200,127.9100,2696200,101.9503
2021-01-27,127.9700,128.0500,127.8200,127.8700,2070300,101.9184
2021-01-28,128.0200,128.1600,127.9200,128.1200,1823800,102.1177
2021-01-29,128.1300,128.2700,127.7400,127.9900,3341300,102.0141
2021-02-01,127.8500,127.9400,127.7100,127.7100,7800000,101.7909
2021-02-02,127.6800,128.0200,127.5900,127.9000,3343600,101.9423
2021-02-03,127.8800,127.9800,127.8300,127.8300,1888700,101.8865
2021-02-04,127.7000,127.8900,127.5800,127.7400,1943800,101.8148
2021-02-05,127.7100,127.8100,127.6100,127.7100,1734000,101.7909
2021-02-08,127.7400,127.9500,127.6400,127.8300,2188800,101.8865
2021-02-09,127.9300,128.0200,127.8400,127.9000,2434400,101.9423
2021-02-10,127.9100,128.0400,127.8700,128.0100,1599000,102.0300
2021-02-11,128.0600,128.0600,127.7300,127.8600,1802900,101.9105
2021-02-12,127.7500,127.8500,127.5600,127.6500,1995300,101.7431
2021-02-16,127.3300,127.4800,126.9800,127.0300,2828100,101.2489
2021-02-17,127.1300,127.1800,126.8600,126.9800,2404700,101.2090
2021-02-18,126.8000,126.8000,126.4400,126.4500,2611800,100.7866
2021-02-19,126.2300,126.3100,125.5500,125.9100,3543500,100.3562
2021-02-22,125.8600,126.0300,125.7800,125.9000,2735700,100.3483
2021-02-23,125.9200,126.0700,125.7200,125.9300,3199400,100.3722
2021-02-24,125.6300,125.9600,125.5400,125.8300,3131500,100.2924
2021-02-25,125.2900,125.3700,123.5100,124.2900,7721400,99.0650
2021-02-26,124.4900,125.8300,124.3000,125.8300,6399400,100.2924
2021-03-01,125.6000,125.7900,125.1800,125.4100,13489200,99.9577
2021-03-02,125.3400,125.9500,125.3400,125.9200,3671500,100.3642
2021-03-03,125.6700,125.7400,125.4500,125.6000,4606700,100.1092
2021-03-04,125.7000,125.7700,124.8900,125.1200,5701600,99.7266
2021-03-05,124.9400,125.4000,124.9100,125.2500,2570700,99.8302
2021-03-08,125.1900,125.2300,124.5600,124.5600,3776600,99.2802
2021-03-09,125.1600,125.3400,125.0200,125.3400,1801500,99.9019
2021-03-10,125.4000,125.9100,125.4000,125.9100,1828000,100.3562
2021-03-11,126.0000,126.1000,125.7700,126.0200,1612600,100.4439
2021-03-12,125.2800,125.2800,124.8600,125.0300,2812300,99.6548
2021-03-15,125.0900,125.4600,125.0200,125.4000,2098100,99.9497
2021-03-16,125.6500,125.7800,125.4500,125.6600,1831300,100.1569
2021-03-17,125.4200,125.7300,125.0900,125.5500,2518500,100.0693
2021-03-18,124.8600,124.9900,124.6600,124.6600,4499200,99.3599
2021-03-19,124.6000,124.9400,124.5400,124.9000,1474300,99.5512
2021-03-22,125.1000,125.5200,125.0900,125.5000,1424600,100.0294
2021-03-23,125.5000,125.7700,125.4000,125.7600,2294100,100.2366
2021-03-24,125.7700,126.1000,125.7200,126.0900,1482500,100.4997
2021-03-25,126.1000,126.2100,125.8600,126.0000,2120500,100.4279
2021-03-26,125.9800,126.2700,125.9700,126.0300,1658600,100.4518
2021-03-29,126.1500,126.1500,125.5700,125.6900,1629000,100.1808
2021-03-30,125.3900,125.5600,125.3200,125.4700,1597100,100.0055
2021-03-31,125.5700,125.8000,125.3100,125.5000,2781800,100.0294
2021-04-01,125.3800,125.5900,125.2700,125.5600,3026600,100.3171
2021-04-05,125.0900,125.2500,124.9900,125.2000,2094900,100.0294
2021-04-06,125.3500,125.5300,125.2700,125.2700,2050100,100.0853
2021-04-07,125.4100,125.6000,125.3300,125.3500,1519600,100.1493
2021-04-08,125.5700,125.7100,125.5000,125.6300,1299600,100.3730
2021-04-09,125.4600,125.5700,125.2700,125.3600,2891500,100.1572
2021-04-12,125.3800,125.4300,125.2500,125.3800,1504700,100.1732
2021-04-13,125.5900,125.8500,125.5100,125.8400,2062600,100.5407
2021-04-14,125.7000,125.8900,125.6600,125.8400,1890100,100.5407
2021-04-15,126.2200,126.5700,126.2200,126.5200,2047400,101.0840
2021-04-16,126.3600,126.5900,126.3000,126.4800,1980900,101.0521
2021-04-19,126.3000,126.3600,126.1500,126.2600,1829400,100.8763
2021-04-20,126.0400,126.3900,126.0400,126.3400,1262000,100.9402
2021-04-21,126.3400,126.4700,126.2600,126.4600,2158300,101.0361
2021-04-22,126.6000,126.6900,126.3700,126.6100,2036200,101.1559
2021-04-23,126.6700,126.6800,126.4100,126.6700,1564200,101.2039
2021-04-26,126.5600,126.7800,126.5200,126.7400,1708800,101.2598
2021-04-27,126.8400,126.9000,126.6300,126.7300,5229700,101.2518
2021-04-28,126.9700,127.1600,126.7900,127.1300,2787900,101.5714
2021-04-29,126.9300,127.0700,126.8000,127.0700,2167400,101.5235
2021-04-30,126.9600,127.0600,126.8400,126.9900,2351500,101.4596
2021-05-03,126.5600,126.8600,126.5100,126.7900,6701000,101.7122
2021-05-04,127.1800,127.2900,126.9400,127.0800,5103200,101.9449
2021-05-05,127.1300,127.6600,127.1300,127.6500,3928200,102.4021
2021-05-06,127.6600,127.8700,127.4500,127.5000,4559100,102.2818
2021-05-07,127.6500,127.9000,127.5700,127.7700,4880500,102.4984
2021-05-10,128.0100,128.2900,127.7800,127.8300,2745000,102.5465
2021-05-11,127.4700,127.6000,127.2800,127.4900,2535700,102.2738
2021-05-12,127.6900,127.7600,127.2500,127.2700,3611900,102.0973
2021-05-13,127.3500,127.4400,127.1700,127.3000,2992400,102.1214
2021-05-14,127.4900,127.7900,127.4500,127.7500,2595200,102.4824
2021-05-17,127.7600,128.0200,127.7000,128.0000,2225000,102.6829
2021-05-18,127.8500,128.0600,127.7800,127.8100,2486300,102.5305
2021-05-19,127.6400,127.7600,126.9400,126.9400,3527000,101.8326
2021-05-20,127.0900,127.2600,126.9500,127.0900,2583000,101.9529
2021-05-21,127.2700,127.3500,127.1000,127.3200,2021100,102.1374
2021-05-24,127.4300,127.6600,127.3800,127.6300,2740200,102.3861
2021-05-25,127.9200,128.0400,127.8400,127.9900,1545700,102.6749
2021-05-26,128.0000,128.0300,127.6100,127.7000,2570900,102.4423
2021-05-27,127.4600,127.6900,127.3700,127.6900,3046600,102.4342
2021-05-28,127.7700,127.9700,127.7000,127.7700,3884000,102.4984
2021-06-01,127.1700,127.4600,127.0200,127.4600,6261000,102.7976
2021-06-02,127.5100,127.5500,127.3000,127.3000,3177900,102.6686
2021-06-03,127.1200,127.1500,126.8700,126.8700,3777400,102.3218
2021-06-04,127.2500,127.5300,127.2500,127.4800,3445400,102.8138
2021-06-07,127.4900,127.5100,127.2000,127.2000,2713000,102.5879
2021-06-08,127.3900,127.4500,127.2600,127.3300,1870800,102.6928
2021-06-09,127.5200,127.6700,127.2300,127.3400,3332300,102.7008
2021-06-10,127.3900,128.0200,127.3200,128.0000,3485000,103.2332
2021-06-11,128.0400,128.1000,127.5100,127.6700,2573700,102.9670
2021-06-14,127.7200,127.7600,127.3700,127.6000,2169000,102.9105
2021-06-15,127.6400,127.8400,127.6100,127.8100,6562100,103.0799
2021-06-16,127.8800,128.2400,126.6400,126.6500,3990600,102.1444
2021-06-17,126.6500,127.1700,126.4500,127.1300,4873500,102.5315
2021-06-18,126.9900,127.2500,126.7100,127.1800,4629400,102.5718
2021-06-21,126.9700,127.0900,126.7900,126.9600,2607600,102.3944
2021-06-22,127.0400,127.6600,127.0300,127.6600,1933000,102.9589
2021-06-23,127.6500,127.7200,127.5000,127.6900,2633100,102.9831
2021-06-24,127.7100,127.7800,127.4400,127.4500,2077500,102.7896
2021-06-25,127.5600,127.6100,127.2800,127.5800,2426700,102.8944
2021-06-28,127.7800,127.9700,127.7700,127.7700,1780700,103.0476
2021-06-29,127.8100,127.9000,127.7500,127.8400,1613100,103.1041
2021-06-30,128.0100,128.2100,127.9900,128.0100,2726500,103.2412
2021-07-01,127.3500,127.3900,127.1600,127.3000,6201200,103.3411
2021-07-02,127.4600,127.8600,127.4100,127.8400,5318400,103.7794
2021-07-06,127.9800,128.2600,127.9600,128.1700,5628600,104.0473
2021-07-07,128.3600,128.4300,127.9900,128.0800,3739500,103.9743
2021-07-08,128.0200,128.0800,127.8400,127.9100,3737400,103.8363
2021-07-09,127.8000,127.9600,127.7200,127.9300,2704000,103.8525
2021-07-12,127.9900,128.3100,127.9300,128.2700,2775100,104.1285
2021-07-13,128.5800,128.6600,128.2100,128.2700,2543200,104.1285
2021-07-14,128.6700,128.7200,128.4200,128.6100,1730300,104.4045
2021-07-15,128.8700,129.0100,128.6300,129.0000,2419100,104.7211
2021-07-16,128.9600,129.1000,128.9400,129.0000,1607200,104.7211
2021-07-19,129.3500,129.5300,128.9900,129.0500,4835400,104.7617
2021-07-20,129.1600,129.2900,128.8800,129.0300,4167500,104.7455
2021-07-21,128.8100,128.8600,128.6000,128.7000,4654800,104.4776
2021-07-22,128.8200,129.1900,128.7600,129.0600,3061800,104.7698
2021-07-23,129.1900,129.6700,129.1500,129.6400,17991800,105.2407
2021-07-26,129.9100,130.2600,129.7600,130.2000,6587900,105.6953
2021-07-27,130.2000,130.2800,129.9700,130.1700,3591100,105.6709
2021-07-28,130.1200,130.6100,129.7200,130.6100,3485700,106.0281
2021-07-29,130.4800,130.6300,130.3700,130.3800,3453100,105.8414
2021-07-30,130.4900,130.6500,130.4500,130.5800,3894300,106.0037
2021-08-02,129.8800,130.1500,129.7800,129.8500,10418900,106.0421
2021-08-03,129.7400,129.9700,129.5700,129.9700,2642800,106.1401
2021-08-04,129.9700,130.0900,129.5200,129.7200,3618200,105.9360
2021-08-05,129.4300,129.4600,129.1100,129.2600,2912400,105.5603
2021-08-06,128.7700,129.0300,128.7200,128.9700,2789800,105.3235
2021-08-09,128.9500,129.0800,128.7200,128.7400,3077000,105.1357
2021-08-10,128.8200,128.9900,128.7300,128.8600,2786300,105.2336
2021-08-11,128.7900,129.1300,128.6400,129.0700,2780600,105.4051
2021-08-12,129.0300,129.0700,128.8300,128.9700,2904100,105.3235
2021-08-13,129.1100,129.3200,129.0600,129.3000,1947900,105.5930
2021-08-16,129.4100,129.5700,129.3600,129.4300,2545000,105.6991
2021-08-17,129.5000,129.5700,129.0800,129.0800,3217300,105.4133
2021-08-18,129.0900,129.1300,128.7900,129.1000,4831500,105.4296
2021-08-19,129.0800,129.1500,128.9000,129.1500,5415900,105.4705
2021-08-20,129.0700,129.1500,128.7300,128.7500,2270000,105.1438
2021-08-23,128.9800,129.0800,128.8900,129.0500,2436800,105.3888
2021-08-24,129.0500,129.2500,129.0000,129.0500,3136100,105.3888
2021-08-25,129.0800,129.1300,128.8800,129.0000,4473400,105.3480
2021-08-26,129.0500,129.0800,128.9000,129.0200,2627200,105.3643
2021-08-27,129.1500,130.0100,129.0500,129.9900,3107000,106.1565
2021-08-30,130.1500,130.2200,129.8100,129.9700,2765400,106.1401
2021-08-31,129.8400,129.8900,129.4700,129.5900,4555100,105.8298
2021-09-01,128.4800,128.7600,128.4100,128.7500,11817000,105.8758
2021-09-02,128.7200,128.8000,128.6600,128.8000,2925300,105.9169
2021-09-03,128.6900,128.7300,128.5700,128.6200,3100300,105.7689
2021-09-07,128.3600,128.5000,128.2300,128.3000,3480300,105.5058
2021-09-08,128.6800,128.8900,128.5900,128.8200,2281400,105.9334
2021-09-09,128.9900,129.5300,128.9100,129.5000,3040300,106.4926
2021-09-10,129.4500,129.5300,129.0700,129.1400,2426500,106.1965
2021-09-13,129.4600,129.4700,129.0600,129.1400,3171600,106.1965
2021-09-14,129.1200,129.4200,129.0400,129.2100,3987700,106.2542
2021-09-15,129.4700,129.5200,129.1500,129.2800,2575600,106.3117
2021-09-16,129.0900,129.1900,128.9900,129.0700,1554600,106.1390
2021-09-17,128.9500,128.9500,128.6400,128.7000,2162100,105.8347
2021-09-20,128.8600,128.9400,128.7100,128.8200,3272700,105.9334
2021-09-21,128.8600,128.9000,128.6300,128.7300,2819300,105.8594
2021-09-22,128.7600,128.9100,128.4600,128.6000,2912800,105.7525
2021-09-23,128.3500,128.4400,128.0200,128.1400,3702000,105.3742
2021-09-24,127.8900,127.9700,127.7000,127.8200,3238700,105.1111
2021-09-27,127.7600,128.0500,127.7600,127.8800,3169500,105.1604
2021-09-28,127.8000,127.8100,127.5800,127.6000,3809600,104.9302
2021-09-29,127.8000,127.9300,127.4700,127.6700,3307000,104.9877
2021-09-30,127.5000,127.7500,127.4000,127.6900,3764700,105.0042
2021-10-01,127.5800,127.8200,127.4800,127.8100,7280000,105.4596
2021-10-04,127.6800,127.8600,127.5800,127.8000,9127100,105.4514
2021-10-05,127.9400,128.0100,127.8200,127.9300,6185400,105.5587
2021-10-06,127.9700,128.0400,127.8100,127.8600,2864100,105.5009
2021-10-07,127.6500,127.7500,127.4800,127.7500,2616400,105.4101
2021-10-08,127.8100,127.8800,127.6500,127.7800,2843300,105.4349
2021-10-11,127.7500,127.9200,127.6700,127.7000,2967800,105.3689
2021-10-12,127.8900,128.1000,127.7600,127.9400,3651800,105.5669
2021-10-13,128.0700,128.5300,128.0300,128.5200,4373700,106.0455
2021-10-14,128.6700,128.8400,128.5400,128.7700,4197400,106.2518
2021-10-15,128.7400,128.7500,128.4400,128.5600,2197100,106.0785
2021-10-18,128.3500,128.4900,128.0800,128.2900,2868700,105.8557
2021-10-19,128.1200,128.1300,127.8700,127.9800,2126800,105.5999
2021-10-20,127.8700,128.3700,127.8400,128.2100,5177800,105.7897
2021-10-21,128.3400,128.6800,128.1400,128.5000,8850800,106.0290
2021-10-22,128.7400,128.8800,128.4600,128.7600,4742400,106.2435
2021-10-25,128.7700,129.1800,128.7600,129.0700,3460700,106.4993
2021-10-26,129.2000,129.5400,128.9800,129.5200,4175200,106.8706
2021-10-27,129.8000,130.2200,129.5600,130.1300,4194800,107.3739
2021-10-28,129.4700,129.6100,128.7800,129.0000,7306900,106.4416
2021-10-29,128.2100,128.8200,128.1400,128.6700,4994500,106.1692
2021-11-01,128.7000,128.7500,127.8600,128.0400,5649200,105.7497
2021-11-02,128.2700,128.5600,128.2300,128.5500,4797900,106.1709
2021-11-03,128.5000,128.8000,128.2300,128.3700,3335000,106.0222
2021-11-04,129.0500,129.2900,128.9400,129.2200,2985500,106.7243
2021-11-05,129.5200,129.7800,129.4000,129.6700,3862900,107.0959
2021-11-08,129.8800,130.1300,129.7900,130.1000,3581000,107.4511
2021-11-09,130.5600,130.9500,130.3600,130.8600,3084900,108.0788
2021-11-10,131.3000,131.3700,130.0000,130.4600,6254600,107.7484
2021-11-11,130.5700,130.6000,130.4000,130.4400,2426600,107.7319
2021-11-12,130.6100,130.9500,130.4000,130.4200,4085300,107.7154
2021-11-15,130.5500,130.7600,130.4100,130.4400,4261600,107.7319
2021-11-16,130.5300,130.6400,130.1400,130.2500,2772300,107.5750
2021-11-17,130.0800,130.5400,130.0000,130.5100,4037100,107.7897
2021-11-18,130.4300,130.7400,130.4300,130.5900,3099700,107.8558
2021-11-19,130.6600,130.9600,130.3000,130.3500,2518200,107.6575
2021-11-22,129.4300,129.7000,129.1000,129.3000,3503900,106.7903
2021-11-23,128.9900,129.0300,128.4300,128.8000,3859500,106.3774
2021-11-24,128.8700,129.2400,128.6100,129.2000,2725300,106.7078
2021-11-26,129.4000,129.8800,129.2500,129.8400,2056900,107.2363
2021-11-29,129.6900,129.9200,129.4700,129.5400,3803400,106.9886
2021-11-30,129.9600,130.2200,129.4000,129.6600,5051400,107.0877
2021-12-01,129.1500,129.2300,128.5700,129.0700,7504200,106.7535
2021-12-02,129.0700,129.5200,128.8900,129.4500,3391400,107.0678
2021-12-03,129.2700,129.9900,129.2300,129.7200,4030700,107.2911
2021-12-06,129.8500,129.9400,129.1000,129.1300,6855000,106.8032
2021-12-07,129.3700,129.5400,129.2000,129.3400,3824700,106.9769
2021-12-08,129.3000,129.3200,128.9700,129.1200,3123600,106.7949
2021-12-09,129.2600,129.3700,128.5600,128.5900,3774000,106.3565
2021-12-10,128.6300,128.8900,128.5400,128.5800,2247700,106.3483
2021-12-13,128.8300,129.1100,128.6800,128.7100,3605600,106.4558
2021-12-14,128.3800,128.4100,128.0200,128.3000,4148200,106.1167
2021-12-15,128.0900,128.4800,127.6900,128.4100,4290800,106.2076
2021-12-16,128.0100,128.0600,127.5700,127.8900,3896900,106.4290
2021-12-17,128.0200,128.1400,127.8300,127.9000,4022300,106.4373
2021-12-20,127.8600,127.9900,127.7800,127.8300,4403300,106.3791
2021-12-21,127.8400,128.1100,127.6000,128.1100,3902300,106.6121
2021-12-22,128.1300,128.7100,127.9900,128.5200,3170000,106.9533
2021-12-23,128.4900,128.5000,128.0500,128.2300,2785500,106.7119
2021-12-27,128.2700,128.7100,128.2200,128.6600,3388800,107.0698
2021-12-28,128.9700,129.0500,128.5400,128.5800,2866100,107.0032
2021-12-29,128.2800,128.7000,128.0200,128.6900,4320200,107.0947
2021-12-30,128.9400,129.3600,128.8100,129.3600,2926000,107.6523
2021-12-31,129.2200,129.3100,129.0700,129.2000,3820400,107.5192
2022-01-03,128.6900,128.7100,128.3800,128.4600,4573600,106.9034
2022-01-04,128.3200,128.4600,127.7600,127.9700,5740700,106.4956
2022-01-05,128.0200,128.0400,126.9200,126.9300,6622800,105.6301
2022-01-06,126.4500,126.4700,126.0000,126.3800,7615500,105.1724
2022-01-07,126.3300,126.4100,126.0400,126.2300,8132900,105.0476
2022-01-10,126.0300,126.4000,125.8500,126.3900,6633200,105.1807
2022-01-11,126.4200,127.2800,126.3500,127.2700,10839700,105.9130
2022-01-12,127.1100,127.1700,126.4300,126.4500,7161900,105.2307
2022-01-13,126.3200,126.6600,126.2300,126.4800,4735600,105.2556
2022-01-14,126.2600,126.3200,125.8500,125.9100,6159500,104.7813
2022-01-18,125.5400,125.6300,125.3000,125.3100,6517400,104.2819
2022-01-19,125.3700,125.4400,125.0500,125.0500,7744200,104.0656
2022-01-20,125.4200,125.6700,125.1700,125.2000,7190000,104.1904
2022-01-21,125.6900,126.0500,125.5400,125.9800,6552400,104.8395
2022-01-24,126.0500,126.3900,125.8700,126.2700,11250900,105.0809
2022-01-25,126.2400,126.4900,125.9600,126.0500,6601000,104.8978
2022-01-26,126.0700,126.2800,125.1400,125.2500,9557800,104.2320
2022-01-27,125.5700,125.8700,125.3700,125.7600,17300800,104.6564
2022-01-28,125.9400,126.3000,125.8700,126.2000,8506800,105.0226
2022-01-31,126.0800,126.5400,126.0700,126.5400,7743300,105.3056
2022-02-01,125.9000,125.9200,125.2500,125.2800,18785900,104.6199
2022-02-02,125.3000,125.6900,125.2400,125.4200,8558200,104.7368
2022-02-03,124.7800,124.9500,124.6000,124.6300,8142200,104.0771
2022-02-04,124.0800,124.2900,123.7800,123.9100,9560900,103.4759
2022-02-07,123.9600,123.9700,123.4800,123.8600,9979000,103.4341
2022-02-08,123.6500,123.8900,123.5400,123.7000,5654300,103.3005
2022-02-09,123.9500,124.2700,123.8200,123.9400,6164600,103.5009
2022-02-10,123.6300,123.7400,122.9200,122.9500,13043800,102.6742
2022-02-11,123.6300,124.1100,123.1000,124.0500,14075400,103.5928
2022-02-14,123.5400,124.0800,123.4300,123.7200,8381800,103.3172
2022-02-15,123.3700,123.4900,123.2000,123.2100,7243800,102.8913
2022-02-16,123.4600,123.6500,123.2900,123.4500,5819200,103.0917
2022-02-17,123.7000,123.9700,123.0700,123.7300,7624000,103.3256
2022-02-18,124.0300,124.1600,123.9200,124.1400,8066300,103.6679
2022-02-22,124.1900,124.5300,124.0800,124.5200,4772200,103.9853
2022-02-23,124.2700,124.8000,124.0700,124.6100,4752600,104.0604
2022-02-24,126.2600,126.5000,124.7700,125.1200,10218600,104.4864
2022-02-25,124.9200,125.0400,124.6300,125.0100,4615600,104.3945
2022-02-28,125.8400,127.2500,125.8300,127.1800,7282300,106.2066
2022-03-01,127.2900,128.3000,127.2800,127.8600,8968800,106.9671
2022-03-02,127.6200,127.7400,127.0000,127.0300,5829800,106.2727
2022-03-03,127.2000,127.4000,126.8400,126.8800,4892900,106.1472
2022-03-04,127.6600,128.4800,127.6600,127.8500,4735200,106.9587
2022-03-07,127.9400,128.7600,127.8900,128.5400,6720100,107.5359
2022-03-08,128.7500,129.4800,128.3300,129.1600,6291000,108.0546
2022-03-09,128.3300,128.5200,127.4100,127.8800,8093400,106.9838
2022-03-10,127.2800,127.8600,126.7800,127.6000,4035000,106.7495
2022-03-11,127.9900,128.6000,127.9500,128.5000,5043700,107.5025
2022-03-14,127.7700,127.7700,127.0800,127.0800,3650600,106.3145
2022-03-15,127.2100,127.2800,126.1100,126.1300,4662200,105.5198
2022-03-16,125.9200,126.1800,124.5500,125.4000,5880300,104.9090
2022-03-17,126.0300,127.1500,125.8300,127.1100,3732400,106.3396
2022-03-18,126.6400,127.3600,126.4800,126.7200,4485100,106.0133
2022-03-21,126.1200,126.4700,125.4500,125.6000,3459200,105.0764
2022-03-22,125.4500,125.6900,124.9600,125.0200,3683400,104.5911
2022-03-23,125.6200,126.6200,125.5700,126.5900,4621600,105.9046
2022-03-24,126.2400,126.5000,125.7700,125.8100,5085900,105.2520
2022-03-25,125.1100,125.3200,124.7300,124.9500,2761800,104.5326
2022-03-28,125.0200,125.3700,124.8000,124.8100,2815400,104.4154
2022-03-29,124.3400,124.8400,124.2900,124.3600,3139300,104.0390
2022-03-30,124.4400,125.0900,124.4100,124.9700,2728100,104.5493
2022-03-31,124.9400,125.5200,124.3500,124.5700,5546400,104.2147
2022-04-01,122.7500,123.5800,122.5400,123.0900,5399200,103.6404
2022-04-04,123.2300,123.3000,122.9000,123.0000,3284100,103.5647
2022-04-05,122.8700,122.9700,122.0700,122.1100,4752300,102.8153
2022-04-06,121.7900,122.0500,121.0400,121.5700,4662400,102.3606
2022-04-07,121.5400,121.7900,121.2000,121.4100,3109300,102.2259
2022-04-08,121.3000,121.6300,121.2400,121.6300,5256300,102.4111
2022-04-11,121.0100,121.4700,120.9000,121.4200,4074400,102.2343
2022-04-12,121.8200,122.1200,121.3900,121.4100,6454400,102.2259
2022-04-13,121.5600,121.7600,121.1200,121.1800,4781400,102.0322
2022-04-14,121.1500,121.3200,120.8300,121.1700,4916900,102.0238
2022-04-18,121.3300,121.3900,121.0200,121.1300,3969600,101.9901
2022-04-19,120.9100,121.0700,120.4300,120.5300,6102300,101.4849
2022-04-20,120.8200,121.5900,120.7400,121.4200,6580000,102.2343
2022-04-21,121.4000,121.9400,120.6800,121.9000,7096200,102.6385
2022-04-22,121.7800,122.3500,121.3500,121.4200,4678600,102.2343
2022-04-25,121.7900,122.0300,121.2800,121.3300,5231500,102.1585
2022-04-26,121.5600,121.7000,121.2400,121.5900,4330300,102.3775
2022-04-27,121.6800,121.7100,121.1500,121.3900,6335700,102.2091
2022-04-28,121.3800,122.1200,121.2900,122.0800,4564500,102.7900
2022-04-29,121.8500,122.2400,120.8200,121.0700,8607200,101.9396
2022-05-02,119.5500,119.6200,118.2500,118.3900,8579900,100.4614
2022-05-03,119.2900,119.6500,118.7900,118.8200,6260800,100.8263
2022-05-04,118.7600,120.0400,118.3100,119.7500,5375800,101.6155
2022-05-05,118.9500,119.1900,118.0900,118.4900,4817100,100.5463
2022-05-06,117.9400,118.6500,117.7400,118.1800,4995400,100.2832
2022-05-09,117.9400,117.9900,117.5200,117.7200,5652000,99.8929
2022-05-10,117.5800,117.9800,117.1300,117.1900,5760700,99.4431
2022-05-11,117.3600,118.7400,117.0200,118.6100,5965600,100.6481
2022-05-12,118.8500,119.0700,118.0200,118.1000,5169700,100.2153
2022-05-13,118.2100,118.7400,118.0100,118.7100,4551800,100.7330
2022-05-16,118.9900,119.0800,118.7000,118.7500,3105100,100.7669
2022-05-17,118.5600,118.6700,118.0500,118.1500,3363700,100.2578
2022-05-18,118.6300,119.1900,118.6100,118.9700,14954600,100.9536
2022-05-19,119.4200,119.5200,118.1700,118.5500,8812500,100.5972
2022-05-20,118.5100,118.7400,118.2900,118.6000,5597600,100.6396
2022-05-23,118.4300,118.7000,118.1600,118.1800,3149600,100.2832
2022-05-24,118.4000,119.0400,118.3500,118.8200,3232900,100.8263
2022-05-25,119.0700,119.0700,118.6000,118.9200,3612600,100.9112
2022-05-26,119.2300,119.6300,119.0600,119.4100,5993700,101.3270
2022-05-27,119.7400,119.8600,119.6100,119.7900,3204900,101.6494
2022-05-31,119.4400,119.4500,118.7800,118.9400,4760000,100.9281
2022-06-01,117.6000,117.6900,116.9900,117.0900,4283200,100.5135
2022-06-02,117.5000,117.6300,117.2600,117.6300,5457900,100.9771
2022-06-03,117.3100,118.3600,117.3100,118.3100,4692400,101.5608
2022-06-06,118.0100,118.0800,117.4700,117.5400,3466300,100.8998
2022-06-07,117.6700,117.9100,117.5700,117.8200,2638200,101.1402
2022-06-08,117.7000,117.8400,117.5300,117.5300,1961100,100.8912
2022-06-09,117.4500,117.6900,117.3100,117.5100,2866800,100.8741
2022-06-10,117.4300,117.5900,116.9400,116.9900,3241000,100.4277
2022-06-13,115.6300,115.8700,114.5800,115.0200,7081800,98.7366
2022-06-14,114.5000,114.5500,113.0100,113.4400,12801700,97.3802
2022-06-15,113.8700,115.2900,113.6800,115.0100,10128000,98.7280
2022-06-16,113.5800,114.9800,113.2500,114.6700,5934500,98.4361
2022-06-17,114.6100,114.8300,114.2600,114.7300,5015900,98.4876
2022-06-21,114.3400,114.6700,114.2300,114.3300,2628700,98.1442
2022-06-22,114.9100,115.1300,114.7900,114.9900,5163300,98.7108
2022-06-23,115.5400,115.7900,115.2000,115.3300,5523500,99.0027
2022-06-24,115.4600,115.8000,115.2800,115.4400,3581400,99.0971
2022-06-27,115.0900,115.3100,114.5800,114.6100,3885600,98.3846
2022-06-28,114.5700,114.6000,114.1200,114.2100,3469600,98.0412
2022-06-29,114.0300,114.5500,113.6900,114.0100,6274800,97.8696
2022-06-30,114.5800,114.7600,113.8900,113.9100,8033400,97.7837
2022-07-01,114.7900,115.4000,114.4900,115.1700,7041500,99.3582
2022-07-05,115.3000,115.3500,114.7100,114.8500,4716100,99.0821
2022-07-06,114.8200,114.8700,113.7700,113.8100,2909400,98.1849
2022-07-07,114.2800,114.2900,113.4800,113.6300,2511700,98.0296
2022-07-08,113.7400,113.8100,113.3400,113.5100,1919900,97.9261
2022-07-11,113.8300,114.1000,113.5800,113.6900,2034200,98.0814
2022-07-12,113.7300,114.1300,113.6300,113.6500,2604400,98.0468
2022-07-13,113.6100,114.5400,113.4700,114.2400,3245600,98.5558
2022-07-14,113.6400,114.1800,113.4700,113.9600,5758800,98.3143
2022-07-15,114.1900,114.7100,114.1000,114.6200,4638600,98.8837
2022-07-18,114.6700,114.7200,114.2700,114.4700,2302000,98.7542
2022-07-19,114.4300,114.6700,114.3200,114.3500,4571400,98.6507
2022-07-20,114.6900,114.8100,114.1500,114.2500,2787400,98.5645
2022-07-21,114.2900,114.9600,114.0000,114.9600,8560600,99.1770
2022-07-22,115.5600,116.1200,115.5200,115.9300,5918500,100.0138
2022-07-25,115.5800,115.9900,115.5600,115.7100,11366300,99.8240
2022-07-26,116.4400,116.5400,115.7000,115.7100,1796100,99.8240
2022-07-27,116.0000,116.7000,115.9600,116.4500,2378500,100.4624
2022-07-28,117.5000,117.6900,117.0900,117.6400,3283100,101.4890
2022-07-29,117.9200,118.4800,117.7800,118.2300,3256700,101.9980
2022-08-01,117.0400,117.3200,116.7700,117.1300,3576300,102.0451
2022-08-02,116.9000,117.1900,115.6000,115.7500,3650800,100.8428
2022-08-03,115.8000,116.4200,115.4900,116.3600,2442200,101.3742
2022-08-04,116.1500,116.4500,116.0400,116.3400,2238700,101.3568
2022-08-05,115.2500,115.4300,115.0800,115.1700,3098100,100.3375
2022-08-08,115.7500,116.0000,115.6900,115.9600,3473200,101.0258
2022-08-09,115.7800,115.8800,115.5700,115.6300,1453300,100.7383
2022-08-10,115.6800,116.0200,115.4200,115.4300,1950500,100.5640
2022-08-11,115.6200,115.7700,114.9500,115.0400,3714600,100.2242
2022-08-12,115.4800,115.5700,115.1600,115.4900,2563100,100.6163
2022-08-15,115.5400,115.6600,115.3700,115.3700,1950800,100.5117
2022-08-16,115.3900,115.4900,115.0900,115.4000,2658100,100.5379
2022-08-17,115.3100,115.3200,114.9000,115.0500,2086600,100.2330
2022-08-18,115.2900,115.8800,115.0200,115.6400,3706400,100.7470
2022-08-19,115.5000,115.6300,115.3400,115.4400,3423400,100.5727
2022-08-22,115.4700,115.4900,115.2000,115.2200,3771500,100.3811
2022-08-23,115.3000,115.7100,115.2000,115.4100,1664900,100.5466
2022-08-24,115.2300,115.4000,115.1100,115.3900,1795000,100.5292
2022-08-25,115.6500,115.8300,115.5300,115.7500,1468300,100.8428
2022-08-26,115.7200,115.8300,115.3300,115.5800,1887800,100.6947
2022-08-29,115.2300,115.2500,115.0200,115.1300,2117300,100.3027
2022-08-30,114.9500,115.2100,114.6900,114.9300,2144200,100.1284
2022-08-31,114.7500,114.9600,113.7200,113.9100,7620800,99.2398
2022-09-01,111.8400,112.0300,111.5100,111.6200,5405500,98.4880
2022-09-02,112.0600,112.3300,111.7300,112.2800,6140400,99.0704
2022-09-06,111.8100,111.8800,111.1800,111.2100,3399100,98.1262
2022-09-07,111.5100,111.6900,111.3400,111.6700,3352800,98.5321
2022-09-08,111.3800,111.5700,110.9800,111.0500,3303200,97.9851
2022-09-09,111.0600,111.2800,110.8500,111.1000,1903900,98.0292
2022-09-12,111.2000,111.2600,110.5200,110.7700,3090300,97.7380
2022-09-13,110.0700,110.4800,110.0700,110.4400,3606700,97.4468
2022-09-14,110.4800,110.7900,110.4500,110.7200,1815400,97.6939
2022-09-15,110.4700,110.6200,110.0900,110.1600,2617700,97.1998
2022-09-16,110.0000,110.1800,109.6400,109.7000,2758100,96.7939
2022-09-19,109.3300,109.5500,109.0300,109.2000,1639600,96.3527
2022-09-20,108.7700,109.1700,108.7200,109.0300,2118800,96.2027
2022-09-21,109.1600,109.4800,108.4500,109.2400,2939000,96.3880
2022-09-22,108.7100,108.7900,107.8700,108.0000,3088400,95.2939
2022-09-23,107.6000,107.8900,107.3900,107.5400,4059300,94.8880
2022-09-26,107.3500,107.3800,105.7900,105.8200,5419000,93.3704
2022-09-27,105.9700,106.0900,105.1100,105.2600,5123500,92.8763
2022-09-28,106.1500,107.1800,105.8100,107.1200,2881900,94.5175
2022-09-29,106.2100,106.4100,105.5400,105.6200,3468800,93.1939
2022-09-30,105.4800,105.6100,104.6300,104.9000,5533400,92.5586
2022-10-03,105.6100,106.5200,105.5100,106.2500,5368700,93.7498
2022-10-04,106.8900,107.0500,106.5400,106.6700,3470600,94.1204
2022-10-05,106.2700,106.3100,105.5800,105.8300,3467200,93.3792
2022-10-06,105.8500,105.9500,105.4500,105.4800,3821900,93.0704
2022-10-07,105.1600,105.7900,105.1400,105.5100,3308600,93.0968
2022-10-10,105.4300,105.5100,104.8800,104.9100,2910900,92.5674
2022-10-11,105.2600,105.9100,105.1800,105.5100,4508600,93.0968
2022-10-12,105.6100,105.8800,105.3400,105.7200,10208100,93.2821
2022-10-13,104.7900,105.8500,104.7900,105.6000,4180400,93.1763
2022-10-14,105.8500,105.8700,105.2900,105.6900,3884900,93.2557
2022-10-17,106.2500,106.4600,105.9000,105.9800,2767500,93.5116
2022-10-18,106.0400,106.1800,105.4500,105.7000,3003300,93.2645
2022-10-19,105.1100,105.3000,104.9200,105.1600,2803800,92.7880
2022-10-20,105.0800,105.4600,104.7700,105.0600,15171500,92.6998
2022-10-21,105.0000,105.7300,104.8600,105.3300,6788500,92.9380
2022-10-24,105.4000,105.8600,105.2500,105.5800,3027900,93.1586
2022-10-25,105.9800,106.2300,105.8200,106.0100,3423300,93.5380
2022-10-26,106.0500,106.4800,105.7100,105.8500,3923000,93.3968
2022-10-27,106.4100,106.7900,106.1200,106.6700,2817100,94.1204
2022-10-28,106.5900,106.9200,106.2900,106.5400,3409500,94.0057
2022-10-31,106.3700,106.6100,106.0100,106.3900,3145400,93.8733
2022-11-01,107.0600,107.0900,106.2100,106.3700,2175700,93.8557
2022-11-02,106.4800,107.0700,105.9900,106.1300,2056900,93.6439
2022-11-03,105.1600,105.5600,104.9100,104.9500,3149800,92.6027
2022-11-04,105.1900,105.5000,105.0600,105.3400,2209000,92.9468
2022-11-07,105.6400,105.7100,105.4200,105.4700,2295300,93.0615
2022-11-08,105.5800,105.8900,105.5000,105.6200,1681800,93.1939
2022-11-09,105.4800,105.7800,105.0700,105.4000,2280600,92.9998
2022-11-10,106.1600,107.1800,106.1600,107.1500,4163400,94.5439
2022-11-11,106.9700,107.1300,106.8100,107.0900,2465600,94.4910
2022-11-14,106.8500,106.8500,106.2300,106.3000,3491700,93.7939
2022-11-15,106.6600,107.1100,106.5500,106.9900,2397500,94.4027
2022-11-16,107.1600,107.3700,107.0700,107.2600,1985700,94.6410
2022-11-17,106.7800,106.8500,106.3600,106.5300,2853300,93.9968
2022-11-18,106.4300,106.5800,105.9000,105.9900,1851100,93.5204
2022-11-21,106.3800,106.6200,106.1100,106.5500,2194900,94.0145
2022-11-22,106.9900,107.1300,106.7400,106.9800,3023400,94.3939
2022-11-23,106.9300,107.5700,106.8900,107.5700,1786500,94.9145
2022-11-25,107.4800,107.5300,107.3600,107.4700,665300,94.8262
2022-11-28,107.4900,107.5900,107.0700,107.2200,3710000,94.6057
2022-11-29,106.8700,107.0800,106.6900,106.7600,2090100,94.1998
2022-11-30,106.8500,108.3700,106.6800,108.3400,4520200,95.5939
2022-12-01,108.4800,109.3800,108.4600,109.3700,9839800,96.6196
2022-12-02,108.8900,110.2000,108.5900,110.1800,3393800,97.3351
2022-12-05,109.4600,109.4800,108.7900,109.0500,3276700,96.3369
2022-12-06,109.0400,109.1500,108.7700,109.0300,4906900,96.3192
2022-12-07,109.1700,109.5300,108.9600,109.5000,2900600,96.7344
2022-12-08,109.5000,109.5500,109.2100,109.4700,3183900,96.7079
2022-12-09,108.9300,109.0600,108.3600,108.4300,2613000,95.7891
2022-12-12,108.7100,108.7800,108.4000,108.4400,2735800,95.7980
2022-12-13,109.1700,109.3100,108.6500,108.7600,4767700,96.0807
2022-12-14,108.6500,108.7600,108.0300,108.4900,2882400,95.8421
2022-12-15,108.2700,108.3400,107.7300,108.1600,2669900,95.8590
2022-12-16,107.5100,107.9700,107.4800,107.5800,2290100,95.3450
2022-12-19,107.5000,107.5100,107.1800,107.2100,2681700,95.0170
2022-12-20,107.0500,107.3400,106.9900,107.1800,2942600,94.9904
2022-12-21,107.8400,107.9000,107.4100,107.7600,6070000,95.5045
2022-12-22,107.7200,107.8000,107.1200,107.1700,3674600,94.9816
2022-12-23,107.0200,107.1100,106.7400,106.9300,2523500,94.7689
2022-12-27,106.7400,106.9300,106.4300,106.4400,2464500,94.3346
2022-12-28,106.6300,106.7800,106.2900,106.3200,3091400,94.2282
2022-12-29,106.5900,106.8400,106.5300,106.7600,3141300,94.6182
2022-12-30,106.3900,106.8000,106.2800,106.4400,4694700,94.3346
2023-01-03,107.2000,107.2500,106.6700,106.8200,3740300,94.6714
2023-01-04,107.1800,107.3000,106.7900,106.8900,3247800,94.7334
2023-01-05,106.4900,106.9500,106.3600,106.9200,2377500,94.7600
2023-01-06,107.0200,107.9500,106.9400,107.9000,3855300,95.6285
2023-01-09,107.9000,108.3500,107.8500,108.1500,2640200,95.8501
2023-01-10,107.8600,108.0000,107.6400,107.7100,2302000,95.4602
2023-01-11,107.8200,108.1800,107.7500,108.1700,7551700,95.8678
2023-01-12,108.4800,109.0300,108.1000,109.0200,3943700,96.6212
2023-01-13,108.7600,108.9300,108.0700,108.1700,2833100,95.8678
2023-01-17,107.8700,108.2100,107.8300,107.8600,2711500,95.5931
2023-01-18,108.6700,108.8000,108.4500,108.6000,3919000,96.2489
2023-01-19,108.6100,109.2900,108.4400,109.2700,4591500,96.8427
2023-01-20,108.5500,108.9100,108.5500,108.6500,2878100,96.2933
2023-01-23,108.5900,108.8100,108.5300,108.5500,3170400,96.2046
2023-01-24,108.7100,109.1900,108.5000,109.1700,2913900,96.7541
2023-01-25,109.1500,109.3900,108.9700,109.3900,2996900,96.9491
2023-01-26,109.3300,109.6100,109.2000,109.3800,4193500,96.9402
2023-01-27,109.0800,109.2600,109.0100,109.1400,2408700,96.7275
2023-01-30,108.9400,109.1100,108.6100,108.6100,2462300,96.2578
2023-01-31,108.8600,108.9000,108.3300,108.6500,4134300,96.2933
2023-02-01,108.9800,109.4900,108.4400,109.3800,5419300,96.9402
2023-02-02,109.6700,109.8100,109.1800,109.2300,5030900,96.8073
2023-02-03,108.6300,108.8400,108.1700,108.2100,5375200,95.9033
2023-02-06,107.8000,107.9600,107.7000,107.7800,5195500,95.5222
2023-02-07,107.8100,108.5500,107.7700,108.0600,3758700,95.7704
2023-02-08,108.2800,108.6700,108.1500,108.6200,2821200,96.2667
2023-02-09,108.7000,108.7600,108.0600,108.0700,2648200,95.7792
2023-02-10,108.1100,108.1600,107.6600,107.6800,3105600,95.4336
2023-02-13,107.7100,107.9400,107.6800,107.8600,2259000,95.5931
2023-02-14,107.7700,108.0100,107.1700,107.5000,3037800,95.2740
2023-02-15,107.4700,107.7300,107.3000,107.5000,2631900,95.2740
2023-02-16,107.3900,107.6600,107.2000,107.2400,4054900,95.0436
2023-02-17,107.0800,107.5100,107.0300,107.4500,5304300,95.2297
2023-02-21,107.1000,107.2600,106.8700,106.9700,2344000,94.8043
2023-02-22,107.3500,107.5100,106.8300,106.9100,5106800,94.7511
2023-02-23,107.0000,107.3800,106.9600,107.2600,3038100,95.0613
2023-02-24,106.7300,106.7700,106.3500,106.5600,3524300,94.4409
2023-02-27,106.7700,106.8700,106.6400,106.7800,1614400,94.6359
2023-02-28,106.6000,107.2600,106.5200,107.1800,3852500,94.9904
2023-03-01,106.8800,106.9800,106.5900,106.7800,5948400,94.6359
2023-03-02,106.6600,106.9100,106.6500,106.8600,3979000,94.7068
2023-03-03,107.2100,108.0100,107.1100,108.0100,3710700,95.7261
2023-03-06,107.9900,108.0200,107.4300,107.4300,3128600,95.2120
2023-03-07,107.3900,107.4300,106.6600,106.7500,3565900,94.6094
2023-03-08,106.8300,107.0300,106.2000,106.2400,4268100,94.1573
2023-03-09,106.5600,106.7500,106.4000,106.5200,4310100,94.4055
2023-03-10,107.2500,108.0900,107.2400,108.0900,5856500,95.7969
2023-03-13,108.8900,109.6400,108.3700,108.9100,6223200,96.5237
2023-03-14,108.9600,109.1600,108.2700,108.3100,5222800,95.9919
2023-03-15,109.1300,109.8900,108.9700,109.6300,5923000,97.1618
2023-03-16,109.9700,110.0100,108.3600,108.3900,7644200,96.0628
2023-03-17,108.7800,109.2300,108.6200,108.6200,4457300,96.2667
2023-03-20,108.9700,108.9700,108.4600,108.7200,2988800,96.3553
2023-03-21,108.4500,108.9100,108.3700,108.4900,2988900,96.1514
2023-03-22,108.7000,110.1100,108.6300,109.9800,5961800,97.4720
2023-03-23,109.9900,110.2200,109.7500,110.1800,5372300,97.6492
2023-03-24,110.3500,110.5100,109.8600,109.9000,8001000,97.4011
2023-03-27,109.4700,109.5400,109.0100,109.0400,6509500,96.6389
2023-03-28,109.1000,109.6200,109.0700,109.3800,3953300,96.9402
2023-03-29,109.2600,109.6000,109.2400,109.5900,2400900,97.1263
2023-03-30,109.6600,109.8200,109.6200,109.7000,2101300,97.2238
2023-03-31,109.8700,110.4400,109.7600,110.2500,5667300,97.7113
2023-04-03,110.3800,110.8000,110.1500,110.3200,6515100,97.8861
2023-04-04,110.1300,110.7700,110.1200,110.6400,4266100,98.1700
2023-04-05,110.9300,111.2600,110.7100,110.9000,5296400,98.4007
2023-04-06,111.0800,111.2600,110.9800,111.1500,3074800,98.6225
2023-04-10,110.5300,110.5900,110.3500,110.3600,2572900,97.9216
2023-04-11,110.5300,110.5700,110.3300,110.5500,2317600,98.0901
2023-04-12,110.3900,110.6800,110.2500,110.5900,3461900,98.1256
2023-04-13,110.7100,110.9300,110.2800,110.3200,3396900,97.8861
2023-04-14,110.0200,110.1600,109.7800,109.8400,3325700,97.4602
2023-04-17,109.8300,109.8800,109.3200,109.3400,4215800,97.0165
2023-04-18,109.3700,109.6000,109.3200,109.4500,3523900,97.1142
2023-04-19,109.3400,109.4500,109.1800,109.3400,4609500,97.0165
2023-04-20,109.6400,109.9000,109.6000,109.6900,3856700,97.3271
2023-04-21,109.9300,109.9800,109.5600,109.7400,2523200,97.3714
2023-04-24,109.9400,110.1900,109.9100,110.1600,1651400,97.7441
2023-04-25,110.4800,110.8500,110.4800,110.8100,3446500,98.3209
2023-04-26,110.7700,110.8800,110.3500,110.4200,3114100,97.9748
2023-04-27,110.3300,110.3800,109.9700,110.0500,2242800,97.6465
2023-04-28,110.2800,110.3900,109.9900,110.1800,4474500,97.7619
2023-05-01,109.3500,109.3900,108.5500,108.7000,3140600,96.9493
2023-05-02,108.9200,109.6000,108.9100,109.5300,3033700,97.6896
2023-05-03,109.6600,110.0800,109.6200,110.0300,3895900,98.1356
2023-05-04,109.8000,110.4800,109.7800,110.0000,4109800,98.1088
2023-05-05,109.7700,109.8800,109.5900,109.7800,1955000,97.9126
2023-05-08,109.4100,109.5000,109.3400,109.3700,2510600,97.5469
2023-05-09,109.3600,109.4100,109.1000,109.2100,2162400,97.4042
2023-05-10,109.4200,109.6800,109.3200,109.5700,2983400,97.7253
2023-05-11,109.9200,109.9900,109.6700,109.8100,5607100,97.9393
2023-05-12,109.8700,109.9300,109.3900,109.4200,1924300,97.5915
2023-05-15,109.3600,109.4100,109.2100,109.2600,2404800,97.4488
2023-05-16,109.1000,109.2200,108.8000,108.9700,4087900,97.1901
2023-05-17,109.0700,109.0900,108.8300,108.9200,2766900,97.1456
2023-05-18,108.6400,108.7800,108.4100,108.5600,6186100,96.8245
2023-05-19,108.3600,108.6700,108.1900,108.3000,3543300,96.5926
2023-05-22,108.3900,108.5200,108.0400,108.1000,3120200,96.4142
2023-05-23,108.0600,108.4700,108.0100,108.4300,3191000,96.7085
2023-05-24,108.6000,108.6400,108.0800,108.0900,2791700,96.4053
2023-05-25,107.9900,108.0500,107.5100,107.6000,4197100,95.9683
2023-05-26,107.6400,107.8000,107.4200,107.7300,3035100,96.0842
2023-05-30,107.9700,108.2100,107.8700,108.1600,4166100,96.4677
2023-05-31,108.2400,108.4000,108.0500,108.3000,6155400,96.5926
2023-06-01,108.0400,108.2100,107.9600,108.1600,5326300,96.7473
2023-06-02,108.1200,108.1500,107.6000,107.6300,2367500,96.2732
2023-06-05,107.5400,107.9800,107.4700,107.7700,2160500,96.3985
2023-06-06,107.7000,107.8600,107.5100,107.8300,2087000,96.4522
2023-06-07,107.8600,107.9500,107.2500,107.3300,3181600,96.0049
2023-06-08,107.5000,107.9000,107.4900,107.8600,2327600,96.4790
2023-06-09,107.7100,107.7700,107.5400,107.5600,1903300,96.2106
2023-06-12,107.6500,107.6600,107.3100,107.6500,3835000,96.2911
2023-06-13,107.6700,107.7900,107.0400,107.1000,2959000,95.7992
2023-06-14,107.4600,107.7400,107.1200,107.3700,2879900,96.0407
2023-06-15,108.0100,108.1800,107.8600,108.0500,3435000,96.6489
2023-06-16,107.6800,107.8700,107.4500,107.7700,2392000,96.3985
2023-06-20,107.8400,108.1000,107.8400,108.0000,2826300,96.6042
2023-06-21,107.7800,108.1200,107.6400,108.0100,3169900,96.6132
2023-06-22,107.7700,107.9600,107.5900,107.6300,4519900,96.2732
2023-06-23,108.2000,108.2300,107.8600,107.8900,2758200,96.5058
2023-06-26,108.1100,108.1500,107.8700,107.9400,2912500,96.5505
2023-06-27,108.0800,108.2300,107.5700,107.6400,3316800,96.2822
2023-06-28,107.8700,107.9800,107.6600,107.8600,3616900,96.4790
2023-06-29,107.2500,107.3200,107.0100,107.1500,2812800,95.8439
2023-06-30,107.2500,107.6700,107.1600,107.6200,6657300,96.2643
2023-07-03,107.2600,107.4200,106.9600,106.9900,1851800,96.1511
2023-07-05,106.8300,106.9200,106.3900,106.4800,2609300,95.6927
2023-07-06,106.0100,106.1000,105.5900,105.9200,3030500,95.1895
2023-07-07,105.8900,106.1400,105.8300,105.8500,2395600,95.1266
2023-07-10,105.9400,106.1900,105.9100,106.1000,1965300,95.3512
2023-07-11,106.1600,106.2100,105.9100,105.9800,1460400,95.2434
2023-07-12,106.4900,107.1800,106.4400,107.1500,3071800,96.2948
2023-07-13,107.5600,107.7000,107.3500,107.7000,2665700,96.7891
2023-07-14,107.4500,107.5500,107.0900,107.1300,2393100,96.2769
2023-07-17,107.2100,107.4400,107.1000,107.3300,1768300,96.4566
2023-07-18,107.4500,107.5600,107.2000,107.2800,1777500,96.4117
2023-07-19,107.3700,107.6500,107.2500,107.6500,1842700,96.7442
2023-07-20,107.4300,107.6200,107.1300,107.6100,17993300,96.7083
2023-07-21,107.7300,107.8300,107.5500,107.6100,3073400,96.7083
2023-07-24,107.6000,107.7200,107.4800,107.6600,2912400,96.7532
2023-07-25,107.6200,107.7300,107.2800,107.4700,2052500,96.5824
2023-07-26,107.4300,107.6000,107.2300,107.5100,2231400,96.6184
2023-07-27,107.3300,107.4400,106.5800,106.7200,2826500,95.9084
2023-07-28,106.7800,107.1300,106.7600,107.1300,1584800,96.2769
2023-07-31,107.0900,107.3100,106.9600,107.1600,5960700,96.3038
2023-08-01,106.5600,106.6200,106.2400,106.3000,2259800,95.7284
2023-08-02,106.0200,106.1700,105.7400,106.1100,2257100,95.5573
2023-08-03,105.6500,105.6900,105.4200,105.4500,2828200,94.9629
2023-08-04,105.8500,106.5100,105.8500,106.4700,2067500,95.8815
2023-08-07,106.4300,106.6500,106.3000,106.5600,8487200,95.9625
2023-08-08,106.7400,106.9100,106.4800,106.5400,1922100,95.9445
2023-08-09,106.5400,106.6100,106.4300,106.4900,1383000,95.8995
2023-08-10,106.5100,106.7000,105.9400,105.9400,2808000,95.4042
2023-08-11,105.7800,106.0300,105.7400,105.7900,1967200,95.2691
2023-08-14,105.7700,105.8500,105.5400,105.5700,1688600,95.0710
2023-08-15,105.5100,105.7200,105.2300,105.2400,1615700,94.7738
2023-08-16,105.2300,105.4000,104.9200,104.9300,2197800,94.4946
2023-08-17,105.0300,105.1000,104.7100,104.9000,2168400,94.4676
2023-08-18,105.0200,105.3200,105.0100,105.0800,1431000,94.6297
2023-08-21,104.7200,104.8200,104.5700,104.8000,1499800,94.3776
2023-08-22,104.8100,105.0000,104.7600,104.9800,1351000,94.5397
2023-08-23,105.3900,105.9300,105.3900,105.9300,5432600,95.3952
2023-08-24,105.6700,105.8500,105.3000,105.4500,9117500,94.9629
2023-08-25,105.3600,105.6600,105.1200,105.4300,3501800,94.9449
2023-08-28,105.6000,105.6100,105.3700,105.4900,1410900,94.9990
2023-08-29,105.3000,106.0800,105.3000,106.0100,2281400,95.4672
2023-08-30,106.0400,106.1000,105.8300,105.8500,1741200,95.3231
2023-08-31,105.9500,106.1300,105.8800,106.0700,6068200,95.5213
2023-09-01,105.6900,105.7000,105.1800,105.2000,1697100,95.0272
2023-09-05,105.1800,105.1900,104.8900,104.9900,1999600,94.8375
2023-09-06,105.1700,105.2100,104.7900,104.8300,2037700,94.6929
2023-09-07,105.0600,105.2500,105.0000,105.2100,1257400,95.0362
2023-09-08,105.4600,105.6300,105.3900,105.4500,1899300,95.2530
2023-09-11,105.2500,105.4100,105.2000,105.3500,1660200,95.1627
2023-09-12,105.3800,105.4600,105.3300,105.4000,1589300,95.2078
2023-09-13,105.4200,105.6700,105.4000,105.5400,2328400,95.3343
2023-09-14,105.5400,105.6300,105.2800,105.3700,1817900,95.1807
2023-09-15,105.1900,105.3000,105.0700,105.1100,1822200,94.9458
2023-09-18,105.0800,105.3500,105.0500,105.3300,1521400,95.1446
2023-09-19,105.1900,105.3000,105.0200,105.0300,2313000,94.8736
2023-09-20,105.2100,105.3600,104.8100,104.8100,1818500,94.6749
2023-09-21,104.3900,104.5400,104.2300,104.2600,6247300,94.1781
2023-09-22,104.3600,104.7200,104.3200,104.6200,1641800,94.5032
2023-09-25,104.1000,104.2100,103.8300,103.8300,1780100,93.7896
2023-09-26,103.8900,103.9300,103.4900,103.5700,2208800,93.5548
2023-09-27,103.8000,103.8800,103.2000,103.4000,2139400,93.4012
2023-09-28,103.2900,103.9500,103.0900,103.9300,1709800,93.8800
2023-09-29,104.2000,104.3200,103.6100,103.7200,5679300,93.6903
2023-10-02,103.2400,103.3600,102.8600,102.9200,6662900,93.1212
2023-10-03,102.6900,102.8200,102.1500,102.1900,5004600,92.4606
2023-10-04,102.4300,102.6800,102.3000,102.6400,2644600,92.8678
2023-10-05,102.7000,102.7600,102.4800,102.4900,2283200,92.7321
2023-10-06,101.8000,102.3800,101.7400,102.1200,2164800,92.3973
2023-10-09,102.6600,103.1900,102.5900,103.1300,1424000,93.3112
2023-10-10,102.8500,103.3000,102.7600,103.1700,3710500,93.3474
2023-10-11,103.4700,103.6600,103.3500,103.6300,2106900,93.7636
2023-10-12,103.5300,103.6100,102.8200,102.9700,2852600,93.1664
2023-10-13,103.7800,103.8600,103.5200,103.6400,2463800,93.7726
2023-10-16,103.2600,103.3900,103.1600,103.3400,1538400,93.5012
2023-10-17,102.7700,102.9700,102.6100,102.8400,1930800,93.0488
2023-10-18,102.7700,102.8900,102.4400,102.6200,1575400,92.8497
2023-10-19,102.3800,102.8900,102.3800,102.5300,12019700,92.7683
2023-10-20,102.6800,102.9500,102.6300,102.8400,3301500,93.0488
2023-10-23,102.4600,102.9400,102.3200,102.8600,2632000,93.0669
2023-10-24,102.7700,102.9800,102.5500,102.9500,2951400,93.1483
2023-10-25,102.6200,102.6600,102.4000,102.5200,2265400,92.7592
2023-10-26,102.6300,103.1100,102.5800,103.0700,1941900,93.2569
2023-10-27,103.0200,103.2400,102.8500,103.2200,2640900,93.3926
2023-10-30,102.8600,103.1600,102.7700,103.0600,1582200,93.2478
2023-10-31,103.1000,103.2400,102.7700,102.8000,5219300,93.0126
2023-11-01,102.5100,103.2800,102.4600,103.2400,3244500,93.8232
2023-11-02,103.8100,103.9800,103.5300,103.7100,2869700,94.2504
2023-11-03,104.4600,104.6300,104.2100,104.2400,3444000,94.7320
2023-11-06,104.0700,104.1200,103.8200,103.9700,2356100,94.4866
2023-11-07,104.1000,104.3900,104.0500,104.2500,1600400,94.7411
2023-11-08,104.1800,104.5000,104.1400,104.4800,1835300,94.9501
2023-11-09,104.2800,104.3300,103.5300,103.6000,2328000,94.1504
2023-11-10,103.8200,103.8600,103.5400,103.6400,2920900,94.1867
2023-11-13,103.3000,103.6000,103.1900,103.5700,1329700,94.1231
2023-11-14,104.4200,104.6400,104.2800,104.4200,2794300,94.8956
2023-11-15,104.0700,104.0800,103.7700,103.9700,2358300,94.4866
2023-11-16,104.1800,104.4900,104.1800,104.3500,2540100,94.8320
2023-11-17,104.5400,104.5800,104.2800,104.4600,2073700,94.9319
2023-11-20,104.3000,104.7900,104.2900,104.7700,1511500,95.2137
2023-11-21,104.6600,104.7400,104.2900,104.5500,7051400,95.0137
2023-11-22,104.6000,104.6700,104.3100,104.6500,1395400,95.1046
2023-11-24,104.3600,104.4200,104.1900,104.2100,498200,94.7048
2023-11-27,104.3900,104.5600,104.2500,104.5500,2231700,95.0137
2023-11-28,104.3700,104.9900,104.3600,104.9600,3241400,95.3863
2023-11-29,105.1900,105.4600,105.1100,105.3800,3617200,95.7680
2023-11-30,105.1900,105.2800,104.9700,105.1900,6295600,95.5953
2023-12-01,104.7900,105.5300,104.7900,105.4700,5444600,96.0836
2023-12-04,105.1400,105.2800,104.9300,105.0300,2523700,95.6828
2023-12-05,105.3400,105.7700,105.3400,105.6000,10909800,96.2021
2023-12-06,105.5500,105.7900,105.4700,105.7100,3262400,96.3023
2023-12-07,105.5800,105.9000,105.5800,105.6200,2956600,96.2203
2023-12-08,105.2300,105.5100,105.1100,105.4900,1657400,96.1019
2023-12-11,105.2200,105.2900,104.9800,105.2700,1898300,95.9015
2023-12-12,105.1500,105.3100,105.0400,105.2100,1860800,95.8468
2023-12-13,105.3000,106.6600,105.2500,106.6400,2778900,97.1495
2023-12-14,107.4900,108.0600,107.4800,107.8100,4948700,98.2154
2023-12-15,107.4000,107.7000,107.3500,107.6300,3185200,98.0514
2023-12-18,107.4600,107.5000,107.3100,107.3100,1608200,97.7599
2023-12-19,107.4400,107.6500,107.3100,107.3800,1624700,97.8237
2023-12-20,107.6300,107.8400,107.4500,107.8100,1843200,98.2154
2023-12-21,107.8200,107.9100,107.4800,107.6300,4795900,98.0514
2023-12-22,107.7700,107.7800,107.3200,107.4200,1187800,97.8601
2023-12-26,107.4400,107.5600,107.3900,107.4800,1307100,97.9148
2023-12-27,107.7300,108.0100,107.6700,107.9700,1472400,98.3612
2023-12-28,107.8200,108.0500,107.5900,107.6200,2011500,98.0423
2023-12-29,107.3800,107.7700,107.3600,107.4900,5159200,97.9239
2024-01-02,107.1600,107.4100,107.0700,107.3400,2635700,97.7872
2024-01-03,106.9500,107.5400,106.9100,107.5100,1920700,97.9421
2024-01-04,107.0500,107.1300,106.9400,107.0100,1897600,97.4866
2024-01-05,106.7800,107.2500,106.6800,106.7700,2040600,97.2680
2024-01-08,106.6800,107.2200,106.6800,107.0600,1399400,97.5322
2024-01-09,106.9200,107.1500,106.8500,106.8500,1535600,97.3408
2024-01-10,107.0300,107.0700,106.7400,106.7600,1427300,97.2589
2024-01-11,107.0500,107.3700,106.9400,107.3300,2352100,97.7781
2024-01-12,107.6000,107.8400,107.5400,107.7900,1741200,98.1972
2024-01-16,107.5000,107.6300,107.1000,107.2400,2383300,97.6961
2024-01-17,106.8900,107.0200,106.7500,106.9100,2933200,97.3955
2024-01-18,106.9200,107.0200,106.7500,106.9400,5550300,97.4228
2024-01-19,106.8700,107.0200,106.6700,107.0200,1461900,97.4957
2024-01-22,107.0200,107.2000,106.9900,107.0700,1443200,97.5413
2024-01-23,106.6200,106.7700,106.5100,106.7200,1191300,97.2224
2024-01-24,106.9200,106.9400,106.4600,106.4700,1282300,96.9947
2024-01-25,106.7700,106.8600,106.6200,106.8300,1717800,97.3226
2024-01-26,106.8600,106.8600,106.6500,106.7300,1706300,97.2315
2024-01-29,107.0000,107.2900,106.9400,107.2000,1275600,97.6597
2024-01-30,107.2500,107.3500,107.0100,107.1500,2152100,97.6141
2024-01-31,107.4800,107.8600,107.3300,107.8500,8965800,98.2518
2024-02-01,108.1400,108.5400,107.9500,108.0400,2966600,98.4249
2024-02-02,107.1600,107.2900,106.8000,107.0000,3070100,97.4775
2024-02-05,106.6100,106.7100,106.3400,106.4000,1869800,96.9309
2024-02-06,106.5100,106.9300,106.5000,106.7600,2163600,97.2589
2024-02-07,106.6400,106.8500,106.5600,106.5600,1489700,97.0767
2024-02-08,106.4400,106.5900,106.3700,106.4800,1603900,97.0038
2024-02-09,106.3100,106.4800,106.2700,106.3300,1506700,96.8671
2024-02-12,106.3400,106.4000,106.1900,106.3700,1134700,96.9036
2024-02-13,105.8900,106.0200,105.6800,105.6900,1771000,96.2841
2024-02-14,105.9500,106.2600,105.9500,106.1400,1606700,96.6940
2024-02-15,106.4200,106.4700,106.2600,106.2700,1894000,96.8125
2024-02-16,106.0200,106.1900,105.9900,106.1600,1063600,96.7122
2024-02-20,106.2300,106.3500,106.1800,106.2100,1013900,96.7578
2024-02-21,106.2400,106.3000,105.9800,106.0900,1772800,96.6485
2024-02-22,106.0300,106.2600,105.7700,105.9500,5515200,96.5209
2024-02-23,105.9200,106.3400,105.9200,106.2200,1160500,96.7669
2024-02-26,106.2400,106.2500,106.0200,106.1800,1413600,96.7305
2024-02-27,106.1900,106.3100,106.0200,106.0500,2781900,96.6121
2024-02-28,106.1900,106.4100,106.1500,106.3900,1485700,96.9218
2024-02-29,106.4800,106.7300,106.4700,106.7200,6257500,97.2224
2024-03-01,106.6100,107.1500,106.4200,107.1200,2949700,97.5868
2024-03-04,106.8500,107.0500,106.8300,107.0300,1857200,97.5048
2024-03-05,107.3500,107.6000,107.2600,107.5200,1512900,97.9512
2024-03-06,107.6000,107.8200,107.4900,107.5600,2931800,97.9877
2024-03-07,107.6500,107.6600,107.3600,107.5000,2014800,97.9330
2024-03-08,107.6700,107.7900,107.5300,107.5900,1313800,98.0150
2024-03-11,107.6300,107.6300,107.3700,107.4000,1928900,97.8419
2024-03-12,107.3600,107.3900,107.1700,107.1900,2379800,97.6506
2024-03-13,107.1700,107.2200,106.9700,107.0400,1696100,97.5140
2024-03-14,106.7900,106.7900,106.3400,106.3900,1954300,96.9218
2024-03-15,106.4400,106.5100,106.3200,106.3200,1288400,96.8580
2024-03-18,106.3200,106.3600,106.1500,106.2200,1908100,96.7669
2024-03-19,106.3700,106.5800,106.3300,106.3700,1518000,96.9036
2024-03-20,106.4300,106.8200,106.3700,106.7900,1758700,97.2862
2024-03-21,107.1800,107.2400,106.9000,106.9800,2337500,97.4593
2024-03-22,107.4800,107.4800,107.2900,107.3500,2385700,97.7964
2024-03-25,107.3200,107.3300,106.9900,107.0100,1902700,97.4866
2024-03-26,107.0300,107.1500,106.9200,107.0400,932200,97.5140
2024-03-27,107.1600,107.4500,107.1500,107.3700,1758100,97.8146
2024-03-28,107.1900,107.5500,107.1900,107.4100,2137800,97.8510
2024-04-01,107.0200,107.0300,106.6200,106.6500,1639800,97.2175
2024-04-02,106.4300,106.7100,106.2700,106.6800,1899400,97.2448
2024-04-03,106.3800,106.7000,106.3000,106.6800,1396200,97.2448
2024-04-04,106.8600,107.0900,106.6500,107.0800,1971100,97.6095
2024-04-05,106.7600,106.9600,106.6200,106.6300,1608800,97.1992
2024-04-08,106.5000,106.6500,106.4200,106.5900,1830200,97.1628
2024-04-09,106.8000,106.9200,106.7500,106.8700,1309500,97.4180
2024-04-10,106.3600,106.4300,105.8300,105.8400,2194300,96.4791
2024-04-11,106.0400,106.0700,105.6500,105.7500,5224100,96.3971
2024-04-12,106.2200,106.4000,106.1200,106.1200,5867200,96.7344
2024-04-15,105.7300,105.7800,105.4600,105.7800,1793900,96.4244
2024-04-16,105.4600,105.6200,105.3100,105.3500,4094600,96.0325
2024-04-17,105.4700,105.8400,105.4500,105.7600,2567400,96.4062
2024-04-18,105.7300,105.7400,105.4500,105.6200,1491900,96.2786
2024-04-19,105.8300,105.9200,105.7400,105.7800,1484700,96.4244
2024-04-22,105.5900,105.8300,105.5900,105.7900,1561200,96.4335
2024-04-23,105.6700,106.0600,105.6000,105.8900,2243100,96.5247
2024-04-24,105.7300,105.7700,105.5100,105.6700,1970900,96.3241
2024-04-25,105.2800,105.5600,105.2500,105.5100,2417600,96.1783
2024-04-26,105.7100,105.9100,105.7100,105.7800,1382600,96.4244
2024-04-29,105.9400,106.1200,105.8900,106.0400,1333900,96.6615
2024-04-30,105.7200,105.8400,105.4900,105.5300,3238400,96.1965
2024-05-01,105.0200,105.3600,104.6700,105.0100,3188300,96.3553
2024-05-02,105.0400,105.4700,105.0200,105.3900,2093000,96.7040
2024-05-03,106.0300,106.1200,105.6700,105.9300,2388300,97.1995
2024-05-06,105.9400,106.0400,105.8600,105.9800,1027400,97.2453
2024-05-07,106.2900,106.2900,105.9200,105.9600,2088700,97.2270
2024-05-08,105.8500,105.9400,105.7900,105.8400,1508100,97.1169
2024-05-09,105.8400,106.2500,105.8400,106.2200,2047100,97.4656
2024-05-10,106.1600,106.2200,105.9800,106.0500,1922100,97.3096
2024-05-13,106.1900,106.2400,106.0400,106.0900,1492900,97.3463
2024-05-14,106.1400,106.3200,106.1000,106.2900,1609500,97.5298
2024-05-15,106.6200,106.9200,106.5400,106.8300,2707600,98.0253
2024-05-16,106.9000,106.9100,106.6800,106.6800,1492400,97.8876
2024-05-17,106.6000,106.7300,106.5700,106.5800,2103100,97.7959
2024-05-20,106.4800,106.6100,106.4600,106.5400,2841700,97.7592
2024-05-21,106.7800,106.8400,106.7100,106.7400,1827900,97.9427
2024-05-22,106.5800,106.7900,106.5800,106.7200,2187700,97.9244
2024-05-23,106.7800,106.7800,106.2400,106.3100,1413600,97.5481
2024-05-24,106.2800,106.5000,106.2800,106.4400,592900,97.6674
2024-05-28,106.5900,106.6100,106.1000,106.1200,1829800,97.3738
2024-05-29,105.9200,105.9400,105.6600,105.8700,1883700,97.1444
2024-05-30,106.1600,106.3200,106.1500,106.2800,1055200,97.5206
2024-05-31,106.6100,106.7200,106.4500,106.7000,1867600,97.9060
2024-06-03,106.0300,106.4300,106.0100,106.4200,1880200,98.3190
2024-06-04,106.6000,106.8000,106.5200,106.7500,1787900,98.6238
2024-06-05,106.8500,107.0200,106.5800,107.0200,2253400,98.8733
2024-06-06,106.8600,106.9900,106.7800,106.9300,1778500,98.7901
2024-06-07,106.3000,106.3000,106.0500,106.0500,2165200,97.9771
2024-06-10,105.9800,106.0200,105.8600,105.9000,2040200,97.8385
2024-06-11,105.9900,106.2500,105.9000,106.1900,2400400,98.1065
2024-06-12,106.7800,106.9100,106.3000,106.3500,1989800,98.2543
2024-06-13,106.6300,107.0000,106.5800,106.7700,1906100,98.6423
2024-06-14,106.8700,107.0000,106.7700,106.9000,1395600,98.7624
2024-06-17,106.6500,106.7600,106.5700,106.7500,1020400,98.6238
2024-06-18,106.9900,107.2400,106.9400,107.1800,1401800,99.0211
2024-06-20,106.8100,107.2100,106.8000,107.2000,3173500,99.0396
2024-06-21,107.2900,107.3700,107.0200,107.0400,1022800,98.8918
2024-06-24,107.0700,107.1200,106.9600,107.1000,950100,98.9472
2024-06-25,107.0300,107.2300,107.0200,107.2300,2228700,99.0673
2024-06-26,106.8600,106.9700,106.7800,106.9100,1982200,98.7717
2024-06-27,107.1400,107.2400,107.0800,107.1100,779900,98.9564
2024-06-28,107.3500,107.3800,106.7600,106.7800,1960900,98.6516
2024-07-01,105.9900,106.3100,105.8500,105.9200,4132700,98.2591
2024-07-02,106.2500,106.3000,105.9900,106.1200,2341900,98.4447
2024-07-03,106.2700,106.6400,106.2700,106.5400,854300,98.8343
2024-07-05,106.8800,107.1400,106.7400,107.0200,1192500,99.2796
2024-07-08,106.9400,107.0900,106.8300,106.9800,1156500,99.2425
2024-07-09,106.9000,106.9600,106.6900,106.8200,4961700,99.0941
2024-07-10,106.9000,107.0400,106.8600,107.0200,1476000,99.2796
2024-07-11,107.4300,107.5200,107.2600,107.3400,1321100,99.5765
2024-07-12,107.4100,107.5200,107.2800,107.5100,1678800,99.7342
2024-07-15,107.4200,107.5700,107.3300,107.4400,930200,99.6692
2024-07-16,107.5900,107.8600,107.5300,107.7700,818200,99.9754
2024-07-17,107.7500,107.9000,107.6500,107.8100,956000,100.0125
2024-07-18,107.6800,107.8300,107.5600,107.5700,1272900,99.7898
2024-07-19,107.4600,107.4800,107.2900,107.3100,1948200,99.5486
2024-07-22,107.2900,107.3500,107.0100,107.1800,2347900,99.4280
2024-07-23,107.2000,107.3500,107.1100,107.1200,2039600,99.3724
2024-07-24,107.2300,107.3400,106.8000,106.8000,1252900,99.0755
2024-07-25,106.9400,107.2400,106.9300,107.0600,1073200,99.3167
2024-07-26,107.3600,107.4400,107.2300,107.4000,1458800,99.6321
2024-07-29,107.5900,107.6000,107.4200,107.5100,973300,99.7342
2024-07-30,107.6100,107.7100,107.4500,107.5900,693500,99.8084
2024-07-31,107.8900,108.2000,107.6400,108.1800,1585700,100.3557
2024-08-01,108.1900,108.4600,108.1200,108.1500,3247900,100.4886
2024-08-02,108.5900,108.8100,108.3800,108.6700,1393900,100.9717
2024-08-05,108.7200,109.1300,108.4300,108.9800,3172500,101.2598
2024-08-06,108.7200,108.7500,108.3300,108.3500,2115100,100.6744
2024-08-07,108.1900,108.3700,107.9500,108.0200,1239900,100.3678
2024-08-08,107.7900,107.9500,107.6500,107.9200,1189900,100.2749
2024-08-09,108.3100,108.3100,108.1100,108.2000,804900,100.5350
2024-08-12,108.1100,108.5300,108.0600,108.4900,611300,100.8045
2024-08-13,108.7300,108.7500,108.5800,108.7200,717700,101.0182
2024-08-14,108.7900,108.9500,108.6000,108.6600,516100,100.9624
2024-08-15,108.2100,108.4300,108.1400,108.4300,443800,100.7487
2024-08-16,108.6100,108.6300,108.3400,108.3900,840100,100.7116
2024-08-19,108.3700,108.6400,108.3700,108.4600,1159300,100.7766
2024-08-20,108.7000,108.9500,108.6500,108.8900,1449500,101.1762
2024-08-21,108.9900,109.2000,108.7900,109.1300,2223600,101.3991
2024-08-22,108.8200,108.8200,108.4700,108.7900,1018100,101.0832
2024-08-23,108.9300,109.4900,108.8600,109.3700,790400,101.6221
2024-08-26,109.5600,109.6100,109.3800,109.3800,1096600,101.6314
2024-08-27,109.1600,109.4600,109.1300,109.3800,1599400,101.6314
2024-08-28,109.4400,109.5100,109.3100,109.3700,687600,101.6221
2024-08-29,109.2300,109.2900,109.1300,109.2200,746100,101.4828
2024-08-30,109.1700,109.2500,108.8000,108.8700,1160900,101.1576
2024-09-03,109.1200,109.3700,109.0000,109.0600,2892600,101.3620
2024-09-04,109.0500,109.4000,109.0000,109.3500,2176700,101.6316
2024-09-05,109.5500,109.5500,109.2600,109.4200,6292500,101.6966
2024-09-06,109.6500,109.9900,109.4300,109.4900,2264200,101.7617
2024-09-09,109.5600,109.8100,109.4600,109.7400,1377500,101.9940
2024-09-10,109.6900,110.0200,109.6500,109.9800,2782200,102.2171
2024-09-11,110.0200,110.3300,109.9700,110.0500,1550000,102.2822
2024-09-12,109.9800,110.1400,109.8600,110.0700,1787300,102.3007
2024-09-13,110.5200,110.5300,110.3100,110.4400,1689400,102.6446
2024-09-16,110.6600,110.8700,110.5700,110.8200,944400,102.9978
2024-09-17,110.8500,110.9100,110.7200,110.7800,2195700,102.9606
2024-09-18,110.5900,111.0600,110.3300,110.3700,1191400,102.5796
2024-09-19,110.3300,110.7300,110.2800,110.7000,1789600,102.8863
2024-09-20,110.5100,110.6800,110.3200,110.5500,1088700,102.7469
2024-09-23,110.3600,110.6800,110.1900,110.5600,1208900,102.7561
2024-09-24,110.4700,110.8900,110.3800,110.8300,1880400,103.0071
2024-09-25,110.6200,110.6300,110.3900,110.4100,1181600,102.6168
2024-09-26,110.3900,110.4300,110.1100,110.2700,2141700,102.4866
2024-09-27,110.4800,110.6500,110.4000,110.5400,892400,102.7376
2024-09-30,110.5500,110.5900,110.2700,110.4700,1592400,102.6725
2024-10-01,110.6600,111.0300,110.6200,110.7100,3069000,103.0093
2024-10-02,110.3900,110.6800,110.3100,110.6100,2561600,102.9163
2024-10-03,110.3800,110.6300,110.1200,110.1400,1590600,102.4790
2024-10-04,109.5900,109.7200,109.3700,109.3900,1919500,101.7812
2024-10-07,109.2100,109.3600,109.1600,109.2700,1643900,101.6695
2024-10-08,109.0800,109.4700,109.0400,109.4500,1951200,101.8370
2024-10-09,109.1400,109.2800,109.0100,109.2500,2538600,101.6509
2024-10-10,109.2700,109.4900,109.1900,109.4700,1854500,101.8556
2024-10-11,109.4200,109.6800,109.3500,109.4800,1716200,101.8649
2024-10-14,109.1000,109.4000,109.0900,109.3700,1095800,101.7625
2024-10-15,109.4500,109.6400,109.4100,109.4900,911200,101.8742
2024-10-16,109.6300,109.6500,109.4800,109.5100,681000,101.8928
2024-10-17,109.2400,109.3300,109.1100,109.1800,1163900,101.5857
2024-10-18,109.3300,109.4800,109.3300,109.3600,964800,101.7532
2024-10-21,109.0600,109.0900,108.5400,108.5700,1783100,101.0182
2024-10-22,108.8000,108.8700,108.6200,108.7200,1464100,101.1578
2024-10-23,108.4800,108.5300,108.3100,108.4500,1311000,100.9065
2024-10-24,108.5100,108.7600,108.4400,108.5600,1505000,101.0089
2024-10-25,108.6900,108.6900,108.2200,108.2700,1677500,100.7390
2024-10-28,108.2100,108.2200,107.8800,108.0600,1848300,100.5436
2024-10-29,107.8400,108.2400,107.7100,108.2200,8300200,100.6925
2024-10-30,108.3300,108.7600,108.3100,108.4300,1174900,100.8879
2024-10-31,108.3300,108.4900,108.0800,108.3100,3683800,100.7763
2024-11-01,108.3600,108.4900,107.6700,107.7600,2613400,100.3470
2024-11-04,108.2300,108.2900,107.8000,107.9400,1901900,100.5146
2024-11-05,107.8500,108.1500,107.6300,108.0400,3188100,100.6077
2024-11-06,107.4200,108.1100,107.3800,107.8700,1828500,100.4494
2024-11-07,107.9900,108.3700,107.9700,108.2700,4425600,100.8219
2024-11-08,108.5400,108.6900,108.3700,108.5700,2767200,101.1013
2024-11-11,108.2800,108.3300,108.1200,108.2100,1465400,100.7660
2024-11-12,108.0200,108.1900,107.5700,107.6400,3034500,100.2352
2024-11-13,108.0000,108.0900,107.3500,107.4400,2857900,100.0490
2024-11-14,107.7300,107.8600,107.3700,107.4200,2095500,100.0304
2024-11-15,107.2100,107.6400,107.0600,107.4500,3513200,100.0583
2024-11-18,107.4300,107.7700,107.3700,107.7100,1572000,100.3004
2024-11-19,107.9300,108.0600,107.8400,107.8800,1349300,100.4587
2024-11-20,107.7800,108.1000,107.7400,107.8300,2465200,100.4122
2024-11-21,107.8300,107.9800,107.5900,107.6900,2007300,100.2818
2024-11-22,107.7000,107.9000,107.6200,107.7700,1541900,100.3563
2024-11-25,108.2800,108.4000,108.0500,108.3600,2028500,100.9057
2024-11-26,108.3200,108.3800,108.0500,108.1100,2612500,100.6729
2024-11-27,108.4900,108.5300,108.2800,108.4500,2106700,100.9895
2024-11-29,108.7000,108.7700,108.5400,108.7600,2221400,101.2782
2024-12-02,108.2500,108.7600,108.2500,108.5100,10473300,101.2222
2024-12-03,108.6700,108.7300,108.4800,108.5600,2072500,101.2689
2024-12-04,108.4600,108.9500,108.4500,108.8700,2743300,101.5580
2024-12-05,108.6300,108.8200,108.6000,108.7400,1712900,101.4368
2024-12-06,109.0500,109.1100,108.7500,108.8300,1557400,101.5207
2024-12-09,108.7100,108.7300,108.5700,108.6300,1239200,101.3342
2024-12-10,108.4500,108.6600,108.3900,108.5900,1925100,101.2968
2024-12-11,108.5900,108.7000,108.3700,108.4300,1200500,101.1476
2024-12-12,108.2800,108.3700,108.0400,108.0800,1836700,100.8211
2024-12-13,108.1000,108.1100,107.7300,107.7800,1480300,100.5412
2024-12-16,107.8500,107.8900,107.6400,107.6600,2852400,100.4293
2024-12-17,107.5800,107.7400,107.5500,107.6000,1375700,100.3733
2024-12-18,107.4800,107.6700,106.7400,106.7600,2634500,99.7381
2024-12-19,106.6500,106.7000,106.0400,106.3300,5926400,99.3363
2024-12-20,106.6800,106.8400,106.5200,106.5400,3304900,99.5325
2024-12-23,106.5000,106.5400,106.3200,106.4000,2272500,99.4017
2024-12-24,106.2700,106.6400,106.2600,106.6400,704400,99.6259
2024-12-26,106.3900,106.7100,106.3800,106.6400,1175800,99.6259
2024-12-27,106.5500,106.6500,106.3400,106.3700,1359200,99.3737
2024-12-30,106.7400,106.8200,106.5700,106.6800,6392500,99.6633
2024-12-31,106.8500,106.9200,106.5400,106.5500,2971800,99.5419
2025-01-02,106.7800,106.9700,106.6300,106.7100,3753600,99.6913
2025-01-03,106.7400,106.8000,106.4800,106.4900,2283800,99.4858
2025-01-06,106.4000,106.5600,106.3400,106.4900,4278000,99.4858
2025-01-07,106.4400,106.5200,106.1900,106.3200,6720600,99.3270
2025-01-08,106.3800,106.7200,106.3400,106.6000,2661800,99.5886
2025-01-10,106.3000,106.4300,106.0900,106.2200,4238600,99.2336
2025-01-13,106.3400,106.3500,106.0900,106.2200,1671800,99.2336
2025-01-14,106.2900,106.3000,106.1200,106.2600,1100800,99.2709
2025-01-15,106.9000,107.0500,106.8000,107.0000,2803400,99.9623
2025-01-16,107.0300,107.3300,106.8900,107.1400,2669400,100.0931
2025-01-17,107.2300,107.3400,107.1000,107.1800,1068100,100.1304
2025-01-21,107.2700,107.3800,107.1400,107.2600,2552600,100.2052
2025-01-22,107.3000,107.3200,107.0700,107.1400,1549800,100.0931
2025-01-23,106.8400,107.2400,106.8200,107.2400,2548900,100.1865
2025-01-24,107.1400,107.4500,107.1100,107.4300,1654800,100.3640
2025-01-27,107.8900,107.9500,107.7000,107.8800,3059000,100.7844
2025-01-28,107.8000,107.9700,107.6900,107.9500,1363400,100.8498
2025-01-29,108.0000,108.0500,107.5200,107.8200,941400,100.7283
2025-01-30,107.9800,108.1100,107.8100,107.9300,1530500,100.8311
2025-01-31,107.9300,108.0500,107.7100,108.0100,2848200,100.9058
2025-02-03,108.6500,108.8700,108.1300,108.2600,5060500,101.1394
2025-02-04,107.9000,108.4600,107.8600,108.4400,3018800,101.3076
2025-02-05,108.7300,108.9800,108.6800,108.9200,2186500,101.7560
2025-02-06,108.8600,108.9000,108.6400,108.7300,1366000,101.5785
2025-02-07,108.4200,108.5700,108.2400,108.4400,3189500,101.3076
2025-02-10,108.6100,108.6900,108.4100,108.4900,1028500,101.3543
2025-02-11,108.3600,108.4600,108.3000,108.4600,1493200,101.3262
2025-02-12,108.0800,108.0900,107.7900,107.8100,1680900,100.7190
2025-02-13,108.2000,108.4600,108.0300,108.4100,1669600,101.2795
2025-02-14,108.6900,108.7900,108.5700,108.6100,2046800,101.4664
2025-02-18,108.4100,108.5400,108.2500,108.2600,1330100,101.1394
2025-02-19,108.3200,108.5200,108.2900,108.4800,1030600,101.3449
2025-02-20,108.5900,108.8200,108.5600,108.7000,2129300,101.5505
2025-02-21,108.8100,109.1200,108.7800,108.9200,1114500,101.7560
2025-02-24,108.8700,109.1800,108.8700,109.1600,1137700,101.9802
2025-02-25,109.6000,109.7200,109.5300,109.6200,1629900,102.4100
2025-02-26,109.6500,109.8400,109.5300,109.7100,1728200,102.4940
2025-02-27,109.5500,109.7600,109.5000,109.5800,1194400,102.3726
2025-02-28,109.9900,110.4100,109.8900,110.3400,2418600,103.0826
2025-03-03,110.3600,110.6900,110.0200,110.6400,2632500,103.3629
2025-03-04,110.8900,110.9000,110.1700,110.2500,3752200,102.9985
2025-03-05,110.2600,110.3300,109.6600,109.6900,2822000,102.4753
2025-03-06,109.5200,109.7100,109.2000,109.6400,1945000,102.4286
2025-03-07,109.9200,109.9900,109.3700,109.4600,2422200,102.2605
2025-03-10,109.9700,110.1300,109.8600,109.9500,1903400,102.7182
2025-03-11,109.9400,110.1500,109.5800,109.6500,2341300,102.4380
2025-03-12,109.5600,109.7900,109.5000,109.5200,3293300,102.3165
2025-03-13,109.4300,109.7600,109.3400,109.6800,2152200,102.4660
2025-03-14,109.4900,109.5800,109.3800,109.4200,1042900,102.2231
2025-03-17,109.5500,109.7000,109.3900,109.4500,1838400,102.2511
2025-03-18,109.4000,109.6800,109.3900,109.5700,1172200,102.3632
2025-03-19,109.5000,110.1300,109.4000,110.1300,1391800,102.8864
2025-03-20,110.4600,110.4800,110.0800,110.2300,2287100,102.9798
2025-03-21,110.4300,110.4700,110.1000,110.1000,1228400,102.8584
2025-03-24,110.0000,110.0300,109.7600,109.8200,1977500,102.5968
2025-03-25,109.8600,110.0500,109.8100,110.0000,1165300,102.7650
2025-03-26,109.9200,110.0400,109.8100,109.8600,1548100,102.6342
2025-03-27,109.9500,110.1400,109.8700,110.0900,2945700,102.8490
2025-03-28,110.4200,110.7700,110.4100,110.6500,1558500,103.3722
2025-03-31,111.0700,111.2300,110.9400,111.0900,2755600,103.7833
2025-04-01,110.4900,110.8100,110.3800,110.4500,3953100,103.8481
2025-04-02,110.7900,110.7900,110.0900,110.2800,1679800,103.6883
2025-04-03,111.2200,111.4500,110.9000,110.9700,3547500,104.3371
2025-04-04,111.4300,111.5100,110.5600,110.6000,4726000,103.9892
2025-04-07,110.3000,110.4900,109.2300,109.2700,5648000,102.7387
2025-04-08,109.5000,109.8300,108.9500,109.0000,3549100,102.4848
2025-04-09,108.3500,109.2600,107.7900,109.2300,4559100,102.7011
2025-04-10,108.9000,109.0800,107.8700,107.9300,4609000,101.4788
2025-04-11,107.1000,107.9700,106.4700,107.9700,2989200,101.5164
2025-04-14,108.6300,108.7400,108.2500,108.4900,3639200,102.0053
2025-04-15,108.4800,108.7600,108.3900,108.4800,2982000,101.9959
2025-04-16,108.5600,108.8800,108.4300,108.7800,2294400,102.2780
2025-04-17,108.8200,109.0900,108.7600,109.0300,1942000,102.5130
2025-04-21,108.8100,109.1700,108.4300,108.4700,2079200,101.9865
2025-04-22,108.8500,108.9900,108.7400,108.8700,2639700,102.3626
2025-04-23,109.8200,109.8800,109.0100,109.1900,1740500,102.6635
2025-04-24,109.5500,109.7700,109.4800,109.7700,1658300,103.2088
2025-04-25,109.9400,109.9700,109.7600,109.8200,1930700,103.2558
2025-04-28,109.8800,110.2300,109.8600,110.2000,1204800,103.6131
2025-04-29,110.1500,110.4100,110.1400,110.3900,1106100,103.7917
2025-04-30,110.3600,110.6300,110.2400,110.5200,2729600,103.9139
2025-05-01,110.0200,110.2300,109.4600,109.6100,2383600,103.5597
2025-05-02,109.3700,109.4000,108.9900,109.0400,1794200,103.0211
2025-05-05,108.9400,109.0000,108.6700,108.9300,1751500,102.9172
2025-05-06,108.9700,109.2800,108.8900,109.2600,1772200,103.2290
2025-05-07,109.4100,109.6300,109.2600,109.3700,2185800,103.3329
2025-05-08,109.4400,109.4500,108.9100,108.9800,1132500,102.9644
2025-05-09,109.1800,109.3300,109.0100,109.0800,867200,103.0589
2025-05-12,108.4900,108.6700,108.2100,108.2300,1481000,102.2558
2025-05-13,108.2200,108.4900,108.0800,108.4900,2724200,102.5015
2025-05-14,108.4900,108.5000,108.2800,108.3800,1815200,102.3975
2025-05-15,108.5100,108.7800,108.3900,108.6900,1668000,102.6904
2025-05-16,108.9800,109.0000,108.7500,108.8800,1120900,102.8699
2025-05-19,108.4500,108.9500,108.4000,108.8900,2179300,102.8794
2025-05-20,108.6200,108.7900,108.4800,108.7300,1851600,102.7282
2025-05-21,108.4700,108.5700,108.0700,108.1400,1870000,102.1708
2025-05-22,108.0500,108.4800,107.9800,108.4600,2654500,102.4731
2025-05-23,108.6200,108.6600,108.4400,108.5600,1596900,102.5676
2025-05-27,108.7500,108.9600,108.6700,108.8700,2875500,102.8605
2025-05-28,108.7100,108.7900,108.5300,108.6200,2367900,102.6243
2025-05-29,108.7000,108.9700,108.6500,108.9300,1714500,102.9172
2025-05-30,108.9600,109.3600,108.9000,109.2900,3950200,103.2573
2025-06-02,108.6400,108.8000,108.4800,108.6500,2797100,102.9097
2025-06-03,108.7800,108.8400,108.4400,108.5500,3669800,102.8150
2025-06-04,108.7800,109.0700,108.7200,108.9700,2432200,103.2128
2025-06-05,109.0200,109.0900,108.6300,108.6500,2596700,102.9097
2025-06-06,108.4200,108.5800,108.0700,108.0700,2031700,102.3603
2025-06-09,108.1400,108.3500,108.0800,108.2200,2846000,102.5024
2025-06-10,108.4400,108.4500,108.1900,108.2700,1757100,102.5498
2025-06-11,108.2500,108.5400,108.1800,108.4500,1820500,102.7203
2025-06-12,108.7500,108.8400,108.6500,108.7600,2207700,103.0139
2025-06-13,109.0400,109.0400,108.3800,108.6000,1633700,102.8623
2025-06-16,108.5000,108.7600,108.4400,108.4500,1684500,102.7203
2025-06-17,108.6800,109.0600,108.5700,109.0200,3579200,103.2601
2025-06-18,109.1600,109.2200,108.9800,109.1000,2168800,103.3359
2025-06-20,108.9900,109.3800,108.9300,109.2900,1740800,103.5159
2025-06-23,109.5000,109.7800,109.3800,109.3800,2846600,103.6011
2025-06-24,109.2200,109.6000,109.1300,109.5200,2604700,103.7337
2025-06-25,109.4600,109.6300,109.1600,109.5800,2096200,103.7906
2025-06-26,109.7000,109.9200,109.6200,109.9000,2620800,104.0937
2025-06-27,109.7200,110.0400,109.6700,109.7600,1547100,103.9611
2025-06-30,110.0000,110.1600,109.8900,110.0400,4252900,104.2263
2025-07-01,109.6000,109.7800,109.4800,109.6000,5945000,104.1692
2025-07-02,109.4500,109.5600,109.4000,109.5500,3416700,104.1217
2025-07-03,109.3900,109.4700,109.2400,109.3600,1776100,103.9411
2025-07-07,109.2100,109.2600,109.1000,109.2200,1758700,103.8081
2025-07-08,109.0500,109.1600,109.0300,109.1300,1577300,103.7225
2025-07-09,109.1800,109.5400,109.1600,109.5400,3659600,104.1122
2025-07-10,109.4700,109.5500,109.3400,109.5100,2378200,104.0837
2025-07-11,109.3400,109.3700,109.2400,109.3300,2269800,103.9126
2025-07-14,109.3000,109.4600,109.2300,109.4000,1530500,103.9791
2025-07-15,109.7200,109.7200,109.0300,109.1100,2408100,103.7035
2025-07-16,109.1600,109.4900,109.1200,109.4800,4479200,104.0552
2025-07-17,109.5700,109.6800,109.5300,109.5800,1618100,104.1502
2025-07-18,109.8700,109.8800,109.6500,109.7000,1720400,104.2643
2025-07-21,109.9800,110.1500,109.9000,109.9800,3055900,104.5304
2025-07-22,110.0000,110.1900,109.9800,110.0800,3951300,104.6255
2025-07-23,109.8400,109.8800,109.6100,109.6500,2282900,104.2168
2025-07-24,109.5200,109.8200,109.3000,109.7300,2321000,104.2928
2025-07-25,109.7300,109.8900,109.6500,109.8300,1093400,104.3878
2025-07-28,109.7100,109.8400,109.6700,109.6900,1656400,104.2548
2025-07-29,109.8200,110.2800,109.8100,110.2800,2326800,104.8156
2025-07-30,110.0500,110.2400,109.8100,109.8500,3846800,104.4069
2025-07-31,109.9900,110.0800,109.6600,109.6700,3608800,104.2358
2025-08-01,110.0200,110.2000,109.8000,110.1700,3766800,104.9637
2025-08-04,110.2500,110.5800,110.2000,110.4900,3014900,105.2685
2025-08-05,110.4000,110.5300,110.3700,110.3900,1800300,105.1733
2025-08-06,110.3000,110.4500,110.0800,110.3000,1856200,105.0875
2025-08-07,110.3400,110.4200,110.2300,110.4200,1606300,105.2018
2025-08-08,110.2600,110.4200,110.1300,110.3500,1831600,105.1351
2025-08-11,110.4300,110.5300,110.3500,110.3500,1624700,105.1351
2025-08-12,110.0300,110.2300,109.9500,110.1600,2526100,104.9541
2025-08-13,110.5000,110.6500,110.4900,110.5800,1598200,105.3543
2025-08-14,110.4500,110.4900,110.2400,110.2500,2203400,105.0399
2025-08-15,110.2400,110.2800,109.9500,110.0400,1745900,104.8398
2025-08-18,110.0600,110.0600,109.7900,109.9200,1721300,104.7255
2025-08-19,110.0300,110.1100,110.0100,110.0300,2263600,104.8303
2025-08-20,110.0500,110.2600,110.0500,110.1500,2369300,104.9446
2025-08-21,110.1000,110.2200,109.9300,110.1700,3563000,104.9637
2025-08-22,110.3000,110.9500,110.2700,110.9200,3388300,105.6782
2025-08-25,110.7400,110.8200,110.6700,110.7100,4332700,105.4781
2025-08-26,110.7600,111.0300,110.7000,110.9700,5345700,105.7259
2025-08-27,110.9600,111.2700,110.8900,111.2200,2106700,105.9640
2025-08-28,111.2400,111.3500,111.2000,111.2900,3876100,106.0307
2025-08-29,111.3200,111.3400,111.1600,111.1700,2847300,105.9164
2025-09-02,110.4800,110.6000,110.4400,110.5500,5710700,105.7223
2025-09-03,110.5500,110.9200,110.5400,110.8000,4699700,105.9614
2025-09-04,110.9100,110.9900,110.7800,110.9700,3919500,106.1239
2025-09-05,111.3700,111.4600,111.3300,111.4600,4068800,106.5925
2025-09-08,111.6400,111.7200,111.5500,111.6900,3818200,106.8125
2025-09-09,111.6700,111.7600,111.4500,111.4700,4938800,106.6021
2025-09-10,111.5700,111.7900,111.4800,111.6400,4601200,106.7647
2025-09-11,111.7700,111.9600,111.7600,111.8200,4158700,106.9368
2025-09-12,111.7000,111.7200,111.5700,111.6700,2049100,106.7934
2025-09-15,111.7400,111.8900,111.7400,111.7800,3587000,106.8986
2025-09-16,111.8600,111.9600,111.8000,111.8800,5346500,106.9942
2025-09-17,111.9400,112.2600,111.6600,111.8100,5676100,106.9272
2025-09-18,111.5700,111.7100,111.3300,111.5000,4223100,106.6308
2025-09-19,111.4800,111.5400,111.3100,111.4400,1336600,106.5734
2025-09-22,111.3300,111.3600,111.1500,111.1700,2076400,106.3152
2025-09-23,111.3000,111.4700,111.2000,111.4700,2856900,106.6021
2025-09-24,111.4100,111.4300,111.2300,111.2700,2236400,106.4108
2025-09-25,111.1100,111.1700,110.9400,111.0900,4019900,106.2387
2025-09-26,111.1600,111.2900,111.0100,111.1100,2790000,106.2578
2025-09-29,111.2100,111.3000,111.1600,111.2500,2524800,106.3917
2025-09-30,111.2600,111.4000,111.1800,111.2200,2985100,106.3630
2025-10-01,111.3000,111.3600,111.1100,111.2200,3796100,106.5527
2025-10-02,111.2000,111.3100,111.1500,111.1700,3162400,106.5048
2025-10-03,111.2600,111.2900,111.0400,111.0500,2184000,106.3898
2025-10-06,110.9200,111.0600,110.8400,110.8600,2262400,106.2078
2025-10-07,110.9900,111.2400,110.9500,111.1700,2714900,106.5048
2025-10-08,111.3700,111.3800,111.2100,111.2500,2273300,106.5814
2025-10-09,111.2400,111.2700,111.0900,111.1200,2491400,106.4569
2025-10-10,111.4200,111.6600,111.3700,111.5100,4018900,106.8305
2025-10-13,111.5600,111.7900,111.4500,111.7900,2206300,107.0988
2025-10-14,111.6000,111.7600,111.5700,111.6700,4469200,106.9838
2025-10-15,111.8100,111.8900,111.5100,111.6400,3018700,106.9551
2025-10-16,111.5700,111.9200,111.5400,111.9000,2687300,107.2042
2025-10-17,111.9100,111.9200,111.6500,111.6800,1739700,106.9934
2025-10-20,111.7700,111.8000,111.7000,111.7800,2108500,107.0892
2025-10-21,112.0400,112.1100,112.0000,112.0200,2702400,107.3191
2025-10-22,112.1200,112.2400,112.0300,112.2000,2898200,107.4916
2025-10-23,112.1100,112.1700,111.9400,111.9800,2645900,107.2808
2025-10-24,111.9100,112.0200,111.7600,111.9700,1706700,107.2712
2025-10-27,111.9200,111.9800,111.7800,111.9400,2753600,107.2425
2025-10-28,111.9400,112.0400,111.9100,112.0300,2608700,107.3287
2025-10-29,111.9300,112.0400,111.3900,111.4400,2976500,106.7635
2025-10-30,111.1600,111.4000,111.1500,111.2000,3977100,106.5335
2025-10-31,111.3200,111.4100,111.2600,111.3800,2249300,106.7060
2025-11-03,110.9400,111.0300,110.8400,110.9400,3887200,106.6301
2025-11-04,110.9600,111.0900,110.9300,110.9900,4858700,106.6781
2025-11-05,110.8300,110.8700,110.5500,110.5800,3908700,106.2840
2025-11-06,110.8500,110.9600,110.8200,110.8800,2394500,106.5724
2025-11-07,110.7000,110.9900,110.7000,110.9000,3097600,106.5916
2025-11-10,110.8800,110.9400,110.8200,110.9200,2354200,106.6108
2025-11-11,111.1500,111.3700,111.0900,111.3700,3902000,107.0434
2025-11-12,111.1500,111.2400,111.0800,111.1300,3297900,106.8127
2025-11-13,111.0000,111.0900,110.8800,110.8800,2215500,106.5724
2025-11-14,111.0900,111.1300,110.7300,110.7500,3059200,106.4474
2025-11-17,110.8500,110.8700,110.7600,110.7700,2044000,106.4667
2025-11-18,110.9100,110.9800,110.7300,110.8500,4616900,106.5435
2025-11-19,110.8900,110.9100,110.6800,110.7100,2472400,106.4090
2025-11-20,110.8300,110.9200,110.6500,110.7600,3091600,106.4571
2025-11-21,111.0400,111.0500,110.8800,111.0200,2651000,106.7070
2025-11-24,111.1400,111.1400,111.0200,111.0700,2619500,106.7550
2025-11-25,111.0600,111.3100,111.0400,111.2700,3404200,106.9472
2025-11-26,111.2800,111.5100,111.1400,111.5100,3805900,107.1779
2025-11-28,111.4800,111.5200,111.2300,111.2600,1830000,106.9376
2025-12-01,110.6200,110.6800,110.5000,110.5000,3198500,106.5154
2025-12-02,110.5300,110.6300,110.5100,110.5300,4068000,106.5443
2025-12-03,110.6700,110.8100,110.6300,110.7800,2541200,106.7853
2025-12-04,110.6900,110.7000,110.6000,110.6300,2243300,106.6407
2025-12-05,110.7000,110.7100,110.4500,110.4500,3672300,106.4672
2025-12-08,110.4400,110.4400,110.1500,110.2300,2101000,106.2552
2025-12-09,110.3400,110.3700,110.0900,110.0900,5181700,106.1202
2025-12-10,110.0300,110.4700,110.0200,110.4500,3503000,106.4672
2025-12-11,110.6200,110.6800,110.3600,110.4000,3661200,106.4190
2025-12-12,110.1800,110.2400,110.1300,110.2300,2379100,106.2552
2025-12-15,110.3500,110.4200,110.1500,110.1500,2229400,106.1780
2025-12-16,110.0100,110.2600,109.9900,110.1700,5094500,106.1973
2025-12-17,110.1500,110.3000,110.1300,110.2900,1831100,106.3130
2025-12-18,110.3400,110.5100,110.1900,110.5000,4253800,106.5154
2025-12-19,110.1000,110.1000,109.8700,109.9400,2940500,106.3046
2025-12-22,109.8700,109.8900,109.7300,109.7800,2116000,106.1499
2025-12-23,109.5800,109.8700,109.5700,109.8300,1914900,106.1983
2025-12-24,110.0100,110.1000,109.9700,110.0600,877800,106.4207
2025-12-26,110.1800,110.2000,109.9800,110.0500,1357100,106.4110
2025-12-29,110.1400,110.1900,110.0900,110.1500,1572100,106.5077
2025-12-30,110.1000,110.2200,110.0700,110.1300,1723000,106.4883
2025-12-31,109.9900,110.1700,109.8900,109.9100,2927800,106.2756
2026-01-02,110.0000,110.0100,109.8500,109.8600,2787700,106.2273
2026-01-05,109.9700,110.1800,109.9300,110.1600,2084800,106.5174
2026-01-06,110.1200,110.1700,109.9500,110.0800,3737900,106.4400
2026-01-07,110.2800,110.3100,110.1100,110.2500,3603400,106.6044
2026-01-08,110.0700,110.1500,110.0200,110.0300,2414000,106.3917
2026-01-09,110.0800,110.2600,110.0100,110.1800,2589200,106.5367
2026-01-12,110.1500,110.2600,110.1200,110.1800,1558700,106.5367
2026-01-13,110.3000,110.3600,110.1900,110.2800,2589900,106.6334
2026-01-14,110.3800,110.5400,110.3800,110.4000,1879900,106.7494
2026-01-15,110.4300,110.4400,110.2300,110.2300,2645900,106.5850
2026-01-16,110.2600,110.3000,110.0200,110.0200,2318600,106.3820
2026-01-20,109.7100,109.8700,109.6800,109.6900,2445300,106.0629
2026-01-21,109.8200,110.1300,109.7500,110.1200,4361600,106.4787
2026-01-22,110.0200,110.1900,109.9700,110.0100,4034100,106.3723
2026-01-23,110.0300,110.2600,110.0100,110.2300,5141400,106.5850
2026-01-26,110.3400,110.4200,110.2800,110.3800,2785700,106.7301
2026-01-27,110.4200,110.4900,110.3800,110.3900,2042000,106.7397
2026-01-28,110.4300,110.4600,110.2400,110.4400,2449000,106.7881
2026-01-29,110.4900,110.6900,110.4700,110.5200,2024100,106.8654
2026-01-30,110.4600,110.5500,110.3800,110.4800,2285100,106.8268
2026-02-02,110.4300,110.4400,110.1600,110.1900,4416400,106.5464
2026-02-03,110.2400,110.4100,110.2400,110.3700,1651200,106.7204
2026-02-04,110.2200,110.3500,110.2100,110.2500,4072200,106.6044
2026-02-05,110.4100,110.5800,110.3400,110.5600,2319200,106.9041
2026-02-06,110.5900,110.6700,110.4800,110.6700,2478600,107.0105
2026-02-09,110.6000,110.7800,110.5500,110.7600,2712500,107.0975
2026-02-10,111.0000,111.0900,110.9100,110.9900,2026200,107.3199
2026-02-11,110.8400,111.0000,110.7700,110.8100,1771800,107.1459
2026-02-12,110.9000,111.2700,110.8800,111.2500,2401200,107.5713
2026-02-13,111.3800,111.4400,111.2500,111.3900,4662700,107.7067
2026-02-17,111.3200,111.3300,111.2000,111.2300,1844000,107.5520
2026-02-18,111.2200,111.2900,111.1300,111.1600,1939700,107.4843
2026-02-19,111.1300,111.3400,111.1200,111.2500,2665300,107.5713
2026-02-20,111.3100,111.3100,110.9900,111.1900,3085100,107.5133
2026-02-23,111.2900,111.4600,111.2500,111.2900,2315600,107.6100
2026-02-24,111.3300,111.3600,111.2100,111.3100,1227200,107.6293
2026-02-25,111.2800,111.4600,111.2600,111.4100,1549000,107.7260
2026-02-26,111.5300,111.7200,111.5200,111.7100,1545200,108.0161
2026-02-27,111.9800,111.9800,111.7900,111.8800,2462700,108.1805
2026-03-02,111.8300,111.8300,111.3200,111.5700,3321700,107.8807
2026-03-03,111.3100,111.6300,111.2800,111.5000,2735100,107.8130
2026-03-04,111.4700,111.4800,111.2400,111.2500,1760700,107.5713
2026-03-05,111.0800,111.3200,111.0400,111.2200,2495500,107.5423
2026-03-06,111.3200,111.7100,111.2800,111.4300,2774400,107.7454
2026-03-09,111.5200,111.7000,111.3500,111.6100,4620200,107.9194
2026-03-10,111.5300,111.5500,111.2100,111.2400,2975400,107.5617
2026-03-11,111.2600,111.2600,111.0300,111.0700,2860600,107.3973
2026-03-12,111.0800,111.1900,110.8000,110.9300,2417700,107.2619
2026-03-13,110.8800,110.9400,110.6600,110.7100,2274900,107.0492
2026-03-16,111.0200,111.0900,110.8800,111.0600,2260600,107.3876
2026-03-17,111.2700,111.4800,111.2200,111.4500,1821600,107.7647
2026-03-18,111.5100,111.5600,111.2100,111.2400,3350700,107.5617
2026-03-19,111.0200,111.2300,110.9500,111.1100,4816200,107.4359
2026-03-20,110.7200,110.7300,110.1900,110.2200,4004100,106.5754
2026-03-23,110.0900,110.3900,110.0000,110.1900,5753600,106.5464
2026-03-24,109.8800,110.0700,109.6800,109.8300,4523500,106.1983
2026-03-25,110.1100,110.1700,109.9300,110.1600,4294500,106.5174
2026-03-26,110.1200,110.2100,109.7600,109.7600,3267700,106.1306
2026-03-27,109.6500,109.8700,109.5800,109.6700,3071300,106.0436
2026-03-30,110.3600,110.5200,110.3000,110.3500,3452800,106.7011
2026-03-31,110.6400,110.6800,110.3400,110.3600,5512500,106.7107
2026-04-01,110.3100,110.5200,110.2800,110.3600,3328400,106.7107
2026-04-02,110.5300,110.8300,110.4800,110.8100,1976700,107.1459
2026-04-06,110.6400,110.8400,110.6000,110.7600,1533000,107.0975
2026-04-07,110.7100,110.9600,110.3900,110.8900,1765900,107.2232
2026-04-08,111.0700,111.0800,110.8000,110.9100,2723900,107.2426
2026-04-09,110.8500,111.0600,110.7500,110.9600,1862300,107.2909
2026-04-10,110.9900,111.1100,110.9200,111.0200,2252200,107.3489
2026-04-13,111.0900,111.3100,111.0400,111.2800,1574900,107.6003
2026-04-14,111.2600,111.5400,111.2500,111.5300,2181600,107.8421
2026-04-15,111.4900,111.5000,111.3600,111.4300,1815500,107.7454
2026-04-16,111.4600,111.5000,111.1600,111.1900,1588700,107.5133
2026-04-17,111.4300,111.4900,111.3300,111.4800,1507600,107.7937
2026-04-20,111.4800,111.4900,111.3000,111.4100,1463400,107.7260
2026-04-21,111.3400,111.3900,111.1700,111.2200,1064200,107.5423
2026-04-22,111.4900,111.5500,111.3700,111.3900,1435200,107.7067
2026-04-23,111.5300,111.6000,111.3200,111.5700,1074100,107.8807
2026-04-24,111.5100,111.8400,111.4100,111.8000,1133300,108.1031
2026-04-27,111.7300,111.8800,111.6900,111.7700,2115800,108.0741
2026-04-28,111.7400,111.7400,111.5400,111.7300,1535900,108.0354
2026-04-29,111.5900,111.6300,111.3200,111.3900,1201200,107.7067
2026-04-30,111.4700,111.6400,111.4100,111.5600,1958400,107.8711
2026-05-01,111.2700,111.4900,111.2100,111.3500,1507700,108.2122
2026-05-04,111.2700,111.2700,111.0200,111.1500,1214600,108.0178
2026-05-05,111.1100,111.1900,111.0400,111.0700,1442900,107.9401
2026-05-06,111.2100,111.2400,111.0900,111.1500,1538800,108.0178
2026-05-07,111.2400,111.2400,110.9500,111.0300,1529900,107.9012
2026-05-08,111.4000,111.4400,111.3100,111.4000,1142700,108.2608
2026-05-11,111.3500,111.3800,111.2600,111.3100,1753000,108.1733
2026-05-12,111.2800,111.2800,111.0500,111.1200,1253000,107.9887
2026-05-13,111.1700,111.2100,111.0200,111.1200,869600,107.9887
2026-05-14,111.2400,111.2900,110.9900,111.0100,3152500,107.8818
2026-05-15,110.6000,110.6600,110.4700,110.6100,7481100,107.4930
2026-05-18,110.5800,110.6600,110.3900,110.4800,2490200,107.3667
2026-05-19,110.1500,110.2700,109.9400,110.1100,2623600,107.0071
2026-05-20,110.1100,110.4500,110.1000,110.3700,2915600,107.2598
2026-05-21,110.3000,110.3900,110.1500,110.3700,2792500,107.2598
2026-05-22,110.5100,110.5400,110.1200,110.3800,1410800,107.2695
2026-05-26,110.7000,110.8400,110.6300,110.8200,2183700,107.6971
2026-05-27,110.8600,111.0100,110.8300,110.8800,1961900,107.7554
2026-05-28,111.0600,111.2700,110.9700,111.1800,1702800,108.0470
2026-05-29,111.1700,111.2900,111.1100,111.2100,3078300,108.0761
2026-06-01,109.8700,109.9900,109.7600,109.9800,1843900,108.1233
2026-06-02,110.1100,110.1200,109.9600,109.9700,1386500,108.1135
2026-06-03,109.8100,109.9100,109.6800,109.7700,1077200,107.9168
2026-06-04,109.8400,109.8600,109.7300,109.7800,1483200,107.9267
2026-06-05,109.4200,109.4800,109.2500,109.2500,1816400,107.4056
2026-06-08,109.5000,109.5200,109.1200,109.1300,2522600,107.2877
2026-06-09,109.3400,109.4000,109.1900,109.3200,2372800,107.4744
2026-06-10,109.4600,109.5600,109.2100,109.2100,1522100,107.3663
2026-06-11,109.3300,109.6600,109.2100,109.6000,1873900,107.7497
2026-06-12,109.4800,109.6200,109.3900,109.6100,2610300,107.7596
2026-06-15,109.7100,109.7800,109.6400,109.7600,1183100,107.9070
2026-06-16,109.7300,109.8700,109.6700,109.7600,1022800,107.9070
2026-06-17,109.8200,109.8200,109.0200,109.0300,2044500,107.1893
2026-06-18,109.3100,109.5300,109.2800,109.3900,2912100,107.5433
2026-06-22,109.2500,109.2600,108.9300,108.9400,1156400,107.1009
2026-06-23,108.9400,109.0500,108.8800,108.9000,2626000,107.0615
2026-06-24,109.1200,109.3400,109.0500,109.3200,1243900,107.4744
2026-06-25,109.5700,109.7600,109.4900,109.5000,2946700,107.6514
2026-06-26,109.5500,109.7500,109.5300,109.7000,2678900,107.8480
2026-06-29,109.7800,109.9100,109.7800,109.9000,2428700,108.0447
2026-06-30,109.8400,109.8600,109.4300,109.4300,4145000,107.5826
2026-07-01,108.2900,108.4600,108.1600,108.1700,1690900,107.3821
2026-07-02,108.3100,108.4300,108.2400,108.3300,2011700,107.5409
2026-07-06,108.4300,108.4900,108.3000,108.4900,1346000,107.6997
2026-07-07,108.3600,108.3600,108.1100,108.1700,1755100,107.3821
2026-07-08,108.0900,108.1200,107.9800,108.0500,941700,107.2629
2026-07-09,108.1400,108.2200,108.0900,108.1200,1170800,107.3324
2026-07-10,108.0800,108.1500,107.9800,108.1300,1162700,107.3424
2026-07-13,108.0500,108.0500,107.8200,107.9100,1153800,107.1240
2026-07-14,107.9500,108.1300,107.9100,108.0100,1451500,107.2232
2026-07-15,107.9900,108.1600,107.9900,108.0700,1900400,107.2828
2026-07-16,107.9800,108.0500,107.9200,107.9700,863900,107.1835
2026-07-17,108.2700,108.3700,108.1700,108.2700,1788800,107.4813
2026-07-20,108.1900,108.2200,108.0100,108.0500,1010500,107.2629
2026-07-21,108.0000,108.0100,107.8400,107.8800,1487900,107.0942
2026-07-22,107.9500,107.9600,107.7600,107.7700,1743300,106.9850
2026-07-23,107.5400,107.6500,107.4800,107.4900,2261200,106.7070
2026-07-24,107.5500,107.7400,107.5000,107.5000,1220700,106.7169
2026-07-27,107.5700,107.6300,107.3900,107.3900,1262000,106.6077
2026-07-28,107.5000,107.8000,107.4800,107.6600,2765800,106.8758
2026-07-29,107.6400,108.0100,107.4800,107.7700,1759400,106.9850
2026-07-30,107.8300,107.8900,107.6700,107.7400,2203000,106.9552
2026-07-31,107.5500,107.6300,107.3400,107.6300,3868300,106.8460
2026-08-03,106.8900,106.9700,106.7600,106.8600,2609900,106.8600
2026-08-04,107.1000,107.1300,106.9900,107.0500,2324900,107.0500
2026-08-05,107.0500,107.1100,106.9200,107.0000,1768800,107.0000
2026-08-06,106.9400,106.9700,106.8000,106.8700,1962900,106.8700
2026-08-07,107.1100,107.1400,106.9900,107.0800,1146300,107.0800
2026-08-10,106.9600,107.0000,106.8500,106.8600,1137300,106.8600
2026-08-11,106.8800,106.9900,106.8000,106.8900,1978600,106.8900
2026-08-12,107.0500,107.0700,106.9000,106.9200,1132500,106.9200
2026-08-13,107.1200,107.3100,107.0800,107.1600,1616400,107.1600
2026-08-14,107.1300,107.1700,106.9300,106.9900,1332600,106.9900
2026-08-17,106.9400,107.0200,106.7500,106.7700,1466900,106.7700
2026-08-18,106.7700,107.0400,106.7300,107.0200,1689900,107.0200
2026-08-19,107.4600,107.5200,107.2900,107.5100,3047400,107.5100
2026-08-20,107.1600,107.5300,107.1000,107.5200,3103200,107.5200
2026-08-21,107.2800,107.3100,107.0800,107.1300,1558700,107.1300
2026-08-24,107.2000,107.4000,107.2000,107.2500,1485300,107.2500
2026-08-25,107.4400,107.6500,107.4100,107.6400,1395100,107.6400
2026-08-26,107.4700,107.5200,107.3800,107.5100,1265900,107.5100
2026-08-27,107.5400,107.5600,107.4200,107.4400,1460700,107.4400
2026-08-28,107.3900,107.5400,106.9200,106.9400,1573800,106.9400
2026-08-31,106.8600,106.8700,106.7200,106.8200,2235500,106.8200
2026-09-01,106.6900,106.9000,106.6900,106.8100,2191400,106.8100
2026-09-02,106.9200,106.9300,106.7700,106.8600,1700600,106.8600
2026-09-03,107.1300,107.2200,106.9900,107.0000,1432100,107.0000
2026-09-04,106.9500,107.0500,106.8600,106.9700,1017300,106.9700
2026-09-08,107.1000,107.1000,106.9300,107.0500,1186900,107.0500
2026-09-09,107.0300,107.0700,106.7000,106.8000,2074700,106.8000
2026-09-10,106.4200,106.5900,106.2500,106.3300,2014400,106.3300
2026-09-11,106.3200,106.3800,105.8200,105.8400,2661900,105.8400
2026-09-14,105.9500,106.1600,105.7800,105.8200,2189700,105.8200
2026-09-15,105.7300,105.8700,105.6800,105.7900,1408800,105.7900
2026-09-16,105.9000,106.0600,105.3800,105.3900,2194500,105.3900
2026-09-17,105.5600,105.7500,105.5100,105.7100,2468600,105.7100
2026-09-18,105.4800,105.4800,105.2700,105.2700,2122800,105.2700
2026-09-21,105.5500,105.6900,105.4600,105.6800,1757600,105.6800
2026-09-23,105.4800,105.4800,104.7000,104.8100,2362600,104.8100
2026-09-24,104.8100,104.8500,104.2900,104.3000,2547000,104.3000
