Date,Open,High,Low,Close,Volume,AdjClose
2002-07-30,81.7500,81.9000,81.5200,81.5200,6100,35.4130
2002-07-31,81.9500,82.8000,81.9000,82.5300,29400,35.8518
2002-08-01,82.5400,83.0200,82.5400,83.0000,25000,36.0560
2002-08-02,83.1600,84.1000,82.8800,83.8500,52800,36.4252
2002-08-05,84.0400,84.4400,83.8500,84.2200,61100,36.5859
2002-08-06,83.8700,83.9000,83.2200,83.5000,64900,36.2731
2002-08-07,83.6000,84.1400,83.3600,83.7000,40300,36.3600
2002-08-08,83.5800,83.7700,83.3600,83.7000,40900,36.3600
2002-08-09,84.0000,84.8800,84.0000,84.8800,35900,36.8727
2002-08-12,85.3000,86.7000,85.1400,85.4000,32100,37.0985
2002-08-13,85.7800,86.4700,85.3700,86.4500,75400,37.5547
2002-08-14,87.4600,87.9000,86.7500,86.7800,130000,37.6980
2002-08-15,86.3800,86.5000,85.8500,86.0200,87100,37.3679
2002-08-16,86.4400,86.5200,84.8200,85.0600,85000,36.9508
2002-08-19,85.0500,85.3400,84.7100,85.3200,47300,37.0638
2002-08-20,85.6200,86.2900,85.6000,86.2700,40800,37.4765
2002-08-21,85.6800,86.1000,85.6300,85.8100,40000,37.2766
2002-08-22,85.5500,85.5500,85.0600,85.0600,34400,36.9508
2002-08-23,85.2000,85.9500,85.2000,85.9000,20100,37.3158
2002-08-26,85.7000,86.2100,85.6700,85.9800,23900,37.3505
2002-08-27,85.4000,85.6800,85.2000,85.4400,301800,37.1159
2002-08-28,86.0400,86.1800,85.8400,85.8700,18100,37.3027
2002-08-29,86.7600,86.8600,86.3500,86.5600,135700,37.6024
2002-08-30,86.7500,87.1300,86.4500,87.0800,78100,37.8283
2002-09-03,87.0800,88.0400,87.0000,88.0400,102100,38.4099
2002-09-04,88.0300,88.3000,87.8400,88.0200,66300,38.4012
2002-09-05,88.5700,88.6500,87.3800,88.5000,648400,38.6106
2002-09-06,87.9700,88.1900,87.2000,87.4600,140000,38.1569
2002-09-09,87.5000,87.8300,87.2600,87.3300,83800,38.1001
2002-09-10,87.1700,88.0000,87.0000,87.7500,336000,38.2834
2002-09-11,87.0000,87.3000,86.7500,87.2900,177700,38.0827
2002-09-12,87.4800,88.1400,87.4700,87.9700,43400,38.3793
2002-09-13,88.3300,88.9400,88.1800,88.7800,155100,38.7327
2002-09-16,89.2000,89.2200,88.9000,88.9300,73000,38.7982
2002-09-17,88.6400,89.3200,88.3600,89.1000,75400,38.8723
2002-09-18,89.1600,89.5600,89.0200,89.1200,196600,38.8811
2002-09-19,89.7000,89.7700,89.2600,89.7200,109900,39.1429
2002-09-20,89.4500,89.5200,89.0600,89.3000,113500,38.9596
2002-09-23,90.0000,90.2400,89.7700,90.1000,163200,39.3086
2002-09-24,90.3000,90.9400,90.2100,90.6800,251900,39.5617
2002-09-25,90.1000,90.3600,89.2600,89.5800,127200,39.0818
2002-09-26,89.0500,89.5300,88.6100,89.3700,429000,38.9901
2002-09-27,89.5300,90.0400,89.4800,90.0400,298200,39.2825
2002-09-30,90.6600,90.9000,90.0800,90.4000,297800,39.4395
2002-10-01,89.1600,89.3000,88.8000,88.9400,257500,38.9503
2002-10-02,89.2400,89.4800,88.8400,89.4500,91000,39.1737
2002-10-03,89.3000,89.5100,88.8000,89.2300,29900,39.0773
2002-10-04,88.4000,89.7200,88.4000,89.5100,131000,39.2000
2002-10-07,89.9000,89.9600,89.4600,89.6600,433800,39.2657
2002-10-08,89.5000,90.5200,89.3600,89.6900,530900,39.2788
2002-10-09,90.3000,90.3800,89.9500,90.1500,402900,39.4802
2002-10-10,90.1700,90.1700,89.2800,89.4400,97100,39.1693
2002-10-11,89.1000,89.2200,88.0600,88.3800,421800,38.7051
2002-10-14,88.5000,88.5500,88.0700,88.2500,18300,38.6482
2002-10-15,87.0000,87.3000,86.1500,86.1600,297100,37.7329
2002-10-16,86.6000,86.6000,85.8900,86.2000,125200,37.7504
2002-10-17,85.1400,85.5600,85.0700,85.1500,233400,37.2905
2002-10-18,85.0200,85.3900,84.2800,85.3700,459100,37.3869
2002-10-21,85.5000,85.6000,84.5000,84.5400,134900,37.0234
2002-10-22,84.8500,84.8500,84.2200,84.3000,205000,36.9183
2002-10-23,84.7500,85.2000,84.1800,84.3300,127800,36.9314
2002-10-24,84.1600,85.2500,84.0800,85.0700,339600,37.2555
2002-10-25,85.3500,85.5600,85.1500,85.3800,146100,37.3913
2002-10-28,85.5600,85.6400,85.2000,85.2600,97800,37.3387
2002-10-29,85.8200,86.8900,85.7700,86.3700,125000,37.8249
2002-10-30,86.3700,86.6800,86.0700,86.3400,31900,37.8117
2002-10-31,86.0500,86.8600,86.0200,86.7300,512700,37.9825
2002-11-01,86.3000,86.9300,85.2500,85.9800,125100,37.8237
2002-11-04,85.4800,85.7500,85.2500,85.6000,342500,37.6565
2002-11-05,85.6000,85.6000,85.0900,85.2700,73800,37.5114
2002-11-06,85.0500,86.1300,84.9100,85.6100,118500,37.6609
2002-11-07,87.0500,87.7300,86.8500,87.7300,147900,38.5935
2002-11-08,88.4000,88.6500,87.9500,88.4400,294700,38.9059
2002-11-11,88.5500,88.9200,88.4000,88.9200,70000,39.1170
2002-11-12,89.1500,89.1500,88.3700,88.4100,494300,38.8927
2002-11-13,88.4500,88.6900,87.9600,88.6000,104700,38.9762
2002-11-14,87.6500,87.6500,86.7600,86.7600,118000,38.1668
2002-11-15,86.5400,87.2300,86.2600,87.1100,110700,38.3208
2002-11-18,87.0200,87.6300,86.9600,87.5000,32200,38.4924
2002-11-19,87.9500,88.2300,87.5100,87.8200,51800,38.6331
2002-11-20,88.2000,88.2200,86.8100,86.9600,307400,38.2548
2002-11-21,86.5000,86.5000,85.8600,86.1200,323200,37.8853
2002-11-22,86.3300,86.3900,85.8800,86.0400,184800,37.8501
2002-11-25,86.0000,86.3800,85.8000,85.8800,288200,37.7797
2002-11-26,86.2000,87.0200,86.1500,86.9600,377800,38.2548
2002-11-27,86.2500,86.3300,84.9600,85.0000,325600,37.3925
2002-11-29,85.1600,85.6300,85.1400,85.5500,31700,37.6345
2002-12-02,84.3600,85.4000,84.1500,85.2400,284900,37.6694
2002-12-03,85.7000,85.7000,85.1200,85.3600,113800,37.7224
2002-12-04,85.9000,86.0000,85.5500,85.8000,129000,37.9169
2002-12-05,85.2800,86.2800,85.2600,86.0200,206400,38.0141
2002-12-06,87.0000,87.0900,85.7600,86.1700,440500,38.0804
2002-12-09,86.2000,86.8500,86.1700,86.6500,400300,38.2926
2002-12-10,86.6100,86.9300,86.5000,86.8800,151600,38.3942
2002-12-11,87.1500,87.6500,86.9600,87.4600,163800,38.6505
2002-12-12,87.0600,87.6000,87.0600,87.3800,135800,38.6152
2002-12-13,87.1400,87.1600,86.5300,86.5300,425800,38.2395
2002-12-16,86.9000,86.9000,85.8400,85.8800,115700,37.9523
2002-12-17,86.3000,86.3500,85.6800,85.8800,290600,37.9523
2002-12-18,86.4800,86.6900,86.2500,86.5500,191000,38.2484
2002-12-19,86.8000,87.4900,86.6500,87.3200,134400,38.5887
2002-12-20,87.2300,87.5600,87.1500,87.3800,41900,38.6152
2002-12-23,87.3600,87.4000,86.2500,87.4000,74200,38.6240
2002-12-24,88.0000,88.0800,87.8400,87.8900,46600,38.8405
2002-12-26,87.9000,88.0600,87.7300,88.0600,13500,38.9157
2002-12-27,88.5500,89.0300,88.2800,89.0300,140200,39.3443
2002-12-30,88.9000,89.2400,88.6300,89.2400,274900,39.4371
2002-12-31,88.9500,89.3300,88.3200,88.5700,109400,39.3376
2003-01-02,87.7000,87.9000,86.2100,86.2800,192100,38.3205
2003-01-03,86.1500,86.5400,85.8300,86.4800,311200,38.4094
2003-01-06,86.1700,86.2900,85.8100,86.2500,35600,38.3072
2003-01-07,86.1900,86.7500,86.1700,86.5600,69800,38.4449
2003-01-08,86.8800,87.1400,86.7800,86.9900,160100,38.6359
2003-01-09,86.1700,86.1700,85.0200,85.3200,237500,37.8942
2003-01-10,85.9200,85.9200,85.1200,85.5400,145200,37.9919
2003-01-13,85.5400,85.8700,85.4000,85.6800,53300,38.0541
2003-01-14,86.0000,86.2800,85.9600,85.9800,98900,38.1873
2003-01-15,86.2800,86.7000,86.2000,86.4000,129600,38.3738
2003-01-16,86.3800,86.6000,85.6200,86.5200,57900,38.4272
2003-01-17,87.1000,87.2400,86.9300,86.9500,97700,38.6181
2003-01-21,86.8800,87.4500,86.8000,87.4500,107500,38.8402
2003-01-22,87.6800,87.9000,87.5200,87.8800,107100,39.0312
2003-01-23,87.3200,87.7000,87.3000,87.4500,110700,38.8402
2003-01-24,87.7400,88.4400,87.7400,87.9700,285300,39.0711
2003-01-27,87.9000,88.0400,87.5000,87.6500,150500,38.9290
2003-01-28,87.6500,87.7800,87.1000,87.6500,454700,38.9290
2003-01-29,87.8300,87.8800,86.9800,87.1700,221400,38.7158
2003-01-30,87.2000,87.9000,87.1000,87.8200,108600,39.0045
2003-01-31,87.9000,88.2100,87.5400,88.0600,182300,39.1111
2003-02-03,87.6700,87.9100,87.3100,87.8800,55200,39.1682
2003-02-04,88.3700,88.4000,88.1100,88.2700,56900,39.3420
2003-02-05,88.2300,88.7000,87.4300,87.5100,223300,39.0032
2003-02-06,87.8400,88.2600,87.7900,88.2200,120900,39.3197
2003-02-07,87.7700,88.5200,87.6300,88.4200,247200,39.4089
2003-02-10,88.1200,88.4000,87.6900,87.8000,76600,39.1325
2003-02-11,87.6000,87.9100,87.4300,87.7800,259100,39.1236
2003-02-12,87.8000,88.1300,87.6700,88.0900,121300,39.2618
2003-02-13,88.2700,89.1800,88.1700,88.5700,440200,39.4757
2003-02-14,88.3000,88.3700,87.6100,87.8100,829700,39.1370
2003-02-18,87.5600,87.9800,87.3400,87.9200,213200,39.1860
2003-02-19,88.3900,88.7000,88.2500,88.5200,62100,39.4534
2003-02-20,88.3400,88.9000,88.3400,88.8200,486700,39.5871
2003-02-21,88.5600,88.7200,88.2100,88.3000,250400,39.3553
2003-02-24,88.8800,88.9000,88.6200,88.7200,168200,39.5426
2003-02-25,89.4000,89.6500,89.0000,89.1300,358500,39.7253
2003-02-26,89.3800,89.7500,89.1500,89.7500,334000,40.0016
2003-02-27,89.4600,89.9900,89.3100,89.9000,695700,40.0685
2003-02-28,89.6800,90.5400,89.5800,90.4700,213100,40.3225
2003-03-03,90.0000,90.4500,89.9100,90.2400,204100,40.3717
2003-03-04,90.1300,90.4500,90.0200,90.3000,83100,40.3986
2003-03-05,90.6200,90.6300,90.0400,90.6000,126000,40.5328
2003-03-06,90.5500,90.6800,90.0600,90.2500,166000,40.3762
2003-03-07,90.7200,90.7900,90.0500,90.5600,263800,40.5149
2003-03-10,90.8100,91.0300,90.6800,91.0300,147200,40.7252
2003-03-11,90.9900,91.1600,90.7300,90.8700,82800,40.6536
2003-03-12,90.9200,91.3600,90.8800,91.2000,454800,40.8012
2003-03-13,90.1500,90.3900,89.5200,89.5200,830200,40.0496
2003-03-14,89.9000,90.1200,89.6200,89.9600,590900,40.2465
2003-03-17,90.5200,90.5200,88.8600,88.8800,724400,39.7633
2003-03-18,88.9600,89.2000,88.0100,88.0400,415200,39.3875
2003-03-19,88.0400,88.0700,87.3300,87.3900,398400,39.0967
2003-03-20,87.8200,87.9500,86.7600,87.2500,206700,39.0341
2003-03-21,86.9200,87.0500,86.0500,86.0500,843400,38.4972
2003-03-24,87.1000,87.6000,86.8500,87.4100,373800,39.1056
2003-03-25,87.6500,87.8200,86.9000,87.3100,606400,39.0609
2003-03-26,87.2500,87.6500,87.2500,87.4900,309500,39.1414
2003-03-27,87.7500,87.8700,87.3300,87.5500,191600,39.1683
2003-03-28,87.9200,88.0800,87.7200,87.7500,253400,39.2577
2003-03-31,88.3000,88.9300,88.3000,88.9000,643800,39.7723
2003-04-01,88.4000,88.7900,87.9000,88.2700,289800,39.6590
2003-04-02,87.6500,87.7000,87.2800,87.3500,312200,39.2457
2003-04-03,87.2500,87.5800,87.1400,87.3000,245600,39.2232
2003-04-04,87.0600,87.3000,86.8800,87.0500,184900,39.1109
2003-04-07,86.2200,86.8600,85.9200,86.8500,485400,39.0210
2003-04-08,87.0500,87.5900,86.9900,87.5500,194700,39.3356
2003-04-09,87.4000,87.8600,87.1700,87.8100,102400,39.4524
2003-04-10,87.7500,87.8500,87.3500,87.4000,53300,39.2682
2003-04-11,86.8200,87.3200,86.5900,87.2600,450000,39.2052
2003-04-14,87.1000,87.1100,86.7100,87.0200,207100,39.0974
2003-04-15,87.3300,87.5300,87.0400,87.4900,128500,39.3086
2003-04-16,87.5300,87.9000,87.4700,87.8500,97700,39.4703
2003-04-17,88.2400,88.4000,87.8000,87.9900,106200,39.5332
2003-04-21,87.4800,87.8300,87.2600,87.8000,148000,39.4479
2003-04-22,88.1500,88.2600,87.6200,87.7500,299900,39.4254
2003-04-23,87.7800,88.0100,87.6000,87.9300,42700,39.5063
2003-04-24,88.4000,88.9900,88.4000,88.7200,199000,39.8612
2003-04-25,88.7500,89.1000,88.6800,88.9200,529700,39.9511
2003-04-28,89.0900,89.0900,88.7800,88.7800,80500,39.8882
2003-04-29,88.5300,88.7700,88.3200,88.6300,177500,39.8208
2003-04-30,88.7900,89.5200,88.7300,89.4500,293400,40.1892
2003-05-01,89.2000,89.6000,88.8000,89.0200,231200,40.2086
2003-05-02,89.0600,89.0700,88.2700,88.3200,231500,39.8925
2003-05-05,88.3100,88.8700,88.2000,88.7900,77700,40.1048
2003-05-06,88.8400,89.4000,88.5200,89.2300,260600,40.3034
2003-05-07,90.0000,90.3300,89.8200,90.2700,306900,40.7732
2003-05-08,90.6000,90.9000,90.2800,90.4900,437400,40.8726
2003-05-09,90.3000,90.6200,90.2000,90.5800,110000,40.9132
2003-05-12,91.1400,91.1900,90.7300,91.1500,364700,41.1707
2003-05-13,90.9000,91.3700,90.8300,91.3500,227800,41.2611
2003-05-14,91.8300,92.9800,91.6200,92.7500,1426500,41.8934
2003-05-15,92.6000,93.5700,92.6000,93.0400,810300,42.0243
2003-05-16,93.4800,93.7600,92.9500,93.7200,703900,42.3315
2003-05-19,94.1100,94.2400,93.1300,93.4000,817800,42.1870
2003-05-20,93.1500,94.7800,93.1200,94.7800,606600,42.8103
2003-05-21,94.2500,95.6600,94.1200,94.7700,1799600,42.8058
2003-05-22,95.1000,95.7000,94.9000,95.6100,576200,43.1852
2003-05-23,95.7700,96.2100,95.6400,95.8500,690600,43.2936
2003-05-27,95.6200,95.7100,94.1200,94.1200,846400,42.5122
2003-05-28,93.9000,94.1400,93.3100,93.9600,730500,42.4399
2003-05-29,94.3000,94.8000,94.0700,94.7800,508300,42.8103
2003-05-30,94.4500,94.7400,93.9700,94.6000,722200,42.7290
2003-06-02,93.8800,93.8800,93.0900,93.5100,478600,42.4151
2003-06-03,93.7600,94.5800,93.7100,94.2600,389400,42.7553
2003-06-04,94.4600,94.7100,94.0500,94.5400,394100,42.8823
2003-06-05,95.2000,95.3800,93.8000,93.8000,820900,42.5467
2003-06-06,93.7000,94.1500,93.3800,94.1400,276800,42.7009
2003-06-09,94.7000,94.8800,94.2700,94.7700,282200,42.9866
2003-06-10,95.0800,95.9300,95.0700,95.9000,534800,43.4992
2003-06-11,96.2500,96.6000,95.7000,95.7800,633600,43.4448
2003-06-12,96.1100,96.7300,96.0100,96.5300,315400,43.7850
2003-06-13,96.9300,97.2800,96.7600,97.1800,478400,44.0798
2003-06-16,97.5000,97.6600,96.2600,96.2600,789300,43.6625
2003-06-17,95.9700,96.0300,95.4000,95.5000,691600,43.3178
2003-06-18,95.0600,95.0600,94.2000,94.2800,657600,42.7644
2003-06-19,93.9600,94.4800,93.5000,94.1000,817700,42.6827
2003-06-20,93.9000,94.0500,93.0300,93.7500,561700,42.5240
2003-06-23,93.8200,94.4300,93.5300,94.3100,819900,42.7780
2003-06-24,94.1500,95.1800,94.0100,95.1800,292900,43.1726
2003-06-25,95.4200,95.4900,93.4500,93.6600,1002800,42.4831
2003-06-26,93.2500,93.2500,92.1200,92.4000,1423800,41.9116
2003-06-27,92.5500,92.5500,91.5500,92.0700,735900,41.7620
2003-06-30,91.9200,92.5200,91.6800,92.5000,541900,41.9570
2003-07-01,92.1500,92.4900,91.5100,91.6900,449000,41.7489
2003-07-02,91.2000,92.0700,91.1100,91.9200,338800,41.8537
2003-07-03,91.7000,91.7100,90.6000,90.6000,559100,41.2526
2003-07-07,90.2800,90.5900,90.0200,90.0200,465400,40.9885
2003-07-08,90.4300,90.4800,89.6300,90.1000,389600,41.0249
2003-07-09,90.5300,90.6900,90.1100,90.3900,270400,41.1570
2003-07-10,90.6900,90.7500,90.1200,90.3600,718000,41.1433
2003-07-11,90.3000,90.7900,90.2100,90.7900,389500,41.3391
2003-07-14,90.6800,90.8700,89.6300,89.7500,465900,40.8656
2003-07-15,89.5400,89.8600,87.4000,87.6500,3171100,39.9094
2003-07-16,87.4100,88.7200,87.1500,88.1500,1205400,40.1371
2003-07-17,87.3300,88.0400,87.1800,87.8800,1030600,40.0141
2003-07-18,87.6500,87.9600,87.4400,87.7000,550800,39.9321
2003-07-21,87.5000,87.6000,85.6500,85.8400,1267600,39.0853
2003-07-22,85.9700,86.3600,85.4400,86.2600,1576900,39.2765
2003-07-23,86.8000,87.0500,86.4000,86.5500,1374700,39.4085
2003-07-24,85.9000,86.0800,85.5500,85.7900,701100,39.0625
2003-07-25,85.9800,86.6200,85.4000,85.5600,1273500,38.9578
2003-07-28,85.2400,85.2900,84.4000,84.4100,1268500,38.4341
2003-07-29,84.1800,85.3500,83.2600,83.2600,2139300,37.9105
2003-07-30,83.7400,84.7200,83.5700,84.2000,1963400,38.3385
2003-07-31,83.6900,83.7100,82.2300,82.9500,4706400,37.7693
2003-08-01,82.1000,82.7900,81.9800,82.5100,3061200,37.7410
2003-08-04,82.4800,83.2200,82.3500,83.2200,1858700,38.0657
2003-08-05,83.2100,83.2900,81.8000,82.0300,2413000,37.5214
2003-08-06,82.5000,83.7700,82.3700,83.6500,2549700,38.2624
2003-08-07,83.8000,84.0500,83.1400,84.0000,1796400,38.4225
2003-08-08,84.3400,84.7900,83.6500,83.6600,2399100,38.2670
2003-08-11,83.5500,83.5700,82.9100,83.2400,1355000,38.0749
2003-08-12,83.4200,83.6500,82.8000,82.8500,1534200,37.8965
2003-08-13,82.2000,82.3500,81.1900,81.2500,2258100,37.1646
2003-08-14,81.4400,82.1000,80.9100,82.0500,1612300,37.5306
2003-08-15,82.2000,82.5000,81.9000,82.0000,515100,37.5077
2003-08-18,82.3000,82.6000,82.0100,82.3800,655300,37.6815
2003-08-19,82.5500,83.6500,82.5000,83.6500,1086500,38.2624
2003-08-20,83.8300,83.8700,82.7400,83.2000,503600,38.0566
2003-08-21,83.0600,83.4500,82.4200,83.0000,783600,37.9651
2003-08-22,82.9500,83.8500,82.9000,83.3700,413200,38.1344
2003-08-25,83.3200,83.5400,82.2500,82.7200,648200,37.8370
2003-08-26,82.4500,83.3700,82.3200,83.3700,837200,38.1344
2003-08-27,83.2700,83.2700,82.6100,82.9900,409100,37.9606
2003-08-28,83.2300,83.9800,83.2300,83.8500,557200,38.3539
2003-08-29,83.9400,83.9900,83.3800,83.6500,651100,38.2624
2003-09-02,83.6300,83.6500,82.0400,82.0600,868700,37.7028
2003-09-03,82.4800,82.4800,81.8800,82.1900,639900,37.7626
2003-09-04,82.4900,82.7100,82.1600,82.6500,562900,37.9739
2003-09-05,83.4000,84.0900,83.1700,84.0700,838000,38.6263
2003-09-08,83.6300,84.4500,83.2000,83.2000,621100,38.2266
2003-09-09,83.5200,83.9400,82.9200,83.8000,599900,38.5022
2003-09-10,83.9000,84.7000,83.8200,84.6500,1285900,38.8928
2003-09-11,84.2600,84.3800,83.8000,84.1000,859500,38.6401
2003-09-12,85.0200,85.3800,84.4500,84.6800,1375300,38.9066
2003-09-15,84.5000,84.8900,84.1100,84.5500,367100,38.8468
2003-09-16,84.3700,84.5000,83.9000,84.4200,655200,38.7871
2003-09-17,84.7200,85.5600,84.4800,85.4700,1223900,39.2696
2003-09-18,85.6500,85.6500,84.8300,85.5300,615000,39.2971
2003-09-19,85.6500,86.0300,85.4900,85.6300,869300,39.3431
2003-09-22,85.0000,85.1800,84.2300,84.9500,1126400,39.0306
2003-09-23,84.8800,85.5400,84.6400,85.5300,632100,39.2971
2003-09-24,85.5400,86.4900,85.3400,86.2700,1005300,39.6371
2003-09-25,86.3000,86.7200,86.1500,86.7000,846800,39.8347
2003-09-26,86.9400,87.4900,86.8200,87.4800,1869700,40.1931
2003-09-29,87.0200,87.4500,86.6600,86.7800,743000,39.8715
2003-09-30,87.0000,88.2500,86.9600,88.2200,1623900,40.5330
2003-10-01,87.5000,87.9300,87.3500,87.5200,931900,40.3794
2003-10-02,86.8400,87.4500,86.4000,87.1200,1194100,40.1949
2003-10-03,86.0500,86.2000,85.1000,85.2900,1451200,39.3506
2003-10-06,85.1200,85.7900,85.0800,85.6600,507200,39.5212
2003-10-07,85.4500,85.5700,84.6300,84.6700,594200,39.0645
2003-10-08,84.4500,84.9800,84.3500,84.6500,811800,39.0553
2003-10-09,83.9200,84.1300,83.6500,84.0500,1385600,38.7785
2003-10-10,84.5000,84.7300,84.3000,84.5500,256600,39.0091
2003-10-13,84.3500,84.5000,84.2200,84.2200,116300,38.8569
2003-10-14,83.7500,84.1000,83.5500,83.6400,337100,38.5893
2003-10-15,83.1600,83.3000,82.8500,83.2300,465600,38.4001
2003-10-16,83.4800,83.7700,82.7500,82.9000,564900,38.2479
2003-10-17,83.0800,83.6900,83.0100,83.5400,354500,38.5431
2003-10-20,83.4500,84.1500,83.4200,83.8200,281600,38.6723
2003-10-21,84.0300,84.3800,83.8500,84.1300,429700,38.8154
2003-10-22,84.6000,85.0000,84.4000,84.9500,798000,39.1937
2003-10-23,85.0000,85.0000,84.0200,84.3300,1055600,38.9076
2003-10-24,85.0000,85.6000,84.6600,85.2700,1412200,39.3414
2003-10-27,85.1500,85.3300,84.8000,85.1000,346900,39.2629
2003-10-28,84.8500,85.6900,84.5700,85.5500,2200300,39.4705
2003-10-29,85.2800,85.3500,84.6100,84.7800,926600,39.1153
2003-10-30,84.0000,84.5500,83.8000,84.4000,936300,38.9400
2003-10-31,84.7300,85.2200,83.7400,85.1900,887400,39.3044
2003-11-03,84.5600,84.5800,84.0400,84.4400,957700,39.1182
2003-11-04,84.6500,84.9700,84.5900,84.9200,246500,39.3406
2003-11-05,84.8200,84.8200,84.2600,84.3400,275100,39.0718
2003-11-06,83.7700,83.9200,83.5000,83.5500,861600,38.7059
2003-11-07,83.1200,83.5900,83.0500,83.5000,725700,38.6828
2003-11-10,83.6000,83.8400,83.2000,83.4300,553900,38.6503
2003-11-11,83.4500,83.5000,83.3600,83.4400,99900,38.6549
2003-11-12,83.8600,84.1500,83.7900,84.0500,321400,38.9375
2003-11-13,84.6000,85.3700,84.5400,85.3500,920400,39.5397
2003-11-14,85.3000,85.9600,85.2000,85.9200,484800,39.8038
2003-11-17,86.1400,86.5900,85.9500,86.0500,695000,39.8640
2003-11-18,85.9700,86.6100,85.7800,86.5800,632200,40.1096
2003-11-19,86.4200,86.6200,85.5600,85.6200,553900,39.6648
2003-11-20,86.2500,86.4900,85.8000,86.4500,373300,40.0494
2003-11-21,86.5800,86.9300,86.5000,86.5000,516900,40.0725
2003-11-24,86.1800,86.3100,85.7500,85.7900,573800,39.7436
2003-11-25,85.9500,86.5200,85.9500,86.2600,298700,39.9613
2003-11-26,86.1000,86.4000,85.3300,85.9100,613800,39.7992
2003-11-28,85.3500,85.4000,85.1300,85.1300,311300,39.4378
2003-12-01,84.4000,84.5700,83.8000,84.2400,1106600,39.2181
2003-12-02,84.4000,84.6000,84.0000,84.6000,589100,39.3857
2003-12-03,84.5100,84.7800,83.9500,84.2600,1446100,39.2274
2003-12-04,84.2600,84.6700,84.1900,84.4500,561500,39.3159
2003-12-05,85.3000,86.2300,85.1200,85.8000,1163800,39.9444
2003-12-08,85.7800,85.7800,85.0900,85.2000,436200,39.6650
2003-12-09,85.4500,85.7000,84.3600,84.6000,939200,39.3857
2003-12-10,85.0700,85.1000,84.5500,84.7400,555700,39.4509
2003-12-11,84.5100,85.3800,84.3700,85.3500,510500,39.7348
2003-12-12,85.4200,85.8800,85.4200,85.5100,553100,39.8094
2003-12-15,85.5000,85.8800,85.1800,85.4600,690000,39.7861
2003-12-16,85.4000,85.8600,85.2700,85.7400,462800,39.9164
2003-12-17,86.2300,86.6500,86.2000,86.3200,533100,40.1864
2003-12-18,86.3000,87.1000,86.3000,87.1000,708100,40.5496
2003-12-19,86.9700,87.0700,86.6100,87.0700,477600,40.5356
2003-12-22,87.1200,87.3400,86.6500,86.8300,483700,40.4239
2003-12-23,86.5300,86.7000,85.8500,85.8500,446600,39.9676
2003-12-24,86.3700,86.6600,86.1700,86.6600,138900,40.3447
2003-12-26,86.9000,87.0400,86.9000,86.9800,80500,40.4937
2003-12-29,86.7000,86.7700,86.1700,86.2000,187800,40.1306
2003-12-30,85.8000,86.1400,85.6000,85.8500,393900,39.9676
2003-12-31,85.3700,85.5700,85.3000,85.4500,171400,39.9676
2004-01-02,85.0900,85.0900,84.0800,84.4400,867100,39.4953
2004-01-05,84.0100,84.3800,83.9000,84.2200,626400,39.3923
2004-01-06,84.5400,85.3900,84.5000,85.1500,690500,39.8274
2004-01-07,85.1000,85.7000,84.8900,85.4900,252000,39.9864
2004-01-08,85.3000,85.6400,85.1800,85.4600,513300,39.9723
2004-01-09,86.8800,87.0700,86.0100,86.9500,1623000,40.6693
2004-01-12,86.6000,87.3800,86.6000,86.8800,863200,40.6365
2004-01-13,86.6800,87.4700,86.5600,87.4700,465700,40.9125
2004-01-14,87.4900,87.9200,87.1500,87.9000,1180300,41.1136
2004-01-15,87.9500,88.3100,87.6000,88.2300,1537200,41.2679
2004-01-16,88.6800,88.8000,87.6100,87.6100,751800,40.9779
2004-01-20,87.5000,87.9300,87.5000,87.5900,629600,40.9686
2004-01-21,87.7500,87.8100,87.4400,87.8000,570500,41.0668
2004-01-22,87.9500,88.4800,87.7100,88.4400,443600,41.3661
2004-01-23,88.5600,88.9000,87.2600,87.3800,1021300,40.8703
2004-01-26,87.3000,87.3600,86.6700,86.8500,639500,40.6225
2004-01-27,86.7300,87.4000,86.7300,87.3900,576100,40.8750
2004-01-28,87.2500,87.8500,85.8600,86.6200,1823800,40.5149
2004-01-29,86.2200,86.5800,86.0200,86.4400,814500,40.4307
2004-01-30,86.9000,87.2200,86.6000,87.0400,526200,40.7113
2004-02-02,86.4500,86.8800,86.3800,86.5000,335600,40.6258
2004-02-03,86.9200,86.9900,86.6000,86.9400,350900,40.8325
2004-02-04,86.7900,86.8600,86.4800,86.7700,645700,40.7527
2004-02-05,86.8400,87.0800,86.2400,86.4300,971400,40.5930
2004-02-06,87.1400,87.4500,87.0300,87.3800,798200,41.0391
2004-02-09,87.5600,87.6400,87.3900,87.6400,272400,41.1613
2004-02-10,87.4800,87.5500,87.0400,87.1500,203200,40.9311
2004-02-11,87.0200,88.2000,86.9100,87.8000,1335100,41.2364
2004-02-12,87.8500,88.0000,87.2600,87.4300,256700,41.0627
2004-02-13,87.8000,88.1000,87.5700,87.8000,513600,41.2364
2004-02-17,87.8600,87.8900,87.5300,87.7400,644100,41.2082
2004-02-18,88.1000,88.1800,87.6900,87.8600,990900,41.2646
2004-02-19,87.5300,87.9500,87.4700,87.9500,668900,41.3069
2004-02-20,87.7500,87.8300,87.2000,87.3400,1009800,41.0204
2004-02-23,87.3900,87.8800,87.3200,87.8800,504000,41.2739
2004-02-24,88.0500,88.3900,87.8600,88.0400,940900,41.3491
2004-02-25,88.2200,88.3600,88.0300,88.1800,572300,41.4149
2004-02-26,87.8500,87.9600,87.5400,87.9000,399100,41.2834
2004-02-27,88.2200,88.7800,87.9600,88.6600,836000,41.6404
2004-03-01,88.4600,88.6400,88.0400,88.2700,771900,41.6243
2004-03-02,88.1200,88.2000,87.4000,87.7100,676000,41.3602
2004-03-03,87.3900,87.6400,87.1100,87.5500,718000,41.2848
2004-03-04,87.4000,87.9500,87.3400,87.9400,421600,41.4687
2004-03-05,89.7700,90.0000,89.5200,89.6400,2789800,42.2703
2004-03-08,90.0600,90.3200,90.0000,90.1700,1309400,42.5202
2004-03-09,90.2500,90.8500,90.1900,90.7700,829000,42.8032
2004-03-10,90.5200,90.9300,90.4800,90.7100,878900,42.7749
2004-03-11,91.0500,91.0500,90.1500,90.8400,1337100,42.8362
2004-03-12,90.6100,90.8100,90.2200,90.2800,442100,42.5721
2004-03-15,90.4200,90.6400,90.2300,90.4300,756200,42.6428
2004-03-16,90.2900,91.1800,90.0500,91.1800,1374200,42.9965
2004-03-17,91.4700,91.4800,90.9000,91.0300,1936500,42.9258
2004-03-18,90.7100,91.0600,90.4000,90.5500,1842100,42.6994
2004-03-19,90.4700,90.6000,90.2100,90.4300,366700,42.6428
2004-03-22,90.5900,90.9800,90.5900,90.9800,947200,42.9022
2004-03-23,90.8900,91.1400,90.7500,91.1400,562200,42.9777
2004-03-24,91.1600,91.2300,90.9200,91.0900,327400,42.9540
2004-03-25,90.7200,90.9400,90.6500,90.7400,514000,42.7890
2004-03-26,90.4800,90.6000,89.6000,89.7800,1378600,42.3363
2004-03-29,89.0500,89.2300,88.9000,89.1800,2454000,42.0534
2004-03-30,89.3000,89.4300,89.0700,89.1200,1021000,42.0251
2004-03-31,89.2500,89.6300,89.2100,89.5500,1647300,42.2279
2004-04-01,88.9800,89.0600,88.5500,88.9100,1309200,42.0896
2004-04-02,87.1300,87.1300,86.4100,86.7100,2603700,41.0482
2004-04-05,86.3200,86.3900,85.9100,86.0300,1422700,40.7263
2004-04-06,86.4000,86.5000,86.2000,86.5000,1695400,40.9487
2004-04-07,86.3000,86.8000,86.2500,86.3000,659600,40.8541
2004-04-08,86.1700,86.4200,85.9800,86.0500,893700,40.7357
2004-04-12,85.8100,85.8700,85.6000,85.7400,311700,40.5890
2004-04-13,84.9300,85.1100,84.7700,84.8100,1449500,40.1487
2004-04-14,83.9800,84.7600,83.9800,84.7400,2529200,40.1156
2004-04-15,84.6700,84.8000,84.1800,84.2400,1184800,39.8789
2004-04-16,84.6800,84.8700,84.4100,84.5600,986900,40.0304
2004-04-19,84.8500,84.9100,84.3000,84.3800,682100,39.9452
2004-04-20,84.2700,84.4300,83.6100,83.6100,1618700,39.5807
2004-04-21,83.7200,84.3200,83.7200,84.0200,763600,39.7747
2004-04-22,84.2500,84.5900,84.1400,84.5200,1024300,40.0115
2004-04-23,84.1100,84.3400,83.7500,84.0400,963200,39.7842
2004-04-26,84.0900,84.2900,84.0600,84.1800,515800,39.8505
2004-04-27,84.4000,84.5500,84.0800,84.5000,1033400,40.0020
2004-04-28,84.3000,84.4300,83.6100,83.7100,1215700,39.6280
2004-04-29,83.7500,84.1800,83.0100,83.3000,2504900,39.4339
2004-04-30,83.4300,83.8000,83.2700,83.6400,831500,39.5949
2004-05-03,83.1000,83.5700,83.1000,83.4200,668800,39.6447
2004-05-04,83.6300,83.9000,82.6900,82.8500,3950900,39.3739
2004-05-05,83.2600,83.2600,82.5000,82.6200,2236600,39.2646
2004-05-06,82.5600,82.6500,82.3700,82.4000,3163200,39.1600
2004-05-07,81.4500,81.5000,81.1000,81.3200,1756400,38.6467
2004-05-10,81.4800,81.6100,81.1100,81.1300,958700,38.5565
2004-05-11,81.1100,81.5200,81.1100,81.5000,766000,38.7323
2004-05-12,81.4000,81.4400,80.9400,80.9600,1945700,38.4757
2004-05-13,80.8900,80.9200,80.5100,80.6500,1187000,38.3283
2004-05-14,81.0400,81.3900,80.7300,81.3100,4086400,38.6420
2004-05-17,81.8700,82.0700,81.6800,82.0300,1735600,38.9842
2004-05-18,81.7000,81.9100,81.5700,81.7100,674200,38.8321
2004-05-19,81.4000,81.4500,81.1500,81.4400,319200,38.7038
2004-05-20,81.7400,82.1000,81.6200,82.0700,1745900,39.0032
2004-05-21,82.3700,82.3800,81.5900,81.7400,1461900,38.8464
2004-05-24,81.9300,82.0800,81.6800,82.0000,314800,38.9699
2004-05-25,82.0300,82.3200,82.0100,82.2400,645300,39.0840
2004-05-26,82.4000,82.7300,82.3200,82.6800,505500,39.2931
2004-05-27,83.0300,83.4000,82.8300,83.3300,1122800,39.6020
2004-05-28,83.0200,83.5000,82.7500,83.1000,612700,39.4927
2004-06-01,82.3700,82.4000,81.7000,82.0200,662000,39.1310
2004-06-02,82.0200,82.1300,81.7600,81.8100,906600,39.0309
2004-06-03,81.8000,82.0500,81.5900,81.9800,1173600,39.1120
2004-06-04,82.0400,82.1300,81.4400,81.5000,568200,38.8830
2004-06-07,81.4200,81.5900,81.2200,81.5200,377200,38.8925
2004-06-08,81.2000,81.6800,81.0800,81.6700,1294200,38.9641
2004-06-09,81.4500,81.5200,81.0000,81.3200,589400,38.7971
2004-06-10,81.3600,81.6000,81.1500,81.4800,336200,38.8734
2004-06-14,81.2000,81.2600,80.7600,80.8300,892200,38.5633
2004-06-15,81.8100,82.6200,81.8100,82.5400,1567400,39.3791
2004-06-16,82.0500,82.3400,81.9900,82.2200,494700,39.2265
2004-06-17,82.0900,82.7700,81.9700,82.7600,552800,39.4841
2004-06-18,82.7600,82.8500,82.3700,82.5800,394500,39.3982
2004-06-21,82.6300,82.7500,82.4900,82.6400,731900,39.4268
2004-06-22,82.4300,82.5900,82.3600,82.3900,362700,39.3076
2004-06-23,82.2900,82.6800,82.1800,82.5500,302900,39.3839
2004-06-24,83.2600,83.3400,82.9000,83.0500,1087900,39.6224
2004-06-25,82.9200,83.1500,82.8700,83.1300,253200,39.6606
2004-06-28,82.7800,82.8700,82.1800,82.2800,573100,39.2551
2004-06-29,82.4000,82.8400,82.1700,82.8000,401500,39.5032
2004-06-30,83.0300,83.7500,82.9100,83.6500,1730800,39.9087
2004-07-01,83.3500,83.5600,82.9300,83.4700,1099300,39.9834
2004-07-02,84.6600,84.6900,84.2600,84.3500,1293300,40.4049
2004-07-06,84.5700,84.5900,84.1400,84.2100,351600,40.3379
2004-07-07,84.2000,84.4200,84.1300,84.2400,303500,40.3523
2004-07-08,84.3000,84.5400,84.2300,84.2900,715200,40.3762
2004-07-09,84.2500,84.4200,84.0900,84.3800,2152900,40.4193
2004-07-12,84.6100,84.6600,84.4400,84.5000,1297800,40.4768
2004-07-13,84.2000,84.2700,83.9500,84.2500,307100,40.3570
2004-07-14,84.3200,84.3700,84.1500,84.2800,241400,40.3714
2004-07-15,84.2900,84.3800,84.1700,84.3700,562700,40.4145
2004-07-16,84.8500,85.5000,84.8500,85.4900,2970600,40.9510
2004-07-19,85.4100,85.5700,85.3600,85.5500,978300,40.9798
2004-07-20,85.3100,85.3800,84.6000,84.7800,1091500,40.6109
2004-07-21,84.4100,84.5600,84.1900,84.5500,662800,40.5008
2004-07-22,84.5800,84.8500,84.5800,84.6700,154700,40.5583
2004-07-23,84.7800,84.9700,84.7800,84.9500,209200,40.6924
2004-07-26,84.8400,84.8400,84.4600,84.5500,712000,40.5008
2004-07-27,84.4000,84.4700,83.4100,83.4100,961200,39.9547
2004-07-28,83.2200,83.5300,83.0400,83.4200,495200,39.9595
2004-07-29,83.2700,83.6500,83.2700,83.6100,519600,40.0505
2004-07-30,84.0700,84.6300,84.0000,84.5900,578400,40.5199
2004-08-02,84.5000,84.6100,84.3200,84.3700,714800,40.5728
2004-08-03,84.4900,84.8300,84.4000,84.7100,509500,40.7363
2004-08-04,84.6800,85.1200,84.5000,84.7500,481300,40.7556
2004-08-05,84.8800,85.0900,84.8600,84.9900,623100,40.8710
2004-08-06,86.4100,86.8600,86.1200,86.4200,1240900,41.5587
2004-08-09,86.1500,86.3400,86.0700,86.1200,322100,41.4144
2004-08-10,86.2600,86.4400,85.8100,85.8100,860100,41.2653
2004-08-11,85.8200,86.2700,85.7300,86.1800,898400,41.4432
2004-08-12,86.0000,86.3600,85.8900,86.3600,697500,41.5298
2004-08-13,86.6700,86.9000,86.5200,86.6400,637500,41.6644
2004-08-16,86.4700,86.5300,86.0200,86.3400,729400,41.5202
2004-08-17,86.4000,86.8500,86.3600,86.8300,182000,41.7558
2004-08-18,87.0300,87.0600,86.4000,86.4100,365300,41.5538
2004-08-19,86.5000,86.7500,86.3400,86.6200,372900,41.6548
2004-08-20,86.5800,86.7500,86.4000,86.5400,875400,41.6164
2004-08-23,86.1100,86.1700,85.9700,86.0400,1007200,41.3759
2004-08-24,85.9500,86.1400,85.7700,86.0900,1044200,41.4000
2004-08-25,86.3200,86.6400,86.2500,86.3900,588200,41.5442
2004-08-26,86.5600,86.8800,86.4400,86.8800,478000,41.7798
2004-08-27,86.8300,87.0300,86.6400,86.8200,304400,41.7510
2004-08-30,87.0000,87.2300,86.9200,87.2300,259100,41.9482
2004-08-31,87.3000,88.0000,87.2400,87.7700,1721100,42.2079
2004-09-01,87.7000,87.7000,87.1500,87.5100,1388900,42.2513
2004-09-02,87.3700,87.3700,86.6500,86.6500,867000,41.8361
2004-09-03,86.4700,86.6600,86.0000,86.6600,958100,41.8409
2004-09-07,86.2400,86.5800,86.1900,86.5700,475500,41.7975
2004-09-08,86.2600,87.3200,86.1800,87.3000,584800,42.1499
2004-09-09,87.2200,87.5800,86.8600,86.9700,284800,41.9906
2004-09-10,87.3800,87.5300,87.0600,87.1000,711700,42.0533
2004-09-13,87.2000,87.5300,87.1200,87.4800,152900,42.2368
2004-09-14,87.3600,87.6800,87.1800,87.5700,695700,42.2803
2004-09-15,87.5000,87.5000,87.1800,87.3700,642500,42.1837
2004-09-16,87.5600,88.4800,87.5000,88.3600,1103400,42.6617
2004-09-17,88.1300,88.3900,87.8900,87.9200,765400,42.4493
2004-09-20,88.2600,88.5700,88.1900,88.5000,727200,42.7293
2004-09-21,88.3600,88.9200,88.1000,88.7600,1018500,42.8548
2004-09-22,88.8000,89.8100,88.6500,89.6800,2541200,43.2990
2004-09-23,89.6700,89.8800,89.3200,89.3200,2391000,43.1252
2004-09-24,89.3500,89.4900,89.1000,89.4300,1984300,43.1783
2004-09-27,89.6000,89.8900,89.5700,89.8200,1420800,43.3666
2004-09-28,89.6800,89.9500,89.2200,89.4600,1161100,43.1928
2004-09-29,88.7000,88.8700,88.5600,88.5900,1970700,42.7727
2004-09-30,88.1400,88.3700,87.9600,88.2500,1945700,42.6086
2004-10-01,87.5000,87.6300,87.2900,87.4500,1999300,42.3958
2004-10-04,87.0000,87.6000,87.0000,87.5800,1106200,42.4588
2004-10-05,87.5300,87.7000,87.4200,87.5800,501700,42.4588
2004-10-06,87.4500,87.4700,87.0200,87.1800,531300,42.2649
2004-10-07,87.0000,87.1800,86.7400,86.8000,2128600,42.0806
2004-10-08,87.9700,88.2100,87.7500,87.9500,1534500,42.6382
2004-10-11,87.9500,88.1000,87.7300,88.0400,60800,42.6818
2004-10-12,88.3400,88.3900,88.1600,88.2400,757900,42.7788
2004-10-13,88.0000,88.5600,87.9500,88.5600,648000,42.9339
2004-10-14,88.5000,89.0100,88.4100,88.9800,717100,43.1375
2004-10-15,88.8100,88.9900,88.1800,88.6700,746400,42.9872
2004-10-18,88.6500,88.7900,88.3700,88.7100,613600,43.0066
2004-10-19,88.3300,88.9900,88.2700,88.9400,505400,43.1182
2004-10-20,89.2600,89.6100,89.2000,89.5500,1127100,43.4138
2004-10-21,89.4400,89.9000,89.4400,89.6100,1649200,43.4429
2004-10-22,89.5000,89.8200,89.3700,89.8200,491500,43.5447
2004-10-25,90.0700,90.0900,89.8000,89.8900,246800,43.5787
2004-10-26,89.9500,90.0100,89.6200,89.6200,503700,43.4478
2004-10-27,89.8700,90.0500,88.7200,88.7400,2351800,43.0212
2004-10-28,88.7400,89.1600,88.5200,89.0300,839200,43.1618
2004-10-29,89.1100,89.4900,88.9200,89.4400,1169300,43.3605
2004-11-01,88.7500,89.0000,88.4000,88.5200,923500,43.0908
2004-11-02,88.4800,88.7300,88.3100,88.6500,709300,43.1541
2004-11-03,88.0300,88.7500,88.0000,88.6900,1066600,43.1736
2004-11-04,88.8600,89.1000,88.7500,88.7800,2285100,43.2174
2004-11-05,87.7400,87.9300,87.5200,87.8100,1838000,42.7452
2004-11-08,87.5000,87.6000,87.4000,87.5000,454100,42.5944
2004-11-09,87.4000,87.7300,87.4000,87.4500,373000,42.5700
2004-11-10,87.3100,87.4700,86.9100,87.1200,1303400,42.4093
2004-11-11,87.4500,87.4500,86.9300,86.9300,309700,42.3168
2004-11-12,87.3400,88.1100,87.3300,87.8700,1125900,42.7745
2004-11-15,87.9500,88.0000,87.7400,87.9500,763200,42.8134
2004-11-16,87.8100,87.9500,87.7000,87.9500,520900,42.8134
2004-11-17,87.8900,88.7600,87.8900,88.7000,1249400,43.1784
2004-11-18,88.5500,89.0600,88.4100,88.9700,891500,43.3099
2004-11-19,88.9000,89.0300,88.0900,88.2600,1244500,42.9643
2004-11-22,88.3500,88.8700,88.3000,88.7200,511500,43.1882
2004-11-23,88.5000,89.2000,88.4800,88.8300,746300,43.2417
2004-11-24,88.9100,88.9100,88.7300,88.8300,309700,43.2417
2004-11-26,88.2900,88.3400,88.2300,88.2500,697100,42.9594
2004-11-29,87.4700,87.6000,87.1700,87.3100,1546400,42.5018
2004-11-30,86.9400,87.1600,86.6300,86.9400,1754500,42.3218
2004-12-01,86.7000,86.7500,86.1800,86.4500,2489800,42.2557
2004-12-02,86.1700,86.3000,86.0100,86.1000,2881500,42.0846
2004-12-03,87.1500,87.6600,86.9300,87.4400,2233700,42.7396
2004-12-06,87.4900,87.8500,87.4500,87.7400,1314100,42.8862
2004-12-07,87.7400,87.8900,87.5000,87.8500,784300,42.9400
2004-12-08,88.4100,89.2200,88.3600,89.2200,2639700,43.6097
2004-12-09,88.9900,89.2700,88.5700,88.6300,1428900,43.3212
2004-12-10,88.9500,89.0500,88.6700,88.8500,1445000,43.4288
2004-12-13,88.8200,89.2900,88.8000,89.0400,677400,43.5217
2004-12-14,88.7400,89.4400,88.7000,89.3900,1568200,43.6928
2004-12-15,89.9500,90.2500,89.8400,90.2000,2511500,44.0887
2004-12-16,89.8900,89.8900,88.8500,88.8700,1998200,43.4386
2004-12-17,88.4800,88.8800,88.4300,88.7500,1319800,43.3799
2004-12-20,88.8700,89.1000,88.8200,88.9100,230500,43.4581
2004-12-21,89.0600,89.2400,88.9000,89.1800,245200,43.5901
2004-12-22,89.2100,89.2100,88.7000,88.8800,511600,43.4435
2004-12-23,88.7400,88.7900,88.5700,88.5900,738600,43.3017
2004-12-27,88.3300,88.3700,87.7000,87.9000,1322600,42.9645
2004-12-28,87.8600,87.9100,87.4000,87.8300,1253500,42.9303
2004-12-29,87.8700,88.0000,87.5700,87.7400,567500,42.8862
2004-12-30,87.8000,88.4500,87.7400,88.3300,626400,43.1747
2004-12-31,88.3700,88.6500,88.3000,88.5500,1056400,43.4469
2005-01-03,88.1800,88.8400,88.1600,88.7400,1168000,43.5402
2005-01-04,88.7200,88.7500,87.8100,87.8100,1935400,43.0839
2005-01-05,87.9900,88.5500,87.9400,88.2800,1094100,43.3145
2005-01-06,88.2900,88.5400,88.2200,88.3400,1057400,43.3439
2005-01-07,88.7600,88.8700,88.3500,88.5400,738700,43.4420
2005-01-10,88.6400,88.7200,88.4700,88.6800,379400,43.5107
2005-01-11,88.9000,89.2800,88.7400,89.2000,844100,43.7659
2005-01-12,88.8700,89.4400,88.8000,89.3200,722000,43.8248
2005-01-13,89.7500,90.1800,89.7300,90.1800,1876700,44.2467
2005-01-14,89.9000,90.4000,89.8100,90.1700,1043800,44.2418
2005-01-18,89.8000,90.4900,89.7300,90.4700,1251600,44.3890
2005-01-19,90.8000,90.8400,90.2700,90.7300,655800,44.5166
2005-01-20,90.4200,91.0200,90.3500,90.9100,1064200,44.6049
2005-01-21,90.6000,91.0500,90.5200,91.0100,606300,44.6539
2005-01-24,91.0900,91.5000,91.0000,91.4000,561400,44.8453
2005-01-25,91.3600,91.4000,90.5100,90.5400,1942200,44.4233
2005-01-26,90.8500,90.9200,90.6300,90.7100,709800,44.5067
2005-01-27,90.5200,90.7000,90.3400,90.5400,463900,44.4233
2005-01-28,91.2200,91.6000,91.1700,91.4500,1128000,44.8698
2005-01-31,91.3300,91.7500,91.2900,91.7100,1313900,44.9974
2005-02-01,91.4400,91.5000,91.0500,91.2200,948200,44.9260
2005-02-02,91.2000,91.4600,91.0900,91.4300,760300,45.0294
2005-02-03,91.0600,91.4400,91.0600,91.3800,505800,45.0048
2005-02-04,92.4700,92.9400,92.4600,92.6500,3483900,45.6302
2005-02-07,92.7400,93.4200,92.7000,93.3400,1064600,45.9701
2005-02-08,93.3700,94.1200,93.3300,93.8700,1383800,46.2311
2005-02-09,93.4400,94.2400,93.3800,94.1200,2125800,46.3543
2005-02-10,93.4900,93.6800,92.7500,92.8500,1240000,45.7288
2005-02-11,92.4600,92.9800,92.4000,92.7900,1275200,45.6992
2005-02-14,92.9000,93.2100,92.7300,93.0800,295000,45.8420
2005-02-15,92.6000,92.8600,92.5700,92.6100,900200,45.6106
2005-02-16,92.5100,92.5700,91.8000,92.2600,1189700,45.4382
2005-02-17,91.7600,92.1400,91.6000,91.6800,1146400,45.1525
2005-02-18,90.5500,90.9500,90.4600,90.8600,2655800,44.7487
2005-02-22,90.6300,90.7500,90.4000,90.4600,914600,44.5517
2005-02-23,91.1400,91.1700,90.4300,90.7600,1115000,44.6994
2005-02-24,91.1600,91.3300,90.5600,90.5600,798500,44.6009
2005-02-25,90.8900,91.1400,90.6200,91.0000,588800,44.8177
2005-02-28,91.1000,91.1000,89.8900,90.0200,2797300,44.3350
2005-03-01,89.5400,89.8600,89.4500,89.7100,1648500,44.3212
2005-03-02,89.4500,89.7200,89.4200,89.5900,1139300,44.2619
2005-03-03,89.6200,89.8000,89.4500,89.5400,1600600,44.2372
2005-03-04,89.9900,90.6700,89.8700,90.5100,1567000,44.7164
2005-03-07,90.8500,90.9900,90.7500,90.8700,889800,44.8943
2005-03-08,90.1300,90.2700,89.9400,90.0100,680400,44.4694
2005-03-09,89.1800,89.4000,88.4400,88.5400,2549600,43.7431
2005-03-10,88.7400,89.3300,88.3900,89.0800,1357700,44.0099
2005-03-11,88.6500,88.8700,88.4000,88.4300,1017900,43.6887
2005-03-14,88.3700,89.0000,88.3000,88.9600,805000,43.9506
2005-03-15,89.2900,89.3000,88.4000,88.4000,963900,43.6740
2005-03-16,88.5400,89.3600,88.5400,88.9400,2097800,43.9408
2005-03-17,89.3500,89.5800,89.1200,89.2300,1025300,44.0840
2005-03-18,88.9000,88.9800,88.6700,88.6700,722700,43.8073
2005-03-21,88.6700,88.6700,88.3800,88.4200,893100,43.6838
2005-03-22,88.9400,89.0500,87.5400,87.6700,2544900,43.3133
2005-03-23,87.5300,88.1600,87.5300,88.0900,1951700,43.5208
2005-03-24,88.3200,88.4600,88.1800,88.2700,746800,43.6097
2005-03-28,87.9900,88.0000,87.7200,87.7300,382200,43.3430
2005-03-29,88.0800,88.2800,87.9900,88.2500,1135000,43.5999
2005-03-30,88.2000,88.7500,88.1600,88.6900,1095600,43.8172
2005-03-31,89.2000,89.3900,88.8600,89.3300,2410900,44.1334
2005-04-01,89.5300,89.6600,88.5000,89.3000,2805300,44.2822
2005-04-04,89.2800,89.6600,89.1700,89.2800,754800,44.2723
2005-04-05,89.2400,89.3600,88.9300,89.0500,733300,44.1582
2005-04-06,89.4100,89.4400,89.2000,89.3600,402800,44.3119
2005-04-07,89.3000,89.5800,88.6100,88.6400,973000,43.9549
2005-04-08,88.5600,89.0000,88.3400,88.9500,438600,44.1086
2005-04-11,88.9700,89.6200,88.9400,89.4300,1460200,44.3466
2005-04-12,89.2300,90.4000,89.1200,90.2600,1931500,44.7582
2005-04-13,90.3500,90.4400,89.8000,90.0400,1001700,44.6491
2005-04-14,90.0800,90.1200,89.6600,89.9000,1461800,44.5797
2005-04-15,90.5400,91.1200,90.2200,91.0900,2807300,45.1698
2005-04-18,91.3700,91.3900,90.9400,91.0200,3510800,45.1351
2005-04-19,91.3400,92.0400,91.3200,91.9000,1733600,45.5715
2005-04-20,91.2200,91.7700,91.1800,91.6700,1617900,45.4574
2005-04-21,91.3000,91.4200,90.7000,90.7100,1288500,44.9814
2005-04-22,91.2700,91.5800,91.0900,91.4700,876300,45.3582
2005-04-25,91.6600,91.8200,91.5100,91.7400,818300,45.4921
2005-04-26,91.9900,92.0500,91.3400,91.6000,549300,45.4227
2005-04-27,92.0500,92.2000,91.8000,91.9200,684900,45.5814
2005-04-28,92.0500,92.6500,91.9500,92.6000,1062000,45.9186
2005-04-29,92.5700,92.9400,92.2200,92.4400,1445100,45.8392
2005-05-02,92.1500,92.2600,91.7100,92.0900,1358200,45.8293
2005-05-03,92.0700,92.5400,91.9200,92.3400,1884900,45.9537
2005-05-04,91.4500,91.7200,91.0500,91.5300,2211500,45.5506
2005-05-05,91.3000,91.8400,91.2100,91.7400,1757900,45.6551
2005-05-06,90.9300,91.2000,90.8100,91.0600,850600,45.3167
2005-05-09,91.0100,91.2400,91.0000,91.1500,327800,45.3615
2005-05-10,91.3600,91.8000,91.3400,91.8000,495500,45.6850
2005-05-11,92.1400,92.5200,91.9900,92.0800,1058700,45.8243
2005-05-12,92.0000,92.4700,91.7200,92.4400,657000,46.0035
2005-05-13,92.7100,93.0200,92.5700,92.8000,1698100,46.1826
2005-05-16,93.0400,93.0700,92.6800,92.6900,824800,46.1279
2005-05-17,92.9600,93.1900,92.9000,92.9500,856300,46.2573
2005-05-18,93.7000,93.8000,93.3400,93.5700,1092300,46.5658
2005-05-19,93.7000,93.7000,93.2800,93.3300,948800,46.4464
2005-05-20,93.2500,93.5100,93.2100,93.4400,806800,46.5011
2005-05-23,93.6000,94.2300,93.5700,94.1700,905600,46.8645
2005-05-24,94.5300,94.6500,94.1800,94.4300,1695400,46.9938
2005-05-25,94.5900,94.6500,93.7300,93.7700,1923300,46.6654
2005-05-26,93.5900,94.0700,93.5900,93.7400,978300,46.6504
2005-05-27,93.7400,93.9800,93.5400,93.8400,650600,46.7002
2005-05-31,94.2200,95.0500,94.2200,95.0000,1979000,47.2774
2005-06-01,95.2000,95.8400,95.1900,95.8100,3823200,47.8564
2005-06-02,95.7300,96.1900,95.7300,96.0400,1703400,47.9713
2005-06-03,96.9000,97.0000,95.2000,95.2500,5558100,47.5767
2005-06-06,95.5000,95.8800,95.3500,95.7500,1088700,47.8264
2005-06-07,96.4700,96.5800,96.0500,96.5100,1503100,48.2060
2005-06-08,96.3100,96.4500,96.0500,96.0500,1272400,47.9763
2005-06-09,95.6700,96.0100,95.4300,95.9700,612700,47.9363
2005-06-10,95.5500,95.5500,94.8600,94.8900,1464800,47.3968
2005-06-13,94.4800,94.5300,94.1700,94.3200,1616700,47.1121
2005-06-14,94.0500,94.1600,93.5700,93.7000,1984500,46.8025
2005-06-15,93.3900,93.8700,93.3300,93.8700,1996800,46.8874
2005-06-16,93.8000,94.4200,93.5700,94.3400,1370300,47.1221
2005-06-17,94.1100,94.4700,94.0200,94.3300,555900,47.1171
2005-06-20,93.8200,94.2000,93.6000,94.1700,453000,47.0373
2005-06-21,94.3800,94.8600,94.3200,94.8600,503100,47.3819
2005-06-22,95.4900,96.0900,95.2600,96.0100,952200,47.9563
2005-06-23,95.8000,95.9800,95.5400,95.9100,996300,47.9063
2005-06-24,96.2400,96.4500,96.0200,96.3900,928000,48.1461
2005-06-27,96.4900,96.8100,96.3500,96.6500,1203600,48.2760
2005-06-28,96.3200,96.3700,95.9100,95.9900,982400,47.9463
2005-06-29,96.4700,96.4800,95.6000,95.8400,1682400,47.8714
2005-06-30,95.8600,96.7200,95.8100,96.7000,2159400,48.3009
2005-07-01,96.0400,96.2600,94.9900,95.2000,2222700,47.7155
2005-07-05,94.3500,94.7400,94.2700,94.3000,1076100,47.2645
2005-07-06,94.6300,94.8300,94.4300,94.8200,854100,47.5251
2005-07-07,95.4300,95.5500,94.9600,95.0200,1678000,47.6253
2005-07-08,95.2500,95.2500,94.3200,94.6300,1259300,47.4298
2005-07-11,94.1100,94.6500,93.9500,94.6300,982000,47.4298
2005-07-12,94.3500,94.5300,94.0600,94.1000,743700,47.1642
2005-07-13,94.0500,94.1000,93.8600,93.9600,886600,47.0940
2005-07-14,94.1000,94.1400,93.6000,93.7200,874300,46.9737
2005-07-15,93.5000,94.0300,93.5000,93.9700,1064700,47.0990
2005-07-18,93.8500,93.9700,93.1000,93.2700,1204500,46.7482
2005-07-19,93.2300,93.7200,93.1200,93.6000,1226900,46.9136
2005-07-20,93.5100,94.2400,93.1800,94.1100,1884500,47.1692
2005-07-21,93.4800,93.5400,92.6800,92.8300,3824200,46.5276
2005-07-22,93.1000,93.6200,93.0300,93.5500,1614900,46.8885
2005-07-25,93.4000,93.7100,93.1400,93.2100,305100,46.7181
2005-07-26,93.2700,93.4100,93.1700,93.3600,340500,46.7933
2005-07-27,93.0700,93.2700,93.0100,93.2100,593300,46.7181
2005-07-28,93.3800,94.1700,93.3800,94.0400,578900,47.1341
2005-07-29,93.8000,93.8000,92.8500,93.1100,1699500,46.6680
2005-08-01,92.5000,92.6000,92.0200,92.4200,1760300,46.4944
2005-08-02,92.2700,92.4600,91.9600,92.1200,1071400,46.3435
2005-08-03,92.2500,92.6600,92.2500,92.5700,591100,46.5699
2005-08-04,92.5900,92.7900,92.2000,92.3800,1046800,46.4743
2005-08-05,91.7000,91.8700,91.5500,91.6600,1041600,46.1121
2005-08-08,91.6800,91.8500,91.4400,91.4900,836600,46.0266
2005-08-09,91.7000,91.8500,91.2800,91.8300,1474800,46.1976
2005-08-10,92.0100,92.1000,91.5400,91.7300,909300,46.1473
2005-08-11,92.0300,92.4500,91.7000,92.3700,881600,46.4693
2005-08-12,92.6200,93.4400,92.5700,93.3100,1765100,46.9422
2005-08-15,93.2600,93.3000,93.0500,93.0700,954300,46.8214
2005-08-16,93.6800,93.9000,93.5000,93.7200,1311000,47.1484
2005-08-17,93.5100,93.7300,92.9800,93.1000,1278200,46.8365
2005-08-18,93.4500,93.8100,93.2700,93.7900,833900,47.1837
2005-08-19,93.3600,93.8400,93.3400,93.7800,439200,47.1786
2005-08-22,93.5400,93.8000,93.2000,93.6800,599300,47.1283
2005-08-23,93.7300,94.2300,93.6500,94.1100,491800,47.3447
2005-08-24,94.2700,94.3300,93.8500,94.2000,998200,47.3899
2005-08-25,94.2800,94.6100,94.0600,94.5000,812400,47.5408
2005-08-26,94.6500,94.8800,94.2000,94.4700,874600,47.5257
2005-08-29,94.8300,94.8800,94.5000,94.5900,550100,47.5861
2005-08-30,94.8300,95.3500,94.7200,95.1900,1392700,47.8880
2005-08-31,95.3100,96.0000,95.3000,95.9900,1310800,48.2904
2005-09-01,95.3100,95.7400,94.9300,95.0800,1899000,47.9996
2005-09-02,94.8800,95.2900,94.8000,95.1600,621400,48.0400
2005-09-06,95.0100,95.1700,94.4800,94.4900,965300,47.7018
2005-09-07,94.1800,94.1800,93.3600,93.6000,1090200,47.2525
2005-09-08,93.8900,93.9800,93.6000,93.7000,373100,47.3030
2005-09-09,93.9600,94.3200,93.8800,94.0000,426300,47.4544
2005-09-12,93.6600,93.7100,93.1900,93.3500,917300,47.1262
2005-09-13,93.7600,94.1200,93.6400,93.8400,450400,47.3736
2005-09-14,93.8200,93.8800,93.3800,93.4800,346400,47.1919
2005-09-15,93.3500,93.3500,92.4000,92.7100,2225800,46.8032
2005-09-16,92.3000,92.4800,91.8800,92.1000,2145500,46.4952
2005-09-19,92.1800,92.4400,92.1000,92.3000,886100,46.5962
2005-09-20,92.2900,92.8000,91.8800,92.5400,1848800,46.7173
2005-09-21,93.2800,93.4100,93.1300,93.4000,993000,47.1515
2005-09-22,93.3700,93.4500,93.1300,93.3100,761700,47.1061
2005-09-23,93.0500,93.1000,92.6100,92.6100,656800,46.7527
2005-09-26,92.1100,92.3800,92.1000,92.1900,680900,46.5407
2005-09-27,92.2700,92.5600,91.9400,92.3200,827800,46.6063
2005-09-28,92.3900,93.0200,92.2600,92.9400,712800,46.9193
2005-09-29,92.6000,92.6100,92.3600,92.5200,657100,46.7073
2005-09-30,92.5800,92.6900,92.0000,92.2000,1391800,46.5457
2005-10-03,91.7900,92.2000,91.1000,91.1200,1370900,46.1818
2005-10-04,91.3700,91.5400,91.2100,91.4200,783200,46.3338
2005-10-05,91.6800,91.9800,91.5700,91.8200,1215800,46.5366
2005-10-06,91.7000,91.7400,91.4400,91.4700,340000,46.3592
2005-10-07,91.0900,91.9500,90.9600,91.8400,1337800,46.5467
2005-10-10,91.8500,91.9700,91.6200,91.7800,159700,46.5163
2005-10-11,91.8400,91.9200,91.4500,91.5900,679100,46.4200
2005-10-12,91.4400,91.4400,90.6500,90.7000,1105700,45.9689
2005-10-13,90.2500,90.5000,90.0800,90.3700,1376600,45.8017
2005-10-14,90.6000,90.7000,89.8200,90.2300,1042600,45.7308
2005-10-17,90.4200,90.6100,90.1200,90.2100,1058200,45.7206
2005-10-18,90.4600,90.4800,90.2300,90.3100,878200,45.7713
2005-10-19,90.6600,90.8700,90.3500,90.3500,904800,45.7915
2005-10-20,90.2800,90.6000,90.1300,90.5900,810300,45.9131
2005-10-21,90.8300,91.4700,90.7500,91.4300,1252800,46.3389
2005-10-24,91.3200,91.4100,90.4900,90.7200,939100,45.9791
2005-10-25,90.8200,91.0500,89.9300,89.9400,632900,45.5838
2005-10-26,89.4500,89.7000,89.1600,89.2800,2895800,45.2492
2005-10-27,89.6000,89.7900,89.3000,89.6000,1197400,45.4114
2005-10-28,89.7200,89.8800,89.1200,89.6100,750400,45.4165
2005-10-31,89.7700,90.0400,89.5800,89.7800,547700,45.5026
2005-11-01,89.4300,89.6500,89.0900,89.2800,647100,45.4502
2005-11-02,89.0800,89.3900,88.8300,88.8600,781100,45.2364
2005-11-03,88.8900,88.9700,88.2400,88.2600,962900,44.9310
2005-11-04,88.4200,88.6400,87.8600,88.1200,1888700,44.8597
2005-11-07,88.5000,88.5700,88.3500,88.4200,1121600,45.0124
2005-11-08,88.8900,89.3200,88.8900,89.2800,1396800,45.4502
2005-11-09,88.7800,88.9300,88.3600,88.3600,1140300,44.9819
2005-11-10,88.7200,89.4800,88.6300,89.4400,1695200,45.5317
2005-11-11,89.6000,89.7000,89.4400,89.4900,193700,45.5572
2005-11-14,89.3800,89.4500,88.6200,88.8200,1230100,45.2160
2005-11-15,88.7500,89.6500,88.7500,89.4000,839800,45.5113
2005-11-16,89.8000,90.4400,89.7500,90.3400,1822300,45.9898
2005-11-17,90.1700,90.9000,90.0500,90.5600,1003100,46.1018
2005-11-18,90.3700,90.4500,90.0600,90.1400,734200,45.8880
2005-11-21,90.3400,90.6600,90.3300,90.4100,503300,46.0255
2005-11-22,90.3700,90.6700,90.3500,90.5300,1026900,46.0866
2005-11-23,90.5900,90.6900,89.8600,90.1800,768300,45.9084
2005-11-25,90.4100,90.5400,90.3400,90.5100,421500,46.0764
2005-11-28,90.5200,91.1400,90.5200,90.9600,883400,46.3055
2005-11-29,91.0800,91.1100,90.0300,90.1000,889200,45.8677
2005-11-30,90.3000,90.3000,89.8200,90.0000,1642800,45.8168
2005-12-01,90.0000,90.0100,89.1800,89.4700,1214800,45.7452
2005-12-02,89.2700,89.5500,89.1500,89.5000,746200,45.7605
2005-12-05,89.3500,89.3500,88.8500,89.1000,431100,45.5560
2005-12-06,89.4100,90.1200,89.3200,90.0100,968800,46.0213
2005-12-07,89.8000,89.9100,89.5200,89.6700,386600,45.8474
2005-12-08,89.9800,90.3600,89.8000,90.2500,976200,46.1440
2005-12-09,89.9800,90.0100,89.4700,89.5400,817400,45.7810
2005-12-12,89.7500,89.7500,89.1400,89.3700,440500,45.6941
2005-12-13,89.7200,89.8200,89.3800,89.7000,598700,45.8628
2005-12-14,90.2000,90.8200,90.1400,90.6200,635000,46.3332
2005-12-15,90.4400,90.4400,89.9900,90.4000,724300,46.2207
2005-12-16,90.8300,90.9300,90.5600,90.7000,684500,46.3741
2005-12-19,90.6000,91.1000,90.5600,90.7900,469800,46.4201
2005-12-20,90.5800,90.8000,90.4000,90.6800,236000,46.3638
2005-12-21,90.5300,90.5800,90.2900,90.5200,193100,46.2820
2005-12-22,90.9200,91.3100,90.9100,91.2400,692700,46.6502
2005-12-23,91.1900,92.0400,91.1000,91.8000,2295800,46.9365
2005-12-27,91.9700,92.5900,91.8000,92.5500,519500,47.3199
2005-12-28,92.0300,92.2500,91.7500,91.9100,1295700,47.1880
2005-12-29,92.0300,92.1300,91.6900,92.1100,740600,47.2907
2005-12-30,92.5400,92.5900,91.7000,91.9000,1099500,47.1829
2006-01-03,91.5900,92.2500,91.4800,91.7800,1392700,47.1213
2006-01-04,91.5400,92.0700,91.4200,92.0000,387600,47.2342
2006-01-05,91.8800,92.1400,91.7000,91.8900,453400,47.1777
2006-01-06,91.7700,91.9000,91.4900,91.7200,1193700,47.0905
2006-01-09,91.7000,91.7800,91.5400,91.7800,413600,47.1213
2006-01-10,91.6300,91.6800,91.0300,91.0400,698900,46.7414
2006-01-11,91.2500,91.2900,90.7500,90.8900,394600,46.6643
2006-01-12,91.1300,91.5200,91.0000,91.5000,626600,46.9775
2006-01-13,91.5900,92.3000,91.5800,92.0300,491000,47.2496
2006-01-17,92.0000,92.5000,91.9300,92.4400,454300,47.4601
2006-01-18,92.7600,92.7700,92.1200,92.4100,622100,47.4448
2006-01-19,92.0700,92.4400,91.9600,92.1400,490600,47.3061
2006-01-20,92.3200,92.4800,92.0500,92.3800,842600,47.4293
2006-01-23,91.8000,92.5000,91.7300,92.3500,720400,47.4139
2006-01-24,92.0000,92.1900,91.7600,91.9000,300500,47.1829
2006-01-25,91.5100,91.5700,90.7900,90.9000,1204500,46.6695
2006-01-26,90.5500,90.6000,90.0500,90.5100,764100,46.4693
2006-01-27,90.8000,90.8000,90.1600,90.5100,1091400,46.4693
2006-01-30,90.3000,90.5000,90.2400,90.4200,308500,46.4230
2006-01-31,90.3500,90.7300,90.2000,90.6700,676100,46.5514
2006-02-01,90.1500,90.4600,89.8500,90.0400,622300,46.3922
2006-02-02,90.0400,90.4100,89.8600,90.2100,658500,46.4798
2006-02-03,90.0000,91.0000,89.8200,90.8500,1524600,46.8095
2006-02-06,90.9800,91.2100,90.8900,91.0300,755100,46.9022
2006-02-07,91.1200,91.1200,90.5000,90.6000,280500,46.6807
2006-02-08,90.8800,90.8800,90.2900,90.3900,261700,46.5725
2006-02-09,90.1400,90.9000,90.0600,90.8000,1119200,46.7837
2006-02-10,91.2000,91.3800,90.2400,90.3000,938000,46.5261
2006-02-13,90.2400,90.3600,90.1600,90.3100,218700,46.5313
2006-02-14,89.9000,90.2000,89.7200,89.9900,836100,46.3664
2006-02-15,90.1400,90.4700,89.8800,90.2100,720300,46.4798
2006-02-16,90.2000,90.3000,90.0000,90.2300,427800,46.4901
2006-02-17,90.8000,91.0700,90.8000,90.9500,731400,46.8611
2006-02-21,90.9000,91.0000,90.7800,90.8000,433300,46.7837
2006-02-22,91.1200,91.4500,91.0900,91.4200,559000,47.1032
2006-02-23,91.3100,91.3100,90.9300,91.1900,288300,46.9847
2006-02-24,91.4400,91.4400,90.9500,91.0500,485700,46.9126
2006-02-27,91.3500,91.3500,90.7300,90.9000,446200,46.8353
2006-02-28,91.0000,91.4400,90.9200,91.3500,744200,47.0672
2006-03-01,90.7700,90.8700,90.3800,90.4800,713600,46.7827
2006-03-02,90.0600,90.1000,89.4000,89.8500,1640000,46.4570
2006-03-03,89.4800,89.5500,89.2300,89.3300,1253300,46.1881
2006-03-06,88.9800,88.9900,88.5000,88.5500,872700,45.7848
2006-03-07,88.4000,88.7500,88.3100,88.6100,1692900,45.8159
2006-03-08,88.5700,88.8800,88.4500,88.5800,1184700,45.8004
2006-03-09,88.5600,88.6700,88.2700,88.6100,282100,45.8159
2006-03-10,88.3200,88.4700,88.0100,88.2800,1086900,45.6453
2006-03-13,88.1400,88.2700,88.0100,88.2100,1740100,45.6091
2006-03-14,88.4500,88.9900,88.4500,88.8000,904400,45.9141
2006-03-15,88.4400,88.5400,88.1500,88.3200,971000,45.6659
2006-03-16,88.5100,89.3300,88.4300,89.1200,1048000,46.0795
2006-03-17,88.8500,89.0000,88.7500,88.8500,703500,45.9400
2006-03-20,89.2300,89.2400,88.9800,88.9900,576000,46.0123
2006-03-21,89.1500,89.1500,88.3600,88.5300,817200,45.7745
2006-03-22,88.7500,88.9800,88.6300,88.7200,205500,45.8728
2006-03-23,88.8200,88.8700,88.3400,88.4400,613400,45.7280
2006-03-24,88.5300,89.2900,88.5000,89.0900,954800,46.0640
2006-03-27,89.0500,89.0500,88.6000,88.7600,467100,45.8934
2006-03-28,88.4000,88.4300,87.8400,87.9300,1094900,45.4643
2006-03-29,87.8300,88.0200,87.3700,87.5100,1071700,45.2471
2006-03-30,87.1400,87.2900,86.5900,86.9000,1152000,44.9317
2006-03-31,86.9800,87.1400,86.8000,86.8700,1167700,44.9162
2006-04-03,86.1800,86.6900,86.0800,86.5700,1549700,44.9307
2006-04-04,86.7000,86.9000,86.3600,86.4800,749100,44.8840
2006-04-05,86.7000,86.7800,86.5000,86.6000,638600,44.9463
2006-04-06,86.2900,86.2900,85.7600,85.9400,2022100,44.6038
2006-04-07,85.4300,85.6300,84.9000,85.1000,1956500,44.1678
2006-04-10,85.1500,85.3000,84.9600,85.2600,1527100,44.2508
2006-04-11,85.5800,85.7000,85.3300,85.5600,1237300,44.4065
2006-04-12,85.6000,85.7300,85.0000,85.0400,1902000,44.1367
2006-04-13,84.5000,84.6400,84.2700,84.4400,3219400,43.8252
2006-04-17,84.5400,84.9700,84.3500,84.7500,1465400,43.9862
2006-04-18,84.9500,85.2700,84.7400,84.9000,2680300,44.0640
2006-04-19,84.4500,84.5900,84.0600,84.3800,1830300,43.7941
2006-04-20,84.4200,84.5100,84.1200,84.3100,1378200,43.7577
2006-04-21,84.5300,84.8600,84.2500,84.8000,1303000,44.0121
2006-04-24,84.9400,85.3900,84.8500,85.1400,991500,44.1885
2006-04-25,85.0400,85.1000,84.0600,84.1300,2067400,43.6644
2006-04-26,83.8500,84.0800,83.7300,83.9900,1544900,43.5917
2006-04-27,83.7500,84.3000,83.6500,84.1000,1864200,43.6488
2006-04-28,83.9700,84.2100,83.7600,84.1600,809400,43.6799
2006-05-01,83.6700,83.6800,83.1200,83.2000,1795500,43.3517
2006-05-02,83.2600,83.5400,83.2600,83.4200,1097900,43.4663
2006-05-03,83.4200,83.4300,82.9400,83.2400,1114000,43.3725
2006-05-04,83.3800,83.4000,83.1000,83.1000,977800,43.2995
2006-05-05,84.0000,84.0800,83.4900,83.6000,1685900,43.5601
2006-05-08,83.7400,83.7700,83.5300,83.6500,666400,43.5861
2006-05-09,83.5500,83.6800,83.3300,83.6000,341300,43.5601
2006-05-10,83.8000,84.0200,83.3500,83.7500,1320200,43.6382
2006-05-11,83.4600,83.4600,83.0900,83.3400,1189800,43.4246
2006-05-12,82.8100,83.0100,82.5600,82.6500,1804700,43.0651
2006-05-15,82.6500,83.2300,82.6500,82.9800,1433500,43.2370
2006-05-16,83.0800,83.6400,83.0800,83.6000,1677600,43.5601
2006-05-17,82.9100,83.0800,82.7200,83.0800,1440800,43.2891
2006-05-18,83.5500,84.2300,83.5300,84.2100,2177700,43.8779
2006-05-19,84.1200,84.8600,84.0800,84.4300,2619500,43.9926
2006-05-22,84.8400,85.1500,84.4800,84.6100,2652000,44.0864
2006-05-23,84.0500,84.5600,84.0300,84.5600,1394900,44.0603
2006-05-24,84.8100,85.0000,84.5300,84.6000,1226300,44.0811
2006-05-25,84.7200,84.7300,84.1900,84.2700,678000,43.9092
2006-05-26,84.2400,84.5000,84.2100,84.2100,398400,43.8779
2006-05-30,84.1900,84.3000,84.0100,84.1700,482200,43.8571
2006-05-31,84.3400,84.4300,83.5800,83.6700,880700,43.5965
2006-06-01,83.4000,83.8400,83.3500,83.7100,1561100,43.7911
2006-06-02,84.7200,84.8900,84.5000,84.7900,2041900,44.3561
2006-06-05,84.8100,84.8200,84.5100,84.6800,1102900,44.2986
2006-06-06,84.6600,85.1800,84.5900,85.0800,2188000,44.5078
2006-06-07,84.7300,85.1000,84.6500,85.1000,1324100,44.5183
2006-06-08,85.2400,85.7800,85.1100,85.2700,3496700,44.6072
2006-06-09,85.3500,85.8200,85.3500,85.7200,657200,44.8426
2006-06-12,85.6800,85.7900,85.5300,85.7900,528700,44.8793
2006-06-13,85.8500,85.9400,85.5500,85.8500,1448300,44.9107
2006-06-14,85.5000,85.5600,84.9100,84.9900,1439100,44.4608
2006-06-15,84.6900,84.8400,84.4100,84.5000,1734600,44.2044
2006-06-16,84.7000,84.7600,84.1800,84.3100,1184600,44.1050
2006-06-19,84.2100,84.2900,83.9800,84.1900,1233700,44.0422
2006-06-20,84.1300,84.1900,83.8800,84.0500,611400,43.9690
2006-06-21,84.2500,84.2500,84.0700,84.0700,476000,43.9795
2006-06-22,83.8400,83.9000,83.5600,83.5900,745500,43.7284
2006-06-23,83.6200,83.7300,83.3500,83.4200,675500,43.6394
2006-06-26,83.4200,83.4700,83.1200,83.2600,526100,43.5557
2006-06-27,83.3800,83.7400,83.3800,83.6700,429100,43.7702
2006-06-28,83.6300,83.6300,83.1900,83.2300,381300,43.5401
2006-06-29,83.5800,83.8200,83.3600,83.5100,1609300,43.6865
2006-06-30,83.5000,84.4000,83.5000,84.3200,1219000,44.1103
2006-07-03,83.9000,83.9600,83.7300,83.9100,716800,44.0667
2006-07-05,83.4000,83.4200,82.9500,83.2400,1289200,43.7148
2006-07-06,83.3300,83.7900,83.3300,83.7500,451400,43.9826
2006-07-07,84.2000,84.4600,84.0800,84.2900,1356900,44.2662
2006-07-10,84.1800,84.4000,84.0500,84.3700,480400,44.3083
2006-07-11,84.5900,84.8600,84.5800,84.6400,423800,44.4500
2006-07-12,84.3300,84.8200,84.2700,84.6600,641000,44.4605
2006-07-13,84.7000,85.0500,84.6800,84.9900,1347400,44.6339
2006-07-14,84.8200,85.1600,84.8200,85.0400,1343900,44.6601
2006-07-17,84.9700,85.1900,84.8500,85.1700,514100,44.7283
2006-07-18,84.7000,84.7500,84.4000,84.4400,621000,44.3450
2006-07-19,84.3300,85.3000,84.2400,85.2400,1267400,44.7651
2006-07-20,84.9700,85.6300,84.9700,85.4900,1320200,44.8964
2006-07-21,85.6000,85.6700,85.2000,85.3300,652100,44.8124
2006-07-24,85.4100,85.5100,85.2100,85.2800,393900,44.7861
2006-07-25,85.2300,85.3800,84.9000,85.0300,948200,44.6548
2006-07-26,84.9100,85.3700,84.8700,85.3400,717100,44.8176
2006-07-27,85.4800,85.4800,85.1200,85.2100,295500,44.7494
2006-07-28,85.6500,85.8900,85.6000,85.7000,769800,45.0067
2006-07-31,85.6200,85.8100,85.5500,85.8100,375100,45.0645
2006-08-01,85.3200,85.5000,85.0400,85.4600,577800,45.0602
2006-08-02,85.3700,85.7800,85.2000,85.7800,477400,45.2290
2006-08-03,85.6300,86.0400,85.5200,85.8000,500500,45.2395
2006-08-04,86.4000,86.4800,86.2900,86.3200,1246000,45.5137
2006-08-07,86.3300,86.3900,86.1800,86.3700,1127600,45.5401
2006-08-08,86.3800,86.5700,86.0900,86.1800,844400,45.4399
2006-08-09,85.7500,86.0200,85.7100,85.9000,372400,45.2923
2006-08-10,85.8500,85.8500,85.4500,85.7700,539000,45.2237
2006-08-11,85.4700,85.5300,85.3600,85.4000,450800,45.0286
2006-08-14,85.3500,85.3700,85.1900,85.2500,662300,44.9495
2006-08-15,85.7800,86.0900,85.7800,85.9700,1093800,45.3292
2006-08-16,86.5700,86.6400,86.4600,86.5500,838900,45.6350
2006-08-17,86.7700,86.7700,86.4200,86.5200,922300,45.6192
2006-08-18,86.7200,86.9100,86.6500,86.7700,1050700,45.7509
2006-08-21,86.8900,87.0800,86.8700,87.0800,676400,45.9144
2006-08-22,87.0000,87.2300,86.9700,87.1100,749300,45.9303
2006-08-23,87.0600,87.2400,86.8600,87.1500,801700,45.9514
2006-08-24,87.4100,87.4400,87.2400,87.3100,1206700,46.0357
2006-08-25,87.2400,87.5900,87.2000,87.4400,569000,46.1042
2006-08-28,87.4100,87.5200,87.2400,87.5200,582300,46.1465
2006-08-29,87.2500,87.6400,86.9800,87.6400,1345600,46.2097
2006-08-30,87.8300,87.8700,87.6600,87.8700,1180500,46.3310
2006-08-31,87.7400,88.2000,87.7400,88.0800,1272400,46.4417
2006-09-01,87.6200,87.9000,87.4700,87.7600,893400,46.4576
2006-09-05,87.5100,87.6400,87.1600,87.2100,2271300,46.1665
2006-09-06,86.8900,87.0900,86.7200,87.0900,1853400,46.1029
2006-09-07,86.9300,87.3200,86.7400,87.2600,1716100,46.1929
2006-09-08,87.4900,87.6000,87.3300,87.3300,540300,46.2300
2006-09-11,87.4900,87.4900,86.9500,87.2500,557600,46.1876
2006-09-12,87.1500,87.7100,87.0000,87.6900,820800,46.4205
2006-09-13,88.0300,88.0300,87.6600,87.7300,797000,46.4417
2006-09-14,87.6500,87.8700,87.4200,87.5300,672800,46.3358
2006-09-15,87.7600,87.9500,87.4500,87.4600,1047200,46.2988
2006-09-18,86.9700,87.3800,86.9700,87.3200,871400,46.2247
2006-09-19,87.8600,88.3000,87.8400,88.3000,1229600,46.7435
2006-09-20,88.3800,88.4800,88.1400,88.4300,827400,46.8123
2006-09-21,88.3500,89.2800,88.3500,89.2400,1698600,47.2411
2006-09-22,89.3200,89.7000,89.3200,89.6800,1428600,47.4740
2006-09-25,89.8400,90.3100,89.8100,90.3100,2607600,47.8075
2006-09-26,90.0000,90.1000,89.8200,89.9300,2200000,47.6063
2006-09-27,90.2500,90.2800,89.6300,89.6700,1165400,47.4687
2006-09-28,89.4300,89.5900,89.2700,89.5200,1796800,47.3893
2006-09-29,89.6900,89.7300,89.0900,89.4100,1398000,47.3310
2006-10-02,89.1000,89.4500,88.9700,89.3000,1211900,47.4607
2006-10-03,89.4000,89.4400,89.1500,89.1800,854900,47.3969
2006-10-04,89.3300,89.8500,89.3300,89.8300,1155500,47.7424
2006-10-05,89.5400,89.5400,88.9500,89.2000,1241600,47.4076
2006-10-06,89.0900,89.1000,88.2200,88.2700,2472400,46.9133
2006-10-09,88.1000,88.6000,88.0100,88.5100,834900,47.0409
2006-10-10,87.9500,88.1100,87.6300,87.8100,1398700,46.6688
2006-10-11,87.9500,88.0300,87.4200,87.5500,1521600,46.5307
2006-10-12,87.6300,87.7700,87.4800,87.6000,586400,46.5572
2006-10-13,87.2900,87.3600,87.1100,87.1600,1414100,46.3234
2006-10-16,87.4000,87.5600,87.3700,87.5500,897600,46.5307
2006-10-17,87.8800,88.0500,87.5100,87.6200,730800,46.5678
2006-10-18,87.6900,87.8800,87.5500,87.8000,499600,46.6635
2006-10-19,87.5900,87.7600,87.3600,87.6400,797300,46.5785
2006-10-20,87.6100,87.7000,87.5500,87.5500,280700,46.5307
2006-10-23,87.1500,87.2100,86.8800,87.2000,1200600,46.3446
2006-10-24,87.1700,87.2500,87.1500,87.2000,243400,46.3446
2006-10-25,87.2700,87.9700,87.2300,87.8900,558400,46.7114
2006-10-26,88.1500,88.5200,88.1500,88.4600,1558300,47.0143
2006-10-27,89.0200,89.0500,88.7000,88.8700,1601500,47.2322
2006-10-30,88.8900,89.1200,88.8400,89.1200,901200,47.3651
2006-10-31,89.2500,89.8700,89.1400,89.8100,964600,47.7318
2006-11-01,89.6100,90.1200,89.4500,89.9600,1440100,47.9959
2006-11-02,89.6300,89.7700,89.4800,89.5900,853300,47.7985
2006-11-03,88.6700,88.8400,88.3000,88.5300,1534100,47.2329
2006-11-06,88.3500,88.7900,88.3500,88.7900,528000,47.3717
2006-11-07,89.2800,89.5100,89.1200,89.2000,525900,47.5904
2006-11-08,89.2400,89.5200,89.0900,89.5200,706300,47.7611
2006-11-09,89.4700,89.5900,89.3800,89.4700,729600,47.7345
2006-11-10,89.6500,90.0400,89.6500,89.8600,738100,47.9425
2006-11-13,89.8400,89.8400,89.4700,89.8400,462400,47.9319
2006-11-14,90.3400,90.3900,90.1200,90.1900,916400,48.1186
2006-11-15,90.0500,90.0500,89.7400,89.8500,1803200,47.9372
2006-11-16,90.0000,90.0500,89.2800,89.4400,1494400,47.7185
2006-11-17,89.5600,90.2200,89.5100,89.9500,1752000,47.9906
2006-11-20,90.0000,90.1200,89.8600,90.0900,857200,48.0652
2006-11-21,90.1400,90.3900,89.9600,90.3100,605100,48.1826
2006-11-22,90.3600,90.5100,90.2700,90.4600,770300,48.2627
2006-11-24,90.7500,90.9000,90.6200,90.6200,533400,48.3480
2006-11-27,90.2300,90.9500,90.1200,90.9500,784500,48.5241
2006-11-28,91.2400,91.2500,90.7600,91.1400,1466300,48.6254
2006-11-29,91.3000,91.3600,90.9100,90.9300,1206400,48.5134
2006-11-30,91.2700,91.6300,91.1400,91.5300,1428600,48.8336
2006-12-01,91.2800,91.8000,91.1500,91.4200,1156000,48.9577
2006-12-04,91.3000,91.6200,91.2200,91.5800,460700,49.0435
2006-12-05,91.3600,91.5200,91.0000,91.1500,1833700,48.8132
2006-12-06,91.0300,91.1800,90.8900,90.9700,936100,48.7168
2006-12-07,90.9900,91.0900,90.7500,90.9000,739200,48.6793
2006-12-08,90.8500,90.9700,90.1900,90.2400,2090300,48.3258
2006-12-11,90.6300,90.7400,90.5100,90.6300,727700,48.5347
2006-12-12,90.7300,90.9700,90.4500,90.8200,802800,48.6365
2006-12-13,90.3100,90.3500,89.8200,90.0100,1217900,48.2027
2006-12-14,89.8200,89.9000,89.6000,89.6800,687600,48.0260
2006-12-15,90.5800,90.6600,89.6000,89.7300,1162100,48.0527
2006-12-18,89.7200,89.8400,89.5900,89.7600,441400,48.0688
2006-12-19,89.5100,89.8100,89.5100,89.6400,930700,48.0045
2006-12-20,89.6500,89.6800,89.5500,89.6300,336800,47.9992
2006-12-21,89.7100,90.1900,89.6000,90.0800,770700,48.2402
2006-12-22,89.8300,89.8500,89.2100,89.3900,1433200,47.8706
2006-12-26,89.4500,89.6900,89.3600,89.6600,496200,48.0152
2006-12-27,89.2800,89.3300,88.7000,88.7000,840700,47.6622
2006-12-28,88.9000,88.9600,88.0600,88.5000,1080200,47.5547
2006-12-29,88.3500,88.5500,88.2100,88.4300,775500,47.5171
2007-01-03,89.2200,89.4600,88.6600,89.0600,1870400,47.8556
2007-01-04,89.2200,89.6500,89.2200,89.6000,1697000,48.1458
2007-01-05,88.8000,89.4000,88.7500,89.2100,1298400,47.9362
2007-01-08,89.1200,89.3700,89.0500,89.3700,414200,48.0222
2007-01-09,89.4800,89.4800,89.2200,89.3700,481500,48.0222
2007-01-10,89.0700,89.1300,88.8800,88.9700,519600,47.8073
2007-01-11,88.7900,88.8000,88.2600,88.4500,1293500,47.5278
2007-01-12,88.1500,88.8400,87.9000,88.0400,846300,47.3076
2007-01-16,88.2300,88.2400,88.0300,88.2300,702800,47.4096
2007-01-17,88.2100,88.2700,87.8200,87.9600,724200,47.2646
2007-01-18,87.9400,88.2800,87.7800,88.2300,918300,47.4096
2007-01-19,88.1500,88.1500,87.8700,87.9900,882500,47.2807
2007-01-22,88.1500,88.3300,88.1200,88.2000,432000,47.3935
2007-01-23,88.0200,88.0500,87.5700,87.6200,1096800,47.0819
2007-01-24,87.6600,87.7000,87.5000,87.6100,463700,47.0765
2007-01-25,87.4500,87.4700,86.8800,86.9800,1397000,46.7380
2007-01-26,86.7800,87.0800,86.6500,86.9100,1576800,46.7004
2007-01-29,87.0600,87.1000,86.6000,86.7200,1015300,46.5982
2007-01-30,86.8900,86.9100,86.7600,86.8200,1295100,46.6520
2007-01-31,86.7000,87.6100,86.7000,87.5500,2078000,47.0443
2007-02-01,87.6500,87.7600,87.0000,87.0900,986200,46.9876
2007-02-02,87.0800,87.3900,87.0800,87.2000,814700,47.0470
2007-02-05,87.4000,87.4600,87.1600,87.3200,395500,47.1117
2007-02-06,87.2000,87.8300,87.1600,87.8000,770500,47.3707
2007-02-07,87.9000,88.1200,87.8400,88.0600,836200,47.5110
2007-02-08,87.9900,88.3100,87.9100,88.1300,980200,47.5487
2007-02-09,87.8900,87.9200,87.5500,87.6300,878300,47.2790
2007-02-12,87.4900,87.6500,87.3300,87.4300,467600,47.1710
2007-02-13,87.4900,87.4900,87.2000,87.2400,1310600,47.0685
2007-02-14,87.5200,88.1900,87.5200,88.0700,2262500,47.5164
2007-02-15,88.5300,88.5800,88.3300,88.3300,893800,47.6566
2007-02-16,88.5900,88.7200,88.4800,88.6400,1476700,47.8239
2007-02-20,88.5000,88.8500,88.5000,88.8400,847400,47.9318
2007-02-21,88.5300,88.7000,88.4800,88.6900,379800,47.8508
2007-02-22,88.4100,88.4500,88.0900,88.2100,485200,47.5919
2007-02-23,88.5300,88.9400,88.4900,88.8400,735700,47.9318
2007-02-26,89.1500,89.4400,89.1100,89.4300,763400,48.2501
2007-02-27,89.7400,91.2600,89.6000,90.5600,3243200,48.8598
2007-02-28,90.1600,90.4700,89.8900,90.1500,1701900,48.6386
2007-03-01,90.2800,90.4300,89.6500,89.7500,2423900,48.6077
2007-03-02,89.9600,90.4800,89.6700,90.2000,1619800,48.8514
2007-03-05,90.4800,90.5000,90.0600,90.3500,1505200,48.9326
2007-03-06,90.0600,90.3600,89.9900,90.0800,837400,48.7864
2007-03-07,90.0800,90.5000,89.9800,90.4300,915400,48.9760
2007-03-08,90.2900,90.4200,90.1100,90.3500,574700,48.9326
2007-03-09,89.3800,89.9000,89.1900,89.4000,1534700,48.4182
2007-03-12,89.7300,89.9800,89.6800,89.7500,594400,48.6077
2007-03-13,90.2300,90.3400,89.9800,90.2900,553800,48.9001
2007-03-14,90.1500,90.5400,89.8400,89.8800,1698100,48.6781
2007-03-15,89.7600,89.9600,89.6700,89.8700,394900,48.6727
2007-03-16,89.6700,89.9200,89.6500,89.8500,623800,48.6618
2007-03-19,89.5800,89.7000,89.5200,89.6600,693900,48.5589
2007-03-20,89.9100,89.9500,89.6900,89.7100,768400,48.5860
2007-03-21,89.3800,90.0900,88.6900,89.7500,1513400,48.6077
2007-03-22,89.4800,89.4800,88.8300,89.0400,1484300,48.2231
2007-03-23,89.1900,89.2000,88.7800,88.7900,1679700,48.0878
2007-03-26,88.6200,89.2700,88.5000,88.9000,763600,48.1474
2007-03-27,88.6400,88.8100,88.5600,88.7500,619800,48.0661
2007-03-28,88.9100,89.1100,88.4100,88.5700,816900,47.9686
2007-03-29,88.5400,88.6700,88.3200,88.4500,823000,47.9036
2007-03-30,88.6500,88.9200,88.2200,88.2800,2015100,47.8116
2007-04-02,88.1100,88.2200,88.0100,88.1000,579600,47.8909
2007-04-03,88.0200,88.1700,87.9800,87.9900,617000,47.8311
2007-04-04,88.1700,88.3400,87.9000,88.0800,576900,47.8800
2007-04-05,88.1000,88.1200,87.7100,87.7500,436400,47.7007
2007-04-09,87.2800,87.3100,87.1300,87.1700,1283900,47.3854
2007-04-10,87.3900,87.5500,87.3100,87.4300,674400,47.5267
2007-04-11,87.4700,87.5800,87.2800,87.3700,476200,47.4941
2007-04-12,87.5000,87.5700,87.2800,87.3900,495100,47.5050
2007-04-13,87.4100,87.4700,87.0100,87.1200,557800,47.3582
2007-04-16,87.4000,87.6800,87.4000,87.6000,833600,47.6191
2007-04-17,87.8900,88.1600,87.8400,88.0900,1254200,47.8855
2007-04-18,88.3700,88.5600,88.3600,88.5300,450800,48.1247
2007-04-19,88.6600,88.7100,88.2000,88.3800,1305900,48.0431
2007-04-20,88.4500,88.4500,88.0600,88.1500,664500,47.9181
2007-04-23,88.1400,88.5900,88.0400,88.4700,419000,48.0921
2007-04-24,88.4500,88.8200,88.4500,88.8000,881300,48.2714
2007-04-25,88.5700,88.7900,88.1100,88.4900,569000,48.1029
2007-04-26,88.4300,88.4300,87.8500,87.8500,2048400,47.7550
2007-04-27,88.0100,88.0500,87.7800,87.8300,428700,47.7442
2007-04-30,88.3300,88.7500,88.2500,88.7500,485700,48.2443
2007-05-01,88.5800,88.6400,88.1100,88.4900,487200,48.2791
2007-05-02,88.4400,88.4800,88.2900,88.4400,443900,48.2519
2007-05-03,88.3700,88.3700,88.0100,88.2400,427000,48.1427
2007-05-04,88.5200,88.6400,88.5000,88.6000,262000,48.3392
2007-05-07,88.7000,88.8500,88.6700,88.8400,210200,48.4701
2007-05-08,89.0100,89.0100,88.6400,88.6400,488400,48.3610
2007-05-09,88.6500,88.6600,88.2600,88.2900,634900,48.1701
2007-05-10,88.4000,88.5900,88.3100,88.5000,519500,48.2846
2007-05-11,88.6400,88.7000,88.1300,88.1900,1238400,48.1155
2007-05-14,88.2300,88.2800,87.9600,87.9600,315200,47.9900
2007-05-15,88.1900,88.2100,87.6600,87.9300,382400,47.9737
2007-05-16,87.8600,88.0000,87.8300,87.8700,599500,47.9409
2007-05-17,87.6000,87.7200,87.4100,87.5100,397000,47.7445
2007-05-18,87.3500,87.5000,86.8800,86.9300,856500,47.4281
2007-05-21,86.9300,87.2400,86.8300,87.1900,821100,47.5699
2007-05-22,87.1800,87.2000,86.6800,86.7400,920200,47.3244
2007-05-23,86.8400,86.8400,86.3100,86.4900,914500,47.1880
2007-05-24,86.4600,86.5900,85.9600,86.5700,1598200,47.2317
2007-05-25,86.4000,86.6100,86.3300,86.3700,754900,47.1225
2007-05-29,86.5100,86.5700,85.8300,86.3600,1055700,47.1171
2007-05-30,86.7900,86.7900,86.3900,86.5400,612000,47.2153
2007-05-31,86.5600,86.5800,86.0400,86.3800,1725900,47.1280
2007-06-01,85.9000,86.8400,85.5400,85.5900,1694300,46.8804
2007-06-04,85.8300,86.0200,85.6700,85.9800,877700,47.0940
2007-06-05,85.8900,85.9400,85.3800,85.4400,1145400,46.7982
2007-06-06,85.3600,85.5400,85.2600,85.4000,1129200,46.7763
2007-06-07,84.6300,84.7100,83.7300,83.8700,5010400,45.9383
2007-06-08,83.6100,84.1200,83.3600,83.8000,5307600,45.8999
2007-06-11,83.4900,83.8900,83.2600,83.5600,2043800,45.7685
2007-06-12,82.9100,83.4200,82.2000,82.3500,9043900,45.1058
2007-06-13,82.7000,83.7600,82.6500,83.3300,8751200,45.6425
2007-06-14,83.1400,83.7100,83.0500,83.1200,3384700,45.5275
2007-06-15,83.4200,83.7300,83.2000,83.6900,5827200,45.8397
2007-06-18,83.6300,83.6500,82.2400,83.5200,17704600,45.7466
2007-06-19,83.8200,84.4500,83.7200,84.3000,4620100,46.1738
2007-06-20,84.0200,84.0800,83.5900,83.6200,3031700,45.8014
2007-06-21,83.5400,83.7000,83.2100,83.2200,850400,45.5823
2007-06-22,83.0500,83.7700,82.9500,83.7600,2118900,45.8780
2007-06-25,84.1500,84.3500,83.9600,84.2200,1323500,46.1300
2007-06-26,84.2900,84.3200,83.9700,84.2400,2187800,46.1410
2007-06-27,84.6100,84.7400,84.2000,84.3200,6109300,46.1848
2007-06-28,84.3200,84.5800,84.1800,84.3000,3612500,46.1738
2007-06-29,84.8500,85.3000,84.6400,85.1700,1962200,46.6504
2007-07-02,84.8100,85.3700,84.8100,85.2900,2811700,46.8956
2007-07-03,85.2500,85.3400,84.7100,84.7700,1387500,46.6097
2007-07-05,84.3100,84.4200,83.7200,83.8200,4586800,46.0873
2007-07-06,83.5400,83.5500,83.2800,83.4800,1437800,45.9004
2007-07-09,83.8700,83.9300,83.6800,83.7800,795400,46.0653
2007-07-10,84.4800,85.2000,84.4300,85.2000,2258000,46.8461
2007-07-11,84.9500,85.0900,84.3200,84.3200,1191300,46.3623
2007-07-12,84.5500,84.5800,83.8700,84.0300,1941200,46.2028
2007-07-13,84.4500,84.5500,83.9400,84.2600,725900,46.3293
2007-07-16,84.5200,85.1100,84.5200,85.0700,952000,46.7746
2007-07-17,84.8600,85.0900,84.5000,84.8900,734200,46.6756
2007-07-18,84.9300,85.5400,84.8100,85.2100,1836800,46.8516
2007-07-19,84.9000,85.2600,84.8000,85.1900,1021000,46.8406
2007-07-20,85.3800,86.0800,85.3200,85.9600,1459900,47.2640
2007-07-23,85.6900,85.9700,85.6900,85.8200,777900,47.1870
2007-07-24,86.0100,86.1600,85.7200,86.1400,1351600,47.3629
2007-07-25,86.0700,86.3900,86.0000,86.3100,881100,47.4564
2007-07-26,86.7400,87.4600,86.6500,87.0300,2866400,47.8523
2007-07-27,87.0500,87.5600,86.8500,87.2800,5367800,47.9898
2007-07-30,87.1900,87.3600,86.9100,87.0300,1803900,47.8523
2007-07-31,87.1300,87.7500,86.9500,87.6600,2467600,48.1987
2007-08-01,87.2600,87.5400,87.0900,87.1300,2154700,48.0944
2007-08-02,87.2100,87.4500,86.9900,87.3500,2079400,48.2158
2007-08-03,87.2800,87.9300,87.2800,87.9300,1577600,48.5359
2007-08-06,87.7000,87.7200,87.1700,87.2900,1298400,48.1827
2007-08-07,87.4300,87.7100,86.9200,87.2200,1890800,48.1441
2007-08-08,86.8900,86.8900,85.8600,86.1600,6453000,47.5589
2007-08-09,86.7500,86.8600,85.7200,86.2800,2637500,47.6252
2007-08-10,86.4900,86.7000,85.9800,86.0800,1496400,47.5148
2007-08-13,85.9200,86.4000,85.9000,86.3300,1312600,47.6528
2007-08-14,86.0200,86.7800,86.0100,86.5600,1314700,47.7797
2007-08-15,86.6500,86.7500,86.2500,86.2500,1101700,47.6086
2007-08-16,86.8700,87.6000,86.7600,87.1400,2410200,48.0999
2007-08-17,86.4000,86.9100,86.0500,86.7900,2114400,47.9067
2007-08-20,86.9600,87.2700,86.8300,86.8400,1048700,47.9343
2007-08-21,87.1000,87.4100,87.0500,87.2600,1517200,48.1661
2007-08-22,87.0500,87.3100,86.8100,87.1200,1137800,48.0888
2007-08-23,87.0900,87.6800,87.0300,87.4200,1618800,48.2544
2007-08-24,87.7700,88.0800,87.5600,87.8500,1614600,48.4918
2007-08-27,88.2800,88.4800,88.1500,88.3100,1585400,48.7457
2007-08-28,88.4300,88.7400,88.2800,88.4600,1298900,48.8285
2007-08-29,88.4900,88.7700,88.1600,88.2200,2686700,48.6960
2007-08-30,88.6100,88.9600,88.4700,88.8100,1806800,49.0217
2007-08-31,88.5900,89.2000,88.5400,88.8800,2763200,49.0603
2007-09-04,88.8300,89.1300,88.2000,88.5600,931000,49.0836
2007-09-05,88.7600,89.3500,88.7200,89.2700,1271500,49.4771
2007-09-06,89.3100,89.4900,88.9500,89.0400,1768400,49.3497
2007-09-07,89.7500,90.5000,89.6900,90.3000,2852200,50.0480
2007-09-10,90.5000,91.2700,90.5000,91.0000,2495200,50.4360
2007-09-11,90.8800,91.2700,90.7000,90.9300,3925400,50.3971
2007-09-12,90.9000,90.9400,90.4200,90.5900,4458300,50.2087
2007-09-13,90.3000,90.3300,89.5800,89.7800,2020600,49.7598
2007-09-14,90.5800,90.5900,89.6200,89.9100,1357200,49.8318
2007-09-17,89.8200,90.3900,89.7600,90.3400,1285400,50.0702
2007-09-18,89.8000,90.2400,89.0000,89.6600,3132800,49.6933
2007-09-19,88.7100,89.0100,88.3700,88.8300,3854700,49.2333
2007-09-20,88.1800,88.2900,87.1000,87.1500,5903200,48.3021
2007-09-21,87.5800,88.1300,87.5800,87.8900,2217600,48.7123
2007-09-24,88.0300,88.2800,87.9100,88.1400,1943600,48.8508
2007-09-25,88.5000,88.6200,87.8300,87.8300,2513500,48.6790
2007-09-26,87.6200,88.1300,87.4300,87.9100,2646400,48.7234
2007-09-27,88.2400,88.7800,88.1500,88.5200,1802900,49.0615
2007-09-28,89.1600,89.3300,88.2200,88.7200,1254700,49.1723
2007-10-01,88.6900,88.9800,88.4300,88.8800,1399400,49.4533
2007-10-02,88.7500,89.3700,88.6800,89.1600,887800,49.6091
2007-10-03,89.3300,89.4300,88.7300,88.9000,1164600,49.4644
2007-10-04,89.0100,89.3200,88.9100,89.2400,1128700,49.6536
2007-10-05,88.3100,88.4400,87.7100,88.2800,2184700,49.1195
2007-10-08,87.7700,88.5000,87.7700,88.2100,280100,49.0805
2007-10-09,88.1600,88.3600,87.7800,88.1000,901000,49.0193
2007-10-10,87.9800,88.4300,87.7900,88.1500,855500,49.0471
2007-10-11,87.5200,88.0900,87.4500,88.0600,1533400,48.9970
2007-10-12,87.5200,88.1800,87.4800,87.6300,1133900,48.7578
2007-10-15,87.4800,87.7200,87.4000,87.6500,553300,48.7689
2007-10-16,87.6500,87.9800,87.5400,87.6800,855500,48.7856
2007-10-17,87.7700,88.9500,87.7700,88.6400,2377000,49.3197
2007-10-18,89.1100,89.3400,89.0200,89.1300,1374100,49.5924
2007-10-19,89.6300,90.6000,89.6100,90.4600,2561800,50.3324
2007-10-22,90.5800,90.6500,90.0700,90.4700,1866500,50.3380
2007-10-23,90.2600,90.5200,90.1000,90.3500,1046600,50.2712
2007-10-24,90.7100,91.3900,90.5600,91.0200,2829300,50.6440
2007-10-25,91.0600,91.1800,90.7000,90.7100,3062200,50.4715
2007-10-26,90.3700,91.0000,90.3400,90.5000,1366500,50.3547
2007-10-29,90.5000,90.9900,90.4800,90.8500,881000,50.5494
2007-10-30,90.7300,91.0100,90.4200,90.8000,1439600,50.5216
2007-10-31,90.5000,90.7000,89.7500,89.9800,2498500,50.0653
2007-11-01,89.9600,91.0100,89.9600,90.7500,2563400,50.7158
2007-11-02,90.4500,91.5400,90.2100,91.0400,1927700,50.8779
2007-11-05,91.1600,91.3900,90.8000,91.0000,1021500,50.8555
2007-11-06,90.6000,91.1500,90.4800,90.5600,575800,50.6097
2007-11-07,90.5400,90.7600,90.3200,90.7200,1456100,50.6991
2007-11-08,90.6500,90.9400,90.4300,90.5600,2179600,50.6097
2007-11-09,91.0400,91.5900,90.9300,91.3300,887200,51.0400
2007-11-12,91.9900,91.9900,91.3500,91.6600,460600,51.2244
2007-11-13,91.4200,91.4900,91.1700,91.3200,1116600,51.0344
2007-11-14,90.9500,91.5100,90.9200,91.4200,684400,51.0902
2007-11-15,91.6100,92.5600,91.4900,92.2800,1312900,51.5709
2007-11-16,92.2700,92.7000,92.2100,92.4100,1333800,51.6436
2007-11-19,92.5400,93.4200,92.4100,93.0100,1343900,51.9789
2007-11-20,93.0900,93.2900,92.8000,92.9100,1367800,51.9229
2007-11-21,93.4000,93.5800,93.2400,93.4500,1297800,52.2247
2007-11-23,93.4400,93.8000,93.3100,93.7300,437400,52.3812
2007-11-26,94.2200,96.3600,94.1200,95.5800,4427000,53.4151
2007-11-27,94.9600,95.2500,93.9900,94.6700,3100300,52.9065
2007-11-28,94.5600,94.6900,93.8400,94.0300,2088100,52.5489
2007-11-29,94.8200,95.4200,94.6600,94.8400,1594500,53.0016
2007-11-30,93.8800,94.3900,93.7400,94.3800,1952100,52.7445
2007-12-03,94.7600,95.1000,94.2800,94.7500,1272700,53.1631
2007-12-04,94.9000,95.0600,94.1500,94.7400,1721200,53.1575
2007-12-05,94.2200,94.4700,93.5600,93.6100,1866000,52.5234
2007-12-06,93.3200,93.3400,92.5400,92.7900,2270200,52.0633
2007-12-07,92.1800,92.3500,91.3800,91.7500,2171000,51.4798
2007-12-10,91.6400,91.6900,90.7500,91.2000,2242500,51.1712
2007-12-11,91.7300,93.2300,91.5800,92.9900,2892400,52.1755
2007-12-12,91.4500,92.6500,91.2700,92.0300,2225400,51.6369
2007-12-13,91.6100,91.8200,90.9000,91.0300,1222100,51.0758
2007-12-14,90.7900,90.9200,90.5000,90.6100,1354900,50.8401
2007-12-17,91.0700,91.5400,90.9300,91.4200,2046200,51.2946
2007-12-18,91.5900,92.3000,91.5500,92.0100,1417100,51.6257
2007-12-19,92.4000,93.5600,91.8800,93.2300,2252400,52.3102
2007-12-20,93.2600,93.8700,93.0200,93.0300,1659400,52.1980
2007-12-21,92.9000,92.9200,91.6600,91.6700,1767600,51.4349
2007-12-24,91.2200,91.4700,91.0800,91.2400,550300,51.1936
2007-12-26,91.0200,91.6300,90.2800,90.4400,674700,50.7448
2007-12-27,90.8800,91.1600,90.5100,91.0600,468600,51.2979
2007-12-28,91.6500,92.5800,91.5000,92.4800,1967800,52.0979
2007-12-31,92.7800,93.2800,92.6000,93.0400,1647600,52.4134
2008-01-02,93.2500,94.7300,93.2000,94.3800,2959600,53.1682
2008-01-03,94.0000,94.3800,93.6700,94.2500,1256700,53.0950
2008-01-04,94.5000,94.7900,94.2000,94.2700,2420200,53.1063
2008-01-07,94.1800,94.7800,94.0300,94.6800,1315500,53.3373
2008-01-08,94.4400,94.7100,93.9300,94.5700,1604800,53.2753
2008-01-09,94.7900,95.3000,94.6200,94.7500,2203500,53.3767
2008-01-10,94.8700,94.9500,93.3100,93.4700,2681800,52.6556
2008-01-11,93.5200,94.2800,93.4000,94.2000,1872900,53.0669
2008-01-14,94.2000,94.5500,94.0000,94.5500,906100,53.2640
2008-01-15,95.1600,95.6300,95.0700,95.6100,1435300,53.8612
2008-01-16,95.6800,95.8900,94.7300,94.9200,3505100,53.4725
2008-01-17,94.9600,96.2900,94.9300,96.1500,2940500,54.1654
2008-01-18,95.5500,95.7700,95.2200,95.4900,2676800,53.7936
2008-01-22,96.4100,96.6200,95.3000,96.5100,5423500,54.3682
2008-01-23,97.9800,98.1600,95.8800,96.2900,7636600,54.2442
2008-01-24,95.5500,95.7500,94.3400,94.3600,5676700,53.1570
2008-01-25,94.1900,96.0000,94.1300,95.9500,4371100,54.0527
2008-01-28,95.6800,96.0000,95.3600,95.5900,1633500,53.8499
2008-01-29,95.2800,95.3200,94.5800,94.9400,3100200,53.4837
2008-01-30,94.6900,94.7700,93.5900,94.3200,3468000,53.1345
2008-01-31,95.3000,95.4300,94.6300,94.9900,11441000,53.5119
2008-02-01,95.0000,95.4000,94.5600,95.2300,4163700,53.8335
2008-02-04,94.3900,94.6600,94.1300,94.2500,1729600,53.2795
2008-02-05,95.4100,95.6100,94.7700,94.9700,2594600,53.6866
2008-02-06,94.6300,94.8500,94.3600,94.6800,1339800,53.5226
2008-02-07,94.5300,94.5300,92.0500,92.6400,5419700,52.3694
2008-02-08,93.2500,93.7300,93.0900,93.7000,2832800,52.9686
2008-02-11,94.2800,94.7000,93.7300,94.0900,2960200,53.1891
2008-02-12,93.3200,93.6500,92.9600,93.5300,2897700,52.8726
2008-02-13,92.9300,93.4200,92.4000,92.5400,3697500,52.3129
2008-02-14,91.8000,92.1000,90.6600,91.1800,7505000,51.5441
2008-02-15,91.6100,92.0700,91.4600,91.8800,3687800,51.9398
2008-02-19,91.1400,91.7000,90.6400,90.9500,2911600,51.4141
2008-02-20,90.6200,91.5800,90.5600,91.5800,2550100,51.7702
2008-02-21,92.0800,92.8500,92.0500,92.5500,4197200,52.3185
2008-02-22,92.4900,92.8500,91.8700,92.0200,1959700,52.0190
2008-02-25,91.9500,92.1400,90.6500,91.0800,3460900,51.4875
2008-02-26,90.9600,91.3400,90.7300,91.1100,2618900,51.5045
2008-02-27,91.4300,91.5700,90.6100,91.1900,2494400,51.5497
2008-02-28,92.3400,92.8400,92.1900,92.8100,3410900,52.4655
2008-02-29,93.6500,94.4600,93.5200,94.2300,3822000,53.2682
2008-03-03,93.6700,94.2000,93.2500,93.6400,2036900,53.1310
2008-03-04,93.9400,94.1200,92.5300,92.7300,3401100,52.6146
2008-03-05,93.0600,93.0600,91.5000,91.6200,3871200,51.9848
2008-03-06,91.8200,92.4400,91.6700,92.1100,1342600,52.2628
2008-03-07,93.2900,93.3500,91.7400,92.2300,3601300,52.3309
2008-03-10,92.7100,94.1300,92.6100,93.5900,3579000,53.1026
2008-03-11,93.0000,93.0300,92.2100,92.7900,3309200,52.6486
2008-03-12,93.1300,94.6800,92.9700,94.5800,4752900,53.6643
2008-03-13,95.0300,95.1900,93.2600,93.8400,5763500,53.2444
2008-03-14,94.6200,95.8100,94.6200,95.0000,6174800,53.9026
2008-03-17,95.5900,96.3100,95.3100,95.7300,3329300,54.3168
2008-03-18,95.3000,96.1600,94.9500,95.3600,4022300,54.1068
2008-03-19,95.1200,97.4700,95.1200,96.9400,5206400,55.0033
2008-03-20,97.0000,97.7500,96.8700,97.1800,3905900,55.1396
2008-03-24,96.4800,96.4800,95.2000,95.3000,5596200,54.0728
2008-03-25,95.3800,95.8200,95.2800,95.7000,2038200,54.2998
2008-03-26,95.7800,96.2000,95.2300,95.3000,1652000,54.0728
2008-03-27,94.6400,95.3600,94.5400,94.6300,2405700,53.6927
2008-03-28,95.0900,95.5600,94.7500,95.5500,1745500,54.2146
2008-03-31,96.1100,96.3200,95.6700,95.8900,2546300,54.4076
2008-04-01,94.8100,94.8500,93.7800,93.9300,3821800,53.5221
2008-04-02,93.9900,94.8600,93.9900,94.1300,3794200,53.6361
2008-04-03,94.5000,94.6700,94.1200,94.3400,2839100,53.7558
2008-04-04,95.1700,95.5600,94.9900,95.2000,1745200,54.2458
2008-04-07,94.6200,94.7800,93.9000,94.7000,2231800,53.9608
2008-04-08,95.1800,95.2400,94.2600,94.3700,1305200,53.7728
2008-04-09,94.5600,95.6400,94.5500,95.3500,2883600,54.3313
2008-04-10,95.3100,95.5000,94.5700,95.0300,1846500,54.1488
2008-04-11,95.6000,95.9200,95.4700,95.6700,1987700,54.5136
2008-04-14,95.3400,95.7000,94.9900,95.1100,3195300,54.1945
2008-04-15,94.4200,94.5800,93.9000,93.9300,2821600,53.5221
2008-04-16,93.8000,94.0600,92.4300,93.0100,4691100,52.9979
2008-04-17,92.9800,93.1800,92.2400,92.8500,2020000,52.9067
2008-04-18,92.0000,92.8800,91.8200,92.7700,2199700,52.8611
2008-04-21,92.4100,93.2800,92.3000,93.1400,2805800,53.0720
2008-04-22,92.9100,93.6700,92.9100,93.4600,1799700,53.2543
2008-04-23,93.0900,93.6300,92.5300,93.1500,1221100,53.0776
2008-04-24,92.2600,92.4600,91.8100,92.3600,3213600,52.6275
2008-04-25,92.1400,92.2500,91.5000,91.8200,1742000,52.3198
2008-04-28,91.5300,92.3500,91.4100,92.1000,1883900,52.4794
2008-04-29,92.3800,92.8600,92.1500,92.4500,1269100,52.6788
2008-04-30,92.4200,93.2000,91.8500,93.1100,2827500,53.0549
2008-05-01,93.4400,93.6500,92.3800,92.7800,3226500,53.0582
2008-05-02,91.7800,92.4100,91.5400,91.6100,2730800,52.3892
2008-05-05,91.8600,91.8700,91.1400,91.6100,1309300,52.3892
2008-05-06,92.0100,92.0800,90.7900,90.9500,4037500,52.0118
2008-05-07,90.7300,91.4300,90.6200,91.3400,3876200,52.2348
2008-05-08,91.4400,92.2000,91.4200,92.1600,2829500,52.7037
2008-05-09,92.7300,92.8700,92.2100,92.5000,2064300,52.8981
2008-05-12,92.7600,93.1600,92.3500,92.3600,1947400,52.8181
2008-05-13,91.8300,92.0500,91.3100,91.3500,2123300,52.2405
2008-05-14,92.0000,92.0100,90.7200,91.3900,2600900,52.2634
2008-05-15,91.1700,92.3300,91.0900,92.2200,2164300,52.7380
2008-05-16,91.8800,92.8900,91.7800,91.8400,1902600,52.5207
2008-05-19,92.2600,92.2600,91.3000,91.9600,1348200,52.5893
2008-05-20,92.4400,92.5000,91.9000,92.4400,1466000,52.8639
2008-05-21,92.0500,92.6700,91.8600,92.4600,1762100,52.8753
2008-05-22,91.9300,91.9300,90.8400,91.3700,2855900,52.2519
2008-05-23,91.8300,92.3000,91.7000,91.7700,1802000,52.4807
2008-05-27,91.3800,91.5600,90.9800,91.1500,1985800,52.1261
2008-05-28,90.5400,90.6600,90.1400,90.3400,3250700,51.6629
2008-05-29,90.0100,90.1000,89.1400,89.6900,3302400,51.2912
2008-05-30,90.1300,90.4400,90.0600,90.2800,2514600,51.6286
2008-06-02,89.9800,90.6400,89.6200,90.3000,3076400,51.8278
2008-06-03,90.0600,91.4100,89.8100,90.9500,2447700,52.2008
2008-06-04,91.3900,91.3900,89.9000,90.1400,2813000,51.7359
2008-06-05,89.8200,90.0300,89.4500,89.6000,2632200,51.4260
2008-06-06,90.4400,91.0900,90.2100,90.7600,3864800,52.0918
2008-06-09,90.4800,91.3900,90.1900,90.7600,1812000,52.0918
2008-06-10,90.6500,90.7100,89.7000,90.1700,1935300,51.7531
2008-06-11,90.0500,90.7200,89.7100,89.9600,2265400,51.6326
2008-06-12,89.5600,89.6400,88.8200,89.0600,4413100,51.1161
2008-06-13,88.9700,89.5400,88.6800,88.8700,1983600,51.0070
2008-06-16,89.1100,89.1800,88.6200,88.8900,1756800,51.0185
2008-06-17,89.1500,89.2700,88.5900,89.0700,1712200,51.1218
2008-06-18,89.2900,89.9700,89.0900,89.8200,2590000,51.5523
2008-06-19,89.5200,89.7500,89.0300,89.2900,1700500,51.2481
2008-06-20,89.9400,90.0700,89.6900,89.8100,4580900,51.5465
2008-06-23,90.0800,90.4300,89.8300,90.0000,1594100,51.6556
2008-06-24,90.3800,90.8100,90.1400,90.6000,3118400,52.0000
2008-06-25,90.6500,90.7600,89.8100,90.6400,3251600,52.0229
2008-06-26,91.0000,91.4400,90.7900,91.2500,4052300,52.3730
2008-06-27,91.7300,92.4400,91.4500,92.3200,4144800,52.9871
2008-06-30,92.4100,92.8200,92.0800,92.3400,3743000,52.9986
2008-07-01,92.6900,92.7700,91.6800,91.7900,3805100,52.8730
2008-07-02,91.9600,92.3800,91.8700,92.2700,2413700,53.1496
2008-07-03,91.7100,92.3000,91.5400,92.0700,1405100,53.0343
2008-07-07,92.0700,93.1500,91.5800,92.4900,3528400,53.2763
2008-07-08,92.5000,93.1400,92.4200,93.0900,2176600,53.6219
2008-07-09,92.9400,93.6400,92.9200,93.5000,1582000,53.8580
2008-07-10,93.3300,93.7600,92.9400,93.4900,2723600,53.8522
2008-07-11,93.5200,93.7400,91.8600,92.1600,5466000,53.0862
2008-07-14,92.3800,93.2600,92.2900,92.9700,4135400,53.5527
2008-07-15,93.0700,93.4300,92.7000,92.9400,4541400,53.5355
2008-07-16,92.0800,92.2400,91.2100,91.2600,3435900,52.5677
2008-07-17,91.2600,91.6100,90.5600,90.7900,5899900,52.2971
2008-07-18,90.7600,91.2000,90.3000,90.4500,3475200,52.1012
2008-07-21,90.4500,90.9000,90.2500,90.8000,3657200,52.3028
2008-07-22,90.6400,90.7600,90.0300,90.3500,2675200,52.0436
2008-07-23,90.2200,90.3700,89.7500,90.1700,2871900,51.9399
2008-07-24,90.3500,91.2500,90.3500,91.0500,2613300,52.4468
2008-07-25,90.5500,90.8400,90.0000,90.1400,3765300,51.9226
2008-07-28,90.9500,91.4700,90.7000,91.0500,1275900,52.4468
2008-07-29,90.6600,90.9900,90.3100,90.6800,1349100,52.2337
2008-07-30,90.0900,91.2900,90.0300,90.7700,1667500,52.2855
2008-07-31,91.7200,92.0500,91.2700,91.6700,3898700,52.8040
2008-08-01,90.9700,91.5600,90.8300,91.5400,1804800,52.9207
2008-08-04,91.0900,91.6400,91.0100,91.3300,2029900,52.7993
2008-08-05,91.3500,91.6000,90.6200,90.6500,2191200,52.4062
2008-08-06,90.4100,90.4100,89.8200,90.2800,3139500,52.1923
2008-08-07,90.6300,91.9000,90.4300,91.7500,2765600,53.0421
2008-08-08,91.8900,92.0800,91.5400,92.0000,1035400,53.1866
2008-08-11,91.7800,91.7800,90.6000,91.1200,3939400,52.6779
2008-08-12,91.8100,92.0300,91.7000,91.9700,1315000,53.1693
2008-08-13,92.3000,92.3500,91.4600,91.6500,1940300,52.9843
2008-08-14,92.2600,92.6000,92.0700,92.2400,2605300,53.3254
2008-08-15,92.6700,93.2000,92.5700,93.0400,1964900,53.7879
2008-08-18,93.0800,93.5400,92.9600,93.4100,1262200,54.0018
2008-08-19,93.4400,93.5300,92.8900,93.0500,1944700,53.7937
2008-08-20,93.3800,93.7100,93.1500,93.3100,2500000,53.9440
2008-08-21,93.6300,93.6300,92.7500,93.1400,2267000,53.8457
2008-08-22,93.1100,93.1700,92.6400,93.0800,1990000,53.8110
2008-08-25,94.1200,94.3300,93.8500,94.0100,2028300,54.3486
2008-08-26,93.9600,94.2000,93.7100,94.0900,1270900,54.3949
2008-08-27,93.4900,94.2900,93.4400,94.2500,1555300,54.4874
2008-08-28,93.9100,94.4100,93.6900,94.2600,1886500,54.4932
2008-08-29,94.0200,94.1600,93.5100,93.8400,1739100,54.2504
2008-09-02,92.9800,94.4100,92.8400,94.3700,2916000,54.7551
2008-09-03,94.2700,94.8900,94.2600,94.7700,2105000,54.9872
2008-09-04,95.0000,95.5600,94.8100,95.5300,3049800,55.4282
2008-09-05,96.0200,96.3100,95.4100,95.4800,4167800,55.3992
2008-09-08,94.9000,95.8800,94.5600,95.8800,5426200,55.6313
2008-09-09,95.8300,96.8800,95.5400,96.8300,3890200,56.1825
2008-09-10,95.9800,96.6600,95.8200,96.2300,2407900,55.8344
2008-09-11,96.7900,96.8600,96.0000,96.1800,3592000,55.8053
2008-09-12,96.2100,96.3300,94.7500,94.9400,4138200,55.0859
2008-09-15,96.2800,98.1700,96.0700,98.0200,5889900,56.8729
2008-09-16,100.7100,100.8600,97.9100,98.0000,6684400,56.8614
2008-09-17,98.9200,99.3800,97.7300,98.4900,4371300,57.1457
2008-09-18,97.9500,98.4900,96.9200,97.0500,4188300,56.3101
2008-09-19,93.8600,95.0200,93.7000,93.9700,7169200,54.5231
2008-09-22,92.9300,93.9600,92.6000,93.9600,4726300,54.5173
2008-09-23,93.6100,94.1000,93.1300,93.6000,2236000,54.3084
2008-09-24,93.9700,94.7500,93.6000,94.0100,1014900,54.5463
2008-09-25,94.5900,94.5900,93.1500,93.8200,1881200,54.4360
2008-09-26,94.0700,94.7900,94.0700,94.5000,1992800,54.8306
2008-09-29,95.1700,97.9300,95.1600,97.2500,4799800,56.4262
2008-09-30,97.0400,97.2900,94.6000,94.8800,1358100,55.0510
2008-10-01,96.0400,96.9000,94.9500,95.7800,1767800,55.7437
2008-10-02,96.5700,96.8500,96.0700,96.5500,931900,56.1918
2008-10-03,97.3800,97.7900,95.4900,97.4000,1903100,56.6865
2008-10-06,98.7400,99.8600,98.6200,99.1700,2906200,57.7166
2008-10-07,98.3200,99.6700,97.9800,98.8700,1972000,57.5420
2008-10-08,99.6800,99.9400,96.6800,97.4500,3386300,56.7156
2008-10-09,97.3700,97.7000,96.2200,96.6300,1785400,56.2384
2008-10-10,96.6100,96.9100,95.5100,95.9500,2200000,55.8426
2008-10-13,95.1100,95.9500,94.2600,94.7200,1532100,55.1268
2008-10-14,94.2500,95.2600,93.9000,94.1100,2100000,54.7717
2008-10-15,94.1200,95.0400,93.4200,95.0100,1449500,55.2955
2008-10-16,94.9900,95.2700,94.1800,94.5200,1063200,55.0103
2008-10-17,94.6900,94.9000,93.0200,93.8700,1691800,54.6320
2008-10-20,93.4400,94.9400,93.3600,94.6200,1146800,55.0685
2008-10-21,95.0900,95.9900,94.7400,95.1200,1243700,55.3595
2008-10-22,96.1200,97.4900,95.8500,97.0500,1069800,56.4828
2008-10-23,97.9500,98.8900,96.8200,97.7700,1802000,56.9018
2008-10-24,98.8200,99.0500,96.4500,96.7300,1495400,56.2966
2008-10-27,97.7700,98.2100,96.2900,96.8000,1534100,56.3373
2008-10-28,96.1800,96.9000,95.1500,95.3900,1505500,55.5166
2008-10-29,95.7700,96.0100,94.4300,94.9100,1745800,55.2373
2008-10-30,94.5000,94.8000,93.8000,94.0500,1326000,54.7368
2008-10-31,94.6400,94.9200,92.6500,92.8300,2282500,54.0268
2008-11-03,92.7200,93.1100,92.3500,92.7100,1111600,54.1729
2008-11-04,92.9600,94.7100,92.5900,94.4500,1608800,55.1896
2008-11-05,94.8900,95.6700,94.4000,95.5700,1931700,55.8440
2008-11-06,94.6000,95.0500,93.8100,94.8800,919700,55.4408
2008-11-07,94.5200,94.5200,93.5500,94.2600,1277100,55.0786
2008-11-10,93.8000,95.1000,93.6800,94.7200,1352100,55.3474
2008-11-11,95.2100,95.8100,94.9600,95.0000,696000,55.5110
2008-11-12,95.5800,96.0700,95.1600,95.6100,1199400,55.8674
2008-11-13,94.9100,95.2500,93.2500,93.3200,1631900,54.5293
2008-11-14,95.1100,95.4600,94.7900,95.1700,1059300,55.6103
2008-11-17,95.6800,96.0300,95.2900,95.5900,490300,55.8557
2008-11-18,96.3800,97.0000,95.9600,96.8200,924800,56.5744
2008-11-19,97.4700,99.3700,97.2100,99.3000,2090400,58.0236
2008-11-20,101.8200,104.4400,101.1000,104.4300,5459800,61.0211
2008-11-21,103.2500,103.9800,101.4500,102.9200,3249300,60.1389
2008-11-24,102.1500,102.2900,101.0000,101.3100,1587300,59.1980
2008-11-25,103.9500,104.4700,102.6800,104.2900,2632700,60.9394
2008-11-26,104.7200,105.6200,104.0900,104.4300,2577600,61.0211
2008-11-28,105.2500,105.9700,104.9400,105.7200,986400,61.7749
2008-12-01,107.7500,110.4100,107.1300,109.4000,4031600,64.1406
2008-12-02,108.5600,110.3700,108.1900,109.8200,3289300,64.3869
2008-12-03,110.2700,110.8100,108.5600,110.1300,2951000,64.5686
2008-12-04,111.1300,112.4900,110.3700,112.3000,2825400,65.8409
2008-12-05,111.9500,113.0000,110.4200,110.4800,4557600,64.7738
2008-12-08,110.4800,111.2500,109.6900,110.2400,2119500,64.6331
2008-12-09,110.5800,112.5300,110.2500,112.4200,2055500,65.9112
2008-12-10,111.3700,112.1500,111.1200,112.1500,2414900,65.7529
2008-12-11,112.1800,112.4300,110.8700,112.3700,2416900,65.8819
2008-12-12,112.5400,112.5600,110.3400,112.3700,2547100,65.8819
2008-12-15,112.3500,113.9400,112.0500,113.6500,1707700,66.6324
2008-12-16,116.4600,116.9000,113.9700,116.4600,4015100,68.2799
2008-12-17,120.7700,121.1300,119.2600,119.6200,6407500,70.1325
2008-12-18,120.7400,123.1500,120.4500,122.1300,4442000,71.6041
2008-12-19,121.4400,122.9900,121.2800,122.2600,2668500,71.6804
2008-12-22,122.3900,122.3900,120.7300,121.3200,2221400,71.1292
2008-12-23,120.1400,121.5000,119.9000,121.1600,1746400,71.0354
2008-12-24,120.7300,121.3200,120.6200,120.9000,717200,70.8830
2008-12-26,121.5900,121.9700,121.2000,121.3000,454400,71.1175
2008-12-29,121.4300,122.0100,120.6100,120.7500,1416000,71.0323
2008-12-30,120.4900,121.9200,120.0700,121.9000,2590500,71.7087
2008-12-31,121.4100,122.0000,118.8500,119.3500,2738000,70.2087
2009-01-02,120.0500,120.4500,116.3500,116.3500,3464200,68.4439
2009-01-05,115.6000,116.1600,112.6000,113.3500,5395200,66.6791
2009-01-06,111.6200,113.2600,111.0000,112.2100,4109300,66.0085
2009-01-07,111.9600,112.6800,111.4000,112.6500,2565600,66.2673
2009-01-08,112.6400,112.9200,111.9900,112.5600,2603600,66.2144
2009-01-09,111.4600,113.3500,111.2700,112.7300,2727900,66.3144
2009-01-12,111.5700,114.0500,111.5700,113.9000,2462800,67.0027
2009-01-13,113.5000,114.0800,112.9600,114.0200,1767400,67.0732
2009-01-14,114.6500,116.0400,114.6500,115.9000,2494800,68.1792
2009-01-15,116.2000,116.9200,115.5800,116.0900,2827200,68.2909
2009-01-16,113.4200,116.0900,113.3600,114.3000,2994800,67.2380
2009-01-20,112.2900,114.6300,112.2300,114.2800,3268300,67.2262
2009-01-21,111.9300,113.0400,110.4000,110.6700,2838100,65.1026
2009-01-22,110.6000,110.7700,107.8800,108.5400,4016600,63.8496
2009-01-23,107.9200,108.3200,106.6900,107.6900,2676200,63.3496
2009-01-26,107.4300,107.8200,106.3000,106.7500,2240900,62.7966
2009-01-27,107.8000,109.5900,107.6300,109.2600,3420800,64.2731
2009-01-28,109.3100,109.8100,105.7200,106.5300,4348100,62.6672
2009-01-29,105.5600,106.3100,103.6600,104.0800,3724400,61.2260
2009-01-30,104.5500,104.8700,103.4400,103.7500,2630000,61.0318
2009-02-02,104.0200,105.6800,103.3900,105.3900,2700200,62.1674
2009-02-03,104.3000,104.8300,102.7500,102.8800,2846400,60.6867
2009-02-04,102.7500,102.8700,101.6200,102.5200,2305400,60.4744
2009-02-05,103.2400,103.8800,102.2100,102.6100,2279500,60.5275
2009-02-06,102.2500,102.8600,101.9000,102.2900,1667500,60.3387
2009-02-09,101.6900,102.6700,101.0600,102.6200,2257300,60.5334
2009-02-10,104.1100,104.9600,103.4500,104.8500,3782800,61.8488
2009-02-11,105.7100,106.5000,105.5300,106.2100,2774200,62.6510
2009-02-12,105.9800,106.1800,104.7400,105.2100,1818400,62.0611
2009-02-13,103.9500,103.9500,102.2300,102.4100,2466800,60.4095
2009-02-17,104.5500,105.6600,104.3500,105.6000,2813900,62.2912
2009-02-18,106.0600,106.5600,104.3000,104.7000,2768600,61.7603
2009-02-19,102.6900,104.0600,102.2300,102.9200,3219400,60.7104
2009-02-20,104.2700,105.1600,103.3000,103.9200,4272000,61.3003
2009-02-23,103.6000,104.8800,103.1700,104.8800,2688700,61.8665
2009-02-24,105.7000,106.6800,104.7700,104.7700,4197100,61.8016
2009-02-25,105.2400,105.4900,103.0300,103.5600,3908100,61.0878
2009-02-26,102.8700,103.2600,101.9800,102.4700,2611100,60.4449
2009-02-27,102.5700,103.0100,101.2100,101.8800,3267700,60.0969
2009-03-02,102.2200,103.2800,102.0900,103.2800,3302000,61.0918
2009-03-03,102.2300,103.5700,101.8100,102.5900,3084900,60.6837
2009-03-04,101.4900,102.2500,101.1600,102.1200,3178400,60.4056
2009-03-05,104.0200,105.4400,103.4400,104.9600,4562400,62.0856
2009-03-06,104.2600,105.9700,104.0900,104.2600,3125900,61.6714
2009-03-09,104.5100,104.5500,103.1200,103.6500,2070500,61.3107
2009-03-10,102.4300,102.7500,101.5100,101.6600,2602600,60.1336
2009-03-11,101.2900,102.7600,100.9300,102.7600,3101500,60.7842
2009-03-12,102.6600,103.9700,102.3100,103.2500,3558900,61.0741
2009-03-13,102.7500,103.8800,102.3300,102.7300,2504000,60.7665
2009-03-16,100.8200,101.4500,100.5000,101.1100,3265600,59.8082
2009-03-17,101.7200,102.3300,100.3900,100.5600,3076200,59.4829
2009-03-18,101.1200,108.0700,100.9000,104.3700,8578800,61.7366
2009-03-19,105.6200,105.6600,104.2200,104.5000,3650900,61.8134
2009-03-20,104.6200,105.0000,103.7800,103.9200,3479700,61.4703
2009-03-23,104.2900,104.4200,102.9700,103.0200,2097000,60.9380
2009-03-24,102.1900,105.1600,101.9300,104.0000,5477100,61.5176
2009-03-25,103.2900,103.7200,102.3100,102.6000,2549600,60.6896
2009-03-26,102.4400,104.0600,102.1600,103.7900,2385300,61.3934
2009-03-27,104.1500,104.9300,103.5600,104.5600,1853900,61.8489
2009-03-30,105.4400,105.8700,103.9400,104.9600,2300100,62.0856
2009-03-31,105.0400,105.8000,105.0000,105.7100,1094600,62.5292
2009-04-01,106.1200,106.5600,105.5300,106.3700,2383400,63.0998
2009-04-02,105.8900,106.0700,104.8400,105.0700,1766300,62.3287
2009-04-03,104.9100,105.1600,102.6600,102.9200,3316800,61.0533
2009-04-06,103.5400,103.5900,102.2200,102.4800,1418100,60.7922
2009-04-07,102.5400,103.3100,102.4800,102.7400,1312600,60.9465
2009-04-08,103.0700,103.8600,102.9500,103.6500,1007800,61.4863
2009-04-09,102.4700,103.1800,101.9800,102.3500,1088800,60.7151
2009-04-13,102.9600,103.5100,102.9300,103.2900,946600,61.2727
2009-04-14,103.2500,104.2100,102.9300,103.8300,1336000,61.5931
2009-04-15,104.1300,104.3000,102.8800,103.6500,1152500,61.4863
2009-04-16,102.8500,103.4500,102.7800,102.8300,1055600,60.9999
2009-04-17,102.4700,102.7100,101.3700,101.7000,2582800,60.3295
2009-04-20,102.6300,103.4000,102.4500,103.2400,1714400,61.2431
2009-04-21,104.0400,104.2100,102.2200,102.2200,909100,60.6380
2009-04-22,102.4500,102.5600,101.1100,101.6000,2278100,60.2702
2009-04-23,101.3500,101.7500,100.9400,101.5900,1688300,60.2643
2009-04-24,100.7900,100.9800,100.1000,100.5700,2830000,59.6592
2009-04-27,101.0700,101.1900,100.0600,101.0000,2294600,59.9143
2009-04-28,101.5000,101.5800,99.0900,99.3500,2332500,58.9355
2009-04-29,99.6700,100.0800,98.1500,98.4700,3752600,58.4134
2009-04-30,97.9800,98.3600,97.3900,98.0800,2778100,58.1822
2009-05-01,97.1200,97.2900,96.5700,97.1100,2772200,57.7817
2009-05-04,97.3600,97.8200,96.7900,97.4300,2246700,57.9721
2009-05-05,97.4600,97.8300,96.7600,97.3100,1369000,57.9007
2009-05-06,97.1200,98.0000,97.0000,97.0800,2045900,57.7639
2009-05-07,95.9400,96.7000,94.3300,94.7100,5755200,56.3537
2009-05-08,95.0200,95.3900,94.6400,94.9400,2193400,56.4905
2009-05-11,96.0500,96.4500,95.7900,96.2900,2167400,57.2938
2009-05-12,96.1800,97.0200,95.8000,96.6400,2304800,57.5020
2009-05-13,97.3600,97.9300,97.2400,97.6900,1917500,58.1268
2009-05-14,97.6000,98.2500,97.3000,98.0700,1704600,58.3529
2009-05-15,98.0000,98.0500,97.4600,98.0400,2306600,58.3350
2009-05-18,98.0100,98.1100,96.3700,96.5200,2234700,57.4306
2009-05-19,96.1900,96.4700,95.7100,96.0100,1624300,57.1272
2009-05-20,95.9300,97.1600,95.8300,97.0200,2825700,57.7282
2009-05-21,97.5500,97.6400,94.3500,94.5800,4771700,56.2764
2009-05-22,93.8200,94.4900,93.3500,93.5300,4483400,55.6516
2009-05-26,94.0500,94.1000,92.1200,92.1200,3633100,54.8125
2009-05-27,92.2400,92.5800,90.3800,90.4900,7490200,53.8427
2009-05-28,91.7700,91.9800,90.2300,91.8000,9824300,54.6222
2009-05-29,91.7000,94.2300,91.6400,94.1700,4746700,56.0324
2009-06-01,92.3400,92.3800,90.5700,91.0900,6987000,54.3758
2009-06-02,91.6100,91.7700,90.7800,91.5800,5063600,54.6684
2009-06-03,91.9600,92.6100,91.3300,92.4400,6727200,55.1817
2009-06-04,91.4300,91.7200,90.2400,90.5300,5438600,54.0416
2009-06-05,89.9100,90.9000,89.5500,89.8400,8439600,53.6297
2009-06-08,90.4100,90.7300,89.4800,89.6100,4084000,53.4924
2009-06-09,90.1900,90.3100,89.2500,89.6000,6046300,53.4864
2009-06-10,88.8700,89.4300,87.5600,88.1900,12142000,52.6447
2009-06-11,87.7600,89.5200,87.6900,89.1700,10692800,53.2297
2009-06-12,89.4200,90.6500,89.4200,89.9700,6606800,53.7072
2009-06-15,90.5400,91.1500,90.4800,90.7800,4518700,54.1908
2009-06-16,90.9600,92.4300,90.8000,92.3600,5376000,55.1340
2009-06-17,92.4500,93.3300,91.8400,91.8400,7197200,54.8235
2009-06-18,91.2500,91.5800,90.1100,90.4500,6794000,53.9938
2009-06-19,90.3300,91.7000,90.2100,91.6900,4750700,54.7340
2009-06-22,92.4400,92.9100,92.0600,92.5800,3952300,55.2653
2009-06-23,92.7700,93.8100,92.5800,93.6700,5356900,55.9160
2009-06-24,93.6500,94.0700,92.6600,92.7300,6550400,55.3548
2009-06-25,93.2200,94.5000,92.6700,94.4300,7140000,56.3696
2009-06-26,94.6200,94.9000,94.2100,94.5900,4050400,56.4651
2009-06-29,95.0700,95.3700,94.5800,94.7300,4334900,56.5487
2009-06-30,94.1900,95.1100,93.8100,94.5700,3743700,56.4532
2009-07-01,93.4200,94.0900,93.2400,94.0800,3379900,56.3412
2009-07-02,94.3300,94.6100,94.0000,94.3000,2645100,56.4730
2009-07-06,94.0500,94.2900,93.3900,94.1200,1886700,56.3652
2009-07-07,93.6200,94.8800,93.6100,94.7500,2592400,56.7424
2009-07-08,95.1200,96.8100,94.8900,96.5000,7912900,57.7905
2009-07-09,95.3500,95.7300,94.4500,95.3500,5241400,57.1018
2009-07-10,95.6200,96.3300,95.4300,96.2300,3981900,57.6288
2009-07-13,96.3200,96.6000,95.5600,95.6900,2604300,57.3054
2009-07-14,94.7600,95.1300,93.7000,94.1000,3629100,56.3532
2009-07-15,92.6600,93.0000,91.6700,91.6800,4664200,54.9039
2009-07-16,92.8100,93.1800,92.5000,92.6700,4225200,55.4968
2009-07-17,91.9000,92.3600,91.2400,91.2400,3845700,54.6404
2009-07-20,90.8500,92.4900,90.8000,91.7200,4436500,54.9279
2009-07-21,91.4500,93.7000,91.2900,93.5500,3895300,56.0238
2009-07-22,93.4000,93.5300,92.3600,92.7100,1986700,55.5207
2009-07-23,92.7600,92.8000,90.5700,91.0100,3818800,54.5027
2009-07-24,91.0000,91.4500,90.7700,91.4500,1765300,54.7662
2009-07-27,90.2300,90.6600,89.9400,90.4000,2755900,54.1374
2009-07-28,90.7200,91.8200,90.4300,91.2000,3324800,54.6165
2009-07-29,92.1700,92.2900,90.9400,91.7000,2910200,54.9160
2009-07-30,91.5400,93.1500,91.2300,93.0000,4040700,55.6944
2009-07-31,93.8500,94.8600,93.2800,94.8100,5697000,56.7784
2009-08-03,93.8100,93.8700,92.6100,93.0600,4029300,55.9180
2009-08-04,93.6300,93.7200,91.6700,92.3200,3832200,55.4733
2009-08-05,91.3100,92.7500,90.8700,90.9400,4458300,54.6441
2009-08-06,90.9000,91.8900,90.4200,91.2500,3228500,54.8303
2009-08-07,90.4200,90.9300,90.2200,90.4900,3543200,54.3736
2009-08-10,90.5100,91.6400,90.4100,91.6200,3150100,55.0527
2009-08-11,92.3900,92.8700,91.9900,92.6800,3677800,55.6896
2009-08-12,92.9500,93.0700,91.0900,91.6900,4729200,55.0947
2009-08-13,91.8000,93.1500,91.5000,92.9900,3922300,55.8758
2009-08-14,93.3000,94.2000,93.2100,93.3500,4410400,56.0922
2009-08-17,93.9500,94.7500,93.8700,94.7300,3569700,56.9214
2009-08-18,94.6600,94.7700,94.0100,94.1800,2557900,56.5909
2009-08-19,95.1700,95.3700,94.4100,94.9600,3518200,57.0596
2009-08-20,95.3800,95.8700,94.7800,95.7400,3282700,57.5282
2009-08-21,95.6400,95.7300,93.7500,93.7700,6258300,56.3445
2009-08-24,93.4900,95.4700,93.4600,95.4700,4460200,57.3660
2009-08-25,95.3700,96.0900,94.9100,96.0100,3359700,57.6906
2009-08-26,96.1800,96.5500,95.9100,96.4500,3225800,57.9549
2009-08-27,96.1800,96.6200,95.7300,96.0700,2514000,57.7266
2009-08-28,95.4400,96.5100,95.3100,96.5100,2072500,57.9909
2009-08-31,96.3600,96.8600,95.7600,96.6000,2899800,58.0450
2009-09-01,95.8200,96.5800,95.1400,96.0600,3304200,57.9046
2009-09-02,96.4800,97.6600,96.2400,97.4600,4345000,58.7485
2009-09-03,96.8400,97.1200,96.5500,96.8600,2703800,58.3868
2009-09-04,96.4400,96.6000,95.0600,95.2100,3643000,57.3922
2009-09-08,94.4800,95.3700,94.3600,94.5400,2468900,56.9883
2009-09-09,93.8900,94.4300,93.5200,94.4300,3182400,56.9221
2009-09-10,94.9300,96.7100,94.9100,96.1700,4417300,57.9709
2009-09-11,96.8200,97.6800,96.6000,96.7000,4826200,58.2903
2009-09-14,96.0200,96.6700,95.6500,95.7400,2119500,57.7117
2009-09-15,95.1900,95.7700,95.0700,95.2500,2187900,57.4163
2009-09-16,95.3400,95.9500,94.6000,95.4200,3732300,57.5188
2009-09-17,95.6900,96.7300,95.1700,96.6200,2832000,58.2421
2009-09-18,96.2000,96.5300,95.6700,95.7600,2813300,57.7237
2009-09-21,96.1000,96.4900,95.3600,95.9800,3050200,57.8563
2009-09-22,95.6500,96.3700,95.5100,96.1800,2068000,57.9769
2009-09-23,95.9400,96.5800,95.2000,96.4700,5712000,58.1517
2009-09-24,96.5000,97.0900,96.1700,96.7500,4658400,58.3205
2009-09-25,97.3600,98.0600,96.7700,97.9800,3854500,59.0620
2009-09-28,98.3200,98.9300,98.1100,98.8400,4263300,59.5803
2009-09-29,98.3200,99.1700,98.1500,98.7500,3123200,59.5261
2009-09-30,98.5600,99.1300,98.3600,98.6600,2744800,59.4719
2009-10-01,98.9600,100.0600,98.8000,99.7000,5754400,60.2864
2009-10-02,100.2800,100.3100,98.8800,99.0100,4827700,59.8691
2009-10-05,99.4700,99.6600,98.7700,99.0200,2910100,59.8752
2009-10-06,98.7600,98.8000,97.9800,98.0400,3936200,59.2826
2009-10-07,98.6700,99.3300,98.6000,99.1900,3591000,59.9780
2009-10-08,99.7100,99.7600,97.6800,98.1500,5871600,59.3491
2009-10-09,97.6200,97.7100,95.5000,95.9000,8135900,57.9886
2009-10-12,96.0300,96.3300,95.6000,96.0500,1939700,58.0793
2009-10-13,96.6200,96.8500,96.2600,96.5500,2886500,58.3816
2009-10-14,95.5100,96.1000,94.9000,95.1200,5421000,57.5169
2009-10-15,94.5700,95.4200,94.3700,94.6800,3736900,57.2509
2009-10-16,95.1900,95.5300,94.7300,95.4500,3716800,57.7165
2009-10-19,95.5900,96.2100,95.3800,96.2000,3163800,58.1700
2009-10-20,97.0200,97.2500,96.5400,96.7200,2912400,58.4844
2009-10-21,96.1600,96.2100,95.5100,96.1400,3355200,58.1337
2009-10-22,95.3800,95.8300,95.3300,95.6700,2572200,57.8495
2009-10-23,94.8800,95.4200,94.8700,94.9500,2996200,57.4142
2009-10-26,94.4400,94.5100,93.5500,93.7200,4127400,56.6704
2009-10-27,93.9700,95.1100,93.9200,95.0000,4476300,57.4444
2009-10-28,95.1400,95.8000,94.9600,95.4500,4585400,57.7165
2009-10-29,94.8200,95.0600,93.9500,94.4100,4645300,57.0876
2009-10-30,95.1000,96.0100,94.8700,95.7800,5118000,57.9161
2009-11-02,95.5100,95.5800,94.8000,95.0500,3463800,57.6600
2009-11-03,95.2800,95.3600,94.0000,94.1000,4470700,57.0837
2009-11-04,93.6100,94.0700,92.8000,93.2400,5349500,56.5620
2009-11-05,92.8700,93.2400,92.8000,93.2400,2852000,56.5620
2009-11-06,93.3800,93.4500,92.4600,93.3300,3381100,56.6167
2009-11-09,93.2800,93.7000,93.1300,93.4400,1697800,56.6833
2009-11-10,94.0500,94.1000,92.9100,93.2700,2549900,56.5802
2009-11-11,93.6300,94.1600,93.4800,93.6600,1771100,56.8168
2009-11-12,93.2400,93.5900,92.4500,93.4900,3431300,56.7137
2009-11-13,93.8300,94.0600,93.4500,93.9200,1594200,56.9746
2009-11-16,94.6500,95.4500,94.5200,95.0200,5175700,57.6418
2009-11-17,94.9900,95.8000,94.8100,95.5300,3174400,57.9512
2009-11-18,95.4400,95.5300,94.7400,94.9700,2413600,57.6115
2009-11-19,95.2400,95.8200,94.9100,95.1400,2969800,57.7147
2009-11-20,95.0000,95.3700,94.5900,95.1200,4136300,57.7025
2009-11-23,94.5400,95.1000,94.3400,95.0000,3219300,57.6297
2009-11-24,95.1100,95.7000,94.9900,95.6000,2895200,57.9937
2009-11-25,95.4900,96.2300,94.9700,96.0400,2789300,58.2606
2009-11-27,96.4000,96.5600,96.0900,96.4000,2249100,58.4790
2009-11-30,96.2000,96.7300,96.0000,96.6300,3115800,58.6185
2009-12-01,95.7600,95.9300,95.1900,95.2500,3979100,57.9656
2009-12-02,95.2900,95.9600,94.9900,95.3300,2193900,58.0142
2009-12-03,94.4300,94.8400,94.2400,94.3400,3947300,57.4117
2009-12-04,93.2900,93.6500,92.9100,93.3400,6108100,56.8032
2009-12-07,93.2700,93.7400,93.0900,93.4600,2774200,56.8762
2009-12-08,94.0500,94.3700,93.3700,93.6000,2378600,56.9614
2009-12-09,93.6900,94.0500,92.6800,93.1700,3494300,56.6997
2009-12-10,92.6900,92.8000,91.9500,92.1000,4446300,56.0486
2009-12-11,91.8400,92.2600,91.3100,92.0900,3053400,56.0424
2009-12-14,92.3500,92.5000,92.0500,92.2000,2380400,56.1094
2009-12-15,91.5700,92.0000,91.4900,91.7900,2993900,55.8599
2009-12-16,91.9300,92.2500,91.3600,91.6800,3301600,55.7930
2009-12-17,92.5000,93.2300,92.1900,93.1900,4428900,56.7118
2009-12-18,93.2000,93.5000,92.6500,92.7900,3789500,56.4685
2009-12-21,92.0600,92.2000,91.1400,91.1400,3524000,55.4643
2009-12-22,90.8000,90.8700,90.4200,90.6300,3078800,55.1540
2009-12-23,90.9600,91.3900,90.5000,90.6500,2336000,55.1661
2009-12-24,90.3300,90.3600,89.6700,89.7100,1698900,54.5941
2009-12-28,89.4600,89.6300,89.3000,89.4600,3170900,54.4420
2009-12-29,89.2600,89.8900,89.2000,89.7300,2617000,54.8010
2009-12-30,89.9200,90.4800,89.8600,90.3200,1919100,55.1614
2009-12-31,89.7600,90.1100,89.0500,89.8900,3242400,54.8988
2010-01-04,89.8400,90.1000,89.5800,89.8100,2829100,54.8499
2010-01-05,90.0500,90.6300,90.0000,90.3900,2841600,55.2041
2010-01-06,90.1700,90.2600,89.1200,89.1800,4099600,54.4651
2010-01-07,89.2200,89.6400,89.1200,89.3300,2793200,54.5567
2010-01-08,89.5100,89.5600,88.7600,89.2900,2910700,54.5324
2010-01-11,88.9900,89.3600,88.7700,88.8000,2181300,54.2331
2010-01-12,90.1600,90.3900,89.8400,90.3200,4321200,55.1614
2010-01-13,89.9300,90.2800,89.2200,89.2700,4755000,54.5201
2010-01-14,89.6900,90.5200,89.5400,90.5200,4188800,55.2835
2010-01-15,91.0300,91.3300,90.9800,91.0800,4142800,55.6256
2010-01-19,90.7200,91.1200,90.4200,90.8200,2496000,55.4668
2010-01-20,91.3200,91.7700,91.2700,91.7400,2800500,56.0286
2010-01-21,91.5500,92.3900,91.4600,92.1600,4363100,56.2852
2010-01-22,92.0900,92.3100,91.7700,92.0000,3666900,56.1874
2010-01-25,91.5400,91.9200,91.4900,91.5800,2419500,55.9309
2010-01-26,92.0200,92.1100,91.3100,91.6100,3138100,55.9492
2010-01-27,91.7500,92.0900,91.3700,91.5600,3325700,55.9187
2010-01-28,91.1300,91.7000,91.0600,91.5100,3058200,55.8882
2010-01-29,91.4100,92.3600,91.2500,92.3100,4930600,56.3767
2010-02-01,91.7100,91.7300,91.0500,91.1500,3598500,55.8650
2010-02-02,91.1800,91.4500,91.0400,91.4100,3047500,56.0243
2010-02-03,90.8100,90.9700,90.2700,90.3500,5343700,55.3746
2010-02-04,90.9900,91.8200,90.9000,91.7800,6095000,56.2511
2010-02-05,91.3700,92.4200,91.2100,91.9800,6875800,56.3737
2010-02-08,91.8700,92.1500,91.6500,92.1000,3386000,56.4472
2010-02-09,91.7400,92.2200,91.1400,91.1800,4790000,55.8834
2010-02-10,91.3200,91.6000,90.2000,90.3100,5068000,55.3502
2010-02-11,90.2000,90.2800,89.3800,89.8200,5087500,55.0498
2010-02-12,90.3100,90.4200,89.9500,90.1900,2833800,55.2766
2010-02-16,89.7300,90.4400,89.7300,90.3600,2440900,55.3808
2010-02-17,89.9200,90.0900,89.0800,89.3300,4368200,54.7495
2010-02-18,89.4600,89.5000,88.5100,88.9700,5121800,54.5289
2010-02-19,89.2400,89.5100,88.9000,89.4500,3502500,54.8231
2010-02-22,89.1200,89.3200,88.9200,89.0800,3382600,54.5963
2010-02-23,89.3400,90.5400,89.3000,90.4700,5474500,55.4482
2010-02-24,90.5500,90.8800,90.1800,90.6900,4423200,55.5830
2010-02-25,91.1800,91.2900,90.9000,91.2000,3707700,55.8956
2010-02-26,91.4600,92.0600,91.4100,91.6700,4349100,56.1837
2010-03-01,91.3300,91.5300,90.9600,91.3400,2415200,56.1591
2010-03-02,90.8800,91.2800,90.7000,91.2200,2260600,56.0853
2010-03-03,91.0100,91.0800,90.7000,90.9900,2156100,55.9439
2010-03-04,90.9600,91.6800,90.8300,91.4700,2374700,56.2390
2010-03-05,90.8300,90.8700,90.1200,90.2700,3823200,55.5012
2010-03-08,89.9000,89.9700,89.7000,89.8000,2850400,55.2123
2010-03-09,89.9800,90.0000,89.4000,89.8200,2573700,55.2245
2010-03-10,89.4900,89.7000,89.1900,89.5900,3216200,55.0831
2010-03-11,89.3900,90.1400,89.3700,89.9200,2621000,55.2860
2010-03-12,89.7700,90.6500,89.7300,90.4800,3099100,55.6304
2010-03-15,90.3500,90.4700,90.0500,90.3600,1936800,55.5565
2010-03-16,90.5600,91.0900,90.5400,91.0800,3932600,55.9993
2010-03-17,91.3100,91.4700,91.0700,91.4700,3481200,56.2390
2010-03-18,91.4200,91.4800,91.0100,91.1700,2750300,56.0546
2010-03-19,91.2600,91.5800,90.8700,91.2600,2976300,56.1099
2010-03-22,91.3500,91.4900,91.2200,91.3600,2452300,56.1714
2010-03-23,91.0700,91.3200,90.9100,90.9300,2910000,55.9070
2010-03-24,89.8400,90.2500,89.0600,89.2700,8049300,54.8864
2010-03-25,89.1300,89.2400,88.3700,88.7000,8268400,54.5359
2010-03-26,88.5400,89.1200,88.4900,88.9500,4110700,54.6896
2010-03-29,88.7800,88.8500,88.3100,88.6100,3245100,54.4806
2010-03-30,88.5200,88.9500,88.2700,88.8900,3254600,54.6527
2010-03-31,89.2200,89.5200,88.9500,89.5000,4263900,55.0278
2010-04-01,88.7700,89.0300,88.4300,88.9500,2912400,54.8933
2010-04-05,87.9800,88.1400,87.4100,87.4700,5652000,53.9799
2010-04-06,87.8000,87.8500,87.3500,87.6100,3584600,54.0663
2010-04-07,87.4500,88.9200,87.3000,88.7300,6389900,54.7575
2010-04-08,88.8900,89.1300,88.4800,88.7700,3797600,54.7822
2010-04-09,88.6100,89.0600,88.4100,88.9800,2311300,54.9118
2010-04-12,89.1700,89.5600,89.0900,89.4500,2939600,55.2018
2010-04-13,89.8900,89.9500,89.5200,89.7400,3090900,55.3808
2010-04-14,89.7600,89.8700,89.1100,89.1100,3570100,54.9920
2010-04-15,88.8500,89.5000,88.6800,89.2100,3698000,55.0537
2010-04-16,89.4000,89.9900,89.2400,89.8600,8303900,55.4548
2010-04-19,89.8700,90.0300,89.5200,89.6400,3211500,55.3191
2010-04-20,89.8500,89.9900,89.6400,89.9600,2285000,55.5165
2010-04-21,90.2700,90.8300,90.2600,90.7000,4162200,55.9732
2010-04-22,90.9000,91.0900,90.3300,90.4300,2841400,55.8066
2010-04-23,90.2100,90.3600,89.8700,90.1100,4776000,55.6091
2010-04-26,90.5100,90.6500,89.9400,90.2100,4753900,55.6708
2010-04-27,90.8500,91.9200,90.7000,91.4800,13199200,56.4546
2010-04-28,91.1300,91.3500,90.4800,90.7000,8379500,55.9732
2010-04-29,90.8600,91.2200,90.5200,91.0800,4067200,56.2077
2010-04-30,91.2800,92.1700,91.1100,92.1300,6924800,56.8557
2010-05-03,91.4200,92.0200,91.2800,91.6900,4211800,56.7814
2010-05-04,92.8100,93.4700,92.5600,93.3400,11054800,57.8032
2010-05-05,94.0600,94.8500,93.3500,93.8900,12219100,58.1438
2010-05-06,94.1600,100.0000,93.7800,96.7900,19578200,59.9397
2010-05-07,95.8800,98.0900,95.2700,95.5800,18740600,59.1904
2010-05-10,93.1600,93.9400,93.0900,93.6000,10240100,57.9642
2010-05-11,93.9800,94.0200,92.9900,93.3600,7729100,57.8156
2010-05-12,93.1400,93.2600,92.6100,92.6500,5530800,57.3759
2010-05-13,93.2600,93.5500,92.2000,93.2600,6849700,57.7537
2010-05-14,94.1200,95.5000,94.0900,94.8800,9796500,58.7569
2010-05-17,94.7200,95.7100,94.4700,94.5300,6302200,58.5401
2010-05-18,94.9000,96.1700,94.7700,95.9800,9904100,59.4380
2010-05-19,95.9400,96.9500,95.9300,96.3000,14121200,59.6363
2010-05-20,97.9100,98.5700,97.5300,98.3300,17666900,60.8934
2010-05-21,99.6100,99.7500,97.8600,98.4300,18670600,60.9553
2010-05-24,98.7400,98.8700,97.9000,98.0900,7721100,60.7447
2010-05-25,99.6500,99.8900,98.4000,98.5700,12952700,61.0420
2010-05-26,98.2200,98.4000,97.4000,98.2900,12644800,60.8686
2010-05-27,96.8300,96.9900,95.8800,96.0600,7653200,59.4877
2010-05-28,96.4900,96.7800,96.0200,96.5000,5805500,59.7601
2010-06-01,97.2300,97.2900,96.2500,96.8500,5536200,60.1802
2010-06-02,96.9900,97.1900,95.8200,95.9300,5656400,59.6085
2010-06-03,95.2100,95.9100,95.1000,95.2300,8499500,59.1736
2010-06-04,96.9400,97.9500,96.7000,97.7900,7479600,60.7643
2010-06-07,97.5200,98.5900,97.3300,98.5400,5288200,61.2303
2010-06-08,97.9300,98.5100,97.7600,98.0500,5510800,60.9258
2010-06-09,97.6000,98.1200,97.2100,97.9400,5598000,60.8575
2010-06-10,97.2000,97.2900,96.0900,96.1900,6075100,59.7700
2010-06-11,97.0900,97.8100,96.6100,97.4100,6266700,60.5281
2010-06-14,96.3200,97.0400,96.2200,96.9100,5310400,60.2174
2010-06-15,97.1100,97.2500,96.0500,96.5100,4920100,59.9689
2010-06-16,97.1900,97.2200,96.3900,97.0600,4011100,60.3106
2010-06-17,97.1500,98.2300,97.0700,97.8500,5650900,60.8015
2010-06-18,97.8900,98.1100,97.5700,97.6900,4171700,60.7021
2010-06-21,96.4600,97.5500,96.4100,97.4100,5740900,60.5281
2010-06-22,97.6800,98.6000,97.4200,98.5700,5658900,61.2489
2010-06-23,98.6100,99.5700,98.5700,99.2400,9137800,61.6653
2010-06-24,99.3500,99.5900,98.3500,98.6500,6184600,61.2987
2010-06-25,98.3200,99.3300,98.1600,99.0500,5148300,61.5472
2010-06-28,99.6000,100.0000,99.4200,99.9800,5436000,62.1251
2010-06-29,100.3200,101.1300,100.1600,101.0700,7334200,62.8024
2010-06-30,101.4100,101.7900,100.8000,101.7500,7205700,63.2249
2010-07-01,101.5700,102.6600,101.3800,101.6000,12893400,63.3246
2010-07-02,101.1100,101.4400,100.1600,100.7900,6297600,62.8198
2010-07-06,100.8300,101.7500,100.7400,101.6200,6620400,63.3371
2010-07-07,101.4600,101.5100,100.3400,100.4300,5727800,62.5954
2010-07-08,99.8200,100.1600,99.5500,99.7900,6260600,62.1965
2010-07-09,99.4000,99.6400,99.1800,99.2200,4286000,61.8413
2010-07-12,99.3300,99.8400,99.0400,99.1800,4062100,61.8163
2010-07-13,98.8500,98.8900,98.1800,98.3300,5842500,61.2866
2010-07-14,98.7200,99.4900,98.3900,99.3200,5417300,61.9035
2010-07-15,99.7400,100.5900,99.7000,100.3100,6996100,62.5206
2010-07-16,100.3100,101.1300,100.2700,100.8000,7512400,62.8260
2010-07-19,100.5600,100.7500,99.9800,100.1800,4305800,62.4396
2010-07-20,100.6700,100.9000,100.1800,100.3300,5076600,62.5330
2010-07-21,100.4500,102.2800,100.4100,102.0300,7894200,63.5926
2010-07-22,101.5100,101.5200,100.8200,100.8500,5759700,62.8571
2010-07-23,100.8000,100.9700,99.6900,99.7800,6259100,62.1903
2010-07-26,99.6300,99.8100,99.0000,99.6100,4856400,62.0843
2010-07-27,98.7800,99.1800,98.5700,98.6500,5328000,61.4860
2010-07-28,98.4900,99.1900,98.2700,98.9700,5507200,61.6854
2010-07-29,98.1000,99.0200,97.9200,98.9400,6305500,61.6667
2010-07-30,100.2000,100.6100,99.8500,100.4800,7683200,62.6265
2010-08-02,99.2400,99.3300,98.7500,98.7500,5769200,61.7474
2010-08-03,99.2000,99.6600,98.9300,99.3200,4363500,62.1038
2010-08-04,99.5000,99.5100,98.5600,98.5600,3820400,61.6286
2010-08-05,99.3400,99.4900,98.8400,99.0200,3704200,61.9162
2010-08-06,99.7900,100.2100,99.4900,100.1000,6042400,62.5916
2010-08-09,99.7400,99.9800,99.6100,99.7300,2578500,62.3602
2010-08-10,100.0600,101.0100,99.4700,99.9400,11251000,62.4915
2010-08-11,100.3100,101.3900,100.3100,101.2800,6778300,63.3294
2010-08-12,101.5800,101.9400,100.8700,101.0300,7590100,63.1731
2010-08-13,101.6200,102.4500,101.4800,102.2900,7843600,63.9609
2010-08-16,104.2100,104.8900,104.0700,104.8500,7976200,65.5617
2010-08-17,104.8500,104.8600,104.0000,104.2500,6756800,65.1865
2010-08-18,105.0000,105.6500,104.4900,104.5300,7721600,65.3616
2010-08-19,104.7900,106.6100,104.6400,106.1600,13128500,66.3808
2010-08-20,106.4100,106.8300,105.8400,106.0400,7040300,66.3058
2010-08-23,105.6500,106.1900,105.2500,106.0600,6360100,66.3182
2010-08-24,107.0400,108.1300,106.6700,107.7600,9812100,67.3813
2010-08-25,108.8000,109.3400,107.0700,107.4100,13299800,67.1624
2010-08-26,107.5600,108.4900,107.2900,108.4200,7039900,67.7939
2010-08-27,107.7700,108.3300,105.2000,105.3500,13514000,65.8743
2010-08-30,106.2100,107.4000,105.8200,107.3700,5535300,67.1374
2010-08-31,108.2200,108.6500,107.6200,108.5600,8397000,67.8815
2010-09-01,107.0200,107.0500,105.0900,106.0000,12480700,66.4779
2010-09-02,105.2000,105.3000,104.4000,104.8800,8167600,65.7756
2010-09-03,102.7200,103.9400,102.7000,103.5800,9210700,64.9602
2010-09-07,105.0900,105.7800,104.8100,105.7000,6018400,66.2897
2010-09-08,105.0900,105.2100,104.3600,104.8600,6698400,65.7630
2010-09-09,103.7000,103.8400,102.6400,102.7900,8588900,64.4648
2010-09-10,102.2500,102.7000,101.8500,102.3200,6910300,64.1701
2010-09-13,101.8000,103.0500,101.7700,102.8200,7054800,64.4836
2010-09-14,103.0300,103.8200,102.9700,103.8100,5978100,65.1045
2010-09-15,102.7500,103.2600,102.1400,102.2700,7919100,64.1387
2010-09-16,101.5300,101.8200,100.8500,101.2600,17116200,63.5052
2010-09-17,101.8300,102.1600,101.3200,101.6700,9203600,63.7623
2010-09-20,102.1500,102.4500,101.6900,102.2600,5277800,64.1324
2010-09-21,102.6700,104.0200,102.2600,103.6800,12664000,65.0230
2010-09-22,104.5500,105.0700,103.8500,104.6100,8229400,65.6062
2010-09-23,105.4100,105.4600,104.2400,104.9100,7412200,65.7943
2010-09-24,103.9600,104.1100,103.5000,103.5000,8942500,64.9100
2010-09-27,104.5300,105.4500,104.4800,105.3000,7061600,66.0389
2010-09-28,105.3800,106.3200,105.3400,106.0200,8262900,66.4904
2010-09-29,106.1700,106.2700,105.3500,105.5800,5507100,66.2145
2010-09-30,105.4000,105.5900,104.0300,105.5100,10618400,66.1706
2010-10-01,104.2300,105.1400,103.9800,104.6100,9368400,65.8509
2010-10-04,104.6200,104.9300,104.4100,104.8800,4422700,66.0209
2010-10-05,104.7300,104.8100,103.9300,104.2500,8491800,65.6242
2010-10-06,104.9000,106.1000,104.8600,105.5600,6476100,66.4489
2010-10-07,105.1700,105.3800,104.6700,104.6800,5780700,65.8949
2010-10-08,104.8700,105.4600,104.2200,104.2200,6128700,65.6054
2010-10-11,104.1100,104.4300,103.9400,104.2400,1474200,65.6179
2010-10-12,104.4100,104.7600,103.1800,103.2100,6122400,64.9696
2010-10-13,102.3500,103.1200,102.0400,103.0500,8168400,64.8689
2010-10-14,103.2900,103.6500,101.4700,101.5100,10945000,63.8994
2010-10-15,100.6000,101.0500,99.8900,100.2700,12694700,63.1189
2010-10-18,101.2000,101.4500,100.7800,101.0800,5592200,63.6288
2010-10-19,100.5800,102.0900,100.5500,101.6900,8017500,64.0127
2010-10-20,101.3700,102.2800,101.2100,101.9100,5515800,64.1512
2010-10-21,101.6900,101.9100,100.6900,100.7000,6836100,63.3895
2010-10-22,100.4400,101.4700,100.4100,101.3800,4770700,63.8176
2010-10-25,102.1200,102.2900,101.5500,101.6700,5632300,64.0002
2010-10-26,100.8600,101.0600,100.0500,100.1000,8432000,63.0119
2010-10-27,99.6800,100.1700,99.2200,99.2200,9245200,62.4579
2010-10-28,99.5800,99.8300,99.1600,99.4900,8052600,62.6279
2010-10-29,99.8200,100.4600,99.6200,100.4200,6753800,63.2133
2010-11-01,100.8000,100.8100,99.4900,99.6700,5921000,62.9411
2010-11-02,100.4600,101.0900,100.4200,100.9800,6537400,63.7684
2010-11-03,101.7300,102.2700,98.4300,98.9200,25541800,62.4675
2010-11-04,99.1700,99.8700,99.0800,99.6900,13246500,62.9538
2010-11-05,98.3500,98.8000,97.9800,97.9800,12435000,61.8739
2010-11-08,98.5900,98.9200,97.8200,98.4200,6795200,62.1517
2010-11-09,98.4900,98.5200,96.1900,96.2500,15061700,60.7814
2010-11-10,96.3500,96.7400,95.0000,96.3800,18540400,60.8635
2010-11-11,96.4500,96.6300,96.1400,96.3300,3368100,60.8319
2010-11-12,96.2100,96.7400,95.8100,95.8100,11739500,60.5035
2010-11-15,95.3300,95.7200,93.8100,93.8100,14978700,59.2406
2010-11-16,94.9100,96.2500,93.9900,96.1400,19901300,60.7119
2010-11-17,95.8000,96.7600,95.3400,95.6100,9915600,60.3773
2010-11-18,95.6800,96.0000,94.8000,96.0000,12424800,60.6235
2010-11-19,96.0900,96.5900,95.7900,96.5900,8359500,60.9961
2010-11-22,97.3700,97.6200,96.2400,97.0000,10413500,61.2551
2010-11-23,97.6700,97.9500,97.2400,97.4800,9566900,61.5582
2010-11-24,96.8100,96.9900,95.5800,95.7400,11467600,60.4593
2010-11-26,96.7200,97.1200,96.5500,97.0700,4848900,61.2993
2010-11-29,97.5600,97.9500,97.0900,97.9000,8950000,61.8234
2010-11-30,99.2100,99.2700,98.1100,98.4100,11947600,62.1454
2010-12-01,96.6500,97.1100,95.8900,95.8900,15441200,60.7640
2010-12-02,95.9600,96.5400,95.5300,95.6400,9318700,60.6056
2010-12-03,96.2800,96.3300,94.8500,94.8900,10194800,60.1303
2010-12-06,95.5200,96.2500,95.3100,96.2300,7001800,60.9794
2010-12-07,94.7200,94.9200,93.1600,94.1700,18533100,59.6741
2010-12-08,93.7200,93.8000,92.1100,93.2600,19275900,59.0974
2010-12-09,93.6000,94.2700,92.7300,93.7200,17477100,59.3889
2010-12-10,93.2900,93.8600,93.1400,93.1500,7078500,59.0277
2010-12-13,93.0500,94.0300,92.5600,93.5000,12399900,59.2495
2010-12-14,92.4000,93.0200,91.4400,92.1400,23516400,58.3877
2010-12-15,92.0800,92.2400,90.4700,90.9400,26084000,57.6272
2010-12-16,91.0300,91.5800,90.5700,91.5700,17939000,58.0265
2010-12-17,91.8800,93.7700,91.8600,93.2400,16849700,59.0847
2010-12-20,93.7500,94.2300,92.6400,93.1400,13703500,59.0213
2010-12-21,93.1300,93.7900,92.4900,93.7900,8985100,59.4333
2010-12-22,93.4700,93.5500,92.9300,93.1200,6440900,59.0087
2010-12-23,93.1800,93.2300,92.5300,92.9300,7091800,58.8883
2010-12-27,92.7600,93.8800,92.3000,93.7600,5285900,59.4142
2010-12-28,92.9300,93.0700,91.3100,91.6100,13972100,58.2507
2010-12-29,91.7600,93.5200,91.4700,93.1600,13115400,59.2362
2010-12-30,92.8800,93.2800,92.4100,93.0900,7029900,59.1917
2010-12-31,93.5100,94.7000,93.4400,94.1200,8516000,59.8466
2011-01-03,93.2000,94.3100,92.9500,93.4100,13799400,59.3952
2011-01-04,93.4100,93.7700,92.9100,93.5200,10466900,59.4651
2011-01-05,92.4900,92.6900,91.1900,91.4600,17568000,58.1553
2011-01-06,91.5400,92.1200,91.1600,91.8600,9317500,58.4096
2011-01-07,91.5100,92.6300,91.0300,92.3500,12694600,58.7212
2011-01-10,92.5800,92.9900,92.1800,92.8500,8295200,59.0391
2011-01-11,92.4900,92.6000,91.6900,92.3300,9495400,58.7085
2011-01-12,91.7400,92.1700,91.4500,91.6100,9522900,58.2507
2011-01-13,91.6200,92.7700,91.4500,92.4300,14502400,58.7720
2011-01-14,92.7800,92.9000,91.7600,91.8400,8960700,58.3969
2011-01-18,91.2900,91.7100,90.7300,91.4100,10663600,58.1234
2011-01-19,91.4100,92.0700,91.3600,92.0700,8886900,58.5432
2011-01-20,91.5000,91.6100,90.3900,90.8000,14203400,57.7356
2011-01-21,90.6900,91.5200,90.5100,91.5200,9085600,58.1934
2011-01-24,91.8700,91.9000,91.3800,91.5600,7700200,58.2189
2011-01-25,91.9400,92.9000,91.3200,92.4300,13438100,58.7720
2011-01-26,92.2200,92.2600,90.8900,91.0300,13322900,57.8818
2011-01-27,91.0700,91.6500,90.6700,91.4400,10868700,58.1426
2011-01-28,90.8100,92.2800,90.7700,91.9200,11993200,58.4478
2011-01-31,91.6600,91.9800,91.0500,91.2200,8647600,58.0027
2011-02-01,90.5500,90.8400,90.1400,90.4500,11508400,57.7155
2011-02-02,90.9000,91.0000,89.9000,90.4700,13624600,57.7283
2011-02-03,89.9600,90.5700,89.7100,89.7200,12785800,57.2497
2011-02-04,89.5000,89.6500,88.7700,88.8100,17172200,56.6690
2011-02-07,88.7000,89.3000,88.5700,89.2700,8554800,56.9626
2011-02-08,89.3100,89.5400,88.3600,88.4500,10454200,56.4393
2011-02-09,88.6900,89.6600,88.1400,89.2200,13078600,56.9307
2011-02-10,88.9000,89.1400,88.1800,88.1900,10486800,56.2734
2011-02-11,89.0300,89.5300,88.7400,89.4600,11333400,57.0838
2011-02-14,89.3100,89.9300,89.3100,89.5200,8033500,57.1221
2011-02-15,89.5600,89.9700,89.3700,89.9200,7298000,57.3773
2011-02-16,89.8700,90.3200,89.3400,89.6300,8446300,57.1922
2011-02-17,90.0200,90.1800,89.6600,89.7700,6732500,57.2816
2011-02-18,89.4200,89.5500,89.0800,89.4900,6080700,57.1029
2011-02-22,89.9100,90.9400,89.7100,90.8300,11905700,57.9580
2011-02-23,91.1000,91.5500,90.7400,91.1600,14522600,58.1686
2011-02-24,91.6300,92.0400,91.4400,91.7400,12110900,58.5386
2011-02-25,91.7400,92.2800,91.6400,92.2800,6841700,58.8832
2011-02-28,92.3000,92.5200,92.0800,92.4000,9682500,58.9599
2011-03-01,91.5200,92.4000,91.4700,92.3700,8048700,59.1307
2011-03-02,91.8400,91.9900,90.9400,90.9500,8526400,58.2217
2011-03-03,90.5300,90.7800,89.9800,90.0600,10607600,57.6520
2011-03-04,90.1000,90.8500,90.0000,90.8100,9316200,58.1321
2011-03-07,90.0200,90.8600,89.8500,90.2300,7522300,57.7608
2011-03-08,90.1100,90.3400,89.6500,89.6800,8498700,57.4087
2011-03-09,90.0900,90.8200,89.8500,90.5500,8904800,57.9657
2011-03-10,90.8700,92.1000,90.6400,92.0700,13385800,58.9387
2011-03-11,92.0400,92.0800,91.3300,91.5500,8407600,58.6058
2011-03-14,91.4800,91.9200,91.3200,91.5100,6765200,58.5802
2011-03-15,92.8000,93.0500,92.3600,92.8800,14893800,59.4572
2011-03-16,93.3700,94.9400,93.0800,93.9300,24294200,60.1293
2011-03-17,93.2400,93.6100,92.7600,93.2100,10528500,59.6685
2011-03-18,92.7500,93.4800,92.6900,93.4600,7260900,59.8285
2011-03-21,93.1300,93.1800,92.5700,92.9100,10542900,59.4764
2011-03-22,92.8100,93.2900,92.7400,93.2200,6904700,59.6748
2011-03-23,93.8500,93.8800,92.9300,93.1000,8358000,59.5981
2011-03-24,92.7600,92.8800,92.3900,92.4000,9477600,59.1500
2011-03-25,92.8600,92.9600,92.0200,92.1700,6447200,59.0027
2011-03-28,92.1200,92.6700,92.0000,92.3000,3996800,59.0859
2011-03-29,91.9800,92.5000,91.5700,91.5900,6487200,58.6314
2011-03-30,91.7200,92.3200,91.5600,92.3200,5048300,59.0987
2011-03-31,92.6700,92.7200,91.6100,92.1300,9654300,58.9771
2011-04-01,91.5000,92.2700,91.4200,92.1900,7860400,59.2638
2011-04-04,92.2000,92.5800,92.1300,92.2900,4469100,59.3281
2011-04-05,92.1600,92.3800,91.6700,91.9200,9951600,59.0902
2011-04-06,91.7700,91.7900,90.5400,90.5400,9090900,58.2031
2011-04-07,90.5300,90.7600,90.1300,90.3600,9265100,58.0874
2011-04-08,89.9300,90.3200,89.8500,89.8800,7605700,57.7789
2011-04-11,89.8300,90.2200,89.6500,89.9600,5734000,57.8302
2011-04-12,90.6100,91.2400,90.5600,90.9300,7686500,58.4538
2011-04-13,90.5400,91.5000,90.4400,91.5000,7959300,58.8202
2011-04-14,91.5400,91.7700,91.2200,91.4300,7609600,58.7752
2011-04-15,92.2600,92.7100,92.0700,92.6700,10222900,59.5723
2011-04-18,91.9900,93.1000,91.4500,92.8800,12036700,59.7073
2011-04-19,92.8600,93.2800,92.7600,93.2800,5295100,59.9645
2011-04-20,93.0700,93.2600,92.6100,92.6800,6754100,59.5787
2011-04-21,92.8900,93.2300,92.5600,92.6000,3365600,59.5274
2011-04-25,92.6300,92.9700,92.5000,92.9500,3626900,59.7523
2011-04-26,93.2700,93.8700,93.1800,93.8500,7506300,60.3309
2011-04-27,93.4400,93.5700,92.7500,92.8900,8869300,59.7138
2011-04-28,93.2200,93.6000,92.9700,93.6000,8110200,60.1702
2011-04-29,93.4700,93.9200,93.3500,93.8900,5900000,60.3566
2011-05-02,93.3200,93.6800,93.1700,93.6400,5285100,60.4535
2011-05-03,93.9600,94.1700,93.5800,94.1700,6486600,60.7956
2011-05-04,94.3100,94.7200,94.2700,94.5900,7406300,61.0668
2011-05-05,94.9200,95.6300,94.8100,95.4900,9600000,61.6478
2011-05-06,94.5100,95.4900,94.3500,95.0700,9451500,61.3767
2011-05-09,94.9000,95.2000,94.8400,94.9700,3731200,61.3121
2011-05-10,94.7000,94.8900,94.2900,94.2900,5458300,60.8731
2011-05-11,94.3200,95.0900,94.1800,94.8300,6078700,61.2217
2011-05-12,94.9500,95.1100,93.9100,94.2300,8015800,60.8344
2011-05-13,94.6500,95.4900,94.5300,95.0800,8380000,61.3831
2011-05-16,95.0300,95.7900,94.7600,95.6100,6053600,61.7253
2011-05-17,96.0300,96.6000,95.9800,96.5900,9826900,62.3580
2011-05-18,96.2700,96.3900,95.2800,95.3100,7707600,61.5317
2011-05-19,94.4600,95.3200,94.4600,95.2700,8052400,61.5058
2011-05-20,95.0200,95.4100,94.7200,95.3200,5602300,61.5381
2011-05-23,95.7300,96.1900,95.5900,95.7800,6300000,61.8350
2011-05-24,95.6400,96.1400,95.4600,96.1400,5549100,62.0674
2011-05-25,96.1500,96.2800,95.5400,95.6900,5664500,61.7770
2011-05-26,95.9700,96.5500,95.8900,96.5100,8307900,62.3063
2011-05-27,96.1300,96.5100,95.8800,96.4700,5390600,62.2805
2011-05-31,96.1800,96.7600,96.0900,96.6900,7003900,62.4225
2011-06-01,96.9200,97.7200,96.8900,97.6400,12746400,63.2662
2011-06-02,96.4900,96.9100,95.7800,95.7800,15738700,62.0610
2011-06-03,96.5800,96.6000,95.5700,96.3300,10644100,62.4174
2011-06-06,95.4700,95.9900,95.2100,95.6000,8776900,61.9444
2011-06-07,95.2300,96.0600,95.1200,96.0400,7399200,62.2294
2011-06-08,96.2600,96.8400,96.1700,96.7900,7401800,62.7154
2011-06-09,97.1000,97.3300,95.9300,96.4000,9963000,62.4627
2011-06-10,96.9100,97.3900,96.8000,97.1400,7710800,62.9422
2011-06-13,96.7400,97.2900,96.6400,96.6500,5540000,62.6247
2011-06-14,95.7400,95.9000,95.1300,95.1900,8672400,61.6787
2011-06-15,95.3800,96.9400,95.3700,96.9200,12979100,62.7996
2011-06-16,97.1000,97.5300,96.8000,97.3600,10961200,63.0847
2011-06-17,96.8600,97.1500,96.6400,96.9000,9622900,62.7867
2011-06-20,97.3300,97.3600,96.5900,97.0200,6613800,62.8645
2011-06-21,96.7000,97.0300,96.2700,96.5900,7894900,62.5858
2011-06-22,96.9600,97.0600,96.4100,96.6500,5503700,62.6247
2011-06-23,97.2400,97.7400,97.1500,97.3900,8586800,63.1042
2011-06-24,97.3600,97.6900,96.9800,96.9800,7960900,62.8385
2011-06-27,96.8500,96.8700,95.5500,95.6500,9331300,61.9767
2011-06-28,95.4800,95.6800,94.7200,94.8800,12634300,61.4778
2011-06-29,94.9500,95.2000,94.0200,94.2500,11084900,61.0696
2011-06-30,94.2300,94.3100,93.1400,94.1000,11555600,60.9724
2011-07-01,94.1300,94.2300,93.3600,93.6300,6637200,60.8749
2011-07-05,94.0400,94.1700,93.6900,93.8400,4615600,61.0114
2011-07-06,94.1900,94.4500,93.8400,94.3200,5652700,61.3235
2011-07-07,93.8300,94.1400,93.5500,94.0400,6823700,61.1415
2011-07-08,94.8400,95.6100,94.8300,95.3700,12129300,62.0062
2011-07-11,96.0400,96.8000,95.7500,96.8000,9760800,62.9359
2011-07-12,97.3000,97.3100,96.5600,97.1300,9083900,63.1505
2011-07-13,96.7100,97.4300,96.1100,97.4000,13112200,63.3260
2011-07-14,96.6200,97.9000,96.0100,96.0100,11471500,62.4223
2011-07-15,95.2900,96.2000,95.2400,96.1700,7086200,62.5263
2011-07-18,96.0600,96.1700,95.2000,95.2400,8206500,61.9216
2011-07-19,95.3200,97.2700,95.1700,97.2200,15249400,63.2090
2011-07-20,96.7200,96.8400,95.8700,96.0700,9673300,62.4613
2011-07-21,95.2400,95.8600,94.9000,95.3300,11099200,61.9802
2011-07-22,95.6900,96.0900,95.5300,96.0500,4974500,62.4483
2011-07-25,94.9700,96.0500,94.8300,95.0000,10869400,61.7656
2011-07-26,95.3000,95.8700,95.2400,95.6500,7682800,62.1882
2011-07-27,95.3400,95.8400,95.1000,95.6600,11224200,62.1947
2011-07-28,96.1100,96.3100,95.7100,96.0200,7081600,62.4288
2011-07-29,96.8900,98.5300,96.7800,97.9200,19582400,63.6640
2011-08-01,97.3900,98.9400,97.3500,98.5800,14348200,64.3066
2011-08-02,99.2200,101.5700,98.8900,101.5400,20850600,66.2376
2011-08-03,101.5700,103.4200,101.3600,101.7400,21179700,66.3680
2011-08-04,102.3800,105.5500,102.2700,105.3600,34076600,68.7294
2011-08-05,103.4400,105.5000,102.2800,102.3200,41677700,66.7464
2011-08-08,103.1800,105.7900,102.9500,105.5500,38259500,68.8533
2011-08-09,105.0100,109.3700,103.0000,105.8700,39881400,69.0621
2011-08-10,107.6300,109.0700,106.9400,109.0200,46221000,71.1170
2011-08-11,107.3400,107.8100,103.2000,103.5200,37790100,67.5291
2011-08-12,104.4400,105.6600,104.0700,105.5700,15590800,68.8664
2011-08-15,104.9400,105.4800,104.4700,104.5000,10051700,68.1684
2011-08-16,104.6600,106.6400,104.6300,106.2300,15993200,69.2969
2011-08-17,106.3200,108.1000,105.7700,108.0900,15906600,70.5103
2011-08-18,110.0900,112.1400,109.2800,110.3100,27274600,71.9585
2011-08-19,110.6500,111.4100,110.2300,111.2000,15708400,72.5390
2011-08-22,110.4600,111.2600,110.3900,110.9200,13157700,72.3564
2011-08-23,109.7600,111.1700,109.3500,109.3900,16017800,71.3583
2011-08-24,109.2900,109.4100,106.1500,106.2800,14621600,69.3296
2011-08-25,106.6900,107.9000,106.3600,107.4300,10565900,70.0797
2011-08-26,108.6900,109.2700,107.3300,108.4900,11504800,70.7712
2011-08-29,106.7000,107.4000,106.6000,106.9900,6764300,69.7927
2011-08-30,108.4300,109.1500,108.2500,108.7100,9508700,70.9147
2011-08-31,108.8100,108.9600,107.0300,107.0300,12186000,69.8188
2011-09-01,107.4700,108.9800,106.0800,108.9700,10686600,71.2988
2011-09-02,111.3900,112.5800,110.6600,112.5100,16557100,73.6151
2011-09-06,114.4200,114.9300,113.3900,113.6800,14016200,74.3805
2011-09-07,112.2800,112.3700,111.3100,111.5100,11524300,72.9607
2011-09-08,112.3000,112.6300,111.3400,112.5100,11480900,73.6151
2011-09-09,112.5400,114.1800,112.2100,113.7100,11492700,74.4002
2011-09-12,113.5700,114.2500,113.1000,113.8300,7602200,74.4787
2011-09-13,113.4000,113.5900,112.1100,112.2100,9282400,73.4188
2011-09-14,111.9700,113.3500,111.8200,113.1600,11948500,74.0403
2011-09-15,111.9800,112.4900,111.4300,111.4300,8884000,72.9084
2011-09-16,111.3100,112.5900,111.2500,112.2400,10053500,73.4383
2011-09-19,114.2000,115.1900,114.1200,114.3800,13033500,74.8386
2011-09-20,114.3700,114.8700,114.0500,114.8600,6360600,75.1526
2011-09-21,114.6300,118.7900,114.2000,118.6600,18687100,77.6390
2011-09-22,121.4100,123.8700,121.2300,123.1200,25041400,80.5572
2011-09-23,123.1200,123.3600,120.8300,120.8300,15173800,79.0588
2011-09-26,120.1200,120.5700,118.5800,118.8900,15110100,77.7895
2011-09-27,116.7500,117.3000,116.2600,117.0700,13589600,76.5986
2011-09-28,116.9000,117.1100,115.7600,117.0300,12642600,76.5724
2011-09-29,117.6100,118.8200,117.0900,117.8400,12341800,77.1025
2011-09-30,120.0200,120.9100,118.9900,120.8000,13546400,79.0392
2011-10-03,121.8800,123.8100,121.1100,123.8100,15882000,81.2144
2011-10-04,124.3700,125.0300,122.1800,122.2400,17301400,80.1845
2011-10-05,121.6600,121.7800,120.6600,121.3600,14275000,79.6072
2011-10-06,120.6400,121.0100,119.1200,119.1200,9681600,78.1379
2011-10-07,117.7500,119.0500,116.8500,118.2400,11564600,77.5606
2011-10-10,116.8200,116.9100,115.8000,116.5700,3567600,76.4652
2011-10-11,117.2900,117.3600,115.9000,116.1800,7520200,76.2094
2011-10-12,114.7000,115.1200,113.4800,114.4900,14033400,75.1008
2011-10-13,115.0300,116.5500,114.9600,115.6300,11263300,75.8486
2011-10-14,113.8800,114.6100,113.6100,113.9500,8411000,74.7466
2011-10-17,114.3000,115.9700,114.2200,115.9200,9664000,76.0388
2011-10-18,116.1400,116.8200,114.3000,115.2000,12495600,75.5665
2011-10-19,114.5400,115.7400,114.1600,115.1600,6629300,75.5403
2011-10-20,114.4600,115.6700,114.0700,114.3400,7832100,75.0024
2011-10-21,113.8600,114.2000,113.1300,113.1300,9906300,74.2087
2011-10-24,113.9300,114.0800,113.0500,113.3200,6344500,74.3333
2011-10-25,113.3800,116.3500,113.3500,116.2000,11791200,76.2225
2011-10-26,115.3900,116.2100,114.0700,114.1700,12747000,74.8909
2011-10-27,112.5200,112.8500,109.8200,110.3000,19471400,72.3524
2011-10-28,110.9000,111.9600,110.7600,111.4600,10127900,73.1132
2011-10-31,113.6100,115.8800,113.4600,115.8800,15242100,76.0126
2011-11-01,118.7100,119.4900,117.1700,119.4500,24400600,78.5570
2011-11-02,116.6300,118.3600,116.4200,117.9600,13181100,77.5772
2011-11-03,116.3400,117.3500,115.9900,116.3400,8386700,76.5117
2011-11-04,115.7200,117.0500,115.5300,116.4800,7583700,76.6038
2011-11-07,116.6400,118.3500,116.3200,117.2200,9279700,77.0905
2011-11-08,116.7500,117.5400,115.5000,115.7200,7539400,76.1040
2011-11-09,118.2600,119.1300,117.0700,118.1200,13004500,77.6824
2011-11-10,116.7800,117.6100,115.2100,116.3600,11644600,76.5249
2011-11-11,115.8300,116.1700,115.5000,115.6500,2483900,76.0580
2011-11-14,116.3900,117.6000,116.2100,117.5100,9252600,77.2812
2011-11-15,117.7000,118.4600,116.7200,117.3500,7587500,77.1760
2011-11-16,117.9600,118.4300,117.1800,118.4200,7470000,77.8796
2011-11-17,118.0400,120.1600,118.0400,119.3700,9907900,78.5045
2011-11-18,119.1800,119.5500,118.3200,119.3400,6792600,78.4847
2011-11-21,120.3800,120.7300,119.9100,120.0500,7345600,78.9516
2011-11-22,120.3500,121.4100,119.8500,121.3900,7866300,79.8329
2011-11-23,121.1600,123.0500,121.0300,122.5800,10129300,80.6155
2011-11-25,121.8000,121.8700,120.7400,120.8000,4311900,79.4449
2011-11-28,118.6300,121.1500,118.5800,120.7400,7661900,79.4054
2011-11-29,120.0300,120.9200,119.0800,119.7500,8952800,78.7543
2011-11-30,118.3400,118.5600,117.2600,117.8800,11806800,77.5245
2011-12-01,116.2900,117.2400,115.8000,117.0000,9647200,77.1355
2011-12-02,116.6200,118.6800,116.5600,118.6400,7764900,78.2168
2011-12-05,117.0000,118.8300,116.8800,118.4000,7862800,78.0585
2011-12-06,117.8100,118.2900,116.7700,117.2700,8506300,77.3136
2011-12-07,117.3300,118.2400,116.8500,117.6900,6588300,77.5905
2011-12-08,117.7200,119.3300,117.4100,119.1600,8800500,78.5596
2011-12-09,119.0700,119.1300,116.6300,116.7100,9855100,76.9444
2011-12-12,117.9100,118.4900,117.6100,118.0100,5734600,77.8014
2011-12-13,117.2800,119.6300,117.1600,119.1100,8901800,78.5266
2011-12-14,119.7900,121.3900,119.4900,121.3600,11247700,80.0100
2011-12-15,120.6600,121.3200,120.3700,120.9100,5438700,79.7133
2011-12-16,121.3800,122.6200,121.2900,122.3200,9321900,80.6429
2011-12-19,122.3200,124.0200,122.2600,123.8700,7845100,81.6648
2011-12-20,122.6600,122.6700,120.6100,120.7800,13945400,79.6276
2011-12-21,120.6300,120.8300,119.0700,119.1000,11600100,78.5200
2011-12-22,120.0000,120.4200,119.3500,119.6000,5247400,78.8497
2011-12-23,118.5600,118.7100,117.7400,118.2700,5409700,77.9728
2011-12-27,117.9400,118.4500,117.6200,118.4500,4270300,78.3432
2011-12-28,118.7400,121.0500,118.4500,120.6400,8302300,79.7917
2011-12-29,120.4800,121.0900,120.0600,120.8600,4305000,79.9372
2011-12-30,121.1100,121.7600,120.8900,121.2500,5948800,80.1952
2012-01-03,119.4200,120.2000,118.9300,119.4300,9076900,78.9914
2012-01-04,119.2600,119.2800,117.6800,118.0100,8417100,78.0522
2012-01-05,118.1700,119.1000,117.5700,117.8000,6465800,77.9133
2012-01-06,117.7500,118.9600,117.7100,118.7300,7348500,78.5285
2012-01-09,118.4700,119.5400,118.3000,118.5200,5582400,78.3895
2012-01-10,117.7300,118.8700,117.6800,118.3200,8932500,78.2572
2012-01-11,119.0400,120.0600,118.9800,119.8600,8634500,79.2758
2012-01-12,119.9500,120.1900,119.2400,119.6900,7205400,79.1634
2012-01-13,121.1000,121.6400,120.8100,120.8800,9819000,79.9505
2012-01-17,120.9500,121.6300,120.8300,121.4400,5449900,80.3208
2012-01-18,121.5300,121.6100,119.9100,119.9700,5804000,79.3485
2012-01-19,119.3300,119.5600,117.9200,118.3200,8625700,78.2572
2012-01-20,117.7100,117.9600,116.9700,116.9800,6548200,77.3709
2012-01-23,116.1300,116.6400,115.5500,116.2400,7274800,76.8815
2012-01-24,116.7100,116.7100,115.7800,116.4500,5776500,77.0204
2012-01-25,116.0600,118.5300,115.8900,116.1700,12867600,76.8353
2012-01-26,116.6500,117.7100,116.5900,117.7100,7638500,77.8538
2012-01-27,117.8300,118.3300,117.0100,118.0800,5165300,78.0985
2012-01-30,119.8400,120.3900,119.3400,119.4700,8388400,79.0179
2012-01-31,119.2600,120.9100,119.1900,120.8500,7998300,79.9306
2012-02-01,119.7500,119.9000,118.8100,119.1800,7925200,79.0150
2012-02-02,118.9600,119.4800,118.6400,119.1300,5596900,78.9819
2012-02-03,116.4600,116.8000,115.9700,116.5700,12467400,77.2846
2012-02-06,116.6900,117.8000,116.3400,117.7300,6180600,78.0537
2012-02-07,116.6200,116.8800,115.7700,116.2700,8794800,77.0857
2012-02-08,116.2000,116.7900,115.9800,116.3600,7613400,77.1454
2012-02-09,115.8600,116.0400,114.6200,115.4900,11477700,76.5686
2012-02-10,116.8000,117.3300,116.5200,116.9900,7193100,77.5631
2012-02-13,116.6000,117.3700,116.4300,117.1400,6422900,77.6625
2012-02-14,117.4400,118.2800,117.2300,117.7600,8271200,78.0735
2012-02-15,117.6600,118.2700,117.4900,117.5500,6846100,77.9343
2012-02-16,117.2700,117.6000,116.1300,116.6100,9036200,77.3111
2012-02-17,115.8600,116.6100,115.7600,116.5800,6338000,77.2912
2012-02-21,115.7700,115.9200,114.9500,115.2900,8338300,76.4360
2012-02-22,115.8900,116.7600,115.8100,116.7400,7736800,77.3973
2012-02-23,116.1400,117.2200,115.9300,116.7400,5163900,77.3973
2012-02-24,117.2300,117.5800,116.9500,117.5000,5676900,77.9012
2012-02-27,118.5000,118.8500,118.1200,118.5400,8180700,78.5907
2012-02-28,118.8700,119.1400,117.9400,118.1500,6615700,78.3321
2012-02-29,118.3700,118.4200,116.9600,117.4300,14235000,77.8548
2012-03-01,116.1700,116.6800,115.5400,116.0600,12265600,77.1218
2012-03-02,116.6000,117.4800,116.5500,117.1500,6669600,77.8461
2012-03-05,116.9600,117.4400,116.2200,116.2200,6921900,77.2281
2012-03-06,117.4500,118.1100,117.4400,117.6300,6299700,78.1651
2012-03-07,117.4600,117.6100,116.8100,116.9100,5567500,77.6867
2012-03-08,116.3200,116.5700,115.6400,115.7400,7982100,76.9092
2012-03-09,115.4900,115.9900,114.9000,115.9700,6975600,77.0620
2012-03-12,116.3200,116.5200,115.8700,115.9500,5280000,77.0487
2012-03-13,115.2700,115.4100,113.8900,113.9100,14413600,75.6932
2012-03-14,112.7000,112.7500,110.9500,111.0400,24515300,73.7860
2012-03-15,110.9000,111.7400,110.8800,111.2100,14154000,73.8990
2012-03-16,110.5000,111.4400,110.2000,111.4300,13427200,74.0452
2012-03-19,111.3600,111.4800,109.6900,110.1000,14011400,73.1614
2012-03-20,110.4300,110.8700,109.8500,110.5400,9443800,73.4538
2012-03-21,110.8600,111.8900,110.8100,111.7900,10242000,74.2844
2012-03-22,112.2900,112.3700,111.8700,112.1500,8009800,74.5237
2012-03-23,112.6900,113.3900,112.6600,113.2100,8465300,75.2281
2012-03-26,112.8300,113.0100,111.8000,112.6300,8118600,74.8426
2012-03-27,112.7800,113.7000,112.7000,113.4400,6972300,75.3808
2012-03-28,112.9200,113.9400,112.8500,113.2800,7886000,75.2745
2012-03-29,114.0200,114.1900,113.5800,114.1300,7692900,75.8394
2012-03-30,114.2100,114.2700,112.1900,112.2000,9467500,74.5569
2012-04-02,113.0000,113.3000,112.2000,112.5300,8944000,74.9699
2012-04-03,113.0100,113.4400,110.5700,110.5800,14774300,73.6708
2012-04-04,111.7700,112.1200,111.4100,112.1000,10095600,74.6834
2012-04-05,113.0000,113.0700,112.3300,112.9100,6364100,75.2231
2012-04-09,115.5400,115.7700,115.2400,115.5500,14374600,76.9819
2012-04-10,115.9500,117.2900,115.7800,116.8600,14421300,77.8547
2012-04-11,115.7100,116.0600,115.3500,115.4600,8713000,76.9219
2012-04-12,115.6700,115.7500,114.8200,114.9800,9008500,76.6021
2012-04-13,116.1500,116.9000,116.1200,116.8400,8607700,77.8414
2012-04-16,116.7000,117.6000,116.5700,116.6700,7735000,77.7281
2012-04-17,116.5300,116.8300,116.2500,116.6000,5398600,77.6815
2012-04-18,117.0500,117.1200,116.7300,116.9400,4074400,77.9080
2012-04-19,117.2500,117.4700,117.0200,117.0500,5374300,77.9813
2012-04-20,116.5600,117.1300,116.3300,117.0700,5043300,77.9945
2012-04-23,118.1100,118.4100,117.7900,117.9200,5170100,78.5608
2012-04-24,117.6100,117.7600,117.0800,117.0900,4336600,78.0079
2012-04-25,116.4100,117.3200,115.6900,116.4900,8859500,77.6082
2012-04-26,117.4200,117.4600,116.5900,117.1900,5133000,78.0745
2012-04-27,117.0200,117.3600,116.7900,117.2900,3112900,78.1412
2012-04-30,117.5700,117.7500,117.1900,117.3200,4198400,78.1611
2012-05-01,117.4300,117.6200,116.0700,116.4300,7214300,77.7557
2012-05-02,117.2200,117.3200,116.8000,117.2500,3565700,78.3034
2012-05-03,116.6400,117.3700,116.5600,117.2200,3522900,78.2834
2012-05-04,117.4800,118.1900,117.4000,118.1400,6367300,78.8977
2012-05-07,118.3200,118.4600,118.0200,118.1600,3228200,78.9111
2012-05-08,118.6900,119.5100,118.6600,118.7900,6051600,79.3318
2012-05-09,119.4500,119.5700,118.4400,118.8700,5828900,79.3853
2012-05-10,118.0200,118.6200,117.4400,118.5200,6300000,79.1515
2012-05-11,119.4900,119.6000,118.9600,119.5000,5234300,79.8060
2012-05-14,120.8700,121.3000,120.6000,121.1700,8789400,80.9213
2012-05-15,121.0900,121.7300,120.8200,121.6600,6766400,81.2485
2012-05-16,120.9800,122.1800,120.7200,122.0100,6462300,81.4823
2012-05-17,122.0300,124.2800,122.0200,124.1700,14863400,82.9248
2012-05-18,123.2700,124.4400,123.1100,124.2000,10137700,82.9448
2012-05-21,123.9000,124.4500,123.6200,123.9400,9583500,82.7712
2012-05-22,122.7500,122.8800,122.0600,122.5600,12475500,81.8496
2012-05-23,123.5500,124.5200,123.3600,123.4100,11744900,82.4172
2012-05-24,123.2300,123.7900,122.7500,122.9400,10256200,82.1034
2012-05-25,123.4300,123.5400,123.1400,123.4000,4723600,82.4105
2012-05-29,123.3900,123.8100,123.0000,123.0200,5874100,82.1568
2012-05-30,125.3200,126.3200,125.3000,126.1400,17170800,84.2404
2012-05-31,127.0300,129.0800,126.6700,127.6000,31174500,85.2154
2012-06-01,128.8700,130.3800,128.5300,130.3600,23526000,87.2384
2012-06-04,129.3100,130.1800,128.9400,129.3300,11681200,86.5492
2012-06-05,128.5300,128.6400,127.5900,127.6000,12482800,85.3914
2012-06-06,127.5600,127.6000,125.0500,125.0500,20806700,83.6849
2012-06-07,124.6500,125.7400,124.3900,125.2400,18898200,83.8121
2012-06-08,126.7500,126.9500,124.5700,125.2100,11239600,83.7920
2012-06-11,124.7900,126.2100,124.7700,125.7800,10693800,84.1735
2012-06-12,124.9700,125.6300,124.5000,124.6300,10921700,83.4039
2012-06-13,124.8500,126.2800,124.3800,125.8600,11100000,84.2270
2012-06-14,125.9500,126.2800,125.1900,125.7000,7688200,84.1199
2012-06-15,126.5800,126.8500,126.1400,126.4000,6421400,84.5884
2012-06-18,127.1500,127.3400,126.2600,127.0800,6698400,85.0434
2012-06-19,126.2800,126.3700,125.3300,125.4200,8227900,83.9326
2012-06-20,124.5700,126.5100,124.0900,126.0400,13720300,84.3475
2012-06-21,125.9500,127.2500,125.8900,126.7100,9776600,84.7958
2012-06-22,125.9000,126.2200,125.0100,125.0200,7830400,83.6649
2012-06-25,126.3600,127.0200,126.2700,126.8400,6113800,84.8828
2012-06-26,126.1100,126.9500,125.9400,126.3400,5359700,84.5482
2012-06-27,126.5600,126.7900,126.0300,126.5400,5860700,84.6821
2012-06-28,127.3000,127.4800,126.7900,126.8500,5257800,84.8895
2012-06-29,125.0300,125.6300,124.6300,125.2000,8881900,83.7853
2012-07-02,125.4500,127.2100,125.3700,126.2200,7818500,84.6498
2012-07-03,125.9500,126.0000,125.2100,125.2500,5773100,83.9993
2012-07-05,125.3500,126.3200,125.2500,125.8900,5974700,84.4285
2012-07-06,126.6700,127.2100,126.6100,127.0600,5818300,85.2132
2012-07-09,127.3800,128.2600,127.1100,128.1800,5647000,85.9643
2012-07-10,127.8600,128.7400,127.7200,128.4400,4288000,86.1387
2012-07-11,128.5900,129.4700,128.2600,128.6000,5960900,86.2459
2012-07-12,129.0500,129.5600,128.9000,129.5100,6421000,86.8563
2012-07-13,129.2300,129.2400,128.6000,129.1700,4175300,86.6282
2012-07-16,130.3000,130.6100,129.6100,129.7700,5283500,87.0306
2012-07-17,129.2600,129.8200,128.6400,128.7500,5590900,86.3466
2012-07-18,129.2600,129.3400,128.7900,128.8200,4011000,86.3935
2012-07-19,128.4600,129.1000,128.1100,128.4900,5246300,86.1722
2012-07-20,129.6000,130.3000,129.4200,130.0600,6365900,87.2251
2012-07-23,131.3100,131.4400,130.5100,130.7900,6141100,87.7147
2012-07-24,130.3500,132.0400,130.2800,131.8200,6748800,88.4055
2012-07-25,131.6300,132.2100,131.4800,132.1600,5328000,88.6335
2012-07-26,131.5300,131.7800,130.9000,130.9500,6606200,87.8220
2012-07-27,129.8900,130.0100,126.9600,128.4800,14685100,86.1655
2012-07-30,128.3900,129.4800,128.2500,129.4400,6025300,86.8093
2012-07-31,129.8100,129.8800,128.5800,129.7000,7448600,86.9837
2012-08-01,128.5300,129.7400,128.1500,128.7800,7972000,86.5488
2012-08-02,129.5900,130.6900,129.1300,129.5100,7972000,87.0395
2012-08-03,127.8400,128.0300,126.7700,127.4200,9084800,85.6349
2012-08-06,127.6700,128.1400,127.3700,127.4700,3673600,85.6684
2012-08-07,125.9600,126.1300,125.4300,125.8300,6613600,84.5663
2012-08-08,126.1600,126.3900,125.0400,125.1600,7250700,84.1160
2012-08-09,124.7700,125.3000,123.7500,125.0700,7553500,84.0555
2012-08-10,126.2000,126.3200,125.6000,125.7000,4670500,84.4789
2012-08-13,126.1100,126.3800,125.4900,125.4900,3543700,84.3378
2012-08-14,123.9600,124.4100,123.7500,123.7900,7994000,83.1952
2012-08-15,123.0200,123.2000,121.9000,122.0500,11191000,82.0258
2012-08-16,122.2100,122.5000,120.5200,121.0100,13240000,81.3269
2012-08-17,121.4000,122.1200,121.3200,121.6000,6341100,81.7234
2012-08-20,121.5500,122.1900,121.5000,121.8500,4427100,81.8915
2012-08-21,121.4700,122.4500,120.6600,122.3900,9532700,82.2544
2012-08-22,123.5200,124.5100,123.2100,124.4100,11384400,83.6119
2012-08-23,124.7400,125.1400,124.6500,124.9300,7139100,83.9614
2012-08-24,125.4700,125.5600,124.6700,124.8100,5001400,83.8808
2012-08-27,125.3400,125.8000,125.2700,125.5400,3906100,84.3714
2012-08-28,125.7500,126.3600,125.5900,125.8400,3412600,84.5730
2012-08-29,125.6100,125.6300,124.9500,125.2900,3762700,84.2033
2012-08-30,126.2700,126.4400,125.7300,125.9400,3886400,84.6402
2012-08-31,125.7800,127.7200,125.7300,127.7200,9192600,85.8365
2012-09-04,126.9200,127.6300,126.7600,127.3200,6009300,85.7502
2012-09-05,126.8200,127.1900,126.5500,126.7200,3466700,85.3462
2012-09-06,125.5300,125.5300,124.5500,124.6100,6505100,83.9251
2012-09-07,126.1400,126.1800,123.9200,124.0300,7335300,83.5344
2012-09-10,123.6900,124.3300,123.5100,124.3300,4912100,83.7365
2012-09-11,124.0200,124.1000,123.2900,123.5500,3523300,83.2112
2012-09-12,122.2200,122.4100,121.6800,122.0100,7040900,82.1740
2012-09-13,122.3900,123.0900,120.2700,121.5300,12280200,81.8507
2012-09-14,119.7600,119.8500,118.0500,118.3000,16871600,79.6753
2012-09-17,118.8700,119.9000,118.8000,119.7200,5573300,80.6316
2012-09-18,120.7100,120.9000,119.9600,120.3200,5366200,81.0358
2012-09-19,121.3400,121.3800,120.6100,121.1100,5903300,81.5678
2012-09-20,122.1400,122.3200,120.9800,121.4100,4604200,81.7698
2012-09-21,120.7500,121.6400,120.6700,121.5500,4144300,81.8641
2012-09-24,122.2500,122.7000,122.1800,122.5000,3627400,82.5040
2012-09-25,122.8000,123.7400,122.1300,123.7100,5893500,83.3189
2012-09-26,124.5600,125.0900,124.4500,125.0400,7193400,84.2146
2012-09-27,124.5500,124.8000,123.7700,124.1500,5147700,83.6153
2012-09-28,124.7500,125.2400,123.8100,124.2200,7173400,83.6624
2012-10-01,123.9700,124.4700,123.3800,124.4200,4842600,83.9729
2012-10-02,123.9100,124.5200,123.8100,124.2500,3540100,83.8581
2012-10-03,123.8600,124.3000,123.6200,124.2900,3800900,83.8851
2012-10-04,123.4600,123.8000,122.5700,122.7400,6214800,82.8390
2012-10-05,121.5700,121.6800,120.9200,121.1500,8340700,81.7659
2012-10-08,121.9800,122.2700,121.6900,122.1700,1568400,82.4543
2012-10-09,121.4700,122.1800,121.3800,121.9500,4752700,82.3058
2012-10-10,121.4600,122.9600,121.2600,122.8100,5429800,82.8862
2012-10-11,121.9600,123.6600,121.8900,123.6600,5194100,83.4600
2012-10-12,124.0700,124.7800,123.7800,123.9700,4934900,83.6692
2012-10-15,123.7800,124.1400,123.4300,123.6900,3036100,83.4802
2012-10-16,122.9000,122.9400,121.9400,121.9800,5398700,82.3261
2012-10-17,121.1700,121.2600,120.5700,120.8500,6932500,81.5634
2012-10-18,121.1200,121.5300,119.8700,120.1100,8558600,81.0640
2012-10-19,120.3400,121.8100,120.2800,121.7400,7616700,82.1641
2012-10-22,121.4300,121.8400,120.9400,120.9600,6910600,81.6376
2012-10-23,122.1000,122.7300,122.0200,122.6900,5760600,82.8052
2012-10-24,121.8600,122.2900,121.4800,121.4800,6824500,81.9886
2012-10-25,120.5600,121.5400,120.3300,120.8600,5292500,81.5702
2012-10-26,121.4400,122.6500,121.2700,122.6400,5889400,82.7715
2012-10-31,122.6800,123.7000,122.6300,123.3600,5025600,83.2575
2012-11-01,122.7700,122.8800,122.0800,122.3500,3659700,82.5758
2012-11-02,121.2800,122.3100,121.2400,122.2600,3527800,82.5150
2012-11-05,122.8200,123.2500,122.7900,122.9500,2935700,82.9808
2012-11-06,122.5500,122.8600,121.7800,121.7900,4484600,82.1979
2012-11-07,123.9500,124.5300,123.7600,124.0000,10071000,83.6894
2012-11-08,123.7900,125.8600,123.4300,125.8400,8579500,84.9312
2012-11-09,125.6300,125.9800,125.1800,125.9800,5036900,85.0257
2012-11-12,125.8400,126.3800,125.7900,126.1900,2072200,85.1674
2012-11-13,126.8000,126.8200,125.9900,126.6100,2863800,85.4509
2012-11-14,125.7200,126.7900,125.6000,126.7300,4694600,85.5319
2012-11-15,126.1000,127.0200,126.0000,126.4800,5549600,85.3632
2012-11-16,126.3600,127.1900,126.2800,126.3700,4591100,85.2889
2012-11-19,125.4600,125.8100,125.3000,125.6600,3621600,84.8098
2012-11-20,125.4800,125.6700,124.3800,124.4000,4659300,83.9594
2012-11-21,124.1900,124.4200,124.0200,124.3300,2422800,83.9121
2012-11-23,124.3000,124.4500,124.1100,124.2100,987200,83.8312
2012-11-26,125.1600,125.5200,124.7500,124.8000,2799000,84.2293
2012-11-27,124.9400,125.3900,124.7000,125.2900,2544400,84.5601
2012-11-28,125.9700,126.2000,125.0900,125.1100,3569700,84.4386
2012-11-29,124.8600,125.4400,124.6600,125.1300,2761000,84.4520
2012-11-30,125.4800,125.5400,124.7100,124.7900,3702300,84.2226
2012-12-03,123.7200,124.7900,123.6200,124.6600,5427800,84.3004
2012-12-04,125.0200,125.4100,124.8400,125.3800,2586300,84.7872
2012-12-05,125.4000,125.8100,125.1700,125.3200,1978200,84.7467
2012-12-06,125.8600,126.0800,125.5100,125.5900,2301200,84.9293
2012-12-07,124.5000,124.9600,124.3400,124.4300,4020900,84.1448
2012-12-10,124.9600,125.0800,124.5400,124.9800,2134300,84.5167
2012-12-11,124.2600,124.3100,123.8300,124.0300,3777900,83.8743
2012-12-12,123.8300,124.3400,122.5700,122.5900,7119700,82.9005
2012-12-13,122.2900,123.1800,122.1300,122.6800,6381500,82.9615
2012-12-14,123.1900,123.7100,123.0800,123.6000,3832800,83.5835
2012-12-17,123.5000,123.5200,121.7100,121.7500,6870000,82.3325
2012-12-18,121.4000,121.7800,119.9000,120.5100,12024200,81.4939
2012-12-19,120.9700,121.6500,120.7200,120.9100,4880500,81.7644
2012-12-20,121.2900,121.6400,120.6200,120.9300,4567900,81.7779
2012-12-21,122.3100,122.4300,121.9500,122.2500,6087700,82.6706
2012-12-24,122.0000,122.0800,121.8700,122.0300,1071100,82.5219
2012-12-26,121.9500,122.2100,121.8100,122.2000,2247800,82.8187
2012-12-27,121.8800,123.2900,121.8300,122.6100,4262700,83.0965
2012-12-28,123.1400,123.3400,122.7800,123.3100,3928200,83.5709
2012-12-31,122.8700,122.9700,120.9100,121.1800,6423000,82.1274
2013-01-02,119.7600,119.9000,119.4100,119.5600,7472700,81.0295
2013-01-03,119.3800,119.4900,117.9000,117.9400,10004300,79.9316
2013-01-04,117.6600,118.4400,117.3600,118.4000,9574600,80.2433
2013-01-07,118.3700,118.7300,118.0000,118.4500,4193100,80.2772
2013-01-08,119.0400,119.2900,118.8200,119.2300,4380900,80.8058
2013-01-09,119.2500,119.5400,118.8700,119.1200,3870300,80.7313
2013-01-10,118.6300,119.3000,118.3600,118.7900,5602800,80.5076
2013-01-11,118.5200,119.8600,118.3500,119.8500,4770700,81.2260
2013-01-14,120.0400,120.2800,119.3700,119.5200,3064600,81.0023
2013-01-15,120.6100,120.7000,119.9700,120.0700,5357800,81.3751
2013-01-16,120.6300,120.6800,120.0100,120.3200,4286100,81.5445
2013-01-17,119.3300,119.5500,118.7500,119.1200,7019200,80.7313
2013-01-18,119.5700,120.2100,119.4600,120.0400,4660000,81.3548
2013-01-22,119.5500,120.3000,119.3800,120.2700,3874100,81.5107
2013-01-23,120.3400,120.5800,119.9500,120.0900,2848800,81.3887
2013-01-24,119.8700,119.9700,119.2600,119.6700,4178900,81.1040
2013-01-25,118.4200,118.6000,117.7700,118.0300,8750700,79.9925
2013-01-28,117.0200,117.7200,117.0000,117.6000,6059900,79.7011
2013-01-29,117.6200,118.0800,116.8700,116.9500,5553900,79.2606
2013-01-30,116.6700,116.9600,116.1600,116.7500,9586800,79.1250
2013-01-31,117.0300,117.3400,116.5500,117.3200,6789200,79.5114
2013-02-01,117.7300,117.8500,115.5100,115.5400,10928600,78.4789
2013-02-04,116.5900,117.2800,116.4200,117.0200,9291900,79.4842
2013-02-05,116.2700,116.4300,115.8600,115.9800,6676500,78.7778
2013-02-06,116.5200,116.9700,116.0500,116.9300,5892000,79.4231
2013-02-07,116.7700,117.5900,116.6200,116.6700,5951700,79.2465
2013-02-08,116.8000,117.1600,116.2300,117.1200,5603400,79.5521
2013-02-11,117.0500,117.3800,116.9200,117.0300,3679900,79.4910
2013-02-12,116.6900,117.0200,116.4600,116.7400,4513700,79.2940
2013-02-13,115.8000,116.2700,115.5500,115.7900,6586400,78.6487
2013-02-14,116.2900,117.0400,115.9900,116.8400,7096000,79.3619
2013-02-15,116.6600,116.7400,116.0700,116.5000,5861800,79.1310
2013-02-19,116.8600,116.9000,115.8400,115.9200,7383600,78.7371
2013-02-20,115.6900,116.3700,115.5700,116.2700,9603900,78.9748
2013-02-21,116.9000,117.3100,116.7400,116.9500,8297400,79.4366
2013-02-22,116.9800,117.3400,116.8800,117.0300,5316900,79.4910
2013-02-25,116.3500,119.3500,116.2900,119.3300,15948700,81.0533
2013-02-26,118.7300,119.6700,118.5900,118.6400,9822100,80.5846
2013-02-27,119.4900,119.5400,118.0000,118.2900,7459600,80.3468
2013-02-28,118.4300,118.6600,117.9800,118.5100,6023400,80.4963
2013-03-01,118.8400,119.2100,118.5400,118.9000,7786800,80.9346
2013-03-04,118.7900,118.9700,118.2600,118.2700,4511400,80.5058
2013-03-05,118.0700,118.2000,117.6800,117.9300,6539300,80.2744
2013-03-06,117.1100,117.5000,116.8500,116.8600,6514900,79.5460
2013-03-07,116.4100,116.5100,115.9100,115.9600,8526700,78.9334
2013-03-08,114.8700,115.3600,114.6200,114.7500,15423600,78.1097
2013-03-11,115.1200,115.2300,114.7400,114.8600,5815800,78.1846
2013-03-12,115.2500,115.7900,115.2300,115.6900,9264200,78.7495
2013-03-13,115.2400,115.7400,115.0300,115.5700,7371500,78.6679
2013-03-14,115.0900,115.6400,114.9800,115.2200,9352100,78.4297
2013-03-15,115.3300,115.8800,115.3000,115.7600,9673400,78.7972
2013-03-18,116.8300,116.8800,116.1500,116.6400,9152200,79.3963
2013-03-19,116.7800,117.8900,116.7000,117.4300,11986200,79.9340
2013-03-20,116.7100,116.9900,116.0800,116.1200,8543900,79.0423
2013-03-21,116.8600,117.2500,116.5300,117.2400,6119400,79.8046
2013-03-22,117.3000,117.5000,116.7700,117.3300,6323800,79.8659
2013-03-25,116.7700,117.7800,116.6700,117.2200,5839800,79.7910
2013-03-26,116.8700,117.9100,116.7800,117.3600,5093200,79.8864
2013-03-27,118.3000,118.7700,118.1800,118.3600,7742900,80.5670
2013-03-28,118.1200,118.4500,117.6800,117.7600,5826400,80.1586
2013-04-01,117.5200,118.4200,117.4900,118.3900,6113800,80.7623
2013-04-02,118.0700,118.1400,117.7500,117.9100,5438000,80.4349
2013-04-03,118.3100,119.2900,118.2500,118.9700,9527400,81.1580
2013-04-04,119.5900,120.4100,119.4700,120.3900,9365700,82.1266
2013-04-05,122.8800,123.4300,122.6300,122.8200,18626200,83.7843
2013-04-08,122.6700,122.8700,121.7800,121.8800,8020300,83.1431
2013-04-09,122.0300,122.2400,121.3800,121.5800,7176100,82.9385
2013-04-10,120.5900,120.6600,119.9000,119.9100,10765200,81.7992
2013-04-11,120.1700,120.4900,119.8900,120.1400,7501800,81.9562
2013-04-12,121.3300,121.9400,120.9000,121.9300,9253000,83.1773
2013-04-15,122.1300,123.0300,121.8700,122.9900,12948400,83.9003
2013-04-16,121.9200,122.5200,121.8800,121.9800,6553500,83.2113
2013-04-17,122.3000,123.5300,122.3000,122.7900,9020900,83.7639
2013-04-18,122.8100,123.2200,122.6000,123.0900,7009500,83.9685
2013-04-19,122.9400,122.9800,122.6300,122.8300,5474300,83.7912
2013-04-22,122.8400,123.2900,122.6700,122.9200,4519400,83.8526
2013-04-23,123.2600,123.7900,122.3800,122.4900,8042900,83.5593
2013-04-24,122.4700,122.8200,122.3000,122.8000,3673600,83.7707
2013-04-25,122.2500,122.3700,122.1000,122.2700,4297800,83.4092
2013-04-26,123.2000,123.5100,123.0100,123.3900,4898800,84.1732
2013-04-29,123.5800,123.7300,122.7600,122.9400,4916000,83.8662
2013-04-30,123.2600,123.6900,122.6700,123.0100,4477400,83.9140
2013-05-01,123.4600,124.2600,123.4300,124.0100,10724600,84.7760
2013-05-02,123.5900,123.9700,123.5100,123.8500,4171800,84.6667
2013-05-03,122.1600,122.1900,120.8300,120.9300,11283600,82.6705
2013-05-06,121.1500,121.2500,120.3200,120.6300,5121900,82.4654
2013-05-07,120.1900,120.5000,120.0500,120.1600,5049200,82.1441
2013-05-08,120.2700,120.8300,120.1700,120.3500,5732900,82.2740
2013-05-09,120.5100,121.3200,119.9800,120.0400,7527000,82.0620
2013-05-10,119.7600,119.7900,117.8500,118.7500,11689000,81.1802
2013-05-13,117.8800,118.1900,117.6300,117.8400,8050800,80.5581
2013-05-14,118.3500,118.4400,116.5400,116.5600,9236100,79.6830
2013-05-15,117.5300,117.7200,116.4200,117.3400,14608600,80.2163
2013-05-16,117.9700,118.9400,117.9300,118.5600,8458400,81.0503
2013-05-17,117.9500,118.1500,116.9800,117.0600,7435500,80.0248
2013-05-20,117.6300,117.6700,116.7900,116.9200,5839800,79.9292
2013-05-21,116.9300,117.8700,116.4200,117.8400,7781800,80.5581
2013-05-22,118.0200,118.5500,115.8000,116.0900,18361500,79.3617
2013-05-23,117.1500,117.2400,115.7700,116.6400,9207100,79.7377
2013-05-24,116.9800,117.4200,116.7100,116.8000,5357600,79.8471
2013-05-28,116.0900,116.2700,113.8200,113.8400,13567500,77.8236
2013-05-29,114.6200,115.1800,114.4600,115.1200,11298600,78.6986
2013-05-30,115.2500,115.3700,114.5300,114.8400,10011800,78.5072
2013-05-31,114.9700,115.0200,113.1700,114.4500,18158800,78.2406
2013-06-03,113.7800,115.4900,113.7000,114.7800,15564500,78.6552
2013-06-04,113.9600,114.4900,113.6600,113.7200,7504300,77.9288
2013-06-05,114.2900,115.3200,114.1300,115.2900,8056100,79.0047
2013-06-06,114.8800,116.7900,114.4100,115.2200,8925200,78.9567
2013-06-07,114.2200,114.8300,113.1600,113.1600,10459300,77.5451
2013-06-10,112.7000,113.1200,112.3800,112.6200,7892600,77.1750
2013-06-11,112.2700,113.9600,112.1200,113.9600,12841200,78.0933
2013-06-12,113.0000,113.8300,112.2700,112.3300,10193200,76.9763
2013-06-13,113.0700,114.1700,112.8900,114.0900,12506300,78.1824
2013-06-14,114.1000,114.6600,113.8200,113.8200,6679100,77.9973
2013-06-17,114.0200,114.0800,113.0000,113.2200,5982100,77.5861
2013-06-18,112.8500,113.6800,112.7200,113.2800,5192700,77.6273
2013-06-19,113.7400,113.7900,111.6200,112.1100,17138200,76.8255
2013-06-20,110.7500,111.2100,109.2800,110.2700,27898500,75.5646
2013-06-21,110.1500,110.4100,108.3700,108.4000,19781000,74.2832
2013-06-24,107.8300,109.3900,107.7600,108.8500,24588900,74.5915
2013-06-25,108.9000,109.0200,107.8600,107.8800,11078000,73.9269
2013-06-26,109.0000,109.0500,108.0400,108.5800,13582200,74.4065
2013-06-27,109.5400,109.9700,108.9500,109.6900,12026000,75.1671
2013-06-28,109.0100,110.4800,108.7200,110.4400,12017000,75.6812
2013-07-01,109.7300,110.5000,109.4300,110.4100,5500400,75.8336
2013-07-02,110.5000,110.8000,110.2400,110.3400,5333900,75.7855
2013-07-03,110.3100,110.6500,110.0100,110.0100,3839000,75.5589
2013-07-05,107.2800,107.5000,106.1700,106.2600,14511900,72.9833
2013-07-08,107.0700,107.5600,106.9500,107.2900,8044200,73.6907
2013-07-09,107.4900,107.6200,107.0700,107.4000,4700400,73.7662
2013-07-10,107.3900,107.3900,106.3000,106.5600,10792200,73.1893
2013-07-11,107.4500,107.8700,106.9400,107.8100,10035500,74.0478
2013-07-12,108.3400,108.4700,107.3400,107.7200,4730800,73.9860
2013-07-15,107.8000,108.3200,107.7000,108.2900,4574800,74.3775
2013-07-16,108.4300,108.7600,108.2700,108.6600,3650200,74.6316
2013-07-17,109.1900,109.3600,108.6600,108.8600,5932000,74.7690
2013-07-18,108.6100,108.6700,107.4800,107.5000,9066400,73.8349
2013-07-19,108.3100,109.2100,108.2500,109.2000,8523800,75.0025
2013-07-22,109.3600,109.6900,109.1300,109.3600,3972600,75.1124
2013-07-23,108.6700,109.0000,108.3200,108.9000,5015500,74.7965
2013-07-24,107.6500,107.8900,106.7900,107.5200,8853100,73.8486
2013-07-25,106.9700,107.6000,106.8100,107.4800,6443400,73.8212
2013-07-26,108.0400,108.2800,107.6400,108.1400,6795500,74.2744
2013-07-29,107.6500,107.8200,107.0700,107.3500,6397800,73.7319
2013-07-30,107.7100,107.7600,107.0500,107.3100,3635400,73.7044
2013-07-31,106.0600,107.9200,105.8500,107.7000,10483100,73.9722
2013-08-01,106.4900,106.4900,105.0000,105.3600,13568600,72.5470
2013-08-02,106.0100,106.6100,105.9800,106.5200,9568400,73.3457
2013-08-05,106.1900,106.2500,105.5400,105.7000,6611800,72.7810
2013-08-06,105.5300,106.0100,105.3400,106.0100,4589000,72.9945
2013-08-07,106.1700,106.9400,106.1700,106.8000,7183400,73.5385
2013-08-08,106.9800,107.6000,106.7900,107.0900,5510900,73.7381
2013-08-09,106.6000,107.2700,106.4800,107.2600,3623400,73.8552
2013-08-12,107.6100,107.6300,106.4700,106.5300,7562800,73.3525
2013-08-13,105.3300,105.3600,104.8000,104.9900,11485600,72.2921
2013-08-14,104.9400,105.3600,104.8700,105.1500,6431600,72.4023
2013-08-15,104.1000,104.6300,103.6900,103.7300,11846300,71.4246
2013-08-16,103.9600,103.9700,102.6700,103.3700,10175900,71.1767
2013-08-19,102.9300,103.0100,102.2100,102.4700,9022000,70.5570
2013-08-20,102.8900,103.3600,102.8500,103.2600,10050100,71.1010
2013-08-21,102.7700,103.2000,102.1100,102.1300,13248800,70.3229
2013-08-22,102.4600,103.2300,102.2400,103.1700,8751200,71.0390
2013-08-23,103.0100,104.3900,102.7400,104.2900,17441200,71.8102
2013-08-26,104.5600,104.8900,104.3300,104.8100,5879100,72.1682
2013-08-27,105.2900,106.2500,105.0400,106.1300,11573300,73.0771
2013-08-28,105.4100,105.5700,104.9400,105.2700,7497900,72.4850
2013-08-29,104.8800,106.3100,104.7900,106.1100,6672400,73.0633
2013-08-30,106.0200,106.6800,105.7400,105.9900,8987600,72.9808
2013-09-03,104.5900,104.6700,103.5100,104.2200,12084300,71.9513
2013-09-04,104.4500,104.6500,103.9500,103.9900,4579600,71.7926
2013-09-05,103.4700,103.6000,102.5300,102.5400,12290600,70.7915
2013-09-06,103.2500,103.8200,102.8100,103.0500,9478400,71.1436
2013-09-09,103.8000,103.8100,103.0800,103.1000,6874900,71.1782
2013-09-10,102.7300,103.3400,102.3600,102.3800,8069000,70.6811
2013-09-11,102.9200,103.3100,102.1900,103.2900,8962400,71.3093
2013-09-12,103.8500,104.0000,103.0600,103.1500,6254400,71.2127
2013-09-13,103.5100,103.8300,103.2300,103.5500,6106200,71.4888
2013-09-16,104.3300,104.4100,102.8500,102.8600,8231600,71.0125
2013-09-17,103.3700,103.7400,102.9700,103.7100,8795300,71.5993
2013-09-18,103.6300,105.5500,102.9800,104.9900,19749200,72.4829
2013-09-19,105.0500,105.0900,104.1600,104.3700,11627800,72.0549
2013-09-20,104.6900,105.1800,104.4500,104.9200,8421000,72.4347
2013-09-23,105.2100,105.7300,105.1100,105.6900,10242100,72.9663
2013-09-24,105.9900,106.8400,105.8400,106.8300,11446600,73.7533
2013-09-25,106.5400,107.2800,106.3900,107.0500,8130900,73.9051
2013-09-26,106.4800,106.6200,106.1900,106.3000,5117100,73.3874
2013-09-27,106.2900,106.8200,106.2500,106.5600,6460000,73.5669
2013-09-30,106.6600,106.9000,106.1800,106.4000,8438800,73.4564
2013-10-01,105.9000,106.0300,105.5300,105.8000,7592500,73.2335
2013-10-02,105.9300,106.4800,105.7600,105.9600,5967200,73.3443
2013-10-03,105.7500,106.4100,105.7000,105.7900,6648900,73.2266
2013-10-04,105.6700,105.7800,105.3500,105.7100,5545300,73.1712
2013-10-07,106.2000,106.3600,105.9800,106.1400,5761100,73.4689
2013-10-08,105.9800,106.5100,105.8300,106.1700,5904000,73.4896
2013-10-09,105.8700,105.9400,105.3000,105.3200,8439000,72.9013
2013-10-10,104.8000,105.5300,104.5100,105.4900,9944100,73.0190
2013-10-11,106.1600,106.2300,105.4100,105.4600,6500800,72.9982
2013-10-14,105.3900,105.6400,104.3300,104.6100,4205600,72.4098
2013-10-15,105.1500,105.3000,104.5300,104.5400,8291000,72.3614
2013-10-16,104.4700,105.8600,104.2700,105.8500,14460200,73.2681
2013-10-17,106.5200,107.1200,106.2900,106.8100,11303400,73.9326
2013-10-18,107.1100,107.4800,106.9800,107.0400,9487800,74.0919
2013-10-21,106.9100,106.9200,106.4600,106.7000,6161600,73.8565
2013-10-22,107.6000,108.1200,107.5600,107.8900,9708500,74.6802
2013-10-23,108.0700,108.7300,108.0400,108.3100,9163100,74.9710
2013-10-24,108.6100,108.6700,107.8700,107.8900,7631400,74.6802
2013-10-25,108.1300,108.4500,108.0800,108.2900,4429500,74.9571
2013-10-28,108.0100,108.3800,107.9100,107.9200,6466400,74.7010
2013-10-29,107.6200,108.0700,107.5100,108.0600,5270500,74.7979
2013-10-30,107.9300,108.2100,107.2100,107.4100,10199300,74.3479
2013-10-31,107.9100,108.0100,107.1400,107.6400,11452100,74.5072
2013-11-01,106.9700,107.0000,106.1400,106.1900,11349500,73.7007
2013-11-04,106.4700,106.6700,106.2200,106.2900,4733200,73.7701
2013-11-05,105.7900,105.8300,104.9900,105.0200,8753400,72.8886
2013-11-06,104.9400,105.1400,104.6900,105.0700,5643000,72.9233
2013-11-07,105.0500,106.0500,104.9700,105.9600,7893700,73.5410
2013-11-08,103.9700,104.1100,103.3900,103.4100,16889900,71.7713
2013-11-11,103.5300,103.5800,102.9600,103.0200,4927200,71.5005
2013-11-12,103.2100,103.5900,103.1800,103.5000,4839500,71.8337
2013-11-13,103.8700,104.0400,103.7400,103.8800,5782900,72.0975
2013-11-14,104.3100,105.1200,104.1500,104.5200,8895500,72.5416
2013-11-15,104.6600,104.7400,104.3100,104.7300,6344800,72.6874
2013-11-18,104.6500,105.4100,104.6500,105.3600,5451300,73.1246
2013-11-19,104.9500,105.1400,104.4100,104.5600,7251100,72.5694
2013-11-20,104.4200,104.8400,102.6500,102.7800,14190900,71.3340
2013-11-21,102.5100,103.1900,102.1600,102.9500,8903000,71.4520
2013-11-22,103.4900,104.1300,103.4800,103.9100,7950700,72.1182
2013-11-25,103.8400,104.4200,103.8400,104.2100,3755500,72.3265
2013-11-26,104.4900,104.9300,104.4800,104.6000,6659200,72.5971
2013-11-27,104.6800,104.7000,103.9600,104.4200,6063000,72.4722
2013-11-29,104.0800,104.6000,103.9500,104.4500,5084400,72.4930
2013-12-02,103.8000,103.9100,103.2200,103.3300,7527800,71.9292
2013-12-03,103.7000,103.9600,103.4600,103.7100,5076900,72.1937
2013-12-04,102.7500,103.0500,102.3800,102.7200,8502700,71.5046
2013-12-05,102.4800,102.8500,102.2200,102.4300,7445700,71.3027
2013-12-06,102.5600,102.9900,102.3600,102.9200,7352000,71.6438
2013-12-09,102.9000,103.2300,102.8300,103.1600,5678800,71.8109
2013-12-10,103.8400,103.9500,103.4500,103.9000,7040400,72.3260
2013-12-11,103.5500,103.7700,103.0200,103.1000,8190900,71.7691
2013-12-12,103.0300,103.1600,102.6300,102.7100,6208600,71.4976
2013-12-13,103.1400,103.3000,102.7900,103.2100,6471300,71.8457
2013-12-16,103.5800,103.6900,102.7300,102.8300,6376400,71.5811
2013-12-17,102.6100,103.4000,102.5900,103.2900,6014400,71.9014
2013-12-18,102.8300,103.7200,102.4600,102.7700,12973200,71.5393
2013-12-19,102.8600,103.0100,102.4500,102.6700,6708400,71.4697
2013-12-20,103.7200,104.2900,103.3000,104.2500,12425700,72.5696
2013-12-23,104.0500,104.4100,103.6600,103.6600,6378600,72.1589
2013-12-24,103.2300,103.3500,102.8000,102.8300,4897000,71.5811
2013-12-26,102.3500,102.3600,102.0100,102.1000,4645300,71.3053
2013-12-27,102.0700,102.3100,101.6900,101.8100,4755000,71.1027
2013-12-30,102.1500,102.5800,102.0800,102.5100,4491700,71.5916
2013-12-31,102.2900,102.5500,101.1700,101.8600,7218600,71.1376
2014-01-02,101.7200,102.3900,101.6900,102.1700,8580800,71.3541
2014-01-03,101.8100,102.4500,101.7600,102.1700,4083800,71.3541
2014-01-06,102.3800,103.0000,102.3700,102.6000,7796200,71.6544
2014-01-07,102.8200,102.9900,102.5600,102.8600,4428100,71.8361
2014-01-08,102.4500,102.6900,102.1000,102.5800,8513000,71.6405
2014-01-09,102.9700,103.2100,102.5100,103.1800,6991100,72.0595
2014-01-10,103.7700,104.5400,103.6900,104.4100,13197400,72.9185
2014-01-13,104.5100,105.1400,104.4700,104.9300,9667400,73.2817
2014-01-14,104.6500,104.8300,104.3900,104.4500,10343100,72.9465
2014-01-15,104.0400,104.5100,103.9300,104.3400,7507500,72.8696
2014-01-16,104.8500,105.0700,104.7200,105.0400,7137700,73.3585
2014-01-17,104.8600,105.5200,104.7900,105.4800,7588600,73.6658
2014-01-21,105.4500,105.7400,105.4000,105.5600,6436000,73.7217
2014-01-22,105.3700,105.7500,105.2400,105.3000,4646700,73.5401
2014-01-23,105.8800,107.0900,105.8800,106.7900,12960600,74.5807
2014-01-24,107.1900,107.4900,106.9900,107.4800,11122200,75.0626
2014-01-27,107.2200,107.6000,106.7000,106.7300,9218200,74.5388
2014-01-28,106.9100,106.9900,106.5500,106.9900,5661500,74.7204
2014-01-29,107.3700,108.1500,106.9900,107.8700,11709400,75.3350
2014-01-30,107.4700,107.6700,107.1100,107.5600,5956900,75.1184
2014-01-31,108.2000,108.4100,107.8500,108.2800,14690900,75.6213
2014-02-03,107.7900,109.3400,107.6100,109.3200,20780300,76.5427
2014-02-04,108.5200,108.6700,107.9700,108.1600,9573500,75.7305
2014-02-05,107.6900,107.7800,107.0100,107.1600,10312200,75.0304
2014-02-06,106.9700,107.0200,106.5200,106.7000,5708700,74.7083
2014-02-07,106.4600,107.2200,106.4400,106.7900,7039200,74.7713
2014-02-10,106.6100,107.1200,106.5700,107.0900,4370500,74.9813
2014-02-11,106.6100,106.6900,106.1600,106.4700,5904900,74.5472
2014-02-12,106.1700,106.2100,105.6200,105.9200,6723300,74.1622
2014-02-13,106.5900,106.7300,106.3000,106.5200,6874600,74.5822
2014-02-14,106.5700,106.6400,106.2700,106.5800,4989100,74.6243
2014-02-18,106.6600,107.2000,106.6200,106.8200,4855800,74.7923
2014-02-19,107.1800,107.1800,106.3000,106.3700,5522500,74.4772
2014-02-20,106.3200,106.6300,105.6900,106.1100,5103200,74.2952
2014-02-21,105.9500,106.6800,105.9500,106.6700,5250700,74.6872
2014-02-24,106.7000,106.7400,106.1700,106.4000,3816700,74.4982
2014-02-25,106.9100,107.3600,106.8900,107.3500,6225400,75.1634
2014-02-26,107.3100,107.9200,107.2400,107.9200,7203900,75.5624
2014-02-27,108.2800,108.5600,108.1000,108.5100,5394700,75.9756
2014-02-28,108.2800,108.7400,107.7800,108.5700,8462600,76.0176
2014-03-03,108.8800,109.1800,108.6400,109.0300,11089400,76.5250
2014-03-04,108.3500,108.3500,107.3600,107.3900,8068100,75.3740
2014-03-05,107.3400,107.7800,107.2000,107.6200,4798500,75.5354
2014-03-06,106.7600,106.9700,106.5200,106.5600,7418200,74.7914
2014-03-07,105.6400,106.1700,105.6000,105.8900,8270300,74.3212
2014-03-10,105.9400,106.1100,105.7800,106.0400,3744300,74.4264
2014-03-11,105.9800,106.3400,105.7800,106.3200,3815700,74.6230
2014-03-12,106.9200,107.2600,106.7800,107.0600,6430500,75.1424
2014-03-13,106.7000,108.5300,106.6500,108.5000,11815500,76.1531
2014-03-14,108.9700,108.9800,108.3200,108.5200,9232800,76.1672
2014-03-17,108.1800,108.3000,107.6700,107.7100,7381900,75.5986
2014-03-18,107.6800,108.1500,107.6000,108.1000,4819500,75.8723
2014-03-19,107.9200,107.9800,106.8100,107.2600,11557600,75.2827
2014-03-20,107.0900,107.6300,106.9900,107.0700,5224400,75.1494
2014-03-21,107.4100,108.3200,107.3700,108.2300,8986200,75.9635
2014-03-24,108.0500,109.0900,107.9500,109.0000,7536400,76.5040
2014-03-25,108.4100,108.8200,108.1700,108.5900,5032000,76.2162
2014-03-26,108.5500,109.4800,108.4800,109.4400,7147200,76.8128
2014-03-27,109.6400,110.3900,109.4200,109.9900,9772200,77.1988
2014-03-28,109.8600,109.8900,109.0200,109.3700,6027000,76.7637
2014-03-31,108.7400,111.0700,108.3400,109.1000,7488400,76.5742
2014-04-01,108.2600,108.3600,107.8400,107.8900,9067300,75.9198
2014-04-02,107.3900,107.5500,107.1700,107.2700,6887200,75.4834
2014-04-03,107.5200,107.9400,107.4400,107.7400,4937400,75.8142
2014-04-04,107.8700,108.6900,107.8500,108.4600,8977500,76.3208
2014-04-07,108.6200,109.2900,108.6000,109.1100,7562500,76.7783
2014-04-08,109.0300,109.4700,108.7200,109.3700,4213800,76.9612
2014-04-09,108.8800,109.3500,108.6400,108.8300,5771500,76.5812
2014-04-10,108.9200,110.2200,108.9000,109.8400,12706400,77.2919
2014-04-11,110.5400,110.7900,110.1300,110.7300,10267000,77.9182
2014-04-14,110.4800,110.7000,110.3000,110.4400,4142600,77.7141
2014-04-15,110.6100,111.5100,110.3500,111.1300,7752000,78.1996
2014-04-16,110.4300,111.2700,110.3800,111.2700,5523000,78.2982
2014-04-17,111.3700,111.4500,109.7000,110.0500,8622500,77.4397
2014-04-21,110.3700,110.6200,109.8400,109.9600,4316300,77.3764
2014-04-22,109.6600,110.4900,109.6100,110.3300,5748700,77.6367
2014-04-23,110.6000,111.0500,110.5300,110.9600,5748600,78.0800
2014-04-24,110.4500,111.2100,110.4500,111.1700,6337800,78.2278
2014-04-25,111.4900,111.9900,111.3200,111.3300,5976500,78.3404
2014-04-28,111.1100,111.2800,110.5500,110.7900,7606000,77.9604
2014-04-29,110.1700,110.7300,110.0400,110.6400,5235200,77.8548
2014-04-30,110.7200,111.2600,110.3800,111.1000,7721400,78.1785
2014-05-01,110.8800,112.0800,110.8400,112.0200,11556500,79.0173
2014-05-02,111.5400,113.1000,111.3000,112.7100,12702100,79.5040
2014-05-05,112.7600,112.8100,111.8900,112.0300,8043000,79.0243
2014-05-06,112.1100,112.7000,112.0400,112.4800,6522600,79.3417
2014-05-07,112.3100,112.5700,111.9400,112.0800,8199200,79.0596
2014-05-08,112.3400,112.7600,111.4600,111.6000,10878800,78.7210
2014-05-09,111.5300,111.8100,110.9800,111.2400,6000600,78.4671
2014-05-12,111.0100,111.1300,110.5400,110.7900,4563800,78.1496
2014-05-13,111.4400,111.7500,111.3300,111.7500,5501000,78.8268
2014-05-14,112.6300,113.2300,112.5600,112.9600,8851400,79.6803
2014-05-15,113.7800,114.4100,113.6000,113.8600,12627900,80.3152
2014-05-16,113.6100,114.0000,113.4200,113.5400,5019200,80.0895
2014-05-19,113.9300,113.9600,112.6200,112.7000,7403300,79.4969
2014-05-20,112.6000,113.4800,112.5900,112.9500,6549800,79.6733
2014-05-21,112.2200,112.4000,111.8700,112.2600,8224600,79.1865
2014-05-22,112.2600,112.4000,111.7900,112.1000,6495700,79.0737
2014-05-23,112.5200,112.9100,112.4500,112.7000,3835000,79.4969
2014-05-27,112.8500,113.4000,112.4000,113.3600,6658300,79.9625
2014-05-28,114.1000,114.8400,114.0900,114.7600,10361000,80.9500
2014-05-29,114.8700,115.1900,114.1300,114.1500,10692000,80.5197
2014-05-30,113.9600,114.4000,113.8100,114.1000,6518900,80.4845
2014-06-02,113.0400,113.6800,112.5500,112.9600,11728200,79.8862
2014-06-03,112.4100,112.5400,111.5100,111.5700,12694100,78.9031
2014-06-04,111.7600,111.8200,111.2700,111.5400,7882000,78.8819
2014-06-05,111.1300,111.9700,111.0200,111.5900,6915600,78.9173
2014-06-06,112.1300,112.4100,111.4900,111.5900,7832800,78.9173
2014-06-09,111.4500,111.6400,111.2000,111.4300,5162800,78.8042
2014-06-10,111.0400,111.2700,110.8300,111.0200,5986000,78.5142
2014-06-11,111.2600,111.5400,110.8500,111.2200,5569700,78.6556
2014-06-12,111.3000,112.3500,111.0000,112.2100,9775900,79.3558
2014-06-13,111.5700,112.6200,111.5300,112.1500,5412500,79.3133
2014-06-16,112.2100,112.6300,112.1000,112.4300,5184600,79.5113
2014-06-17,112.0700,112.0900,111.4800,111.5400,6668800,78.8819
2014-06-18,111.8000,112.7600,111.5600,112.4000,11256500,79.4901
2014-06-19,112.5100,112.5600,110.7400,110.9600,14215500,78.4717
2014-06-20,110.9700,111.8000,110.9000,111.8000,7319100,79.0658
2014-06-23,112.0800,112.1800,111.4100,111.4500,5821700,78.8183
2014-06-24,112.1500,112.6500,111.8200,112.5800,9698300,79.6174
2014-06-25,113.1000,113.3600,112.6900,112.8700,5699300,79.8225
2014-06-26,113.2100,113.8000,113.2100,113.4100,6628900,80.2044
2014-06-27,113.6800,113.8200,113.1700,113.2400,7216500,80.0841
2014-06-30,113.5600,113.8000,113.0900,113.5200,5593100,80.2822
2014-07-01,112.5000,112.7400,112.2000,112.2800,8019200,79.6100
2014-07-02,111.6300,111.6700,110.9700,111.0800,9382500,78.7593
2014-07-03,110.3800,110.8600,110.3400,110.6800,6173900,78.4756
2014-07-07,111.2700,111.8100,111.2300,111.4900,5928900,79.0499
2014-07-08,112.2400,112.8600,112.2400,112.7400,6352100,79.9362
2014-07-09,112.6600,113.1400,112.3800,112.8300,6395200,80.0000
2014-07-10,113.5400,113.6600,112.8200,112.8600,7196900,80.0213
2014-07-11,113.3500,113.6800,113.2800,113.5800,4676500,80.5318
2014-07-14,113.2800,113.4100,112.9300,113.0900,4743300,80.1843
2014-07-15,112.8300,113.4700,112.5000,112.8600,7720000,80.0213
2014-07-16,113.0000,113.5800,112.9400,113.4600,4615800,80.4467
2014-07-17,114.2300,115.0500,113.9400,114.8900,10901000,81.4606
2014-07-18,114.8800,114.9600,114.1100,114.5200,6677900,81.1983
2014-07-21,115.0100,115.6300,115.0100,115.0900,5724100,81.6025
2014-07-22,115.0900,115.4600,114.6500,115.3300,5753200,81.7726
2014-07-23,115.5100,115.6300,115.1700,115.1800,3489600,81.6663
2014-07-24,114.5200,114.5800,114.2500,114.3200,6609000,81.0565
2014-07-25,115.3400,115.6800,115.1600,115.6700,7041800,82.0136
2014-07-28,115.5900,115.9000,115.1200,115.5100,5138300,81.9002
2014-07-29,115.8700,116.0700,115.4200,115.9300,6579300,82.1980
2014-07-30,115.1500,115.3800,114.1700,114.3200,12251200,81.0565
2014-07-31,113.5300,114.5800,113.4700,113.9800,18254000,80.8154
2014-08-01,113.5800,114.8700,113.0500,114.5600,14951200,81.4410
2014-08-04,114.5300,114.8100,114.2600,114.2600,5183800,81.2277
2014-08-05,114.0700,114.8000,113.6800,114.6300,8032000,81.4907
2014-08-06,115.4700,115.4700,114.6000,114.7000,7289200,81.5405
2014-08-07,114.8400,115.7700,114.5700,115.7700,9745500,82.3012
2014-08-08,115.9300,116.4200,115.3800,115.5200,9536700,82.1235
2014-08-11,115.6500,115.8200,115.2900,115.5100,6668800,82.1164
2014-08-12,115.4100,115.4400,114.7300,114.7600,8122400,81.5832
2014-08-13,114.8700,115.5200,114.7800,115.5100,8210500,82.1164
2014-08-14,115.9300,116.5000,115.3900,116.4400,9028200,82.7775
2014-08-15,116.7100,118.3600,116.6900,117.7100,17606700,83.6803
2014-08-18,117.2100,117.3000,116.3900,116.5400,7595300,82.8486
2014-08-19,117.0800,117.1500,115.9800,116.1800,5936900,82.5927
2014-08-20,116.0400,116.1100,115.5700,115.9900,7275600,82.4575
2014-08-21,116.0700,116.7600,116.0200,116.6400,6790700,82.9196
2014-08-22,116.7400,117.4300,116.2100,117.2900,10149900,83.3818
2014-08-25,117.4500,117.7800,117.2100,117.7300,5760700,83.6945
2014-08-26,117.9400,117.9900,117.2100,117.3500,5487600,83.4244
2014-08-27,117.7000,118.4100,117.4000,118.3500,7265800,84.1353
2014-08-28,119.1300,119.3700,118.6700,118.9700,9463600,84.5761
2014-08-29,118.9200,119.4300,118.7500,119.0500,8512900,84.6330
2014-09-02,117.2800,117.3800,116.7000,116.7300,10506000,83.1730
2014-09-03,116.4000,117.3800,116.3100,117.3800,6553900,83.6361
2014-09-04,116.6200,116.8800,115.9300,115.9500,12528900,82.6172
2014-09-05,116.4400,116.6000,115.4400,115.7300,6886000,82.4605
2014-09-08,116.4100,116.6300,115.4500,115.7800,9326400,82.4961
2014-09-09,115.4900,115.8900,115.4500,115.6900,5353100,82.4320
2014-09-10,114.9700,115.1200,114.7900,114.9600,8729400,81.9118
2014-09-11,115.2600,115.5400,114.5700,114.5800,9274800,81.6411
2014-09-12,113.6900,113.9200,113.2200,113.3800,11114900,80.7860
2014-09-15,113.8500,114.0700,113.3600,113.5500,5510700,80.9072
2014-09-16,113.6100,113.8600,113.0800,113.0900,9304700,80.5793
2014-09-17,113.5300,113.8300,112.7300,112.8000,12917000,80.3727
2014-09-18,113.1800,113.4800,112.8500,113.1600,7031200,80.6293
2014-09-19,113.5800,114.6800,113.2000,114.6000,13236900,81.6553
2014-09-22,114.6600,115.0400,114.4400,114.7400,6617200,81.7551
2014-09-23,114.9100,115.4700,114.7700,115.4500,6362400,82.2610
2014-09-24,115.2900,115.5500,114.6400,114.8100,5223300,81.8049
2014-09-25,115.3100,116.1800,115.3100,116.1700,8947800,82.7740
2014-09-26,116.0200,116.2900,115.6200,116.0000,7799600,82.6528
2014-09-29,117.0000,117.1700,116.6600,116.9300,6791800,83.3155
2014-09-30,116.6600,117.0400,116.1300,116.2700,7277500,82.8452
2014-10-01,116.8900,118.2600,116.8300,118.2300,17194900,84.4517
2014-10-02,117.8300,118.2000,117.1400,117.2000,8251800,83.7159
2014-10-03,117.0000,117.7700,116.8300,117.7000,8561500,84.0731
2014-10-06,117.6200,118.1900,117.3600,117.7700,4485500,84.1231
2014-10-07,118.3100,119.4300,118.1800,119.3600,8837700,85.2589
2014-10-08,119.4500,119.5200,118.5100,119.3900,9391300,85.2803
2014-10-09,119.2700,119.6700,118.7800,118.8700,10291700,84.9088
2014-10-10,119.5200,120.0800,119.3100,120.0500,8774400,85.7517
2014-10-13,120.1600,121.1700,120.0500,120.7800,6450700,86.2731
2014-10-14,121.3100,121.7800,120.6800,121.5700,11285400,86.8374
2014-10-15,124.5800,127.6800,121.8400,122.5300,37407500,87.5231
2014-10-16,124.1200,124.1300,121.4400,121.7500,18096600,86.9660
2014-10-17,121.1900,121.7100,120.4800,121.0700,8524300,86.4803
2014-10-20,121.7800,121.8500,120.9400,121.5100,7742500,86.7945
2014-10-21,120.8400,121.2400,120.5300,120.5400,9754700,86.1017
2014-10-22,120.4700,120.8500,120.2200,120.6700,9260200,86.1946
2014-10-23,120.0400,120.1800,119.0600,119.6000,10936300,85.4303
2014-10-24,119.9300,120.4100,119.4700,119.7200,5704900,85.5160
2014-10-27,119.8900,120.2700,119.6600,119.9400,3391900,85.6731
2014-10-28,119.4800,119.6500,119.0800,119.1900,5141300,85.1374
2014-10-29,118.9600,119.8200,118.4200,119.4600,9105100,85.3303
2014-10-30,120.3200,120.4600,119.5100,119.5600,7024400,85.4017
2014-10-31,119.3400,119.7100,118.8300,119.2500,6664200,85.1803
2014-11-03,118.9000,119.1600,118.2100,118.9600,9726600,85.1803
2014-11-04,119.4200,119.9100,119.0800,119.3300,3664800,85.4452
2014-11-05,118.9100,119.3700,118.8200,119.1600,4799600,85.3235
2014-11-06,118.6000,118.9300,118.3100,118.3900,5901900,84.7721
2014-11-07,118.7200,119.7500,118.6800,119.7500,8550500,85.7459
2014-11-10,119.5800,119.5800,118.5600,118.6500,4787300,84.9583
2014-11-11,118.4800,118.8100,118.3400,118.7300,2416500,85.0156
2014-11-12,119.2000,119.5300,118.4500,118.6300,4040800,84.9439
2014-11-13,118.7000,119.1800,118.4400,118.9100,4475900,85.1445
2014-11-14,118.8400,119.5900,118.6800,119.4900,5191200,85.5598
2014-11-17,119.7800,119.7900,118.8800,119.1900,4726200,85.3449
2014-11-18,119.3200,119.5800,119.1600,119.5200,4471200,85.5813
2014-11-19,118.8800,119.5800,118.7600,118.7600,5792500,85.0371
2014-11-20,119.9000,119.9500,119.0600,119.3800,5683600,85.4810
2014-11-21,119.5700,120.1600,119.5200,120.1000,3640100,85.9966
2014-11-24,119.6700,120.2700,119.5500,120.2000,4033900,86.0682
2014-11-25,120.3700,121.2700,120.3100,121.2000,6770000,86.7842
2014-11-26,121.6400,121.8700,121.4700,121.5300,4339100,87.0205
2014-11-28,122.1300,122.6700,122.1300,122.4900,4562200,87.7079
2014-12-01,122.6800,122.8100,121.4600,121.5000,7728600,87.1962
2014-12-02,120.8400,120.8500,120.2900,120.3200,5757200,86.3494
2014-12-03,120.3000,120.8000,120.1300,120.7900,4868600,86.6866
2014-12-04,120.7500,121.8000,120.6200,121.8000,4250500,87.4115
2014-12-05,121.5700,121.6000,120.5200,121.0900,8030700,86.9020
2014-12-08,121.4200,122.8400,121.1400,122.5700,6021800,87.9641
2014-12-09,123.6000,123.9700,122.9600,123.2000,6639700,88.4162
2014-12-10,123.1800,124.4000,123.0800,124.1000,6439200,89.0621
2014-12-11,123.7400,124.6100,123.2900,124.6100,7863500,89.4281
2014-12-12,125.4500,126.3500,125.0200,126.3000,9317400,90.6410
2014-12-15,125.6400,126.7000,125.4300,126.0400,9387400,90.4544
2014-12-16,127.3600,127.7200,126.3600,127.6000,7426400,91.5739
2014-12-17,126.9100,127.1900,125.7000,126.4500,11558800,90.7486
2014-12-18,124.9300,125.1000,124.2000,124.2000,12758200,89.1339
2014-12-19,124.5800,125.9500,124.4400,125.8700,7894500,90.3324
2014-12-22,125.4500,126.1900,125.3200,126.0400,4118800,90.4544
2014-12-23,125.4500,125.6000,123.4900,123.5400,7406100,88.6602
2014-12-24,123.0600,124.0600,122.9300,123.9500,4871400,89.1428
2014-12-26,124.5500,124.5900,124.0200,124.4100,2921300,89.4736
2014-12-29,124.9100,125.6600,124.8100,125.3400,4070700,90.1424
2014-12-30,125.9800,126.2100,125.5300,125.6800,4372600,90.3870
2014-12-31,125.7000,126.1700,125.6500,125.9200,4993300,90.5596
2015-01-02,126.2900,127.6600,126.1500,127.3200,9432000,91.5665
2015-01-05,128.0100,129.6300,127.9600,129.3200,9789500,93.0048
2015-01-06,130.7000,132.4900,130.1900,131.6500,18331300,94.6805
2015-01-07,130.7000,131.9700,130.1700,131.3900,9762900,94.4935
2015-01-08,130.3600,130.3700,129.4200,129.6500,8055300,93.2422
2015-01-09,129.2000,131.1100,129.0400,131.0700,9398800,94.2634
2015-01-12,131.0000,132.3100,130.9200,131.8200,6658100,94.8028
2015-01-13,131.3900,132.6100,131.1400,131.8200,8260800,94.8028
2015-01-14,133.7200,134.1200,132.7000,132.8200,12324500,95.5220
2015-01-15,132.8500,135.0300,132.6800,134.9100,11454200,97.0251
2015-01-16,134.3300,134.6800,133.0300,133.1900,9390500,95.7881
2015-01-20,134.1300,135.1100,134.0700,134.9600,7758700,97.0610
2015-01-21,135.2000,135.5900,132.9600,133.4000,9803900,95.9391
2015-01-22,134.0000,134.1800,132.2800,132.9200,10200000,95.5939
2015-01-23,134.3000,135.1200,134.1500,134.7700,7334600,96.9244
2015-01-26,134.8400,135.1900,134.0500,134.3600,5966500,96.6295
2015-01-27,135.7300,136.1300,134.1500,134.5700,8079600,96.7806
2015-01-28,134.7500,137.4100,134.7000,136.7700,12230300,98.3627
2015-01-29,136.1200,136.6700,135.4600,135.8700,8881400,97.7154
2015-01-30,137.7100,138.5000,137.1800,138.2800,14871200,99.4487
2015-02-02,136.7000,137.9200,136.6600,137.4800,13689900,99.0732
2015-02-03,135.6500,135.7900,134.3700,134.5700,14008700,96.9762
2015-02-04,133.4900,134.9900,133.1200,134.8000,11360400,97.1419
2015-02-05,134.0000,134.2300,133.1100,133.3200,8334600,96.0754
2015-02-06,132.0500,132.3500,130.5900,130.9600,13685600,94.3747
2015-02-09,131.9700,131.9800,130.7500,130.7500,8025500,94.2233
2015-02-10,130.1400,130.4700,129.4400,129.7100,8290700,93.4739
2015-02-11,129.7000,130.2700,128.9600,129.9500,6506400,93.6469
2015-02-12,129.6600,130.5400,129.4500,129.5200,12548300,93.3370
2015-02-13,129.5100,129.5300,128.0900,128.1900,8325200,92.3785
2015-02-17,127.8000,127.9300,125.9200,126.2600,14968800,90.9877
2015-02-18,126.8200,127.7400,126.4700,127.0100,14009200,91.5282
2015-02-19,126.7800,127.4500,126.1700,126.1700,8584800,90.9228
2015-02-20,127.0500,128.0100,126.0000,126.5400,12502500,91.1894
2015-02-23,127.1900,128.1700,127.1600,127.9900,7500500,92.2344
2015-02-24,127.6500,129.7900,127.1800,129.6700,11958300,93.4451
2015-02-25,129.4600,130.3900,129.0800,130.2300,8019800,93.8486
2015-02-26,129.7000,130.3000,128.4000,128.4500,11020500,92.5659
2015-02-27,129.0200,129.6200,128.2700,129.5300,9225100,93.3442
2015-03-02,129.0000,129.0700,126.7700,126.8700,11324000,91.6055
2015-03-03,126.8900,127.3700,126.3800,126.4100,8599000,91.2733
2015-03-04,126.9400,127.0400,126.1600,126.4500,6478900,91.3022
2015-03-05,126.5300,126.8800,125.9000,126.2900,6045000,91.1867
2015-03-06,124.6700,124.8300,122.9700,123.5000,20022900,89.1722
2015-03-09,124.6800,124.8700,124.1300,124.6400,8889100,89.9954
2015-03-10,125.9700,126.4400,125.7600,126.2800,9277900,91.1795
2015-03-11,126.2600,127.4600,126.1200,127.2000,6663100,91.8437
2015-03-12,128.2000,128.2000,126.7200,127.1100,10295900,91.7788
2015-03-13,126.7600,127.5900,126.4900,126.7200,7247200,91.4972
2015-03-16,127.9400,128.1500,127.2700,127.9400,6374600,92.3781
2015-03-17,128.5500,129.1100,128.2800,129.0000,6314000,93.1435
2015-03-18,129.9100,131.5300,128.6100,131.4900,13981900,94.9413
2015-03-19,131.2000,131.6200,130.2700,130.8200,9543800,94.4576
2015-03-20,131.2200,131.7000,131.1400,131.5100,5953800,94.9558
2015-03-23,131.7000,131.7500,130.9900,131.3500,5555500,94.8402
2015-03-24,131.8300,132.6400,131.4800,132.6200,6713000,95.7573
2015-03-25,132.7200,132.7600,131.4600,131.5000,5635800,94.9486
2015-03-26,131.0500,131.1400,129.1800,129.4500,9536300,93.4684
2015-03-27,130.0300,131.1300,129.9800,131.0600,7907900,94.6308
2015-03-30,130.9000,131.0000,130.0900,130.4100,7010600,94.1615
2015-03-31,130.2400,130.9600,129.9100,130.6900,6844300,94.3637
2015-04-01,131.3300,132.4800,131.3000,132.1300,9273900,95.6031
2015-04-02,131.9300,131.9700,130.6100,130.7300,6663400,94.5901
2015-04-06,131.4300,131.4800,129.7200,130.0000,5923800,94.0620
2015-04-07,130.2300,131.2200,129.8500,131.0900,4764900,94.8507
2015-04-08,131.0200,131.3600,130.0200,131.1300,5378900,94.8796
2015-04-09,130.8700,130.9200,129.1300,129.4300,6484200,93.6496
2015-04-10,130.3200,130.4500,129.5500,129.6200,4843000,93.7870
2015-04-13,129.5300,129.9800,129.3900,129.8000,4010600,93.9173
2015-04-14,131.3100,131.8600,130.4800,130.7200,6075500,94.5830
2015-04-15,131.0500,131.2700,130.3200,130.6100,4425200,94.5033
2015-04-16,130.8300,130.8600,129.4100,129.9600,7085500,94.0331
2015-04-17,129.7700,131.7000,129.7000,131.4500,7268800,95.1112
2015-04-20,130.9400,131.0100,129.9300,130.2900,4949400,94.2718
2015-04-21,130.2300,130.4500,129.5600,129.7000,4563800,93.8449
2015-04-22,129.5000,129.5500,127.5400,127.7200,9707600,92.4123
2015-04-23,127.8000,128.8500,127.6100,128.2700,6843400,92.8102
2015-04-24,128.6400,129.4300,128.5900,129.0700,4773000,93.3891
2015-04-27,129.0700,129.5000,128.3700,129.0700,4334900,93.3891
2015-04-28,128.1700,128.7400,127.2600,127.2900,7464300,92.1012
2015-04-29,125.8100,126.4400,125.2800,125.7300,11554800,90.9724
2015-04-30,125.0400,126.1700,124.5100,125.9500,12876000,91.1316
2015-05-01,124.7300,125.0400,123.6900,124.0000,12378500,89.9048
2015-05-04,124.3000,124.5300,122.7200,122.8300,9144700,89.0564
2015-05-05,122.8600,123.0300,121.6900,122.6600,13935500,88.9333
2015-05-06,121.9900,122.0600,120.3700,120.5600,14355000,87.4107
2015-05-07,121.4300,122.5700,121.3500,122.1800,11933700,88.5852
2015-05-08,123.3800,123.5500,122.3100,122.5100,11716400,88.8246
2015-05-11,121.6200,121.6500,119.5000,119.5300,13738600,86.6639
2015-05-12,119.1400,120.6300,118.8200,119.8400,15861700,86.8886
2015-05-13,120.6500,120.7200,118.6400,118.8800,15760000,86.1926
2015-05-14,118.9200,119.8300,118.6900,119.2000,9128400,86.4246
2015-05-15,120.3800,121.9100,120.2900,121.5900,12630600,88.1574
2015-05-18,120.3200,120.4300,119.4700,119.5500,10208300,86.6785
2015-05-19,118.2700,119.8400,118.1300,118.4900,8435300,85.9099
2015-05-20,118.7700,119.4500,118.1800,118.6900,7789700,86.0549
2015-05-21,119.5800,120.6100,119.4500,120.3500,11760700,87.2584
2015-05-22,120.6500,120.7500,119.8000,120.4000,5417900,87.2947
2015-05-26,120.8400,122.5500,120.7400,122.4600,10469700,88.7883
2015-05-27,122.1800,122.8600,121.6100,122.7400,6490300,88.9913
2015-05-28,122.5000,123.0300,122.2200,122.4400,6237600,88.7738
2015-05-29,123.2300,123.5700,122.5100,122.7100,7912000,88.9696
2015-06-01,122.1100,122.3800,120.6900,121.1300,13108100,88.0133
2015-06-02,120.1700,120.2600,119.1100,119.4400,10076200,86.7853
2015-06-03,118.3900,118.6000,117.2000,117.5200,14810900,85.3903
2015-06-04,118.2600,119.2900,118.1400,119.0500,10859300,86.5020
2015-06-05,117.8400,118.5700,117.3800,117.6000,11200200,85.4484
2015-06-08,117.9600,118.1600,117.3700,117.4700,5334000,85.3540
2015-06-09,117.0600,117.1300,116.1100,116.5400,12393900,84.6782
2015-06-10,115.9200,116.1300,115.2600,115.5200,12183600,83.9371
2015-06-11,116.5600,117.9700,116.2400,117.9500,13849300,85.7027
2015-06-12,117.5900,119.0700,117.5500,117.9500,7863100,85.7027
2015-06-15,118.8900,119.0600,117.7400,118.1400,8194200,85.8408
2015-06-16,118.6100,119.0800,117.9400,119.0700,7046400,86.5165
2015-06-17,118.5000,118.6300,117.2500,118.1500,13626100,85.8481
2015-06-18,117.3700,117.7400,116.7500,117.5700,10123300,85.4266
2015-06-19,118.5100,119.1900,118.4900,119.0800,10439200,86.5238
2015-06-22,117.8400,118.1400,116.5900,116.6500,9769000,84.7582
2015-06-23,115.7300,116.9600,115.6900,115.9500,8945100,84.2495
2015-06-24,116.5100,117.1700,116.1600,116.9500,8600400,84.9761
2015-06-25,116.5900,117.0800,116.1900,116.5400,8287800,84.6782
2015-06-26,115.6700,115.8700,114.8800,115.2300,11673000,83.7264
2015-06-29,116.9600,118.6700,116.4600,118.2800,17132900,85.9425
2015-06-30,117.4000,118.7000,117.3300,117.4600,13469000,85.3467
2015-07-01,115.8200,116.3600,115.4300,115.6200,12451500,84.1947
2015-07-02,116.3200,116.6600,115.8800,116.0000,6682100,84.4714
2015-07-06,118.0500,118.6500,117.0600,118.1500,10605800,86.0370
2015-07-07,119.6600,120.4900,118.9500,119.2600,16160100,86.8453
2015-07-08,120.0200,120.5700,119.5000,120.2900,9951800,87.5954
2015-07-09,118.7000,119.1200,117.8500,117.9200,11108900,85.8695
2015-07-10,116.0400,116.7200,115.7600,116.0500,13636600,84.5078
2015-07-13,115.3900,116.4600,115.3900,115.6900,8006700,84.2457
2015-07-14,116.0200,116.2700,115.6600,116.0700,4227800,84.5224
2015-07-15,116.1100,117.5500,116.0400,117.3000,8720400,85.4180
2015-07-16,116.8900,118.1600,116.8700,118.1100,7306500,86.0079
2015-07-17,118.3700,118.8900,118.3600,118.7200,7404900,86.4521
2015-07-20,118.2900,118.6500,117.9000,118.2200,5941000,86.0880
2015-07-21,117.6800,118.9300,117.6600,118.8600,5627500,86.5540
2015-07-22,119.0100,119.9000,118.9500,119.6000,6228900,87.0929
2015-07-23,119.6000,121.2000,119.4500,121.0900,9087700,88.1779
2015-07-24,121.5000,121.5500,120.9200,121.3900,7307900,88.3964
2015-07-27,122.1900,122.2900,121.4800,122.0400,8172000,88.8697
2015-07-28,121.1600,121.5700,120.9000,121.1500,9128200,88.2216
2015-07-29,121.0200,121.1700,120.4200,120.7000,6706400,87.8939
2015-07-30,121.2100,121.9400,121.1500,121.6300,6146600,88.5711
2015-07-31,122.4400,122.9000,122.0600,122.5300,9178400,89.2265
2015-08-03,122.3200,123.7500,122.3200,123.5500,11753700,90.1658
2015-08-04,123.1600,123.3200,122.4600,122.5700,6448800,89.4506
2015-08-05,121.7700,121.9100,121.1900,121.6500,7574400,88.7792
2015-08-06,122.0000,122.8700,122.0000,122.7300,6118100,89.5674
2015-08-07,123.3000,124.5000,123.2400,124.3400,8317000,90.7423
2015-08-10,123.4100,123.5700,122.5200,122.8000,7461700,89.6184
2015-08-11,124.3000,125.1300,124.1600,124.7500,11145700,91.0415
2015-08-12,124.9300,125.7100,124.0000,124.0700,8455200,90.5452
2015-08-13,123.8300,124.4200,123.2200,123.6700,7691400,90.2534
2015-08-14,123.4700,124.3700,123.2000,123.9600,4324700,90.4650
2015-08-17,124.7100,125.1000,124.3900,124.5200,7880300,90.8737
2015-08-18,123.8000,124.2900,123.3800,123.5400,5024300,90.1585
2015-08-19,123.0600,124.9300,122.9900,124.7600,10736000,91.0488
2015-08-20,125.3700,126.1000,125.1800,126.0200,9078300,91.9684
2015-08-21,126.1600,126.7400,125.5900,126.4000,10718300,92.2457
2015-08-24,128.3100,128.9200,125.8200,126.3600,16663400,92.2165
2015-08-25,124.5500,124.7900,123.5600,124.3300,15354800,90.7350
2015-08-26,123.0000,123.5100,121.3600,121.9300,16429900,88.9835
2015-08-27,121.8200,122.8700,121.6500,122.0000,9127000,89.0346
2015-08-28,123.1500,123.4700,122.2300,122.3600,9946200,89.2973
2015-08-31,123.3600,123.4700,121.3400,121.4200,8617600,88.6113
2015-09-01,121.6400,122.0900,120.9800,122.0300,15298200,89.2498
2015-09-02,121.4200,121.9800,120.8600,120.9800,9515200,88.4819
2015-09-03,121.3800,121.6700,120.7100,121.5700,7042500,88.9134
2015-09-04,122.4500,122.9300,121.8200,122.6800,7951300,89.7252
2015-09-08,121.3800,121.5600,120.7600,120.8700,7049500,88.4014
2015-09-09,119.6300,121.7100,119.5600,121.4500,7441900,88.8256
2015-09-10,121.0200,121.1900,120.4500,120.6300,6789700,88.2259
2015-09-11,121.4700,122.0800,121.3300,121.3900,5890900,88.7818
2015-09-14,121.9500,122.1500,121.2800,121.5800,4221700,88.9207
2015-09-15,120.8900,121.0500,119.1200,119.2500,11895000,87.2166
2015-09-16,118.9600,119.4400,118.5500,118.8000,6949800,86.8874
2015-09-17,118.8800,120.3700,118.7300,120.2500,19843600,87.9480
2015-09-18,121.2100,122.2000,121.1300,122.1000,14963300,89.3010
2015-09-21,121.0100,121.1100,119.7800,120.1100,10085600,87.8456
2015-09-22,121.4400,122.3900,121.1400,121.7800,9968200,89.0670
2015-09-23,121.6200,122.0700,120.9900,121.7700,6769900,89.0597
2015-09-24,123.1700,123.6800,122.4900,122.6000,9605800,89.6667
2015-09-25,121.6500,121.9300,121.2700,121.5400,8383700,88.8914
2015-09-28,122.2000,123.7700,122.2000,123.6200,9833400,90.4127
2015-09-29,123.5400,124.2900,123.2500,123.9700,9006100,90.6687
2015-09-30,123.4100,123.8000,123.1200,123.5400,9832600,90.3542
2015-10-01,124.0800,124.5200,123.6600,123.8100,9069400,90.7397
2015-10-02,125.5900,126.2100,124.1800,124.5600,13000400,91.2894
2015-10-05,123.7200,123.8300,122.7800,122.8700,11362700,90.0508
2015-10-06,122.5500,123.6000,122.4100,123.4000,5687800,90.4392
2015-10-07,122.8100,123.3300,122.5100,122.9900,6712800,90.1388
2015-10-08,123.2900,123.3700,121.6600,121.9600,12882300,89.3839
2015-10-09,121.9700,122.6400,121.9000,122.2800,9038100,89.6184
2015-10-12,123.0300,123.4300,122.9100,123.2100,4241000,90.3000
2015-10-13,123.5300,123.6000,122.8000,123.4200,6147200,90.4538
2015-10-14,123.7000,124.5500,123.3000,124.5000,9738100,91.2454
2015-10-15,124.3100,124.4600,123.7800,123.8900,6924300,90.7983
2015-10-16,124.2500,124.4700,123.8700,123.9300,8048300,90.8276
2015-10-19,123.7900,123.9700,122.9100,123.5900,6238400,90.5785
2015-10-20,122.8000,122.9700,122.5500,122.8300,6431300,90.0215
2015-10-21,123.6100,124.2200,123.4700,124.0500,6603800,90.9156
2015-10-22,124.1000,124.7800,123.5100,124.2600,6934100,91.0695
2015-10-23,123.1000,123.4600,122.8500,123.2000,7058200,90.2926
2015-10-26,123.8700,124.2000,123.8100,124.0200,5859800,90.8936
2015-10-27,124.5100,124.9000,124.1600,124.3300,7156800,91.1208
2015-10-28,124.2700,124.3400,123.3000,123.8300,8468700,90.7544
2015-10-29,123.1800,123.2200,121.7000,121.8600,12108000,89.3106
2015-10-30,122.2400,122.8100,122.0200,122.7800,11861400,89.9848
2015-11-02,121.7800,122.1800,121.6800,121.9500,8751000,89.5713
2015-11-03,121.6500,121.7400,120.7900,120.9500,8921600,88.8368
2015-11-04,121.1000,121.5400,120.7000,121.0900,5980800,88.9396
2015-11-05,121.0500,121.0600,120.3000,120.7700,7268400,88.7046
2015-11-06,119.4900,119.5300,118.7400,119.0000,10604700,87.4045
2015-11-09,118.1000,118.9000,118.0000,118.3300,9159500,86.9124
2015-11-10,118.5000,119.2100,118.3800,118.6800,6712500,87.1695
2015-11-11,118.3500,118.5800,118.2700,118.4300,2857900,86.9859
2015-11-12,118.7500,119.4400,118.7000,119.0000,6805700,87.4045
2015-11-13,119.3200,119.9000,119.2200,119.6800,7906600,87.9040
2015-11-16,119.7900,120.0000,119.1300,119.5700,5485300,87.8232
2015-11-17,119.0000,120.1300,118.6600,119.7700,5122900,87.9701
2015-11-18,119.5800,120.1900,119.3600,120.0200,5233900,88.1537
2015-11-19,120.8800,121.1500,120.6800,120.8200,6643000,88.7413
2015-11-20,120.9300,121.0400,120.2800,120.4500,5971000,88.4696
2015-11-23,120.5300,121.1200,120.3200,120.8200,5436300,88.7413
2015-11-24,120.9000,121.2000,120.5800,120.8100,3371500,88.7340
2015-11-25,121.1700,121.4200,120.9500,121.0900,3280900,88.9396
2015-11-27,121.2500,121.3200,120.9600,120.9700,2570600,88.8515
2015-11-30,121.1000,121.5300,121.0600,121.4500,5179800,89.2041
2015-12-01,121.2600,122.8500,121.2600,122.8300,12766600,90.4090
2015-12-02,122.6600,123.0400,122.1900,122.8700,7345800,90.4384
2015-12-03,121.3600,121.4000,118.9900,119.5300,16612200,87.9800
2015-12-04,119.5300,120.9300,119.4700,120.5800,11843800,88.7529
2015-12-07,120.8100,122.4600,120.8000,121.7500,9016700,89.6140
2015-12-08,122.2800,122.4300,121.4500,121.8100,7257500,89.6582
2015-12-09,121.3500,122.1500,120.5100,121.6800,8993900,89.5625
2015-12-10,121.7900,122.0300,121.4900,121.8400,5606900,89.6803
2015-12-11,123.0300,124.1000,122.8700,123.7600,12300000,91.0935
2015-12-14,123.0800,123.1500,121.7500,122.1600,10661100,89.9158
2015-12-15,121.0200,121.6000,120.8300,121.4400,8795500,89.3859
2015-12-16,121.0700,122.1700,120.5000,121.1800,10988600,89.1945
2015-12-17,121.7800,122.7800,121.6400,122.5500,9923000,90.2029
2015-12-18,123.0800,123.5200,122.8200,123.2300,10171700,90.7034
2015-12-21,123.4300,123.7800,122.9200,123.2000,7494900,90.6813
2015-12-22,122.6500,122.8000,121.9900,122.3100,5445800,90.0262
2015-12-23,121.2300,121.6100,120.8700,121.3900,7287100,89.3490
2015-12-24,121.4700,121.8700,121.4000,121.8300,3364600,89.8609
2015-12-28,121.9900,122.6700,121.8500,122.1900,7586600,90.1265
2015-12-29,121.6900,121.7400,120.0100,120.1600,7787500,88.6292
2015-12-30,119.9200,120.5400,119.6700,120.0400,5508900,88.5407
2015-12-31,120.5700,120.8600,120.2500,120.5800,7897700,88.9390
2016-01-04,121.9300,122.4500,121.3200,121.4500,10591900,89.5807
2016-01-05,120.8800,121.5000,120.6600,120.9600,6242600,89.2193
2016-01-06,122.3000,122.6200,122.0500,122.5900,8916900,90.4215
2016-01-07,122.6800,122.9300,121.7900,122.8100,10202200,90.5837
2016-01-08,122.4300,123.4700,122.2300,123.3600,9577200,90.9894
2016-01-11,122.0400,122.7900,121.8600,122.0100,10040300,89.9937
2016-01-12,122.3400,124.3200,122.1500,123.7700,12897700,91.2919
2016-01-13,123.5300,125.5000,123.2700,124.9900,15577600,92.1917
2016-01-14,124.4700,124.9700,123.3400,123.8200,12873800,91.3288
2016-01-15,125.4000,125.9600,125.0800,125.7500,13976300,92.7523
2016-01-19,125.1300,126.0700,124.9500,125.3600,8926600,92.4647
2016-01-20,126.9800,127.9200,126.4200,126.6800,17283300,93.4383
2016-01-21,126.9400,127.2900,125.6700,125.8200,11001600,92.8040
2016-01-22,124.9100,125.5300,124.5200,125.3400,10164300,92.4499
2016-01-25,125.9500,126.2700,125.6500,126.0200,5738200,92.9515
2016-01-26,125.9900,126.4600,125.7500,126.0800,5692600,92.9957
2016-01-27,125.7500,126.2900,125.1900,126.0500,7957800,92.9736
2016-01-28,125.5400,126.4100,125.4600,126.2300,10575400,93.1063
2016-01-29,127.4100,127.8600,126.9200,127.3000,13170700,93.8956
2016-02-01,126.7900,127.0700,126.2900,126.6700,9948400,93.6081
2016-02-02,128.1000,129.0400,128.0000,129.0200,10400000,95.3447
2016-02-03,128.2800,129.9400,127.9200,127.9500,13309000,94.5540
2016-02-04,128.2200,128.5900,127.5100,128.5700,9953500,95.0122
2016-02-05,127.8900,129.0000,127.5900,128.7200,9200800,95.1230
2016-02-08,129.7200,131.6300,129.6800,131.4900,14452200,97.1700
2016-02-09,132.0400,132.0600,130.9600,131.6300,15232100,97.2735
2016-02-10,131.7000,132.8400,131.1100,132.7900,12797100,98.1307
2016-02-11,134.4400,135.2500,133.0100,133.7200,21620200,98.8180
2016-02-12,132.6400,133.1300,130.9300,131.5000,13888400,97.1775
2016-02-16,130.7200,130.7500,129.8100,130.1100,11766000,96.1502
2016-02-17,129.6400,129.8300,128.7100,129.3100,13157300,95.5590
2016-02-18,129.4100,131.0000,129.3600,130.9000,10196700,96.7340
2016-02-19,130.9400,131.8200,130.7300,131.0100,8188700,96.8153
2016-02-22,131.1000,131.1100,130.7000,130.9400,5054300,96.7636
2016-02-23,129.8800,131.7400,129.7800,131.4700,8320700,97.1553
2016-02-24,132.4000,133.3900,130.9500,131.2100,9091200,96.9631
2016-02-25,131.4800,132.5600,131.3200,131.6800,6097200,97.3104
2016-02-26,130.3100,130.8100,130.0400,130.4100,9245000,96.3719
2016-02-29,130.4700,131.1700,130.4200,130.9800,8016100,96.7932
2016-03-01,130.8200,130.8500,128.3200,128.4300,13729100,95.0888
2016-03-02,128.3200,128.9700,128.2100,128.9600,7047700,95.4812
2016-03-03,129.0700,129.9400,128.7700,129.4300,6394800,95.8292
2016-03-04,128.7500,129.1300,127.7600,128.6000,8687000,95.2147
2016-03-07,128.4500,128.6700,128.0500,128.5600,5493300,95.1851
2016-03-08,130.3500,130.9900,129.9500,129.9800,7175400,96.2364
2016-03-09,129.0800,129.6900,128.8100,129.1900,7194700,95.6515
2016-03-10,129.5000,129.8400,127.9200,128.6600,10091600,95.2591
2016-03-11,128.8200,128.8800,127.2100,127.3600,8927000,94.2965
2016-03-14,127.8200,128.3900,127.6600,127.7600,5177000,94.5927
2016-03-15,128.5000,128.6600,127.6100,127.8800,6413200,94.6816
2016-03-16,127.7500,128.5200,127.3700,128.2600,9728900,94.9629
2016-03-17,128.5100,129.3400,128.4900,128.7900,7805500,95.3553
2016-03-18,129.0400,129.5100,128.7000,129.0600,8198600,95.5552
2016-03-21,128.2500,128.6200,127.7500,128.0700,5514800,94.8222
2016-03-22,128.8300,129.0200,127.9200,128.0400,4997900,94.8000
2016-03-23,128.4100,129.8200,128.2900,129.4900,10628200,95.8736
2016-03-24,130.5800,130.6400,129.0000,129.5400,6343300,95.9106
2016-03-28,129.3800,130.1600,129.2800,129.7100,5058700,96.0365
2016-03-29,130.3800,131.0900,130.0200,131.0700,9396700,97.0434
2016-03-30,130.0300,130.0700,128.9800,129.6900,8478700,96.0217
2016-03-31,129.9800,130.8100,129.7900,130.6100,7832300,96.7029
2016-04-01,130.9800,131.1300,129.9000,130.6800,9341400,96.9551
2016-04-04,130.7900,130.9700,130.2700,130.7600,5145100,97.0145
2016-04-05,132.0100,132.3600,131.7800,132.1900,6482800,98.0754
2016-04-06,131.5300,131.6700,130.7400,131.2300,6393700,97.3632
2016-04-07,132.1900,132.9900,132.0100,132.8500,5963300,98.5651
2016-04-08,132.1700,132.4000,131.6400,132.0100,5584800,97.9419
2016-04-11,131.3200,132.1800,131.1100,131.8400,4805500,97.8157
2016-04-12,131.0800,131.5500,130.5300,130.9300,4276000,97.1406
2016-04-13,130.6900,131.5800,130.5200,131.3900,5207900,97.4818
2016-04-14,130.9100,131.3100,130.4900,130.7600,6967000,97.0145
2016-04-15,131.2900,132.1600,131.2500,131.8800,5831100,97.8454
2016-04-18,131.3300,131.4400,130.6600,131.3100,4486600,97.4225
2016-04-19,131.0800,131.3100,130.2900,130.9000,5212200,97.1183
2016-04-20,131.1600,131.6500,129.2700,129.4600,10920700,96.0499
2016-04-21,128.4400,129.0700,128.2900,128.6900,11154200,95.4787
2016-04-22,128.8500,128.9100,128.2400,128.3600,5826400,95.2338
2016-04-25,128.0600,128.5200,127.8300,127.8300,5539500,94.8406
2016-04-26,127.7600,127.7600,127.1200,127.2500,7840000,94.4103
2016-04-27,127.9200,128.8200,127.6200,128.5200,8380100,95.3525
2016-04-28,128.2100,129.1400,128.0400,129.0500,7974600,95.7458
2016-04-29,128.4500,129.7100,128.2000,129.3800,7416300,95.9906
2016-05-02,128.6600,128.9000,127.8000,127.8200,11035200,95.0241
2016-05-03,129.5500,130.0200,129.3500,129.4300,10736700,96.2211
2016-05-04,129.6800,130.1700,129.1900,130.1400,7211200,96.7489
2016-05-05,130.0600,131.0700,129.7000,131.0100,7870400,97.3956
2016-05-06,130.8500,130.8600,130.2900,130.4500,7232500,96.9793
2016-05-09,130.4600,130.8900,130.3200,130.8600,4950800,97.2841
2016-05-10,130.8500,131.1200,130.6500,130.8700,4331900,97.2915
2016-05-11,130.8300,132.0000,130.6600,131.6100,9256000,97.8417
2016-05-12,130.6600,131.1700,130.5900,131.0100,6087400,97.3956
2016-05-13,131.4800,132.3200,131.2300,132.2800,8707300,98.3398
2016-05-16,131.6400,131.6600,130.9800,131.1400,5137000,97.4923
2016-05-17,131.2100,131.8300,131.2100,131.3600,4449100,97.6559
2016-05-18,130.8100,130.8500,128.9100,129.4900,12681000,96.2657
2016-05-19,129.6800,130.3300,129.6500,130.0500,6209400,96.6820
2016-05-20,129.6500,130.4000,129.5500,130.1500,5348900,96.7563
2016-05-23,130.3600,130.7300,129.9200,130.4400,6979700,96.9719
2016-05-24,129.9700,130.1900,129.2400,129.8600,5968200,96.5407
2016-05-25,129.8300,130.2500,129.3100,129.3700,6367400,96.1765
2016-05-26,129.8100,130.4500,129.8000,130.0400,5419300,96.6746
2016-05-27,130.0700,130.2600,129.7000,129.8500,5267600,96.5333
2016-05-31,129.0200,130.4400,128.9800,130.1600,8344300,96.7638
2016-06-01,130.6300,131.2700,130.1100,130.4200,9874900,97.1563
2016-06-02,130.9000,131.6900,130.8700,131.3600,5835400,97.8566
2016-06-03,132.8600,133.2300,132.6000,133.2300,11077200,99.2496
2016-06-06,132.7800,132.8900,132.1000,132.2400,7573700,98.5121
2016-06-07,132.6400,132.9800,132.5400,132.5600,4680200,98.7505
2016-06-08,132.8700,133.4300,132.7100,133.2700,5313200,99.2794
2016-06-09,134.3200,134.5400,133.9300,134.1300,6820300,99.9201
2016-06-10,134.7900,135.3300,134.2600,134.7800,6984600,100.4043
2016-06-13,135.0900,135.3900,134.7700,135.3800,7283300,100.8513
2016-06-14,136.1900,136.2200,135.2200,135.2800,9012500,100.7768
2016-06-15,135.5200,136.2300,135.3100,135.8000,7953200,101.1642
2016-06-16,136.7400,137.5600,136.1800,136.4600,10372700,101.6558
2016-06-17,136.2000,136.2700,135.2600,135.6100,8489900,101.0226
2016-06-20,134.2400,134.5500,134.0100,134.1600,7365900,99.9425
2016-06-21,134.2900,134.5800,133.4600,133.5400,6005800,99.4806
2016-06-22,133.5000,133.9900,133.2500,133.7600,5773700,99.6444
2016-06-23,132.6100,133.3200,132.0800,132.2300,9029100,98.5047
2016-06-24,136.6100,136.6100,135.3000,135.7800,17155000,101.1493
2016-06-27,138.4400,139.5900,138.4000,139.1700,16577100,103.6746
2016-06-28,139.4400,139.9000,138.8800,139.4600,14006400,103.8907
2016-06-29,139.6800,140.1300,138.2600,138.3900,12999800,103.0936
2016-06-30,138.8100,139.9400,138.0900,138.9000,14698500,103.4735
2016-07-01,140.8100,140.8200,139.1900,140.5700,15430200,104.9101
2016-07-05,141.8500,142.9100,141.7000,142.3300,8840800,106.2237
2016-07-06,142.7900,143.0000,141.9600,142.5600,14352800,106.3953
2016-07-07,142.0900,143.1900,141.7800,142.5500,9676400,106.3879
2016-07-08,142.9200,143.6200,142.3600,143.6000,10355300,107.1715
2016-07-11,143.0500,143.4700,142.2400,142.3400,8099000,106.2311
2016-07-12,140.4200,140.8600,139.6400,140.0000,15810600,104.4848
2016-07-13,141.3700,141.7700,140.9500,141.6500,8181700,105.7162
2016-07-14,139.2800,139.8400,139.0900,139.5900,10817000,104.1788
2016-07-15,138.8900,139.1100,138.1800,138.3900,9958600,103.2832
2016-07-18,139.0700,139.2600,137.7300,138.2600,5955900,103.1862
2016-07-19,138.9400,139.3100,138.4000,139.0400,8073900,103.7683
2016-07-20,138.2300,138.5100,137.9100,138.2800,6942500,103.2011
2016-07-21,137.0400,138.6200,136.9900,138.5600,10398400,103.4101
2016-07-22,137.9300,139.2400,137.8700,138.8000,5811400,103.5892
2016-07-25,138.9400,139.2600,138.5900,138.7000,4243800,103.5145
2016-07-26,139.5200,139.5200,138.4600,138.9200,5243400,103.6787
2016-07-27,139.5500,140.6500,139.4000,140.6500,8508100,104.9699
2016-07-28,139.8000,140.8400,139.7100,140.3900,7336100,104.7758
2016-07-29,140.4500,141.6800,140.2200,141.5600,8766700,105.6490
2016-08-01,139.7800,140.5000,139.6100,139.7700,9809300,104.5035
2016-08-02,137.8300,139.2600,137.5000,138.3300,10051200,103.4269
2016-08-03,138.6000,138.7800,137.9100,138.4100,4930600,103.4867
2016-08-04,139.4600,140.1600,139.2700,139.4500,5646000,104.2643
2016-08-05,139.0500,139.1800,137.8200,138.0000,7778600,103.1802
2016-08-08,137.6000,138.5400,137.3200,138.2600,5185200,103.3746
2016-08-09,138.7100,139.7200,138.6200,139.6200,5503200,104.3915
2016-08-10,139.9000,140.5100,139.4700,140.1600,5843500,104.7952
2016-08-11,140.0600,140.0800,138.5400,138.9100,7624600,103.8606
2016-08-12,140.4100,140.8600,139.8700,140.0800,7989600,104.7354
2016-08-15,139.3400,139.6300,138.7500,138.7600,5108600,103.7484
2016-08-16,138.9800,139.1500,138.2300,138.3900,6182700,103.4718
2016-08-17,138.6300,139.4400,138.5000,139.2200,5002000,104.0923
2016-08-18,139.2000,139.7600,138.7900,139.4400,3805200,104.2568
2016-08-19,138.6400,139.0500,138.1000,138.7100,5516300,103.7110
2016-08-22,139.6500,140.1400,139.3700,139.8800,5549700,104.5858
2016-08-23,140.2700,140.5900,139.6700,140.0300,6841400,104.6980
2016-08-24,140.1000,140.1900,139.3900,139.7000,6027800,104.4512
2016-08-25,139.2600,139.7800,138.9600,139.1700,5855500,104.0550
2016-08-26,139.7300,140.6900,138.2200,138.3600,12962500,103.4493
2016-08-29,139.3800,140.3500,139.2100,140.2100,7310400,104.8326
2016-08-30,140.1700,140.2600,139.6700,139.6700,5161800,104.4288
2016-08-31,139.6600,140.1700,139.3400,139.8700,7349700,104.5783
2016-09-01,138.6200,140.1000,138.5700,139.7700,9149100,104.6936
2016-09-02,138.9600,139.0500,138.1700,138.6300,8397000,103.8398
2016-09-06,138.7100,140.0800,138.5100,139.6400,8542600,104.5963
2016-09-07,140.3700,140.4200,139.5400,139.5400,5421800,104.5214
2016-09-08,138.8600,139.2700,137.2600,137.7900,14301500,103.2105
2016-09-09,136.0700,136.1200,135.4100,135.5200,13347700,101.5103
2016-09-12,135.3200,135.8300,135.1600,135.5900,9096600,101.5627
2016-09-13,135.8700,136.0000,133.3600,134.0500,15645400,100.4091
2016-09-14,134.0500,134.9100,134.0500,134.2500,7037700,100.5590
2016-09-15,133.6100,134.0500,133.0300,133.6700,9874500,100.1246
2016-09-16,134.5800,134.8100,134.2200,134.7500,7507900,100.9335
2016-09-19,134.5200,134.8700,134.2500,134.3100,7105900,100.6039
2016-09-20,135.1500,135.5800,134.6700,134.7800,6054800,100.9560
2016-09-21,134.6000,135.8900,134.1800,135.8700,10698100,101.7724
2016-09-22,136.6700,137.2900,136.5000,136.9500,12426200,102.5814
2016-09-23,137.0300,137.3400,136.7100,136.8200,5928800,102.4840
2016-09-26,137.0700,137.8300,137.0200,137.6900,8661300,103.1357
2016-09-27,138.5900,138.8000,137.9500,138.7000,9450400,103.8922
2016-09-28,138.5000,139.1500,138.2200,138.4000,7958700,103.6675
2016-09-29,137.5600,139.0700,137.4500,138.7500,8319800,103.9297
2016-09-30,138.5500,138.6400,136.8700,137.5100,11747100,103.0008
2016-10-03,137.6800,137.7700,136.7600,136.8100,7588800,102.6609
2016-10-04,136.6200,136.8400,135.1600,135.2100,12048700,101.4603
2016-10-05,135.0200,135.0800,134.1200,134.5800,8917700,100.9876
2016-10-06,133.9700,134.6900,133.6800,133.8300,7839900,100.4247
2016-10-07,133.9300,134.2900,133.0900,133.9200,9953200,100.4923
2016-10-10,132.8500,133.1600,132.5100,133.1300,6089100,99.8995
2016-10-11,132.8600,133.5500,132.5700,132.8300,9670400,99.6744
2016-10-12,132.6700,133.0200,132.2400,132.9600,7582400,99.7719
2016-10-13,133.6400,133.9300,133.3700,133.4600,7080600,100.1471
2016-10-14,132.2700,132.9500,131.5300,131.5900,11415100,98.7439
2016-10-17,132.1000,132.7400,132.0900,132.4300,10595900,99.3742
2016-10-18,131.8600,132.8900,131.8300,132.8600,7151000,99.6969
2016-10-19,132.3700,133.2700,132.3200,132.9700,6941300,99.7795
2016-10-20,133.6400,133.7500,132.9000,133.1100,6082300,99.8845
2016-10-21,133.5200,133.7200,132.8700,133.3100,9222700,100.0346
2016-10-24,133.4100,133.4500,132.2900,132.7300,6507500,99.5993
2016-10-25,132.5300,133.5600,132.4900,133.0800,5134700,99.8620
2016-10-26,132.4600,132.8000,131.9900,132.1800,5842500,99.1866
2016-10-27,131.0700,131.0700,130.0600,130.7400,10044700,98.1061
2016-10-28,130.3900,130.9300,130.3300,130.4500,7541000,97.8884
2016-10-31,130.8900,131.2900,130.7100,131.2500,7047500,98.4888
2016-11-01,130.1600,131.6000,129.8800,131.0100,12622400,98.4963
2016-11-02,131.3000,132.1100,131.0300,131.5800,8666200,98.9248
2016-11-03,130.7500,131.0500,130.4400,130.5700,6085400,98.1655
2016-11-04,131.2700,131.7900,131.1300,131.7400,7622600,99.0451
2016-11-07,130.7500,131.0000,130.4400,130.6200,5386700,98.2031
2016-11-08,131.0200,131.2100,129.7100,130.0900,7576500,97.8046
2016-11-09,127.2200,127.3700,124.2200,124.5700,31233500,93.6545
2016-11-10,123.9700,124.9600,122.7200,122.7300,22961200,92.2712
2016-11-11,122.9600,123.0500,121.6500,122.0400,10040200,91.7525
2016-11-14,121.2800,122.6600,120.7300,121.3100,21174400,91.2036
2016-11-15,122.2200,122.8100,121.7800,121.9100,11963700,91.6547
2016-11-16,122.3000,123.1400,122.1700,123.0100,9149500,92.4817
2016-11-17,121.9500,122.1100,120.9900,121.2000,11221600,91.1209
2016-11-18,121.6300,121.9700,120.3400,120.8500,13577700,90.8577
2016-11-21,121.2100,121.4800,120.8900,121.1500,6488100,91.0833
2016-11-22,121.6600,121.7600,120.8800,121.1100,9989900,91.0532
2016-11-23,119.9900,120.9100,119.2500,120.6400,13563500,90.6998
2016-11-25,121.1900,121.2900,120.4000,120.8200,3126300,90.8352
2016-11-28,121.4100,121.7300,121.0900,121.7100,8555000,91.5043
2016-11-29,121.4400,122.4000,121.2100,122.2200,8363000,91.8878
2016-11-30,119.9700,121.0100,119.4800,120.2400,21163500,90.3991
2016-12-01,118.5100,118.9900,117.6400,118.7300,21715700,89.4447
2016-12-02,119.1700,120.2100,119.1400,119.6000,12487500,90.1001
2016-12-05,118.9300,120.4000,118.4500,119.4700,12100100,90.0022
2016-12-06,119.3400,119.9400,119.1200,119.3800,11526600,89.9343
2016-12-07,119.8200,120.6200,119.8200,120.4000,10392200,90.7028
2016-12-08,119.1500,119.3100,118.7800,118.9800,12041100,89.6330
2016-12-09,118.6400,118.8600,117.2800,117.5000,14646400,88.5181
2016-12-12,117.2700,117.8000,116.8800,117.7200,9496300,88.6838
2016-12-13,118.4000,118.4900,117.4400,118.1400,12189200,89.0002
2016-12-14,119.0800,119.2100,116.8000,116.8200,16618400,88.0057
2016-12-15,117.5600,118.2900,117.0300,117.4100,12400500,88.4503
2016-12-16,117.6100,117.9200,116.8000,117.1400,14924600,88.2468
2016-12-19,117.9800,118.5800,117.7400,118.4000,10868300,89.1960
2016-12-20,117.6300,117.9000,117.3800,117.8100,7030600,88.7516
2016-12-21,117.9200,118.4000,117.7300,118.3300,4624700,89.1433
2016-12-22,117.5300,118.0000,117.5000,117.8100,5177800,88.9840
2016-12-23,118.2400,118.3900,117.9500,118.0500,4461600,89.1652
2016-12-27,117.4200,117.7000,117.2300,117.6700,5276600,88.8782
2016-12-28,117.8600,118.8800,117.7000,118.5300,7578600,89.5278
2016-12-29,118.8000,119.2700,118.6600,118.9500,8581400,89.8450
2016-12-30,118.7800,119.6500,118.7200,119.1300,10613900,89.9810
2017-01-03,118.4100,119.9900,118.1800,119.6400,13217300,90.3662
2017-01-04,119.7600,120.2400,119.4500,120.1000,6699600,90.7136
2017-01-05,120.4500,122.0300,120.1700,121.9800,13265800,92.1336
2017-01-06,121.1300,121.5400,120.7500,120.8600,8369300,91.2877
2017-01-09,121.8800,122.0000,121.4600,121.8300,8839100,92.0204
2017-01-10,121.5500,121.9100,121.2800,121.7500,8417900,91.9599
2017-01-11,121.9400,122.6900,121.4100,122.1600,9402500,92.2696
2017-01-12,122.8000,123.1400,121.8300,121.8900,9977600,92.0657
2017-01-13,121.3300,121.7500,120.6200,121.3100,9820000,91.6275
2017-01-17,122.8100,122.9400,121.9900,122.5800,7853300,92.5868
2017-01-18,121.7700,121.9600,120.9100,121.0100,9064700,91.4010
2017-01-19,120.4900,120.5800,119.5500,120.1800,11795600,90.7740
2017-01-20,119.8400,120.3100,119.2900,119.9400,16953200,90.5928
2017-01-23,120.3400,121.8700,120.0200,121.1400,13118400,91.4991
2017-01-24,120.7700,121.1300,119.8000,120.3100,8395000,90.8722
2017-01-25,119.2800,119.6000,118.5600,118.8000,11115100,89.7317
2017-01-26,118.9100,119.2600,118.3300,119.2000,7827900,90.0338
2017-01-27,119.4000,119.8300,119.2500,119.6300,7197800,90.3586
2017-01-30,119.4400,119.8800,119.2000,119.2700,6569500,90.0867
2017-01-31,119.3300,120.4000,119.2500,120.1000,13298500,90.7136
2017-02-01,119.1000,119.5300,118.5800,119.1000,10975500,90.1527
2017-02-02,119.9300,120.1400,119.0000,119.0500,6978600,90.1148
2017-02-03,119.4400,119.8700,118.4700,119.0000,10275600,90.0770
2017-02-06,119.7600,120.1300,119.1200,119.7200,8433800,90.6220
2017-02-07,119.7800,121.0100,119.4700,120.6000,8418400,91.2881
2017-02-08,121.4200,122.2700,121.4100,122.2400,15734200,92.5296
2017-02-09,121.4100,121.5900,120.6600,120.8300,16890600,91.4623
2017-02-10,120.1100,120.9500,120.1100,120.7600,7978500,91.4093
2017-02-13,120.2500,120.4100,119.8800,120.3800,11536800,91.1216
2017-02-14,120.2400,120.3000,118.8300,119.5100,13210500,90.4631
2017-02-15,118.7600,119.2200,118.6500,118.9600,8481000,90.0468
2017-02-16,119.2200,120.2100,119.1200,119.6100,10005800,90.5387
2017-02-17,120.6100,120.7000,120.1300,120.3200,7886400,91.0762
2017-02-21,119.6800,120.6100,119.6000,120.1100,8703800,90.9172
2017-02-22,120.8000,120.8200,119.5900,120.3100,8101500,91.0686
2017-02-23,120.5700,120.7400,120.3300,120.6700,5330800,91.3411
2017-02-24,121.3500,122.1400,121.2600,122.0100,11336000,92.3555
2017-02-27,121.8100,121.9000,121.2300,121.2900,11039800,91.8104
2017-02-28,121.5000,122.0800,121.3200,121.7400,8410500,92.1511
2017-03-01,119.4400,119.5500,118.9500,119.4700,10717100,90.6069
2017-03-02,119.0100,119.2100,118.6200,119.0400,8201200,90.2809
2017-03-03,119.2300,119.3500,118.5500,119.3500,9515200,90.5160
2017-03-06,119.1200,119.1200,118.5200,118.7800,4489200,90.0836
2017-03-07,118.4800,118.6800,118.2500,118.4200,7080100,89.8106
2017-03-08,117.3100,117.9500,117.2300,117.7800,11336300,89.3253
2017-03-09,117.3400,117.4800,116.7700,116.8400,10575400,88.6124
2017-03-10,117.1400,117.3200,116.6800,117.2500,9218500,88.9233
2017-03-13,116.8300,117.0900,116.4900,116.5100,6993100,88.3621
2017-03-14,116.7700,117.3500,116.7100,117.0700,9869200,88.7868
2017-03-15,117.5600,118.8300,117.4300,118.5000,14600500,89.8713
2017-03-16,117.9900,118.1500,117.6300,117.9000,8018200,89.4163
2017-03-17,118.1100,118.7500,118.0300,118.6400,7266800,89.9775
2017-03-20,118.5500,119.2300,118.5000,119.1500,5497800,90.3643
2017-03-21,119.0500,120.3000,119.0200,120.1400,12540700,91.1151
2017-03-22,120.7200,121.1700,120.4300,120.6200,11661400,91.4791
2017-03-23,120.8300,121.0200,120.0600,120.4500,6746500,91.3502
2017-03-24,120.5300,121.1000,120.4000,120.8800,5819600,91.6763
2017-03-27,121.8300,121.9700,121.1900,121.4300,6878500,92.0934
2017-03-28,121.7900,121.8200,120.4900,120.6200,6811200,91.4791
2017-03-29,120.9400,121.3800,120.8800,121.3400,6291000,92.0252
2017-03-30,121.0700,121.0900,120.3200,120.3600,7042400,91.2819
2017-03-31,120.2800,120.8100,120.2100,120.7100,5144800,91.5474
2017-04-03,120.4500,121.8700,120.4000,121.6700,12996500,92.4708
2017-04-04,121.3700,121.5900,120.9500,121.0100,6976700,91.9692
2017-04-05,120.5600,121.5200,120.3600,121.3800,8555200,92.2504
2017-04-06,121.2400,121.4100,120.5200,121.2000,6497000,92.1136
2017-04-07,121.8400,122.2500,120.6900,120.7100,10270000,91.7412
2017-04-10,121.1400,121.6200,121.0000,121.2700,5314500,92.1668
2017-04-11,121.8000,122.6500,121.7200,122.4200,11297400,93.0408
2017-04-12,122.5100,123.1900,122.2900,123.0900,11532500,93.5500
2017-04-13,123.4500,123.7400,122.9100,123.4700,8396700,93.8388
2017-04-17,123.4600,123.5500,122.8600,123.0900,8015000,93.5500
2017-04-18,123.8600,124.9800,123.5500,124.7000,11529700,94.7737
2017-04-19,124.1000,124.1700,123.7000,124.0200,7344000,94.2568
2017-04-20,123.5200,123.9200,123.1400,123.5400,7932900,93.8920
2017-04-21,123.8200,124.2400,123.4900,123.5400,9798500,93.8920
2017-04-24,122.5500,123.1600,122.4600,122.9300,8066400,93.4284
2017-04-25,122.2100,122.4600,121.3800,121.4500,8122300,92.3036
2017-04-26,121.5200,122.1400,121.4300,122.1200,5766200,92.8128
2017-04-27,121.7500,122.3500,121.5800,122.0800,4978300,92.7824
2017-04-28,121.6000,122.4400,121.5500,122.3500,8166300,92.9877
2017-05-01,121.6900,122.1400,120.7100,121.0800,8795900,92.2146
2017-05-02,120.9700,121.7800,120.9400,121.7000,6727800,92.6867
2017-05-03,122.2200,122.3900,121.5500,121.7800,8932900,92.7477
2017-05-04,121.0100,121.2200,120.6700,121.1800,9707200,92.2907
2017-05-05,121.3800,121.4700,120.8900,121.2900,5605400,92.3746
2017-05-08,121.1100,121.1400,120.5300,120.6300,8057800,91.8719
2017-05-09,120.3800,120.6300,120.1400,120.6200,5536700,91.8643
2017-05-10,120.9100,121.0600,120.1600,120.4800,6517000,91.7577
2017-05-11,120.0000,120.5700,119.9100,120.4800,7479800,91.7577
2017-05-12,121.0100,121.4900,120.9800,121.3900,7463900,92.4507
2017-05-15,121.0600,121.2100,120.7500,121.0600,5173200,92.1993
2017-05-16,121.1100,121.8900,121.1100,121.5100,6722700,92.5421
2017-05-17,122.6300,123.5400,122.3900,123.2800,11236400,93.8901
2017-05-18,123.7500,123.9400,123.1900,123.4200,8350500,93.9967
2017-05-19,123.3600,123.7800,123.0100,123.7100,11277400,94.2176
2017-05-22,123.4100,123.5600,123.2600,123.3700,4062900,93.9587
2017-05-23,123.5100,123.6200,122.4800,122.5400,7901300,93.3265
2017-05-24,122.8000,123.2600,122.5400,123.2300,7355200,93.8520
2017-05-25,123.0200,123.2800,122.7600,123.2700,6464800,93.8825
2017-05-26,123.5500,123.7400,123.2500,123.4800,2963800,94.0424
2017-05-30,124.0300,124.1400,123.7400,124.0900,4819400,94.5070
2017-05-31,124.0500,124.6500,124.0300,124.4000,8000200,94.7431
2017-06-01,123.7000,124.1900,123.6600,124.1500,9037300,94.7530
2017-06-02,125.2200,125.7700,125.0500,125.6200,13245000,95.8749
2017-06-05,124.9000,125.1600,124.7800,124.8400,6775500,95.2796
2017-06-06,125.6900,125.8700,125.4000,125.5200,12841500,95.7986
2017-06-07,125.2400,125.5200,124.7900,124.9200,12852400,95.3407
2017-06-08,124.8800,124.8800,124.3000,124.5900,8758600,95.0888
2017-06-09,124.0800,124.6400,123.9800,124.4000,5130500,94.9438
2017-06-12,124.2100,124.9900,124.1400,124.3600,4335800,94.9133
2017-06-13,124.0100,124.5200,123.9900,124.3800,4742600,94.9286
2017-06-14,125.9200,126.7100,125.7300,126.3000,20212300,96.3940
2017-06-15,126.0900,126.3300,125.8300,126.1000,5863700,96.2413
2017-06-16,126.0800,126.4400,126.0100,126.3500,6672500,96.4321
2017-06-19,126.3200,126.4800,126.0300,126.1700,5641300,96.2947
2017-06-20,126.7900,127.4000,126.7900,127.3000,8405700,97.1571
2017-06-21,127.1100,127.6400,126.9100,127.5600,5914800,97.3556
2017-06-22,127.7100,127.8700,127.3100,127.8400,6608100,97.5693
2017-06-23,127.4700,127.9000,127.4000,127.7800,4329900,97.5235
2017-06-26,128.2700,128.5700,128.1600,128.2600,5541600,97.8898
2017-06-27,127.4300,127.4900,126.6200,126.8900,8354200,96.8442
2017-06-28,126.6700,126.7100,125.9800,126.4700,7357900,96.5237
2017-06-29,125.0100,125.7200,124.9000,125.4100,9115800,95.7147
2017-06-30,125.1900,125.3900,124.8500,125.1200,10189800,95.4933
2017-07-03,125.0000,125.0400,124.0200,124.4600,11021100,95.1859
2017-07-05,124.2000,124.6500,124.1200,124.4900,11394500,95.2089
2017-07-06,123.5200,123.6400,122.9300,123.4600,10853100,94.4211
2017-07-07,122.8400,123.0300,122.5900,122.7200,9401800,93.8552
2017-07-10,122.8700,123.1000,122.6800,122.9000,3859200,93.9929
2017-07-11,122.8600,123.3300,122.7100,123.1100,4425600,94.1534
2017-07-12,123.8900,124.0400,123.4900,123.9600,7839900,94.8035
2017-07-13,123.6000,123.6500,122.8100,123.1800,7449300,94.2069
2017-07-14,124.1000,124.1600,123.1200,123.3300,6566800,94.3217
2017-07-17,123.3300,123.9900,123.2700,123.6700,4737300,94.5817
2017-07-18,124.4300,124.7700,124.2300,124.7500,9163000,95.4077
2017-07-19,124.7800,125.0100,124.5900,124.8000,5140900,95.4459
2017-07-20,125.4900,125.7300,124.9700,125.1600,12239100,95.7213
2017-07-21,125.7300,126.0300,125.5700,125.6900,6201500,96.1266
2017-07-24,125.4500,125.6600,125.1600,125.2000,5378500,95.7518
2017-07-25,124.1400,124.1900,123.4700,123.5700,9743300,94.5052
2017-07-26,123.2700,124.0900,123.0800,123.7700,8459500,94.6582
2017-07-27,123.1100,123.3800,122.8200,123.1600,6390800,94.1917
2017-07-28,123.2700,123.9900,123.2600,123.8900,5491800,94.7500
2017-07-31,123.4600,124.0500,123.4000,124.0400,5464600,94.8647
2017-08-01,123.1800,124.7100,123.1600,124.6400,9676800,95.5307
2017-08-02,124.7700,125.1700,124.6800,124.7100,5745600,95.5844
2017-08-03,125.2900,126.0200,125.2600,126.0000,10324500,96.5731
2017-08-04,125.1500,125.1800,124.4400,124.9300,8485500,95.7530
2017-08-07,124.8400,125.1000,124.6100,125.0700,4684600,95.8603
2017-08-08,124.8700,124.9800,124.1500,124.6200,6197400,95.5154
2017-08-09,125.9300,125.9500,125.2000,125.3000,9221800,96.0366
2017-08-10,125.6200,126.4400,125.5200,126.3700,10378200,96.8567
2017-08-11,125.7700,126.4600,125.5500,126.4300,5717800,96.9027
2017-08-14,125.9900,126.2800,125.7300,125.7800,5111000,96.4045
2017-08-15,124.7300,125.5400,124.7100,125.2500,7473200,95.9983
2017-08-16,124.8300,126.0200,124.8100,125.7100,5283800,96.3508
2017-08-17,125.7000,126.6800,125.5100,126.6500,9364700,97.0713
2017-08-18,126.9800,127.1500,126.2600,126.6200,8382500,97.0483
2017-08-21,126.7700,127.0200,126.5000,126.9300,7669800,97.2859
2017-08-22,126.7900,126.8100,126.2700,126.4400,6140700,96.9104
2017-08-23,127.0400,127.3100,126.7600,127.3000,7446400,97.5695
2017-08-24,126.8800,127.3100,126.7200,126.8300,5569400,97.2093
2017-08-25,127.0200,127.4500,126.8700,127.3200,7303300,97.5848
2017-08-28,126.9200,127.3900,126.7300,127.2400,4448500,97.5235
2017-08-29,128.4600,128.5200,127.3100,127.6500,7659400,97.8378
2017-08-30,127.4600,127.7400,127.3400,127.6100,4735200,97.8071
2017-08-31,127.6400,128.0300,127.5700,127.9900,7978400,98.0984
2017-09-01,127.3100,127.3400,126.4300,126.7500,14128600,97.3480
2017-09-05,127.6900,128.8000,127.6900,128.7600,15215700,98.8917
2017-09-06,128.7200,129.0000,127.7400,127.9700,9066400,98.2850
2017-09-07,128.3300,129.5700,128.3300,129.2800,13618900,99.2911
2017-09-08,129.1100,129.1600,128.5700,129.0000,9808500,99.0761
2017-09-11,127.8700,128.0500,127.2600,127.4600,17856700,97.8933
2017-09-12,127.0500,127.0900,126.5300,126.7900,7557400,97.3787
2017-09-13,126.9100,126.9200,126.2800,126.2900,6740000,96.9947
2017-09-14,126.3700,126.8300,126.3300,126.8100,6674500,97.3941
2017-09-15,127.0000,127.0100,126.5400,126.8600,9769200,97.4325
2017-09-18,126.5000,126.5700,125.8400,126.1300,6863000,96.8718
2017-09-19,126.2800,126.3100,125.7300,125.8200,5554900,96.6337
2017-09-20,125.9700,126.0500,125.3300,125.9100,8037000,96.7028
2017-09-21,126.1600,126.5600,125.8200,125.8400,6147800,96.6491
2017-09-22,126.5000,126.7300,126.0600,126.2000,5660700,96.9256
2017-09-25,126.3200,127.2700,126.2000,126.9900,9679000,97.5323
2017-09-26,126.7700,126.8900,126.4300,126.7600,7251900,97.3557
2017-09-27,124.8700,125.3000,124.6100,124.8500,12145700,95.8887
2017-09-28,124.2100,124.6500,123.9700,124.4800,8883700,95.6046
2017-09-29,124.7600,125.0300,124.2700,124.7600,11285500,95.8196
2017-10-02,124.8100,125.0000,124.2400,124.2800,7860700,95.6442
2017-10-03,123.9200,124.5100,123.9200,124.4000,6219800,95.7365
2017-10-04,124.5300,124.5900,123.8800,124.4100,7447000,95.7442
2017-10-05,124.2700,124.3000,123.6900,123.9400,8180300,95.3825
2017-10-06,123.2900,124.1000,123.0300,123.5900,10375000,95.1131
2017-10-09,123.7800,124.0600,123.6400,123.9800,3590900,95.4133
2017-10-10,124.1400,124.8700,124.0200,124.1800,6666800,95.5672
2017-10-11,124.5700,124.6600,124.2600,124.4200,4385900,95.7519
2017-10-12,124.5500,124.9800,124.2400,124.9500,7141600,96.1598
2017-10-13,125.5800,125.9400,125.1700,125.8500,7746900,96.8524
2017-10-16,125.5300,125.9000,125.3800,125.7600,5737300,96.7831
2017-10-17,125.3900,126.0900,125.3900,125.9200,4969600,96.9062
2017-10-18,125.0500,125.1800,124.6800,125.0900,5943800,96.2675
2017-10-19,125.7400,126.0100,125.2700,125.3100,8966500,96.4368
2017-10-20,124.0000,124.2800,123.6400,123.9800,12326900,95.4133
2017-10-23,124.1600,124.4900,124.0200,124.2000,6871100,95.5826
2017-10-24,123.3700,123.6900,123.1500,123.4300,6842800,94.9900
2017-10-25,122.5300,122.9800,122.4200,122.8400,9961400,94.5360
2017-10-26,123.0600,123.0600,122.4300,122.4300,8179400,94.2204
2017-10-27,122.9400,123.3300,122.7500,123.2400,10480900,94.8438
2017-10-30,123.8600,124.4600,123.5600,124.4200,9051600,95.7519
2017-10-31,124.5300,124.6600,124.4000,124.4600,4424300,95.7826
2017-11-01,124.3500,125.1400,124.3000,124.7500,8940400,96.2091
2017-11-02,125.0000,125.5200,124.9200,125.3000,7222700,96.6333
2017-11-03,125.4700,125.7000,125.1400,125.6400,10984100,96.8955
2017-11-06,125.9300,126.2200,125.7200,126.1100,6246700,97.2580
2017-11-07,126.2300,126.7800,126.1300,126.6400,6422700,97.6667
2017-11-08,126.5900,126.8000,126.2100,126.3600,3356200,97.4508
2017-11-09,125.8700,126.2400,125.5500,126.0000,6280400,97.1732
2017-11-10,124.7100,124.8400,123.9600,124.1000,11981000,95.7079
2017-11-13,124.8000,124.8100,124.3100,124.3600,5880800,95.9084
2017-11-14,124.7700,125.2400,124.7700,125.2000,6195900,96.5562
2017-11-15,126.0600,126.6700,125.6400,126.5600,9568200,97.6050
2017-11-16,126.0100,126.3300,125.4500,125.4600,5894900,96.7567
2017-11-17,126.0700,126.4400,125.9600,126.3900,6938800,97.4740
2017-11-20,125.9100,126.3800,125.9100,126.3400,4232300,97.4354
2017-11-21,127.0900,127.2900,126.3100,126.7400,5818400,97.7439
2017-11-22,126.6200,127.2000,126.5100,127.1500,4140700,98.0600
2017-11-24,126.9300,127.0300,126.6900,126.8000,3141400,97.7902
2017-11-27,126.8600,127.0500,126.4200,126.6200,6079900,97.6513
2017-11-28,126.7700,127.1800,126.4700,126.7900,5983000,97.7824
2017-11-29,125.5600,125.6800,125.1000,125.5400,14547100,96.8184
2017-11-30,125.3100,125.5200,124.4400,125.1200,9630000,96.4945
2017-12-01,125.8700,127.6900,125.1000,126.5500,24583100,97.7967
2017-12-04,125.9200,126.6700,125.8100,126.6100,9609200,97.8430
2017-12-05,126.4700,127.5000,126.4500,127.2400,10958900,98.3299
2017-12-06,127.8700,128.2300,127.6600,127.6800,11834200,98.6699
2017-12-07,127.9300,128.1000,126.3000,126.6800,13056800,97.8971
2017-12-08,126.5900,126.7400,126.2400,126.6900,4786100,97.9049
2017-12-11,126.8600,127.0900,126.4100,126.4300,3863800,97.7039
2017-12-12,126.1700,126.4100,125.6700,126.3800,7502400,97.6653
2017-12-13,126.8100,127.3900,126.5900,127.3300,8532900,98.3995
2017-12-14,127.0500,127.9800,126.7900,127.8700,6885000,98.8167
2017-12-15,127.8100,128.5900,127.5600,128.3500,7239400,99.1877
2017-12-18,127.9700,128.0000,126.9100,127.1800,7239700,98.2835
2017-12-19,126.3200,126.3800,125.0700,125.5300,11045800,97.0084
2017-12-20,124.3100,124.7100,123.9500,124.1400,10005800,95.9342
2017-12-21,124.0300,124.8600,124.0000,124.6000,7026900,96.4934
2017-12-22,124.7000,124.8400,124.5300,124.7700,3974300,96.6250
2017-12-26,124.9800,125.5300,124.9700,125.1400,3168400,96.9115
2017-12-27,125.7100,126.9800,125.7000,126.7700,9059700,98.1738
2017-12-28,126.5300,126.8300,126.3700,126.6600,5297100,98.0886
2017-12-29,126.5000,127.1200,126.4800,126.8600,7580500,98.2436
2018-01-02,126.4900,126.5100,125.0700,125.4900,16238200,97.1826
2018-01-03,126.0000,126.2000,125.4900,126.0900,8605100,97.6473
2018-01-04,125.6500,126.1600,125.3700,126.0700,9217900,97.6318
2018-01-05,125.8700,126.1800,125.3600,125.7100,10915400,97.3530
2018-01-08,125.9900,126.0300,125.1700,125.6300,8850600,97.2910
2018-01-09,124.8100,124.8300,123.8100,123.9500,16226400,95.9900
2018-01-10,122.8100,123.9300,122.6600,123.8000,14302600,95.8738
2018-01-11,123.5100,124.5900,123.3100,124.3100,12511000,96.2688
2018-01-12,124.1000,124.7900,123.9100,124.5200,9987100,96.4314
2018-01-16,125.1700,125.2800,124.5600,125.0400,9125900,96.8341
2018-01-17,125.0800,125.6400,124.6000,124.8700,8327000,96.7025
2018-01-18,123.9300,124.2700,123.5400,123.7100,10843900,95.8041
2018-01-19,123.4000,123.5600,122.9800,123.0600,11374300,95.3007
2018-01-22,123.4500,123.7100,122.9900,123.1800,8984700,95.3937
2018-01-23,123.8100,124.2000,123.2400,123.7100,12325700,95.8041
2018-01-24,122.8500,123.1300,122.5400,123.0400,9038900,95.2852
2018-01-25,123.1600,124.1500,122.8000,124.0500,12173300,96.0674
2018-01-26,123.8800,123.9100,123.1000,123.5900,6462900,95.7112
2018-01-29,122.9700,122.9700,122.3000,122.7300,12223000,95.0452
2018-01-30,122.2800,122.3700,121.7000,122.0100,12064400,94.4876
2018-01-31,122.8700,122.9300,121.9400,122.7300,18045100,95.0452
2018-02-01,122.4800,122.5300,120.6300,120.7000,18632800,93.6677
2018-02-02,120.1500,120.2600,119.2400,119.5800,23944400,92.7986
2018-02-05,119.1700,121.8200,118.6400,120.7100,28606200,93.6755
2018-02-06,120.4200,120.8700,119.7200,119.9600,10935400,93.0934
2018-02-07,120.1300,120.3300,118.5600,118.8200,16271100,92.2088
2018-02-08,118.0100,119.1800,117.8500,118.6900,15155100,92.1079
2018-02-09,118.1100,119.0900,117.7900,117.9400,15661600,91.5259
2018-02-12,118.5600,119.3000,118.1900,118.4600,10944600,91.9294
2018-02-13,118.6100,119.0100,118.3900,118.9900,8157600,92.3407
2018-02-14,118.4600,118.5400,117.4700,117.6700,12043300,91.3163
2018-02-15,118.1900,118.8000,117.9900,118.0700,8222400,91.6267
2018-02-16,119.0400,119.2100,118.3400,118.7100,8454100,92.1234
2018-02-20,118.2800,118.5100,117.7800,118.1900,8268800,91.7199
2018-02-21,118.2400,118.2900,116.5100,116.7400,12054300,90.5946
2018-02-22,117.2400,117.6600,117.0000,117.0900,9317900,90.8662
2018-02-23,117.8800,118.3100,117.7200,118.1300,9072900,91.6733
2018-02-26,118.6800,118.9100,118.0400,118.1700,8771600,91.7043
2018-02-27,118.5200,118.6600,117.2600,118.0000,12525700,91.5724
2018-02-28,118.4700,118.8300,118.2500,118.7500,9311600,92.1545
2018-03-01,118.4300,119.6200,118.1500,119.3200,12287700,92.7836
2018-03-02,118.8500,118.9300,118.1200,118.3500,10064300,92.0292
2018-03-05,118.7500,118.8000,117.6300,118.0300,5658200,91.7804
2018-03-06,118.3600,118.6800,118.1200,118.1400,5452000,91.8660
2018-03-07,118.5700,118.6800,117.9600,118.0100,4461800,91.7649
2018-03-08,118.3100,118.9900,118.2600,118.6900,7086700,92.2936
2018-03-09,117.9900,118.2700,117.5900,117.9100,6570400,91.6871
2018-03-12,118.3100,118.6600,118.1900,118.5900,5801300,92.2159
2018-03-13,118.3100,119.3700,118.1900,119.1900,7455300,92.6824
2018-03-14,119.4000,120.4000,119.3700,120.2400,10175000,93.4989
2018-03-15,120.1700,120.4900,119.9300,120.2400,6757900,93.4989
2018-03-16,119.8000,120.0100,119.5500,119.8100,6084300,93.1645
2018-03-19,119.2100,119.9700,119.2000,119.4300,8491200,92.8691
2018-03-20,118.9100,119.2200,118.8300,118.9500,5446000,92.4958
2018-03-21,118.6600,119.4200,118.1100,119.0800,9742400,92.5969
2018-03-22,120.3100,120.8200,119.6700,120.2600,12136600,93.5145
2018-03-23,119.6800,120.3100,119.6200,120.1700,7250400,93.4445
2018-03-26,120.0000,120.4500,119.6700,119.7100,8237900,93.0868
2018-03-27,119.8300,121.1200,119.8100,120.9900,9168500,94.0821
2018-03-28,121.4500,121.6400,120.9500,121.3100,7412500,94.3310
2018-03-29,121.5400,122.2900,121.5100,121.9000,9694300,94.7898
2018-04-02,121.3500,122.3600,121.1600,121.8800,12036500,94.9768
2018-04-03,121.3600,121.4800,120.8300,120.9400,9855000,94.2443
2018-04-04,121.3500,121.4600,120.6000,120.6900,6654300,94.0494
2018-04-05,120.1000,120.2700,119.7700,119.7900,7603700,93.3481
2018-04-06,120.6600,121.1500,120.2200,121.1000,8831200,94.3689
2018-04-09,120.6400,121.3000,120.3500,121.3000,6307500,94.5248
2018-04-10,121.2000,121.3800,120.7800,121.0800,6046000,94.3534
2018-04-11,121.8500,121.8900,121.2700,121.5100,5901300,94.6884
2018-04-12,121.0400,121.0700,120.4100,120.6200,6622800,93.9949
2018-04-13,120.5200,121.1300,120.5000,120.9000,4964000,94.2131
2018-04-16,120.2300,120.9700,120.1800,120.9400,4491300,94.2443
2018-04-17,120.9200,121.5800,120.8200,121.2700,5590400,94.5014
2018-04-18,121.2900,121.3400,120.2800,120.3000,8138400,93.7455
2018-04-19,119.4200,119.5300,118.8100,119.3200,9875800,92.9819
2018-04-20,118.8900,119.1300,118.4300,118.4600,7579400,92.3117
2018-04-23,118.3300,118.6200,118.0800,118.4900,7073200,92.3351
2018-04-24,118.2100,118.4500,117.7600,117.9500,8190800,91.9143
2018-04-25,117.4100,117.6500,116.9400,117.1600,6603800,91.2987
2018-04-26,117.7300,118.1300,117.5900,117.9800,6528600,91.9376
2018-04-27,118.4700,118.9500,118.4400,118.8900,5401800,92.6468
2018-04-30,119.0800,119.5600,118.9400,119.1000,8321100,92.8104
2018-05-01,118.7700,118.8400,118.2300,118.4100,7979200,92.4762
2018-05-02,118.6400,118.8700,118.2600,118.2800,4644000,92.3747
2018-05-03,118.8400,119.3100,118.6800,118.8100,6345300,92.7885
2018-05-04,119.2300,119.2300,118.4900,118.9900,4283500,92.9291
2018-05-07,118.9700,119.0200,118.7400,118.8000,3647800,92.7807
2018-05-08,118.5500,119.0000,118.3000,118.6900,6091200,92.6948
2018-05-09,118.1200,118.4200,117.9800,117.9800,7832500,92.1403
2018-05-10,118.5500,118.9800,118.3500,118.9300,7101500,92.8823
2018-05-11,119.3200,119.3600,118.8200,119.2300,4273400,93.1166
2018-05-14,118.8000,118.9900,118.5900,118.6000,4996200,92.6246
2018-05-15,117.5600,117.5800,116.7000,117.2500,12901000,91.5702
2018-05-16,117.4200,117.5300,116.7900,116.8000,6518000,91.2188
2018-05-17,116.6300,116.8200,116.0900,116.2100,7330300,90.7580
2018-05-18,116.5100,117.2900,116.5100,117.2100,9606500,91.5390
2018-05-21,117.1300,117.3800,116.9500,117.2700,4448500,91.5858
2018-05-22,117.2900,117.3500,116.8500,117.0900,4700700,91.4453
2018-05-23,117.7500,118.1100,117.6600,117.9400,9634000,92.1091
2018-05-24,118.6900,119.0600,118.6400,118.8800,8204100,92.8432
2018-05-25,119.5600,119.8400,119.4700,119.6200,8482800,93.4212
2018-05-29,120.7900,122.5200,120.4300,122.2400,21668100,95.4673
2018-05-30,121.0000,121.4800,120.7400,121.4200,11616300,94.8269
2018-05-31,121.5600,121.9800,120.9500,121.2200,10769900,94.6707
2018-06-01,120.1700,120.7100,119.8500,120.3000,8718800,94.1705
2018-06-04,120.1100,120.1400,119.3700,119.4300,7156500,93.4895
2018-06-05,119.9600,120.1600,119.6200,119.7100,5635900,93.7087
2018-06-06,119.0800,119.1000,118.4200,118.7400,7813300,92.9493
2018-06-07,118.6900,120.4900,118.6800,119.8900,13238300,93.8496
2018-06-08,119.5600,119.8500,119.4400,119.5300,6790600,93.5677
2018-06-11,119.0700,119.3900,118.9400,119.3100,6844200,93.3956
2018-06-12,118.9300,119.4600,118.8900,119.3400,6048200,93.4190
2018-06-13,119.4500,119.6400,118.6300,119.2800,8834700,93.3721
2018-06-14,119.7800,120.3000,119.4800,120.2700,10078800,94.1470
2018-06-15,120.8300,121.0900,120.3000,120.3800,7992800,94.2331
2018-06-18,120.4800,120.5600,120.0400,120.2700,4893700,94.1470
2018-06-19,120.9700,121.2300,120.7000,120.9700,6133300,94.6949
2018-06-20,120.7700,120.7900,119.9000,119.9100,6879100,93.8652
2018-06-21,120.3600,120.7500,120.2200,120.5400,7235800,94.3584
2018-06-22,120.0900,120.6200,120.0600,120.5300,4082500,94.3505
2018-06-25,120.6600,121.1100,120.6400,120.8000,8363700,94.5619
2018-06-26,120.7700,121.0300,120.6600,120.9700,5450000,94.6949
2018-06-27,121.7500,122.1800,121.5500,122.1100,8173400,95.5874
2018-06-28,122.1300,122.2500,121.8300,122.1400,7109500,95.6108
2018-06-29,122.1700,122.5000,121.6500,121.7200,11164700,95.2821
2018-07-02,121.7400,121.7500,121.2900,121.3500,9662000,95.2076
2018-07-03,121.5300,122.0300,121.5300,122.0000,3808800,95.7175
2018-07-05,122.0600,122.5300,122.0100,122.3500,3860400,95.9921
2018-07-06,122.7500,122.9200,122.4800,122.7500,4679900,96.3059
2018-07-09,122.0700,122.2100,121.9000,121.9600,5952700,95.6861
2018-07-10,121.8700,122.1300,121.8100,121.9500,5759700,95.6783
2018-07-11,122.4500,122.5500,122.0900,122.4200,6869100,96.0470
2018-07-12,122.1700,122.4700,122.1400,122.4100,4824700,96.0392
2018-07-13,122.6100,122.8700,122.4700,122.7200,4079000,96.2824
2018-07-16,122.2100,122.2900,121.6400,122.2100,5517100,95.8823
2018-07-17,122.2900,122.3900,121.9000,121.9800,3764300,95.7018
2018-07-18,122.0200,122.0400,121.3900,121.4900,6330000,95.3174
2018-07-19,121.8000,122.4500,121.7700,122.2600,6166700,95.9215
2018-07-20,121.5800,121.5900,120.7000,120.7600,10469500,94.7447
2018-07-23,120.3800,120.3800,119.1800,119.2700,11571800,93.5756
2018-07-24,119.2800,119.8200,119.1400,119.6800,9053500,93.8973
2018-07-25,120.0200,120.2600,119.2600,119.4900,7357900,93.7482
2018-07-26,119.7100,119.8800,119.1600,119.2600,6821100,93.5678
2018-07-27,119.8500,119.8700,119.4000,119.4600,4542000,93.7247
2018-07-30,118.9900,119.4100,118.9700,119.0500,7111200,93.4030
2018-07-31,119.7900,119.8600,119.5600,119.7000,6797400,93.9130
2018-08-01,118.2900,118.8400,118.0700,118.4600,13312600,93.1480
2018-08-02,118.6200,118.7400,118.3000,118.6300,4451100,93.2816
2018-08-03,118.8300,119.2900,118.8100,119.2200,6162400,93.7455
2018-08-06,119.5400,119.8400,119.2700,119.2900,4200200,93.8005
2018-08-07,119.0300,119.1000,118.5700,118.6700,5346900,93.3130
2018-08-08,118.6600,119.0300,118.6100,118.7900,5640900,93.4074
2018-08-09,119.2300,119.8300,119.1200,119.7900,7144100,94.1937
2018-08-10,120.3700,121.0500,120.2800,120.6600,8457900,94.8778
2018-08-13,120.2500,120.7000,120.2100,120.4100,7923200,94.6812
2018-08-14,120.5400,120.5600,120.0300,120.1400,4251200,94.4689
2018-08-15,120.6600,121.1300,120.5700,120.8400,7649800,95.0194
2018-08-16,120.8100,120.9300,120.2800,120.8300,5400400,95.0115
2018-08-17,121.0900,121.3900,120.7500,120.9800,3537600,95.1294
2018-08-20,121.6400,121.9100,121.5400,121.7900,5603700,95.7664
2018-08-21,121.3700,121.5300,121.0700,121.3800,4695000,95.4440
2018-08-22,122.0000,122.0500,121.5800,121.8600,5309600,95.8214
2018-08-23,122.0000,122.1300,121.7800,122.0500,5328700,95.9708
2018-08-24,121.6200,122.3300,121.4900,122.2900,6092200,96.1596
2018-08-27,121.7800,121.8700,121.5200,121.5900,6407400,95.6091
2018-08-28,121.0000,121.0900,120.6800,120.8600,4929300,95.0351
2018-08-29,120.9400,121.1500,120.6200,121.0200,5613300,95.1609
2018-08-30,121.3100,121.4600,121.0800,121.2800,5302900,95.3653
2018-08-31,121.8900,121.9200,120.8900,121.0000,9677500,95.1452
2018-09-04,119.9600,120.1000,119.7500,120.0300,18343600,94.5951
2018-09-05,119.7600,119.9000,119.5500,119.7100,9422600,94.3429
2018-09-06,119.7600,120.4000,119.6900,120.1500,9566000,94.6897
2018-09-07,119.3300,119.4000,118.9900,119.1300,11212600,93.8858
2018-09-10,119.1700,119.6000,119.1700,119.5700,6386400,94.2325
2018-09-11,119.0800,119.1700,118.6000,118.6600,5440000,93.5154
2018-09-12,119.0500,119.1700,118.9000,118.9400,3347200,93.7360
2018-09-13,119.3400,119.5700,118.9800,119.1200,4833000,93.8779
2018-09-14,118.4100,118.9100,118.3000,118.5500,5579500,93.4287
2018-09-17,118.1800,118.8200,118.1200,118.5500,5433000,93.4287
2018-09-18,118.0600,118.0700,117.1600,117.3100,10182300,92.4515
2018-09-19,117.1100,117.1100,116.1900,116.6100,13379600,91.8998
2018-09-20,116.5800,117.3000,116.4700,117.1500,8657300,92.3254
2018-09-21,116.8700,117.2800,116.8400,117.1000,6173800,92.2859
2018-09-24,116.7400,117.2700,116.7200,116.8000,5505500,92.0495
2018-09-25,116.4800,116.7400,116.4000,116.6800,6650900,91.9550
2018-09-26,116.9300,117.5800,116.6600,117.5000,9512700,92.6012
2018-09-27,117.2400,117.6500,117.1000,117.5800,5758500,92.6643
2018-09-28,117.8500,117.9100,117.2200,117.2700,12807700,92.4200
2018-10-01,116.6600,116.8300,116.1200,116.1500,22442400,91.7414
2018-10-02,116.6700,117.1300,116.6000,116.8600,8266900,92.3023
2018-10-03,116.2700,116.3600,114.2400,114.8300,20829200,90.6988
2018-10-04,114.1300,114.3900,113.7100,114.0200,16207400,90.0590
2018-10-05,113.3900,113.7200,112.6200,113.0400,18096500,89.2850
2018-10-08,112.9900,113.1100,112.6400,112.6600,5855900,88.9849
2018-10-09,113.1400,113.8500,113.0700,113.8000,11530800,89.8853
2018-10-10,113.1400,113.5800,112.7900,113.4900,15290100,89.6404
2018-10-11,114.0000,115.1500,113.7900,114.8700,16086800,90.7304
2018-10-12,114.3900,115.0100,114.2800,114.4700,6794100,90.4146
2018-10-15,114.6600,114.8200,114.2900,114.4200,7146300,90.3750
2018-10-16,114.3900,114.7200,114.1600,114.6800,4762300,90.5804
2018-10-17,114.6600,114.7900,113.9800,114.0000,5880700,90.0433
2018-10-18,113.6200,114.3900,113.5500,113.9600,5728800,90.0117
2018-10-19,113.8500,113.9500,113.4100,113.7100,10892400,89.8142
2018-10-22,113.9500,114.0800,113.5300,113.5600,3244200,89.6957
2018-10-23,114.7600,115.0200,113.8400,113.9200,10330700,89.9801
2018-10-24,114.3600,114.8200,114.2400,114.7800,16008000,90.6593
2018-10-25,114.5400,114.7400,114.2300,114.3000,12613200,90.2802
2018-10-26,114.9300,115.3200,114.7900,114.9900,18582500,90.8252
2018-10-29,114.8400,115.0200,114.2600,114.7300,7679900,90.6199
2018-10-30,114.2600,114.5400,114.0200,114.1600,9939500,90.1696
2018-10-31,113.7400,113.9600,113.2100,113.5800,8706400,89.7115
2018-11-01,112.8500,113.5600,112.8400,113.4100,6100200,89.7946
2018-11-02,113.1700,113.2600,111.9000,112.0000,11314800,88.6783
2018-11-05,112.4800,112.7100,112.3500,112.4400,4760200,89.0266
2018-11-06,112.6000,112.7300,112.3300,112.3700,3159900,88.9712
2018-11-07,113.1900,113.4000,112.4100,112.5200,9313100,89.0900
2018-11-08,112.9600,112.9700,112.4100,112.5100,6905100,89.0821
2018-11-09,112.7500,113.5000,112.7200,113.3500,6465300,89.7471
2018-11-12,113.9500,114.3100,113.9100,114.0900,6840000,90.3331
2018-11-13,113.7100,114.0200,113.4800,114.0200,6525800,90.2776
2018-11-14,113.4800,114.5200,113.3000,114.0900,8690800,90.3331
2018-11-15,114.4400,114.5400,113.6800,114.0400,7879600,90.2935
2018-11-16,114.2000,114.8100,113.9200,114.7000,9236700,90.8161
2018-11-19,114.4100,115.0200,114.4100,115.0200,7027200,91.0694
2018-11-20,115.2400,115.4600,114.9300,115.0600,6332600,91.1011
2018-11-21,114.8900,115.0900,114.5400,115.0200,4951100,91.0694
2018-11-23,115.6700,115.7600,115.0900,115.1400,3027900,91.1644
2018-11-26,114.8600,115.0600,114.7800,114.8800,6599000,90.9586
2018-11-27,114.8100,115.2500,114.7600,115.0100,5967200,91.0615
2018-11-28,114.8500,115.0200,114.3600,114.4500,7814000,90.6181
2018-11-29,114.9200,115.2500,114.5900,114.9000,7295600,90.9744
2018-11-30,115.3100,115.4200,114.9800,115.3300,9127800,91.3149
2018-12-03,114.6800,115.8800,114.6600,115.8800,9763800,91.9633
2018-12-04,116.8100,118.6700,116.6300,117.8200,18100500,93.5028
2018-12-06,118.5400,119.2000,118.1300,118.1900,15319400,93.7965
2018-12-07,117.8100,118.5300,117.5200,118.4100,8608400,93.9710
2018-12-10,118.8700,119.2800,118.4400,118.9000,8777700,94.3599
2018-12-11,118.9700,119.3800,118.6100,118.8800,8071900,94.3440
2018-12-12,118.5800,118.7200,118.2400,118.3500,6182200,93.9234
2018-12-13,118.4600,118.5800,117.9800,118.0700,5564200,93.7012
2018-12-14,118.5500,118.7700,118.2200,118.4800,8169200,94.0266
2018-12-17,118.5900,119.3000,118.5800,119.1700,9726800,94.5742
2018-12-18,119.0700,119.7900,118.9400,119.6000,10018800,95.1406
2018-12-19,120.1100,121.6600,119.9200,121.1800,23046300,96.3975
2018-12-20,122.0100,122.0300,120.6700,120.7400,18543700,96.0475
2018-12-21,121.1400,121.2100,120.3900,120.7200,9945100,96.0315
2018-12-24,121.1300,121.4200,120.9100,121.3200,8377500,96.5088
2018-12-26,120.9900,121.3900,119.9700,120.0200,11700400,95.4747
2018-12-27,121.2600,121.3800,119.9800,120.0400,12146500,95.4906
2018-12-28,120.4000,121.0500,120.2900,121.0500,9879100,96.2941
2018-12-31,120.6500,121.5600,120.4600,121.5100,17409000,96.6600
2019-01-02,121.6600,122.1600,121.3400,122.1500,19841500,97.1691
2019-01-03,122.2900,123.8600,122.2300,123.5400,21187000,98.2748
2019-01-04,122.3400,122.5600,121.6500,122.1100,12970200,97.1373
2019-01-07,122.6200,122.6500,121.6200,121.7500,8498100,96.8509
2019-01-08,121.6900,121.9400,121.3900,121.4300,7737100,96.5963
2019-01-09,121.2600,121.4300,120.8000,121.2400,9349200,96.4452
2019-01-10,121.2800,121.4100,120.3400,120.4600,8222900,95.8247
2019-01-11,120.8300,121.2700,120.6800,120.9300,5786900,96.1986
2019-01-14,120.9000,121.0100,120.2400,120.4800,6730500,95.8407
2019-01-15,120.5600,120.5700,119.9500,120.0400,8997400,95.4906
2019-01-16,119.5900,120.3900,119.5100,120.1600,6048400,95.5861
2019-01-17,120.2200,120.5300,119.8900,120.1900,8153400,95.6099
2019-01-18,119.8400,120.1200,119.3900,119.5600,14106400,95.1087
2019-01-22,120.3100,120.7200,120.0700,120.3700,8881100,95.7532
2019-01-23,119.8800,120.6200,119.8300,120.3200,5776800,95.7134
2019-01-24,120.9100,121.2600,120.7100,121.1100,7121900,96.3418
2019-01-25,120.5900,120.7500,120.3200,120.5300,6460800,95.8804
2019-01-28,120.5400,120.9400,120.4100,120.4100,6435800,95.7850
2019-01-29,120.5300,121.0400,120.3900,121.0200,5750100,96.2702
2019-01-30,120.8400,120.9800,120.3300,120.9300,10571300,96.1986
2019-01-31,121.5500,122.1800,121.5000,121.9700,11843400,97.0259
2019-02-01,121.4800,121.5700,120.8400,120.9600,12024600,96.4399
2019-02-04,120.4400,120.5500,120.0200,120.4200,8966200,96.0094
2019-02-05,120.7300,121.2300,120.6600,120.9700,6983300,96.4479
2019-02-06,121.3600,121.4100,120.7300,121.0300,5184000,96.4957
2019-02-07,121.4600,121.9100,121.2300,121.8300,8781000,97.1336
2019-02-08,122.2600,122.4700,122.0700,122.3500,5885400,97.5481
2019-02-11,121.8600,122.1800,121.7500,121.8700,4352800,97.1654
2019-02-12,121.6600,121.7500,121.2000,121.5600,7939600,96.9183
2019-02-13,121.1500,121.3900,120.9100,121.1000,4757700,96.5515
2019-02-14,122.1400,122.2000,121.5800,121.7900,5868900,97.1017
2019-02-15,121.5600,122.0200,121.5400,121.9800,5527200,97.2532
2019-02-19,122.4200,122.5400,121.9500,122.2900,5872800,97.5003
2019-02-20,121.9500,122.0800,121.5900,121.9400,4455800,97.2213
2019-02-21,121.0700,121.1600,120.7000,120.8500,7382500,96.3522
2019-02-22,121.4700,121.9500,121.4200,121.5700,6374600,96.9262
2019-02-25,121.1700,121.3000,120.9200,121.2100,6293500,96.6392
2019-02-26,121.7300,121.8200,121.3600,121.8100,6028900,97.1176
2019-02-27,121.1200,121.1300,120.2800,120.4300,7737300,96.0173
2019-02-28,120.5600,120.6200,119.7100,120.0200,9533400,95.6904
2019-03-01,119.3300,119.5300,118.6400,118.6600,13541100,94.8060
2019-03-04,119.2900,119.7700,119.0600,119.5900,9808500,95.5490
2019-03-05,119.2800,119.8700,119.2700,119.8400,5595200,95.7488
2019-03-06,119.9200,120.5200,119.8900,120.2800,7766700,96.1003
2019-03-07,120.6400,121.2600,120.6100,121.0600,8187200,96.7235
2019-03-08,121.1200,121.6900,120.8500,121.5700,7517600,97.1310
2019-03-11,121.4000,121.4200,120.9800,121.2100,5157800,96.8434
2019-03-12,121.3000,122.2300,121.2600,122.0600,6422300,97.5225
2019-03-13,121.6600,121.9600,121.6200,121.8300,4386300,97.3387
2019-03-14,121.6900,121.7600,120.9200,120.9500,8188400,96.6356
2019-03-15,121.7400,121.9500,121.4000,121.7500,4302000,97.2748
2019-03-18,121.5700,121.8700,121.5200,121.6800,3893300,97.2189
2019-03-19,121.0900,121.6200,120.8900,121.4100,5220200,97.0032
2019-03-20,121.7400,122.8500,121.7300,122.6800,10123700,98.0179
2019-03-21,122.9600,123.0900,122.7400,122.9500,7182600,98.2336
2019-03-22,124.2100,125.2800,124.0600,124.8600,13077000,99.7596
2019-03-25,124.8100,125.9400,124.5100,125.0600,9736300,99.9194
2019-03-26,124.7000,125.2900,124.6200,124.9700,7502000,99.8475
2019-03-27,125.4200,126.3400,125.3100,126.1200,14207200,100.7663
2019-03-28,126.2500,126.6900,126.0100,126.5600,9143200,101.1179
2019-03-29,125.6800,126.4700,125.6400,126.4400,10841400,101.0220
2019-04-01,125.2900,125.3600,124.1900,124.3700,16501500,99.5871
2019-04-02,124.4800,124.7400,124.2500,124.6000,9725000,99.7712
2019-04-03,123.6100,123.8700,123.3700,123.5200,10407000,98.9065
2019-04-04,123.6000,123.8900,123.4400,123.8700,7503400,99.1867
2019-04-05,123.6200,124.1700,123.5800,124.0300,6321800,99.3148
2019-04-08,123.8300,123.9500,123.5200,123.5900,4446400,98.9625
2019-04-09,124.2200,124.3400,123.7700,123.9800,7020300,99.2748
2019-04-10,124.2700,124.5200,124.1000,124.2800,7519900,99.5150
2019-04-11,123.9300,124.0200,123.4100,123.5500,8679300,98.9305
2019-04-12,122.8900,123.0600,122.6300,122.6700,7005500,98.2259
2019-04-15,122.7800,122.9900,122.7200,122.9800,3070000,98.4741
2019-04-16,122.5100,122.6300,122.1400,122.2100,8927300,97.8575
2019-04-17,122.1300,122.5700,122.1100,122.2600,6118500,97.8976
2019-04-18,122.8100,123.1000,122.7800,122.9000,27589400,98.4100
2019-04-22,122.4700,122.5700,122.2400,122.3100,6241200,97.9375
2019-04-23,122.6100,122.7000,122.3900,122.5700,6239700,98.1457
2019-04-24,123.1100,123.5900,123.0900,123.5700,7302000,98.9465
2019-04-25,123.4900,123.6200,123.1000,123.3900,5380900,98.8024
2019-04-26,123.9800,124.0200,123.6400,123.8100,5950700,99.1387
2019-04-29,123.2300,123.3500,122.8500,123.0200,10246000,98.5061
2019-04-30,122.9500,123.7400,122.9300,123.6500,7957400,99.0105
2019-05-01,123.6900,124.4500,123.6000,123.9000,14371900,99.4190
2019-05-02,123.6800,123.8100,123.0400,123.3100,6612800,98.9456
2019-05-03,123.6600,123.8800,123.3700,123.6600,6191700,99.2264
2019-05-06,124.3100,124.3800,123.9300,124.0000,4482500,99.4992
2019-05-07,124.5300,125.1400,124.3900,124.9500,8984900,100.2615
2019-05-08,125.1500,125.3000,124.3000,124.4100,6907600,99.8282
2019-05-09,125.1100,125.3000,124.3100,124.9200,9411900,100.2374
2019-05-10,124.8900,125.4500,124.5900,124.7500,6037800,100.1010
2019-05-13,125.4000,125.9300,125.2500,125.7300,10501600,100.8874
2019-05-14,125.5100,125.6500,125.2000,125.3600,5690400,100.5905
2019-05-15,126.2100,126.2700,125.7700,126.1300,9566300,101.2084
2019-05-16,125.8100,125.8300,125.5300,125.7100,7666400,100.8713
2019-05-17,126.2800,126.3000,125.6900,125.9900,4747100,101.0960
2019-05-20,126.1200,126.3800,125.6500,125.7300,6043100,100.8874
2019-05-21,125.6000,125.7200,125.3000,125.5300,4021800,100.7270
2019-05-22,125.7700,126.3300,125.7200,126.2500,5675300,101.3047
2019-05-23,126.8900,128.0900,126.8800,127.6700,9743700,102.4441
2019-05-24,127.5600,127.7800,127.3900,127.7800,4981900,102.5324
2019-05-28,128.2700,128.9000,128.0900,128.7000,8098600,103.2706
2019-05-29,129.6700,129.9000,129.0000,129.0900,13260600,103.5835
2019-05-30,129.3300,130.2300,128.8900,130.2000,13024800,104.4742
2019-05-31,130.9000,131.9000,130.8100,131.8300,18933600,105.7821
2019-06-03,131.9100,132.5800,131.5500,132.4400,17822400,106.4897
2019-06-04,131.3900,131.7600,130.5500,130.9300,14250000,105.2755
2019-06-05,130.5200,130.9500,130.1200,130.1900,8815200,104.6805
2019-06-06,130.9700,131.5900,130.3200,130.6100,9621100,105.0183
2019-06-07,131.7900,132.0700,131.4400,131.7400,11378500,105.9268
2019-06-10,130.6800,130.7000,130.3200,130.5000,8288700,104.9298
2019-06-11,130.4200,130.7600,130.3200,130.5800,5115100,104.9942
2019-06-12,130.3900,130.7500,130.3000,130.6800,5278700,105.0746
2019-06-13,130.8000,131.2500,130.7900,131.1300,5560400,105.4364
2019-06-14,131.1000,131.7100,131.0900,131.4600,5838800,105.7018
2019-06-17,131.3900,131.7600,131.1300,131.6900,6046400,105.8867
2019-06-18,132.7400,132.8600,131.9500,132.3500,10320700,106.4173
2019-06-19,131.8600,132.7200,131.5800,132.5400,11962500,106.5701
2019-06-20,132.9100,133.5100,132.5900,132.8900,10721500,106.8515
2019-06-21,132.5100,132.5300,131.3800,131.4300,14495000,105.6776
2019-06-24,132.1600,132.5300,132.0800,132.4100,6378800,106.4656
2019-06-25,132.7900,133.0900,132.7200,132.8200,9604600,106.7953
2019-06-26,132.6800,132.7000,131.8800,131.9700,12766800,106.1118
2019-06-27,132.3100,133.0900,131.9900,132.9000,9724200,106.8596
2019-06-28,132.5800,133.0800,132.4500,132.8100,8149200,106.7872
2019-07-01,132.5700,132.7500,131.5900,132.2400,14131200,106.5375
2019-07-02,132.5700,133.3900,132.4600,133.2600,10494300,107.3592
2019-07-03,133.5200,134.2900,133.5100,134.2100,5380300,108.1246
2019-07-05,132.5400,132.5500,131.6700,132.4300,12180100,106.6905
2019-07-08,133.0500,133.2200,132.6100,132.6100,6490000,106.8355
2019-07-09,132.6800,132.7100,132.1600,132.5600,6215700,106.7952
2019-07-10,132.3500,132.4400,131.5100,131.8300,9470000,106.2072
2019-07-11,131.3100,131.4100,129.7600,130.0700,14126800,104.7892
2019-07-12,129.9200,130.4500,129.6800,130.2200,6992000,104.9101
2019-07-15,130.4500,131.0500,130.4500,130.9700,6055500,105.5143
2019-07-16,130.1700,130.6000,129.9600,130.5800,6172700,105.2001
2019-07-17,131.0600,132.0200,131.0500,131.9900,9662200,106.3360
2019-07-18,131.4700,132.3200,131.2400,132.0000,5724900,106.3441
2019-07-19,131.5900,131.9300,131.5100,131.6900,5804800,106.0944
2019-07-22,132.4700,132.4900,131.7400,131.9400,5204100,106.2958
2019-07-23,131.6000,131.7400,130.9700,131.2200,8108900,105.7157
2019-07-24,131.6000,131.9000,131.4700,131.7900,6389700,106.1749
2019-07-25,131.2500,131.4100,130.5100,131.1600,8893100,105.6673
2019-07-26,131.7000,131.7800,131.2500,131.4700,6188400,105.9171
2019-07-29,131.8200,131.9500,131.4000,131.5100,6231800,105.9493
2019-07-30,132.0000,132.1000,131.4300,131.8300,5678500,106.2072
2019-07-31,131.7000,133.3300,131.6600,132.8900,15798700,107.0611
2019-08-01,133.3900,135.3900,133.2600,135.2600,26664800,109.1874
2019-08-02,135.6600,136.5100,135.4000,136.5100,15143100,110.1965
2019-08-05,138.1400,138.8900,137.6600,138.8700,18543000,112.1015
2019-08-06,138.2000,139.9800,138.0900,139.9800,12747400,112.9976
2019-08-07,142.4000,143.0600,139.7800,140.0300,32582000,113.0379
2019-08-08,139.1400,140.4300,137.9800,140.3300,14746000,113.2801
2019-08-09,140.6700,141.5500,139.8700,140.0500,10626000,113.0541
2019-08-12,141.7200,143.4300,141.5100,142.9700,14094300,115.4112
2019-08-13,143.8100,143.9100,141.9500,142.4800,15974900,115.0157
2019-08-14,145.1600,145.7300,144.7100,145.6900,15068900,117.6069
2019-08-15,145.9500,148.6000,145.5800,147.3100,23588700,118.9146
2019-08-16,146.0600,146.5100,144.8400,146.1300,17150500,117.9621
2019-08-19,143.5700,144.6600,143.5100,144.0400,13614700,116.2750
2019-08-20,145.2800,145.6200,144.8400,145.5300,7451500,117.4777
2019-08-21,144.7200,145.7900,144.2900,144.5600,9372000,116.6947
2019-08-22,144.0000,144.7000,143.4800,143.6000,13878800,115.9198
2019-08-23,143.5200,146.2700,143.4300,145.9600,16191800,117.8248
2019-08-26,145.8700,146.2900,145.2900,145.3700,12174500,117.3486
2019-08-27,146.6300,147.7200,146.4800,147.6100,11332300,119.1568
2019-08-28,148.7800,148.9000,147.6600,147.8000,10095900,119.3102
2019-08-29,147.2500,147.3400,146.1300,147.2400,8884900,118.8581
2019-08-30,146.6100,147.4800,146.3600,147.2800,13550800,118.8904
2019-09-03,147.0900,148.6700,146.5700,147.2100,15660800,119.0440
2019-09-04,146.5300,147.6200,146.4800,147.4300,7962200,119.2219
2019-09-05,145.6600,145.8000,143.8900,144.7600,19382900,117.0628
2019-09-06,145.2600,146.0300,145.0800,145.7900,9466400,117.8958
2019-09-09,143.8300,144.0000,143.1900,143.2000,15862700,115.8013
2019-09-10,142.8400,143.2900,140.6600,140.6900,13851400,113.7715
2019-09-11,140.4000,141.1500,140.3900,140.4400,10941700,113.5694
2019-09-12,141.5000,141.8000,139.0600,139.5200,19163300,112.8254
2019-09-13,138.2800,138.7100,136.5400,136.5400,18922200,110.4155
2019-09-16,137.8800,138.5700,137.2500,138.2800,10971600,111.8226
2019-09-17,138.3600,139.6000,138.0200,139.0300,9081200,112.4291
2019-09-18,139.9300,140.6600,139.5300,139.6200,10984600,112.9063
2019-09-19,140.7600,140.9900,139.9700,140.0400,13176200,113.2459
2019-09-20,140.7700,141.9800,140.4400,141.8900,11519800,114.7420
2019-09-23,142.2400,143.1600,141.7000,141.8600,15246700,114.7177
2019-09-24,142.4200,143.8500,142.4100,143.5700,12421600,116.1006
2019-09-25,143.2600,143.5500,141.1400,141.4700,14147100,114.4023
2019-09-26,142.2700,142.9900,141.9000,142.3800,9636500,115.1382
2019-09-27,142.3200,142.9800,142.1400,142.7300,10386900,115.4212
2019-09-30,141.8800,143.0900,141.8400,143.0800,8006900,115.7042
2019-10-01,141.2600,143.9100,141.1400,143.2600,16613700,116.0526
2019-10-02,143.4600,144.2700,143.2400,143.6100,12891500,116.3362
2019-10-03,143.9800,145.6700,143.9200,144.9200,13470500,117.3973
2019-10-04,145.3500,146.0300,145.2000,145.9900,11516200,118.2641
2019-10-07,145.1600,145.5300,144.7100,144.7800,11013900,117.2840
2019-10-08,145.8200,145.9300,144.6200,145.1700,14529700,117.5998
2019-10-09,144.6000,144.6100,143.8000,144.3500,8608800,116.9356
2019-10-10,143.1200,143.1800,141.7300,142.2000,15054200,115.1939
2019-10-11,140.9800,141.1000,139.7100,140.4400,26294000,113.7682
2019-10-14,141.4800,141.5100,141.0800,141.4600,5936900,114.5945
2019-10-15,140.6700,140.9500,139.5500,139.7500,11832300,113.2092
2019-10-16,139.6400,140.0600,139.3500,139.9200,7729500,113.3469
2019-10-17,139.5200,140.3800,139.3000,139.5800,6219300,113.0715
2019-10-18,139.8100,140.2300,139.4500,139.5800,6456100,113.0715
2019-10-21,138.5700,138.9900,138.2300,138.5300,8038000,112.2209
2019-10-22,139.3800,139.5300,138.6400,139.3400,6683300,112.8770
2019-10-23,140.0300,140.3100,139.3600,139.4800,5995400,112.9904
2019-10-24,139.6800,140.2400,139.0300,139.2000,6161700,112.7637
2019-10-25,139.5300,139.5500,138.3100,138.5200,5669800,112.2128
2019-10-28,137.5800,137.5800,136.9900,137.2600,11402100,111.1921
2019-10-29,137.6200,137.7400,137.1700,137.3500,5296600,111.2650
2019-10-30,137.7700,139.4500,137.7700,139.3600,10914100,112.8933
2019-10-31,140.4800,141.6800,140.4300,141.2400,15834100,114.4162
2019-11-01,140.7300,141.2700,139.7900,140.5600,11425500,114.0640
2019-11-04,138.9700,139.1400,138.5300,138.7100,11124300,112.5628
2019-11-05,137.2200,137.4400,136.7300,137.1500,13493000,111.2968
2019-11-06,138.0200,138.4100,137.3400,137.9800,9351900,111.9703
2019-11-07,136.3500,136.3600,134.4500,135.4800,19209800,109.9416
2019-11-08,135.1500,135.9500,134.7800,134.9100,10222900,109.4790
2019-11-11,135.3800,135.3900,134.6400,135.0000,4577000,109.5521
2019-11-12,135.2800,135.9500,134.7900,135.6200,5772900,110.0553
2019-11-13,136.8100,136.9600,136.1700,136.5000,6672400,110.7694
2019-11-14,137.8000,138.4400,137.6700,137.9100,10213300,111.9136
2019-11-15,137.4800,138.1600,137.4300,137.7600,4657600,111.7919
2019-11-18,138.2100,138.6100,137.9300,138.0100,5943900,111.9948
2019-11-19,138.3700,139.2400,138.3700,139.1600,7893100,112.9279
2019-11-20,139.9100,140.6000,139.7700,140.6000,7905500,114.0965
2019-11-21,139.6400,140.0800,139.1200,139.7200,5980900,113.3824
2019-11-22,140.1000,140.2800,139.6800,139.9000,4664800,113.5285
2019-11-25,140.3000,140.5300,140.1800,140.3100,4157300,113.8612
2019-11-26,141.0000,141.3100,140.9400,141.1300,4281100,114.5266
2019-11-27,140.6000,140.9100,140.4200,140.7200,4095700,114.1938
2019-11-29,140.6200,140.6800,139.7800,140.4200,6251100,113.9504
2019-12-02,138.1400,138.6700,137.9500,138.3100,17702200,112.4311
2019-12-03,140.0400,141.7700,139.9300,141.2100,13062400,114.7885
2019-12-04,140.3400,140.5000,139.2100,139.8000,8586300,113.6424
2019-12-05,138.6600,139.4400,138.6000,139.1200,7273800,113.0896
2019-12-06,138.0300,139.1200,137.8600,138.3500,7931100,112.4636
2019-12-09,138.9900,139.1100,138.5700,138.6500,4016900,112.7075
2019-12-10,139.1800,139.3500,138.4100,138.6600,4947600,112.7156
2019-12-11,139.3000,140.1400,139.2300,139.7500,6256700,113.6017
2019-12-12,139.1900,139.2800,136.6100,137.4500,14857000,111.7321
2019-12-13,138.1200,139.6100,137.2300,139.0400,11335100,113.0245
2019-12-16,138.4000,138.4600,137.4300,137.7900,9156600,112.0084
2019-12-17,138.2100,138.3400,137.2100,137.6000,6179700,111.8540
2019-12-18,137.3000,137.4500,136.2800,136.4700,6244700,110.9354
2019-12-19,136.0000,136.8600,135.7600,136.4700,6591100,111.1129
2019-12-20,136.1300,136.6900,135.9300,136.6500,5455700,111.2595
2019-12-23,136.8100,136.9700,136.0000,136.4500,5175000,111.0966
2019-12-24,135.9200,137.0600,135.8900,136.8400,4667400,111.4141
2019-12-26,136.9100,137.2200,136.5100,137.1700,5290200,111.6828
2019-12-27,137.4400,137.6300,137.2900,137.3200,7300500,111.8050
2019-12-30,135.8900,136.9000,135.6600,136.8200,7979700,111.3979
2019-12-31,136.2100,136.4600,135.3800,135.4800,10707400,110.3069
2020-01-02,136.7900,137.5300,136.6700,137.0100,11034100,111.5526
2020-01-03,138.2700,139.1600,137.8800,139.1200,12366000,113.2705
2020-01-06,139.6900,139.7100,138.1500,138.3300,11369800,112.6273
2020-01-07,138.2200,138.4700,137.6400,137.6500,8381200,112.0736
2020-01-08,137.9300,138.3100,136.3200,136.7400,10621700,111.3327
2020-01-09,136.0000,137.4400,135.9100,137.2200,7411500,111.7235
2020-01-10,137.6700,138.4700,137.6300,138.4400,8776000,112.7169
2020-01-13,137.8800,138.0900,137.3900,138.0200,5966900,112.3749
2020-01-14,138.1800,138.8200,138.1400,138.7300,13920300,112.9529
2020-01-15,139.5200,139.7600,139.0200,139.6500,6290500,113.7020
2020-01-16,139.2600,139.5300,138.7400,139.2100,6798600,113.3438
2020-01-17,137.5800,138.1400,137.3600,138.0200,9693100,112.3749
2020-01-21,138.8100,139.6500,138.7700,139.4700,6794900,113.5555
2020-01-22,139.7200,140.1400,139.5900,139.9600,6317000,113.9545
2020-01-23,140.8500,141.3800,140.7800,140.9400,9747400,114.7523
2020-01-24,141.4200,142.5500,141.3000,142.0800,8585000,115.6805
2020-01-27,143.9500,144.2900,143.5000,144.2900,10935200,117.4799
2020-01-28,143.9300,144.0900,142.8200,143.1600,10612900,116.5599
2020-01-29,143.4400,144.7000,143.4300,144.5600,9566800,117.6997
2020-01-30,144.9000,145.6700,144.2900,144.5800,14711800,117.7160
2020-01-31,145.1700,145.9900,145.0900,145.9000,14538100,118.7907
2020-02-03,144.9500,145.7600,144.1200,145.5400,15309000,118.6945
2020-02-04,143.9900,144.1400,143.0600,143.5800,11388300,117.0960
2020-02-05,142.3000,142.7000,141.9000,142.0100,10782600,115.8156
2020-02-06,142.1800,142.8800,142.0000,142.6500,6683100,116.3376
2020-02-07,144.2200,144.7400,143.8700,144.4300,11374800,117.7892
2020-02-10,145.1000,145.2500,144.6800,144.8300,6699300,118.1155
2020-02-11,144.5900,144.7200,143.9400,144.1000,7784100,117.5201
2020-02-12,143.3700,143.5500,142.9900,143.3700,5595500,116.9247
2020-02-13,143.4400,144.2000,143.2700,143.9200,7883400,117.3733
2020-02-14,144.7600,145.0800,144.4500,144.5500,7137400,117.8871
2020-02-18,145.3400,146.0500,144.9200,145.5400,6909200,118.6945
2020-02-19,145.1200,145.6200,144.9800,145.5300,5707700,118.6864
2020-02-20,146.0800,146.9400,146.0000,146.6700,9332900,119.6161
2020-02-21,147.8000,148.8800,147.6500,148.0400,13860300,120.7334
2020-02-24,150.8300,150.9600,150.0000,150.2500,15929300,122.5357
2020-02-25,150.2100,151.7600,150.1400,151.0500,20802900,123.1881
2020-02-26,149.9500,151.7200,149.5800,150.2500,22589500,122.5357
2020-02-27,152.7000,153.0800,150.8300,151.8800,30687900,123.8651
2020-02-28,154.4500,155.9800,154.1600,155.3100,44935200,126.6624
2020-03-02,155.3000,156.5000,153.7600,153.9400,28152400,125.7305
2020-03-03,153.8100,159.7000,152.3600,156.3300,38608000,127.6825
2020-03-04,156.4100,157.3500,154.1900,154.6700,23463700,126.3267
2020-03-05,157.1300,158.8200,156.8100,158.5200,17786200,129.4712
2020-03-06,167.3000,169.3300,164.1100,166.7700,76288300,136.2093
2020-03-09,179.1000,179.7000,170.3400,171.2900,41552800,139.9011
2020-03-10,169.6400,172.9300,162.0300,162.5100,37728300,132.7300
2020-03-11,165.4300,167.0300,155.6300,156.5300,29519300,127.8458
2020-03-12,163.5100,166.3600,155.6600,157.5000,24361800,128.6381
2020-03-13,155.0000,158.2000,152.1900,153.9400,19812900,125.7305
2020-03-16,160.3800,166.1500,157.8100,163.9100,30496700,133.8735
2020-03-17,163.5000,165.6300,152.7100,152.9800,18570900,124.9464
2020-03-18,152.8400,154.1400,139.0100,144.3500,47061000,117.8978
2020-03-19,146.9500,153.4500,145.2500,148.2800,21175300,121.1077
2020-03-20,153.3000,159.4300,152.1100,159.4300,20863100,130.2144
2020-03-23,157.5000,166.6900,156.5700,166.0000,19971800,135.5805
2020-03-24,161.2500,165.4500,160.4100,162.9100,11948600,133.0567
2020-03-25,163.5900,166.6800,161.6200,162.5400,10750600,132.7545
2020-03-26,164.0000,165.6800,162.2700,163.3400,10576200,133.4079
2020-03-27,165.5200,168.2500,164.5900,167.7000,12550000,136.9689
2020-03-30,168.3000,170.1100,165.9400,166.3200,13473200,135.8418
2020-03-31,165.7000,166.9200,164.5600,164.9700,11464800,134.7393
2020-04-01,168.4800,168.9600,166.4000,167.0400,11334700,136.6271
2020-04-02,168.8300,169.2200,167.2600,168.1000,5771200,137.4940
2020-04-03,168.5500,170.3300,168.1400,168.5000,6570800,137.8211
2020-04-06,167.0000,168.2700,166.5300,168.0600,9434800,137.4613
2020-04-07,164.9600,166.4200,163.7100,166.3000,13811400,136.0217
2020-04-08,165.1100,166.1900,164.1300,165.0900,10147100,135.0320
2020-04-09,164.2800,165.7900,163.7800,165.3900,14259100,135.2775
2020-04-13,164.7500,165.7100,163.8800,163.8800,8750300,134.0423
2020-04-14,163.8400,164.7400,163.4800,163.8400,9019100,134.0096
2020-04-15,166.8000,168.6000,166.7400,168.1800,10027800,137.5595
2020-04-16,169.2600,170.3200,169.0200,170.0900,8265400,139.1218
2020-04-17,169.8200,170.8400,167.2700,167.8100,8612100,137.2568
2020-04-20,168.4400,169.2900,167.9600,169.1600,6462600,138.3610
2020-04-21,171.9300,172.1500,170.7800,171.2900,7850700,140.1032
2020-04-22,169.9700,170.3900,168.7100,169.5400,6230200,138.6718
2020-04-23,169.8700,170.9300,169.6100,170.4400,5968600,139.4079
2020-04-24,169.6100,170.8400,169.5700,170.8400,6211800,139.7351
2020-04-27,169.6600,169.7500,167.4400,167.6600,9039500,137.1342
2020-04-28,168.5500,169.8500,168.4500,169.5900,9905400,138.7127
2020-04-29,169.5300,170.2600,167.9600,168.7100,8619600,137.9929
2020-04-30,168.7400,169.2300,166.7100,166.7400,11606100,136.3816
2020-05-01,167.5000,168.1100,166.4400,167.9500,10209400,137.5495
2020-05-04,167.5600,167.6800,166.4800,167.1600,8300900,136.9025
2020-05-05,165.5700,166.2700,165.2700,166.0900,7831800,136.0263
2020-05-06,163.2300,163.6400,162.0500,163.4100,14721500,133.8313
2020-05-07,163.5600,166.3700,163.3400,166.1400,9164800,136.0671
2020-05-08,164.4900,165.4000,163.6800,163.9800,8129800,134.2981
2020-05-11,163.6600,164.2200,162.1000,162.7000,8713500,133.2498
2020-05-12,163.1600,164.9300,163.1300,164.3700,10057300,134.6175
2020-05-13,165.0900,166.2900,164.8300,165.5200,13305600,135.5594
2020-05-14,167.3200,168.1500,167.0500,167.1400,10080000,136.8861
2020-05-15,168.3000,168.4900,166.3300,166.7100,7225600,136.5340
2020-05-18,164.9300,165.0600,162.4200,163.0500,10073100,133.5364
2020-05-19,162.5200,163.7000,162.4800,163.6600,8639100,134.0361
2020-05-20,163.1700,164.7000,162.8800,164.1500,10927300,134.4374
2020-05-21,164.8600,165.3600,164.2900,164.5600,8920000,134.7731
2020-05-22,164.7200,165.6800,164.6100,165.5500,4956700,135.5839
2020-05-26,163.7100,163.7900,162.9800,163.3300,8098900,133.7658
2020-05-27,162.7900,163.9100,162.5900,163.0300,8047400,133.5200
2020-05-28,161.9600,162.5700,161.6600,162.4300,10272600,133.0287
2020-05-29,162.7100,164.0900,162.3500,163.5900,14632700,133.9788
2020-06-01,162.1000,162.4400,161.6700,162.2800,13341400,133.0767
2020-06-02,161.6700,162.0900,161.2500,161.6900,11517100,132.5928
2020-06-03,160.1800,160.3300,158.9400,159.5400,12255700,130.8298
2020-06-04,158.9200,159.0100,157.1900,157.2300,14038600,128.9355
2020-06-05,154.6100,156.1600,153.1600,156.1100,17778500,128.0170
2020-06-08,155.0700,156.8500,155.0500,156.7100,10346700,128.5089
2020-06-09,159.0500,159.6400,158.3000,158.4900,9095300,129.9687
2020-06-10,159.2400,160.9000,159.0500,160.8400,13135500,131.8958
2020-06-11,163.2500,164.2300,162.6300,163.8800,17086400,134.3887
2020-06-12,162.4100,163.6600,162.0500,162.3000,9716100,133.0931
2020-06-15,163.8900,164.2200,162.1400,162.3900,7759800,133.1669
2020-06-16,159.4100,161.2300,158.7000,159.9000,13698900,131.1250
2020-06-17,160.2700,160.7700,159.3400,160.5600,7113900,131.6662
2020-06-18,162.0400,162.4800,161.6100,162.2600,7691400,133.0603
2020-06-19,161.0000,162.5000,160.9100,162.3900,8565500,133.1669
2020-06-22,163.1900,163.4200,162.0700,162.4100,9319700,133.1832
2020-06-23,161.4800,162.0600,161.1200,161.3000,9088600,132.2730
2020-06-24,161.5300,163.0900,161.5200,163.0300,11436500,133.6917
2020-06-25,164.2100,164.3500,163.4000,163.5000,10968000,134.0771
2020-06-26,164.2500,165.3200,164.1800,165.2500,12119300,135.5122
2020-06-29,164.8500,165.2700,164.3800,164.7300,7274400,135.0858
2020-06-30,165.2300,165.2900,163.4800,163.9300,14841700,134.4297
2020-07-01,162.8100,163.5600,162.1500,163.4200,13181000,134.1687
2020-07-02,162.7000,163.7400,162.2400,163.5900,7599800,134.3082
2020-07-06,162.3300,163.0200,161.7500,162.9200,7972700,133.7581
2020-07-07,163.4200,165.3400,163.2000,165.2100,12791900,135.6383
2020-07-08,164.3200,164.9200,163.8300,164.5500,7253900,135.0964
2020-07-09,164.6600,167.4500,164.6000,167.1700,13373100,137.2474
2020-07-10,167.9500,168.2100,166.1600,166.3300,8478000,136.5578
2020-07-13,165.5000,166.9600,165.2300,166.8800,8054000,137.0094
2020-07-14,167.9300,168.1400,166.9800,167.1200,11344600,137.2063
2020-07-15,165.9200,166.9500,165.8300,166.3400,7840300,136.5660
2020-07-16,167.4000,167.7700,167.0400,167.1300,9107400,137.2145
2020-07-17,167.2700,167.4000,166.4700,166.7800,8549900,136.9272
2020-07-20,167.5100,167.6200,166.8000,167.1900,6907200,137.2639
2020-07-21,167.3000,167.7200,167.0800,167.2900,8454400,137.3459
2020-07-22,168.2600,168.4600,167.6900,167.7900,6592100,137.7564
2020-07-23,168.9200,169.8800,168.4800,169.7500,10471800,139.3656
2020-07-24,169.0100,169.9200,168.8700,169.7400,7520700,139.3574
2020-07-27,170.2500,170.3000,168.9900,169.1100,6146400,138.8402
2020-07-28,169.5400,170.3400,169.4300,170.2800,8520700,139.8008
2020-07-29,170.0500,170.3900,168.9800,169.9900,6733700,139.5627
2020-07-30,171.0500,171.2600,170.7500,171.1100,9376100,140.4822
2020-07-31,170.1500,171.4600,169.9400,171.0000,8886000,140.3919
2020-08-03,169.2400,169.9900,168.9700,169.9500,9066200,139.6850
2020-08-04,170.8300,171.5800,170.7200,171.5700,9878900,141.0165
2020-08-05,170.0600,170.5600,169.6900,170.0700,6954100,139.7836
2020-08-06,171.3800,172.2500,170.6200,171.0200,9481800,140.5645
2020-08-07,171.2800,171.5000,169.5800,169.8800,8176900,139.6274
2020-08-10,170.2200,170.2500,169.0700,169.1200,6408500,139.0029
2020-08-11,167.1700,167.4900,165.8800,167.1100,19234200,137.3508
2020-08-12,165.7000,166.0700,164.9900,165.5900,11744800,136.1014
2020-08-13,165.3100,165.5800,163.1700,163.8200,12744700,134.6466
2020-08-14,163.8100,164.1500,163.1600,163.1800,6398100,134.1206
2020-08-17,163.9700,164.4600,163.4300,163.5900,6901500,134.4576
2020-08-18,164.3600,164.8700,164.0900,164.7600,8140600,135.4193
2020-08-19,165.3700,165.6100,163.3000,163.7300,12497700,134.5727
2020-08-20,165.3900,165.6500,164.9300,165.2100,10319900,135.7891
2020-08-21,165.7700,166.3300,165.0100,166.2000,6836000,136.6028
2020-08-24,166.3200,166.9700,165.8600,165.9300,6490600,136.3809
2020-08-25,164.3500,165.0900,163.8300,164.6600,10518300,135.3371
2020-08-26,164.0500,164.3300,163.2800,164.0300,8276600,134.8193
2020-08-27,164.7600,164.8200,161.1600,161.2400,19860100,132.5261
2020-08-28,161.7700,162.0500,160.6400,161.1200,8415400,132.4275
2020-08-31,161.6000,163.2500,161.5600,162.1900,11388100,133.3069
2020-09-01,161.7600,164.0700,161.1800,163.8600,10587000,134.8317
2020-09-02,163.5100,165.5600,163.4900,165.4200,15167700,136.1153
2020-09-03,165.7500,167.2400,165.4400,165.8900,16416600,136.5021
2020-09-04,164.4100,164.7000,162.4500,162.7400,13780300,133.9101
2020-09-08,164.3700,165.2600,163.7400,163.7400,13790400,134.7330
2020-09-09,163.9400,164.2500,162.7600,163.3000,9558900,134.3708
2020-09-10,162.4600,164.3500,161.9500,164.1300,8847700,135.0539
2020-09-11,164.3100,164.5700,164.0800,164.4800,5458200,135.3419
2020-09-14,164.7900,165.0800,164.2300,164.4700,4274900,135.3336
2020-09-15,164.1700,164.4700,163.7900,164.0700,6928500,135.0045
2020-09-16,164.7800,164.8900,162.9800,163.5800,8815200,134.6013
2020-09-17,164.9000,164.9600,163.8000,164.0800,7813900,135.0128
2020-09-18,164.1700,164.2400,163.3400,163.5700,7246300,134.5930
2020-09-21,164.8900,165.4000,164.1400,164.4000,11086900,135.2760
2020-09-22,164.4400,164.8800,163.8700,164.2700,10524100,135.1691
2020-09-23,164.3000,164.5300,163.4800,164.4900,6224800,135.3501
2020-09-24,164.9600,165.1200,164.6200,165.1200,8278100,135.8685
2020-09-25,165.1100,165.4200,164.7100,165.1200,5140300,135.8685
2020-09-28,164.8700,164.9000,164.3700,164.6500,4470100,135.4817
2020-09-29,164.8000,165.2400,164.5600,164.8400,10297600,135.6381
2020-09-30,164.0000,164.0000,162.5500,163.2600,12971000,134.3380
2020-10-01,162.5100,163.7400,162.1000,163.3600,11523900,134.5596
2020-10-02,163.6100,163.6700,162.1800,162.7500,8828800,134.0572
2020-10-05,160.9500,160.9500,159.5200,159.5700,14726000,131.4377
2020-10-06,159.3300,161.4100,158.6800,160.4300,22419400,132.1461
2020-10-07,159.5600,160.4200,158.8600,159.2600,9429200,131.1823
2020-10-08,159.9700,160.2500,159.6600,160.1200,8431500,131.8907
2020-10-09,159.5200,160.2700,158.8100,160.0900,8441500,131.8661
2020-10-12,160.4300,160.6800,160.1100,160.6000,3962000,132.2861
2020-10-13,161.2100,161.8300,161.1800,161.7500,7914300,133.2334
2020-10-14,162.3300,162.7500,161.9700,162.1200,6954800,133.5382
2020-10-15,163.0400,163.1900,161.6400,161.8400,9458800,133.3075
2020-10-16,161.6600,162.3200,161.1000,161.3900,8416300,132.9369
2020-10-19,160.5000,160.9800,160.0500,160.7800,9286600,132.4344
2020-10-20,159.8600,160.0100,158.9500,159.2500,11189000,131.1741
2020-10-21,158.7900,159.3700,158.3700,158.7000,10453700,130.7211
2020-10-22,158.2900,158.6300,156.9700,157.0500,12664900,129.3620
2020-10-23,156.8100,158.2100,156.7500,158.0100,8783800,130.1528
2020-10-26,159.2100,160.0200,159.0100,159.4800,7227300,131.3636
2020-10-27,160.2300,160.7000,159.9000,160.5500,6062300,132.2450
2020-10-28,161.3800,161.4600,160.2000,160.7000,11765800,132.3685
2020-10-29,160.7300,160.8300,158.4700,159.1400,11932400,131.0835
2020-10-30,159.0300,159.3500,157.5700,157.5700,13095400,129.7903
2020-11-02,158.7000,159.1900,158.3300,158.5800,10810500,130.7625
2020-11-03,157.8500,157.9800,157.0400,157.6600,16228700,130.0039
2020-11-04,161.6400,162.1700,160.5400,161.0800,21570800,132.8240
2020-11-05,161.6400,161.7400,160.5800,161.3600,18537500,133.0548
2020-11-06,159.6200,159.9200,158.9400,159.4100,12408400,131.4470
2020-11-09,155.9700,156.1500,154.6300,156.0600,23245000,128.6845
2020-11-10,154.9600,155.8100,154.7800,155.1600,12561000,127.9424
2020-11-11,155.0200,155.9400,154.9700,155.7200,5888200,128.4043
2020-11-12,156.9400,158.4000,156.7100,158.3700,15999700,130.5893
2020-11-13,158.3600,158.5000,157.9100,158.1600,7344600,130.4162
2020-11-16,157.7300,158.2800,157.6100,157.7800,6310400,130.1029
2020-11-17,158.7700,159.1600,158.5900,158.8100,7444600,130.9522
2020-11-18,159.4400,159.5700,158.3500,159.2700,10333300,131.3314
2020-11-19,159.9700,160.7200,159.8400,160.0900,10637200,132.0076
2020-11-20,160.5300,161.5400,160.3900,161.5100,7246800,133.1785
2020-11-23,160.8200,160.9900,160.2800,160.7700,11300000,132.5684
2020-11-24,159.9900,160.0200,159.0100,159.1700,10891700,131.2490
2020-11-25,159.2500,159.9100,158.6200,158.6800,9145800,130.8449
2020-11-27,159.6100,160.2700,159.5800,160.2200,4708200,132.1148
2020-11-30,160.0300,160.5300,159.7600,160.0200,13071600,131.9499
2020-12-01,158.5500,158.7400,156.6800,157.5000,13662800,130.0044
2020-12-02,156.8800,156.9300,155.4800,156.2500,12114300,128.9726
2020-12-03,156.9400,157.8200,156.5800,157.5100,9626500,130.0126
2020-12-04,155.6900,155.7900,154.7700,155.2000,12734500,128.1058
2020-12-07,156.3500,156.8800,156.1800,156.6000,9316100,129.2616
2020-12-08,157.5700,158.0700,157.2000,157.3400,7397200,129.8723
2020-12-09,156.5500,157.3200,156.0100,156.8200,7750100,129.4431
2020-12-10,157.2400,158.2900,156.8300,158.2100,10025100,130.5904
2020-12-11,158.6500,159.3900,158.3200,158.7700,8135900,131.0527
2020-12-14,157.4900,158.6900,157.1100,158.3300,7535900,130.6895
2020-12-15,157.7800,158.3900,157.3100,157.8000,6847500,130.2520
2020-12-16,156.5800,157.8900,156.3900,157.3800,9954200,129.9053
2020-12-17,158.1300,158.4600,156.4300,156.8000,9422700,129.5616
2020-12-18,157.1200,157.3800,156.1800,156.3300,6505000,129.1732
2020-12-21,157.2000,157.3400,156.4500,156.9500,8988200,129.6855
2020-12-22,157.5600,157.8300,157.0800,157.7600,7370800,130.3548
2020-12-23,156.6200,156.6900,155.4600,156.6700,9266600,129.4542
2020-12-24,156.9000,157.4300,156.8500,157.2900,3117100,129.9665
2020-12-28,156.3800,157.4500,156.1000,157.3600,7791100,130.0244
2020-12-29,156.3900,157.2900,156.3600,157.1600,9030900,129.8591
2020-12-30,156.8200,157.5300,156.6800,157.5000,9097300,130.1400
2020-12-31,157.4600,158.0800,157.4500,157.7300,7742100,130.3301
2021-01-04,156.6700,158.1800,156.5400,157.5400,13152900,130.1730
2021-01-05,156.9500,156.9500,155.6600,156.3700,10458100,129.2063
2021-01-06,153.8200,153.8500,152.2900,153.1600,22827300,126.5539
2021-01-07,151.7900,152.1700,151.2600,151.8100,14651900,125.4384
2021-01-08,151.4800,151.9600,150.6600,151.3200,13622500,125.0335
2021-01-11,151.0000,151.2100,150.4900,151.0700,8370700,124.8270
2021-01-12,150.7900,151.1600,149.9300,150.9500,12186300,124.7278
2021-01-13,151.6600,153.0700,151.5700,152.6500,12533300,126.1325
2021-01-14,152.5800,152.6400,150.7900,151.2200,14835500,124.9509
2021-01-15,152.1900,152.3600,151.4700,151.8200,11624700,125.4467
2021-01-19,151.6200,152.3600,151.5100,152.3100,9575600,125.8516
2021-01-20,151.9900,152.4800,151.7900,152.4600,5368900,125.9755
2021-01-21,151.4400,151.7500,151.1000,151.3900,8162700,125.0914
2021-01-22,151.8500,152.0100,151.4200,151.8800,9507200,125.4963
2021-01-25,152.7600,153.6900,152.6400,153.6700,8712600,126.9753
2021-01-26,153.1000,153.6000,152.9200,153.3800,7690300,126.7357
2021-01-27,154.0700,154.5000,153.5300,153.7700,7895200,127.0580
2021-01-28,153.4000,153.4600,152.1600,152.9200,10667800,126.3556
2021-01-29,151.4200,152.4900,151.3000,152.0000,14965900,125.5955
2021-02-01,151.6600,152.3600,151.4900,152.0000,8165500,125.7411
2021-02-02,150.7400,151.0900,150.5200,151.0200,9177500,124.9303
2021-02-03,150.4300,150.5900,149.5800,149.6800,9633100,123.8218
2021-02-04,149.1600,149.4900,148.8000,149.2800,8262600,123.4908
2021-02-05,149.1000,149.5700,148.0200,148.0300,10258900,122.4569
2021-02-08,148.3000,149.2600,148.0400,148.6800,11574800,122.9946
2021-02-09,149.2200,149.6700,148.6600,148.7900,5218300,123.0856
2021-02-10,149.2800,149.7800,149.1400,149.7800,8079800,123.9045
2021-02-11,149.6800,149.7900,148.7500,148.9600,11962700,123.2262
2021-02-12,147.7000,148.0800,147.0300,147.1100,14088400,121.6958
2021-02-16,145.2200,145.6600,144.6600,144.8700,17789100,119.8427
2021-02-17,145.9500,146.3800,144.9800,145.7900,11199100,120.6038
2021-02-18,144.6100,145.6000,144.3200,145.2000,10755300,120.1157
2021-02-19,144.0600,144.3200,142.8500,143.2700,12741700,118.5191
2021-02-22,143.0300,143.7400,141.7200,142.1800,13203900,117.6175
2021-02-23,141.5200,142.5000,141.1400,141.7700,12658500,117.2783
2021-02-24,139.3500,141.1800,139.1600,140.8400,17363100,116.5090
2021-02-25,139.5200,139.9200,136.6100,138.5400,52621700,114.6063
2021-02-26,140.7700,143.3000,139.6800,143.1200,45423300,118.3950
2021-03-01,140.6600,141.4100,140.0900,141.0600,22048000,116.8314
2021-03-02,140.4000,141.1300,140.2900,141.0700,12482200,116.8397
2021-03-03,139.3800,140.1500,138.7600,139.5400,19763700,115.5724
2021-03-04,139.6300,139.9400,137.9600,138.6400,22366600,114.8270
2021-03-05,138.1700,139.3400,137.9900,138.9100,20598000,115.0507
2021-03-08,138.8300,138.9000,137.8300,137.8300,15236600,114.1562
2021-03-09,139.2700,139.8200,138.9700,139.7400,14463400,115.7381
2021-03-10,139.8000,140.1500,139.2800,140.0200,12387600,115.9700
2021-03-11,139.1700,139.3800,138.4600,139.0100,14150700,115.1335
2021-03-12,136.4000,136.4600,135.6500,136.0600,20402700,112.6902
2021-03-15,136.4900,137.0900,136.4100,136.8600,11366500,113.3528
2021-03-16,137.0200,137.1200,135.7500,136.3100,15567900,112.8972
2021-03-17,135.1500,135.5300,134.1500,135.2900,27107500,112.0524
2021-03-18,133.3100,134.4700,133.1900,133.9200,21615100,110.9177
2021-03-19,134.0800,134.8300,133.8000,134.7500,18685000,111.6052
2021-03-22,135.6900,136.4100,135.3700,136.2600,17047500,112.8558
2021-03-23,136.5900,137.5400,136.1500,137.4900,16768400,113.8746
2021-03-24,137.0600,138.2800,136.9500,138.2300,13863000,114.4875
2021-03-25,138.3900,138.6600,137.0900,137.1400,20782000,113.5847
2021-03-26,136.4200,137.2400,136.2200,136.6600,8433300,113.1871
2021-03-29,136.8300,136.8500,134.9700,135.5000,13968100,112.2264
2021-03-30,135.3000,136.5100,135.0100,136.2100,15020800,112.8145
2021-03-31,136.3400,136.5900,134.9800,135.4500,19271300,112.1849
2021-04-01,136.5500,137.6200,136.3000,137.5100,14885900,114.0469
2021-04-05,136.5500,136.9700,135.9400,136.9100,8243000,113.5493
2021-04-06,137.1600,137.9800,137.0100,137.8400,9282400,114.3205
2021-04-07,137.4500,138.1000,136.8800,136.8800,11052700,113.5244
2021-04-08,137.3900,138.0700,137.3600,138.0100,7847900,114.4616
2021-04-09,137.5000,138.1900,137.0900,137.5100,8717800,114.0469
2021-04-12,137.4600,137.5300,137.1000,137.4500,7659000,113.9972
2021-04-13,137.3000,138.5100,137.2000,138.4800,13232800,114.8514
2021-04-14,138.0300,138.2400,137.5700,138.0400,7293200,114.4865
2021-04-15,139.4900,140.9800,139.4600,140.3500,23896700,116.4024
2021-04-16,139.1000,139.7300,138.9300,139.2600,15238400,115.4983
2021-04-19,138.7400,139.3100,138.5500,138.8600,13886800,115.1666
2021-04-20,138.4500,139.7600,138.4300,139.5000,11476500,115.6974
2021-04-21,139.5400,139.9100,139.0700,139.7800,11902200,115.9296
2021-04-22,140.0000,140.3900,139.2000,140.3900,14156400,116.4355
2021-04-23,140.3800,140.4700,139.4900,140.0600,12302200,116.1618
2021-04-26,140.1500,140.5100,139.8500,139.8600,9103500,115.9959
2021-04-27,139.5900,139.8200,138.5300,138.6400,14137300,114.9841
2021-04-28,138.6500,138.8900,137.9600,138.7300,15263700,115.0587
2021-04-29,137.4500,138.3600,137.1300,138.3200,17178200,114.7187
2021-04-30,138.5100,138.7300,137.9800,138.6400,15692000,114.9841
2021-05-03,138.7000,139.6500,138.2800,138.5200,16447700,115.0530
2021-05-04,139.4900,140.1600,139.1600,139.4600,18639700,115.8338
2021-05-05,139.0300,139.8500,138.9200,139.6900,11127900,116.0248
2021-05-06,139.2500,140.1900,139.2000,139.9200,21907600,116.2159
2021-05-07,140.1000,140.6000,138.9100,139.2300,18346900,115.6427
2021-05-10,138.9500,139.2500,137.6900,137.8200,15146200,114.4716
2021-05-11,137.2300,137.4800,136.7700,137.0400,15158600,113.8237
2021-05-12,136.6700,136.8000,135.3600,135.6000,20859400,112.6278
2021-05-13,135.9300,136.3700,135.6300,135.8100,13073900,112.8021
2021-05-14,136.5300,137.0800,136.2200,137.0800,17566700,113.8570
2021-05-17,136.8300,137.1700,136.5700,136.7900,6113800,113.6161
2021-05-18,136.4000,136.5700,136.0700,136.4400,11423100,113.3254
2021-05-19,136.5400,137.3000,135.6200,136.1100,14296000,113.0513
2021-05-20,136.7600,137.4900,136.6700,137.2300,13310500,113.9815
2021-05-21,137.6600,137.7000,137.0600,137.6700,10171600,114.3470
2021-05-24,137.9900,138.5800,137.8900,138.1800,6868700,114.7706
2021-05-25,138.6300,139.5000,138.6200,139.4600,12346900,115.8338
2021-05-26,139.5900,139.9100,138.8800,139.2200,9793700,115.6345
2021-05-27,138.5000,138.6900,137.9900,138.6600,10695200,115.1693
2021-05-28,138.5800,139.3000,138.3400,138.4400,10258000,114.9866
2021-06-01,137.8200,138.2600,137.2500,138.2100,11778500,114.9609
2021-06-02,138.5500,138.7900,138.3200,138.5300,7347900,115.2270
2021-06-03,138.5100,138.5100,137.8500,138.0100,10994000,114.7944
2021-06-04,138.5200,139.9000,138.5200,139.9000,15773700,116.3665
2021-06-07,139.5900,139.7100,139.3200,139.4700,7799800,116.0089
2021-06-08,140.6600,140.6600,140.2100,140.4500,11230900,116.8240
2021-06-09,141.7600,142.1500,141.2500,141.6900,12768300,117.8554
2021-06-10,140.8300,142.5600,140.6800,142.5400,19698300,118.5624
2021-06-11,142.3100,142.4000,141.8400,142.3100,8646700,118.3711
2021-06-14,142.1000,142.1000,141.0100,141.2200,9401300,117.4645
2021-06-15,140.8000,141.0900,140.4800,141.0500,18207300,117.3231
2021-06-16,141.4000,141.6700,140.2100,140.9300,19676300,117.2232
2021-06-17,141.8600,144.9300,141.6400,143.0400,35225800,118.9783
2021-06-18,144.2800,146.0400,144.1200,145.7300,26616900,121.2157
2021-06-21,144.3900,144.4900,143.0200,143.2900,16485000,119.1863
2021-06-22,142.1700,143.6800,142.1200,143.6400,14530200,119.4774
2021-06-23,143.1100,143.5000,142.7100,143.2700,12040900,119.1696
2021-06-24,143.4200,143.9000,143.3300,143.5000,8788400,119.3610
2021-06-25,143.2600,143.4000,141.3700,142.0100,15562200,118.1215
2021-06-28,142.7200,143.8000,142.7000,143.4700,11460700,119.3360
2021-06-29,143.1000,143.7200,143.0400,143.7100,11217900,119.5356
2021-06-30,144.2500,144.9300,144.0700,144.3500,15708900,120.0680
2021-07-01,143.9800,144.3100,143.5300,144.1700,10810000,120.0746
2021-07-02,144.2300,145.0400,144.1100,145.0400,9650200,120.7993
2021-07-06,145.7200,146.9900,145.7200,146.7400,20037200,122.2150
2021-07-07,147.5700,148.5600,147.2200,148.0400,20964400,123.2978
2021-07-08,148.8800,149.4400,148.1700,148.6200,17487800,123.7808
2021-07-09,146.8700,146.9900,146.4900,146.5300,14483600,122.0402
2021-07-12,147.0900,147.2300,146.1700,146.3400,10610400,121.8820
2021-07-13,146.8200,147.4600,144.6400,145.2200,23340200,120.9492
2021-07-14,146.0100,146.9200,145.8100,146.8700,16038600,122.3233
2021-07-15,147.9500,148.6000,147.0300,148.4900,18462400,123.6726
2021-07-16,147.3400,148.3400,147.3200,148.2100,12787900,123.4394
2021-07-19,150.9500,151.9500,150.6200,151.4600,40203900,126.1462
2021-07-20,152.5300,152.7100,149.7600,150.0000,25674800,124.9302
2021-07-21,148.1800,148.5000,146.6700,148.1000,19988900,123.3477
2021-07-22,148.1100,149.8100,148.0600,149.5000,18136900,124.5138
2021-07-23,147.9400,148.6600,147.8900,148.5000,12639300,123.6809
2021-07-26,149.0000,149.0600,147.8800,148.0600,10737700,123.3145
2021-07-27,149.3300,149.6900,148.9900,149.6400,13036500,124.6304
2021-07-28,148.6700,149.6700,148.2700,149.6500,14346700,124.6387
2021-07-29,148.7800,149.2200,148.5300,148.8200,11532000,123.9474
2021-07-30,149.1300,149.7200,149.0600,149.5200,14342100,124.5304
2021-08-02,149.4500,151.2300,149.1800,150.6700,21232700,125.6412
2021-08-03,150.7500,151.2300,150.3900,150.7500,13361900,125.7079
2021-08-04,151.5000,151.8200,149.7200,151.0600,18267900,125.9664
2021-08-05,150.7600,150.9200,150.0000,150.2900,15345400,125.3243
2021-08-06,148.3200,148.7600,147.6900,147.7800,21144300,123.2313
2021-08-09,148.1500,148.5600,147.2300,147.2500,12942400,122.7893
2021-08-10,147.4900,147.5700,146.5600,146.5700,13716900,122.2223
2021-08-11,146.4100,147.2300,145.7100,146.4800,17227600,122.1472
2021-08-12,146.0900,146.4400,145.4300,146.2400,14709400,121.9471
2021-08-13,146.8300,148.5600,146.8100,148.5500,18653800,123.8734
2021-08-16,149.1900,150.0200,148.8100,148.9100,19170900,124.1736
2021-08-17,148.8800,149.4700,148.6700,148.8500,14126900,124.1236
2021-08-18,148.7100,149.4700,148.4500,149.3500,13144000,124.5405
2021-08-19,150.3100,150.4600,149.8100,150.4500,15474300,125.4577
2021-08-20,150.5900,150.8100,150.1100,150.5500,12388400,125.5411
2021-08-23,150.2000,150.5000,149.9200,150.4500,10615000,125.4577
2021-08-24,149.7600,150.0700,149.2800,149.2800,13835900,124.4820
2021-08-25,149.2100,149.3700,147.5800,148.0400,16743800,123.4481
2021-08-26,147.9700,148.5700,147.5100,148.4500,16657400,123.7900
2021-08-27,148.5700,149.4900,148.3300,149.4600,15384700,124.6322
2021-08-30,148.9900,149.9000,148.9300,149.8500,10596300,124.9574
2021-08-31,149.6700,150.0900,148.5000,148.8300,15262400,124.1068
2021-09-01,149.2700,149.3900,148.4900,148.8900,10807100,124.3148
2021-09-02,149.2400,149.5500,148.7500,149.5400,9765900,124.8574
2021-09-03,148.2700,148.5100,147.9400,148.1800,12928000,123.7219
2021-09-07,147.2600,147.5200,146.6600,146.9300,15547800,122.6783
2021-09-08,147.6600,148.1900,147.3900,147.9300,14533700,123.5132
2021-09-09,148.1700,149.8900,147.8500,149.7200,20324600,125.0077
2021-09-10,148.9000,149.1700,148.1600,148.4000,14894600,123.9056
2021-09-13,149.0400,149.4900,148.9500,149.3000,15036100,124.6571
2021-09-14,149.7300,151.5700,149.5800,151.1100,19918400,126.1683
2021-09-15,151.2100,151.2500,149.9300,150.5800,11940300,125.7258
2021-09-16,149.6700,150.4500,149.5000,149.8900,13328900,125.1497
2021-09-17,149.1800,149.3600,148.7000,149.1700,13782900,124.5485
2021-09-20,150.5700,151.3700,150.2300,151.0200,14660400,126.0932
2021-09-21,150.7100,150.9600,150.2000,150.8900,10035800,125.9846
2021-09-22,150.7900,151.7900,150.4400,151.7900,22277800,126.7361
2021-09-23,150.4200,150.4500,148.3400,148.3600,23853300,123.8722
2021-09-24,147.8400,147.8500,146.7400,146.9100,20203900,122.6615
2021-09-27,146.0600,146.8700,145.8800,146.3700,13464300,122.2106
2021-09-28,144.3300,145.0700,143.6400,144.0900,26613500,120.3070
2021-09-29,144.8000,145.4300,143.6900,144.3400,23569400,120.5157
2021-09-30,144.1000,144.5100,143.6500,144.3200,22567600,120.4990
2021-10-01,144.8500,145.4000,144.2000,145.3500,26151800,121.5131
2021-10-04,144.6700,145.4600,144.1000,144.9800,28027600,121.2038
2021-10-05,144.6000,144.7000,143.4600,143.5800,22659200,120.0334
2021-10-06,144.2300,144.7200,144.0300,144.3900,18696500,120.7106
2021-10-07,143.1900,143.3400,142.5900,142.8800,14856000,119.4482
2021-10-08,142.2600,142.3500,141.5300,141.8800,17257800,118.6122
2021-10-11,141.6000,141.9000,141.4500,141.5200,7213400,118.3112
2021-10-12,142.6300,144.0100,142.4800,143.9400,17968700,120.3344
2021-10-13,144.6100,145.5300,144.5800,145.3400,23584600,121.5048
2021-10-14,145.3700,145.9600,144.9500,145.8800,12946400,121.9562
2021-10-15,145.0000,145.1400,144.4700,145.0300,11811500,121.2456
2021-10-18,145.0000,146.0000,144.5200,145.7100,12115900,121.8141
2021-10-19,144.6600,144.7300,143.6500,143.7000,12156300,120.1337
2021-10-20,143.2500,143.6800,142.5100,142.7300,12782500,119.3228
2021-10-21,143.0000,143.1500,142.2300,142.5600,13660000,119.1807
2021-10-22,143.4500,144.4000,143.2100,144.1300,13740000,120.4932
2021-10-25,143.6700,144.3000,143.6300,143.9100,8137900,120.3093
2021-10-26,144.6200,145.1000,143.7400,145.1000,13671000,121.3041
2021-10-27,146.4000,148.1800,145.9300,147.7400,22092300,123.5112
2021-10-28,147.7900,148.3300,146.8400,147.2400,17497600,123.0932
2021-10-29,146.4700,148.0000,146.3200,147.6900,19087300,123.4693
2021-11-01,145.8000,146.7600,145.7000,146.4400,18035500,122.5804
2021-11-02,146.5000,147.5700,146.5000,147.0900,9836700,123.1245
2021-11-03,147.8200,147.9800,145.5300,145.5700,20639400,121.8522
2021-11-04,145.8700,147.3600,145.8500,147.1000,15922400,123.1329
2021-11-05,148.5200,149.5800,148.1300,149.3000,21513000,124.9744
2021-11-08,148.9600,149.2800,148.5100,149.0200,12083800,124.7400
2021-11-09,150.8000,151.7700,150.6400,150.9600,23430200,126.3640
2021-11-10,150.8300,150.9300,147.0300,148.2000,28170600,124.0536
2021-11-11,148.5100,148.6600,147.8900,147.9800,5552500,123.8695
2021-11-12,148.0000,148.5100,146.7600,147.3300,12712000,123.3254
2021-11-15,146.8900,146.9600,145.2200,145.4800,15232700,121.7769
2021-11-16,145.6900,146.3800,144.8500,145.1100,12998700,121.4671
2021-11-17,144.5700,146.2900,144.4600,146.2600,14239900,122.4297
2021-11-18,145.9900,146.9000,145.9500,146.8100,11054600,122.8901
2021-11-19,147.5800,148.6000,147.5800,148.3600,14022100,124.1876
2021-11-22,147.4000,147.6400,146.1300,146.6200,15266000,122.7311
2021-11-23,145.9300,146.1100,144.5000,144.5000,15318500,120.9565
2021-11-24,144.9400,146.8200,144.7900,146.8200,13769700,122.8985
2021-11-26,148.8300,150.6800,148.6700,150.5300,20064800,126.0040
2021-11-29,148.3100,149.6400,148.1700,149.3200,23234200,124.9912
2021-11-30,150.8300,152.0700,150.2500,151.5900,31481100,126.8914
2021-12-01,150.4900,152.4100,149.7900,152.3400,30826500,127.6741
2021-12-02,152.9300,152.9900,150.7600,152.5300,17754200,127.8333
2021-12-03,151.6800,155.1200,151.3500,154.3500,34427100,129.3586
2021-12-06,154.0500,154.3500,151.9300,152.2300,30924200,127.5819
2021-12-07,151.7200,152.5300,150.8600,151.0000,22115900,126.5510
2021-12-08,150.4700,150.4800,148.3600,148.3900,33633900,124.3637
2021-12-09,149.3400,149.8400,148.4800,149.2200,17544900,125.0593
2021-12-10,149.9200,150.2400,148.8100,148.8600,14298700,124.7576
2021-12-13,150.3900,151.3100,150.3100,151.0600,17860500,126.6013
2021-12-14,150.3700,150.9300,149.3100,150.7000,14015500,126.2996
2021-12-15,149.6100,150.7900,149.1300,149.2500,25383900,125.0844
2021-12-16,148.7500,149.8800,148.7300,149.1400,18677900,125.1331
2021-12-17,150.3400,150.9800,150.1600,150.8300,18093500,126.5510
2021-12-20,150.7500,151.0200,149.6000,149.7000,17147300,125.6029
2021-12-21,148.1400,149.2000,147.6200,149.1300,16598200,125.1246
2021-12-22,149.7300,149.8600,149.0200,149.8200,12253900,125.7036
2021-12-23,149.5900,149.6000,148.0300,148.5200,11642500,124.6129
2021-12-27,148.4600,149.0100,148.3200,148.8800,7821800,124.9149
2021-12-28,149.6000,149.7800,148.0100,148.2900,9174600,124.4198
2021-12-29,146.9100,147.3100,146.4100,146.6700,11771200,123.0607
2021-12-30,147.2500,147.9700,146.4500,147.9000,10355000,124.0927
2021-12-31,147.8100,149.0300,147.4300,148.1900,13402300,124.3360
2022-01-03,146.4100,146.9400,144.2800,144.3000,33860400,121.0721
2022-01-04,143.6100,144.1300,142.7400,143.7000,21996400,120.5687
2022-01-05,144.1400,144.1600,142.7100,142.9200,20911700,119.9143
2022-01-06,142.5900,143.4400,142.2900,143.2900,18996400,120.2247
2022-01-07,143.1300,143.2400,141.5600,142.2600,18756800,119.3605
2022-01-10,141.6500,142.8100,141.3600,142.6100,13775800,119.6542
2022-01-11,142.8800,143.6300,142.7000,143.5600,24388700,120.4513
2022-01-12,143.9000,144.0100,143.0000,143.0100,14440600,119.9898
2022-01-13,143.3900,144.4200,143.0300,144.2800,15166000,121.0554
2022-01-14,143.4200,143.4600,141.7900,142.1000,22997500,119.2263
2022-01-18,140.9600,141.3100,140.0200,140.1000,21171700,117.5482
2022-01-19,140.5300,141.7100,140.3100,141.0700,17930500,118.3621
2022-01-20,141.3700,141.9900,141.0900,141.9400,13959000,119.0921
2022-01-21,143.4000,144.1000,142.6700,143.6300,28916600,120.5100
2022-01-24,144.3000,144.3700,142.4300,142.4500,25001600,119.5199
2022-01-25,143.1100,143.7100,141.8000,142.2200,15599000,119.3270
2022-01-26,142.2600,142.5700,140.4900,140.5000,23655500,117.8838
2022-01-27,142.4100,143.3700,142.3300,143.0800,21501800,120.0485
2022-01-28,142.0900,143.4600,141.8500,143.1300,12826500,120.0905
2022-01-31,142.1800,142.9500,141.9600,142.3900,13998400,119.4697
2022-02-01,142.2800,142.3600,141.0600,141.7200,20806100,119.0730
2022-02-02,141.9500,143.5700,141.9300,142.2000,18404600,119.4763
2022-02-03,140.4400,141.4800,140.1800,141.0900,17234100,118.5438
2022-02-04,139.8500,140.1400,138.7800,139.0100,23609800,116.7961
2022-02-07,138.9100,139.3100,138.5500,139.1000,12962400,116.8717
2022-02-08,138.2100,138.5800,137.8200,138.1700,16269200,116.0903
2022-02-09,138.7200,139.3700,138.1900,138.4300,14349100,116.3088
2022-02-10,137.6600,137.8300,135.8400,136.2300,30896200,114.4603
2022-02-11,136.8700,138.5100,135.3600,138.2500,43210300,116.1575
2022-02-14,137.1300,137.7400,135.9700,136.5300,23157400,114.7124
2022-02-15,135.6000,135.8400,134.9400,134.9800,18198500,113.4101
2022-02-16,135.9500,136.0700,134.5100,135.7800,16473700,114.0823
2022-02-17,136.4500,137.5700,135.9000,136.7900,24508200,114.9308
2022-02-18,137.5200,138.3700,137.1600,138.2300,17522600,116.1407
2022-02-22,137.6900,138.6700,137.4700,138.5900,19534000,116.4432
2022-02-23,137.6800,137.8500,136.5700,136.6800,17757800,114.8384
2022-02-24,139.1000,139.3700,136.2500,136.7700,28150400,114.9140
2022-02-25,136.8600,137.3100,136.1800,136.8700,15025400,114.9981
2022-02-28,138.4300,140.0400,138.3200,139.8700,25817700,117.5187
2022-03-01,140.3600,142.3300,140.0000,141.3000,35664400,118.8774
2022-03-02,139.8400,140.4200,136.4100,136.4700,30397400,114.8138
2022-03-03,137.4900,138.7000,137.0200,137.8600,20649100,115.9833
2022-03-04,140.3600,140.8200,139.3100,140.2400,25853100,117.9856
2022-03-07,139.1200,140.6400,138.7700,139.1700,23710900,117.0854
2022-03-08,137.5100,138.2500,137.2500,137.7700,28331300,115.9076
2022-03-09,137.0700,137.3400,136.1300,136.4200,18819200,114.7718
2022-03-10,134.8300,135.1700,133.7200,134.4600,26868900,113.1228
2022-03-11,134.3300,135.4500,134.2100,134.9100,15583800,113.5014
2022-03-14,132.7000,132.8900,131.7200,131.7600,24385000,110.8513
2022-03-15,132.8600,133.1500,131.1900,131.5300,17518800,110.6578
2022-03-16,131.8300,133.1300,130.3200,132.8200,25857700,111.7430
2022-03-17,132.8200,133.3400,131.0700,131.8300,19330600,110.9102
2022-03-18,132.5700,133.5400,132.5700,133.4400,55891700,112.2647
2022-03-21,131.2800,131.6700,129.7500,130.3500,26122000,109.6650
2022-03-22,128.9600,129.3400,128.3400,128.6800,21830900,108.2600
2022-03-23,129.3700,131.6000,128.8600,131.5000,21266100,110.6325
2022-03-24,129.6500,131.1800,129.6000,130.4700,17141600,109.7660
2022-03-25,129.5000,129.5200,127.6500,128.6600,25684500,108.2432
2022-03-28,129.3900,130.5600,129.0400,129.7600,17657800,109.1687
2022-03-29,130.5600,131.5500,129.7400,130.7400,19319700,109.9931
2022-03-30,130.0700,132.0100,129.9900,131.7600,16310200,110.8513
2022-03-31,131.9800,132.6700,131.6600,132.0800,19901000,111.1205
2022-04-01,130.0100,132.9600,129.7100,132.3800,23489700,111.5434
2022-04-04,131.9300,131.9800,130.7100,131.4600,13609900,110.7683
2022-04-05,130.7600,130.7800,128.2900,128.4900,25196900,108.2657
2022-04-06,126.4300,128.3000,126.4000,127.4500,22952000,107.3894
2022-04-07,126.1100,126.6700,125.4100,126.4900,23458800,106.5805
2022-04-08,125.4500,125.8300,124.2600,125.1200,26859200,105.4262
2022-04-11,123.9200,124.1900,122.5600,123.1400,30020700,103.7578
2022-04-12,124.0500,124.1600,122.6700,122.9700,23124200,103.6146
2022-04-13,123.0500,124.3000,122.8900,123.2200,17189500,103.8253
2022-04-14,122.8600,122.9300,120.3800,120.7500,34274500,101.7440
2022-04-18,120.8700,121.0800,119.6900,120.1500,18784300,101.2385
2022-04-19,119.1500,119.7200,118.6700,119.2500,26012300,100.4801
2022-04-20,120.2200,121.9700,119.9200,121.6500,31423200,102.5024
2022-04-21,120.8300,120.9100,119.1700,120.7500,23323200,101.7440
2022-04-22,120.0700,121.4400,119.8100,119.9900,19773400,101.1037
2022-04-25,121.3800,122.1900,121.1300,121.1900,25418900,102.1148
2022-04-26,122.4400,123.0300,121.7600,122.4100,26931300,103.1427
2022-04-27,122.1900,122.3200,120.7700,120.8400,14560500,101.8199
2022-04-28,120.3900,121.0700,120.0100,121.0200,16892500,101.9715
2022-04-29,119.3100,120.9700,119.1100,119.4500,26153400,100.6486
2022-05-02,117.8600,118.2700,116.9300,117.1800,29233900,98.9040
2022-05-03,119.0400,119.3100,117.8900,117.9700,21256700,99.5708
2022-05-04,117.9700,118.9700,117.3500,118.6200,25575700,100.1194
2022-05-05,116.3500,116.4700,114.0200,115.3700,48384500,97.3763
2022-05-06,114.1400,115.0400,113.3100,113.6700,32790500,95.9415
2022-05-09,112.8600,114.7100,112.6200,114.6700,26773000,96.7855
2022-05-10,115.8900,116.9600,115.4800,115.7100,33640800,97.6633
2022-05-11,114.7400,117.9400,114.4400,117.9400,34173600,99.5455
2022-05-12,118.0200,118.8900,117.6600,117.7200,26405700,99.3598
2022-05-13,116.9800,117.1500,115.9000,115.9800,20782700,97.8912
2022-05-16,116.2100,116.9400,115.8500,115.8600,11050600,97.7899
2022-05-17,114.7100,115.3500,114.3600,114.4600,15040800,96.6083
2022-05-18,114.7200,117.0000,114.6100,116.9000,21337300,98.6677
2022-05-19,118.6400,118.7200,116.8500,117.1800,21937500,98.9040
2022-05-20,117.0900,119.0200,117.0600,118.5100,22780900,100.0266
2022-05-23,117.7100,118.2500,116.5400,116.5600,15925200,98.3807
2022-05-24,117.9000,119.6400,117.8600,118.8600,23388200,100.3220
2022-05-25,119.6100,119.6200,118.5900,119.3300,14410800,100.7187
2022-05-26,119.0200,119.0900,117.8000,118.7900,14912900,100.2629
2022-05-27,119.3600,119.7400,118.7400,119.0800,11190400,100.5077
2022-05-31,117.1800,117.2300,115.9300,116.5600,28393700,98.3807
2022-06-01,117.0300,117.3400,115.6900,116.2200,15544800,98.2683
2022-06-02,116.6300,116.7100,115.4600,116.2800,9832000,98.3190
2022-06-03,115.0900,116.0600,114.8700,116.0300,15330400,98.1076
2022-06-06,115.1500,115.5100,113.8100,113.8900,20815400,96.2982
2022-06-07,114.6100,115.7800,114.5800,115.1200,14278700,97.3382
2022-06-08,114.6800,115.1300,114.0800,114.1000,11476100,96.4757
2022-06-09,113.8400,114.7100,113.6800,114.4800,15527300,96.7970
2022-06-10,114.3600,114.6100,112.9700,113.7700,21917100,96.1967
2022-06-13,111.4900,111.6700,109.2400,110.2000,36968300,93.1781
2022-06-14,110.5300,110.9800,108.5900,108.8100,21865900,92.0028
2022-06-15,110.0900,110.9900,109.0300,110.8400,25202800,93.7193
2022-06-16,108.4500,111.7200,108.1200,111.7200,26067300,94.4634
2022-06-17,112.0100,112.8300,110.9600,112.0800,21614300,94.7677
2022-06-21,110.0900,111.0200,109.8100,110.1800,17663800,93.1612
2022-06-22,112.6900,113.3100,112.3800,113.2100,23703800,95.7232
2022-06-23,113.9000,115.1700,113.4900,114.1400,20669200,96.5096
2022-06-24,113.4600,114.1700,112.5000,112.5600,18161300,95.1736
2022-06-27,111.2200,112.2200,111.1600,111.6000,12053000,94.3619
2022-06-28,111.2900,112.1800,110.8700,112.1200,13706600,94.8016
2022-06-29,112.3800,113.9000,112.1700,113.8700,12925400,96.2813
2022-06-30,114.8600,115.7700,114.7500,114.8700,25802100,97.1268
2022-07-01,115.9000,117.5900,115.2200,115.8200,21858800,98.1239
2022-07-05,116.8900,117.7500,116.1700,116.7300,16689700,98.8949
2022-07-06,117.3900,117.5400,114.7700,114.7700,20205400,97.2344
2022-07-07,115.1000,115.1700,113.5100,113.7600,13088000,96.3787
2022-07-08,113.5000,113.5000,112.0500,112.5000,15320000,95.3112
2022-07-11,113.7900,114.7900,113.7000,114.4400,13639900,96.9548
2022-07-12,115.5100,116.2300,114.9700,115.1200,18547300,97.5309
2022-07-13,113.7700,116.6500,113.4500,116.4400,20594800,98.6492
2022-07-14,115.0800,116.1600,114.4700,115.4900,15665000,97.8444
2022-07-15,115.8400,116.8200,115.6000,116.1400,16022600,98.3951
2022-07-18,115.2500,115.3200,114.1800,114.9300,15838300,97.3699
2022-07-19,114.9100,115.1500,113.6600,114.3100,9276800,96.8447
2022-07-20,115.4800,115.5500,114.0500,114.6100,9117300,97.0988
2022-07-21,115.1900,116.7200,115.0100,116.5900,14754900,98.7763
2022-07-22,118.2900,119.2700,117.9700,118.5500,17715300,100.4369
2022-07-25,116.7100,117.5400,116.4700,117.3900,24868100,99.4541
2022-07-26,118.8600,119.2400,117.4000,117.4800,13536000,99.5303
2022-07-27,118.0100,118.4900,116.7100,116.8200,15725600,98.9712
2022-07-28,118.0500,118.9200,117.3200,117.7500,16637900,99.7591
2022-07-29,117.7000,119.3100,117.3300,117.4300,16655900,99.4880
2022-08-01,118.2500,120.1000,118.0800,120.0400,17974600,101.8840
2022-08-02,120.1500,120.6900,117.2900,117.5000,17896300,99.7282
2022-08-03,117.1700,119.4900,116.3300,119.3500,16731200,101.2983
2022-08-04,118.9800,119.5500,118.5400,119.3100,11003000,101.2644
2022-08-05,117.0700,117.1100,115.8900,116.4700,19492300,98.8540
2022-08-08,117.6400,118.5300,117.5600,118.3500,17476300,100.4496
2022-08-09,117.7300,118.3600,117.4600,117.8900,8223200,100.0592
2022-08-10,117.7300,118.9100,116.7300,117.1200,14665300,99.4056
2022-08-11,116.8700,117.0600,114.0900,114.3900,20663800,97.0885
2022-08-12,115.1000,115.5700,114.4300,115.5500,12178400,98.0731
2022-08-15,116.3300,116.7500,115.4500,115.4500,9031800,97.9882
2022-08-16,115.2500,116.0200,114.2400,115.9300,11066000,98.3956
2022-08-17,115.0600,115.1000,114.3100,114.7200,14131300,97.3686
2022-08-18,114.9700,115.6400,114.5900,114.8900,10738200,97.5129
2022-08-19,113.2300,113.3400,112.7400,113.0400,16330900,95.9427
2022-08-22,112.8600,112.9600,112.1300,112.6600,10457200,95.6202
2022-08-23,112.1900,113.4800,111.7400,112.0400,17813200,95.0940
2022-08-24,111.4900,111.8700,110.8600,111.2200,13971600,94.3980
2022-08-25,111.3200,113.0900,110.9900,112.7700,21429700,95.7136
2022-08-26,112.3000,113.9900,112.0100,113.6200,18764400,96.4350
2022-08-29,112.9400,113.0100,112.1300,112.6800,14278300,95.6372
2022-08-30,112.6200,113.5100,112.2100,112.9600,14346600,95.8748
2022-08-31,112.6900,113.3400,111.5800,111.8800,13623500,94.9582
2022-09-01,109.8700,110.2500,108.9400,109.6000,22490400,93.2197
2022-09-02,109.6800,110.5600,109.4700,110.2200,13024400,93.7470
2022-09-06,108.9000,108.9700,107.4200,107.4900,24648500,91.4250
2022-09-07,108.3200,109.4800,108.2100,109.1900,17050100,92.8710
2022-09-08,108.8400,109.5200,108.0500,108.0700,14671400,91.9184
2022-09-09,108.3300,108.8000,107.6300,108.3100,12529800,92.1225
2022-09-12,108.6300,108.8900,106.9200,107.4200,14806900,91.3655
2022-09-13,106.5600,107.7400,106.2400,107.6700,22158900,91.5781
2022-09-14,107.3400,108.2100,107.1200,108.0400,13077800,91.8928
2022-09-15,107.8500,108.1900,107.5800,107.9700,10260200,91.8333
2022-09-16,107.0300,108.0500,106.7700,107.0700,18903800,91.0678
2022-09-19,106.9600,107.8200,106.8000,107.3200,11084400,91.2804
2022-09-20,105.6900,106.8400,105.4000,106.2500,20133800,90.3703
2022-09-21,106.7000,108.0400,105.9700,108.0300,23132900,91.8843
2022-09-22,105.7900,105.9600,104.7300,105.2700,29030600,89.5368
2022-09-23,105.3400,106.4300,104.5600,105.7000,23042200,89.9025
2022-09-26,105.3600,105.4100,103.2200,103.6800,25104600,88.1844
2022-09-27,102.7100,102.9800,100.9000,100.9500,34609500,85.8624
2022-09-28,103.1300,104.4500,102.4800,104.3300,39283100,88.7373
2022-09-29,102.9000,104.2300,102.8000,103.7900,19127100,88.2780
2022-09-30,104.2700,104.8600,102.2300,102.4500,26485700,87.1383
2022-10-03,103.8500,104.6800,103.1500,103.8300,27192200,88.5229
2022-10-04,104.1500,104.6500,103.3000,103.5400,13788700,88.2756
2022-10-05,102.7300,102.8400,101.5800,102.5500,20522100,87.4316
2022-10-06,102.5900,102.8400,101.5300,101.9800,13965700,86.9456
2022-10-07,100.8100,101.6200,100.4700,100.9900,14814800,86.1015
2022-10-10,100.5000,100.5100,98.8000,99.4200,15652600,84.7630
2022-10-11,99.7400,100.9000,98.9900,99.8600,33246700,85.1381
2022-10-12,99.2800,100.5400,99.1900,100.3500,21447600,85.5559
2022-10-13,98.3600,100.3800,98.3400,99.3900,30292500,84.7374
2022-10-14,100.1900,100.1900,98.2500,98.5700,18728200,84.0383
2022-10-17,99.2900,99.6600,97.9400,98.0900,18969900,83.6291
2022-10-18,97.9500,98.4600,96.8700,98.3200,16931500,83.8252
2022-10-19,97.1900,97.4200,96.3200,96.5300,25431600,82.2991
2022-10-20,95.9300,96.3300,94.7400,94.8800,25434900,80.8923
2022-10-21,93.0200,93.9300,92.2600,93.1700,46280300,79.4344
2022-10-24,92.8200,93.5500,91.8500,92.4000,31332600,78.7779
2022-10-25,94.5800,95.2300,94.4400,95.0900,31213100,81.0713
2022-10-26,95.7700,96.6900,95.7700,96.4600,24843900,82.2394
2022-10-27,96.9800,97.9000,96.2200,97.4700,20270000,83.1005
2022-10-28,96.8600,97.6300,96.4100,96.8000,22244100,82.5293
2022-10-31,96.3600,96.6200,95.0300,96.1100,23956700,81.9410
2022-11-01,97.3800,97.4200,96.2100,96.7700,17585100,82.7067
2022-11-02,96.9100,97.6300,95.9600,96.3500,25010500,82.3478
2022-11-03,95.1700,96.3800,95.0900,95.8300,29097500,81.9034
2022-11-04,95.1000,95.6600,94.2200,94.2200,23561400,80.5274
2022-11-07,94.8000,94.8600,93.2400,93.2800,14522800,79.7240
2022-11-08,93.8000,94.9600,93.7700,94.3000,20360600,80.5957
2022-11-09,93.8200,95.0200,93.6900,94.6100,15637500,80.8607
2022-11-10,96.7300,98.4300,96.6400,98.2500,45380900,83.9717
2022-11-11,97.5700,98.3700,97.5400,97.8900,15943100,83.6640
2022-11-14,97.9100,97.9900,97.0900,97.6500,13741100,83.4589
2022-11-15,98.2500,99.3000,98.1100,99.2300,26608200,84.8093
2022-11-16,100.0200,101.4500,99.7400,101.4000,28507700,86.6639
2022-11-17,100.2000,100.5700,99.7800,100.3300,24528900,85.7494
2022-11-18,100.6000,100.8900,99.5500,99.6400,14941300,85.1597
2022-11-21,100.6900,100.8200,99.8000,100.0600,15534000,85.5186
2022-11-22,100.6500,101.6200,100.5300,101.4800,18103100,86.7323
2022-11-23,102.1400,103.2500,102.0800,103.2500,23234600,88.2451
2022-11-25,102.6100,102.9300,102.4300,102.9000,9486100,87.9459
2022-11-28,103.6100,103.8100,102.6900,103.1900,14563200,88.1938
2022-11-29,102.1500,102.9600,101.9100,101.9800,16576400,87.1596
2022-11-30,101.6200,102.7300,101.3700,102.7300,21581700,87.8006
2022-12-01,103.1500,105.8100,103.1000,105.7600,53156800,90.6055
2022-12-02,105.3000,107.1000,104.6100,107.0900,24479500,91.7449
2022-12-05,105.8400,105.9900,104.9000,105.5900,20159700,90.4599
2022-12-06,106.5000,107.3900,106.1900,106.9500,21754500,91.6250
2022-12-07,108.3700,109.6800,108.2000,109.4700,30546700,93.7839
2022-12-08,108.7000,109.4500,108.4700,109.1700,13377300,93.5269
2022-12-09,107.9400,108.1700,106.2700,106.3300,25872200,91.0938
2022-12-12,107.8600,108.1100,106.2600,106.6700,16897100,91.3851
2022-12-13,109.0400,109.0800,107.4600,107.7000,23854700,92.2675
2022-12-14,107.6600,108.3200,106.8900,108.1600,19517500,92.6616
2022-12-15,108.3900,109.1200,108.1600,108.3200,20246200,93.0231
2022-12-16,106.6000,107.8300,106.3100,107.1100,20838300,91.9840
2022-12-19,105.8300,105.8400,104.9800,105.3100,26126800,90.4382
2022-12-20,103.3800,103.8100,103.1000,103.4400,28869000,88.8323
2022-12-21,104.2900,104.4000,102.9600,103.7000,15894100,89.0556
2022-12-22,103.6700,104.1200,103.3800,103.6800,11322500,89.0384
2022-12-23,102.5800,102.8100,102.0200,102.1600,15408900,87.7330
2022-12-27,100.4900,101.0700,100.0100,100.1400,26475700,85.9983
2022-12-28,100.6500,100.7800,99.3500,99.5500,17302900,85.4916
2022-12-29,99.8600,100.9900,99.7900,100.6800,16593000,86.4620
2022-12-30,99.8700,100.5500,99.3700,99.5600,20810200,85.5002
2023-01-03,102.2000,102.3400,100.8400,101.4600,25313200,87.1319
2023-01-04,103.2200,103.4800,102.2100,102.8500,21678200,88.3256
2023-01-05,101.8700,103.2900,101.7800,103.2800,14771100,88.6949
2023-01-06,102.7000,105.3000,102.6400,105.1800,27473700,90.3266
2023-01-09,104.4100,105.9300,104.2700,105.7400,21472200,90.8075
2023-01-10,104.5300,104.8200,103.5000,103.9900,20545200,89.3046
2023-01-11,104.9700,105.7200,104.7000,105.6800,18794000,90.7559
2023-01-12,105.8200,107.8100,104.5600,107.7600,32029600,92.5422
2023-01-13,107.1000,107.8000,106.3800,106.7500,17750800,91.6749
2023-01-17,105.6700,106.6600,105.6500,106.0600,13911700,91.0823
2023-01-18,108.4600,108.7700,107.1200,108.6300,35497200,93.2893
2023-01-19,108.1000,108.3700,107.4400,107.9500,17194700,92.7054
2023-01-20,106.9600,107.2400,106.1100,106.2000,22754100,91.2025
2023-01-23,105.5700,106.2000,105.4900,105.7000,12961500,90.7731
2023-01-24,106.1200,107.4500,105.3900,107.2200,16417200,92.0785
2023-01-25,107.3700,107.9100,106.6400,107.4800,11906500,92.3018
2023-01-26,107.1400,107.6500,106.4900,106.9800,15549400,91.8724
2023-01-27,106.1900,106.9600,106.1100,106.7100,11845500,91.6405
2023-01-30,106.4600,107.1600,106.1900,106.3200,11459700,91.3055
2023-01-31,106.9800,107.2800,105.8700,107.1700,13705300,92.0355
2023-02-01,107.5500,108.5900,106.4200,108.1800,25305800,93.1419
2023-02-02,108.9200,109.3500,108.0900,108.3200,19548400,93.2624
2023-02-03,106.7700,107.1100,106.0800,106.7000,20619500,91.8676
2023-02-06,105.7500,106.3100,105.6800,105.9100,15182400,91.1875
2023-02-07,105.3300,106.2300,105.0000,105.0600,18290300,90.4556
2023-02-08,105.0400,105.5800,104.3900,105.5600,13530700,90.8861
2023-02-09,106.4700,106.6200,104.3900,104.5600,20469900,90.0251
2023-02-10,104.4000,104.4400,103.1200,103.3900,16598300,89.0178
2023-02-13,103.7100,104.4200,103.5800,104.2600,13134300,89.7668
2023-02-14,104.2000,104.8300,103.1400,104.0200,15440300,89.5602
2023-02-15,103.5500,103.9500,102.5000,103.0500,15246900,88.7250
2023-02-16,102.0700,102.2200,101.3300,101.5900,19267300,87.4680
2023-02-17,101.1000,102.3800,100.9700,102.3800,19560900,88.1482
2023-02-21,101.0100,101.2000,100.2800,100.3900,22728000,86.4348
2023-02-22,100.9900,101.6900,100.9500,101.3100,15165400,87.2269
2023-02-23,101.5400,102.5900,101.4700,102.3000,15829100,88.0793
2023-02-24,101.4400,101.8000,100.5600,100.9700,21403600,86.9342
2023-02-27,101.2900,101.7000,100.9100,101.2500,14209200,87.1752
2023-02-28,100.5700,101.7200,100.2800,101.7100,14955700,87.5713
2023-03-01,100.8200,101.0300,99.9600,100.3700,19000000,86.6305
2023-03-02,99.0600,99.6500,98.8800,99.4800,23763600,85.8624
2023-03-03,100.9300,101.9000,100.5700,101.8900,30877300,87.9424
2023-03-06,102.2200,102.3400,100.9900,101.1000,16631900,87.2606
2023-03-07,101.4600,102.3700,100.8800,101.7200,23096500,87.7957
2023-03-08,102.4000,102.9700,101.4200,101.8200,20252400,87.8820
2023-03-09,101.5500,102.5200,101.3300,102.0700,21550400,88.0978
2023-03-10,104.0300,105.6900,104.0000,105.5900,43921500,91.1359
2023-03-13,108.2000,109.1000,105.0400,105.8300,51502500,91.3431
2023-03-14,105.1400,105.6100,103.7500,104.0900,38417800,89.8413
2023-03-15,106.7800,107.7100,105.3500,106.1000,45164100,91.5761
2023-03-16,107.3800,108.0300,105.0400,105.2700,43089300,90.8597
2023-03-17,106.6500,107.7300,106.4600,106.8500,38129000,92.2235
2023-03-20,106.8800,106.9600,105.7200,105.9100,24242800,91.4122
2023-03-21,105.0800,105.4200,104.5400,105.0000,18934900,90.6267
2023-03-22,104.6600,106.4500,104.4400,106.4000,26388500,91.8351
2023-03-23,105.3600,106.5500,104.8200,106.4000,25475100,91.8351
2023-03-24,107.0900,107.4300,106.2600,106.8500,23652700,92.2235
2023-03-27,105.0500,105.7600,104.3300,104.3400,22224500,90.0571
2023-03-28,104.2400,104.6800,104.0200,104.5300,17794300,90.2210
2023-03-29,103.7000,104.4500,103.6000,104.3200,16804400,90.0398
2023-03-30,104.4600,105.0500,104.2700,104.8000,14315800,90.4541
2023-03-31,105.3500,106.5600,105.0800,106.3700,25396700,91.8092
2023-04-03,105.8800,107.1000,105.7000,106.6000,18234800,92.2410
2023-04-04,105.7800,107.8000,105.7500,107.1300,18052400,92.6996
2023-04-05,107.7700,108.3700,107.4100,108.2500,23047700,93.6687
2023-04-06,108.4200,108.8700,108.3900,108.5300,16447300,93.9110
2023-04-10,107.6400,107.7600,106.5600,106.7800,19134400,92.3967
2023-04-11,107.0500,107.0900,106.5100,107.0000,13971200,92.5871
2023-04-12,107.0500,107.1700,105.8800,106.8900,20563000,92.4919
2023-04-13,107.0500,107.3900,105.8800,106.0500,22079400,91.7651
2023-04-14,105.3900,105.5500,104.7700,105.0800,19801900,90.9257
2023-04-17,104.4200,104.5900,103.7100,103.8300,19528800,89.8441
2023-04-18,103.8100,104.5900,103.8000,104.2000,15922600,90.1642
2023-04-19,103.9100,104.2400,103.4800,104.1000,16093900,90.0777
2023-04-20,104.8300,105.2800,104.7500,104.9900,16450100,90.8479
2023-04-21,105.3000,105.4600,104.2700,104.4000,15244700,90.3373
2023-04-24,104.9600,105.4900,104.8400,105.4100,17034300,91.2113
2023-04-25,106.3300,107.1300,106.2800,106.9600,21899900,92.5525
2023-04-26,106.7900,107.2400,105.6700,105.8200,19610400,91.5660
2023-04-27,105.2000,105.2700,104.6100,104.7700,20247600,90.6575
2023-04-28,106.2100,106.7600,105.8600,106.4600,26954100,92.1199
2023-05-01,105.2700,105.4200,102.8400,103.1300,32487300,89.4636
2023-05-02,104.0000,105.7000,103.8900,105.7000,30057800,91.6930
2023-05-03,106.0000,106.6000,105.2800,106.2900,23656200,92.2048
2023-05-04,105.2200,106.4500,105.1500,105.2400,25110500,91.2940
2023-05-05,104.3500,104.9000,104.1100,104.8900,15096500,90.9904
2023-05-08,103.5200,103.8700,103.3200,103.4200,20587000,89.7152
2023-05-09,103.5000,103.6400,103.0000,103.0500,19182500,89.3942
2023-05-10,103.6700,104.2400,103.6400,104.0500,22886800,90.2617
2023-05-11,105.3000,105.5200,104.7200,105.1500,19147200,91.2159
2023-05-12,105.0500,105.2500,104.2500,104.2700,14198500,90.4525
2023-05-15,103.3900,103.4700,103.1200,103.1900,20085300,89.5156
2023-05-16,102.4000,102.9000,102.1100,102.8800,29251700,89.2467
2023-05-17,103.0800,103.1600,102.3500,102.5800,21340900,88.9865
2023-05-18,102.2000,102.2600,101.7500,101.8200,25536600,88.3272
2023-05-19,101.2600,101.8600,100.9300,101.1000,29038000,87.7026
2023-05-22,101.2500,101.7100,100.6700,100.7400,20131100,87.3903
2023-05-23,100.4300,101.2500,100.2800,101.0300,21749500,87.6419
2023-05-24,101.2800,101.3600,100.5300,100.5300,18473400,87.2081
2023-05-25,100.7000,100.8000,100.0300,100.2800,22492800,86.9913
2023-05-26,100.1200,101.1700,100.0000,101.0900,17030300,87.6939
2023-05-30,101.4000,102.2400,101.2500,102.1000,23125200,88.5701
2023-05-31,101.9900,103.1800,101.8700,102.9900,23787000,89.3422
2023-06-01,103.2800,103.6300,102.6300,103.1200,21040400,89.6927
2023-06-02,103.0000,103.0700,101.9400,101.9900,19136500,88.7098
2023-06-05,101.3500,102.4400,101.2100,101.8000,14433200,88.5445
2023-06-06,101.8400,102.4700,101.3900,102.4000,14332100,89.0664
2023-06-07,102.1700,102.4300,100.7800,100.8800,25251100,87.7443
2023-06-08,100.8700,102.1400,100.8000,102.0600,23845100,88.7707
2023-06-09,101.6000,102.2700,101.3400,101.9200,22147400,88.6489
2023-06-12,102.2400,102.3000,101.1200,102.2200,19010300,88.9099
2023-06-13,102.1100,102.3300,100.9700,101.2100,25910800,88.0314
2023-06-14,101.6300,102.2900,101.4600,102.0200,29094200,88.7359
2023-06-15,103.0300,103.6300,102.6000,103.0000,25732000,89.5883
2023-06-16,102.4400,102.8300,102.0300,102.6000,16759100,89.2404
2023-06-20,103.1100,103.6600,103.1100,103.3100,17162900,89.8579
2023-06-21,102.8100,103.6500,102.3400,103.5600,19720100,90.0753
2023-06-22,102.8000,103.2500,102.2000,102.3100,23630700,88.9881
2023-06-23,103.8300,103.9500,102.9800,103.3300,22901900,89.8753
2023-06-26,103.6200,103.8000,103.1600,103.4400,12894900,89.9710
2023-06-27,103.5900,103.9500,102.7600,103.1700,18105700,89.7362
2023-06-28,103.4100,103.8400,102.8300,103.6100,23826800,90.1189
2023-06-29,102.1700,102.3400,101.4500,101.7400,41091600,88.4924
2023-06-30,102.0600,103.0600,101.8700,102.9400,32024900,89.5361
2023-07-03,102.8400,103.2600,102.0600,102.0800,16011800,89.0285
2023-07-05,101.8900,102.0000,100.7400,101.1100,28170300,88.1825
2023-07-06,100.2000,100.3800,99.4700,99.6800,41375700,86.9354
2023-07-07,99.1800,99.6000,98.9900,99.0800,28996500,86.4121
2023-07-10,98.8600,99.5300,98.8500,99.2100,24665200,86.5255
2023-07-11,99.5700,99.9700,99.2900,99.7200,20485500,86.9702
2023-07-12,100.1000,101.1200,99.7700,100.8300,31928000,87.9383
2023-07-13,101.3100,101.9700,101.0300,101.8900,32441500,88.8628
2023-07-14,101.7200,101.9400,101.2400,101.2900,18569000,88.3395
2023-07-17,101.2300,101.4900,100.9200,101.3400,18822000,88.3831
2023-07-18,101.8000,102.0700,101.5700,101.8000,15407400,88.7843
2023-07-19,102.0000,102.9800,101.7300,102.9500,27192500,89.7873
2023-07-20,102.2200,102.3100,101.2800,101.7000,56951200,88.6971
2023-07-21,102.1600,102.3500,101.6300,101.7300,20657500,88.7233
2023-07-24,101.9900,102.1500,101.3000,101.3600,17546700,88.4006
2023-07-25,100.8300,101.5000,100.8000,101.1700,17160600,88.2349
2023-07-26,101.6800,101.6900,100.9300,101.2700,19310700,88.3221
2023-07-27,100.7100,100.9300,98.9100,99.3000,44794400,86.6040
2023-07-28,99.4000,99.8600,99.1500,99.8100,27434000,87.0487
2023-07-31,99.6500,100.3300,99.6200,100.0500,28663800,87.2580
2023-08-01,98.8400,98.9200,97.9000,98.1400,34943400,85.8282
2023-08-02,97.0400,97.2400,96.4100,97.0900,38121300,84.9099
2023-08-03,95.1900,95.3200,94.5400,94.8500,59394800,82.9509
2023-08-04,95.1500,96.6800,95.1300,96.5300,42071800,84.4202
2023-08-07,96.1100,96.2000,95.5000,95.5800,35862900,83.5894
2023-08-08,96.8600,97.3700,96.4400,96.6900,24010500,84.5601
2023-08-09,96.8800,97.2900,96.8400,97.1900,20151100,84.9973
2023-08-10,97.0400,97.3600,95.5900,95.5900,37253200,83.5981
2023-08-11,95.3000,95.8700,95.2000,95.3700,26753500,83.4057
2023-08-14,95.2100,95.9300,94.9000,95.1600,19072000,83.2220
2023-08-15,94.8000,95.2000,94.5600,94.5800,24125000,82.7148
2023-08-16,94.2800,94.7900,93.7200,93.8400,23076700,82.0676
2023-08-17,93.5000,93.6100,93.0200,93.4400,32244900,81.7178
2023-08-18,93.4300,94.1900,93.3000,93.7700,24181700,82.0064
2023-08-21,92.6600,92.7600,92.2300,92.5200,29254100,80.9132
2023-08-22,92.6400,93.2800,92.4600,93.2300,21308700,81.5342
2023-08-23,94.3000,95.5500,94.2300,95.5400,38294700,83.5544
2023-08-24,95.1300,95.5500,94.8900,94.9100,22300800,83.0034
2023-08-25,94.6600,95.5100,94.5100,95.2200,23865200,83.2745
2023-08-28,95.6500,95.6600,94.8900,95.3200,16037300,83.3620
2023-08-29,94.9700,96.5100,94.9400,96.3100,28478100,84.2278
2023-08-30,96.1600,96.4000,95.8800,96.2100,17550100,84.1403
2023-08-31,96.5400,97.0500,96.4300,96.6400,26959700,84.5163
2023-09-01,95.8000,95.8200,94.6200,94.8500,32469700,83.1997
2023-09-05,94.2800,94.2900,93.4900,93.5200,29435900,82.0331
2023-09-06,94.0900,94.1100,93.4600,93.7500,23636300,82.2348
2023-09-07,94.0000,94.0700,93.6800,94.0100,18091500,82.4629
2023-09-08,94.3800,94.9000,94.1700,94.3700,17052100,82.7787
2023-09-11,93.7000,93.9800,93.5500,93.6900,17061500,82.1822
2023-09-12,93.8900,94.2400,93.5800,94.2300,20034300,82.6559
2023-09-13,93.9200,94.5300,93.8200,94.2100,23332300,82.6383
2023-09-14,93.9400,94.2100,93.4000,93.5300,27800600,82.0419
2023-09-15,93.4600,93.4800,92.9600,92.9600,25642900,81.5419
2023-09-18,92.8500,93.5300,92.8200,93.4900,17963400,82.0068
2023-09-19,93.0800,93.4300,92.8000,92.8000,24941800,81.4015
2023-09-20,93.2900,93.6000,93.0400,93.0900,29451200,81.6559
2023-09-21,91.2900,91.3700,90.6900,90.7000,59958700,79.5595
2023-09-22,90.8100,91.6100,90.6700,91.4300,29524500,80.1998
2023-09-25,89.6600,90.0400,89.1500,89.1800,45587900,78.2262
2023-09-26,89.4300,89.6200,88.7100,88.8700,38104100,77.9542
2023-09-27,89.5400,89.6200,88.0900,88.4100,47111200,77.5507
2023-09-28,87.6200,88.7300,87.1000,88.6800,60238000,77.7876
2023-09-29,89.2700,89.4900,88.1300,88.6900,49010100,77.7963
2023-10-02,87.8200,87.9300,86.7100,86.9300,44704300,76.4940
2023-10-03,86.3100,86.6500,84.8900,85.0600,71362600,74.8485
2023-10-04,85.7700,86.3100,85.3700,86.2600,56281600,75.9045
2023-10-05,86.1100,86.1900,85.6400,85.8300,35758800,75.5261
2023-10-06,84.2000,85.6900,84.0600,84.7900,62787900,74.6109
2023-10-09,85.5000,86.8000,84.9500,86.7800,29424900,76.3620
2023-10-10,85.8500,87.1700,85.5200,86.6600,54743900,76.2564
2023-10-11,87.8500,88.4700,87.6000,88.4700,58517700,77.8492
2023-10-12,88.0500,88.1900,85.9300,86.0700,66986700,75.7373
2023-10-13,87.6000,87.8300,87.1700,87.6100,44183800,77.0924
2023-10-16,86.1900,86.3700,85.9000,86.2000,38309800,75.8516
2023-10-17,84.8900,85.6300,84.5000,85.2500,52949100,75.0157
2023-10-18,84.3800,84.7200,83.8500,84.5000,63724600,74.3557
2023-10-19,83.8800,84.5700,82.7400,82.7700,87696900,72.8334
2023-10-20,82.9900,83.5400,82.7700,83.2400,52188800,73.2470
2023-10-23,82.8100,84.8600,82.4200,84.2400,70890400,74.1269
2023-10-24,84.4400,85.3500,84.0900,85.3500,46267700,75.1037
2023-10-25,84.0200,84.1300,83.1300,83.4500,60737200,73.4318
2023-10-26,83.4800,84.8200,83.4000,84.7300,49704100,74.5581
2023-10-27,84.1900,84.9700,83.7400,84.3700,32362300,74.2414
2023-10-30,83.8100,84.5000,83.2400,83.9900,45026900,73.9070
2023-10-31,84.3700,84.7700,83.5500,83.5800,37269200,73.5462
2023-11-01,84.0400,85.1200,84.0200,85.1000,72308500,75.1408
2023-11-02,86.6800,87.3100,86.2200,87.0400,69739400,76.8538
2023-11-03,88.8100,89.0500,87.5800,87.6300,77692300,77.3747
2023-11-06,87.0700,87.2000,86.6000,86.7800,41341900,76.6242
2023-11-07,87.6100,88.5000,87.5900,88.0600,37834200,77.7544
2023-11-08,88.4800,89.6200,88.4500,89.5600,53893400,79.0789
2023-11-09,88.9400,89.0300,86.7400,87.5000,88975100,77.2600
2023-11-10,88.2300,88.4300,87.7700,87.9900,36516400,77.6926
2023-11-13,87.2200,87.9400,86.9000,87.7900,25661500,77.5160
2023-11-14,90.0000,90.1500,89.2900,89.7800,65666800,79.2731
2023-11-15,89.0100,89.1400,88.3100,88.5200,56205300,78.1606
2023-11-16,89.3000,89.9600,89.2500,89.6200,49473900,79.1319
2023-11-17,90.1600,90.4300,89.6400,90.0400,44091400,79.5027
2023-11-20,89.6200,90.6600,89.6100,90.5900,40477800,79.9883
2023-11-21,90.5000,90.8000,89.8900,90.5500,27721000,79.9530
2023-11-22,91.1200,91.3200,90.3800,90.8700,31197500,80.2356
2023-11-24,90.1000,90.2600,89.7900,89.8000,20199600,79.2908
2023-11-27,90.3000,91.3400,90.2100,91.3000,39804400,80.6153
2023-11-28,90.9100,91.5300,90.7900,91.4800,44989300,80.7742
2023-11-29,92.1100,92.7000,91.7800,92.6300,61647800,81.7896
2023-11-30,91.9700,92.2900,91.1600,91.5600,60520900,80.8448
2023-12-01,91.3100,93.0600,91.1300,92.9900,64172200,82.3675
2023-12-04,92.4900,92.8300,92.0900,92.6200,33766300,82.0397
2023-12-05,93.6300,94.6200,93.5700,94.6100,73588600,83.8024
2023-12-06,95.0800,96.0500,94.8700,95.8700,61606100,84.9185
2023-12-07,95.1800,96.0800,95.0600,95.3200,47970200,84.4313
2023-12-08,94.4200,94.7200,93.9100,94.5400,44809200,83.7404
2023-12-11,94.0100,94.4400,93.5300,94.3400,33909700,83.5632
2023-12-12,94.1500,94.7000,93.9000,94.6200,36996900,83.8113
2023-12-13,95.1700,96.9800,95.0200,96.8400,70828500,85.7776
2023-12-14,97.6600,99.0400,97.4200,99.0400,87798600,88.0090
2023-12-15,98.6900,99.3500,98.5800,99.1500,59941300,88.1068
2023-12-18,98.5000,98.5000,98.0200,98.3600,34746000,87.4047
2023-12-19,98.8600,99.2600,98.6600,98.8900,30018400,87.8757
2023-12-20,99.1100,99.6900,98.5800,99.5600,51229400,88.4711
2023-12-21,99.7400,99.8400,98.7500,98.9300,65231200,87.9112
2023-12-22,99.3800,99.3800,98.2400,98.4800,29244200,87.5114
2023-12-26,98.5400,98.8700,98.4800,98.7600,24019700,87.7602
2023-12-27,99.7800,100.5300,99.5000,100.5100,45082800,89.3153
2023-12-28,100.0900,100.5700,99.5600,99.7800,36213000,88.6666
2023-12-29,99.1300,99.8200,98.8000,98.8800,41616200,87.8668
2024-01-02,98.2300,98.6500,98.0000,98.3100,47797400,87.3603
2024-01-03,97.3800,98.8500,97.1500,98.7200,58159500,87.7246
2024-01-04,97.4200,97.6400,97.0700,97.2200,52604500,86.3917
2024-01-05,96.5000,97.6800,96.2100,96.2900,45894800,85.5653
2024-01-08,96.2300,97.3800,96.0900,97.2400,39485800,86.4095
2024-01-09,96.6400,97.1700,96.5900,96.6200,34374000,85.8586
2024-01-10,96.9200,97.0500,96.1200,96.1700,48227800,85.4587
2024-01-11,96.1700,96.8300,95.7100,96.7100,78858900,85.9385
2024-01-12,96.7800,97.2700,96.2700,96.5200,38883900,85.7697
2024-01-16,95.6200,95.7900,94.5100,94.8200,61716700,84.2590
2024-01-17,94.6000,95.0000,94.1600,94.6700,55506800,84.1257
2024-01-18,94.4600,94.5800,93.5100,93.7900,77339100,83.3438
2024-01-19,93.7100,94.1700,93.2600,94.0900,47030900,83.6103
2024-01-22,94.8200,95.0800,94.3900,94.6500,35756400,84.1080
2024-01-23,93.8900,93.9900,93.4300,93.9000,35786700,83.4415
2024-01-24,94.5100,94.5400,93.1000,93.3500,54574900,82.9527
2024-01-25,94.0000,94.2200,93.5700,93.9600,57019400,83.4948
2024-01-26,93.9300,94.0700,93.4900,93.7800,29276900,83.3348
2024-01-29,94.3100,95.1700,94.1200,94.8600,38243600,84.2945
2024-01-30,95.4800,95.8400,94.7400,95.7200,40151400,85.0588
2024-01-31,96.2200,96.9100,96.0000,96.6600,80646700,85.8941
2024-02-01,97.4200,98.6700,97.1900,98.2400,84291200,87.5790
2024-02-02,96.2700,96.6200,95.6900,96.0700,63823300,85.6445
2024-02-05,94.6300,94.8500,94.0200,94.1300,53827400,83.9150
2024-02-06,94.2400,95.1500,94.2100,95.0500,33411500,84.7352
2024-02-07,94.5700,95.2300,94.5200,94.5900,40120200,84.3251
2024-02-08,94.0200,94.3000,93.6600,94.0400,50087700,83.8348
2024-02-09,93.7600,94.0100,93.6600,93.8500,27951300,83.6654
2024-02-12,93.9000,94.1400,93.5000,93.9600,27890300,83.7634
2024-02-13,92.8600,93.0600,92.3300,92.3500,49768500,82.3281
2024-02-14,92.3000,93.0500,92.2300,92.8200,44191600,82.7472
2024-02-15,93.5600,93.7200,93.0000,93.3000,49598500,83.1751
2024-02-16,92.4800,92.8500,92.3400,92.7600,33116800,82.6937
2024-02-20,92.7900,93.1900,92.7200,92.8400,24469300,82.7650
2024-02-21,92.8300,92.9000,92.0100,92.1800,36343100,82.1766
2024-02-22,92.3300,92.7600,92.2700,92.6300,45190700,82.5778
2024-02-23,92.7500,94.0000,92.7500,93.8700,38406700,83.6832
2024-02-26,94.0000,94.0300,93.1900,93.5900,27855000,83.4336
2024-02-27,93.2400,93.4700,92.8500,92.9300,30242000,82.8452
2024-02-28,93.0800,93.6000,92.9000,93.5200,34574200,83.3712
2024-02-29,93.8200,94.3000,93.7800,94.1800,51038600,83.9596
2024-03-01,93.4400,94.5100,93.0100,94.4700,45832800,84.4827
2024-03-04,93.7000,94.1600,93.6800,94.0900,23864200,84.1429
2024-03-05,95.2300,95.6800,94.9700,95.4300,37721900,85.3412
2024-03-06,95.4900,96.1700,95.4100,95.9900,40571600,85.8420
2024-03-07,96.3600,96.4000,95.4800,95.9000,39075000,85.7616
2024-03-08,95.8000,96.0500,95.4800,95.7300,25023200,85.6095
2024-03-11,95.9600,96.0100,95.3700,95.6800,17787900,85.5648
2024-03-12,95.0400,95.2100,94.6900,94.8800,29566000,84.8494
2024-03-13,94.5000,94.7400,94.2100,94.4200,38270100,84.4380
2024-03-14,93.7300,93.7500,92.8600,92.9700,58365600,83.1413
2024-03-15,93.0600,93.1900,92.7900,92.9400,34997700,83.1145
2024-03-18,92.7300,92.9900,92.5000,92.6600,29519500,82.8641
2024-03-19,92.8500,93.2700,92.6900,92.9200,26953100,83.0966
2024-03-20,93.1000,93.7900,92.2900,92.8900,43460100,83.0697
2024-03-21,93.2700,93.4300,92.7300,93.0900,34276600,83.2486
2024-03-22,94.1900,94.2100,93.7800,93.9800,30262300,84.0445
2024-03-25,93.7100,93.7500,93.3000,93.5100,24011800,83.6242
2024-03-26,93.5100,93.8700,93.2800,93.7700,34423000,83.8567
2024-03-27,93.9900,94.7000,93.9400,94.7000,50157800,84.6884
2024-03-28,94.4900,95.0200,94.3200,94.6200,34540400,84.6169
2024-04-01,93.2900,93.3000,92.4600,92.5500,48945400,83.0395
2024-04-02,91.5700,92.2000,91.3400,92.0400,43086300,82.5819
2024-04-03,91.2600,92.0500,91.0500,92.0200,45494400,82.5640
2024-04-04,92.6300,92.7600,92.0400,92.6800,47957400,83.1561
2024-04-05,91.6900,92.1800,91.3800,91.3900,42495900,81.9987
2024-04-08,91.2300,91.5900,91.1300,91.3800,37879800,81.9897
2024-04-09,91.8700,92.3600,91.8400,92.2300,32522000,82.7524
2024-04-10,91.2000,91.3000,90.0500,90.2200,74368900,80.9489
2024-04-11,90.3800,90.4400,89.5100,89.8100,65751200,80.5811
2024-04-12,90.6400,90.9500,90.2800,90.2900,47900100,81.0117
2024-04-15,89.2200,89.2600,88.5200,88.8900,55993100,79.7556
2024-04-16,88.0500,88.5800,87.7900,88.3000,45103200,79.2262
2024-04-17,88.8700,89.3800,88.4600,89.2800,57947000,80.1056
2024-04-18,89.2400,89.2700,88.5900,88.8300,43839500,79.7018
2024-04-19,89.3900,89.3900,88.9100,89.1500,44826800,79.9889
2024-04-22,88.6800,89.1200,88.6500,89.0000,24969000,79.8543
2024-04-23,88.7300,89.5400,88.5500,89.0300,27222700,79.8812
2024-04-24,88.5600,88.6300,87.5000,88.4000,48986800,79.3160
2024-04-25,87.4600,87.9000,87.3400,87.7800,49282600,78.7597
2024-04-26,88.2500,88.6100,88.0500,88.2400,31589800,79.1724
2024-04-29,88.6600,89.0200,88.4800,88.9800,39228600,79.8364
2024-04-30,88.4200,88.7300,88.1000,88.2200,41054700,79.1545
2024-05-01,88.6000,89.2100,88.2400,88.5600,59679500,79.7379
2024-05-02,88.2100,89.0100,88.0300,88.9400,58925400,80.0801
2024-05-03,89.9300,90.1200,89.2700,89.8400,50066100,80.8904
2024-05-06,89.8700,90.2500,89.6700,90.1900,23868200,81.2055
2024-05-07,90.9000,91.2400,90.6100,90.7400,30525800,81.7007
2024-05-08,90.3100,90.4600,90.1600,90.1900,31171700,81.2055
2024-05-09,89.8700,90.7700,89.8200,90.6300,39606700,81.6017
2024-05-10,90.2800,90.3800,89.9600,90.1200,21913800,81.1425
2024-05-13,90.5500,90.6100,90.3100,90.3500,23157500,81.3496
2024-05-14,90.6500,90.9200,90.4200,90.8600,25746400,81.8088
2024-05-15,91.8700,92.2600,91.6300,92.1000,65142900,82.9253
2024-05-16,92.3900,92.4200,91.9400,92.0100,37902400,82.8442
2024-05-17,91.6400,91.8000,91.3400,91.3900,24755000,82.2860
2024-05-20,91.0800,91.3200,91.0100,91.1200,17922800,82.0429
2024-05-21,91.7300,91.7700,91.4300,91.5900,15334400,82.4661
2024-05-22,91.2700,91.7800,91.2600,91.7000,38073700,82.5651
2024-05-23,91.8000,91.8000,90.8200,91.1100,51294700,82.0339
2024-05-24,90.9700,91.4700,90.9000,91.3800,19164400,82.2770
2024-05-28,91.3300,91.3600,90.0300,90.0700,45973700,81.0975
2024-05-29,89.3400,89.4000,88.6800,88.9800,45508400,80.1161
2024-05-30,89.6000,89.9700,89.4400,89.8400,29548600,80.8904
2024-05-31,90.4800,90.6600,90.2500,90.4500,41308800,81.4396
2024-06-03,90.6400,91.6700,90.6100,91.6000,42272100,82.7569
2024-06-04,92.2000,92.8000,91.9900,92.6700,42581500,83.7236
2024-06-05,93.0000,93.3500,92.3900,93.3500,43153900,84.3379
2024-06-06,92.9200,93.4300,92.8600,93.2100,22891900,84.2115
2024-06-07,91.8300,91.8300,91.4000,91.5000,35240500,82.6665
2024-06-10,91.0000,91.0600,90.6500,90.8900,20586500,82.1154
2024-06-11,91.0300,91.8700,90.9200,91.8300,30329200,82.9647
2024-06-12,93.0200,93.5700,92.4900,92.5200,42554600,83.5881
2024-06-13,93.2200,93.9900,92.9500,93.8800,33093800,84.8167
2024-06-14,94.4200,94.8400,94.2400,94.6700,28776700,85.5305
2024-06-17,93.5200,93.8100,93.2800,93.7300,31040200,84.6813
2024-06-18,93.8900,94.6000,93.7300,94.5900,26881000,85.4582
2024-06-20,93.4100,94.0000,93.3400,93.9600,30246300,84.8890
2024-06-21,94.2400,94.4800,93.5900,93.9600,22596400,84.8890
2024-06-24,94.0500,94.3400,93.7400,94.3400,56939100,85.2324
2024-06-25,94.0700,94.5500,94.0400,94.5000,22890200,85.3769
2024-06-26,93.2800,93.4700,93.1100,93.1500,38489100,84.1572
2024-06-27,93.5200,93.7100,93.4200,93.5200,23140800,84.4916
2024-06-28,93.7300,93.7700,91.7800,91.7800,55119600,82.9195
2024-07-01,90.4200,91.0800,89.8200,89.9100,49735400,81.4884
2024-07-02,90.6800,90.8100,90.0800,90.6100,34204700,82.1228
2024-07-03,91.1700,91.8900,91.0900,91.8000,35563300,83.2014
2024-07-05,92.2700,92.7300,91.9000,92.5600,34895500,83.8902
2024-07-08,92.5400,92.8500,92.2200,92.7600,16095700,84.0714
2024-07-09,92.4700,92.6800,91.8700,92.3500,30289800,83.6998
2024-07-10,92.4500,92.6800,92.2600,92.6400,23572500,83.9627
2024-07-11,93.6800,94.1400,93.4700,93.5400,49761800,84.7784
2024-07-12,93.5300,93.9400,93.3400,93.9400,27796500,85.1409
2024-07-15,93.0000,93.3000,92.7800,92.8600,37918900,84.1621
2024-07-16,93.5300,94.2100,93.3900,94.1700,36383700,85.3494
2024-07-17,93.9200,94.4000,93.6900,94.1900,29036800,85.3675
2024-07-18,93.6800,94.1400,93.3800,93.4700,34553100,84.7150
2024-07-19,93.0400,93.1600,92.8200,92.9200,32164700,84.2165
2024-07-22,93.4000,93.5200,92.3000,92.6500,36160400,83.9718
2024-07-23,92.8100,93.0300,92.4900,92.5200,23498000,83.8539
2024-07-24,92.5900,92.8500,91.4700,91.5200,50757100,82.9476
2024-07-25,92.0300,92.8600,91.9600,92.2700,44999100,83.6274
2024-07-26,92.9500,93.1500,92.7100,92.9900,34423800,84.2799
2024-07-29,93.6700,93.6900,93.2200,93.4900,25801300,84.7331
2024-07-30,93.7500,94.0500,93.3000,93.8500,28169800,85.0594
2024-07-31,94.5300,94.8400,94.2400,94.8100,47445300,85.9294
2024-08-01,95.1400,95.9100,95.1200,95.3100,77254200,86.6706
2024-08-02,97.0000,98.3700,96.8900,98.2800,91912900,89.3714
2024-08-05,99.6900,99.9400,97.9000,98.8000,90686300,89.8442
2024-08-06,98.1500,98.4100,96.5900,96.5900,61316900,87.8345
2024-08-07,95.9500,96.4500,95.5000,95.9100,51337100,87.2162
2024-08-08,95.1200,95.4000,94.8400,95.3200,37815800,86.6797
2024-08-09,96.5100,96.5400,96.0900,96.2600,32141800,87.5345
2024-08-12,96.0300,96.8200,95.8800,96.6100,24261400,87.8527
2024-08-13,97.3000,97.3600,96.9800,97.2800,30366900,88.4620
2024-08-14,97.5500,98.1600,97.5100,97.8900,31334100,89.0167
2024-08-15,96.4100,97.1000,96.2100,97.1000,38723700,88.2983
2024-08-16,97.4400,97.5400,97.0100,97.4400,28541000,88.6075
2024-08-19,97.4200,98.1600,97.4100,97.8900,25322100,89.0167
2024-08-20,98.3200,98.8600,98.1200,98.6700,25239300,89.7260
2024-08-21,98.6700,99.2000,98.2100,98.7300,29230000,89.7806
2024-08-22,98.2300,98.3000,97.4300,97.7500,33453800,88.8894
2024-08-23,98.1900,98.6700,97.9600,98.3900,32005100,89.4714
2024-08-26,98.6900,98.7000,98.0800,98.1400,23198700,89.2440
2024-08-27,97.4900,98.0800,97.4100,97.9700,21507700,89.0894
2024-08-28,98.0100,98.2000,97.7300,97.8500,18501400,88.9803
2024-08-29,97.3700,97.6400,97.1300,97.5300,24988200,88.6893
2024-08-30,97.6800,97.9900,96.4700,96.4900,42896200,87.7436
2024-09-03,97.5600,98.0600,97.4200,97.7500,48947900,89.1787
2024-09-04,97.8800,99.0300,97.8100,99.0100,40885200,90.3282
2024-09-05,99.3400,99.6800,98.7800,99.5700,47450900,90.8391
2024-09-06,99.5500,100.7800,99.1900,99.5600,57406400,90.8300
2024-09-09,99.4000,100.1000,99.1600,99.9900,26961400,91.2222
2024-09-10,99.8700,100.9100,99.8200,100.6900,31703400,91.8609
2024-09-11,100.4900,101.2400,100.3500,100.6100,39497100,91.7879
2024-09-12,100.3600,100.5500,99.6900,100.1400,41618700,91.3591
2024-09-13,100.4600,100.6100,100.0200,100.4100,25722100,91.6054
2024-09-16,100.6300,101.3700,100.4100,101.3300,30866300,92.4447
2024-09-17,101.4700,101.6400,100.7400,100.8400,31699400,91.9977
2024-09-18,100.2400,100.7300,99.5400,99.5900,48897000,90.8573
2024-09-19,98.9200,99.3100,98.7700,99.2600,39979800,90.5563
2024-09-20,98.9900,99.2500,98.7200,98.8800,37067600,90.2096
2024-09-23,98.5000,99.0900,98.0200,98.6700,35703900,90.0180
2024-09-24,98.0000,98.8900,97.8500,98.6500,31005400,89.9998
2024-09-25,98.2600,98.3200,97.7900,97.8300,36738200,89.2517
2024-09-26,98.0700,98.2500,97.4200,98.0600,33332300,89.4615
2024-09-27,98.5400,98.7600,98.2100,98.5700,28317600,89.9268
2024-09-30,98.6400,98.7100,97.8800,98.1000,34175500,89.4980
2024-10-01,98.8000,99.3300,98.3900,98.4900,45254200,90.1442
2024-10-02,97.3600,97.7300,97.0600,97.6600,35810800,89.3845
2024-10-03,97.3400,97.5100,96.7400,96.7400,39677800,88.5424
2024-10-04,95.4400,95.9600,95.4000,95.5500,56954100,87.4533
2024-10-07,94.9800,95.2700,94.7600,94.8300,42606600,86.7943
2024-10-08,94.3900,95.0300,94.3400,94.9900,33709600,86.9407
2024-10-09,94.6700,94.9100,94.2300,94.4500,35807700,86.4465
2024-10-10,93.8800,94.0900,93.4100,94.0800,53667400,86.1078
2024-10-11,93.4800,94.0700,93.4200,93.7000,27406400,85.7601
2024-10-14,93.0400,93.7800,92.9800,93.7700,28795300,85.8241
2024-10-15,94.4600,95.0000,94.3700,94.9100,46429100,86.8675
2024-10-16,95.3900,95.6200,95.1400,95.3100,32281500,87.2336
2024-10-17,94.2900,94.4400,93.6700,93.8000,43427200,85.8516
2024-10-18,94.0500,94.2800,93.8600,93.8700,25258600,85.9157
2024-10-21,93.0200,93.0900,92.2300,92.2300,49504700,84.4146
2024-10-22,92.6500,92.7600,92.0900,92.3200,32096900,84.4970
2024-10-23,91.8400,92.3700,91.6600,92.0700,33354200,84.2682
2024-10-24,92.2300,93.0000,91.9600,92.6600,32507400,84.8082
2024-10-25,92.9900,93.0400,92.0200,92.1400,28667100,84.3322
2024-10-28,92.2700,92.2900,91.4200,91.8900,33156500,84.1034
2024-10-29,91.1700,92.0600,90.9800,92.0300,46545200,84.2316
2024-10-30,92.8400,93.2900,92.1600,92.3000,41951100,84.4787
2024-10-31,92.2000,92.9400,91.8700,92.4500,52173800,84.6160
2024-11-01,92.2600,92.5200,90.8000,90.8400,80402000,83.4230
2024-11-04,92.2800,92.5700,91.6300,92.2500,49747600,84.7179
2024-11-05,92.0300,92.9000,91.6000,92.7400,46986000,85.1679
2024-11-06,89.6400,90.7200,89.5500,90.2000,98895700,82.8353
2024-11-07,90.7500,91.6200,90.6500,91.3300,56221400,83.8730
2024-11-08,92.0000,92.6000,91.8400,92.4900,56756200,84.9383
2024-11-11,92.2500,92.3000,91.6200,92.0400,22369200,84.5251
2024-11-12,91.3700,91.8500,90.5100,90.6600,57908400,83.2577
2024-11-13,91.5200,91.5400,89.7200,89.8000,49009100,82.4679
2024-11-14,90.5600,91.0300,90.2700,90.3200,53328300,82.9455
2024-11-15,89.9200,90.6500,89.5100,90.0800,73722400,82.7251
2024-11-18,89.6600,90.5900,89.4200,90.2400,36010600,82.8720
2024-11-19,90.8200,91.0700,90.6200,90.7000,29585100,83.2944
2024-11-20,90.1500,90.8300,90.1100,90.4100,27755400,83.0282
2024-11-21,90.4500,90.8500,90.0000,90.3400,28365700,82.9639
2024-11-22,90.5100,90.7000,90.1500,90.3900,21547500,83.0098
2024-11-25,92.2000,92.7800,91.9900,92.7300,56858000,85.1587
2024-11-26,92.1600,92.4400,91.8100,92.3700,31122200,84.8281
2024-11-27,93.0400,93.3800,92.6700,93.0100,39442200,85.4159
2024-11-29,93.7800,93.9900,93.4400,93.9700,31905700,86.2975
2024-12-02,93.2700,94.1500,93.0000,93.8700,39406000,86.5048
2024-12-03,93.9300,94.0300,92.9900,93.0600,32768900,85.7584
2024-12-04,92.6100,94.1900,92.5400,94.0600,35851100,86.6799
2024-12-05,93.7200,94.3900,93.6600,94.2500,23695800,86.8550
2024-12-06,94.7200,94.8500,94.0200,94.3900,31761500,86.9840
2024-12-09,93.9900,94.0400,93.4700,93.5200,30509600,86.1823
2024-12-10,93.0200,93.3000,92.9100,93.0800,28706500,85.7768
2024-12-11,93.0700,93.2900,92.1100,92.2000,38748400,84.9658
2024-12-12,91.6400,91.7500,91.0000,91.0800,45368400,83.9337
2024-12-13,90.8000,90.8500,90.0800,90.1500,39486000,83.0767
2024-12-16,90.5500,90.6200,90.0500,90.4200,23482300,83.3255
2024-12-17,90.5200,90.9900,90.4600,90.6400,23839900,83.5283
2024-12-18,89.9700,90.3700,89.1400,89.1600,61328400,82.4838
2024-12-19,88.0700,88.3900,87.5100,87.8100,99083300,81.2349
2024-12-20,88.5300,88.9100,88.2900,88.3100,45542400,81.6974
2024-12-23,88.1600,88.2300,87.4400,87.5000,32764600,80.9481
2024-12-24,87.0400,87.8900,86.9800,87.8700,22377600,81.2904
2024-12-26,87.2100,87.9600,87.2000,87.8200,19981800,81.2441
2024-12-27,87.4800,87.7800,87.0600,87.1000,27262300,80.5780
2024-12-30,87.8300,88.0400,87.6700,87.8000,48519600,81.2256
2024-12-31,88.1300,88.2800,87.2600,87.3300,31917300,80.7908
2025-01-02,87.8000,88.1200,87.2100,87.5700,27841300,81.0128
2025-01-03,87.7200,87.8800,87.1800,87.2900,21962200,80.7538
2025-01-06,87.0500,87.2300,86.6700,86.9000,30231500,80.3930
2025-01-07,86.6000,86.7700,85.7900,85.9200,41757200,79.4864
2025-01-08,85.4700,86.2000,85.3400,86.0300,44590800,79.5882
2025-01-10,85.2800,85.8500,85.1600,85.4600,47115800,79.0609
2025-01-13,85.5300,85.6600,85.0400,85.4300,33258900,79.0331
2025-01-14,85.2300,85.3600,84.8900,85.2900,33412900,78.9036
2025-01-15,86.7000,86.9800,86.4000,86.7600,54120700,80.2635
2025-01-16,86.6400,87.4000,86.2800,87.0400,34651100,80.5225
2025-01-17,87.4300,87.4800,87.0400,87.1900,29875600,80.6613
2025-01-21,87.8900,88.1700,87.6300,87.9700,30548600,81.3829
2025-01-22,87.8700,87.9800,87.3200,87.5100,25278400,80.9573
2025-01-23,86.6400,86.9900,86.5300,86.8300,31949000,80.3283
2025-01-24,86.7200,87.2800,86.6000,87.2200,21110400,80.6891
2025-01-27,88.1600,88.4300,87.8500,88.2500,42864200,81.6419
2025-01-28,87.8400,88.2000,87.6600,88.1900,25519100,81.5864
2025-01-29,88.4300,88.6200,87.6300,88.0100,25342800,81.4199
2025-01-30,88.4100,88.7100,88.1700,88.3400,25094900,81.7252
2025-01-31,88.3800,88.6600,87.4300,87.7600,48790100,81.1886
2025-02-03,88.5800,89.1000,87.8000,88.1600,70657200,81.8497
2025-02-04,87.5500,88.4500,87.4800,88.4300,33414000,82.1003
2025-02-05,89.4500,90.1800,89.3900,89.8900,48331200,83.4558
2025-02-06,89.8600,90.1500,89.5500,89.8500,22509900,83.4187
2025-02-07,89.2400,89.4500,88.9400,89.2700,31171200,82.8802
2025-02-10,89.2600,89.5300,88.8500,89.0000,22736100,82.6295
2025-02-11,88.5300,88.6800,88.3800,88.4300,21513000,82.1003
2025-02-12,87.2900,87.6000,86.8600,87.2300,48536200,80.9862
2025-02-13,88.0900,88.8900,88.0700,88.6800,42718100,82.3324
2025-02-14,89.3800,89.6800,89.1200,89.1500,27460700,82.7688
2025-02-18,88.5400,88.8400,88.0400,88.1000,29429200,81.7940
2025-02-19,87.9500,88.4500,87.8900,88.2100,20584300,81.8961
2025-02-20,88.4500,88.7600,88.4500,88.5400,27913400,82.2025
2025-02-21,88.8700,89.9300,88.8200,89.6100,46912300,83.1959
2025-02-24,89.3300,90.0600,89.2600,89.8700,26218000,83.4373
2025-02-25,90.9700,91.5000,90.8000,91.4200,50125100,84.8763
2025-02-26,91.4200,92.0600,91.2000,91.9600,32220200,85.3776
2025-02-27,91.3100,91.7900,91.1400,91.3100,53373600,84.7742
2025-02-28,91.8500,92.4800,91.4700,92.4300,49388600,85.8140
2025-03-03,91.4100,92.7100,91.3700,92.5700,42904200,86.2145
2025-03-04,92.4400,92.7900,91.2700,91.4300,56722000,85.1528
2025-03-05,91.5600,91.8000,90.6100,90.7000,50215900,84.4729
2025-03-06,90.4800,90.8000,89.7300,90.4000,42827500,84.1935
2025-03-07,91.1400,91.1600,89.9900,90.1100,36903600,83.9234
2025-03-10,91.0800,91.6300,90.9100,91.0500,41440800,84.7989
2025-03-11,90.9700,91.4900,90.1400,90.4000,40555700,84.1935
2025-03-12,90.0000,90.3800,89.7800,89.8600,32734600,83.6906
2025-03-13,89.5800,90.7100,89.3800,90.6500,38675400,84.4263
2025-03-14,90.0100,90.4100,89.8600,90.1700,24658000,83.9793
2025-03-17,90.8000,91.1800,90.3800,90.6200,26700300,84.3984
2025-03-18,90.1400,91.0200,90.1200,90.7100,23654700,84.4822
2025-03-19,90.6800,91.2200,90.3800,91.1800,31378700,84.9199
2025-03-20,92.2000,92.2400,91.1600,91.2400,35645800,84.9758
2025-03-21,91.3300,91.4400,90.6200,90.7000,29192100,84.4729
2025-03-24,90.2000,90.2600,89.7000,89.7700,27985600,83.6067
2025-03-25,89.5700,90.0800,89.5100,89.7600,22333800,83.5974
2025-03-26,89.3900,89.6000,89.0900,89.1700,25095600,83.0479
2025-03-27,88.8500,89.0300,88.6300,88.9100,23674500,82.8058
2025-03-28,89.8800,90.3400,89.8100,90.1400,39869400,83.9513
2025-03-31,91.2300,91.3400,90.3600,91.0300,38824300,84.7802
2025-04-01,91.2500,91.9100,91.2100,91.4900,39800100,85.5149
2025-04-02,92.3700,92.3700,90.6600,91.4300,43488400,85.4588
2025-04-03,92.5200,92.7300,91.8400,91.8500,57467400,85.8514
2025-04-04,93.6500,94.0900,92.8200,92.8500,92794200,86.7861
2025-04-07,91.8800,92.1900,89.8000,90.0500,124987600,84.1690
2025-04-08,89.2800,90.2000,88.2200,88.3500,73861900,82.5800
2025-04-09,87.2700,88.9100,85.8900,88.8700,131353500,83.0660
2025-04-10,87.7400,88.1800,86.3500,86.4200,78592000,80.7760
2025-04-11,85.8700,87.3000,85.0000,86.8900,94814100,81.2153
2025-04-14,87.4000,87.7100,86.8200,87.5100,37596400,81.7948
2025-04-15,87.1500,88.1900,87.0400,87.8200,22553900,82.0846
2025-04-16,87.8000,88.5000,87.4700,88.3100,35607300,82.5426
2025-04-17,88.0400,88.2000,87.2300,87.5300,31758400,81.8135
2025-04-21,86.6000,87.0700,85.9800,86.0000,39343200,80.3834
2025-04-22,86.8200,87.0200,86.4000,86.4800,32552100,80.8321
2025-04-23,88.8800,89.0600,87.1700,87.3200,44082200,81.6172
2025-04-24,88.0300,88.3500,87.7600,88.2400,24190800,82.4772
2025-04-25,88.9000,89.1100,88.6000,88.8900,22513900,83.0847
2025-04-28,88.6600,89.5300,88.6100,89.4500,20130500,83.6081
2025-04-29,89.3200,90.2100,89.3000,90.2000,22129500,84.3091
2025-04-30,89.7800,90.0500,89.3300,89.4700,42630600,83.6268
2025-05-01,89.2600,89.2800,88.3000,88.6900,29932800,83.2028
2025-05-02,87.7100,88.0700,87.5400,87.7300,32090400,82.3022
2025-05-05,87.3500,87.4100,86.8300,87.2400,22862800,81.8425
2025-05-06,86.8000,87.5300,86.6400,87.5300,21095200,82.1146
2025-05-07,87.9200,88.2100,87.8200,87.9000,23161600,82.4617
2025-05-08,88.0200,88.0600,86.8900,86.9200,25483700,81.5423
2025-05-09,87.0000,87.3100,86.9200,87.0500,17007900,81.6642
2025-05-12,86.3800,86.7800,86.1900,86.2400,32115000,80.9044
2025-05-13,86.1300,86.2900,85.5000,85.8900,53912200,80.5760
2025-05-14,85.7500,85.8700,85.2000,85.3200,42119800,80.0413
2025-05-15,85.6300,86.3200,85.4800,86.0700,59448000,80.7449
2025-05-16,86.8700,86.8900,86.2000,86.3000,31778200,80.9606
2025-05-19,84.9100,86.1200,84.8300,86.0500,49361900,80.7261
2025-05-20,85.4300,85.6000,85.0600,85.4300,35493100,80.1445
2025-05-21,84.6800,85.0600,83.7600,83.9700,77053100,78.7748
2025-05-22,83.5200,84.4300,83.3000,84.4100,61747900,79.1876
2025-05-23,84.7700,84.8200,84.3100,84.5500,47139200,79.3189
2025-05-27,85.3500,86.0300,85.1500,85.7300,56773400,80.4259
2025-05-28,85.4100,85.5400,84.9700,85.3600,34806800,80.0788
2025-05-29,85.7700,86.2600,85.6400,86.1500,38933200,80.8199
2025-05-30,86.0900,86.4700,85.8800,86.2800,49042100,80.9419
2025-06-02,85.2900,85.4700,84.7900,85.1600,46213100,80.1886
2025-06-03,85.4400,85.7400,84.8900,85.0100,33731300,80.0474
2025-06-04,85.7900,86.6500,85.6500,86.3900,57441500,81.3468
2025-06-05,86.6800,86.9300,86.2200,86.4500,37664700,81.4033
2025-06-06,85.7900,85.9300,85.2800,85.3500,38130100,80.3675
2025-06-09,85.0400,85.6400,85.0400,85.4400,26560800,80.4523
2025-06-10,86.1000,86.1800,85.5200,85.8800,24857000,80.8666
2025-06-11,85.8100,86.4000,85.7100,86.1400,36334800,81.1114
2025-06-12,86.8900,87.2000,86.6000,87.1700,43017800,82.0812
2025-06-13,86.7300,86.8800,85.7800,86.3300,49374000,81.2903
2025-06-16,86.0800,86.4300,85.4600,85.4600,36496600,80.4711
2025-06-17,86.0000,86.6600,85.7500,86.5000,34521600,81.4504
2025-06-18,86.8800,87.0900,86.3500,86.6500,38589000,81.5916
2025-06-20,86.1400,86.7900,85.9500,86.4900,26001900,81.4409
2025-06-23,86.9300,87.4400,86.7700,86.7700,36851800,81.7046
2025-06-24,86.4700,87.5900,86.4300,87.4000,32959100,82.2978
2025-06-25,87.1100,87.5100,86.8000,87.5100,26345300,82.4014
2025-06-26,87.5900,87.9500,87.2000,87.9500,30467500,82.8157
2025-06-27,87.5700,88.1600,87.2400,87.3900,74993500,82.2884
2025-06-30,87.8600,88.4400,87.6100,88.2500,53695200,83.0982
2025-07-01,88.1300,88.3100,87.6600,88.1400,38960600,83.3042
2025-07-02,87.1900,87.5900,87.1000,87.5800,39382200,82.7750
2025-07-03,87.1700,87.2900,86.8500,86.9700,26729100,82.1984
2025-07-07,86.5400,86.5600,85.9200,86.1400,38314700,81.4140
2025-07-08,85.5700,86.0400,85.4400,86.0300,31407000,81.3100
2025-07-09,86.1900,86.9300,86.1800,86.9300,29821900,82.1606
2025-07-10,86.8300,87.0600,86.4900,86.9900,24525500,82.2173
2025-07-11,86.2300,86.2700,85.6400,85.7900,40764800,81.0832
2025-07-14,85.5400,85.8800,85.3200,85.6100,24609500,80.9131
2025-07-15,85.8900,85.9100,84.9000,85.0100,40455000,80.3460
2025-07-16,85.2800,85.6600,84.1900,85.1300,65987700,80.4594
2025-07-17,85.2200,85.4900,84.9900,85.1100,31875500,80.4405
2025-07-18,85.4300,85.4600,85.1000,85.2400,27534900,80.5634
2025-07-21,86.2200,86.5100,85.9600,86.0000,40019500,81.2816
2025-07-22,86.1700,86.7700,86.1100,86.5200,35190300,81.7731
2025-07-23,86.0500,86.2000,85.7900,86.0400,31008500,81.3195
2025-07-24,85.5500,86.2400,85.5100,85.8900,25164800,81.1777
2025-07-25,85.8000,86.4400,85.7200,86.4300,27196200,81.6881
2025-07-28,85.9900,86.2000,85.8300,85.8700,26812500,81.1588
2025-07-29,86.2300,87.3400,86.2000,87.3200,47828300,82.5292
2025-07-30,86.7700,86.9600,86.5600,86.8700,40670900,82.1039
2025-07-31,87.1300,87.4100,86.8400,86.9200,49814100,82.1512
2025-08-01,87.5600,87.9300,87.5200,87.8200,63434500,83.3191
2025-08-04,87.9600,88.1500,87.6500,88.0600,36425200,83.5468
2025-08-05,87.8500,88.4500,87.7800,88.3300,28586100,83.8029
2025-08-06,87.8400,88.0500,86.9200,87.8200,42589300,83.3191
2025-08-07,87.9200,88.2500,87.5900,87.6700,29213100,83.1768
2025-08-08,87.3600,87.3900,87.1500,87.2900,21596300,82.8162
2025-08-11,87.5400,87.6700,87.2800,87.3900,20100900,82.9111
2025-08-12,86.9000,86.9700,86.5500,86.9500,41052300,82.4937
2025-08-13,87.4400,87.8100,87.4300,87.6700,30817500,83.1768
2025-08-14,87.5100,87.5100,86.8900,87.0200,33397400,82.5601
2025-08-15,86.6600,86.7800,86.2500,86.4000,36343600,81.9719
2025-08-18,86.5000,86.5400,85.9900,86.1500,26777500,81.7347
2025-08-19,86.4500,86.7500,86.4500,86.6500,28780600,82.2091
2025-08-20,86.5900,86.9700,86.5600,86.8400,25912500,82.3893
2025-08-21,86.5600,86.6800,86.1100,86.4100,28643900,81.9814
2025-08-22,86.8300,87.3000,86.7200,87.0500,49871900,82.5885
2025-08-25,86.7300,87.0500,86.6500,86.8000,27011900,82.3514
2025-08-26,86.5100,86.7900,86.2200,86.7500,30259300,82.3039
2025-08-27,86.1100,86.6600,86.0000,86.6500,38142800,82.2091
2025-08-28,86.7800,87.2600,86.6600,87.2200,32205900,82.7498
2025-08-29,86.7600,86.8600,86.4400,86.6000,41686400,82.1616
2025-09-02,85.6300,85.8400,85.4800,85.6300,48760600,81.5502
2025-09-03,85.9300,86.8100,85.8900,86.5700,52499500,82.4454
2025-09-04,87.0200,87.2400,86.5800,87.2300,40501600,83.0740
2025-09-05,88.2200,88.6100,88.1400,88.5600,69668000,84.3406
2025-09-08,89.1700,89.7600,89.1200,89.7400,54538700,85.4644
2025-09-09,89.4000,89.5500,88.9900,89.2300,37126400,84.9787
2025-09-10,89.4000,90.0700,89.1900,89.7400,40713600,85.4644
2025-09-11,89.9100,90.4800,89.9000,90.3400,46694400,86.0358
2025-09-12,89.8300,89.9800,89.4900,89.9500,32968600,85.6644
2025-09-15,90.1500,90.4600,90.0700,90.1600,24820100,85.8644
2025-09-16,90.0900,90.5000,90.0400,90.3500,26794200,86.0453
2025-09-17,90.7100,91.0400,89.8700,90.1200,49121800,85.8263
2025-09-18,89.2600,89.4700,88.9000,89.1900,55717900,84.9406
2025-09-19,89.0700,89.2300,88.7900,89.0200,32509200,84.7787
2025-09-22,88.8200,88.9100,88.5400,88.7000,24758200,84.4739
2025-09-23,88.9700,89.3600,88.7500,89.3200,26689000,85.0644
2025-09-24,89.0800,89.1600,88.7000,88.9800,28098000,84.7406
2025-09-25,88.8500,89.0300,88.4600,88.9800,29882500,84.7406
2025-09-26,88.9900,89.4700,88.6900,88.9000,30955100,84.6644
2025-09-29,89.2900,89.7400,89.2600,89.6300,32286200,85.3596
2025-09-30,89.6600,90.0400,89.2100,89.3700,38584000,85.1120
2025-10-01,89.4500,89.6400,89.0900,89.2900,39408900,85.3318
2025-10-02,89.3100,89.6900,89.1900,89.5500,23208300,85.5803
2025-10-03,89.6300,89.7200,89.2700,89.3800,25884500,85.4178
2025-10-06,88.7100,89.1600,88.6500,88.6700,28371000,84.7393
2025-10-07,88.9700,89.3800,88.8100,89.1800,29103300,85.2267
2025-10-08,89.6000,89.6200,89.1300,89.2500,22506200,85.2936
2025-10-09,89.1700,89.2900,89.0100,89.1800,21578700,85.2267
2025-10-10,89.9800,90.7200,89.9000,90.6200,59389400,86.6029
2025-10-13,90.2800,90.5800,89.8600,90.5700,28035500,86.5551
2025-10-14,90.6500,90.9200,90.4300,90.8600,29800000,86.8322
2025-10-15,90.9600,91.3000,90.4700,90.6600,31333900,86.6411
2025-10-16,90.5200,91.5000,90.4500,91.3400,39631200,87.2909
2025-10-17,91.2500,91.2900,90.9000,91.2000,40240400,87.1571
2025-10-20,91.4600,91.5600,91.2800,91.5500,28429300,87.4916
2025-10-21,91.9900,92.1900,91.9100,92.0000,24514300,87.9217
2025-10-22,91.9900,92.1800,91.8200,92.0600,30496200,87.9790
2025-10-23,91.6100,91.7900,91.2900,91.4300,28275100,87.3770
2025-10-24,91.5900,91.6000,91.1600,91.4700,28266000,87.4152
2025-10-27,91.3200,91.7900,91.0900,91.7800,30033600,87.7114
2025-10-28,91.8500,92.1800,91.8100,92.0200,23564500,87.9408
2025-10-29,91.8800,91.8900,91.0200,91.0900,39551600,87.0520
2025-10-30,90.3900,90.9700,90.3500,90.5600,42649200,86.5455
2025-10-31,90.5600,90.6600,90.2000,90.2900,38247300,86.2875
2025-11-03,89.6200,89.8200,89.4200,89.7400,40752300,86.0717
2025-11-04,89.7800,90.0600,89.7400,89.9400,26383800,86.2635
2025-11-05,89.5100,89.5500,88.8800,88.9600,44643400,85.3236
2025-11-06,89.5600,89.8500,89.5300,89.7600,33027400,86.0909
2025-11-07,89.3600,89.8700,89.3600,89.5700,28530100,85.9086
2025-11-10,89.4900,89.6700,89.3900,89.5500,24093500,85.8895
2025-11-11,89.9500,90.0700,89.7800,89.9600,18942300,86.2827
2025-11-12,89.9500,90.3200,89.8800,90.1200,23594900,86.4361
2025-11-13,89.8000,89.9400,89.3800,89.3800,33825900,85.7264
2025-11-14,89.7900,89.8400,88.8700,88.8700,38550500,85.2373
2025-11-17,89.0800,89.3000,88.9800,89.0900,25605800,85.4482
2025-11-18,89.3500,89.4500,88.8000,89.0600,31967400,85.4195
2025-11-19,89.2300,89.3100,88.8500,88.8800,25782400,85.2468
2025-11-20,88.9900,89.4200,88.9900,89.2300,32945000,85.5825
2025-11-21,89.6500,89.6700,89.2000,89.5000,41938600,85.8415
2025-11-24,89.9500,90.0700,89.7800,90.0100,30865700,86.3306
2025-11-25,90.3100,90.5900,90.1300,90.2400,36503300,86.5512
2025-11-26,90.1500,90.6400,89.8300,90.6400,34099000,86.9349
2025-11-28,90.4600,90.5300,89.9500,90.2100,40704300,86.5225
2025-12-01,88.8500,88.9900,88.7100,88.7700,47086600,85.4454
2025-12-02,88.5800,88.9600,88.4600,88.8100,27605700,85.4839
2025-12-03,88.9200,89.1600,88.7400,89.0600,23278600,85.7245
2025-12-04,88.9100,88.9300,88.4800,88.5800,25541500,85.2625
2025-12-05,88.5500,88.5500,88.0500,88.1700,32808100,84.8678
2025-12-08,88.1900,88.2000,87.5600,87.8800,32255200,84.5887
2025-12-09,88.3400,88.3500,87.8400,87.9700,25771800,84.6753
2025-12-10,88.0000,88.5200,87.8600,88.3100,46833500,85.0026
2025-12-11,88.6900,88.8300,88.1600,88.1900,26778700,84.8871
2025-12-12,87.3800,87.5000,87.1900,87.3400,47030100,84.0689
2025-12-15,87.7200,87.8800,87.3900,87.4000,28611800,84.1267
2025-12-16,87.1900,87.9200,87.1700,87.8800,41018700,84.5887
2025-12-17,87.6300,87.9900,87.5800,87.8000,24668300,84.5117
2025-12-18,88.1300,88.3800,88.0700,88.2200,39048900,84.9160
2025-12-19,87.6100,87.7600,87.4100,87.5500,37858100,84.5990
2025-12-22,87.4200,87.4600,87.2500,87.3600,25547100,84.4155
2025-12-23,87.0700,87.5800,87.0300,87.5000,33624100,84.5507
2025-12-24,87.7600,88.0800,87.6500,88.0300,25942000,85.0629
2025-12-26,88.1000,88.1700,87.6000,87.7400,26522700,84.7826
2025-12-29,87.9500,88.0700,87.7900,88.0700,29399800,85.1015
2025-12-30,87.7400,88.0400,87.6700,87.8600,25106800,84.8986
2025-12-31,87.6800,87.9100,87.1300,87.1600,36500000,84.2222
2026-01-02,87.4000,87.4100,87.0200,87.0300,40731300,84.0966
2026-01-05,87.1800,87.5200,87.1100,87.4600,30178000,84.5121
2026-01-06,87.1500,87.3400,86.9000,87.2800,39015200,84.3381
2026-01-07,87.8400,88.0100,87.4800,87.7900,39930900,84.8309
2026-01-08,87.3300,87.5500,87.2500,87.3500,28204900,84.4058
2026-01-09,87.3000,88.0000,87.1200,87.9300,57348800,84.9662
2026-01-12,87.5000,87.9100,87.4100,87.6700,36103100,84.7150
2026-01-13,87.8800,87.9100,87.5400,87.8200,30451400,84.8599
2026-01-14,87.9100,88.4300,87.8900,88.3300,39233500,85.3527
2026-01-15,88.6400,88.6600,88.3100,88.3100,37988900,85.3334
2026-01-16,88.1300,88.3200,87.7100,87.8000,46382400,84.8406
2026-01-20,86.6300,87.0300,86.5400,86.6500,66009500,83.7294
2026-01-21,86.8000,87.4800,86.6200,87.3100,51220100,84.3671
2026-01-22,87.2700,87.7600,87.1400,87.6900,42419300,84.7343
2026-01-23,87.8300,88.0300,87.5000,87.9300,35968800,84.9662
2026-01-26,88.4000,88.4900,88.2000,88.3500,38882400,85.3721
2026-01-27,88.1100,88.2500,87.6800,87.8000,35180100,84.8406
2026-01-28,87.5100,87.7000,87.2900,87.6000,38750300,84.6473
2026-01-29,87.1500,87.7400,87.0800,87.6200,43855000,84.6667
2026-01-30,87.3800,87.5600,87.1300,87.1300,45832200,84.1932
2026-02-02,87.0200,87.0600,86.5500,86.5500,38171400,83.9526
2026-02-03,86.4900,86.7800,86.4300,86.7600,27438200,84.1563
2026-02-04,86.6300,86.7800,86.4600,86.5400,37872900,83.9429
2026-02-05,86.9300,87.4800,86.7500,87.4800,50268900,84.8547
2026-02-06,87.4500,87.5400,87.2000,87.5400,33461800,84.9129
2026-02-09,87.2000,87.5800,87.0300,87.5200,24708900,84.8935
2026-02-10,88.2400,88.5300,88.2200,88.5300,37253700,85.8732
2026-02-11,88.0400,88.4800,87.9400,88.0600,37014000,85.4173
2026-02-12,88.3600,89.2800,88.3500,89.2300,48454900,86.5522
2026-02-13,89.6300,89.8100,89.5200,89.7200,56785200,87.0275
2026-02-17,89.9300,90.1200,89.7600,89.8700,32356700,87.1730
2026-02-18,89.6900,89.8600,89.4700,89.5300,35415400,86.8432
2026-02-19,89.4000,89.7200,89.3700,89.6200,28658600,86.9305
2026-02-20,89.7000,89.7400,88.9300,89.4100,49610800,86.7268
2026-02-23,89.5500,90.0000,89.5300,89.7400,33614600,87.0469
2026-02-24,89.9500,90.0500,89.7600,89.9000,24933900,87.2021
2026-02-25,89.7100,90.0800,89.7100,89.9100,23625800,87.2118
2026-02-26,90.0600,90.3200,90.0500,90.2700,29447100,87.5610
2026-02-27,90.6900,90.8600,90.5500,90.8200,51272000,88.0945
2026-03-02,89.9800,89.9900,89.3600,89.6100,55465500,87.2098
2026-03-03,88.9800,89.6700,88.9400,89.4300,51850400,87.0347
2026-03-04,89.2700,89.4400,89.1000,89.1500,47069500,86.7622
2026-03-05,88.6300,88.9400,88.5100,88.7900,45768900,86.4118
2026-03-06,88.3200,88.9400,88.0200,88.4600,58136900,86.0906
2026-03-09,88.3000,89.3200,88.2100,89.2300,52478700,86.8400
2026-03-10,88.8000,88.9500,88.2700,88.2800,48651500,85.9155
2026-03-11,87.7500,87.8100,87.0800,87.1400,54679900,84.8060
2026-03-12,86.9100,87.2500,86.7800,86.9700,48977000,84.6405
2026-03-13,86.9300,87.1500,86.4700,86.5400,43460000,84.2221
2026-03-16,87.1800,87.3400,86.9600,87.2100,37341500,84.8741
2026-03-17,87.3600,87.5700,87.3200,87.4500,19578100,85.1077
2026-03-18,87.3600,87.4800,86.9300,86.9600,37596600,84.6308
2026-03-19,87.0600,87.7300,86.9700,87.4900,60307400,85.1466
2026-03-20,86.8100,86.8600,85.7600,85.8300,78948500,83.5311
2026-03-23,86.1800,86.7200,85.9400,86.3900,69686700,84.0761
2026-03-24,85.7200,86.2900,85.5600,86.0100,51799400,83.7063
2026-03-25,86.7500,86.8800,86.4800,86.8400,37861000,84.5140
2026-03-26,86.3400,86.6100,85.9300,86.1100,39537000,83.8036
2026-03-27,85.5000,86.1000,85.4500,85.6400,39928900,83.3462
2026-03-30,86.6300,86.9500,86.4900,86.7800,36473200,84.4556
2026-03-31,86.9300,87.1600,86.5700,86.6900,47112200,84.3681
2026-04-01,86.2800,86.7100,86.2300,86.2600,31157600,84.2850
2026-04-02,86.2100,86.8500,86.1500,86.7900,33310600,84.8029
2026-04-06,86.5000,86.8500,86.3900,86.6500,14660300,84.6661
2026-04-07,86.5200,86.6800,85.9100,86.6400,22747200,84.6563
2026-04-08,87.3600,87.3700,86.7300,86.9200,22244900,84.9299
2026-04-09,86.6900,87.1300,86.3900,86.7000,18909100,84.7149
2026-04-10,86.6000,86.6800,86.3300,86.4900,13247700,84.5097
2026-04-13,86.4400,86.8000,86.2500,86.7500,12719700,84.7638
2026-04-14,86.7000,87.2400,86.6300,87.2100,16606900,85.2132
2026-04-15,87.0200,87.0700,86.7300,86.8300,15119600,84.8419
2026-04-16,86.9200,86.9700,86.2000,86.2800,20001000,84.3045
2026-04-17,87.0500,87.2100,86.8900,87.0700,29604100,85.0764
2026-04-20,87.1100,87.1300,86.7100,87.0500,14623500,85.0569
2026-04-21,86.9700,87.0900,86.5300,86.5700,19798700,84.5879
2026-04-22,87.0500,87.1600,86.7100,86.7400,13676800,84.7540
2026-04-23,86.8300,87.0400,86.2400,86.5500,21106700,84.5684
2026-04-24,86.4600,86.8200,86.2500,86.7100,22285700,84.7247
2026-04-27,86.4900,86.6200,86.1900,86.2800,19250100,84.3045
2026-04-28,86.1200,86.3700,85.9400,86.3700,14553600,84.3925
2026-04-29,85.9900,85.9900,85.5500,85.7000,29020800,83.7378
2026-04-30,85.8900,85.9000,85.3900,85.6200,28516200,83.6597
2026-05-01,85.5000,86.0000,85.3400,85.6100,21281000,83.9588
2026-05-04,85.3500,85.3600,84.7600,84.9600,27226000,83.3213
2026-05-05,85.1500,85.4900,85.0900,85.4300,18226500,83.7822
2026-05-06,86.0500,86.1700,85.9200,86.0800,22530700,84.4197
2026-05-07,86.2800,86.2900,85.6000,85.6500,21178300,83.9980
2026-05-08,86.0600,86.2800,85.9900,86.0800,30797600,84.4197
2026-05-11,85.8800,85.9200,85.4900,85.5600,17713700,83.9097
2026-05-12,85.1900,85.2000,84.9200,84.9900,27680600,83.3507
2026-05-13,84.9400,85.0500,84.5900,84.8000,26295100,83.1644
2026-05-14,85.2600,85.3800,84.9100,84.9200,25247200,83.2821
2026-05-15,83.8700,83.9700,83.5900,83.6600,50796000,82.0464
2026-05-18,83.7000,83.9200,83.3200,83.5600,26166200,81.9483
2026-05-19,82.9600,83.2300,82.7700,83.0200,35346600,81.4187
2026-05-20,83.0600,84.0000,83.0400,83.9100,44498000,82.2916
2026-05-21,83.6200,84.2600,83.3300,84.2200,24887000,82.5956
2026-05-22,84.6100,84.6800,84.1400,84.6800,27987700,83.0467
2026-05-26,85.3400,85.3800,84.9000,85.1000,22531200,83.4586
2026-05-27,85.2500,85.4800,85.1500,85.3000,23589600,83.6547
2026-05-28,85.3600,85.8500,85.2700,85.7400,25417300,84.0863
2026-05-29,85.8100,85.9600,85.5500,85.7600,33118600,84.1059
2026-06-01,84.9300,85.5400,84.8000,85.4700,26322400,84.1512
2026-06-02,85.8000,85.8200,85.5000,85.6500,20319000,84.3284
2026-06-03,85.2900,85.4300,85.1000,85.3100,15372000,83.9936
2026-06-04,85.6100,85.7100,85.4200,85.5000,15866500,84.1807
2026-06-05,84.9900,85.3500,84.9200,85.0600,26461200,83.7475
2026-06-08,85.2300,85.3300,84.6200,84.6200,22922700,83.3143
2026-06-09,84.9700,85.1800,84.7800,85.1200,22617700,83.8066
2026-06-10,85.1200,85.3000,84.7000,84.8800,21258300,83.5703
2026-06-11,85.1700,86.0400,85.0400,85.9800,35190500,84.6533
2026-06-12,85.6400,85.8300,85.4100,85.7700,23092600,84.4465
2026-06-15,85.9600,86.1100,85.6700,85.7200,17632700,84.3973
2026-06-16,85.9600,86.3800,85.9300,86.1900,26472500,84.8601
2026-06-17,86.3300,86.5900,85.9300,86.3300,34507500,84.9979
2026-06-18,87.0700,87.1800,86.6500,86.7500,32350900,85.4114
2026-06-22,86.3000,86.3300,85.9700,86.0900,28595100,84.7616
2026-06-23,86.1200,86.4300,86.1000,86.2000,19145500,84.8699
2026-06-24,87.1500,87.4700,87.1200,87.3800,41837000,86.0317
2026-06-25,87.5800,87.7900,87.2900,87.3500,28380000,86.0022
2026-06-26,87.0100,87.3700,87.0000,87.3600,21650800,86.0120
2026-06-29,87.3600,87.5400,87.3000,87.4500,19457200,86.1006
2026-06-30,87.1500,87.1800,86.3800,86.4200,31079500,85.0865
2026-07-01,85.4800,85.7900,85.4300,85.5200,28109800,84.5114
2026-07-02,85.3800,85.7800,85.3700,85.5100,20816300,84.5015
2026-07-06,85.4300,85.4800,85.1800,85.4500,17940900,84.4422
2026-07-07,85.1200,85.1700,84.5400,84.5500,24816400,83.5528
2026-07-08,84.3100,84.4500,84.0600,84.3600,25806600,83.3651
2026-07-09,84.2800,84.6800,84.2600,84.4900,18625300,83.4935
2026-07-10,84.5100,84.6300,84.2800,84.4700,14454100,83.4738
2026-07-13,84.1900,84.2800,83.9300,83.9700,18742500,82.9797
2026-07-14,84.1800,84.5000,84.0400,84.0800,23793500,83.0884
2026-07-15,84.0800,84.4100,84.0800,84.2400,17837800,83.2465
2026-07-16,83.8400,84.2200,83.7900,84.2100,20817800,83.2168
2026-07-17,84.6200,84.8200,84.4900,84.5200,22065600,83.5232
2026-07-20,84.3100,84.3400,83.8200,83.8900,24289000,82.9006
2026-07-21,83.7400,83.7700,83.4300,83.6600,14287500,82.6733
2026-07-22,83.6100,83.7000,83.3800,83.4400,15988400,82.4559
2026-07-23,82.9900,83.2500,82.9600,83.1700,29152800,82.1891
2026-07-24,83.3100,83.6600,83.2300,83.2500,15106000,82.2681
2026-07-27,83.7300,83.8700,83.5200,83.7500,23816200,82.7622
2026-07-28,83.8600,84.3400,83.8500,84.2400,25366900,83.2465
2026-07-29,84.1000,84.1500,82.7000,82.8500,41445200,81.8729
2026-07-30,82.8100,82.9000,82.5200,82.8000,40407300,81.8234
2026-07-31,82.4500,82.4500,81.8900,82.2500,50359800,81.2799
2026-08-03,82.2400,82.3500,82.0100,82.1900,32050800,81.5478
2026-08-04,82.6500,82.8400,82.5700,82.8200,38408600,82.1729
2026-08-05,82.9500,83.1500,82.8000,83.0000,29465800,82.3515
2026-08-06,82.7700,82.9200,82.4000,82.5200,27566600,81.8752
2026-08-07,82.8000,82.8500,82.4800,82.7600,96130000,82.1134
2026-08-10,82.4000,82.4500,82.0300,82.0600,36743600,81.4188
2026-08-11,82.2700,82.4600,82.1200,82.1900,23268500,81.5478
2026-08-12,82.4500,82.4800,82.0500,82.1100,21444600,81.4685
2026-08-13,82.5900,83.0000,82.4900,82.5900,26921500,81.9447
2026-08-14,82.2300,82.3600,81.8200,82.0400,31374800,81.3990
2026-08-17,81.7700,81.8600,81.3100,81.3500,31557700,80.7144
2026-08-18,81.2600,81.7500,81.1700,81.6600,25037100,81.0220
2026-08-19,82.8100,83.0600,82.6100,83.0200,51309500,82.3713
2026-08-20,82.3600,82.7700,82.1500,82.3400,39569900,81.6967
2026-08-21,82.1700,82.2700,81.9000,82.0500,24269100,81.4089
2026-08-24,82.4900,82.8800,82.4500,82.5600,29038500,81.9149
2026-08-25,83.1100,83.4800,82.9700,83.4700,35015100,82.8178
2026-08-26,83.2700,83.3000,83.0700,83.3000,20658800,82.6492
2026-08-27,83.2000,83.3500,83.0000,83.1300,17361900,82.4805
2026-08-28,83.0400,83.6000,82.7800,82.8800,35804300,82.2324
2026-08-31,82.4700,82.5300,82.1500,82.5200,37317400,81.8752
2026-09-01,81.8900,82.3500,81.7800,81.8700,25623900,81.5416
2026-09-02,81.9800,82.0500,81.7500,81.9500,21454300,81.6213
2026-09-03,82.3600,82.4300,82.0600,82.0700,18033000,81.7408
2026-09-04,82.2900,82.5000,82.1800,82.2100,16591900,81.8802
2026-09-08,82.4400,82.4600,81.9300,82.2000,16094300,81.8703
2026-09-09,82.1900,82.3100,81.3600,81.7300,40675400,81.4022
2026-09-10,81.0000,81.3600,80.6700,80.7800,60481500,80.4560
2026-09-11,81.3000,81.4800,80.8100,80.8700,32431000,80.5456
2026-09-14,80.8200,81.3600,80.4600,80.9300,33740100,80.6054
2026-09-15,80.6300,80.8500,80.5100,80.7100,35033000,80.3862
2026-09-16,80.9400,81.5600,80.8600,80.8800,56481700,80.5556
2026-09-17,81.5400,81.7900,81.4200,81.7800,41622600,81.4520
2026-09-18,81.4700,81.4700,81.0900,81.2500,41105000,80.9241
2026-09-21,81.7200,81.8200,81.5400,81.8000,26972500,81.4719
2026-09-22,81.8900,81.9400,81.5400,81.7500,22769300,81.4221
2026-09-23,81.4800,81.5100,80.2300,80.4600,53502400,80.1372
2026-09-24,80.3500,80.5500,79.4200,79.4200,59160600,79.1014
2026-09-25,79.3700,79.4600,78.8300,79.3200,62576700,79.0018
2026-09-28,78.6500,78.8700,78.2700,78.6200,63463400,78.3046
2026-09-29,78.5200,78.5200,77.8400,78.2300,76018400,77.9162
2026-09-30,78.1600,78.2100,77.5500,77.7800,73132600,77.4680
2026-10-01,76.9400,78.0500,76.7600,77.7100,83583800,77.7100
