Date,Open,High,Low,Close,Volume,AdjClose
2007-04-18,6451.2002,6517.7598,6403.8398,6498.5601,327,6498.5601
2007-04-19,6438.3999,6513.9199,6412.7998,6471.6802,742,6471.6802
2007-04-20,6411.5200,6411.5200,6336.0000,6341.1201,524,6341.1201
2007-04-23,6344.9600,6553.6001,6297.6001,6528.0000,1067,6528.0000
2007-04-24,6630.3999,6630.3999,6460.1602,6539.5200,998,6539.5200
2007-04-25,6590.7202,6606.0801,6497.2798,6599.6802,795,6599.6802
2007-04-26,6547.2002,6547.2002,6405.1201,6452.4800,1090,6452.4800
2007-04-27,6419.2002,6698.2402,6396.1602,6661.1201,1328,6661.1201
2007-04-30,6576.6401,6705.9199,6557.4399,6657.2798,770,6657.2798
2007-05-01,6607.3599,6658.5601,6528.0000,6553.6001,1030,6553.6001
2007-05-02,6590.7202,6609.9199,6535.6802,6560.0000,529,6560.0000
2007-05-03,6540.7998,6778.8799,6411.5200,6736.6401,2842,6736.6401
2007-05-04,6740.4800,6873.6001,6656.0000,6696.9600,1492,6696.9600
2007-05-07,6624.0000,6667.5200,6590.7202,6611.2002,792,6611.2002
2007-05-08,6549.7598,6549.7598,6464.0000,6503.6802,780,6503.6802
2007-05-09,6508.7998,6588.1602,6483.2002,6588.1602,1684,6588.1602
2007-05-10,6585.6001,6612.4800,6496.0000,6566.3999,774,6566.3999
2007-05-11,6526.7202,6743.0400,6508.7998,6720.0000,897,6720.0000
2007-05-14,6745.6001,6890.2402,6735.3599,6757.1201,877,6757.1201
2007-05-15,6752.0000,6752.0000,6667.5200,6677.7598,406,6677.7598
2007-05-16,6598.3999,6745.6001,6598.3999,6732.7998,347,6732.7998
2007-05-17,6718.7202,6890.2402,6688.0000,6867.2002,1156,6867.2002
2007-05-18,6937.6001,6999.0400,6730.2402,6743.0400,1109,6743.0400
2007-05-21,6726.3999,6773.7598,6662.3999,6754.5601,1002,6754.5601
2007-05-22,6717.4399,6723.8398,6656.0000,6673.9199,832,6673.9199
2007-05-23,6656.0000,6705.9199,6611.2002,6613.7598,770,6613.7598
2007-05-24,6643.2002,6643.2002,6526.7202,6561.2798,401,6561.2798
2007-05-25,6565.1201,6565.1201,6407.6802,6487.0400,784,6487.0400
2007-05-29,6472.9600,6485.7598,6368.0000,6465.2798,895,6465.2798
2007-05-30,6554.8799,6656.0000,6530.5601,6635.5200,798,6635.5200
2007-05-31,6608.6401,6647.0400,6519.0400,6622.7202,969,6622.7202
2007-06-01,6589.4399,6615.0400,6504.9600,6574.0801,1085,6574.0801
2007-06-04,6643.2002,6910.7202,6643.2002,6819.8398,1066,6819.8398
2007-06-05,6795.5200,6808.3198,6694.3999,6713.6001,1923,6713.6001
2007-06-06,6799.3599,6807.0400,6682.8799,6771.2002,1134,6771.2002
2007-06-07,6730.2402,6776.3198,6503.6802,6515.2002,2791,6515.2002
2007-06-08,6466.5601,6488.3198,6391.0400,6410.2402,973,6410.2402
2007-06-11,6400.0000,6432.0000,6347.5200,6368.0000,1605,6368.0000
2007-06-12,6384.6401,6434.5601,6360.3198,6433.2798,876,6433.2798
2007-06-13,6462.7202,6469.1201,6324.4800,6361.6001,898,6361.6001
2007-06-14,6398.7202,6528.0000,6352.6401,6503.6802,921,6503.6802
2007-06-15,6503.6802,6681.6001,6503.6802,6607.3599,780,6607.3599
2007-06-18,6592.0000,6607.3599,6401.2798,6401.2798,1087,6401.2798
2007-06-19,6389.7598,6396.1602,6272.0000,6304.0000,1430,6304.0000
2007-06-20,6286.0801,6307.8398,6119.6802,6173.4399,1552,6173.4399
2007-06-21,6170.8799,6251.5200,6118.3999,6146.5601,2016,6146.5601
2007-06-22,6074.8799,6074.8799,5893.1201,5932.7998,2127,5932.7998
2007-06-25,5818.8799,5889.2798,5802.2402,5815.0400,1052,5815.0400
2007-06-26,5861.1201,5861.1201,5729.2798,5748.4800,891,5748.4800
2007-06-27,5708.7998,5832.9600,5706.2402,5817.6001,1039,5817.6001
2007-06-28,5818.8799,5818.8799,5382.3999,5493.7598,7242,5493.7598
2007-06-29,5542.3999,5664.0000,5466.8799,5664.0000,2127,5664.0000
2007-07-02,5452.7998,5585.9199,5391.3599,5561.6001,2354,5561.6001
2007-07-03,5587.2002,5603.8398,5501.4399,5518.0801,1692,5518.0801
2007-07-05,5492.4800,5532.1602,5393.9199,5434.8799,1488,5434.8799
2007-07-06,5425.9199,5436.1602,5232.6401,5320.9600,3863,5320.9600
2007-07-09,5419.5200,5442.5601,5260.7998,5278.7202,2475,5278.7202
2007-07-10,5350.3999,5548.7998,5320.9600,5493.7598,3302,5493.7598
2007-07-11,5568.0000,5625.6001,5418.2402,5420.7998,5515,5420.7998
2007-07-12,5349.1201,5382.3999,5187.8398,5374.7202,6243,5374.7202
2007-07-13,5396.4800,5539.8398,5383.6802,5489.9199,3438,5489.9199
2007-07-16,5324.7998,5324.7998,5203.2002,5282.5601,6013,5282.5601
2007-07-17,5340.1602,5401.6001,5137.9199,5230.0801,3675,5230.0801
2007-07-18,5210.8799,5382.3999,5201.9199,5355.5200,2880,5355.5200
2007-07-19,5381.1201,5527.0400,5381.1201,5524.4800,3553,5524.4800
2007-07-20,5406.7202,5451.5200,5254.3999,5260.7998,4261,5260.7998
2007-07-23,5004.7998,5067.5200,4943.3599,4972.7998,10876,4972.7998
2007-07-24,4848.6401,4883.2002,4779.5200,4824.3198,5402,4824.3198
2007-07-25,4862.7202,4977.9199,4815.3599,4965.1201,3384,4965.1201
2007-07-26,4974.0801,4999.6802,4875.5200,4960.0000,7166,4960.0000
2007-07-27,4989.4399,5099.5200,4922.8799,5076.4800,3536,5076.4800
2007-07-30,5224.9600,5314.5601,5184.0000,5303.0400,4887,5303.0400
2007-07-31,5295.3599,5317.1201,5013.7598,5038.0801,6920,5038.0801
2007-08-01,5162.2402,5273.6001,5131.5200,5191.6802,6665,5191.6802
2007-08-02,5213.4399,5213.4399,4939.5200,5002.2402,4382,5002.2402
2007-08-03,5067.5200,5086.7202,4903.6802,4992.0000,3034,4992.0000
2007-08-06,4899.8398,5080.3198,4875.5200,5080.3198,2873,5080.3198
2007-08-07,5139.2002,5168.6401,5020.1602,5059.8398,2398,5059.8398
2007-08-08,5079.0400,5103.3599,5024.0000,5080.3198,2237,5080.3198
2007-08-09,5125.1201,5395.2002,5125.1201,5342.7202,6160,5342.7202
2007-08-10,5340.1602,5651.2002,5319.6802,5568.0000,10450,5568.0000
2007-08-13,5758.7202,5790.7202,5478.3999,5546.2402,5802,5546.2402
2007-08-14,5565.4399,5736.9600,5465.6001,5671.6802,3868,5671.6802
2007-08-15,5771.5200,5835.5200,5491.2002,5580.7998,8785,5580.7998
2007-08-16,5570.5601,5672.9600,5322.2402,5594.8799,6039,5594.8799
2007-08-17,5687.0400,5779.2002,5585.9199,5652.4800,3951,5652.4800
2007-08-20,5232.6401,5304.3198,4928.0000,4953.6001,22873,4953.6001
2007-08-21,4832.0000,4860.1602,4750.0801,4843.5200,19497,4843.5200
2007-08-22,4765.4399,4829.4399,4588.7998,4646.3999,21765,4646.3999
2007-08-23,4683.5200,4738.5601,4576.0000,4725.7598,18673,4725.7598
2007-08-24,4672.0000,4707.8398,4518.3999,4542.7202,15852,4542.7202
2007-08-27,4390.3999,4486.3999,4332.7998,4477.4399,21259,4477.4399
2007-08-28,4512.0000,4679.6802,4441.6001,4654.0801,21183,4654.0801
2007-08-29,4581.1201,4619.5200,4416.0000,4453.1201,18634,4453.1201
2007-08-30,4449.2798,4599.0400,4428.7998,4524.7998,16443,4524.7998
2007-08-31,4564.4800,4588.7998,4320.0000,4345.6001,20012,4345.6001
2007-09-04,4293.1201,4520.9600,4253.4399,4514.5601,23533,4514.5601
2007-09-05,4570.8799,4663.0400,4441.6001,4643.8398,11622,4643.8398
2007-09-06,4716.7998,4787.2002,4451.8398,4464.6401,20415,4464.6401
2007-09-07,4389.1201,4448.0000,4328.9600,4395.5200,14961,4395.5200
2007-09-10,4435.2002,4753.9199,4391.6802,4736.0000,22535,4736.0000
2007-09-11,4724.4800,4773.1201,4623.3599,4733.4399,14177,4733.4399
2007-09-12,4876.7998,5155.8398,4865.2798,5113.6001,34506,5113.6001
2007-09-13,4992.0000,5029.1201,4808.9600,4851.2002,20828,4851.2002
2007-09-14,5043.2002,5132.7998,4966.3999,5024.0000,18525,5024.0000
2007-09-17,5061.1201,5218.5601,5035.5200,5178.8799,9120,5178.8799
2007-09-18,4990.7202,5191.6802,4906.2402,5112.3198,20126,5112.3198
2007-09-19,4998.3999,5072.6401,4896.0000,4934.3999,16166,4934.3999
2007-09-20,4862.7202,5008.6401,4842.2402,5004.7998,13482,5004.7998
2007-09-21,4972.7998,5122.5601,4920.3198,4934.3999,10561,4934.3999
2007-09-24,4983.0400,5113.6001,4968.9600,5113.6001,11205,5113.6001
2007-09-25,5128.9600,5128.9600,5004.7998,5049.6001,8735,5049.6001
2007-09-26,5053.4399,5084.1602,4942.0801,5027.8398,8780,5027.8398
2007-09-27,4966.3999,4988.1602,4812.7998,4921.6001,18827,4921.6001
2007-09-28,4928.0000,4954.8799,4864.0000,4896.0000,9308,4896.0000
2007-10-01,4902.3999,5052.1602,4889.6001,5031.6802,11641,5031.6802
2007-10-02,5120.0000,5290.2402,5111.0400,5278.7202,17696,5278.7202
2007-10-03,5207.0400,5246.7202,5130.2402,5146.8799,8345,5146.8799
2007-10-04,5112.3198,5290.2402,5109.7598,5253.1201,10996,5253.1201
2007-10-05,5172.4800,5208.3198,5007.3599,5007.3599,12213,5007.3599
2007-10-08,4971.5200,5117.4399,4867.8398,4906.2402,14288,4906.2402
2007-10-09,4858.8799,4953.6001,4848.6401,4878.0801,10123,4878.0801
2007-10-10,4997.1201,5039.3599,4947.2002,5002.2402,9286,5002.2402
2007-10-11,4998.3999,5027.8398,4879.3599,4899.8398,10399,4899.8398
2007-10-12,4866.5601,4985.6001,4844.7998,4980.4800,5863,4980.4800
2007-10-15,5185.2798,5315.8398,5145.6001,5313.2798,19355,5313.2798
2007-10-16,5282.5601,5342.7202,5204.4800,5250.5601,7828,5250.5601
2007-10-17,5310.7202,5376.0000,5260.7998,5336.3198,17795,5336.3198
2007-10-18,5372.1602,5445.1201,5230.0801,5292.7998,13055,5292.7998
2007-10-19,5209.6001,5227.5200,5067.5200,5070.0801,17698,5070.0801
2007-10-22,4994.5601,5015.0400,4917.7598,4956.1602,10812,4956.1602
2007-10-23,4926.7202,4929.2798,4848.6401,4919.0400,10583,4919.0400
2007-10-24,4980.4800,5070.0801,4976.6401,5056.0000,11232,5056.0000
2007-10-25,5085.4399,5149.4399,4976.6401,5143.0400,13099,5143.0400
2007-10-26,5111.0400,5137.9199,5049.6001,5126.3999,6366,5126.3999
2007-10-29,5209.6001,5268.4800,5190.3999,5248.0000,14289,5248.0000
2007-10-30,5342.7202,5373.4399,5250.5601,5251.8398,14096,5251.8398
2007-10-31,5295.3599,5500.1602,5264.6401,5500.1602,17573,5500.1602
2007-11-01,5530.8799,5702.3999,5414.3999,5648.6401,20808,5648.6401
2007-11-02,5648.6401,5661.4399,5491.2002,5506.5601,8992,5506.5601
2007-11-05,5340.1602,5390.0801,5233.9199,5253.1201,14645,5253.1201
2007-11-06,5308.1602,5356.7998,5117.4399,5201.9199,11855,5201.9199
2007-11-07,5148.1602,5185.2798,4976.6401,5043.2002,20278,5043.2002
2007-11-08,5066.2402,5108.4800,4949.7598,5099.5200,11059,5099.5200
2007-11-09,5164.7998,5242.8799,5140.4800,5208.3198,10514,5208.3198
2007-11-12,5109.7598,5310.7202,5100.7998,5204.4800,9141,5204.4800
2007-11-13,5306.8799,5320.9600,5191.6802,5223.6802,7841,5223.6802
2007-11-14,5249.2798,5312.0000,5120.0000,5150.7202,9050,5150.7202
2007-11-15,5143.0400,5180.1602,5049.6001,5064.9600,6723,5064.9600
2007-11-16,5154.5601,5269.7598,5088.0000,5246.7202,7342,5246.7202
2007-11-19,5278.7202,5278.7202,5108.4800,5125.1201,5091,5125.1201
2007-11-20,5022.7202,5025.2798,4916.4800,4931.8398,14854,4931.8398
2007-11-21,4902.3999,5032.9600,4890.8799,4948.4800,8215,4948.4800
2007-11-23,5040.6401,5057.2798,5000.9600,5049.6001,2730,5049.6001
2007-11-26,5162.2402,5198.0801,5000.9600,5049.6001,7647,5049.6001
2007-11-27,5002.2402,5015.0400,4897.2798,4926.7202,6804,4926.7202
2007-11-28,4861.4399,4871.6802,4704.0000,4720.6401,15077,4720.6401
2007-11-29,4705.2798,4774.3999,4647.6802,4711.6802,12318,4711.6802
2007-11-30,4710.3999,4730.8799,4583.6802,4620.7998,9816,4620.7998
2007-12-03,4505.6001,4579.8398,4473.6001,4576.0000,11956,4576.0000
2007-12-04,4536.3198,4536.3198,4453.1201,4490.2402,7424,4490.2402
2007-12-05,4491.5200,4579.8398,4483.8398,4535.0400,8028,4535.0400
2007-12-06,4623.3599,4688.6401,4600.3198,4609.2798,7772,4609.2798
2007-12-07,4550.3999,4579.8398,4469.7598,4500.4800,8140,4500.4800
2007-12-10,4436.4800,4520.9600,4412.1602,4460.7998,9727,4460.7998
2007-12-11,4520.9600,4542.7202,4403.2002,4485.1201,7163,4485.1201
2007-12-12,4552.9600,4670.7202,4535.0400,4665.6001,11188,4665.6001
2007-12-13,4665.6001,4736.0000,4518.3999,4541.4399,10236,4541.4399
2007-12-14,4482.5601,4494.0801,4416.0000,4424.9600,9373,4424.9600
2007-12-17,4421.1201,4476.1602,4382.7202,4432.6401,5866,4432.6401
2007-12-18,4490.2402,4515.8398,4445.4399,4515.8398,4683,4515.8398
2007-12-19,4491.5200,4520.9600,4403.2002,4503.0400,6135,4503.0400
2007-12-20,4508.1602,4544.0000,4422.3999,4467.2002,6077,4467.2002
2007-12-21,4441.6001,4537.6001,4441.6001,4503.0400,7360,4503.0400
2007-12-24,4427.5200,4451.8398,4381.4399,4419.8398,4757,4419.8398
2007-12-26,4412.1602,4440.3198,4396.7998,4437.7598,3930,4437.7598
2007-12-27,4327.6802,4510.7202,4298.2402,4441.6001,11950,4441.6001
2007-12-28,4469.7598,4576.0000,4456.9600,4547.8398,9624,4547.8398
2007-12-31,4555.5200,4660.4800,4555.5200,4640.0000,5350,4640.0000
2008-01-02,4756.4800,4896.0000,4743.6802,4896.0000,15487,4896.0000
2008-01-03,4802.5601,4934.3999,4707.8398,4776.9600,12276,4776.9600
2008-01-04,4741.1201,4861.4399,4645.1201,4832.0000,12551,4832.0000
2008-01-07,4808.9600,4912.6401,4768.0000,4870.3999,11241,4870.3999
2008-01-08,4911.3599,4948.4800,4887.0400,4915.2002,8122,4915.2002
2008-01-09,5024.0000,5039.3599,4967.6802,5024.0000,12543,5024.0000
2008-01-10,5024.0000,5130.2402,4948.4800,5121.2798,11288,5121.2798
2008-01-11,5136.6401,5199.3599,5008.6401,5041.9199,10729,5041.9199
2008-01-14,5228.7998,5245.4399,5095.6802,5168.6401,10610,5168.6401
2008-01-15,5128.9600,5139.2002,4998.3999,5044.4800,7602,5044.4800
2008-01-16,5086.7202,5103.3599,5011.2002,5027.8398,7119,5027.8398
2008-01-17,4981.7598,5048.3198,4928.0000,4985.6001,5637,4985.6001
2008-01-18,5089.2798,5089.2798,4915.2002,4915.2002,4695,4915.2002
2008-01-22,4817.9199,4878.0801,4741.1201,4753.9199,9151,4753.9199
2008-01-23,4779.5200,4794.8799,4702.7202,4759.0400,7355,4759.0400
2008-01-24,4779.5200,4881.9199,4770.5601,4881.9199,6813,4881.9199
2008-01-25,4885.7598,4972.7998,4866.5601,4951.0400,7021,4951.0400
2008-01-28,4962.5601,5040.6401,4921.6001,5040.6401,3806,5040.6401
2008-01-29,4976.6401,4997.1201,4902.3999,4966.3999,3913,4966.3999
2008-01-30,5058.5601,5068.7998,4976.6401,5025.2798,4745,5025.2798
2008-01-31,5016.3198,5057.2798,4958.7202,5027.8398,5782,5027.8398
2008-02-01,4948.4800,4953.6001,4823.0400,4823.0400,7961,4823.0400
2008-02-04,4768.0000,4999.6802,4747.5200,4912.6401,8418,4912.6401
2008-02-05,4943.3599,4999.6802,4925.4399,4975.3599,8341,4975.3599
2008-02-06,5017.6001,5034.2402,4947.2002,4986.8799,5460,4986.8799
2008-02-07,5020.1602,5107.2002,4977.9199,5107.2002,6560,5107.2002
2008-02-08,5061.1201,5231.3599,5056.0000,5184.0000,8253,5184.0000
2008-02-11,5294.0801,5383.6802,5265.9199,5328.6401,16744,5328.6401
2008-02-12,5327.3599,5378.5601,5216.0000,5231.3599,12452,5231.3599
2008-02-13,5237.7598,5340.1602,5210.8799,5250.5601,3266,5250.5601
2008-02-14,5312.0000,5488.6401,5310.7202,5461.7598,10614,5461.7598
2008-02-15,5493.7598,5493.7598,5390.0801,5423.3599,7659,5423.3599
2008-02-19,5561.6001,5612.7998,5553.9199,5601.2798,7145,5601.2798
2008-02-20,5638.3999,5647.3599,5556.4800,5576.9600,8169,5576.9600
2008-02-21,5580.7998,5635.8398,5527.0400,5539.8398,13191,5539.8398
2008-02-22,5507.8398,5783.0400,5492.4800,5783.0400,14695,5783.0400
2008-02-25,5799.6802,5849.6001,5656.3198,5747.2002,10332,5747.2002
2008-02-26,5790.7202,5850.8799,5717.7598,5742.0801,10722,5742.0801
2008-02-27,5702.3999,5740.7998,5603.8398,5640.9600,5730,5640.9600
2008-02-28,5740.7998,5925.1201,5728.0000,5889.2798,8159,5889.2798
2008-02-29,5875.2002,5888.0000,5809.9199,5834.2402,4023,5834.2402
2008-03-03,5857.2798,5990.3999,5784.3198,5815.0400,8630,5815.0400
2008-03-04,5859.8398,5922.5601,5804.7998,5838.0801,9753,5838.0801
2008-03-05,5949.4399,6159.3599,5911.0400,6092.7998,12625,6092.7998
2008-03-06,6067.2002,6144.0000,6018.5601,6092.7998,8934,6092.7998
2008-03-07,6210.5601,6238.7202,6045.4399,6108.1602,9552,6108.1602
2008-03-10,6080.0000,6275.8398,6007.0400,6259.2002,8449,6259.2002
2008-03-11,6199.0400,6311.6802,6146.5601,6246.3999,9800,6246.3999
2008-03-12,6213.1201,6272.0000,6140.1602,6257.9199,8816,6257.9199
2008-03-13,6261.7598,6415.3599,6254.0801,6415.3599,10579,6415.3599
2008-03-14,6400.0000,6415.3599,6067.2002,6195.2002,10416,6195.2002
2008-03-17,5976.3198,6091.5200,5652.4800,5758.7202,18110,5758.7202
2008-03-18,5731.8398,5913.6001,5684.4800,5913.6001,8679,5913.6001
2008-03-19,5775.3599,5804.7998,5607.6802,5612.7998,16384,5612.7998
2008-03-20,5465.6001,5753.6001,5312.0000,5675.5200,15793,5675.5200
2008-03-24,5703.6802,5895.6802,5689.6001,5831.6802,4704,5831.6802
2008-03-25,5864.9600,5922.5601,5797.1201,5886.7202,7227,5886.7202
2008-03-26,5902.0801,6026.2402,5888.0000,5982.7202,5680,5982.7202
2008-03-27,5893.1201,6037.7598,5836.7998,5981.4399,4402,5981.4399
2008-03-28,6033.9199,6083.8398,5978.8799,6078.7202,4293,6078.7202
2008-03-31,6197.7598,6306.5601,6169.6001,6208.0000,11201,6208.0000
2008-04-01,6112.0000,6169.6001,5920.0000,5949.4399,11361,5949.4399
2008-04-02,5900.7998,6150.3999,5806.0801,6077.4399,8120,6077.4399
2008-04-03,5991.6802,6054.3999,5789.4399,5813.7598,11518,5813.7598
2008-04-04,5868.7998,5876.4800,5751.0400,5765.1201,6556,5765.1201
2008-04-07,5920.0000,6072.3198,5913.6001,5984.0000,8095,5984.0000
2008-04-08,6076.1602,6144.0000,5949.4399,6007.0400,6841,6007.0400
2008-04-09,6178.5601,6277.1201,6156.7998,6243.8398,10566,6243.8398
2008-04-10,6319.3599,6375.6802,6176.0000,6201.6001,10937,6201.6001
2008-04-11,6164.4800,6192.6401,6073.6001,6131.2002,5373,6131.2002
2008-04-14,6140.1602,6237.4399,6072.3198,6225.9199,5659,6225.9199
2008-04-15,6329.6001,6344.9600,6284.7998,6329.6001,9025,6329.6001
2008-04-16,6323.2002,6481.9199,6227.2002,6457.6001,11068,6457.6001
2008-04-17,6429.4399,6517.7598,6391.0400,6414.0801,5516,6414.0801
2008-04-18,6393.6001,6603.5200,6338.5601,6603.5200,8231,6603.5200
2008-04-21,6561.2798,6670.0801,6516.4800,6643.2002,8845,6643.2002
2008-04-22,6631.6802,6684.1602,6557.4399,6566.3999,11666,6566.3999
2008-04-23,6506.2402,6744.3198,6478.0801,6735.3599,7702,6735.3599
2008-04-24,6648.3198,6803.2002,6583.0400,6694.3999,17299,6694.3999
2008-04-25,6758.3999,6835.2002,6750.7202,6805.7598,4398,6805.7598
2008-04-28,6901.7598,7047.6802,6863.3599,6910.7202,6145,6910.7202
2008-04-29,6784.0000,6823.6802,6593.2798,6593.2798,10352,6593.2798
2008-04-30,6668.7998,6698.2402,6535.6802,6689.2798,9012,6689.2798
2008-05-01,6589.4399,6607.3599,6336.0000,6475.5200,11365,6475.5200
2008-05-02,6446.0801,6617.6001,6444.7998,6585.6001,6390,6585.6001
2008-05-05,6722.5601,6877.4399,6707.2002,6868.4800,6759,6868.4800
2008-05-06,6901.7598,6963.2002,6784.0000,6784.0000,6362,6784.0000
2008-05-07,6836.4800,6978.5601,6784.0000,6944.0000,10323,6944.0000
2008-05-08,6972.1602,7040.0000,6854.3999,6923.5200,12972,6923.5200
2008-05-09,7015.6802,7123.2002,6946.5601,7123.2002,11902,7123.2002
2008-05-12,7036.1602,7110.3999,6897.9199,6909.4399,7722,6909.4399
2008-05-13,6895.3599,7142.3999,6883.8398,6999.0400,11258,6999.0400
2008-05-14,7169.2798,7183.3599,7074.5601,7074.5601,9931,7074.5601
2008-05-15,7151.3599,7182.0801,6837.7598,6988.7998,16781,6988.7998
2008-05-16,7066.8799,7084.7998,6784.0000,6816.0000,16913,6816.0000
2008-05-19,6831.3599,6913.2798,6662.3999,6708.4800,11645,6708.4800
2008-05-20,6848.0000,7027.2002,6816.0000,7006.7202,15505,7006.7202
2008-05-21,7014.3999,7180.7998,6965.7598,7179.5200,19885,7179.5200
2008-05-22,7123.2002,7253.7598,6997.7598,7136.0000,18667,7136.0000
2008-05-23,7235.8398,7281.9199,7123.2002,7219.2002,13165,7219.2002
2008-05-27,7281.9199,7347.2002,7136.0000,7136.0000,13905,7136.0000
2008-05-28,7171.8398,7320.3198,7153.9199,7279.3599,7289,7279.3599
2008-05-29,7157.7598,7266.5601,6914.5601,6932.4800,20327,6932.4800
2008-05-30,7032.3198,7121.9199,7000.3198,7120.6401,8114,7120.6401
2008-06-02,7208.9600,7377.9199,7168.0000,7257.6001,14420,7257.6001
2008-06-03,7436.7998,7479.0400,7360.0000,7411.2002,13644,7411.2002
2008-06-04,7352.3198,7543.0400,7334.3999,7520.0000,16612,7520.0000
2008-06-05,7555.8398,7581.4399,7443.2002,7575.0400,14074,7575.0400
2008-06-06,7733.7598,7751.6802,7641.6001,7692.7998,26105,7692.7998
2008-06-09,7621.1201,7755.5200,7590.3999,7599.3599,11204,7599.3599
2008-06-10,7640.3198,7690.2402,7485.4399,7545.6001,20077,7545.6001
2008-06-11,7641.6001,7731.2002,7632.6401,7691.5200,14461,7691.5200
2008-06-12,7598.0801,7799.0400,7591.6802,7755.5200,14394,7755.5200
2008-06-13,7631.3599,7692.7998,7610.8799,7654.3999,9455,7654.3999
2008-06-16,7813.1201,7896.3198,7765.7598,7851.5200,11218,7851.5200
2008-06-17,7872.0000,7889.9199,7769.6001,7810.5601,19385,7810.5601
2008-06-18,7918.0801,8049.9199,7900.1602,8049.9199,15408,8049.9199
2008-06-19,8064.0000,8083.2002,7655.6802,7800.3198,40559,7800.3198
2008-06-20,7937.2798,7997.4399,7866.8799,7889.9199,14115,7889.9199
2008-06-23,7932.1602,8044.7998,7923.2002,8044.7998,10595,8044.7998
2008-06-24,7898.8799,7965.4399,7820.7998,7921.9199,10449,7921.9199
2008-06-25,7770.8799,7786.2402,7659.5200,7704.3198,12365,7704.3198
2008-06-26,7697.9199,7987.2002,7584.0000,7960.3198,20456,7960.3198
2008-06-27,8021.7598,8064.0000,7921.9199,7987.2002,11286,7987.2002
2008-06-30,8060.1602,8060.1602,7936.0000,8060.1602,8087,8060.1602
2008-07-01,8152.3198,8177.9199,8076.7998,8125.4399,8509,8125.4399
2008-07-02,8110.0801,8151.0400,7932.1602,8067.8398,17582,8067.8398
2008-07-03,8028.1602,8106.2402,7998.7202,8106.2402,8052,8106.2402
2008-07-07,7896.3198,7914.2402,7667.2002,7758.0801,21361,7758.0801
2008-07-08,7544.3198,7578.8799,7381.7598,7393.2798,35751,7393.2798
2008-07-09,7386.8799,7502.0801,7150.0801,7169.2798,37768,7169.2798
2008-07-10,7298.5601,7476.4800,7151.3599,7458.5601,28509,7458.5601
2008-07-11,7496.9600,7526.3999,7102.7202,7123.2002,32040,7123.2002
2008-07-14,7165.4399,7293.4399,7120.6401,7156.4800,22399,7156.4800
2008-07-15,7238.3999,7257.6001,6836.4800,6886.3999,29458,6886.3999
2008-07-16,6817.2798,6880.0000,6679.0400,6880.0000,19498,6880.0000
2008-07-17,6799.3599,6845.4399,6286.0801,6397.4399,48783,6397.4399
2008-07-18,6346.2402,6481.9199,6314.2402,6425.6001,23242,6425.6001
2008-07-21,6330.8799,6373.1201,6209.2798,6373.1201,30305,6373.1201
2008-07-22,6088.9600,6142.7202,5946.8799,6073.6001,48988,6073.6001
2008-07-23,6028.7998,6197.7598,5803.5200,5848.3198,50230,5848.3198
2008-07-24,5857.2798,5868.7998,5337.6001,5533.4399,139238,5533.4399
2008-07-25,5614.0801,5661.4399,5388.7998,5427.2002,48878,5427.2002
2008-07-28,5515.5200,5536.0000,5433.6001,5466.8799,47851,5466.8799
2008-07-29,5433.6001,5530.8799,5344.0000,5443.8398,54159,5443.8398
2008-07-30,5355.5200,5579.5200,5254.3999,5553.9199,81842,5553.9199
2008-07-31,5482.2402,5584.6401,5401.6001,5452.7998,64409,5452.7998
2008-08-01,5410.5601,5646.0801,5408.0000,5607.6802,47731,5607.6802
2008-08-04,5424.6401,5445.1201,5146.8799,5187.8398,63820,5187.8398
2008-08-05,5132.7998,5350.3999,5113.6001,5182.7202,63726,5182.7202
2008-08-06,5191.6802,5355.5200,5146.8799,5256.9600,42353,5256.9600
2008-08-07,5281.2798,5424.6401,5071.3599,5122.5601,56213,5122.5601
2008-08-08,5052.1602,5071.3599,4887.0400,4965.1201,65082,4965.1201
2008-08-11,4985.6001,5064.9600,4872.9600,5026.5601,38396,5026.5601
2008-08-12,5022.7202,5049.6001,4921.6001,4997.1201,43722,4997.1201
2008-08-13,4912.6401,5213.4399,4808.9600,5079.0400,82005,5079.0400
2008-08-14,5049.6001,5108.4800,4736.0000,4857.6001,90475,4857.6001
2008-08-15,4828.1602,4913.9199,4750.0801,4835.8398,63556,4835.8398
2008-08-18,4753.9199,4816.6401,4651.5200,4688.6401,77841,4688.6401
2008-08-19,4728.3198,4866.5601,4695.0400,4780.7998,72021,4780.7998
2008-08-20,4839.6802,4866.5601,4733.4399,4860.1602,57226,4860.1602
2008-08-21,4885.7598,5009.9199,4805.1201,4972.7998,96429,4972.7998
2008-08-22,4894.7202,4915.2002,4654.0801,4684.7998,59795,4684.7998
2008-08-25,4628.4800,4704.0000,4565.7598,4682.2402,81848,4682.2402
2008-08-26,4956.1602,5006.0801,4906.2402,4929.2798,94580,4929.2798
2008-08-27,5199.3599,5208.3198,4980.4800,5059.8398,108250,5059.8398
2008-08-28,5104.6401,5109.7598,4567.0400,4743.6802,243135,4743.6802
2008-08-29,4876.7998,4910.0801,4680.9600,4705.2798,84782,4705.2798
2008-09-02,4389.1201,4433.9199,4262.3999,4281.6001,172179,4281.6001
2008-09-03,4179.2002,4313.6001,4153.6001,4308.4800,119711,4308.4800
2008-09-04,4229.1201,4352.0000,4134.3999,4349.4399,110270,4349.4399
2008-09-05,4401.9199,4418.5601,4258.5601,4386.5601,83305,4386.5601
2008-09-08,4462.0801,4526.0801,4377.6001,4472.3198,68551,4472.3198
2008-09-09,4247.0400,4503.0400,4226.5601,4384.0000,95102,4384.0000
2008-09-10,4401.9199,4471.0400,4275.2002,4354.5601,60441,4354.5601
2008-09-11,4454.3999,4462.0801,4226.5601,4258.5601,51541,4258.5601
2008-09-12,4348.1602,4522.2402,4317.4399,4369.9199,71909,4369.9199
2008-09-15,4250.8799,4615.6802,4198.3999,4352.0000,62298,4352.0000
2008-09-16,4279.0400,4328.9600,4204.7998,4290.5601,46546,4290.5601
2008-09-17,4427.5200,4692.4800,4409.6001,4640.0000,94453,4640.0000
2008-09-18,4744.9600,4788.4800,4391.6802,4483.8398,108101,4483.8398
2008-09-19,4569.6001,4586.2402,4399.3599,4473.6001,61919,4473.6001
2008-09-22,4404.4800,4577.2798,4390.3999,4545.2798,59763,4545.2798
2008-09-23,4620.7998,4704.0000,4584.9600,4665.6001,52775,4665.6001
2008-09-24,4659.2002,4684.7998,4460.7998,4499.2002,39193,4499.2002
2008-09-25,4432.6401,4641.2798,4373.7598,4528.6401,44597,4528.6401
2008-09-26,4353.2798,4409.6001,4288.0000,4354.5601,42734,4354.5601
2008-09-29,4128.0000,4192.0000,3993.6001,4070.3999,56232,4070.3999
2008-09-30,4158.7202,4268.7998,4144.6401,4264.9600,23802,4264.9600
2008-10-01,4262.3999,4512.0000,4250.8799,4426.2402,46939,4426.2402
2008-10-02,4450.5601,4450.5601,4229.1201,4234.2402,36505,4234.2402
2008-10-03,4167.6802,4254.7202,4166.3999,4197.1201,21681,4197.1201
2008-10-06,4017.9199,4053.7600,3875.8401,3966.7200,46112,3966.7200
2008-10-07,3964.1599,3991.0400,3828.4800,3846.3999,29963,3846.3999
2008-10-08,3741.4399,3883.5200,3728.6399,3828.4800,47468,3828.4800
2008-10-09,3831.0400,3897.6001,3776.0000,3848.9600,33460,3848.9600
2008-10-10,3733.7600,3845.1201,3705.6001,3773.4399,42683,3773.4399
2008-10-13,3809.2800,3856.6399,3760.6399,3805.4399,25159,3805.4399
2008-10-14,3869.4399,3886.0801,3782.3999,3870.7200,32378,3870.7200
2008-10-15,3797.7600,3815.6799,3735.0400,3737.6001,24075,3737.6001
2008-10-16,3768.3201,3888.6399,3758.0801,3852.8000,39561,3852.8000
2008-10-17,3852.8000,3970.5601,3842.5601,3927.0400,38858,3927.0400
2008-10-20,3988.4800,4020.4800,3797.7600,3840.0000,34921,3840.0000
2008-10-21,3832.3201,3909.1201,3795.2000,3893.7600,26391,3893.7600
2008-10-22,3900.1599,3919.3601,3795.2000,3799.0400,26258,3799.0400
2008-10-23,3779.8401,3790.0801,3603.2000,3609.6001,37491,3609.6001
2008-10-24,3502.0801,3580.1599,3500.8000,3520.0000,18921,3520.0000
2008-10-27,3486.7200,3513.6001,3434.2400,3461.1201,22717,3461.1201
2008-10-28,3498.2400,3580.1599,3449.6001,3552.0000,20344,3552.0000
2008-10-29,3658.2400,3806.7200,3617.2800,3806.7200,29530,3806.7200
2008-10-30,3737.6001,3760.6399,3479.0400,3558.3999,37906,3558.3999
2008-10-31,3536.6399,3735.0400,3525.1201,3699.2000,28579,3699.2000
2008-11-03,3617.2800,3755.5200,3571.2000,3745.2800,19534,3745.2800
2008-11-04,3865.6001,4021.7600,3851.5200,3968.0000,46497,3968.0000
2008-11-05,3904.0000,4017.9199,3884.8000,3952.6399,23952,3952.6399
2008-11-06,3927.0400,3952.6399,3747.8401,3786.2400,31405,3786.2400
2008-11-07,3737.6001,3749.1201,3685.1201,3718.3999,16902,3718.3999
2008-11-10,3957.7600,3980.8000,3854.0801,3948.8000,22173,3948.8000
2008-11-11,3886.0801,3897.6001,3653.1201,3680.0000,23273,3680.0000
2008-11-12,3603.2000,3623.6799,3482.8799,3488.0000,17497,3488.0000
2008-11-13,3485.4399,3555.8401,3335.6799,3520.0000,24035,3520.0000
2008-11-14,3438.0801,3485.4399,3329.2800,3485.4399,28002,3485.4399
2008-11-17,3494.3999,3571.2000,3481.6001,3564.8000,16030,3564.8000
2008-11-18,3568.6399,3630.0801,3477.7600,3525.1201,14537,3525.1201
2008-11-19,3595.5200,3673.6001,3581.4399,3623.6799,18942,3623.6799
2008-11-20,3494.3999,3537.9199,3328.0000,3394.5601,21966,3394.5601
2008-11-21,3473.9199,3531.5200,3430.3999,3499.5200,17998,3499.5200
2008-11-24,3580.1599,3668.4800,3541.7600,3648.0000,18355,3648.0000
2008-11-25,3518.7200,3526.3999,3394.5601,3417.6001,35805,3417.6001
2008-11-26,3449.6001,3727.3601,3389.4399,3628.8000,55956,3628.8000
2008-11-28,3520.0000,3531.5200,3356.1599,3449.6001,22128,3449.6001
2008-12-01,3443.2000,3568.6399,3403.5200,3498.2400,28734,3498.2400
2008-12-02,3536.6399,3549.4399,3399.6799,3441.9199,27077,3441.9199
2008-12-03,3403.5200,3461.1201,3354.8799,3398.3999,20303,3398.3999
2008-12-04,3380.4800,3427.8401,3184.6399,3203.8401,51928,3203.8401
2008-12-05,3111.6799,3133.4399,3047.6799,3070.7200,26288,3070.7200
2008-12-08,2997.7600,3069.4399,2931.2000,2978.5601,46531,2978.5601
2008-12-09,2969.6001,3034.8799,2918.3999,3001.6001,32873,3001.6001
2008-12-10,3000.3201,3095.0400,2972.1599,3031.0400,39467,3031.0400
2008-12-11,3056.6399,3086.0801,2946.5601,2968.3201,64130,2968.3201
2008-12-12,2944.0000,2976.0000,2928.6399,2950.3999,19708,2950.3999
2008-12-15,3069.4399,3086.0801,2984.9600,3031.0400,17516,3031.0400
2008-12-16,3091.2000,3104.0000,3033.6001,3091.2000,19295,3091.2000
2008-12-17,3079.6799,3097.6001,2937.6001,3016.9600,23491,3016.9600
2008-12-18,2987.5200,3069.4399,2944.0000,2970.8799,29174,2970.8799
2008-12-19,3008.0000,3047.6799,2827.5200,2850.5601,36445,2850.5601
2008-12-22,2841.6001,2863.3601,2780.1599,2863.3601,26216,2863.3601
2008-12-23,2863.3601,3136.0000,2863.3601,3070.7200,42475,3070.7200
2008-12-24,2996.4800,3104.0000,2940.1599,3092.4800,16719,3092.4800
2008-12-26,3098.8799,3106.5601,3054.0801,3078.3999,11058,3078.3999
2008-12-29,3183.3601,3230.7200,3144.9600,3224.3201,19902,3224.3201
2008-12-30,3144.9600,3146.2400,3066.8799,3101.4399,11421,3101.4399
2008-12-31,3033.6001,3033.6001,2906.8799,2965.7600,37924,2965.7600
2009-01-02,2978.5601,3219.2000,2973.4399,3175.6799,28977,3175.6799
2009-01-05,3111.6799,3253.7600,3086.0801,3229.4399,31891,3229.4399
2009-01-06,3270.3999,3306.2400,3110.3999,3178.2400,43006,3178.2400
2009-01-07,3130.8799,3144.9600,3066.8799,3110.3999,19216,3110.3999
2009-01-08,3141.1201,3148.8000,2945.2800,2964.4800,37385,2964.4800
2009-01-09,2926.0801,2944.0000,2878.7200,2924.8000,28370,2924.8000
2009-01-12,2864.6399,2986.2400,2864.6399,2932.4800,27586,2932.4800
2009-01-13,2837.7600,2863.3601,2735.3601,2759.6799,48277,2759.6799
2009-01-14,2712.3201,2716.1599,2622.7200,2630.3999,33892,2630.3999
2009-01-15,2612.4800,2612.4800,2512.6399,2589.4399,42913,2589.4399
2009-01-16,2583.0400,2608.6399,2508.8000,2538.2400,24702,2538.2400
2009-01-20,2508.8000,2521.6001,2442.2400,2467.8401,21493,2467.8401
2009-01-21,2533.1201,2556.1599,2421.7600,2528.0000,19354,2528.0000
2009-01-22,2401.2800,2488.3201,2369.2800,2464.0000,31547,2464.0000
2009-01-23,2432.0000,2467.8401,2341.1201,2366.7200,47738,2366.7200
2009-01-26,2360.3201,2432.0000,2319.3601,2356.4800,38674,2356.4800
2009-01-27,2394.8799,2397.4399,2341.1201,2348.8000,20948,2348.8000
2009-01-28,2391.0400,2397.4399,2309.1201,2353.9199,40811,2353.9199
2009-01-29,2370.5601,2461.4399,2337.2800,2417.9199,67049,2417.9199
2009-01-30,2432.0000,2435.8401,2314.2400,2320.6399,46491,2320.6399
2009-02-02,2297.6001,2469.1201,2287.3601,2426.8799,41905,2426.8799
2009-02-03,2438.3999,2453.7600,2312.9600,2382.0801,53135,2382.0801
2009-02-04,2405.1201,2496.0000,2401.2800,2444.8000,42463,2444.8000
2009-02-05,2446.0801,2510.0801,2385.9199,2461.4399,38355,2461.4399
2009-02-06,2405.1201,2545.9199,2400.0000,2543.3601,31128,2543.3601
2009-02-09,2515.2000,2583.0400,2507.5200,2548.4800,32627,2548.4800
2009-02-10,2562.5601,2565.1201,2396.1599,2396.1599,28780,2396.1599
2009-02-11,2426.8799,2508.8000,2352.6399,2417.9199,26780,2417.9199
2009-02-12,2414.0801,2414.0801,2320.6399,2376.9600,21880,2376.9600
2009-02-13,2353.9199,2360.3201,2321.9199,2344.9600,11420,2344.9600
2009-02-17,2257.9199,2257.9199,2199.0400,2199.0400,20755,2199.0400
2009-02-18,2199.0400,2251.5200,2170.8799,2229.7600,33052,2229.7600
2009-02-19,2210.5601,2223.3601,2114.5601,2154.2400,34319,2154.2400
2009-02-20,2129.9199,2135.0400,2100.4800,2119.6799,17340,2119.6799
2009-02-23,2191.3601,2195.2000,2122.2400,2154.2400,19580,2154.2400
2009-02-24,2168.3201,2216.9600,2131.2000,2214.3999,19304,2214.3999
2009-02-25,2199.0400,2200.3201,2105.6001,2126.0801,32479,2126.0801
2009-02-26,2135.0400,2173.4399,2113.2800,2160.6399,41051,2160.6399
2009-02-27,2085.1201,2259.2000,2063.3601,2216.9600,64869,2216.9600
2009-03-02,2261.7600,2282.2400,2136.3201,2178.5601,30533,2178.5601
2009-03-03,2250.2400,2273.2800,2200.3201,2265.6001,20846,2265.6001
2009-03-04,2214.3999,2289.9199,2181.1201,2279.6799,30802,2279.6799
2009-03-05,2282.2400,2297.6001,2138.8799,2140.1599,27663,2140.1599
2009-03-06,2119.6799,2135.0400,2063.3601,2072.3201,23776,2072.3201
2009-03-09,2044.1600,2085.1201,2008.3199,2024.9600,28471,2024.9600
2009-03-10,2027.5200,2082.5601,2005.7600,2028.8000,28217,2028.8000
2009-03-11,2046.7200,2058.2400,1996.8000,2003.2000,23410,2003.2000
2009-03-12,1992.9600,2119.6799,1986.5601,2119.6799,44038,2119.6799
2009-03-13,2063.3601,2123.5200,2056.9600,2067.2000,28227,2067.2000
2009-03-16,2023.6801,2080.0000,1987.8400,2036.4800,39198,2036.4800
2009-03-17,2018.5601,2033.9200,1984.0000,2012.1600,34575,2012.1600
2009-03-18,2009.6000,2012.1600,1939.2000,1949.4399,57738,1949.4399
2009-03-19,1966.0800,2365.4399,1943.0400,2209.2800,147218,2209.2800
2009-03-20,2182.3999,2275.8401,2168.3201,2220.8000,66256,2220.8000
2009-03-23,2246.3999,2287.3601,2240.0000,2279.6799,44947,2279.6799
2009-03-24,2228.4800,2310.3999,2214.3999,2297.6001,35792,2297.6001
2009-03-25,2255.3601,2297.6001,2237.4399,2272.0000,41942,2272.0000
2009-03-26,2257.9199,2268.1599,2054.3999,2077.4399,112517,2077.4399
2009-03-27,2007.0400,2017.2800,1926.4000,1940.4800,107209,1940.4800
2009-03-30,1930.2400,1960.9600,1914.8800,1945.6000,38815,1945.6000
2009-03-31,1944.3199,1958.4000,1880.3199,1945.6000,50499,1945.6000
2009-04-01,1900.8000,1936.6400,1875.2000,1895.6801,55374,1895.6801
2009-04-02,1953.2800,2008.3199,1881.6000,1946.8800,97888,1946.8800
2009-04-03,1935.3600,1977.6000,1918.7200,1960.9600,43316,1960.9600
2009-04-06,1927.6801,1943.0400,1893.1200,1928.9600,38777,1928.9600
2009-04-07,1881.6000,1884.1600,1836.8000,1845.7600,54875,1845.7600
2009-04-08,1852.1600,1889.2800,1841.9200,1885.4399,38028,1885.4399
2009-04-09,1905.9200,1967.3600,1836.8000,1857.2800,68495,1857.2800
2009-04-13,1821.4399,1890.5601,1812.4800,1868.8000,55776,1868.8000
2009-04-14,1867.5200,1920.0000,1854.7200,1911.0400,49930,1911.0400
2009-04-15,1888.0000,1931.5200,1871.3600,1898.2400,46155,1898.2400
2009-04-16,1867.5200,1895.6801,1829.1200,1848.3199,65747,1848.3199
2009-04-17,1853.4399,1948.1600,1841.9200,1926.4000,75192,1926.4000
2009-04-20,1854.7200,1863.6801,1820.1600,1829.1200,65705,1829.1200
2009-04-21,1786.8800,1826.5601,1783.0400,1806.0800,37213,1806.0800
2009-04-22,1815.0400,1821.4399,1798.4000,1804.8000,43489,1804.8000
2009-04-23,1788.1600,1792.0000,1738.2400,1740.8000,92416,1740.8000
2009-04-24,1747.2000,1761.2800,1679.3600,1679.3600,99164,1679.3600
2009-04-27,1637.1200,1685.7600,1629.4399,1676.8000,93289,1676.8000
2009-04-28,1694.7200,1719.0400,1661.4399,1715.2000,83207,1715.2000
2009-04-29,1728.0000,1745.9200,1665.2800,1665.2800,99875,1665.2800
2009-04-30,1640.9600,1698.5601,1624.3199,1680.6400,108570,1680.6400
2009-05-01,1699.8400,1785.6000,1697.2800,1762.5601,115004,1762.5601
2009-05-04,1756.1600,1861.1200,1754.8800,1857.2800,171895,1857.2800
2009-05-05,1816.3199,1840.6400,1779.2000,1798.4000,95395,1798.4000
2009-05-06,1882.8800,1943.0400,1862.4000,1941.7600,140278,1941.7600
2009-05-07,1980.1600,2076.1599,1900.8000,2076.1599,243018,2076.1599
2009-05-08,2088.9600,2170.8799,2039.0400,2167.0400,232489,2167.0400
2009-05-11,2165.7600,2165.7600,2086.3999,2132.4800,106425,2132.4800
2009-05-12,2200.3201,2237.4399,2127.3601,2234.8799,169129,2234.8799
2009-05-13,2205.4399,2246.3999,2097.9199,2103.0400,193125,2103.0400
2009-05-14,2080.0000,2160.6399,2048.0000,2135.0400,126096,2135.0400
2009-05-15,2081.2800,2112.0000,2032.6400,2049.2800,128820,2049.2800
2009-05-18,2081.2800,2105.6001,2037.7600,2069.7600,113578,2069.7600
2009-05-19,2024.9600,2030.0800,1923.8400,1945.6000,214173,1945.6000
2009-05-20,1945.6000,1998.0800,1935.3600,1989.1200,171295,1989.1200
2009-05-21,1932.8000,1935.3600,1792.0000,1807.3600,284913,1807.3600
2009-05-22,1753.6000,1784.3199,1740.8000,1753.6000,222745,1753.6000
2009-05-26,1703.6801,1767.6801,1701.1200,1766.4000,204109,1766.4000
2009-05-27,1749.7600,1774.0800,1715.2000,1756.1600,236929,1756.1600
2009-05-28,1757.4399,1921.2800,1735.6801,1908.4800,380395,1908.4800
2009-05-29,1971.2000,1976.3199,1836.8000,1868.8000,383523,1868.8000
2009-06-01,1968.6400,2056.9600,1943.0400,2042.8800,311018,2042.8800
2009-06-02,1999.3600,2032.6400,1964.8000,2000.6400,215471,2000.6400
2009-06-03,1925.1200,1926.4000,1792.0000,1830.4000,408534,1830.4000
2009-06-04,1838.0800,1868.8000,1715.2000,1864.9600,564939,1864.9600
2009-06-05,1831.6801,1914.8800,1797.1200,1866.2400,344423,1866.2400
2009-06-08,1809.9200,1831.6801,1779.2000,1808.6400,460780,1808.6400
2009-06-09,1809.9200,1820.1600,1766.4000,1813.7600,554709,1813.7600
2009-06-10,1817.6000,1830.4000,1771.5200,1797.1200,502996,1797.1200
2009-06-11,1790.7200,1962.2400,1786.8800,1894.4000,753477,1894.4000
2009-06-12,1854.7200,1917.4399,1848.3199,1877.7600,431270,1877.7600
2009-06-15,1923.8400,2018.5601,1882.8800,2010.8800,504155,2010.8800
2009-06-16,2081.2800,2081.2800,1955.8400,1982.7200,443178,1982.7200
2009-06-17,2014.7200,2048.0000,1962.2400,2032.6400,357955,2032.6400
2009-06-18,2036.4800,2042.8800,1957.1200,1957.1200,361416,1957.1200
2009-06-19,1981.4399,1991.6801,1922.5601,1940.4800,253539,1940.4800
2009-06-22,1927.6801,1937.9200,1840.6400,1875.2000,306687,1875.2000
2009-06-23,1868.8000,1877.7600,1824.0000,1853.4399,261594,1853.4399
2009-06-24,1800.9600,1831.6801,1785.6000,1800.9600,407699,1800.9600
2009-06-25,1839.3600,1882.8800,1802.2400,1863.6801,280859,1863.6801
2009-06-26,1829.1200,1899.5200,1807.3600,1893.1200,250403,1893.1200
2009-06-29,1843.2000,1854.7200,1811.2000,1817.6000,285919,1817.6000
2009-06-30,1780.4800,1793.2800,1751.0400,1775.3600,399551,1775.3600
2009-07-01,1744.6400,1792.0000,1736.9600,1751.0400,335179,1751.0400
2009-07-02,1713.9200,1749.7600,1661.4399,1678.0800,495084,1678.0800
2009-07-06,1578.2400,1638.4000,1575.6801,1607.6801,449305,1607.6801
2009-07-07,1600.0000,1619.2000,1559.0400,1559.0400,463053,1559.0400
2009-07-08,1562.8800,1578.2400,1550.0800,1561.6000,299257,1561.6000
2009-07-09,1591.0400,1617.9200,1556.4800,1598.7200,289934,1598.7200
2009-07-10,1582.0800,1596.1600,1574.4000,1574.4000,172336,1574.4000
2009-07-13,1551.3600,1561.6000,1524.4800,1539.8400,269816,1539.8400
2009-07-14,1592.3199,1608.9600,1579.5200,1606.4000,227976,1606.4000
2009-07-15,1616.6400,1617.9200,1561.6000,1569.2800,296488,1569.2800
2009-07-16,1588.4800,1703.6801,1580.8000,1681.9200,397323,1681.9200
2009-07-17,1692.1600,1742.0800,1671.6801,1684.4800,289300,1684.4800
2009-07-20,1685.7600,1724.1600,1629.4399,1696.0000,248477,1696.0000
2009-07-21,1702.4000,1728.0000,1681.9200,1707.5200,186365,1707.5200
2009-07-22,1693.4399,1788.1600,1693.4399,1766.4000,263728,1766.4000
2009-07-23,1760.0000,1792.0000,1648.6400,1648.6400,446981,1648.6400
2009-07-24,1666.5601,1717.7600,1665.2800,1706.2400,182684,1706.2400
2009-07-27,1671.6801,1702.4000,1665.2800,1689.6000,196469,1689.6000
2009-07-28,1672.9600,1683.2000,1626.8800,1651.2000,236927,1651.2000
2009-07-29,1637.1200,1638.4000,1576.9600,1597.4399,282405,1597.4399
2009-07-30,1603.8400,1687.0400,1593.6000,1671.6801,259748,1671.6801
2009-07-31,1638.4000,1680.6400,1624.3199,1647.3600,197408,1647.3600
2009-08-03,1724.1600,1804.8000,1722.8800,1797.1200,492032,1797.1200
2009-08-04,1768.9600,1808.6400,1731.8400,1760.0000,221130,1760.0000
2009-08-05,1777.9200,1816.3199,1766.4000,1797.1200,256135,1797.1200
2009-08-06,1797.1200,1800.9600,1687.0400,1689.6000,361496,1689.6000
2009-08-07,1720.3199,1739.5200,1667.8400,1680.6400,259577,1680.6400
2009-08-10,1690.8800,1711.3600,1661.4399,1674.2400,189277,1674.2400
2009-08-11,1648.6400,1662.7200,1638.4000,1642.2400,182920,1642.2400
2009-08-12,1635.8400,1653.7600,1598.7200,1612.8000,298502,1612.8000
2009-08-13,1602.5601,1670.4000,1593.6000,1596.1600,332364,1596.1600
2009-08-14,1616.6400,1628.1600,1587.2000,1598.7200,254467,1598.7200
2009-08-17,1594.8800,1597.4399,1550.0800,1551.3600,260837,1551.3600
2009-08-18,1553.9200,1562.8800,1537.2800,1544.9600,235619,1544.9600
2009-08-19,1542.4000,1561.6000,1536.0000,1537.2800,281180,1537.2800
2009-08-20,1547.5200,1568.0000,1461.7600,1473.2800,541542,1473.2800
2009-08-21,1465.6000,1502.7200,1445.1200,1452.8000,387759,1452.8000
2009-08-24,1480.9600,1509.1200,1456.6400,1496.3199,278463,1496.3199
2009-08-25,1501.4399,1507.8400,1475.8400,1484.8000,222108,1484.8000
2009-08-26,1493.7600,1493.7600,1469.4399,1486.0800,170336,1486.0800
2009-08-27,1469.4399,1489.9200,1452.8000,1473.2800,232291,1473.2800
2009-08-28,1470.7200,1475.8400,1424.6400,1424.6400,287518,1424.6400
2009-08-31,1406.7200,1409.2800,1350.4000,1372.1600,305012,1372.1600
2009-09-01,1356.8000,1374.7200,1312.0000,1314.5601,218213,1314.5601
2009-09-02,1297.9200,1309.4399,1200.6400,1209.6000,477133,1209.6000
2009-09-03,1192.9600,1207.0400,1144.3199,1153.2800,561680,1153.2800
2009-09-04,1162.2400,1236.4800,1158.4000,1221.1200,379839,1221.1200
2009-09-08,1265.9200,1331.2000,1237.7600,1315.8400,359149,1315.8400
2009-09-09,1368.3199,1393.9200,1292.8000,1292.8000,365709,1292.8000
2009-09-10,1308.1600,1438.7200,1280.0000,1431.0400,493055,1431.0400
2009-09-11,1442.5601,1455.3600,1344.0000,1355.5200,507446,1355.5200
2009-09-14,1320.9600,1404.1600,1309.4399,1388.8000,401498,1388.8000
2009-09-15,1427.2000,1457.9200,1401.6000,1420.8000,344174,1420.8000
2009-09-16,1455.3600,1520.6400,1437.4399,1504.0000,403080,1504.0000
2009-09-17,1511.6801,1536.0000,1442.5601,1443.8400,309109,1443.8400
2009-09-18,1482.2400,1501.4399,1441.2800,1489.9200,195483,1489.9200
2009-09-21,1469.4399,1478.4000,1440.0000,1440.0000,182376,1440.0000
2009-09-22,1470.7200,1475.8400,1433.6000,1459.2000,184894,1459.2000
2009-09-23,1486.0800,1510.4000,1460.4800,1495.0400,221084,1495.0400
2009-09-24,1496.3199,1532.1600,1465.6000,1532.1600,268273,1532.1600
2009-09-25,1521.9200,1539.8400,1498.8800,1532.1600,225905,1532.1600
2009-09-28,1510.4000,1529.6000,1495.0400,1509.1200,143824,1509.1200
2009-09-29,1466.8800,1548.8000,1459.2000,1506.5601,313365,1506.5601
2009-09-30,1500.1600,1527.0400,1491.2000,1502.7200,167245,1502.7200
2009-10-01,1448.9600,1466.8800,1409.2800,1410.5601,306734,1410.5601
2009-10-02,1422.0800,1470.7200,1413.1200,1457.9200,393191,1457.9200
2009-10-05,1507.8400,1548.8000,1500.1600,1548.8000,276114,1548.8000
2009-10-06,1551.3600,1564.1600,1497.6000,1511.6801,225813,1511.6801
2009-10-07,1560.3199,1561.6000,1504.0000,1529.6000,178377,1529.6000
2009-10-08,1538.5601,1560.3199,1498.8800,1537.2800,190579,1537.2800
2009-10-09,1534.7200,1536.0000,1482.2400,1483.5200,214766,1483.5200
2009-10-12,1511.6801,1536.0000,1510.4000,1512.9600,116427,1512.9600
2009-10-13,1460.4800,1472.0000,1440.0000,1447.6801,376398,1447.6801
2009-10-14,1454.0800,1455.3600,1402.8800,1408.0000,280382,1408.0000
2009-10-15,1424.6400,1443.8400,1400.3199,1436.1600,230338,1436.1600
2009-10-16,1452.8000,1511.6801,1446.4000,1480.9600,265088,1480.9600
2009-10-19,1477.1200,1515.5200,1465.6000,1488.6400,175193,1488.6400
2009-10-20,1534.7200,1544.9600,1518.0800,1529.6000,247380,1529.6000
2009-10-21,1532.1600,1547.5200,1493.7600,1497.6000,198846,1497.6000
2009-10-22,1497.6000,1515.5200,1457.9200,1472.0000,155831,1472.0000
2009-10-23,1474.5601,1475.8400,1429.7600,1445.1200,151427,1445.1200
2009-10-26,1393.9200,1401.6000,1376.0000,1376.0000,244010,1376.0000
2009-10-27,1382.4000,1391.3600,1369.6000,1384.9600,96889,1384.9600
2009-10-28,1383.6801,1384.9600,1318.4000,1324.8000,230825,1324.8000
2009-10-29,1319.6801,1340.1600,1308.1600,1337.6000,141541,1337.6000
2009-10-30,1354.2400,1372.1600,1295.3600,1314.5601,140495,1314.5601
2009-11-02,1299.2000,1304.3199,1263.3600,1274.8800,167526,1274.8800
2009-11-03,1267.2000,1295.3600,1263.3600,1287.6801,131489,1287.6801
2009-11-04,1274.8800,1287.6801,1242.8800,1251.8400,183952,1251.8400
2009-11-05,1250.5601,1278.7200,1236.4800,1262.0800,235244,1262.0800
2009-11-06,1232.6400,1239.0400,1205.7600,1219.8400,172847,1219.8400
2009-11-09,1210.8800,1232.6400,1201.9200,1228.8000,177230,1228.8000
2009-11-10,1189.1200,1195.5200,1175.0400,1181.4399,215218,1181.4399
2009-11-11,1198.0800,1203.2000,1178.8800,1184.0000,157417,1184.0000
2009-11-12,1176.3199,1180.1600,1154.5601,1158.4000,239531,1158.4000
2009-11-13,1163.5200,1175.0400,1152.0000,1159.6801,174429,1159.6801
2009-11-16,1176.3199,1212.1600,1168.6400,1203.2000,176757,1203.2000
2009-11-17,1210.8800,1213.4399,1185.2800,1189.1200,156855,1189.1200
2009-11-18,1166.0800,1171.2000,1141.7600,1149.4399,295095,1149.4399
2009-11-19,1144.3199,1152.0000,1125.1200,1144.3199,257902,1144.3199
2009-11-20,1127.6801,1157.1200,1126.4000,1150.7200,160555,1150.7200
2009-11-23,1172.4800,1189.1200,1145.6000,1157.1200,198145,1157.1200
2009-11-24,1140.4800,1176.3199,1136.6400,1153.2800,125371,1153.2800
2009-11-25,1184.0000,1233.9200,1180.1600,1223.6801,259900,1223.6801
2009-11-27,1177.6000,1258.2400,1171.2000,1258.2400,169677,1258.2400
2009-11-30,1187.8400,1201.9200,1169.9200,1171.2000,306358,1171.2000
2009-12-01,1153.2800,1181.4399,1141.7600,1157.1200,275622,1157.1200
2009-12-02,1150.7200,1150.7200,1102.0800,1113.6000,386550,1113.6000
2009-12-03,1103.3600,1111.0400,1088.0000,1089.2800,226460,1089.2800
2009-12-04,1117.4399,1126.4000,1098.2400,1105.9200,180744,1105.9200
2009-12-07,1150.7200,1194.2400,1148.1600,1180.1600,491067,1180.1600
2009-12-08,1199.3600,1218.5601,1182.7200,1200.6400,229184,1200.6400
2009-12-09,1210.8800,1219.8400,1163.5200,1166.0800,228802,1166.0800
2009-12-10,1172.4800,1262.0800,1168.6400,1248.0000,463106,1248.0000
2009-12-11,1251.8400,1271.0400,1217.2800,1224.9600,205070,1224.9600
2009-12-14,1262.0800,1276.1600,1233.9200,1258.2400,214502,1258.2400
2009-12-15,1278.7200,1306.8800,1272.3199,1299.2000,236825,1299.2000
2009-12-16,1300.4800,1309.4399,1278.7200,1287.6801,155520,1287.6801
2009-12-17,1305.6000,1382.4000,1305.6000,1338.8800,425613,1338.8800
2009-12-18,1370.8800,1374.7200,1345.2800,1359.3600,175683,1359.3600
2009-12-21,1344.0000,1349.1200,1324.8000,1326.0800,156975,1326.0800
2009-12-22,1313.2800,1350.4000,1305.6000,1342.7200,147238,1342.7200
2009-12-23,1326.0800,1369.6000,1323.5200,1369.6000,128662,1369.6000
2009-12-24,1381.1200,1388.8000,1319.6801,1320.9600,187182,1320.9600
2009-12-28,1386.2400,1390.0800,1369.6000,1388.8000,215791,1388.8000
2009-12-29,1386.2400,1386.2400,1349.1200,1354.2400,117540,1354.2400
2009-12-30,1355.5200,1372.1600,1319.6801,1324.8000,182699,1324.8000
2009-12-31,1350.4000,1356.8000,1277.4399,1290.2400,214360,1290.2400
2010-01-04,1351.6801,1364.4800,1331.2000,1361.9200,185932,1361.9200
2010-01-05,1349.1200,1352.9600,1304.3199,1320.9600,179730,1320.9600
2010-01-06,1355.5200,1401.6000,1350.4000,1386.2400,317573,1386.2400
2010-01-07,1373.4399,1402.8800,1336.3199,1358.0800,327612,1358.0800
2010-01-08,1318.4000,1335.0400,1315.8400,1332.4800,218385,1332.4800
2010-01-11,1286.4000,1296.6400,1251.8400,1271.0400,401244,1271.0400
2010-01-12,1282.5601,1299.2000,1273.6000,1292.8000,287500,1292.8000
2010-01-13,1273.6000,1338.8800,1262.0800,1326.0800,313285,1326.0800
2010-01-14,1333.7600,1341.4399,1273.6000,1291.5200,452695,1291.5200
2010-01-15,1306.8800,1324.8000,1304.3199,1310.7200,361260,1310.7200
2010-01-19,1280.0000,1313.2800,1263.3600,1291.5200,250230,1291.5200
2010-01-20,1276.1600,1281.2800,1267.2000,1269.7600,160966,1269.7600
2010-01-21,1296.6400,1314.5601,1267.2000,1290.2400,221193,1290.2400
2010-01-22,1323.5200,1345.2800,1313.2800,1324.8000,362094,1324.8000
2010-01-25,1309.4399,1341.4399,1305.6000,1312.0000,173473,1312.0000
2010-01-26,1274.8800,1285.1200,1251.8400,1259.5200,296373,1259.5200
2010-01-27,1235.2000,1237.7600,1203.2000,1214.7200,241828,1214.7200
2010-01-28,1201.9200,1213.4399,1180.1600,1201.9200,207835,1201.9200
2010-01-29,1222.4000,1223.6801,1182.7200,1191.6801,156930,1191.6801
2010-02-01,1239.0400,1260.8000,1235.2000,1254.4000,260912,1254.4000
2010-02-02,1258.2400,1282.5601,1246.7200,1263.3600,299446,1263.3600
2010-02-03,1280.0000,1287.6801,1251.8400,1256.9600,198159,1256.9600
2010-02-04,1256.9600,1265.9200,1213.4399,1258.2400,183716,1258.2400
2010-02-05,1291.5200,1296.6400,1248.0000,1280.0000,224996,1280.0000
2010-02-08,1299.2000,1305.6000,1250.5601,1255.6801,172589,1255.6801
2010-02-09,1246.7200,1249.2800,1221.1200,1231.3600,195596,1231.3600
2010-02-10,1239.0400,1241.6000,1216.0000,1230.0800,142576,1230.0800
2010-02-11,1245.4399,1251.8400,1224.9600,1245.4399,118862,1245.4399
2010-02-12,1244.1600,1283.8400,1218.5601,1262.0800,214040,1262.0800
2010-02-16,1273.6000,1280.0000,1232.6400,1245.4399,161382,1245.4399
2010-02-17,1227.5200,1253.1200,1227.5200,1242.8800,109917,1242.8800
2010-02-18,1235.2000,1240.3199,1194.2400,1205.7600,318570,1205.7600
2010-02-19,1176.3199,1185.2800,1168.6400,1176.3199,204642,1176.3199
2010-02-22,1149.4399,1153.2800,1132.8000,1153.2800,250650,1153.2800
2010-02-23,1134.0800,1175.0400,1121.2800,1126.4000,214573,1126.4000
2010-02-24,1144.3199,1148.1600,1122.5601,1135.3600,169230,1135.3600
2010-02-25,1118.7200,1128.9600,1104.6400,1113.6000,215537,1113.6000
2010-02-26,1121.2800,1127.6801,1105.9200,1113.6000,169586,1113.6000
2010-03-01,1117.4399,1131.5200,1086.7200,1091.8400,200078,1091.8400
2010-03-02,1100.8000,1104.6400,1082.8800,1098.2400,152881,1098.2400
2010-03-03,1099.5200,1113.6000,1098.2400,1107.2000,89035,1107.2000
2010-03-04,1108.4800,1111.0400,1059.8400,1066.2400,238965,1066.2400
2010-03-05,1068.8000,1071.3600,1061.1200,1068.8000,145725,1068.8000
2010-03-08,1045.7600,1058.5601,1038.0800,1057.2800,175152,1057.2800
2010-03-09,1062.4000,1066.2400,1040.6400,1048.3199,111742,1048.3199
2010-03-10,1038.0800,1066.2400,1035.5200,1066.2400,160191,1066.2400
2010-03-11,1048.3199,1059.8400,1027.8400,1031.6801,222341,1031.6801
2010-03-12,1035.5200,1036.8000,1017.6000,1020.1600,178716,1020.1600
2010-03-15,1017.6000,1034.2400,1013.7600,1021.4400,196171,1021.4400
2010-03-16,1015.0400,1015.0400,1004.8000,1011.2000,171000,1011.2000
2010-03-17,1000.9600,1002.2400,994.5600,994.5600,187871,994.5600
2010-03-18,992.0000,993.2800,940.8000,945.9200,383736,945.9200
2010-03-19,962.5600,966.4000,944.6400,962.5600,177096,962.5600
2010-03-22,940.8000,965.1200,939.5200,945.9200,149965,945.9200
2010-03-23,947.2000,986.8800,943.3600,957.4400,143089,957.4400
2010-03-24,944.6400,957.4400,943.3600,944.6400,104398,944.6400
2010-03-25,934.4000,935.6800,910.0800,916.4800,269565,916.4800
2010-03-26,916.4800,928.0000,896.0000,896.0000,166866,896.0000
2010-03-29,907.5200,920.3200,893.4400,899.8400,234276,899.8400
2010-03-30,883.2000,912.6400,881.9200,908.8000,172630,908.8000
2010-03-31,912.6400,916.4800,883.2000,884.4800,214431,884.4800
2010-04-01,884.4800,948.4800,872.9600,933.1200,406209,933.1200
2010-04-05,930.5600,980.4800,925.4400,980.4800,267109,980.4800
2010-04-06,967.6800,979.2000,929.2800,940.8000,303099,940.8000
2010-04-07,935.6800,945.9200,916.4800,916.4800,203407,916.4800
2010-04-08,907.5200,935.6800,881.9200,896.0000,322418,896.0000
2010-04-09,904.9600,936.9600,903.6800,931.8400,199352,931.8400
2010-04-12,928.0000,953.6000,898.5600,915.2000,336845,915.2000
2010-04-13,919.0400,951.0400,901.1200,944.6400,225519,944.6400
2010-04-14,952.3200,972.8000,948.4800,956.1600,188787,956.1600
2010-04-15,954.8800,962.5600,906.2400,915.2000,304834,915.2000
2010-04-16,917.7600,934.4000,908.8000,919.0400,214664,919.0400
2010-04-19,917.7600,928.0000,889.6000,903.6800,223694,903.6800
2010-04-20,893.4400,911.3600,885.7600,907.5200,165311,907.5200
2010-04-21,903.6800,921.6000,897.2800,906.2400,127138,906.2400
2010-04-22,901.1200,944.6400,896.0000,938.2400,168395,938.2400
2010-04-23,934.4000,983.0400,934.4000,970.2400,288478,970.2400
2010-04-26,965.1200,979.2000,951.0400,971.5200,181317,971.5200
2010-04-27,967.6800,977.9200,957.4400,965.1200,160802,965.1200
2010-04-28,971.5200,988.1600,960.0000,972.8000,174826,972.8000
2010-04-29,961.2800,961.2800,887.0400,894.7200,630773,894.7200
2010-04-30,894.7200,897.2800,869.1200,878.0800,277170,878.0800
2010-05-03,874.2400,896.0000,874.2400,893.4400,157353,893.4400
2010-05-04,892.1600,899.8400,884.4800,897.2800,148077,897.2800
2010-05-05,898.5600,901.1200,876.8000,888.3200,130597,888.3200
2010-05-06,883.2000,901.1200,860.1600,871.6800,306173,871.6800
2010-05-07,885.7600,901.1200,871.6800,890.8800,272080,890.8800
2010-05-10,925.4400,944.6400,916.4800,931.8400,283538,931.8400
2010-05-11,921.6000,942.0800,919.0400,928.0000,166025,928.0000
2010-05-12,940.8000,957.4400,936.9600,952.3200,251871,952.3200
2010-05-13,949.7600,984.3200,928.0000,961.2800,352813,961.2800
2010-05-14,961.2800,967.6800,948.4800,961.2800,126308,961.2800
2010-05-17,972.8000,981.7600,953.6000,976.6400,188587,976.6400
2010-05-18,992.0000,997.1200,957.4400,965.1200,240187,965.1200
2010-05-19,951.0400,956.1600,921.6000,925.4400,204855,925.4400
2010-05-20,911.3600,935.6800,902.4000,915.2000,256526,915.2000
2010-05-21,912.6400,928.0000,893.4400,899.8400,181716,899.8400
2010-05-24,893.4400,901.1200,883.2000,893.4400,175764,893.4400
2010-05-25,885.7600,906.2400,880.6400,901.1200,116778,901.1200
2010-05-26,915.2000,940.8000,908.8000,911.3600,184090,911.3600
2010-05-27,926.7200,940.8000,906.2400,938.2400,303953,938.2400
2010-05-28,940.8000,960.0000,933.1200,951.0400,182316,951.0400
2010-06-01,963.8400,965.1200,921.6000,921.6000,177914,921.6000
2010-06-02,936.9600,970.2400,929.2800,966.4000,236594,966.4000
2010-06-03,962.5600,1029.1200,958.7200,1025.2800,430258,1025.2800
2010-06-04,1026.5601,1084.1600,1022.7200,1047.0400,537619,1047.0400
2010-06-07,1041.9200,1077.7600,1040.6400,1075.2000,263383,1075.2000
2010-06-08,1062.4000,1068.8000,1035.5200,1047.0400,255822,1047.0400
2010-06-09,1043.2000,1049.6000,1017.6000,1021.4400,167090,1021.4400
2010-06-10,1032.9600,1048.3199,1009.9200,1022.7200,286797,1022.7200
2010-06-11,1036.8000,1050.8800,1026.5601,1045.7600,146877,1045.7600
2010-06-14,1075.2000,1098.2400,1059.8400,1094.4000,247626,1094.4000
2010-06-15,1111.0400,1131.5200,1102.0800,1130.2400,233139,1130.2400
2010-06-16,1111.0400,1112.3199,1082.8800,1086.7200,184943,1086.7200
2010-06-17,1112.3199,1127.6801,1086.7200,1117.4399,166441,1117.4399
2010-06-18,1108.4800,1116.1600,1088.0000,1091.8400,107710,1091.8400
2010-06-21,1116.1600,1126.4000,1049.6000,1056.0000,322208,1056.0000
2010-06-22,1047.0400,1050.8800,1020.1600,1039.3600,236670,1039.3600
2010-06-23,1045.7600,1062.4000,1039.3600,1043.2000,131227,1043.2000
2010-06-24,1050.8800,1057.2800,1024.0000,1032.9600,160905,1032.9600
2010-06-25,1044.4800,1064.9600,1043.2000,1063.6801,127603,1063.6801
2010-06-28,1027.8400,1039.3600,1020.1600,1021.4400,114370,1021.4400
2010-06-29,1002.2400,1006.0800,975.3600,981.7600,201290,981.7600
2010-06-30,980.4800,999.6800,977.9200,992.0000,142530,992.0000
2010-07-01,995.8400,1062.4000,989.4400,1039.3600,220505,1039.3600
2010-07-02,1041.9200,1044.4800,994.5600,1007.3600,173220,1007.3600
2010-07-06,1044.4800,1057.2800,1003.5200,1007.3600,145013,1007.3600
2010-07-07,1006.0800,1009.9200,983.0400,995.8400,169172,995.8400
2010-07-08,988.1600,992.0000,940.8000,951.0400,292859,951.0400
2010-07-09,948.4800,961.2800,943.3600,952.3200,99427,952.3200
2010-07-12,947.2000,958.7200,943.3600,947.2000,87091,947.2000
2010-07-13,960.0000,967.6800,934.4000,942.0800,120055,942.0800
2010-07-14,939.5200,944.6400,928.0000,931.8400,95479,931.8400
2010-07-15,931.8400,995.8400,925.4400,992.0000,234480,992.0000
2010-07-16,985.6000,988.1600,962.5600,974.0800,104049,974.0800
2010-07-19,974.0800,977.9200,960.0000,972.8000,107149,972.8000
2010-07-20,977.9200,990.7200,960.0000,990.7200,224639,990.7200
2010-07-21,998.4000,998.4000,963.8400,970.2400,97630,970.2400
2010-07-22,993.2800,1007.3600,981.7600,993.2800,155329,993.2800
2010-07-23,983.0400,995.8400,976.6400,980.4800,81082,980.4800
2010-07-26,968.9600,992.0000,966.4000,988.1600,78449,988.1600
2010-07-27,998.4000,1002.2400,985.6000,1000.9600,111360,1000.9600
2010-07-28,1032.9600,1047.0400,1007.3600,1009.9200,184473,1009.9200
2010-07-29,1036.8000,1049.6000,1015.0400,1038.0800,156502,1038.0800
2010-07-30,1035.5200,1062.4000,1030.4000,1057.2800,105915,1057.2800
2010-08-02,1052.1600,1053.4399,1007.3600,1015.0400,215615,1015.0400
2010-08-03,1027.8400,1038.0800,995.8400,1007.3600,119525,1007.3600
2010-08-04,999.6800,1024.0000,997.1200,1017.6000,88960,1017.6000
2010-08-05,1027.8400,1035.5200,981.7600,993.2800,201688,993.2800
2010-08-06,992.0000,993.2800,960.0000,968.9600,109695,968.9600
2010-08-09,967.6800,971.5200,919.0400,934.4000,251573,934.4000
2010-08-10,936.9600,940.8000,921.6000,929.2800,123794,929.2800
2010-08-11,929.2800,942.0800,920.3200,931.8400,84373,931.8400
2010-08-12,936.9600,938.2400,917.7600,925.4400,117845,925.4400
2010-08-13,926.7200,934.4000,920.3200,933.1200,75547,933.1200
2010-08-16,907.5200,913.9200,901.1200,911.3600,113279,911.3600
2010-08-17,903.6800,929.2800,901.1200,919.0400,87441,919.0400
2010-08-18,910.0800,921.6000,903.6800,912.6400,85635,912.6400
2010-08-19,916.4800,935.6800,893.4400,901.1200,199380,901.1200
2010-08-20,896.0000,899.8400,885.7600,889.6000,130608,889.6000
2010-08-23,874.2400,887.0400,869.1200,878.0800,152306,878.0800
2010-08-24,874.2400,875.5200,866.5600,871.6800,69984,871.6800
2010-08-25,851.2000,853.7600,826.8800,839.6800,365251,839.6800
2010-08-26,839.6800,840.9600,819.2000,825.6000,194804,825.6000
2010-08-27,820.4800,821.7600,792.3200,798.7200,275878,798.7200
2010-08-30,808.9600,830.7200,807.6800,819.2000,151784,819.2000
2010-08-31,811.5200,829.4400,798.7200,816.6400,99497,816.6400
2010-09-01,801.2800,830.7200,797.4400,802.5600,164146,802.5600
2010-09-02,802.5600,821.7600,791.0400,814.0800,207522,814.0800
2010-09-03,812.8000,844.8000,810.2400,837.1200,175714,837.1200
2010-09-07,823.0400,835.8400,816.6400,826.8800,118028,826.8800
2010-09-08,819.2000,829.4400,814.0800,816.6400,111366,816.6400
2010-09-09,816.6400,821.7600,793.6000,811.5200,197527,811.5200
2010-09-10,824.3200,843.5200,820.4800,830.7200,169911,830.7200
2010-09-13,846.0800,848.6400,829.4400,842.2400,130125,842.2400
2010-09-14,855.0400,857.6000,823.0400,844.8000,171883,844.8000
2010-09-15,857.6000,866.5600,848.6400,855.0400,110552,855.0400
2010-09-16,862.7200,879.3600,824.3200,864.0000,296113,864.0000
2010-09-17,867.8400,871.6800,849.9200,855.0400,111677,855.0400
2010-09-20,832.0000,833.2800,815.3600,820.4800,204468,820.4800
2010-09-21,833.2800,849.9200,828.1600,834.5600,136129,834.5600
2010-09-22,847.3600,847.3600,829.4400,839.6800,94171,839.6800
2010-09-23,851.2000,865.2800,839.6800,848.6400,127655,848.6400
2010-09-24,830.7200,830.7200,817.9200,823.0400,152543,823.0400
2010-09-27,801.2800,803.8400,791.0400,798.7200,227739,798.7200
2010-09-28,808.9600,819.2000,800.0000,811.5200,145316,811.5200
2010-09-29,805.1200,812.8000,797.4400,810.2400,86018,810.2400
2010-09-30,794.8800,797.4400,773.1200,789.7600,282848,789.7600
2010-10-01,780.8000,789.7600,774.4000,776.9600,183990,776.9600
2010-10-04,769.2800,771.8400,752.6400,761.6000,201849,761.6000
2010-10-05,761.6000,771.8400,753.9200,769.2800,205258,769.2800
2010-10-06,779.5200,793.6000,779.5200,791.0400,187607,791.0400
2010-10-07,778.2400,779.5200,737.2800,738.5600,455853,738.5600
2010-10-08,744.9600,748.8000,734.7200,746.2400,157623,746.2400
2010-10-11,741.1200,750.0800,732.1600,736.0000,125943,736.0000
2010-10-12,730.8800,748.8000,724.4800,743.6800,234763,743.6800
2010-10-13,761.6000,771.8400,742.4000,750.0800,292817,750.0800
2010-10-14,741.1200,769.2800,734.7200,747.5200,247372,747.5200
2010-10-15,737.2800,738.5600,723.2000,727.0400,233996,727.0400
2010-10-18,723.2000,725.7600,711.6800,712.9600,131952,712.9600
2010-10-19,714.2400,721.9200,711.6800,718.0800,148585,718.0800
2010-10-20,719.3600,729.6000,715.5200,718.0800,104111,718.0800
2010-10-21,706.5600,710.4000,686.0800,693.7600,308502,693.7600
2010-10-22,686.0800,688.6400,674.5600,682.2400,182458,682.2400
2010-10-25,674.5600,687.3600,665.6000,683.5200,156006,683.5200
2010-10-26,691.2000,701.4400,675.8400,692.4800,178388,692.4800
2010-10-27,696.3200,709.1200,686.0800,697.6000,131746,697.6000
2010-10-28,695.0400,723.2000,674.5600,720.6400,296056,720.6400
2010-10-29,716.8000,747.5200,715.5200,744.9600,235963,744.9600
2010-11-01,741.1200,743.6800,705.2800,706.5600,247317,706.5600
2010-11-02,698.8800,724.4800,695.0400,715.5200,181793,715.5200
2010-11-03,711.6800,718.0800,698.8800,706.5600,132013,706.5600
2010-11-04,715.5200,715.5200,689.9200,715.5200,291028,715.5200
2010-11-05,724.4800,727.0400,709.1200,724.4800,168570,724.4800
2010-11-08,742.4000,756.4800,742.4000,753.9200,266258,753.9200
2010-11-09,762.8800,779.5200,747.5200,773.1200,245464,773.1200
2010-11-10,773.1200,780.8000,739.8400,748.8000,261355,748.8000
2010-11-11,743.6800,746.2400,723.2000,725.7600,150993,725.7600
2010-11-12,712.9600,724.4800,700.1600,705.2800,161530,705.2800
2010-11-15,698.8800,711.6800,684.8000,710.4000,223213,710.4000
2010-11-16,718.0800,719.3600,697.6000,705.2800,140852,705.2800
2010-11-17,723.2000,738.5600,716.8000,733.4400,205176,733.4400
2010-11-18,728.3200,743.6800,710.4000,738.5600,194748,738.5600
2010-11-19,744.9600,761.6000,739.8400,759.0400,174349,759.0400
2010-11-22,761.6000,782.0800,753.9200,778.2400,190001,778.2400
2010-11-23,765.4400,780.8000,762.8800,771.8400,170257,771.8400
2010-11-24,761.6000,793.6000,761.6000,774.4000,217725,774.4000
2010-11-26,778.2400,785.9200,770.5600,775.6800,60439,775.6800
2010-11-29,784.6400,784.6400,733.4400,742.4000,207409,742.4000
2010-11-30,733.4400,741.1200,725.7600,739.8400,115459,739.8400
2010-12-01,742.4000,760.3200,732.1600,752.6400,137080,752.6400
2010-12-02,757.7600,768.0000,738.5600,760.3200,205270,760.3200
2010-12-03,766.7200,771.8400,752.6400,760.3200,136355,760.3200
2010-12-06,784.6400,798.7200,780.8000,791.0400,220021,791.0400
2010-12-07,788.4800,797.4400,770.5600,775.6800,178571,775.6800
2010-12-08,798.7200,811.5200,793.6000,806.4000,277984,806.4000
2010-12-09,802.5600,816.6400,775.6800,780.8000,222082,780.8000
2010-12-10,769.2800,787.2000,765.4400,779.5200,180623,779.5200
2010-12-13,791.0400,793.6000,760.3200,774.4000,251338,774.4000
2010-12-14,764.1600,768.0000,747.5200,750.0800,205722,750.0800
2010-12-15,750.0800,751.3600,737.2800,744.9600,134159,744.9600
2010-12-16,733.4400,736.0000,706.5600,709.1200,380318,709.1200
2010-12-17,707.8400,723.2000,706.5600,714.2400,179394,714.2400
2010-12-20,719.3600,746.2400,712.9600,742.4000,217160,742.4000
2010-12-21,729.6000,734.7200,711.6800,716.8000,201130,716.8000
2010-12-22,707.8400,730.8800,700.1600,721.9200,211208,721.9200
2010-12-23,723.2000,747.5200,711.6800,718.0800,158282,718.0800
2010-12-27,711.6800,725.7600,705.2800,721.9200,123252,721.9200
2010-12-28,724.4800,752.6400,720.6400,747.5200,242128,747.5200
2010-12-29,747.5200,750.0800,734.7200,747.5200,116688,747.5200
2010-12-30,757.7600,759.0400,738.5600,753.9200,230620,753.9200
2010-12-31,764.1600,775.6800,757.7600,766.7200,200295,766.7200
2011-01-03,796.1600,817.9200,787.2000,807.6800,462757,807.6800
2011-01-04,811.5200,815.3600,793.6000,802.5600,291326,802.5600
2011-01-05,794.8800,802.5600,775.6800,782.0800,211681,782.0800
2011-01-06,789.7600,806.4000,764.1600,768.0000,289659,768.0000
2011-01-07,768.0000,773.1200,753.9200,771.8400,193411,771.8400
2011-01-10,762.8800,768.0000,753.9200,764.1600,160567,764.1600
2011-01-11,760.3200,783.3600,756.4800,782.0800,131938,782.0800
2011-01-12,783.3600,793.6000,774.4000,785.9200,160668,785.9200
2011-01-13,782.0800,784.6400,764.1600,765.4400,167212,765.4400
2011-01-14,774.4000,783.3600,761.6000,780.8000,138350,780.8000
2011-01-18,775.6800,782.0800,765.4400,768.0000,119154,768.0000
2011-01-19,783.3600,796.1600,778.2400,794.8800,213491,794.8800
2011-01-20,794.8800,815.3600,792.3200,815.3600,323946,815.3600
2011-01-21,823.0400,829.4400,807.6800,819.2000,253642,819.2000
2011-01-24,823.0400,824.3200,794.8800,798.7200,146535,798.7200
2011-01-25,780.8000,787.2000,768.0000,779.5200,165302,779.5200
2011-01-26,768.0000,783.3600,762.8800,779.5200,139919,779.5200
2011-01-27,765.4400,771.8400,748.8000,752.6400,291295,752.6400
2011-01-28,755.2000,759.0400,743.6800,752.6400,122914,752.6400
2011-01-31,770.5600,773.1200,744.9600,766.7200,173695,766.7200
2011-02-01,753.9200,761.6000,750.0800,755.2000,131699,755.2000
2011-02-02,764.1600,770.5600,753.9200,766.7200,134848,766.7200
2011-02-03,775.6800,778.2400,751.3600,753.9200,179279,753.9200
2011-02-04,752.6400,753.9200,746.2400,750.0800,96912,750.0800
2011-02-07,725.7600,728.3200,711.6800,715.5200,343082,715.5200
2011-02-08,715.5200,715.5200,698.8800,704.0000,224894,704.0000
2011-02-09,698.8800,709.1200,695.0400,707.8400,154402,707.8400
2011-02-10,698.8800,720.6400,688.6400,689.9200,228249,689.9200
2011-02-11,682.2400,687.3600,678.4000,679.6800,155153,679.6800
2011-02-14,678.4000,684.8000,674.5600,684.8000,105223,684.8000
2011-02-15,680.9600,692.4800,678.4000,692.4800,85154,692.4800
2011-02-16,680.9600,687.3600,675.8400,678.4000,134034,678.4000
2011-02-17,677.1200,678.4000,660.4800,666.8800,207380,666.8800
2011-02-18,666.8800,670.7200,664.3200,665.6000,84946,665.6000
2011-02-22,672.0000,672.0000,660.4800,664.3200,191083,664.3200
2011-02-23,664.3200,678.4000,660.4800,673.2800,206195,673.2800
2011-02-24,663.0400,664.3200,652.8000,663.0400,256166,663.0400
2011-02-25,660.4800,691.2000,657.9200,686.0800,209842,686.0800
2011-02-28,693.7600,700.1600,687.3600,689.9200,145023,689.9200
2011-03-01,688.6400,688.6400,660.4800,663.0400,169191,663.0400
2011-03-02,659.2000,664.3200,648.9600,652.8000,192280,652.8000
2011-03-03,651.5200,661.7600,642.5600,646.4000,174154,646.4000
2011-03-04,643.8400,654.0800,641.2800,648.9600,120795,648.9600
2011-03-07,657.9200,672.0000,652.8000,670.7200,158021,670.7200
2011-03-08,659.2000,677.1200,656.6400,660.4800,79696,660.4800
2011-03-09,667.5200,673.9200,663.6800,670.0800,224734,670.0800
2011-03-10,663.6800,664.3200,648.3200,654.0800,221825,654.0800
2011-03-11,666.8800,673.9200,662.4000,665.6000,196119,665.6000
2011-03-14,688.6400,689.9200,664.9600,666.8800,397059,666.8800
2011-03-15,652.8000,684.1600,649.6000,675.8400,509436,675.8400
2011-03-16,680.9600,684.1600,666.8800,672.6400,193220,672.6400
2011-03-17,680.9600,711.6800,675.2000,709.7600,438769,709.7600
2011-03-18,708.4800,716.1600,699.5200,711.0400,253530,711.0400
2011-03-21,708.4800,722.5600,706.5600,711.0400,258803,711.0400
2011-03-22,716.1600,727.6800,711.6800,727.0400,351214,727.0400
2011-03-23,730.8800,741.7600,726.4000,740.4800,279220,740.4800
2011-03-24,744.9600,746.2400,720.0000,725.1200,371055,725.1200
2011-03-25,728.9600,755.8400,726.4000,755.2000,277873,755.2000
2011-03-28,749.4400,762.2400,739.8400,741.1200,302848,741.1200
2011-03-29,736.6400,739.2000,713.6000,716.8000,330048,716.8000
2011-03-30,722.5600,734.7200,718.7200,734.0800,253459,734.0800
2011-03-31,723.2000,744.3200,705.2800,736.0000,469139,736.0000
2011-04-01,736.0000,737.2800,718.7200,725.1200,184542,725.1200
2011-04-04,711.6800,731.5200,711.6800,718.0800,169063,718.0800
2011-04-05,718.7200,723.2000,708.4800,709.1200,166917,709.1200
2011-04-06,707.2000,710.4000,692.4800,694.4000,284827,694.4000
2011-04-07,693.1200,697.6000,676.4800,679.6800,354191,679.6800
2011-04-08,675.2000,683.5200,672.6400,677.1200,169622,677.1200
2011-04-11,690.5600,695.6800,684.8000,689.9200,240938,689.9200
2011-04-12,689.2800,689.9200,679.6800,686.0800,177780,686.0800
2011-04-13,692.4800,700.8000,691.8400,694.4000,144258,694.4000
2011-04-14,684.8000,713.6000,682.2400,707.8400,263239,707.8400
2011-04-15,702.0800,709.7600,702.0800,705.2800,115038,705.2800
2011-04-18,705.9200,707.2000,684.8000,691.2000,120450,691.2000
2011-04-19,699.5200,715.5200,699.5200,714.2400,205255,714.2400
2011-04-20,719.3600,725.1200,714.8800,718.7200,210248,718.7200
2011-04-21,718.7200,739.2000,718.7200,738.5600,268844,738.5600
2011-04-25,732.8000,737.9200,727.6800,732.1600,149180,732.1600
2011-04-26,731.5200,735.3600,725.7600,734.0800,123438,734.0800
2011-04-27,732.8000,734.7200,726.4000,728.3200,138058,728.3200
2011-04-28,732.8000,759.6800,732.8000,754.5600,411408,754.5600
2011-04-29,755.2000,776.9600,753.2800,771.8400,291448,771.8400
2011-05-02,770.5600,780.8000,766.7200,775.0400,234620,775.0400
2011-05-03,775.6800,777.6000,769.2800,771.2000,212289,771.2000
2011-05-04,764.8000,773.7600,753.9200,753.9200,327558,753.9200
2011-05-05,746.2400,747.5200,702.0800,703.3600,596875,703.3600
2011-05-06,712.3200,717.4400,698.8800,704.0000,255900,704.0000
2011-05-09,701.4400,702.7200,684.8000,689.2800,213481,689.2800
2011-05-10,690.5600,705.2800,687.3600,704.6400,187591,704.6400
2011-05-11,700.8000,702.0800,685.4400,691.2000,178872,691.2000
2011-05-12,684.8000,699.5200,684.1600,691.8400,169997,691.8400
2011-05-13,688.0000,705.2800,686.0800,702.0800,128383,702.0800
2011-05-16,707.2000,716.1600,703.3600,711.6800,118133,711.6800
2011-05-17,702.0800,703.3600,686.7200,691.8400,179105,691.8400
2011-05-18,697.6000,699.5200,690.5600,693.1200,80125,693.1200
2011-05-19,688.0000,688.6400,676.4800,676.4800,209883,676.4800
2011-05-20,680.3200,702.7200,680.3200,701.4400,271711,701.4400
2011-05-23,709.7600,720.0000,708.4800,712.3200,285938,712.3200
2011-05-24,709.7600,716.8000,700.8000,712.9600,169505,712.9600
2011-05-25,716.8000,721.2800,712.9600,718.0800,169350,718.0800
2011-05-26,711.6800,712.3200,693.1200,710.4000,212275,710.4000
2011-05-27,728.3200,741.7600,725.7600,734.7200,285867,734.7200
2011-05-31,748.1600,764.8000,744.9600,754.5600,290125,754.5600
2011-06-01,753.2800,756.4800,746.8800,752.6400,184245,752.6400
2011-06-02,760.3200,789.7600,759.6800,778.8800,437909,778.8800
2011-06-03,771.2000,776.3200,762.2400,763.5200,184497,763.5200
2011-06-06,785.2800,789.7600,770.5600,782.7200,338883,782.7200
2011-06-07,782.7200,787.8400,775.6800,782.7200,142625,782.7200
2011-06-08,780.8000,791.6800,778.8800,788.4800,212991,788.4800
2011-06-09,800.6400,808.9600,755.8400,760.3200,584817,760.3200
2011-06-10,765.4400,776.9600,764.1600,773.1200,299363,773.1200
2011-06-13,766.7200,767.3600,749.4400,753.9200,215583,753.9200
2011-06-14,747.5200,751.3600,740.4800,744.9600,156117,744.9600
2011-06-15,742.4000,748.1600,735.3600,744.9600,160034,744.9600
2011-06-16,743.0400,744.3200,716.8000,720.0000,257334,720.0000
2011-06-17,721.9200,723.2000,702.0800,706.5600,214003,706.5600
2011-06-20,702.7200,711.0400,699.5200,700.1600,215545,700.1600
2011-06-21,707.2000,716.8000,704.6400,716.1600,165889,716.1600
2011-06-22,715.5200,716.8000,700.8000,701.4400,151433,701.4400
2011-06-23,700.1600,701.4400,675.2000,685.4400,337522,685.4400
2011-06-24,681.6000,688.6400,679.6800,686.7200,142380,686.7200
2011-06-27,682.2400,690.5600,681.6000,689.2800,116102,689.2800
2011-06-28,697.6000,705.9200,696.3200,704.6400,129931,704.6400
2011-06-29,691.8400,704.0000,690.5600,695.6800,106720,695.6800
2011-06-30,681.6000,712.3200,680.3200,705.2800,242656,705.2800
2011-07-01,696.9600,705.2800,694.4000,695.6800,157672,695.6800
2011-07-05,707.2000,709.1200,689.9200,701.4400,162220,701.4400
2011-07-06,694.4000,698.2400,679.0400,682.2400,175527,682.2400
2011-07-07,683.5200,684.8000,656.6400,671.3600,334858,671.3600
2011-07-08,670.0800,680.3200,668.8000,679.0400,135994,679.0400
2011-07-11,696.3200,697.6000,686.7200,689.9200,150459,689.9200
2011-07-12,693.7600,700.8000,690.5600,694.4000,121073,694.4000
2011-07-13,706.5600,711.6800,703.3600,705.2800,169755,705.2800
2011-07-14,703.3600,707.8400,686.7200,707.2000,190223,707.2000
2011-07-15,724.4800,732.8000,720.0000,732.1600,261750,732.1600
2011-07-18,723.8400,742.4000,721.9200,730.2400,258238,730.2400
2011-07-19,731.5200,735.3600,726.4000,727.0400,131938,727.0400
2011-07-20,721.9200,731.5200,712.9600,721.2800,171691,721.2800
2011-07-21,724.4800,736.0000,702.7200,704.6400,272255,704.6400
2011-07-22,717.4400,718.0800,704.6400,707.2000,87963,707.2000
2011-07-25,707.2000,716.8000,697.6000,703.3600,162453,703.3600
2011-07-26,698.2400,703.3600,691.8400,702.0800,72880,702.0800
2011-07-27,705.2800,706.5600,695.6800,699.5200,255067,699.5200
2011-07-28,699.5200,702.0800,680.3200,684.8000,223656,684.8000
2011-07-29,681.6000,682.2400,669.4400,672.0000,186372,672.0000
2011-08-01,679.0400,680.3200,672.0000,677.1200,137325,677.1200
2011-08-02,674.5600,675.8400,669.4400,671.3600,78250,671.3600
2011-08-03,672.6400,675.2000,657.9200,661.7600,137695,661.7600
2011-08-04,663.0400,664.3200,633.6000,638.0800,279386,638.0800
2011-08-05,638.0800,643.8400,634.8800,637.4400,147852,637.4400
2011-08-08,634.2400,642.5600,630.4000,638.7200,200742,638.7200
2011-08-09,638.0800,653.4400,637.4400,648.3200,167714,648.3200
2011-08-10,647.6800,659.8400,645.1200,646.4000,176628,646.4000
2011-08-11,645.7600,669.4400,638.7200,665.6000,178834,665.6000
2011-08-12,662.4000,666.2400,655.3600,656.6400,78331,656.6400
2011-08-15,640.0000,656.6400,640.0000,650.2400,136063,650.2400
2011-08-16,640.0000,645.1200,631.6800,636.1600,135267,636.1600
2011-08-17,636.8000,643.8400,634.8800,636.1600,92397,636.1600
2011-08-18,633.6000,642.5600,621.4400,632.9600,161786,632.9600
2011-08-19,637.4400,641.2800,634.2400,634.8800,112423,634.8800
2011-08-22,627.8400,629.7600,621.4400,623.3600,177684,623.3600
2011-08-23,626.5600,648.9600,625.9200,640.0000,213386,640.0000
2011-08-24,634.8800,636.8000,625.9200,625.9200,91373,625.9200
2011-08-25,628.4800,638.0800,619.5200,630.4000,137859,630.4000
2011-08-26,626.5600,636.1600,625.2800,632.3200,92236,632.3200
2011-08-29,618.8800,632.3200,616.3200,618.8800,208997,618.8800
2011-08-30,620.8000,632.3200,618.8800,630.4000,100886,630.4000
2011-08-31,643.2000,656.0000,642.5600,654.0800,188858,654.0800
2011-09-01,654.7200,665.6000,640.0000,651.5200,163111,651.5200
2011-09-02,643.8400,648.3200,620.8000,621.4400,190452,621.4400
2011-09-06,630.4000,636.8000,622.7200,633.6000,101284,633.6000
2011-09-07,631.0400,650.8800,629.1200,635.5200,133413,635.5200
2011-09-08,636.1600,648.9600,632.3200,643.2000,138823,643.2000
2011-09-09,629.7600,641.2800,629.1200,631.6800,94038,631.6800
2011-09-12,622.0800,631.0400,621.4400,629.7600,125930,629.7600
2011-09-13,635.5200,647.6800,634.8800,641.9200,164706,641.9200
2011-09-14,640.0000,657.9200,638.0800,650.2400,173398,650.2400
2011-09-15,647.0400,649.6000,625.9200,627.8400,237909,627.8400
2011-09-16,618.8800,623.3600,615.0400,618.8800,147883,618.8800
2011-09-19,614.4000,620.1600,611.2000,618.8800,102953,618.8800
2011-09-20,611.8400,616.9600,608.6400,608.6400,90253,608.6400
2011-09-21,604.8000,606.0800,598.4000,598.4000,123523,598.4000
2011-09-22,595.8400,602.8800,588.8000,593.9200,201706,593.9200
2011-09-23,594.5600,598.4000,590.7200,590.7200,80609,590.7200
2011-09-26,599.6800,606.7200,599.6800,604.1600,123297,604.1600
2011-09-27,612.4800,613.7600,600.9600,608.6400,91905,608.6400
2011-09-28,604.8000,606.7200,593.9200,593.9200,79792,593.9200
2011-09-29,592.0000,602.2400,574.7200,591.3600,168534,591.3600
2011-09-30,584.9600,588.8000,575.3600,576.6400,107631,576.6400
2011-10-03,570.8800,576.6400,563.8400,567.6800,162967,567.6800
2011-10-04,570.8800,574.0800,566.4000,573.4400,78055,573.4400
2011-10-05,569.6000,570.8800,558.0800,560.0000,129845,560.0000
2011-10-06,560.0000,567.6800,551.6800,564.4800,144758,564.4800
2011-10-07,552.9600,554.8800,545.9200,547.8400,180947,547.8400
2011-10-10,552.9600,559.3600,551.6800,559.3600,89731,559.3600
2011-10-11,560.6400,569.6000,552.3200,565.7600,106180,565.7600
2011-10-12,567.6800,568.3200,546.5600,547.8400,141906,547.8400
2011-10-13,551.6800,558.7200,540.8000,554.8800,169467,554.8800
2011-10-14,567.6800,585.6000,560.0000,577.9200,182344,577.9200
2011-10-17,571.5200,576.0000,568.3200,574.7200,76813,574.7200
2011-10-18,565.1200,567.0400,555.5200,558.0800,89597,558.0800
2011-10-19,561.2800,566.4000,557.4400,561.2800,91989,561.2800
2011-10-20,558.7200,573.4400,556.8000,562.5600,108580,562.5600
2011-10-21,552.3200,564.4800,551.6800,564.4800,75005,564.4800
2011-10-24,565.1200,565.7600,554.2400,557.4400,82748,557.4400
2011-10-25,567.0400,568.9600,557.4400,565.7600,133825,565.7600
2011-10-26,562.5600,563.8400,551.6800,555.5200,116947,555.5200
2011-10-27,552.3200,563.2000,546.5600,554.8800,199766,554.8800
2011-10-28,572.1600,577.9200,567.6800,576.6400,271472,576.6400
2011-10-31,568.9600,578.5600,567.6800,576.6400,93986,576.6400
2011-11-01,555.5200,561.9200,552.3200,556.1600,187409,556.1600
2011-11-02,549.7600,558.0800,548.4800,552.3200,92508,552.3200
2011-11-03,554.8800,567.0400,549.7600,556.8000,182764,556.8000
2011-11-04,561.2800,564.4800,553.6000,557.4400,88417,557.4400
2011-11-07,540.1600,548.4800,539.5200,543.3600,191822,543.3600
2011-11-08,540.1600,553.6000,538.2400,551.6800,123545,551.6800
2011-11-09,542.0800,545.2800,535.6800,537.6000,188922,537.6000
2011-11-10,538.8800,543.3600,530.5600,535.0400,192514,535.0400
2011-11-11,528.0000,531.8400,524.1600,525.4400,210463,525.4400
2011-11-14,514.5600,515.2000,506.2400,507.5200,244063,507.5200
2011-11-15,508.1600,510.0800,497.9200,501.7600,181034,501.7600
2011-11-16,503.6800,504.3200,488.9600,490.8800,251628,490.8800
2011-11-17,496.0000,508.8000,491.5200,504.3200,229811,504.3200
2011-11-18,501.1200,501.7600,488.3200,492.1600,188016,492.1600
2011-11-21,494.0800,505.6000,488.9600,502.4000,243848,502.4000
2011-11-22,502.4000,503.6800,494.7200,499.8400,117030,499.8400
2011-11-23,496.0000,512.0000,492.8000,511.3600,165378,511.3600
2011-11-25,515.2000,516.4800,512.6400,513.2800,45577,513.2800
2011-11-28,505.6000,508.1600,496.0000,500.4800,178042,500.4800
2011-11-29,506.2400,512.6400,503.0400,512.0000,130016,512.0000
2011-11-30,504.3200,511.3600,498.5600,503.6800,105967,503.6800
2011-12-01,501.7600,519.6800,499.8400,513.2800,159277,513.2800
2011-12-02,508.1600,510.7200,503.6800,506.2400,154470,506.2400
2011-12-05,492.8000,495.3600,485.1200,488.3200,247053,488.3200
2011-12-06,486.4000,494.0800,483.8400,491.5200,141298,491.5200
2011-12-07,486.4000,487.0400,480.6400,483.2000,141284,483.2000
2011-12-08,485.1200,499.2000,483.8400,485.1200,176611,485.1200
2011-12-09,475.5200,476.8000,466.5600,470.4000,295994,470.4000
2011-12-12,457.6000,460.8000,455.6800,456.9600,190642,456.9600
2011-12-13,456.3200,464.6400,455.0400,460.8000,150705,460.8000
2011-12-14,450.5600,452.4800,440.3200,442.2400,301355,442.2400
2011-12-15,446.0800,451.2000,439.6800,441.6000,169672,441.6000
2011-12-16,439.0400,446.7200,437.7600,440.9600,77320,440.9600
2011-12-19,431.3600,439.0400,430.7200,439.0400,115389,439.0400
2011-12-20,438.4000,442.8800,433.9200,440.9600,111677,440.9600
2011-12-21,435.2000,448.0000,434.5600,444.8000,147453,444.8000
2011-12-22,446.7200,449.2800,435.8400,443.5200,141459,443.5200
2011-12-23,439.6800,444.1600,434.5600,435.2000,95947,435.2000
2011-12-27,444.1600,446.0800,432.6400,437.1200,110720,437.1200
2011-12-28,434.5600,440.9600,430.0800,433.9200,74958,433.9200
2011-12-29,433.9200,434.5600,416.0000,421.1200,240744,421.1200
2011-12-30,418.5600,419.8400,411.5200,413.4400,255125,413.4400
2012-01-03,415.3600,418.5600,407.0400,414.0800,173895,414.0800
2012-01-04,419.2000,432.0000,417.9200,430.0800,254194,430.0800
2012-01-05,420.4800,423.0400,408.3200,410.8800,399769,410.8800
2012-01-06,418.5600,426.2400,415.3600,424.9600,233858,424.9600
2012-01-09,417.9200,419.2000,412.8000,417.9200,168883,417.9200
2012-01-10,417.2800,417.2800,401.9200,405.1200,252036,405.1200
2012-01-11,391.6800,392.9600,379.5200,384.6400,376583,384.6400
2012-01-12,376.3200,380.1600,369.2800,377.6000,488245,377.6000
2012-01-13,373.7600,375.6800,362.8800,362.8800,293442,362.8800
2012-01-17,352.0000,353.2800,338.5600,343.6800,446608,343.6800
2012-01-18,348.8000,351.3600,339.8400,343.0400,264702,343.0400
2012-01-19,335.3600,337.2800,318.7200,321.9200,703678,321.9200
2012-01-20,324.4800,328.9600,318.7200,325.7600,428644,325.7600
2012-01-23,337.2800,356.4800,334.7200,355.2000,795164,355.2000
2012-01-24,360.3200,367.3600,348.1600,354.5600,536331,354.5600
2012-01-25,360.3200,382.7200,359.6800,379.5200,865419,379.5200
2012-01-26,369.9200,376.9600,352.6400,359.6800,670470,359.6800
2012-01-27,355.8400,378.2400,354.5600,376.3200,517866,376.3200
2012-01-30,378.2400,382.7200,360.9600,360.9600,416933,360.9600
2012-01-31,347.5200,349.4400,335.3600,336.0000,500244,336.0000
2012-02-01,329.6000,333.4400,321.2800,323.2000,487831,323.2000
2012-02-02,325.7600,350.0800,322.5600,346.2400,702673,346.2400
2012-02-03,338.5600,348.1600,333.4400,341.1200,545122,341.1200
2012-02-06,345.6000,350.7200,336.6400,349.4400,313933,349.4400
2012-02-07,353.2800,353.2800,334.0800,337.9200,354455,337.9200
2012-02-08,335.3600,341.1200,332.1600,332.1600,237778,332.1600
2012-02-09,336.0000,352.0000,327.6800,335.3600,655728,335.3600
2012-02-10,339.8400,339.8400,333.4400,337.2800,190428,337.2800
2012-02-13,330.2400,336.6400,328.9600,331.5200,276578,331.5200
2012-02-14,342.4000,347.5200,340.4800,344.3200,429891,344.3200
2012-02-15,339.8400,341.1200,327.6800,332.1600,393686,332.1600
2012-02-16,334.0800,346.2400,331.5200,344.3200,356180,344.3200
2012-02-17,353.9200,363.5200,350.7200,359.0400,368519,359.0400
2012-02-21,350.7200,354.5600,344.3200,353.2800,75419,353.2800
2012-02-22,349.2800,356.0000,333.2800,354.5600,916913,354.5600
2012-02-23,357.2800,357.6000,344.0000,349.6000,810794,349.6000
2012-02-24,345.1200,345.4400,339.6800,341.4400,576456,341.4400
2012-02-27,345.6000,345.9200,330.7200,331.3600,680419,331.3600
2012-02-28,323.3600,324.1600,319.3600,321.4400,749513,321.4400
2012-02-29,321.1200,333.1200,319.2000,329.1200,779438,329.1200
2012-03-01,322.7200,323.6800,311.0400,312.8000,971819,312.8000
2012-03-02,315.0400,318.4000,313.6000,313.6000,535500,313.6000
2012-03-05,302.2400,304.1600,298.8800,299.5200,679156,299.5200
2012-03-06,302.8800,304.3200,297.9200,298.5600,429375,298.5600
2012-03-07,291.0400,295.8400,290.0800,292.4800,571913,292.4800
2012-03-08,291.2000,294.4000,284.3200,291.8400,870575,291.8400
2012-03-09,290.5600,295.8400,287.5200,293.9200,514369,293.9200
2012-03-12,287.6800,288.9600,284.1600,286.4000,462775,286.4000
2012-03-13,283.8400,296.9600,280.4800,295.6800,929713,295.6800
2012-03-14,292.9600,297.9200,288.0000,289.6000,767325,289.6000
2012-03-15,287.3600,296.1600,286.2400,286.7200,716938,286.7200
2012-03-16,292.6400,296.3200,289.7600,294.4000,550631,294.4000
2012-03-19,291.8400,301.7600,290.7200,296.3200,515381,296.3200
2012-03-20,295.0400,297.1200,292.1600,292.4800,404600,292.4800
2012-03-21,291.3600,296.1600,289.6000,294.5600,567231,294.5600
2012-03-22,292.4800,293.1200,284.8000,285.2800,661806,285.2800
2012-03-23,289.7600,291.6800,285.1200,285.2800,440769,285.2800
2012-03-26,280.3200,283.0400,277.7600,277.7600,456113,277.7600
2012-03-27,276.3200,276.9600,273.2800,275.0400,459556,275.0400
2012-03-28,274.2400,277.9200,272.3200,273.7600,538781,273.7600
2012-03-29,270.4000,270.8800,256.9600,259.3600,1135156,259.3600
2012-03-30,260.1600,260.8000,254.7200,254.7200,588975,254.7200
2012-04-02,252.3200,260.4800,251.8400,259.2000,791556,259.2000
2012-04-03,259.8400,265.2800,258.4000,261.6000,572150,261.6000
2012-04-04,261.6000,264.8000,256.6400,256.9600,301863,256.9600
2012-04-05,256.9600,259.2000,251.2000,251.6800,612775,251.6800
2012-04-09,252.8000,255.0400,250.4000,254.8800,361050,254.8800
2012-04-10,248.9600,249.9200,243.8400,243.8400,419069,243.8400
2012-04-11,245.7600,246.4000,238.0800,238.5600,504794,238.5600
2012-04-12,239.0400,249.2800,237.4400,238.8800,930069,238.8800
2012-04-13,240.4800,240.6400,236.8000,239.0400,290931,239.0400
2012-04-16,243.0400,243.6800,238.2400,242.2400,354175,242.2400
2012-04-17,238.7200,239.0400,234.4000,234.7200,332363,234.7200
2012-04-18,235.6800,238.2400,232.9600,232.9600,445100,232.9600
2012-04-19,232.0000,235.6800,228.0000,228.0000,491369,228.0000
2012-04-20,229.7600,231.0400,228.8000,230.4000,287950,230.4000
2012-04-23,233.9200,241.7600,232.1600,241.4400,785956,241.4400
2012-04-24,239.5200,240.4800,236.1600,236.6400,230013,236.6400
2012-04-25,241.7600,251.0400,239.2000,249.2800,740631,249.2800
2012-04-26,254.0800,262.8800,243.2000,243.6800,1411663,243.6800
2012-04-27,246.0800,251.6800,245.4400,251.2000,585575,251.2000
2012-04-30,247.8400,262.8800,247.2000,262.5600,900000,262.5600
2012-05-01,265.7600,272.9600,262.7200,270.4000,1098675,270.4000
2012-05-02,268.6400,269.1200,256.1600,258.8800,920019,258.8800
2012-05-03,265.6000,272.6400,262.7200,267.6800,1073244,267.6800
2012-05-04,262.5600,264.6400,259.2000,262.4000,655000,262.4000
2012-05-07,267.3600,268.6400,263.6800,267.3600,379050,267.3600
2012-05-08,261.6000,282.0800,260.8000,280.0000,914800,280.0000
2012-05-09,277.2800,287.2000,276.8000,281.2800,1362319,281.2800
2012-05-10,281.6000,288.6400,275.6800,283.3600,959331,283.3600
2012-05-11,283.3600,288.4800,281.1200,286.7200,387019,286.7200
2012-05-14,283.8400,284.0000,276.4800,277.2800,420888,277.2800
2012-05-15,284.8000,287.0400,280.8000,286.4000,344500,286.4000
2012-05-16,290.8800,301.7600,290.7200,301.1200,792113,301.1200
2012-05-17,297.6000,303.6800,287.6800,302.5600,774888,302.5600
2012-05-18,304.1600,316.1600,303.8400,310.8800,856581,310.8800
2012-05-21,305.4400,308.3200,297.1200,300.3200,839738,300.3200
2012-05-22,304.9600,311.5200,304.4800,307.2000,793494,307.2000
2012-05-23,304.0000,312.3200,303.0400,310.7200,682881,310.7200
2012-05-24,310.5600,311.6800,299.5200,301.1200,506638,301.1200
2012-05-25,296.3200,297.2800,287.3600,291.0400,695644,291.0400
2012-05-29,288.0000,290.5600,274.5600,277.9200,714463,277.9200
2012-05-30,272.4800,274.7200,266.4000,270.5600,727381,270.5600
2012-05-31,267.3600,278.0800,265.9200,268.6400,1023425,268.6400
2012-06-01,263.5200,263.8400,257.4400,258.8800,639356,258.8800
2012-06-04,265.9200,270.7200,263.6800,270.0800,556381,270.0800
2012-06-05,274.8800,275.3600,269.6000,270.7200,448575,270.7200
2012-06-06,271.8400,275.5200,267.0400,269.4400,417381,269.4400
2012-06-07,267.2000,268.3200,251.8400,252.9600,792531,252.9600
2012-06-08,254.0800,258.4000,253.7600,256.0000,372181,256.0000
2012-06-11,251.0400,254.0800,244.6400,245.4400,772094,245.4400
2012-06-12,249.9200,252.8000,245.9200,245.9200,445875,245.9200
2012-06-13,245.9200,248.0000,242.8800,244.0000,365488,244.0000
2012-06-14,246.2400,280.6400,245.1200,280.4800,1724813,280.4800
2012-06-15,273.9200,277.4400,272.3200,274.5600,569944,274.5600
2012-06-18,279.2000,293.4400,276.4800,292.8000,1115538,292.8000
2012-06-19,284.4800,288.0000,276.8000,282.7200,758844,282.7200
2012-06-20,286.7200,286.8800,277.1200,279.6800,586481,279.6800
2012-06-21,280.1600,292.0000,279.8400,286.0800,1292944,286.0800
2012-06-22,285.9200,294.5600,285.4400,291.5200,676650,291.5200
2012-06-25,298.5600,300.6400,295.3600,295.5200,563913,295.5200
2012-06-26,298.8800,307.5200,295.3600,306.7200,502838,306.7200
2012-06-27,318.5600,320.6400,304.0000,304.3200,1667925,304.3200
2012-06-28,306.2400,308.0000,290.2400,302.0800,1047988,302.0800
2012-06-29,298.8800,309.4400,296.8000,308.6400,1400300,308.6400
2012-07-02,302.4000,311.5200,300.6400,308.8000,569575,308.8000
2012-07-03,310.0800,313.7600,310.0800,313.2800,353525,313.2800
2012-07-05,319.5200,322.2400,315.5200,320.9600,607388,320.9600
2012-07-06,321.1200,329.9200,300.4800,303.8400,1657306,303.8400
2012-07-09,310.2400,316.1600,309.7600,314.7200,924969,314.7200
2012-07-10,307.2000,308.9600,298.2400,299.5200,1012600,299.5200
2012-07-11,303.8400,312.1600,301.9200,310.2400,762294,310.2400
2012-07-12,308.3200,318.7200,296.9600,313.4400,1577594,313.4400
2012-07-13,309.2800,317.7600,309.2800,313.7600,535688,313.7600
2012-07-16,312.8000,314.0800,303.6800,306.0800,583800,306.0800
2012-07-17,304.9600,310.0800,304.3200,304.9600,345481,304.9600
2012-07-18,311.6800,324.4800,310.7200,321.9200,1031506,321.9200
2012-07-19,321.6000,329.9200,318.7200,328.8000,682431,328.8000
2012-07-20,332.9600,337.7600,327.5200,337.2800,623450,337.2800
2012-07-23,332.8000,341.7600,332.4800,339.0400,760713,339.0400
2012-07-24,343.2000,348.8000,339.8400,345.2800,796763,345.2800
2012-07-25,343.0400,344.6400,332.4800,334.4000,789869,334.4000
2012-07-26,337.9200,340.9600,328.9600,338.2400,656163,338.2400
2012-07-27,331.3600,334.4000,326.4000,331.8400,488325,331.8400
2012-07-30,345.2800,353.7600,344.8000,350.5600,810456,350.5600
2012-07-31,350.5600,358.7200,345.7600,352.6400,629531,352.6400
2012-08-01,344.8000,356.8000,341.9200,346.2400,2552119,346.2400
2012-08-02,339.3600,340.0000,318.7200,320.0000,1085225,320.0000
2012-08-03,319.2000,323.5200,314.0800,316.4800,768594,316.4800
2012-08-06,313.4400,320.4800,309.1200,319.5200,687425,319.5200
2012-08-07,319.8400,327.8400,319.6800,324.8000,434756,324.8000
2012-08-08,320.6400,324.4800,317.4400,321.4400,324706,321.4400
2012-08-09,318.8800,341.6000,318.2400,318.2400,1114738,318.2400
2012-08-10,311.6800,312.0000,302.2400,304.1600,795700,304.1600
2012-08-13,302.7200,305.4400,298.5600,299.8400,370531,299.8400
2012-08-14,302.2400,311.8400,301.9200,309.2800,625800,309.2800
2012-08-15,305.6000,306.2400,300.0000,301.9200,456638,301.9200
2012-08-16,303.0400,309.6000,294.0800,297.2800,914319,297.2800
2012-08-17,299.8400,301.7600,296.8000,299.3600,246069,299.3600
2012-08-20,300.0000,304.4800,296.8000,303.0400,431525,303.0400
2012-08-21,305.4400,309.1200,294.8800,306.5600,693275,306.5600
2012-08-22,306.8800,311.5200,302.8800,310.7200,471869,310.7200
2012-08-23,308.1600,309.1200,293.6000,307.5200,1102919,307.5200
2012-08-24,304.8000,307.2000,293.9200,294.0800,853381,294.0800
2012-08-27,295.5200,296.8000,286.8800,287.3600,890556,287.3600
2012-08-28,288.4800,290.2400,283.0400,283.0400,571225,283.0400
2012-08-29,284.8000,291.0400,284.1600,289.2800,595475,289.2800
2012-08-30,290.8800,297.9200,285.1200,296.8000,731775,296.8000
2012-08-31,295.8400,302.5600,295.2000,301.1200,399419,301.1200
2012-09-04,306.7200,311.0400,304.9600,306.4000,686150,306.4000
2012-09-05,302.8800,305.9200,299.5200,301.2800,329994,301.2800
2012-09-06,298.8800,308.1600,297.9200,298.0800,636425,298.0800
2012-09-07,289.7600,292.4800,287.8400,289.9200,681663,289.9200
2012-09-10,292.4800,304.9600,290.7200,304.6400,728313,304.6400
2012-09-11,316.4800,323.5200,312.8000,323.0400,1385613,323.0400
2012-09-12,319.3600,330.4000,317.6000,328.9600,836963,328.9600
2012-09-13,326.2400,329.1200,319.0400,325.4400,831919,325.4400
2012-09-14,318.0800,322.8800,315.2000,319.3600,595719,319.3600
2012-09-17,311.3600,313.4400,309.7600,311.2000,375150,311.2000
2012-09-18,314.4000,315.8400,303.5200,304.9600,449344,304.9600
2012-09-19,309.6000,311.0400,302.2400,305.4400,482381,305.4400
2012-09-20,305.7600,307.5200,302.5600,306.5600,507488,306.5600
2012-09-21,309.2800,317.1200,308.9600,315.5200,592388,315.5200
2012-09-24,311.6800,315.8400,308.9600,313.2800,615375,313.2800
2012-09-25,314.7200,320.8000,313.7600,320.1600,428200,320.1600
2012-09-26,322.7200,333.2800,322.0800,328.3200,780206,328.3200
2012-09-27,335.2000,341.4400,330.5600,337.6000,1003606,337.6000
2012-09-28,336.0000,342.7200,334.4000,341.4400,525531,341.4400
2012-10-01,351.6800,358.8800,351.0400,357.2800,997031,357.2800
2012-10-02,353.9200,364.1600,351.5200,361.6000,900319,361.6000
2012-10-03,350.7200,354.5600,344.6400,352.0000,821831,352.0000
2012-10-04,352.9600,356.3200,346.0800,351.0400,767688,351.0400
2012-10-05,349.1200,351.8400,343.5200,348.8000,374863,348.8000
2012-10-08,345.1200,353.1200,344.8000,350.2400,348100,350.2400
2012-10-09,346.2400,361.7600,344.4800,357.7600,678238,357.7600
2012-10-10,356.4800,361.4400,353.2800,357.1200,527744,357.1200
2012-10-11,361.7600,373.9200,360.0000,373.6000,946313,373.6000
2012-10-12,368.6400,372.0000,366.8800,370.5600,623675,370.5600
2012-10-15,359.3600,361.7600,354.7200,358.5600,753944,358.5600
2012-10-16,357.2800,357.7600,351.8400,355.2000,323850,355.2000
2012-10-17,356.8000,361.4400,356.0000,357.9200,339819,357.9200
2012-10-18,356.8000,368.3200,352.6400,367.3600,620606,367.3600
2012-10-19,368.9600,374.0800,368.0000,369.4400,516538,369.4400
2012-10-22,369.9200,371.2000,354.4000,355.3600,820688,355.3600
2012-10-23,357.9200,365.2800,357.7600,362.5600,483588,362.5600
2012-10-24,362.2400,362.2400,353.9200,355.0400,489156,355.0400
2012-10-25,355.0400,359.3600,349.7600,354.7200,753913,354.7200
2012-10-26,352.8000,353.6000,347.8400,350.2400,388406,350.2400
2012-10-31,353.4400,353.9200,347.2000,347.8400,223756,347.8400
2012-11-01,348.8000,350.5600,344.1600,346.2400,268856,346.2400
2012-11-02,340.8000,343.3600,332.9600,333.6000,662488,333.6000
2012-11-05,335.3600,337.9200,333.6000,335.5200,298613,335.5200
2012-11-06,335.8400,340.9600,334.8800,339.5200,223550,339.5200
2012-11-07,336.6400,338.8800,334.8800,336.1600,323881,336.1600
2012-11-08,332.6400,340.3200,332.3200,339.0400,388819,339.0400
2012-11-09,333.9200,334.8800,328.0000,330.0800,599538,330.0800
2012-11-12,332.3200,338.7200,330.2400,336.1600,251613,336.1600
2012-11-13,347.3600,352.8000,346.4000,352.3200,526463,352.3200
2012-11-14,353.2800,360.3200,350.7200,353.1200,306313,353.1200
2012-11-15,354.0800,360.3200,347.3600,347.5200,522644,347.5200
2012-11-16,351.0400,357.7600,350.4000,356.4800,287413,356.4800
2012-11-19,353.7600,357.6000,349.2800,351.0400,259025,351.0400
2012-11-20,353.2800,360.8000,352.4800,360.0000,220950,360.0000
2012-11-21,358.7200,367.6800,358.4000,367.3600,332113,367.3600
2012-11-23,363.5200,368.9600,362.4000,367.8400,127213,367.8400
2012-11-26,354.4000,356.0000,350.5600,354.8800,521944,354.8800
2012-11-27,351.6800,355.8400,351.0400,354.2400,198281,354.2400
2012-11-28,346.7200,347.6800,341.1200,347.6800,469681,347.6800
2012-11-29,340.8000,341.9200,331.8400,332.9600,884538,332.9600
2012-11-30,334.8800,335.5200,323.8400,326.2400,611531,326.2400
2012-12-03,326.7200,331.5200,325.2800,327.8400,321569,327.8400
2012-12-04,324.1600,327.8400,322.7200,323.5200,445969,323.5200
2012-12-05,328.8000,339.3600,327.6800,336.0000,601894,336.0000
2012-12-06,335.0400,342.0800,329.7600,332.3200,756750,332.3200
2012-12-07,332.3200,336.0000,323.3600,324.4800,416869,324.4800
2012-12-10,315.5200,316.9600,311.8400,314.8800,758813,314.8800
2012-12-11,314.8800,316.4800,309.6000,311.0400,493850,311.0400
2012-12-12,310.4000,313.9200,307.3600,309.6000,670069,309.6000
2012-12-13,304.9600,309.2800,300.6400,304.3200,749194,304.3200
2012-12-14,300.3200,306.8800,298.0800,301.9200,475056,301.9200
2012-12-17,305.6000,308.8000,302.4000,305.1200,514431,305.1200
2012-12-18,310.2400,314.0800,307.5200,308.9600,383581,308.9600
2012-12-19,300.9600,305.7600,299.6800,304.1600,687981,304.1600
2012-12-20,309.1200,315.5200,307.2000,313.6000,856644,313.6000
2012-12-21,315.5200,318.2400,311.2000,313.1200,363119,313.1200
2012-12-24,306.0800,307.8400,304.4800,305.4400,309131,305.4400
2012-12-26,306.4000,309.9200,306.2400,306.4000,466469,306.4000
2012-12-27,303.3600,308.8000,302.4000,306.5600,574800,306.5600
2012-12-28,314.0800,314.0800,310.2400,311.5200,436869,311.5200
2012-12-31,305.4400,306.2400,301.1200,302.4000,698338,302.4000
2013-01-02,291.5200,292.3200,286.0800,291.8400,977069,291.8400
2013-01-03,286.7200,291.5200,285.2800,287.0400,474563,287.0400
2013-01-04,292.8000,297.1200,291.3600,294.7200,474663,294.7200
2013-01-07,300.6400,301.6000,291.6800,294.4000,394550,294.4000
2013-01-08,291.2000,294.5600,288.4800,290.7200,560644,290.7200
2013-01-09,283.8400,285.7600,278.0800,281.1200,956581,281.1200
2013-01-10,282.7200,288.9600,282.0800,287.2000,559288,287.2000
2013-01-11,294.4000,300.8000,292.9600,299.5200,864038,299.5200
2013-01-14,304.9600,307.0400,303.0400,303.6800,439931,303.6800
2013-01-15,304.0000,311.8400,301.4400,309.6000,350831,309.6000
2013-01-16,309.4400,311.0400,303.0400,309.1200,318188,309.1200
2013-01-17,307.6800,317.6000,306.0800,313.9200,539350,313.9200
2013-01-18,315.6800,321.9200,314.0800,321.6000,463756,321.6000
2013-01-22,321.6000,323.2000,315.0400,319.5200,548344,319.5200
2013-01-23,317.7600,322.4000,316.8000,320.0000,306119,320.0000
2013-01-24,320.6400,323.0400,310.4000,312.4800,631894,312.4800
2013-01-25,312.1600,314.5600,309.2800,312.3200,269038,312.3200
2013-01-28,299.2000,300.8000,296.8000,296.8000,682919,296.8000
2013-01-29,293.2800,296.9600,292.1600,293.7600,350538,293.7600
2013-01-30,296.3200,300.9600,294.7200,300.3200,314550,300.3200
2013-01-31,298.2400,305.4400,291.8400,300.1600,934981,300.1600
2013-02-01,301.6000,304.9600,295.2000,296.6400,322944,296.6400
2013-02-04,296.1600,301.7600,296.0000,298.7200,194675,298.7200
2013-02-05,300.3200,308.1600,298.5600,306.8800,342125,306.8800
2013-02-06,309.7600,311.2000,307.2000,309.7600,245938,309.7600
2013-02-07,307.5200,308.4800,295.5200,296.6400,421438,296.6400
2013-02-08,297.6000,299.3600,293.1200,293.7600,212944,293.7600
2013-02-11,290.2400,296.4800,289.7600,295.2000,273806,295.2000
2013-02-12,295.6800,297.1200,290.0800,292.3200,171669,292.3200
2013-02-13,293.7600,298.8800,293.1200,296.3200,219981,296.3200
2013-02-14,293.9200,295.3600,282.4000,285.4400,726125,285.4400
2013-02-15,286.2400,287.2000,283.0400,284.4800,207369,284.4800
2013-02-19,290.7200,294.0800,289.9200,292.8000,547931,292.8000
2013-02-20,294.7200,295.2000,292.0000,293.1200,212525,293.1200
2013-02-21,291.2000,296.9600,288.6400,290.4000,453094,290.4000
2013-02-22,291.5200,295.3600,289.7600,293.7600,151813,293.7600
2013-02-25,303.6800,306.4000,301.4400,305.2800,550381,305.2800
2013-02-26,304.9600,306.7200,302.2400,303.6800,256631,303.6800
2013-02-27,307.3600,313.1200,300.6400,301.1200,455863,301.1200
2013-02-28,303.2000,309.1200,299.8400,306.8800,402525,306.8800
2013-03-01,306.7200,310.2400,303.2000,305.1200,167419,305.1200
2013-03-04,308.0000,311.6800,306.7200,311.2000,197956,311.2000
2013-03-05,314.5600,316.6400,309.4400,310.4000,257750,310.4000
2013-03-06,309.6000,311.8400,305.1200,306.8800,264738,306.8800
2013-03-07,308.1600,317.4400,307.8400,315.3600,443738,315.3600
2013-03-08,315.6800,320.3200,315.2000,320.1600,258156,320.1600
2013-03-11,317.4400,321.6000,317.2800,320.6400,175519,320.6400
2013-03-12,321.4400,323.0400,318.8800,319.8400,176063,319.8400
2013-03-13,323.5200,325.4400,322.0800,324.1600,142206,324.1600
2013-03-14,328.8000,337.1200,328.4800,336.6400,373550,336.6400
2013-03-15,341.7600,345.1200,337.4400,338.7200,387219,338.7200
2013-03-18,346.5600,348.6400,339.2000,340.1600,356963,340.1600
2013-03-19,342.8800,348.6400,342.4000,347.6800,376806,347.6800
2013-03-20,344.3200,357.6000,343.0400,346.0800,310725,346.0800
2013-03-21,349.1200,352.9600,341.2800,344.3200,568469,344.3200
2013-03-22,350.7200,351.2000,343.5200,345.4400,302950,345.4400
2013-03-25,348.8000,349.2800,338.7200,339.2000,270713,339.2000
2013-03-26,340.8000,348.3200,339.5200,347.6800,310575,347.6800
2013-03-27,352.6400,357.6000,351.3600,355.8400,440231,355.8400
2013-03-28,352.6400,358.0800,346.2400,350.0800,553781,350.0800
2013-04-01,345.6000,352.3200,345.6000,351.5200,227131,351.5200
2013-04-02,346.4000,348.1600,343.6800,345.6000,208988,345.6000
2013-04-03,344.1600,346.0800,339.6800,340.1600,200794,340.1600
2013-04-04,341.9200,346.7200,336.6400,343.8400,367831,343.8400
2013-04-05,353.2800,360.3200,351.0400,359.3600,800788,359.3600
2013-04-08,361.7600,364.1600,352.8000,355.8400,357200,355.8400
2013-04-09,354.0800,354.5600,347.5200,351.2000,244813,351.2000
2013-04-10,356.8000,362.5600,354.4000,356.3200,471906,356.3200
2013-04-11,356.1600,364.6400,352.8000,362.2400,396000,362.2400
2013-04-12,366.0800,370.4000,364.4800,369.6000,382988,369.6000
2013-04-15,369.6000,370.4000,359.0400,361.2800,268475,361.2800
2013-04-16,360.8000,364.4800,355.6800,364.0000,217425,364.0000
2013-04-17,364.9600,367.2000,361.2800,365.9200,215313,365.9200
2013-04-18,366.0800,385.4400,363.5200,384.4800,582175,384.4800
2013-04-19,380.8000,384.4800,379.6800,384.0000,190019,384.0000
2013-04-22,375.5200,376.0000,370.8800,371.6800,523500,371.6800
2013-04-23,372.4800,376.3200,368.3200,368.4800,236375,368.4800
2013-04-24,372.8000,372.8000,363.0400,364.1600,334463,364.1600
2013-04-25,361.6000,370.5600,360.9600,362.0800,440863,362.0800
2013-04-26,361.9200,368.0000,353.6000,366.5600,392000,366.5600
2013-04-29,372.0000,379.8400,371.2000,378.7200,471656,378.7200
2013-04-30,378.5600,380.0000,373.6000,375.5200,217225,375.5200
2013-05-01,379.2000,384.0000,372.9600,373.7600,289594,373.7600
2013-05-02,372.9600,373.1200,347.6800,350.5600,941075,350.5600
2013-05-03,348.0000,351.6800,346.0800,351.0400,347394,351.0400
2013-05-06,345.9200,350.5600,344.3200,348.1600,253719,348.1600
2013-05-07,344.4800,345.4400,338.5600,340.8000,319225,340.8000
2013-05-08,343.2000,344.8000,340.3200,344.0000,151838,344.0000
2013-05-09,342.5600,347.3600,335.3600,343.6800,358850,343.6800
2013-05-10,343.3600,345.7600,337.7600,338.4000,209294,338.4000
2013-05-13,341.2800,343.6800,337.9200,339.2000,164619,339.2000
2013-05-14,345.1200,348.1600,343.3600,346.7200,153475,346.7200
2013-05-15,351.0400,352.4800,349.2800,352.0000,190463,352.0000
2013-05-16,348.6400,348.9600,338.2400,340.8000,360025,340.8000
2013-05-17,340.3200,354.0800,340.3200,349.9200,661331,349.9200
2013-05-20,357.7600,358.2400,351.3600,352.8000,278900,352.8000
2013-05-21,359.2000,363.3600,358.5600,361.7600,252050,361.7600
2013-05-22,360.6400,361.9200,358.5600,360.9600,213381,360.9600
2013-05-23,359.6800,368.3200,358.8800,367.0400,432394,367.0400
2013-05-24,366.0800,366.5600,364.3200,365.4400,126556,365.4400
2013-05-28,359.3600,363.2000,357.7600,359.8400,218319,359.8400
2013-05-29,356.1600,357.9200,351.5200,356.1600,210200,356.1600
2013-05-30,352.8000,356.4800,342.4000,344.3200,523356,344.3200
2013-05-31,344.0000,346.0800,339.8400,340.9600,289819,340.9600
2013-06-03,340.4800,344.8000,339.2000,340.9600,158775,340.9600
2013-06-04,341.6000,343.5200,340.6400,340.9600,116931,340.9600
2013-06-05,339.6800,342.7200,339.6800,341.6000,163081,341.6000
2013-06-06,335.5200,336.0000,326.4000,329.4400,580381,329.4400
2013-06-07,327.0400,328.8000,326.4000,326.8800,130369,326.8800
2013-06-10,327.5200,330.0800,322.5600,324.4800,209988,324.4800
2013-06-11,321.4400,322.5600,317.6000,318.4000,197350,318.4000
2013-06-12,319.8400,323.3600,319.3600,322.0800,125194,322.0800
2013-06-13,318.5600,328.4800,317.9200,325.6000,266681,325.6000
2013-06-14,322.8800,322.8800,318.5600,319.5200,184456,319.5200
2013-06-17,325.7600,332.4800,325.6000,331.2000,321694,331.2000
2013-06-18,332.4800,336.8000,329.4400,333.1200,300119,333.1200
2013-06-19,337.6000,339.3600,336.0000,336.8000,149994,336.8000
2013-06-20,332.0000,336.1600,327.0400,331.2000,311281,331.2000
2013-06-21,328.6400,329.1200,321.1200,323.5200,209681,323.5200
2013-06-24,322.5600,323.8400,318.4000,319.5200,206194,319.5200
2013-06-25,317.7600,318.0800,311.0400,312.8000,261294,312.8000
2013-06-26,313.7600,318.2400,311.5200,317.2800,241313,317.2800
2013-06-27,314.5600,316.1600,301.6000,304.8000,746138,304.8000
2013-06-28,303.2000,306.0800,299.0400,303.2000,313531,303.2000
2013-07-01,303.8400,305.7600,300.0000,303.6800,326475,303.6800
2013-07-02,305.6000,310.4000,304.3200,309.4400,288875,309.4400
2013-07-03,304.0000,310.5600,303.2000,307.8400,242281,307.8400
2013-07-05,305.6000,307.2000,303.2000,306.4000,159744,306.4000
2013-07-08,316.0000,319.0400,314.2400,315.5200,475294,315.5200
2013-07-09,313.6000,314.4000,307.3600,310.5600,459500,310.5600
2013-07-10,315.2000,315.6800,308.4800,310.8800,298675,310.8800
2013-07-11,307.8400,313.7600,303.0400,306.5600,639450,306.5600
2013-07-12,309.9200,312.9600,308.1600,308.4800,293444,308.4800
2013-07-15,309.2800,312.0000,300.4800,311.0400,397719,311.0400
2013-07-16,308.0000,314.8800,307.2000,311.6800,240969,311.6800
2013-07-17,309.9200,309.9200,305.7600,307.6800,164100,307.6800
2013-07-18,312.3200,324.6400,310.7200,322.0800,570769,322.0800
2013-07-19,319.6800,322.7200,318.4000,320.6400,383225,320.6400
2013-07-22,309.4400,312.9600,308.4800,312.8000,480056,312.8000
2013-07-23,317.7600,318.7200,315.8400,316.6400,171900,316.6400
2013-07-24,316.8000,320.4800,312.8000,314.2400,171956,314.2400
2013-07-25,316.6400,318.5600,308.6400,309.9200,383744,309.9200
2013-07-26,306.2400,306.4000,301.1200,303.0400,363188,303.0400
2013-07-29,292.3200,295.8400,290.2400,295.2000,683200,295.2000
2013-07-30,293.6000,295.3600,289.6000,291.8400,267081,291.8400
2013-07-31,293.2800,293.9200,289.7600,291.3600,247431,291.3600
2013-08-01,291.3600,291.3600,283.0400,286.7200,1049206,286.7200
2013-08-02,287.2000,288.0000,283.0400,283.5200,315894,283.5200
2013-08-05,284.0000,284.8000,280.3200,282.8800,198525,282.8800
2013-08-06,283.2000,283.5200,280.3200,280.9600,242813,280.9600
2013-08-07,277.6000,277.6000,274.4000,275.3600,337606,275.3600
2013-08-08,275.2000,281.7600,265.4400,280.4800,605331,280.4800
2013-08-09,279.2000,281.1200,272.3200,273.4400,402469,273.4400
2013-08-12,281.4400,284.6400,279.3600,279.6800,515769,279.6800
2013-08-13,277.4400,281.6000,276.6400,280.3200,273788,280.3200
2013-08-14,283.2000,285.9200,282.5600,283.0400,203638,283.0400
2013-08-15,281.7600,290.0800,281.4400,288.9600,291638,288.9600
2013-08-16,286.2400,287.2000,285.1200,285.7600,167475,285.7600
2013-08-19,295.0400,296.0000,291.6800,291.6800,380381,291.6800
2013-08-20,294.4000,296.1600,290.7200,291.6800,132413,291.6800
2013-08-21,294.7200,294.8800,292.9600,293.6000,189200,293.6000
2013-08-22,296.1600,301.4400,295.8400,299.2000,309169,299.2000
2013-08-23,297.6000,298.5600,295.0400,296.0000,140406,296.0000
2013-08-26,298.8800,299.0400,295.5200,297.2800,126194,297.2800
2013-08-27,293.6000,300.8000,292.9600,300.1600,181738,300.1600
2013-08-28,298.4000,301.2800,295.0400,300.4800,168719,300.4800
2013-08-29,304.9600,306.4000,295.0400,303.6800,553319,303.6800
2013-08-30,302.7200,305.1200,299.8400,303.2000,170656,303.2000
2013-09-03,307.2000,309.1200,305.4400,308.0000,250881,308.0000
2013-09-04,308.0000,309.6000,305.7600,308.8000,143269,308.8000
2013-09-05,311.2000,311.5200,299.2000,300.4800,392681,300.4800
2013-09-06,297.7600,299.3600,295.5200,296.6400,184738,296.6400
2013-09-09,301.4400,304.1600,298.7200,303.2000,219144,303.2000
2013-09-10,300.8000,301.2800,297.4400,300.8000,329963,300.8000
2013-09-11,300.4800,303.8400,296.3200,299.2000,237769,299.2000
2013-09-12,298.7200,307.8400,298.0800,305.9200,345019,305.9200
2013-09-13,303.8400,309.7600,303.6800,308.0000,226094,308.0000
2013-09-16,307.5200,314.7200,307.3600,313.4400,264994,313.4400
2013-09-17,316.1600,316.1600,312.3200,313.1200,173138,313.1200
2013-09-18,312.1600,313.2800,308.4800,312.1600,149750,312.1600
2013-09-19,313.6000,319.6800,308.6400,311.3600,342500,311.3600
2013-09-20,308.6400,310.4000,307.0400,309.7600,124969,309.7600
2013-09-23,305.9200,307.8400,302.2400,302.7200,339388,302.7200
2013-09-24,300.0000,300.0000,292.8000,294.2400,446669,294.2400
2013-09-25,294.4000,296.1600,291.5200,292.4800,208456,292.4800
2013-09-26,289.1200,295.0400,284.9600,293.7600,407169,293.7600
2013-09-27,291.2000,296.8000,290.8800,295.6800,251375,295.6800
2013-09-30,290.8800,293.6000,288.8000,292.4800,180850,292.4800
2013-10-01,295.8400,300.4800,295.2000,296.6400,245231,296.6400
2013-10-02,298.7200,299.0400,291.0400,291.5200,212931,291.5200
2013-10-03,291.5200,291.8400,287.3600,288.4800,293238,288.4800
2013-10-04,289.6000,290.5600,286.4000,288.9600,142456,288.9600
2013-10-07,296.8000,300.9600,295.5200,298.5600,393656,298.5600
2013-10-08,304.1600,306.7200,303.3600,305.6000,310850,305.6000
2013-10-09,303.8400,305.2800,302.0800,303.0400,181338,303.0400
2013-10-10,307.5200,312.0000,305.7600,306.8800,353550,306.8800
2013-10-11,308.9600,311.2000,308.4800,310.7200,199269,310.7200
2013-10-14,314.4000,314.5600,309.1200,313.2800,190869,313.2800
2013-10-15,314.0800,315.0400,310.2400,312.6400,195681,312.6400
2013-10-16,315.0400,317.6000,308.8000,309.4400,259819,309.4400
2013-10-17,307.0400,309.2800,306.5600,309.2800,136981,309.2800
2013-10-18,305.7600,310.8800,303.3600,309.1200,197056,309.1200
2013-10-21,309.2800,309.4400,300.0000,301.2800,278800,301.2800
2013-10-22,297.7600,299.6800,293.6000,294.8800,351013,294.8800
2013-10-23,295.6800,297.7600,294.7200,296.1600,121400,296.1600
2013-10-24,292.8000,298.2400,290.8800,297.7600,212463,297.7600
2013-10-25,299.5200,303.8400,296.0000,302.8800,187638,302.8800
2013-10-28,292.6400,294.0800,289.7600,291.0400,456656,291.0400
2013-10-29,289.1200,291.5200,286.4000,288.8000,290706,288.8000
2013-10-30,289.2800,290.0800,286.4000,288.0000,184388,288.0000
2013-10-31,287.3600,287.6800,281.9200,284.3200,398425,284.3200
2013-11-01,279.6800,280.9600,278.4000,279.2000,332081,279.2000
2013-11-04,272.1600,273.6000,270.5600,273.4400,409494,273.4400
2013-11-05,271.3600,276.4800,270.8800,276.1600,264088,276.1600
2013-11-06,276.1600,281.2800,275.0400,277.6000,253963,277.6000
2013-11-07,285.1200,285.9200,277.7600,279.2000,348450,279.2000
2013-11-08,280.9600,284.6400,280.1600,282.7200,176281,282.7200
2013-11-11,284.0000,284.6400,280.9600,283.2000,144919,283.2000
2013-11-12,287.6800,289.9200,286.4000,288.6400,280544,288.6400
2013-11-13,286.0800,288.0000,282.0800,282.8800,238800,282.8800
2013-11-14,278.5600,287.2000,276.9600,286.2400,344425,286.2400
2013-11-15,287.5200,290.4000,285.6000,289.2800,226994,289.2800
2013-11-18,290.7200,291.6800,286.2400,286.7200,208788,286.7200
2013-11-19,287.0400,287.3600,281.2800,281.4400,247013,281.4400
2013-11-20,288.0000,290.8800,285.2800,290.0800,263894,290.0800
2013-11-21,292.1600,295.3600,290.0800,292.3200,302694,292.3200
2013-11-22,297.2800,299.0400,296.1600,298.5600,266531,298.5600
2013-11-25,301.7600,302.4000,297.2800,300.4800,300875,300.4800
2013-11-26,300.4800,302.8800,296.0000,302.0800,339806,302.0800
2013-11-27,302.0800,306.0800,301.6000,305.2800,348294,305.2800
2013-11-29,306.0800,309.1200,305.4400,306.4000,209119,306.4000
2013-12-02,306.0800,312.1600,305.6000,309.6000,311169,309.6000
2013-12-03,310.4000,313.9200,308.4800,310.0800,253250,310.0800
2013-12-04,311.8400,313.6000,309.2800,309.7600,236900,309.7600
2013-12-05,311.6800,324.0000,311.2000,323.0400,656713,323.0400
2013-12-06,325.4400,328.3200,320.8000,322.7200,324669,322.7200
2013-12-09,327.6800,331.8400,326.4000,331.2000,297713,331.2000
2013-12-10,334.2400,334.2400,328.1600,332.1600,341069,332.1600
2013-12-11,330.5600,339.3600,329.2800,339.3600,385706,339.3600
2013-12-12,344.3200,345.7600,336.6400,341.9200,856550,341.9200
2013-12-13,341.4400,347.2000,339.8400,342.5600,354138,342.5600
2013-12-16,333.6000,337.4400,331.8400,333.1200,510363,333.1200
2013-12-17,332.3200,338.4000,328.3200,334.7200,515544,334.7200
2013-12-18,336.1600,337.4400,332.6400,334.5600,205969,334.5600
2013-12-19,339.8400,350.4000,337.4400,348.0000,767400,348.0000
2013-12-20,347.3600,352.3200,346.5600,348.6400,288269,348.6400
2013-12-23,353.6000,355.0400,351.2000,352.8000,308038,352.8000
2013-12-24,348.9600,349.6000,345.4400,348.4800,141844,348.4800
2013-12-26,346.4000,351.3600,344.0000,348.9600,161075,348.9600
2013-12-27,343.6800,345.7600,338.5600,338.8800,474025,338.8800
2013-12-30,347.3600,348.1600,343.5200,345.1200,499638,345.1200
2013-12-31,338.8800,339.0400,329.1200,331.0400,653638,331.0400
2014-01-02,335.3600,337.4400,332.6400,334.8800,304894,334.8800
2014-01-03,333.1200,341.9200,327.6800,336.9600,555400,336.9600
2014-01-06,336.4800,338.2400,332.3200,335.3600,217775,335.3600
2014-01-07,342.8800,343.6800,332.3200,336.6400,381538,336.6400
2014-01-08,334.7200,336.8000,327.8400,327.8400,416769,327.8400
2014-01-09,323.2000,326.2400,311.5200,315.0400,747669,315.0400
2014-01-10,312.8000,319.2000,312.8000,316.9600,312463,316.9600
2014-01-13,328.4800,335.3600,327.3600,335.2000,611800,335.2000
2014-01-14,337.6000,341.1200,334.7200,339.5200,368725,339.5200
2014-01-15,342.7200,344.9600,336.3200,337.2800,338788,337.2800
2014-01-16,348.9600,349.1200,338.2400,340.3200,708700,340.3200
2014-01-17,336.8000,340.8000,334.0800,334.0800,361713,334.0800
2014-01-21,343.8400,345.2800,340.3200,344.6400,279031,344.6400
2014-01-22,354.8800,361.7600,353.1200,360.0000,785063,360.0000
2014-01-23,368.4800,370.8800,355.5200,364.9600,797481,364.9600
2014-01-24,375.3600,398.2400,373.2800,393.7600,1637669,393.7600
2014-01-27,386.4000,390.8800,367.2000,373.9200,1754669,373.9200
2014-01-28,375.3600,391.5200,374.8800,386.8800,1162813,386.8800
2014-01-29,394.0800,432.8000,391.8400,427.6800,2461269,427.6800
2014-01-30,408.3200,418.0800,387.0400,388.0000,3412438,388.0000
2014-01-31,389.1200,391.5200,372.6400,386.8800,1935781,386.8800
2014-02-03,383.2000,391.0400,380.6400,388.9600,846463,388.9600
2014-02-04,412.1600,426.0800,409.6000,418.4000,2592556,418.4000
2014-02-05,433.9200,436.9600,393.6000,404.9600,2510750,404.9600
2014-02-06,405.6000,408.4800,386.4000,396.0000,1580463,396.0000
2014-02-07,381.2800,392.0000,374.2400,377.9200,1433944,377.9200
2014-02-10,373.7600,377.6000,360.0000,362.4000,1503388,362.4000
2014-02-11,370.7200,386.7200,368.9600,386.5600,1624350,386.5600
2014-02-12,384.3200,395.3600,377.7600,380.0000,1357506,380.0000
2014-02-13,387.3600,406.4000,386.7200,403.2000,1987256,403.2000
2014-02-14,406.8800,411.8400,399.3600,399.6800,838088,399.6800
2014-02-18,415.5200,421.9200,413.7600,419.2000,1446981,419.2000
2014-02-19,429.9200,441.2800,428.3200,431.2000,2762075,431.2000
2014-02-20,432.9600,439.8400,425.7600,428.6400,1590331,428.6400
2014-02-21,437.6000,444.0000,426.7200,443.0400,1312938,443.0400
2014-02-24,444.6400,446.2400,406.8800,417.9200,2912000,417.9200
2014-02-25,404.4800,423.2000,404.1600,412.8000,1771444,412.8000
2014-02-26,404.9600,409.4400,399.0400,401.7600,1404238,401.7600
2014-02-27,399.3600,404.6400,394.7200,396.6400,837031,396.6400
2014-02-28,404.8000,412.8000,402.4000,408.1600,1106644,408.1600
2014-03-03,410.8800,413.2800,395.3600,398.0800,734294,398.0800
2014-03-04,408.1600,413.9200,400.3200,409.2800,1117519,409.2800
2014-03-05,406.8800,412.6400,399.2000,404.8000,928969,404.8000
2014-03-06,404.3200,415.8400,401.4400,411.2000,1085738,411.2000
2014-03-07,413.6000,413.6000,404.4800,408.8000,388063,408.8000
2014-03-10,408.1600,412.4800,403.6800,411.5200,389906,411.5200
2014-03-11,407.8400,411.5200,405.1200,407.2000,434719,407.2000
2014-03-12,396.9600,402.0800,396.4800,399.5200,639188,399.5200
2014-03-13,392.0000,393.7600,385.6000,388.9600,814063,388.9600
2014-03-14,391.0400,393.2800,387.5200,391.3600,445194,391.3600
2014-03-17,401.9200,403.2000,398.5600,398.5600,587750,398.5600
2014-03-18,396.6400,397.9200,393.6000,394.7200,330056,394.7200
2014-03-19,393.2800,397.6000,391.8400,395.6800,190888,395.6800
2014-03-20,391.6800,393.9200,386.2400,388.8000,628038,388.8000
2014-03-21,383.3600,384.8000,381.1200,383.6800,556619,383.6800
2014-03-24,381.2800,383.2000,379.3600,382.8800,260869,382.8800
2014-03-25,390.8800,394.7200,389.4400,392.9600,681744,392.9600
2014-03-26,390.7200,394.4000,388.1600,391.2000,390700,391.2000
2014-03-27,395.3600,407.0400,393.6000,401.6000,926250,401.6000
2014-03-28,403.2000,404.0000,399.2000,400.0000,385363,400.0000
2014-03-31,390.2400,391.6800,386.7200,390.7200,751631,390.7200
2014-04-01,385.9200,386.8800,380.6400,381.4400,607875,381.4400
2014-04-02,387.2000,390.8800,385.2800,388.9600,744850,388.9600
2014-04-03,393.4400,399.5200,389.1200,395.3600,741456,395.3600
2014-04-04,396.3200,398.8800,393.9200,395.0400,200344,395.0400
2014-04-07,401.2800,402.7200,397.4400,398.7200,508850,398.7200
2014-04-08,402.4000,405.6000,402.2400,404.1600,486300,404.1600
2014-04-09,402.7200,409.2800,401.9200,407.2000,414681,407.2000
2014-04-10,404.8000,419.0400,403.0400,412.6400,910044,412.6400
2014-04-11,413.2800,414.2400,410.2400,411.8400,205038,411.8400
2014-04-14,404.6400,407.6800,404.4800,406.0800,398281,406.0800
2014-04-15,409.6000,412.4800,403.3600,407.0400,316744,407.0400
2014-04-16,405.9200,406.8800,402.8800,403.6800,216194,403.6800
2014-04-17,401.4400,421.9200,399.3600,420.8000,1187800,420.8000
2014-04-21,422.7200,424.8000,417.6000,418.0800,211044,418.0800
2014-04-22,420.3200,422.8800,419.2000,422.4000,173169,422.4000
2014-04-23,424.0000,425.2800,420.3200,421.4400,138800,421.4400
2014-04-24,424.6400,426.5600,416.0000,417.4400,273488,417.4400
2014-04-25,416.0000,416.0000,411.6800,413.1200,394325,413.1200
2014-04-28,421.6000,426.8800,421.1200,423.2000,722775,423.2000
2014-04-29,423.2000,429.7600,422.0800,429.2800,461544,429.2800
2014-04-30,422.5600,430.0800,421.2800,424.8000,351500,424.8000
2014-05-01,425.4400,426.0800,417.2800,417.7600,394131,417.7600
2014-05-02,420.4800,420.8000,414.2400,415.8400,191581,415.8400
2014-05-05,416.9600,419.0400,415.2000,416.4800,182781,416.4800
2014-05-06,423.3600,426.2400,422.4000,426.0800,421675,426.0800
2014-05-07,424.3200,424.4800,417.2800,420.8000,365938,420.8000
2014-05-08,417.9200,417.9200,404.3200,405.9200,833794,405.9200
2014-05-09,402.5600,403.0400,398.7200,401.7600,350519,401.7600
2014-05-12,395.6800,396.8000,392.1600,392.1600,370338,392.1600
2014-05-13,392.1600,393.2800,385.4400,387.3600,385519,387.3600
2014-05-14,388.1600,390.2400,384.6400,388.4800,202456,388.4800
2014-05-15,385.7600,399.6800,381.6000,394.0800,617738,394.0800
2014-05-16,391.5200,394.0800,390.7200,391.0400,115725,391.0400
2014-05-19,396.8000,400.3200,394.2400,396.1600,585213,396.1600
2014-05-20,397.9200,404.0000,396.9600,402.2400,275088,402.2400
2014-05-21,400.8000,402.4000,395.5200,396.4800,186594,396.4800
2014-05-22,395.3600,398.4000,384.9600,386.8800,645300,386.8800
2014-05-23,389.2800,390.2400,386.2400,389.7600,202281,389.7600
2014-05-27,392.1600,399.5200,392.1600,397.2800,469131,397.2800
2014-05-28,400.9600,409.1200,400.1600,407.5200,500306,407.5200
2014-05-29,409.6000,411.5200,400.6400,404.8000,391263,404.8000
2014-05-30,398.8800,405.6000,397.1200,403.2000,312881,403.2000
2014-06-02,401.1200,408.6400,400.6400,408.3200,342163,408.3200
2014-06-03,411.0400,412.3200,407.0400,407.2000,245944,407.2000
2014-06-04,406.2400,411.5200,406.2400,411.2000,199569,411.2000
2014-06-05,413.6000,417.6000,405.6000,414.2400,410806,414.2400
2014-06-06,415.2000,418.8800,413.9200,418.0800,241900,418.0800
2014-06-09,414.4000,417.4400,410.0800,411.3600,254269,411.3600
2014-06-10,405.9200,407.3600,400.1600,401.2800,389525,401.2800
2014-06-11,403.2000,404.3200,398.4000,399.6800,156150,399.6800
2014-06-12,401.9200,421.6000,400.9600,419.6800,1045463,419.6800
2014-06-13,419.2000,422.2400,417.2800,420.0000,210413,420.0000
2014-06-16,418.4000,422.7200,413.1200,416.9600,361344,416.9600
2014-06-17,414.0800,418.8800,414.0800,416.4800,148344,416.4800
2014-06-18,419.2000,419.3600,411.0400,412.8000,221125,412.8000
2014-06-19,412.9600,415.8400,404.9600,406.5600,385269,406.5600
2014-06-20,402.7200,404.4800,400.4800,404.4800,350950,404.4800
2014-06-23,396.6400,398.4000,393.9200,395.0400,401419,395.0400
2014-06-24,397.4400,403.5200,396.0000,400.9600,461669,400.9600
2014-06-25,405.4400,405.7600,399.6800,403.2000,146919,403.2000
2014-06-26,404.0000,404.0000,388.6400,392.1600,829106,392.1600
2014-06-27,388.4800,391.0400,385.7600,390.4000,348575,390.4000
2014-06-30,390.2400,396.1600,386.2400,393.6000,234413,393.6000
2014-07-01,390.8800,395.5200,390.4000,391.5200,195194,391.5200
2014-07-02,388.1600,388.4800,382.4000,384.1600,523619,384.1600
2014-07-03,382.7200,388.8000,381.7600,385.6000,251919,385.6000
2014-07-07,377.4400,378.2400,370.4000,373.6000,546275,373.6000
2014-07-08,370.4000,373.6000,364.0000,372.8000,555956,372.8000
2014-07-09,371.0400,372.8000,367.0400,367.8400,317338,367.8400
2014-07-10,367.6800,369.4400,362.5600,363.0400,248000,363.0400
2014-07-11,363.5200,365.9200,362.4000,365.6000,189038,365.6000
2014-07-14,366.5600,367.2000,360.8000,366.2400,188025,366.2400
2014-07-15,364.8000,365.9200,359.8400,360.4800,231738,360.4800
2014-07-16,364.6400,365.6000,362.4000,362.5600,203631,362.5600
2014-07-17,357.6000,358.0800,347.0400,349.9200,994519,349.9200
2014-07-18,348.8000,349.6000,347.0400,348.3200,146225,348.3200
2014-07-21,343.0400,343.2000,338.7200,340.9600,335931,340.9600
2014-07-22,337.9200,338.5600,332.9600,333.2800,276106,333.2800
2014-07-23,335.0400,336.8000,332.0000,332.3200,281263,332.3200
2014-07-24,333.9200,342.8800,333.9200,338.8800,595444,338.8800
2014-07-25,335.2000,335.5200,331.6800,333.2800,225231,333.2800
2014-07-28,339.2000,339.3600,329.4400,331.5200,290731,331.5200
2014-07-29,332.3200,337.1200,329.4400,336.6400,303519,336.6400
2014-07-30,332.4800,334.4000,330.0800,332.6400,256563,332.6400
2014-07-31,332.9600,342.5600,331.2000,337.6000,661088,337.6000
2014-08-01,334.7200,341.2800,334.0800,334.7200,242700,334.7200
2014-08-04,335.6800,339.3600,335.0400,339.0400,170775,339.0400
2014-08-05,343.0400,344.6400,341.7600,342.7200,291069,342.7200
2014-08-06,343.5200,347.5200,341.4400,347.3600,324338,347.3600
2014-08-07,349.2800,352.0000,339.8400,342.4000,466538,342.4000
2014-08-08,344.9600,349.9200,343.8400,349.6000,532025,349.6000
2014-08-11,351.6800,351.8400,345.2800,350.7200,338794,350.7200
2014-08-12,349.4400,352.9600,348.1600,350.0800,173650,350.0800
2014-08-13,342.8800,343.8400,336.1600,336.9600,735619,336.9600
2014-08-14,338.4000,346.7200,338.2400,343.0400,617013,343.0400
2014-08-15,335.3600,335.5200,331.3600,333.6000,739394,333.6000
2014-08-18,334.0800,336.8000,332.8000,333.7600,336363,333.7600
2014-08-19,340.8000,343.8400,339.3600,340.9600,610413,340.9600
2014-08-20,339.5200,339.6800,334.2400,337.1200,353794,337.1200
2014-08-21,340.8000,344.0000,334.4000,342.0800,260813,342.0800
2014-08-22,342.5600,343.0400,337.7600,339.3600,134494,339.3600
2014-08-25,345.7600,347.6800,344.6400,347.5200,444400,347.5200
2014-08-26,348.4800,348.9600,343.6800,346.2400,155456,346.2400
2014-08-27,349.7600,351.6800,343.2000,350.0800,480500,350.0800
2014-08-28,352.3200,356.9600,346.8800,353.6000,382544,353.6000
2014-08-29,350.4000,356.3200,350.2400,356.1600,214431,356.1600
2014-09-02,345.1200,347.3600,339.0400,340.9600,828313,340.9600
2014-09-03,337.6000,338.2400,334.2400,336.3200,403406,336.3200
2014-09-04,336.6400,338.5600,330.7200,334.2400,462969,334.2400
2014-09-05,333.1200,334.8800,329.9200,332.1600,249806,332.1600
2014-09-08,335.2000,339.0400,333.4400,338.2400,429675,338.2400
2014-09-09,347.8400,349.4400,345.9200,346.4000,630900,346.4000
2014-09-10,345.9200,346.5600,343.5200,344.6400,250819,344.6400
2014-09-11,339.0400,343.2000,332.1600,335.3600,740281,335.3600
2014-09-12,331.6800,336.6400,330.7200,335.5200,229938,335.5200
2014-09-15,342.7200,344.4800,340.4800,342.4000,419613,342.4000
2014-09-16,337.7600,348.9600,337.4400,348.1600,422863,348.1600
2014-09-17,349.7600,351.2000,348.6400,349.9200,183725,349.9200
2014-09-18,349.4400,350.0800,340.4800,341.4400,501925,341.4400
2014-09-19,336.1600,337.6000,334.7200,335.2000,385331,335.2000
2014-09-22,337.2800,338.0800,331.8400,335.5200,210888,335.5200
2014-09-23,337.9200,339.5200,331.8400,333.1200,194494,333.1200
2014-09-24,333.2800,341.1200,331.2000,338.8800,316544,338.8800
2014-09-25,336.6400,344.6400,332.1600,343.8400,429594,343.8400
2014-09-26,341.7600,346.5600,340.8000,345.2800,342550,345.2800
2014-09-29,348.3200,357.1200,347.5200,353.2800,663056,353.2800
2014-09-30,354.5600,356.6400,351.6800,353.7600,368275,353.7600
2014-10-01,355.8400,356.4800,344.6400,344.9600,387756,344.9600
2014-10-02,341.4400,344.8000,335.3600,340.4800,694238,340.4800
2014-10-03,339.6800,347.2000,339.3600,346.0800,300344,346.0800
2014-10-06,335.3600,337.6000,333.6000,335.3600,635825,335.3600
2014-10-07,334.7200,340.3200,334.5600,338.0800,354644,338.0800
2014-10-08,334.5600,336.0000,329.2800,330.8800,691475,330.8800
2014-10-09,329.4400,338.0800,327.2000,331.8400,650213,331.8400
2014-10-10,331.8400,333.4400,328.9600,331.0400,170831,331.0400
2014-10-13,330.7200,336.8000,330.7200,335.5200,361369,335.5200
2014-10-14,337.9200,339.2000,326.4000,328.0000,721363,328.0000
2014-10-15,324.0000,327.5200,322.8800,326.7200,315319,326.7200
2014-10-16,326.4000,327.8400,321.1200,326.5600,373863,326.5600
2014-10-17,323.5200,324.3200,319.0400,323.5200,349288,323.5200
2014-10-20,317.7600,317.9200,314.5600,315.5200,531031,315.5200
2014-10-21,314.7200,318.5600,313.1200,318.0800,336950,318.0800
2014-10-22,314.7200,317.4400,312.9600,313.6000,414806,313.6000
2014-10-23,310.5600,315.2000,307.3600,312.3200,759131,312.3200
2014-10-24,306.7200,310.2400,304.8000,309.7600,264250,309.7600
2014-10-27,304.4800,308.4800,303.2000,304.1600,407706,304.1600
2014-10-28,305.4400,314.8800,303.6800,313.4400,524981,313.4400
2014-10-29,315.8400,322.0800,314.4000,317.4400,705275,317.4400
2014-10-30,319.5200,321.1200,316.6400,320.9600,324094,320.9600
2014-10-31,326.4000,329.1200,321.2800,324.4800,497738,324.4800
2014-11-03,336.0000,339.2000,333.9200,337.9200,624981,337.9200
2014-11-04,340.8000,349.6000,339.3600,347.8400,840906,347.8400
2014-11-05,351.6800,353.1200,346.8800,351.3600,547694,351.3600
2014-11-06,349.2800,372.8000,344.1600,370.5600,1368638,370.5600
2014-11-07,360.8000,375.8400,358.7200,366.4000,1060413,366.4000
2014-11-10,369.9200,372.8000,355.3600,359.2000,856094,359.2000
2014-11-11,349.4400,360.4800,349.1200,353.2800,800350,353.2800
2014-11-12,350.8800,353.6000,347.6800,348.6400,558406,348.6400
2014-11-13,344.1600,348.1600,332.1600,333.4400,998106,333.4400
2014-11-14,335.5200,341.1200,329.7600,340.8000,656638,340.8000
2014-11-17,347.6800,362.7200,347.5200,359.2000,1165969,359.2000
2014-11-18,356.1600,363.2000,348.1600,356.3200,951769,356.3200
2014-11-19,370.5600,377.9200,366.8800,370.0800,1296369,370.0800
2014-11-20,374.0800,379.6800,360.1600,376.1600,1365575,376.1600
2014-11-21,365.4400,368.1600,358.8800,359.6800,898475,359.6800
2014-11-24,345.9200,351.8400,345.2800,349.6000,920194,349.6000
2014-11-25,347.3600,361.9200,346.5600,361.1200,760881,361.1200
2014-11-26,359.6800,368.9600,353.6000,353.7600,901513,353.7600
2014-11-28,345.6000,346.5600,338.8800,340.1600,391550,340.1600
2014-12-01,324.4800,329.4400,320.1600,327.3600,1214563,327.3600
2014-12-02,319.8400,322.8800,314.4000,316.0000,941800,316.0000
2014-12-03,310.5600,313.4400,306.2400,309.7600,672125,309.7600
2014-12-04,305.6000,306.4000,296.6400,296.9600,676738,296.9600
2014-12-05,303.6800,311.5200,301.6000,309.4400,727313,309.4400
2014-12-08,300.9600,301.7600,292.3200,295.5200,811669,295.5200
2014-12-09,295.5200,302.4000,294.5600,296.4800,413206,296.4800
2014-12-10,299.0400,304.9600,295.6800,301.7600,571913,301.7600
2014-12-11,302.0800,307.8400,294.7200,298.2400,767556,298.2400
2014-12-12,305.6000,312.0000,303.2000,307.5200,775081,307.5200
2014-12-15,310.7200,312.4800,301.7600,304.3200,587519,304.3200
2014-12-16,297.4400,300.8000,293.9200,296.4800,512019,296.4800
2014-12-17,302.4000,302.8800,298.5600,300.8000,332688,300.8000
2014-12-18,307.2000,310.0800,297.2800,299.8400,572944,299.8400
2014-12-19,287.6800,288.8000,281.9200,283.2000,978144,283.2000
2014-12-22,263.6800,267.0400,256.4800,261.7600,1194125,261.7600
2014-12-23,256.0000,261.2800,254.5600,259.6800,525794,259.6800
2014-12-24,254.8800,256.0000,246.8800,249.7600,395156,249.7600
2014-12-26,247.5200,248.9600,243.5200,247.6800,436750,247.6800
2014-12-29,251.6800,260.1600,250.0800,257.1200,934381,257.1200
2014-12-30,250.5600,252.8000,249.4400,251.5200,470350,251.5200
2014-12-31,245.9200,247.0400,233.6000,236.3200,1066500,236.3200
2015-01-02,241.1200,250.7200,239.3600,239.3600,939575,239.3600
2015-01-05,249.6000,249.7600,232.9600,237.9200,986050,237.9200
2015-01-06,233.4400,239.3600,229.7600,238.8800,553613,238.8800
2015-01-07,238.8800,243.8400,228.9600,233.2800,970206,233.2800
2015-01-08,231.5200,239.2000,230.2400,239.0400,900994,239.0400
2015-01-09,239.5200,241.2800,234.0800,239.8400,423806,239.8400
2015-01-12,233.7600,234.2400,225.4400,226.8800,881463,226.8800
2015-01-13,230.5600,240.4800,228.8000,239.0400,623206,239.0400
2015-01-14,250.2400,267.0400,249.2800,266.8800,2096700,266.8800
2015-01-15,264.6400,270.8800,247.3600,257.9200,1319419,257.9200
2015-01-16,246.8800,260.4800,246.4000,251.0400,925681,251.0400
2015-01-20,238.5600,239.2000,229.6000,235.0400,1362575,235.0400
2015-01-21,236.9600,242.0800,232.3200,240.3200,790731,240.3200
2015-01-22,235.5200,236.9600,225.7600,232.8000,1130294,232.8000
2015-01-23,238.0800,242.2400,237.1200,239.5200,811500,239.5200
2015-01-26,234.7200,239.2000,229.4400,232.8000,900513,232.8000
2015-01-27,238.0800,242.0800,236.1600,236.4800,653725,236.4800
2015-01-28,232.6400,235.0400,228.0000,232.8000,708744,232.8000
2015-01-29,231.5200,233.1200,218.2400,222.0800,1562594,222.0800
2015-01-30,217.9200,221.7600,216.4800,218.7200,801594,218.7200
2015-02-02,217.1200,219.6800,213.1200,218.7200,645869,218.7200
2015-02-03,217.9200,227.2000,216.3200,225.2800,741169,225.2800
2015-02-04,222.4000,222.4000,216.3200,217.1200,600488,217.1200
2015-02-05,214.4000,217.1200,210.5600,212.4800,841831,212.4800
2015-02-06,212.3200,214.5600,210.0800,210.7200,594456,210.7200
2015-02-09,212.6400,213.9200,209.9200,212.8000,704369,212.8000
2015-02-10,217.7600,224.1600,215.8400,219.5200,1069088,219.5200
2015-02-11,232.1600,232.3200,224.9600,230.4000,791663,230.4000
2015-02-12,228.4800,229.6000,218.8800,222.0800,924175,222.0800
2015-02-13,219.2000,228.9600,218.2400,227.5200,442056,227.5200
2015-02-17,226.8800,227.3600,220.3200,227.0400,534113,227.0400
2015-02-18,226.7200,232.4800,224.1600,229.7600,696156,229.7600
2015-02-19,231.3600,234.8800,228.0000,231.2000,668900,231.2000
2015-02-20,241.4400,243.8400,237.9200,240.4800,894688,240.4800
2015-02-23,239.5200,241.2800,231.6800,233.4400,875619,233.4400
2015-02-24,234.4000,241.1200,233.1200,234.0800,472225,234.0800
2015-02-25,236.9600,239.0400,229.6000,232.0000,595375,232.0000
2015-02-26,227.5200,229.9200,218.0800,218.2400,878150,218.2400
2015-02-27,220.9600,222.5600,219.3600,219.8400,357925,219.8400
2015-03-02,221.9200,223.0400,218.0800,218.7200,281113,218.7200
2015-03-03,218.7200,221.6000,216.8000,219.3600,445550,219.3600
2015-03-04,224.1600,225.2800,221.9200,224.8000,595313,224.8000
2015-03-05,224.4800,232.1600,223.6800,230.2400,556513,230.2400
2015-03-06,228.0000,232.6400,226.5600,229.9200,323988,229.9200
2015-03-09,219.0400,222.2400,216.4800,217.9200,632331,217.9200
2015-03-10,220.6400,222.2400,219.3600,220.8000,426238,220.8000
2015-03-11,224.9600,230.7200,224.0000,229.2800,583275,229.2800
2015-03-12,229.6000,232.4800,220.9600,222.4000,452500,222.4000
2015-03-13,218.0800,223.0400,217.6000,220.9600,414744,220.9600
2015-03-16,217.9200,222.2400,217.2800,222.2400,297619,222.2400
2015-03-17,229.2800,231.0400,225.1200,230.4000,360175,230.4000
2015-03-18,225.2800,237.1200,224.8000,234.7200,335363,234.7200
2015-03-19,230.0800,230.7200,224.9600,228.1600,848688,228.1600
2015-03-20,232.6400,235.6800,224.3200,225.6000,704656,225.6000
2015-03-23,220.3200,223.6800,218.7200,222.4000,415588,222.4000
2015-03-24,226.5600,227.6800,224.0000,225.6000,352619,225.6000
2015-03-25,223.5200,223.5200,219.8400,221.1200,363306,221.1200
2015-03-26,221.1200,221.9200,214.7200,215.8400,491863,215.8400
2015-03-27,213.2800,213.6000,210.4000,213.2800,470419,213.2800
2015-03-30,214.4000,214.7200,212.0000,212.3200,354338,212.3200
2015-03-31,213.4400,214.7200,211.8400,211.8400,243625,211.8400
2015-04-01,210.4000,210.8800,207.8400,209.6000,417825,209.6000
2015-04-02,211.0400,218.5600,210.5600,217.6000,562638,217.6000
2015-04-06,212.6400,214.2400,212.1600,213.4400,265506,213.4400
2015-04-07,213.6000,217.1200,213.4400,213.9200,271613,213.9200
2015-04-08,212.6400,213.4400,209.9200,210.8800,455406,210.8800
2015-04-09,210.4000,211.5200,202.7200,204.0000,691681,204.0000
2015-04-10,204.4800,204.8000,201.2800,201.7600,341556,201.7600
2015-04-13,202.5600,204.3200,199.8400,201.4400,331844,201.4400
2015-04-14,204.3200,204.8000,202.0800,203.2000,229275,203.2000
2015-04-15,206.0800,210.7200,205.7600,208.4800,433138,208.4800
2015-04-16,207.3600,215.8400,204.6400,215.3600,662156,215.3600
2015-04-17,213.2800,214.7200,211.0400,211.8400,203906,211.8400
2015-04-20,204.6400,206.2400,203.6800,204.4800,512150,204.4800
2015-04-21,207.0400,208.3200,205.6000,206.8800,232775,206.8800
2015-04-22,208.9600,210.7200,208.4800,208.8000,228625,208.8000
2015-04-23,205.6000,206.8800,203.0400,204.1600,649494,204.1600
2015-04-24,204.1600,205.2800,201.9200,203.3600,197831,203.3600
2015-04-27,197.2800,199.0400,196.4800,198.2400,459206,198.2400
2015-04-28,200.0000,201.1200,198.2400,200.0000,245713,200.0000
2015-04-29,202.5600,206.4000,202.2400,204.4800,411881,204.4800
2015-04-30,203.5200,218.7200,202.2400,215.3600,842238,215.3600
2015-05-01,217.1200,221.2800,216.6400,219.3600,357031,219.3600
2015-05-04,218.4000,223.2000,217.4400,222.4000,269125,222.4000
2015-05-05,220.6400,222.8800,218.5600,220.6400,308481,220.6400
2015-05-06,219.8400,222.8800,218.5600,218.7200,216125,218.7200
2015-05-07,221.4400,222.7200,214.0800,216.8000,345544,216.8000
2015-05-08,226.0800,228.1600,223.5200,226.0800,538713,226.0800
2015-05-11,226.4000,228.0000,220.9600,222.5600,277631,222.5600
2015-05-12,227.8400,231.5200,227.3600,229.1200,373744,229.1200
2015-05-13,227.3600,234.7200,226.2400,231.6800,323119,231.6800
2015-05-14,229.4400,238.4000,228.4800,237.4400,378988,237.4400
2015-05-15,237.2800,239.6800,234.8800,238.0800,180706,238.0800
2015-05-18,239.6800,240.4800,235.8400,238.4000,149294,238.4000
2015-05-19,243.2000,244.4800,231.6800,233.9200,603931,233.9200
2015-05-20,235.2000,236.1600,228.6400,231.3600,211419,231.3600
2015-05-21,232.9600,238.5600,231.2000,233.1200,406706,233.1200
2015-05-22,229.6000,231.0400,226.0800,226.4000,196300,226.4000
2015-05-26,221.2800,222.0800,218.7200,221.1200,293788,221.1200
2015-05-27,220.6400,222.0800,219.0400,220.4800,272388,220.4800
2015-05-28,216.1600,217.2800,209.7600,210.7200,618231,210.7200
2015-05-29,207.6800,208.1600,204.3200,205.9200,483163,205.9200
2015-06-01,204.3200,207.2000,204.3200,206.2400,257594,206.2400
2015-06-02,204.3200,209.9200,201.7600,209.2800,515994,209.2800
2015-06-03,206.4000,207.0400,203.6800,204.8000,419475,204.8000
2015-06-04,203.6800,206.8800,198.7200,204.0000,560063,204.0000
2015-06-05,200.8000,202.7200,200.3200,200.6400,446088,200.6400
2015-06-08,207.3600,210.4000,206.2400,209.9200,435244,209.9200
2015-06-09,217.1200,220.9600,216.3200,219.8400,709994,219.8400
2015-06-10,222.7200,225.1200,219.2000,224.3200,562969,224.3200
2015-06-11,224.4800,225.9200,218.4000,218.8800,513844,218.8800
2015-06-12,216.9600,218.5600,212.8000,214.0800,382606,214.0800
2015-06-15,219.6800,224.9600,218.8800,224.4800,716694,224.4800
2015-06-16,221.9200,224.8000,219.2000,224.6400,525356,224.6400
2015-06-17,226.5600,228.8000,220.3200,221.7600,426144,221.7600
2015-06-18,219.8400,222.5600,215.0400,216.1600,565175,216.1600
2015-06-19,213.7600,219.5200,213.4400,217.6000,279031,217.6000
2015-06-22,211.3600,212.9600,211.0400,212.3200,373819,212.3200
2015-06-23,215.5200,216.1600,210.0800,211.3600,270294,211.3600
2015-06-24,212.4800,214.5600,211.2000,214.0800,161938,214.0800
2015-06-25,216.6400,220.3200,215.0400,219.5200,667331,219.5200
2015-06-26,215.0400,217.1200,212.4800,213.1200,843231,213.1200
2015-06-29,216.1600,218.2400,212.4800,215.3600,439850,215.3600
2015-06-30,211.5200,217.9200,211.5200,216.9600,378081,216.9600
2015-07-01,216.1600,216.4800,212.0000,213.4400,303769,213.4400
2015-07-02,216.9600,221.4400,216.0000,216.9600,520550,216.9600
2015-07-06,211.3600,213.7600,211.2000,211.5200,548125,211.5200
2015-07-07,208.9600,209.4400,206.4000,209.1200,330644,209.1200
2015-07-08,210.8800,211.0400,205.4400,206.4000,448700,206.4000
2015-07-09,205.9200,210.0800,203.2000,209.6000,511225,209.6000
2015-07-10,213.4400,215.3600,212.0000,212.8000,483125,212.8000
2015-07-13,218.4000,221.2800,217.7600,219.3600,410306,219.3600
2015-07-14,222.2400,222.7200,216.6400,217.7600,306288,217.7600
2015-07-15,222.0800,224.8000,220.6400,223.0400,398163,223.0400
2015-07-16,222.4000,224.0000,218.4000,219.8400,437625,219.8400
2015-07-17,220.0000,221.7600,217.9200,221.7600,222531,221.7600
2015-07-20,215.5200,220.9600,215.0400,217.4400,385106,217.4400
2015-07-21,221.4400,222.4000,219.8400,221.9200,247963,221.9200
2015-07-22,223.0400,223.3600,218.8800,222.2400,251881,222.2400
2015-07-23,223.3600,226.7200,215.5200,216.6400,493163,216.6400
2015-07-24,214.2400,215.5200,212.4800,213.6000,205388,213.6000
2015-07-27,214.4000,216.0000,213.6000,213.9200,131250,213.9200
2015-07-28,215.2000,218.4000,213.7600,215.6800,241788,215.6800
2015-07-29,218.0800,220.0000,217.2800,219.3600,236300,219.3600
2015-07-30,215.8400,218.2400,212.0000,213.2800,368163,213.2800
2015-07-31,212.8000,212.9600,207.5200,208.6400,341413,208.6400
2015-08-03,210.5600,211.5200,207.6800,211.2000,240425,211.2000
2015-08-04,215.5200,216.3200,212.9600,215.2000,262463,215.2000
2015-08-05,218.7200,218.8800,213.4400,213.4400,230100,213.4400
2015-08-06,209.9200,217.6000,209.6000,215.3600,331806,215.3600
2015-08-07,214.7200,216.3200,211.6800,214.5600,226956,214.5600
2015-08-10,218.0800,218.4000,216.1600,217.6000,195100,217.6000
2015-08-11,217.1200,218.8800,214.4000,218.5600,203069,218.5600
2015-08-12,221.4400,224.9600,221.2800,224.1600,281400,224.1600
2015-08-13,223.5200,224.3200,213.4400,214.8800,448494,214.8800
2015-08-14,214.8800,216.1600,213.4400,215.2000,115788,215.2000
2015-08-17,210.5600,210.8800,208.6400,209.9200,294625,209.9200
2015-08-18,207.0400,208.8000,206.5600,208.3200,239469,208.3200
2015-08-19,208.1600,208.8000,206.4000,207.3600,152869,207.3600
2015-08-20,207.3600,212.9600,207.0400,210.5600,434338,210.5600
2015-08-21,207.5200,207.6800,203.8400,204.4800,507194,204.4800
2015-08-24,200.6400,205.2800,200.3200,202.0800,348250,202.0800
2015-08-25,202.8800,204.4800,201.1200,204.3200,221388,204.3200
2015-08-26,204.3200,205.1200,203.3600,203.8400,132000,203.8400
2015-08-27,202.7200,204.9600,200.0000,202.2400,515619,202.2400
2015-08-28,205.6000,206.0800,203.8400,205.7600,161169,205.7600
2015-08-31,202.0800,203.5200,200.1600,203.2000,547256,203.2000
2015-09-01,205.2800,205.7600,201.9200,203.3600,291719,203.3600
2015-09-02,201.6000,202.0800,199.3600,199.3600,465869,199.3600
2015-09-03,199.5200,206.8800,199.3600,205.4400,977038,205.4400
2015-09-04,203.3600,204.0000,200.3200,200.6400,468588,200.6400
2015-09-08,203.3600,205.9200,202.8800,204.3200,467006,204.3200
2015-09-09,201.7600,202.2400,199.6800,200.8000,379144,200.8000
2015-09-10,202.0800,206.7200,201.4400,202.4000,810569,202.4000
2015-09-11,203.5200,205.4400,203.2000,204.0000,191569,204.0000
2015-09-14,204.8000,209.4400,204.3200,208.4800,225988,208.4800
2015-09-15,207.6800,209.4400,205.7600,206.2400,122294,206.2400
2015-09-16,203.3600,204.0000,201.1200,201.7600,287731,201.7600
2015-09-17,200.9600,203.0400,198.8800,200.9600,271000,200.9600
2015-09-18,198.4000,199.3600,196.8000,197.2800,202538,197.2800
2015-09-21,193.7600,195.8400,193.4400,194.5600,189756,194.5600
2015-09-22,194.4000,195.3600,193.9200,193.9200,100775,193.9200
2015-09-23,194.7200,195.8400,193.2800,194.0800,129819,194.0800
2015-09-24,193.6000,196.8000,190.5600,196.4800,225763,196.4800
2015-09-25,194.0800,194.2400,191.2000,193.2800,374819,193.2800
2015-09-28,199.5200,199.5200,194.7200,196.3200,271044,196.3200
2015-09-29,192.3200,193.2800,189.7600,190.0800,196525,190.0800
2015-09-30,189.9200,190.0800,184.6400,185.7600,413969,185.7600
2015-10-01,182.8800,184.3200,177.9200,178.7200,481919,178.7200
2015-10-02,178.4000,181.1200,177.7600,180.4800,296638,180.4800
2015-10-05,180.8000,183.2000,179.6800,180.9600,1094813,180.9600
2015-10-06,180.0000,182.8800,179.6800,181.9200,466713,181.9200
2015-10-07,184.9600,186.0800,181.7600,182.2400,307725,182.2400
2015-10-08,183.3600,185.9200,182.5600,183.0400,388975,183.0400
2015-10-09,183.8400,185.4400,183.0400,185.2800,225938,185.2800
2015-10-12,185.6000,187.2000,184.4800,186.7200,204700,186.7200
2015-10-13,184.8000,187.6800,182.8800,183.3600,181338,183.3600
2015-10-14,184.8000,186.5600,183.2000,186.2400,283094,186.2400
2015-10-15,188.3200,189.1200,180.4800,180.9600,391875,180.9600
2015-10-16,179.6800,179.8400,177.9200,178.4000,165238,178.4000
2015-10-19,179.8400,181.4400,178.7200,179.3600,150169,179.3600
2015-10-20,180.9600,181.7600,179.3600,180.9600,138956,180.9600
2015-10-21,176.9600,176.9600,174.2400,175.2000,464038,175.2000
2015-10-22,175.3600,176.9600,172.1600,173.7600,421369,173.7600
2015-10-23,170.2400,170.8800,167.3600,168.3200,462619,168.3200
2015-10-26,163.3600,163.5200,157.9200,159.8400,844519,159.8400
2015-10-27,159.6800,162.8800,158.5600,159.8400,365506,159.8400
2015-10-28,155.0400,156.1600,152.6400,154.7200,587713,154.7200
2015-10-29,157.4400,159.8400,150.7200,152.0000,525081,152.0000
2015-10-30,149.7600,157.4400,149.6000,156.9600,466056,156.9600
2015-11-02,151.6800,153.4400,150.8800,151.8400,480581,151.8400
2015-11-03,151.2000,154.2400,150.7200,152.9600,352719,152.9600
2015-11-04,155.0400,156.1600,152.0000,153.1200,484956,153.1200
2015-11-05,155.6800,160.6400,155.2000,160.1600,356388,160.1600
2015-11-06,156.8000,161.6000,156.1600,158.2400,247794,158.2400
2015-11-09,156.0000,156.0000,153.2800,155.2000,543719,155.2000
2015-11-10,158.4000,159.3600,156.1600,156.6400,217844,156.6400
2015-11-11,156.4800,157.1200,151.5200,152.9600,267288,152.9600
2015-11-12,151.6800,154.0800,151.2000,153.9200,226063,153.9200
2015-11-13,155.3600,159.0400,154.2400,159.0400,394950,159.0400
2015-11-16,158.0800,161.2800,157.2800,158.0800,317888,158.0800
2015-11-17,155.3600,159.6800,154.7200,158.0800,267400,158.0800
2015-11-18,157.7600,158.5600,155.0400,155.5200,193406,155.5200
2015-11-19,154.4000,156.9600,149.7600,149.7600,617719,149.7600
2015-11-20,147.0400,147.2000,143.2000,143.5200,692594,143.5200
2015-11-23,144.4800,147.0400,143.2000,145.7600,304163,145.7600
2015-11-24,142.0800,146.0800,141.7600,144.8000,346894,144.8000
2015-11-25,143.3600,146.8800,142.4000,143.6800,210275,143.6800
2015-11-27,139.8400,140.4800,137.9200,139.3600,268250,139.3600
2015-11-30,138.8800,140.8000,138.7200,139.5200,247238,139.5200
2015-12-01,140.1600,141.2800,137.2800,139.5200,275381,139.5200
2015-12-02,137.4400,137.6000,134.5600,135.6800,445119,135.6800
2015-12-03,133.6000,137.6000,133.4400,136.8000,293669,136.8000
2015-12-04,136.6400,137.4400,135.6800,136.4800,184194,136.4800
2015-12-07,132.8000,133.2800,128.8000,129.2800,652956,129.2800
2015-12-08,128.3200,130.5600,127.2000,129.7600,319025,129.7600
2015-12-09,130.5600,131.6800,128.1600,128.9600,232381,128.9600
2015-12-10,127.5200,131.3600,125.1200,125.2800,433950,125.2800
2015-12-11,123.8400,125.7600,122.8800,123.5200,331544,123.5200
2015-12-14,118.2400,118.8800,116.4800,118.5600,487369,118.5600
2015-12-15,116.1600,116.3200,112.3200,112.6400,551150,112.6400
2015-12-16,114.0800,115.6800,111.2000,114.4000,480719,114.4000
2015-12-17,114.2400,115.3600,110.5600,110.7200,624044,110.7200
2015-12-18,112.6400,113.1200,110.5600,111.3600,327163,111.3600
2015-12-21,114.2400,119.6800,113.7600,118.8800,694194,118.8800
2015-12-22,115.6800,118.2400,115.2000,116.8000,242706,116.8000
2015-12-23,116.1600,122.5600,115.0400,121.4400,462544,121.4400
2015-12-24,123.8400,124.3200,120.9600,123.0400,317806,123.0400
2015-12-28,128.8000,135.0400,128.3200,134.7200,1465863,134.7200
2015-12-29,140.6400,141.9200,137.4400,138.2400,1355738,138.2400
2015-12-30,134.2400,134.7200,130.0800,134.2400,919594,134.2400
2015-12-31,138.2400,141.4400,136.9600,138.7200,1103263,138.7200
2016-01-04,140.1600,141.1200,135.6800,136.4800,583881,136.4800
2016-01-05,134.4000,139.2000,134.2400,138.2400,375294,138.2400
2016-01-06,138.4000,140.3200,133.2800,135.5200,528738,135.5200
2016-01-07,136.6400,144.4800,136.4800,141.9200,1004519,141.9200
2016-01-08,142.8800,148.3200,142.2400,147.3600,661906,147.3600
2016-01-11,143.5200,143.5200,140.6400,141.4400,437738,141.4400
2016-01-12,137.2800,138.0800,133.2800,134.2400,536894,134.2400
2016-01-13,134.4000,138.0800,134.2400,135.2000,408325,135.2000
2016-01-14,131.6800,132.8000,126.7200,127.3600,419381,127.3600
2016-01-15,126.7200,126.8800,124.0000,124.9600,198881,124.9600
2016-01-19,127.0400,127.3600,123.0400,123.5200,435719,123.5200
2016-01-20,124.8000,125.9200,122.2400,125.6000,198550,125.6000
2016-01-21,125.9200,128.8000,122.0800,126.7200,515413,126.7200
2016-01-22,125.4400,127.5200,124.8000,126.8800,304619,126.8800
2016-01-25,123.5200,127.5200,122.4000,125.7600,277531,125.7600
2016-01-26,126.8800,128.1600,124.3200,126.4000,267519,126.4000
2016-01-27,127.5200,129.9200,125.2800,126.0800,391931,126.0800
2016-01-28,123.5200,130.7200,122.8800,130.7200,526963,130.7200
2016-01-29,133.7600,135.8400,133.1200,135.8400,545325,135.8400
2016-02-01,127.0400,127.2000,124.9600,125.9200,434044,125.9200
2016-02-02,117.9200,120.1600,116.1600,119.6800,587713,119.6800
2016-02-03,118.5600,121.2800,116.9600,120.8000,332744,120.8000
2016-02-04,116.4800,119.0400,114.7200,116.4800,648756,116.4800
2016-02-05,119.3600,121.7600,119.0400,120.6400,371656,120.6400
2016-02-08,126.4000,127.5200,123.6800,125.1200,405631,125.1200
2016-02-09,123.6800,125.2800,122.5600,122.8800,200375,122.8800
2016-02-10,121.1200,121.2800,118.4000,120.0000,205869,120.0000
2016-02-11,120.4800,121.4400,116.1600,116.8000,401531,116.8000
2016-02-12,116.1600,116.4800,114.5600,115.5200,223725,115.5200
2016-02-16,111.6800,112.6400,110.4000,112.4800,375756,112.4800
2016-02-17,111.5200,115.2000,111.2000,114.7200,330175,114.7200
2016-02-18,111.0400,112.6400,109.2800,109.2800,657406,109.2800
2016-02-19,108.4800,108.4800,105.6000,105.9200,461219,105.9200
2016-02-22,105.6000,107.3600,104.8000,105.7600,637588,105.7600
2016-02-23,105.4400,105.4400,103.2000,103.8400,579375,103.8400
2016-02-24,103.6800,105.7600,103.3600,104.3200,746419,104.3200
2016-02-25,102.2400,102.4000,98.0800,101.1200,1213288,101.1200
2016-02-26,100.8000,101.9200,98.2400,101.7600,1283700,101.7600
2016-02-29,96.6400,98.5600,96.3200,96.3200,1909288,96.3200
2016-03-01,97.1200,100.8000,95.6800,98.8800,1203681,98.8800
2016-03-02,95.3600,97.6000,94.4000,94.5600,1148256,94.5600
2016-03-03,92.9600,96.1600,92.4800,92.6400,1265375,92.6400
2016-03-04,92.9600,95.0400,92.6400,94.8800,662425,94.8800
2016-03-07,94.5600,98.7200,94.0800,97.6000,2166831,97.6000
2016-03-08,96.8000,98.0800,95.2000,97.2800,1595706,97.2800
2016-03-09,98.4000,101.2800,97.6000,99.8400,1948000,99.8400
2016-03-10,101.6000,102.7200,98.2400,102.7200,1220250,102.7200
2016-03-11,104.0000,105.4400,102.5600,102.8800,639206,102.8800
2016-03-14,102.4000,105.2800,101.9200,103.0400,1078300,103.0400
2016-03-15,106.7200,107.5200,103.8400,104.9600,1275456,104.9600
2016-03-16,103.6800,106.4000,103.2000,105.6000,1067588,105.6000
2016-03-17,107.0400,110.0800,103.6800,109.2800,839650,109.2800
2016-03-18,109.6000,109.7600,106.5600,106.8800,560406,106.8800
2016-03-21,106.5600,106.8800,102.2400,102.7200,1490344,102.7200
2016-03-22,104.1600,105.4400,102.0800,105.1200,1459506,105.1200
2016-03-23,105.9200,106.4000,100.4800,100.8000,736806,100.8000
2016-03-24,100.6400,103.2000,100.6400,102.4000,547369,102.4000
2016-03-28,101.9200,105.2800,101.2800,104.9600,839888,104.9600
2016-03-29,104.3200,108.0000,103.6800,107.5200,623088,107.5200
2016-03-30,108.3200,109.1200,106.5600,108.1600,1314788,108.1600
2016-03-31,109.1200,109.9200,104.8000,106.5600,861563,106.5600
2016-04-01,105.9200,106.5600,104.4800,105.7600,310975,105.7600
2016-04-04,108.9600,112.4800,107.6800,109.1200,605750,109.1200
2016-04-05,107.6800,107.6800,104.8000,105.7600,684988,105.7600
2016-04-06,104.0000,104.6400,102.8800,103.2000,643938,103.2000
2016-04-07,106.0800,109.7600,105.6000,109.6000,928369,109.6000
2016-04-08,109.1200,109.6000,107.6800,107.8400,1139056,107.8400
2016-04-11,104.0000,104.6400,103.3600,104.3200,702663,104.3200
2016-04-12,106.5600,110.2400,105.9200,109.6000,862131,109.6000
2016-04-13,109.6000,111.0400,108.6400,110.5600,798488,110.5600
2016-04-14,107.5200,109.6000,106.4000,106.8800,592475,106.8800
2016-04-15,103.6800,104.9600,103.3600,103.8400,609944,103.8400
2016-04-18,104.0000,106.0800,103.2000,105.4400,476344,105.4400
2016-04-19,109.6000,113.6000,109.4400,113.1200,683119,113.1200
2016-04-20,113.1200,115.5200,111.5200,113.2800,871369,113.2800
2016-04-21,113.1200,115.0400,112.6400,113.9200,452669,113.9200
2016-04-22,115.0400,118.0800,113.7600,116.4800,600813,116.4800
2016-04-25,113.7600,113.9200,111.8400,113.4400,371463,113.4400
2016-04-26,111.3600,112.0000,110.5600,111.8400,333788,111.8400
2016-04-27,110.4000,112.0000,109.1200,111.0400,485950,111.0400
2016-04-28,108.0000,108.9600,106.7200,107.0400,624606,107.0400
2016-04-29,108.4800,113.4400,107.5200,110.8800,951963,110.8800
2016-05-02,109.2800,109.6000,104.8000,105.7600,568663,105.7600
2016-05-03,107.0400,108.8000,106.5600,108.0000,396125,108.0000
2016-05-04,110.8800,111.3600,109.7600,110.8800,402681,110.8800
2016-05-05,109.6000,110.2400,106.8800,107.8400,420131,107.8400
2016-05-06,106.8800,109.1200,106.5600,108.4800,407613,108.4800
2016-05-09,109.1200,109.6000,107.8400,108.6400,218056,108.6400
2016-05-10,111.2000,112.1600,110.5600,112.0000,357094,112.0000
2016-05-11,110.2400,112.8000,109.2800,112.1600,344288,112.1600
2016-05-12,112.1600,112.9600,109.9200,111.0400,401006,111.0400
2016-05-13,108.6400,111.6800,108.1600,108.4800,329744,108.4800
2016-05-16,105.6000,105.7600,104.8000,105.1200,527363,105.1200
2016-05-17,107.0400,107.0400,105.2800,106.2400,208256,106.2400
2016-05-18,103.6800,104.4800,102.7200,103.3600,554788,103.3600
2016-05-19,102.4000,106.4000,101.7600,105.7600,647794,105.7600
2016-05-20,107.2000,107.5200,105.9200,106.4000,538575,106.4000
2016-05-23,109.4400,109.6000,105.6000,106.4000,462313,106.4000
2016-05-24,105.1200,105.2800,103.5200,104.0000,567281,104.0000
2016-05-25,103.8400,105.6000,102.8800,104.8000,395456,104.8000
2016-05-26,104.1600,105.2800,102.8800,103.6800,510175,103.6800
2016-05-27,104.1600,105.9200,103.8400,104.4800,505413,104.4800
2016-05-31,108.8000,111.3600,108.0000,110.2400,887831,110.2400
2016-06-01,114.0800,115.3600,112.3200,115.2000,707019,115.2000
2016-06-02,115.3600,117.1200,114.4000,116.0000,443881,116.0000
2016-06-03,117.4400,117.9200,115.3600,115.8400,502831,115.8400
2016-06-06,116.4800,119.3600,115.8400,119.0400,505325,119.0400
2016-06-07,117.7600,120.1600,117.4400,119.8400,409175,119.8400
2016-06-08,119.8400,120.4800,118.5600,119.0400,397981,119.0400
2016-06-09,118.8800,127.2000,118.4000,125.7600,861200,125.7600
2016-06-10,124.8000,124.9600,123.2000,124.1600,427794,124.1600
2016-06-13,126.0800,126.8800,124.1600,125.2800,556163,125.2800
2016-06-14,124.3200,126.7200,124.1600,125.7600,443913,125.7600
2016-06-15,126.5600,127.0400,124.8000,125.1200,272388,125.1200
2016-06-16,125.1200,127.2000,123.2000,124.4800,508225,124.4800
2016-06-17,125.1200,127.3600,124.9600,127.2000,417288,127.2000
2016-06-20,127.6800,131.8400,127.5200,130.8800,585350,130.8800
2016-06-21,131.5200,133.1200,130.7200,132.1600,360269,132.1600
2016-06-22,132.4800,132.6400,127.3600,128.0000,532438,128.0000
2016-06-23,127.5200,130.4000,125.6000,129.4400,608219,129.4400
2016-06-24,127.6800,129.1200,127.2000,127.3600,360344,127.3600
2016-06-27,129.7600,130.8800,128.0000,130.7200,332569,130.7200
2016-06-28,134.0800,137.1200,133.2800,136.6400,662794,136.6400
2016-06-29,137.7600,137.9200,134.7200,135.0400,639456,135.0400
2016-06-30,136.8000,139.3600,135.3600,138.2400,702263,138.2400
2016-07-01,137.1200,141.9200,136.9600,141.6000,392694,141.6000
2016-07-05,133.6000,133.7600,130.2400,130.4000,666781,130.4000
2016-07-06,129.7600,132.3200,129.2800,132.3200,629981,132.3200
2016-07-07,133.7600,136.4800,128.9600,130.8800,599275,130.8800
2016-07-08,132.1600,133.1200,131.3600,133.1200,260469,133.1200
2016-07-11,132.4800,132.6400,127.5200,128.1600,544144,128.1600
2016-07-12,129.4400,130.0800,127.2000,129.7600,436238,129.7600
2016-07-13,130.7200,131.5200,127.8400,129.9200,370706,129.9200
2016-07-14,129.7600,131.0400,128.3200,129.6000,316256,129.6000
2016-07-15,127.2000,131.5200,126.4000,130.2400,359894,130.2400
2016-07-18,130.5600,130.8800,128.1600,128.8000,219006,128.8000
2016-07-19,130.2400,130.4000,128.1600,128.8000,227750,128.8000
2016-07-20,125.7600,127.3600,125.1200,125.2800,457319,125.2800
2016-07-21,125.2800,127.6800,124.4800,126.8800,426363,126.8800
2016-07-22,130.4000,132.0000,130.4000,130.8800,432838,130.8800
2016-07-25,131.2000,131.2000,128.4800,129.2800,245650,129.2800
2016-07-26,127.3600,129.9200,126.5600,127.3600,277838,127.3600
2016-07-27,128.9600,129.9200,126.5600,127.2000,278975,127.2000
2016-07-28,128.1600,138.2400,128.0000,136.4800,1002513,136.4800
2016-07-29,137.6000,139.0400,136.6400,136.8000,402981,136.8000
2016-08-01,135.8400,136.4800,132.1600,132.4800,342363,132.4800
2016-08-02,131.6800,132.6400,130.2400,130.5600,247244,130.5600
2016-08-03,133.9200,136.8000,133.4400,135.8400,478944,135.8400
2016-08-04,136.0000,137.9200,134.2400,135.0400,569731,135.0400
2016-08-05,133.6000,134.0800,131.6800,131.8400,224875,131.8400
2016-08-08,130.4000,131.8400,129.2800,131.2000,284950,131.2000
2016-08-09,128.3200,129.1200,124.4800,125.2800,503050,125.2800
2016-08-10,125.1200,125.6000,121.9200,122.8800,354519,122.8800
2016-08-11,122.4000,124.4800,120.8000,121.6000,449381,121.6000
2016-08-12,124.6400,125.4400,123.2000,123.6800,345500,123.6800
2016-08-15,124.6400,125.9200,122.5600,123.6800,379569,123.6800
2016-08-16,123.8400,125.4400,123.6800,125.2800,495800,125.2800
2016-08-17,124.8000,126.4000,124.1600,125.1200,500638,125.1200
2016-08-18,124.9600,128.6400,124.8000,127.6800,390975,127.6800
2016-08-19,124.0000,124.8000,122.7200,122.8800,275981,122.8800
2016-08-22,127.5200,128.0000,126.0800,126.8800,263775,126.8800
2016-08-23,128.6400,131.6800,128.1600,131.0400,401913,131.0400
2016-08-24,132.8000,134.4000,132.6400,132.8000,468019,132.8000
2016-08-25,134.2400,136.4800,133.4400,135.3600,363913,135.3600
2016-08-26,135.2000,138.5600,134.7200,136.0000,387194,136.0000
2016-08-29,136.4800,137.9200,134.8800,136.1600,260969,136.1600
2016-08-30,137.2800,137.4400,132.4800,133.2800,260600,133.2800
2016-08-31,133.4400,136.4800,133.4400,135.2000,311481,135.2000
2016-09-01,133.4400,134.4000,131.0400,131.8400,321169,131.8400
2016-09-02,132.6400,132.9600,130.8800,131.2000,157956,131.2000
2016-09-06,129.1200,129.4400,127.3600,128.0000,372994,128.0000
2016-09-07,128.4800,128.8000,125.4400,126.2400,439781,126.2400
2016-09-08,128.6400,132.6400,128.6400,131.8400,499981,131.8400
2016-09-09,133.1200,133.6000,131.0400,131.3600,199669,131.3600
2016-09-12,135.6800,137.4400,135.3600,136.3200,387325,136.3200
2016-09-13,137.6000,138.0800,135.8400,136.4800,181350,136.4800
2016-09-14,137.6000,138.2400,134.0800,136.1600,282781,136.1600
2016-09-15,134.5600,138.4000,133.4400,137.1200,249500,137.1200
2016-09-16,135.8400,139.2000,135.6800,138.7200,237156,138.7200
2016-09-19,136.9600,137.9200,136.4800,137.9200,180344,137.9200
2016-09-20,140.9600,143.5200,140.8000,143.2000,327650,143.2000
2016-09-21,142.8800,144.0000,142.0800,143.8400,241763,143.8400
2016-09-22,144.1600,144.3200,139.8400,140.0000,375550,140.0000
2016-09-23,140.1600,144.1600,137.2800,139.0400,231756,139.0400
2016-09-26,139.2000,140.9600,139.0400,140.4800,181938,140.4800
2016-09-27,140.0000,140.6400,139.0400,139.6800,162181,139.6800
2016-09-28,136.1600,137.7600,134.8800,137.7600,284388,137.7600
2016-09-29,135.8400,138.4000,135.6800,136.1600,333538,136.1600
2016-09-30,134.8800,134.8800,132.6400,133.7600,374738,133.7600
2016-10-03,132.3200,134.2400,131.3600,133.4400,276825,133.4400
2016-10-04,132.8000,137.1200,132.0000,136.0000,315031,136.0000
2016-10-05,134.8800,140.1600,134.4000,138.8800,401825,138.8800
2016-10-06,139.3600,140.6400,136.3200,139.3600,535681,139.3600
2016-10-07,141.4400,147.5200,140.9600,146.0800,668900,146.0800
2016-10-10,147.6800,150.7200,147.3600,149.7600,495006,149.7600
2016-10-11,147.6800,149.6000,147.0400,147.8400,616994,147.8400
2016-10-12,147.6800,149.4400,146.4000,147.3600,311506,147.3600
2016-10-13,146.8800,154.2400,144.9600,152.9600,619050,152.9600
2016-10-14,151.5200,152.0000,149.9200,150.8800,338981,150.8800
2016-10-17,149.2800,149.9200,148.0000,149.6000,240300,149.6000
2016-10-18,151.2000,152.1600,150.0800,150.2400,145444,150.2400
2016-10-19,147.6800,148.1600,146.7200,147.8400,241425,147.8400
2016-10-20,147.2000,148.6400,145.4400,147.5200,289356,147.5200
2016-10-21,145.1200,145.4400,143.3600,143.8400,472306,143.8400
2016-10-24,143.3600,143.3600,141.6000,142.5600,469369,142.5600
2016-10-25,137.6000,138.7200,134.4000,135.0400,1043581,135.0400
2016-10-26,132.4800,133.7600,127.5200,131.0400,1117100,131.0400
2016-10-27,130.2400,132.9600,128.6400,131.3600,860081,131.3600
2016-10-28,131.8400,133.9200,131.5200,133.6000,493375,133.6000
2016-10-31,134.8800,135.2000,129.1200,129.2800,506406,129.2800
2016-11-01,124.3200,126.7200,123.0400,123.6800,996219,123.6800
2016-11-02,121.4400,123.3600,119.5200,119.8400,649581,119.8400
2016-11-03,119.5200,121.9200,118.5600,118.5600,650038,118.5600
2016-11-04,119.0400,120.6400,117.9200,119.5200,368481,119.5200
2016-11-07,121.6000,122.4000,119.3600,121.4400,349150,121.4400
2016-11-08,115.6800,116.3200,111.8400,112.1600,867725,112.1600
2016-11-09,110.2400,117.7600,109.6000,115.3600,1405156,115.3600
2016-11-10,111.6800,114.4000,110.5600,114.2400,808900,114.2400
2016-11-11,113.1200,115.2000,111.8400,112.9600,517419,112.9600
2016-11-14,117.4400,119.2000,117.1200,117.9200,604363,117.9200
2016-11-15,119.6800,120.8000,115.5200,116.1600,1210331,116.1600
2016-11-16,117.9200,118.7200,116.4800,118.2400,647150,118.2400
2016-11-17,116.1600,117.7600,115.2000,115.8400,1349275,115.8400
2016-11-18,119.6800,120.6400,119.0400,120.3200,1099213,120.3200
2016-11-21,123.2000,124.8000,122.8800,124.6400,1398325,124.6400
2016-11-22,124.8000,126.5600,122.7200,123.3600,1903838,123.3600
2016-11-23,124.0000,128.1600,123.6800,126.8800,2346938,126.8800
2016-11-25,127.2000,130.0800,127.2000,129.2800,440081,129.2800
2016-11-28,133.1200,135.0400,132.4800,134.8800,1915400,134.8800
2016-11-29,134.0800,135.2000,132.1600,134.0800,1331863,134.0800
2016-11-30,134.8800,135.6800,133.6000,134.8800,1492156,134.8800
2016-12-01,138.7200,142.0800,138.2400,141.7600,1497213,141.7600
2016-12-02,140.3200,141.9200,136.1600,139.2000,1778019,139.2000
2016-12-05,144.8000,147.3600,144.6400,144.6400,1395944,144.6400
2016-12-06,147.5200,149.7600,145.1200,146.4000,1669206,146.4000
2016-12-07,149.9200,151.2000,143.5200,144.1600,2331750,144.1600
2016-12-08,145.9200,150.4000,144.0000,149.9200,1868275,149.9200
2016-12-09,152.0000,152.3200,147.5200,150.7200,2038050,150.7200
2016-12-12,143.2000,145.2800,140.0000,141.4400,1240900,141.4400
2016-12-13,142.8800,143.0400,139.0400,139.5200,993544,139.5200
2016-12-14,140.4800,143.8400,140.0000,143.5200,956644,143.5200
2016-12-15,141.4400,144.6400,136.9600,138.2400,1445719,138.2400
2016-12-16,135.2000,138.0800,135.0400,136.8000,969725,136.8000
2016-12-19,139.0400,139.0400,136.1600,137.1200,749838,137.1200
2016-12-20,132.6400,134.4000,131.3600,133.1200,988169,133.1200
2016-12-21,138.2400,144.1600,138.0800,144.0000,1569238,144.0000
2016-12-22,142.7200,145.2800,140.4800,142.0800,1624306,142.0800
2016-12-23,144.9600,148.6400,144.8000,146.8800,1028606,146.8800
2016-12-27,148.3200,151.0400,147.5200,149.2800,812556,149.2800
2016-12-28,149.2800,155.8400,148.6400,154.0800,768488,154.0800
2016-12-29,152.6400,154.2400,149.9200,152.0000,816744,152.0000
2016-12-30,151.3600,151.3600,147.3600,149.4400,584269,149.4400
2017-01-03,137.2800,138.0800,130.5600,133.4400,1611644,133.4400
2017-01-04,131.2000,132.1600,129.6000,130.2400,692894,130.2400
2017-01-05,130.0800,133.6000,126.7200,132.1600,1507569,132.1600
2017-01-06,132.8000,133.2800,130.4000,130.7200,646569,130.7200
2017-01-09,125.9200,125.9200,123.6800,124.6400,957088,124.6400
2017-01-10,129.2800,132.8000,128.9600,130.2400,1137156,130.2400
2017-01-11,132.6400,132.6400,128.4800,131.0400,595475,131.0400
2017-01-12,134.4000,137.7600,133.6000,134.4000,970619,134.4000
2017-01-13,136.1600,136.9600,134.0800,136.1600,557431,136.1600
2017-01-17,136.0000,136.8000,134.0800,135.2000,391688,135.2000
2017-01-18,132.4800,134.7200,131.2000,132.6400,578775,132.6400
2017-01-19,131.0400,135.8400,130.2400,132.4800,567250,132.4800
2017-01-20,132.3200,133.7600,128.1600,128.8000,772094,128.8000
2017-01-23,128.4800,131.6800,128.3200,131.0400,741675,131.0400
2017-01-24,133.6000,133.7600,131.2000,132.4800,429881,132.4800
2017-01-25,133.2800,134.7200,132.1600,134.2400,382044,134.2400
2017-01-26,138.2400,140.0000,134.7200,135.5200,877169,135.5200
2017-01-27,132.6400,136.6400,131.8400,135.0400,556413,135.0400
2017-01-30,129.6000,130.8800,129.2800,129.6000,727600,129.6000
2017-01-31,125.1200,126.5600,124.8000,125.7600,648394,125.7600
2017-02-01,126.4000,127.5200,126.0800,126.4000,501131,126.4000
2017-02-02,125.6000,128.4800,124.9600,127.2000,487538,127.2000
2017-02-03,122.5600,124.0000,121.9200,122.7200,589244,122.7200
2017-02-06,121.2800,122.8800,121.1200,122.0800,538713,122.0800
2017-02-07,125.7600,126.0800,124.8000,125.6000,611506,125.6000
2017-02-08,124.3200,126.5600,124.3200,125.6000,556231,125.6000
2017-02-09,125.6000,127.3600,124.4800,124.8000,588825,124.8000
2017-02-10,121.1200,122.4000,120.9600,121.6000,510863,121.6000
2017-02-13,119.2000,120.0000,117.7600,117.9200,783344,117.9200
2017-02-14,116.8000,118.4000,116.0000,117.4400,736394,117.4400
2017-02-15,119.2000,119.3600,117.2800,117.9200,832938,117.9200
2017-02-16,117.4400,117.7600,114.4000,114.7200,894269,114.7200
2017-02-17,115.2000,115.6800,114.2400,114.5600,353469,114.5600
2017-02-21,108.1600,108.3200,104.0000,104.8000,2424800,104.8000
2017-02-22,104.4800,106.7200,103.8400,105.1200,1203500,105.1200
2017-02-23,107.5200,108.4800,105.4400,106.4000,1673506,106.4000
2017-02-24,106.8800,108.3200,105.7600,108.1600,1125519,108.1600
2017-02-27,104.0000,104.6400,103.6800,104.4800,874713,104.4800
2017-02-28,105.4400,108.0000,105.2800,107.0400,993388,107.0400
2017-03-01,107.8400,108.8000,107.2000,108.3200,1001481,108.3200
2017-03-02,107.8400,109.1200,105.9200,108.8000,935088,108.8000
2017-03-03,108.3200,109.9200,107.6800,109.4400,823300,109.4400
2017-03-06,112.9600,114.4000,110.5600,110.7200,1254469,110.7200
2017-03-07,110.2400,111.0400,109.2800,109.6000,1076638,109.6000
2017-03-08,113.2800,114.2400,111.8400,112.6400,1012300,112.6400
2017-03-09,114.0800,115.5200,113.4400,115.0400,580550,115.0400
2017-03-10,117.2800,117.9200,114.8800,117.6000,1470763,117.6000
2017-03-13,117.9200,118.7200,115.8400,116.4800,868013,116.4800
2017-03-14,117.4400,117.6000,113.4400,113.9200,854425,113.9200
2017-03-15,115.3600,116.0000,114.7200,115.0400,673744,115.0400
2017-03-16,112.9600,115.0400,112.0000,112.4800,765175,112.4800
2017-03-17,113.4400,114.5600,112.6400,113.9200,307638,113.9200
2017-03-20,115.3600,118.8800,115.3600,118.8800,523231,118.8800
2017-03-21,119.8400,120.0000,117.4400,119.3600,914181,119.3600
2017-03-22,117.7600,119.0400,116.4800,116.6400,554256,116.6400
2017-03-23,117.4400,119.2000,116.0000,118.8800,558050,118.8800
2017-03-24,119.3600,120.0000,118.8800,119.6800,327694,119.6800
2017-03-27,120.9600,121.1200,118.5600,118.8800,655744,118.8800
2017-03-28,119.2000,120.9600,118.8800,119.8400,293688,119.8400
2017-03-29,122.4000,123.5200,121.6000,122.2400,624694,122.2400
2017-03-30,121.4400,122.7200,119.3600,121.1200,589994,121.1200
2017-03-31,122.5600,122.7200,120.1600,121.1200,647144,121.1200
2017-04-03,119.8400,120.0000,118.5600,119.0400,579369,119.0400
2017-04-04,120.6400,125.2800,120.6400,124.6400,1135344,124.6400
2017-04-05,125.9200,126.4000,123.5200,124.3200,779706,124.3200
2017-04-06,124.6400,126.5600,124.3200,125.1200,424519,125.1200
2017-04-07,125.1200,125.4400,123.5200,123.6800,225394,123.6800
2017-04-10,123.2000,124.0000,122.5600,122.8800,421938,122.8800
2017-04-11,120.9600,121.2800,119.2000,120.3200,648881,120.3200
2017-04-12,120.3200,121.2800,119.8400,120.6400,457675,120.6400
2017-04-13,122.0800,123.0400,120.6400,122.5600,469400,122.5600
2017-04-17,120.3200,123.0400,120.1600,120.4800,386056,120.4800
2017-04-18,120.1600,120.8000,118.8800,119.8400,242125,119.8400
2017-04-19,121.4400,122.4000,120.8000,120.9600,667938,120.9600
2017-04-20,120.8000,121.4400,119.2000,120.3200,383563,120.3200
2017-04-21,120.4800,120.6400,117.4400,118.4000,803200,118.4000
2017-04-24,116.8000,118.0800,115.6800,117.1200,423038,117.1200
2017-04-25,116.3200,117.4400,115.5200,117.2800,367069,117.2800
2017-04-26,119.3600,121.1200,119.2000,120.4800,464738,120.4800
2017-04-27,119.0400,120.6400,118.8800,119.6800,376656,119.6800
2017-04-28,121.2800,121.9200,120.8000,121.1200,282913,121.1200
2017-05-01,120.6400,121.1200,118.2400,119.5200,359463,119.5200
2017-05-02,119.5200,120.9600,117.4400,117.7600,850894,117.7600
2017-05-03,117.9200,119.5200,117.6000,118.8800,594363,118.8800
2017-05-04,119.0400,119.2000,116.9600,118.2400,388681,118.2400
2017-05-05,119.3600,121.1200,119.0400,120.6400,870056,120.6400
2017-05-08,117.4400,117.7600,116.1600,117.6000,542525,117.6000
2017-05-09,118.5600,120.0000,118.0800,119.0400,292875,119.0400
2017-05-10,120.6400,123.6800,120.1600,121.1200,538944,121.1200
2017-05-11,123.0400,125.2800,122.5600,124.3200,401419,124.3200
2017-05-12,125.2800,126.8800,125.1200,126.0800,463888,126.0800
2017-05-15,124.1600,124.8000,123.5200,124.1600,403669,124.1600
2017-05-16,120.9600,121.6000,119.2000,119.5200,464419,119.5200
2017-05-17,118.5600,119.2000,117.4400,118.8800,366175,118.8800
2017-05-18,118.8800,119.6800,117.4400,118.5600,264100,118.5600
2017-05-19,119.8400,121.4400,119.6800,120.8000,319431,120.8000
2017-05-22,122.5600,123.5200,122.4000,123.2000,226213,123.2000
2017-05-23,122.8800,123.0400,119.2000,119.8400,714575,119.8400
2017-05-24,118.4000,120.1600,118.0800,118.8800,393563,118.8800
2017-05-25,119.6800,119.6800,116.8000,118.4000,365581,118.4000
2017-05-26,119.0400,119.8400,117.2800,119.0400,370638,119.0400
2017-05-30,114.5600,114.7200,113.2800,113.7600,513556,113.7600
2017-05-31,112.3200,112.3200,110.4000,110.7200,468156,110.7200
2017-06-01,111.0400,111.2000,107.8400,109.9200,648213,109.9200
2017-06-02,109.1200,109.4400,107.8400,108.3200,334850,108.3200
2017-06-05,108.0000,108.9600,107.2000,107.6800,384388,107.6800
2017-06-06,109.4400,110.0800,108.8000,109.7600,289388,109.7600
2017-06-07,111.0400,111.0400,108.4800,108.6400,349231,108.6400
2017-06-08,109.1200,110.5600,107.5200,109.1200,435194,109.1200
2017-06-09,109.6000,110.0800,109.2800,109.7600,200550,109.7600
2017-06-12,110.5600,110.8800,108.1600,108.3200,297144,108.3200
2017-06-13,108.9600,109.1200,106.4000,106.8800,410675,106.8800
2017-06-14,106.0800,107.6800,105.6000,105.9200,369431,105.9200
2017-06-15,105.7600,110.4000,105.4400,109.7600,551919,109.7600
2017-06-16,109.6000,110.2400,108.8000,109.2800,154688,109.2800
2017-06-19,104.6400,105.2800,104.1600,104.4800,527100,104.4800
2017-06-20,104.4800,104.9600,104.0000,104.4800,233369,104.4800
2017-06-21,105.4400,105.9200,103.6800,104.3200,264019,104.3200
2017-06-22,104.8000,106.5600,102.8800,104.3200,629044,104.3200
2017-06-23,105.1200,105.9200,105.1200,105.6000,439369,105.6000
2017-06-26,108.8000,109.9200,107.8400,109.4400,577838,109.4400
2017-06-27,108.8000,110.2400,108.6400,109.4400,492363,109.4400
2017-06-28,110.5600,111.0400,110.0800,110.2400,248663,110.2400
2017-06-29,110.5600,111.6800,108.6400,109.1200,492881,109.1200
2017-06-30,107.8400,108.8000,106.4000,108.4800,426681,108.4800
2017-07-03,108.1600,109.1200,105.7600,106.5600,494900,106.5600
2017-07-05,104.0000,104.1600,101.2800,102.0800,794425,102.0800
2017-07-06,102.7200,103.5200,102.4000,103.2000,630244,103.2000
2017-07-07,105.1200,105.2800,101.7600,102.2400,657750,102.2400
2017-07-10,104.6400,105.2800,104.1600,104.3200,524044,104.3200
2017-07-11,106.7200,109.1200,106.7200,108.4800,620650,108.4800
2017-07-12,107.0400,107.8400,106.2400,107.2000,334763,107.2000
2017-07-13,105.6000,107.8400,105.6000,106.0800,303025,106.0800
2017-07-14,105.7600,107.2000,105.6000,106.5600,217250,106.5600
2017-07-17,107.8400,108.9600,107.3600,108.1600,250394,108.1600
2017-07-18,110.0800,110.5600,109.2800,109.9200,353850,109.9200
2017-07-19,110.0800,110.7200,109.6000,109.9200,205288,109.9200
2017-07-20,110.2400,111.2000,108.0000,108.6400,462744,108.6400
2017-07-21,108.1600,108.4800,105.1200,105.9200,659613,105.9200
2017-07-24,105.1200,105.7600,102.8800,103.5200,409669,103.5200
2017-07-25,104.8000,105.2800,104.4800,105.2800,321531,105.2800
2017-07-26,104.8000,104.9600,103.5200,104.8000,310319,104.8000
2017-07-27,104.8000,107.3600,104.6400,106.2400,462681,106.2400
2017-07-28,106.8800,107.0400,105.2800,105.7600,239894,105.7600
2017-07-31,102.7200,102.7200,99.8400,101.1200,760488,101.1200
2017-08-01,99.8400,101.6000,99.2000,101.2800,1579156,101.2800
2017-08-02,101.1200,101.9200,100.8000,100.8000,336075,100.8000
2017-08-03,101.4400,102.2400,100.3200,100.4800,341831,100.4800
2017-08-04,100.3200,100.4800,99.3600,100.0000,252113,100.0000
2017-08-07,100.0000,100.9600,99.8400,100.8000,260106,100.8000
2017-08-08,100.3200,101.6000,99.8400,100.9600,193625,100.9600
2017-08-09,102.8800,104.1600,102.7200,103.3600,382456,103.3600
2017-08-10,104.0000,107.5200,103.6800,107.0400,667800,107.0400
2017-08-11,107.0400,107.5200,106.7200,107.0400,149688,107.0400
2017-08-14,107.2000,107.2000,104.9600,106.4000,304419,106.4000
2017-08-15,105.6000,106.2400,104.9600,105.2800,339569,105.2800
2017-08-16,104.0000,105.2800,103.5200,103.8400,232894,103.8400
2017-08-17,103.5200,105.4400,102.5600,104.8000,214056,104.8000
2017-08-18,104.3200,104.6400,103.6800,104.1600,178344,104.1600
2017-08-21,103.6800,106.8800,103.2000,106.2400,314813,106.2400
2017-08-22,107.0400,107.0400,104.8000,105.4400,263263,105.4400
2017-08-23,104.6400,105.4400,104.0000,105.1200,211575,105.1200
2017-08-24,105.7600,106.8800,105.1200,105.9200,525006,105.9200
2017-08-25,104.4800,104.8000,103.3600,103.8400,287231,103.8400
2017-08-28,102.7200,106.4000,102.5600,105.1200,440556,105.1200
2017-08-29,105.6000,105.9200,104.4800,105.6000,239294,105.6000
2017-08-30,104.3200,104.8000,103.8400,104.3200,225869,104.3200
2017-08-31,103.5200,108.0000,103.3600,107.3600,689875,107.3600
2017-09-01,106.8800,109.6000,106.5600,108.6400,338513,108.6400
2017-09-05,105.6000,106.2400,105.2800,105.4400,434300,105.4400
2017-09-06,107.0400,107.2000,105.7600,106.7200,241563,106.7200
2017-09-07,107.0400,107.0400,105.4400,105.9200,391906,105.9200
2017-09-08,104.0000,104.1600,102.4000,103.0400,365788,103.0400
2017-09-11,104.3200,104.8000,103.6800,104.6400,210000,104.6400
2017-09-12,107.0400,108.0000,106.2400,106.5600,531569,106.5600
2017-09-13,108.3200,109.1200,108.0000,108.3200,440838,108.3200
2017-09-14,108.0000,110.0800,107.6800,109.1200,332875,109.1200
2017-09-15,107.3600,108.0000,106.7200,107.6800,409275,107.6800
2017-09-18,110.4000,111.6800,110.0800,111.3600,594719,111.3600
2017-09-19,111.2000,111.5200,110.2400,110.5600,165244,110.5600
2017-09-20,110.8800,111.2000,109.1200,109.6000,279494,109.6000
2017-09-21,107.6800,107.8400,104.6400,105.2800,922731,105.2800
2017-09-22,105.1200,105.7600,104.9600,104.9600,282706,104.9600
2017-09-25,104.4800,105.2800,103.6800,104.1600,439631,104.1600
2017-09-26,104.9600,104.9600,103.6800,104.4800,252894,104.4800
2017-09-27,106.7200,107.2000,106.2400,106.5600,373381,106.5600
2017-09-28,105.7600,107.2000,104.4800,105.2800,388481,105.2800
2017-09-29,104.6400,105.6000,104.4800,105.1200,269881,105.1200
2017-10-02,102.4000,102.4000,100.6400,102.0800,1176444,102.0800
2017-10-03,101.1200,101.9200,100.6400,100.9600,522569,100.9600
2017-10-04,102.7200,103.2000,101.9200,102.2400,348750,102.2400
2017-10-05,103.0400,104.1600,100.8000,101.1200,557238,101.1200
2017-10-06,101.1200,101.2800,99.5200,100.0000,526663,100.0000
2017-10-09,100.0000,100.0000,98.4000,98.7200,451431,98.7200
2017-10-10,100.0000,100.8000,99.8400,100.3200,315694,100.3200
2017-10-11,102.7200,102.8800,100.3200,100.9600,505800,100.9600
2017-10-12,102.4000,104.8000,102.2400,104.0000,730038,104.0000
2017-10-13,105.2800,105.6000,103.8400,104.1600,322313,104.1600
2017-10-16,101.7600,103.3600,101.6000,103.0400,398781,103.0400
2017-10-17,104.3200,105.2800,102.0800,102.2400,375119,102.2400
2017-10-18,101.6000,101.7600,100.6400,101.4400,354288,101.4400
2017-10-19,100.8000,102.2400,98.8800,101.7600,821819,101.7600
2017-10-20,101.4400,102.7200,100.9600,101.9200,349206,101.9200
2017-10-23,103.6800,104.3200,102.7200,103.0400,577331,103.0400
2017-10-24,103.2000,103.5200,102.4000,103.5200,543950,103.5200
2017-10-25,101.7600,102.5600,100.9600,101.6000,321713,101.6000
2017-10-26,100.3200,101.1200,100.0000,100.1600,394806,100.1600
2017-10-27,97.9200,98.0800,96.8000,97.7600,915844,97.7600
2017-10-30,97.9200,98.7200,97.2800,98.0800,370475,98.0800
2017-10-31,96.6400,96.8000,94.7200,95.6800,864006,95.6800
2017-11-01,93.9200,95.5200,93.7600,95.5200,594675,95.5200
2017-11-02,95.8400,97.1200,95.3600,96.4800,538388,96.4800
2017-11-03,97.7600,98.4000,97.2800,97.9200,392638,97.9200
2017-11-06,100.9600,103.2000,100.6400,102.0800,1165450,102.0800
2017-11-07,102.5600,104.3200,101.7600,103.5200,769888,103.5200
2017-11-08,104.4800,104.8000,103.5200,103.5200,412281,103.5200
2017-11-09,105.4400,105.6000,104.0000,105.4400,667806,105.4400
2017-11-10,104.9600,105.9200,104.3200,105.7600,415219,105.7600
2017-11-13,104.1600,106.0800,102.7200,103.3600,572738,103.3600
2017-11-14,101.1200,102.2400,100.6400,101.2800,574163,101.2800
2017-11-15,102.4000,103.5200,100.3200,101.2800,350088,101.2800
2017-11-16,102.0800,102.0800,100.0000,100.9600,468813,100.9600
2017-11-17,101.4400,102.5600,100.9600,102.4000,537331,102.4000
2017-11-20,99.8400,100.6400,99.5200,99.8400,414081,99.8400
2017-11-21,100.0000,100.4800,98.8800,99.2000,441531,99.2000
2017-11-22,97.7600,98.4000,97.1200,97.6000,627075,97.6000
2017-11-24,95.5200,95.5200,92.4800,93.4400,1287750,93.4400
2017-11-27,95.2000,96.6400,95.0400,96.4800,1034063,96.4800
2017-11-28,98.2400,100.3200,98.2400,99.6800,850725,99.6800
2017-11-29,102.0800,102.0800,100.3200,100.9600,958644,100.9600
2017-11-30,98.2400,98.5600,95.6800,96.8000,1480806,96.8000
2017-12-01,98.2400,98.8800,97.1200,97.6000,651694,97.6000
2017-12-04,96.8000,96.8000,94.0800,94.7200,1165619,94.7200
2017-12-05,92.4800,93.4400,91.5200,92.8000,1122363,92.8000
2017-12-06,93.7600,93.7600,91.8400,92.4800,488538,92.4800
2017-12-07,90.0800,90.0800,87.5200,88.0000,2203381,88.0000
2017-12-08,88.9600,89.1200,87.8400,88.4800,615556,88.4800
2017-12-11,89.9200,90.5600,88.9600,88.9600,738438,88.9600
2017-12-12,90.0800,90.2400,85.1200,85.7600,1355981,85.7600
2017-12-13,86.0800,87.5200,84.6400,85.7600,735875,85.7600
2017-12-14,85.7600,86.2400,84.0000,85.4400,672369,85.4400
2017-12-15,85.4400,85.7600,82.2400,83.5200,1160838,83.5200
2017-12-18,86.8800,88.1600,86.5600,86.7200,1363744,86.7200
2017-12-19,86.8800,87.6800,85.1200,85.7600,701044,85.7600
2017-12-20,84.9600,84.9600,82.5600,83.6800,1046306,83.6800
2017-12-21,82.7200,84.1600,81.6000,82.2400,1019644,82.2400
2017-12-22,83.2000,84.3200,83.2000,84.0000,552744,84.0000
2017-12-26,84.1600,85.4400,83.3600,83.5200,811881,83.5200
2017-12-27,86.7200,87.0400,85.6000,86.2400,579119,86.2400
2017-12-28,90.7200,93.1200,90.5600,92.1600,1769013,92.1600
2017-12-29,94.4000,95.0400,92.3200,93.2800,1152950,93.2800
2018-01-02,96.6400,96.9600,94.0800,96.1600,1772150,96.1600
2018-01-03,95.2000,95.5200,93.4400,94.5600,793225,94.5600
2018-01-04,95.0400,96.0000,89.7600,90.7200,1271900,90.7200
2018-01-05,87.9600,88.8000,87.5600,88.3200,2345150,88.3200
2018-01-08,89.4400,90.0800,88.0400,89.2000,2286150,89.2000
2018-01-09,90.2000,93.7600,89.3600,93.2000,2087800,93.2000
2018-01-10,93.6000,94.0400,90.7200,91.9600,1199450,91.9600
2018-01-11,95.3600,97.7600,94.0800,97.6000,3580300,97.6000
2018-01-12,97.8400,101.9200,97.8400,101.1200,3162175,101.1200
2018-01-16,98.3200,100.3200,96.4400,98.4000,2086100,98.4000
2018-01-17,100.6400,103.2400,99.6800,102.4000,2364625,102.4000
2018-01-18,101.0400,101.2000,97.4400,100.7600,1724650,100.7600
2018-01-19,100.0000,101.2800,98.9200,99.4400,1073225,99.4400
2018-01-22,98.6000,99.5200,98.3200,99.4000,918525,99.4000
2018-01-23,102.4800,105.6800,101.7600,103.7600,1985800,103.7600
2018-01-24,104.2000,105.7600,102.1600,102.8800,1799425,102.8800
2018-01-25,105.1200,107.0400,103.9200,104.6800,1558775,104.6800
2018-01-26,107.0000,108.0000,106.6800,107.0800,1582475,107.0800
2018-01-29,104.2800,107.6000,104.1600,107.3600,1764275,107.3600
2018-01-30,108.2000,109.7200,106.8400,107.0800,1546200,107.0800
2018-01-31,103.1600,103.3600,100.0400,100.3200,2657575,100.3200
2018-02-01,98.2800,98.8000,95.8400,97.4000,2626175,97.4000
2018-02-02,96.4400,97.2400,95.9600,96.8000,1229900,96.8000
2018-02-05,94.5600,94.7200,92.4400,92.9600,1612750,92.9600
2018-02-06,91.5600,93.5200,91.4800,93.2000,1096350,93.2000
2018-02-07,91.4800,92.3600,90.8800,91.2000,1048100,91.2000
2018-02-08,92.2400,93.1200,90.7200,90.9600,2101300,90.9600
2018-02-09,88.8800,89.0400,87.0800,88.1200,1498600,88.1200
2018-02-12,86.6400,87.3600,86.2400,86.6800,1064725,86.6800
2018-02-13,88.1600,89.1200,87.5200,88.0000,1006950,88.0000
2018-02-14,86.7600,88.5200,86.5600,87.9600,1119150,87.9600
2018-02-15,86.8800,88.2400,86.4400,87.4800,1138300,87.4800
2018-02-16,86.6000,87.1600,86.4400,86.7600,692800,86.7600
2018-02-20,88.6000,89.0400,88.1600,88.7200,1050050,88.7200
2018-02-21,89.5200,90.0000,88.7200,89.2000,670200,89.2000
2018-02-22,89.1600,89.6400,88.3600,88.5600,474450,88.5600
2018-02-23,88.2800,89.0800,87.6000,88.8800,554500,88.8800
2018-02-26,89.8400,89.9600,88.1600,89.5600,551000,89.5600
2018-02-27,88.5200,90.0400,88.5200,89.5600,451400,89.5600
2018-02-28,89.8800,90.2400,88.8000,89.0400,482600,89.0400
2018-03-01,89.6400,90.9600,89.0000,89.8000,1175400,89.8000
2018-03-02,90.1600,90.5600,89.8000,90.3200,598675,90.3200
2018-03-05,90.1600,90.5200,89.5200,90.1200,421150,90.1200
2018-03-06,91.2800,91.8800,90.8000,91.8000,483025,91.8000
2018-03-07,92.7200,92.9200,92.3200,92.8800,442300,92.8800
2018-03-08,92.5600,92.5600,91.2400,91.6800,622575,91.6800
2018-03-09,91.1200,91.5200,90.8400,90.9600,278000,90.9600
2018-03-12,92.6400,93.4800,92.4000,92.8400,1537450,92.8400
2018-03-13,93.0800,93.1600,92.5200,92.9600,605600,92.9600
2018-03-14,90.9600,91.3600,90.4000,91.2800,776200,91.2800
2018-03-15,91.4800,91.5200,88.9200,89.6000,1402275,89.6000
2018-03-16,89.2400,90.0400,89.1600,89.9200,383675,89.9200
2018-03-19,88.4000,88.6800,88.1600,88.5200,482725,88.5200
2018-03-20,88.9600,89.7600,88.5200,89.1600,770375,89.1600
2018-03-21,89.5200,89.8800,87.8800,88.2400,639125,88.2400
2018-03-22,88.2000,89.0000,87.4400,87.5200,581325,87.5200
2018-03-23,86.6800,87.5600,86.6000,86.7200,397375,86.7200
2018-03-26,87.4400,88.3200,87.3200,88.1200,601575,88.1200
2018-03-27,88.6800,89.7600,88.0000,89.4400,434450,89.4400
2018-03-28,89.0800,89.4000,88.7200,89.2000,389900,89.2000
2018-03-29,90.8400,91.1600,90.0000,90.2000,614350,90.2000
2018-04-02,88.3200,88.6000,87.4400,88.1600,682775,88.1600
2018-04-03,88.6800,89.2800,88.6000,88.9200,315300,88.9200
2018-04-04,90.0400,90.6000,89.1200,89.3200,599675,89.3200
2018-04-05,89.0000,89.3200,87.6800,88.3600,564475,88.3600
2018-04-06,89.1600,89.3600,88.8800,88.9600,341025,88.9600
2018-04-09,88.6800,89.2000,87.1200,89.0000,713000,89.0000
2018-04-10,87.7600,88.0800,87.3200,87.7600,613900,87.7600
2018-04-11,88.4400,88.7200,88.0000,88.0800,384575,88.0800
2018-04-12,88.6000,88.9600,87.9200,88.7600,608175,88.7600
2018-04-13,90.2400,91.0000,90.0400,90.2800,585100,90.2800
2018-04-16,91.0400,91.6000,90.6800,90.7600,346650,90.7600
2018-04-17,90.6000,91.0800,90.3200,90.4000,554025,90.4000
2018-04-18,91.3600,91.9200,90.1600,90.4400,731550,90.4400
2018-04-19,88.7600,90.0800,87.8800,88.3600,1036925,88.3600
2018-04-20,88.7200,90.4000,88.6400,90.2400,1293475,90.2400
2018-04-23,89.8800,90.8000,89.8800,90.4800,848350,90.4800
2018-04-24,91.0400,91.8000,90.9600,91.6400,698075,91.6400
2018-04-25,91.2800,91.7600,90.8400,91.7200,265300,91.7200
2018-04-26,91.6400,92.7200,91.6000,92.2000,734425,92.2000
2018-04-27,91.0000,91.1200,90.3200,90.4000,515500,90.4000
2018-04-30,89.4400,90.2800,89.0000,90.2400,545900,90.2400
2018-05-01,91.5200,91.8800,90.5600,91.3200,643850,91.3200
2018-05-02,90.2800,90.4400,89.6000,89.9200,782025,89.9200
2018-05-03,88.9600,89.2400,88.1200,89.2400,1047975,89.2400
2018-05-04,89.0400,89.2000,88.1600,88.6000,388950,88.6000
2018-05-07,89.8000,90.1600,89.1200,89.2000,868825,89.2000
2018-05-08,89.4000,89.6400,88.3600,89.3200,489650,89.3200
2018-05-09,89.1600,89.8800,89.0400,89.2000,310000,89.2000
2018-05-10,90.1200,92.0000,89.8800,91.5200,1258425,91.5200
2018-05-11,91.6000,91.9200,91.1600,91.8000,334825,91.8000
2018-05-14,91.4800,92.8800,91.4400,92.5200,779475,92.5200
2018-05-15,93.2400,93.3200,92.2000,92.5200,626750,92.5200
2018-05-16,92.0800,92.3200,91.6400,91.8000,504675,91.8000
2018-05-17,91.2000,93.4800,90.9600,93.0400,903125,93.0400
2018-05-18,93.2000,93.8000,92.7600,92.7600,423925,92.7600
2018-05-21,92.8800,93.0000,92.0400,92.5200,746275,92.5200
2018-05-22,93.6400,95.1600,93.4400,94.8800,761750,94.8800
2018-05-23,95.4000,96.2000,95.3600,95.6800,1125225,95.6800
2018-05-24,95.4800,96.2400,95.1600,96.0800,436550,96.0800
2018-05-25,96.6000,96.8000,95.1600,95.8800,1238300,95.8800
2018-05-29,93.8800,94.0000,92.6400,93.8800,1008725,93.8800
2018-05-30,93.1200,93.7200,93.0000,93.4800,413425,93.4800
2018-05-31,94.7600,96.5200,94.7600,95.5600,1111125,95.5600
2018-06-01,95.5600,96.2400,95.0400,96.1200,678625,96.1200
2018-06-04,95.2800,95.7600,94.5600,94.6800,471675,94.6800
2018-06-05,93.3200,93.9600,93.2000,93.4800,983800,93.4800
2018-06-06,93.7600,94.0400,93.0000,93.8000,581725,93.8000
2018-06-07,95.3600,95.9600,94.6000,94.8400,1085525,94.8400
2018-06-08,93.3600,94.0000,93.0400,93.9600,560900,93.9600
2018-06-11,95.5200,95.6400,94.8000,95.3200,1185700,95.3200
2018-06-12,95.2000,95.3600,94.4000,95.1600,577075,95.1600
2018-06-13,95.4800,96.3600,95.4800,95.8000,664600,95.8000
2018-06-14,95.7200,96.2400,94.8400,96.0800,862100,96.0800
2018-06-15,97.1200,98.0800,97.0000,98.0800,1031550,98.0800
2018-06-18,96.8800,97.3200,95.6000,96.0000,749025,96.0000
2018-06-19,94.7600,94.7600,93.7600,94.6000,623100,94.6000
2018-06-20,96.0000,96.2400,95.6400,96.1200,965000,96.1200
2018-06-21,97.0800,97.4400,95.5200,96.4000,651050,96.4000
2018-06-22,95.3200,95.8000,94.8400,95.4800,574925,95.4800
2018-06-25,94.3600,95.0000,94.1600,94.9600,639500,94.9600
2018-06-26,94.5200,95.4000,94.1600,95.3200,276550,95.3200
2018-06-27,96.7600,97.2400,95.8400,96.8000,748750,96.8000
2018-06-28,97.4000,97.9200,95.0800,95.7200,718000,95.7200
2018-06-29,95.0400,95.4400,94.4400,94.8000,408575,94.8000
2018-07-02,93.0800,93.1200,92.5200,92.9200,586650,92.9200
2018-07-03,92.8000,94.1600,92.8000,93.7600,222200,93.7600
2018-07-05,92.6000,92.6800,91.8400,91.8400,550250,91.8400
2018-07-06,91.9200,92.8000,91.7200,92.6400,361900,92.6400
2018-07-09,92.1600,92.3200,91.4400,91.8400,439350,91.8400
2018-07-10,91.6000,91.6800,90.2800,90.3200,699950,90.3200
2018-07-11,91.4400,91.8800,90.9600,91.6000,339375,91.6000
2018-07-12,91.2000,91.6800,90.5200,90.8400,479400,90.8400
2018-07-13,90.2000,90.2000,89.2800,89.6400,553275,89.6400
2018-07-16,89.4800,89.9600,88.9600,89.6400,235375,89.6400
2018-07-17,89.6000,89.6800,88.6000,88.8000,549225,88.8000
2018-07-18,88.7600,88.8800,88.2000,88.6000,399125,88.6000
2018-07-19,87.8800,90.0000,87.6400,89.7600,907175,89.7600
2018-07-20,90.1600,90.2000,89.4000,89.5200,412000,89.5200
2018-07-23,88.5600,88.6400,88.2000,88.3600,543475,88.3600
2018-07-24,88.6800,89.4000,88.5600,89.2800,291125,89.2800
2018-07-25,90.4400,90.5200,90.1200,90.4000,299175,90.4000
2018-07-26,90.4400,91.1200,90.2400,90.4800,462500,90.4800
2018-07-27,91.2800,91.7200,91.0800,91.2400,314775,91.2400
2018-07-30,91.1200,92.3200,90.8000,91.8400,411650,91.8400
2018-07-31,92.8000,92.8400,91.0000,91.2400,417050,91.2400
2018-08-01,90.7200,91.2800,90.3600,90.6400,290400,90.6400
2018-08-02,90.4800,92.8000,90.4400,92.3200,687925,92.3200
2018-08-03,93.3200,93.9200,93.0800,93.3600,567825,93.3600
2018-08-06,93.3200,93.9200,93.2400,93.7200,302525,93.7200
2018-08-07,94.4400,95.2000,94.4400,94.9600,673575,94.9600
2018-08-08,96.2400,96.8400,96.1200,96.5200,756575,96.5200
2018-08-09,96.7600,97.1200,96.2000,96.8400,614750,96.8400
2018-08-10,95.9200,96.7200,95.7600,96.5200,348550,96.5200
2018-08-13,95.9600,96.7200,95.9200,96.1600,313675,96.1600
2018-08-14,96.8400,97.6400,96.7600,96.8800,357250,96.8800
2018-08-15,96.8000,97.0400,96.3600,96.5600,314300,96.5600
2018-08-16,96.6400,96.7600,94.9200,95.4400,480800,95.4400
2018-08-17,96.8000,97.3200,96.5600,96.7200,406075,96.7200
2018-08-20,96.4400,96.6800,96.1600,96.6000,282550,96.6000
2018-08-21,96.9200,97.6000,96.4800,97.5200,373525,97.5200
2018-08-22,96.7600,97.0400,96.5200,96.7200,259900,96.7200
2018-08-23,96.6400,97.4000,96.0800,96.9200,453550,96.9200
2018-08-24,96.2000,96.3600,95.4800,95.5200,387825,95.5200
2018-08-27,94.6000,94.8400,94.0000,94.0800,444275,94.0800
2018-08-28,93.7600,93.8400,93.0000,93.4000,381825,93.4000
2018-08-29,93.8400,94.3200,93.0000,94.2000,328800,94.2000
2018-08-30,94.5600,94.7600,93.3600,94.6000,540125,94.6000
2018-08-31,95.8400,96.2000,95.3200,95.8000,396525,95.8000
2018-09-04,93.4000,94.2800,92.3200,92.4400,803700,92.4400
2018-09-05,92.8400,92.9200,91.4800,91.7200,331975,91.7200
2018-09-06,91.6400,91.7200,90.8000,91.2400,453200,91.2400
2018-09-07,90.6800,91.2800,90.6000,91.2000,325125,91.2000
2018-09-10,90.4400,92.3600,90.4000,92.0800,616250,92.0800
2018-09-11,91.8400,93.0800,91.4800,92.8400,360575,92.8400
2018-09-12,93.9200,94.0400,92.5600,92.8400,507450,92.8400
2018-09-13,93.3200,93.6000,92.1200,92.2400,390175,92.2400
2018-09-14,91.4400,91.4400,90.6800,90.7600,473650,90.7600
2018-09-17,91.4400,92.3600,91.3600,91.8400,425925,91.8400
2018-09-18,92.6000,95.8000,92.4400,95.3600,1099875,95.3600
2018-09-19,95.5600,96.0000,95.0000,95.0800,689775,95.0800
2018-09-20,96.0000,98.3200,95.0800,97.4800,1156775,97.4800
2018-09-21,98.0000,98.5600,97.8400,98.3600,826800,98.3600
2018-09-24,98.8800,100.3600,98.8400,100.3200,699400,100.3200
2018-09-25,100.0000,101.2000,100.0000,100.8000,556525,100.8000
2018-09-26,100.4800,101.2000,98.0800,98.5200,835300,98.5200
2018-09-27,99.4800,102.8400,99.3600,100.9600,1113675,100.9600
2018-09-28,99.4400,99.6400,98.4000,99.3200,814200,99.3200
2018-10-01,101.2800,102.9600,101.2000,102.8400,964300,102.8400
2018-10-02,103.1600,105.6000,102.8400,104.4400,789500,104.4400
2018-10-03,105.4000,107.8000,105.4000,107.4000,961175,107.4000
2018-10-04,107.4000,107.4000,103.5200,105.2800,1068250,105.2800
2018-10-05,106.0000,106.0000,102.8400,104.2400,863850,104.2400
2018-10-08,107.2800,108.9200,107.2000,108.2800,1074450,108.2800
2018-10-09,108.6000,109.2400,107.1200,108.4400,1284800,108.4400
2018-10-10,109.6400,110.6000,107.5600,107.9200,1169175,107.9200
2018-10-11,105.7200,107.0800,104.3200,106.5200,1499825,106.5200
2018-10-12,105.7200,105.8000,103.8400,104.2400,1156300,104.2400
2018-10-15,106.9600,108.0400,106.4800,107.5200,1076725,107.5200
2018-10-16,107.0800,108.2000,106.2400,107.2000,592150,107.2000
2018-10-17,108.6000,110.0400,107.4000,109.8800,843800,109.8800
2018-10-18,107.8400,107.9200,105.4400,106.4800,947700,106.4800
2018-10-19,105.9200,107.8000,105.9200,107.2400,963875,107.2400
2018-10-22,104.8000,105.7200,104.0800,104.2000,1103175,104.2000
2018-10-23,105.9200,107.5200,105.7200,106.6400,869650,106.6400
2018-10-24,107.3200,107.4000,104.5200,105.5200,817850,105.5200
2018-10-25,105.4400,106.8000,104.1600,105.0800,867575,105.0800
2018-10-26,102.8800,105.6400,102.3200,105.4400,766350,105.4400
2018-10-29,102.2000,104.0800,101.8800,103.6800,613475,103.6800
2018-10-30,105.4400,105.6000,102.9600,104.2400,614700,104.2400
2018-10-31,105.2800,107.1200,104.2800,106.8000,779800,106.8000
2018-11-01,106.5200,107.0400,104.5600,105.6000,700700,105.6000
2018-11-02,103.5600,107.6800,103.4800,107.0000,839675,107.0000
2018-11-05,114.9600,116.2800,113.5200,115.7200,2206300,115.7200
2018-11-06,115.8400,116.4400,114.8400,115.0400,662500,115.0400
2018-11-07,114.8400,115.7600,113.5600,114.7200,641500,114.7200
2018-11-08,115.1600,116.0000,113.9600,115.7600,605150,115.7600
2018-11-09,119.4000,124.3600,119.4000,120.9600,1855150,120.9600
2018-11-12,123.1200,126.2400,121.5200,126.2400,1643050,126.2400
2018-11-13,128.1200,133.6400,128.1200,132.2800,3815800,132.2800
2018-11-14,143.1600,159.4800,141.9600,157.2800,10786600,157.2800
2018-11-15,142.3200,143.2400,127.1600,127.2000,4688950,127.2000
2018-11-16,133.5600,142.2400,133.2400,141.7200,2948275,141.7200
2018-11-19,146.9200,155.3200,144.0400,148.8000,3945100,148.8000
2018-11-20,145.7200,148.6800,138.0000,146.7200,3568250,146.7200
2018-11-21,148.8400,153.8000,143.6000,145.2000,3513550,145.2000
2018-11-23,143.6800,148.7200,143.6800,145.5200,962275,145.5200
2018-11-26,134.2800,139.9600,133.8000,138.2400,1869025,138.2400
2018-11-27,135.8400,140.5600,134.1200,136.5600,1317650,136.5600
2018-11-28,143.1200,152.9200,141.0400,150.9600,3607000,150.9600
2018-11-29,147.8800,150.8400,144.1600,148.3600,1632475,148.3600
2018-11-30,148.7600,150.5200,144.8000,149.2800,1104350,149.2800
2018-12-03,140.0800,142.2000,137.4000,140.5600,1385075,140.5600
2018-12-04,146.3200,147.5200,143.8400,145.2800,1577550,145.2800
2018-12-06,139.5600,142.2400,138.3200,141.4000,1271175,141.4000
2018-12-07,142.2400,147.8800,142.1600,146.0800,1769950,146.0800
2018-12-10,145.1600,151.0400,143.4800,145.9600,1524800,145.9600
2018-12-11,144.4800,144.8000,140.8400,141.3200,1302300,141.3200
2018-12-12,135.8400,137.7600,132.2800,132.9600,1504075,132.9600
2018-12-13,138.5200,139.4800,132.5200,133.7600,1478425,133.7600
2018-12-14,127.8000,128.1600,123.0000,123.0000,1262725,123.0000
2018-12-17,120.3200,120.4000,113.7600,114.8400,1057725,114.8400
2018-12-18,119.3600,124.2400,118.6800,122.9600,1147875,122.9600
2018-12-19,116.2800,122.1200,115.0800,120.5600,975450,120.5600
2018-12-20,123.8000,124.4400,116.4400,120.4000,925175,120.4000
2018-12-21,119.6800,124.6000,118.6000,121.0000,790775,121.0000
2018-12-24,115.8000,117.9600,115.1600,117.2400,526275,117.2400
2018-12-26,111.8800,115.4800,110.1600,112.9200,845025,112.9200
2018-12-27,113.6000,117.6800,111.7600,115.4400,885200,115.4400
2018-12-28,110.7200,112.7600,108.6400,109.6000,835825,109.6000
2018-12-31,103.2800,103.4800,97.0800,98.8400,1218025,98.8400
2019-01-02,96.8800,99.1600,96.4400,97.9600,994600,97.9600
2019-01-03,96.8400,98.1600,95.7200,96.8400,679725,96.8400
2019-01-04,99.0800,101.0000,96.7200,100.3600,655900,100.3600
2019-01-07,98.0000,99.1600,96.9600,97.5200,517450,97.5200
2019-01-08,100.4000,101.1200,98.2000,98.9600,618725,98.9600
2019-01-09,98.3200,99.9200,97.5200,99.5600,407650,99.5600
2019-01-10,100.8000,101.5600,98.2000,99.0000,902600,99.0000
2019-01-11,100.9200,105.0000,100.2400,104.3600,926675,104.3600
2019-01-14,112.0000,119.9200,112.0000,119.0000,2155375,119.0000
2019-01-15,118.2000,119.2800,114.4400,114.8800,1104600,114.8800
2019-01-16,120.7200,121.3200,111.0000,112.8800,1117975,112.8800
2019-01-17,117.2800,117.4400,112.0400,113.0800,562875,113.0800
2019-01-18,109.3200,115.8000,109.1600,113.6400,1731600,113.6400
2019-01-22,108.4400,109.6000,105.6400,106.6000,1183750,106.6000
2019-01-23,108.0400,108.5200,103.3200,105.2400,812375,105.2400
2019-01-24,107.0000,108.8000,105.8400,107.8400,862025,107.8400
2019-01-25,106.0000,110.1600,105.9200,109.6000,701750,109.6000
2019-01-28,103.3200,104.2000,102.0400,102.9200,854825,102.9200
2019-01-29,101.2000,104.2400,100.7600,103.4000,848900,103.4000
2019-01-30,102.5600,103.2400,101.5600,102.2400,521250,102.2400
2019-01-31,102.6800,102.8000,100.0000,101.1200,874100,101.1200
2019-02-01,99.4400,100.1200,97.4400,97.7200,993050,97.7200
2019-02-04,95.4800,96.1200,94.8000,95.1600,854650,95.1600
2019-02-05,95.6400,96.6400,94.8000,95.8400,551750,95.8400
2019-02-06,95.2800,96.3200,94.6000,95.4800,491950,95.4800
2019-02-07,93.8800,93.9200,90.9200,91.8000,1313300,91.8000
2019-02-08,92.3200,93.3600,91.3200,93.0800,630750,93.0800
2019-02-11,96.5600,96.6000,94.1600,94.4400,721600,94.4400
2019-02-12,94.5200,96.2800,94.2400,95.2400,589775,95.2400
2019-02-13,92.6800,93.8800,92.0800,92.6800,646275,92.6800
2019-02-14,92.5600,93.2400,91.7600,91.9600,656450,91.9600
2019-02-15,93.0400,93.6800,92.0400,93.5600,469125,93.5600
2019-02-19,93.6400,95.1200,93.4400,94.8400,464450,94.8400
2019-02-20,95.4800,95.6000,93.9200,94.3200,417875,94.3200
2019-02-21,95.3200,96.2000,94.9200,96.0400,561725,96.0400
2019-02-22,95.5200,96.8000,95.4800,96.0800,421975,96.0800
2019-02-25,98.0400,99.4000,97.2400,99.0800,836600,99.0800
2019-02-26,99.9600,100.1200,97.3600,97.8000,547800,97.8000
2019-02-27,97.4800,99.0000,97.1600,98.9200,265325,98.9200
2019-02-28,99.9200,100.2000,98.2800,98.9200,1061025,98.9200
2019-03-01,100.9600,101.1200,99.6800,100.3200,646975,100.3200
2019-03-04,100.3200,100.9600,99.9600,100.5600,450150,100.5600
2019-03-05,100.8800,101.8800,100.2000,101.7200,379300,101.7200
2019-03-06,100.9200,101.1600,99.5200,100.4000,357500,100.4000
2019-03-07,100.4400,101.2400,99.5600,101.0800,369900,101.0800
2019-03-08,101.2000,101.4400,100.7200,100.9200,219450,100.9200
2019-03-11,98.4400,98.5600,97.5600,97.9200,433500,97.9200
2019-03-12,97.8400,98.6800,97.3600,98.5600,259925,98.5600
2019-03-13,98.7200,99.7200,98.7200,99.5200,321475,99.5200
2019-03-14,100.1200,100.6800,99.7200,100.3200,259875,100.3200
2019-03-15,99.6800,99.7600,98.4400,98.5600,264075,98.5600
2019-03-18,99.7200,100.6400,99.7200,100.2400,269900,100.2400
2019-03-19,100.8000,101.0400,100.3200,100.6400,312375,100.6400
2019-03-20,99.9200,99.9200,99.1200,99.8800,220150,99.8800
2019-03-21,98.7600,99.5600,98.5200,99.4400,243200,99.4400
2019-03-22,97.7600,97.8400,97.1200,97.6400,378225,97.6400
2019-03-25,96.8800,98.0000,96.8000,97.5600,278600,97.5600
2019-03-26,97.2400,97.4400,96.6400,96.7200,209075,96.7200
2019-03-27,95.2000,96.0400,94.7200,95.8800,382850,95.8800
2019-03-28,95.7200,96.2800,95.2800,95.6400,295050,95.6400
2019-03-29,94.4800,94.8000,93.5200,93.9200,411325,93.9200
2019-04-01,94.8000,96.1600,94.8000,95.1200,361300,95.1200
2019-04-02,95.1200,95.1200,94.1200,94.6800,279850,94.6800
2019-04-03,94.1600,94.5200,93.5600,94.0000,328450,94.0000
2019-04-04,94.1200,94.2000,92.8000,93.0000,344675,93.0000
2019-04-05,93.2400,94.0400,93.1600,94.0000,238825,94.0000
2019-04-08,94.8000,95.7600,94.6400,95.4000,431025,95.4000
2019-04-09,94.7200,95.3600,94.4000,95.3200,300925,95.3200
2019-04-10,94.9200,95.6000,94.7200,94.9600,276250,94.9600
2019-04-11,94.4000,95.2800,93.4000,94.1200,696825,94.1200
2019-04-12,94.2800,94.5200,93.3200,93.4000,234875,93.4000
2019-04-15,91.9600,92.1600,91.0800,91.2000,463900,91.2000
2019-04-16,91.2000,91.2000,90.5200,90.6400,245400,90.6400
2019-04-17,89.2800,89.4800,88.3200,88.3600,537900,88.3600
2019-04-18,88.3200,88.6400,87.4000,87.7600,454200,87.7600
2019-04-22,88.6400,88.9200,88.2000,88.6000,285500,88.6000
2019-04-23,87.3600,87.3600,86.2800,86.6000,405250,86.6000
2019-04-24,87.1600,87.2400,86.3600,86.5600,220975,86.5600
2019-04-25,86.7600,88.5600,85.7600,87.8400,455050,87.8400
2019-04-26,89.2800,90.2000,88.9200,89.5200,302650,89.5200
2019-04-29,89.1600,89.9600,88.1600,89.8800,239725,89.8800
2019-04-30,89.9200,90.0400,88.8800,89.3200,188450,89.3200
2019-05-01,90.4000,90.9200,90.2000,90.4800,198775,90.4800
2019-05-02,89.6800,90.1200,88.8400,89.5600,303875,89.5600
2019-05-03,88.9200,89.4000,88.4400,88.7600,253425,88.7600
2019-05-06,87.8000,88.2000,87.1600,87.6400,259575,87.6400
2019-05-07,88.1200,88.5600,87.6400,88.0000,166050,88.0000
2019-05-08,89.5600,90.5600,89.4800,90.2400,441800,90.2400
2019-05-09,89.5600,89.9600,88.7200,89.6800,189700,89.6800
2019-05-10,89.5600,91.6800,89.5600,90.8400,373800,90.8400
2019-05-13,91.5600,91.8800,90.5600,90.8400,327875,90.8400
2019-05-14,91.8400,92.2800,91.3600,91.8400,248825,91.8400
2019-05-15,91.1600,91.1600,89.9200,90.2400,208500,90.2400
2019-05-16,91.1200,91.6800,90.4000,91.4400,168800,91.4400
2019-05-17,91.6400,92.0000,90.9200,91.0000,128250,91.0000
2019-05-20,92.5600,93.3200,92.1200,92.2000,347175,92.2000
2019-05-21,91.5200,91.5200,90.2800,90.6800,225325,90.6800
2019-05-22,89.4400,89.4400,87.4800,87.9200,454675,87.9200
2019-05-23,88.3200,89.0000,87.4400,88.7200,247850,88.7200
2019-05-24,87.9200,89.6800,87.5600,89.2800,154375,89.2800
2019-05-28,87.6400,88.7600,87.6000,88.4800,181000,88.4800
2019-05-29,90.3200,90.6000,89.4800,89.7600,314950,89.7600
2019-05-30,88.5600,88.6000,86.8000,87.6800,400800,87.6800
2019-05-31,85.6400,86.0000,83.7600,84.2000,408050,84.2000
2019-06-03,83.5600,83.6000,81.6000,82.3600,639825,82.3600
2019-06-04,82.2400,83.6000,82.1200,82.9600,291475,82.9600
2019-06-05,82.0800,82.4000,80.7200,81.4400,316425,81.4400
2019-06-06,81.0400,81.9200,79.0000,80.0400,667825,80.0400
2019-06-07,79.8800,80.6400,79.0800,80.2000,328600,80.2000
2019-06-10,80.1600,81.0000,80.0000,80.8000,273650,80.8000
2019-06-11,80.2800,82.4400,80.0800,82.0800,323575,82.0800
2019-06-12,81.8000,81.9600,81.1200,81.4000,194600,81.4000
2019-06-13,81.0000,81.4800,79.5600,79.8400,457150,79.8400
2019-06-14,80.4800,82.1200,80.2000,81.7600,404625,81.7600
2019-06-17,82.0000,82.2000,81.0400,81.2000,147625,81.2000
2019-06-18,80.6400,80.9200,79.0400,79.5200,554450,79.5200
2019-06-19,80.1200,80.2000,77.4800,78.0000,506875,78.0000
2019-06-20,78.1200,78.3600,73.3600,75.2000,1328100,75.2000
2019-06-21,74.5200,75.2800,74.1200,74.7600,379200,74.7600
2019-06-24,76.9200,78.9600,76.5600,78.3600,948550,78.3600
2019-06-25,77.8400,78.8800,76.8000,77.8800,418650,77.8800
2019-06-26,78.0800,79.1600,77.6000,78.1200,510950,78.1200
2019-06-27,78.2000,80.3600,78.2000,79.6800,420925,79.6800
2019-06-28,81.1600,81.2400,79.2000,79.5600,398100,79.5600
2019-07-01,77.6000,78.1200,76.2400,77.8000,681175,77.8000
2019-07-02,78.1600,78.2000,76.7200,77.0400,271500,77.0400
2019-07-03,78.2400,78.5600,77.3600,78.3200,279300,78.3200
2019-07-05,82.0000,84.0400,81.9600,82.7200,1316425,82.7200
2019-07-08,82.4800,82.8000,81.4800,82.5200,451375,82.5200
2019-07-09,82.5200,83.7600,81.9200,83.1200,370800,83.1200
2019-07-10,84.6400,85.5600,83.3600,84.1600,503550,84.1600
2019-07-11,84.7600,85.5200,82.3200,82.6800,811500,82.6800
2019-07-12,84.6400,85.2800,84.0800,84.3600,490900,84.3600
2019-07-15,83.4000,83.6000,81.9600,82.7200,538750,82.7200
2019-07-16,80.1600,80.4400,79.0800,79.8800,745350,79.8800
2019-07-17,79.5600,80.5600,78.6800,79.4800,298650,79.4800
2019-07-18,79.7200,80.7200,77.9200,78.7200,442200,78.7200
2019-07-19,77.6800,77.8000,77.0400,77.6400,509475,77.6400
2019-07-22,78.4000,79.9600,78.3600,79.5600,434075,79.5600
2019-07-23,79.2400,79.6800,78.6800,78.8400,259075,78.8400
2019-07-24,77.6000,77.6000,76.1600,76.8000,467200,76.8000
2019-07-25,77.4800,78.0400,76.6800,77.0400,317150,77.0400
2019-07-26,75.1600,75.5600,74.6000,75.1200,671825,75.1200
2019-07-29,74.2800,74.2800,73.0400,73.6000,545750,73.6000
2019-07-30,73.5600,74.3600,73.2400,74.1600,261525,74.1600
2019-07-31,76.6000,78.8000,76.2400,77.7600,874225,77.7600
2019-08-01,79.9200,80.3600,75.2800,75.4000,910600,75.4000
2019-08-02,73.7200,74.4400,72.2000,74.4000,953300,74.4000
2019-08-05,71.0000,73.2800,70.9600,72.4000,986200,72.4000
2019-08-06,72.8400,74.0800,72.7200,73.1600,498150,73.1600
2019-08-07,73.5200,74.0000,72.1200,72.5200,665275,72.5200
2019-08-08,73.5600,74.8800,72.8400,73.7200,574000,73.7200
2019-08-09,73.4800,74.5200,73.3600,73.7600,285975,73.7600
2019-08-12,74.6400,74.6400,72.8000,73.3600,289325,73.3600
2019-08-13,74.4400,75.6000,73.6400,74.7600,529675,74.7600
2019-08-14,74.8000,75.0000,73.8000,74.8800,398300,74.8800
2019-08-15,75.2800,78.7200,74.7200,77.1200,702575,77.1200
2019-08-16,76.4000,76.7200,75.3600,76.4000,218575,76.4000
2019-08-19,75.0800,77.0400,75.0000,76.4000,355875,76.4000
2019-08-20,76.8800,77.1200,76.0800,76.9600,209700,76.9600
2019-08-21,76.5200,76.5200,74.9200,75.6000,565250,75.6000
2019-08-22,75.6800,76.1600,74.6800,74.8800,429425,74.8800
2019-08-23,74.0800,75.2000,74.0000,74.8000,327100,74.8000
2019-08-26,76.7200,77.6400,76.3600,77.2400,635425,77.2400
2019-08-27,75.7200,76.5200,75.6000,76.2400,340175,76.2400
2019-08-28,77.9200,78.6400,76.9600,77.4000,407975,77.4000
2019-08-29,78.6000,80.0400,78.0800,79.3200,603050,79.3200
2019-08-30,78.7200,79.6800,78.4800,79.0800,237475,79.0800
2019-09-03,81.5600,82.0000,81.0800,81.2400,471250,81.2400
2019-09-04,82.8800,85.2000,82.2000,84.4400,564775,84.4400
2019-09-05,84.1600,85.3600,82.8000,84.5600,637675,84.5600
2019-09-06,84.2800,86.8000,84.2000,86.3200,607175,86.3200
2019-09-09,88.0400,90.0000,88.0000,89.9200,551900,89.9200
2019-09-10,90.4400,90.7200,89.2000,89.6000,623625,89.6000
2019-09-11,88.4000,89.9200,88.1200,88.4000,268300,88.4000
2019-09-12,88.0800,89.6400,87.6400,89.2000,389925,89.2000
2019-09-13,89.4800,91.5200,88.6000,90.9200,425200,90.9200
2019-09-16,92.2800,93.6000,91.6800,93.0800,601600,93.0800
2019-09-17,92.2800,93.4800,91.8000,92.1200,276600,92.1200
2019-09-18,91.8800,91.9200,89.9600,91.0400,356725,91.0400
2019-09-19,89.8000,89.8800,87.6800,88.2800,556950,88.2800
2019-09-20,88.7600,88.8000,86.6400,87.6400,348025,87.6400
2019-09-23,86.6000,87.8800,86.2400,87.6400,373275,87.6400
2019-09-24,88.1200,88.1200,86.0800,86.3600,257800,86.3600
2019-09-25,84.8800,86.7200,84.6400,86.2000,327975,86.2000
2019-09-26,85.4000,85.6800,82.5600,83.8000,960300,83.8000
2019-09-27,81.6400,82.9600,81.4800,82.1600,433325,82.1600
2019-09-30,80.1600,80.8400,79.5600,79.7200,815900,79.7200
2019-10-01,78.5600,79.0400,77.6800,78.6000,559750,78.6000
2019-10-02,78.3200,78.6400,76.8800,77.4400,548550,77.4400
2019-10-03,76.7600,80.3600,75.8400,80.0000,1012425,80.0000
2019-10-04,78.6800,82.0400,78.4000,80.4000,685850,80.4000
2019-10-07,79.2400,80.1200,78.5200,78.9200,485375,78.9200
2019-10-08,78.0400,78.6400,77.6000,78.4800,363300,78.4800
2019-10-09,77.9600,78.7200,76.3600,76.6800,760525,76.6800
2019-10-10,77.0000,77.8400,75.4400,75.5200,1273450,75.5200
2019-10-11,75.6800,77.4000,74.9200,76.1200,904400,76.1200
2019-10-14,78.5200,78.6400,76.3200,78.2800,984425,78.2800
2019-10-15,78.7200,80.3200,78.4800,80.1200,1037150,80.1200
2019-10-16,81.1200,81.4800,78.1200,78.5600,729625,78.5600
2019-10-17,79.4800,80.5600,78.8000,79.4400,495925,79.4400
2019-10-18,78.9200,80.3600,78.5600,80.2800,576475,80.2800
2019-10-21,77.3600,77.6400,76.4800,77.6400,1201275,77.6400
2019-10-22,77.7600,78.2400,77.2400,77.4800,536125,77.4800
2019-10-23,77.3600,77.4000,76.3200,76.9200,543575,76.9200
2019-10-24,77.2800,78.1200,76.3200,78.0000,586500,78.0000
2019-10-25,77.6400,78.1600,77.2400,77.9200,409575,77.9200
2019-10-28,80.4800,81.6800,79.4400,81.0400,1210425,81.0400
2019-10-29,83.8800,85.3200,82.8000,82.9600,1715125,82.9600
2019-10-30,85.5600,85.7200,84.2400,85.0000,1238750,85.0000
2019-10-31,85.6000,85.6400,82.3600,83.2400,1201700,83.2400
2019-11-01,81.9600,85.8000,81.8800,85.4000,1153175,85.4000
2019-11-04,88.9600,89.5200,88.1600,89.0800,1318700,89.0800
2019-11-05,90.6000,91.2400,89.5600,90.7600,910450,90.7600
2019-11-06,90.6800,91.1600,89.1600,89.4000,718125,89.4000
2019-11-07,88.5200,91.0400,86.9600,88.2000,1544525,88.2000
2019-11-08,88.7600,88.7600,87.2800,88.2000,642625,88.2000
2019-11-11,84.0800,84.2000,82.7600,83.3200,1177850,83.3200
2019-11-12,83.9200,84.0000,82.4000,82.9200,759650,82.9200
2019-11-13,81.8800,84.3200,81.2000,84.2400,815550,84.2400
2019-11-14,83.6400,84.6800,82.7600,83.3200,792975,83.3200
2019-11-15,83.3200,85.4400,82.7200,84.1200,615850,84.1200
2019-11-18,81.6800,82.4000,80.1600,80.4000,1149175,80.4000
2019-11-19,79.3200,79.8400,78.8400,79.0000,1203775,79.0000
2019-11-20,79.7600,80.6800,79.3600,80.2400,696175,80.2400
2019-11-21,79.7600,80.9600,78.9600,80.7200,964650,80.7200
2019-11-22,81.8800,83.5200,81.7200,82.9200,1008400,82.9200
2019-11-25,79.8000,80.0000,78.9600,79.3200,1523200,79.3200
2019-11-26,77.4000,77.8000,76.7200,77.7600,1688525,77.7600
2019-11-27,77.2000,77.6800,76.3200,76.8000,1198675,76.8000
2019-11-29,72.8800,73.0000,71.0400,71.3200,1920975,71.3200
2019-12-02,71.3600,71.9200,70.2400,71.8400,1389500,71.8400
2019-12-03,74.2000,76.9600,73.7200,74.7200,2264425,74.7200
2019-12-04,73.4000,74.4400,72.6800,74.0400,1232425,74.0400
2019-12-05,74.6800,75.5600,73.7600,74.0800,1119175,74.0800
2019-12-06,74.1200,74.1600,71.4400,72.1200,1300025,72.1200
2019-12-09,68.2400,69.2000,67.5200,69.2000,2278350,69.2000
2019-12-10,69.1200,70.2000,68.6000,69.4800,980450,69.4800
2019-12-11,70.1600,70.6400,68.7200,68.8800,1014425,68.8800
2019-12-12,70.0400,72.0000,69.3200,71.6800,1307600,71.6800
2019-12-13,70.4400,71.2000,70.0400,70.7200,888625,70.7200
2019-12-16,72.2400,72.8000,71.6800,72.1200,848775,72.1200
2019-12-17,71.0400,71.6400,70.3600,71.1600,633300,71.1600
2019-12-18,69.8400,70.2000,69.2800,70.1200,840575,70.1200
2019-12-19,68.9200,70.4800,68.8400,70.4000,1360000,70.4000
2019-12-20,71.6400,71.6800,70.7200,71.3600,812575,71.3600
2019-12-23,68.5600,69.0800,68.2800,68.6800,984475,68.6800
2019-12-24,67.8800,68.4000,67.4000,68.0800,821500,68.0800
2019-12-26,69.8000,70.7600,69.6000,69.9600,1066675,69.9600
2019-12-27,68.2000,69.4400,67.2800,69.3600,2089150,69.3600
2019-12-30,68.8800,69.2000,67.4400,67.6000,1306550,67.6000
2019-12-31,66.9600,67.8800,66.5200,67.4400,1025050,67.4400
2020-01-02,66.6800,66.7600,65.4400,65.8800,1624300,65.8800
2020-01-03,65.9600,66.8000,65.4400,65.5600,1072675,65.5600
2020-01-06,66.5200,66.7200,65.3200,66.3600,1168250,66.3600
2020-01-07,65.9600,67.2800,65.8800,66.4800,911825,66.4800
2020-01-08,66.6800,66.8400,65.4000,66.5200,899600,66.5200
2020-01-09,65.8400,67.0800,65.1200,66.6800,854775,66.6800
2020-01-10,68.1600,69.0400,67.9600,68.1600,1139925,68.1600
2020-01-13,67.7200,68.0400,66.8800,67.7600,987000,67.7600
2020-01-14,69.5600,69.7200,67.3600,67.4000,1208475,67.4000
2020-01-15,65.7600,66.2000,65.4800,65.7200,1235775,65.7200
2020-01-16,65.7600,67.0000,64.0800,64.3200,1483000,64.3200
2020-01-17,63.0400,63.0400,62.0000,62.1600,2577325,62.1600
2020-01-21,60.0400,60.5200,58.2400,59.4800,2313025,59.4800
2020-01-22,59.5600,60.2400,59.2000,59.6400,910575,59.6400
2020-01-23,60.4000,61.0800,59.3600,59.7600,954525,59.7600
2020-01-24,58.7600,58.8800,58.1200,58.4400,1120750,58.4400
2020-01-27,60.2800,60.3200,58.3200,58.5600,1251325,58.5600
2020-01-28,59.6400,60.2400,59.2800,59.6000,1008775,59.6000
2020-01-29,58.6400,58.8000,58.0800,58.6400,942600,58.6400
2020-01-30,57.4800,58.3200,56.7200,57.2400,1320850,57.2400
2020-01-31,57.6800,58.0000,57.2800,57.4800,812875,57.4800
2020-02-03,57.7600,57.7600,56.7200,56.8400,858450,56.8400
2020-02-04,57.3200,59.0000,57.2000,58.6000,929700,58.6000
2020-02-05,57.1600,58.5200,57.0800,58.5200,1163025,58.5200
2020-02-06,57.7600,59.6000,57.5200,58.2400,653275,58.2400
2020-02-07,59.0400,59.3200,57.8000,57.8000,676100,57.8000
2020-02-10,55.8000,56.2000,55.0000,55.3600,1511900,55.3600
2020-02-11,55.6400,56.2800,55.1600,56.1200,849700,56.1200
2020-02-12,57.3600,58.0000,56.9600,57.6800,783675,57.6800
2020-02-13,58.0400,58.2800,57.0800,57.2800,595500,57.2800
2020-02-14,57.5600,57.8000,57.1600,57.3600,499700,57.3600
2020-02-18,60.5200,61.0800,59.9200,60.4000,1441500,60.4000
2020-02-19,60.7600,61.4800,60.4000,61.1200,607300,61.1200
2020-02-20,60.2400,62.6800,59.4400,59.6400,1539725,59.6400
2020-02-21,58.8400,59.7600,58.8000,59.2000,927575,59.2000
2020-02-24,57.8800,58.0400,57.0000,57.4400,919525,57.4400
2020-02-25,57.9200,58.0800,56.9600,57.1200,1108400,57.1200
2020-02-26,58.1200,58.4000,56.3600,56.3600,835600,56.3600
2020-02-27,54.1600,54.5200,53.2800,53.8800,1685875,53.8800
2020-02-28,52.8800,53.4800,51.9200,52.4000,932775,52.4000
2020-03-02,54.0400,54.6400,53.4800,54.3200,1047825,54.3200
2020-03-03,55.7600,56.9600,55.2000,55.7200,1086750,55.7200
2020-03-04,56.8000,57.1200,55.8000,56.7600,557250,56.7600
2020-03-05,56.3200,56.4400,54.5600,54.6000,779000,54.6000
2020-03-06,54.2400,54.4400,52.8800,53.2800,885800,53.2800
2020-03-09,53.6800,56.4400,52.0000,56.4000,1856275,56.4000
2020-03-10,57.2400,60.5600,57.1200,59.8800,2782600,59.8800
2020-03-11,61.0800,61.9200,57.6800,58.1600,1874475,58.1600
2020-03-12,55.7200,58.2400,55.3200,56.8000,1827875,56.8000
2020-03-13,59.6800,60.0800,57.4000,59.0000,1103200,59.0000
2020-03-16,56.1200,57.1200,55.6000,55.6800,489000,55.6800
2020-03-17,56.2400,56.2400,53.1600,53.4800,505025,53.4800
2020-03-18,51.1200,51.6400,48.3200,50.9600,1278400,50.9600
2020-03-19,50.6800,52.4800,50.4000,52.2800,565325,52.2800
2020-03-20,52.8000,52.9600,49.9600,50.1200,707875,50.1200
2020-03-23,50.3600,51.6000,49.8800,50.6000,603775,50.6000
2020-03-24,52.5200,53.0800,51.7200,52.8400,549725,52.8400
2020-03-25,52.4400,52.9200,51.4800,52.1600,434450,52.1600
2020-03-26,51.6400,52.6000,50.7200,51.2000,602350,51.2000
2020-03-27,50.6800,51.3200,50.2400,50.6800,469075,50.6800
2020-03-30,49.8800,51.6400,49.8400,51.2800,487300,51.2800
2020-03-31,51.7600,51.7600,49.6000,50.2000,701825,50.2000
2020-04-01,49.0400,49.2000,47.8800,48.0400,917200,48.0400
2020-04-02,47.1200,47.7600,46.1200,47.0000,968200,47.0000
2020-04-03,46.9200,50.1600,46.8800,49.8800,963900,49.8800
2020-04-06,50.9200,53.0400,50.8000,52.9600,923450,52.9600
2020-04-07,54.9200,57.2800,54.5600,57.2400,947250,57.2400
2020-04-08,56.6800,57.1600,53.7200,54.2000,887150,54.2000
2020-04-09,53.8400,54.4800,52.2400,52.5200,847050,52.5200
2020-04-13,54.0000,54.4400,51.5200,52.4400,902200,52.4400
2020-04-14,51.0800,51.5200,49.6800,49.8000,1061875,49.8000
2020-04-15,49.6400,49.7600,48.0400,48.1600,829500,48.1600
2020-04-16,47.8000,51.8400,47.0800,51.0800,1479250,51.0800
2020-04-17,53.4800,54.2000,52.0800,52.8000,989800,52.8000
2020-04-20,53.6000,57.6800,53.2000,57.0400,1903075,57.0400
2020-04-21,56.8000,57.7600,53.5600,54.6400,1647675,54.6400
2020-04-22,54.8400,57.4400,54.6000,56.6400,1416200,56.6400
2020-04-23,55.3600,56.6000,53.4400,53.8800,931600,53.8800
2020-04-24,54.3200,54.4000,51.8000,51.9200,1426275,51.9200
2020-04-27,49.1200,53.2800,48.8800,53.0400,1977575,53.0400
2020-04-28,54.9600,55.0800,53.4000,53.8400,988850,53.8400
2020-04-29,52.8800,53.2800,51.4800,52.0000,1248175,52.0000
2020-04-30,52.1600,54.0400,51.5200,53.6400,1013675,53.6400
2020-05-01,53.7200,54.3200,51.8000,52.0400,995825,52.0400
2020-05-04,54.8400,55.4000,53.7200,55.1200,1196875,55.1200
2020-05-05,58.3200,59.8000,57.6800,57.9600,1734200,57.9600
2020-05-06,55.7200,55.7200,53.4000,53.9600,1584300,53.9600
2020-05-07,54.2400,54.8400,52.2000,52.6400,1610225,52.6400
2020-05-08,51.0400,51.8800,50.1600,50.5600,1516225,50.5600
2020-05-11,51.8800,52.2800,49.9200,51.1600,1300500,51.1600
2020-05-12,49.4400,49.8400,47.2000,47.2000,2251175,47.2000
2020-05-13,46.9600,47.2800,44.1600,45.3200,2150375,45.3200
2020-05-14,45.1600,47.1600,45.0400,45.7600,1353775,45.7600
2020-05-15,47.0800,47.2400,44.8400,45.1600,1281125,45.1600
2020-05-18,47.7600,49.9200,47.6000,48.4000,1535050,48.4000
2020-05-19,49.7600,49.8400,48.6800,49.0000,1430650,49.0000
2020-05-20,49.4400,49.6800,46.5600,47.1600,1485300,47.1600
2020-05-21,46.0800,46.3200,45.2400,46.1600,905250,46.1600
2020-05-22,45.5200,46.9600,45.5200,46.5600,766400,46.5600
2020-05-26,47.6800,48.0800,46.8000,47.7600,818200,47.7600
2020-05-27,47.1200,47.7600,46.1200,46.4000,1065750,46.4000
2020-05-28,46.0800,46.3200,44.9200,45.0800,1195300,45.0800
2020-05-29,44.6800,45.8800,43.5200,45.2800,1750225,45.2800
2020-06-01,43.7200,45.0000,43.6000,43.9600,1505075,43.9600
2020-06-02,44.1600,44.4400,43.6000,43.8000,834200,43.8000
2020-06-03,45.6400,45.8400,44.1200,44.6400,1480425,44.6400
2020-06-04,44.9600,45.6800,44.3200,45.0400,1045125,45.0400
2020-06-05,45.6000,45.6800,43.9200,44.4800,1545200,44.4800
2020-06-08,43.9600,44.6000,43.7600,44.6000,1209825,44.6000
2020-06-09,43.8400,44.1600,43.3600,43.6000,1247425,43.6000
2020-06-10,43.9600,44.6000,43.7600,44.2000,1863500,44.2000
2020-06-11,44.7600,45.2400,43.9200,44.7600,1384575,44.7600
2020-06-12,44.3200,44.5600,42.6400,43.0000,1375450,43.0000
2020-06-15,42.4000,42.4000,41.0800,41.4800,1796925,41.4800
2020-06-16,40.0800,40.4000,39.5600,40.0000,1651925,40.0000
2020-06-17,40.1600,40.6800,39.8400,40.4800,955200,40.4800
2020-06-18,40.1200,40.9600,39.8800,40.5200,937800,40.5200
2020-06-19,40.7600,41.4000,40.6800,41.0000,882200,41.0000
2020-06-22,41.1200,41.8800,40.3200,40.5600,1218025,40.5600
2020-06-23,40.1200,40.2400,39.4000,39.6000,1225950,39.6000
2020-06-24,39.4000,40.1200,38.7600,38.8800,1251275,38.8800
2020-06-25,37.8000,37.9600,35.5600,35.9600,3964850,35.9600
2020-06-26,35.8800,36.7200,35.8400,36.2000,1411375,36.2000
2020-06-29,39.1600,41.0800,39.0000,39.7600,3292100,39.7600
2020-06-30,41.2800,41.5200,40.1200,41.0400,1216850,41.0400
2020-07-01,39.7600,40.0000,38.9600,39.5600,1607500,39.5600
2020-07-02,39.5200,40.7200,39.5200,40.3200,1529850,40.3200
2020-07-06,42.3200,43.0000,41.5200,42.8400,1961300,42.8400
2020-07-07,44.4000,45.0800,43.7200,43.8000,1836700,43.8000
2020-07-08,43.4400,43.5200,42.5600,42.9200,1151400,42.9200
2020-07-09,43.8400,44.0400,41.5200,41.5600,1804825,41.5600
2020-07-10,42.4000,42.9600,42.0800,42.4000,1379950,42.4000
2020-07-13,42.2400,42.5200,40.4400,40.4800,1383750,40.4800
2020-07-14,40.4000,41.4400,40.2400,40.9600,965225,40.9600
2020-07-15,41.2400,41.8400,40.4800,41.7600,948350,41.7600
2020-07-16,41.4800,42.2800,39.9600,40.4000,1542875,40.4000
2020-07-17,40.6000,40.8800,39.9200,40.0400,1148950,40.0400
2020-07-20,38.9200,38.9200,37.5600,38.4400,2177225,38.4400
2020-07-21,39.0800,39.2000,38.6000,38.8400,835475,38.8400
2020-07-22,38.3200,39.6000,38.1200,39.3600,838075,39.3600
2020-07-23,39.7200,42.2000,39.1200,41.7600,1864150,41.7600
2020-07-24,41.3600,42.6400,41.3200,42.4400,1040225,42.4400
2020-07-27,41.9600,42.2400,40.2800,40.6400,1345350,40.6400
2020-07-28,42.4400,42.5600,41.2800,42.4000,1096775,42.4000
2020-07-29,42.7200,44.1600,42.4800,43.4400,1481275,43.4400
2020-07-30,43.1200,43.3200,41.4400,41.6800,923950,41.6800
2020-07-31,41.7200,41.9600,40.6000,41.0400,825125,41.0400
2020-08-03,45.3600,49.1200,45.1200,48.0000,4213550,48.0000
2020-08-04,47.9600,50.1200,47.4400,49.7600,2313100,49.7600
2020-08-05,50.3600,51.3600,49.2800,50.3600,1859975,50.3600
2020-08-06,51.8800,52.0400,48.6800,48.9200,1884175,48.9200
2020-08-07,50.6800,51.3600,49.5600,51.2400,1759075,51.2400
2020-08-10,50.1600,50.2800,48.2800,49.2400,1234575,49.2400
2020-08-11,49.9200,50.1600,48.8400,48.8800,1067200,48.8800
2020-08-12,47.9200,49.3200,47.5200,48.9200,1352200,48.9200
2020-08-13,49.1200,50.0400,48.8000,50.0000,1079250,50.0000
2020-08-14,51.8000,54.0400,51.5200,53.2800,1586325,53.2800
2020-08-17,53.6400,54.0400,52.3600,53.2400,1101300,53.2400
2020-08-18,55.2400,55.8800,54.4800,54.8400,1109675,54.8400
2020-08-19,54.8000,55.3600,54.3600,55.2000,1093975,55.2000
2020-08-20,54.6800,55.0800,53.6400,53.7200,936700,53.7200
2020-08-21,52.2800,55.6000,52.0800,55.0400,1663975,55.0400
2020-08-24,56.2800,57.0800,55.6400,56.1200,1137450,56.1200
2020-08-25,55.7600,56.2400,55.2000,55.4800,798250,55.4800
2020-08-26,55.8800,56.3600,54.1600,54.3200,956000,54.3200
2020-08-27,56.3600,58.3200,56.2800,57.9200,1814975,57.9200
2020-08-28,57.5200,57.9600,56.3600,57.2800,869350,57.2800
2020-08-31,54.4000,57.0000,53.6800,56.5600,1597825,56.5600
2020-09-01,55.2400,56.1600,53.8400,54.0000,1555250,54.0000
2020-09-02,53.3200,55.4000,52.9200,53.8400,1670325,53.8400
2020-09-03,54.7600,55.1600,52.8000,53.3600,1090125,53.3600
2020-09-04,53.0000,55.9600,52.2800,55.5200,1477825,55.5200
2020-09-08,54.4400,54.8400,51.0400,51.1200,1698400,51.1200
2020-09-09,52.0400,52.1600,50.0000,51.1600,1618850,51.1600
2020-09-10,50.7600,51.3600,49.5200,49.6000,896525,49.6000
2020-09-11,49.3200,49.4400,48.2400,48.3200,906750,48.3200
2020-09-14,50.5600,51.0000,49.0800,49.6000,1069200,49.6000
2020-09-15,49.9200,50.9200,49.9200,50.2800,748975,50.2800
2020-09-16,50.0000,50.0400,48.2400,48.5600,1223925,48.5600
2020-09-17,47.0800,47.0800,45.1200,45.9600,2536675,45.9600
2020-09-18,46.4800,47.6800,46.1200,47.4400,1126325,47.4400
2020-09-21,47.0800,49.1200,46.5200,48.7200,2410200,48.7200
2020-09-22,47.2000,47.3200,46.0400,46.6800,1026900,46.6800
2020-09-23,48.7600,51.0400,48.5600,50.3600,1483975,50.3600
2020-09-24,51.0400,52.6000,49.8800,51.5200,994350,51.5200
2020-09-25,51.1200,51.6000,50.2000,50.5600,587675,50.5600
2020-09-28,48.9200,50.5200,48.6400,49.9200,1068800,49.9200
2020-09-29,47.0000,47.3200,45.0400,45.1600,2136150,45.1600
2020-09-30,45.6000,46.3200,44.6000,45.6400,814300,45.6400
2020-10-01,45.5200,45.6800,43.9200,44.9200,839650,44.9200
2020-10-02,44.3200,45.8400,43.7200,44.2800,823575,44.2800
2020-10-05,47.6000,48.9600,46.9200,47.4800,1571350,47.4800
2020-10-06,46.4000,47.4000,45.0000,45.3600,1198825,45.3600
2020-10-07,47.8000,48.0400,45.6400,46.8000,1351425,46.8000
2020-10-08,46.0000,47.6000,45.5600,47.4400,1326100,47.4400
2020-10-09,49.9200,50.6800,48.9600,49.5200,1142150,49.5200
2020-10-12,52.3600,52.6000,50.7600,51.0400,1215925,51.0400
2020-10-13,50.5200,51.7600,50.2000,50.4800,990400,50.4800
2020-10-14,47.6400,48.5600,46.9200,47.1600,2055000,47.1600
2020-10-15,49.5600,50.2800,49.1200,49.5600,975775,49.5600
2020-10-16,50.0000,50.5200,48.6400,49.1200,905875,49.1200
2020-10-19,49.2800,50.2000,49.1200,49.9600,747525,49.9600
2020-10-20,50.3200,50.5600,49.2400,49.5200,604175,49.5200
2020-10-21,50.7200,50.9600,50.4400,50.5600,496525,50.5600
2020-10-22,50.2000,50.5200,49.3600,49.5600,559000,49.5600
2020-10-23,48.7200,49.0000,48.3200,48.4000,524825,48.4000
2020-10-26,49.6000,49.9200,48.6400,49.2000,686500,49.2000
2020-10-27,48.3600,50.5600,48.3200,50.1200,574475,50.1200
2020-10-28,49.8000,50.3600,49.6000,49.8400,656775,49.8400
2020-10-29,48.1600,50.6800,47.7600,50.2000,940925,50.2000
2020-10-30,49.3600,51.0400,49.3600,50.9600,655250,50.9600
2020-11-02,49.0800,49.5600,48.7200,49.0000,1025800,49.0000
2020-11-03,47.0800,47.1200,46.1200,46.4400,1691425,46.4400
2020-11-04,45.9200,46.7200,45.5600,46.3200,902375,46.3200
2020-11-05,46.4800,47.2000,44.4000,44.5200,1386775,44.5200
2020-11-06,44.5200,44.5200,43.4800,43.9200,1150200,43.9200
2020-11-09,43.6000,43.9200,43.0000,43.2800,1137875,43.2800
2020-11-10,43.8000,45.6400,43.7200,44.8400,1052450,44.8400
2020-11-11,45.2800,46.2800,44.2800,46.0800,1071425,46.0800
2020-11-12,45.5200,46.2000,44.7200,44.8800,727100,44.8800
2020-11-13,46.3200,46.5200,45.0400,45.2800,722725,45.2800
2020-11-16,42.6400,42.6800,41.2000,41.2400,2326875,41.2400
2020-11-17,41.4000,41.5200,40.7200,41.2000,1257850,41.2000
2020-11-18,41.6400,42.0000,40.8800,41.1200,835825,41.1200
2020-11-19,38.7200,40.1200,38.4800,39.6000,2381250,39.6000
2020-11-20,40.1600,40.4400,39.8400,40.2000,630525,40.2000
2020-11-23,40.5600,41.1200,40.3600,40.8400,1080525,40.8400
2020-11-24,41.8400,42.1200,41.5200,41.8800,936400,41.8800
2020-11-25,42.0000,43.4800,41.5200,42.7600,1055575,42.7600
2020-11-27,41.8000,41.8800,40.9600,41.0800,612950,41.0800
2020-11-30,43.1200,43.3600,41.6400,42.4000,1057225,42.4000
2020-12-01,41.9600,42.0800,41.0400,41.7200,1172525,41.7200
2020-12-02,41.6800,41.8000,39.7200,39.8400,1596800,39.8400
2020-12-03,37.4400,37.4400,36.0000,36.3600,4663900,36.3600
2020-12-04,36.6400,37.9600,36.6400,37.1200,1620550,37.1200
2020-12-07,34.8000,35.2800,34.4800,35.1200,2462700,35.1200
2020-12-08,35.2400,35.6000,34.3200,35.3600,1690350,35.3600
2020-12-09,36.2000,36.2800,35.0400,35.1600,1502500,35.1600
2020-12-10,35.8000,37.5200,35.6400,37.2400,2107825,37.2400
2020-12-11,37.2000,38.0800,37.1600,37.5200,1126850,37.5200
2020-12-14,38.6800,39.1200,37.8000,38.4800,1371800,38.4800
2020-12-15,38.2000,39.0800,37.9600,38.5600,1234500,38.5600
2020-12-16,38.2000,38.9600,38.1200,38.8000,870650,38.8000
2020-12-17,38.9200,39.1600,37.7200,38.4800,1009450,38.4800
2020-12-18,38.9600,39.2400,38.3600,39.0000,789125,39.0000
2020-12-21,38.8000,39.0400,38.4000,38.9600,652300,38.9600
2020-12-22,39.8000,40.2000,39.3200,39.6000,1046075,39.6000
2020-12-23,38.6400,38.8800,37.0000,37.5200,1581000,37.5200
2020-12-24,37.4800,37.8800,36.8800,36.8800,641550,36.8800
2020-12-28,33.0000,34.2800,32.8800,33.9200,2776025,33.9200
2020-12-29,34.7200,36.0400,34.7200,35.4000,1605225,35.4000
2020-12-30,35.4000,35.7200,34.6000,35.1600,893400,35.1600
2020-12-31,35.8800,36.8800,35.3600,36.8000,1219375,36.8000
2021-01-04,38.0000,38.2800,37.2000,37.8000,1085225,37.8000
2021-01-05,38.9600,39.5600,38.7600,39.1200,1484150,39.1200
2021-01-06,38.5600,40.1200,38.5600,39.3200,1213100,39.3200
2021-01-07,39.3600,39.8800,38.7200,38.8000,1146625,38.8000
2021-01-08,38.6000,39.5200,38.3200,39.0000,985850,39.0000
2021-01-11,38.0400,40.7200,37.9600,40.4000,1500325,40.4000
2021-01-12,41.3200,41.5600,39.4000,39.6800,1660250,39.6800
2021-01-13,39.9200,40.7200,39.2400,39.7600,1435175,39.7600
2021-01-14,39.6800,40.4000,38.5600,38.7200,1506325,38.7200
2021-01-15,40.3200,40.3600,39.2000,39.8400,1236725,39.8400
2021-01-19,37.6000,37.7600,36.7600,37.0400,1796800,37.0400
2021-01-20,36.4400,37.4400,36.0800,37.1200,1309850,37.1200
2021-01-21,36.4000,36.8000,36.0800,36.7600,1233650,36.7600
2021-01-22,36.0800,36.4000,35.8000,36.0400,1310325,36.0400
2021-01-25,37.3600,38.2400,37.2000,38.1600,1357275,38.1600
2021-01-26,38.3600,38.7600,37.9200,38.6800,880475,38.6800
2021-01-27,39.3600,40.1600,39.0800,39.2800,1526450,39.2800
2021-01-28,39.0800,39.4800,37.9600,39.3200,1652775,39.3200
2021-01-29,38.8400,39.4800,37.4800,37.6400,1401825,37.6400
2021-02-01,41.1200,42.0000,40.8800,41.2800,2674625,41.2800
2021-02-02,43.6400,43.7200,41.2000,41.5600,2080625,41.5600
2021-02-03,41.4800,41.6000,40.2400,40.5600,1369450,40.5600
2021-02-04,41.0400,43.6000,40.7200,43.3600,1931350,43.3600
2021-02-05,44.6000,44.6400,41.8000,42.1200,2064800,42.1200
2021-02-08,42.3200,42.5600,41.6800,42.3600,1178350,42.3600
2021-02-09,41.2800,41.7600,40.9200,41.2400,896925,41.2400
2021-02-10,42.0400,43.5200,41.8000,43.4000,1428800,43.4000
2021-02-11,43.9600,44.0800,41.6400,41.7600,2091275,41.7600
2021-02-12,42.3200,43.4800,41.8400,42.6800,887150,42.6800
2021-02-16,45.1600,45.2000,43.4000,44.4000,2418125,44.4000
2021-02-17,44.3200,45.4800,43.9600,45.2000,2029200,45.2000
2021-02-18,44.7600,44.8000,43.8400,43.9600,1630500,43.9600
2021-02-19,44.8800,45.2000,44.3600,44.6400,1166550,44.6400
2021-02-22,43.3600,44.2000,42.9600,43.7200,1362850,43.7200
2021-02-23,43.0800,43.2000,42.4800,42.7600,1122625,42.7600
2021-02-24,42.4000,42.6000,41.7200,41.9200,917200,41.9200
2021-02-25,41.5600,42.2800,41.2400,41.2400,1224900,41.2400
2021-02-26,40.9200,41.6400,40.6400,41.2800,906400,41.2800
2021-03-01,41.0000,41.6800,40.9600,41.4800,561500,41.4800
2021-03-02,41.9200,42.6800,41.7600,42.5600,1102850,42.5600
2021-03-03,42.6000,42.6800,41.9600,42.0000,669925,42.0000
2021-03-04,41.4400,41.6000,40.1600,41.0400,1360875,41.0400
2021-03-05,41.0800,41.1600,40.0800,40.3200,673600,40.3200
2021-03-08,39.4400,39.8800,39.2800,39.7600,798575,39.7600
2021-03-09,39.5600,40.2000,39.3600,39.8800,602775,39.8800
2021-03-10,39.3200,40.4400,39.1200,40.1200,696750,40.1200
2021-03-11,39.8400,40.3200,39.4000,39.8800,813725,39.8800
2021-03-12,39.6800,39.9200,38.6000,38.7600,1175250,38.7600
2021-03-15,37.6800,37.7200,37.0400,37.4000,1265425,37.4000
2021-03-16,37.5600,38.2800,37.4800,38.2000,706400,38.2000
2021-03-17,37.8800,38.0400,37.2000,37.7200,874950,37.7200
2021-03-18,36.3600,37.6400,36.2800,37.1600,862200,37.1600
2021-03-19,36.8000,37.9600,36.7200,37.9600,656975,37.9600
2021-03-22,37.8400,38.7600,37.7600,38.4800,672750,38.4800
2021-03-23,38.1600,38.4400,37.6000,37.6800,731175,37.6800
2021-03-24,38.0000,38.2400,37.7600,37.8000,319200,37.8000
2021-03-25,38.0000,38.7600,37.6000,38.5600,555325,38.5600
2021-03-26,38.8000,38.8800,38.4400,38.6400,381975,38.6400
2021-03-29,38.6400,39.1600,38.0800,38.9200,473600,38.9200
2021-03-30,38.7200,39.0000,38.2800,38.6400,511325,38.6400
2021-03-31,38.2000,38.6400,37.9600,38.3200,389350,38.3200
2021-04-01,38.8800,39.2000,38.3600,38.8000,679425,38.8000
2021-04-05,38.0400,38.0400,36.6800,37.0000,934475,37.0000
2021-04-06,37.6800,37.6800,36.1600,36.2400,952475,36.2400
2021-04-07,36.7600,37.5200,36.6400,37.0000,734300,37.0000
2021-04-08,37.1600,37.3200,36.7600,37.1200,620350,37.1200
2021-04-09,37.5200,37.5600,37.0800,37.1200,327950,37.1200
2021-04-12,38.0000,38.0400,37.2800,37.6800,607475,37.6800
2021-04-13,38.2800,38.8800,38.2400,38.6000,638650,38.6000
2021-04-14,38.8000,38.9600,38.4400,38.5200,349000,38.5200
2021-04-15,38.4000,39.4800,38.2000,39.2000,617175,39.2000
2021-04-16,39.4400,39.5600,39.2400,39.5200,304675,39.5200
2021-04-19,39.7600,40.4400,39.7200,40.3600,589975,40.3600
2021-04-20,40.2000,40.4000,40.1200,40.1600,380225,40.1600
2021-04-21,39.6400,39.8800,39.4000,39.8000,319800,39.8000
2021-04-22,39.4800,41.0000,39.4400,40.6000,842300,40.6000
2021-04-23,40.4400,40.7600,40.2400,40.2400,330125,40.2400
2021-04-26,39.8400,41.3200,39.8000,41.2400,576175,41.2400
2021-04-27,41.6800,42.2400,41.6800,42.0800,820100,42.0800
2021-04-28,42.6000,42.8400,42.0800,42.3200,564825,42.3200
2021-04-29,42.4000,42.4400,41.3200,41.6800,447950,41.6800
2021-04-30,42.2800,42.3600,41.9200,42.0400,293000,42.0400
2021-05-03,42.2000,42.6400,42.0000,42.5200,445150,42.5200
2021-05-04,42.4800,42.6400,42.0400,42.6400,505150,42.6400
2021-05-05,42.6000,42.6000,42.0800,42.2400,425175,42.2400
2021-05-06,42.0000,42.5600,41.6800,42.1200,397075,42.1200
2021-05-07,41.9600,42.8400,41.6400,42.3600,833000,42.3600
2021-05-10,41.7200,42.1200,41.6800,42.0000,395875,42.0000
2021-05-11,41.3600,42.5200,41.3200,42.3600,362700,42.3600
2021-05-12,42.2800,42.8000,42.2400,42.7200,497150,42.7200
2021-05-13,42.2000,42.9600,42.0800,42.6000,321400,42.6000
2021-05-14,42.7600,42.8000,42.2400,42.5600,350275,42.5600
2021-05-17,44.6400,45.1200,44.3600,44.6400,1130200,44.6400
2021-05-18,43.9600,43.9600,43.2000,43.2400,552350,43.2400
2021-05-19,42.8000,43.0000,42.2800,42.6800,505875,42.6800
2021-05-20,42.4400,42.4800,41.8000,42.3600,669125,42.3600
2021-05-21,41.8400,42.0400,41.6800,41.8400,341900,41.8400
2021-05-24,41.2800,41.7600,41.1600,41.6800,439375,41.6800
2021-05-25,41.9600,42.1600,41.6000,42.1600,293550,42.1600
2021-05-26,42.1600,42.8400,41.8400,42.4800,644400,42.4800
2021-05-27,42.2000,42.4000,41.0000,41.6400,461700,41.6400
2021-05-28,42.5200,42.5600,41.9600,42.0800,409850,42.0800
2021-06-01,43.6800,44.3200,43.4800,43.6800,952825,43.6800
2021-06-02,43.6000,43.8000,42.8800,43.1600,322550,43.1600
2021-06-03,42.9200,43.2800,42.6800,43.0400,388525,43.0400
2021-06-04,42.8800,43.9200,42.5600,43.5600,347400,43.5600
2021-06-07,42.9200,43.4400,42.8800,43.2800,358950,43.2800
2021-06-08,44.7600,44.9600,43.8800,44.0000,660250,44.0000
2021-06-09,44.4800,44.5600,43.9600,44.3600,268650,44.3600
2021-06-10,44.4800,44.9600,44.0400,44.3600,341900,44.3600
2021-06-11,45.8000,46.8000,45.7600,46.1600,1151350,46.1600
2021-06-14,46.5200,47.2800,46.0400,47.2400,524000,47.2400
2021-06-15,46.8800,47.1200,45.2000,45.2000,651875,45.2000
2021-06-16,45.1200,46.0800,45.0400,45.7200,295800,45.7200
2021-06-17,45.1600,45.8800,44.8800,45.6800,436350,45.6800
2021-06-18,45.2000,45.8800,45.1600,45.2400,223850,45.2400
2021-06-21,44.4800,45.2000,44.2800,45.0400,364300,45.0400
2021-06-22,45.8000,46.0400,45.6000,45.8800,313400,45.8800
2021-06-23,47.0400,47.6000,46.5600,46.5600,755800,46.5600
2021-06-24,46.6800,48.3600,46.6000,48.0400,572875,48.0400
2021-06-25,48.4400,49.2800,48.4000,49.2800,609425,49.2800
2021-06-28,50.4000,51.0400,50.1200,50.2800,1020525,50.2800
2021-06-29,52.0400,53.2400,50.6800,51.2000,1408450,51.2000
2021-06-30,51.8400,53.2800,50.3600,52.3200,959150,52.3200
2021-07-01,51.5600,51.6400,50.1600,51.1600,702000,51.1600
2021-07-02,51.2800,52.2800,51.0400,51.6400,532875,51.6400
2021-07-06,51.2400,51.6000,50.4400,51.4400,554150,51.4400
2021-07-07,50.3600,50.4800,49.2000,50.1600,939425,50.1600
2021-07-08,50.2400,51.9600,50.2000,51.4400,934675,51.4400
2021-07-09,51.7200,52.0400,51.2800,51.5600,351975,51.5600
2021-07-12,52.2800,52.6000,51.7600,52.4000,513125,52.4000
2021-07-13,51.5600,52.0000,51.3200,51.6400,375375,51.6400
2021-07-14,52.0400,52.1200,50.6400,51.2000,442375,51.2000
2021-07-15,51.0000,51.4800,50.3600,50.6000,510025,50.6000
2021-07-16,51.2400,51.4800,50.9200,51.3200,392950,51.3200
2021-07-19,52.4800,52.7600,51.7600,52.6000,766325,52.6000
2021-07-20,53.6800,54.3600,53.3600,54.3600,629800,54.3600
2021-07-21,54.5200,55.3200,54.4800,54.6800,438825,54.6800
2021-07-22,54.7600,55.8800,54.3600,55.8000,598850,55.8000
2021-07-23,55.8800,56.8400,55.8000,56.2800,345800,56.2800
2021-07-26,57.7200,57.9200,56.2800,56.9600,708250,56.9600
2021-07-27,56.1600,56.3200,54.9600,54.9600,638050,54.9600
2021-07-28,55.7200,56.4400,55.1600,55.4000,528100,55.4000
2021-07-29,56.0000,57.4400,55.8000,56.7600,608325,56.7600
2021-07-30,54.7200,55.1600,54.0800,55.0400,583350,55.0400
2021-08-02,55.8800,56.6800,55.0800,55.4400,444575,55.4400
2021-08-03,56.1600,57.1600,56.0000,57.0000,541000,57.0000
2021-08-04,57.6400,59.0000,57.6400,58.2800,598875,58.2800
2021-08-05,58.6000,58.9200,57.9600,58.3600,538200,58.3600
2021-08-06,58.2000,58.7600,57.7200,57.9200,440575,57.9200
2021-08-09,57.2000,57.3200,56.0800,56.6000,452650,56.6000
2021-08-10,57.4000,57.8400,57.0400,57.5600,340700,57.5600
2021-08-11,55.9600,57.1600,55.8400,56.8800,417750,56.8800
2021-08-12,56.2000,56.6000,54.6800,54.8400,858850,54.8400
2021-08-13,54.9600,55.4000,53.9600,54.0000,517925,54.0000
2021-08-16,55.1600,55.8800,55.1200,55.4000,439250,55.4000
2021-08-17,54.1600,54.3200,53.3200,53.7200,782225,53.7200
2021-08-18,54.0400,54.2000,53.1200,53.5600,581550,53.5600
2021-08-19,53.0000,54.3600,52.4000,54.0800,790325,54.0800
2021-08-20,55.1200,55.3200,53.8000,53.9200,382900,53.9200
2021-08-23,54.4800,55.4400,54.0800,55.2800,383775,55.2800
2021-08-24,54.9600,55.1200,54.5200,54.6800,266275,54.6800
2021-08-25,54.9200,56.1200,54.4800,55.0000,878025,55.0000
2021-08-26,56.0000,59.2800,55.9600,58.8000,1804950,58.8000
2021-08-27,60.6800,61.4400,60.3600,61.3600,1095875,61.3600
2021-08-30,59.4800,60.6400,58.9600,60.3600,870725,60.3600
2021-08-31,59.6800,61.6800,59.5600,61.2800,657200,61.2800
2021-09-01,62.2000,65.6800,62.1200,64.4000,2072900,64.4000
2021-09-02,64.8800,66.0000,64.3200,64.7600,1233800,64.7600
2021-09-03,65.5200,65.8400,65.0400,65.6800,647325,65.6800
2021-09-07,65.1200,65.2800,63.6800,63.8800,805050,63.8800
2021-09-08,67.6400,69.9200,67.1200,68.7200,2885675,68.7200
2021-09-09,68.2800,70.4400,67.3200,69.9600,1786025,69.9600
2021-09-10,69.8800,69.8800,68.6000,69.4000,1001700,69.4000
2021-09-13,71.7600,73.8400,71.6800,72.4000,1337625,72.4000
2021-09-14,73.6800,74.5600,72.6800,73.8800,1576775,73.8800
2021-09-15,77.4800,78.8400,74.0800,76.2800,3014100,76.2800
2021-09-16,75.2400,75.6800,73.1200,73.8800,2273450,73.8800
2021-09-17,72.6400,73.3200,70.4400,70.6000,2083300,70.6000
2021-09-20,70.8400,72.0800,68.4400,69.0000,1687325,69.0000
2021-09-21,67.8800,68.1600,65.9600,67.4800,1438025,67.4800
2021-09-22,66.9200,67.8400,66.5600,66.6000,859425,66.6000
2021-09-23,67.9200,70.6400,67.9200,70.5200,1622550,70.5200
2021-09-24,70.9600,72.5600,69.8400,72.3200,1147075,72.3200
2021-09-27,76.7600,81.5600,76.0000,81.2400,4431400,81.2400
2021-09-28,82.2000,84.4800,78.1600,80.5600,7566625,80.5600
2021-09-29,77.6000,78.2800,75.0400,75.3600,3105925,75.3600
2021-09-30,76.5200,81.5600,76.0400,80.6400,6253800,80.6400
2021-10-01,78.6400,79.6800,76.9600,77.1200,3380750,77.1200
2021-10-04,81.8800,83.8400,79.5600,81.5600,4476475,81.5600
2021-10-05,84.2400,88.4000,84.2000,87.1200,5028475,87.1200
2021-10-06,81.4400,81.8800,78.3200,79.0000,5111600,79.0000
2021-10-07,78.0400,80.1600,75.5600,79.6000,2889200,79.6000
2021-10-08,78.2000,78.6800,76.8000,77.5200,2016325,77.5200
2021-10-11,74.5200,75.9200,73.4400,74.6400,3068050,74.6400
2021-10-12,73.4000,76.4000,73.0800,75.4400,2553025,75.4400
2021-10-13,74.9200,78.7200,74.0800,78.2400,2561650,78.2400
2021-10-14,80.2000,82.2800,77.5200,78.4400,2057875,78.4400
2021-10-15,76.8000,77.8000,75.0000,75.3600,1793600,75.3600
2021-10-18,72.9200,73.4000,69.6800,69.8000,3196175,69.8000
2021-10-19,68.7600,71.6000,68.5200,71.1200,1814550,71.1200
2021-10-20,69.6000,73.2800,69.3600,72.6800,1611450,72.6800
2021-10-21,71.8000,72.8000,70.0400,72.6400,1664150,72.6400
2021-10-22,74.2400,74.6800,71.6800,73.5200,1726425,73.5200
2021-10-25,78.4000,82.2800,78.1600,81.6000,3444675,81.6000
2021-10-26,77.7200,80.9600,76.6000,79.7600,2970025,79.7600
2021-10-27,82.4400,83.8800,78.9600,81.8000,3056475,81.8000
2021-10-28,78.8800,79.9200,76.3600,77.1200,2652850,77.1200
2021-10-29,74.3600,75.0800,72.2000,73.8400,2678300,73.8400
2021-11-01,70.6400,71.6400,68.3600,69.5600,2610425,69.5600
2021-11-02,72.4000,74.3200,71.8000,73.6800,2773625,73.6800
2021-11-03,74.2800,77.8000,73.7600,77.7600,2183900,77.7600
2021-11-04,77.3600,78.0800,73.9600,76.1200,2276600,76.1200
2021-11-05,74.2000,75.3600,73.4800,75.0400,1721575,75.0400
2021-11-08,74.1600,74.7600,72.2000,72.2800,2172825,72.2800
2021-11-09,68.2000,68.8800,65.6400,66.2400,3966450,66.2400
2021-11-10,63.6800,66.2000,63.1600,65.5200,2805550,65.5200
2021-11-11,66.1600,69.1200,65.4800,68.4800,2411300,68.4800
2021-11-12,67.0000,67.6000,63.4800,64.2800,2793300,64.2800
2021-11-15,65.2800,67.5600,64.4400,67.1600,2265475,67.1600
2021-11-16,70.1200,71.9200,68.3200,68.7200,2121025,68.7200
2021-11-17,66.2400,67.0000,64.2800,65.2000,1816675,65.2000
2021-11-18,67.0000,67.2800,64.9200,65.4800,1176100,65.4800
2021-11-19,66.1600,68.6400,65.1600,66.9200,2001475,66.9200
2021-11-22,62.4400,64.4800,62.3200,63.7600,2528075,63.7600
2021-11-23,66.0800,67.4400,65.3600,66.9200,1791500,66.9200
2021-11-24,66.9200,68.2000,66.2000,66.8000,1598525,66.8000
2021-11-26,70.1200,70.1600,67.1200,69.7600,1717675,69.7600
2021-11-29,63.4800,64.8400,63.1600,63.5200,2842225,63.5200
2021-11-30,59.1600,61.4400,58.7600,60.3200,3600950,60.3200
2021-12-01,57.6000,57.9600,55.3200,55.6400,3555700,55.6400
2021-12-02,56.0000,56.5200,53.0000,53.8400,3292700,53.8400
2021-12-03,54.1200,55.7200,53.2800,53.3200,2436650,53.3200
2021-12-06,48.8400,49.1600,47.6000,48.2000,3450900,48.2000
2021-12-07,49.0000,50.1600,48.0800,48.8800,1923825,48.8800
2021-12-08,51.1200,51.1200,49.8800,50.0000,1872425,50.0000
2021-12-09,50.1600,51.4000,49.3600,49.5200,1809125,49.5200
2021-12-10,50.7600,51.9200,50.1200,50.8400,1979075,50.8400
2021-12-13,52.8000,53.3200,49.4000,50.2000,2468025,50.2000
2021-12-14,49.4000,50.0400,48.3600,49.8000,1643900,49.8000
2021-12-15,51.0800,51.3600,49.5600,49.8000,1644000,49.8000
2021-12-16,50.7600,51.2000,48.8400,49.3600,1634400,49.3600
2021-12-17,48.3200,49.9200,47.9600,48.1600,1189125,48.1600
2021-12-20,50.4000,51.0400,49.3200,50.0400,1498275,50.0400
2021-12-21,49.9200,50.9600,49.6400,50.0400,1321325,50.0400
2021-12-22,51.6800,52.2400,50.8000,50.8800,1075425,50.8800
2021-12-23,48.2400,49.1200,46.7600,48.4000,3378650,48.4000
2021-12-27,49.9200,52.7600,49.8800,52.1600,2990800,52.1600
2021-12-28,50.8000,52.2000,50.5600,51.7600,1442025,51.7600
2021-12-29,52.2400,53.0800,50.6800,50.9600,2068750,50.9600
2021-12-30,49.9200,50.1600,47.0400,47.6800,2956800,47.6800
2021-12-31,49.2000,50.3600,48.1600,49.9600,1870200,49.9600
2022-01-03,49.8000,51.2400,48.3600,51.0800,1654075,51.0800
2022-01-04,50.8800,51.1200,49.2800,49.7600,1883425,49.7600
2022-01-05,50.9600,51.7200,50.0000,51.2000,1519400,51.2000
2022-01-06,51.1600,51.5200,50.5600,51.2000,1467700,51.2000
2022-01-07,51.7200,52.8400,51.4000,52.0800,1744025,52.0800
2022-01-10,54.7600,55.2400,52.8400,54.9600,2742900,54.9600
2022-01-11,53.9200,56.5600,53.6000,56.2800,1809300,56.2800
2022-01-12,60.8800,64.7600,60.0800,63.8800,4718575,63.8800
2022-01-13,59.6400,60.2400,56.6000,56.8000,3431800,56.8000
2022-01-14,55.8400,57.2400,55.4400,56.6800,1521025,56.6800
2022-01-18,57.5600,57.9200,56.1600,57.3200,1874525,57.3200
2022-01-19,57.1600,57.2000,53.6800,53.8000,2456850,53.8000
2022-01-20,52.1600,52.4000,50.8400,51.3200,1925425,51.3200
2022-01-21,52.1200,53.6000,51.5200,52.4000,2380350,52.4000
2022-01-24,53.5200,54.8000,53.0800,53.2800,1592275,53.2800
2022-01-25,53.9600,54.8400,53.3600,54.2800,1188625,54.2800
2022-01-26,57.8800,57.9600,55.6400,55.9200,2460025,55.9200
2022-01-27,57.0000,61.8400,56.6400,60.8000,3643825,60.8000
2022-01-28,66.8800,67.9200,64.2000,65.0800,5042525,65.0800
2022-01-31,67.7600,69.6400,65.7200,68.0400,2873250,68.0400
2022-02-01,66.6000,68.4800,65.0800,68.4000,2379025,68.4000
2022-02-02,74.6800,78.0000,73.5600,75.9200,5397150,75.9200
2022-02-03,67.8800,70.2800,67.4800,68.9600,2801550,68.9600
2022-02-04,67.2400,68.6400,62.8400,63.3600,2671225,63.3600
2022-02-07,60.2400,60.8800,57.6800,59.9600,2996775,59.9600
2022-02-08,60.3600,61.0800,58.6800,58.8800,1728225,58.8800
2022-02-09,56.6000,56.8800,55.7600,56.2000,2192675,56.2000
2022-02-10,54.9600,56.0000,54.3600,55.5600,1618675,55.5600
2022-02-11,54.4800,56.5600,54.2800,55.8000,4205725,55.8000
2022-02-14,57.1200,58.9200,56.8400,58.2000,1957475,58.2000
2022-02-15,60.0800,60.8000,58.6000,60.4800,2032575,60.4800
2022-02-16,62.0400,64.6800,61.7200,63.2800,2791600,63.2800
2022-02-17,63.2800,64.4000,61.2000,62.6800,1427850,62.6800
2022-02-18,64.3200,64.3600,61.2800,61.6400,2567100,61.6400
2022-02-22,63.9600,64.6800,62.1200,62.6800,2062775,62.6800
2022-02-23,64.0400,66.0000,63.8800,64.4800,2176850,64.4800
2022-02-24,67.9200,68.9200,64.7200,65.1600,3283125,65.1600
2022-02-25,63.8000,64.1600,62.2000,63.2800,1839100,63.2800
2022-02-28,63.0000,63.4000,61.5200,61.8400,1573850,61.8400
2022-03-01,62.8400,65.2000,62.6400,64.4400,1822300,64.4400
2022-03-02,67.3200,69.1600,65.5200,68.0800,2411200,68.0800
2022-03-03,65.9200,67.9600,65.1600,66.5600,2248050,66.5600
2022-03-04,68.0400,71.0400,67.9600,69.3600,2421250,69.3600
2022-03-07,69.8800,70.2000,67.3200,67.8000,2091600,67.8000
2022-03-08,64.3600,66.2000,63.5200,64.2800,2881175,64.2800
2022-03-09,64.0400,64.6000,63.2800,63.6400,2070325,63.6400
2022-03-10,64.4000,65.8000,64.0800,65.2800,979475,65.2800
2022-03-11,66.7200,67.5600,65.8400,67.1600,1011950,67.1600
2022-03-14,65.8800,66.1600,64.2400,65.8800,1121125,65.8800
2022-03-15,63.2400,65.2000,62.7600,64.8400,871400,64.8400
2022-03-16,66.3600,67.1600,65.2800,66.7600,1140575,66.7600
2022-03-17,68.4000,70.2400,68.2800,69.4800,1408350,69.4800
2022-03-18,69.4400,69.4400,68.0800,68.8800,1079575,68.8800
2022-03-21,67.3200,69.9200,66.8800,69.7600,775225,69.7600
2022-03-22,71.9200,73.2000,70.8000,72.3600,1315200,72.3600
2022-03-23,73.9600,74.5200,71.8000,72.1200,1286175,72.1200
2022-03-24,72.8800,76.8800,71.4000,75.8800,2025825,75.8800
2022-03-25,78.1600,78.4400,76.4400,77.9600,1971275,77.9600
2022-03-28,76.7600,78.2000,76.6400,76.8800,1266300,76.8800
2022-03-29,76.6000,76.6800,74.2800,74.4000,1486375,74.4000
2022-03-30,75.9600,78.4800,75.8400,77.5200,1667025,77.5200
2022-03-31,78.6800,81.4000,78.4400,78.8800,2505275,78.8800
2022-04-01,78.8000,80.6800,78.2000,79.6800,1406600,79.6800
2022-04-04,80.3600,81.7200,79.2800,80.2000,1481125,80.2000
2022-04-05,83.0000,86.5200,82.9600,84.2400,2801900,84.2400
2022-04-06,87.4000,88.7600,83.7600,84.9200,3948225,84.9200
2022-04-07,85.0000,89.8800,83.7600,89.4800,4221775,89.4800
2022-04-08,89.7600,90.1600,87.3200,88.3600,2131300,88.3600
2022-04-11,91.8400,93.3600,90.7200,93.2000,2185225,93.2000
2022-04-12,93.7200,96.9200,92.1600,93.6000,3312275,93.6000
2022-04-13,94.8000,98.9600,94.6400,98.4800,3141950,98.4800
2022-04-14,97.9200,102.5600,97.0800,102.4000,3357075,102.4000
2022-04-18,105.5600,112.6000,105.5600,108.5200,5053650,108.5200
2022-04-19,100.3200,101.2000,96.8800,99.9600,3981300,99.9600
2022-04-20,99.1600,99.6000,94.7200,96.0000,2703025,96.0000
2022-04-21,98.7200,99.4800,93.8800,96.8000,2460825,96.8000
2022-04-22,95.5200,96.6000,90.2000,90.8000,2138525,90.8000
2022-04-25,90.9200,97.6800,90.8000,96.8800,2555275,96.8800
2022-04-26,96.5200,98.1600,93.3200,95.2800,3245275,95.2800
2022-04-27,98.1600,103.2400,97.3600,100.7600,2895700,100.7600
2022-04-28,98.2800,98.7200,94.5200,95.4000,1857150,95.4000
2022-04-29,97.4800,100.7200,96.3600,100.0000,1651575,100.0000
2022-05-02,101.6400,104.2800,101.1600,104.0000,1244600,104.0000
2022-05-03,109.2400,112.2000,107.0000,107.1600,2023750,107.1600
2022-05-04,115.1200,116.4000,113.4800,116.0400,1759525,116.0400
2022-05-05,114.7600,120.9600,111.4800,120.4000,2391875,120.4000
2022-05-06,117.1600,117.3600,109.3200,110.7200,2604100,110.7200
2022-05-09,104.7200,104.8400,95.6800,97.2400,2937675,97.2400
2022-05-10,92.7600,102.5200,92.6800,99.1600,3419175,99.1600
2022-05-11,104.3200,106.0400,103.4000,105.5200,1653650,105.5200
2022-05-12,102.5200,106.9600,102.1600,105.9200,1381525,105.9200
2022-05-13,107.2000,107.2400,103.2400,105.0800,1104225,105.0800
2022-05-16,111.0000,112.2400,105.3200,109.6000,1552300,109.6000
2022-05-17,113.5600,114.7600,111.5600,113.7600,1409975,113.7600
2022-05-18,115.3600,116.3600,112.5200,113.9600,1225800,113.9600
2022-05-19,112.8000,116.5200,111.6400,111.9200,1105300,111.9200
2022-05-20,109.9200,112.4000,109.8000,110.9200,1378325,110.9200
2022-05-23,111.6400,120.8400,111.3200,120.2800,1767200,120.2800
2022-05-24,120.0000,121.1600,118.1200,120.4800,1413300,120.4800
2022-05-25,125.2000,127.9600,120.4400,122.1200,2174200,122.1200
2022-05-26,122.6800,128.1200,117.0400,118.9200,2011000,118.9200
2022-05-27,114.0400,119.4400,112.4400,118.3200,1708975,118.3200
2022-05-31,115.8800,116.5200,110.1600,111.6400,1874975,111.6400
2022-06-01,115.8000,119.2800,114.7600,119.1600,2178050,119.1600
2022-06-02,121.5200,121.8000,113.7200,115.1600,2021875,115.1600
2022-06-03,115.6800,116.6800,113.8400,115.8400,1189325,115.8400
2022-06-06,123.8400,127.4800,122.4000,126.9200,1964450,126.9200
2022-06-07,126.2000,127.9600,125.2400,126.8800,1524275,126.8800
2022-06-08,128.7200,131.0800,114.4000,117.6400,3679000,117.6400
2022-06-09,109.6000,122.4800,108.8000,121.4800,2904200,121.4800
2022-06-10,118.7600,121.1200,116.9600,118.8800,1478125,118.8800
2022-06-13,120.4400,120.8800,113.7200,117.6400,1690600,117.6400
2022-06-14,107.2400,107.7200,95.0400,98.8800,4584325,98.8800
2022-06-15,102.4800,104.3600,99.1200,101.8000,1263650,101.8000
2022-06-16,107.1600,108.6800,99.3600,101.0800,1643000,101.0800
2022-06-17,99.6800,100.2000,92.8000,94.7200,1792450,94.7200
2022-06-21,90.8800,94.5200,90.0000,92.8000,1564350,92.8000
2022-06-22,91.2000,94.5200,90.5600,92.8400,805050,92.8400
2022-06-23,91.7200,92.3600,84.8800,85.3600,1494250,85.3600
2022-06-24,84.5200,87.0400,83.6000,85.1600,1097200,85.1600
2022-06-27,83.2400,89.7200,83.1600,88.4400,1426025,88.4400
2022-06-28,90.3600,91.6400,88.1600,90.6000,1551300,90.6000
2022-06-29,91.4000,92.2400,87.4400,87.4800,1325450,87.4800
2022-06-30,88.7200,89.7600,73.1200,76.0400,3594925,76.0400
2022-07-01,79.4800,80.4400,76.7200,77.2400,1591525,77.2400
2022-07-05,75.9600,78.0800,73.4000,74.6400,1776750,74.6400
2022-07-06,76.0800,76.4400,73.2000,75.4000,990975,75.4000
2022-07-07,78.7200,86.8000,78.0000,84.5600,2279100,84.5600
2022-07-08,84.0400,85.7200,81.8400,82.2800,1034900,82.2800
2022-07-11,89.9200,90.4000,86.4800,88.1200,1539950,88.1200
2022-07-12,90.0800,90.4400,81.8400,84.8400,2487575,84.8400
2022-07-13,88.8400,92.5200,87.3600,89.7200,1607100,89.7200
2022-07-14,92.4000,93.3600,89.0400,90.8000,1279075,90.8000
2022-07-15,90.4400,97.1200,89.2800,96.9600,988975,96.9600
2022-07-18,99.9600,102.8400,99.6800,101.3600,1166375,101.3600
2022-07-19,98.1200,101.2000,97.5600,99.7200,1252725,99.7200
2022-07-20,101.8000,109.3200,99.8400,107.1200,1615650,107.1200
2022-07-21,106.0000,111.0000,104.4400,108.0800,1261325,108.0800
2022-07-22,111.4400,114.3200,111.0800,113.2000,1623725,113.2000
2022-07-25,114.7600,120.0800,113.3600,118.8400,1617650,118.8400
2022-07-26,125.9200,126.0800,119.4800,120.4800,3019300,120.4800
2022-07-27,119.5600,120.6800,115.1200,118.9600,1677225,118.9600
2022-07-28,118.1600,122.2000,111.8000,113.3600,1755675,113.3600
2022-07-29,114.8400,115.3600,110.4800,114.4800,1835475,114.4800
2022-08-01,108.6800,114.4800,107.5200,114.0000,2601525,114.0000
2022-08-02,108.0400,109.4400,105.2000,105.6400,2257225,105.6400
2022-08-03,105.6400,116.9200,104.2400,114.1200,3229325,114.1200
2022-08-04,112.1200,113.5200,107.8000,112.6800,2363900,112.6800
2022-08-05,110.5200,113.7600,109.8000,110.2800,1102450,110.2800
2022-08-08,105.8400,107.4000,104.0400,105.1200,1224375,105.1200
2022-08-09,107.3200,108.8800,106.0800,107.8400,1215800,107.8400
2022-08-10,108.0400,114.0400,107.3200,113.5600,2210225,113.5600
2022-08-11,116.3600,124.0400,113.9600,120.4400,2055425,120.4400
2022-08-12,122.0400,123.0400,119.6000,121.0400,1220175,121.0400
2022-08-15,116.7200,123.2800,115.9200,122.2400,1604450,122.2400
2022-08-16,127.2000,129.8800,124.5600,129.0800,2059175,129.0800
2022-08-17,130.5200,130.6000,125.8400,127.5200,1319975,127.5200
2022-08-18,127.5200,133.2400,122.8800,127.0400,2577200,127.0400
2022-08-19,125.4400,129.4800,124.8800,128.2000,1385300,128.2000
2022-08-22,135.5600,135.7200,130.2000,135.1600,1618025,135.1600
2022-08-23,136.2000,138.0000,124.7200,128.0400,3018675,128.0400
2022-08-24,127.4800,130.1200,125.3200,127.4400,1839700,127.4400
2022-08-25,128.8400,129.9200,126.4800,129.2000,1053075,129.2000
2022-08-26,131.6400,133.3600,126.7600,127.9600,1356825,127.9600
2022-08-29,126.8000,132.0800,126.0800,127.7600,1369475,127.7600
2022-08-30,124.7600,126.9600,122.5600,125.6000,1189500,125.6000
2022-08-31,123.3200,128.3600,122.2400,126.6000,1373350,126.6000
2022-09-01,128.1200,129.8800,126.1600,126.9600,1512525,126.9600
2022-09-02,124.4800,124.5600,119.2400,122.8400,2359850,122.8400
2022-09-06,115.4000,117.5200,108.3200,111.2000,1980600,111.2000
2022-09-07,110.1200,111.3200,107.8400,108.0400,1509200,108.0400
2022-09-08,110.4000,111.6000,108.8000,110.1200,1072675,110.1200
2022-09-09,110.9600,111.6400,109.1600,111.5600,906675,111.5600
2022-09-12,110.8400,116.2800,110.8400,116.0400,1306375,116.0400
2022-09-13,115.0000,116.9600,112.8000,116.5200,1062975,116.5200
2022-09-14,121.6400,127.7600,119.7200,125.8000,1754875,125.8000
2022-09-15,117.2000,118.1600,113.5200,114.6400,1613825,114.6400
2022-09-16,110.7200,111.6400,106.8800,107.8000,1123575,107.8000
2022-09-19,105.7600,109.6000,105.5600,109.4000,1056500,109.4000
2022-09-20,107.7200,110.5600,105.9600,106.6800,688525,106.6800
2022-09-21,109.8400,109.8400,104.7200,107.8800,788150,107.8800
2022-09-22,106.1200,106.4800,98.6400,100.6000,904350,100.6000
2022-09-23,95.0000,98.9200,94.4800,96.2800,1769400,96.2800
2022-09-26,93.3200,97.4400,92.1200,96.8400,1205825,96.8400
2022-09-27,94.2800,97.0400,92.7600,93.6400,1464075,93.6400
2022-09-28,92.0000,96.7200,91.0800,96.3600,1156650,96.3600
2022-09-29,93.4000,96.0400,90.6000,94.8000,1156650,94.8000
2022-09-30,93.1200,96.9200,92.3200,93.5200,1058675,93.5200
2022-10-03,89.0800,90.1200,86.8000,89.8400,1472550,89.8400
2022-10-04,90.8000,94.7600,90.4000,93.9600,1352600,93.9600
2022-10-05,95.8800,96.2000,94.2400,95.7600,1190525,95.7600
2022-10-06,96.8400,98.0800,94.5600,95.3600,1171775,95.3600
2022-10-07,93.7600,95.3200,91.5200,91.7600,1102650,91.7600
2022-10-10,94.2400,94.9600,88.2800,89.8000,1284400,89.8000
2022-10-11,90.7600,91.8800,88.4000,90.4800,987050,90.4800
2022-10-12,92.6000,93.1200,88.1600,88.4400,1082875,88.4400
2022-10-13,89.1600,93.2800,87.9200,92.1600,1106050,92.1600
2022-10-14,90.4800,90.8000,88.5600,89.4400,771825,89.4400
2022-10-17,83.2800,84.6800,82.4800,83.3600,1386550,83.3600
2022-10-18,83.7200,84.5600,79.4400,80.1600,1287500,80.1600
2022-10-19,77.4800,78.5200,76.2000,76.2800,1512950,76.2800
2022-10-20,75.2400,77.0400,74.3600,75.3200,1647450,75.3200
2022-10-21,71.4400,72.0400,69.6400,71.2800,2021875,71.2800
2022-10-24,72.3600,75.4400,72.3200,74.3200,1876725,74.3200
2022-10-25,75.8000,80.0400,75.4000,80.0000,2039150,80.0000
2022-10-26,76.4000,79.9600,76.3600,79.3200,1864325,79.3200
2022-10-27,77.7200,78.8800,73.7200,75.6400,1663875,75.6400
2022-10-28,73.4400,74.9600,71.6400,74.7600,1626675,74.7600
2022-10-31,81.0800,82.3200,78.6000,81.5200,2199150,81.5200
2022-11-01,77.3200,77.6800,72.5600,75.3600,2356350,75.3600
2022-11-02,79.2800,81.3600,78.2000,79.6400,1291000,79.6400
2022-11-03,78.5200,79.6000,75.9200,76.4000,1353175,76.4000
2022-11-04,78.8000,84.0800,76.2800,83.2800,1923325,83.2800
2022-11-07,90.1200,93.2800,84.8800,86.8000,2470550,86.8000
2022-11-08,82.4800,82.4800,78.3600,80.8000,2276250,80.8000
2022-11-09,75.6400,77.8800,73.8800,76.6400,2285175,76.6400
2022-11-10,78.4400,80.8800,76.8800,79.5200,1467350,79.5200
2022-11-11,81.6800,84.0000,74.6800,76.6400,2940350,76.6400
2022-11-14,82.2800,82.7600,76.1600,78.0800,2888375,78.0800
2022-11-15,76.5200,79.2800,75.4800,79.0800,1891350,79.0800
2022-11-16,75.3600,80.7200,74.3200,80.3600,2303575,80.3600
2022-11-17,82.3600,84.2000,80.4000,82.4000,1565450,82.4000
2022-11-18,78.8000,83.1600,78.7200,82.2400,2138925,82.2400
2022-11-21,85.1200,88.6000,84.8800,87.1600,1318550,87.1600
2022-11-22,86.4800,92.0000,85.7200,91.4000,1424800,91.4000
2022-11-23,98.4800,98.5200,92.4400,94.0400,1975075,94.0400
2022-11-25,92.2000,94.4400,90.4800,90.8000,774325,90.8000
2022-11-28,86.1200,90.0000,86.0000,89.4400,1649675,89.4400
2022-11-29,88.2000,90.4000,86.4400,88.5600,1233850,88.5600
2022-11-30,88.6000,88.7200,83.0000,84.8800,1771500,84.8800
2022-12-01,86.6000,87.4400,81.8000,83.4800,1820000,83.4800
2022-12-02,79.0000,81.4400,75.8800,76.3200,2789975,76.3200
2022-12-05,70.9600,71.5600,68.0400,68.4000,3442525,68.4000
2022-12-06,67.4000,68.7200,65.2000,65.5600,2164875,65.5600
2022-12-07,68.4800,71.3200,65.8800,70.9600,2309675,70.9600
2022-12-08,71.4400,75.1600,71.1200,73.0000,1485225,73.0000
2022-12-09,77.0800,77.9200,73.9600,77.0400,2329700,77.0400
2022-12-12,83.6800,84.0400,79.3200,79.6400,1930125,79.6400
2022-12-13,85.1600,86.6800,83.0000,85.0800,2142300,85.0800
2022-12-14,80.4000,81.3600,77.3600,77.8800,1940100,77.8800
2022-12-15,80.6800,85.3200,78.8800,83.6800,2022950,83.6800
2022-12-16,78.8400,81.6400,78.5600,80.4000,1502175,80.4000
2022-12-19,74.2800,75.2800,71.6000,72.0000,1856425,72.0000
2022-12-20,67.3200,67.6800,65.6400,66.4400,2324925,66.4400
2022-12-21,68.4400,68.9600,65.8000,67.4000,1643925,67.4000
2022-12-22,66.0400,67.7200,62.4000,63.2400,2775500,63.2400
2022-12-23,61.4000,65.2800,61.3200,63.6400,2062975,63.6400
2022-12-27,64.4000,65.4800,63.5200,64.4800,1750700,64.4800
2022-12-28,59.2400,60.4800,56.7600,60.2000,2493975,60.2000
2022-12-29,57.6800,58.4800,56.2400,58.1600,1944525,58.1600
2022-12-30,56.2000,57.7600,55.6800,56.4000,2062750,56.4000
2023-01-03,51.2400,52.3200,49.6400,51.1200,2548725,51.1200
2023-01-04,51.9200,53.6400,50.9200,52.9200,1571175,52.9200
2023-01-05,48.7200,49.1600,46.4800,47.8400,4459950,47.8400
2023-01-06,47.4400,48.8400,46.6800,47.5600,3336775,47.5600
2023-01-09,49.2800,52.5200,49.0000,49.7200,3134825,49.7200
2023-01-10,46.7600,47.4400,45.1600,45.7200,3808250,45.7200
2023-01-11,46.3600,47.1600,43.5600,46.8800,5276800,46.8800
2023-01-12,49.8400,50.2000,46.7200,47.0400,2836425,47.0400
2023-01-13,45.1600,46.2000,43.1200,44.1200,3588175,44.1200
2023-01-17,46.4800,47.1600,45.0000,46.2000,4220100,46.2000
2023-01-18,43.3200,44.3200,42.3200,42.4800,4764600,42.4800
2023-01-19,42.8400,43.4000,41.8800,42.0400,3229525,42.0400
2023-01-20,42.7600,43.4800,40.7200,41.0400,3799825,41.0400
2023-01-23,42.3600,44.2400,40.8400,44.0400,5096400,44.0400
2023-01-24,43.0800,43.4800,41.4400,41.9600,2568900,41.9600
2023-01-25,40.6000,41.0400,39.2400,39.2400,5049275,39.2400
2023-01-26,37.2400,39.1200,36.6000,38.4800,9235950,38.4800
2023-01-27,38.8400,39.6800,37.8000,39.2400,4734800,39.2400
2023-01-30,37.2400,37.8400,36.3600,36.4800,6713725,36.4800
2023-01-31,36.1200,37.5600,35.9200,37.2800,6844050,37.2800
2023-02-01,35.6400,36.0000,33.6400,34.0000,12167175,34.0000
2023-02-02,34.4800,35.4400,33.2000,33.5200,7295575,33.5200
2023-02-03,33.1600,33.3600,32.0000,32.7600,8361700,32.7600
2023-02-06,33.0400,34.0800,32.3200,34.0000,5274425,34.0000
2023-02-07,34.0400,35.6800,33.9600,35.4800,6511700,35.4800
2023-02-08,34.6000,34.9600,32.3600,32.9200,7188725,32.9200
2023-02-09,33.1200,34.5200,32.6800,33.4000,5525900,33.4000
2023-02-10,33.5600,35.2400,33.3200,35.1600,5585550,35.1600
2023-02-13,33.5600,34.4800,32.5600,33.3200,7581825,33.3200
2023-02-14,34.3600,35.6000,34.2000,35.4000,5540525,35.4000
2023-02-15,34.3600,35.0800,33.4400,33.6800,5037450,33.6800
2023-02-16,34.1200,34.1600,32.4400,33.0400,6205750,33.0400
2023-02-17,31.4400,31.6800,30.4000,31.0400,9867575,31.0400
2023-02-21,29.6000,29.8400,28.5600,28.8400,10296625,28.8400
2023-02-22,29.9200,32.0000,29.6400,30.3200,9306150,30.3200
2023-02-23,31.6400,32.8400,30.6400,32.2800,8400100,32.2800
2023-02-24,33.2800,34.0800,32.4400,33.9600,7150400,33.9600
2023-02-27,35.6000,36.1600,34.4800,35.8400,7671475,35.8400
2023-02-28,35.6400,36.6400,33.9200,36.4800,5760400,36.4800
2023-03-01,35.5600,37.4800,35.4400,37.2000,5518750,37.2000
2023-03-02,37.4400,37.5200,35.8000,36.6800,4628400,36.6800
2023-03-03,37.3600,39.9600,37.0000,39.5200,8607000,39.5200
2023-03-06,34.8000,35.0800,33.4800,34.6000,8683350,34.6000
2023-03-07,34.7600,35.6400,34.2800,35.0800,4158825,35.0800
2023-03-08,34.8000,34.8800,33.3200,34.3200,4826300,34.3200
2023-03-09,34.5600,34.8800,32.6000,32.9600,5079725,32.9600
2023-03-10,33.0400,33.4800,32.0800,32.1600,4400475,32.1600
2023-03-13,33.2000,34.7600,32.9600,34.6000,5589075,34.6000
2023-03-14,34.3600,34.7200,33.4800,34.2800,3796700,34.2800
2023-03-15,32.6000,32.9600,31.5600,32.4000,5501200,32.4000
2023-03-16,32.6400,33.6000,32.4000,33.3600,3592125,33.3600
2023-03-17,31.8800,32.0800,30.8400,31.2000,4938325,31.2000
2023-03-20,30.7600,30.8400,29.4400,29.8400,5566075,29.8400
2023-03-21,28.7200,31.5200,28.6400,30.9200,7576100,30.9200
2023-03-22,30.5600,30.9200,28.9600,29.5200,5264425,29.5200
2023-03-23,29.3600,30.1600,28.6400,28.7200,5361850,28.7200
2023-03-24,29.5200,30.1200,29.1200,29.3200,4373450,29.3200
2023-03-27,28.6400,28.7600,27.6400,28.2800,7593275,28.2800
2023-03-28,27.6800,28.4800,27.1200,27.3200,7160800,27.3200
2023-03-29,27.0000,28.1600,26.6800,27.6000,7383400,27.6000
2023-03-30,27.0000,27.4000,26.3200,26.7200,7923750,26.7200
2023-03-31,27.6000,28.3600,27.4000,27.7600,7235225,27.7600
2023-04-03,26.8400,27.1600,26.3200,26.8400,8332450,26.8400
2023-04-04,26.6400,26.9200,26.3200,26.4400,6483450,26.4400
2023-04-05,27.7600,27.7600,26.7600,27.1600,5760725,27.1600
2023-04-06,26.9600,27.0800,25.2800,25.6400,8947350,25.6400
2023-04-10,27.3600,28.1600,27.0800,27.4000,9383725,27.4000
2023-04-11,27.6800,28.2400,26.9600,28.2400,5307750,28.2400
2023-04-12,27.4800,27.8000,26.2800,26.6000,7355450,26.6000
2023-04-13,26.2800,26.2800,25.3600,25.6400,7325000,25.6400
2023-04-14,25.3600,26.9600,25.0800,26.7600,7390950,26.7600
2023-04-17,28.5600,28.7600,28.1600,28.5200,8291900,28.5200
2023-04-18,28.8400,29.5200,28.3200,29.4000,5321650,29.4000
2023-04-19,28.0800,28.4000,27.6400,27.9600,6897375,27.9600
2023-04-20,27.8400,28.4400,27.0400,28.0800,5650675,28.0800
2023-04-21,28.1600,28.4400,27.8000,28.0000,4391625,28.0000
2023-04-24,27.9600,29.0400,27.8400,28.7600,5196125,28.7600
2023-04-25,28.3600,28.6000,27.9200,28.0000,4566025,28.0000
2023-04-26,27.0000,27.1600,26.6000,27.0400,5413400,27.0400
2023-04-27,27.4400,27.7600,26.7600,27.5200,4105600,27.5200
2023-04-28,27.8000,28.3600,27.4800,28.0400,5436750,28.0400
2023-05-01,27.7200,27.7600,26.7600,27.0400,4135550,27.0400
2023-05-02,26.3600,26.3600,25.5600,25.9600,5716200,25.9600
2023-05-03,25.1600,25.5200,24.6000,25.2400,6640675,25.2400
2023-05-04,25.1200,25.1600,24.4000,24.4400,7831150,24.4400
2023-05-05,24.8000,25.3600,24.6400,24.6800,5601825,24.6800
2023-05-08,25.9600,26.2800,25.4800,26.1200,4856650,26.1200
2023-05-09,26.5200,26.7200,25.8800,26.5200,3256725,26.5200
2023-05-10,25.7600,26.1200,25.2800,25.6000,3723650,25.6000
2023-05-11,25.8800,26.4000,25.3600,25.5600,3030750,25.5600
2023-05-12,25.7600,27.3200,25.6400,26.5600,5049175,26.5600
2023-05-15,27.3600,27.8800,27.1200,27.7600,5014625,27.7600
2023-05-16,28.4800,28.7600,27.4000,27.4400,4151025,27.4400
2023-05-17,27.2000,28.0000,27.0800,27.6000,3295700,27.6000
2023-05-18,27.7200,30.1600,27.3600,29.9200,7901575,29.9200
2023-05-19,30.4400,30.8800,29.5600,29.8400,5426500,29.8400
2023-05-22,28.5200,28.5200,27.6000,28.0000,4760050,28.0000
2023-05-23,27.4800,28.0400,27.2800,27.5200,3688800,27.5200
2023-05-24,28.0800,28.2400,27.7600,28.2400,2802100,28.2400
2023-05-25,27.8800,28.1600,26.6400,27.0400,4580175,27.0400
2023-05-26,26.4400,27.0800,26.1200,26.5600,4260150,26.5600
2023-05-30,25.4800,25.6400,24.8000,25.3200,6040475,25.3200
2023-05-31,26.2000,26.3200,24.6800,24.8000,5859250,24.8000
2023-06-01,23.9600,24.1200,23.4800,23.7600,8095700,23.7600
2023-06-02,24.0800,24.5200,23.7600,23.9200,5181125,23.9200
2023-06-05,25.2000,25.4400,24.4000,24.7200,5401125,24.7200
2023-06-06,24.6000,25.1600,24.4400,24.8400,3288800,24.8400
2023-06-07,25.4400,25.7600,24.9200,25.5600,4036175,25.5600
2023-06-08,25.2400,26.1200,25.0000,25.6800,3892800,25.6800
2023-06-09,24.9600,25.4400,24.7200,24.8800,3396150,24.8800
2023-06-12,24.5200,25.0400,24.2400,24.9600,3845400,24.9600
2023-06-13,25.9200,25.9600,25.3600,25.6800,3301950,25.6800
2023-06-14,25.8000,25.9600,25.4400,25.8000,2304750,25.8000
2023-06-15,26.7200,28.2000,26.5600,28.0800,8968975,28.0800
2023-06-16,28.1600,29.1600,27.7200,28.7600,4764750,28.7600
2023-06-20,28.8000,29.0400,27.3600,27.4000,4786550,27.4000
2023-06-21,27.4400,28.5600,27.4000,28.5600,4199925,28.5600
2023-06-22,28.5600,28.8800,27.8800,28.6800,3728550,28.6800
2023-06-23,28.0000,30.4000,27.9600,30.2000,6353550,30.2000
2023-06-26,30.9200,31.3200,30.3200,30.8000,4651050,30.8000
2023-06-27,30.3600,30.8000,29.4400,29.8800,4234000,29.8800
2023-06-28,29.8400,29.8400,28.2800,28.3600,7081000,28.3600
2023-06-29,28.2000,29.2800,28.1600,28.7200,5389775,28.7200
2023-06-30,28.6000,30.1600,28.4400,29.6800,6161125,29.6800
2023-07-03,28.8800,29.0400,28.4800,28.9600,2376450,28.9600
2023-07-05,29.5200,29.6000,28.3200,28.4400,3338050,28.4400
2023-07-06,28.3600,28.7200,27.6000,28.1600,4914450,28.1600
2023-07-07,27.9200,28.5600,27.1200,27.4400,5485150,27.4400
2023-07-10,28.3200,28.7600,28.0800,28.4400,5166900,28.4400
2023-07-11,28.7200,29.3600,28.6400,29.2000,3284225,29.2000
2023-07-12,28.3600,28.6000,28.0000,28.3200,5188000,28.3200
2023-07-13,27.9600,28.3200,27.1600,27.2800,5328600,27.2800
2023-07-14,27.7600,27.8000,26.6400,27.1600,4998750,27.1600
2023-07-17,26.8800,27.2800,26.5600,27.0800,2787925,27.0800
2023-07-18,27.7600,28.2800,27.5600,28.0000,5174300,28.0000
2023-07-19,28.0800,28.3600,27.6800,28.0000,3522475,28.0000
2023-07-20,29.0400,29.6000,28.8800,29.1200,6412275,29.1200
2023-07-21,28.9600,29.2800,28.8000,29.0800,3217775,29.0800
2023-07-24,28.7200,29.2400,28.5600,28.9600,3538550,28.9600
2023-07-25,28.8800,29.7600,28.8000,29.3600,3669000,29.3600
2023-07-26,28.6800,29.0400,28.4800,28.8800,3492275,28.8800
2023-07-27,28.3200,28.4800,27.4000,28.0000,6441525,28.0000
2023-07-28,28.5600,28.6000,27.8800,28.3600,3917075,28.3600
2023-07-31,28.2000,28.4400,28.0400,28.4400,2845775,28.4400
2023-08-01,27.3200,27.7200,27.2400,27.6800,3685125,27.6800
2023-08-02,26.9200,27.0000,26.4000,26.6800,4896300,26.6800
2023-08-03,27.3200,27.8000,27.0400,27.5200,4404100,27.5200
2023-08-04,28.0000,28.0400,27.4800,27.8000,3452000,27.8000
2023-08-07,28.9600,29.6000,28.8400,29.6000,5061825,29.6000
2023-08-08,29.4800,30.0800,29.2400,30.0800,4489375,30.0800
2023-08-09,32.2000,32.3200,31.3200,31.8800,8140650,31.8800
2023-08-10,30.9200,31.0800,29.5600,29.9200,6553700,29.9200
2023-08-11,29.1200,30.0000,29.0800,29.9600,3823875,29.9600
2023-08-14,29.8800,30.1600,29.5600,30.0800,2479550,30.0800
2023-08-15,29.0800,29.1200,28.4800,28.6800,5192025,28.6800
2023-08-16,28.2400,28.2400,27.6800,28.0000,3509850,28.0000
2023-08-17,28.3600,28.7200,28.1200,28.2800,2320000,28.2800
2023-08-18,27.7200,28.0000,27.4400,27.7600,3312125,27.7600
2023-08-21,28.2000,28.3600,27.8000,27.8800,3226900,27.8800
2023-08-22,27.9200,28.0000,26.9600,27.1200,3942775,27.1200
2023-08-23,26.8800,26.9600,26.3600,26.4400,5622700,26.4400
2023-08-24,26.2800,27.4800,25.9600,26.9600,6643575,26.9600
2023-08-25,26.7200,27.4800,26.5200,27.4400,3717225,27.4400
2023-08-28,28.7200,28.7200,27.2000,27.4000,6489875,27.4000
2023-08-29,27.3600,27.6000,26.8800,27.4400,4157850,27.4400
2023-08-30,27.8400,28.8000,27.6800,28.8000,4594275,28.8000
2023-08-31,28.3200,29.4000,27.8000,28.4400,5345525,28.4400
2023-09-01,28.9200,29.3600,28.2000,28.2000,3656400,28.2000
2023-09-05,26.6400,26.9200,26.3600,26.6000,6233550,26.6000
2023-09-06,25.8000,26.1200,25.6800,25.9200,5080500,25.9200
2023-09-07,25.7200,26.8400,25.6800,26.6000,5453525,26.6000
2023-09-08,26.8000,27.1600,26.5600,26.8400,3877175,26.8400
2023-09-11,26.5200,27.1200,26.5200,26.8400,2858775,26.8400
2023-09-12,27.3200,28.5600,26.9200,28.2000,7909750,28.2000
2023-09-13,27.6000,28.5200,27.1200,27.8000,5935250,27.8000
2023-09-14,28.3200,28.6400,27.6400,27.7200,5912875,27.7200
2023-09-15,27.6400,27.9200,27.1200,27.2400,3182575,27.2400
2023-09-18,27.4400,27.9600,27.2400,27.8000,3606075,27.8000
2023-09-19,28.0000,28.5200,27.7600,28.1200,4768750,28.1200
2023-09-20,27.1200,27.4000,27.0400,27.1600,3572375,27.1600
2023-09-21,27.2000,27.4800,26.3200,26.4800,6223475,26.4800
2023-09-22,26.7200,26.8800,26.4400,26.8000,2896100,26.8000
2023-09-25,26.9600,27.3200,26.7600,26.9600,2890475,26.9600
2023-09-26,26.4400,26.8800,26.2800,26.4400,4016275,26.4400
2023-09-27,26.6800,27.4000,26.6800,26.8800,3268200,26.8800
2023-09-28,27.3600,27.7200,27.0000,27.3600,3918950,27.3600
2023-09-29,26.9200,27.7200,26.9200,27.3200,3854100,27.3200
2023-10-02,26.8400,27.0800,26.4000,26.5200,3996050,26.5200
2023-10-03,26.9600,27.6000,26.8000,27.4400,3991100,27.4400
2023-10-04,28.3200,28.4000,27.4800,27.9200,4581000,27.9200
2023-10-05,28.2000,29.8000,28.1600,29.6400,7249925,29.6400
2023-10-06,29.8400,31.3200,29.7200,30.9600,8161200,30.9600
2023-10-09,31.1600,31.7200,30.9600,31.5200,4717150,31.5200
2023-10-10,31.6000,31.7600,31.0800,31.6000,3745825,31.6000
2023-10-11,30.6800,31.8000,30.0400,31.6000,5684850,31.6000
2023-10-12,31.1200,31.9200,30.8800,31.2000,4165800,31.2000
2023-10-13,30.3200,30.5200,29.9200,30.0000,3857950,30.0000
2023-10-16,29.2000,29.4000,28.5600,29.1200,5720700,29.1200
2023-10-17,28.8400,29.0000,28.3600,28.7200,3921025,28.7200
2023-10-18,29.3200,29.3600,28.6000,28.7200,2539625,28.7200
2023-10-19,28.6000,28.7200,27.6000,27.6400,4897800,27.6400
2023-10-20,27.1200,27.3200,27.0000,27.1200,4099475,27.1200
2023-10-23,27.0800,27.4000,26.9600,27.2400,3044750,27.2400
2023-10-24,27.2000,27.8400,27.0400,27.8400,2866950,27.8400
2023-10-25,28.0000,28.3200,27.6800,28.2800,3165200,28.2800
2023-10-26,28.2800,29.4400,28.1200,29.2400,6092200,29.2400
2023-10-27,29.6800,29.7600,28.7200,28.8000,5012350,28.8000
2023-10-30,27.8000,28.1200,27.6800,27.8000,3245700,27.8000
2023-10-31,29.0400,30.2000,28.9600,30.0000,5871475,30.0000
2023-11-01,28.6800,29.6000,28.5200,29.0800,4012675,29.0800
2023-11-02,28.5600,29.2000,28.4000,29.1600,3185550,29.1600
2023-11-03,29.1200,29.7600,29.0000,29.0400,2292275,29.0400
2023-11-06,27.6800,27.8400,27.0400,27.2800,5901550,27.2800
2023-11-07,25.9600,26.5600,25.8800,26.4400,6042550,26.4400
2023-11-08,25.8400,26.4800,25.4400,26.1600,7214600,26.1600
2023-11-09,25.6800,25.7600,25.2000,25.3600,6067550,25.3600
2023-11-10,25.4000,25.4400,25.1600,25.3200,3644725,25.3200
2023-11-13,26.3200,27.0400,26.0400,26.8800,5731050,26.8800
2023-11-14,26.2400,26.6800,25.7200,25.8400,5518075,25.8400
2023-11-15,26.5200,27.2000,26.2000,26.2400,4995375,26.2400
2023-11-16,26.2800,26.4800,25.2000,25.4800,6122450,25.4800
2023-11-17,24.5600,24.7200,24.1600,24.6400,7381200,24.6400
2023-11-20,24.0000,24.4000,23.9600,23.9600,4484700,23.9600
2023-11-21,23.8000,24.2000,23.4800,23.5600,4155425,23.5600
2023-11-22,23.5600,24.0400,23.3200,23.9200,3733100,23.9200
2023-11-24,23.3600,23.8800,23.2400,23.6400,2641800,23.6400
2023-11-27,23.0000,23.2400,22.7200,23.2000,4550975,23.2000
2023-11-28,22.8000,23.1600,22.0000,22.0800,8394675,22.0800
2023-11-29,22.5200,22.6000,22.0000,22.0400,5735950,22.0400
2023-11-30,22.2800,22.4000,21.7600,22.0800,4460975,22.0800
2023-12-01,21.8000,22.4000,21.7200,21.8000,3702800,21.8000
2023-12-04,21.1200,21.4000,20.8800,21.3600,5489575,21.3600
2023-12-05,21.8800,21.9600,21.0800,21.3600,3711625,21.3600
2023-12-06,21.4000,21.4800,20.0400,20.2400,8085700,20.2400
2023-12-07,20.2000,20.6800,19.8800,20.2800,5495650,20.2800
2023-12-08,20.3200,20.5600,20.0000,20.0800,3927750,20.0800
2023-12-11,18.3600,19.3200,18.1200,19.2400,10165050,19.2400
2023-12-12,18.6000,18.8800,18.0000,18.0800,6672625,18.0800
2023-12-13,18.0800,18.8000,18.0400,18.4000,5763600,18.4000
2023-12-14,18.5600,19.0800,18.3600,19.0400,5652850,19.0400
2023-12-15,19.4000,19.9600,19.1600,19.3200,6457750,19.3200
2023-12-18,20.2000,20.2400,19.5200,19.5600,4911850,19.5600
2023-12-19,18.8400,19.6800,18.5200,19.6000,5454600,19.6000
2023-12-20,19.2800,19.4800,18.7200,18.8000,4446375,18.8000
2023-12-21,19.3600,20.1600,19.1600,19.9600,5622950,19.9600
2023-12-22,19.6000,20.2400,19.5600,20.1600,3390700,20.1600
2023-12-26,19.5600,19.7600,19.3200,19.7200,5146400,19.7200
2023-12-27,20.4000,20.8000,19.6800,19.8000,5584225,19.8000
2023-12-28,20.4000,20.8400,20.3200,20.5600,5608525,20.5600
2023-12-29,20.4000,20.7200,20.1600,20.2800,3644275,20.2800
2024-01-02,20.9600,21.0400,20.4400,20.7600,4600875,20.7600
2024-01-03,21.6800,22.0400,21.2800,21.7600,6721225,21.7600
2024-01-04,22.8800,23.2000,22.2000,23.0800,11130100,23.0800
2024-01-05,21.9200,23.5200,21.8800,23.3600,8500300,23.3600
2024-01-08,22.2400,24.4000,22.0000,24.0400,9126150,24.0400
2024-01-09,25.5600,27.4800,24.6000,25.9200,21309100,25.9200
2024-01-10,24.8000,25.2400,23.9600,24.6000,12598425,24.6000
2024-01-11,24.5600,26.2000,24.1200,25.1600,13421125,25.1600
2024-01-12,27.0800,27.3600,25.9600,27.2800,17415325,27.2800
2024-01-16,23.9600,24.3600,23.0800,23.1200,10722650,23.1200
2024-01-17,23.0400,23.9600,22.7600,23.2800,4653525,23.2800
2024-01-18,23.0000,23.0000,21.9600,22.2400,9471075,22.2400
2024-01-19,21.5600,21.6000,20.7600,20.8000,6796100,20.8000
2024-01-22,19.6800,20.0000,19.5600,19.6800,6373050,19.6800
2024-01-23,19.4400,20.2000,19.4000,20.1200,5066450,20.1200
2024-01-24,20.6600,21.1400,20.3500,21.0600,14022500,21.0600
2024-01-25,21.0800,21.1200,19.9600,20.1000,8717900,20.1000
2024-01-26,19.9500,20.2300,19.3700,20.1400,8125700,20.1400
2024-01-29,19.5700,19.6200,18.9500,19.1300,5795200,19.1300
2024-01-30,19.3700,19.6100,19.0600,19.4000,5834700,19.4000
2024-01-31,19.5000,19.9700,19.3800,19.6300,6202000,19.6300
2024-02-01,19.4200,19.6400,18.8400,18.9100,5781500,18.9100
2024-02-02,19.1500,19.4500,19.0400,19.3600,6514300,19.3600
2024-02-05,19.2200,19.4600,19.0100,19.2500,4360700,19.2500
2024-02-06,18.7500,18.9600,18.5000,18.5400,5555200,18.5400
2024-02-07,18.6800,18.7000,18.1200,18.2400,4740400,18.2400
2024-02-08,18.0600,18.1500,17.3000,17.4200,9906700,17.4200
2024-02-09,17.4100,17.4600,16.9400,17.1500,6839600,17.1500
2024-02-12,17.0600,17.2600,16.0600,16.1700,10455500,16.1700
2024-02-13,15.6200,15.7400,15.3400,15.5200,11384200,15.5200
2024-02-14,15.2900,15.4900,14.7800,14.8900,11068100,14.8900
2024-02-15,15.0700,15.1700,14.6300,14.8100,11075200,14.8100
2024-02-16,14.8500,15.2300,14.8200,14.9900,6755900,14.9900
2024-02-20,14.7100,14.9300,14.5600,14.7700,8088500,14.7700
2024-02-21,16.5100,16.6900,16.0800,16.6200,11972900,16.6200
2024-02-22,16.1600,16.4700,15.6600,16.2800,8454100,16.2800
2024-02-23,15.5800,15.6000,15.1100,15.2100,10024500,15.2100
2024-02-26,16.1600,16.1800,15.3300,15.6200,10521100,15.6200
2024-02-27,16.1700,16.4300,15.8300,16.1700,7298700,16.1700
2024-02-28,16.5300,17.0300,16.4800,16.7300,8935900,16.7300
2024-02-29,16.6000,17.1400,16.4800,16.5400,6082800,16.5400
2024-03-01,16.3400,16.6000,16.2700,16.4200,3666000,16.4200
2024-03-04,17.3600,17.7700,17.0200,17.3000,9923400,17.3000
2024-03-05,17.2100,17.9600,16.9600,17.5100,5366000,17.5100
2024-03-06,17.6100,17.6200,17.1900,17.2900,3053100,17.2900
2024-03-07,17.0000,17.2900,16.0000,16.0300,6188900,16.0300
2024-03-08,16.1300,16.4300,16.0100,16.1300,4150200,16.1300
2024-03-11,15.9500,15.9600,15.6800,15.6900,4374500,15.6900
2024-03-12,16.0600,16.0800,15.1400,15.3100,6887700,15.3100
2024-03-13,14.8900,15.2000,14.8300,14.9100,6426000,14.9100
2024-03-14,15.0000,15.7800,14.9500,15.5700,6018100,15.5700
2024-03-15,15.4100,15.4400,14.8800,15.1300,6186000,15.1300
2024-03-18,15.5000,15.5700,15.0400,15.3400,5285900,15.3400
2024-03-19,15.6000,15.7700,15.3800,15.6400,4416400,15.6400
2024-03-20,15.3500,15.5300,15.3100,15.3700,4423100,15.3700
2024-03-21,15.3200,15.3800,15.0300,15.3200,5399800,15.3200
2024-03-22,15.0100,15.2300,14.9800,15.1100,3657100,15.1100
2024-03-25,14.9900,15.2000,14.8900,15.0400,4823100,15.0400
2024-03-26,15.0900,15.1500,14.8400,14.9600,5762300,14.9600
2024-03-27,14.4500,14.5000,14.2500,14.3500,7758700,14.3500
2024-03-28,14.5700,14.9200,14.3700,14.5700,8144500,14.5700
2024-04-01,15.2700,15.4900,15.0700,15.3900,8293000,15.3900
2024-04-02,15.1100,15.7300,15.0600,15.4800,5999200,15.4800
2024-04-03,15.8600,15.8600,15.3500,15.4600,5600100,15.4600
2024-04-04,15.3900,15.4100,14.8000,14.9000,8334300,14.9000
2024-04-05,14.9100,15.2500,14.8200,14.8700,5235900,14.8700
2024-04-08,15.1000,15.4700,15.0500,15.4100,5459300,15.4100
2024-04-09,15.8600,16.0900,15.4300,15.8500,7823600,15.8500
2024-04-10,15.9800,16.0400,15.6300,15.6700,5986000,15.6700
2024-04-11,15.3700,15.3900,14.7000,14.8500,9392000,14.8500
2024-04-12,14.6800,14.9000,14.6200,14.8900,4676400,14.8900
2024-04-15,14.4100,14.5900,14.0700,14.1400,9363000,14.1400
2024-04-16,14.1500,15.0000,13.8700,14.4800,13329100,14.4800
2024-04-17,14.1600,14.4000,13.9800,14.3800,5735400,14.3800
2024-04-18,14.4700,14.6000,14.3400,14.4200,7205200,14.4200
2024-04-19,14.7100,14.8000,14.3800,14.5200,6256900,14.5200
2024-04-22,14.8900,15.0900,14.7800,15.0400,6189400,15.0400
2024-04-23,14.9400,15.5000,14.9300,15.4400,5497100,15.4400
2024-04-24,14.9000,14.9400,14.3200,14.3600,8951000,14.3600
2024-04-25,14.2700,14.5400,14.1100,14.3700,5896800,14.3700
2024-04-26,14.1300,14.2400,13.9500,14.0600,7256900,14.0600
2024-04-29,14.3100,14.9700,14.2900,14.9100,10053700,14.9100
2024-04-30,14.9700,14.9900,14.3100,14.4400,7738300,14.4400
2024-05-01,14.1900,14.2600,13.9800,14.1400,7019900,14.1400
2024-05-02,14.4400,14.9800,14.4000,14.8600,7709400,14.8600
2024-05-03,15.0700,15.7800,14.8700,15.6700,11410300,15.6700
2024-05-06,16.1700,16.5300,15.9900,16.0600,8740800,16.0600
2024-05-07,16.0100,16.2500,15.9100,16.1700,5054800,16.1700
2024-05-08,16.3400,16.3800,15.8500,15.9500,5676100,15.9500
2024-05-09,16.2600,16.9400,16.2300,16.9200,8773200,16.9200
2024-05-10,16.7000,16.8200,16.4500,16.5200,4684700,16.5200
2024-05-13,16.6800,17.4400,16.6700,17.3100,6564800,17.3100
2024-05-14,17.1000,17.5300,17.0000,17.1700,6484400,17.1700
2024-05-15,17.0900,17.7300,16.9300,17.6000,7566800,17.6000
2024-05-16,18.0400,18.7600,17.8900,18.1700,12255200,18.1700
2024-05-17,18.5800,19.1900,18.5800,19.1000,7106200,19.1000
2024-05-20,19.2600,19.8600,19.2600,19.8200,9304700,19.8200
2024-05-21,19.5700,19.9000,19.1600,19.4900,7278500,19.4900
2024-05-22,19.6000,20.9100,19.5000,20.5500,11201600,20.5500
2024-05-23,21.4300,21.6100,19.8100,20.1200,19459500,20.1200
2024-05-24,19.6200,19.6200,18.9200,19.0200,7827100,19.0200
2024-05-28,18.9100,19.4700,18.7700,19.3600,5036400,19.3600
2024-05-29,18.8700,18.8800,18.1800,18.2200,6800000,18.2200
2024-05-30,17.7900,18.0000,17.5400,17.5600,6477100,17.5600
2024-05-31,17.7400,17.9600,17.3900,17.5900,9163600,17.5900
2024-06-03,18.7100,19.0000,18.0000,18.9200,8803500,18.9200
2024-06-04,18.6500,18.8400,17.6300,18.0200,9818100,18.0200
2024-06-05,18.2000,19.0900,18.1500,18.9400,7359200,18.9400
2024-06-06,19.4700,19.7000,18.7600,19.3000,8101300,19.3000
2024-06-07,19.4400,20.3300,19.3300,20.1800,11183800,20.1800
2024-06-10,20.9100,21.1600,19.6200,20.1900,12188700,20.1900
2024-06-11,20.8200,21.5600,20.5900,21.5300,7231600,21.5300
2024-06-12,21.0200,21.3900,20.5300,20.8300,5718000,20.8300
2024-06-13,20.6000,20.7200,19.8900,20.1100,5317900,20.1100
2024-06-14,20.1800,20.3700,19.7100,19.8600,3853700,19.8600
2024-06-17,19.3100,19.3700,18.9500,19.1600,4276100,19.1600
2024-06-18,19.2300,20.0100,19.2300,19.9400,4244700,19.9400
2024-06-20,19.4500,19.4700,18.9300,19.0300,4698100,19.0300
2024-06-21,19.1100,19.2900,18.8800,18.9600,3390700,18.9600
2024-06-24,18.9600,19.7300,18.9200,19.7000,3462700,19.7000
2024-06-25,19.1700,19.4900,18.9200,18.9900,3600800,18.9900
2024-06-26,18.7900,18.7900,18.2600,18.3100,4092300,18.3100
2024-06-27,18.1300,18.4600,17.8700,17.9800,5931800,17.9800
2024-06-28,17.9200,17.9900,17.3400,17.4300,5357800,17.4300
2024-07-01,17.0800,17.2200,16.5400,16.5700,4955600,16.5700
2024-07-02,16.3500,16.4300,16.1500,16.4100,5402000,16.4100
2024-07-03,16.2500,16.5800,16.1200,16.3500,3486800,16.3500
2024-07-05,15.9600,16.0900,15.5000,15.6000,4583800,15.6000
2024-07-08,15.8300,15.9700,15.6900,15.8600,3377400,15.8600
2024-07-09,16.1600,16.2100,15.6600,15.7300,3836500,15.7300
2024-07-10,15.6500,15.7400,15.3400,15.5100,4097400,15.5100
2024-07-11,15.3200,15.4200,15.1400,15.2200,4014400,15.2200
2024-07-12,15.2100,15.7300,15.1900,15.5000,4567900,15.5000
2024-07-15,14.8500,15.0300,14.3900,14.4800,8596800,14.4800
2024-07-16,14.6500,14.8400,14.5100,14.6100,4602600,14.6100
2024-07-17,14.2300,14.2500,13.5800,13.7400,10479300,13.7400
2024-07-18,13.9200,14.3500,13.8900,14.1100,6383300,14.1100
2024-07-19,14.0800,14.3900,13.9500,14.3000,3667700,14.3000
2024-07-22,14.7500,15.2100,14.7400,15.0100,6541800,15.0100
2024-07-23,14.8900,14.9500,14.6200,14.8600,3824000,14.8600
2024-07-24,14.2900,14.5700,14.2300,14.3100,4630300,14.3100
2024-07-25,14.0100,14.1700,13.6500,13.7500,8785400,13.7500
2024-07-26,13.6800,13.7900,13.4900,13.5100,8509700,13.5100
2024-07-29,13.5100,13.6800,13.2300,13.5900,9352000,13.5900
2024-07-30,13.2600,14.1200,13.2200,14.0100,5705100,14.0100
2024-07-31,13.6300,13.8000,13.3900,13.5400,7292100,13.5400
2024-08-01,13.9700,14.0600,13.0100,13.0900,10103500,13.0900
2024-08-02,13.3100,13.3800,12.7100,13.0500,6405000,13.0500
2024-08-05,12.8600,13.0600,12.5800,12.9400,7359000,12.9400
2024-08-06,13.2900,13.4500,12.9700,13.3200,5636100,13.3200
2024-08-07,13.7800,14.0200,13.6300,13.8600,4903300,13.8600
2024-08-08,13.5700,14.4200,13.4300,14.1800,7151100,14.1800
2024-08-09,14.2200,14.3500,13.9400,14.2800,3717800,14.2800
2024-08-12,14.6100,14.7400,14.2700,14.4000,5573200,14.4000
2024-08-13,14.7500,14.8300,14.1500,14.3300,4346000,14.3300
2024-08-14,14.7300,15.0700,14.5700,14.7400,6560900,14.7400
2024-08-15,14.8000,15.2200,14.5300,14.5700,5999100,14.5700
2024-08-16,14.3300,14.4200,14.0100,14.0700,4797400,14.0700
2024-08-19,14.4800,14.8500,14.4800,14.6900,4987700,14.6900
2024-08-20,14.5500,14.6800,14.4300,14.6500,3978900,14.6500
2024-08-21,14.5900,14.7000,14.2500,14.5600,4044000,14.5600
2024-08-22,14.1300,14.2000,13.5800,13.8100,9987300,13.8100
2024-08-23,13.5400,13.7400,13.5300,13.7200,4328600,13.7200
2024-08-26,13.5400,13.7100,13.2600,13.3300,7942500,13.3300
2024-08-27,13.1300,13.1700,12.8400,13.0800,7738500,13.0800
2024-08-28,12.8700,13.4100,12.7600,13.2000,9308800,13.2000
2024-08-29,12.7500,13.4700,12.7100,13.4300,8137700,13.4300
2024-08-30,13.3300,13.5200,13.1400,13.3700,7076500,13.3700
2024-09-03,13.2100,13.9600,13.0300,13.8900,7417900,13.8900
2024-09-04,14.0200,14.0700,13.3900,13.4600,4529400,13.4600
2024-09-05,13.8100,14.3400,13.8000,14.1800,8653500,14.1800
2024-09-06,14.2100,14.3700,14.0200,14.3200,4634100,14.3200
2024-09-09,13.8900,13.9100,13.4500,13.4800,6567900,13.4800
2024-09-10,14.0300,14.1600,13.7900,14.0700,5551900,14.0700
2024-09-11,14.2800,14.6000,14.1600,14.2500,5735100,14.2500
2024-09-12,14.0900,15.0300,14.0400,14.8300,5352500,14.8300
2024-09-13,14.9300,15.0000,14.4400,14.4900,4517500,14.4900
2024-09-16,14.3600,14.9900,14.3300,14.8600,4081800,14.8600
2024-09-17,15.0900,15.1700,14.6200,14.6400,3925000,14.6400
2024-09-18,14.8100,14.8200,14.3800,14.4400,3834700,14.4400
2024-09-19,14.2100,14.6200,14.0800,14.6100,5843300,14.6100
2024-09-20,14.5700,15.4000,14.5100,15.3400,6978600,15.3400
2024-09-23,15.5700,16.1000,15.5300,16.0900,8030500,16.0900
2024-09-24,15.8800,16.0800,15.6100,15.8100,5523800,15.8100
2024-09-25,16.0200,16.0900,15.7100,15.8500,5305700,15.8500
2024-09-26,16.0100,16.0400,15.3500,15.4700,7273400,15.4700
2024-09-27,15.8900,16.4500,15.8400,16.3700,9982000,16.3700
2024-09-30,16.2400,16.5700,16.2100,16.3300,4395600,16.3300
2024-10-01,16.2500,16.5300,16.0500,16.3700,6976800,16.3700
2024-10-02,16.6300,16.7600,16.1400,16.4100,6496300,16.4100
2024-10-03,16.6400,16.8000,16.4800,16.6800,5628900,16.6800
2024-10-04,16.3300,16.4300,15.9300,15.9400,6119800,15.9400
2024-10-07,15.6600,15.6700,15.2200,15.3800,5846800,15.3800
2024-10-08,15.4300,15.6000,15.2300,15.2500,4643200,15.2500
2024-10-09,15.1800,15.3200,14.8200,14.8600,5305500,14.8600
2024-10-10,14.7400,15.1900,14.6300,15.1300,5696500,15.1300
2024-10-11,14.9700,15.0300,14.7200,14.8000,3820200,14.8000
2024-10-14,14.3500,14.4100,13.9800,13.9900,5819800,13.9900
2024-10-15,14.2200,14.3600,13.9900,14.0100,4195200,14.0100
2024-10-16,13.7700,13.7900,13.3500,13.4400,8522300,13.4400
2024-10-17,13.5500,13.6500,13.2700,13.3100,5290700,13.3100
2024-10-18,13.1000,13.1300,12.9500,13.0300,6993900,13.0300
2024-10-21,13.1200,13.2800,13.0900,13.2500,6271600,13.2500
2024-10-22,13.2800,13.6800,13.2600,13.5000,8757000,13.5000
2024-10-23,13.5100,13.9700,13.4000,13.8200,7599900,13.8200
2024-10-24,13.8900,14.3500,13.6100,14.3200,8660800,14.3200
2024-10-25,14.1000,14.5400,14.0200,14.4500,6217900,14.4500
2024-10-28,13.4300,13.5500,13.1400,13.3400,11750300,13.3400
2024-10-29,13.4400,13.5500,13.2400,13.4100,6109200,13.4100
2024-10-30,13.1100,13.4400,13.0500,13.2300,7399700,13.2300
2024-10-31,12.9700,13.0700,12.6100,12.7100,12949400,12.7100
2024-11-01,12.7200,12.7800,12.3500,12.4800,7922000,12.4800
2024-11-04,12.5800,13.1100,12.5300,13.0600,10459400,13.0600
2024-11-05,13.1000,13.1300,12.4400,12.5300,8676400,12.5300
2024-11-06,12.7900,13.1200,12.6800,12.8700,7324700,12.8700
2024-11-07,12.6200,12.7600,12.4800,12.6600,7981000,12.6600
2024-11-08,12.7500,12.8900,12.4100,12.5300,6011500,12.5300
2024-11-11,13.6800,13.8800,13.5600,13.8000,13101900,13.8000
2024-11-12,13.6600,14.1400,13.4300,13.6600,9680400,13.6600
2024-11-13,13.4900,14.1400,13.4300,14.1100,9264000,14.1100
2024-11-14,13.7900,13.9000,13.1200,13.1500,8651400,13.1500
2024-11-15,13.1000,13.4200,13.0700,13.3700,7318200,13.3700
2024-11-18,13.4800,13.8200,13.4800,13.7500,8377100,13.7500
2024-11-19,13.7900,14.1800,13.7100,13.8700,8884400,13.8700
2024-11-20,14.3500,14.8200,14.2400,14.7500,13846300,14.7500
2024-11-21,15.3900,15.5200,14.8100,15.1500,11904800,15.1500
2024-11-22,14.2900,14.4200,14.0700,14.3100,14879000,14.3100
2024-11-25,14.9800,15.4400,14.7200,14.7900,11781600,14.7900
2024-11-26,15.0100,15.2700,14.6700,15.0800,10170100,15.0800
2024-11-27,14.0500,14.1800,13.8100,13.8100,9147000,13.8100
2024-11-29,14.3500,14.6500,14.2400,14.4300,4681700,14.4300
2024-12-02,13.9700,14.2000,13.7700,13.8800,9656700,13.8800
2024-12-03,13.6000,13.6000,13.1300,13.2100,9444000,13.2100
2024-12-04,13.1500,13.3500,12.9000,13.2600,8384500,13.2600
2024-12-05,13.4200,13.6600,13.2000,13.3200,6637600,13.3200
2024-12-06,13.2200,13.4400,13.1500,13.3700,4222400,13.3700
2024-12-09,13.7600,13.9600,13.5900,13.7700,6923600,13.7700
2024-12-10,13.3800,13.8300,13.3100,13.8100,6877200,13.8100
2024-12-11,14.2800,14.7400,14.2800,14.5600,10133100,14.5600
2024-12-12,14.7100,15.4200,14.4900,15.0400,13176100,15.0400
2024-12-13,14.5700,14.6000,14.1600,14.2300,7033000,14.2300
2024-12-16,13.8400,14.0700,13.8000,13.9500,5668400,13.9500
2024-12-17,13.6200,14.4800,13.4100,14.4600,7641100,14.4600
2024-12-18,14.4900,14.7000,14.3000,14.5400,6517300,14.5400
2024-12-19,14.8500,15.4400,14.7900,15.4000,9531300,15.4000
2024-12-20,15.3100,16.0200,15.1300,15.8700,11632600,15.8700
2024-12-23,15.6700,15.7300,15.2400,15.6300,7477600,15.6300
2024-12-24,16.0000,16.2100,15.9600,16.1400,4116700,16.1400
2024-12-26,15.3400,15.4200,15.0900,15.3700,10900000,15.3700
2024-12-27,15.7400,15.8900,15.2900,15.7600,11302800,15.7600
2024-12-30,18.6300,19.4800,17.6900,18.0300,30104400,18.0300
2024-12-31,17.1500,17.5000,16.6000,16.8100,15119400,16.8100
2025-01-02,17.2300,17.6200,16.8600,17.0100,14092900,17.0100
2025-01-03,16.1800,16.2500,15.4600,15.5900,16484500,15.5900
2025-01-06,17.0100,17.2600,16.5000,17.1600,16600100,17.1600
2025-01-07,16.6200,16.7200,15.9200,15.9900,16343200,15.9900
2025-01-08,16.6000,17.1400,16.4800,17.1100,13468200,17.1100
2025-01-10,18.2600,18.6400,18.0000,18.4200,14921800,18.4200
2025-01-13,18.4700,18.7500,17.8600,18.2200,14321700,18.2200
2025-01-14,17.7300,18.8300,17.7200,18.4700,12135900,18.4700
2025-01-15,18.7300,19.1800,18.4200,19.1200,13993100,19.1200
2025-01-16,19.0900,20.0300,18.6800,19.9400,16418300,19.9400
2025-01-17,18.5000,18.9200,18.2800,18.3400,9260500,18.3400
2025-01-21,17.9900,18.0900,17.5800,17.7300,9103500,17.7300
2025-01-22,17.8600,18.6000,17.7900,18.5400,7320700,18.5400
2025-01-23,18.7300,18.9000,17.9800,18.2500,10105600,18.2500
2025-01-24,17.8500,18.3100,17.6400,18.1200,6331600,18.1200
2025-01-27,17.2200,17.2600,16.7700,17.1500,7871600,17.1500
2025-01-28,16.5900,16.8500,16.2800,16.2900,7570400,16.2900
2025-01-29,16.7100,16.8600,16.3500,16.7600,5628500,16.7600
2025-01-30,16.4900,16.7000,16.0200,16.1400,7689100,16.1400
2025-01-31,15.9700,16.2500,15.8600,16.1900,5323600,16.1900
2025-02-03,17.4400,17.9800,17.3800,17.6400,9247600,17.6400
2025-02-04,16.7300,17.5100,16.7300,17.0700,5692400,17.0700
2025-02-05,16.9400,17.8200,16.9300,17.8000,5663600,17.8000
2025-02-06,17.4900,18.1200,17.4400,17.8900,7056300,17.8900
2025-02-07,17.7700,17.9500,17.4100,17.4800,5877500,17.4800
2025-02-10,17.8200,18.4100,17.7100,18.2100,7146500,18.2100
2025-02-11,18.6800,18.8900,18.5000,18.5800,6507800,18.5800
2025-02-12,18.7600,18.9200,18.4300,18.7900,4685600,18.7900
2025-02-13,19.5400,19.9400,19.0000,19.1500,8334700,19.1500
2025-02-14,19.6100,20.0000,19.5700,19.6500,4215300,19.6500
2025-02-18,19.6200,21.0900,19.4900,20.9500,8789900,20.9500
2025-02-19,21.7300,22.7300,21.7100,22.6100,25414200,22.6100
2025-02-20,21.7200,21.8100,21.2000,21.7300,8367300,21.7300
2025-02-21,22.3900,22.8400,21.8400,22.0900,12326600,22.0900
2025-02-24,21.0400,21.3000,20.8400,21.2400,5871300,21.2400
2025-02-25,21.3200,21.9400,21.1400,21.7500,5375400,21.7500
2025-02-26,21.3900,21.4000,20.9200,21.1500,5491700,21.1500
2025-02-27,21.2400,21.5600,20.8300,20.8600,6753600,20.8600
2025-02-28,20.6200,20.7700,20.3100,20.3400,6454800,20.3400
2025-03-03,20.6900,22.1300,20.6000,21.9500,10418300,21.9500
2025-03-04,23.2400,24.1500,22.8400,23.1100,12699200,23.1100
2025-03-05,22.7100,23.7600,22.6700,23.6200,8157700,23.6200
2025-03-06,23.2400,23.2400,22.5800,22.7700,10394500,22.7700
2025-03-07,22.2000,23.4800,22.1300,23.1900,12469700,23.1900
2025-03-10,23.8700,24.3300,23.6200,23.8300,8932200,23.8300
2025-03-11,24.0800,24.0900,23.2100,23.2800,7130400,23.2800
2025-03-12,22.3100,22.4300,21.6200,21.6500,5596800,21.6500
2025-03-13,21.1000,22.2600,21.0400,21.4300,6906000,21.4300
2025-03-14,21.1500,21.9600,21.0400,21.7900,3893500,21.7900
2025-03-17,21.4200,21.7500,21.1300,21.2200,4523300,21.2200
2025-03-18,21.6500,21.8600,21.3900,21.4100,4571000,21.4100
2025-03-19,22.0400,22.5800,21.8300,22.3500,5751900,22.3500
2025-03-20,21.9000,22.0200,21.0600,21.1700,6852300,21.1700
2025-03-21,21.2000,21.3600,20.8100,20.8400,5283700,20.8400
2025-03-24,21.0700,21.1800,20.6100,20.6600,5504900,20.6600
2025-03-25,20.8000,20.8000,20.0100,20.3300,5849800,20.3300
2025-03-26,20.4100,20.6700,20.1200,20.1400,5044000,20.1400
2025-03-27,20.1800,20.6800,19.9100,20.4100,6161900,20.4100
2025-03-28,20.4900,21.3500,20.1400,21.3300,6055100,21.3300
2025-03-31,22.1200,22.1200,21.2100,21.6100,6853300,21.6100
2025-04-01,21.1200,21.2300,20.5700,20.7000,5514300,20.7000
2025-04-02,21.0700,21.3700,20.9400,21.0500,3661000,21.0500
2025-04-03,21.8100,21.9800,21.3800,21.5700,4852000,21.5700
2025-04-04,20.1700,20.7000,19.9300,20.0400,6319300,20.0400
2025-04-07,20.0900,20.5500,18.8400,19.0700,8673300,19.0700
2025-04-08,19.5900,19.7800,18.1100,18.2800,7163200,18.2800
2025-04-09,18.2200,20.0200,17.6500,19.6200,13737400,19.6200
2025-04-10,19.1400,19.3600,18.1500,18.4700,9175400,18.4700
2025-04-11,18.0000,18.7000,17.9800,18.6300,8203300,18.6300
2025-04-14,18.7900,18.8300,17.3400,17.5100,5991400,17.5100
2025-04-15,17.1500,17.5400,16.9800,17.3600,4816400,17.3600
2025-04-16,17.0100,17.3200,16.8200,17.0300,4598500,17.0300
2025-04-17,17.0100,17.5000,16.9900,17.0300,5057900,17.0300
2025-04-21,16.6000,16.6500,15.7900,16.0200,6147600,16.0200
2025-04-22,16.0000,16.0100,15.4900,15.7800,8225500,15.7800
2025-04-23,15.8200,16.0900,15.6300,15.7300,8165700,15.7300
2025-04-24,15.3400,15.5400,15.0400,15.5000,6700700,15.5000
2025-04-25,15.3000,15.8700,15.2800,15.7000,5924200,15.7000
2025-04-28,15.9200,16.8400,15.8800,16.6200,10958400,16.6200
2025-04-29,16.8600,17.0600,16.5900,16.8800,7810900,16.8800
2025-04-30,16.5800,16.8700,16.3300,16.7400,8942000,16.7400
2025-05-01,16.9800,17.7100,16.7400,17.3200,12380800,17.3200
2025-05-02,17.8300,18.3900,17.6600,18.3200,6073600,18.3200
2025-05-05,18.2500,18.4500,17.6800,17.9800,6812600,17.9800
2025-05-06,17.9900,18.2700,17.1500,17.3700,10142700,17.3700
2025-05-07,18.0800,18.3000,17.8600,18.1700,5301000,18.1700
2025-05-08,18.1900,18.3900,17.6800,18.0700,6664100,18.0700
2025-05-09,18.7100,19.1100,18.7100,18.9800,5945900,18.9800
2025-05-12,18.3800,18.4500,18.0800,18.3500,4895200,18.3500
2025-05-13,18.5200,18.5400,17.8900,18.1900,5938700,18.1900
2025-05-14,17.6400,17.8400,17.3700,17.4000,5132700,17.4000
2025-05-15,17.3900,17.5100,16.7800,16.8000,6212200,16.8000
2025-05-16,17.0400,17.2700,16.6400,16.7100,4364100,16.7100
2025-05-19,16.0200,16.0900,15.6200,15.6500,8609600,15.6500
2025-05-20,16.3200,17.2200,16.3000,16.9900,7823000,16.9900
2025-05-21,17.0400,17.1900,16.8200,16.9200,6372500,16.9200
2025-05-22,16.6300,16.8200,16.3900,16.6500,5650100,16.6500
2025-05-23,16.7000,16.9500,16.6300,16.8300,6403900,16.8300
2025-05-27,16.6600,17.1500,16.6200,17.0700,6089700,17.0700
2025-05-28,16.8300,16.8300,16.1300,16.1500,8838600,16.1500
2025-05-29,16.1400,16.1800,15.6100,15.9900,8699000,15.9900
2025-05-30,16.0400,16.0500,15.6300,15.7100,6572800,15.7100
2025-06-02,16.8700,16.9000,16.6700,16.8700,7573800,16.8700
2025-06-03,16.5600,17.1100,16.5600,16.9600,6070900,16.9600
2025-06-04,16.6900,16.9900,16.6800,16.9100,3854900,16.9100
2025-06-05,16.9900,17.0700,16.4600,16.7000,6843200,16.7000
2025-06-06,16.8400,17.3400,16.7200,17.1800,5596600,17.1800
2025-06-09,16.4400,16.7700,16.2700,16.5600,7169100,16.5600
2025-06-10,16.4100,16.4100,15.9800,16.0600,5250300,16.0600
2025-06-11,16.3400,16.4200,15.7000,15.9500,7700500,15.9500
2025-06-12,16.4200,16.4500,15.7600,16.0700,6750300,16.0700
2025-06-13,16.0400,16.4000,16.0300,16.3600,5568700,16.3600
2025-06-16,16.8000,17.0600,16.5100,16.9800,5656000,16.9800
2025-06-17,17.3700,17.6000,17.2000,17.5800,5443000,17.5800
2025-06-18,17.9600,18.1200,17.8300,18.0800,6006700,18.0800
2025-06-20,18.0700,18.0700,17.3500,17.6600,6748700,17.6600
2025-06-23,17.0500,17.1600,16.7700,16.8400,7132700,16.8400
2025-06-24,16.4600,16.6200,16.1600,16.2500,5854100,16.2500
2025-06-25,16.0600,16.1800,15.7400,15.8500,7409400,15.8500
2025-06-26,15.6500,15.6800,15.0800,15.6600,10473200,15.6600
2025-06-27,16.0600,16.6000,16.0100,16.5400,6858600,16.5400
2025-06-30,15.6100,15.7400,15.1700,15.2800,10495700,15.2800
2025-07-01,14.9500,15.2200,14.6000,15.1100,7679900,15.1100
2025-07-02,15.3400,15.5900,15.3100,15.4200,4987000,15.4200
2025-07-03,15.5900,15.8300,15.1000,15.2500,5903200,15.2500
2025-07-07,14.9400,15.3900,14.8600,15.1100,5914200,15.1100
2025-07-08,14.8600,15.0400,14.7500,14.8300,5132000,14.8300
2025-07-09,14.2700,14.2900,13.9700,14.2000,10515100,14.2000
2025-07-10,14.5800,14.9000,14.4700,14.7500,6976600,14.7500
2025-07-11,14.9900,15.1500,14.6000,14.9200,4630900,14.9200
2025-07-14,15.2600,15.5100,15.1800,15.2900,4755800,15.2900
2025-07-15,15.3500,15.7100,15.1500,15.5400,5882200,15.5400
2025-07-16,15.8300,15.9500,15.4900,15.8000,4815500,15.8000
2025-07-17,15.9600,16.0000,15.6200,15.7000,9792500,15.7000
2025-07-18,15.9400,16.0100,15.5000,15.8500,5907600,15.8500
2025-07-21,15.0000,15.0500,14.5900,14.6800,9926200,14.6800
2025-07-22,14.3900,14.5300,14.3200,14.4700,14426000,14.4700
2025-07-23,13.9900,14.0200,13.6700,13.7100,16970800,13.7100
2025-07-24,14.0000,14.1000,13.7000,13.8600,19512100,13.8600
2025-07-25,13.8900,14.0700,13.7900,13.8300,11393900,13.8300
2025-07-28,13.8700,13.9200,13.4600,13.6700,13369500,13.6700
2025-07-29,13.8300,14.0200,13.7000,13.9100,6434300,13.9100
2025-07-30,13.3500,13.4800,13.2600,13.3500,9391300,13.3500
2025-07-31,13.1900,13.6900,13.0800,13.5900,9965300,13.5900
2025-08-01,13.5800,13.7300,13.4200,13.6200,4111500,13.6200
2025-08-04,13.2400,13.3100,12.7500,12.9600,11741000,12.9600
2025-08-05,13.0800,13.3800,13.0500,13.1900,6377600,13.1900
2025-08-06,13.4200,13.6000,13.3000,13.5400,5812400,13.5400
2025-08-07,13.4800,13.8500,13.3500,13.5300,6555300,13.5300
2025-08-08,13.3800,13.4500,13.0300,13.2000,5272600,13.2000
2025-08-11,13.1500,13.1700,12.8800,13.0700,5634600,13.0700
2025-08-12,12.6400,12.6800,12.2200,12.2800,15996000,12.2800
2025-08-13,12.4500,12.5500,12.2900,12.4000,10040600,12.4000
2025-08-14,12.3600,12.5300,12.2400,12.5100,9931100,12.5100
2025-08-15,12.8500,13.0300,12.7800,12.8300,6292600,12.8300
2025-08-18,12.5900,12.8500,12.5500,12.7200,6028500,12.7200
2025-08-19,12.2800,12.2800,12.0200,12.1600,12848700,12.1600
2025-08-20,12.1500,12.1700,12.0000,12.1300,7808300,12.1300
2025-08-21,12.2400,12.4500,12.1900,12.4000,7945600,12.4000
2025-08-22,12.1800,12.2000,11.8400,11.9100,11972100,11.9100
2025-08-25,11.7500,12.0100,11.7300,11.9500,9579400,11.9500
2025-08-26,11.9000,11.9800,11.7200,11.9700,8306100,11.9700
2025-08-27,12.2900,12.3800,12.0900,12.1900,8508900,12.1900
2025-08-28,12.2500,12.7400,12.1400,12.5700,11814000,12.5700
2025-08-29,12.6500,12.8500,12.4300,12.8300,10891300,12.8300
2025-09-02,12.4500,12.8200,12.3000,12.7800,12009900,12.7800
2025-09-03,13.1400,13.2100,12.9200,13.0600,9138500,13.0600
2025-09-04,13.1600,13.3100,12.8600,13.1000,8296000,13.1000
2025-09-05,13.2200,13.2500,12.8900,12.9400,8096400,12.9400
2025-09-08,13.4100,13.4600,13.0900,13.1600,8776000,13.1600
2025-09-09,13.2800,13.3500,12.9600,13.2600,8336300,13.2600
2025-09-10,12.9400,13.0600,12.8300,12.8800,5923300,12.8800
2025-09-11,12.7900,12.9300,12.3900,12.4200,8531900,12.4200
2025-09-12,12.7200,12.7700,12.4900,12.5100,5782200,12.5100
2025-09-15,12.6200,12.9500,12.6000,12.9100,7179400,12.9100
2025-09-16,13.0200,13.2800,12.9600,13.2200,7302500,13.2200
2025-09-17,13.3500,13.4300,13.0800,13.1000,6572900,13.1000
2025-09-18,13.0000,13.0300,12.6500,12.6700,9211000,12.6700
2025-09-19,12.5100,12.6700,12.4800,12.5700,7616800,12.5700
2025-09-22,12.4900,12.5100,12.1400,12.1500,8917200,12.1500
2025-09-23,12.0800,12.3700,12.0600,12.3600,5679500,12.3600
2025-09-24,12.2500,12.5100,12.2400,12.3600,6307100,12.3600
2025-09-25,12.7000,12.8000,12.4100,12.5900,13007000,12.5900
2025-09-26,12.3900,12.6200,12.2600,12.4700,8745700,12.4700
2025-09-29,12.5000,12.9500,12.4900,12.8200,10866800,12.8200
2025-09-30,13.0200,13.1100,12.9000,13.0700,8161700,13.0700
2025-10-01,13.1600,13.7100,13.0400,13.6200,12776300,13.6200
2025-10-02,13.6700,14.0700,13.4100,13.4500,12824100,13.4500
2025-10-03,13.3700,13.4300,13.0000,13.0500,12367000,13.0500
2025-10-06,13.3600,13.4400,13.1300,13.3000,11112100,13.3000
2025-10-07,13.5200,13.8400,13.4700,13.7800,13272100,13.7800
2025-10-08,13.5300,13.5300,13.0400,13.1000,12162800,13.1000
2025-10-09,13.2300,13.2400,12.7300,12.7400,12023300,12.7400
2025-10-10,12.4600,12.5700,12.1500,12.3300,14857800,12.3300
2025-10-13,12.0200,12.3000,11.9300,12.1800,15572900,12.1800
2025-10-14,11.9700,12.1100,11.8100,11.9500,12624900,11.9500
2025-10-15,11.9100,11.9600,11.6900,11.8800,13214000,11.8800
2025-10-16,11.8200,12.0500,11.5500,11.5800,17492300,11.5800
2025-10-17,11.6200,11.9600,11.5900,11.8700,12810000,11.8700
2025-10-20,12.5700,13.0400,12.5500,12.9300,20825600,12.9300
2025-10-21,12.9100,13.2000,12.8400,13.1500,22141600,13.1500
2025-10-22,13.1900,13.2300,12.9400,13.0600,13743000,13.0600
2025-10-23,12.9900,13.2200,12.8900,12.9300,13259000,12.9300
2025-10-24,12.9400,13.0800,12.6100,12.9700,11876000,12.9700
2025-10-27,12.8500,13.0800,12.7900,12.8900,11835000,12.8900
2025-10-28,12.4500,12.5200,12.3400,12.3400,12228200,12.3400
2025-10-29,12.2000,12.4500,12.1800,12.2100,11310400,12.2100
2025-10-30,12.5100,12.8400,12.4000,12.8200,14142500,12.8200
2025-10-31,13.1800,13.3500,12.9400,13.2500,16695300,13.2500
2025-11-03,13.3600,13.8300,13.2500,13.7600,15043600,13.7600
2025-11-04,13.6600,14.1700,13.5600,13.9300,16230700,13.9300
2025-11-05,13.8200,14.0300,13.5700,13.6300,12499400,13.6300
2025-11-06,13.8400,14.2500,13.5200,14.1700,19299500,14.1700
2025-11-07,13.9800,14.1700,13.8000,13.9500,13785700,13.9500
2025-11-10,13.8800,14.1300,13.7500,14.1000,11114700,14.1000
2025-11-11,14.1800,14.7700,14.1800,14.5600,14448900,14.5600
2025-11-12,14.6200,14.7700,14.4200,14.6500,10600500,14.6500
2025-11-13,14.7100,15.0900,14.6100,14.8100,13225600,14.8100
2025-11-14,14.4900,14.7800,14.1000,14.5600,12716500,14.5600
2025-11-17,14.5000,14.6500,14.0700,14.1200,10568100,14.1200
2025-11-18,14.0300,14.2700,13.7900,14.2200,11539700,14.2200
2025-11-19,14.6500,14.8500,14.5600,14.7000,8212000,14.7000
2025-11-20,14.4700,14.8300,14.3700,14.4200,9230300,14.4200
2025-11-21,14.5000,14.8400,14.4700,14.6500,11438100,14.6500
2025-11-24,14.3100,14.5000,14.2500,14.4100,7753700,14.4100
2025-11-25,13.6500,13.9900,13.5900,13.8300,10551100,13.8300
2025-11-26,14.1700,14.3700,14.0600,14.2500,10074700,14.2500
2025-11-28,14.6200,14.8700,14.5700,14.7300,6018500,14.7300
2025-12-01,15.0200,15.3100,14.8000,15.2100,12186500,15.2100
2025-12-02,15.2400,15.3200,14.8700,14.9600,10157400,14.9600
2025-12-03,15.3300,15.5800,15.3000,15.4700,11076800,15.4700
2025-12-04,15.2900,15.7400,15.0800,15.6600,12809700,15.6600
2025-12-05,16.3700,17.0000,16.3000,16.3700,24469400,16.3700
2025-12-08,15.4900,15.6000,15.0500,15.0700,18518300,15.0700
2025-12-09,14.6000,14.8600,14.0800,14.1000,18381500,14.1000
2025-12-10,14.3000,14.5300,14.0600,14.2600,15030700,14.2600
2025-12-11,13.5000,13.5900,12.9900,13.0800,26227900,13.0800
2025-12-12,12.7200,12.9200,12.5800,12.7300,18834700,12.7300
2025-12-15,12.5700,12.6500,12.3700,12.4600,16102700,12.4600
2025-12-16,12.0300,12.2500,11.9200,12.1000,18039800,12.1000
2025-12-17,12.4100,12.6900,12.3200,12.6400,12317500,12.6400
2025-12-18,12.6900,12.7800,11.9700,12.0300,15884200,12.0300
2025-12-19,12.0800,12.2300,11.9700,12.1900,12523800,12.1900
2025-12-22,11.7500,11.8900,11.4800,11.8500,24677600,11.8500
2025-12-23,12.1500,12.9300,12.0300,12.9000,24265300,12.9000
2025-12-24,12.4800,12.6500,12.3300,12.3900,10352500,12.3900
2025-12-26,12.8500,13.0100,12.6800,12.8100,18068000,12.8100
2025-12-29,12.9900,13.3300,12.8800,13.0500,20827700,13.0500
2025-12-30,13.6700,13.6800,13.0100,13.1200,28028600,13.1200
2025-12-31,12.5900,12.6400,12.1800,12.2600,19900800,12.2600
2026-01-02,11.8800,12.2600,11.8000,12.0600,16673900,12.0600
2026-01-05,11.2400,11.6800,11.2000,11.6300,27807100,11.6300
2026-01-06,11.2500,11.3200,11.0100,11.2800,27092900,11.2800
2026-01-07,11.5400,11.8800,11.4600,11.7800,15261900,11.7800
2026-01-08,11.4800,11.4800,11.1100,11.2700,25829900,11.2700
2026-01-09,11.0500,11.1200,10.3800,10.4000,41104700,10.4000
2026-01-12,10.6800,11.3500,10.6000,11.1800,27909800,11.1800
2026-01-13,11.1400,11.4200,10.9700,11.3200,16766700,11.3200
2026-01-14,10.5700,10.5700,10.1700,10.2400,36804800,10.2400
2026-01-15,10.2000,10.4000,9.9500,10.3000,23765300,10.3000
2026-01-16,10.2300,10.3700,10.0700,10.3300,14915800,10.3300
2026-01-20,12.3200,12.5400,11.9700,12.3700,50395600,12.3700
2026-01-21,13.6200,13.7400,13.0300,13.6400,54623300,13.6400
2026-01-22,14.2200,14.3700,13.3800,13.4300,51397600,13.4300
2026-01-23,14.1600,14.1700,13.7000,13.9700,26751600,13.9700
2026-01-26,14.2600,15.1900,14.1500,14.8300,46425300,14.8300
2026-01-27,14.4200,15.1700,14.1900,14.7000,31400300,14.7000
2026-01-28,14.4600,15.1100,14.3000,14.5300,32750400,14.5300
2026-01-29,14.7600,15.2200,14.4700,15.0600,28675400,15.0600
2026-01-30,15.8400,17.0300,15.6700,16.9000,35010600,16.9000
2026-02-02,13.7600,13.9000,12.2600,12.7000,43704000,12.7000
2026-02-03,12.7000,13.1600,12.6600,12.9800,13787300,12.9800
2026-02-04,13.5900,13.6100,13.1300,13.4600,13198600,13.4600
2026-02-05,13.5400,13.6800,12.9200,13.5200,17260000,13.5200
2026-02-06,13.6900,13.9700,13.2100,13.2700,13699600,13.2700
2026-02-09,12.2000,12.5000,12.1100,12.1700,11649900,12.1700
2026-02-10,12.3000,12.4700,12.0600,12.1300,9268000,12.1300
2026-02-11,12.0600,12.4200,12.0200,12.3200,10364100,12.3200
2026-02-12,12.7400,12.8200,12.3400,12.4300,12603000,12.4300
2026-02-13,12.2300,12.6100,12.2300,12.4400,8884700,12.4400
2026-02-17,11.9000,12.0400,11.7900,11.9000,9544900,11.9000
2026-02-18,11.7800,11.9000,11.5400,11.8700,9852700,11.8700
2026-02-19,12.0400,12.0800,11.7800,11.8000,9977200,11.8000
2026-02-20,11.8800,12.3700,11.8100,12.0100,10274000,12.0100
2026-02-23,12.0900,12.1500,11.7300,11.7400,9403200,11.7400
2026-02-24,11.6000,11.7000,11.3800,11.4600,7831800,11.4600
2026-02-25,11.6400,11.7900,11.5200,11.6000,7762100,11.6000
2026-02-26,11.3000,11.4200,11.1700,11.3800,10337400,11.3800
2026-02-27,11.5100,11.6000,11.3700,11.5200,7457000,11.5200
2026-03-02,11.9300,12.0400,11.7200,12.0000,17168300,12.0000
2026-03-03,12.7800,12.8300,12.0400,12.2800,20735500,12.2800
2026-03-04,11.8500,11.9500,11.6400,11.7800,12522600,11.7800
2026-03-05,11.9000,12.2600,11.7600,12.0500,12980600,12.0500
2026-03-06,12.5300,13.1900,12.4000,12.7500,26319100,12.7500
2026-03-09,13.0900,13.2600,12.2500,12.3100,29248900,12.3100
2026-03-10,12.1900,12.3800,11.9200,12.2700,14643100,12.2700
2026-03-11,12.5500,12.9400,12.3800,12.8800,10224600,12.8800
2026-03-12,13.0400,13.1300,12.6700,13.0400,14057900,13.0400
2026-03-13,12.7700,12.8200,12.5100,12.6400,11989600,12.6400
2026-03-16,12.5100,12.6100,12.0500,12.2100,10991300,12.2100
2026-03-17,12.3900,12.4100,12.1100,12.2000,6352000,12.2000
2026-03-18,12.1900,12.7900,12.0900,12.6700,14101500,12.6700
2026-03-19,13.0000,13.0900,12.4000,12.5600,21405800,12.5600
2026-03-20,12.2500,12.5000,12.2100,12.3900,10287300,12.3900
2026-03-23,11.9400,12.0100,11.5900,11.7300,14397200,11.7300
2026-03-24,11.8400,11.9000,11.6600,11.7300,6737300,11.7300
2026-03-25,11.6300,11.9300,11.5800,11.8600,5642800,11.8600
2026-03-26,11.8900,12.1000,11.7900,11.8400,8439200,11.8400
2026-03-27,12.2900,12.3900,12.0400,12.2800,8514400,12.2800
2026-03-30,11.6900,11.7700,11.5700,11.6800,9031100,11.6800
2026-03-31,12.0400,12.0500,11.6500,11.7300,8115000,11.7300
2026-04-01,11.5500,11.5700,11.3100,11.4200,7065600,11.4200
2026-04-02,11.3900,11.4300,11.2800,11.3500,7923600,11.3500
2026-04-06,11.5900,11.6000,11.3600,11.3700,4703400,11.3700
2026-04-07,11.6100,11.7200,11.5300,11.5500,8146100,11.5500
2026-04-08,11.1000,11.2400,10.9700,11.0800,10611700,11.0800
2026-04-09,11.0600,11.0700,10.7700,10.8800,11520300,10.8800
2026-04-10,10.8100,10.9000,10.7000,10.7700,6948100,10.7700
2026-04-13,10.9700,11.0000,10.6200,10.6800,7345100,10.6800
2026-04-14,10.7300,10.7500,10.4000,10.5600,8284300,10.5600
2026-04-15,10.5300,10.6500,10.4900,10.5800,4993500,10.5800
2026-04-16,10.6100,10.7900,10.6000,10.7800,4530200,10.7800
2026-04-17,10.6500,10.9300,10.6300,10.8400,7532000,10.8400
2026-04-20,10.8700,11.0000,10.7900,10.8500,7186200,10.8500
2026-04-21,10.8400,10.9900,10.7900,10.9500,4804800,10.9500
2026-04-22,11.0700,11.1600,10.9400,10.9500,5400300,10.9500
2026-04-23,10.7200,10.7300,10.4100,10.5200,9074100,10.5200
2026-04-24,10.3400,10.3600,10.1800,10.3100,11511200,10.3100
2026-04-27,10.6900,10.7900,10.4700,10.4900,13640200,10.4900
2026-04-28,10.4000,10.5400,10.2800,10.3300,18279100,10.3300
2026-04-29,10.2000,10.2700,10.1100,10.1500,8683500,10.1500
2026-04-30,10.1600,10.7200,10.1500,10.6000,19091200,10.6000
2026-05-01,10.6900,10.7300,10.5500,10.7100,7259600,10.7100
2026-05-04,10.8600,11.0800,10.8400,10.9500,12744500,10.9500
2026-05-05,10.8900,10.9700,10.6200,10.6400,11185800,10.6400
2026-05-06,10.4600,10.5100,10.3500,10.4500,11427200,10.4500
2026-05-07,10.3600,10.8100,10.2900,10.6800,16306100,10.6800
2026-05-08,10.8700,10.9200,10.5200,10.5700,8642300,10.5700
2026-05-11,10.9500,11.2500,10.9400,11.2200,10225600,11.2200
2026-05-12,10.9900,11.0100,10.7800,10.9100,7577200,10.9100
2026-05-13,11.2000,11.2100,10.9500,10.9800,6926200,10.9800
2026-05-14,10.8200,11.2100,10.7600,11.1600,10858000,11.1600
2026-05-15,11.3000,11.3800,11.1500,11.3300,8907800,11.3300
2026-05-18,11.4500,11.6100,11.3600,11.5400,8580900,11.5400
2026-05-19,11.7200,11.9400,11.6800,11.9000,7342900,11.9000
2026-05-20,11.6900,11.7800,11.3700,11.4900,8999400,11.4900
2026-05-21,11.5300,11.6100,11.3100,11.3300,6415700,11.3300
2026-05-22,11.1300,11.2000,10.9000,10.9400,9301800,10.9400
2026-05-26,11.1300,11.2200,10.8800,10.9100,6268700,10.9100
2026-05-27,11.0900,11.4100,11.0900,11.1800,9207800,11.1800
2026-05-28,11.2900,11.9300,11.2900,11.8900,12138300,11.8900
2026-05-29,12.1500,12.2200,11.8700,11.9300,12742200,11.9300
2026-06-01,11.6100,11.6600,11.4500,11.5400,8716900,11.5400
2026-06-02,11.3400,11.5200,11.3300,11.4700,5926300,11.4700
2026-06-03,11.4400,11.7600,11.4400,11.7100,5708100,11.7100
2026-06-04,11.9900,12.2300,11.9700,12.1200,8947700,12.1200
2026-06-05,11.8800,11.9200,11.6300,11.6700,6443700,11.6700
2026-06-08,11.4000,11.4400,11.2300,11.3700,4186100,11.3700
2026-06-09,11.3400,11.5600,11.3100,11.3900,4161200,11.3900
2026-06-10,11.6500,11.7200,11.5000,11.5400,6187700,11.5400
2026-06-11,11.3400,11.3400,11.1100,11.1600,6887100,11.1600
2026-06-12,11.1800,11.3800,11.1600,11.3500,5348500,11.3500
2026-06-15,11.2100,11.4400,11.2100,11.4300,4717800,11.4300
2026-06-16,11.4600,11.8300,11.4400,11.7600,5390700,11.7600
2026-06-17,11.4400,11.5800,11.3500,11.5700,5383000,11.5700
2026-06-18,11.4100,11.8200,11.4100,11.7400,6806800,11.7400
2026-06-22,11.8700,11.9600,11.7700,11.7700,3662800,11.7700
2026-06-23,11.5800,11.6700,11.4100,11.5000,5614800,11.5000
2026-06-24,11.5200,11.7600,11.4800,11.7300,4699900,11.7300
2026-06-25,11.9400,11.9800,11.5800,11.7500,6264600,11.7500
2026-06-26,12.0100,12.1100,11.7600,11.8700,9248700,11.8700
2026-06-29,11.5200,11.5500,11.3800,11.4300,5436900,11.4300
2026-06-30,11.7200,11.9800,11.6700,11.7200,6091400,11.7200
2026-07-01,11.6500,11.7200,11.5100,11.5200,3684900,11.5200
2026-07-02,11.4700,11.5900,11.3400,11.5800,5114700,11.5800
2026-07-06,11.5200,11.7200,11.4600,11.7100,3871000,11.7100
2026-07-07,11.6500,11.8500,11.6200,11.7600,5501800,11.7600
2026-07-08,11.8400,11.8500,11.5400,11.6000,5952400,11.6000
2026-07-09,11.2900,11.2900,10.7800,10.8300,10983300,10.8300
2026-07-10,10.5700,10.6200,10.3500,10.6000,8356400,10.6000
2026-07-13,10.3100,10.5000,10.2600,10.3700,11573600,10.3700
2026-07-14,10.4100,10.5500,10.3200,10.5200,5657700,10.5200
2026-07-15,10.4000,10.5800,10.3500,10.5500,5971500,10.5500
2026-07-16,10.5900,10.6900,10.1800,10.4200,11982800,10.4200
2026-07-17,10.4800,10.5300,10.3800,10.5100,7122200,10.5100
2026-07-20,10.3800,10.3800,10.2300,10.2900,7163200,10.2900
2026-07-21,10.3300,10.4500,10.2800,10.4000,5293700,10.4000
2026-07-22,10.4600,10.6500,10.4500,10.6000,5825300,10.6000
2026-07-23,10.6300,10.7400,10.5900,10.6100,7649100,10.6100
2026-07-24,10.8100,10.8200,10.4900,10.5500,7240200,10.5500
2026-07-27,10.2200,10.2600,10.1000,10.1100,8718600,10.1100
2026-07-28,10.0300,10.0300,9.7500,9.8000,15037900,9.8000
2026-07-29,9.8200,10.0300,9.8100,9.9300,6439200,9.9300
2026-07-30,9.8900,10.1100,9.8200,10.0100,10505900,10.0100
2026-07-31,9.9900,10.0800,9.8800,10.0600,7111000,10.0600
2026-08-03,10.1100,10.1400,10.0000,10.1100,6815200,10.1100
2026-08-04,9.7800,9.7900,9.6900,9.7700,12619700,9.7700
2026-08-05,9.7600,9.8300,9.7000,9.7400,7819400,9.7400
2026-08-06,9.7300,9.7300,9.5500,9.6300,13407200,9.6300
2026-08-07,9.7800,9.8100,9.6800,9.7400,8059800,9.7400
2026-08-10,10.1700,10.2300,10.1300,10.1400,11466500,10.1400
2026-08-11,10.1800,10.2200,10.0200,10.0700,7628100,10.0700
2026-08-12,10.2500,10.3000,10.1700,10.2000,8935200,10.2000
2026-08-13,10.0100,10.1200,9.8900,9.9700,11804500,9.9700
2026-08-14,10.0200,10.1300,9.9000,9.9200,10851400,9.9200
2026-08-17,9.7700,9.8500,9.7200,9.8300,8701400,9.8300
2026-08-18,9.9100,10.1000,9.8400,10.1000,9057100,10.1000
2026-08-19,10.2900,10.3300,10.0000,10.0100,11197300,10.0100
2026-08-20,10.0000,10.0100,9.8300,10.0100,10541700,10.0100
2026-08-21,10.0700,10.1300,9.9900,9.9900,7249800,9.9900
2026-08-24,10.3000,10.3100,10.1000,10.1500,10193300,10.1500
2026-08-25,9.9200,10.2400,9.8800,10.2300,11637100,10.2300
2026-08-26,10.3200,10.5100,10.3000,10.4100,10839900,10.4100
2026-08-27,10.5500,10.7300,10.4100,10.4300,10397300,10.4300
2026-08-28,10.3900,10.4100,10.2500,10.3300,8629800,10.3300
2026-08-31,10.4200,10.5900,10.3400,10.5400,9753000,10.5400
2026-09-01,10.2700,10.6100,10.2400,10.5800,14734200,10.5800
2026-09-02,10.5700,10.7600,10.5300,10.7500,12227000,10.7500
2026-09-03,10.7200,10.8200,10.3700,10.4900,22245700,10.4900
2026-09-04,10.6500,10.7200,10.5400,10.5600,16359600,10.5600
2026-09-08,10.6000,10.6000,10.3000,10.4600,14247800,10.4600
2026-09-09,10.2700,10.3900,10.0700,10.0900,14183800,10.0900
2026-09-10,10.0100,10.2200,9.8500,10.1900,17270700,10.1900
2026-09-11,10.0900,10.2300,10.0800,10.1700,11804200,10.1700
2026-09-14,10.2800,10.4500,10.2600,10.3300,19520700,10.3300
2026-09-15,10.5600,10.5900,10.4000,10.5400,23461900,10.5400
2026-09-16,10.5600,10.5900,10.3200,10.3600,21101700,10.3600
2026-09-17,10.3000,10.5800,10.2900,10.3300,25508400,10.3300
2026-09-18,10.4100,10.5200,10.3900,10.4100,22826500,10.4100
2026-09-21,10.3000,10.4000,10.2300,10.2600,21351200,10.2600
2026-09-23,10.8700,10.8800,10.7100,10.7200,6174344,10.7200
